race_id,comp,year,event,sex,round,heat,date,sched_start_local,actual_start_local,tz,n_athletes,n_started,n_rt,wind,n_fs,n_dq,n_dns,n_dnf,dq_detail,n_yellow,card_detail,timing,wa_phase,wa_unit_id,wa_unit_rule,waveform_url,officiating_video_url,photofinish_url,results_pdf_url,unit_results_pdf_url,source_url,retrieved_at,pdf_wind,temperature_c,humidity_pct,pdf_notes,wf_attempt,wf_ready_time_s,wf_ok,wf_crosschecked,wf_notes,n_fs_inferred,pdf_fn_marks
OG2020-100m-M-PR-H1,OG,2020,100m,M,PR,1,2021-07-31,11:35,,Asia/Tokyo,9,9,9,-0.2,0,0,0,0,,0,,Omega,Preliminary Round,42214,First 3 in each heat (Q) and the next 1 fastest (q) advance to Round 1,,,,,,https://worldathletics.org/competitions/olympic-games/the-xxxii-olympic-games-athletics-7132391/results/men/100-metres/preliminary-round/result,2026-09-29T06:16:24Z,,,,,,,,,,0,
OG2020-100m-M-PR-H2,OG,2020,100m,M,PR,2,2021-07-31,11:43,,Asia/Tokyo,9,9,8,0.0,0,1,0,0,"Aveni MIGUEL (ANG, lane 6, DQ, RT n/a)",0,,Omega,Preliminary Round,43246,First 3 in each heat (Q) and the next 1 fastest (q) advance to Round 1,,,,,,https://worldathletics.org/competitions/olympic-games/the-xxxii-olympic-games-athletics-7132391/results/men/100-metres/preliminary-round/result,2026-09-29T06:16:24Z,,,,,,,,,,0,
OG2020-100m-M-PR-H3,OG,2020,100m,M,PR,3,2021-07-31,11:51,,Asia/Tokyo,9,9,9,0.9,0,0,0,0,,0,,Omega,Preliminary Round,43247,First 3 in each heat (Q) and the next 1 fastest (q) advance to Round 1,,,,,,https://worldathletics.org/competitions/olympic-games/the-xxxii-olympic-games-athletics-7132391/results/men/100-metres/preliminary-round/result,2026-09-29T06:16:24Z,,,,,,,,,,0,
OG2020-100m-M-R1-H1,OG,2020,100m,M,R1,1,2021-07-31,19:45,,Asia/Tokyo,9,8,8,0.2,0,0,1,0,,0,,Omega,Round 1,42213,First 3 in each heat (Q) and the next 3 fastest (q) advance to the Semifinals,,,,,,https://worldathletics.org/competitions/olympic-games/the-xxxii-olympic-games-athletics-7132391/results/men/100-metres/round-1/result,2026-09-29T06:16:26Z,,,,,,,,,,0,
OG2020-100m-M-R1-H2,OG,2020,100m,M,R1,2,2021-07-31,19:53,,Asia/Tokyo,9,9,9,0.3,0,0,0,0,,0,,Omega,Round 1,43240,First 3 in each heat (Q) and the next 3 fastest (q) advance to the Semifinals,,,,,,https://worldathletics.org/competitions/olympic-games/the-xxxii-olympic-games-athletics-7132391/results/men/100-metres/round-1/result,2026-09-29T06:16:26Z,,,,,,,,,,0,
OG2020-100m-M-R1-H3,OG,2020,100m,M,R1,3,2021-07-31,20:01,,Asia/Tokyo,9,9,9,0.1,0,0,0,0,,0,,Omega,Round 1,43241,First 3 in each heat (Q) and the next 3 fastest (q) advance to the Semifinals,,,,,,https://worldathletics.org/competitions/olympic-games/the-xxxii-olympic-games-athletics-7132391/results/men/100-metres/round-1/result,2026-09-29T06:16:26Z,,,,,,,,,,0,
OG2020-100m-M-R1-H4,OG,2020,100m,M,R1,4,2021-07-31,20:09,,Asia/Tokyo,8,8,8,0.0,0,0,0,0,,0,,Omega,Round 1,43242,First 3 in each heat (Q) and the next 3 fastest (q) advance to the Semifinals,,,,,,https://worldathletics.org/competitions/olympic-games/the-xxxii-olympic-games-athletics-7132391/results/men/100-metres/round-1/result,2026-09-29T06:16:26Z,,,,,,,,,,0,
OG2020-100m-M-R1-H5,OG,2020,100m,M,R1,5,2021-07-31,20:17,,Asia/Tokyo,9,9,8,0.6,0,1,0,0,"Divine ODUDURU (NGR, lane 2, DQ, RT n/a)",0,,Omega,Round 1,43243,First 3 in each heat (Q) and the next 3 fastest (q) advance to the Semifinals,,,,,,https://worldathletics.org/competitions/olympic-games/the-xxxii-olympic-games-athletics-7132391/results/men/100-metres/round-1/result,2026-09-29T06:16:26Z,,,,,,,,,,0,
OG2020-100m-M-R1-H6,OG,2020,100m,M,R1,6,2021-07-31,20:25,,Asia/Tokyo,9,9,8,-0.4,0,1,0,0,"Kokoutse Fabrice DABLA (TOG, lane 2, DQ, RT n/a)",0,,Omega,Round 1,43244,First 3 in each heat (Q) and the next 3 fastest (q) advance to the Semifinals,,,,,,https://worldathletics.org/competitions/olympic-games/the-xxxii-olympic-games-athletics-7132391/results/men/100-metres/round-1/result,2026-09-29T06:16:26Z,,,,,,,,,,0,
OG2020-100m-M-R1-H7,OG,2020,100m,M,R1,7,2021-07-31,20:33,,Asia/Tokyo,9,9,9,0.8,0,1,0,0,"Chijindu UJAH (GBR, lane 3, DQ, RT 0.153)",0,,Omega,Round 1,43245,First 3 in each heat (Q) and the next 3 fastest (q) advance to the Semifinals,,,,,,https://worldathletics.org/competitions/olympic-games/the-xxxii-olympic-games-athletics-7132391/results/men/100-metres/round-1/result,2026-09-29T06:16:26Z,,,,,,,,,,0,
OG2020-100m-M-SF-H1,OG,2020,100m,M,SF,1,2021-08-01,19:15,,Asia/Tokyo,8,8,7,-0.1,0,1,0,0,"Reece PRESCOD (GBR, lane 3, DQ, RT n/a)",0,,Omega,Semi-Finals,42215,First 2 in each heat (Q) and the next 2 fastest (q) advance to the Final,,,,,,https://worldathletics.org/competitions/olympic-games/the-xxxii-olympic-games-athletics-7132391/results/men/100-metres/semi-finals/result,2026-09-29T06:16:29Z,,,,,,,,,,0,
OG2020-100m-M-SF-H2,OG,2020,100m,M,SF,2,2021-08-01,19:23,,Asia/Tokyo,8,8,8,-0.2,0,0,0,0,,0,,Omega,Semi-Finals,43249,First 2 in each heat (Q) and the next 2 fastest (q) advance to the Final,,,,,,https://worldathletics.org/competitions/olympic-games/the-xxxii-olympic-games-athletics-7132391/results/men/100-metres/semi-finals/result,2026-09-29T06:16:29Z,,,,,,,,,,0,
OG2020-100m-M-SF-H3,OG,2020,100m,M,SF,3,2021-08-01,19:31,,Asia/Tokyo,8,8,8,0.9,0,1,0,0,"Chijindu UJAH (GBR, lane 8, DQ, RT 0.153)",0,,Omega,Semi-Finals,43250,First 2 in each heat (Q) and the next 2 fastest (q) advance to the Final,,,,,,https://worldathletics.org/competitions/olympic-games/the-xxxii-olympic-games-athletics-7132391/results/men/100-metres/semi-finals/result,2026-09-29T06:16:29Z,,,,,,,,,,0,
OG2020-100m-M-F-H1,OG,2020,100m,M,F,1,2021-08-01,21:50,,Asia/Tokyo,8,8,7,0.1,0,1,0,1,"Zharnel HUGHES (GBR, lane 4, DQ, RT n/a)",0,,Omega,Final,42212,,,,,,,https://worldathletics.org/competitions/olympic-games/the-xxxii-olympic-games-athletics-7132391/results/men/100-metres/final/result,2026-09-29T06:16:21Z,,,,,,,,,,0,
OG2020-100m-W-PR-H1,OG,2020,100m,W,PR,1,2021-07-30,09:00,,Asia/Tokyo,9,9,9,0.3,0,0,0,0,,0,,Omega,Preliminary Round,43382,First 3 in each heat (Q) and the next 1 fastest (q) advance to Round 1,,,,,,https://worldathletics.org/competitions/olympic-games/the-xxxii-olympic-games-athletics-7132391/results/women/100-metres/preliminary-round/result,2026-09-29T06:16:34Z,,,,,,,,,,0,
OG2020-100m-W-PR-H2,OG,2020,100m,W,PR,2,2021-07-30,09:07,,Asia/Tokyo,9,9,9,0.5,0,0,0,0,,0,,Omega,Preliminary Round,43383,First 3 in each heat (Q) and the next 1 fastest (q) advance to Round 1,,,,,,https://worldathletics.org/competitions/olympic-games/the-xxxii-olympic-games-athletics-7132391/results/women/100-metres/preliminary-round/result,2026-09-29T06:16:34Z,,,,,,,,,,0,
OG2020-100m-W-PR-H3,OG,2020,100m,W,PR,3,2021-07-30,09:14,,Asia/Tokyo,9,9,9,0.8,0,0,0,0,,0,,Omega,Preliminary Round,43384,First 3 in each heat (Q) and the next 1 fastest (q) advance to Round 1,,,,,,https://worldathletics.org/competitions/olympic-games/the-xxxii-olympic-games-athletics-7132391/results/women/100-metres/preliminary-round/result,2026-09-29T06:16:34Z,,,,,,,,,,0,
OG2020-100m-W-R1-H1,OG,2020,100m,W,R1,1,2021-07-30,12:15,,Asia/Tokyo,8,8,8,-0.1,0,0,0,0,,0,,Omega,Round 1,42287,First 3 in each heat (Q) and the next 3 fastest (q) advance to the Semifinals,,,,,,https://worldathletics.org/competitions/olympic-games/the-xxxii-olympic-games-athletics-7132391/results/women/100-metres/round-1/result,2026-09-29T06:16:38Z,,,,,,,,,,0,
OG2020-100m-W-R1-H2,OG,2020,100m,W,R1,2,2021-07-30,12:23,,Asia/Tokyo,8,8,8,0.1,0,0,0,0,,0,,Omega,Round 1,43315,First 3 in each heat (Q) and the next 3 fastest (q) advance to the Semifinals,,,,,,https://worldathletics.org/competitions/olympic-games/the-xxxii-olympic-games-athletics-7132391/results/women/100-metres/round-1/result,2026-09-29T06:16:38Z,,,,,,,,,,0,
OG2020-100m-W-R1-H3,OG,2020,100m,W,R1,3,2021-07-30,12:31,,Asia/Tokyo,8,8,8,-0.4,0,0,0,0,,0,,Omega,Round 1,43316,First 3 in each heat (Q) and the next 3 fastest (q) advance to the Semifinals,,,,,,https://worldathletics.org/competitions/olympic-games/the-xxxii-olympic-games-athletics-7132391/results/women/100-metres/round-1/result,2026-09-29T06:16:38Z,,,,,,,,,,0,
OG2020-100m-W-R1-H4,OG,2020,100m,W,R1,4,2021-07-30,12:39,,Asia/Tokyo,8,7,7,-0.3,0,0,1,0,,0,,Omega,Round 1,43317,First 3 in each heat (Q) and the next 3 fastest (q) advance to the Semifinals,,,,,,https://worldathletics.org/competitions/olympic-games/the-xxxii-olympic-games-athletics-7132391/results/women/100-metres/round-1/result,2026-09-29T06:16:38Z,,,,,,,,,,0,
OG2020-100m-W-R1-H5,OG,2020,100m,W,R1,5,2021-07-30,12:47,,Asia/Tokyo,8,8,8,1.3,0,0,0,0,,0,,Omega,Round 1,43318,First 3 in each heat (Q) and the next 3 fastest (q) advance to the Semifinals,,,,,,https://worldathletics.org/competitions/olympic-games/the-xxxii-olympic-games-athletics-7132391/results/women/100-metres/round-1/result,2026-09-29T06:16:38Z,,,,,,,,,,0,
OG2020-100m-W-R1-H6,OG,2020,100m,W,R1,6,2021-07-30,12:55,,Asia/Tokyo,7,7,7,-0.1,0,1,0,0,"Blessing OKAGBARE (NGR, lane 7, DQ, RT 0.147)",0,,Omega,Round 1,43319,First 3 in each heat (Q) and the next 3 fastest (q) advance to the Semifinals,,,,,,https://worldathletics.org/competitions/olympic-games/the-xxxii-olympic-games-athletics-7132391/results/women/100-metres/round-1/result,2026-09-29T06:16:38Z,,,,,,,,,,0,
OG2020-100m-W-R1-H7,OG,2020,100m,W,R1,7,2021-07-30,13:03,,Asia/Tokyo,8,8,8,-0.2,0,0,0,0,,0,,Omega,Round 1,43320,First 3 in each heat (Q) and the next 3 fastest (q) advance to the Semifinals,,,,,,https://worldathletics.org/competitions/olympic-games/the-xxxii-olympic-games-athletics-7132391/results/women/100-metres/round-1/result,2026-09-29T06:16:38Z,,,,,,,,,,0,
OG2020-100m-W-SF-H1,OG,2020,100m,W,SF,1,2021-07-31,19:15,,Asia/Tokyo,7,7,7,0.0,0,0,0,0,,0,,Omega,Semi-Finals,42288,First 2 in each heat (Q) and the next 2 fastest (q) advance to the Final,,,,,,https://worldathletics.org/competitions/olympic-games/the-xxxii-olympic-games-athletics-7132391/results/women/100-metres/semi-finals/result,2026-09-29T06:16:40Z,,,,,,,,,,0,
OG2020-100m-W-SF-H2,OG,2020,100m,W,SF,2,2021-07-31,19:23,,Asia/Tokyo,8,8,8,-0.2,0,0,0,0,,0,,Omega,Semi-Finals,43321,First 2 in each heat (Q) and the next 2 fastest (q) advance to the Final,,,,,,https://worldathletics.org/competitions/olympic-games/the-xxxii-olympic-games-athletics-7132391/results/women/100-metres/semi-finals/result,2026-09-29T06:16:40Z,,,,,,,,,,0,
OG2020-100m-W-SF-H3,OG,2020,100m,W,SF,3,2021-07-31,19:31,,Asia/Tokyo,8,8,8,0.3,0,0,0,0,,0,,Omega,Semi-Finals,43322,First 2 in each heat (Q) and the next 2 fastest (q) advance to the Final,,,,,,https://worldathletics.org/competitions/olympic-games/the-xxxii-olympic-games-athletics-7132391/results/women/100-metres/semi-finals/result,2026-09-29T06:16:40Z,,,,,,,,,,0,
OG2020-100m-W-F-H1,OG,2020,100m,W,F,1,2021-07-31,21:50,,Asia/Tokyo,8,8,8,-0.6,0,0,0,0,,0,,Omega,Final,42286,,,,,,,https://worldathletics.org/competitions/olympic-games/the-xxxii-olympic-games-athletics-7132391/results/women/100-metres/final/result,2026-09-29T06:16:32Z,,,,,,,,,,0,
OG2020-100mH-W-R1-H1,OG,2020,100mH,W,R1,1,2021-07-31,10:45,,Asia/Tokyo,8,8,8,1.0,0,0,0,0,,0,,Omega,Round 1,42290,First 4 in each heat (Q) and the next 4 fastest (q) advance to the Semifinals,,,,,,https://worldathletics.org/competitions/olympic-games/the-xxxii-olympic-games-athletics-7132391/results/women/100-metres-hurdles/round-1/result,2026-09-29T06:16:53Z,,,,,,,,,,0,
OG2020-100mH-W-R1-H2,OG,2020,100mH,W,R1,2,2021-07-31,10:53,,Asia/Tokyo,8,8,8,0.4,0,0,0,0,,0,,Omega,Round 1,43323,First 4 in each heat (Q) and the next 4 fastest (q) advance to the Semifinals,,,,,,https://worldathletics.org/competitions/olympic-games/the-xxxii-olympic-games-athletics-7132391/results/women/100-metres-hurdles/round-1/result,2026-09-29T06:16:53Z,,,,,,,,,,0,
OG2020-100mH-W-R1-H3,OG,2020,100mH,W,R1,3,2021-07-31,11:01,,Asia/Tokyo,8,8,8,0.4,0,0,0,1,,0,,Omega,Round 1,43324,First 4 in each heat (Q) and the next 4 fastest (q) advance to the Semifinals,,,,,,https://worldathletics.org/competitions/olympic-games/the-xxxii-olympic-games-athletics-7132391/results/women/100-metres-hurdles/round-1/result,2026-09-29T06:16:53Z,,,,,,,,,,0,
OG2020-100mH-W-R1-H4,OG,2020,100mH,W,R1,4,2021-07-31,11:09,,Asia/Tokyo,8,7,0,-1.1,0,0,1,0,,0,,Omega,Round 1,43325,First 4 in each heat (Q) and the next 4 fastest (q) advance to the Semifinals,,,,,,https://worldathletics.org/competitions/olympic-games/the-xxxii-olympic-games-athletics-7132391/results/women/100-metres-hurdles/round-1/result,2026-09-29T06:16:53Z,,,,,,,,,,0,
OG2020-100mH-W-R1-H5,OG,2020,100mH,W,R1,5,2021-07-31,11:17,,Asia/Tokyo,9,9,9,0.3,0,0,0,0,,0,,Omega,Round 1,43326,First 4 in each heat (Q) and the next 4 fastest (q) advance to the Semifinals,,,,,,https://worldathletics.org/competitions/olympic-games/the-xxxii-olympic-games-athletics-7132391/results/women/100-metres-hurdles/round-1/result,2026-09-29T06:16:53Z,,,,,,,,,,0,
OG2020-100mH-W-SF-H1,OG,2020,100mH,W,SF,1,2021-08-01,19:45,,Asia/Tokyo,8,8,8,-0.8,0,0,0,2,,0,,Omega,Semi-Finals,42291,First 2 in each heat (Q) and the next 2 fastest (q) advance to the Final,,,,,,https://worldathletics.org/competitions/olympic-games/the-xxxii-olympic-games-athletics-7132391/results/women/100-metres-hurdles/semi-finals/result,2026-09-29T06:16:55Z,,,,,,,,,,0,
OG2020-100mH-W-SF-H2,OG,2020,100mH,W,SF,2,2021-08-01,19:53,,Asia/Tokyo,8,8,8,0.0,0,0,0,0,,0,,Omega,Semi-Finals,43327,First 2 in each heat (Q) and the next 2 fastest (q) advance to the Final,,,,,,https://worldathletics.org/competitions/olympic-games/the-xxxii-olympic-games-athletics-7132391/results/women/100-metres-hurdles/semi-finals/result,2026-09-29T06:16:55Z,,,,,,,,,,0,
OG2020-100mH-W-SF-H3,OG,2020,100mH,W,SF,3,2021-08-01,20:01,,Asia/Tokyo,8,8,8,-0.2,0,0,0,0,,0,,Omega,Semi-Finals,43328,First 2 in each heat (Q) and the next 2 fastest (q) advance to the Final,,,,,,https://worldathletics.org/competitions/olympic-games/the-xxxii-olympic-games-athletics-7132391/results/women/100-metres-hurdles/semi-finals/result,2026-09-29T06:16:55Z,,,,,,,,,,0,
OG2020-100mH-W-F-H1,OG,2020,100mH,W,F,1,2021-08-02,11:50,,Asia/Tokyo,8,8,8,-0.3,0,0,0,0,,0,,Omega,Final,42289,,,,,,,https://worldathletics.org/competitions/olympic-games/the-xxxii-olympic-games-athletics-7132391/results/women/100-metres-hurdles/final/result,2026-09-29T06:16:50Z,,,,,,,,,,0,
OG2020-110mH-M-R1-H1,OG,2020,110mH,M,R1,1,2021-08-03,19:10,,Asia/Tokyo,8,8,8,0.0,0,1,0,0,"Wilhem BELOCIAN (FRA, lane 3, DQ, RT 0.135)",0,,Omega,Round 1,42219,First 4 in each heat (Q) and the next 4 fastest (q) advance to the Semifinals,,,,,,https://worldathletics.org/competitions/olympic-games/the-xxxii-olympic-games-athletics-7132391/results/men/110-metres-hurdles/round-1/result,2026-09-29T06:16:46Z,,,,,,,,,,0,
OG2020-110mH-M-R1-H2,OG,2020,110mH,M,R1,2,2021-08-03,19:18,,Asia/Tokyo,8,8,8,-0.1,0,0,0,0,,0,,Omega,Round 1,43254,First 4 in each heat (Q) and the next 4 fastest (q) advance to the Semifinals,,,,,,https://worldathletics.org/competitions/olympic-games/the-xxxii-olympic-games-athletics-7132391/results/men/110-metres-hurdles/round-1/result,2026-09-29T06:16:46Z,,,,,,,,,,0,
OG2020-110mH-M-R1-H3,OG,2020,110mH,M,R1,3,2021-08-03,19:26,,Asia/Tokyo,9,8,8,-0.1,0,0,1,0,,0,,Omega,Round 1,43255,First 4 in each heat (Q) and the next 4 fastest (q) advance to the Semifinals,,,,,,https://worldathletics.org/competitions/olympic-games/the-xxxii-olympic-games-athletics-7132391/results/men/110-metres-hurdles/round-1/result,2026-09-29T06:16:46Z,,,,,,,,,,0,
OG2020-110mH-M-R1-H4,OG,2020,110mH,M,R1,4,2021-08-03,19:34,,Asia/Tokyo,9,8,8,-0.2,0,0,1,0,,0,,Omega,Round 1,43256,First 4 in each heat (Q) and the next 4 fastest (q) advance to the Semifinals,,,,,,https://worldathletics.org/competitions/olympic-games/the-xxxii-olympic-games-athletics-7132391/results/men/110-metres-hurdles/round-1/result,2026-09-29T06:16:46Z,,,,,,,,,,0,
OG2020-110mH-M-R1-H5,OG,2020,110mH,M,R1,5,2021-08-03,19:42,,Asia/Tokyo,8,8,8,-0.1,0,0,0,0,,0,,Omega,Round 1,43257,First 4 in each heat (Q) and the next 4 fastest (q) advance to the Semifinals,,,,,,https://worldathletics.org/competitions/olympic-games/the-xxxii-olympic-games-athletics-7132391/results/men/110-metres-hurdles/round-1/result,2026-09-29T06:16:46Z,,,,,,,,,,0,
OG2020-110mH-M-SF-H1,OG,2020,110mH,M,SF,1,2021-08-04,11:00,,Asia/Tokyo,8,8,8,0.3,0,0,0,0,,0,,Omega,Semi-Finals,42220,First 2 in each heat (Q) and the next 2 fastest (q) advance to the Final,,,,,,https://worldathletics.org/competitions/olympic-games/the-xxxii-olympic-games-athletics-7132391/results/men/110-metres-hurdles/semi-finals/result,2026-09-29T06:16:47Z,,,,,,,,,,0,
OG2020-110mH-M-SF-H2,OG,2020,110mH,M,SF,2,2021-08-04,11:08,,Asia/Tokyo,8,8,8,0.1,0,0,0,0,,0,,Omega,Semi-Finals,43258,First 2 in each heat (Q) and the next 2 fastest (q) advance to the Final,,,,,,https://worldathletics.org/competitions/olympic-games/the-xxxii-olympic-games-athletics-7132391/results/men/110-metres-hurdles/semi-finals/result,2026-09-29T06:16:47Z,,,,,,,,,,0,
OG2020-110mH-M-SF-H3,OG,2020,110mH,M,SF,3,2021-08-04,11:16,,Asia/Tokyo,8,8,8,-0.1,0,0,0,0,,0,,Omega,Semi-Finals,43259,First 2 in each heat (Q) and the next 2 fastest (q) advance to the Final,,,,,,https://worldathletics.org/competitions/olympic-games/the-xxxii-olympic-games-athletics-7132391/results/men/110-metres-hurdles/semi-finals/result,2026-09-29T06:16:47Z,,,,,,,,,,0,
OG2020-110mH-M-F-H1,OG,2020,110mH,M,F,1,2021-08-05,11:55,,Asia/Tokyo,8,8,8,-0.5,0,0,0,0,,0,,Omega,Final,42218,,,,,,,https://worldathletics.org/competitions/olympic-games/the-xxxii-olympic-games-athletics-7132391/results/men/110-metres-hurdles/final/result,2026-09-29T06:16:42Z,,,,,,,,,,0,
OG2020-200m-M-R1-H1,OG,2020,200m,M,R1,1,2021-08-03,11:05,,Asia/Tokyo,7,7,7,-0.3,0,1,0,0,"Divine ODUDURU (NGR, lane 8, DQ, RT 0.129)",0,,Omega,Round 1,42227,First 3 in each heat (Q) and the next 3 fastest (q) advance to the Semifinals,,,,,,https://worldathletics.org/competitions/olympic-games/the-xxxii-olympic-games-athletics-7132391/results/men/200-metres/round-1/result,2026-09-29T08:52:31Z,,,,,,,,,,0,
OG2020-200m-M-R1-H2,OG,2020,200m,M,R1,2,2021-08-03,11:13,,Asia/Tokyo,8,7,7,0.9,0,1,1,0,"Jan JIRKA (CZE, lane 9, DQ, RT 0.150)",0,,Omega,Round 1,43267,First 3 in each heat (Q) and the next 3 fastest (q) advance to the Semifinals,,,,,,https://worldathletics.org/competitions/olympic-games/the-xxxii-olympic-games-athletics-7132391/results/men/200-metres/round-1/result,2026-09-29T08:52:31Z,,,,,,,,,,0,
OG2020-200m-M-R1-H3,OG,2020,200m,M,R1,3,2021-08-03,11:21,,Asia/Tokyo,6,6,6,-0.6,0,0,0,0,,0,,Omega,Round 1,43268,First 3 in each heat (Q) and the next 3 fastest (q) advance to the Semifinals,,,,,,https://worldathletics.org/competitions/olympic-games/the-xxxii-olympic-games-athletics-7132391/results/men/200-metres/round-1/result,2026-09-29T08:52:31Z,,,,,,,,,,0,
OG2020-200m-M-R1-H4,OG,2020,200m,M,R1,4,2021-08-03,11:29,,Asia/Tokyo,7,7,7,0.6,0,0,0,0,,0,,Omega,Round 1,43269,First 3 in each heat (Q) and the next 3 fastest (q) advance to the Semifinals,,,,,,https://worldathletics.org/competitions/olympic-games/the-xxxii-olympic-games-athletics-7132391/results/men/200-metres/round-1/result,2026-09-29T08:52:31Z,,,,,,,,,,0,
OG2020-200m-M-R1-H5,OG,2020,200m,M,R1,5,2021-08-03,11:37,,Asia/Tokyo,7,7,7,-0.7,0,0,0,0,,0,,Omega,Round 1,43270,First 3 in each heat (Q) and the next 3 fastest (q) advance to the Semifinals,,,,,,https://worldathletics.org/competitions/olympic-games/the-xxxii-olympic-games-athletics-7132391/results/men/200-metres/round-1/result,2026-09-29T08:52:31Z,,,,,,,,,,0,
OG2020-200m-M-R1-H6,OG,2020,200m,M,R1,6,2021-08-03,11:45,,Asia/Tokyo,7,6,6,-0.4,0,0,1,0,,0,,Omega,Round 1,43271,First 3 in each heat (Q) and the next 3 fastest (q) advance to the Semifinals,,,,,,https://worldathletics.org/competitions/olympic-games/the-xxxii-olympic-games-athletics-7132391/results/men/200-metres/round-1/result,2026-09-29T08:52:31Z,,,,,,,,,,0,
OG2020-200m-M-R1-H7,OG,2020,200m,M,R1,7,2021-08-03,11:53,,Asia/Tokyo,8,8,8,0.4,0,0,0,0,,0,,Omega,Round 1,43272,First 3 in each heat (Q) and the next 3 fastest (q) advance to the Semifinals,,,,,,https://worldathletics.org/competitions/olympic-games/the-xxxii-olympic-games-athletics-7132391/results/men/200-metres/round-1/result,2026-09-29T08:52:31Z,,,,,,,,,,0,
OG2020-200m-M-SF-H1,OG,2020,200m,M,SF,1,2021-08-03,20:50,,Asia/Tokyo,8,8,8,-0.2,0,1,0,0,"Divine ODUDURU (NGR, lane 7, DQ, RT 0.140)",0,,Omega,Semi-Finals,42228,First 2 in each heat (Q) and the next 2 fastest (q) advance to the Final,,,,,,https://worldathletics.org/competitions/olympic-games/the-xxxii-olympic-games-athletics-7132391/results/men/200-metres/semi-finals/result,2026-09-29T08:52:34Z,,,,,,,,,,0,
OG2020-200m-M-SF-H2,OG,2020,200m,M,SF,2,2021-08-03,20:58,,Asia/Tokyo,8,8,8,-0.4,0,0,0,1,,0,,Omega,Semi-Finals,43273,First 2 in each heat (Q) and the next 2 fastest (q) advance to the Final,,,,,,https://worldathletics.org/competitions/olympic-games/the-xxxii-olympic-games-athletics-7132391/results/men/200-metres/semi-finals/result,2026-09-29T08:52:34Z,,,,,,,,,,0,
OG2020-200m-M-SF-H3,OG,2020,200m,M,SF,3,2021-08-03,21:06,,Asia/Tokyo,8,8,8,0.2,0,0,0,0,,0,,Omega,Semi-Finals,43274,First 2 in each heat (Q) and the next 2 fastest (q) advance to the Final,,,,,,https://worldathletics.org/competitions/olympic-games/the-xxxii-olympic-games-athletics-7132391/results/men/200-metres/semi-finals/result,2026-09-29T08:52:34Z,,,,,,,,,,0,
OG2020-200m-M-F-H1,OG,2020,200m,M,F,1,2021-08-04,21:55,,Asia/Tokyo,8,8,8,-0.5,0,0,0,0,,0,,Omega,Final,42226,,,,,,,https://worldathletics.org/competitions/olympic-games/the-xxxii-olympic-games-athletics-7132391/results/men/200-metres/final/result,2026-09-29T08:52:30Z,,,,,,,,,,0,
OG2020-200m-W-R1-H1,OG,2020,200m,W,R1,1,2021-08-02,10:30,,Asia/Tokyo,6,6,6,0.3,0,0,0,0,,0,,Omega,Round 1,42298,First 3 in each heat (Q) and the next 3 fastest (q) advance to the Semifinals,,,,,,https://worldathletics.org/competitions/olympic-games/the-xxxii-olympic-games-athletics-7132391/results/women/200-metres/round-1/result,2026-09-29T08:52:40Z,,,,,,,,,,0,
OG2020-200m-W-R1-H2,OG,2020,200m,W,R1,2,2021-08-02,10:38,,Asia/Tokyo,7,7,7,0.4,0,0,0,0,,0,,Omega,Round 1,43335,First 3 in each heat (Q) and the next 3 fastest (q) advance to the Semifinals,,,,,,https://worldathletics.org/competitions/olympic-games/the-xxxii-olympic-games-athletics-7132391/results/women/200-metres/round-1/result,2026-09-29T08:52:40Z,,,,,,,,,,0,
OG2020-200m-W-R1-H3,OG,2020,200m,W,R1,3,2021-08-02,10:46,,Asia/Tokyo,5,5,5,-0.2,0,0,0,0,,0,,Omega,Round 1,43336,First 3 in each heat (Q) and the next 3 fastest (q) advance to the Semifinals,,,,,,https://worldathletics.org/competitions/olympic-games/the-xxxii-olympic-games-athletics-7132391/results/women/200-metres/round-1/result,2026-09-29T08:52:40Z,,,,,,,,,,0,
OG2020-200m-W-R1-H4,OG,2020,200m,W,R1,4,2021-08-02,10:54,,Asia/Tokyo,7,7,7,0.7,0,0,0,0,,0,,Omega,Round 1,43337,First 3 in each heat (Q) and the next 3 fastest (q) advance to the Semifinals,,,,,,https://worldathletics.org/competitions/olympic-games/the-xxxii-olympic-games-athletics-7132391/results/women/200-metres/round-1/result,2026-09-29T08:52:40Z,,,,,,,,,,0,
OG2020-200m-W-R1-H5,OG,2020,200m,W,R1,5,2021-08-02,11:02,,Asia/Tokyo,6,6,6,-0.3,0,0,0,0,,0,,Omega,Round 1,43338,First 3 in each heat (Q) and the next 3 fastest (q) advance to the Semifinals,,,,,,https://worldathletics.org/competitions/olympic-games/the-xxxii-olympic-games-athletics-7132391/results/women/200-metres/round-1/result,2026-09-29T08:52:40Z,,,,,,,,,,0,
OG2020-200m-W-R1-H6,OG,2020,200m,W,R1,6,2021-08-02,11:10,,Asia/Tokyo,5,5,5,0.4,0,0,0,0,,0,,Omega,Round 1,43339,First 3 in each heat (Q) and the next 3 fastest (q) advance to the Semifinals,,,,,,https://worldathletics.org/competitions/olympic-games/the-xxxii-olympic-games-athletics-7132391/results/women/200-metres/round-1/result,2026-09-29T08:52:40Z,,,,,,,,,,0,
OG2020-200m-W-R1-H7,OG,2020,200m,W,R1,7,2021-08-02,11:18,,Asia/Tokyo,6,5,5,0.9,0,0,1,0,,0,,Omega,Round 1,43340,First 3 in each heat (Q) and the next 3 fastest (q) advance to the Semifinals,,,,,,https://worldathletics.org/competitions/olympic-games/the-xxxii-olympic-games-athletics-7132391/results/women/200-metres/round-1/result,2026-09-29T08:52:40Z,,,,,,,,,,0,
OG2020-200m-W-SF-H1,OG,2020,200m,W,SF,1,2021-08-02,19:25,,Asia/Tokyo,8,8,8,0.3,0,0,0,0,,0,,Omega,Semi-Finals,42299,First 2 in each heat (Q) and the next 2 fastest (q) advance to the Final,,,,,,https://worldathletics.org/competitions/olympic-games/the-xxxii-olympic-games-athletics-7132391/results/women/200-metres/semi-finals/result,2026-09-29T08:52:43Z,,,,,,,,,,0,
OG2020-200m-W-SF-H2,OG,2020,200m,W,SF,2,2021-08-02,19:32,,Asia/Tokyo,9,9,9,0.3,0,0,0,0,,0,,Omega,Semi-Finals,43341,First 2 in each heat (Q) and the next 2 fastest (q) advance to the Final,,,,,,https://worldathletics.org/competitions/olympic-games/the-xxxii-olympic-games-athletics-7132391/results/women/200-metres/semi-finals/result,2026-09-29T08:52:43Z,,,,,,,,,,0,
OG2020-200m-W-SF-H3,OG,2020,200m,W,SF,3,2021-08-02,19:39,,Asia/Tokyo,8,8,8,0.1,0,0,0,0,,0,,Omega,Semi-Finals,43342,First 2 in each heat (Q) and the next 2 fastest (q) advance to the Final,,,,,,https://worldathletics.org/competitions/olympic-games/the-xxxii-olympic-games-athletics-7132391/results/women/200-metres/semi-finals/result,2026-09-29T08:52:43Z,,,,,,,,,,0,
OG2020-200m-W-F-H1,OG,2020,200m,W,F,1,2021-08-03,21:50,,Asia/Tokyo,8,8,8,0.8,0,0,0,0,,0,,Omega,Final,42297,,,,,,,https://worldathletics.org/competitions/olympic-games/the-xxxii-olympic-games-athletics-7132391/results/women/200-metres/final/result,2026-09-29T08:52:37Z,,,,,,,,,,0,
OG2024-100m-M-PR-H1,OG,2024,100m,M,PR,1,2024-08-03,10:35,,Europe/Paris,7,7,7,0.6,0,0,0,0,,0,,Omega,Preliminary Round,46320,First 2 in each heat (Q)  and next 4 fastest (q) advance to Round 1,,,,,,https://worldathletics.org/competitions/olympic-games/the-xxxiii-olympic-games-7153115/results/men/100-metres/preliminary-round/result,2026-09-29T06:15:31Z,,,,,,,,,,0,
OG2024-100m-M-PR-H2,OG,2024,100m,M,PR,2,2024-08-03,10:42,,Europe/Paris,7,7,6,-0.3,0,1,0,0,"Steven SABINO (MOZ, lane 3, DQ, RT n/a)",0,,Omega,Preliminary Round,47736,First 2 in each heat (Q)  and next 4 fastest (q) advance to Round 1,,,,,,https://worldathletics.org/competitions/olympic-games/the-xxxiii-olympic-games-7153115/results/men/100-metres/preliminary-round/result,2026-09-29T06:15:31Z,,,,,,,,,,0,
OG2024-100m-M-PR-H3,OG,2024,100m,M,PR,3,2024-08-03,10:49,,Europe/Paris,8,8,8,0.1,0,0,0,0,,0,,Omega,Preliminary Round,47737,First 2 in each heat (Q)  and next 4 fastest (q) advance to Round 1,,,,,,https://worldathletics.org/competitions/olympic-games/the-xxxiii-olympic-games-7153115/results/men/100-metres/preliminary-round/result,2026-09-29T06:15:31Z,,,,,,,,,,0,
OG2024-100m-M-PR-H4,OG,2024,100m,M,PR,4,2024-08-03,10:56,,Europe/Paris,8,8,8,0.2,0,0,0,0,,0,,Omega,Preliminary Round,47738,First 2 in each heat (Q)  and next 4 fastest (q) advance to Round 1,,,,,,https://worldathletics.org/competitions/olympic-games/the-xxxiii-olympic-games-7153115/results/men/100-metres/preliminary-round/result,2026-09-29T06:15:31Z,,,,,,,,,,0,
OG2024-100m-M-PR-H5,OG,2024,100m,M,PR,5,2024-08-03,11:03,,Europe/Paris,8,8,8,-0.4,0,1,0,0,"Dominique Lasconi MULAMBA (COD, lane 5, DQ, RT 0.158)",0,,Omega,Preliminary Round,47876,First 2 in each heat (Q)  and next 4 fastest (q) advance to Round 1,,,,,,https://worldathletics.org/competitions/olympic-games/the-xxxiii-olympic-games-7153115/results/men/100-metres/preliminary-round/result,2026-09-29T06:15:31Z,,,,,,,,,,0,
OG2024-100m-M-PR-H6,OG,2024,100m,M,PR,6,2024-08-03,11:10,,Europe/Paris,8,8,8,0.3,0,0,0,0,,0,,Omega,Preliminary Round,47878,First 2 in each heat (Q)  and next 4 fastest (q) advance to Round 1,,,,,,https://worldathletics.org/competitions/olympic-games/the-xxxiii-olympic-games-7153115/results/men/100-metres/preliminary-round/result,2026-09-29T06:15:31Z,,,,,,,,,,0,
OG2024-100m-M-R1-H1,OG,2024,100m,M,R1,1,2024-08-03,11:55,,Europe/Paris,9,9,9,0.6,1,1,0,0,"Jeremiah AZU (GBR, lane 4, FS, RT 0.073)",0,,Omega,Round 1,46319,First 3 in each heat (Q)  and next 3 fastest (q) advance to Semi-Final,,,,,,https://worldathletics.org/competitions/olympic-games/the-xxxiii-olympic-games-7153115/results/men/100-metres/round-1/result,2026-09-29T06:15:33Z,,,,,,,,,,1,
OG2024-100m-M-R1-H2,OG,2024,100m,M,R1,2,2024-08-03,12:04,,Europe/Paris,9,9,9,0.2,0,0,0,0,,0,,Omega,Round 1,47730,First 3 in each heat (Q)  and next 3 fastest (q) advance to Semi-Final,,,,,,https://worldathletics.org/competitions/olympic-games/the-xxxiii-olympic-games-7153115/results/men/100-metres/round-1/result,2026-09-29T06:15:33Z,,,,,,,,,,0,
OG2024-100m-M-R1-H3,OG,2024,100m,M,R1,3,2024-08-03,12:13,,Europe/Paris,9,9,9,-0.2,0,0,0,0,,0,,Omega,Round 1,47731,First 3 in each heat (Q)  and next 3 fastest (q) advance to Semi-Final,,,,,,https://worldathletics.org/competitions/olympic-games/the-xxxiii-olympic-games-7153115/results/men/100-metres/round-1/result,2026-09-29T06:15:33Z,,,,,,,,,,0,
OG2024-100m-M-R1-H4,OG,2024,100m,M,R1,4,2024-08-03,12:22,,Europe/Paris,9,9,9,0.0,0,0,0,0,,0,,Omega,Round 1,47732,First 3 in each heat (Q)  and next 3 fastest (q) advance to Semi-Final,,,,,,https://worldathletics.org/competitions/olympic-games/the-xxxiii-olympic-games-7153115/results/men/100-metres/round-1/result,2026-09-29T06:15:33Z,,,,,,,,,,0,
OG2024-100m-M-R1-H5,OG,2024,100m,M,R1,5,2024-08-03,12:31,,Europe/Paris,9,8,8,-0.3,0,0,1,0,,0,,Omega,Round 1,47733,First 3 in each heat (Q)  and next 3 fastest (q) advance to Semi-Final,,,,,,https://worldathletics.org/competitions/olympic-games/the-xxxiii-olympic-games-7153115/results/men/100-metres/round-1/result,2026-09-29T06:15:33Z,,,,,,,,,,0,
OG2024-100m-M-R1-H6,OG,2024,100m,M,R1,6,2024-08-03,12:40,,Europe/Paris,9,9,9,-1.1,0,0,0,0,,0,,Omega,Round 1,47734,First 3 in each heat (Q)  and next 3 fastest (q) advance to Semi-Final,,,,,,https://worldathletics.org/competitions/olympic-games/the-xxxiii-olympic-games-7153115/results/men/100-metres/round-1/result,2026-09-29T06:15:33Z,,,,,,,,,,0,
OG2024-100m-M-R1-H7,OG,2024,100m,M,R1,7,2024-08-03,12:49,,Europe/Paris,9,9,9,0.3,0,0,0,0,,0,,Omega,Round 1,47735,First 3 in each heat (Q)  and next 3 fastest (q) advance to Semi-Final,,,,,,https://worldathletics.org/competitions/olympic-games/the-xxxiii-olympic-games-7153115/results/men/100-metres/round-1/result,2026-09-29T06:15:33Z,,,,,,,,,,0,
OG2024-100m-M-R1-H8,OG,2024,100m,M,R1,8,2024-08-03,12:58,,Europe/Paris,9,9,8,0.2,0,2,0,0,"Aaron BROWN (CAN, lane 7, DQ, RT n/a); Dominique Lasconi MULAMBA (COD, lane 8, DQ, RT 0.163)",0,,Omega,Round 1,47875,First 3 in each heat (Q)  and next 3 fastest (q) advance to Semi-Final,,,,,,https://worldathletics.org/competitions/olympic-games/the-xxxiii-olympic-games-7153115/results/men/100-metres/round-1/result,2026-09-29T06:15:33Z,,,,,,,,,,0,
OG2024-100m-M-SF-H1,OG,2024,100m,M,SF,1,2024-08-04,20:05,,Europe/Paris,9,9,9,0.7,0,0,0,0,,0,,Omega,Semi-Finals,46321,First 2 in each heat (Q)  and next 2 fastest (q) advance to Final,,,,,,https://worldathletics.org/competitions/olympic-games/the-xxxiii-olympic-games-7153115/results/men/100-metres/semi-finals/result,2026-09-29T06:15:35Z,,,,,,,,,,0,
OG2024-100m-M-SF-H2,OG,2024,100m,M,SF,2,2024-08-04,20:14,,Europe/Paris,9,9,9,0.0,0,0,0,0,,0,,Omega,Semi-Finals,47739,First 2 in each heat (Q)  and next 2 fastest (q) advance to Final,,,,,,https://worldathletics.org/competitions/olympic-games/the-xxxiii-olympic-games-7153115/results/men/100-metres/semi-finals/result,2026-09-29T06:15:35Z,,,,,,,,,,0,
OG2024-100m-M-SF-H3,OG,2024,100m,M,SF,3,2024-08-04,20:23,,Europe/Paris,9,9,9,0.5,0,0,0,0,,0,,Omega,Semi-Finals,47740,First 2 in each heat (Q)  and next 2 fastest (q) advance to Final,,,,,,https://worldathletics.org/competitions/olympic-games/the-xxxiii-olympic-games-7153115/results/men/100-metres/semi-finals/result,2026-09-29T06:15:35Z,,,,,,,,,,0,
OG2024-100m-M-F-H1,OG,2024,100m,M,F,1,2024-08-04,21:50,,Europe/Paris,8,8,8,1.0,0,0,0,0,,0,,Omega,Final,46318,,,,,,,https://worldathletics.org/competitions/olympic-games/the-xxxiii-olympic-games-7153115/results/men/100-metres/final/result,2026-09-29T06:15:27Z,,,,,,,,,,0,
OG2024-100m-W-PR-H1,OG,2024,100m,W,PR,1,2024-08-02,10:35,,Europe/Paris,9,9,9,0.0,0,0,0,1,,0,,Omega,Preliminary Round,46399,First 3 in each heat (Q)  and next 5 fastest (q) advance to Round 1,,,,,,https://worldathletics.org/competitions/olympic-games/the-xxxiii-olympic-games-7153115/results/women/100-metres/preliminary-round/result,2026-09-29T06:15:41Z,,,,,,,,,,0,
OG2024-100m-W-PR-H2,OG,2024,100m,W,PR,2,2024-08-02,10:43,,Europe/Paris,9,9,9,0.0,0,0,0,0,,0,,Omega,Preliminary Round,47808,First 3 in each heat (Q)  and next 5 fastest (q) advance to Round 1,,,,,,https://worldathletics.org/competitions/olympic-games/the-xxxiii-olympic-games-7153115/results/women/100-metres/preliminary-round/result,2026-09-29T06:15:41Z,,,,,,,,,,0,
OG2024-100m-W-PR-H3,OG,2024,100m,W,PR,3,2024-08-02,10:51,,Europe/Paris,9,9,9,1.1,0,0,0,0,,0,,Omega,Preliminary Round,47809,First 3 in each heat (Q)  and next 5 fastest (q) advance to Round 1,,,,,,https://worldathletics.org/competitions/olympic-games/the-xxxiii-olympic-games-7153115/results/women/100-metres/preliminary-round/result,2026-09-29T06:15:41Z,,,,,,,,,,0,
OG2024-100m-W-PR-H4,OG,2024,100m,W,PR,4,2024-08-02,10:59,,Europe/Paris,9,9,9,0.2,0,0,0,0,,0,,Omega,Preliminary Round,47810,First 3 in each heat (Q)  and next 5 fastest (q) advance to Round 1,,,,,,https://worldathletics.org/competitions/olympic-games/the-xxxiii-olympic-games-7153115/results/women/100-metres/preliminary-round/result,2026-09-29T06:15:41Z,,,,,,,,,,0,
OG2024-100m-W-R1-H1,OG,2024,100m,W,R1,1,2024-08-02,11:50,,Europe/Paris,9,9,9,0.1,0,0,0,0,,0,,Omega,Round 1,46398,First 3 in each heat (Q)  and next 3 fastest (q) advance to Semi-Final,,,,,,https://worldathletics.org/competitions/olympic-games/the-xxxiii-olympic-games-7153115/results/women/100-metres/round-1/result,2026-09-29T06:15:45Z,,,,,,,,,,0,
OG2024-100m-W-R1-H2,OG,2024,100m,W,R1,2,2024-08-02,11:58,,Europe/Paris,9,9,9,-0.8,0,0,0,0,,0,,Omega,Round 1,47802,First 3 in each heat (Q)  and next 3 fastest (q) advance to Semi-Final,,,,,,https://worldathletics.org/competitions/olympic-games/the-xxxiii-olympic-games-7153115/results/women/100-metres/round-1/result,2026-09-29T06:15:45Z,,,,,,,,,,0,
OG2024-100m-W-R1-H3,OG,2024,100m,W,R1,3,2024-08-02,12:06,,Europe/Paris,9,9,9,1.5,0,0,0,0,,0,,Omega,Round 1,47803,First 3 in each heat (Q)  and next 3 fastest (q) advance to Semi-Final,,,,,,https://worldathletics.org/competitions/olympic-games/the-xxxiii-olympic-games-7153115/results/women/100-metres/round-1/result,2026-09-29T06:15:45Z,,,,,,,,,,0,
OG2024-100m-W-R1-H4,OG,2024,100m,W,R1,4,2024-08-02,12:14,,Europe/Paris,9,9,9,1.2,0,0,0,0,,0,,Omega,Round 1,47804,First 3 in each heat (Q)  and next 3 fastest (q) advance to Semi-Final,,,,,,https://worldathletics.org/competitions/olympic-games/the-xxxiii-olympic-games-7153115/results/women/100-metres/round-1/result,2026-09-29T06:15:45Z,,,,,,,,,,0,
OG2024-100m-W-R1-H5,OG,2024,100m,W,R1,5,2024-08-02,12:22,,Europe/Paris,9,9,9,1.0,0,0,0,0,,0,,Omega,Round 1,47805,First 3 in each heat (Q)  and next 3 fastest (q) advance to Semi-Final,,,,,,https://worldathletics.org/competitions/olympic-games/the-xxxiii-olympic-games-7153115/results/women/100-metres/round-1/result,2026-09-29T06:15:45Z,,,,,,,,,,0,
OG2024-100m-W-R1-H6,OG,2024,100m,W,R1,6,2024-08-02,12:30,,Europe/Paris,9,9,9,-0.4,0,0,0,0,,0,,Omega,Round 1,47806,First 3 in each heat (Q)  and next 3 fastest (q) advance to Semi-Final,,,,,,https://worldathletics.org/competitions/olympic-games/the-xxxiii-olympic-games-7153115/results/women/100-metres/round-1/result,2026-09-29T06:15:45Z,,,,,,,,,,0,
OG2024-100m-W-R1-H7,OG,2024,100m,W,R1,7,2024-08-02,12:38,,Europe/Paris,9,9,9,-0.2,0,0,0,0,,0,,Omega,Round 1,47807,First 3 in each heat (Q)  and next 3 fastest (q) advance to Semi-Final,,,,,,https://worldathletics.org/competitions/olympic-games/the-xxxiii-olympic-games-7153115/results/women/100-metres/round-1/result,2026-09-29T06:15:45Z,,,,,,,,,,0,
OG2024-100m-W-R1-H8,OG,2024,100m,W,R1,8,2024-08-02,12:46,,Europe/Paris,9,9,9,0.8,0,0,0,0,,0,,Omega,Round 1,47877,First 3 in each heat (Q)  and next 3 fastest (q) advance to Semi-Final,,,,,,https://worldathletics.org/competitions/olympic-games/the-xxxiii-olympic-games-7153115/results/women/100-metres/round-1/result,2026-09-29T06:15:45Z,,,,,,,,,,0,
OG2024-100m-W-SF-H1,OG,2024,100m,W,SF,1,2024-08-03,19:50,,Europe/Paris,9,9,9,0.1,0,0,0,0,,0,,Omega,Semi-Finals,46400,First 2 in each heat (Q)  and next 2 fastest (q) advance to Final,,,,,,https://worldathletics.org/competitions/olympic-games/the-xxxiii-olympic-games-7153115/results/women/100-metres/semi-finals/result,2026-09-29T06:15:49Z,,,,,,,,,,0,
OG2024-100m-W-SF-H2,OG,2024,100m,W,SF,2,2024-08-03,19:59,,Europe/Paris,9,8,8,-0.1,0,0,1,0,,0,,Omega,Semi-Finals,47811,First 2 in each heat (Q)  and next 2 fastest (q) advance to Final,,,,,,https://worldathletics.org/competitions/olympic-games/the-xxxiii-olympic-games-7153115/results/women/100-metres/semi-finals/result,2026-09-29T06:15:49Z,,,,,,,,,,0,
OG2024-100m-W-SF-H3,OG,2024,100m,W,SF,3,2024-08-03,20:08,,Europe/Paris,9,9,9,0.2,0,0,0,0,,0,,Omega,Semi-Finals,47812,First 2 in each heat (Q)  and next 2 fastest (q) advance to Final,,,,,,https://worldathletics.org/competitions/olympic-games/the-xxxiii-olympic-games-7153115/results/women/100-metres/semi-finals/result,2026-09-29T06:15:49Z,,,,,,,,,,0,
OG2024-100m-W-F-H1,OG,2024,100m,W,F,1,2024-08-03,21:20,,Europe/Paris,8,8,8,-0.1,0,0,0,0,,0,,Omega,Final,46397,,,,,,,https://worldathletics.org/competitions/olympic-games/the-xxxiii-olympic-games-7153115/results/women/100-metres/final/result,2026-09-29T06:15:38Z,,,,,,,,,,0,
OG2024-100mH-W-R1-H1,OG,2024,100mH,W,R1,1,2024-08-07,10:15,,Europe/Paris,8,8,8,-0.1,0,0,0,0,,0,,Omega,Round 1,46402,"First 3 in each heat (Q)  and next 3 fastest (q) advance to Semi-Final, all others (Re) advance to Repechage Round (except DNS, DNF, DQ)",,,,,,https://worldathletics.org/competitions/olympic-games/the-xxxiii-olympic-games-7153115/results/women/100-metres-hurdles/round-1/result,2026-09-29T06:16:13Z,,,,,,,,,,0,
OG2024-100mH-W-R1-H2,OG,2024,100mH,W,R1,2,2024-08-07,10:23,,Europe/Paris,8,8,8,0.0,0,0,0,0,,0,,Omega,Round 1,47813,"First 3 in each heat (Q)  and next 3 fastest (q) advance to Semi-Final, all others (Re) advance to Repechage Round (except DNS, DNF, DQ)",,,,,,https://worldathletics.org/competitions/olympic-games/the-xxxiii-olympic-games-7153115/results/women/100-metres-hurdles/round-1/result,2026-09-29T06:16:13Z,,,,,,,,,,0,
OG2024-100mH-W-R1-H3,OG,2024,100mH,W,R1,3,2024-08-07,10:31,,Europe/Paris,8,8,8,0.8,0,0,0,0,,0,,Omega,Round 1,47814,"First 3 in each heat (Q)  and next 3 fastest (q) advance to Semi-Final, all others (Re) advance to Repechage Round (except DNS, DNF, DQ)",,,,,,https://worldathletics.org/competitions/olympic-games/the-xxxiii-olympic-games-7153115/results/women/100-metres-hurdles/round-1/result,2026-09-29T06:16:13Z,,,,,,,,,,0,
OG2024-100mH-W-R1-H4,OG,2024,100mH,W,R1,4,2024-08-07,10:39,,Europe/Paris,8,8,8,0.0,0,1,0,0,"Yoveinny MOTA (VEN, lane 7, DQ, RT 0.164)",0,,Omega,Round 1,47815,"First 3 in each heat (Q)  and next 3 fastest (q) advance to Semi-Final, all others (Re) advance to Repechage Round (except DNS, DNF, DQ)",,,,,,https://worldathletics.org/competitions/olympic-games/the-xxxiii-olympic-games-7153115/results/women/100-metres-hurdles/round-1/result,2026-09-29T06:16:13Z,,,,,,,,,,0,
OG2024-100mH-W-R1-H5,OG,2024,100mH,W,R1,5,2024-08-07,10:47,,Europe/Paris,8,8,8,-0.6,0,0,0,0,,0,,Omega,Round 1,47816,"First 3 in each heat (Q)  and next 3 fastest (q) advance to Semi-Final, all others (Re) advance to Repechage Round (except DNS, DNF, DQ)",,,,,,https://worldathletics.org/competitions/olympic-games/the-xxxiii-olympic-games-7153115/results/women/100-metres-hurdles/round-1/result,2026-09-29T06:16:13Z,,,,,,,,,,0,
OG2024-100mH-W-RP-H1,OG,2024,100mH,W,RP,1,2024-08-08,10:35,,Europe/Paris,7,7,7,0.1,0,0,0,0,,0,,Omega,Repechage Round,46403,First 2 in each Repechage heat (Q)  advance to Semi-Final,,,,,,https://worldathletics.org/competitions/olympic-games/the-xxxiii-olympic-games-7153115/results/women/100-metres-hurdles/repechage-round/result,2026-09-29T06:16:14Z,,,,,,,,,,0,
OG2024-100mH-W-RP-H2,OG,2024,100mH,W,RP,2,2024-08-08,10:43,,Europe/Paris,7,7,7,0.4,0,0,0,0,,0,,Omega,Repechage Round,47817,First 2 in each Repechage heat (Q)  advance to Semi-Final,,,,,,https://worldathletics.org/competitions/olympic-games/the-xxxiii-olympic-games-7153115/results/women/100-metres-hurdles/repechage-round/result,2026-09-29T06:16:14Z,,,,,,,,,,0,
OG2024-100mH-W-RP-H3,OG,2024,100mH,W,RP,3,2024-08-08,10:51,,Europe/Paris,7,7,7,-0.2,0,0,0,0,,0,,Omega,Repechage Round,47818,First 2 in each Repechage heat (Q)  advance to Semi-Final,,,,,,https://worldathletics.org/competitions/olympic-games/the-xxxiii-olympic-games-7153115/results/women/100-metres-hurdles/repechage-round/result,2026-09-29T06:16:14Z,,,,,,,,,,0,
OG2024-100mH-W-SF-H1,OG,2024,100mH,W,SF,1,2024-08-09,12:05,,Europe/Paris,8,8,8,0.5,0,1,0,0,"Ebony MORRISON (LBR, lane 2, DQ, RT 0.138)",0,,Omega,Semi-Finals,46404,First 2 in each heat (Q)  and next 2 fastest (q) advance to Final,,,,,,https://worldathletics.org/competitions/olympic-games/the-xxxiii-olympic-games-7153115/results/women/100-metres-hurdles/semi-finals/result,2026-09-29T06:16:19Z,,,,,,,,,,0,
OG2024-100mH-W-SF-H2,OG,2024,100mH,W,SF,2,2024-08-09,12:13,,Europe/Paris,8,8,8,0.4,0,0,0,0,,0,,Omega,Semi-Finals,47819,First 2 in each heat (Q)  and next 2 fastest (q) advance to Final,,,,,,https://worldathletics.org/competitions/olympic-games/the-xxxiii-olympic-games-7153115/results/women/100-metres-hurdles/semi-finals/result,2026-09-29T06:16:19Z,,,,,,,,,,0,
OG2024-100mH-W-SF-H3,OG,2024,100mH,W,SF,3,2024-08-09,12:21,,Europe/Paris,8,8,8,-0.7,0,0,0,1,,0,,Omega,Semi-Finals,47820,First 2 in each heat (Q)  and next 2 fastest (q) advance to Final,,,,,,https://worldathletics.org/competitions/olympic-games/the-xxxiii-olympic-games-7153115/results/women/100-metres-hurdles/semi-finals/result,2026-09-29T06:16:19Z,,,,,,,,,,0,
OG2024-100mH-W-F-H1,OG,2024,100mH,W,F,1,2024-08-10,19:35,,Europe/Paris,8,8,8,-0.3,0,0,0,1,,0,,Omega,Final,46401,,,,,,,https://worldathletics.org/competitions/olympic-games/the-xxxiii-olympic-games-7153115/results/women/100-metres-hurdles/final/result,2026-09-29T06:16:03Z,,,,,,,,,,0,
OG2024-110mH-M-R1-H1,OG,2024,110mH,M,R1,1,2024-08-04,11:50,,Europe/Paris,8,8,8,0.1,0,0,0,0,,0,,Omega,Round 1,46325,"First 3 in each heat (Q)  and next 3 fastest (q) advance to Semi-Final, all others (Re) advance to Repechage Round (except DNS, DNF, DQ)",,,,,,https://worldathletics.org/competitions/olympic-games/the-xxxiii-olympic-games-7153115/results/men/110-metres-hurdles/round-1/result,2026-09-29T06:15:55Z,,,,,,,,,,0,
OG2024-110mH-M-R1-H2,OG,2024,110mH,M,R1,2,2024-08-04,11:58,,Europe/Paris,8,8,8,0.0,0,0,0,0,,0,,Omega,Round 1,47743,"First 3 in each heat (Q)  and next 3 fastest (q) advance to Semi-Final, all others (Re) advance to Repechage Round (except DNS, DNF, DQ)",,,,,,https://worldathletics.org/competitions/olympic-games/the-xxxiii-olympic-games-7153115/results/men/110-metres-hurdles/round-1/result,2026-09-29T06:15:55Z,,,,,,,,,,0,
OG2024-110mH-M-R1-H3,OG,2024,110mH,M,R1,3,2024-08-04,12:06,,Europe/Paris,8,8,8,1.1,0,0,0,0,,0,,Omega,Round 1,47744,"First 3 in each heat (Q)  and next 3 fastest (q) advance to Semi-Final, all others (Re) advance to Repechage Round (except DNS, DNF, DQ)",,,,,,https://worldathletics.org/competitions/olympic-games/the-xxxiii-olympic-games-7153115/results/men/110-metres-hurdles/round-1/result,2026-09-29T06:15:55Z,,,,,,,,,,0,
OG2024-110mH-M-R1-H4,OG,2024,110mH,M,R1,4,2024-08-04,12:14,,Europe/Paris,8,8,8,0.3,0,0,0,0,,0,,Omega,Round 1,47745,"First 3 in each heat (Q)  and next 3 fastest (q) advance to Semi-Final, all others (Re) advance to Repechage Round (except DNS, DNF, DQ)",,,,,,https://worldathletics.org/competitions/olympic-games/the-xxxiii-olympic-games-7153115/results/men/110-metres-hurdles/round-1/result,2026-09-29T06:15:55Z,,,,,,,,,,0,
OG2024-110mH-M-R1-H5,OG,2024,110mH,M,R1,5,2024-08-04,12:22,,Europe/Paris,8,8,8,0.7,0,0,0,1,,0,,Omega,Round 1,47746,"First 3 in each heat (Q)  and next 3 fastest (q) advance to Semi-Final, all others (Re) advance to Repechage Round (except DNS, DNF, DQ)",,,,,,https://worldathletics.org/competitions/olympic-games/the-xxxiii-olympic-games-7153115/results/men/110-metres-hurdles/round-1/result,2026-09-29T06:15:55Z,,,,,,,,,,0,
OG2024-110mH-M-RP-H1,OG,2024,110mH,M,RP,1,2024-08-06,10:50,,Europe/Paris,7,7,7,0.2,0,0,0,0,,0,,Omega,Repechage Round,46326,First 2 in each Repechage heat (Q)  advance to Semi-Final,,,,,,https://worldathletics.org/competitions/olympic-games/the-xxxiii-olympic-games-7153115/results/men/110-metres-hurdles/repechage-round/result,2026-09-29T06:15:56Z,,,,,,,,,,0,
OG2024-110mH-M-RP-H2,OG,2024,110mH,M,RP,2,2024-08-06,10:58,,Europe/Paris,7,6,6,-0.5,1,1,1,0,"David YEFREMOV (KAZ, lane 2, FS, RT -0.209)",0,,Omega,Repechage Round,47747,First 2 in each Repechage heat (Q)  advance to Semi-Final,,,,,,https://worldathletics.org/competitions/olympic-games/the-xxxiii-olympic-games-7153115/results/men/110-metres-hurdles/repechage-round/result,2026-09-29T06:15:56Z,,,,,,,,,,1,
OG2024-110mH-M-RP-H3,OG,2024,110mH,M,RP,3,2024-08-06,11:06,,Europe/Paris,7,7,7,-1.1,0,0,0,0,,0,,Omega,Repechage Round,47748,First 2 in each Repechage heat (Q)  advance to Semi-Final,,,,,,https://worldathletics.org/competitions/olympic-games/the-xxxiii-olympic-games-7153115/results/men/110-metres-hurdles/repechage-round/result,2026-09-29T06:15:56Z,,,,,,,,,,0,
OG2024-110mH-M-SF-H1,OG,2024,110mH,M,SF,1,2024-08-07,19:05,,Europe/Paris,8,8,8,0.1,0,0,0,0,,0,,Omega,Semi-Finals,46327,First 2 in each heat (Q)  and next 2 fastest (q) advance to Final,,,,,,https://worldathletics.org/competitions/olympic-games/the-xxxiii-olympic-games-7153115/results/men/110-metres-hurdles/semi-finals/result,2026-09-29T06:16:00Z,,,,,,,,,,0,
OG2024-110mH-M-SF-H2,OG,2024,110mH,M,SF,2,2024-08-07,19:13,,Europe/Paris,8,8,8,-0.1,0,0,0,0,,0,,Omega,Semi-Finals,47749,First 2 in each heat (Q)  and next 2 fastest (q) advance to Final,,,,,,https://worldathletics.org/competitions/olympic-games/the-xxxiii-olympic-games-7153115/results/men/110-metres-hurdles/semi-finals/result,2026-09-29T06:16:00Z,,,,,,,,,,0,
OG2024-110mH-M-SF-H3,OG,2024,110mH,M,SF,3,2024-08-07,19:21,,Europe/Paris,8,8,8,0.6,0,0,0,0,,0,,Omega,Semi-Finals,47750,First 2 in each heat (Q)  and next 2 fastest (q) advance to Final,,,,,,https://worldathletics.org/competitions/olympic-games/the-xxxiii-olympic-games-7153115/results/men/110-metres-hurdles/semi-finals/result,2026-09-29T06:16:00Z,,,,,,,,,,0,
OG2024-110mH-M-F-H1,OG,2024,110mH,M,F,1,2024-08-08,21:45,,Europe/Paris,8,8,8,-0.1,0,0,0,0,,0,,Omega,Final,46324,,,,,,,https://worldathletics.org/competitions/olympic-games/the-xxxiii-olympic-games-7153115/results/men/110-metres-hurdles/final/result,2026-09-29T06:15:53Z,,,,,,,,,,0,
OG2024-200m-M-R1-H1,OG,2024,200m,M,R1,1,2024-08-05,19:55,,Europe/Paris,8,8,8,0.1,0,0,0,0,,0,,Omega,Round 1,46335,"First 3 in each heat (Q)  advance to Semi-Final, all others (Re) advance to Repechage Round (except DNS, DNF, DQ)",,,,,,https://worldathletics.org/competitions/olympic-games/the-xxxiii-olympic-games-7153115/results/men/200-metres/round-1/result,2026-09-29T08:52:09Z,,,,,,,,,,0,
OG2024-200m-M-R1-H2,OG,2024,200m,M,R1,2,2024-08-05,20:02,,Europe/Paris,8,7,7,-0.1,0,0,1,0,,0,,Omega,Round 1,47757,"First 3 in each heat (Q)  advance to Semi-Final, all others (Re) advance to Repechage Round (except DNS, DNF, DQ)",,,,,,https://worldathletics.org/competitions/olympic-games/the-xxxiii-olympic-games-7153115/results/men/200-metres/round-1/result,2026-09-29T08:52:09Z,,,,,,,,,,0,
OG2024-200m-M-R1-H3,OG,2024,200m,M,R1,3,2024-08-05,20:09,,Europe/Paris,7,7,7,-0.1,0,0,0,0,,0,,Omega,Round 1,47758,"First 3 in each heat (Q)  advance to Semi-Final, all others (Re) advance to Repechage Round (except DNS, DNF, DQ)",,,,,,https://worldathletics.org/competitions/olympic-games/the-xxxiii-olympic-games-7153115/results/men/200-metres/round-1/result,2026-09-29T08:52:09Z,,,,,,,,,,0,
OG2024-200m-M-R1-H4,OG,2024,200m,M,R1,4,2024-08-05,20:16,,Europe/Paris,7,6,6,0.2,0,0,1,0,,0,,Omega,Round 1,47759,"First 3 in each heat (Q)  advance to Semi-Final, all others (Re) advance to Repechage Round (except DNS, DNF, DQ)",,,,,,https://worldathletics.org/competitions/olympic-games/the-xxxiii-olympic-games-7153115/results/men/200-metres/round-1/result,2026-09-29T08:52:09Z,,,,,,,,,,0,
OG2024-200m-M-R1-H5,OG,2024,200m,M,R1,5,2024-08-05,20:23,,Europe/Paris,8,8,8,0.2,0,0,0,0,,0,,Omega,Round 1,47760,"First 3 in each heat (Q)  advance to Semi-Final, all others (Re) advance to Repechage Round (except DNS, DNF, DQ)",,,,,,https://worldathletics.org/competitions/olympic-games/the-xxxiii-olympic-games-7153115/results/men/200-metres/round-1/result,2026-09-29T08:52:09Z,,,,,,,,,,0,
OG2024-200m-M-R1-H6,OG,2024,200m,M,R1,6,2024-08-05,20:30,,Europe/Paris,7,7,7,0.1,0,0,0,0,,0,,Omega,Round 1,47761,"First 3 in each heat (Q)  advance to Semi-Final, all others (Re) advance to Repechage Round (except DNS, DNF, DQ)",,,,,,https://worldathletics.org/competitions/olympic-games/the-xxxiii-olympic-games-7153115/results/men/200-metres/round-1/result,2026-09-29T08:52:09Z,,,,,,,,,,0,
OG2024-200m-M-RP-H1,OG,2024,200m,M,RP,1,2024-08-06,12:30,,Europe/Paris,6,5,5,1.0,0,0,1,0,,0,,Omega,Repechage Round,46336,First in each Repechage heat (Q)  and next 2 fastest (q) advance to Semi-Final,,,,,,https://worldathletics.org/competitions/olympic-games/the-xxxiii-olympic-games-7153115/results/men/200-metres/repechage-round/result,2026-09-29T08:52:13Z,,,,,,,,,,0,
OG2024-200m-M-RP-H2,OG,2024,200m,M,RP,2,2024-08-06,12:38,,Europe/Paris,6,5,5,0.6,0,1,1,0,"Cesar ALMIRON (PAR, lane 3, DQ, RT 0.169)",0,,Omega,Repechage Round,47762,First in each Repechage heat (Q)  and next 2 fastest (q) advance to Semi-Final,,,,,,https://worldathletics.org/competitions/olympic-games/the-xxxiii-olympic-games-7153115/results/men/200-metres/repechage-round/result,2026-09-29T08:52:13Z,,,,,,,,,,0,
OG2024-200m-M-RP-H3,OG,2024,200m,M,RP,3,2024-08-06,12:46,,Europe/Paris,7,6,6,0.0,0,0,1,0,,0,,Omega,Repechage Round,47763,First in each Repechage heat (Q)  and next 2 fastest (q) advance to Semi-Final,,,,,,https://worldathletics.org/competitions/olympic-games/the-xxxiii-olympic-games-7153115/results/men/200-metres/repechage-round/result,2026-09-29T08:52:13Z,,,,,,,,,,0,
OG2024-200m-M-RP-H4,OG,2024,200m,M,RP,4,2024-08-06,12:54,,Europe/Paris,6,5,5,0.3,0,0,1,0,,0,,Omega,Repechage Round,47764,First in each Repechage heat (Q)  and next 2 fastest (q) advance to Semi-Final,,,,,,https://worldathletics.org/competitions/olympic-games/the-xxxiii-olympic-games-7153115/results/men/200-metres/repechage-round/result,2026-09-29T08:52:13Z,,,,,,,,,,0,
OG2024-200m-M-SF-H1,OG,2024,200m,M,SF,1,2024-08-07,20:02,,Europe/Paris,8,8,8,-0.1,0,0,0,0,,0,,Omega,Semi-Finals,46337,First 2 in each heat (Q)  and next 2 fastest (q) advance to Final,,,,,,https://worldathletics.org/competitions/olympic-games/the-xxxiii-olympic-games-7153115/results/men/200-metres/semi-finals/result,2026-09-29T08:52:15Z,,,,,,,,,,0,
OG2024-200m-M-SF-H2,OG,2024,200m,M,SF,2,2024-08-07,20:10,,Europe/Paris,8,8,8,-0.2,0,0,0,0,,0,,Omega,Semi-Finals,47765,First 2 in each heat (Q)  and next 2 fastest (q) advance to Final,,,,,,https://worldathletics.org/competitions/olympic-games/the-xxxiii-olympic-games-7153115/results/men/200-metres/semi-finals/result,2026-09-29T08:52:15Z,,,,,,,,,,0,
OG2024-200m-M-SF-H3,OG,2024,200m,M,SF,3,2024-08-07,20:18,,Europe/Paris,8,8,8,-0.6,0,0,0,0,,0,,Omega,Semi-Finals,47766,First 2 in each heat (Q)  and next 2 fastest (q) advance to Final,,,,,,https://worldathletics.org/competitions/olympic-games/the-xxxiii-olympic-games-7153115/results/men/200-metres/semi-finals/result,2026-09-29T08:52:15Z,,,,,,,,,,0,
OG2024-200m-M-F-H1,OG,2024,200m,M,F,1,2024-08-08,20:30,,Europe/Paris,8,8,8,0.4,0,0,0,0,,0,,Omega,Final,46334,,,,,,,https://worldathletics.org/competitions/olympic-games/the-xxxiii-olympic-games-7153115/results/men/200-metres/final/result,2026-09-29T08:52:07Z,,,,,,,,,,0,
OG2024-200m-W-R1-H1,OG,2024,200m,W,R1,1,2024-08-04,10:55,,Europe/Paris,8,7,7,1.4,0,0,1,0,,0,,Omega,Round 1,46412,"First 3 in each heat (Q)  advance to Semi-Final, all others (Re) advance to Repechage Round (except DNS, DNF, DQ)",,,,,,https://worldathletics.org/competitions/olympic-games/the-xxxiii-olympic-games-7153115/results/women/200-metres/round-1/result,2026-09-29T08:52:20Z,,,,,,,,,,0,
OG2024-200m-W-R1-H2,OG,2024,200m,W,R1,2,2024-08-04,11:03,,Europe/Paris,7,7,7,0.0,0,0,0,0,,0,,Omega,Round 1,47827,"First 3 in each heat (Q)  advance to Semi-Final, all others (Re) advance to Repechage Round (except DNS, DNF, DQ)",,,,,,https://worldathletics.org/competitions/olympic-games/the-xxxiii-olympic-games-7153115/results/women/200-metres/round-1/result,2026-09-29T08:52:20Z,,,,,,,,,,0,
OG2024-200m-W-R1-H3,OG,2024,200m,W,R1,3,2024-08-04,11:11,,Europe/Paris,8,7,7,0.0,0,0,1,0,,0,,Omega,Round 1,47828,"First 3 in each heat (Q)  advance to Semi-Final, all others (Re) advance to Repechage Round (except DNS, DNF, DQ)",,,,,,https://worldathletics.org/competitions/olympic-games/the-xxxiii-olympic-games-7153115/results/women/200-metres/round-1/result,2026-09-29T08:52:20Z,,,,,,,,,,0,
OG2024-200m-W-R1-H4,OG,2024,200m,W,R1,4,2024-08-04,11:19,,Europe/Paris,8,8,8,0.0,0,0,0,0,,0,,Omega,Round 1,47829,"First 3 in each heat (Q)  advance to Semi-Final, all others (Re) advance to Repechage Round (except DNS, DNF, DQ)",,,,,,https://worldathletics.org/competitions/olympic-games/the-xxxiii-olympic-games-7153115/results/women/200-metres/round-1/result,2026-09-29T08:52:20Z,,,,,,,,,,0,
OG2024-200m-W-R1-H5,OG,2024,200m,W,R1,5,2024-08-04,11:27,,Europe/Paris,8,8,8,0.2,0,0,0,0,,0,,Omega,Round 1,47830,"First 3 in each heat (Q)  advance to Semi-Final, all others (Re) advance to Repechage Round (except DNS, DNF, DQ)",,,,,,https://worldathletics.org/competitions/olympic-games/the-xxxiii-olympic-games-7153115/results/women/200-metres/round-1/result,2026-09-29T08:52:20Z,,,,,,,,,,0,
OG2024-200m-W-R1-H6,OG,2024,200m,W,R1,6,2024-08-04,11:35,,Europe/Paris,8,8,8,0.5,0,0,0,0,,0,,Omega,Round 1,47831,"First 3 in each heat (Q)  advance to Semi-Final, all others (Re) advance to Repechage Round (except DNS, DNF, DQ)",,,,,,https://worldathletics.org/competitions/olympic-games/the-xxxiii-olympic-games-7153115/results/women/200-metres/round-1/result,2026-09-29T08:52:20Z,,,,,,,,,,0,
OG2024-200m-W-RP-H1,OG,2024,200m,W,RP,1,2024-08-05,12:50,,Europe/Paris,7,7,7,0.6,0,0,0,0,,0,,Omega,Repechage Round,46413,First in each Repechage heat (Q)  and next 2 fastest (q) advance to Semi-Final,,,,,,https://worldathletics.org/competitions/olympic-games/the-xxxiii-olympic-games-7153115/results/women/200-metres/repechage-round/result,2026-09-29T08:52:23Z,,,,,,,,,,0,
OG2024-200m-W-RP-H2,OG,2024,200m,W,RP,2,2024-08-05,12:58,,Europe/Paris,7,6,6,0.6,0,0,1,0,,0,,Omega,Repechage Round,47832,First in each Repechage heat (Q)  and next 2 fastest (q) advance to Semi-Final,,,,,,https://worldathletics.org/competitions/olympic-games/the-xxxiii-olympic-games-7153115/results/women/200-metres/repechage-round/result,2026-09-29T08:52:23Z,,,,,,,,,,0,
OG2024-200m-W-RP-H3,OG,2024,200m,W,RP,3,2024-08-05,13:06,,Europe/Paris,7,5,5,-0.4,0,0,2,0,,0,,Omega,Repechage Round,47833,First in each Repechage heat (Q)  and next 2 fastest (q) advance to Semi-Final,,,,,,https://worldathletics.org/competitions/olympic-games/the-xxxiii-olympic-games-7153115/results/women/200-metres/repechage-round/result,2026-09-29T08:52:23Z,,,,,,,,,,0,
OG2024-200m-W-RP-H4,OG,2024,200m,W,RP,4,2024-08-05,13:14,,Europe/Paris,6,6,6,-0.9,0,0,0,0,,0,,Omega,Repechage Round,47834,First in each Repechage heat (Q)  and next 2 fastest (q) advance to Semi-Final,,,,,,https://worldathletics.org/competitions/olympic-games/the-xxxiii-olympic-games-7153115/results/women/200-metres/repechage-round/result,2026-09-29T08:52:23Z,,,,,,,,,,0,
OG2024-200m-W-SF-H1,OG,2024,200m,W,SF,1,2024-08-05,20:45,,Europe/Paris,8,8,8,0.0,0,0,0,0,,0,,Omega,Semi-Finals,46414,First 2 in each heat (Q)  and next 2 fastest (q) advance to Final,,,,,,https://worldathletics.org/competitions/olympic-games/the-xxxiii-olympic-games-7153115/results/women/200-metres/semi-finals/result,2026-09-29T08:52:26Z,,,,,,,,,,0,
OG2024-200m-W-SF-H2,OG,2024,200m,W,SF,2,2024-08-05,20:54,,Europe/Paris,8,8,8,0.2,0,0,0,0,,0,,Omega,Semi-Finals,47835,First 2 in each heat (Q)  and next 2 fastest (q) advance to Final,,,,,,https://worldathletics.org/competitions/olympic-games/the-xxxiii-olympic-games-7153115/results/women/200-metres/semi-finals/result,2026-09-29T08:52:26Z,,,,,,,,,,0,
OG2024-200m-W-SF-H3,OG,2024,200m,W,SF,3,2024-08-05,21:03,,Europe/Paris,8,8,8,0.1,0,0,0,0,,0,,Omega,Semi-Finals,47836,First 2 in each heat (Q)  and next 2 fastest (q) advance to Final,,,,,,https://worldathletics.org/competitions/olympic-games/the-xxxiii-olympic-games-7153115/results/women/200-metres/semi-finals/result,2026-09-29T08:52:26Z,,,,,,,,,,0,
OG2024-200m-W-F-H1,OG,2024,200m,W,F,1,2024-08-06,21:40,,Europe/Paris,8,8,8,-0.6,0,0,0,0,,0,,Omega,Final,46411,,,,,,,https://worldathletics.org/competitions/olympic-games/the-xxxiii-olympic-games-7153115/results/women/200-metres/final/result,2026-09-29T08:52:17Z,,,,,,,,,,0,
WCH2015-100m-M-PR-H1,WCH,2015,100m,M,PR,1,2015-08-22,12:40,12:39,Asia/Shanghai,9,9,9,-0.8,0,0,0,0,,0,,Seiko,Preliminary Round,33363,First 3 in each heat (Q) and the next 3 fastest (q),,,https://media.aws.iaaf.org/competitiondocuments/photofinish/4875/M_100_pr_1.jpg,https://media.aws.iaaf.org/competitiondocuments/pdf/4875/AT-100-M-pr----.RS6.pdf,,https://worldathletics.org/competitions/world-athletics-championships/15th-iaaf-world-championships-7078726/results/men/100-metres/preliminary-round/result,2026-09-29T09:43:35Z,,,,,,,,,,0,
WCH2015-100m-M-PR-H2,WCH,2015,100m,M,PR,2,2015-08-22,12:47,12:45,Asia/Shanghai,9,9,8,-0.3,1,1,0,0,"Berenger Aymard Bosse (CAF, lane 3, FS, RT n/a)",0,,Seiko,Preliminary Round,34772,First 3 in each heat (Q) and the next 3 fastest (q),,,https://media.aws.iaaf.org/competitiondocuments/photofinish/4875/M_100_pr_2.jpg,https://media.aws.iaaf.org/competitiondocuments/pdf/4875/AT-100-M-pr----.RS6.pdf,,https://worldathletics.org/competitions/world-athletics-championships/15th-iaaf-world-championships-7078726/results/men/100-metres/preliminary-round/result,2026-09-29T09:43:35Z,,,,IAAF Rule 162.7 - False Start,,,,,,0,
WCH2015-100m-M-PR-H3,WCH,2015,100m,M,PR,3,2015-08-22,12:54,12:53,Asia/Shanghai,9,9,9,-0.6,0,0,0,0,,0,,Seiko,Preliminary Round,34773,First 3 in each heat (Q) and the next 3 fastest (q),,,https://media.aws.iaaf.org/competitiondocuments/photofinish/4875/M_100_pr_3.jpg,https://media.aws.iaaf.org/competitiondocuments/pdf/4875/AT-100-M-pr----.RS6.pdf,,https://worldathletics.org/competitions/world-athletics-championships/15th-iaaf-world-championships-7078726/results/men/100-metres/preliminary-round/result,2026-09-29T09:43:35Z,,,,,,,,,,0,
WCH2015-100m-M-R1-H1,WCH,2015,100m,M,R1,1,2015-08-22,19:20,19:19,Asia/Shanghai,8,8,8,-0.1,0,0,0,0,,0,,Seiko,Round 1,33365,First 3 in each heat (Q) and the next 3 fastest (q),,,https://media.aws.iaaf.org/competitiondocuments/photofinish/4875/M_100_h_1.jpg,https://media.aws.iaaf.org/competitiondocuments/pdf/4875/AT-100-M-h----.RS6.pdf,,https://worldathletics.org/competitions/world-athletics-championships/15th-iaaf-world-championships-7078726/results/men/100-metres/round-1/result,2026-09-29T09:43:38Z,,,,,,,,,,0,
WCH2015-100m-M-R1-H2,WCH,2015,100m,M,R1,2,2015-08-22,19:27,19:26,Asia/Shanghai,8,8,7,-1.4,1,1,0,0,"Anaso Jobodwana (RSA, lane 5, FS, RT n/a)",0,,Seiko,Round 1,34766,First 3 in each heat (Q) and the next 3 fastest (q),,,https://media.aws.iaaf.org/competitiondocuments/photofinish/4875/M_100_h_2.jpg,https://media.aws.iaaf.org/competitiondocuments/pdf/4875/AT-100-M-h----.RS6.pdf,,https://worldathletics.org/competitions/world-athletics-championships/15th-iaaf-world-championships-7078726/results/men/100-metres/round-1/result,2026-09-29T09:43:38Z,,,,IAAF Rule 162.7 - False Start,,,,,,0,
WCH2015-100m-M-R1-H3,WCH,2015,100m,M,R1,3,2015-08-22,19:34,19:34,Asia/Shanghai,8,8,8,-0.3,0,0,0,0,,0,,Seiko,Round 1,34767,First 3 in each heat (Q) and the next 3 fastest (q),,,https://media.aws.iaaf.org/competitiondocuments/photofinish/4875/M_100_h_3.jpg,https://media.aws.iaaf.org/competitiondocuments/pdf/4875/AT-100-M-h----.RS6.pdf,,https://worldathletics.org/competitions/world-athletics-championships/15th-iaaf-world-championships-7078726/results/men/100-metres/round-1/result,2026-09-29T09:43:38Z,,,,,,,,,,0,
WCH2015-100m-M-R1-H4,WCH,2015,100m,M,R1,4,2015-08-22,19:41,19:40,Asia/Shanghai,8,6,6,0.5,0,0,2,0,,0,,Seiko,Round 1,34768,First 3 in each heat (Q) and the next 3 fastest (q),,,https://media.aws.iaaf.org/competitiondocuments/photofinish/4875/M_100_h_4.jpg,https://media.aws.iaaf.org/competitiondocuments/pdf/4875/AT-100-M-h----.RS6.pdf,,https://worldathletics.org/competitions/world-athletics-championships/15th-iaaf-world-championships-7078726/results/men/100-metres/round-1/result,2026-09-29T09:43:38Z,,,,,,,,,,0,
WCH2015-100m-M-R1-H5,WCH,2015,100m,M,R1,5,2015-08-22,19:48,19:47,Asia/Shanghai,8,8,8,0.3,0,0,0,0,,0,,Seiko,Round 1,34769,First 3 in each heat (Q) and the next 3 fastest (q),,,https://media.aws.iaaf.org/competitiondocuments/photofinish/4875/M_100_h_5.jpg,https://media.aws.iaaf.org/competitiondocuments/pdf/4875/AT-100-M-h----.RS6.pdf,,https://worldathletics.org/competitions/world-athletics-championships/15th-iaaf-world-championships-7078726/results/men/100-metres/round-1/result,2026-09-29T09:43:38Z,,,,,,,,,,0,
WCH2015-100m-M-R1-H6,WCH,2015,100m,M,R1,6,2015-08-22,19:55,19:54,Asia/Shanghai,8,8,8,2.1,0,0,0,0,,0,,Seiko,Round 1,34770,First 3 in each heat (Q) and the next 3 fastest (q),,,https://media.aws.iaaf.org/competitiondocuments/photofinish/4875/M_100_h_6.jpg,https://media.aws.iaaf.org/competitiondocuments/pdf/4875/AT-100-M-h----.RS6.pdf,,https://worldathletics.org/competitions/world-athletics-championships/15th-iaaf-world-championships-7078726/results/men/100-metres/round-1/result,2026-09-29T09:43:38Z,,,,,,,,,,0,
WCH2015-100m-M-R1-H7,WCH,2015,100m,M,R1,7,2015-08-22,20:02,20:01,Asia/Shanghai,8,8,8,-0.2,0,0,0,0,,0,,Seiko,Round 1,34771,First 3 in each heat (Q) and the next 3 fastest (q),,,https://media.aws.iaaf.org/competitiondocuments/photofinish/4875/M_100_h_7.jpg,https://media.aws.iaaf.org/competitiondocuments/pdf/4875/AT-100-M-h----.RS6.pdf,,https://worldathletics.org/competitions/world-athletics-championships/15th-iaaf-world-championships-7078726/results/men/100-metres/round-1/result,2026-09-29T09:43:38Z,,,,,,,,,,0,
WCH2015-100m-M-SF-H1,WCH,2015,100m,M,SF,1,2015-08-23,19:10,19:09,Asia/Shanghai,8,8,8,-0.4,0,0,0,0,,0,,Seiko,Semi-Finals,33386,First 2 in each heat (Q) and the next 2 fastest (q),,,https://media.aws.iaaf.org/competitiondocuments/photofinish/4875/M_100_sf_1.jpg,https://media.aws.iaaf.org/competitiondocuments/pdf/4875/AT-100-M-sf----.RS6.pdf,,https://worldathletics.org/competitions/world-athletics-championships/15th-iaaf-world-championships-7078726/results/men/100-metres/semi-finals/result,2026-09-29T09:43:41Z,,,,,,,,,,0,
WCH2015-100m-M-SF-H2,WCH,2015,100m,M,SF,2,2015-08-23,19:17,19:17,Asia/Shanghai,8,8,8,0.9,0,0,0,0,,0,,Seiko,Semi-Finals,34775,First 2 in each heat (Q) and the next 2 fastest (q),,,https://media.aws.iaaf.org/competitiondocuments/photofinish/4875/M_100_sf_2.jpg,https://media.aws.iaaf.org/competitiondocuments/pdf/4875/AT-100-M-sf----.RS6.pdf,,https://worldathletics.org/competitions/world-athletics-championships/15th-iaaf-world-championships-7078726/results/men/100-metres/semi-finals/result,2026-09-29T09:43:41Z,,,,,,,,,,0,
WCH2015-100m-M-SF-H3,WCH,2015,100m,M,SF,3,2015-08-23,19:24,19:24,Asia/Shanghai,8,8,8,-0.4,0,0,0,0,,0,,Seiko,Semi-Finals,34776,First 2 in each heat (Q) and the next 2 fastest (q),,,https://media.aws.iaaf.org/competitiondocuments/photofinish/4875/M_100_sf_3.jpg,https://media.aws.iaaf.org/competitiondocuments/pdf/4875/AT-100-M-sf----.RS6.pdf,,https://worldathletics.org/competitions/world-athletics-championships/15th-iaaf-world-championships-7078726/results/men/100-metres/semi-finals/result,2026-09-29T09:43:41Z,,,,,,,,,,0,
WCH2015-100m-M-F-H1,WCH,2015,100m,M,F,1,2015-08-23,21:15,21:18,Asia/Shanghai,9,9,9,-0.5,0,0,0,0,,0,,Seiko,Final,33385,,,,https://media.aws.iaaf.org/competitiondocuments/photofinish/4875/M_100_f_1.jpg,https://media.aws.iaaf.org/competitiondocuments/pdf/4875/AT-100-M-f----.RS6.pdf,,https://worldathletics.org/competitions/world-athletics-championships/15th-iaaf-world-championships-7078726/results/men/100-metres/final/result,2026-09-29T09:43:32Z,-0.5,22.0,78.0,,,,,,,0,
WCH2015-100m-W-R1-H1,WCH,2015,100m,W,R1,1,2015-08-23,12:00,11:59,Asia/Shanghai,8,8,8,0.5,0,0,0,0,,0,,Seiko,Round 1,33381,First 3 in each heat (Q) and the next 3 fastest (q),,,https://media.aws.iaaf.org/competitiondocuments/photofinish/4875/W_100_h_1.jpg,https://media.aws.iaaf.org/competitiondocuments/pdf/4875/AT-100-W-h----.RS6.pdf,,https://worldathletics.org/competitions/world-athletics-championships/15th-iaaf-world-championships-7078726/results/women/100-metres/round-1/result,2026-09-29T09:43:46Z,,,,,,,,,,0,
WCH2015-100m-W-R1-H2,WCH,2015,100m,W,R1,2,2015-08-23,12:07,12:06,Asia/Shanghai,8,8,7,-1.3,1,1,0,0,"Charlotte Wingfield (MLT, lane 8, FS, RT n/a)",0,,Seiko,Round 1,34829,First 3 in each heat (Q) and the next 3 fastest (q),,,https://media.aws.iaaf.org/competitiondocuments/photofinish/4875/W_100_h_2.jpg,https://media.aws.iaaf.org/competitiondocuments/pdf/4875/AT-100-W-h----.RS6.pdf,,https://worldathletics.org/competitions/world-athletics-championships/15th-iaaf-world-championships-7078726/results/women/100-metres/round-1/result,2026-09-29T09:43:46Z,,,,IAAF Rule 162.7 - False Start,,,,,,0,
WCH2015-100m-W-R1-H3,WCH,2015,100m,W,R1,3,2015-08-23,12:14,12:13,Asia/Shanghai,8,8,8,-1.2,0,0,0,0,,0,,Seiko,Round 1,34830,First 3 in each heat (Q) and the next 3 fastest (q),,,https://media.aws.iaaf.org/competitiondocuments/photofinish/4875/W_100_h_3.jpg,https://media.aws.iaaf.org/competitiondocuments/pdf/4875/AT-100-W-h----.RS6.pdf,,https://worldathletics.org/competitions/world-athletics-championships/15th-iaaf-world-championships-7078726/results/women/100-metres/round-1/result,2026-09-29T09:43:46Z,,,,,,,,,,0,
WCH2015-100m-W-R1-H4,WCH,2015,100m,W,R1,4,2015-08-23,12:21,12:20,Asia/Shanghai,7,7,6,2.3,1,1,0,0,"Jamile Samuel (NED, lane 7, FS, RT n/a)",0,,Seiko,Round 1,34831,First 3 in each heat (Q) and the next 3 fastest (q),,,https://media.aws.iaaf.org/competitiondocuments/photofinish/4875/W_100_h_4.jpg,https://media.aws.iaaf.org/competitiondocuments/pdf/4875/AT-100-W-h----.RS6.pdf,,https://worldathletics.org/competitions/world-athletics-championships/15th-iaaf-world-championships-7078726/results/women/100-metres/round-1/result,2026-09-29T09:43:46Z,,,,IAAF Rule 162.7 - False Start,,,,,,0,
WCH2015-100m-W-R1-H5,WCH,2015,100m,W,R1,5,2015-08-23,12:28,12:27,Asia/Shanghai,8,8,8,-1.6,0,0,0,0,,0,,Seiko,Round 1,34832,First 3 in each heat (Q) and the next 3 fastest (q),,,https://media.aws.iaaf.org/competitiondocuments/photofinish/4875/W_100_h_5.jpg,https://media.aws.iaaf.org/competitiondocuments/pdf/4875/AT-100-W-h----.RS6.pdf,,https://worldathletics.org/competitions/world-athletics-championships/15th-iaaf-world-championships-7078726/results/women/100-metres/round-1/result,2026-09-29T09:43:46Z,,,,,,,,,,0,
WCH2015-100m-W-R1-H6,WCH,2015,100m,W,R1,6,2015-08-23,12:35,12:34,Asia/Shanghai,8,8,8,1.5,0,0,0,0,,0,,Seiko,Round 1,34833,First 3 in each heat (Q) and the next 3 fastest (q),,,https://media.aws.iaaf.org/competitiondocuments/photofinish/4875/W_100_h_6.jpg,https://media.aws.iaaf.org/competitiondocuments/pdf/4875/AT-100-W-h----.RS6.pdf,,https://worldathletics.org/competitions/world-athletics-championships/15th-iaaf-world-championships-7078726/results/women/100-metres/round-1/result,2026-09-29T09:43:46Z,,,,,,,,,,0,
WCH2015-100m-W-R1-H7,WCH,2015,100m,W,R1,7,2015-08-23,12:42,12:41,Asia/Shanghai,7,7,7,-0.5,0,0,0,0,,0,,Seiko,Round 1,34834,First 3 in each heat (Q) and the next 3 fastest (q),,,https://media.aws.iaaf.org/competitiondocuments/photofinish/4875/W_100_h_7.jpg,https://media.aws.iaaf.org/competitiondocuments/pdf/4875/AT-100-W-h----.RS6.pdf,,https://worldathletics.org/competitions/world-athletics-championships/15th-iaaf-world-championships-7078726/results/women/100-metres/round-1/result,2026-09-29T09:43:46Z,,,,,,,,,,0,
WCH2015-100m-W-SF-H1,WCH,2015,100m,W,SF,1,2015-08-24,19:40,19:39,Asia/Shanghai,8,8,8,0.5,0,0,0,0,,0,,Seiko,Semi-Finals,33403,First 2 in each heat (Q) and the next 2 fastest (q),,,https://media.aws.iaaf.org/competitiondocuments/photofinish/4875/W_100_sf_1.jpg,https://media.aws.iaaf.org/competitiondocuments/pdf/4875/AT-100-W-sf----.RS6.pdf,,https://worldathletics.org/competitions/world-athletics-championships/15th-iaaf-world-championships-7078726/results/women/100-metres/semi-finals/result,2026-09-29T09:43:48Z,,,,,,,,,,0,
WCH2015-100m-W-SF-H2,WCH,2015,100m,W,SF,2,2015-08-24,19:47,19:46,Asia/Shanghai,8,8,8,0.9,0,0,0,0,,0,,Seiko,Semi-Finals,34835,First 2 in each heat (Q) and the next 2 fastest (q),,,https://media.aws.iaaf.org/competitiondocuments/photofinish/4875/W_100_sf_2.jpg,https://media.aws.iaaf.org/competitiondocuments/pdf/4875/AT-100-W-sf----.RS6.pdf,,https://worldathletics.org/competitions/world-athletics-championships/15th-iaaf-world-championships-7078726/results/women/100-metres/semi-finals/result,2026-09-29T09:43:48Z,,,,,,,,,,0,
WCH2015-100m-W-SF-H3,WCH,2015,100m,W,SF,3,2015-08-24,19:54,19:53,Asia/Shanghai,8,8,8,-0.2,0,0,0,0,,0,,Seiko,Semi-Finals,34836,First 2 in each heat (Q) and the next 2 fastest (q),,,https://media.aws.iaaf.org/competitiondocuments/photofinish/4875/W_100_sf_3.jpg,https://media.aws.iaaf.org/competitiondocuments/pdf/4875/AT-100-W-sf----.RS6.pdf,,https://worldathletics.org/competitions/world-athletics-championships/15th-iaaf-world-championships-7078726/results/women/100-metres/semi-finals/result,2026-09-29T09:43:48Z,,,,,,,,,,0,
WCH2015-100m-W-F-H1,WCH,2015,100m,W,F,1,2015-08-24,21:35,21:36,Asia/Shanghai,8,8,8,-0.3,0,0,0,0,,0,,Seiko,Final,33413,,,,https://media.aws.iaaf.org/competitiondocuments/photofinish/4875/W_100_f_1.jpg,https://media.aws.iaaf.org/competitiondocuments/pdf/4875/AT-100-W-f----.RS6.pdf,,https://worldathletics.org/competitions/world-athletics-championships/15th-iaaf-world-championships-7078726/results/women/100-metres/final/result,2026-09-29T09:43:43Z,-0.3,22.0,88.0,,,,,,,0,
WCH2015-100mH-W-R1-H1,WCH,2015,100mH,W,R1,1,2015-08-27,11:15,11:14,Asia/Shanghai,7,7,7,-1.8,0,0,0,0,,0,,Seiko,Round 1,33440,First 4 in each heat (Q) and the next 4 fastest (q),,,https://media.aws.iaaf.org/competitiondocuments/photofinish/4875/W_100H_h_1.jpg,https://media.aws.iaaf.org/competitiondocuments/pdf/4875/AT-100H-W-h----.RS6.pdf,,https://worldathletics.org/competitions/world-athletics-championships/15th-iaaf-world-championships-7078726/results/women/100-metres-hurdles/round-1/result,2026-09-29T09:44:02Z,,,,,,,,,,0,
WCH2015-100mH-W-R1-H2,WCH,2015,100mH,W,R1,2,2015-08-27,11:23,11:22,Asia/Shanghai,7,7,7,-1.2,0,0,0,0,,0,,Seiko,Round 1,34837,First 4 in each heat (Q) and the next 4 fastest (q),,,https://media.aws.iaaf.org/competitiondocuments/photofinish/4875/W_100H_h_2.jpg,https://media.aws.iaaf.org/competitiondocuments/pdf/4875/AT-100H-W-h----.RS6.pdf,,https://worldathletics.org/competitions/world-athletics-championships/15th-iaaf-world-championships-7078726/results/women/100-metres-hurdles/round-1/result,2026-09-29T09:44:02Z,,,,,,,,,,0,
WCH2015-100mH-W-R1-H3,WCH,2015,100mH,W,R1,3,2015-08-27,11:31,11:31,Asia/Shanghai,7,7,7,-1.0,0,0,0,0,,0,,Seiko,Round 1,34838,First 4 in each heat (Q) and the next 4 fastest (q),,,https://media.aws.iaaf.org/competitiondocuments/photofinish/4875/W_100H_h_3.jpg,https://media.aws.iaaf.org/competitiondocuments/pdf/4875/AT-100H-W-h----.RS6.pdf,,https://worldathletics.org/competitions/world-athletics-championships/15th-iaaf-world-championships-7078726/results/women/100-metres-hurdles/round-1/result,2026-09-29T09:44:02Z,,,,,,,,,,0,
WCH2015-100mH-W-R1-H4,WCH,2015,100mH,W,R1,4,2015-08-27,11:39,11:38,Asia/Shanghai,8,8,8,-0.4,0,0,0,0,,0,,Seiko,Round 1,34839,First 4 in each heat (Q) and the next 4 fastest (q),,,https://media.aws.iaaf.org/competitiondocuments/photofinish/4875/W_100H_h_4.jpg,https://media.aws.iaaf.org/competitiondocuments/pdf/4875/AT-100H-W-h----.RS6.pdf,,https://worldathletics.org/competitions/world-athletics-championships/15th-iaaf-world-championships-7078726/results/women/100-metres-hurdles/round-1/result,2026-09-29T09:44:02Z,,,,,,,,,,0,
WCH2015-100mH-W-R1-H5,WCH,2015,100mH,W,R1,5,2015-08-27,11:47,11:46,Asia/Shanghai,8,8,8,-1.1,0,0,0,0,,0,,Seiko,Round 1,34840,First 4 in each heat (Q) and the next 4 fastest (q),,,https://media.aws.iaaf.org/competitiondocuments/photofinish/4875/W_100H_h_5.jpg,https://media.aws.iaaf.org/competitiondocuments/pdf/4875/AT-100H-W-h----.RS6.pdf,,https://worldathletics.org/competitions/world-athletics-championships/15th-iaaf-world-championships-7078726/results/women/100-metres-hurdles/round-1/result,2026-09-29T09:44:02Z,,,,,,,,,,0,
WCH2015-100mH-W-SF-H1,WCH,2015,100mH,W,SF,1,2015-08-28,19:25,19:24,Asia/Shanghai,8,8,8,-0.3,0,0,0,2,,0,,Seiko,Semi-Finals,33459,First 2 in each heat (Q) and the next 2 fastest (q),,,https://media.aws.iaaf.org/competitiondocuments/photofinish/4875/W_100H_sf_1.jpg,https://media.aws.iaaf.org/competitiondocuments/pdf/4875/AT-100H-W-sf----.RS6.pdf,,https://worldathletics.org/competitions/world-athletics-championships/15th-iaaf-world-championships-7078726/results/women/100-metres-hurdles/semi-finals/result,2026-09-29T09:44:04Z,,,,,,,,,,0,
WCH2015-100mH-W-SF-H2,WCH,2015,100mH,W,SF,2,2015-08-28,19:33,19:32,Asia/Shanghai,8,8,8,-0.4,1,1,0,1,"Kendra Harrison (USA, lane 4, FS, RT 0.071)",0,,Seiko,Semi-Finals,34841,First 2 in each heat (Q) and the next 2 fastest (q),,,https://media.aws.iaaf.org/competitiondocuments/photofinish/4875/W_100H_sf_2.jpg,https://media.aws.iaaf.org/competitiondocuments/pdf/4875/AT-100H-W-sf----.RS6.pdf,,https://worldathletics.org/competitions/world-athletics-championships/15th-iaaf-world-championships-7078726/results/women/100-metres-hurdles/semi-finals/result,2026-09-29T09:44:04Z,,,,IAAF Rule 162.7 - False Start,,,,,,0,Kendra Harrison:F1
WCH2015-100mH-W-SF-H3,WCH,2015,100mH,W,SF,3,2015-08-28,19:41,19:43,Asia/Shanghai,8,8,8,-0.8,0,0,0,0,,0,,Seiko,Semi-Finals,34842,First 2 in each heat (Q) and the next 2 fastest (q),,,https://media.aws.iaaf.org/competitiondocuments/photofinish/4875/W_100H_sf_3.jpg,https://media.aws.iaaf.org/competitiondocuments/pdf/4875/AT-100H-W-sf----.RS6.pdf,,https://worldathletics.org/competitions/world-athletics-championships/15th-iaaf-world-championships-7078726/results/women/100-metres-hurdles/semi-finals/result,2026-09-29T09:44:04Z,,,,,,,,,,0,
WCH2015-100mH-W-F-H1,WCH,2015,100mH,W,F,1,2015-08-28,21:35,21:35,Asia/Shanghai,8,8,8,-0.3,0,0,0,0,,0,,Seiko,Final,33466,,,,https://media.aws.iaaf.org/competitiondocuments/photofinish/4875/W_100H_f_1.jpg,https://media.aws.iaaf.org/competitiondocuments/pdf/4875/AT-100H-W-f----.RS6.pdf,,https://worldathletics.org/competitions/world-athletics-championships/15th-iaaf-world-championships-7078726/results/women/100-metres-hurdles/final/result,2026-09-29T09:44:00Z,-0.3,24.0,65.0,,,,,,,0,
WCH2015-110mH-M-R1-H1,WCH,2015,110mH,M,R1,1,2015-08-26,11:20,11:19,Asia/Shanghai,9,9,9,-1.3,1,2,0,0,"Mikel Thomas (TTO, lane 3, DQ, RT 0.160); Alexander John (GER, lane 8, FS, RT 0.053)",0,,Seiko,Round 1,33418,First 4 in each heat (Q) and the next 4 fastest (q),,,https://media.aws.iaaf.org/competitiondocuments/photofinish/4875/M_110H_h_1.jpg,https://media.aws.iaaf.org/competitiondocuments/pdf/4875/AT-110H-M-h----.RS6.pdf,,https://worldathletics.org/competitions/world-athletics-championships/15th-iaaf-world-championships-7078726/results/men/110-metres-hurdles/round-1/result,2026-09-29T09:43:54Z,,,,IAAF Rule 162.7 - False Start,,,,,,0,Alexander John:F1
WCH2015-110mH-M-R1-H2,WCH,2015,110mH,M,R1,2,2015-08-26,11:29,11:28,Asia/Shanghai,8,8,8,0.2,2,2,0,0,"Ronnie Ash (USA, lane 3, FS, RT -0.024); Petr Svoboda (CZE, lane 6, FS, RT -0.048)",0,,Seiko,Round 1,34780,First 4 in each heat (Q) and the next 4 fastest (q),,,https://media.aws.iaaf.org/competitiondocuments/photofinish/4875/M_110H_h_2.jpg,https://media.aws.iaaf.org/competitiondocuments/pdf/4875/AT-110H-M-h----.RS6.pdf,,https://worldathletics.org/competitions/world-athletics-championships/15th-iaaf-world-championships-7078726/results/men/110-metres-hurdles/round-1/result,2026-09-29T09:43:54Z,,,,IAAF Rule 162.7 - False Start,,,,,,0,Ronnie Ash:F1; Petr Svoboda:F2
WCH2015-110mH-M-R1-H3,WCH,2015,110mH,M,R1,3,2015-08-26,11:38,11:41,Asia/Shanghai,9,9,9,-1.0,0,0,0,0,,0,,Seiko,Round 1,34781,First 4 in each heat (Q) and the next 4 fastest (q),,,https://media.aws.iaaf.org/competitiondocuments/photofinish/4875/M_110H_h_3.jpg,https://media.aws.iaaf.org/competitiondocuments/pdf/4875/AT-110H-M-h----.RS6.pdf,,https://worldathletics.org/competitions/world-athletics-championships/15th-iaaf-world-championships-7078726/results/men/110-metres-hurdles/round-1/result,2026-09-29T09:43:54Z,,,,,,,,,,0,
WCH2015-110mH-M-R1-H4,WCH,2015,110mH,M,R1,4,2015-08-26,11:47,11:49,Asia/Shanghai,8,8,8,-0.7,0,0,0,0,,0,,Seiko,Round 1,34782,First 4 in each heat (Q) and the next 4 fastest (q),,,https://media.aws.iaaf.org/competitiondocuments/photofinish/4875/M_110H_h_4.jpg,https://media.aws.iaaf.org/competitiondocuments/pdf/4875/AT-110H-M-h----.RS6.pdf,,https://worldathletics.org/competitions/world-athletics-championships/15th-iaaf-world-championships-7078726/results/men/110-metres-hurdles/round-1/result,2026-09-29T09:43:54Z,,,,,,,,,,0,
WCH2015-110mH-M-R1-H5,WCH,2015,110mH,M,R1,5,2015-08-26,11:56,11:55,Asia/Shanghai,8,8,8,-1.2,0,0,0,1,,0,,Seiko,Round 1,34783,First 4 in each heat (Q) and the next 4 fastest (q),,,https://media.aws.iaaf.org/competitiondocuments/photofinish/4875/M_110H_h_5.jpg,https://media.aws.iaaf.org/competitiondocuments/pdf/4875/AT-110H-M-h----.RS6.pdf,,https://worldathletics.org/competitions/world-athletics-championships/15th-iaaf-world-championships-7078726/results/men/110-metres-hurdles/round-1/result,2026-09-29T09:43:54Z,,,,,,,,,,0,
WCH2015-110mH-M-SF-H1,WCH,2015,110mH,M,SF,1,2015-08-27,19:05,19:04,Asia/Shanghai,9,9,9,0.0,0,0,0,1,,0,,Seiko,Semi-Finals,33436,First 2 in each heat (Q) and the next 2 fastest (q),,,https://media.aws.iaaf.org/competitiondocuments/photofinish/4875/M_110H_sf_1.jpg,https://media.aws.iaaf.org/competitiondocuments/pdf/4875/AT-110H-M-sf----.RS6.pdf,,https://worldathletics.org/competitions/world-athletics-championships/15th-iaaf-world-championships-7078726/results/men/110-metres-hurdles/semi-finals/result,2026-09-29T09:43:57Z,,,,,,,,,,0,
WCH2015-110mH-M-SF-H2,WCH,2015,110mH,M,SF,2,2015-08-27,19:14,19:14,Asia/Shanghai,8,8,8,-0.2,0,0,0,0,,0,,Seiko,Semi-Finals,34784,First 2 in each heat (Q) and the next 2 fastest (q),,,https://media.aws.iaaf.org/competitiondocuments/photofinish/4875/M_110H_sf_2.jpg,https://media.aws.iaaf.org/competitiondocuments/pdf/4875/AT-110H-M-sf----.RS6.pdf,,https://worldathletics.org/competitions/world-athletics-championships/15th-iaaf-world-championships-7078726/results/men/110-metres-hurdles/semi-finals/result,2026-09-29T09:43:57Z,,,,,,,,,,0,
WCH2015-110mH-M-SF-H3,WCH,2015,110mH,M,SF,3,2015-08-27,19:23,19:22,Asia/Shanghai,8,8,8,-0.1,0,0,0,0,,0,,Seiko,Semi-Finals,34785,First 2 in each heat (Q) and the next 2 fastest (q),,,https://media.aws.iaaf.org/competitiondocuments/photofinish/4875/M_110H_sf_3.jpg,https://media.aws.iaaf.org/competitiondocuments/pdf/4875/AT-110H-M-sf----.RS6.pdf,,https://worldathletics.org/competitions/world-athletics-championships/15th-iaaf-world-championships-7078726/results/men/110-metres-hurdles/semi-finals/result,2026-09-29T09:43:57Z,,,,,,,,,,0,
WCH2015-110mH-M-F-H1,WCH,2015,110mH,M,F,1,2015-08-28,21:20,21:19,Asia/Shanghai,8,8,8,0.1,0,0,0,0,,0,,Seiko,Final,33465,,,,https://media.aws.iaaf.org/competitiondocuments/photofinish/4875/M_110H_f_1.jpg,https://media.aws.iaaf.org/competitiondocuments/pdf/4875/AT-110H-M-f----.RS6.pdf,,https://worldathletics.org/competitions/world-athletics-championships/15th-iaaf-world-championships-7078726/results/men/110-metres-hurdles/final/result,2026-09-29T09:43:52Z,0.1,24.0,61.0,,,,,,,0,
WCH2015-200m-M-R1-H1,WCH,2015,200m,M,R1,1,2015-08-25,19:30,19:29,Asia/Shanghai,9,9,9,-0.3,0,1,0,0,"Ahmed Ali (SUD, lane 6, DQ, RT 0.189)",0,,Seiko,Round 1,33408,First 3 in each heat (Q) and the next 3 fastest (q),,,https://media.aws.iaaf.org/competitiondocuments/photofinish/4875/M_200_h_1.jpg,https://media.aws.iaaf.org/competitiondocuments/pdf/4875/AT-200-M-h----.RS6.pdf,,https://worldathletics.org/competitions/world-athletics-championships/15th-iaaf-world-championships-7078726/results/men/200-metres/round-1/result,2026-09-29T09:44:11Z,,,,IAAF Rule 163.3(a) - Lane infringement,,,,,,0,
WCH2015-200m-M-R1-H2,WCH,2015,200m,M,R1,2,2015-08-25,19:37,19:36,Asia/Shanghai,9,9,9,-0.2,0,0,0,0,,0,,Seiko,Round 1,34793,First 3 in each heat (Q) and the next 3 fastest (q),,,https://media.aws.iaaf.org/competitiondocuments/photofinish/4875/M_200_h_2.jpg,https://media.aws.iaaf.org/competitiondocuments/pdf/4875/AT-200-M-h----.RS6.pdf,,https://worldathletics.org/competitions/world-athletics-championships/15th-iaaf-world-championships-7078726/results/men/200-metres/round-1/result,2026-09-29T09:44:11Z,,,,,,,,,,0,
WCH2015-200m-M-R1-H3,WCH,2015,200m,M,R1,3,2015-08-25,19:44,19:43,Asia/Shanghai,9,9,8,0.1,0,1,0,0,"Rolando Palacios (HON, lane 5, DQ, RT 0.185)",0,,Seiko,Round 1,34794,First 3 in each heat (Q) and the next 3 fastest (q),,,https://media.aws.iaaf.org/competitiondocuments/photofinish/4875/M_200_h_3.jpg,https://media.aws.iaaf.org/competitiondocuments/pdf/4875/AT-200-M-h----.RS6.pdf,,https://worldathletics.org/competitions/world-athletics-championships/15th-iaaf-world-championships-7078726/results/men/200-metres/round-1/result,2026-09-29T09:44:11Z,,,,IAAF Rule 163.3(a) - Lane infringement,,,,,,0,
WCH2015-200m-M-R1-H4,WCH,2015,200m,M,R1,4,2015-08-25,19:51,19:51,Asia/Shanghai,9,9,8,0.0,0,1,0,0,"Mohammad Hossein Abareghi (IRI, lane 7, DQ, RT n/a)",0,,Seiko,Round 1,34795,First 3 in each heat (Q) and the next 3 fastest (q),,,https://media.aws.iaaf.org/competitiondocuments/photofinish/4875/M_200_h_4.jpg,https://media.aws.iaaf.org/competitiondocuments/pdf/4875/AT-200-M-h----.RS6.pdf,,https://worldathletics.org/competitions/world-athletics-championships/15th-iaaf-world-championships-7078726/results/men/200-metres/round-1/result,2026-09-29T09:44:11Z,,,,,,,,,,0,
WCH2015-200m-M-R1-H5,WCH,2015,200m,M,R1,5,2015-08-25,19:58,19:57,Asia/Shanghai,8,8,8,-0.4,0,0,0,0,,0,,Seiko,Round 1,34796,First 3 in each heat (Q) and the next 3 fastest (q),,,https://media.aws.iaaf.org/competitiondocuments/photofinish/4875/M_200_h_5.jpg,https://media.aws.iaaf.org/competitiondocuments/pdf/4875/AT-200-M-h----.RS6.pdf,,https://worldathletics.org/competitions/world-athletics-championships/15th-iaaf-world-championships-7078726/results/men/200-metres/round-1/result,2026-09-29T09:44:11Z,,,,,,,,,,0,
WCH2015-200m-M-R1-H6,WCH,2015,200m,M,R1,6,2015-08-25,20:05,20:04,Asia/Shanghai,8,7,7,-0.1,0,0,1,0,,0,,Seiko,Round 1,34797,First 3 in each heat (Q) and the next 3 fastest (q),,,https://media.aws.iaaf.org/competitiondocuments/photofinish/4875/M_200_h_6.jpg,https://media.aws.iaaf.org/competitiondocuments/pdf/4875/AT-200-M-h----.RS6.pdf,,https://worldathletics.org/competitions/world-athletics-championships/15th-iaaf-world-championships-7078726/results/men/200-metres/round-1/result,2026-09-29T09:44:11Z,,,,,,,,,,0,
WCH2015-200m-M-R1-H7,WCH,2015,200m,M,R1,7,2015-08-25,20:12,20:11,Asia/Shanghai,8,8,8,-0.4,1,2,0,0,"Alex Quiñónez (ECU, lane 7, FS, RT -0.234); Zhenye Xie (CHN, lane 8, DQ, RT 0.191)",0,,Seiko,Round 1,34798,First 3 in each heat (Q) and the next 3 fastest (q),,,https://media.aws.iaaf.org/competitiondocuments/photofinish/4875/M_200_h_7.jpg,https://media.aws.iaaf.org/competitiondocuments/pdf/4875/AT-200-M-h----.RS6.pdf,,https://worldathletics.org/competitions/world-athletics-championships/15th-iaaf-world-championships-7078726/results/men/200-metres/round-1/result,2026-09-29T09:44:11Z,,,,IAAF Rule 162.7 - False Start,,,,,,0,Alex Quiñónez:F1
WCH2015-200m-M-SF-H1,WCH,2015,200m,M,SF,1,2015-08-26,20:30,20:28,Asia/Shanghai,8,8,8,0.4,0,0,0,0,,0,,Seiko,Semi-Finals,33429,First 2 in each heat (Q) and the next 2 fastest (q),,,https://media.aws.iaaf.org/competitiondocuments/photofinish/4875/M_200_sf_1.jpg,https://media.aws.iaaf.org/competitiondocuments/pdf/4875/AT-200-M-sf----.RS6.pdf,,https://worldathletics.org/competitions/world-athletics-championships/15th-iaaf-world-championships-7078726/results/men/200-metres/semi-finals/result,2026-09-29T09:44:13Z,,,,,,,,,,0,
WCH2015-200m-M-SF-H2,WCH,2015,200m,M,SF,2,2015-08-26,20:38,20:37,Asia/Shanghai,8,8,8,-0.2,0,0,0,0,,0,,Seiko,Semi-Finals,34799,First 2 in each heat (Q) and the next 2 fastest (q),,,https://media.aws.iaaf.org/competitiondocuments/photofinish/4875/M_200_sf_2.jpg,https://media.aws.iaaf.org/competitiondocuments/pdf/4875/AT-200-M-sf----.RS6.pdf,,https://worldathletics.org/competitions/world-athletics-championships/15th-iaaf-world-championships-7078726/results/men/200-metres/semi-finals/result,2026-09-29T09:44:13Z,,,,,,,,,,0,
WCH2015-200m-M-SF-H3,WCH,2015,200m,M,SF,3,2015-08-26,20:46,20:45,Asia/Shanghai,8,8,8,0.8,0,0,0,0,,0,,Seiko,Semi-Finals,34800,First 2 in each heat (Q) and the next 2 fastest (q),,,https://media.aws.iaaf.org/competitiondocuments/photofinish/4875/M_200_sf_3.jpg,https://media.aws.iaaf.org/competitiondocuments/pdf/4875/AT-200-M-sf----.RS6.pdf,,https://worldathletics.org/competitions/world-athletics-championships/15th-iaaf-world-championships-7078726/results/men/200-metres/semi-finals/result,2026-09-29T09:44:13Z,,,,,,,,,,0,
WCH2015-200m-M-F-H1,WCH,2015,200m,M,F,1,2015-08-27,20:55,20:55,Asia/Shanghai,8,8,8,-0.1,0,0,0,0,,0,,Seiko,Final,33448,,,,https://media.aws.iaaf.org/competitiondocuments/photofinish/4875/M_200_f_1.jpg,https://media.aws.iaaf.org/competitiondocuments/pdf/4875/AT-200-M-f----.RS6.pdf,,https://worldathletics.org/competitions/world-athletics-championships/15th-iaaf-world-championships-7078726/results/men/200-metres/final/result,2026-09-29T09:44:07Z,-0.1,26.0,61.0,,,,,,,0,
WCH2015-200m-W-R1-H1,WCH,2015,200m,W,R1,1,2015-08-26,19:15,19:14,Asia/Shanghai,7,7,7,-0.9,0,0,0,0,,0,,Seiko,Round 1,33423,First 3 in each heat (Q) and the next 3 fastest (q),,,https://media.aws.iaaf.org/competitiondocuments/photofinish/4875/W_200_h_1.jpg,https://media.aws.iaaf.org/competitiondocuments/pdf/4875/AT-200-W-h----.RS6.pdf,,https://worldathletics.org/competitions/world-athletics-championships/15th-iaaf-world-championships-7078726/results/women/200-metres/round-1/result,2026-09-29T09:44:19Z,,,,,,,,,,0,
WCH2015-200m-W-R1-H2,WCH,2015,200m,W,R1,2,2015-08-26,19:22,19:21,Asia/Shanghai,7,7,7,0.2,0,0,0,0,,0,,Seiko,Round 1,34849,First 3 in each heat (Q) and the next 3 fastest (q),,,https://media.aws.iaaf.org/competitiondocuments/photofinish/4875/W_200_h_2.jpg,https://media.aws.iaaf.org/competitiondocuments/pdf/4875/AT-200-W-h----.RS6.pdf,,https://worldathletics.org/competitions/world-athletics-championships/15th-iaaf-world-championships-7078726/results/women/200-metres/round-1/result,2026-09-29T09:44:19Z,,,,,,,,,,0,
WCH2015-200m-W-R1-H3,WCH,2015,200m,W,R1,3,2015-08-26,19:29,19:28,Asia/Shanghai,7,6,6,0.0,0,0,1,0,,0,,Seiko,Round 1,34850,First 3 in each heat (Q) and the next 3 fastest (q),,,https://media.aws.iaaf.org/competitiondocuments/photofinish/4875/W_200_h_3.jpg,https://media.aws.iaaf.org/competitiondocuments/pdf/4875/AT-200-W-h----.RS6.pdf,,https://worldathletics.org/competitions/world-athletics-championships/15th-iaaf-world-championships-7078726/results/women/200-metres/round-1/result,2026-09-29T09:44:19Z,,,,,,,,,,0,
WCH2015-200m-W-R1-H4,WCH,2015,200m,W,R1,4,2015-08-26,19:36,19:35,Asia/Shanghai,7,6,6,0.2,0,0,1,0,,0,,Seiko,Round 1,34851,First 3 in each heat (Q) and the next 3 fastest (q),,,https://media.aws.iaaf.org/competitiondocuments/photofinish/4875/W_200_h_4.jpg,https://media.aws.iaaf.org/competitiondocuments/pdf/4875/AT-200-W-h----.RS6.pdf,,https://worldathletics.org/competitions/world-athletics-championships/15th-iaaf-world-championships-7078726/results/women/200-metres/round-1/result,2026-09-29T09:44:19Z,,,,,,,,,,0,
WCH2015-200m-W-R1-H5,WCH,2015,200m,W,R1,5,2015-08-26,19:43,19:42,Asia/Shanghai,8,8,8,0.1,0,0,0,0,,0,,Seiko,Round 1,34852,First 3 in each heat (Q) and the next 3 fastest (q),,,https://media.aws.iaaf.org/competitiondocuments/photofinish/4875/W_200_h_5.jpg,https://media.aws.iaaf.org/competitiondocuments/pdf/4875/AT-200-W-h----.RS6.pdf,,https://worldathletics.org/competitions/world-athletics-championships/15th-iaaf-world-championships-7078726/results/women/200-metres/round-1/result,2026-09-29T09:44:19Z,,,,,,,,,,0,
WCH2015-200m-W-R1-H6,WCH,2015,200m,W,R1,6,2015-08-26,19:50,19:50,Asia/Shanghai,7,7,7,0.2,0,0,0,0,,0,,Seiko,Round 1,34853,First 3 in each heat (Q) and the next 3 fastest (q),,,https://media.aws.iaaf.org/competitiondocuments/photofinish/4875/W_200_h_6.jpg,https://media.aws.iaaf.org/competitiondocuments/pdf/4875/AT-200-W-h----.RS6.pdf,,https://worldathletics.org/competitions/world-athletics-championships/15th-iaaf-world-championships-7078726/results/women/200-metres/round-1/result,2026-09-29T09:44:19Z,,,,,,,,,,0,
WCH2015-200m-W-R1-H7,WCH,2015,200m,W,R1,7,2015-08-26,19:57,19:56,Asia/Shanghai,8,8,8,0.4,0,0,0,0,,0,,Seiko,Round 1,34854,First 3 in each heat (Q) and the next 3 fastest (q),,,https://media.aws.iaaf.org/competitiondocuments/photofinish/4875/W_200_h_7.jpg,https://media.aws.iaaf.org/competitiondocuments/pdf/4875/AT-200-W-h----.RS6.pdf,,https://worldathletics.org/competitions/world-athletics-championships/15th-iaaf-world-championships-7078726/results/women/200-metres/round-1/result,2026-09-29T09:44:19Z,,,,,,,,,,0,
WCH2015-200m-W-SF-H1,WCH,2015,200m,W,SF,1,2015-08-27,19:35,19:34,Asia/Shanghai,8,8,8,-0.1,0,0,0,0,,0,,Seiko,Semi-Finals,33441,First 2 in each heat (Q) and the next 2 fastest (q),,,https://media.aws.iaaf.org/competitiondocuments/photofinish/4875/W_200_sf_1.jpg,https://media.aws.iaaf.org/competitiondocuments/pdf/4875/AT-200-W-sf----.RS6.pdf,,https://worldathletics.org/competitions/world-athletics-championships/15th-iaaf-world-championships-7078726/results/women/200-metres/semi-finals/result,2026-09-29T09:44:22Z,,,,,,,,,,0,
WCH2015-200m-W-SF-H2,WCH,2015,200m,W,SF,2,2015-08-27,19:43,19:43,Asia/Shanghai,8,8,8,-0.1,0,0,0,0,,0,,Seiko,Semi-Finals,34855,First 2 in each heat (Q) and the next 2 fastest (q),,,https://media.aws.iaaf.org/competitiondocuments/photofinish/4875/W_200_sf_2.jpg,https://media.aws.iaaf.org/competitiondocuments/pdf/4875/AT-200-W-sf----.RS6.pdf,,https://worldathletics.org/competitions/world-athletics-championships/15th-iaaf-world-championships-7078726/results/women/200-metres/semi-finals/result,2026-09-29T09:44:22Z,,,,,,,,,,0,
WCH2015-200m-W-SF-H3,WCH,2015,200m,W,SF,3,2015-08-27,19:51,19:51,Asia/Shanghai,8,8,8,-0.1,0,0,0,0,,0,,Seiko,Semi-Finals,34856,First 2 in each heat (Q) and the next 2 fastest (q),,,https://media.aws.iaaf.org/competitiondocuments/photofinish/4875/W_200_sf_3.jpg,https://media.aws.iaaf.org/competitiondocuments/pdf/4875/AT-200-W-sf----.RS6.pdf,,https://worldathletics.org/competitions/world-athletics-championships/15th-iaaf-world-championships-7078726/results/women/200-metres/semi-finals/result,2026-09-29T09:44:22Z,,,,,,,,,,0,
WCH2015-200m-W-F-H1,WCH,2015,200m,W,F,1,2015-08-28,21:00,20:59,Asia/Shanghai,8,8,8,0.2,0,0,0,0,,0,,Seiko,Final,33463,,,,https://media.aws.iaaf.org/competitiondocuments/photofinish/4875/W_200_f_1.jpg,https://media.aws.iaaf.org/competitiondocuments/pdf/4875/AT-200-W-f----.RS6.pdf,,https://worldathletics.org/competitions/world-athletics-championships/15th-iaaf-world-championships-7078726/results/women/200-metres/final/result,2026-09-29T09:44:16Z,0.2,24.0,61.0,,,,,,,0,
WCH2017-100m-M-PR-H1,WCH,2017,100m,M,PR,1,2017-08-04,19:00,19:05,Europe/London,7,7,7,1.4,0,0,0,0,,0,,Seiko,Preliminary Round,37333,First 3 in each heat (Q) and the next 2 fastest (q),,,https://media.aws.iaaf.org/competitiondocuments/photofinish/5151/M_100_pr_1.jpg,https://media.aws.iaaf.org/competitiondocuments/pdf/5151/AT-100-M-pr----.RS6.pdf,,https://worldathletics.org/competitions/world-athletics-championships/iaaf-world-championships-london-2017-7093740/results/men/100-metres/preliminary-round/result,2026-09-29T09:42:42Z,,,,,,,,,,0,
WCH2017-100m-M-PR-H2,WCH,2017,100m,M,PR,2,2017-08-04,19:08,19:10,Europe/London,7,7,7,1.1,0,0,0,0,,0,,Seiko,Preliminary Round,38307,First 3 in each heat (Q) and the next 2 fastest (q),,,https://media.aws.iaaf.org/competitiondocuments/photofinish/5151/M_100_pr_2.jpg,https://media.aws.iaaf.org/competitiondocuments/pdf/5151/AT-100-M-pr----.RS6.pdf,,https://worldathletics.org/competitions/world-athletics-championships/iaaf-world-championships-london-2017-7093740/results/men/100-metres/preliminary-round/result,2026-09-29T09:42:42Z,,,,,,,,,,0,
WCH2017-100m-M-PR-H3,WCH,2017,100m,M,PR,3,2017-08-04,19:16,19:16,Europe/London,7,7,6,0.9,0,0,0,0,,0,,Seiko,Preliminary Round,38308,First 3 in each heat (Q) and the next 2 fastest (q),,,https://media.aws.iaaf.org/competitiondocuments/photofinish/5151/M_100_pr_3.jpg,https://media.aws.iaaf.org/competitiondocuments/pdf/5151/AT-100-M-pr----.RS6.pdf,,https://worldathletics.org/competitions/world-athletics-championships/iaaf-world-championships-london-2017-7093740/results/men/100-metres/preliminary-round/result,2026-09-29T09:42:42Z,,,,,,,,,,0,
WCH2017-100m-M-PR-H4,WCH,2017,100m,M,PR,4,2017-08-04,19:24,19:23,Europe/London,7,7,7,0.7,0,0,0,0,,0,,Seiko,Preliminary Round,38309,First 3 in each heat (Q) and the next 2 fastest (q),,,https://media.aws.iaaf.org/competitiondocuments/photofinish/5151/M_100_pr_4.jpg,https://media.aws.iaaf.org/competitiondocuments/pdf/5151/AT-100-M-pr----.RS6.pdf,,https://worldathletics.org/competitions/world-athletics-championships/iaaf-world-championships-london-2017-7093740/results/men/100-metres/preliminary-round/result,2026-09-29T09:42:42Z,,,,,,,,,,0,
WCH2017-100m-M-R1-H1,WCH,2017,100m,M,R1,1,2017-08-04,20:20,20:20,Europe/London,8,8,8,-0.1,0,0,0,0,,0,,Seiko,Round 1,37332,First 3 in each heat (Q) and the next 6 fastest (q),,,https://media.aws.iaaf.org/competitiondocuments/photofinish/5151/M_100_h_1.jpg,https://media.aws.iaaf.org/competitiondocuments/pdf/5151/AT-100-M-h----.RS6.pdf,,https://worldathletics.org/competitions/world-athletics-championships/iaaf-world-championships-london-2017-7093740/results/men/100-metres/round-1/result,2026-09-29T09:42:46Z,,,,,,,,,,0,
WCH2017-100m-M-R1-H2,WCH,2017,100m,M,R1,2,2017-08-04,20:28,20:27,Europe/London,8,8,8,-0.6,0,0,0,0,,0,,Seiko,Round 1,38301,First 3 in each heat (Q) and the next 6 fastest (q),,,https://media.aws.iaaf.org/competitiondocuments/photofinish/5151/M_100_h_2.jpg,https://media.aws.iaaf.org/competitiondocuments/pdf/5151/AT-100-M-h----.RS6.pdf,,https://worldathletics.org/competitions/world-athletics-championships/iaaf-world-championships-london-2017-7093740/results/men/100-metres/round-1/result,2026-09-29T09:42:46Z,,,,,,,,,,0,
WCH2017-100m-M-R1-H3,WCH,2017,100m,M,R1,3,2017-08-04,20:36,20:35,Europe/London,8,7,7,0.0,0,0,1,0,,0,,Seiko,Round 1,38302,First 3 in each heat (Q) and the next 6 fastest (q),,,https://media.aws.iaaf.org/competitiondocuments/photofinish/5151/M_100_h_3.jpg,https://media.aws.iaaf.org/competitiondocuments/pdf/5151/AT-100-M-h----.RS6.pdf,,https://worldathletics.org/competitions/world-athletics-championships/iaaf-world-championships-london-2017-7093740/results/men/100-metres/round-1/result,2026-09-29T09:42:46Z,,,,,,,,,,0,
WCH2017-100m-M-R1-H4,WCH,2017,100m,M,R1,4,2017-08-04,20:44,20:43,Europe/London,8,8,8,-0.2,1,1,0,0,"Mosito Lehata (LES, lane 7, FS, RT -0.050)",0,,Seiko,Round 1,38303,First 3 in each heat (Q) and the next 6 fastest (q),,,https://media.aws.iaaf.org/competitiondocuments/photofinish/5151/M_100_h_4.jpg,https://media.aws.iaaf.org/competitiondocuments/pdf/5151/AT-100-M-h----.RS6.pdf,,https://worldathletics.org/competitions/world-athletics-championships/iaaf-world-championships-london-2017-7093740/results/men/100-metres/round-1/result,2026-09-29T09:42:46Z,,,,IAAF Rule 162.7 - False Start,,,,,,0,Mosito Lehata:F1
WCH2017-100m-M-R1-H5,WCH,2017,100m,M,R1,5,2017-08-04,20:52,20:51,Europe/London,8,7,7,0.9,1,1,1,0,"Thando Roto (RSA, lane 9, FS, RT 0.053)",0,,Seiko,Round 1,38304,First 3 in each heat (Q) and the next 6 fastest (q),,,https://media.aws.iaaf.org/competitiondocuments/photofinish/5151/M_100_h_5.jpg,https://media.aws.iaaf.org/competitiondocuments/pdf/5151/AT-100-M-h----.RS6.pdf,,https://worldathletics.org/competitions/world-athletics-championships/iaaf-world-championships-london-2017-7093740/results/men/100-metres/round-1/result,2026-09-29T09:42:46Z,,,,IAAF Rule 162.7 - False Start,,,,,,0,Thando Roto:F1
WCH2017-100m-M-R1-H6,WCH,2017,100m,M,R1,6,2017-08-04,21:00,21:01,Europe/London,8,8,8,0.3,0,0,0,0,,0,,Seiko,Round 1,38305,First 3 in each heat (Q) and the next 6 fastest (q),,,https://media.aws.iaaf.org/competitiondocuments/photofinish/5151/M_100_h_6.jpg,https://media.aws.iaaf.org/competitiondocuments/pdf/5151/AT-100-M-h----.RS6.pdf,,https://worldathletics.org/competitions/world-athletics-championships/iaaf-world-championships-london-2017-7093740/results/men/100-metres/round-1/result,2026-09-29T09:42:46Z,,,,,,,,,,0,
WCH2017-100m-M-SF-H1,WCH,2017,100m,M,SF,1,2017-08-05,19:05,19:05,Europe/London,8,8,8,-0.5,0,0,0,0,,0,,Seiko,Semi-Finals,37334,First 2 in each heat (Q) and the next 2 fastest (q),,,https://media.aws.iaaf.org/competitiondocuments/photofinish/5151/M_100_sf_1.jpg,https://media.aws.iaaf.org/competitiondocuments/pdf/5151/AT-100-M-sf----.RS6.pdf,,https://worldathletics.org/competitions/world-athletics-championships/iaaf-world-championships-london-2017-7093740/results/men/100-metres/semi-finals/result,2026-09-29T09:42:48Z,,,,,,,,,,0,
WCH2017-100m-M-SF-H2,WCH,2017,100m,M,SF,2,2017-08-05,19:12,19:12,Europe/London,8,8,8,-0.2,0,0,0,0,,0,,Seiko,Semi-Finals,38310,First 2 in each heat (Q) and the next 2 fastest (q),,,https://media.aws.iaaf.org/competitiondocuments/photofinish/5151/M_100_sf_2.jpg,https://media.aws.iaaf.org/competitiondocuments/pdf/5151/AT-100-M-sf----.RS6.pdf,,https://worldathletics.org/competitions/world-athletics-championships/iaaf-world-championships-london-2017-7093740/results/men/100-metres/semi-finals/result,2026-09-29T09:42:48Z,,,,,,,,,,0,
WCH2017-100m-M-SF-H3,WCH,2017,100m,M,SF,3,2017-08-05,19:19,19:20,Europe/London,8,8,8,0.4,0,0,0,0,,0,,Seiko,Semi-Finals,38311,First 2 in each heat (Q) and the next 2 fastest (q),,,https://media.aws.iaaf.org/competitiondocuments/photofinish/5151/M_100_sf_3.jpg,https://media.aws.iaaf.org/competitiondocuments/pdf/5151/AT-100-M-sf----.RS6.pdf,,https://worldathletics.org/competitions/world-athletics-championships/iaaf-world-championships-london-2017-7093740/results/men/100-metres/semi-finals/result,2026-09-29T09:42:48Z,,,,,,,,,,0,
WCH2017-100m-M-F-H1,WCH,2017,100m,M,F,1,2017-08-05,21:45,21:46,Europe/London,8,8,8,-0.8,0,0,0,0,,0,,Seiko,Final,37331,,,,https://media.aws.iaaf.org/competitiondocuments/photofinish/5151/M_100_f_1.jpg,https://media.aws.iaaf.org/competitiondocuments/pdf/5151/AT-100-M-f----.RS6.pdf,,https://worldathletics.org/competitions/world-athletics-championships/iaaf-world-championships-london-2017-7093740/results/men/100-metres/final/result,2026-09-29T09:42:40Z,-0.8,19.0,49.0,,,,,,,0,
WCH2017-100m-W-R1-H1,WCH,2017,100m,W,R1,1,2017-08-05,11:45,11:44,Europe/London,8,8,8,1.3,0,0,0,0,,0,,Seiko,Round 1,37405,First 3 in each heat (Q) and the next 6 fastest (q),,,https://media.aws.iaaf.org/competitiondocuments/photofinish/5151/W_100_h_1.jpg,https://media.aws.iaaf.org/competitiondocuments/pdf/5151/AT-100-W-h----.RS6.pdf,,https://worldathletics.org/competitions/world-athletics-championships/iaaf-world-championships-london-2017-7093740/results/women/100-metres/round-1/result,2026-09-29T09:42:53Z,,,,,,,,,,0,
WCH2017-100m-W-R1-H2,WCH,2017,100m,W,R1,2,2017-08-05,11:54,11:53,Europe/London,7,7,7,0.8,0,0,0,0,,0,,Seiko,Round 1,38364,First 3 in each heat (Q) and the next 6 fastest (q),,,https://media.aws.iaaf.org/competitiondocuments/photofinish/5151/W_100_h_2.jpg,https://media.aws.iaaf.org/competitiondocuments/pdf/5151/AT-100-W-h----.RS6.pdf,,https://worldathletics.org/competitions/world-athletics-championships/iaaf-world-championships-london-2017-7093740/results/women/100-metres/round-1/result,2026-09-29T09:42:53Z,,,,,,,,,,0,
WCH2017-100m-W-R1-H3,WCH,2017,100m,W,R1,3,2017-08-05,12:03,12:03,Europe/London,8,8,8,-0.3,0,0,0,0,,0,,Seiko,Round 1,38365,First 3 in each heat (Q) and the next 6 fastest (q),,,https://media.aws.iaaf.org/competitiondocuments/photofinish/5151/W_100_h_3.jpg,https://media.aws.iaaf.org/competitiondocuments/pdf/5151/AT-100-W-h----.RS6.pdf,,https://worldathletics.org/competitions/world-athletics-championships/iaaf-world-championships-london-2017-7093740/results/women/100-metres/round-1/result,2026-09-29T09:42:53Z,,,,,,,,,,0,
WCH2017-100m-W-R1-H4,WCH,2017,100m,W,R1,4,2017-08-05,12:12,12:09,Europe/London,8,8,8,0.0,0,0,0,0,,0,,Seiko,Round 1,38366,First 3 in each heat (Q) and the next 6 fastest (q),,,https://media.aws.iaaf.org/competitiondocuments/photofinish/5151/W_100_h_4.jpg,https://media.aws.iaaf.org/competitiondocuments/pdf/5151/AT-100-W-h----.RS6.pdf,,https://worldathletics.org/competitions/world-athletics-championships/iaaf-world-championships-london-2017-7093740/results/women/100-metres/round-1/result,2026-09-29T09:42:53Z,,,,,,,,,,0,
WCH2017-100m-W-R1-H5,WCH,2017,100m,W,R1,5,2017-08-05,12:21,12:20,Europe/London,8,8,8,-0.1,1,1,0,0,"Tatjana Pinto (GER, lane 5, FS, RT -0.130)",0,,Seiko,Round 1,38367,First 3 in each heat (Q) and the next 6 fastest (q),,,https://media.aws.iaaf.org/competitiondocuments/photofinish/5151/W_100_h_5.jpg,https://media.aws.iaaf.org/competitiondocuments/pdf/5151/AT-100-W-h----.RS6.pdf,,https://worldathletics.org/competitions/world-athletics-championships/iaaf-world-championships-london-2017-7093740/results/women/100-metres/round-1/result,2026-09-29T09:42:53Z,,,,IAAF Rule 162.7 - False Start,,,,,,0,Tatjana Pinto:F1
WCH2017-100m-W-R1-H6,WCH,2017,100m,W,R1,6,2017-08-05,12:30,12:30,Europe/London,8,8,8,0.6,0,0,0,0,,0,,Seiko,Round 1,38368,First 3 in each heat (Q) and the next 6 fastest (q),,,https://media.aws.iaaf.org/competitiondocuments/photofinish/5151/W_100_h_6.jpg,https://media.aws.iaaf.org/competitiondocuments/pdf/5151/AT-100-W-h----.RS6.pdf,,https://worldathletics.org/competitions/world-athletics-championships/iaaf-world-championships-london-2017-7093740/results/women/100-metres/round-1/result,2026-09-29T09:42:53Z,,,,,,,,,,0,
WCH2017-100m-W-SF-H1,WCH,2017,100m,W,SF,1,2017-08-06,19:10,19:10,Europe/London,8,8,8,0.8,0,0,0,0,,0,,Seiko,Semi-Finals,37406,First 2 in each heat (Q) and the next 2 fastest (q),,,https://media.aws.iaaf.org/competitiondocuments/photofinish/5151/W_100_sf_1.jpg,https://media.aws.iaaf.org/competitiondocuments/pdf/5151/AT-100-W-sf----.RS6.pdf,,https://worldathletics.org/competitions/world-athletics-championships/iaaf-world-championships-london-2017-7093740/results/women/100-metres/semi-finals/result,2026-09-29T09:42:56Z,,,,,,,,,,0,
WCH2017-100m-W-SF-H2,WCH,2017,100m,W,SF,2,2017-08-06,19:19,19:19,Europe/London,8,8,8,-0.2,0,0,0,0,,0,,Seiko,Semi-Finals,38370,First 2 in each heat (Q) and the next 2 fastest (q),,,https://media.aws.iaaf.org/competitiondocuments/photofinish/5151/W_100_sf_2.jpg,https://media.aws.iaaf.org/competitiondocuments/pdf/5151/AT-100-W-sf----.RS6.pdf,,https://worldathletics.org/competitions/world-athletics-championships/iaaf-world-championships-london-2017-7093740/results/women/100-metres/semi-finals/result,2026-09-29T09:42:56Z,,,,,,,,,,0,
WCH2017-100m-W-SF-H3,WCH,2017,100m,W,SF,3,2017-08-06,19:28,19:28,Europe/London,8,8,8,0.2,0,0,0,0,,0,,Seiko,Semi-Finals,38371,First 2 in each heat (Q) and the next 2 fastest (q),,,https://media.aws.iaaf.org/competitiondocuments/photofinish/5151/W_100_sf_3.jpg,https://media.aws.iaaf.org/competitiondocuments/pdf/5151/AT-100-W-sf----.RS6.pdf,,https://worldathletics.org/competitions/world-athletics-championships/iaaf-world-championships-london-2017-7093740/results/women/100-metres/semi-finals/result,2026-09-29T09:42:56Z,,,,,,,,,,0,
WCH2017-100m-W-F-H1,WCH,2017,100m,W,F,1,2017-08-06,21:50,21:51,Europe/London,8,8,8,0.1,0,0,0,0,,0,,Seiko,Final,37404,,,,https://media.aws.iaaf.org/competitiondocuments/photofinish/5151/W_100_f_1.jpg,https://media.aws.iaaf.org/competitiondocuments/pdf/5151/AT-100-W-f----.RS6.pdf,,https://worldathletics.org/competitions/world-athletics-championships/iaaf-world-championships-london-2017-7093740/results/women/100-metres/final/result,2026-09-29T09:42:51Z,0.1,19.0,56.0,,,,,,,0,
WCH2017-100mH-W-R1-H1,WCH,2017,100mH,W,R1,1,2017-08-11,10:45,10:44,Europe/London,8,8,8,-1.4,0,0,0,0,,0,,Seiko,Round 1,37408,First 4 in each heat (Q) and the next 4 fastest (q),,,https://media.aws.iaaf.org/competitiondocuments/photofinish/5151/W_100H_h_1.jpg,https://media.aws.iaaf.org/competitiondocuments/pdf/5151/AT-100H-W-h----.RS6.pdf,,https://worldathletics.org/competitions/world-athletics-championships/iaaf-world-championships-london-2017-7093740/results/women/100-metres-hurdles/round-1/result,2026-09-29T09:43:10Z,,,,,,,,,,0,
WCH2017-100mH-W-R1-H2,WCH,2017,100mH,W,R1,2,2017-08-11,10:53,10:52,Europe/London,8,8,8,-0.9,0,0,0,0,,0,,Seiko,Round 1,38372,First 4 in each heat (Q) and the next 4 fastest (q),,,https://media.aws.iaaf.org/competitiondocuments/photofinish/5151/W_100H_h_2.jpg,https://media.aws.iaaf.org/competitiondocuments/pdf/5151/AT-100H-W-h----.RS6.pdf,,https://worldathletics.org/competitions/world-athletics-championships/iaaf-world-championships-london-2017-7093740/results/women/100-metres-hurdles/round-1/result,2026-09-29T09:43:10Z,,,,,,,,,,0,
WCH2017-100mH-W-R1-H3,WCH,2017,100mH,W,R1,3,2017-08-11,11:01,11:00,Europe/London,8,8,8,-0.6,0,0,0,0,,0,,Seiko,Round 1,38373,First 4 in each heat (Q) and the next 4 fastest (q),,,https://media.aws.iaaf.org/competitiondocuments/photofinish/5151/W_100H_h_3.jpg,https://media.aws.iaaf.org/competitiondocuments/pdf/5151/AT-100H-W-h----.RS6.pdf,,https://worldathletics.org/competitions/world-athletics-championships/iaaf-world-championships-london-2017-7093740/results/women/100-metres-hurdles/round-1/result,2026-09-29T09:43:10Z,,,,,,,,,,0,
WCH2017-100mH-W-R1-H4,WCH,2017,100mH,W,R1,4,2017-08-11,11:09,11:08,Europe/London,8,8,8,-0.6,0,0,0,0,,0,,Seiko,Round 1,38374,First 4 in each heat (Q) and the next 4 fastest (q),,,https://media.aws.iaaf.org/competitiondocuments/photofinish/5151/W_100H_h_4.jpg,https://media.aws.iaaf.org/competitiondocuments/pdf/5151/AT-100H-W-h----.RS6.pdf,,https://worldathletics.org/competitions/world-athletics-championships/iaaf-world-championships-london-2017-7093740/results/women/100-metres-hurdles/round-1/result,2026-09-29T09:43:10Z,,,,,,,,,,0,
WCH2017-100mH-W-R1-H5,WCH,2017,100mH,W,R1,5,2017-08-11,11:17,11:16,Europe/London,8,8,8,-0.6,0,0,0,1,,0,,Seiko,Round 1,38375,First 4 in each heat (Q) and the next 4 fastest (q),,,https://media.aws.iaaf.org/competitiondocuments/photofinish/5151/W_100H_h_5.jpg,https://media.aws.iaaf.org/competitiondocuments/pdf/5151/AT-100H-W-h----.RS6.pdf,,https://worldathletics.org/competitions/world-athletics-championships/iaaf-world-championships-london-2017-7093740/results/women/100-metres-hurdles/round-1/result,2026-09-29T09:43:10Z,,,,,,,,,,0,
WCH2017-100mH-W-SF-H1,WCH,2017,100mH,W,SF,1,2017-08-11,19:05,19:05,Europe/London,8,8,8,0.5,0,0,0,0,,0,,Seiko,Semi-Finals,37409,First 2 in each heat (Q) and the next 2 fastest (q),,,https://media.aws.iaaf.org/competitiondocuments/photofinish/5151/W_100H_sf_1.jpg,https://media.aws.iaaf.org/competitiondocuments/pdf/5151/AT-100H-W-sf----.RS6.pdf,,https://worldathletics.org/competitions/world-athletics-championships/iaaf-world-championships-london-2017-7093740/results/women/100-metres-hurdles/semi-finals/result,2026-09-29T09:43:13Z,,,,,,,,,,0,
WCH2017-100mH-W-SF-H2,WCH,2017,100mH,W,SF,2,2017-08-11,19:14,19:14,Europe/London,8,8,8,0.5,0,0,0,0,,0,,Seiko,Semi-Finals,38376,First 2 in each heat (Q) and the next 2 fastest (q),,,https://media.aws.iaaf.org/competitiondocuments/photofinish/5151/W_100H_sf_2.jpg,https://media.aws.iaaf.org/competitiondocuments/pdf/5151/AT-100H-W-sf----.RS6.pdf,,https://worldathletics.org/competitions/world-athletics-championships/iaaf-world-championships-london-2017-7093740/results/women/100-metres-hurdles/semi-finals/result,2026-09-29T09:43:13Z,,,,,,,,,,0,
WCH2017-100mH-W-SF-H3,WCH,2017,100mH,W,SF,3,2017-08-11,19:23,19:23,Europe/London,8,8,8,0.2,0,0,0,0,,0,,Seiko,Semi-Finals,38377,First 2 in each heat (Q) and the next 2 fastest (q),,,https://media.aws.iaaf.org/competitiondocuments/photofinish/5151/W_100H_sf_3.jpg,https://media.aws.iaaf.org/competitiondocuments/pdf/5151/AT-100H-W-sf----.RS6.pdf,,https://worldathletics.org/competitions/world-athletics-championships/iaaf-world-championships-london-2017-7093740/results/women/100-metres-hurdles/semi-finals/result,2026-09-29T09:43:13Z,,,,,,,,,,0,
WCH2017-100mH-W-F-H1,WCH,2017,100mH,W,F,1,2017-08-12,20:05,20:05,Europe/London,8,8,8,0.1,0,0,0,0,,0,,Seiko,Final,37407,,,,https://media.aws.iaaf.org/competitiondocuments/photofinish/5151/W_100H_f_1.jpg,https://media.aws.iaaf.org/competitiondocuments/pdf/5151/AT-100H-W-f----.RS6.pdf,,https://worldathletics.org/competitions/world-athletics-championships/iaaf-world-championships-london-2017-7093740/results/women/100-metres-hurdles/final/result,2026-09-29T09:43:07Z,0.1,21.0,53.0,,,,,,,0,
WCH2017-110mH-M-R1-H1,WCH,2017,110mH,M,R1,1,2017-08-06,13:15,13:14,Europe/London,9,9,9,-1.2,0,0,0,0,,0,,Seiko,Round 1,37338,First 4 in each heat (Q) and the next 4 fastest (q),,,https://media.aws.iaaf.org/competitiondocuments/photofinish/5151/M_110H_h_1.jpg,https://media.aws.iaaf.org/competitiondocuments/pdf/5151/AT-110H-M-h----.RS6.pdf,,https://worldathletics.org/competitions/world-athletics-championships/iaaf-world-championships-london-2017-7093740/results/men/110-metres-hurdles/round-1/result,2026-09-29T09:43:02Z,,,,,,,,,,0,
WCH2017-110mH-M-R1-H2,WCH,2017,110mH,M,R1,2,2017-08-06,13:23,13:22,Europe/London,8,8,8,1.3,0,0,0,0,,0,,Seiko,Round 1,38315,First 4 in each heat (Q) and the next 4 fastest (q),,,https://media.aws.iaaf.org/competitiondocuments/photofinish/5151/M_110H_h_2.jpg,https://media.aws.iaaf.org/competitiondocuments/pdf/5151/AT-110H-M-h----.RS6.pdf,,https://worldathletics.org/competitions/world-athletics-championships/iaaf-world-championships-london-2017-7093740/results/men/110-metres-hurdles/round-1/result,2026-09-29T09:43:02Z,,,,,,,,,,0,
WCH2017-110mH-M-R1-H3,WCH,2017,110mH,M,R1,3,2017-08-06,13:31,13:30,Europe/London,8,8,8,0.1,0,0,0,0,,0,,Seiko,Round 1,38316,First 4 in each heat (Q) and the next 4 fastest (q),,,https://media.aws.iaaf.org/competitiondocuments/photofinish/5151/M_110H_h_3.jpg,https://media.aws.iaaf.org/competitiondocuments/pdf/5151/AT-110H-M-h----.RS6.pdf,,https://worldathletics.org/competitions/world-athletics-championships/iaaf-world-championships-london-2017-7093740/results/men/110-metres-hurdles/round-1/result,2026-09-29T09:43:02Z,,,,,,,,,,0,
WCH2017-110mH-M-R1-H4,WCH,2017,110mH,M,R1,4,2017-08-06,13:39,13:38,Europe/London,8,8,8,0.7,0,0,0,1,,0,,Seiko,Round 1,38317,First 4 in each heat (Q) and the next 4 fastest (q),,,https://media.aws.iaaf.org/competitiondocuments/photofinish/5151/M_110H_h_4.jpg,https://media.aws.iaaf.org/competitiondocuments/pdf/5151/AT-110H-M-h----.RS6.pdf,,https://worldathletics.org/competitions/world-athletics-championships/iaaf-world-championships-london-2017-7093740/results/men/110-metres-hurdles/round-1/result,2026-09-29T09:43:02Z,,,,,,,,,,0,
WCH2017-110mH-M-R1-H5,WCH,2017,110mH,M,R1,5,2017-08-06,13:47,13:46,Europe/London,8,8,8,0.6,0,1,0,0,"Milan Ristic (SRB, lane 8, DQ, RT 0.201)",0,,Seiko,Round 1,38318,First 4 in each heat (Q) and the next 4 fastest (q),,,https://media.aws.iaaf.org/competitiondocuments/photofinish/5151/M_110H_h_5.jpg,https://media.aws.iaaf.org/competitiondocuments/pdf/5151/AT-110H-M-h----.RS6.pdf,,https://worldathletics.org/competitions/world-athletics-championships/iaaf-world-championships-london-2017-7093740/results/men/110-metres-hurdles/round-1/result,2026-09-29T09:43:02Z,,,,IAAF Rule 168.7(b) - Deliberately knocking down a hurdle,,,,,,0,
WCH2017-110mH-M-SF-H1,WCH,2017,110mH,M,SF,1,2017-08-06,20:10,20:10,Europe/London,8,8,8,0.2,0,0,0,1,,0,,Seiko,Semi-Finals,37339,First 2 in each heat (Q) and the next 2 fastest (q),,,https://media.aws.iaaf.org/competitiondocuments/photofinish/5151/M_110H_sf_1.jpg,https://media.aws.iaaf.org/competitiondocuments/pdf/5151/AT-110H-M-sf----.RS6.pdf,,https://worldathletics.org/competitions/world-athletics-championships/iaaf-world-championships-london-2017-7093740/results/men/110-metres-hurdles/semi-finals/result,2026-09-29T09:43:05Z,,,,,,,,,,0,
WCH2017-110mH-M-SF-H2,WCH,2017,110mH,M,SF,2,2017-08-06,20:18,20:18,Europe/London,8,8,8,0.6,0,0,0,0,,0,,Seiko,Semi-Finals,38319,First 2 in each heat (Q) and the next 2 fastest (q),,,https://media.aws.iaaf.org/competitiondocuments/photofinish/5151/M_110H_sf_2.jpg,https://media.aws.iaaf.org/competitiondocuments/pdf/5151/AT-110H-M-sf----.RS6.pdf,,https://worldathletics.org/competitions/world-athletics-championships/iaaf-world-championships-london-2017-7093740/results/men/110-metres-hurdles/semi-finals/result,2026-09-29T09:43:05Z,,,,,,,,,,0,
WCH2017-110mH-M-SF-H3,WCH,2017,110mH,M,SF,3,2017-08-06,20:26,20:26,Europe/London,8,8,8,0.3,0,0,0,1,,0,,Seiko,Semi-Finals,38320,First 2 in each heat (Q) and the next 2 fastest (q),,,https://media.aws.iaaf.org/competitiondocuments/photofinish/5151/M_110H_sf_3.jpg,https://media.aws.iaaf.org/competitiondocuments/pdf/5151/AT-110H-M-sf----.RS6.pdf,,https://worldathletics.org/competitions/world-athletics-championships/iaaf-world-championships-london-2017-7093740/results/men/110-metres-hurdles/semi-finals/result,2026-09-29T09:43:05Z,,,,,,,,,,0,
WCH2017-110mH-M-F-H1,WCH,2017,110mH,M,F,1,2017-08-07,21:30,21:31,Europe/London,8,8,8,0.0,0,0,0,0,,0,,Seiko,Final,37337,,,,https://media.aws.iaaf.org/competitiondocuments/photofinish/5151/M_110H_f_1.jpg,https://media.aws.iaaf.org/competitiondocuments/pdf/5151/AT-110H-M-f----.RS6.pdf,,https://worldathletics.org/competitions/world-athletics-championships/iaaf-world-championships-london-2017-7093740/results/men/110-metres-hurdles/final/result,2026-09-29T09:42:59Z,0.0,19.0,73.0,,,,,,,0,
WCH2017-200m-M-R1-H1,WCH,2017,200m,M,R1,1,2017-08-07,18:30,18:30,Europe/London,7,7,7,-0.5,0,0,0,0,,0,,Seiko,Round 1,37346,First 3 in each heat (Q) and the next 3 fastest (q),,,https://media.aws.iaaf.org/competitiondocuments/photofinish/5151/M_200_h_1.jpg,https://media.aws.iaaf.org/competitiondocuments/pdf/5151/AT-200-M-h----.RS6.pdf,,https://worldathletics.org/competitions/world-athletics-championships/iaaf-world-championships-london-2017-7093740/results/men/200-metres/round-1/result,2026-09-29T09:43:18Z,,,,,,,,,,0,
WCH2017-200m-M-R1-H2,WCH,2017,200m,M,R1,2,2017-08-07,18:38,18:38,Europe/London,7,7,7,-0.6,0,0,0,0,,0,,Seiko,Round 1,38328,First 3 in each heat (Q) and the next 3 fastest (q),,,https://media.aws.iaaf.org/competitiondocuments/photofinish/5151/M_200_h_2.jpg,https://media.aws.iaaf.org/competitiondocuments/pdf/5151/AT-200-M-h----.RS6.pdf,,https://worldathletics.org/competitions/world-athletics-championships/iaaf-world-championships-london-2017-7093740/results/men/200-metres/round-1/result,2026-09-29T09:43:18Z,,,,,,,,,,0,
WCH2017-200m-M-R1-H3,WCH,2017,200m,M,R1,3,2017-08-07,18:46,18:46,Europe/London,7,7,7,0.3,0,0,0,0,,0,,Seiko,Round 1,38329,First 3 in each heat (Q) and the next 3 fastest (q),,,https://media.aws.iaaf.org/competitiondocuments/photofinish/5151/M_200_h_3.jpg,https://media.aws.iaaf.org/competitiondocuments/pdf/5151/AT-200-M-h----.RS6.pdf,,https://worldathletics.org/competitions/world-athletics-championships/iaaf-world-championships-london-2017-7093740/results/men/200-metres/round-1/result,2026-09-29T09:43:18Z,,,,,,,,,,0,
WCH2017-200m-M-R1-H4,WCH,2017,200m,M,R1,4,2017-08-07,18:54,18:54,Europe/London,8,8,8,0.7,0,1,0,0,"Paul Nalau (VAN, lane 9, DQ, RT 0.188)",0,,Seiko,Round 1,38330,First 3 in each heat (Q) and the next 3 fastest (q),,,https://media.aws.iaaf.org/competitiondocuments/photofinish/5151/M_200_h_4.jpg,https://media.aws.iaaf.org/competitiondocuments/pdf/5151/AT-200-M-h----.RS6.pdf,,https://worldathletics.org/competitions/world-athletics-championships/iaaf-world-championships-london-2017-7093740/results/men/200-metres/round-1/result,2026-09-29T09:43:18Z,,,,IAAF Rule 163.3(a) - Lane infringement,,,,,,0,
WCH2017-200m-M-R1-H5,WCH,2017,200m,M,R1,5,2017-08-07,19:02,19:02,Europe/London,7,6,6,-0.6,0,0,1,0,,0,,Seiko,Round 1,38331,First 3 in each heat (Q) and the next 3 fastest (q),,,https://media.aws.iaaf.org/competitiondocuments/photofinish/5151/M_200_h_5.jpg,https://media.aws.iaaf.org/competitiondocuments/pdf/5151/AT-200-M-h----.RS6.pdf,,https://worldathletics.org/competitions/world-athletics-championships/iaaf-world-championships-london-2017-7093740/results/men/200-metres/round-1/result,2026-09-29T09:43:18Z,,,,,,,,,,0,
WCH2017-200m-M-R1-H6,WCH,2017,200m,M,R1,6,2017-08-07,19:10,19:10,Europe/London,7,7,7,0.6,0,0,0,0,,0,,Seiko,Round 1,38332,First 3 in each heat (Q) and the next 3 fastest (q),,,https://media.aws.iaaf.org/competitiondocuments/photofinish/5151/M_200_h_6.jpg,https://media.aws.iaaf.org/competitiondocuments/pdf/5151/AT-200-M-h----.RS6.pdf,,https://worldathletics.org/competitions/world-athletics-championships/iaaf-world-championships-london-2017-7093740/results/men/200-metres/round-1/result,2026-09-29T09:43:18Z,,,,,,,,,,0,
WCH2017-200m-M-R1-H7,WCH,2017,200m,M,R1,7,2017-08-07,19:18,19:18,Europe/London,7,6,6,0.7,0,2,1,0,"Aaron Brown (CAN, lane 5, DQ, RT 0.159); Clarence Munyai (RSA, lane 6, DQ, RT 0.148)",0,,Seiko,Round 1,38333,First 3 in each heat (Q) and the next 3 fastest (q),,,https://media.aws.iaaf.org/competitiondocuments/photofinish/5151/M_200_h_7.jpg,https://media.aws.iaaf.org/competitiondocuments/pdf/5151/AT-200-M-h----.RS6.pdf,,https://worldathletics.org/competitions/world-athletics-championships/iaaf-world-championships-london-2017-7093740/results/men/200-metres/round-1/result,2026-09-29T09:43:18Z,,,,IAAF Rule 163.3(a) - Lane infringement,,,,,,0,
WCH2017-200m-M-R1-H8,WCH,2017,200m,M,R1,8,2017-08-09,18:40,18:41,Europe/London,1,1,1,1.4,0,0,0,0,,0,,Seiko,Round 1,38422,First 3 in each heat (Q) and the next 3 fastest (q),,,https://media.aws.iaaf.org/competitiondocuments/photofinish/5151/M_200_h_8.jpg,https://media.aws.iaaf.org/competitiondocuments/pdf/5151/AT-200-M-h----.RS6.pdf,,https://worldathletics.org/competitions/world-athletics-championships/iaaf-world-championships-london-2017-7093740/results/men/200-metres/round-1/result,2026-09-29T09:43:18Z,,,,,,,,,,0,
WCH2017-200m-M-SF-H1,WCH,2017,200m,M,SF,1,2017-08-09,20:55,20:55,Europe/London,9,9,9,2.1,0,0,0,0,,0,,Seiko,Semi-Finals,37347,First 2 in each heat (Q) and the next 2 fastest (q),,,https://media.aws.iaaf.org/competitiondocuments/photofinish/5151/M_200_sf_1.jpg,https://media.aws.iaaf.org/competitiondocuments/pdf/5151/AT-200-M-sf----.RS6.pdf,,https://worldathletics.org/competitions/world-athletics-championships/iaaf-world-championships-london-2017-7093740/results/men/200-metres/semi-finals/result,2026-09-29T09:43:21Z,,,,,,,,,,0,
WCH2017-200m-M-SF-H2,WCH,2017,200m,M,SF,2,2017-08-09,21:04,21:04,Europe/London,8,8,8,-0.3,0,0,0,0,,0,,Seiko,Semi-Finals,38334,First 2 in each heat (Q) and the next 2 fastest (q),,,https://media.aws.iaaf.org/competitiondocuments/photofinish/5151/M_200_sf_2.jpg,https://media.aws.iaaf.org/competitiondocuments/pdf/5151/AT-200-M-sf----.RS6.pdf,,https://worldathletics.org/competitions/world-athletics-championships/iaaf-world-championships-london-2017-7093740/results/men/200-metres/semi-finals/result,2026-09-29T09:43:21Z,,,,,,,,,,0,
WCH2017-200m-M-SF-H3,WCH,2017,200m,M,SF,3,2017-08-09,21:13,21:13,Europe/London,8,8,8,0.3,0,0,0,0,,0,,Seiko,Semi-Finals,38335,First 2 in each heat (Q) and the next 2 fastest (q),,,https://media.aws.iaaf.org/competitiondocuments/photofinish/5151/M_200_sf_3.jpg,https://media.aws.iaaf.org/competitiondocuments/pdf/5151/AT-200-M-sf----.RS6.pdf,,https://worldathletics.org/competitions/world-athletics-championships/iaaf-world-championships-london-2017-7093740/results/men/200-metres/semi-finals/result,2026-09-29T09:43:21Z,,,,,,,,,,0,
WCH2017-200m-M-F-H1,WCH,2017,200m,M,F,1,2017-08-10,21:52,21:52,Europe/London,8,8,8,-0.1,0,0,0,0,,0,,Seiko,Final,37345,,,,https://media.aws.iaaf.org/competitiondocuments/photofinish/5151/M_200_f_1.jpg,https://media.aws.iaaf.org/competitiondocuments/pdf/5151/AT-200-M-f----.RS6.pdf,,https://worldathletics.org/competitions/world-athletics-championships/iaaf-world-championships-london-2017-7093740/results/men/200-metres/final/result,2026-09-29T09:43:15Z,-0.1,18.0,60.0,,,,,,,0,
WCH2017-200m-W-R1-H1,WCH,2017,200m,W,R1,1,2017-08-08,19:30,19:29,Europe/London,7,7,7,0.5,0,0,0,0,,0,,Seiko,Round 1,37416,First 3 in each heat (Q) and the next 3 fastest (q),,,https://media.aws.iaaf.org/competitiondocuments/photofinish/5151/W_200_h_1.jpg,https://media.aws.iaaf.org/competitiondocuments/pdf/5151/AT-200-W-h----.RS6.pdf,,https://worldathletics.org/competitions/world-athletics-championships/iaaf-world-championships-london-2017-7093740/results/women/200-metres/round-1/result,2026-09-29T09:43:26Z,,,,,,,,,,0,
WCH2017-200m-W-R1-H2,WCH,2017,200m,W,R1,2,2017-08-08,19:38,19:37,Europe/London,7,7,7,-0.6,0,0,0,0,,0,,Seiko,Round 1,38384,First 3 in each heat (Q) and the next 3 fastest (q),,,https://media.aws.iaaf.org/competitiondocuments/photofinish/5151/W_200_h_2.jpg,https://media.aws.iaaf.org/competitiondocuments/pdf/5151/AT-200-W-h----.RS6.pdf,,https://worldathletics.org/competitions/world-athletics-championships/iaaf-world-championships-london-2017-7093740/results/women/200-metres/round-1/result,2026-09-29T09:43:26Z,,,,,,,,,,0,
WCH2017-200m-W-R1-H3,WCH,2017,200m,W,R1,3,2017-08-08,19:46,19:45,Europe/London,7,7,7,0.1,0,0,0,0,,0,,Seiko,Round 1,38385,First 3 in each heat (Q) and the next 3 fastest (q),,,https://media.aws.iaaf.org/competitiondocuments/photofinish/5151/W_200_h_3.jpg,https://media.aws.iaaf.org/competitiondocuments/pdf/5151/AT-200-W-h----.RS6.pdf,,https://worldathletics.org/competitions/world-athletics-championships/iaaf-world-championships-london-2017-7093740/results/women/200-metres/round-1/result,2026-09-29T09:43:26Z,,,,,,,,,,0,
WCH2017-200m-W-R1-H4,WCH,2017,200m,W,R1,4,2017-08-08,19:54,19:53,Europe/London,7,7,7,-0.1,0,0,0,0,,0,,Seiko,Round 1,38386,First 3 in each heat (Q) and the next 3 fastest (q),,,https://media.aws.iaaf.org/competitiondocuments/photofinish/5151/W_200_h_4.jpg,https://media.aws.iaaf.org/competitiondocuments/pdf/5151/AT-200-W-h----.RS6.pdf,,https://worldathletics.org/competitions/world-athletics-championships/iaaf-world-championships-london-2017-7093740/results/women/200-metres/round-1/result,2026-09-29T09:43:26Z,,,,,,,,,,0,
WCH2017-200m-W-R1-H5,WCH,2017,200m,W,R1,5,2017-08-08,20:02,20:01,Europe/London,7,6,6,-0.4,0,0,1,0,,0,,Seiko,Round 1,38387,First 3 in each heat (Q) and the next 3 fastest (q),,,https://media.aws.iaaf.org/competitiondocuments/photofinish/5151/W_200_h_5.jpg,https://media.aws.iaaf.org/competitiondocuments/pdf/5151/AT-200-W-h----.RS6.pdf,,https://worldathletics.org/competitions/world-athletics-championships/iaaf-world-championships-london-2017-7093740/results/women/200-metres/round-1/result,2026-09-29T09:43:26Z,,,,,,,,,,0,
WCH2017-200m-W-R1-H6,WCH,2017,200m,W,R1,6,2017-08-08,20:10,20:09,Europe/London,7,6,6,0.1,0,0,1,0,,0,,Seiko,Round 1,38388,First 3 in each heat (Q) and the next 3 fastest (q),,,https://media.aws.iaaf.org/competitiondocuments/photofinish/5151/W_200_h_6.jpg,https://media.aws.iaaf.org/competitiondocuments/pdf/5151/AT-200-W-h----.RS6.pdf,,https://worldathletics.org/competitions/world-athletics-championships/iaaf-world-championships-london-2017-7093740/results/women/200-metres/round-1/result,2026-09-29T09:43:26Z,,,,,,,,,,0,
WCH2017-200m-W-R1-H7,WCH,2017,200m,W,R1,7,2017-08-08,20:18,20:17,Europe/London,7,6,6,0.5,0,0,1,0,,0,,Seiko,Round 1,38389,First 3 in each heat (Q) and the next 3 fastest (q),,,https://media.aws.iaaf.org/competitiondocuments/photofinish/5151/W_200_h_7.jpg,https://media.aws.iaaf.org/competitiondocuments/pdf/5151/AT-200-W-h----.RS6.pdf,,https://worldathletics.org/competitions/world-athletics-championships/iaaf-world-championships-london-2017-7093740/results/women/200-metres/round-1/result,2026-09-29T09:43:26Z,,,,,,,,,,0,
WCH2017-200m-W-SF-H1,WCH,2017,200m,W,SF,1,2017-08-10,21:05,21:06,Europe/London,8,8,8,-0.2,0,0,0,0,,0,,Seiko,Semi-Finals,37417,First 2 in each heat (Q) and the next 2 fastest (q),,,https://media.aws.iaaf.org/competitiondocuments/photofinish/5151/W_200_sf_1.jpg,https://media.aws.iaaf.org/competitiondocuments/pdf/5151/AT-200-W-sf----.RS6.pdf,,https://worldathletics.org/competitions/world-athletics-championships/iaaf-world-championships-london-2017-7093740/results/women/200-metres/semi-finals/result,2026-09-29T09:43:29Z,,,,,,,,,,0,
WCH2017-200m-W-SF-H2,WCH,2017,200m,W,SF,2,2017-08-10,21:14,21:14,Europe/London,8,8,7,-0.2,1,1,0,0,"Rosangela Santos (BRA, lane 9, FS, RT n/a)",0,,Seiko,Semi-Finals,38390,First 2 in each heat (Q) and the next 2 fastest (q),,,https://media.aws.iaaf.org/competitiondocuments/photofinish/5151/W_200_sf_2.jpg,https://media.aws.iaaf.org/competitiondocuments/pdf/5151/AT-200-W-sf----.RS6.pdf,,https://worldathletics.org/competitions/world-athletics-championships/iaaf-world-championships-london-2017-7093740/results/women/200-metres/semi-finals/result,2026-09-29T09:43:29Z,,,,IAAF Rule 162.7 - False Start,,,,,,0,
WCH2017-200m-W-SF-H3,WCH,2017,200m,W,SF,3,2017-08-10,21:23,21:23,Europe/London,8,8,8,-0.2,0,0,0,0,,0,,Seiko,Semi-Finals,38391,First 2 in each heat (Q) and the next 2 fastest (q),,,https://media.aws.iaaf.org/competitiondocuments/photofinish/5151/W_200_sf_3.jpg,https://media.aws.iaaf.org/competitiondocuments/pdf/5151/AT-200-W-sf----.RS6.pdf,,https://worldathletics.org/competitions/world-athletics-championships/iaaf-world-championships-london-2017-7093740/results/women/200-metres/semi-finals/result,2026-09-29T09:43:29Z,,,,,,,,,,0,
WCH2017-200m-W-F-H1,WCH,2017,200m,W,F,1,2017-08-11,21:50,21:50,Europe/London,8,8,8,0.8,0,0,0,0,,0,,Seiko,Final,37415,,,,https://media.aws.iaaf.org/competitiondocuments/photofinish/5151/W_200_f_1.jpg,https://media.aws.iaaf.org/competitiondocuments/pdf/5151/AT-200-W-f----.RS6.pdf,,https://worldathletics.org/competitions/world-athletics-championships/iaaf-world-championships-london-2017-7093740/results/women/200-metres/final/result,2026-09-29T09:43:23Z,0.8,19.0,68.0,,,,,,,0,
WCH2019-100m-M-PR-H1,WCH,2019,100m,M,PR,1,2019-09-27,16:35,16:35,Asia/Qatar,8,8,8,0.1,0,0,0,0,,0,,Seiko,Preliminary Round,39820,First 1 in each heat (Q) and the next 5 fastest (q),,,https://media.aws.iaaf.org/competitiondocuments/photofinish/6033/M_100_pr_1.jpg,https://media.aws.iaaf.org/competitiondocuments/pdf/6033/AT-100-M-pr----.RS6.pdf,,https://worldathletics.org/competitions/world-athletics-championships/iaaf-world-athletics-championships-doha-2019-7125365/results/men/100-metres/preliminary-round/result,2026-09-29T06:14:45Z,,,,,,,,,,0,
WCH2019-100m-M-PR-H2,WCH,2019,100m,M,PR,2,2019-09-27,16:43,16:43,Asia/Qatar,7,6,6,0.4,0,0,1,0,,0,,Seiko,Preliminary Round,41066,First 1 in each heat (Q) and the next 5 fastest (q),,,https://media.aws.iaaf.org/competitiondocuments/photofinish/6033/M_100_pr_2.jpg,https://media.aws.iaaf.org/competitiondocuments/pdf/6033/AT-100-M-pr----.RS6.pdf,,https://worldathletics.org/competitions/world-athletics-championships/iaaf-world-athletics-championships-doha-2019-7125365/results/men/100-metres/preliminary-round/result,2026-09-29T06:14:45Z,,,,,,,,,,0,
WCH2019-100m-M-PR-H3,WCH,2019,100m,M,PR,3,2019-09-27,16:51,16:51,Asia/Qatar,7,7,7,0.3,0,0,0,0,,0,,Seiko,Preliminary Round,41067,First 1 in each heat (Q) and the next 5 fastest (q),,,https://media.aws.iaaf.org/competitiondocuments/photofinish/6033/M_100_pr_3.jpg,https://media.aws.iaaf.org/competitiondocuments/pdf/6033/AT-100-M-pr----.RS6.pdf,,https://worldathletics.org/competitions/world-athletics-championships/iaaf-world-athletics-championships-doha-2019-7125365/results/men/100-metres/preliminary-round/result,2026-09-29T06:14:45Z,,,,,,,,,,0,
WCH2019-100m-M-PR-H4,WCH,2019,100m,M,PR,4,2019-09-27,16:59,16:59,Asia/Qatar,8,8,8,0.0,0,0,0,0,,0,,Seiko,Preliminary Round,41068,First 1 in each heat (Q) and the next 5 fastest (q),,,https://media.aws.iaaf.org/competitiondocuments/photofinish/6033/M_100_pr_4.jpg,https://media.aws.iaaf.org/competitiondocuments/pdf/6033/AT-100-M-pr----.RS6.pdf,,https://worldathletics.org/competitions/world-athletics-championships/iaaf-world-athletics-championships-doha-2019-7125365/results/men/100-metres/preliminary-round/result,2026-09-29T06:14:45Z,,,,,,,,,,0,
WCH2019-100m-M-R1-H1,WCH,2019,100m,M,R1,1,2019-09-27,18:05,18:05,Asia/Qatar,8,8,8,-0.3,0,0,0,0,,0,,Seiko,Round 1,39826,First 3 in each heat (Q) and the next 6 fastest (q),,,https://media.aws.iaaf.org/competitiondocuments/photofinish/6033/M_100_h_1.jpg,https://media.aws.iaaf.org/competitiondocuments/pdf/6033/AT-100-M-h----.RS6.pdf,,https://worldathletics.org/competitions/world-athletics-championships/iaaf-world-athletics-championships-doha-2019-7125365/results/men/100-metres/round-1/result,2026-09-29T06:14:47Z,-0.3,25.0,67.0,,,,,,,0,
WCH2019-100m-M-R1-H2,WCH,2019,100m,M,R1,2,2019-09-27,18:13,18:13,Asia/Qatar,8,7,7,-0.8,0,0,1,0,,0,,Seiko,Round 1,41061,First 3 in each heat (Q) and the next 6 fastest (q),,,https://media.aws.iaaf.org/competitiondocuments/photofinish/6033/M_100_h_2.jpg,https://media.aws.iaaf.org/competitiondocuments/pdf/6033/AT-100-M-h----.RS6.pdf,,https://worldathletics.org/competitions/world-athletics-championships/iaaf-world-athletics-championships-doha-2019-7125365/results/men/100-metres/round-1/result,2026-09-29T06:14:47Z,-0.8,25.0,67.0,,,,,,,0,
WCH2019-100m-M-R1-H3,WCH,2019,100m,M,R1,3,2019-09-27,18:21,18:21,Asia/Qatar,8,8,8,-0.8,0,0,0,0,,0,,Seiko,Round 1,41062,First 3 in each heat (Q) and the next 6 fastest (q),,,https://media.aws.iaaf.org/competitiondocuments/photofinish/6033/M_100_h_3.jpg,https://media.aws.iaaf.org/competitiondocuments/pdf/6033/AT-100-M-h----.RS6.pdf,,https://worldathletics.org/competitions/world-athletics-championships/iaaf-world-athletics-championships-doha-2019-7125365/results/men/100-metres/round-1/result,2026-09-29T06:14:47Z,-0.8,25.0,67.0,,,,,,,0,
WCH2019-100m-M-R1-H4,WCH,2019,100m,M,R1,4,2019-09-27,18:29,18:29,Asia/Qatar,8,8,8,-0.3,0,0,0,0,,0,,Seiko,Round 1,41063,First 3 in each heat (Q) and the next 6 fastest (q),,,https://media.aws.iaaf.org/competitiondocuments/photofinish/6033/M_100_h_4.jpg,https://media.aws.iaaf.org/competitiondocuments/pdf/6033/AT-100-M-h----.RS6.pdf,,https://worldathletics.org/competitions/world-athletics-championships/iaaf-world-athletics-championships-doha-2019-7125365/results/men/100-metres/round-1/result,2026-09-29T06:14:47Z,-0.3,25.0,67.0,,,,,,,0,
WCH2019-100m-M-R1-H5,WCH,2019,100m,M,R1,5,2019-09-27,18:37,18:37,Asia/Qatar,7,7,7,-0.3,0,0,0,0,,0,,Seiko,Round 1,41064,First 3 in each heat (Q) and the next 6 fastest (q),,,https://media.aws.iaaf.org/competitiondocuments/photofinish/6033/M_100_h_5.jpg,https://media.aws.iaaf.org/competitiondocuments/pdf/6033/AT-100-M-h----.RS6.pdf,,https://worldathletics.org/competitions/world-athletics-championships/iaaf-world-athletics-championships-doha-2019-7125365/results/men/100-metres/round-1/result,2026-09-29T06:14:47Z,-0.3,25.0,67.0,,,,,,,0,
WCH2019-100m-M-R1-H6,WCH,2019,100m,M,R1,6,2019-09-27,18:45,18:45,Asia/Qatar,8,7,7,0.1,0,0,1,0,,0,,Seiko,Round 1,41065,First 3 in each heat (Q) and the next 6 fastest (q),,,https://media.aws.iaaf.org/competitiondocuments/photofinish/6033/M_100_h_6.jpg,https://media.aws.iaaf.org/competitiondocuments/pdf/6033/AT-100-M-h----.RS6.pdf,,https://worldathletics.org/competitions/world-athletics-championships/iaaf-world-athletics-championships-doha-2019-7125365/results/men/100-metres/round-1/result,2026-09-29T06:14:47Z,0.1,25.0,67.0,,,,,,,0,
WCH2019-100m-M-SF-H1,WCH,2019,100m,M,SF,1,2019-09-28,18:45,18:45,Asia/Qatar,8,8,8,-0.3,0,0,0,0,,0,,Seiko,Semi-Finals,39838,First 2 in each heat (Q) and the next 2 fastest (q),,,https://media.aws.iaaf.org/competitiondocuments/photofinish/6033/M_100_sf_1.jpg,https://media.aws.iaaf.org/competitiondocuments/pdf/6033/AT-100-M-sf----.RS6.pdf,,https://worldathletics.org/competitions/world-athletics-championships/iaaf-world-athletics-championships-doha-2019-7125365/results/men/100-metres/semi-finals/result,2026-09-29T06:14:50Z,-0.3,25.0,74.0,,,,,,,0,
WCH2019-100m-M-SF-H2,WCH,2019,100m,M,SF,2,2019-09-28,18:53,18:53,Asia/Qatar,8,8,8,-0.1,0,0,0,0,,0,,Seiko,Semi-Finals,41069,First 2 in each heat (Q) and the next 2 fastest (q),,,https://media.aws.iaaf.org/competitiondocuments/photofinish/6033/M_100_sf_2.jpg,https://media.aws.iaaf.org/competitiondocuments/pdf/6033/AT-100-M-sf----.RS6.pdf,,https://worldathletics.org/competitions/world-athletics-championships/iaaf-world-athletics-championships-doha-2019-7125365/results/men/100-metres/semi-finals/result,2026-09-29T06:14:50Z,-0.1,25.0,74.0,,,,,,,0,
WCH2019-100m-M-SF-H3,WCH,2019,100m,M,SF,3,2019-09-28,19:01,19:01,Asia/Qatar,8,8,8,0.8,0,0,0,0,,0,,Seiko,Semi-Finals,41070,First 2 in each heat (Q) and the next 2 fastest (q),,,https://media.aws.iaaf.org/competitiondocuments/photofinish/6033/M_100_sf_3.jpg,https://media.aws.iaaf.org/competitiondocuments/pdf/6033/AT-100-M-sf----.RS6.pdf,,https://worldathletics.org/competitions/world-athletics-championships/iaaf-world-athletics-championships-doha-2019-7125365/results/men/100-metres/semi-finals/result,2026-09-29T06:14:50Z,0.8,25.0,74.0,,,,,,,0,
WCH2019-100m-M-F-H1,WCH,2019,100m,M,F,1,2019-09-28,22:15,22:18,Asia/Qatar,8,8,8,0.6,0,0,0,0,,0,,Seiko,Final,39844,,,,https://media.aws.iaaf.org/competitiondocuments/photofinish/6033/M_100_f_1.jpg,https://media.aws.iaaf.org/competitiondocuments/pdf/6033/AT-100-M-f----.RS6.pdf,,https://worldathletics.org/competitions/world-athletics-championships/iaaf-world-athletics-championships-doha-2019-7125365/results/men/100-metres/final/result,2026-09-29T06:14:40Z,0.6,25.0,67.0,,,,,,,0,
WCH2019-100m-W-R1-H1,WCH,2019,100m,W,R1,1,2019-09-28,16:30,16:30,Asia/Qatar,8,8,8,-0.2,0,0,0,0,,0,,Seiko,Round 1,39835,First 3 in each heat (Q) and the next 6 fastest (q),,,https://media.aws.iaaf.org/competitiondocuments/photofinish/6033/W_100_h_1.jpg,https://media.aws.iaaf.org/competitiondocuments/pdf/6033/AT-100-W-h----.RS6.pdf,,https://worldathletics.org/competitions/world-athletics-championships/iaaf-world-athletics-championships-doha-2019-7125365/results/women/100-metres/round-1/result,2026-09-29T06:15:04Z,-0.2,25.0,67.0,,,,,,,0,
WCH2019-100m-W-R1-H2,WCH,2019,100m,W,R1,2,2019-09-28,16:37,16:37,Asia/Qatar,8,8,8,-0.3,0,0,0,0,,0,,Seiko,Round 1,41124,First 3 in each heat (Q) and the next 6 fastest (q),,,https://media.aws.iaaf.org/competitiondocuments/photofinish/6033/W_100_h_2.jpg,https://media.aws.iaaf.org/competitiondocuments/pdf/6033/AT-100-W-h----.RS6.pdf,,https://worldathletics.org/competitions/world-athletics-championships/iaaf-world-athletics-championships-doha-2019-7125365/results/women/100-metres/round-1/result,2026-09-29T06:15:04Z,-0.3,25.0,67.0,,,,,,,0,
WCH2019-100m-W-R1-H3,WCH,2019,100m,W,R1,3,2019-09-28,16:44,16:44,Asia/Qatar,8,8,8,-0.4,0,0,0,0,,0,,Seiko,Round 1,41125,First 3 in each heat (Q) and the next 6 fastest (q),,,https://media.aws.iaaf.org/competitiondocuments/photofinish/6033/W_100_h_3.jpg,https://media.aws.iaaf.org/competitiondocuments/pdf/6033/AT-100-W-h----.RS6.pdf,,https://worldathletics.org/competitions/world-athletics-championships/iaaf-world-athletics-championships-doha-2019-7125365/results/women/100-metres/round-1/result,2026-09-29T06:15:04Z,-0.4,25.0,67.0,,,,,,,0,
WCH2019-100m-W-R1-H4,WCH,2019,100m,W,R1,4,2019-09-28,16:51,16:51,Asia/Qatar,8,8,8,-0.1,0,0,0,0,,0,,Seiko,Round 1,41126,First 3 in each heat (Q) and the next 6 fastest (q),,,https://media.aws.iaaf.org/competitiondocuments/photofinish/6033/W_100_h_4.jpg,https://media.aws.iaaf.org/competitiondocuments/pdf/6033/AT-100-W-h----.RS6.pdf,,https://worldathletics.org/competitions/world-athletics-championships/iaaf-world-athletics-championships-doha-2019-7125365/results/women/100-metres/round-1/result,2026-09-29T06:15:04Z,-0.1,25.0,67.0,,,,,,,0,
WCH2019-100m-W-R1-H5,WCH,2019,100m,W,R1,5,2019-09-28,16:58,16:58,Asia/Qatar,7,7,7,-0.1,0,0,0,0,,0,,Seiko,Round 1,41179,First 3 in each heat (Q) and the next 6 fastest (q),,,https://media.aws.iaaf.org/competitiondocuments/photofinish/6033/W_100_h_5.jpg,https://media.aws.iaaf.org/competitiondocuments/pdf/6033/AT-100-W-h----.RS6.pdf,,https://worldathletics.org/competitions/world-athletics-championships/iaaf-world-athletics-championships-doha-2019-7125365/results/women/100-metres/round-1/result,2026-09-29T06:15:04Z,-0.1,25.0,67.0,,,,,,,0,
WCH2019-100m-W-R1-H6,WCH,2019,100m,W,R1,6,2019-09-28,17:05,17:05,Asia/Qatar,8,8,8,-0.3,0,0,0,0,,0,,Seiko,Round 1,41180,First 3 in each heat (Q) and the next 6 fastest (q),,,https://media.aws.iaaf.org/competitiondocuments/photofinish/6033/W_100_h_6.jpg,https://media.aws.iaaf.org/competitiondocuments/pdf/6033/AT-100-W-h----.RS6.pdf,,https://worldathletics.org/competitions/world-athletics-championships/iaaf-world-athletics-championships-doha-2019-7125365/results/women/100-metres/round-1/result,2026-09-29T06:15:04Z,-0.3,25.0,67.0,,,,,,,0,
WCH2019-100m-W-SF-H1,WCH,2019,100m,W,SF,1,2019-09-29,21:20,21:20,Asia/Qatar,8,8,8,0.8,0,0,0,0,,0,,Seiko,Semi-Finals,39854,First 2 in each heat (Q) and the next 2 fastest (q),,,https://media.aws.iaaf.org/competitiondocuments/photofinish/6033/W_100_sf_1.jpg,https://media.aws.iaaf.org/competitiondocuments/pdf/6033/AT-100-W-sf----.RS6.pdf,,https://worldathletics.org/competitions/world-athletics-championships/iaaf-world-athletics-championships-doha-2019-7125365/results/women/100-metres/semi-finals/result,2026-09-29T06:15:07Z,0.8,24.0,71.0,,,,,,,0,
WCH2019-100m-W-SF-H2,WCH,2019,100m,W,SF,2,2019-09-29,21:28,21:28,Asia/Qatar,8,8,8,0.5,0,0,0,1,,0,,Seiko,Semi-Finals,41127,First 2 in each heat (Q) and the next 2 fastest (q),,,https://media.aws.iaaf.org/competitiondocuments/photofinish/6033/W_100_sf_2.jpg,https://media.aws.iaaf.org/competitiondocuments/pdf/6033/AT-100-W-sf----.RS6.pdf,,https://worldathletics.org/competitions/world-athletics-championships/iaaf-world-athletics-championships-doha-2019-7125365/results/women/100-metres/semi-finals/result,2026-09-29T06:15:07Z,0.5,24.0,71.0,,,,,,,0,
WCH2019-100m-W-SF-H3,WCH,2019,100m,W,SF,3,2019-09-29,21:36,21:36,Asia/Qatar,8,7,7,-0.4,0,0,1,0,,0,,Seiko,Semi-Finals,41128,First 2 in each heat (Q) and the next 2 fastest (q),,,https://media.aws.iaaf.org/competitiondocuments/photofinish/6033/W_100_sf_3.jpg,https://media.aws.iaaf.org/competitiondocuments/pdf/6033/AT-100-W-sf----.RS6.pdf,,https://worldathletics.org/competitions/world-athletics-championships/iaaf-world-athletics-championships-doha-2019-7125365/results/women/100-metres/semi-finals/result,2026-09-29T06:15:07Z,-0.4,24.0,71.0,,,,,,,0,
WCH2019-100m-W-F-H1,WCH,2019,100m,W,F,1,2019-09-29,23:20,23:20,Asia/Qatar,8,7,7,0.1,0,0,1,0,,0,,Seiko,Final,39858,,,,https://media.aws.iaaf.org/competitiondocuments/photofinish/6033/W_100_f_1.jpg,https://media.aws.iaaf.org/competitiondocuments/pdf/6033/AT-100-W-f----.RS6.pdf,,https://worldathletics.org/competitions/world-athletics-championships/iaaf-world-athletics-championships-doha-2019-7125365/results/women/100-metres/final/result,2026-09-29T06:15:03Z,0.1,31.0,71.0,,,,,,,0,
WCH2019-100mH-W-R1-H1,WCH,2019,100mH,W,R1,1,2019-10-05,17:15,17:19,Asia/Qatar,8,8,8,0.3,0,0,0,1,,0,,Seiko,Round 1,39945,First 4 in each heat (Q) and the next 4 fastest (q),,,https://media.aws.iaaf.org/competitiondocuments/photofinish/6033/W_100H_h_1.jpg,https://media.aws.iaaf.org/competitiondocuments/pdf/6033/AT-100H-W-h----.RS6.pdf,,https://worldathletics.org/competitions/world-athletics-championships/iaaf-world-athletics-championships-doha-2019-7125365/results/women/100-metres-hurdles/round-1/result,2026-09-29T06:15:21Z,0.3,27.0,71.0,,,,,,,0,
WCH2019-100mH-W-R1-H2,WCH,2019,100mH,W,R1,2,2019-10-05,17:23,17:25,Asia/Qatar,7,7,7,0.2,1,1,0,0,"Brianna McNeal (USA, lane 3, FS, RT -0.030)",0,,Seiko,Round 1,41129,First 4 in each heat (Q) and the next 4 fastest (q),,,https://media.aws.iaaf.org/competitiondocuments/photofinish/6033/W_100H_h_2.jpg,https://media.aws.iaaf.org/competitiondocuments/pdf/6033/AT-100H-W-h----.RS6.pdf,,https://worldathletics.org/competitions/world-athletics-championships/iaaf-world-athletics-championships-doha-2019-7125365/results/women/100-metres-hurdles/round-1/result,2026-09-29T06:15:21Z,0.2,27.0,71.0,IAAF Rule 162.8 - False Start,,,,,,0,Brianna McNeal:F1
WCH2019-100mH-W-R1-H3,WCH,2019,100mH,W,R1,3,2019-10-05,17:31,17:33,Asia/Qatar,7,7,7,0.4,0,0,0,0,,0,,Seiko,Round 1,41130,First 4 in each heat (Q) and the next 4 fastest (q),,,https://media.aws.iaaf.org/competitiondocuments/photofinish/6033/W_100H_h_3.jpg,https://media.aws.iaaf.org/competitiondocuments/pdf/6033/AT-100H-W-h----.RS6.pdf,,https://worldathletics.org/competitions/world-athletics-championships/iaaf-world-athletics-championships-doha-2019-7125365/results/women/100-metres-hurdles/round-1/result,2026-09-29T06:15:21Z,0.4,27.0,71.0,,,,,,,0,
WCH2019-100mH-W-R1-H4,WCH,2019,100mH,W,R1,4,2019-10-05,17:39,17:39,Asia/Qatar,8,8,8,0.3,0,0,0,0,,0,,Seiko,Round 1,41131,First 4 in each heat (Q) and the next 4 fastest (q),,,https://media.aws.iaaf.org/competitiondocuments/photofinish/6033/W_100H_h_4.jpg,https://media.aws.iaaf.org/competitiondocuments/pdf/6033/AT-100H-W-h----.RS6.pdf,,https://worldathletics.org/competitions/world-athletics-championships/iaaf-world-athletics-championships-doha-2019-7125365/results/women/100-metres-hurdles/round-1/result,2026-09-29T06:15:21Z,0.3,27.0,71.0,,,,,,,0,
WCH2019-100mH-W-R1-H5,WCH,2019,100mH,W,R1,5,2019-10-05,17:47,17:47,Asia/Qatar,8,8,8,0.2,0,0,0,0,,0,,Seiko,Round 1,41132,First 4 in each heat (Q) and the next 4 fastest (q),,,https://media.aws.iaaf.org/competitiondocuments/photofinish/6033/W_100H_h_5.jpg,https://media.aws.iaaf.org/competitiondocuments/pdf/6033/AT-100H-W-h----.RS6.pdf,,https://worldathletics.org/competitions/world-athletics-championships/iaaf-world-athletics-championships-doha-2019-7125365/results/women/100-metres-hurdles/round-1/result,2026-09-29T06:15:21Z,0.2,27.0,71.0,,,,,,,0,
WCH2019-100mH-W-SF-H1,WCH,2019,100mH,W,SF,1,2019-10-06,19:02,19:03,Asia/Qatar,8,8,8,1.0,0,0,0,0,,0,,Seiko,Semi-Finals,39957,First 2 in each heat (Q) and the next 2 fastest (q),,,https://media.aws.iaaf.org/competitiondocuments/photofinish/6033/W_100H_sf_1.jpg,https://media.aws.iaaf.org/competitiondocuments/pdf/6033/AT-100H-W-sf----.RS6.pdf,,https://worldathletics.org/competitions/world-athletics-championships/iaaf-world-athletics-championships-doha-2019-7125365/results/women/100-metres-hurdles/semi-finals/result,2026-09-29T06:15:26Z,1.0,27.0,71.0,,,,,,,0,
WCH2019-100mH-W-SF-H2,WCH,2019,100mH,W,SF,2,2019-10-06,19:10,19:10,Asia/Qatar,8,8,8,0.8,0,0,0,0,,0,,Seiko,Semi-Finals,41133,First 2 in each heat (Q) and the next 2 fastest (q),,,https://media.aws.iaaf.org/competitiondocuments/photofinish/6033/W_100H_sf_2.jpg,https://media.aws.iaaf.org/competitiondocuments/pdf/6033/AT-100H-W-sf----.RS6.pdf,,https://worldathletics.org/competitions/world-athletics-championships/iaaf-world-athletics-championships-doha-2019-7125365/results/women/100-metres-hurdles/semi-finals/result,2026-09-29T06:15:26Z,0.8,27.0,71.0,,,,,,,0,
WCH2019-100mH-W-SF-H3,WCH,2019,100mH,W,SF,3,2019-10-06,19:18,19:19,Asia/Qatar,8,8,8,0.6,0,1,0,0,"Anne Zagre (BEL, lane 9, DQ, RT 0.135)",0,,Seiko,Semi-Finals,41134,First 2 in each heat (Q) and the next 2 fastest (q),,,https://media.aws.iaaf.org/competitiondocuments/photofinish/6033/W_100H_sf_3.jpg,https://media.aws.iaaf.org/competitiondocuments/pdf/6033/AT-100H-W-sf----.RS6.pdf,,https://worldathletics.org/competitions/world-athletics-championships/iaaf-world-athletics-championships-doha-2019-7125365/results/women/100-metres-hurdles/semi-finals/result,2026-09-29T06:15:26Z,0.6,27.0,71.0,IAAF Rule 163.2(b) - Jostling / Obstruction,,,,,,0,
WCH2019-100mH-W-F-H1,WCH,2019,100mH,W,F,1,2019-10-06,20:50,20:51,Asia/Qatar,8,8,8,0.3,0,0,0,1,,0,,Seiko,Final,39962,,,,https://media.aws.iaaf.org/competitiondocuments/photofinish/6033/W_100H_f_1.jpg,https://media.aws.iaaf.org/competitiondocuments/pdf/6033/AT-100H-W-f----.RS6.pdf,,https://worldathletics.org/competitions/world-athletics-championships/iaaf-world-athletics-championships-doha-2019-7125365/results/women/100-metres-hurdles/final/result,2026-09-29T06:15:19Z,0.3,24.0,64.0,,,,,,,0,
WCH2019-110mH-M-R1-H1,WCH,2019,110mH,M,R1,1,2019-09-30,20:05,20:05,Asia/Qatar,8,8,8,0.2,0,1,0,0,"Gabriel Constantino (BRA, lane 4, DQ, RT 0.149)",0,,Seiko,Round 1,39864,First 4 in each heat (Q) and the next 4 fastest (q),,,https://media.aws.iaaf.org/competitiondocuments/photofinish/6033/M_110H_h_1.jpg,https://media.aws.iaaf.org/competitiondocuments/pdf/6033/AT-110H-M-h----.RS6.pdf,,https://worldathletics.org/competitions/world-athletics-championships/iaaf-world-athletics-championships-doha-2019-7125365/results/men/110-metres-hurdles/round-1/result,2026-09-29T06:15:13Z,0.2,27.0,73.0,IAAF Rule 168.7(b) - Deliberately knocking down a hurdle,,,,,,0,
WCH2019-110mH-M-R1-H2,WCH,2019,110mH,M,R1,2,2019-09-30,20:13,20:13,Asia/Qatar,8,8,8,0.5,0,0,0,0,,0,,Seiko,Round 1,41074,First 4 in each heat (Q) and the next 4 fastest (q),,,https://media.aws.iaaf.org/competitiondocuments/photofinish/6033/M_110H_h_2.jpg,https://media.aws.iaaf.org/competitiondocuments/pdf/6033/AT-110H-M-h----.RS6.pdf,,https://worldathletics.org/competitions/world-athletics-championships/iaaf-world-athletics-championships-doha-2019-7125365/results/men/110-metres-hurdles/round-1/result,2026-09-29T06:15:13Z,0.5,27.0,73.0,,,,,,,0,
WCH2019-110mH-M-R1-H3,WCH,2019,110mH,M,R1,3,2019-09-30,20:21,20:20,Asia/Qatar,8,7,7,-0.4,1,2,1,0,"Daniel Roberts (USA, lane 4, DQ, RT 0.186); Jeffrey Julmis (HAI, lane 7, FS, RT -0.210)",0,,Seiko,Round 1,41075,First 4 in each heat (Q) and the next 4 fastest (q),,,https://media.aws.iaaf.org/competitiondocuments/photofinish/6033/M_110H_h_3.jpg,https://media.aws.iaaf.org/competitiondocuments/pdf/6033/AT-110H-M-h----.RS6.pdf,,https://worldathletics.org/competitions/world-athletics-championships/iaaf-world-athletics-championships-doha-2019-7125365/results/men/110-metres-hurdles/round-1/result,2026-09-29T06:15:13Z,-0.4,27.0,73.0,IAAF Rule 162.8 - False Start,,,,,,0,Jeffrey Julmis:F1
WCH2019-110mH-M-R1-H4,WCH,2019,110mH,M,R1,4,2019-09-30,20:29,20:30,Asia/Qatar,9,8,8,0.4,0,0,1,0,,0,,Seiko,Round 1,41076,First 4 in each heat (Q) and the next 4 fastest (q),,,https://media.aws.iaaf.org/competitiondocuments/photofinish/6033/M_110H_h_4.jpg,https://media.aws.iaaf.org/competitiondocuments/pdf/6033/AT-110H-M-h----.RS6.pdf,,https://worldathletics.org/competitions/world-athletics-championships/iaaf-world-athletics-championships-doha-2019-7125365/results/men/110-metres-hurdles/round-1/result,2026-09-29T06:15:13Z,0.4,27.0,73.0,,,,,,,0,
WCH2019-110mH-M-R1-H5,WCH,2019,110mH,M,R1,5,2019-09-30,20:37,20:36,Asia/Qatar,8,8,8,-0.5,0,0,0,0,,0,,Seiko,Round 1,41077,First 4 in each heat (Q) and the next 4 fastest (q),,,https://media.aws.iaaf.org/competitiondocuments/photofinish/6033/M_110H_h_5.jpg,https://media.aws.iaaf.org/competitiondocuments/pdf/6033/AT-110H-M-h----.RS6.pdf,,https://worldathletics.org/competitions/world-athletics-championships/iaaf-world-athletics-championships-doha-2019-7125365/results/men/110-metres-hurdles/round-1/result,2026-09-29T06:15:13Z,-0.5,27.0,73.0,,,,,,,0,
WCH2019-110mH-M-SF-H1,WCH,2019,110mH,M,SF,1,2019-10-02,20:05,20:05,Asia/Qatar,8,8,8,1.1,0,1,0,0,"Ronald Levy (JAM, lane 7, DQ-post, RT 0.163)",0,,Seiko,Semi-Finals,39899,First 2 in each heat (Q) and the next 2 fastest (q),,,https://media.aws.iaaf.org/competitiondocuments/photofinish/6033/M_110H_sf_1.jpg,https://media.aws.iaaf.org/competitiondocuments/pdf/6033/AT-110H-M-sf----.RS6.pdf,,https://worldathletics.org/competitions/world-athletics-championships/iaaf-world-athletics-championships-doha-2019-7125365/results/men/110-metres-hurdles/semi-finals/result,2026-09-29T06:15:15Z,1.1,26.0,59.0,,,,,,,0,
WCH2019-110mH-M-SF-H2,WCH,2019,110mH,M,SF,2,2019-10-02,20:13,20:15,Asia/Qatar,8,8,8,0.9,0,0,0,0,,0,,Seiko,Semi-Finals,41078,First 2 in each heat (Q) and the next 2 fastest (q),,,https://media.aws.iaaf.org/competitiondocuments/photofinish/6033/M_110H_sf_2.jpg,https://media.aws.iaaf.org/competitiondocuments/pdf/6033/AT-110H-M-sf----.RS6.pdf,,https://worldathletics.org/competitions/world-athletics-championships/iaaf-world-athletics-championships-doha-2019-7125365/results/men/110-metres-hurdles/semi-finals/result,2026-09-29T06:15:15Z,0.9,26.0,59.0,,,,,,,0,
WCH2019-110mH-M-SF-H3,WCH,2019,110mH,M,SF,3,2019-10-02,20:21,20:21,Asia/Qatar,8,8,8,0.6,0,0,0,0,,0,,Seiko,Semi-Finals,41079,First 2 in each heat (Q) and the next 2 fastest (q),,,https://media.aws.iaaf.org/competitiondocuments/photofinish/6033/M_110H_sf_3.jpg,https://media.aws.iaaf.org/competitiondocuments/pdf/6033/AT-110H-M-sf----.RS6.pdf,,https://worldathletics.org/competitions/world-athletics-championships/iaaf-world-athletics-championships-doha-2019-7125365/results/men/110-metres-hurdles/semi-finals/result,2026-09-29T06:15:15Z,0.6,26.0,59.0,,,,,,,0,
WCH2019-110mH-M-F-H1,WCH,2019,110mH,M,F,1,2019-10-02,23:00,23:00,Asia/Qatar,9,9,9,0.6,0,1,0,0,"Omar McLeod (JAM, lane 4, DQ, RT 0.128)",0,,Seiko,Final,39909,,,,https://media.aws.iaaf.org/competitiondocuments/photofinish/6033/M_110H_f_1.jpg,https://media.aws.iaaf.org/competitiondocuments/pdf/6033/AT-110H-M-f----.RS6.pdf,,https://worldathletics.org/competitions/world-athletics-championships/iaaf-world-athletics-championships-doha-2019-7125365/results/men/110-metres-hurdles/final/result,2026-09-29T06:15:09Z,0.6,26.0,59.0,IAAF Rule 163.2(b) - Jostling / Obstruction,,,,,,0,
WCH2019-200m-M-R1-H1,WCH,2019,200m,M,R1,1,2019-09-29,20:05,20:07,Asia/Qatar,8,8,8,0.5,0,1,0,0,"Terrance Jones (BAH, lane 4, DQ, RT 0.166)",0,,Seiko,Round 1,39852,First 3 in each heat (Q) and the next 3 fastest (q),,,https://media.aws.iaaf.org/competitiondocuments/photofinish/6033/M_200_h_1.jpg,https://media.aws.iaaf.org/competitiondocuments/pdf/6033/AT-200-M-h----.RS6.pdf,,https://worldathletics.org/competitions/world-athletics-championships/iaaf-world-athletics-championships-doha-2019-7125365/results/men/200-metres/round-1/result,2026-09-29T08:51:51Z,0.5,24.0,71.0,IAAF Rule 163.3(a) - Lane infringement,,,,,,0,
WCH2019-200m-M-R1-H2,WCH,2019,200m,M,R1,2,2019-09-29,20:13,20:14,Asia/Qatar,7,7,7,0.5,0,0,0,0,,0,,Seiko,Round 1,41086,First 3 in each heat (Q) and the next 3 fastest (q),,,https://media.aws.iaaf.org/competitiondocuments/photofinish/6033/M_200_h_2.jpg,https://media.aws.iaaf.org/competitiondocuments/pdf/6033/AT-200-M-h----.RS6.pdf,,https://worldathletics.org/competitions/world-athletics-championships/iaaf-world-athletics-championships-doha-2019-7125365/results/men/200-metres/round-1/result,2026-09-29T08:51:51Z,0.5,24.0,71.0,,,,,,,0,
WCH2019-200m-M-R1-H3,WCH,2019,200m,M,R1,3,2019-09-29,20:21,20:21,Asia/Qatar,8,8,8,0.8,0,0,0,0,,0,,Seiko,Round 1,41087,First 3 in each heat (Q) and the next 3 fastest (q),,,https://media.aws.iaaf.org/competitiondocuments/photofinish/6033/M_200_h_3.jpg,https://media.aws.iaaf.org/competitiondocuments/pdf/6033/AT-200-M-h----.RS6.pdf,,https://worldathletics.org/competitions/world-athletics-championships/iaaf-world-athletics-championships-doha-2019-7125365/results/men/200-metres/round-1/result,2026-09-29T08:51:51Z,0.8,24.0,71.0,,,,,,,0,
WCH2019-200m-M-R1-H4,WCH,2019,200m,M,R1,4,2019-09-29,20:29,20:29,Asia/Qatar,7,7,7,0.7,0,0,0,0,,0,,Seiko,Round 1,41088,First 3 in each heat (Q) and the next 3 fastest (q),,,https://media.aws.iaaf.org/competitiondocuments/photofinish/6033/M_200_h_4.jpg,https://media.aws.iaaf.org/competitiondocuments/pdf/6033/AT-200-M-h----.RS6.pdf,,https://worldathletics.org/competitions/world-athletics-championships/iaaf-world-athletics-championships-doha-2019-7125365/results/men/200-metres/round-1/result,2026-09-29T08:51:51Z,0.7,24.0,71.0,,,,,,,0,
WCH2019-200m-M-R1-H5,WCH,2019,200m,M,R1,5,2019-09-29,20:37,20:37,Asia/Qatar,8,8,8,1.0,0,1,0,0,"Jeffrey Vanan (SUR, lane 2, DQ, RT 0.177)",0,,Seiko,Round 1,41089,First 3 in each heat (Q) and the next 3 fastest (q),,,https://media.aws.iaaf.org/competitiondocuments/photofinish/6033/M_200_h_5.jpg,https://media.aws.iaaf.org/competitiondocuments/pdf/6033/AT-200-M-h----.RS6.pdf,,https://worldathletics.org/competitions/world-athletics-championships/iaaf-world-athletics-championships-doha-2019-7125365/results/men/200-metres/round-1/result,2026-09-29T08:51:51Z,1.0,24.0,71.0,IAAF Rule 163.3(a) - Lane infringement,,,,,,0,
WCH2019-200m-M-R1-H6,WCH,2019,200m,M,R1,6,2019-09-29,20:45,20:45,Asia/Qatar,8,8,8,0.9,0,0,0,0,,0,,Seiko,Round 1,41090,First 3 in each heat (Q) and the next 3 fastest (q),,,https://media.aws.iaaf.org/competitiondocuments/photofinish/6033/M_200_h_6.jpg,https://media.aws.iaaf.org/competitiondocuments/pdf/6033/AT-200-M-h----.RS6.pdf,,https://worldathletics.org/competitions/world-athletics-championships/iaaf-world-athletics-championships-doha-2019-7125365/results/men/200-metres/round-1/result,2026-09-29T08:51:51Z,0.9,24.0,71.0,,,,,,,0,
WCH2019-200m-M-R1-H7,WCH,2019,200m,M,R1,7,2019-09-29,20:53,20:53,Asia/Qatar,7,6,6,0.2,0,0,1,0,,0,,Seiko,Round 1,41091,First 3 in each heat (Q) and the next 3 fastest (q),,,https://media.aws.iaaf.org/competitiondocuments/photofinish/6033/M_200_h_7.jpg,https://media.aws.iaaf.org/competitiondocuments/pdf/6033/AT-200-M-h----.RS6.pdf,,https://worldathletics.org/competitions/world-athletics-championships/iaaf-world-athletics-championships-doha-2019-7125365/results/men/200-metres/round-1/result,2026-09-29T08:51:51Z,0.2,31.0,71.0,,,,,,,0,
WCH2019-200m-M-SF-H1,WCH,2019,200m,M,SF,1,2019-09-30,20:50,20:49,Asia/Qatar,8,7,7,-0.3,0,0,1,0,,0,,Seiko,Semi-Finals,39866,First 2 in each heat (Q) and the next 2 fastest (q),,,https://media.aws.iaaf.org/competitiondocuments/photofinish/6033/M_200_sf_1.jpg,https://media.aws.iaaf.org/competitiondocuments/pdf/6033/AT-200-M-sf----.RS6.pdf,,https://worldathletics.org/competitions/world-athletics-championships/iaaf-world-athletics-championships-doha-2019-7125365/results/men/200-metres/semi-finals/result,2026-09-29T08:51:53Z,-0.3,27.0,73.0,,,,,,,0,
WCH2019-200m-M-SF-H2,WCH,2019,200m,M,SF,2,2019-09-30,20:58,20:58,Asia/Qatar,8,7,7,0.1,0,0,1,0,,0,,Seiko,Semi-Finals,41092,First 2 in each heat (Q) and the next 2 fastest (q),,,https://media.aws.iaaf.org/competitiondocuments/photofinish/6033/M_200_sf_2.jpg,https://media.aws.iaaf.org/competitiondocuments/pdf/6033/AT-200-M-sf----.RS6.pdf,,https://worldathletics.org/competitions/world-athletics-championships/iaaf-world-athletics-championships-doha-2019-7125365/results/men/200-metres/semi-finals/result,2026-09-29T08:51:53Z,0.1,27.0,73.0,,,,,,,0,
WCH2019-200m-M-SF-H3,WCH,2019,200m,M,SF,3,2019-09-30,21:06,21:06,Asia/Qatar,8,8,8,-0.1,0,0,0,0,,0,,Seiko,Semi-Finals,41093,First 2 in each heat (Q) and the next 2 fastest (q),,,https://media.aws.iaaf.org/competitiondocuments/photofinish/6033/M_200_sf_3.jpg,https://media.aws.iaaf.org/competitiondocuments/pdf/6033/AT-200-M-sf----.RS6.pdf,,https://worldathletics.org/competitions/world-athletics-championships/iaaf-world-athletics-championships-doha-2019-7125365/results/men/200-metres/semi-finals/result,2026-09-29T08:51:53Z,-0.1,27.0,73.0,,,,,,,0,
WCH2019-200m-M-F-H1,WCH,2019,200m,M,F,1,2019-10-01,22:40,22:40,Asia/Qatar,8,8,8,0.3,0,0,0,0,,0,,Seiko,Final,39884,,,,https://media.aws.iaaf.org/competitiondocuments/photofinish/6033/M_200_f_1.jpg,https://media.aws.iaaf.org/competitiondocuments/pdf/6033/AT-200-M-f----.RS6.pdf,,https://worldathletics.org/competitions/world-athletics-championships/iaaf-world-athletics-championships-doha-2019-7125365/results/men/200-metres/final/result,2026-09-29T08:51:48Z,0.3,25.0,53.0,,,,,,,0,
WCH2019-200m-W-R1-H1,WCH,2019,200m,W,R1,1,2019-09-30,17:05,17:05,Asia/Qatar,8,6,6,-0.3,0,0,2,0,,0,,Seiko,Round 1,39862,First 3 in each heat (Q) and the next 6 fastest (q),,,https://media.aws.iaaf.org/competitiondocuments/photofinish/6033/W_200_h_1.jpg,https://media.aws.iaaf.org/competitiondocuments/pdf/6033/AT-200-W-h----.RS6.pdf,,https://worldathletics.org/competitions/world-athletics-championships/iaaf-world-athletics-championships-doha-2019-7125365/results/women/200-metres/round-1/result,2026-09-29T08:52:01Z,-0.3,27.0,73.0,,,,,,,0,
WCH2019-200m-W-R1-H2,WCH,2019,200m,W,R1,2,2019-09-30,17:14,17:14,Asia/Qatar,8,8,7,0.2,0,0,0,0,,0,,Seiko,Round 1,41141,First 3 in each heat (Q) and the next 6 fastest (q),,,https://media.aws.iaaf.org/competitiondocuments/photofinish/6033/W_200_h_2.jpg,https://media.aws.iaaf.org/competitiondocuments/pdf/6033/AT-200-W-h----.RS6.pdf,,https://worldathletics.org/competitions/world-athletics-championships/iaaf-world-athletics-championships-doha-2019-7125365/results/women/200-metres/round-1/result,2026-09-29T08:52:01Z,0.2,27.0,73.0,,,,,,,0,
WCH2019-200m-W-R1-H3,WCH,2019,200m,W,R1,3,2019-09-30,17:23,17:23,Asia/Qatar,8,7,7,0.7,0,0,1,0,,0,,Seiko,Round 1,41142,First 3 in each heat (Q) and the next 6 fastest (q),,,https://media.aws.iaaf.org/competitiondocuments/photofinish/6033/W_200_h_3.jpg,https://media.aws.iaaf.org/competitiondocuments/pdf/6033/AT-200-W-h----.RS6.pdf,,https://worldathletics.org/competitions/world-athletics-championships/iaaf-world-athletics-championships-doha-2019-7125365/results/women/200-metres/round-1/result,2026-09-29T08:52:01Z,0.7,27.0,73.0,,,,,,,0,
WCH2019-200m-W-R1-H4,WCH,2019,200m,W,R1,4,2019-09-30,17:32,17:32,Asia/Qatar,8,8,8,0.4,0,0,0,0,,0,,Seiko,Round 1,41143,First 3 in each heat (Q) and the next 6 fastest (q),,,https://media.aws.iaaf.org/competitiondocuments/photofinish/6033/W_200_h_4.jpg,https://media.aws.iaaf.org/competitiondocuments/pdf/6033/AT-200-W-h----.RS6.pdf,,https://worldathletics.org/competitions/world-athletics-championships/iaaf-world-athletics-championships-doha-2019-7125365/results/women/200-metres/round-1/result,2026-09-29T08:52:01Z,0.4,27.0,73.0,,,,,,,0,
WCH2019-200m-W-R1-H5,WCH,2019,200m,W,R1,5,2019-09-30,17:41,17:41,Asia/Qatar,8,8,8,0.8,0,1,0,0,"Blessing Okagbare (NGR, lane 9, DQ, RT 0.182)",0,,Seiko,Round 1,41144,First 3 in each heat (Q) and the next 6 fastest (q),,,https://media.aws.iaaf.org/competitiondocuments/photofinish/6033/W_200_h_5.jpg,https://media.aws.iaaf.org/competitiondocuments/pdf/6033/AT-200-W-h----.RS6.pdf,,https://worldathletics.org/competitions/world-athletics-championships/iaaf-world-athletics-championships-doha-2019-7125365/results/women/200-metres/round-1/result,2026-09-29T08:52:01Z,0.8,27.0,73.0,IAAF Rule 163.3(a) - Lane infringement,,,,,,0,
WCH2019-200m-W-R1-H6,WCH,2019,200m,W,R1,6,2019-09-30,17:50,17:50,Asia/Qatar,8,8,8,-0.1,0,1,0,0,"Natacha Ngoye Akamabi (CGO, lane 6, DQ, RT 0.145)",0,,Seiko,Round 1,41145,First 3 in each heat (Q) and the next 6 fastest (q),,,https://media.aws.iaaf.org/competitiondocuments/photofinish/6033/W_200_h_6.jpg,https://media.aws.iaaf.org/competitiondocuments/pdf/6033/AT-200-W-h----.RS6.pdf,,https://worldathletics.org/competitions/world-athletics-championships/iaaf-world-athletics-championships-doha-2019-7125365/results/women/200-metres/round-1/result,2026-09-29T08:52:01Z,-0.1,27.0,73.0,IAAF Rule 163.3(a) - Lane infringement,,,,,,0,
WCH2019-200m-W-SF-H1,WCH,2019,200m,W,SF,1,2019-10-01,21:35,21:35,Asia/Qatar,8,8,8,0.4,0,0,0,0,,0,,Seiko,Semi-Finals,39882,First 2 in each heat (Q) and the next 2 fastest (q),,,https://media.aws.iaaf.org/competitiondocuments/photofinish/6033/W_200_sf_1.jpg,https://media.aws.iaaf.org/competitiondocuments/pdf/6033/AT-200-W-sf----.RS6.pdf,,https://worldathletics.org/competitions/world-athletics-championships/iaaf-world-athletics-championships-doha-2019-7125365/results/women/200-metres/semi-finals/result,2026-09-29T08:52:03Z,0.4,25.0,53.0,,,,,,,0,
WCH2019-200m-W-SF-H2,WCH,2019,200m,W,SF,2,2019-10-01,21:43,21:43,Asia/Qatar,8,7,7,0.4,0,0,1,0,,0,,Seiko,Semi-Finals,41147,First 2 in each heat (Q) and the next 2 fastest (q),,,https://media.aws.iaaf.org/competitiondocuments/photofinish/6033/W_200_sf_2.jpg,https://media.aws.iaaf.org/competitiondocuments/pdf/6033/AT-200-W-sf----.RS6.pdf,,https://worldathletics.org/competitions/world-athletics-championships/iaaf-world-athletics-championships-doha-2019-7125365/results/women/200-metres/semi-finals/result,2026-09-29T08:52:03Z,0.4,25.0,53.0,,,,,,,0,
WCH2019-200m-W-SF-H3,WCH,2019,200m,W,SF,3,2019-10-01,21:51,21:51,Asia/Qatar,8,8,8,0.5,0,0,0,0,,0,,Seiko,Semi-Finals,41148,First 2 in each heat (Q) and the next 2 fastest (q),,,https://media.aws.iaaf.org/competitiondocuments/photofinish/6033/W_200_sf_3.jpg,https://media.aws.iaaf.org/competitiondocuments/pdf/6033/AT-200-W-sf----.RS6.pdf,,https://worldathletics.org/competitions/world-athletics-championships/iaaf-world-athletics-championships-doha-2019-7125365/results/women/200-metres/semi-finals/result,2026-09-29T08:52:03Z,0.5,25.0,53.0,,,,,,,0,
WCH2019-200m-W-F-H1,WCH,2019,200m,W,F,1,2019-10-02,22:35,22:37,Asia/Qatar,8,8,8,0.9,0,0,0,0,,0,,Seiko,Final,39908,,,,https://media.aws.iaaf.org/competitiondocuments/photofinish/6033/W_200_f_1.jpg,https://media.aws.iaaf.org/competitiondocuments/pdf/6033/AT-200-W-f----.RS6.pdf,,https://worldathletics.org/competitions/world-athletics-championships/iaaf-world-athletics-championships-doha-2019-7125365/results/women/200-metres/final/result,2026-09-29T08:51:59Z,0.9,26.0,59.0,,,,,,,0,
WCH2022-100m-M-PR-H1,WCH,2022,100m,M,PR,1,2022-07-15,12:30,12:24,America/Los_Angeles,7,7,7,0.5,0,0,0,0,,0,,Seiko,Preliminary Round,42517,First 2 of each heat (Q) plus 6 fastest times (q) qualify to Round 1,https://media.aws.iaaf.org/competitiondocuments/waveform/7137279/M_100_pr_1.jpg,,https://media.aws.iaaf.org/competitiondocuments/photofinish/7137279/M_100_pr_1.jpg,https://media.aws.iaaf.org/competitiondocuments/pdf/7137279/AT-100-M-pr----.RS6.pdf,,https://worldathletics.org/competitions/world-athletics-championships/world-athletics-championships-oregon-2022-7137279/results/men/100-metres/preliminary-round/result,2026-09-29T06:14:06Z,,,,,1,1.344,True,True,,0,
WCH2022-100m-M-PR-H2,WCH,2022,100m,M,PR,2,2022-07-15,12:37,12:34,America/Los_Angeles,7,6,6,-0.1,0,0,1,0,,0,,Seiko,Preliminary Round,43934,First 2 of each heat (Q) plus 6 fastest times (q) qualify to Round 1,https://media.aws.iaaf.org/competitiondocuments/waveform/7137279/M_100_pr_2.jpg,,https://media.aws.iaaf.org/competitiondocuments/photofinish/7137279/M_100_pr_2.jpg,https://media.aws.iaaf.org/competitiondocuments/pdf/7137279/AT-100-M-pr----.RS6.pdf,,https://worldathletics.org/competitions/world-athletics-championships/world-athletics-championships-oregon-2022-7137279/results/men/100-metres/preliminary-round/result,2026-09-29T06:14:06Z,,,,,1,1.148,True,True,,0,
WCH2022-100m-M-PR-H3,WCH,2022,100m,M,PR,3,2022-07-15,12:44,12:41,America/Los_Angeles,7,6,6,0.0,0,0,1,0,,0,,Seiko,Preliminary Round,43935,First 2 of each heat (Q) plus 6 fastest times (q) qualify to Round 1,https://media.aws.iaaf.org/competitiondocuments/waveform/7137279/M_100_pr_3.jpg,,https://media.aws.iaaf.org/competitiondocuments/photofinish/7137279/M_100_pr_3.jpg,https://media.aws.iaaf.org/competitiondocuments/pdf/7137279/AT-100-M-pr----.RS6.pdf,,https://worldathletics.org/competitions/world-athletics-championships/world-athletics-championships-oregon-2022-7137279/results/men/100-metres/preliminary-round/result,2026-09-29T06:14:06Z,,,,,1,1.393,True,True,,0,
WCH2022-100m-M-PR-H4,WCH,2022,100m,M,PR,4,2022-07-15,12:51,12:48,America/Los_Angeles,7,7,7,1.1,1,1,0,0,"Ratu Banuve TABAKAUCORO (FIJ, lane 8, FS, RT 0.096)",0,,Seiko,Preliminary Round,43936,First 2 of each heat (Q) plus 6 fastest times (q) qualify to Round 1,https://media.aws.iaaf.org/competitiondocuments/waveform/7137279/M_100_pr_4.jpg,,https://media.aws.iaaf.org/competitiondocuments/photofinish/7137279/M_100_pr_4.jpg,https://media.aws.iaaf.org/competitiondocuments/pdf/7137279/AT-100-M-pr----.RS6.pdf,,https://worldathletics.org/competitions/world-athletics-championships/world-athletics-championships-oregon-2022-7137279/results/men/100-metres/preliminary-round/result,2026-09-29T06:14:06Z,,,,WA Rule TR16.8 - False start,2,1.281,True,True,,0,
WCH2022-100m-M-R1-H1,WCH,2022,100m,M,R1,1,2022-07-15,18:50,18:50,America/Los_Angeles,8,8,8,-0.1,0,0,0,0,,0,,Seiko,Round 1,42516,First 3 of each heat (Q) plus 3 fastest times (q) qualify to Semi-Final,https://media.aws.iaaf.org/competitiondocuments/waveform/7137279/M_100_h_1.jpg,,https://media.aws.iaaf.org/competitiondocuments/photofinish/7137279/M_100_h_1.jpg,https://media.aws.iaaf.org/competitiondocuments/pdf/7137279/AT-100-M-h----.RS6.pdf,,https://worldathletics.org/competitions/world-athletics-championships/world-athletics-championships-oregon-2022-7137279/results/men/100-metres/round-1/result,2026-09-29T06:14:09Z,-0.1,28.0,41.0,,1,,False,True,ready time missing/out of range,0,
WCH2022-100m-M-R1-H2,WCH,2022,100m,M,R1,2,2022-07-15,18:57,18:57,America/Los_Angeles,8,8,8,0.1,0,0,0,0,,0,,Seiko,Round 1,43928,First 3 of each heat (Q) plus 3 fastest times (q) qualify to Semi-Final,https://media.aws.iaaf.org/competitiondocuments/waveform/7137279/M_100_h_2.jpg,,https://media.aws.iaaf.org/competitiondocuments/photofinish/7137279/M_100_h_2.jpg,https://media.aws.iaaf.org/competitiondocuments/pdf/7137279/AT-100-M-h----.RS6.pdf,,https://worldathletics.org/competitions/world-athletics-championships/world-athletics-championships-oregon-2022-7137279/results/men/100-metres/round-1/result,2026-09-29T06:14:09Z,0.1,28.0,41.0,,1,1.431,True,True,,0,
WCH2022-100m-M-R1-H3,WCH,2022,100m,M,R1,3,2022-07-15,19:04,19:04,America/Los_Angeles,8,8,8,0.6,0,0,0,0,,0,,Seiko,Round 1,43929,First 3 of each heat (Q) plus 3 fastest times (q) qualify to Semi-Final,https://media.aws.iaaf.org/competitiondocuments/waveform/7137279/M_100_h_3.jpg,,https://media.aws.iaaf.org/competitiondocuments/photofinish/7137279/M_100_h_3.jpg,https://media.aws.iaaf.org/competitiondocuments/pdf/7137279/AT-100-M-h----.RS6.pdf,,https://worldathletics.org/competitions/world-athletics-championships/world-athletics-championships-oregon-2022-7137279/results/men/100-metres/round-1/result,2026-09-29T06:14:09Z,0.6,28.0,41.0,,1,0.806,True,True,unusually short hold (< 1.0 s),0,
WCH2022-100m-M-R1-H4,WCH,2022,100m,M,R1,4,2022-07-15,19:11,19:11,America/Los_Angeles,8,7,7,0.2,0,0,1,0,,1,Y Lamont Marcell JACOBS (lane 5): Y BIB 1999 (Lamont Marcell JACOBS) - Unsporting manner / improper conduct,Seiko,Round 1,43930,First 3 of each heat (Q) plus 3 fastest times (q) qualify to Semi-Final,https://media.aws.iaaf.org/competitiondocuments/waveform/7137279/M_100_h_4.jpg,,https://media.aws.iaaf.org/competitiondocuments/photofinish/7137279/M_100_h_4.jpg,https://media.aws.iaaf.org/competitiondocuments/pdf/7137279/AT-100-M-h----.RS6.pdf,,https://worldathletics.org/competitions/world-athletics-championships/world-athletics-championships-oregon-2022-7137279/results/men/100-metres/round-1/result,2026-09-29T06:14:09Z,0.2,28.0,41.0,Y BIB 1999 (Lamont Marcell JACOBS) - Unsporting manner / improper conduct,1,1.4,True,True,,0,
WCH2022-100m-M-R1-H5,WCH,2022,100m,M,R1,5,2022-07-15,19:18,19:19,America/Los_Angeles,8,8,8,1.1,0,0,0,0,,1,Y Letsile TEBOGO (lane 4): Y BIB 1599 (Letsile TEBOGO) - Unsporting manner / improper conduct,Seiko,Round 1,43931,First 3 of each heat (Q) plus 3 fastest times (q) qualify to Semi-Final,https://media.aws.iaaf.org/competitiondocuments/waveform/7137279/M_100_h_5.jpg,,https://media.aws.iaaf.org/competitiondocuments/photofinish/7137279/M_100_h_5.jpg,https://media.aws.iaaf.org/competitiondocuments/pdf/7137279/AT-100-M-h----.RS6.pdf,,https://worldathletics.org/competitions/world-athletics-championships/world-athletics-championships-oregon-2022-7137279/results/men/100-metres/round-1/result,2026-09-29T06:14:09Z,1.1,28.0,41.0,Y BIB 1599 (Letsile TEBOGO) - Unsporting manner / improper conduct,1,1.311,True,True,,0,
WCH2022-100m-M-R1-H6,WCH,2022,100m,M,R1,6,2022-07-15,19:25,19:25,America/Los_Angeles,8,8,8,0.5,0,0,0,0,,0,,Seiko,Round 1,43932,First 3 of each heat (Q) plus 3 fastest times (q) qualify to Semi-Final,https://media.aws.iaaf.org/competitiondocuments/waveform/7137279/M_100_h_6.jpg,,https://media.aws.iaaf.org/competitiondocuments/photofinish/7137279/M_100_h_6.jpg,https://media.aws.iaaf.org/competitiondocuments/pdf/7137279/AT-100-M-h----.RS6.pdf,,https://worldathletics.org/competitions/world-athletics-championships/world-athletics-championships-oregon-2022-7137279/results/men/100-metres/round-1/result,2026-09-29T06:14:09Z,0.5,28.0,41.0,,1,1.39,True,True,,0,
WCH2022-100m-M-R1-H7,WCH,2022,100m,M,R1,7,2022-07-15,19:32,19:32,America/Los_Angeles,9,9,9,-0.3,0,0,0,0,,0,,Seiko,Round 1,43933,First 3 of each heat (Q) plus 3 fastest times (q) qualify to Semi-Final,https://media.aws.iaaf.org/competitiondocuments/waveform/7137279/M_100_h_7.jpg,,https://media.aws.iaaf.org/competitiondocuments/photofinish/7137279/M_100_h_7.jpg,https://media.aws.iaaf.org/competitiondocuments/pdf/7137279/AT-100-M-h----.RS6.pdf,,https://worldathletics.org/competitions/world-athletics-championships/world-athletics-championships-oregon-2022-7137279/results/men/100-metres/round-1/result,2026-09-29T06:14:09Z,-0.3,28.0,41.0,,1,1.408,True,True,,0,
WCH2022-100m-M-SF-H1,WCH,2022,100m,M,SF,1,2022-07-16,18:00,18:01,America/Los_Angeles,8,8,8,0.3,0,0,0,0,,0,,Seiko,Semi-Finals,42518,First 2 of each heat (Q) plus 2 fastest times (q) qualify to Final,https://media.aws.iaaf.org/competitiondocuments/waveform/7137279/M_100_sf_1.jpg,,https://media.aws.iaaf.org/competitiondocuments/photofinish/7137279/M_100_sf_1.jpg,https://media.aws.iaaf.org/competitiondocuments/pdf/7137279/AT-100-M-sf----.RS6.pdf,,https://worldathletics.org/competitions/world-athletics-championships/world-athletics-championships-oregon-2022-7137279/results/men/100-metres/semi-finals/result,2026-09-29T06:14:11Z,0.3,23.0,66.0,,1,1.389,True,True,,0,
WCH2022-100m-M-SF-H2,WCH,2022,100m,M,SF,2,2022-07-16,18:07,18:07,America/Los_Angeles,8,8,8,0.1,0,0,0,0,,0,,Seiko,Semi-Finals,43937,First 2 of each heat (Q) plus 2 fastest times (q) qualify to Final,https://media.aws.iaaf.org/competitiondocuments/waveform/7137279/M_100_sf_2.jpg,,https://media.aws.iaaf.org/competitiondocuments/photofinish/7137279/M_100_sf_2.jpg,https://media.aws.iaaf.org/competitiondocuments/pdf/7137279/AT-100-M-sf----.RS6.pdf,,https://worldathletics.org/competitions/world-athletics-championships/world-athletics-championships-oregon-2022-7137279/results/men/100-metres/semi-finals/result,2026-09-29T06:14:11Z,0.1,23.0,66.0,,1,1.347,True,True,,0,
WCH2022-100m-M-SF-H3,WCH,2022,100m,M,SF,3,2022-07-16,18:14,18:14,America/Los_Angeles,8,7,7,-0.1,0,0,1,0,,0,,Seiko,Semi-Finals,43938,First 2 of each heat (Q) plus 2 fastest times (q) qualify to Final,https://media.aws.iaaf.org/competitiondocuments/waveform/7137279/M_100_sf_3.jpg,,https://media.aws.iaaf.org/competitiondocuments/photofinish/7137279/M_100_sf_3.jpg,https://media.aws.iaaf.org/competitiondocuments/pdf/7137279/AT-100-M-sf----.RS6.pdf,,https://worldathletics.org/competitions/world-athletics-championships/world-athletics-championships-oregon-2022-7137279/results/men/100-metres/semi-finals/result,2026-09-29T06:14:11Z,-0.1,23.0,66.0,,1,1.074,True,True,,0,
WCH2022-100m-M-F-H1,WCH,2022,100m,M,F,1,2022-07-16,19:50,19:50,America/Los_Angeles,8,8,8,-0.1,0,0,0,0,,0,,Seiko,Final,42515,,https://media.aws.iaaf.org/competitiondocuments/waveform/7137279/M_100_f_1.jpg,,https://media.aws.iaaf.org/competitiondocuments/photofinish/7137279/M_100_f_1.jpg,https://media.aws.iaaf.org/competitiondocuments/pdf/7137279/AT-100-M-f----.RS6.pdf,,https://worldathletics.org/competitions/world-athletics-championships/world-athletics-championships-oregon-2022-7137279/results/men/100-metres/final/result,2026-09-29T06:14:03Z,-0.1,23.0,66.0,,1,1.297,True,True,,0,
WCH2022-100m-W-R1-H1,WCH,2022,100m,W,R1,1,2022-07-16,17:10,17:10,America/Los_Angeles,7,7,7,0.7,0,0,0,0,,1,Y Xiaojing LIANG (lane 5): Y BIB 536 (Xiaojing LIANG) - Yellow Card,Seiko,Round 1,42590,First 3 of each heat (Q) plus 3 fastest times (q) qualify to Semi-Final,https://media.aws.iaaf.org/competitiondocuments/waveform/7137279/W_100_h_1.jpg,,https://media.aws.iaaf.org/competitiondocuments/photofinish/7137279/W_100_h_1.jpg,https://media.aws.iaaf.org/competitiondocuments/pdf/7137279/AT-100-W-h----.RS6.pdf,,https://worldathletics.org/competitions/world-athletics-championships/world-athletics-championships-oregon-2022-7137279/results/women/100-metres/round-1/result,2026-09-29T06:14:17Z,0.7,23.0,66.0,Y BIB 536 (Xiaojing LIANG) - Yellow Card,1,1.445,True,True,,0,
WCH2022-100m-W-R1-H2,WCH,2022,100m,W,R1,2,2022-07-16,17:17,17:17,America/Los_Angeles,7,7,7,-0.2,0,0,0,0,,0,,Seiko,Round 1,43988,First 3 of each heat (Q) plus 3 fastest times (q) qualify to Semi-Final,https://media.aws.iaaf.org/competitiondocuments/waveform/7137279/W_100_h_2.jpg,,https://media.aws.iaaf.org/competitiondocuments/photofinish/7137279/W_100_h_2.jpg,https://media.aws.iaaf.org/competitiondocuments/pdf/7137279/AT-100-W-h----.RS6.pdf,,https://worldathletics.org/competitions/world-athletics-championships/world-athletics-championships-oregon-2022-7137279/results/women/100-metres/round-1/result,2026-09-29T06:14:17Z,-0.2,23.0,66.0,,1,1.426,True,True,,0,
WCH2022-100m-W-R1-H3,WCH,2022,100m,W,R1,3,2022-07-16,17:24,17:24,America/Los_Angeles,7,7,7,0.2,0,0,0,0,,0,,Seiko,Round 1,43989,First 3 of each heat (Q) plus 3 fastest times (q) qualify to Semi-Final,https://media.aws.iaaf.org/competitiondocuments/waveform/7137279/W_100_h_3.jpg,,https://media.aws.iaaf.org/competitiondocuments/photofinish/7137279/W_100_h_3.jpg,https://media.aws.iaaf.org/competitiondocuments/pdf/7137279/AT-100-W-h----.RS6.pdf,,https://worldathletics.org/competitions/world-athletics-championships/world-athletics-championships-oregon-2022-7137279/results/women/100-metres/round-1/result,2026-09-29T06:14:17Z,0.2,23.0,66.0,,1,1.341,True,True,,0,
WCH2022-100m-W-R1-H4,WCH,2022,100m,W,R1,4,2022-07-16,17:31,17:31,America/Los_Angeles,7,7,7,0.8,0,1,0,0,"Carina HORN (RSA, lane 6, DQ-post, RT 0.126)",0,,Seiko,Round 1,43990,First 3 of each heat (Q) plus 3 fastest times (q) qualify to Semi-Final,https://media.aws.iaaf.org/competitiondocuments/waveform/7137279/W_100_h_4.jpg,,https://media.aws.iaaf.org/competitiondocuments/photofinish/7137279/W_100_h_4.jpg,https://media.aws.iaaf.org/competitiondocuments/pdf/7137279/AT-100-W-h----.RS6.pdf,,https://worldathletics.org/competitions/world-athletics-championships/world-athletics-championships-oregon-2022-7137279/results/women/100-metres/round-1/result,2026-09-29T06:14:17Z,0.8,23.0,66.0,,1,1.56,True,True,,0,
WCH2022-100m-W-R1-H5,WCH,2022,100m,W,R1,5,2022-07-16,17:38,17:38,America/Los_Angeles,7,7,7,1.2,0,0,0,0,,0,,Seiko,Round 1,43991,First 3 of each heat (Q) plus 3 fastest times (q) qualify to Semi-Final,https://media.aws.iaaf.org/competitiondocuments/waveform/7137279/W_100_h_5.jpg,,https://media.aws.iaaf.org/competitiondocuments/photofinish/7137279/W_100_h_5.jpg,https://media.aws.iaaf.org/competitiondocuments/pdf/7137279/AT-100-W-h----.RS6.pdf,,https://worldathletics.org/competitions/world-athletics-championships/world-athletics-championships-oregon-2022-7137279/results/women/100-metres/round-1/result,2026-09-29T06:14:17Z,1.2,23.0,66.0,,1,1.372,True,True,,0,
WCH2022-100m-W-R1-H6,WCH,2022,100m,W,R1,6,2022-07-16,17:45,17:45,America/Los_Angeles,7,7,7,0.1,0,0,0,0,,0,,Seiko,Round 1,43992,First 3 of each heat (Q) plus 3 fastest times (q) qualify to Semi-Final,https://media.aws.iaaf.org/competitiondocuments/waveform/7137279/W_100_h_6.jpg,,https://media.aws.iaaf.org/competitiondocuments/photofinish/7137279/W_100_h_6.jpg,https://media.aws.iaaf.org/competitiondocuments/pdf/7137279/AT-100-W-h----.RS6.pdf,,https://worldathletics.org/competitions/world-athletics-championships/world-athletics-championships-oregon-2022-7137279/results/women/100-metres/round-1/result,2026-09-29T06:14:17Z,0.1,23.0,66.0,,1,1.457,True,True,,0,
WCH2022-100m-W-R1-H7,WCH,2022,100m,W,R1,7,2022-07-16,17:52,17:52,America/Los_Angeles,7,7,7,-0.1,0,0,0,0,,0,,Seiko,Round 1,43993,First 3 of each heat (Q) plus 3 fastest times (q) qualify to Semi-Final,https://media.aws.iaaf.org/competitiondocuments/waveform/7137279/W_100_h_7.jpg,,https://media.aws.iaaf.org/competitiondocuments/photofinish/7137279/W_100_h_7.jpg,https://media.aws.iaaf.org/competitiondocuments/pdf/7137279/AT-100-W-h----.RS6.pdf,,https://worldathletics.org/competitions/world-athletics-championships/world-athletics-championships-oregon-2022-7137279/results/women/100-metres/round-1/result,2026-09-29T06:14:17Z,-0.1,23.0,66.0,,1,1.39,True,True,,0,
WCH2022-100m-W-SF-H1,WCH,2022,100m,W,SF,1,2022-07-17,17:33,17:33,America/Los_Angeles,8,8,8,-0.2,1,1,0,0,"Julien ALFRED (LCA, lane 5, FS, RT 0.095)",0,,Seiko,Semi-Finals,42591,First 2 of each heat (Q) plus 2 fastest times (q) qualify to Final,https://media.aws.iaaf.org/competitiondocuments/waveform/7137279/W_100_sf_1.jpg,,https://media.aws.iaaf.org/competitiondocuments/photofinish/7137279/W_100_sf_1.jpg,https://media.aws.iaaf.org/competitiondocuments/pdf/7137279/AT-100-W-sf----.RS6.pdf,,https://worldathletics.org/competitions/world-athletics-championships/world-athletics-championships-oregon-2022-7137279/results/women/100-metres/semi-finals/result,2026-09-29T06:14:19Z,-0.2,25.0,44.0,WA Rule TR16.8 - False start,2,1.416,True,True,,0,Julien ALFRED:F1
WCH2022-100m-W-SF-H2,WCH,2022,100m,W,SF,2,2022-07-17,17:41,17:41,America/Los_Angeles,8,8,8,-0.2,0,0,0,0,,0,,Seiko,Semi-Finals,43994,First 2 of each heat (Q) plus 2 fastest times (q) qualify to Final,https://media.aws.iaaf.org/competitiondocuments/waveform/7137279/W_100_sf_2.jpg,,https://media.aws.iaaf.org/competitiondocuments/photofinish/7137279/W_100_sf_2.jpg,https://media.aws.iaaf.org/competitiondocuments/pdf/7137279/AT-100-W-sf----.RS6.pdf,,https://worldathletics.org/competitions/world-athletics-championships/world-athletics-championships-oregon-2022-7137279/results/women/100-metres/semi-finals/result,2026-09-29T06:14:19Z,-0.2,25.0,44.0,,1,1.477,True,True,,0,
WCH2022-100m-W-SF-H3,WCH,2022,100m,W,SF,3,2022-07-17,17:49,17:49,America/Los_Angeles,8,8,8,0.4,1,1,0,0,"TyNia GAITHER (BAH, lane 2, FS, RT 0.093)",0,,Seiko,Semi-Finals,43995,First 2 of each heat (Q) plus 2 fastest times (q) qualify to Final,https://media.aws.iaaf.org/competitiondocuments/waveform/7137279/W_100_sf_3.jpg,,https://media.aws.iaaf.org/competitiondocuments/photofinish/7137279/W_100_sf_3.jpg,https://media.aws.iaaf.org/competitiondocuments/pdf/7137279/AT-100-W-sf----.RS6.pdf,,https://worldathletics.org/competitions/world-athletics-championships/world-athletics-championships-oregon-2022-7137279/results/women/100-metres/semi-finals/result,2026-09-29T06:14:19Z,0.4,25.0,44.0,WA Rule TR16.8 - False start,2,1.208,True,True,,0,TyNia GAITHER:F1
WCH2022-100m-W-F-H1,WCH,2022,100m,W,F,1,2022-07-17,19:50,19:50,America/Los_Angeles,8,8,8,0.8,0,0,0,0,,0,,Seiko,Final,42589,,https://media.aws.iaaf.org/competitiondocuments/waveform/7137279/W_100_f_1.jpg,,https://media.aws.iaaf.org/competitiondocuments/photofinish/7137279/W_100_f_1.jpg,https://media.aws.iaaf.org/competitiondocuments/pdf/7137279/AT-100-W-f----.RS6.pdf,,https://worldathletics.org/competitions/world-athletics-championships/world-athletics-championships-oregon-2022-7137279/results/women/100-metres/final/result,2026-09-29T06:14:13Z,0.8,25.0,44.0,,1,1.5,True,True,,0,
WCH2022-100mH-W-R1-H1,WCH,2022,100mH,W,R1,1,2022-07-23,11:20,11:20,America/Los_Angeles,7,7,7,-0.3,0,1,0,0,"Nia ALI (USA, lane 5, DQ, RT 0.130)",0,,Seiko,Round 1,42593,First 3 of each heat (Q) plus 6 fastest times (q) qualify to Semi-Final,https://media.aws.iaaf.org/competitiondocuments/waveform/7137279/W_100H_h_1.jpg,,https://media.aws.iaaf.org/competitiondocuments/photofinish/7137279/W_100H_h_1.jpg,https://media.aws.iaaf.org/competitiondocuments/pdf/7137279/AT-100H-W-h----.RS6.pdf,,https://worldathletics.org/competitions/world-athletics-championships/world-athletics-championships-oregon-2022-7137279/results/women/100-metres-hurdles/round-1/result,2026-09-29T06:14:35Z,-0.3,21.0,53.0,WA Rule TR22.6.3 - Knocking down / displacing a hurdle in another lane,1,1.169,True,True,,0,
WCH2022-100mH-W-R1-H2,WCH,2022,100mH,W,R1,2,2022-07-23,11:27,11:27,America/Los_Angeles,7,7,7,-0.4,0,0,0,0,,0,,Seiko,Round 1,43996,First 3 of each heat (Q) plus 6 fastest times (q) qualify to Semi-Final,https://media.aws.iaaf.org/competitiondocuments/waveform/7137279/W_100H_h_2.jpg,,https://media.aws.iaaf.org/competitiondocuments/photofinish/7137279/W_100H_h_2.jpg,https://media.aws.iaaf.org/competitiondocuments/pdf/7137279/AT-100H-W-h----.RS6.pdf,,https://worldathletics.org/competitions/world-athletics-championships/world-athletics-championships-oregon-2022-7137279/results/women/100-metres-hurdles/round-1/result,2026-09-29T06:14:35Z,-0.4,21.0,53.0,,1,1.161,True,True,,0,
WCH2022-100mH-W-R1-H3,WCH,2022,100mH,W,R1,3,2022-07-23,11:34,11:34,America/Los_Angeles,7,7,7,1.5,0,0,0,0,,0,,Seiko,Round 1,43997,First 3 of each heat (Q) plus 6 fastest times (q) qualify to Semi-Final,https://media.aws.iaaf.org/competitiondocuments/waveform/7137279/W_100H_h_3.jpg,,https://media.aws.iaaf.org/competitiondocuments/photofinish/7137279/W_100H_h_3.jpg,https://media.aws.iaaf.org/competitiondocuments/pdf/7137279/AT-100H-W-h----.RS6.pdf,,https://worldathletics.org/competitions/world-athletics-championships/world-athletics-championships-oregon-2022-7137279/results/women/100-metres-hurdles/round-1/result,2026-09-29T06:14:35Z,1.5,21.0,54.0,,1,1.373,True,True,,0,
WCH2022-100mH-W-R1-H4,WCH,2022,100mH,W,R1,4,2022-07-23,11:41,11:41,America/Los_Angeles,7,7,7,0.7,0,2,0,0,"Alaysha JOHNSON (USA, lane 2, DQ, RT 0.169); Liz CLAY (AUS, lane 6, DQ, RT 0.130)",0,,Seiko,Round 1,43998,First 3 of each heat (Q) plus 6 fastest times (q) qualify to Semi-Final,https://media.aws.iaaf.org/competitiondocuments/waveform/7137279/W_100H_h_4.jpg,,https://media.aws.iaaf.org/competitiondocuments/photofinish/7137279/W_100H_h_4.jpg,https://media.aws.iaaf.org/competitiondocuments/pdf/7137279/AT-100H-W-h----.RS6.pdf,,https://worldathletics.org/competitions/world-athletics-championships/world-athletics-championships-oregon-2022-7137279/results/women/100-metres-hurdles/round-1/result,2026-09-29T06:14:35Z,0.7,21.0,54.0,WA Rule TR22.6.2 - Knocking down / displacing a hurdle in an illegal way,1,1.773,True,True,,0,
WCH2022-100mH-W-R1-H5,WCH,2022,100mH,W,R1,5,2022-07-23,11:48,11:48,America/Los_Angeles,6,6,6,0.5,0,0,0,1,,0,,Seiko,Round 1,43999,First 3 of each heat (Q) plus 6 fastest times (q) qualify to Semi-Final,https://media.aws.iaaf.org/competitiondocuments/waveform/7137279/W_100H_h_5.jpg,,https://media.aws.iaaf.org/competitiondocuments/photofinish/7137279/W_100H_h_5.jpg,https://media.aws.iaaf.org/competitiondocuments/pdf/7137279/AT-100H-W-h----.RS6.pdf,,https://worldathletics.org/competitions/world-athletics-championships/world-athletics-championships-oregon-2022-7137279/results/women/100-metres-hurdles/round-1/result,2026-09-29T06:14:35Z,0.5,21.0,54.0,,1,1.376,True,True,,0,
WCH2022-100mH-W-R1-H6,WCH,2022,100mH,W,R1,6,2022-07-23,11:55,11:55,America/Los_Angeles,7,7,7,-0.4,0,0,0,0,,0,,Seiko,Round 1,44045,First 3 of each heat (Q) plus 6 fastest times (q) qualify to Semi-Final,https://media.aws.iaaf.org/competitiondocuments/waveform/7137279/W_100H_h_6.jpg,,https://media.aws.iaaf.org/competitiondocuments/photofinish/7137279/W_100H_h_6.jpg,https://media.aws.iaaf.org/competitiondocuments/pdf/7137279/AT-100H-W-h----.RS6.pdf,,https://worldathletics.org/competitions/world-athletics-championships/world-athletics-championships-oregon-2022-7137279/results/women/100-metres-hurdles/round-1/result,2026-09-29T06:14:35Z,-0.4,19.0,74.0,,1,0.991,True,True,unusually short hold (< 1.0 s),0,
WCH2022-100mH-W-R1-H7,WCH,2022,100mH,W,R1,7,2022-07-23,16:55,16:55,America/Los_Angeles,1,1,1,-0.1,0,0,0,0,,0,,Seiko,Round 1,44046,First 3 of each heat (Q) plus 6 fastest times (q) qualify to Semi-Final,https://media.aws.iaaf.org/competitiondocuments/waveform/7137279/W_100H_h_7.jpg,,https://media.aws.iaaf.org/competitiondocuments/photofinish/7137279/W_100H_h_7.jpg,https://media.aws.iaaf.org/competitiondocuments/pdf/7137279/AT-100H-W-h----.RS6.pdf,,https://worldathletics.org/competitions/world-athletics-championships/world-athletics-championships-oregon-2022-7137279/results/women/100-metres-hurdles/round-1/result,2026-09-29T06:14:35Z,-0.1,25.0,51.0,,1,1.655,True,True,,0,
WCH2022-100mH-W-SF-H1,WCH,2022,100mH,W,SF,1,2022-07-24,17:10,17:10,America/Los_Angeles,8,8,8,0.9,0,0,0,0,,0,,Seiko,Semi-Finals,42594,First 2 of each heat (Q) plus 2 fastest times (q) qualify to Final,https://media.aws.iaaf.org/competitiondocuments/waveform/7137279/W_100H_sf_1.jpg,,https://media.aws.iaaf.org/competitiondocuments/photofinish/7137279/W_100H_sf_1.jpg,https://media.aws.iaaf.org/competitiondocuments/pdf/7137279/AT-100H-W-sf----.RS6.pdf,,https://worldathletics.org/competitions/world-athletics-championships/world-athletics-championships-oregon-2022-7137279/results/women/100-metres-hurdles/semi-finals/result,2026-09-29T06:14:38Z,0.9,23.0,63.0,,1,1.239,True,True,,0,
WCH2022-100mH-W-SF-H2,WCH,2022,100mH,W,SF,2,2022-07-24,17:18,17:18,America/Los_Angeles,8,8,8,-0.1,0,1,0,0,"Celeste MUCCI (AUS, lane 1, DQ, RT 0.143)",0,,Seiko,Semi-Finals,44000,First 2 of each heat (Q) plus 2 fastest times (q) qualify to Final,https://media.aws.iaaf.org/competitiondocuments/waveform/7137279/W_100H_sf_2.jpg,,https://media.aws.iaaf.org/competitiondocuments/photofinish/7137279/W_100H_sf_2.jpg,https://media.aws.iaaf.org/competitiondocuments/pdf/7137279/AT-100H-W-sf----.RS6.pdf,,https://worldathletics.org/competitions/world-athletics-championships/world-athletics-championships-oregon-2022-7137279/results/women/100-metres-hurdles/semi-finals/result,2026-09-29T06:14:38Z,-0.1,23.0,63.0,WA Rule TR22.6.2 - Knocking down / displacing a hurdle in an illegal way,1,1.287,True,True,,0,
WCH2022-100mH-W-SF-H3,WCH,2022,100mH,W,SF,3,2022-07-24,17:26,17:27,America/Los_Angeles,8,8,8,0.3,0,0,0,0,,0,,Seiko,Semi-Finals,44001,First 2 of each heat (Q) plus 2 fastest times (q) qualify to Final,https://media.aws.iaaf.org/competitiondocuments/waveform/7137279/W_100H_sf_3.jpg,,https://media.aws.iaaf.org/competitiondocuments/photofinish/7137279/W_100H_sf_3.jpg,https://media.aws.iaaf.org/competitiondocuments/pdf/7137279/AT-100H-W-sf----.RS6.pdf,,https://worldathletics.org/competitions/world-athletics-championships/world-athletics-championships-oregon-2022-7137279/results/women/100-metres-hurdles/semi-finals/result,2026-09-29T06:14:38Z,0.3,23.0,63.0,,1,1.435,True,True,,0,
WCH2022-100mH-W-F-H1,WCH,2022,100mH,W,F,1,2022-07-24,19:00,19:01,America/Los_Angeles,8,8,8,2.5,0,1,0,0,"Kendra HARRISON (USA, lane 3, DQ, RT 0.145)",0,,Seiko,Final,42592,,https://media.aws.iaaf.org/competitiondocuments/waveform/7137279/W_100H_f_1.jpg,,https://media.aws.iaaf.org/competitiondocuments/photofinish/7137279/W_100H_f_1.jpg,https://media.aws.iaaf.org/competitiondocuments/pdf/7137279/AT-100H-W-f----.RS6.pdf,,https://worldathletics.org/competitions/world-athletics-championships/world-athletics-championships-oregon-2022-7137279/results/women/100-metres-hurdles/final/result,2026-09-29T06:14:33Z,2.5,31.0,40.0,WA Rule TR22.6.2 - Knocking down / displacing a hurdle in an illegal way,1,1.235,True,True,,0,
WCH2022-110mH-M-R1-H1,WCH,2022,110mH,M,R1,1,2022-07-16,11:25,11:25,America/Los_Angeles,8,8,8,-0.5,0,0,0,0,,0,,Seiko,Round 1,42522,First 4 of each heat (Q) plus 4 fastest times (q) qualify to Semi-Final,https://media.aws.iaaf.org/competitiondocuments/waveform/7137279/M_110H_h_1.jpg,,https://media.aws.iaaf.org/competitiondocuments/photofinish/7137279/M_110H_h_1.jpg,https://media.aws.iaaf.org/competitiondocuments/pdf/7137279/AT-110H-M-h----.RS6.pdf,,https://worldathletics.org/competitions/world-athletics-championships/world-athletics-championships-oregon-2022-7137279/results/men/110-metres-hurdles/round-1/result,2026-09-29T06:14:25Z,-0.5,19.0,81.0,,1,1.575,True,True,,0,
WCH2022-110mH-M-R1-H2,WCH,2022,110mH,M,R1,2,2022-07-16,11:32,11:32,America/Los_Angeles,8,8,8,0.4,0,0,0,0,,1,Y Louis François MENDY (lane 6): Y BIB 2275 (Louis François MENDY) - Unsporting manner / improper conduct,Seiko,Round 1,43941,First 4 of each heat (Q) plus 4 fastest times (q) qualify to Semi-Final,https://media.aws.iaaf.org/competitiondocuments/waveform/7137279/M_110H_h_2.jpg,,https://media.aws.iaaf.org/competitiondocuments/photofinish/7137279/M_110H_h_2.jpg,https://media.aws.iaaf.org/competitiondocuments/pdf/7137279/AT-110H-M-h----.RS6.pdf,,https://worldathletics.org/competitions/world-athletics-championships/world-athletics-championships-oregon-2022-7137279/results/men/110-metres-hurdles/round-1/result,2026-09-29T06:14:25Z,0.4,19.0,79.0,Y BIB 2275 (Louis François MENDY) - Unsporting manner / improper conduct,1,1.307,True,True,,0,
WCH2022-110mH-M-R1-H3,WCH,2022,110mH,M,R1,3,2022-07-16,11:39,11:39,America/Los_Angeles,8,8,8,-0.3,0,1,0,0,"Daniel ROBERTS (USA, lane 4, DQ, RT 0.179)",0,,Seiko,Round 1,43942,First 4 of each heat (Q) plus 4 fastest times (q) qualify to Semi-Final,https://media.aws.iaaf.org/competitiondocuments/waveform/7137279/M_110H_h_3.jpg,,https://media.aws.iaaf.org/competitiondocuments/photofinish/7137279/M_110H_h_3.jpg,https://media.aws.iaaf.org/competitiondocuments/pdf/7137279/AT-110H-M-h----.RS6.pdf,,https://worldathletics.org/competitions/world-athletics-championships/world-athletics-championships-oregon-2022-7137279/results/men/110-metres-hurdles/round-1/result,2026-09-29T06:14:25Z,-0.3,19.0,78.0,WA Rule TR22.6.2 - Knocking down / displacing a hurdle in an illegal way,1,1.488,True,True,,0,
WCH2022-110mH-M-R1-H4,WCH,2022,110mH,M,R1,4,2022-07-16,11:46,11:46,America/Los_Angeles,8,8,8,0.2,0,0,0,0,,0,,Seiko,Round 1,43943,First 4 of each heat (Q) plus 4 fastest times (q) qualify to Semi-Final,https://media.aws.iaaf.org/competitiondocuments/waveform/7137279/M_110H_h_4.jpg,,https://media.aws.iaaf.org/competitiondocuments/photofinish/7137279/M_110H_h_4.jpg,https://media.aws.iaaf.org/competitiondocuments/pdf/7137279/AT-110H-M-h----.RS6.pdf,,https://worldathletics.org/competitions/world-athletics-championships/world-athletics-championships-oregon-2022-7137279/results/men/110-metres-hurdles/round-1/result,2026-09-29T06:14:25Z,0.2,19.0,78.0,,1,1.368,True,True,,0,
WCH2022-110mH-M-R1-H5,WCH,2022,110mH,M,R1,5,2022-07-16,11:53,11:53,America/Los_Angeles,8,8,8,0.4,0,1,0,0,"Gabriel CONSTANTINO (BRA, lane 7, DQ, RT 0.150)",0,,Seiko,Round 1,43944,First 4 of each heat (Q) plus 4 fastest times (q) qualify to Semi-Final,https://media.aws.iaaf.org/competitiondocuments/waveform/7137279/M_110H_h_5.jpg,,https://media.aws.iaaf.org/competitiondocuments/photofinish/7137279/M_110H_h_5.jpg,https://media.aws.iaaf.org/competitiondocuments/pdf/7137279/AT-110H-M-h----.RS6.pdf,,https://worldathletics.org/competitions/world-athletics-championships/world-athletics-championships-oregon-2022-7137279/results/men/110-metres-hurdles/round-1/result,2026-09-29T06:14:25Z,0.4,19.0,78.0,WA Rule TR22.6.2 - Knocking down / displacing a hurdle in an illegal way,1,1.543,True,True,,0,
WCH2022-110mH-M-SF-H1,WCH,2022,110mH,M,SF,1,2022-07-17,17:05,17:05,America/Los_Angeles,8,8,8,-0.6,0,0,0,0,,0,,Seiko,Semi-Finals,42523,First 2 of each heat (Q) plus 2 fastest times (q) qualify to Final,https://media.aws.iaaf.org/competitiondocuments/waveform/7137279/M_110H_sf_1.jpg,,https://media.aws.iaaf.org/competitiondocuments/photofinish/7137279/M_110H_sf_1.jpg,https://media.aws.iaaf.org/competitiondocuments/pdf/7137279/AT-110H-M-sf----.RS6.pdf,,https://worldathletics.org/competitions/world-athletics-championships/world-athletics-championships-oregon-2022-7137279/results/men/110-metres-hurdles/semi-finals/result,2026-09-29T06:14:30Z,-0.6,21.0,59.0,,1,1.03,True,True,,0,
WCH2022-110mH-M-SF-H2,WCH,2022,110mH,M,SF,2,2022-07-17,17:13,17:13,America/Los_Angeles,8,8,8,0.3,0,0,0,0,,0,,Seiko,Semi-Finals,43945,First 2 of each heat (Q) plus 2 fastest times (q) qualify to Final,https://media.aws.iaaf.org/competitiondocuments/waveform/7137279/M_110H_sf_2.jpg,,https://media.aws.iaaf.org/competitiondocuments/photofinish/7137279/M_110H_sf_2.jpg,https://media.aws.iaaf.org/competitiondocuments/pdf/7137279/AT-110H-M-sf----.RS6.pdf,,https://worldathletics.org/competitions/world-athletics-championships/world-athletics-championships-oregon-2022-7137279/results/men/110-metres-hurdles/semi-finals/result,2026-09-29T06:14:30Z,0.3,25.0,44.0,,1,1.514,True,True,,0,
WCH2022-110mH-M-SF-H3,WCH,2022,110mH,M,SF,3,2022-07-17,17:21,17:21,America/Los_Angeles,8,8,8,2.5,0,0,0,0,,0,,Seiko,Semi-Finals,43946,First 2 of each heat (Q) plus 2 fastest times (q) qualify to Final,https://media.aws.iaaf.org/competitiondocuments/waveform/7137279/M_110H_sf_3.jpg,,https://media.aws.iaaf.org/competitiondocuments/photofinish/7137279/M_110H_sf_3.jpg,https://media.aws.iaaf.org/competitiondocuments/pdf/7137279/AT-110H-M-sf----.RS6.pdf,,https://worldathletics.org/competitions/world-athletics-championships/world-athletics-championships-oregon-2022-7137279/results/men/110-metres-hurdles/semi-finals/result,2026-09-29T06:14:30Z,2.5,25.0,44.0,,1,1.492,True,True,,0,
WCH2022-110mH-M-F-H1,WCH,2022,110mH,M,F,1,2022-07-17,19:30,19:34,America/Los_Angeles,8,7,7,1.2,1,2,1,0,"Shane BRATHWAITE (BAR, lane 1, DQ, RT 0.108); Devon ALLEN (USA, lane 3, FS, RT 0.099)",0,,Seiko,Final,42521,,https://media.aws.iaaf.org/competitiondocuments/waveform/7137279/M_110H_f_1.jpg,,https://media.aws.iaaf.org/competitiondocuments/photofinish/7137279/M_110H_f_1.jpg,https://media.aws.iaaf.org/competitiondocuments/pdf/7137279/AT-110H-M-f----.RS6.pdf,,https://worldathletics.org/competitions/world-athletics-championships/world-athletics-championships-oregon-2022-7137279/results/men/110-metres-hurdles/final/result,2026-09-29T06:14:22Z,1.2,25.0,44.0,WA Rule TR16.8 - False start | WA Rule TR22.6 - Not going over each hurdle,2,1.854,True,True,,0,Devon ALLEN:F1
WCH2022-200m-M-R1-H1,WCH,2022,200m,M,R1,1,2022-07-18,17:05,17:05,America/Los_Angeles,7,7,7,1.0,0,1,0,0,"Terrence TALIO (PNG, lane 3, DQ, RT 0.146)",0,,Seiko,Round 1,42530,First 3 of each heat (Q) plus 3 fastest times (q) qualify to Semi-Final,https://media.aws.iaaf.org/competitiondocuments/waveform/7137279/M_200_h_1.jpg,,https://media.aws.iaaf.org/competitiondocuments/photofinish/7137279/M_200_h_1.jpg,https://media.aws.iaaf.org/competitiondocuments/pdf/7137279/AT-200-M-h----.RS6.pdf,,https://worldathletics.org/competitions/world-athletics-championships/world-athletics-championships-oregon-2022-7137279/results/men/200-metres/round-1/result,2026-09-29T08:51:34Z,1.0,26.0,45.0,WA Rule TR17.3.1 - Lane infringement,1,1.835,True,True,,0,
WCH2022-200m-M-R1-H2,WCH,2022,200m,M,R1,2,2022-07-18,17:12,17:12,America/Los_Angeles,7,7,7,0.0,0,0,0,0,,0,,Seiko,Round 1,43953,First 3 of each heat (Q) plus 3 fastest times (q) qualify to Semi-Final,https://media.aws.iaaf.org/competitiondocuments/waveform/7137279/M_200_h_2.jpg,,https://media.aws.iaaf.org/competitiondocuments/photofinish/7137279/M_200_h_2.jpg,https://media.aws.iaaf.org/competitiondocuments/pdf/7137279/AT-200-M-h----.RS6.pdf,,https://worldathletics.org/competitions/world-athletics-championships/world-athletics-championships-oregon-2022-7137279/results/men/200-metres/round-1/result,2026-09-29T08:51:34Z,0.0,26.0,45.0,,2,1.342,True,True,,0,
WCH2022-200m-M-R1-H3,WCH,2022,200m,M,R1,3,2022-07-18,17:19,17:21,America/Los_Angeles,7,7,7,2.1,0,0,0,0,,0,,Seiko,Round 1,43954,First 3 of each heat (Q) plus 3 fastest times (q) qualify to Semi-Final,https://media.aws.iaaf.org/competitiondocuments/waveform/7137279/M_200_h_3.jpg,,https://media.aws.iaaf.org/competitiondocuments/photofinish/7137279/M_200_h_3.jpg,https://media.aws.iaaf.org/competitiondocuments/pdf/7137279/AT-200-M-h----.RS6.pdf,,https://worldathletics.org/competitions/world-athletics-championships/world-athletics-championships-oregon-2022-7137279/results/men/200-metres/round-1/result,2026-09-29T08:51:34Z,2.1,26.0,45.0,,1,1.684,True,True,,0,
WCH2022-200m-M-R1-H4,WCH,2022,200m,M,R1,4,2022-07-18,17:26,17:28,America/Los_Angeles,7,7,6,0.5,0,2,0,0,"Mouhamadou FALL (FRA, lane 7, DQ-post, RT 0.133); Marcos SANTOS (ANG, lane 8, DQ, RT n/a)",1,Y Marcos SANTOS (lane 8): Y BIB 1511 (Marcos SANTOS) - CR18.5 - Unsporting manner / improper conduct,Seiko,Round 1,43955,First 3 of each heat (Q) plus 3 fastest times (q) qualify to Semi-Final,https://media.aws.iaaf.org/competitiondocuments/waveform/7137279/M_200_h_4.jpg,,https://media.aws.iaaf.org/competitiondocuments/photofinish/7137279/M_200_h_4.jpg,https://media.aws.iaaf.org/competitiondocuments/pdf/7137279/AT-200-M-h----.RS6.pdf,,https://worldathletics.org/competitions/world-athletics-championships/world-athletics-championships-oregon-2022-7137279/results/men/200-metres/round-1/result,2026-09-29T08:51:34Z,0.5,26.0,45.0,WA Rule TR17.3.1 - Lane infringement | Y BIB 1511 (Marcos SANTOS) - CR18.5 - Unsporting manner / improper conduct,1,1.625,True,True,,0,
WCH2022-200m-M-R1-H5,WCH,2022,200m,M,R1,5,2022-07-18,17:33,17:35,America/Los_Angeles,7,6,6,0.4,0,0,1,0,,0,,Seiko,Round 1,43956,First 3 of each heat (Q) plus 3 fastest times (q) qualify to Semi-Final,https://media.aws.iaaf.org/competitiondocuments/waveform/7137279/M_200_h_5.jpg,,https://media.aws.iaaf.org/competitiondocuments/photofinish/7137279/M_200_h_5.jpg,https://media.aws.iaaf.org/competitiondocuments/pdf/7137279/AT-200-M-h----.RS6.pdf,,https://worldathletics.org/competitions/world-athletics-championships/world-athletics-championships-oregon-2022-7137279/results/men/200-metres/round-1/result,2026-09-29T08:51:34Z,0.4,26.0,45.0,,1,1.541,True,True,,0,
WCH2022-200m-M-R1-H6,WCH,2022,200m,M,R1,6,2022-07-18,17:40,17:41,America/Los_Angeles,7,5,5,1.0,0,0,2,0,,0,L Adam GEMILI (lane 3): L BIB 1868 (Adam GEMILI) - TR17.4.3,Seiko,Round 1,43957,First 3 of each heat (Q) plus 3 fastest times (q) qualify to Semi-Final,https://media.aws.iaaf.org/competitiondocuments/waveform/7137279/M_200_h_6.jpg,,https://media.aws.iaaf.org/competitiondocuments/photofinish/7137279/M_200_h_6.jpg,https://media.aws.iaaf.org/competitiondocuments/pdf/7137279/AT-200-M-h----.RS6.pdf,,https://worldathletics.org/competitions/world-athletics-championships/world-athletics-championships-oregon-2022-7137279/results/men/200-metres/round-1/result,2026-09-29T08:51:34Z,1.0,26.0,45.0,L BIB 1868 (Adam GEMILI) - TR17.4.3,1,1.663,True,True,,0,
WCH2022-200m-M-R1-H7,WCH,2022,200m,M,R1,7,2022-07-18,17:47,17:48,America/Los_Angeles,7,7,7,-0.3,0,0,0,0,,0,L Zhenye XIE (lane 7): L BIB 1681 (Zhenye XIE) - TR17.4.3,Seiko,Round 1,43958,First 3 of each heat (Q) plus 3 fastest times (q) qualify to Semi-Final,https://media.aws.iaaf.org/competitiondocuments/waveform/7137279/M_200_h_7.jpg,,https://media.aws.iaaf.org/competitiondocuments/photofinish/7137279/M_200_h_7.jpg,https://media.aws.iaaf.org/competitiondocuments/pdf/7137279/AT-200-M-h----.RS6.pdf,,https://worldathletics.org/competitions/world-athletics-championships/world-athletics-championships-oregon-2022-7137279/results/men/200-metres/round-1/result,2026-09-29T08:51:34Z,-0.3,26.0,45.0,L BIB 1681 (Zhenye XIE) - TR17.4.3,1,1.615,True,True,,0,
WCH2022-200m-M-SF-H1,WCH,2022,200m,M,SF,1,2022-07-19,18:50,18:50,America/Los_Angeles,8,7,7,-0.1,0,0,1,0,,0,,Seiko,Semi-Finals,42531,First 2 of each heat (Q) plus 2 fastest times (q) qualify to Final,https://media.aws.iaaf.org/competitiondocuments/waveform/7137279/M_200_sf_1.jpg,,https://media.aws.iaaf.org/competitiondocuments/photofinish/7137279/M_200_sf_1.jpg,https://media.aws.iaaf.org/competitiondocuments/pdf/7137279/AT-200-M-sf----.RS6.pdf,,https://worldathletics.org/competitions/world-athletics-championships/world-athletics-championships-oregon-2022-7137279/results/men/200-metres/semi-finals/result,2026-09-29T08:51:37Z,-0.1,31.0,37.0,,1,1.759,True,True,,0,
WCH2022-200m-M-SF-H2,WCH,2022,200m,M,SF,2,2022-07-19,19:00,19:02,America/Los_Angeles,8,8,8,1.1,0,0,0,0,,0,,Seiko,Semi-Finals,43959,First 2 of each heat (Q) plus 2 fastest times (q) qualify to Final,https://media.aws.iaaf.org/competitiondocuments/waveform/7137279/M_200_sf_2.jpg,,https://media.aws.iaaf.org/competitiondocuments/photofinish/7137279/M_200_sf_2.jpg,https://media.aws.iaaf.org/competitiondocuments/pdf/7137279/AT-200-M-sf----.RS6.pdf,,https://worldathletics.org/competitions/world-athletics-championships/world-athletics-championships-oregon-2022-7137279/results/men/200-metres/semi-finals/result,2026-09-29T08:51:37Z,1.1,30.0,42.0,,1,1.729,True,True,,0,
WCH2022-200m-M-SF-H3,WCH,2022,200m,M,SF,3,2022-07-19,19:10,19:11,America/Los_Angeles,8,8,8,0.3,0,0,0,0,,0,,Seiko,Semi-Finals,43960,First 2 of each heat (Q) plus 2 fastest times (q) qualify to Final,https://media.aws.iaaf.org/competitiondocuments/waveform/7137279/M_200_sf_3.jpg,,https://media.aws.iaaf.org/competitiondocuments/photofinish/7137279/M_200_sf_3.jpg,https://media.aws.iaaf.org/competitiondocuments/pdf/7137279/AT-200-M-sf----.RS6.pdf,,https://worldathletics.org/competitions/world-athletics-championships/world-athletics-championships-oregon-2022-7137279/results/men/200-metres/semi-finals/result,2026-09-29T08:51:37Z,0.3,30.0,42.0,,1,1.753,True,True,,0,
WCH2022-200m-M-F-H1,WCH,2022,200m,M,F,1,2022-07-21,19:50,19:50,America/Los_Angeles,8,8,8,0.4,0,0,0,0,,0,,Seiko,Final,42529,,https://media.aws.iaaf.org/competitiondocuments/waveform/7137279/M_200_f_1.jpg,,https://media.aws.iaaf.org/competitiondocuments/photofinish/7137279/M_200_f_1.jpg,https://media.aws.iaaf.org/competitiondocuments/pdf/7137279/AT-200-M-f----.RS6.pdf,,https://worldathletics.org/competitions/world-athletics-championships/world-athletics-championships-oregon-2022-7137279/results/men/200-metres/final/result,2026-09-29T08:51:31Z,0.4,25.0,57.0,,1,1.589,True,True,,0,
WCH2022-200m-W-R1-H1,WCH,2022,200m,W,R1,1,2022-07-18,18:00,18:00,America/Los_Angeles,7,7,7,2.5,0,0,0,0,,0,,Seiko,Round 1,42601,First 3 of each heat (Q) plus 6 fastest times (q) qualify to Semi-Final,https://media.aws.iaaf.org/competitiondocuments/waveform/7137279/W_200_h_1.jpg,,https://media.aws.iaaf.org/competitiondocuments/photofinish/7137279/W_200_h_1.jpg,https://media.aws.iaaf.org/competitiondocuments/pdf/7137279/AT-200-W-h----.RS6.pdf,,https://worldathletics.org/competitions/world-athletics-championships/world-athletics-championships-oregon-2022-7137279/results/women/200-metres/round-1/result,2026-09-29T08:51:42Z,2.5,26.0,44.0,,1,2.033,True,False,"hold > 2.0 s: 'set' marker outside the plot window, OCR value not cross-checked",0,
WCH2022-200m-W-R1-H2,WCH,2022,200m,W,R1,2,2022-07-18,18:07,18:08,America/Los_Angeles,8,8,8,-0.2,0,0,0,0,,0,,Seiko,Round 1,44007,First 3 of each heat (Q) plus 6 fastest times (q) qualify to Semi-Final,https://media.aws.iaaf.org/competitiondocuments/waveform/7137279/W_200_h_2.jpg,,https://media.aws.iaaf.org/competitiondocuments/photofinish/7137279/W_200_h_2.jpg,https://media.aws.iaaf.org/competitiondocuments/pdf/7137279/AT-200-W-h----.RS6.pdf,,https://worldathletics.org/competitions/world-athletics-championships/world-athletics-championships-oregon-2022-7137279/results/women/200-metres/round-1/result,2026-09-29T08:51:42Z,-0.2,26.0,44.0,,1,1.974,True,True,,0,
WCH2022-200m-W-R1-H3,WCH,2022,200m,W,R1,3,2022-07-18,18:14,18:15,America/Los_Angeles,8,7,7,1.1,0,0,1,0,,0,,Seiko,Round 1,44008,First 3 of each heat (Q) plus 6 fastest times (q) qualify to Semi-Final,https://media.aws.iaaf.org/competitiondocuments/waveform/7137279/W_200_h_3.jpg,,https://media.aws.iaaf.org/competitiondocuments/photofinish/7137279/W_200_h_3.jpg,https://media.aws.iaaf.org/competitiondocuments/pdf/7137279/AT-200-W-h----.RS6.pdf,,https://worldathletics.org/competitions/world-athletics-championships/world-athletics-championships-oregon-2022-7137279/results/women/200-metres/round-1/result,2026-09-29T08:51:42Z,1.1,26.0,43.0,,1,1.821,True,True,,0,
WCH2022-200m-W-R1-H4,WCH,2022,200m,W,R1,4,2022-07-18,18:21,18:23,America/Los_Angeles,7,7,7,0.4,0,0,0,0,,0,,Seiko,Round 1,44009,First 3 of each heat (Q) plus 6 fastest times (q) qualify to Semi-Final,https://media.aws.iaaf.org/competitiondocuments/waveform/7137279/W_200_h_4.jpg,,https://media.aws.iaaf.org/competitiondocuments/photofinish/7137279/W_200_h_4.jpg,https://media.aws.iaaf.org/competitiondocuments/pdf/7137279/AT-200-W-h----.RS6.pdf,,https://worldathletics.org/competitions/world-athletics-championships/world-athletics-championships-oregon-2022-7137279/results/women/200-metres/round-1/result,2026-09-29T08:51:42Z,0.4,26.0,43.0,,1,2.121,True,False,"hold > 2.0 s: 'set' marker outside the plot window, OCR value not cross-checked",0,
WCH2022-200m-W-R1-H5,WCH,2022,200m,W,R1,5,2022-07-18,18:28,18:31,America/Los_Angeles,7,7,7,0.9,0,0,0,0,,0,L Maboundou KONÉ (lane 2): L BIB 553 (Maboundou KONÉ) - TR17.4.3,Seiko,Round 1,44010,First 3 of each heat (Q) plus 6 fastest times (q) qualify to Semi-Final,https://media.aws.iaaf.org/competitiondocuments/waveform/7137279/W_200_h_5.jpg,,https://media.aws.iaaf.org/competitiondocuments/photofinish/7137279/W_200_h_5.jpg,https://media.aws.iaaf.org/competitiondocuments/pdf/7137279/AT-200-W-h----.RS6.pdf,,https://worldathletics.org/competitions/world-athletics-championships/world-athletics-championships-oregon-2022-7137279/results/women/200-metres/round-1/result,2026-09-29T08:51:42Z,0.9,26.0,43.0,L BIB 553 (Maboundou KONÉ) - TR17.4.3,1,1.652,True,True,,0,
WCH2022-200m-W-R1-H6,WCH,2022,200m,W,R1,6,2022-07-18,18:35,18:39,America/Los_Angeles,8,8,8,1.9,0,0,0,0,,0,,Seiko,Round 1,44011,First 3 of each heat (Q) plus 6 fastest times (q) qualify to Semi-Final,https://media.aws.iaaf.org/competitiondocuments/waveform/7137279/W_200_h_6.jpg,,https://media.aws.iaaf.org/competitiondocuments/photofinish/7137279/W_200_h_6.jpg,https://media.aws.iaaf.org/competitiondocuments/pdf/7137279/AT-200-W-h----.RS6.pdf,,https://worldathletics.org/competitions/world-athletics-championships/world-athletics-championships-oregon-2022-7137279/results/women/200-metres/round-1/result,2026-09-29T08:51:42Z,1.9,26.0,43.0,,1,1.657,True,True,,0,
WCH2022-200m-W-SF-H1,WCH,2022,200m,W,SF,1,2022-07-19,18:05,18:05,America/Los_Angeles,8,8,8,2.0,0,0,0,0,,0,,Seiko,Semi-Finals,42602,First 2 of each heat (Q) plus 2 fastest times (q) qualify to Final,https://media.aws.iaaf.org/competitiondocuments/waveform/7137279/W_200_sf_1.jpg,,https://media.aws.iaaf.org/competitiondocuments/photofinish/7137279/W_200_sf_1.jpg,https://media.aws.iaaf.org/competitiondocuments/pdf/7137279/AT-200-W-sf----.RS6.pdf,,https://worldathletics.org/competitions/world-athletics-championships/world-athletics-championships-oregon-2022-7137279/results/women/200-metres/semi-finals/result,2026-09-29T08:51:45Z,2.0,31.0,38.0,,1,1.537,True,True,,0,
WCH2022-200m-W-SF-H2,WCH,2022,200m,W,SF,2,2022-07-19,18:15,18:15,America/Los_Angeles,8,8,8,1.4,0,0,0,0,,0,,Seiko,Semi-Finals,44013,First 2 of each heat (Q) plus 2 fastest times (q) qualify to Final,https://media.aws.iaaf.org/competitiondocuments/waveform/7137279/W_200_sf_2.jpg,,https://media.aws.iaaf.org/competitiondocuments/photofinish/7137279/W_200_sf_2.jpg,https://media.aws.iaaf.org/competitiondocuments/pdf/7137279/AT-200-W-sf----.RS6.pdf,,https://worldathletics.org/competitions/world-athletics-championships/world-athletics-championships-oregon-2022-7137279/results/women/200-metres/semi-finals/result,2026-09-29T08:51:45Z,1.4,31.0,37.0,,1,1.942,True,True,,0,
WCH2022-200m-W-SF-H3,WCH,2022,200m,W,SF,3,2022-07-19,18:25,18:25,America/Los_Angeles,8,8,8,-0.1,0,0,0,0,,0,,Seiko,Semi-Finals,44014,First 2 of each heat (Q) plus 2 fastest times (q) qualify to Final,https://media.aws.iaaf.org/competitiondocuments/waveform/7137279/W_200_sf_3.jpg,,https://media.aws.iaaf.org/competitiondocuments/photofinish/7137279/W_200_sf_3.jpg,https://media.aws.iaaf.org/competitiondocuments/pdf/7137279/AT-200-W-sf----.RS6.pdf,,https://worldathletics.org/competitions/world-athletics-championships/world-athletics-championships-oregon-2022-7137279/results/women/200-metres/semi-finals/result,2026-09-29T08:51:45Z,-0.1,31.0,37.0,,1,1.732,True,True,,0,
WCH2022-200m-W-F-H1,WCH,2022,200m,W,F,1,2022-07-21,19:35,19:35,America/Los_Angeles,8,8,8,0.6,0,0,0,0,,0,,Seiko,Final,42600,,https://media.aws.iaaf.org/competitiondocuments/waveform/7137279/W_200_f_1.jpg,,https://media.aws.iaaf.org/competitiondocuments/photofinish/7137279/W_200_f_1.jpg,https://media.aws.iaaf.org/competitiondocuments/pdf/7137279/AT-200-W-f----.RS6.pdf,,https://worldathletics.org/competitions/world-athletics-championships/world-athletics-championships-oregon-2022-7137279/results/women/200-metres/final/result,2026-09-29T08:51:39Z,0.6,25.0,57.0,,1,1.567,True,True,,0,
WCH2023-100m-M-PR-H1,WCH,2023,100m,M,PR,1,2023-08-19,13:35,13:35,Europe/Budapest,7,7,7,0.0,0,0,0,0,,0,,Seiko,Preliminary Round,44764,First 2 of each heat (Q) plus 2 fastest times (q) qualify to Round 1,https://media.aws.iaaf.org/competitiondocuments/waveform/7138987/M_100_pr_1.jpg,,https://media.aws.iaaf.org/competitiondocuments/photofinish/7138987/M_100_pr_1.jpg,https://media.aws.iaaf.org/competitiondocuments/pdf/7138987/AT-100-M-pr----.RS6.pdf,,https://worldathletics.org/competitions/world-athletics-championships/world-athletics-championships-budapest-2023-7138987/results/men/100-metres/preliminary-round/result,2026-09-29T06:04:11Z,,,,,1,1.525,True,True,,0,
WCH2023-100m-M-PR-H2,WCH,2023,100m,M,PR,2,2023-08-19,13:42,13:42,Europe/Budapest,7,6,6,0.2,0,0,1,0,,0,,Seiko,Preliminary Round,46481,First 2 of each heat (Q) plus 2 fastest times (q) qualify to Round 1,https://media.aws.iaaf.org/competitiondocuments/waveform/7138987/M_100_pr_2.jpg,,https://media.aws.iaaf.org/competitiondocuments/photofinish/7138987/M_100_pr_2.jpg,https://media.aws.iaaf.org/competitiondocuments/pdf/7138987/AT-100-M-pr----.RS6.pdf,,https://worldathletics.org/competitions/world-athletics-championships/world-athletics-championships-budapest-2023-7138987/results/men/100-metres/preliminary-round/result,2026-09-29T06:04:11Z,,,,,1,1.86,True,True,,0,
WCH2023-100m-M-PR-H3,WCH,2023,100m,M,PR,3,2023-08-19,13:49,13:50,Europe/Budapest,8,8,8,-0.8,0,0,0,1,,1,Y Melique GARCIA (lane 9): Y BIB 2421 (Melique GARCIA) - Disturbing the start,Seiko,Preliminary Round,46482,First 2 of each heat (Q) plus 2 fastest times (q) qualify to Round 1,https://media.aws.iaaf.org/competitiondocuments/waveform/7138987/M_100_pr_3.jpg,,https://media.aws.iaaf.org/competitiondocuments/photofinish/7138987/M_100_pr_3.jpg,https://media.aws.iaaf.org/competitiondocuments/pdf/7138987/AT-100-M-pr----.RS6.pdf,,https://worldathletics.org/competitions/world-athletics-championships/world-athletics-championships-budapest-2023-7138987/results/men/100-metres/preliminary-round/result,2026-09-29T06:04:11Z,,,,Y BIB 2421 (Melique GARCIA) - Disturbing the start,2,1.735,True,True,,0,
WCH2023-100m-M-PR-H4,WCH,2023,100m,M,PR,4,2023-08-19,13:56,14:00,Europe/Budapest,7,6,6,-0.3,0,0,1,0,,0,,Seiko,Preliminary Round,46483,First 2 of each heat (Q) plus 2 fastest times (q) qualify to Round 1,https://media.aws.iaaf.org/competitiondocuments/waveform/7138987/M_100_pr_4.jpg,,https://media.aws.iaaf.org/competitiondocuments/photofinish/7138987/M_100_pr_4.jpg,https://media.aws.iaaf.org/competitiondocuments/pdf/7138987/AT-100-M-pr----.RS6.pdf,,https://worldathletics.org/competitions/world-athletics-championships/world-athletics-championships-budapest-2023-7138987/results/men/100-metres/preliminary-round/result,2026-09-29T06:04:11Z,,,,,1,1.579,True,True,,0,
WCH2023-100m-M-R1-H1,WCH,2023,100m,M,R1,1,2023-08-19,19:43,19:43,Europe/Budapest,8,8,8,0.0,0,0,0,0,,0,,Seiko,Round 1,44763,First 3 of each heat (Q) plus 3 fastest times (q) qualify to Semi-Final,https://media.aws.iaaf.org/competitiondocuments/waveform/7138987/M_100_h_1.jpg,,https://media.aws.iaaf.org/competitiondocuments/photofinish/7138987/M_100_h_1.jpg,https://media.aws.iaaf.org/competitiondocuments/pdf/7138987/AT-100-M-h----.RS6.pdf,,https://worldathletics.org/competitions/world-athletics-championships/world-athletics-championships-budapest-2023-7138987/results/men/100-metres/round-1/result,2026-09-29T06:04:15Z,0.0,28.0,60.0,,1,1.609,True,True,,0,
WCH2023-100m-M-R1-H2,WCH,2023,100m,M,R1,2,2023-08-19,19:49,19:49,Europe/Budapest,8,8,8,-0.6,0,0,0,0,,0,,Seiko,Round 1,46475,First 3 of each heat (Q) plus 3 fastest times (q) qualify to Semi-Final,https://media.aws.iaaf.org/competitiondocuments/waveform/7138987/M_100_h_2.jpg,,https://media.aws.iaaf.org/competitiondocuments/photofinish/7138987/M_100_h_2.jpg,https://media.aws.iaaf.org/competitiondocuments/pdf/7138987/AT-100-M-h----.RS6.pdf,,https://worldathletics.org/competitions/world-athletics-championships/world-athletics-championships-budapest-2023-7138987/results/men/100-metres/round-1/result,2026-09-29T06:04:15Z,-0.6,28.0,60.0,,1,1.453,True,True,,0,
WCH2023-100m-M-R1-H3,WCH,2023,100m,M,R1,3,2023-08-19,19:55,19:55,Europe/Budapest,8,8,8,0.0,0,0,0,0,,0,,Seiko,Round 1,46476,First 3 of each heat (Q) plus 3 fastest times (q) qualify to Semi-Final,https://media.aws.iaaf.org/competitiondocuments/waveform/7138987/M_100_h_3.jpg,,https://media.aws.iaaf.org/competitiondocuments/photofinish/7138987/M_100_h_3.jpg,https://media.aws.iaaf.org/competitiondocuments/pdf/7138987/AT-100-M-h----.RS6.pdf,,https://worldathletics.org/competitions/world-athletics-championships/world-athletics-championships-budapest-2023-7138987/results/men/100-metres/round-1/result,2026-09-29T06:04:15Z,0.0,27.0,64.0,,1,1.637,True,True,,0,
WCH2023-100m-M-R1-H4,WCH,2023,100m,M,R1,4,2023-08-19,20:01,20:01,Europe/Budapest,8,8,8,-0.4,0,0,0,0,,0,,Seiko,Round 1,46477,First 3 of each heat (Q) plus 3 fastest times (q) qualify to Semi-Final,https://media.aws.iaaf.org/competitiondocuments/waveform/7138987/M_100_h_4.jpg,https://media.aws.iaaf.org/competitiondocuments/OfficiatingVideos/7138987/M_100_h_4.mp4,https://media.aws.iaaf.org/competitiondocuments/photofinish/7138987/M_100_h_4.jpg,https://media.aws.iaaf.org/competitiondocuments/pdf/7138987/AT-100-M-h----.RS6.pdf,,https://worldathletics.org/competitions/world-athletics-championships/world-athletics-championships-budapest-2023-7138987/results/men/100-metres/round-1/result,2026-09-29T06:04:15Z,-0.4,27.0,64.0,,1,1.615,True,True,,0,
WCH2023-100m-M-R1-H5,WCH,2023,100m,M,R1,5,2023-08-19,20:07,20:11,Europe/Budapest,8,8,8,0.0,1,2,0,0,"Mouhamadou FALL (FRA, lane 3, DQ-post, RT 0.149); Favour Oghene Tejiri ASHE (NGR, lane 6, FS, RT -0.379)",0,,Seiko,Round 1,46478,First 3 of each heat (Q) plus 3 fastest times (q) qualify to Semi-Final,https://media.aws.iaaf.org/competitiondocuments/waveform/7138987/M_100_h_5.jpg,,https://media.aws.iaaf.org/competitiondocuments/photofinish/7138987/M_100_h_5.jpg,https://media.aws.iaaf.org/competitiondocuments/pdf/7138987/AT-100-M-h----.RS6.pdf,,https://worldathletics.org/competitions/world-athletics-championships/world-athletics-championships-budapest-2023-7138987/results/men/100-metres/round-1/result,2026-09-29T06:04:15Z,0.0,27.0,65.0,WA Rule TR16.8 - False start,3,1.371,True,True,,0,
WCH2023-100m-M-R1-H6,WCH,2023,100m,M,R1,6,2023-08-19,20:13,20:21,Europe/Budapest,8,8,8,-0.4,0,0,0,0,,0,,Seiko,Round 1,46479,First 3 of each heat (Q) plus 3 fastest times (q) qualify to Semi-Final,https://media.aws.iaaf.org/competitiondocuments/waveform/7138987/M_100_h_6.jpg,,https://media.aws.iaaf.org/competitiondocuments/photofinish/7138987/M_100_h_6.jpg,https://media.aws.iaaf.org/competitiondocuments/pdf/7138987/AT-100-M-h----.RS6.pdf,,https://worldathletics.org/competitions/world-athletics-championships/world-athletics-championships-budapest-2023-7138987/results/men/100-metres/round-1/result,2026-09-29T06:04:15Z,-0.4,27.0,65.0,,1,1.755,True,True,,0,
WCH2023-100m-M-R1-H7,WCH,2023,100m,M,R1,7,2023-08-19,20:19,20:27,Europe/Budapest,8,8,8,-0.1,0,0,0,0,,0,,Seiko,Round 1,46480,First 3 of each heat (Q) plus 3 fastest times (q) qualify to Semi-Final,https://media.aws.iaaf.org/competitiondocuments/waveform/7138987/M_100_h_7.jpg,,https://media.aws.iaaf.org/competitiondocuments/photofinish/7138987/M_100_h_7.jpg,https://media.aws.iaaf.org/competitiondocuments/pdf/7138987/AT-100-M-h----.RS6.pdf,,https://worldathletics.org/competitions/world-athletics-championships/world-athletics-championships-budapest-2023-7138987/results/men/100-metres/round-1/result,2026-09-29T06:04:15Z,-0.1,27.0,64.0,,1,1.507,True,True,,0,
WCH2023-100m-M-SF-H1,WCH,2023,100m,M,SF,1,2023-08-20,16:35,16:35,Europe/Budapest,8,8,8,0.3,0,0,0,0,,0,,Seiko,Semi-Finals,44765,First 2 of each heat (Q) plus 2 fastest times (q) qualify to Final,https://media.aws.iaaf.org/competitiondocuments/waveform/7138987/M_100_sf_1.jpg,,https://media.aws.iaaf.org/competitiondocuments/photofinish/7138987/M_100_sf_1.jpg,https://media.aws.iaaf.org/competitiondocuments/pdf/7138987/AT-100-M-sf----.RS6.pdf,,https://worldathletics.org/competitions/world-athletics-championships/world-athletics-championships-budapest-2023-7138987/results/men/100-metres/semi-finals/result,2026-09-29T06:04:18Z,0.3,33.0,44.0,,1,1.504,True,True,,0,
WCH2023-100m-M-SF-H2,WCH,2023,100m,M,SF,2,2023-08-20,16:42,16:42,Europe/Budapest,8,8,8,0.0,1,1,0,0,"Akani SIMBINE (RSA, lane 4, FS, RT 0.078)",0,,Seiko,Semi-Finals,46484,First 2 of each heat (Q) plus 2 fastest times (q) qualify to Final,https://media.aws.iaaf.org/competitiondocuments/waveform/7138987/M_100_sf_2.jpg,https://media.aws.iaaf.org/competitiondocuments/OfficiatingVideos/7138987/M_100_sf_2.mp4,https://media.aws.iaaf.org/competitiondocuments/photofinish/7138987/M_100_sf_2.jpg,https://media.aws.iaaf.org/competitiondocuments/pdf/7138987/AT-100-M-sf----.RS6.pdf,,https://worldathletics.org/competitions/world-athletics-championships/world-athletics-championships-budapest-2023-7138987/results/men/100-metres/semi-finals/result,2026-09-29T06:04:18Z,0.0,33.0,44.0,WA Rule TR16.8 - False start,2,1.653,True,True,,0,Akani SIMBINE:F1
WCH2023-100m-M-SF-H3,WCH,2023,100m,M,SF,3,2023-08-20,16:49,16:53,Europe/Budapest,8,8,8,-0.3,0,0,0,0,,0,,Seiko,Semi-Finals,46485,First 2 of each heat (Q) plus 2 fastest times (q) qualify to Final,https://media.aws.iaaf.org/competitiondocuments/waveform/7138987/M_100_sf_3.jpg,,https://media.aws.iaaf.org/competitiondocuments/photofinish/7138987/M_100_sf_3.jpg,https://media.aws.iaaf.org/competitiondocuments/pdf/7138987/AT-100-M-sf----.RS6.pdf,,https://worldathletics.org/competitions/world-athletics-championships/world-athletics-championships-budapest-2023-7138987/results/men/100-metres/semi-finals/result,2026-09-29T06:04:18Z,-0.3,33.0,46.0,,1,1.571,True,True,,0,
WCH2023-100m-M-F-H1,WCH,2023,100m,M,F,1,2023-08-20,19:10,19:11,Europe/Budapest,8,8,8,0.0,0,0,0,0,,0,,Seiko,Final,44762,,https://media.aws.iaaf.org/competitiondocuments/waveform/7138987/M_100_f_1.jpg,,https://media.aws.iaaf.org/competitiondocuments/photofinish/7138987/M_100_f_1.jpg,https://media.aws.iaaf.org/competitiondocuments/pdf/7138987/AT-100-M-f----.RS6.pdf,,https://worldathletics.org/competitions/world-athletics-championships/world-athletics-championships-budapest-2023-7138987/results/men/100-metres/final/result,2026-09-29T06:04:09Z,0.0,32.0,48.0,,1,1.476,True,True,,0,
WCH2023-100m-W-R1-H1,WCH,2023,100m,W,R1,1,2023-08-20,12:10,12:10,Europe/Budapest,8,8,8,0.0,0,0,0,0,,0,,Seiko,Round 1,44837,First 3 of each heat (Q) plus 3 fastest times (q) qualify to Semi-Final,https://media.aws.iaaf.org/competitiondocuments/waveform/7138987/W_100_h_1.jpg,,https://media.aws.iaaf.org/competitiondocuments/photofinish/7138987/W_100_h_1.jpg,https://media.aws.iaaf.org/competitiondocuments/pdf/7138987/AT-100-W-h----.RS6.pdf,,https://worldathletics.org/competitions/world-athletics-championships/world-athletics-championships-budapest-2023-7138987/results/women/100-metres/round-1/result,2026-09-29T06:04:23Z,0.0,32.0,52.0,,1,1.483,True,True,,0,
WCH2023-100m-W-R1-H2,WCH,2023,100m,W,R1,2,2023-08-20,12:17,12:17,Europe/Budapest,8,8,7,-0.8,1,1,0,0,"Yunisleydis DE LA C. GARCÍA (CUB, lane 8, FS, RT n/a)",0,,Seiko,Round 1,46538,First 3 of each heat (Q) plus 3 fastest times (q) qualify to Semi-Final,https://media.aws.iaaf.org/competitiondocuments/waveform/7138987/W_100_h_2.jpg,https://media.aws.iaaf.org/competitiondocuments/OfficiatingVideos/7138987/W_100_h_2.mp4,https://media.aws.iaaf.org/competitiondocuments/photofinish/7138987/W_100_h_2.jpg,https://media.aws.iaaf.org/competitiondocuments/pdf/7138987/AT-100-W-h----.RS6.pdf,,https://worldathletics.org/competitions/world-athletics-championships/world-athletics-championships-budapest-2023-7138987/results/women/100-metres/round-1/result,2026-09-29T06:04:23Z,-0.8,32.0,52.0,WA Rule TR16.8 - False start,2,1.952,True,True,,0,
WCH2023-100m-W-R1-H3,WCH,2023,100m,W,R1,3,2023-08-20,12:24,12:24,Europe/Budapest,8,8,8,-0.4,0,0,0,0,,0,,Seiko,Round 1,46539,First 3 of each heat (Q) plus 3 fastest times (q) qualify to Semi-Final,https://media.aws.iaaf.org/competitiondocuments/waveform/7138987/W_100_h_3.jpg,,https://media.aws.iaaf.org/competitiondocuments/photofinish/7138987/W_100_h_3.jpg,https://media.aws.iaaf.org/competitiondocuments/pdf/7138987/AT-100-W-h----.RS6.pdf,,https://worldathletics.org/competitions/world-athletics-championships/world-athletics-championships-budapest-2023-7138987/results/women/100-metres/round-1/result,2026-09-29T06:04:23Z,-0.4,32.0,52.0,CORRECTION,1,1.445,True,True,,0,
WCH2023-100m-W-R1-H4,WCH,2023,100m,W,R1,4,2023-08-20,12:31,12:31,Europe/Budapest,8,8,8,-1.0,0,0,0,0,,0,,Seiko,Round 1,46540,First 3 of each heat (Q) plus 3 fastest times (q) qualify to Semi-Final,https://media.aws.iaaf.org/competitiondocuments/waveform/7138987/W_100_h_4.jpg,,https://media.aws.iaaf.org/competitiondocuments/photofinish/7138987/W_100_h_4.jpg,https://media.aws.iaaf.org/competitiondocuments/pdf/7138987/AT-100-W-h----.RS6.pdf,,https://worldathletics.org/competitions/world-athletics-championships/world-athletics-championships-budapest-2023-7138987/results/women/100-metres/round-1/result,2026-09-29T06:04:23Z,-1.0,32.0,52.0,,1,1.606,True,True,,0,
WCH2023-100m-W-R1-H5,WCH,2023,100m,W,R1,5,2023-08-20,12:38,12:38,Europe/Budapest,8,8,7,0.4,1,1,0,0,"Imani LANSIQUOT (GBR, lane 8, FS, RT n/a)",1,Y Sydney FRANCISCO (lane 3): Y BIB 1202 (Sydney FRANCISCO) - Yellow Card,Seiko,Round 1,46541,First 3 of each heat (Q) plus 3 fastest times (q) qualify to Semi-Final,https://media.aws.iaaf.org/competitiondocuments/waveform/7138987/W_100_h_5.jpg,https://media.aws.iaaf.org/competitiondocuments/OfficiatingVideos/7138987/W_100_h_5.mp4,https://media.aws.iaaf.org/competitiondocuments/photofinish/7138987/W_100_h_5.jpg,https://media.aws.iaaf.org/competitiondocuments/pdf/7138987/AT-100-W-h----.RS6.pdf,,https://worldathletics.org/competitions/world-athletics-championships/world-athletics-championships-budapest-2023-7138987/results/women/100-metres/round-1/result,2026-09-29T06:04:23Z,0.4,33.0,46.0,WA Rule TR* - TR16.8 False start - BIB 852 Ran under protest (TR 8.4.1) | Y BIB 1202 (Sydney FRANCISCO) - Yellow Card,2,1.345,True,True,,0,
WCH2023-100m-W-R1-H6,WCH,2023,100m,W,R1,6,2023-08-20,12:45,12:48,Europe/Budapest,8,8,8,0.9,0,0,0,0,,0,,Seiko,Round 1,46542,First 3 of each heat (Q) plus 3 fastest times (q) qualify to Semi-Final,https://media.aws.iaaf.org/competitiondocuments/waveform/7138987/W_100_h_6.jpg,,https://media.aws.iaaf.org/competitiondocuments/photofinish/7138987/W_100_h_6.jpg,https://media.aws.iaaf.org/competitiondocuments/pdf/7138987/AT-100-W-h----.RS6.pdf,,https://worldathletics.org/competitions/world-athletics-championships/world-athletics-championships-budapest-2023-7138987/results/women/100-metres/round-1/result,2026-09-29T06:04:23Z,0.9,33.0,46.0,,1,1.644,True,True,,0,
WCH2023-100m-W-R1-H7,WCH,2023,100m,W,R1,7,2023-08-20,12:52,12:54,Europe/Budapest,8,8,8,0.2,0,0,0,0,,0,,Seiko,Round 1,46543,First 3 of each heat (Q) plus 3 fastest times (q) qualify to Semi-Final,https://media.aws.iaaf.org/competitiondocuments/waveform/7138987/W_100_h_7.jpg,,https://media.aws.iaaf.org/competitiondocuments/photofinish/7138987/W_100_h_7.jpg,https://media.aws.iaaf.org/competitiondocuments/pdf/7138987/AT-100-W-h----.RS6.pdf,,https://worldathletics.org/competitions/world-athletics-championships/world-athletics-championships-budapest-2023-7138987/results/women/100-metres/round-1/result,2026-09-29T06:04:23Z,0.2,33.0,45.0,CORRECTION,1,1.897,True,True,,0,
WCH2023-100m-W-SF-H1,WCH,2023,100m,W,SF,1,2023-08-21,20:35,20:35,Europe/Budapest,8,8,8,-0.4,0,0,0,0,,0,,Seiko,Semi-Finals,44838,First 2 of each heat (Q) plus 2 fastest times (q) qualify to Final,https://media.aws.iaaf.org/competitiondocuments/waveform/7138987/W_100_sf_1.jpg,,https://media.aws.iaaf.org/competitiondocuments/photofinish/7138987/W_100_sf_1.jpg,https://media.aws.iaaf.org/competitiondocuments/pdf/7138987/AT-100-W-sf----.RS6.pdf,,https://worldathletics.org/competitions/world-athletics-championships/world-athletics-championships-budapest-2023-7138987/results/women/100-metres/semi-finals/result,2026-09-29T06:04:27Z,-0.4,29.0,55.0,,1,1.972,True,True,,0,
WCH2023-100m-W-SF-H2,WCH,2023,100m,W,SF,2,2023-08-21,20:43,20:44,Europe/Budapest,8,8,8,-0.4,0,0,0,0,,0,,Seiko,Semi-Finals,46544,First 2 of each heat (Q) plus 2 fastest times (q) qualify to Final,https://media.aws.iaaf.org/competitiondocuments/waveform/7138987/W_100_sf_2.jpg,,https://media.aws.iaaf.org/competitiondocuments/photofinish/7138987/W_100_sf_2.jpg,https://media.aws.iaaf.org/competitiondocuments/pdf/7138987/AT-100-W-sf----.RS6.pdf,,https://worldathletics.org/competitions/world-athletics-championships/world-athletics-championships-budapest-2023-7138987/results/women/100-metres/semi-finals/result,2026-09-29T06:04:27Z,-0.4,29.0,58.0,,1,1.842,True,True,,0,
WCH2023-100m-W-SF-H3,WCH,2023,100m,W,SF,3,2023-08-21,20:51,20:51,Europe/Budapest,8,8,8,-0.1,0,0,0,0,,1,Y Julien ALFRED (lane 5): Y BIB 1104 (Julien ALFRED) - Disturbing the start,Seiko,Semi-Finals,46545,First 2 of each heat (Q) plus 2 fastest times (q) qualify to Final,https://media.aws.iaaf.org/competitiondocuments/waveform/7138987/W_100_sf_3.jpg,,https://media.aws.iaaf.org/competitiondocuments/photofinish/7138987/W_100_sf_3.jpg,https://media.aws.iaaf.org/competitiondocuments/pdf/7138987/AT-100-W-sf----.RS6.pdf,,https://worldathletics.org/competitions/world-athletics-championships/world-athletics-championships-budapest-2023-7138987/results/women/100-metres/semi-finals/result,2026-09-29T06:04:27Z,-0.1,29.0,58.0,Y BIB 1104 (Julien ALFRED) - Disturbing the start,2,2.107,True,False,"hold > 2.0 s: 'set' marker outside the plot window, OCR value not cross-checked",0,
WCH2023-100m-W-F-H1,WCH,2023,100m,W,F,1,2023-08-21,21:50,21:55,Europe/Budapest,9,9,9,-0.2,0,0,0,0,,0,,Seiko,Final,44836,,https://media.aws.iaaf.org/competitiondocuments/waveform/7138987/W_100_f_1.jpg,,https://media.aws.iaaf.org/competitiondocuments/photofinish/7138987/W_100_f_1.jpg,https://media.aws.iaaf.org/competitiondocuments/pdf/7138987/AT-100-W-f----.RS6.pdf,,https://worldathletics.org/competitions/world-athletics-championships/world-athletics-championships-budapest-2023-7138987/results/women/100-metres/final/result,2026-09-29T06:04:20Z,-0.2,27.0,64.0,,1,1.838,True,True,,0,
WCH2023-100mH-W-R1-H1,WCH,2023,100mH,W,R1,1,2023-08-22,18:40,18:40,Europe/Budapest,8,8,8,0.1,0,0,0,0,,0,,Seiko,Round 1,44840,First 4 of each heat (Q) plus 4 fastest times (q) qualify to Semi-Final,https://media.aws.iaaf.org/competitiondocuments/waveform/7138987/W_100H_h_1.jpg,,https://media.aws.iaaf.org/competitiondocuments/photofinish/7138987/W_100H_h_1.jpg,https://media.aws.iaaf.org/competitiondocuments/pdf/7138987/AT-100H-W-h----.RS6.pdf,,https://worldathletics.org/competitions/world-athletics-championships/world-athletics-championships-budapest-2023-7138987/results/women/100-metres-hurdles/round-1/result,2026-09-29T06:04:45Z,0.1,35.0,37.0,,1,1.774,True,True,,0,
WCH2023-100mH-W-R1-H2,WCH,2023,100mH,W,R1,2,2023-08-22,18:48,18:48,Europe/Budapest,9,9,9,0.1,0,0,0,0,,0,,Seiko,Round 1,46546,First 4 of each heat (Q) plus 4 fastest times (q) qualify to Semi-Final,https://media.aws.iaaf.org/competitiondocuments/waveform/7138987/W_100H_h_2.jpg,,https://media.aws.iaaf.org/competitiondocuments/photofinish/7138987/W_100H_h_2.jpg,https://media.aws.iaaf.org/competitiondocuments/pdf/7138987/AT-100H-W-h----.RS6.pdf,,https://worldathletics.org/competitions/world-athletics-championships/world-athletics-championships-budapest-2023-7138987/results/women/100-metres-hurdles/round-1/result,2026-09-29T06:04:45Z,0.1,35.0,37.0,,1,1.315,True,True,,0,
WCH2023-100mH-W-R1-H3,WCH,2023,100mH,W,R1,3,2023-08-22,18:56,18:56,Europe/Budapest,9,9,9,0.1,0,0,0,0,,0,,Seiko,Round 1,46547,First 4 of each heat (Q) plus 4 fastest times (q) qualify to Semi-Final,https://media.aws.iaaf.org/competitiondocuments/waveform/7138987/W_100H_h_3.jpg,,https://media.aws.iaaf.org/competitiondocuments/photofinish/7138987/W_100H_h_3.jpg,https://media.aws.iaaf.org/competitiondocuments/pdf/7138987/AT-100H-W-h----.RS6.pdf,,https://worldathletics.org/competitions/world-athletics-championships/world-athletics-championships-budapest-2023-7138987/results/women/100-metres-hurdles/round-1/result,2026-09-29T06:04:45Z,0.1,35.0,37.0,,1,1.814,True,True,,0,
WCH2023-100mH-W-R1-H4,WCH,2023,100mH,W,R1,4,2023-08-22,19:04,19:04,Europe/Budapest,9,9,9,0.0,0,0,0,0,,0,,Seiko,Round 1,46548,First 4 of each heat (Q) plus 4 fastest times (q) qualify to Semi-Final,https://media.aws.iaaf.org/competitiondocuments/waveform/7138987/W_100H_h_4.jpg,,https://media.aws.iaaf.org/competitiondocuments/photofinish/7138987/W_100H_h_4.jpg,https://media.aws.iaaf.org/competitiondocuments/pdf/7138987/AT-100H-W-h----.RS6.pdf,,https://worldathletics.org/competitions/world-athletics-championships/world-athletics-championships-budapest-2023-7138987/results/women/100-metres-hurdles/round-1/result,2026-09-29T06:04:45Z,0.0,35.0,37.0,,1,1.627,True,True,,0,
WCH2023-100mH-W-R1-H5,WCH,2023,100mH,W,R1,5,2023-08-22,19:12,19:12,Europe/Budapest,8,8,8,0.4,0,0,0,0,,0,,Seiko,Round 1,46549,First 4 of each heat (Q) plus 4 fastest times (q) qualify to Semi-Final,https://media.aws.iaaf.org/competitiondocuments/waveform/7138987/W_100H_h_5.jpg,,https://media.aws.iaaf.org/competitiondocuments/photofinish/7138987/W_100H_h_5.jpg,https://media.aws.iaaf.org/competitiondocuments/pdf/7138987/AT-100H-W-h----.RS6.pdf,,https://worldathletics.org/competitions/world-athletics-championships/world-athletics-championships-budapest-2023-7138987/results/women/100-metres-hurdles/round-1/result,2026-09-29T06:04:45Z,0.4,35.0,37.0,,1,1.973,True,True,,0,
WCH2023-100mH-W-SF-H1,WCH,2023,100mH,W,SF,1,2023-08-23,20:45,20:46,Europe/Budapest,8,8,8,0.5,0,0,0,0,,0,,Seiko,Semi-Finals,44841,First 2 of each heat (Q) plus 2 fastest times (q) qualify to Final,https://media.aws.iaaf.org/competitiondocuments/waveform/7138987/W_100H_sf_1.jpg,,https://media.aws.iaaf.org/competitiondocuments/photofinish/7138987/W_100H_sf_1.jpg,https://media.aws.iaaf.org/competitiondocuments/pdf/7138987/AT-100H-W-sf----.RS6.pdf,,https://worldathletics.org/competitions/world-athletics-championships/world-athletics-championships-budapest-2023-7138987/results/women/100-metres-hurdles/semi-finals/result,2026-09-29T06:04:47Z,0.5,28.0,55.0,,1,1.722,True,True,,0,
WCH2023-100mH-W-SF-H2,WCH,2023,100mH,W,SF,2,2023-08-23,20:53,20:53,Europe/Budapest,8,8,8,-0.7,0,0,0,1,,0,,Seiko,Semi-Finals,46551,First 2 of each heat (Q) plus 2 fastest times (q) qualify to Final,https://media.aws.iaaf.org/competitiondocuments/waveform/7138987/W_100H_sf_2.jpg,https://media.aws.iaaf.org/competitiondocuments/OfficiatingVideos/7138987/W_100H_sf_2.mp4,https://media.aws.iaaf.org/competitiondocuments/photofinish/7138987/W_100H_sf_2.jpg,https://media.aws.iaaf.org/competitiondocuments/pdf/7138987/AT-100H-W-sf----.RS6.pdf,,https://worldathletics.org/competitions/world-athletics-championships/world-athletics-championships-budapest-2023-7138987/results/women/100-metres-hurdles/semi-finals/result,2026-09-29T06:04:47Z,-0.7,28.0,59.0,,1,1.77,True,True,,0,
WCH2023-100mH-W-SF-H3,WCH,2023,100mH,W,SF,3,2023-08-23,21:01,21:01,Europe/Budapest,8,8,8,-0.4,0,0,0,0,,0,,Seiko,Semi-Finals,46552,First 2 of each heat (Q) plus 2 fastest times (q) qualify to Final,https://media.aws.iaaf.org/competitiondocuments/waveform/7138987/W_100H_sf_3.jpg,,https://media.aws.iaaf.org/competitiondocuments/photofinish/7138987/W_100H_sf_3.jpg,https://media.aws.iaaf.org/competitiondocuments/pdf/7138987/AT-100H-W-sf----.RS6.pdf,,https://worldathletics.org/competitions/world-athletics-championships/world-athletics-championships-budapest-2023-7138987/results/women/100-metres-hurdles/semi-finals/result,2026-09-29T06:04:47Z,-0.4,28.0,59.0,,1,1.419,True,True,,0,
WCH2023-100mH-W-F-H1,WCH,2023,100mH,W,F,1,2023-08-24,21:22,21:24,Europe/Budapest,8,8,8,-0.2,0,0,0,0,,0,,Seiko,Final,44839,,https://media.aws.iaaf.org/competitiondocuments/waveform/7138987/W_100H_f_1.jpg,,https://media.aws.iaaf.org/competitiondocuments/photofinish/7138987/W_100H_f_1.jpg,https://media.aws.iaaf.org/competitiondocuments/pdf/7138987/AT-100H-W-f----.RS6.pdf,,https://worldathletics.org/competitions/world-athletics-championships/world-athletics-championships-budapest-2023-7138987/results/women/100-metres-hurdles/final/result,2026-09-29T06:04:37Z,-0.2,28.0,48.0,,1,1.558,True,True,,0,
WCH2023-110mH-M-R1-H1,WCH,2023,110mH,M,R1,1,2023-08-20,13:05,13:06,Europe/Budapest,9,9,9,-0.3,0,0,0,0,,0,,Seiko,Round 1,44769,First 4 of each heat (Q) plus 4 fastest times (q) qualify to Semi-Final,https://media.aws.iaaf.org/competitiondocuments/waveform/7138987/M_110H_h_1.jpg,,https://media.aws.iaaf.org/competitiondocuments/photofinish/7138987/M_110H_h_1.jpg,https://media.aws.iaaf.org/competitiondocuments/pdf/7138987/AT-110H-M-h----.RS6.pdf,,https://worldathletics.org/competitions/world-athletics-championships/world-athletics-championships-budapest-2023-7138987/results/men/110-metres-hurdles/round-1/result,2026-09-29T06:04:32Z,-0.3,33.0,45.0,,1,1.737,True,True,,0,
WCH2023-110mH-M-R1-H2,WCH,2023,110mH,M,R1,2,2023-08-20,13:13,13:13,Europe/Budapest,9,9,9,0.5,0,0,0,1,,0,,Seiko,Round 1,46488,First 4 of each heat (Q) plus 4 fastest times (q) qualify to Semi-Final,https://media.aws.iaaf.org/competitiondocuments/waveform/7138987/M_110H_h_2.jpg,,https://media.aws.iaaf.org/competitiondocuments/photofinish/7138987/M_110H_h_2.jpg,https://media.aws.iaaf.org/competitiondocuments/pdf/7138987/AT-110H-M-h----.RS6.pdf,,https://worldathletics.org/competitions/world-athletics-championships/world-athletics-championships-budapest-2023-7138987/results/men/110-metres-hurdles/round-1/result,2026-09-29T06:04:32Z,0.5,34.0,46.0,,1,1.713,True,True,,0,
WCH2023-110mH-M-R1-H3,WCH,2023,110mH,M,R1,3,2023-08-20,13:21,13:21,Europe/Budapest,9,9,9,0.0,0,1,0,0,"Rasheed BROADBELL (JAM, lane 8, DQ, RT 0.156)",0,,Seiko,Round 1,46489,First 4 of each heat (Q) plus 4 fastest times (q) qualify to Semi-Final,https://media.aws.iaaf.org/competitiondocuments/waveform/7138987/M_110H_h_3.jpg,https://media.aws.iaaf.org/competitiondocuments/OfficiatingVideos/7138987/M_110H_h_3.mp4,https://media.aws.iaaf.org/competitiondocuments/photofinish/7138987/M_110H_h_3.jpg,https://media.aws.iaaf.org/competitiondocuments/pdf/7138987/AT-110H-M-h----.RS6.pdf,,https://worldathletics.org/competitions/world-athletics-championships/world-athletics-championships-budapest-2023-7138987/results/men/110-metres-hurdles/round-1/result,2026-09-29T06:04:32Z,0.0,34.0,46.0,WA Rule TR22.6.3 - Knocking down / displacing a hurdle in another lane,1,1.631,True,True,,0,
WCH2023-110mH-M-R1-H4,WCH,2023,110mH,M,R1,4,2023-08-20,13:29,13:29,Europe/Budapest,9,9,9,-0.6,0,0,0,0,,0,,Seiko,Round 1,46490,First 4 of each heat (Q) plus 4 fastest times (q) qualify to Semi-Final,https://media.aws.iaaf.org/competitiondocuments/waveform/7138987/M_110H_h_4.jpg,,https://media.aws.iaaf.org/competitiondocuments/photofinish/7138987/M_110H_h_4.jpg,https://media.aws.iaaf.org/competitiondocuments/pdf/7138987/AT-110H-M-h----.RS6.pdf,,https://worldathletics.org/competitions/world-athletics-championships/world-athletics-championships-budapest-2023-7138987/results/men/110-metres-hurdles/round-1/result,2026-09-29T06:04:32Z,-0.6,33.0,45.0,,1,1.982,True,True,,0,
WCH2023-110mH-M-R1-H5,WCH,2023,110mH,M,R1,5,2023-08-20,13:37,13:39,Europe/Budapest,9,9,9,-0.9,0,0,0,0,,0,,Seiko,Round 1,46491,First 4 of each heat (Q) plus 4 fastest times (q) qualify to Semi-Final,https://media.aws.iaaf.org/competitiondocuments/waveform/7138987/M_110H_h_5.jpg,,https://media.aws.iaaf.org/competitiondocuments/photofinish/7138987/M_110H_h_5.jpg,https://media.aws.iaaf.org/competitiondocuments/pdf/7138987/AT-110H-M-h----.RS6.pdf,,https://worldathletics.org/competitions/world-athletics-championships/world-athletics-championships-budapest-2023-7138987/results/men/110-metres-hurdles/round-1/result,2026-09-29T06:04:32Z,-0.9,33.0,45.0,,1,1.791,True,True,,0,
WCH2023-110mH-M-SF-H1,WCH,2023,110mH,M,SF,1,2023-08-21,20:05,20:05,Europe/Budapest,8,8,8,-0.2,1,1,0,0,"Louis François MENDY (SEN, lane 4, FS, RT 0.063)",0,,Seiko,Semi-Finals,44770,First 2 of each heat (Q) plus 2 fastest times (q) qualify to Final,https://media.aws.iaaf.org/competitiondocuments/waveform/7138987/M_110H_sf_1.jpg,,https://media.aws.iaaf.org/competitiondocuments/photofinish/7138987/M_110H_sf_1.jpg,https://media.aws.iaaf.org/competitiondocuments/pdf/7138987/AT-110H-M-sf----.RS6.pdf,,https://worldathletics.org/competitions/world-athletics-championships/world-athletics-championships-budapest-2023-7138987/results/men/110-metres-hurdles/semi-finals/result,2026-09-29T06:04:35Z,-0.2,31.0,51.0,WA Rule TR16.8 - False start,,,,,,0,Louis François MENDY:F1
WCH2023-110mH-M-SF-H2,WCH,2023,110mH,M,SF,2,2023-08-21,20:13,20:14,Europe/Budapest,9,9,9,-0.2,0,0,0,0,,0,,Seiko,Semi-Finals,46493,First 2 of each heat (Q) plus 2 fastest times (q) qualify to Final,,,https://media.aws.iaaf.org/competitiondocuments/photofinish/7138987/M_110H_sf_2.jpg,https://media.aws.iaaf.org/competitiondocuments/pdf/7138987/AT-110H-M-sf----.RS6.pdf,,https://worldathletics.org/competitions/world-athletics-championships/world-athletics-championships-budapest-2023-7138987/results/men/110-metres-hurdles/semi-finals/result,2026-09-29T06:04:35Z,-0.2,30.0,53.0,,1,1.796,True,True,image is linked under WCH2023-110mH-M-SF-H1 on the WA site but its header says heat 2; re-keyed,0,
WCH2023-110mH-M-SF-H3,WCH,2023,110mH,M,SF,3,2023-08-21,20:21,20:21,Europe/Budapest,8,8,8,-0.1,0,0,0,0,,0,,Seiko,Semi-Finals,46494,First 2 of each heat (Q) plus 2 fastest times (q) qualify to Final,https://media.aws.iaaf.org/competitiondocuments/waveform/7138987/M_110H_sf_3.jpg,,https://media.aws.iaaf.org/competitiondocuments/photofinish/7138987/M_110H_sf_3.jpg,https://media.aws.iaaf.org/competitiondocuments/pdf/7138987/AT-110H-M-sf----.RS6.pdf,,https://worldathletics.org/competitions/world-athletics-championships/world-athletics-championships-budapest-2023-7138987/results/men/110-metres-hurdles/semi-finals/result,2026-09-29T06:04:35Z,-0.1,30.0,53.0,,1,1.584,True,True,,0,
WCH2023-110mH-M-F-H1,WCH,2023,110mH,M,F,1,2023-08-21,21:40,21:43,Europe/Budapest,8,8,8,0.0,0,0,0,0,,0,,Seiko,Final,44768,,https://media.aws.iaaf.org/competitiondocuments/waveform/7138987/M_110H_f_1.jpg,,https://media.aws.iaaf.org/competitiondocuments/photofinish/7138987/M_110H_f_1.jpg,https://media.aws.iaaf.org/competitiondocuments/pdf/7138987/AT-110H-M-f----.RS6.pdf,,https://worldathletics.org/competitions/world-athletics-championships/world-athletics-championships-budapest-2023-7138987/results/men/110-metres-hurdles/final/result,2026-09-29T06:04:30Z,0.0,27.0,64.0,,1,1.857,True,True,,0,
WCH2023-200m-M-R1-H1,WCH,2023,200m,M,R1,1,2023-08-23,12:15,12:15,Europe/Budapest,8,8,8,0.0,0,0,0,0,,0,,Seiko,Round 1,44777,First 3 of each heat (Q) plus 3 fastest times (q) qualify to Semi-Final,https://media.aws.iaaf.org/competitiondocuments/waveform/7138987/M_200_h_1.jpg,,https://media.aws.iaaf.org/competitiondocuments/photofinish/7138987/M_200_h_1.jpg,https://media.aws.iaaf.org/competitiondocuments/pdf/7138987/AT-200-M-h----.RS6.pdf,,https://worldathletics.org/competitions/world-athletics-championships/world-athletics-championships-budapest-2023-7138987/results/men/200-metres/round-1/result,2026-09-29T08:51:17Z,0.0,33.0,48.0,,1,1.845,True,True,,0,
WCH2023-200m-M-R1-H2,WCH,2023,200m,M,R1,2,2023-08-23,12:22,12:22,Europe/Budapest,9,9,9,-0.1,0,0,0,0,,0,,Seiko,Round 1,46501,First 3 of each heat (Q) plus 3 fastest times (q) qualify to Semi-Final,https://media.aws.iaaf.org/competitiondocuments/waveform/7138987/M_200_h_2.jpg,,https://media.aws.iaaf.org/competitiondocuments/photofinish/7138987/M_200_h_2.jpg,https://media.aws.iaaf.org/competitiondocuments/pdf/7138987/AT-200-M-h----.RS6.pdf,,https://worldathletics.org/competitions/world-athletics-championships/world-athletics-championships-budapest-2023-7138987/results/men/200-metres/round-1/result,2026-09-29T08:51:17Z,-0.1,33.0,48.0,,1,1.557,True,True,,0,
WCH2023-200m-M-R1-H3,WCH,2023,200m,M,R1,3,2023-08-23,12:29,12:29,Europe/Budapest,8,8,8,-1.4,0,0,0,0,,0,,Seiko,Round 1,46502,First 3 of each heat (Q) plus 3 fastest times (q) qualify to Semi-Final,https://media.aws.iaaf.org/competitiondocuments/waveform/7138987/M_200_h_3.jpg,,https://media.aws.iaaf.org/competitiondocuments/photofinish/7138987/M_200_h_3.jpg,https://media.aws.iaaf.org/competitiondocuments/pdf/7138987/AT-200-M-h----.RS6.pdf,,https://worldathletics.org/competitions/world-athletics-championships/world-athletics-championships-budapest-2023-7138987/results/men/200-metres/round-1/result,2026-09-29T08:51:17Z,-1.4,33.0,48.0,,1,1.972,True,True,,0,
WCH2023-200m-M-R1-H4,WCH,2023,200m,M,R1,4,2023-08-23,12:36,12:36,Europe/Budapest,8,8,8,-0.2,0,0,0,1,,0,,Seiko,Round 1,46503,First 3 of each heat (Q) plus 3 fastest times (q) qualify to Semi-Final,https://media.aws.iaaf.org/competitiondocuments/waveform/7138987/M_200_h_4.jpg,,https://media.aws.iaaf.org/competitiondocuments/photofinish/7138987/M_200_h_4.jpg,https://media.aws.iaaf.org/competitiondocuments/pdf/7138987/AT-200-M-h----.RS6.pdf,,https://worldathletics.org/competitions/world-athletics-championships/world-athletics-championships-budapest-2023-7138987/results/men/200-metres/round-1/result,2026-09-29T08:51:17Z,-0.2,33.0,48.0,,1,1.735,True,True,,0,
WCH2023-200m-M-R1-H5,WCH,2023,200m,M,R1,5,2023-08-23,12:43,12:43,Europe/Budapest,8,7,7,-0.2,0,0,1,0,,1,Y Ramil GULIYEV (lane 9): Y BIB 2931 (Ramil GULIYEV) - Disturbing the start,Seiko,Round 1,46504,First 3 of each heat (Q) plus 3 fastest times (q) qualify to Semi-Final,https://media.aws.iaaf.org/competitiondocuments/waveform/7138987/M_200_h_5.jpg,,https://media.aws.iaaf.org/competitiondocuments/photofinish/7138987/M_200_h_5.jpg,https://media.aws.iaaf.org/competitiondocuments/pdf/7138987/AT-200-M-h----.RS6.pdf,,https://worldathletics.org/competitions/world-athletics-championships/world-athletics-championships-budapest-2023-7138987/results/men/200-metres/round-1/result,2026-09-29T08:51:17Z,-0.2,33.0,48.0,Y BIB 2931 (Ramil GULIYEV) - Disturbing the start,2,2.193,True,False,"hold > 2.0 s: 'set' marker outside the plot window, OCR value not cross-checked",0,
WCH2023-200m-M-R1-H6,WCH,2023,200m,M,R1,6,2023-08-23,12:50,12:52,Europe/Budapest,8,8,8,-0.5,0,0,0,0,,0,,Seiko,Round 1,46505,First 3 of each heat (Q) plus 3 fastest times (q) qualify to Semi-Final,https://media.aws.iaaf.org/competitiondocuments/waveform/7138987/M_200_h_6.jpg,,https://media.aws.iaaf.org/competitiondocuments/photofinish/7138987/M_200_h_6.jpg,https://media.aws.iaaf.org/competitiondocuments/pdf/7138987/AT-200-M-h----.RS6.pdf,,https://worldathletics.org/competitions/world-athletics-championships/world-athletics-championships-budapest-2023-7138987/results/men/200-metres/round-1/result,2026-09-29T08:51:17Z,-0.5,33.0,51.0,,1,1.796,True,True,,0,
WCH2023-200m-M-R1-H7,WCH,2023,200m,M,R1,7,2023-08-23,12:57,12:58,Europe/Budapest,8,8,7,-0.1,1,1,0,0,"Ryan ZEZE (FRA, lane 2, FS, RT n/a)",0,,Seiko,Round 1,46506,First 3 of each heat (Q) plus 3 fastest times (q) qualify to Semi-Final,https://media.aws.iaaf.org/competitiondocuments/waveform/7138987/M_200_h_7.jpg,https://media.aws.iaaf.org/competitiondocuments/OfficiatingVideos/7138987/M_200_h_7.mp4,https://media.aws.iaaf.org/competitiondocuments/photofinish/7138987/M_200_h_7.jpg,https://media.aws.iaaf.org/competitiondocuments/pdf/7138987/AT-200-M-h----.RS6.pdf,,https://worldathletics.org/competitions/world-athletics-championships/world-athletics-championships-budapest-2023-7138987/results/men/200-metres/round-1/result,2026-09-29T08:51:17Z,-0.1,33.0,51.0,WA Rule TR* - TR16.8 False start - Ran under protest (TR 8.4.1),2,1.75,True,True,,0,
WCH2023-200m-M-SF-H1,WCH,2023,200m,M,SF,1,2023-08-24,20:20,20:44,Europe/Budapest,8,8,8,-0.1,0,0,0,0,,0,,Seiko,Semi-Finals,44778,First 2 of each heat (Q) plus 2 fastest times (q) qualify to Final,https://media.aws.iaaf.org/competitiondocuments/waveform/7138987/M_200_sf_1.jpg,,https://media.aws.iaaf.org/competitiondocuments/photofinish/7138987/M_200_sf_1.jpg,https://media.aws.iaaf.org/competitiondocuments/pdf/7138987/AT-200-M-sf----.RS6.pdf,,https://worldathletics.org/competitions/world-athletics-championships/world-athletics-championships-budapest-2023-7138987/results/men/200-metres/semi-finals/result,2026-09-29T08:51:20Z,-0.1,28.0,47.0,,1,1.658,True,True,,0,
WCH2023-200m-M-SF-H2,WCH,2023,200m,M,SF,2,2023-08-24,20:29,20:29,Europe/Budapest,8,8,8,0.0,0,1,0,0,"Aaron BROWN (CAN, lane 8, DQ, RT 0.145)",0,,Seiko,Semi-Finals,46507,First 2 of each heat (Q) plus 2 fastest times (q) qualify to Final,https://media.aws.iaaf.org/competitiondocuments/waveform/7138987/M_200_sf_2.jpg,https://media.aws.iaaf.org/competitiondocuments/OfficiatingVideos/7138987/M_200_sf_2.mp4,https://media.aws.iaaf.org/competitiondocuments/photofinish/7138987/M_200_sf_2.jpg,https://media.aws.iaaf.org/competitiondocuments/pdf/7138987/AT-200-M-sf----.RS6.pdf,,https://worldathletics.org/competitions/world-athletics-championships/world-athletics-championships-budapest-2023-7138987/results/men/200-metres/semi-finals/result,2026-09-29T08:51:20Z,0.0,28.0,50.0,WA Rule TR17.3.1 - Lane infringement,1,1.671,True,True,,0,
WCH2023-200m-M-SF-H3,WCH,2023,200m,M,SF,3,2023-08-24,20:38,20:36,Europe/Budapest,8,8,8,-0.4,0,0,0,0,,0,,Seiko,Semi-Finals,46508,First 2 of each heat (Q) plus 2 fastest times (q) qualify to Final,https://media.aws.iaaf.org/competitiondocuments/waveform/7138987/M_200_sf_3.jpg,,https://media.aws.iaaf.org/competitiondocuments/photofinish/7138987/M_200_sf_3.jpg,https://media.aws.iaaf.org/competitiondocuments/pdf/7138987/AT-200-M-sf----.RS6.pdf,,https://worldathletics.org/competitions/world-athletics-championships/world-athletics-championships-budapest-2023-7138987/results/men/200-metres/semi-finals/result,2026-09-29T08:51:20Z,-0.4,28.0,50.0,,1,1.68,True,True,,0,
WCH2023-200m-M-F-H1,WCH,2023,200m,M,F,1,2023-08-25,21:50,21:54,Europe/Budapest,9,9,9,-0.2,0,0,0,0,,0,,Seiko,Final,44776,,https://media.aws.iaaf.org/competitiondocuments/waveform/7138987/M_200_f_1.jpg,,https://media.aws.iaaf.org/competitiondocuments/photofinish/7138987/M_200_f_1.jpg,https://media.aws.iaaf.org/competitiondocuments/pdf/7138987/AT-200-M-f----.RS6.pdf,,https://worldathletics.org/competitions/world-athletics-championships/world-athletics-championships-budapest-2023-7138987/results/men/200-metres/final/result,2026-09-29T08:51:15Z,-0.2,27.0,60.0,,1,1.794,True,True,,0,
WCH2023-200m-W-R1-H1,WCH,2023,200m,W,R1,1,2023-08-23,11:20,11:20,Europe/Budapest,8,8,8,-0.4,0,0,0,0,,0,,Seiko,Round 1,44848,First 3 of each heat (Q) plus 6 fastest times (q) qualify to Semi-Final,https://media.aws.iaaf.org/competitiondocuments/waveform/7138987/W_200_h_1.jpg,,https://media.aws.iaaf.org/competitiondocuments/photofinish/7138987/W_200_h_1.jpg,https://media.aws.iaaf.org/competitiondocuments/pdf/7138987/AT-200-W-h----.RS6.pdf,,https://worldathletics.org/competitions/world-athletics-championships/world-athletics-championships-budapest-2023-7138987/results/women/200-metres/round-1/result,2026-09-29T08:51:26Z,-0.4,33.0,52.0,,1,,False,True,ready time missing/out of range,0,
WCH2023-200m-W-R1-H2,WCH,2023,200m,W,R1,2,2023-08-23,11:27,11:27,Europe/Budapest,8,8,8,-0.7,0,0,0,0,,0,,Seiko,Round 1,46558,First 3 of each heat (Q) plus 6 fastest times (q) qualify to Semi-Final,https://media.aws.iaaf.org/competitiondocuments/waveform/7138987/W_200_h_2.jpg,,https://media.aws.iaaf.org/competitiondocuments/photofinish/7138987/W_200_h_2.jpg,https://media.aws.iaaf.org/competitiondocuments/pdf/7138987/AT-200-W-h----.RS6.pdf,,https://worldathletics.org/competitions/world-athletics-championships/world-athletics-championships-budapest-2023-7138987/results/women/200-metres/round-1/result,2026-09-29T08:51:26Z,-0.7,33.0,52.0,,1,1.922,True,True,,0,
WCH2023-200m-W-R1-H3,WCH,2023,200m,W,R1,3,2023-08-23,11:34,11:34,Europe/Budapest,7,7,7,-0.4,0,0,0,0,,0,,Seiko,Round 1,46559,First 3 of each heat (Q) plus 6 fastest times (q) qualify to Semi-Final,https://media.aws.iaaf.org/competitiondocuments/waveform/7138987/W_200_h_3.jpg,,https://media.aws.iaaf.org/competitiondocuments/photofinish/7138987/W_200_h_3.jpg,https://media.aws.iaaf.org/competitiondocuments/pdf/7138987/AT-200-W-h----.RS6.pdf,,https://worldathletics.org/competitions/world-athletics-championships/world-athletics-championships-budapest-2023-7138987/results/women/200-metres/round-1/result,2026-09-29T08:51:26Z,-0.4,33.0,52.0,,1,1.835,True,True,,0,
WCH2023-200m-W-R1-H4,WCH,2023,200m,W,R1,4,2023-08-23,11:41,11:41,Europe/Budapest,7,6,6,-0.4,0,0,1,0,,0,,Seiko,Round 1,46560,First 3 of each heat (Q) plus 6 fastest times (q) qualify to Semi-Final,https://media.aws.iaaf.org/competitiondocuments/waveform/7138987/W_200_h_4.jpg,,https://media.aws.iaaf.org/competitiondocuments/photofinish/7138987/W_200_h_4.jpg,https://media.aws.iaaf.org/competitiondocuments/pdf/7138987/AT-200-W-h----.RS6.pdf,,https://worldathletics.org/competitions/world-athletics-championships/world-athletics-championships-budapest-2023-7138987/results/women/200-metres/round-1/result,2026-09-29T08:51:26Z,-0.4,34.0,50.0,,1,1.681,True,True,,0,
WCH2023-200m-W-R1-H5,WCH,2023,200m,W,R1,5,2023-08-23,11:48,11:48,Europe/Budapest,7,7,7,-1.3,0,0,0,0,,0,,Seiko,Round 1,46561,First 3 of each heat (Q) plus 6 fastest times (q) qualify to Semi-Final,https://media.aws.iaaf.org/competitiondocuments/waveform/7138987/W_200_h_5.jpg,,https://media.aws.iaaf.org/competitiondocuments/photofinish/7138987/W_200_h_5.jpg,https://media.aws.iaaf.org/competitiondocuments/pdf/7138987/AT-200-W-h----.RS6.pdf,,https://worldathletics.org/competitions/world-athletics-championships/world-athletics-championships-budapest-2023-7138987/results/women/200-metres/round-1/result,2026-09-29T08:51:26Z,-1.3,34.0,50.0,,1,1.037,True,True,,0,
WCH2023-200m-W-R1-H6,WCH,2023,200m,W,R1,6,2023-08-23,11:55,11:55,Europe/Budapest,8,8,8,-0.3,0,0,0,0,,0,,Seiko,Round 1,46562,First 3 of each heat (Q) plus 6 fastest times (q) qualify to Semi-Final,https://media.aws.iaaf.org/competitiondocuments/waveform/7138987/W_200_h_6.jpg,,https://media.aws.iaaf.org/competitiondocuments/photofinish/7138987/W_200_h_6.jpg,https://media.aws.iaaf.org/competitiondocuments/pdf/7138987/AT-200-W-h----.RS6.pdf,,https://worldathletics.org/competitions/world-athletics-championships/world-athletics-championships-budapest-2023-7138987/results/women/200-metres/round-1/result,2026-09-29T08:51:26Z,-0.3,34.0,49.0,,1,1.849,True,True,,0,
WCH2023-200m-W-SF-H1,WCH,2023,200m,W,SF,1,2023-08-24,19:45,19:45,Europe/Budapest,8,8,8,-0.1,0,1,0,0,"Maboundou KONÉ (CIV, lane 5, DQ, RT 0.188)",0,,Seiko,Semi-Finals,44849,First 2 of each heat (Q) plus 2 fastest times (q) qualify to Final,https://media.aws.iaaf.org/competitiondocuments/waveform/7138987/W_200_sf_1.jpg,https://media.aws.iaaf.org/competitiondocuments/OfficiatingVideos/7138987/W_200_sf_1.mp4,https://media.aws.iaaf.org/competitiondocuments/photofinish/7138987/W_200_sf_1.jpg,https://media.aws.iaaf.org/competitiondocuments/pdf/7138987/AT-200-W-sf----.RS6.pdf,,https://worldathletics.org/competitions/world-athletics-championships/world-athletics-championships-budapest-2023-7138987/results/women/200-metres/semi-finals/result,2026-09-29T08:51:29Z,-0.1,31.0,39.0,WA Rule TR17.3.1 - Lane infringement,1,1.686,True,True,,0,
WCH2023-200m-W-SF-H2,WCH,2023,200m,W,SF,2,2023-08-24,19:54,19:54,Europe/Budapest,8,8,8,-0.2,0,0,0,0,,0,,Seiko,Semi-Finals,46563,First 2 of each heat (Q) plus 2 fastest times (q) qualify to Final,https://media.aws.iaaf.org/competitiondocuments/waveform/7138987/W_200_sf_2.jpg,,https://media.aws.iaaf.org/competitiondocuments/photofinish/7138987/W_200_sf_2.jpg,https://media.aws.iaaf.org/competitiondocuments/pdf/7138987/AT-200-W-sf----.RS6.pdf,,https://worldathletics.org/competitions/world-athletics-championships/world-athletics-championships-budapest-2023-7138987/results/women/200-metres/semi-finals/result,2026-09-29T08:51:29Z,-0.2,31.0,39.0,,1,1.523,True,True,,0,
WCH2023-200m-W-SF-H3,WCH,2023,200m,W,SF,3,2023-08-24,20:03,20:03,Europe/Budapest,8,8,8,-0.2,0,0,0,0,,0,,Seiko,Semi-Finals,46564,First 2 of each heat (Q) plus 2 fastest times (q) qualify to Final,https://media.aws.iaaf.org/competitiondocuments/waveform/7138987/W_200_sf_3.jpg,,https://media.aws.iaaf.org/competitiondocuments/photofinish/7138987/W_200_sf_3.jpg,https://media.aws.iaaf.org/competitiondocuments/pdf/7138987/AT-200-W-sf----.RS6.pdf,,https://worldathletics.org/competitions/world-athletics-championships/world-athletics-championships-budapest-2023-7138987/results/women/200-metres/semi-finals/result,2026-09-29T08:51:29Z,-0.2,28.0,49.0,,1,1.607,True,True,,0,
WCH2023-200m-W-F-H1,WCH,2023,200m,W,F,1,2023-08-25,21:40,21:42,Europe/Budapest,8,8,8,0.1,0,0,0,0,,0,,Seiko,Final,44847,,https://media.aws.iaaf.org/competitiondocuments/waveform/7138987/W_200_f_1.jpg,,https://media.aws.iaaf.org/competitiondocuments/photofinish/7138987/W_200_f_1.jpg,https://media.aws.iaaf.org/competitiondocuments/pdf/7138987/AT-200-W-f----.RS6.pdf,,https://worldathletics.org/competitions/world-athletics-championships/world-athletics-championships-budapest-2023-7138987/results/women/200-metres/final/result,2026-09-29T08:51:23Z,0.1,27.0,60.0,,1,1.7,True,True,,0,
WCH2025-100m-M-PR-H1,WCH,2025,100m,M,PR,1,2025-09-13,11:10,11:10,Asia/Tokyo,9,9,9,-0.8,0,0,0,1,,0,,Seiko,Preliminary Round,49250,First 2 of each heat (Q) plus 2 fastest times (q) qualify to Round 1,https://media.aws.iaaf.org/competitiondocuments/waveform/7190593/M_100_pr_1.jpg,,https://media.aws.iaaf.org/competitiondocuments/photofinish/7190593/M_100_pr_1.jpg,https://media.aws.iaaf.org/competitiondocuments/pdf/7190593/AT-100-M-pr----.RS6.pdf,https://media.aws.iaaf.org/competitiondocuments/pdf/7190593/AT-100-M-pr--1--.RS1.pdf,https://worldathletics.org/competitions/world-athletics-championships/world-athletics-championships-tokyo-2025-7190593/results/men/100-metres/preliminary-round/result,2026-09-29T06:03:33Z,,,,,1,0.846,True,True,unusually short hold (< 1.0 s),0,
WCH2025-100m-M-PR-H2,WCH,2025,100m,M,PR,2,2025-09-13,11:17,11:17,Asia/Tokyo,8,8,8,-0.6,0,0,0,0,,0,,Seiko,Preliminary Round,49251,First 2 of each heat (Q) plus 2 fastest times (q) qualify to Round 1,https://media.aws.iaaf.org/competitiondocuments/waveform/7190593/M_100_pr_2.jpg,,https://media.aws.iaaf.org/competitiondocuments/photofinish/7190593/M_100_pr_2.jpg,https://media.aws.iaaf.org/competitiondocuments/pdf/7190593/AT-100-M-pr----.RS6.pdf,https://media.aws.iaaf.org/competitiondocuments/pdf/7190593/AT-100-M-pr--2--.RS1.pdf,https://worldathletics.org/competitions/world-athletics-championships/world-athletics-championships-tokyo-2025-7190593/results/men/100-metres/preliminary-round/result,2026-09-29T06:03:33Z,,,,,1,1.648,True,True,,0,
WCH2025-100m-M-PR-H3,WCH,2025,100m,M,PR,3,2025-09-13,11:24,11:24,Asia/Tokyo,8,8,8,-0.5,0,0,0,0,,0,,Seiko,Preliminary Round,49252,First 2 of each heat (Q) plus 2 fastest times (q) qualify to Round 1,https://media.aws.iaaf.org/competitiondocuments/waveform/7190593/M_100_pr_3.jpg,,https://media.aws.iaaf.org/competitiondocuments/photofinish/7190593/M_100_pr_3.jpg,https://media.aws.iaaf.org/competitiondocuments/pdf/7190593/AT-100-M-pr----.RS6.pdf,https://media.aws.iaaf.org/competitiondocuments/pdf/7190593/AT-100-M-pr--3--.RS1.pdf,https://worldathletics.org/competitions/world-athletics-championships/world-athletics-championships-tokyo-2025-7190593/results/men/100-metres/preliminary-round/result,2026-09-29T06:03:33Z,,,,,1,1.648,True,True,,0,
WCH2025-100m-M-R1-H1,WCH,2025,100m,M,R1,1,2025-09-13,20:35,20:35,Asia/Tokyo,8,8,8,0.3,0,0,0,0,,0,,Seiko,Round 1,49243,First 3 of each heat (Q) plus 3 fastest times (q) qualify to Semi-Final,https://media.aws.iaaf.org/competitiondocuments/waveform/7190593/M_100_h_1.jpg,,https://media.aws.iaaf.org/competitiondocuments/photofinish/7190593/M_100_h_1.jpg,https://media.aws.iaaf.org/competitiondocuments/pdf/7190593/AT-100-M-h----.RS6.pdf,https://media.aws.iaaf.org/competitiondocuments/pdf/7190593/AT-100-M-h--1--.RS1.pdf,https://worldathletics.org/competitions/world-athletics-championships/world-athletics-championships-tokyo-2025-7190593/results/men/100-metres/round-1/result,2026-09-29T06:03:36Z,,,,,1,1.43,True,True,,0,
WCH2025-100m-M-R1-H2,WCH,2025,100m,M,R1,2,2025-09-13,20:42,20:42,Asia/Tokyo,8,8,8,0.1,0,0,0,0,,0,,Seiko,Round 1,49244,First 3 of each heat (Q) plus 3 fastest times (q) qualify to Semi-Final,https://media.aws.iaaf.org/competitiondocuments/waveform/7190593/M_100_h_2.jpg,,https://media.aws.iaaf.org/competitiondocuments/photofinish/7190593/M_100_h_2.jpg,https://media.aws.iaaf.org/competitiondocuments/pdf/7190593/AT-100-M-h----.RS6.pdf,https://media.aws.iaaf.org/competitiondocuments/pdf/7190593/AT-100-M-h--2--.RS1.pdf,https://worldathletics.org/competitions/world-athletics-championships/world-athletics-championships-tokyo-2025-7190593/results/men/100-metres/round-1/result,2026-09-29T06:03:36Z,,,,,1,1.46,True,True,,0,
WCH2025-100m-M-R1-H3,WCH,2025,100m,M,R1,3,2025-09-13,20:49,20:49,Asia/Tokyo,8,8,8,-1.1,0,0,0,0,,0,,Seiko,Round 1,49245,First 3 of each heat (Q) plus 3 fastest times (q) qualify to Semi-Final,https://media.aws.iaaf.org/competitiondocuments/waveform/7190593/M_100_h_3.jpg,,https://media.aws.iaaf.org/competitiondocuments/photofinish/7190593/M_100_h_3.jpg,https://media.aws.iaaf.org/competitiondocuments/pdf/7190593/AT-100-M-h----.RS6.pdf,https://media.aws.iaaf.org/competitiondocuments/pdf/7190593/AT-100-M-h--3--.RS1.pdf,https://worldathletics.org/competitions/world-athletics-championships/world-athletics-championships-tokyo-2025-7190593/results/men/100-metres/round-1/result,2026-09-29T06:03:36Z,,,,,1,1.717,True,True,,0,
WCH2025-100m-M-R1-H4,WCH,2025,100m,M,R1,4,2025-09-13,20:56,20:56,Asia/Tokyo,8,8,8,-0.8,0,0,0,0,,0,,Seiko,Round 1,49246,First 3 of each heat (Q) plus 3 fastest times (q) qualify to Semi-Final,https://media.aws.iaaf.org/competitiondocuments/waveform/7190593/M_100_h_4.jpg,,https://media.aws.iaaf.org/competitiondocuments/photofinish/7190593/M_100_h_4.jpg,https://media.aws.iaaf.org/competitiondocuments/pdf/7190593/AT-100-M-h----.RS6.pdf,https://media.aws.iaaf.org/competitiondocuments/pdf/7190593/AT-100-M-h--4--.RS1.pdf,https://worldathletics.org/competitions/world-athletics-championships/world-athletics-championships-tokyo-2025-7190593/results/men/100-metres/round-1/result,2026-09-29T06:03:36Z,,,,,1,1.837,True,True,,0,
WCH2025-100m-M-R1-H5,WCH,2025,100m,M,R1,5,2025-09-13,21:03,21:03,Asia/Tokyo,8,8,8,-1.2,0,0,0,0,,0,,Seiko,Round 1,49247,First 3 of each heat (Q) plus 3 fastest times (q) qualify to Semi-Final,https://media.aws.iaaf.org/competitiondocuments/waveform/7190593/M_100_h_5.jpg,,https://media.aws.iaaf.org/competitiondocuments/photofinish/7190593/M_100_h_5.jpg,https://media.aws.iaaf.org/competitiondocuments/pdf/7190593/AT-100-M-h----.RS6.pdf,https://media.aws.iaaf.org/competitiondocuments/pdf/7190593/AT-100-M-h--5--.RS1.pdf,https://worldathletics.org/competitions/world-athletics-championships/world-athletics-championships-tokyo-2025-7190593/results/men/100-metres/round-1/result,2026-09-29T06:03:36Z,,,,,1,1.601,True,True,,0,
WCH2025-100m-M-R1-H6,WCH,2025,100m,M,R1,6,2025-09-13,21:10,21:15,Asia/Tokyo,8,8,8,-0.6,0,0,0,0,,0,,Seiko,Round 1,49248,First 3 of each heat (Q) plus 3 fastest times (q) qualify to Semi-Final,https://media.aws.iaaf.org/competitiondocuments/waveform/7190593/M_100_h_6.jpg,,https://media.aws.iaaf.org/competitiondocuments/photofinish/7190593/M_100_h_6.jpg,https://media.aws.iaaf.org/competitiondocuments/pdf/7190593/AT-100-M-h----.RS6.pdf,https://media.aws.iaaf.org/competitiondocuments/pdf/7190593/AT-100-M-h--6--.RS1.pdf,https://worldathletics.org/competitions/world-athletics-championships/world-athletics-championships-tokyo-2025-7190593/results/men/100-metres/round-1/result,2026-09-29T06:03:36Z,,,,,2,1.82,True,True,,0,
WCH2025-100m-M-R1-H7,WCH,2025,100m,M,R1,7,2025-09-13,21:17,21:24,Asia/Tokyo,8,8,8,0.0,0,0,0,0,,0,,Seiko,Round 1,49249,First 3 of each heat (Q) plus 3 fastest times (q) qualify to Semi-Final,https://media.aws.iaaf.org/competitiondocuments/waveform/7190593/M_100_h_7.jpg,,https://media.aws.iaaf.org/competitiondocuments/photofinish/7190593/M_100_h_7.jpg,https://media.aws.iaaf.org/competitiondocuments/pdf/7190593/AT-100-M-h----.RS6.pdf,https://media.aws.iaaf.org/competitiondocuments/pdf/7190593/AT-100-M-h--7--.RS1.pdf,https://worldathletics.org/competitions/world-athletics-championships/world-athletics-championships-tokyo-2025-7190593/results/men/100-metres/round-1/result,2026-09-29T06:03:36Z,,,,,1,1.974,True,True,,0,
WCH2025-100m-M-SF-H1,WCH,2025,100m,M,SF,1,2025-09-14,20:45,20:46,Asia/Tokyo,8,8,8,0.1,0,0,0,0,,0,,Seiko,Semi-Finals,49253,First 2 of each heat (Q) plus 2 fastest times (q) qualify to Final,https://media.aws.iaaf.org/competitiondocuments/waveform/7190593/M_100_sf_1.jpg,,https://media.aws.iaaf.org/competitiondocuments/photofinish/7190593/M_100_sf_1.jpg,https://media.aws.iaaf.org/competitiondocuments/pdf/7190593/AT-100-M-sf----.RS6.pdf,https://media.aws.iaaf.org/competitiondocuments/pdf/7190593/AT-100-M-sf--1--.RS1.pdf,https://worldathletics.org/competitions/world-athletics-championships/world-athletics-championships-tokyo-2025-7190593/results/men/100-metres/semi-finals/result,2026-09-29T06:03:40Z,,,,,1,1.343,True,True,,0,
WCH2025-100m-M-SF-H2,WCH,2025,100m,M,SF,2,2025-09-14,20:52,20:53,Asia/Tokyo,8,8,8,0.2,0,0,0,0,,0,,Seiko,Semi-Finals,49254,First 2 of each heat (Q) plus 2 fastest times (q) qualify to Final,https://media.aws.iaaf.org/competitiondocuments/waveform/7190593/M_100_sf_2.jpg,,https://media.aws.iaaf.org/competitiondocuments/photofinish/7190593/M_100_sf_2.jpg,https://media.aws.iaaf.org/competitiondocuments/pdf/7190593/AT-100-M-sf----.RS6.pdf,https://media.aws.iaaf.org/competitiondocuments/pdf/7190593/AT-100-M-sf--2--.RS1.pdf,https://worldathletics.org/competitions/world-athletics-championships/world-athletics-championships-tokyo-2025-7190593/results/men/100-metres/semi-finals/result,2026-09-29T06:03:40Z,,,,,1,1.504,True,True,,0,
WCH2025-100m-M-SF-H3,WCH,2025,100m,M,SF,3,2025-09-14,20:59,21:00,Asia/Tokyo,8,8,8,0.0,0,0,0,0,,1,"Y Andre DE GRASSE (lane 3): Y BIB 2152 (Andre DE GRASSE) - Improper conduct, disturbing the start / 不適切行為。スタート妨害。",Seiko,Semi-Finals,49255,First 2 of each heat (Q) plus 2 fastest times (q) qualify to Final,https://media.aws.iaaf.org/competitiondocuments/waveform/7190593/M_100_sf_3.jpg,,https://media.aws.iaaf.org/competitiondocuments/photofinish/7190593/M_100_sf_3.jpg,https://media.aws.iaaf.org/competitiondocuments/pdf/7190593/AT-100-M-sf----.RS6.pdf,https://media.aws.iaaf.org/competitiondocuments/pdf/7190593/AT-100-M-sf--3--.RS1.pdf,https://worldathletics.org/competitions/world-athletics-championships/world-athletics-championships-tokyo-2025-7190593/results/men/100-metres/semi-finals/result,2026-09-29T06:03:40Z,,,,"Y BIB 2152 (Andre DE GRASSE) - Improper conduct, disturbing the start / 不適切行為。スタート妨害。",2,1.952,True,True,,0,
WCH2025-100m-M-F-H1,WCH,2025,100m,M,F,1,2025-09-14,22:20,22:21,Asia/Tokyo,8,8,8,0.3,1,1,0,0,"Letsile TEBOGO (BOT, lane 8, FS, RT -0.317)",1,"Y Oblique SEVILLE (lane 7): Y BIB 2571 (Oblique SEVILLE) - Improper conduct, not complying with the clothing rules / 不適切行為。衣類規則違反。",Seiko,Final,49242,,https://media.aws.iaaf.org/competitiondocuments/waveform/7190593/M_100_f_1.jpg,,https://media.aws.iaaf.org/competitiondocuments/photofinish/7190593/M_100_f_1.jpg,https://media.aws.iaaf.org/competitiondocuments/pdf/7190593/AT-100-M-f----.RS6.pdf,,https://worldathletics.org/competitions/world-athletics-championships/world-athletics-championships-tokyo-2025-7190593/results/men/100-metres/final/result,2026-09-29T06:03:32Z,0.3,29.0,74.0,"WA Rule TR16.8 - False start / 不正スタート | Y BIB 2571 (Oblique SEVILLE) - Improper conduct, not complying with the clothing rules / 不適切行為。衣類規則違反。",2,1.81,True,True,,0,
WCH2025-100m-W-R1-H1,WCH,2025,100m,W,R1,1,2025-09-13,18:55,18:55,Asia/Tokyo,9,9,9,-0.9,0,0,0,0,,0,,Seiko,Round 1,49376,First 3 of each heat (Q) plus 3 fastest times (q) qualify to Semi-Final,https://media.aws.iaaf.org/competitiondocuments/waveform/7190593/W_100_h_1.jpg,,https://media.aws.iaaf.org/competitiondocuments/photofinish/7190593/W_100_h_1.jpg,https://media.aws.iaaf.org/competitiondocuments/pdf/7190593/AT-100-W-h----.RS6.pdf,https://media.aws.iaaf.org/competitiondocuments/pdf/7190593/AT-100-W-h--1--.RS1.pdf,https://worldathletics.org/competitions/world-athletics-championships/world-athletics-championships-tokyo-2025-7190593/results/women/100-metres/round-1/result,2026-09-29T06:03:46Z,,,,,1,,False,True,ready time missing/out of range,0,
WCH2025-100m-W-R1-H2,WCH,2025,100m,W,R1,2,2025-09-13,19:02,19:02,Asia/Tokyo,9,9,9,-0.4,0,0,0,0,,0,,Seiko,Round 1,49377,First 3 of each heat (Q) plus 3 fastest times (q) qualify to Semi-Final,https://media.aws.iaaf.org/competitiondocuments/waveform/7190593/W_100_h_2.jpg,,https://media.aws.iaaf.org/competitiondocuments/photofinish/7190593/W_100_h_2.jpg,https://media.aws.iaaf.org/competitiondocuments/pdf/7190593/AT-100-W-h----.RS6.pdf,https://media.aws.iaaf.org/competitiondocuments/pdf/7190593/AT-100-W-h--2--.RS1.pdf,https://worldathletics.org/competitions/world-athletics-championships/world-athletics-championships-tokyo-2025-7190593/results/women/100-metres/round-1/result,2026-09-29T06:03:46Z,,,,,1,1.76,True,True,,0,
WCH2025-100m-W-R1-H3,WCH,2025,100m,W,R1,3,2025-09-13,19:09,19:09,Asia/Tokyo,8,8,8,-0.8,0,0,0,0,,0,,Seiko,Round 1,49378,First 3 of each heat (Q) plus 3 fastest times (q) qualify to Semi-Final,https://media.aws.iaaf.org/competitiondocuments/waveform/7190593/W_100_h_3.jpg,,https://media.aws.iaaf.org/competitiondocuments/photofinish/7190593/W_100_h_3.jpg,https://media.aws.iaaf.org/competitiondocuments/pdf/7190593/AT-100-W-h----.RS6.pdf,https://media.aws.iaaf.org/competitiondocuments/pdf/7190593/AT-100-W-h--3--.RS1.pdf,https://worldathletics.org/competitions/world-athletics-championships/world-athletics-championships-tokyo-2025-7190593/results/women/100-metres/round-1/result,2026-09-29T06:03:46Z,,,,,1,1.667,True,True,,0,
WCH2025-100m-W-R1-H4,WCH,2025,100m,W,R1,4,2025-09-13,19:16,19:16,Asia/Tokyo,9,9,9,0.0,0,0,0,0,,0,,Seiko,Round 1,49379,First 3 of each heat (Q) plus 3 fastest times (q) qualify to Semi-Final,https://media.aws.iaaf.org/competitiondocuments/waveform/7190593/W_100_h_4.jpg,,https://media.aws.iaaf.org/competitiondocuments/photofinish/7190593/W_100_h_4.jpg,https://media.aws.iaaf.org/competitiondocuments/pdf/7190593/AT-100-W-h----.RS6.pdf,https://media.aws.iaaf.org/competitiondocuments/pdf/7190593/AT-100-W-h--4--.RS1.pdf,https://worldathletics.org/competitions/world-athletics-championships/world-athletics-championships-tokyo-2025-7190593/results/women/100-metres/round-1/result,2026-09-29T06:03:46Z,,,,,1,1.169,True,True,,0,
WCH2025-100m-W-R1-H5,WCH,2025,100m,W,R1,5,2025-09-13,19:23,19:23,Asia/Tokyo,9,8,8,0.5,0,0,1,0,,0,,Seiko,Round 1,49380,First 3 of each heat (Q) plus 3 fastest times (q) qualify to Semi-Final,https://media.aws.iaaf.org/competitiondocuments/waveform/7190593/W_100_h_5.jpg,,https://media.aws.iaaf.org/competitiondocuments/photofinish/7190593/W_100_h_5.jpg,https://media.aws.iaaf.org/competitiondocuments/pdf/7190593/AT-100-W-h----.RS6.pdf,https://media.aws.iaaf.org/competitiondocuments/pdf/7190593/AT-100-W-h--5--.RS1.pdf,https://worldathletics.org/competitions/world-athletics-championships/world-athletics-championships-tokyo-2025-7190593/results/women/100-metres/round-1/result,2026-09-29T06:03:46Z,,,,,1,1.868,True,True,,0,
WCH2025-100m-W-R1-H6,WCH,2025,100m,W,R1,6,2025-09-13,19:30,19:30,Asia/Tokyo,9,9,9,-0.1,0,0,0,0,,0,,Seiko,Round 1,49381,First 3 of each heat (Q) plus 3 fastest times (q) qualify to Semi-Final,https://media.aws.iaaf.org/competitiondocuments/waveform/7190593/W_100_h_6.jpg,,https://media.aws.iaaf.org/competitiondocuments/photofinish/7190593/W_100_h_6.jpg,https://media.aws.iaaf.org/competitiondocuments/pdf/7190593/AT-100-W-h----.RS6.pdf,https://media.aws.iaaf.org/competitiondocuments/pdf/7190593/AT-100-W-h--6--.RS1.pdf,https://worldathletics.org/competitions/world-athletics-championships/world-athletics-championships-tokyo-2025-7190593/results/women/100-metres/round-1/result,2026-09-29T06:03:46Z,,,,,1,1.21,True,True,,0,
WCH2025-100m-W-R1-H7,WCH,2025,100m,W,R1,7,2025-09-13,19:37,19:37,Asia/Tokyo,8,8,8,-0.4,0,0,0,0,,0,,Seiko,Round 1,49382,First 3 of each heat (Q) plus 3 fastest times (q) qualify to Semi-Final,https://media.aws.iaaf.org/competitiondocuments/waveform/7190593/W_100_h_7.jpg,,https://media.aws.iaaf.org/competitiondocuments/photofinish/7190593/W_100_h_7.jpg,https://media.aws.iaaf.org/competitiondocuments/pdf/7190593/AT-100-W-h----.RS6.pdf,https://media.aws.iaaf.org/competitiondocuments/pdf/7190593/AT-100-W-h--7--.RS1.pdf,https://worldathletics.org/competitions/world-athletics-championships/world-athletics-championships-tokyo-2025-7190593/results/women/100-metres/round-1/result,2026-09-29T06:03:46Z,,,,,1,2.129,True,False,"hold > 2.0 s: 'set' marker outside the plot window, OCR value not cross-checked",0,
WCH2025-100m-W-SF-H1,WCH,2025,100m,W,SF,1,2025-09-14,20:20,20:21,Asia/Tokyo,8,8,8,-0.3,0,0,0,0,,0,,Seiko,Semi-Finals,49383,First 2 of each heat (Q) plus 2 fastest times (q) qualify to Final,https://media.aws.iaaf.org/competitiondocuments/waveform/7190593/W_100_sf_1.jpg,,https://media.aws.iaaf.org/competitiondocuments/photofinish/7190593/W_100_sf_1.jpg,https://media.aws.iaaf.org/competitiondocuments/pdf/7190593/AT-100-W-sf----.RS6.pdf,https://media.aws.iaaf.org/competitiondocuments/pdf/7190593/AT-100-W-sf--1--.RS1.pdf,https://worldathletics.org/competitions/world-athletics-championships/world-athletics-championships-tokyo-2025-7190593/results/women/100-metres/semi-finals/result,2026-09-29T06:03:48Z,,,,,2,,False,True,ready time missing/out of range,0,
WCH2025-100m-W-SF-H2,WCH,2025,100m,W,SF,2,2025-09-14,20:27,20:29,Asia/Tokyo,8,8,8,0.1,0,0,0,0,,0,,Seiko,Semi-Finals,49384,First 2 of each heat (Q) plus 2 fastest times (q) qualify to Final,https://media.aws.iaaf.org/competitiondocuments/waveform/7190593/W_100_sf_2.jpg,,https://media.aws.iaaf.org/competitiondocuments/photofinish/7190593/W_100_sf_2.jpg,https://media.aws.iaaf.org/competitiondocuments/pdf/7190593/AT-100-W-sf----.RS6.pdf,https://media.aws.iaaf.org/competitiondocuments/pdf/7190593/AT-100-W-sf--2--.RS1.pdf,https://worldathletics.org/competitions/world-athletics-championships/world-athletics-championships-tokyo-2025-7190593/results/women/100-metres/semi-finals/result,2026-09-29T06:03:48Z,,,,,1,1.414,True,True,,0,
WCH2025-100m-W-SF-H3,WCH,2025,100m,W,SF,3,2025-09-14,20:34,20:35,Asia/Tokyo,8,8,8,0.2,0,0,0,0,,0,,Seiko,Semi-Finals,49385,First 2 of each heat (Q) plus 2 fastest times (q) qualify to Final,https://media.aws.iaaf.org/competitiondocuments/waveform/7190593/W_100_sf_3.jpg,,https://media.aws.iaaf.org/competitiondocuments/photofinish/7190593/W_100_sf_3.jpg,https://media.aws.iaaf.org/competitiondocuments/pdf/7190593/AT-100-W-sf----.RS6.pdf,https://media.aws.iaaf.org/competitiondocuments/pdf/7190593/AT-100-W-sf--3--.RS1.pdf,https://worldathletics.org/competitions/world-athletics-championships/world-athletics-championships-tokyo-2025-7190593/results/women/100-metres/semi-finals/result,2026-09-29T06:03:48Z,,,,,1,1.661,True,True,,0,
WCH2025-100m-W-F-H1,WCH,2025,100m,W,F,1,2025-09-14,22:13,22:13,Asia/Tokyo,8,8,8,0.3,0,0,0,0,,0,,Seiko,Final,49375,,https://media.aws.iaaf.org/competitiondocuments/waveform/7190593/W_100_f_1.jpg,,https://media.aws.iaaf.org/competitiondocuments/photofinish/7190593/W_100_f_1.jpg,https://media.aws.iaaf.org/competitiondocuments/pdf/7190593/AT-100-W-f----.RS6.pdf,,https://worldathletics.org/competitions/world-athletics-championships/world-athletics-championships-tokyo-2025-7190593/results/women/100-metres/final/result,2026-09-29T06:03:42Z,0.3,29.0,74.0,,1,1.62,True,True,,0,
WCH2025-100mH-W-R1-H1,WCH,2025,100mH,W,R1,1,2025-09-14,11:05,11:05,Asia/Tokyo,7,7,7,0.2,0,0,0,0,,0,,Seiko,Round 1,49387,First 3 of each heat (Q) plus 6 fastest times (q) qualify to Semi-Final,https://media.aws.iaaf.org/competitiondocuments/waveform/7190593/W_100H_h_1.jpg,,https://media.aws.iaaf.org/competitiondocuments/photofinish/7190593/W_100H_h_1.jpg,https://media.aws.iaaf.org/competitiondocuments/pdf/7190593/AT-100H-W-h----.RS6.pdf,https://media.aws.iaaf.org/competitiondocuments/pdf/7190593/AT-100H-W-h--1--.RS1.pdf,https://worldathletics.org/competitions/world-athletics-championships/world-athletics-championships-tokyo-2025-7190593/results/women/100-metres-hurdles/round-1/result,2026-09-29T06:04:05Z,,,,,1,1.996,True,True,,0,
WCH2025-100mH-W-R1-H2,WCH,2025,100mH,W,R1,2,2025-09-14,11:12,11:12,Asia/Tokyo,8,8,8,0.0,0,0,0,0,,0,,Seiko,Round 1,49388,First 3 of each heat (Q) plus 6 fastest times (q) qualify to Semi-Final,https://media.aws.iaaf.org/competitiondocuments/waveform/7190593/W_100H_h_2.jpg,,https://media.aws.iaaf.org/competitiondocuments/photofinish/7190593/W_100H_h_2.jpg,https://media.aws.iaaf.org/competitiondocuments/pdf/7190593/AT-100H-W-h----.RS6.pdf,https://media.aws.iaaf.org/competitiondocuments/pdf/7190593/AT-100H-W-h--2--.RS1.pdf,https://worldathletics.org/competitions/world-athletics-championships/world-athletics-championships-tokyo-2025-7190593/results/women/100-metres-hurdles/round-1/result,2026-09-29T06:04:05Z,,,,,1,1.9,True,True,,0,
WCH2025-100mH-W-R1-H3,WCH,2025,100mH,W,R1,3,2025-09-14,11:19,11:19,Asia/Tokyo,8,7,7,-0.2,0,0,1,0,,0,,Seiko,Round 1,49389,First 3 of each heat (Q) plus 6 fastest times (q) qualify to Semi-Final,https://media.aws.iaaf.org/competitiondocuments/waveform/7190593/W_100H_h_3.jpg,,https://media.aws.iaaf.org/competitiondocuments/photofinish/7190593/W_100H_h_3.jpg,https://media.aws.iaaf.org/competitiondocuments/pdf/7190593/AT-100H-W-h----.RS6.pdf,https://media.aws.iaaf.org/competitiondocuments/pdf/7190593/AT-100H-W-h--3--.RS1.pdf,https://worldathletics.org/competitions/world-athletics-championships/world-athletics-championships-tokyo-2025-7190593/results/women/100-metres-hurdles/round-1/result,2026-09-29T06:04:05Z,,,,,1,2.088,True,False,"hold > 2.0 s: 'set' marker outside the plot window, OCR value not cross-checked",0,
WCH2025-100mH-W-R1-H4,WCH,2025,100mH,W,R1,4,2025-09-14,11:26,11:26,Asia/Tokyo,8,8,8,0.5,0,0,0,0,,0,,Seiko,Round 1,49390,First 3 of each heat (Q) plus 6 fastest times (q) qualify to Semi-Final,https://media.aws.iaaf.org/competitiondocuments/waveform/7190593/W_100H_h_4.jpg,,https://media.aws.iaaf.org/competitiondocuments/photofinish/7190593/W_100H_h_4.jpg,https://media.aws.iaaf.org/competitiondocuments/pdf/7190593/AT-100H-W-h----.RS6.pdf,https://media.aws.iaaf.org/competitiondocuments/pdf/7190593/AT-100H-W-h--4--.RS1.pdf,https://worldathletics.org/competitions/world-athletics-championships/world-athletics-championships-tokyo-2025-7190593/results/women/100-metres-hurdles/round-1/result,2026-09-29T06:04:05Z,,,,,1,1.856,True,True,,0,
WCH2025-100mH-W-R1-H5,WCH,2025,100mH,W,R1,5,2025-09-14,11:33,11:33,Asia/Tokyo,7,7,7,0.1,0,0,0,0,,0,,Seiko,Round 1,49391,First 3 of each heat (Q) plus 6 fastest times (q) qualify to Semi-Final,https://media.aws.iaaf.org/competitiondocuments/waveform/7190593/W_100H_h_5.jpg,,https://media.aws.iaaf.org/competitiondocuments/photofinish/7190593/W_100H_h_5.jpg,https://media.aws.iaaf.org/competitiondocuments/pdf/7190593/AT-100H-W-h----.RS6.pdf,https://media.aws.iaaf.org/competitiondocuments/pdf/7190593/AT-100H-W-h--5--.RS1.pdf,https://worldathletics.org/competitions/world-athletics-championships/world-athletics-championships-tokyo-2025-7190593/results/women/100-metres-hurdles/round-1/result,2026-09-29T06:04:05Z,,,,,1,1.349,True,True,,0,
WCH2025-100mH-W-R1-H6,WCH,2025,100mH,W,R1,6,2025-09-14,11:40,11:40,Asia/Tokyo,7,7,7,0.0,0,0,0,0,,0,,Seiko,Round 1,49392,First 3 of each heat (Q) plus 6 fastest times (q) qualify to Semi-Final,https://media.aws.iaaf.org/competitiondocuments/waveform/7190593/W_100H_h_6.jpg,,https://media.aws.iaaf.org/competitiondocuments/photofinish/7190593/W_100H_h_6.jpg,https://media.aws.iaaf.org/competitiondocuments/pdf/7190593/AT-100H-W-h----.RS6.pdf,https://media.aws.iaaf.org/competitiondocuments/pdf/7190593/AT-100H-W-h--6--.RS1.pdf,https://worldathletics.org/competitions/world-athletics-championships/world-athletics-championships-tokyo-2025-7190593/results/women/100-metres-hurdles/round-1/result,2026-09-29T06:04:05Z,,,,,1,1.661,True,True,,0,
WCH2025-100mH-W-SF-H1,WCH,2025,100mH,W,SF,1,2025-09-15,21:06,21:05,Asia/Tokyo,8,8,8,-0.5,1,1,0,0,"Lotta HARALA (FIN, lane 9, FS, RT -0.361)",0,,Seiko,Semi-Finals,49393,First 2 of each heat (Q) plus 2 fastest times (q) qualify to Final,https://media.aws.iaaf.org/competitiondocuments/waveform/7190593/W_100H_sf_1.jpg,,https://media.aws.iaaf.org/competitiondocuments/photofinish/7190593/W_100H_sf_1.jpg,https://media.aws.iaaf.org/competitiondocuments/pdf/7190593/AT-100H-W-sf----.RS6.pdf,https://media.aws.iaaf.org/competitiondocuments/pdf/7190593/AT-100H-W-sf--1--.RS1.pdf,https://worldathletics.org/competitions/world-athletics-championships/world-athletics-championships-tokyo-2025-7190593/results/women/100-metres-hurdles/semi-finals/result,2026-09-29T06:04:07Z,,,,WA Rule TR16.8 - False start / 不正スタート,2,1.668,True,True,,0,
WCH2025-100mH-W-SF-H2,WCH,2025,100mH,W,SF,2,2025-09-15,21:13,21:13,Asia/Tokyo,8,8,8,-0.2,0,0,0,0,,0,,Seiko,Semi-Finals,49394,First 2 of each heat (Q) plus 2 fastest times (q) qualify to Final,https://media.aws.iaaf.org/competitiondocuments/waveform/7190593/W_100H_sf_2.jpg,,https://media.aws.iaaf.org/competitiondocuments/photofinish/7190593/W_100H_sf_2.jpg,https://media.aws.iaaf.org/competitiondocuments/pdf/7190593/AT-100H-W-sf----.RS6.pdf,https://media.aws.iaaf.org/competitiondocuments/pdf/7190593/AT-100H-W-sf--2--.RS1.pdf,https://worldathletics.org/competitions/world-athletics-championships/world-athletics-championships-tokyo-2025-7190593/results/women/100-metres-hurdles/semi-finals/result,2026-09-29T06:04:07Z,,,,,1,1.266,True,True,,0,
WCH2025-100mH-W-SF-H3,WCH,2025,100mH,W,SF,3,2025-09-15,21:20,21:19,Asia/Tokyo,8,8,8,0.2,0,1,0,0,"Marione FOURIE (RSA, lane 4, DQ, RT 0.178)",0,,Seiko,Semi-Finals,49395,First 2 of each heat (Q) plus 2 fastest times (q) qualify to Final,https://media.aws.iaaf.org/competitiondocuments/waveform/7190593/W_100H_sf_3.jpg,https://media.aws.iaaf.org/competitiondocuments/OfficiatingVideos/7190593/W_100H_sf_3.mp4,https://media.aws.iaaf.org/competitiondocuments/photofinish/7190593/W_100H_sf_3.jpg,https://media.aws.iaaf.org/competitiondocuments/pdf/7190593/AT-100H-W-sf----.RS6.pdf,https://media.aws.iaaf.org/competitiondocuments/pdf/7190593/AT-100H-W-sf--3--.RS1.pdf,https://worldathletics.org/competitions/world-athletics-championships/world-athletics-championships-tokyo-2025-7190593/results/women/100-metres-hurdles/semi-finals/result,2026-09-29T06:04:07Z,,,,WA Rule TR22.6.2[K] - Knocking down a hurdle in an illegal way / 手や体、振り上げ脚の前側でハードルを倒す,1,1.578,True,True,,0,
WCH2025-100mH-W-F-H1,WCH,2025,100mH,W,F,1,2025-09-15,22:20,22:21,Asia/Tokyo,8,8,8,-0.1,0,0,0,0,,0,,Seiko,Final,49386,,https://media.aws.iaaf.org/competitiondocuments/waveform/7190593/W_100H_f_1.jpg,,https://media.aws.iaaf.org/competitiondocuments/photofinish/7190593/W_100H_f_1.jpg,https://media.aws.iaaf.org/competitiondocuments/pdf/7190593/AT-100H-W-f----.RS6.pdf,,https://worldathletics.org/competitions/world-athletics-championships/world-athletics-championships-tokyo-2025-7190593/results/women/100-metres-hurdles/final/result,2026-09-29T06:03:58Z,-0.1,28.0,73.0,,1,1.681,True,True,,0,
WCH2025-110mH-M-R1-H1,WCH,2025,110mH,M,R1,1,2025-09-15,20:23,20:23,Asia/Tokyo,8,8,8,-0.6,0,0,0,0,,0,,Seiko,Round 1,49261,First 4 of each heat (Q) plus 4 fastest times (q) qualify to Semi-Final,https://media.aws.iaaf.org/competitiondocuments/waveform/7190593/M_110H_h_1.jpg,,https://media.aws.iaaf.org/competitiondocuments/photofinish/7190593/M_110H_h_1.jpg,https://media.aws.iaaf.org/competitiondocuments/pdf/7190593/AT-110H-M-h----.RS6.pdf,https://media.aws.iaaf.org/competitiondocuments/pdf/7190593/AT-110H-M-h--1--.RS1.pdf,https://worldathletics.org/competitions/world-athletics-championships/world-athletics-championships-tokyo-2025-7190593/results/men/110-metres-hurdles/round-1/result,2026-09-29T06:03:54Z,,,,,1,2.301,True,False,"hold > 2.0 s: 'set' marker outside the plot window, OCR value not cross-checked",0,
WCH2025-110mH-M-R1-H2,WCH,2025,110mH,M,R1,2,2025-09-15,20:30,20:30,Asia/Tokyo,8,8,8,-0.2,0,0,0,0,,0,,Seiko,Round 1,49262,First 4 of each heat (Q) plus 4 fastest times (q) qualify to Semi-Final,https://media.aws.iaaf.org/competitiondocuments/waveform/7190593/M_110H_h_2.jpg,,https://media.aws.iaaf.org/competitiondocuments/photofinish/7190593/M_110H_h_2.jpg,https://media.aws.iaaf.org/competitiondocuments/pdf/7190593/AT-110H-M-h----.RS6.pdf,https://media.aws.iaaf.org/competitiondocuments/pdf/7190593/AT-110H-M-h--2--.RS1.pdf,https://worldathletics.org/competitions/world-athletics-championships/world-athletics-championships-tokyo-2025-7190593/results/men/110-metres-hurdles/round-1/result,2026-09-29T06:03:54Z,,,,,1,1.681,True,True,,0,
WCH2025-110mH-M-R1-H3,WCH,2025,110mH,M,R1,3,2025-09-15,20:37,20:37,Asia/Tokyo,8,8,8,-0.6,0,0,0,0,,0,,Seiko,Round 1,49263,First 4 of each heat (Q) plus 4 fastest times (q) qualify to Semi-Final,https://media.aws.iaaf.org/competitiondocuments/waveform/7190593/M_110H_h_3.jpg,,https://media.aws.iaaf.org/competitiondocuments/photofinish/7190593/M_110H_h_3.jpg,https://media.aws.iaaf.org/competitiondocuments/pdf/7190593/AT-110H-M-h----.RS6.pdf,https://media.aws.iaaf.org/competitiondocuments/pdf/7190593/AT-110H-M-h--3--.RS1.pdf,https://worldathletics.org/competitions/world-athletics-championships/world-athletics-championships-tokyo-2025-7190593/results/men/110-metres-hurdles/round-1/result,2026-09-29T06:03:54Z,,,,,1,1.691,True,True,,0,
WCH2025-110mH-M-R1-H4,WCH,2025,110mH,M,R1,4,2025-09-15,20:44,20:45,Asia/Tokyo,9,9,9,0.0,0,0,0,0,,0,,Seiko,Round 1,49264,First 4 of each heat (Q) plus 4 fastest times (q) qualify to Semi-Final,https://media.aws.iaaf.org/competitiondocuments/waveform/7190593/M_110H_h_4.jpg,,https://media.aws.iaaf.org/competitiondocuments/photofinish/7190593/M_110H_h_4.jpg,https://media.aws.iaaf.org/competitiondocuments/pdf/7190593/AT-110H-M-h----.RS6.pdf,https://media.aws.iaaf.org/competitiondocuments/pdf/7190593/AT-110H-M-h--4--.RS1.pdf,https://worldathletics.org/competitions/world-athletics-championships/world-athletics-championships-tokyo-2025-7190593/results/men/110-metres-hurdles/round-1/result,2026-09-29T06:03:54Z,,,,,1,1.981,True,True,,0,
WCH2025-110mH-M-R1-H5,WCH,2025,110mH,M,R1,5,2025-09-15,20:51,20:52,Asia/Tokyo,9,9,9,-0.3,0,0,0,0,,0,,Seiko,Round 1,49265,First 4 of each heat (Q) plus 4 fastest times (q) qualify to Semi-Final,https://media.aws.iaaf.org/competitiondocuments/waveform/7190593/M_110H_h_5.jpg,,https://media.aws.iaaf.org/competitiondocuments/photofinish/7190593/M_110H_h_5.jpg,https://media.aws.iaaf.org/competitiondocuments/pdf/7190593/AT-110H-M-h----.RS6.pdf,https://media.aws.iaaf.org/competitiondocuments/pdf/7190593/AT-110H-M-h--5--.RS1.pdf,https://worldathletics.org/competitions/world-athletics-championships/world-athletics-championships-tokyo-2025-7190593/results/men/110-metres-hurdles/round-1/result,2026-09-29T06:03:54Z,,,,,1,1.621,True,True,,0,
WCH2025-110mH-M-SF-H1,WCH,2025,110mH,M,SF,1,2025-09-16,20:40,20:41,Asia/Tokyo,8,8,8,-0.8,0,0,0,1,,0,,Seiko,Semi-Finals,49266,First 2 of each heat (Q) plus 2 fastest times (q) qualify to Final,https://media.aws.iaaf.org/competitiondocuments/waveform/7190593/M_110H_sf_1.jpg,,https://media.aws.iaaf.org/competitiondocuments/photofinish/7190593/M_110H_sf_1.jpg,https://media.aws.iaaf.org/competitiondocuments/pdf/7190593/AT-110H-M-sf----.RS6.pdf,https://media.aws.iaaf.org/competitiondocuments/pdf/7190593/AT-110H-M-sf--1--.RS1.pdf,https://worldathletics.org/competitions/world-athletics-championships/world-athletics-championships-tokyo-2025-7190593/results/men/110-metres-hurdles/semi-finals/result,2026-09-29T06:03:55Z,,,,,1,1.984,True,True,,0,
WCH2025-110mH-M-SF-H2,WCH,2025,110mH,M,SF,2,2025-09-16,20:47,20:46,Asia/Tokyo,8,8,8,-0.5,0,0,0,0,,0,,Seiko,Semi-Finals,49267,First 2 of each heat (Q) plus 2 fastest times (q) qualify to Final,https://media.aws.iaaf.org/competitiondocuments/waveform/7190593/M_110H_sf_2.jpg,,https://media.aws.iaaf.org/competitiondocuments/photofinish/7190593/M_110H_sf_2.jpg,https://media.aws.iaaf.org/competitiondocuments/pdf/7190593/AT-110H-M-sf----.RS6.pdf,https://media.aws.iaaf.org/competitiondocuments/pdf/7190593/AT-110H-M-sf--2--.RS1.pdf,https://worldathletics.org/competitions/world-athletics-championships/world-athletics-championships-tokyo-2025-7190593/results/men/110-metres-hurdles/semi-finals/result,2026-09-29T06:03:55Z,,,,,1,1.54,True,True,,0,
WCH2025-110mH-M-SF-H3,WCH,2025,110mH,M,SF,3,2025-09-16,20:54,20:53,Asia/Tokyo,8,7,7,-0.1,0,0,1,1,,0,,Seiko,Semi-Finals,49268,First 2 of each heat (Q) plus 2 fastest times (q) qualify to Final,https://media.aws.iaaf.org/competitiondocuments/waveform/7190593/M_110H_sf_3.jpg,,https://media.aws.iaaf.org/competitiondocuments/photofinish/7190593/M_110H_sf_3.jpg,https://media.aws.iaaf.org/competitiondocuments/pdf/7190593/AT-110H-M-sf----.RS6.pdf,https://media.aws.iaaf.org/competitiondocuments/pdf/7190593/AT-110H-M-sf--3--.RS1.pdf,https://worldathletics.org/competitions/world-athletics-championships/world-athletics-championships-tokyo-2025-7190593/results/men/110-metres-hurdles/semi-finals/result,2026-09-29T06:03:55Z,,,,,1,1.426,True,True,,0,
WCH2025-110mH-M-F-H1,WCH,2025,110mH,M,F,1,2025-09-16,22:20,22:23,Asia/Tokyo,8,8,8,-0.3,0,0,0,1,,0,,Seiko,Final,49260,,https://media.aws.iaaf.org/competitiondocuments/waveform/7190593/M_110H_f_1.jpg,,https://media.aws.iaaf.org/competitiondocuments/photofinish/7190593/M_110H_f_1.jpg,https://media.aws.iaaf.org/competitiondocuments/pdf/7190593/AT-110H-M-f----.RS6.pdf,,https://worldathletics.org/competitions/world-athletics-championships/world-athletics-championships-tokyo-2025-7190593/results/men/110-metres-hurdles/final/result,2026-09-29T06:03:49Z,-0.3,28.0,79.0,,1,1.384,True,True,,0,
WCH2025-200m-M-R1-H1,WCH,2025,200m,M,R1,1,2025-09-17,20:15,20:15,Asia/Tokyo,8,8,8,-0.2,0,0,0,0,,0,,Seiko,Round 1,49281,First 3 of each heat (Q) plus 6 fastest times (q) qualify to Semi-Final,https://media.aws.iaaf.org/competitiondocuments/waveform/7190593/M_200_h_1.jpg,,https://media.aws.iaaf.org/competitiondocuments/photofinish/7190593/M_200_h_1.jpg,https://media.aws.iaaf.org/competitiondocuments/pdf/7190593/AT-200-M-h----.RS6.pdf,https://media.aws.iaaf.org/competitiondocuments/pdf/7190593/AT-200-M-h--1--.RS1.pdf,https://worldathletics.org/competitions/world-athletics-championships/world-athletics-championships-tokyo-2025-7190593/results/men/200-metres/round-1/result,2026-09-29T08:51:00Z,,,,,1,1.84,True,True,,0,
WCH2025-200m-M-R1-H2,WCH,2025,200m,M,R1,2,2025-09-17,20:22,20:22,Asia/Tokyo,8,8,8,-0.5,0,0,0,0,,0,,Seiko,Round 1,49282,First 3 of each heat (Q) plus 6 fastest times (q) qualify to Semi-Final,https://media.aws.iaaf.org/competitiondocuments/waveform/7190593/M_200_h_2.jpg,,https://media.aws.iaaf.org/competitiondocuments/photofinish/7190593/M_200_h_2.jpg,https://media.aws.iaaf.org/competitiondocuments/pdf/7190593/AT-200-M-h----.RS6.pdf,https://media.aws.iaaf.org/competitiondocuments/pdf/7190593/AT-200-M-h--2--.RS1.pdf,https://worldathletics.org/competitions/world-athletics-championships/world-athletics-championships-tokyo-2025-7190593/results/men/200-metres/round-1/result,2026-09-29T08:51:00Z,,,,,1,1.904,True,True,,0,
WCH2025-200m-M-R1-H3,WCH,2025,200m,M,R1,3,2025-09-17,20:29,20:29,Asia/Tokyo,9,9,9,-0.3,0,0,0,0,,0,,Seiko,Round 1,49283,First 3 of each heat (Q) plus 6 fastest times (q) qualify to Semi-Final,https://media.aws.iaaf.org/competitiondocuments/waveform/7190593/M_200_h_3.jpg,,https://media.aws.iaaf.org/competitiondocuments/photofinish/7190593/M_200_h_3.jpg,https://media.aws.iaaf.org/competitiondocuments/pdf/7190593/AT-200-M-h----.RS6.pdf,https://media.aws.iaaf.org/competitiondocuments/pdf/7190593/AT-200-M-h--3--.RS1.pdf,https://worldathletics.org/competitions/world-athletics-championships/world-athletics-championships-tokyo-2025-7190593/results/men/200-metres/round-1/result,2026-09-29T08:51:00Z,,,,,2,1.768,True,True,,0,
WCH2025-200m-M-R1-H4,WCH,2025,200m,M,R1,4,2025-09-17,20:36,20:37,Asia/Tokyo,9,8,8,0.1,0,0,1,0,,0,,Seiko,Round 1,49284,First 3 of each heat (Q) plus 6 fastest times (q) qualify to Semi-Final,https://media.aws.iaaf.org/competitiondocuments/waveform/7190593/M_200_h_4.jpg,,https://media.aws.iaaf.org/competitiondocuments/photofinish/7190593/M_200_h_4.jpg,https://media.aws.iaaf.org/competitiondocuments/pdf/7190593/AT-200-M-h----.RS6.pdf,https://media.aws.iaaf.org/competitiondocuments/pdf/7190593/AT-200-M-h--4--.RS1.pdf,https://worldathletics.org/competitions/world-athletics-championships/world-athletics-championships-tokyo-2025-7190593/results/men/200-metres/round-1/result,2026-09-29T08:51:00Z,,,,,1,1.87,True,True,,0,
WCH2025-200m-M-R1-H5,WCH,2025,200m,M,R1,5,2025-09-17,20:43,20:43,Asia/Tokyo,9,9,9,-0.1,0,0,0,0,,0,,Seiko,Round 1,49285,First 3 of each heat (Q) plus 6 fastest times (q) qualify to Semi-Final,https://media.aws.iaaf.org/competitiondocuments/waveform/7190593/M_200_h_5.jpg,,https://media.aws.iaaf.org/competitiondocuments/photofinish/7190593/M_200_h_5.jpg,https://media.aws.iaaf.org/competitiondocuments/pdf/7190593/AT-200-M-h----.RS6.pdf,https://media.aws.iaaf.org/competitiondocuments/pdf/7190593/AT-200-M-h--5--.RS1.pdf,https://worldathletics.org/competitions/world-athletics-championships/world-athletics-championships-tokyo-2025-7190593/results/men/200-metres/round-1/result,2026-09-29T08:51:00Z,,,,,1,1.473,True,True,,0,
WCH2025-200m-M-R1-H6,WCH,2025,200m,M,R1,6,2025-09-17,20:50,20:54,Asia/Tokyo,9,9,9,0.0,0,0,0,0,,0,,Seiko,Round 1,49286,First 3 of each heat (Q) plus 6 fastest times (q) qualify to Semi-Final,https://media.aws.iaaf.org/competitiondocuments/waveform/7190593/M_200_h_6.jpg,,https://media.aws.iaaf.org/competitiondocuments/photofinish/7190593/M_200_h_6.jpg,https://media.aws.iaaf.org/competitiondocuments/pdf/7190593/AT-200-M-h----.RS6.pdf,https://media.aws.iaaf.org/competitiondocuments/pdf/7190593/AT-200-M-h--6--.RS1.pdf,https://worldathletics.org/competitions/world-athletics-championships/world-athletics-championships-tokyo-2025-7190593/results/men/200-metres/round-1/result,2026-09-29T08:51:00Z,,,,,1,1.762,True,True,,0,
WCH2025-200m-M-SF-H1,WCH,2025,200m,M,SF,1,2025-09-18,21:02,21:02,Asia/Tokyo,8,8,8,-0.1,0,0,0,0,,0,,Seiko,Semi-Finals,49287,First 2 of each heat (Q) plus 2 fastest times (q) qualify to Final,https://media.aws.iaaf.org/competitiondocuments/waveform/7190593/M_200_sf_1.jpg,,https://media.aws.iaaf.org/competitiondocuments/photofinish/7190593/M_200_sf_1.jpg,https://media.aws.iaaf.org/competitiondocuments/pdf/7190593/AT-200-M-sf----.RS6.pdf,https://media.aws.iaaf.org/competitiondocuments/pdf/7190593/AT-200-M-sf--1--.RS1.pdf,https://worldathletics.org/competitions/world-athletics-championships/world-athletics-championships-tokyo-2025-7190593/results/men/200-metres/semi-finals/result,2026-09-29T08:51:04Z,,,,,1,1.72,True,True,,0,
WCH2025-200m-M-SF-H2,WCH,2025,200m,M,SF,2,2025-09-18,21:09,21:08,Asia/Tokyo,8,8,8,0.0,0,0,0,0,,0,,Seiko,Semi-Finals,49288,First 2 of each heat (Q) plus 2 fastest times (q) qualify to Final,https://media.aws.iaaf.org/competitiondocuments/waveform/7190593/M_200_sf_2.jpg,,https://media.aws.iaaf.org/competitiondocuments/photofinish/7190593/M_200_sf_2.jpg,https://media.aws.iaaf.org/competitiondocuments/pdf/7190593/AT-200-M-sf----.RS6.pdf,https://media.aws.iaaf.org/competitiondocuments/pdf/7190593/AT-200-M-sf--2--.RS1.pdf,https://worldathletics.org/competitions/world-athletics-championships/world-athletics-championships-tokyo-2025-7190593/results/men/200-metres/semi-finals/result,2026-09-29T08:51:04Z,,,,,1,1.829,True,True,,0,
WCH2025-200m-M-SF-H3,WCH,2025,200m,M,SF,3,2025-09-18,21:16,21:16,Asia/Tokyo,8,8,8,1.0,0,0,0,0,,0,,Seiko,Semi-Finals,49289,First 2 of each heat (Q) plus 2 fastest times (q) qualify to Final,https://media.aws.iaaf.org/competitiondocuments/waveform/7190593/M_200_sf_3.jpg,,https://media.aws.iaaf.org/competitiondocuments/photofinish/7190593/M_200_sf_3.jpg,https://media.aws.iaaf.org/competitiondocuments/pdf/7190593/AT-200-M-sf----.RS6.pdf,https://media.aws.iaaf.org/competitiondocuments/pdf/7190593/AT-200-M-sf--3--.RS1.pdf,https://worldathletics.org/competitions/world-athletics-championships/world-athletics-championships-tokyo-2025-7190593/results/men/200-metres/semi-finals/result,2026-09-29T08:51:04Z,,,,,1,1.665,True,True,,0,
WCH2025-200m-M-F-H1,WCH,2025,200m,M,F,1,2025-09-19,22:06,22:06,Asia/Tokyo,8,8,8,0.0,0,0,0,0,,0,,Seiko,Final,49280,,https://media.aws.iaaf.org/competitiondocuments/waveform/7190593/M_200_f_1.jpg,,https://media.aws.iaaf.org/competitiondocuments/photofinish/7190593/M_200_f_1.jpg,https://media.aws.iaaf.org/competitiondocuments/pdf/7190593/AT-200-M-f----.RS6.pdf,,https://worldathletics.org/competitions/world-athletics-championships/world-athletics-championships-tokyo-2025-7190593/results/men/200-metres/final/result,2026-09-29T08:50:59Z,0.0,23.0,70.0,,1,1.256,True,True,,0,
WCH2025-200m-W-R1-H1,WCH,2025,200m,W,R1,1,2025-09-17,19:30,19:30,Asia/Tokyo,8,8,8,0.1,0,0,0,0,,0,,Seiko,Round 1,49408,First 3 of each heat (Q) plus 6 fastest times (q) qualify to Semi-Final,https://media.aws.iaaf.org/competitiondocuments/waveform/7190593/W_200_h_1.jpg,,https://media.aws.iaaf.org/competitiondocuments/photofinish/7190593/W_200_h_1.jpg,https://media.aws.iaaf.org/competitiondocuments/pdf/7190593/AT-200-W-h----.RS6.pdf,https://media.aws.iaaf.org/competitiondocuments/pdf/7190593/AT-200-W-h--1--.RS1.pdf,https://worldathletics.org/competitions/world-athletics-championships/world-athletics-championships-tokyo-2025-7190593/results/women/200-metres/round-1/result,2026-09-29T08:51:09Z,,,,,1,1.824,True,True,,0,
WCH2025-200m-W-R1-H2,WCH,2025,200m,W,R1,2,2025-09-17,19:37,19:37,Asia/Tokyo,8,8,8,-0.3,0,0,0,0,,0,,Seiko,Round 1,49409,First 3 of each heat (Q) plus 6 fastest times (q) qualify to Semi-Final,https://media.aws.iaaf.org/competitiondocuments/waveform/7190593/W_200_h_2.jpg,,https://media.aws.iaaf.org/competitiondocuments/photofinish/7190593/W_200_h_2.jpg,https://media.aws.iaaf.org/competitiondocuments/pdf/7190593/AT-200-W-h----.RS6.pdf,https://media.aws.iaaf.org/competitiondocuments/pdf/7190593/AT-200-W-h--2--.RS1.pdf,https://worldathletics.org/competitions/world-athletics-championships/world-athletics-championships-tokyo-2025-7190593/results/women/200-metres/round-1/result,2026-09-29T08:51:09Z,,,,,1,1.661,True,True,,0,
WCH2025-200m-W-R1-H3,WCH,2025,200m,W,R1,3,2025-09-17,19:44,19:44,Asia/Tokyo,8,7,7,-0.2,0,0,1,0,,0,,Seiko,Round 1,49410,First 3 of each heat (Q) plus 6 fastest times (q) qualify to Semi-Final,https://media.aws.iaaf.org/competitiondocuments/waveform/7190593/W_200_h_3.jpg,,https://media.aws.iaaf.org/competitiondocuments/photofinish/7190593/W_200_h_3.jpg,https://media.aws.iaaf.org/competitiondocuments/pdf/7190593/AT-200-W-h----.RS6.pdf,https://media.aws.iaaf.org/competitiondocuments/pdf/7190593/AT-200-W-h--3--.RS1.pdf,https://worldathletics.org/competitions/world-athletics-championships/world-athletics-championships-tokyo-2025-7190593/results/women/200-metres/round-1/result,2026-09-29T08:51:09Z,,,,,1,1.904,True,True,,0,
WCH2025-200m-W-R1-H4,WCH,2025,200m,W,R1,4,2025-09-17,19:51,19:51,Asia/Tokyo,8,8,8,0.1,0,0,0,0,,0,,Seiko,Round 1,49411,First 3 of each heat (Q) plus 6 fastest times (q) qualify to Semi-Final,https://media.aws.iaaf.org/competitiondocuments/waveform/7190593/W_200_h_4.jpg,,https://media.aws.iaaf.org/competitiondocuments/photofinish/7190593/W_200_h_4.jpg,https://media.aws.iaaf.org/competitiondocuments/pdf/7190593/AT-200-W-h----.RS6.pdf,https://media.aws.iaaf.org/competitiondocuments/pdf/7190593/AT-200-W-h--4--.RS1.pdf,https://worldathletics.org/competitions/world-athletics-championships/world-athletics-championships-tokyo-2025-7190593/results/women/200-metres/round-1/result,2026-09-29T08:51:09Z,,,,,1,1.903,True,True,,0,
WCH2025-200m-W-R1-H5,WCH,2025,200m,W,R1,5,2025-09-17,19:58,19:58,Asia/Tokyo,8,8,8,0.0,0,0,0,0,,0,,Seiko,Round 1,49412,First 3 of each heat (Q) plus 6 fastest times (q) qualify to Semi-Final,https://media.aws.iaaf.org/competitiondocuments/waveform/7190593/W_200_h_5.jpg,,https://media.aws.iaaf.org/competitiondocuments/photofinish/7190593/W_200_h_5.jpg,https://media.aws.iaaf.org/competitiondocuments/pdf/7190593/AT-200-W-h----.RS6.pdf,https://media.aws.iaaf.org/competitiondocuments/pdf/7190593/AT-200-W-h--5--.RS1.pdf,https://worldathletics.org/competitions/world-athletics-championships/world-athletics-championships-tokyo-2025-7190593/results/women/200-metres/round-1/result,2026-09-29T08:51:09Z,,,,,1,1.65,True,True,,0,
WCH2025-200m-W-R1-H6,WCH,2025,200m,W,R1,6,2025-09-17,20:05,20:05,Asia/Tokyo,8,8,8,0.0,0,0,0,0,,0,,Seiko,Round 1,49413,First 3 of each heat (Q) plus 6 fastest times (q) qualify to Semi-Final,https://media.aws.iaaf.org/competitiondocuments/waveform/7190593/W_200_h_6.jpg,,https://media.aws.iaaf.org/competitiondocuments/photofinish/7190593/W_200_h_6.jpg,https://media.aws.iaaf.org/competitiondocuments/pdf/7190593/AT-200-W-h----.RS6.pdf,https://media.aws.iaaf.org/competitiondocuments/pdf/7190593/AT-200-W-h--6--.RS1.pdf,https://worldathletics.org/competitions/world-athletics-championships/world-athletics-championships-tokyo-2025-7190593/results/women/200-metres/round-1/result,2026-09-29T08:51:09Z,,,,,1,2.128,True,False,"hold > 2.0 s: 'set' marker outside the plot window, OCR value not cross-checked",0,
WCH2025-200m-W-SF-H1,WCH,2025,200m,W,SF,1,2025-09-18,21:24,21:24,Asia/Tokyo,8,8,8,-0.1,0,0,0,0,,0,,Seiko,Semi-Finals,49414,First 2 of each heat (Q) plus 2 fastest times (q) qualify to Final,https://media.aws.iaaf.org/competitiondocuments/waveform/7190593/W_200_sf_1.jpg,,https://media.aws.iaaf.org/competitiondocuments/photofinish/7190593/W_200_sf_1.jpg,https://media.aws.iaaf.org/competitiondocuments/pdf/7190593/AT-200-W-sf----.RS6.pdf,https://media.aws.iaaf.org/competitiondocuments/pdf/7190593/AT-200-W-sf--1--.RS1.pdf,https://worldathletics.org/competitions/world-athletics-championships/world-athletics-championships-tokyo-2025-7190593/results/women/200-metres/semi-finals/result,2026-09-29T08:51:12Z,,,,,1,1.609,True,True,,0,
WCH2025-200m-W-SF-H2,WCH,2025,200m,W,SF,2,2025-09-18,21:31,21:30,Asia/Tokyo,8,8,8,0.1,0,0,0,0,,0,,Seiko,Semi-Finals,49415,First 2 of each heat (Q) plus 2 fastest times (q) qualify to Final,https://media.aws.iaaf.org/competitiondocuments/waveform/7190593/W_200_sf_2.jpg,,https://media.aws.iaaf.org/competitiondocuments/photofinish/7190593/W_200_sf_2.jpg,https://media.aws.iaaf.org/competitiondocuments/pdf/7190593/AT-200-W-sf----.RS6.pdf,https://media.aws.iaaf.org/competitiondocuments/pdf/7190593/AT-200-W-sf--2--.RS1.pdf,https://worldathletics.org/competitions/world-athletics-championships/world-athletics-championships-tokyo-2025-7190593/results/women/200-metres/semi-finals/result,2026-09-29T08:51:12Z,,,,,1,1.577,True,True,,0,
WCH2025-200m-W-SF-H3,WCH,2025,200m,W,SF,3,2025-09-18,21:38,21:38,Asia/Tokyo,8,8,8,-0.3,0,0,0,0,,0,,Seiko,Semi-Finals,49416,First 2 of each heat (Q) plus 2 fastest times (q) qualify to Final,https://media.aws.iaaf.org/competitiondocuments/waveform/7190593/W_200_sf_3.jpg,,https://media.aws.iaaf.org/competitiondocuments/photofinish/7190593/W_200_sf_3.jpg,https://media.aws.iaaf.org/competitiondocuments/pdf/7190593/AT-200-W-sf----.RS6.pdf,https://media.aws.iaaf.org/competitiondocuments/pdf/7190593/AT-200-W-sf--3--.RS1.pdf,https://worldathletics.org/competitions/world-athletics-championships/world-athletics-championships-tokyo-2025-7190593/results/women/200-metres/semi-finals/result,2026-09-29T08:51:12Z,,,,,1,2.395,True,False,"hold > 2.0 s: 'set' marker outside the plot window, OCR value not cross-checked",0,
WCH2025-200m-W-F-H1,WCH,2025,200m,W,F,1,2025-09-19,22:22,22:22,Asia/Tokyo,9,9,9,-0.1,1,1,0,0,"Anthonique STRACHAN (BAH, lane 1, FS, RT -0.339)",0,L Marie-Josée TA LOU-SMITH (lane 4): L BIB 690 (Marie-Josée TA LOU-SMITH) - First lane infringement / レーン侵害1回目,Seiko,Final,49407,,https://media.aws.iaaf.org/competitiondocuments/waveform/7190593/W_200_f_1.jpg,,https://media.aws.iaaf.org/competitiondocuments/photofinish/7190593/W_200_f_1.jpg,https://media.aws.iaaf.org/competitiondocuments/pdf/7190593/AT-200-W-f----.RS6.pdf,,https://worldathletics.org/competitions/world-athletics-championships/world-athletics-championships-tokyo-2025-7190593/results/women/200-metres/final/result,2026-09-29T08:51:06Z,-0.1,23.0,70.0,WA Rule TR16.8 - False start / 不正スタート | L BIB 690 (Marie-Josée TA LOU-SMITH) - First lane infringement / レーン侵害1回目,2,1.674,True,True,,0,
WIC2024-60m-M-R1-H1,WIC,2024,60m,M,R1,1,2024-03-01,12:58,12:58,Europe/London,7,7,7,,0,0,0,0,,0,,Seiko,Round 1,46646,First 3 of each heat (Q) plus 3 fastest times (q) qualify to Semi-Final,https://media.aws.iaaf.org/competitiondocuments/waveform/7180312/M_60_h_1.jpg,,https://media.aws.iaaf.org/competitiondocuments/photofinish/7180312/M_60_h_1.jpg,https://media.aws.iaaf.org/competitiondocuments/pdf/7180312/AT-60-M-h----.RS6.pdf,https://media.aws.iaaf.org/competitiondocuments/pdf/7180312/AT-60-M-h--1--.RS1.pdf,https://worldathletics.org/competitions/world-athletics-indoor-championships/world-athletics-indoor-championships-7180312/results/men/60-metres/round-1/result,2026-09-29T09:36:56Z,,,,,1,1.532,True,True,,0,
WIC2024-60m-M-R1-H2,WIC,2024,60m,M,R1,2,2024-03-01,13:06,13:06,Europe/London,8,8,8,,0,0,0,0,,0,,Seiko,Round 1,47366,First 3 of each heat (Q) plus 3 fastest times (q) qualify to Semi-Final,https://media.aws.iaaf.org/competitiondocuments/waveform/7180312/M_60_h_2.jpg,,https://media.aws.iaaf.org/competitiondocuments/photofinish/7180312/M_60_h_2.jpg,https://media.aws.iaaf.org/competitiondocuments/pdf/7180312/AT-60-M-h----.RS6.pdf,https://media.aws.iaaf.org/competitiondocuments/pdf/7180312/AT-60-M-h--2--.RS1.pdf,https://worldathletics.org/competitions/world-athletics-indoor-championships/world-athletics-indoor-championships-7180312/results/men/60-metres/round-1/result,2026-09-29T09:36:56Z,,,,,1,1.726,True,True,,0,
WIC2024-60m-M-R1-H3,WIC,2024,60m,M,R1,3,2024-03-01,13:14,13:14,Europe/London,7,6,6,,0,0,1,0,,0,,Seiko,Round 1,47367,First 3 of each heat (Q) plus 3 fastest times (q) qualify to Semi-Final,https://media.aws.iaaf.org/competitiondocuments/waveform/7180312/M_60_h_3.jpg,,https://media.aws.iaaf.org/competitiondocuments/photofinish/7180312/M_60_h_3.jpg,https://media.aws.iaaf.org/competitiondocuments/pdf/7180312/AT-60-M-h----.RS6.pdf,https://media.aws.iaaf.org/competitiondocuments/pdf/7180312/AT-60-M-h--3--.RS1.pdf,https://worldathletics.org/competitions/world-athletics-indoor-championships/world-athletics-indoor-championships-7180312/results/men/60-metres/round-1/result,2026-09-29T09:36:56Z,,,,,1,1.39,True,True,,0,
WIC2024-60m-M-R1-H4,WIC,2024,60m,M,R1,4,2024-03-01,13:22,13:22,Europe/London,7,7,7,,0,0,0,0,,0,,Seiko,Round 1,47368,First 3 of each heat (Q) plus 3 fastest times (q) qualify to Semi-Final,https://media.aws.iaaf.org/competitiondocuments/waveform/7180312/M_60_h_4.jpg,,https://media.aws.iaaf.org/competitiondocuments/photofinish/7180312/M_60_h_4.jpg,https://media.aws.iaaf.org/competitiondocuments/pdf/7180312/AT-60-M-h----.RS6.pdf,https://media.aws.iaaf.org/competitiondocuments/pdf/7180312/AT-60-M-h--4--.RS1.pdf,https://worldathletics.org/competitions/world-athletics-indoor-championships/world-athletics-indoor-championships-7180312/results/men/60-metres/round-1/result,2026-09-29T09:36:56Z,,,,,1,1.541,True,True,,0,
WIC2024-60m-M-R1-H5,WIC,2024,60m,M,R1,5,2024-03-01,13:30,13:30,Europe/London,7,7,7,,0,0,0,0,,0,,Seiko,Round 1,47369,First 3 of each heat (Q) plus 3 fastest times (q) qualify to Semi-Final,https://media.aws.iaaf.org/competitiondocuments/waveform/7180312/M_60_h_5.jpg,,https://media.aws.iaaf.org/competitiondocuments/photofinish/7180312/M_60_h_5.jpg,https://media.aws.iaaf.org/competitiondocuments/pdf/7180312/AT-60-M-h----.RS6.pdf,https://media.aws.iaaf.org/competitiondocuments/pdf/7180312/AT-60-M-h--5--.RS1.pdf,https://worldathletics.org/competitions/world-athletics-indoor-championships/world-athletics-indoor-championships-7180312/results/men/60-metres/round-1/result,2026-09-29T09:36:56Z,,,,,1,1.214,True,True,,0,
WIC2024-60m-M-R1-H6,WIC,2024,60m,M,R1,6,2024-03-01,13:38,13:38,Europe/London,7,7,7,,0,0,0,0,,0,,Seiko,Round 1,47370,First 3 of each heat (Q) plus 3 fastest times (q) qualify to Semi-Final,https://media.aws.iaaf.org/competitiondocuments/waveform/7180312/M_60_h_6.jpg,,https://media.aws.iaaf.org/competitiondocuments/photofinish/7180312/M_60_h_6.jpg,https://media.aws.iaaf.org/competitiondocuments/pdf/7180312/AT-60-M-h----.RS6.pdf,https://media.aws.iaaf.org/competitiondocuments/pdf/7180312/AT-60-M-h--6--.RS1.pdf,https://worldathletics.org/competitions/world-athletics-indoor-championships/world-athletics-indoor-championships-7180312/results/men/60-metres/round-1/result,2026-09-29T09:36:56Z,,,,,1,,False,True,ready time missing/out of range,0,
WIC2024-60m-M-R1-H7,WIC,2024,60m,M,R1,7,2024-03-01,13:46,13:46,Europe/London,7,7,7,,0,0,0,0,,0,,Seiko,Round 1,47371,First 3 of each heat (Q) plus 3 fastest times (q) qualify to Semi-Final,https://media.aws.iaaf.org/competitiondocuments/waveform/7180312/M_60_h_7.jpg,,https://media.aws.iaaf.org/competitiondocuments/photofinish/7180312/M_60_h_7.jpg,https://media.aws.iaaf.org/competitiondocuments/pdf/7180312/AT-60-M-h----.RS6.pdf,https://media.aws.iaaf.org/competitiondocuments/pdf/7180312/AT-60-M-h--7--.RS1.pdf,https://worldathletics.org/competitions/world-athletics-indoor-championships/world-athletics-indoor-championships-7180312/results/men/60-metres/round-1/result,2026-09-29T09:36:56Z,,,,,1,1.287,True,True,,0,
WIC2024-60m-M-SF-H1,WIC,2024,60m,M,SF,1,2024-03-01,19:45,19:45,Europe/London,8,8,8,,0,0,0,0,,0,,Seiko,Semi-Finals,46647,First 2 of each heat (Q) plus 2 fastest times (q) qualify to Final,https://media.aws.iaaf.org/competitiondocuments/waveform/7180312/M_60_sf_1.jpg,,https://media.aws.iaaf.org/competitiondocuments/photofinish/7180312/M_60_sf_1.jpg,https://media.aws.iaaf.org/competitiondocuments/pdf/7180312/AT-60-M-sf----.RS6.pdf,https://media.aws.iaaf.org/competitiondocuments/pdf/7180312/AT-60-M-sf--1--.RS1.pdf,https://worldathletics.org/competitions/world-athletics-indoor-championships/world-athletics-indoor-championships-7180312/results/men/60-metres/semi-finals/result,2026-09-29T09:36:59Z,,,,,1,1.368,True,True,,0,
WIC2024-60m-M-SF-H2,WIC,2024,60m,M,SF,2,2024-03-01,19:53,19:53,Europe/London,8,8,8,,0,0,0,0,,0,,Seiko,Semi-Finals,47372,First 2 of each heat (Q) plus 2 fastest times (q) qualify to Final,https://media.aws.iaaf.org/competitiondocuments/waveform/7180312/M_60_sf_2.jpg,,https://media.aws.iaaf.org/competitiondocuments/photofinish/7180312/M_60_sf_2.jpg,https://media.aws.iaaf.org/competitiondocuments/pdf/7180312/AT-60-M-sf----.RS6.pdf,https://media.aws.iaaf.org/competitiondocuments/pdf/7180312/AT-60-M-sf--2--.RS1.pdf,https://worldathletics.org/competitions/world-athletics-indoor-championships/world-athletics-indoor-championships-7180312/results/men/60-metres/semi-finals/result,2026-09-29T09:36:59Z,,,,,1,1.332,True,True,,0,
WIC2024-60m-M-SF-H3,WIC,2024,60m,M,SF,3,2024-03-01,20:01,20:01,Europe/London,8,8,8,,0,0,0,0,,0,,Seiko,Semi-Finals,47373,First 2 of each heat (Q) plus 2 fastest times (q) qualify to Final,https://media.aws.iaaf.org/competitiondocuments/waveform/7180312/M_60_sf_3.jpg,,https://media.aws.iaaf.org/competitiondocuments/photofinish/7180312/M_60_sf_3.jpg,https://media.aws.iaaf.org/competitiondocuments/pdf/7180312/AT-60-M-sf----.RS6.pdf,https://media.aws.iaaf.org/competitiondocuments/pdf/7180312/AT-60-M-sf--3--.RS1.pdf,https://worldathletics.org/competitions/world-athletics-indoor-championships/world-athletics-indoor-championships-7180312/results/men/60-metres/semi-finals/result,2026-09-29T09:36:59Z,,,,,1,1.303,True,True,,0,
WIC2024-60m-M-F-H1,WIC,2024,60m,M,F,1,2024-03-01,21:45,21:46,Europe/London,8,8,8,,0,0,0,0,,0,,Seiko,Final,46645,,https://media.aws.iaaf.org/competitiondocuments/waveform/7180312/M_60_f_1.jpg,,https://media.aws.iaaf.org/competitiondocuments/photofinish/7180312/M_60_f_1.jpg,https://media.aws.iaaf.org/competitiondocuments/pdf/7180312/AT-60-M-f----.RS6.pdf,,https://worldathletics.org/competitions/world-athletics-indoor-championships/world-athletics-indoor-championships-7180312/results/men/60-metres/final/result,2026-09-29T09:36:52Z,,,,,1,1.271,True,True,,0,
WIC2024-60m-W-R1-H1,WIC,2024,60m,W,R1,1,2024-03-02,11:20,11:20,Europe/London,8,8,8,,0,0,0,0,,0,,Seiko,Round 1,46663,First 3 of each heat (Q) plus 3 fastest times (q) qualify to Semi-Final,https://media.aws.iaaf.org/competitiondocuments/waveform/7180312/W_60_h_1.jpg,,https://media.aws.iaaf.org/competitiondocuments/photofinish/7180312/W_60_h_1.jpg,https://media.aws.iaaf.org/competitiondocuments/pdf/7180312/AT-60-W-h----.RS6.pdf,https://media.aws.iaaf.org/competitiondocuments/pdf/7180312/AT-60-W-h--1--.RS1.pdf,https://worldathletics.org/competitions/world-athletics-indoor-championships/world-athletics-indoor-championships-7180312/results/women/60-metres/round-1/result,2026-09-29T09:37:04Z,,,,,1,1.262,True,True,,0,
WIC2024-60m-W-R1-H2,WIC,2024,60m,W,R1,2,2024-03-02,11:27,11:28,Europe/London,7,7,7,,0,0,0,0,,0,,Seiko,Round 1,47397,First 3 of each heat (Q) plus 3 fastest times (q) qualify to Semi-Final,https://media.aws.iaaf.org/competitiondocuments/waveform/7180312/W_60_h_2.jpg,,https://media.aws.iaaf.org/competitiondocuments/photofinish/7180312/W_60_h_2.jpg,https://media.aws.iaaf.org/competitiondocuments/pdf/7180312/AT-60-W-h----.RS6.pdf,https://media.aws.iaaf.org/competitiondocuments/pdf/7180312/AT-60-W-h--2--.RS1.pdf,https://worldathletics.org/competitions/world-athletics-indoor-championships/world-athletics-indoor-championships-7180312/results/women/60-metres/round-1/result,2026-09-29T09:37:04Z,,,,,1,1.546,True,True,,0,
WIC2024-60m-W-R1-H3,WIC,2024,60m,W,R1,3,2024-03-02,11:34,11:34,Europe/London,7,7,7,,0,0,0,0,,0,,Seiko,Round 1,47398,First 3 of each heat (Q) plus 3 fastest times (q) qualify to Semi-Final,https://media.aws.iaaf.org/competitiondocuments/waveform/7180312/W_60_h_3.jpg,,https://media.aws.iaaf.org/competitiondocuments/photofinish/7180312/W_60_h_3.jpg,https://media.aws.iaaf.org/competitiondocuments/pdf/7180312/AT-60-W-h----.RS6.pdf,https://media.aws.iaaf.org/competitiondocuments/pdf/7180312/AT-60-W-h--3--.RS1.pdf,https://worldathletics.org/competitions/world-athletics-indoor-championships/world-athletics-indoor-championships-7180312/results/women/60-metres/round-1/result,2026-09-29T09:37:04Z,,,,,1,1.552,True,True,,0,
WIC2024-60m-W-R1-H4,WIC,2024,60m,W,R1,4,2024-03-02,11:41,11:41,Europe/London,7,7,7,,0,0,0,0,,0,,Seiko,Round 1,47399,First 3 of each heat (Q) plus 3 fastest times (q) qualify to Semi-Final,https://media.aws.iaaf.org/competitiondocuments/waveform/7180312/W_60_h_4.jpg,,https://media.aws.iaaf.org/competitiondocuments/photofinish/7180312/W_60_h_4.jpg,https://media.aws.iaaf.org/competitiondocuments/pdf/7180312/AT-60-W-h----.RS6.pdf,https://media.aws.iaaf.org/competitiondocuments/pdf/7180312/AT-60-W-h--4--.RS1.pdf,https://worldathletics.org/competitions/world-athletics-indoor-championships/world-athletics-indoor-championships-7180312/results/women/60-metres/round-1/result,2026-09-29T09:37:04Z,,,,,1,1.406,True,True,,0,
WIC2024-60m-W-R1-H5,WIC,2024,60m,W,R1,5,2024-03-02,11:48,11:50,Europe/London,8,8,8,,0,0,0,0,,0,,Seiko,Round 1,47400,First 3 of each heat (Q) plus 3 fastest times (q) qualify to Semi-Final,https://media.aws.iaaf.org/competitiondocuments/waveform/7180312/W_60_h_5.jpg,,https://media.aws.iaaf.org/competitiondocuments/photofinish/7180312/W_60_h_5.jpg,https://media.aws.iaaf.org/competitiondocuments/pdf/7180312/AT-60-W-h----.RS6.pdf,https://media.aws.iaaf.org/competitiondocuments/pdf/7180312/AT-60-W-h--5--.RS1.pdf,https://worldathletics.org/competitions/world-athletics-indoor-championships/world-athletics-indoor-championships-7180312/results/women/60-metres/round-1/result,2026-09-29T09:37:04Z,,,,,1,1.405,True,True,,0,
WIC2024-60m-W-R1-H6,WIC,2024,60m,W,R1,6,2024-03-02,11:55,11:56,Europe/London,8,8,8,,0,0,0,0,,0,,Seiko,Round 1,47401,First 3 of each heat (Q) plus 3 fastest times (q) qualify to Semi-Final,https://media.aws.iaaf.org/competitiondocuments/waveform/7180312/W_60_h_6.jpg,,https://media.aws.iaaf.org/competitiondocuments/photofinish/7180312/W_60_h_6.jpg,https://media.aws.iaaf.org/competitiondocuments/pdf/7180312/AT-60-W-h----.RS6.pdf,https://media.aws.iaaf.org/competitiondocuments/pdf/7180312/AT-60-W-h--6--.RS1.pdf,https://worldathletics.org/competitions/world-athletics-indoor-championships/world-athletics-indoor-championships-7180312/results/women/60-metres/round-1/result,2026-09-29T09:37:04Z,,,,,1,1.671,True,True,,0,
WIC2024-60m-W-R1-H7,WIC,2024,60m,W,R1,7,2024-03-02,12:02,12:02,Europe/London,8,8,8,,0,0,0,0,,0,,Seiko,Round 1,47417,First 3 of each heat (Q) plus 3 fastest times (q) qualify to Semi-Final,https://media.aws.iaaf.org/competitiondocuments/waveform/7180312/W_60_h_7.jpg,,https://media.aws.iaaf.org/competitiondocuments/photofinish/7180312/W_60_h_7.jpg,https://media.aws.iaaf.org/competitiondocuments/pdf/7180312/AT-60-W-h----.RS6.pdf,https://media.aws.iaaf.org/competitiondocuments/pdf/7180312/AT-60-W-h--7--.RS1.pdf,https://worldathletics.org/competitions/world-athletics-indoor-championships/world-athletics-indoor-championships-7180312/results/women/60-metres/round-1/result,2026-09-29T09:37:04Z,,,,,1,1.601,True,True,,0,
WIC2024-60m-W-SF-H1,WIC,2024,60m,W,SF,1,2024-03-02,19:45,19:45,Europe/London,8,8,8,,0,0,0,0,,0,,Seiko,Semi-Finals,46673,First 2 of each heat (Q) plus 2 fastest times (q) qualify to Final,https://media.aws.iaaf.org/competitiondocuments/waveform/7180312/W_60_sf_1.jpg,,https://media.aws.iaaf.org/competitiondocuments/photofinish/7180312/W_60_sf_1.jpg,https://media.aws.iaaf.org/competitiondocuments/pdf/7180312/AT-60-W-sf----.RS6.pdf,https://media.aws.iaaf.org/competitiondocuments/pdf/7180312/AT-60-W-sf--1--.RS1.pdf,https://worldathletics.org/competitions/world-athletics-indoor-championships/world-athletics-indoor-championships-7180312/results/women/60-metres/semi-finals/result,2026-09-29T09:37:07Z,,,,,1,1.435,True,True,,0,
WIC2024-60m-W-SF-H2,WIC,2024,60m,W,SF,2,2024-03-02,19:53,19:53,Europe/London,8,8,8,,0,0,0,0,,0,,Seiko,Semi-Finals,47402,First 2 of each heat (Q) plus 2 fastest times (q) qualify to Final,https://media.aws.iaaf.org/competitiondocuments/waveform/7180312/W_60_sf_2.jpg,,https://media.aws.iaaf.org/competitiondocuments/photofinish/7180312/W_60_sf_2.jpg,https://media.aws.iaaf.org/competitiondocuments/pdf/7180312/AT-60-W-sf----.RS6.pdf,https://media.aws.iaaf.org/competitiondocuments/pdf/7180312/AT-60-W-sf--2--.RS1.pdf,https://worldathletics.org/competitions/world-athletics-indoor-championships/world-athletics-indoor-championships-7180312/results/women/60-metres/semi-finals/result,2026-09-29T09:37:07Z,,,,,1,1.512,True,True,,0,
WIC2024-60m-W-SF-H3,WIC,2024,60m,W,SF,3,2024-03-02,20:01,20:01,Europe/London,8,8,8,,0,0,0,0,,0,,Seiko,Semi-Finals,47403,First 2 of each heat (Q) plus 2 fastest times (q) qualify to Final,https://media.aws.iaaf.org/competitiondocuments/waveform/7180312/W_60_sf_3.jpg,,https://media.aws.iaaf.org/competitiondocuments/photofinish/7180312/W_60_sf_3.jpg,https://media.aws.iaaf.org/competitiondocuments/pdf/7180312/AT-60-W-sf----.RS6.pdf,https://media.aws.iaaf.org/competitiondocuments/pdf/7180312/AT-60-W-sf--3--.RS1.pdf,https://worldathletics.org/competitions/world-athletics-indoor-championships/world-athletics-indoor-championships-7180312/results/women/60-metres/semi-finals/result,2026-09-29T09:37:07Z,,,,,1,1.438,True,True,,0,
WIC2024-60m-W-F-H1,WIC,2024,60m,W,F,1,2024-03-02,21:45,21:49,Europe/London,8,7,7,,0,0,1,0,,0,,Seiko,Final,46678,,https://media.aws.iaaf.org/competitiondocuments/waveform/7180312/W_60_f_1.jpg,,https://media.aws.iaaf.org/competitiondocuments/photofinish/7180312/W_60_f_1.jpg,https://media.aws.iaaf.org/competitiondocuments/pdf/7180312/AT-60-W-f----.RS6.pdf,,https://worldathletics.org/competitions/world-athletics-indoor-championships/world-athletics-indoor-championships-7180312/results/women/60-metres/final/result,2026-09-29T09:37:01Z,,,,,1,1.514,True,True,,0,
WIC2024-60mH-M-R1-H1,WIC,2024,60mH,M,R1,1,2024-03-02,10:10,10:10,Europe/London,7,6,6,,0,0,1,0,,0,,Seiko,Round 1,46661,First 3 of each heat (Q) plus 6 fastest times (q) qualify to Semi-Final,https://media.aws.iaaf.org/competitiondocuments/waveform/7180312/M_60H_h_1.jpg,,https://media.aws.iaaf.org/competitiondocuments/photofinish/7180312/M_60H_h_1.jpg,https://media.aws.iaaf.org/competitiondocuments/pdf/7180312/AT-60H-M-h----.RS6.pdf,https://media.aws.iaaf.org/competitiondocuments/pdf/7180312/AT-60H-M-h--1--.RS1.pdf,https://worldathletics.org/competitions/world-athletics-indoor-championships/world-athletics-indoor-championships-7180312/results/men/60-metres-hurdles/round-1/result,2026-09-29T09:37:12Z,,,,,1,1.819,True,True,,0,
WIC2024-60mH-M-R1-H2,WIC,2024,60mH,M,R1,2,2024-03-02,10:17,10:17,Europe/London,7,7,7,,0,0,0,0,,0,,Seiko,Round 1,47375,First 3 of each heat (Q) plus 6 fastest times (q) qualify to Semi-Final,https://media.aws.iaaf.org/competitiondocuments/waveform/7180312/M_60H_h_2.jpg,,https://media.aws.iaaf.org/competitiondocuments/photofinish/7180312/M_60H_h_2.jpg,https://media.aws.iaaf.org/competitiondocuments/pdf/7180312/AT-60H-M-h----.RS6.pdf,https://media.aws.iaaf.org/competitiondocuments/pdf/7180312/AT-60H-M-h--2--.RS1.pdf,https://worldathletics.org/competitions/world-athletics-indoor-championships/world-athletics-indoor-championships-7180312/results/men/60-metres-hurdles/round-1/result,2026-09-29T09:37:12Z,,,,,1,1.652,True,True,,0,
WIC2024-60mH-M-R1-H3,WIC,2024,60mH,M,R1,3,2024-03-02,10:24,10:24,Europe/London,7,7,7,,0,0,0,0,,1,"Y Konstantinos DOUVALIDIS (lane 7): Y BIB 222 (Konstantinos DOUVALIDIS) - Improper conduct, disturbing the start",Seiko,Round 1,47376,First 3 of each heat (Q) plus 6 fastest times (q) qualify to Semi-Final,https://media.aws.iaaf.org/competitiondocuments/waveform/7180312/M_60H_h_3.jpg,https://media.aws.iaaf.org/competitiondocuments/OfficiatingVideos/7180312/M_60H_h_3.mp4,https://media.aws.iaaf.org/competitiondocuments/photofinish/7180312/M_60H_h_3.jpg,https://media.aws.iaaf.org/competitiondocuments/pdf/7180312/AT-60H-M-h----.RS6.pdf,https://media.aws.iaaf.org/competitiondocuments/pdf/7180312/AT-60H-M-h--3--.RS1.pdf,https://worldathletics.org/competitions/world-athletics-indoor-championships/world-athletics-indoor-championships-7180312/results/men/60-metres-hurdles/round-1/result,2026-09-29T09:37:12Z,,,,"Y BIB 222 (Konstantinos DOUVALIDIS) - Improper conduct, disturbing the start",2,1.484,True,True,,0,
WIC2024-60mH-M-R1-H4,WIC,2024,60mH,M,R1,4,2024-03-02,10:31,10:33,Europe/London,7,7,7,,0,0,0,1,,0,,Seiko,Round 1,47377,First 3 of each heat (Q) plus 6 fastest times (q) qualify to Semi-Final,https://media.aws.iaaf.org/competitiondocuments/waveform/7180312/M_60H_h_4.jpg,,https://media.aws.iaaf.org/competitiondocuments/photofinish/7180312/M_60H_h_4.jpg,https://media.aws.iaaf.org/competitiondocuments/pdf/7180312/AT-60H-M-h----.RS6.pdf,https://media.aws.iaaf.org/competitiondocuments/pdf/7180312/AT-60H-M-h--4--.RS1.pdf,https://worldathletics.org/competitions/world-athletics-indoor-championships/world-athletics-indoor-championships-7180312/results/men/60-metres-hurdles/round-1/result,2026-09-29T09:37:12Z,,,,,1,1.42,True,True,,0,
WIC2024-60mH-M-R1-H5,WIC,2024,60mH,M,R1,5,2024-03-02,10:38,10:39,Europe/London,7,7,7,,0,0,0,0,,0,,Seiko,Round 1,47378,First 3 of each heat (Q) plus 6 fastest times (q) qualify to Semi-Final,https://media.aws.iaaf.org/competitiondocuments/waveform/7180312/M_60H_h_5.jpg,,https://media.aws.iaaf.org/competitiondocuments/photofinish/7180312/M_60H_h_5.jpg,https://media.aws.iaaf.org/competitiondocuments/pdf/7180312/AT-60H-M-h----.RS6.pdf,https://media.aws.iaaf.org/competitiondocuments/pdf/7180312/AT-60H-M-h--5--.RS1.pdf,https://worldathletics.org/competitions/world-athletics-indoor-championships/world-athletics-indoor-championships-7180312/results/men/60-metres-hurdles/round-1/result,2026-09-29T09:37:12Z,,,,,1,1.401,True,True,,0,
WIC2024-60mH-M-R1-H6,WIC,2024,60mH,M,R1,6,2024-03-02,10:45,10:45,Europe/London,7,7,7,,0,0,0,0,,0,,Seiko,Round 1,47379,First 3 of each heat (Q) plus 6 fastest times (q) qualify to Semi-Final,https://media.aws.iaaf.org/competitiondocuments/waveform/7180312/M_60H_h_6.jpg,,https://media.aws.iaaf.org/competitiondocuments/photofinish/7180312/M_60H_h_6.jpg,https://media.aws.iaaf.org/competitiondocuments/pdf/7180312/AT-60H-M-h----.RS6.pdf,https://media.aws.iaaf.org/competitiondocuments/pdf/7180312/AT-60H-M-h--6--.RS1.pdf,https://worldathletics.org/competitions/world-athletics-indoor-championships/world-athletics-indoor-championships-7180312/results/men/60-metres-hurdles/round-1/result,2026-09-29T09:37:12Z,,,,,1,1.656,True,True,,0,
WIC2024-60mH-M-SF-H1,WIC,2024,60mH,M,SF,1,2024-03-02,19:10,19:11,Europe/London,8,8,8,,1,1,0,0,"Asier MARTÍNEZ (ESP, lane 5, FS, RT 0.147)",0,,Seiko,Semi-Finals,46669,First 2 of each heat (Q) plus 2 fastest times (q) qualify to Final,https://media.aws.iaaf.org/competitiondocuments/waveform/7180312/M_60H_sf_1.jpg,,https://media.aws.iaaf.org/competitiondocuments/photofinish/7180312/M_60H_sf_1.jpg,https://media.aws.iaaf.org/competitiondocuments/pdf/7180312/AT-60H-M-sf----.RS6.pdf,https://media.aws.iaaf.org/competitiondocuments/pdf/7180312/AT-60H-M-sf--1--.RS1.pdf,https://worldathletics.org/competitions/world-athletics-indoor-championships/world-athletics-indoor-championships-7180312/results/men/60-metres-hurdles/semi-finals/result,2026-09-29T09:37:15Z,,,,BIB 190 (Asier MARTÍNEZ) - Ran under protest | WA Rule TR16.8 - False start,2,1.381,True,True,,0,
WIC2024-60mH-M-SF-H2,WIC,2024,60mH,M,SF,2,2024-03-02,19:18,19:20,Europe/London,8,8,8,,0,0,0,0,,0,,Seiko,Semi-Finals,47380,First 2 of each heat (Q) plus 2 fastest times (q) qualify to Final,https://media.aws.iaaf.org/competitiondocuments/waveform/7180312/M_60H_sf_2.jpg,,https://media.aws.iaaf.org/competitiondocuments/photofinish/7180312/M_60H_sf_2.jpg,https://media.aws.iaaf.org/competitiondocuments/pdf/7180312/AT-60H-M-sf----.RS6.pdf,https://media.aws.iaaf.org/competitiondocuments/pdf/7180312/AT-60H-M-sf--2--.RS1.pdf,https://worldathletics.org/competitions/world-athletics-indoor-championships/world-athletics-indoor-championships-7180312/results/men/60-metres-hurdles/semi-finals/result,2026-09-29T09:37:15Z,,,,,1,1.265,True,True,,0,
WIC2024-60mH-M-SF-H3,WIC,2024,60mH,M,SF,3,2024-03-02,19:26,19:27,Europe/London,8,8,8,,1,1,0,0,"Shenglong ZHU (CHN, lane 3, FS, RT 0.046)",0,,Seiko,Semi-Finals,47381,First 2 of each heat (Q) plus 2 fastest times (q) qualify to Final,https://media.aws.iaaf.org/competitiondocuments/waveform/7180312/M_60H_sf_3.jpg,,https://media.aws.iaaf.org/competitiondocuments/photofinish/7180312/M_60H_sf_3.jpg,https://media.aws.iaaf.org/competitiondocuments/pdf/7180312/AT-60H-M-sf----.RS6.pdf,https://media.aws.iaaf.org/competitiondocuments/pdf/7180312/AT-60H-M-sf--3--.RS1.pdf,https://worldathletics.org/competitions/world-athletics-indoor-championships/world-athletics-indoor-championships-7180312/results/men/60-metres-hurdles/semi-finals/result,2026-09-29T09:37:15Z,,,,WA Rule TR16.8 - False start,2,1.661,True,True,,0,Shenglong ZHU:F1
WIC2024-60mH-M-F-H1,WIC,2024,60mH,M,F,1,2024-03-02,21:30,21:31,Europe/London,8,8,8,,0,0,0,0,,0,,Seiko,Final,46676,,https://media.aws.iaaf.org/competitiondocuments/waveform/7180312/M_60H_f_1.jpg,,https://media.aws.iaaf.org/competitiondocuments/photofinish/7180312/M_60H_f_1.jpg,https://media.aws.iaaf.org/competitiondocuments/pdf/7180312/AT-60H-M-f----.RS6.pdf,,https://worldathletics.org/competitions/world-athletics-indoor-championships/world-athletics-indoor-championships-7180312/results/men/60-metres-hurdles/final/result,2026-09-29T09:37:09Z,,,,,1,1.474,True,True,,0,
WIC2024-60mH-W-R1-H1,WIC,2024,60mH,W,R1,1,2024-03-03,10:25,10:25,Europe/London,7,7,7,,0,0,0,1,,0,,Seiko,Round 1,46682,First 3 of each heat (Q) plus 6 fastest times (q) qualify to Semi-Final,https://media.aws.iaaf.org/competitiondocuments/waveform/7180312/W_60H_h_1.jpg,https://media.aws.iaaf.org/competitiondocuments/OfficiatingVideos/7180312/W_60H_h_1.mp4,https://media.aws.iaaf.org/competitiondocuments/photofinish/7180312/W_60H_h_1.jpg,https://media.aws.iaaf.org/competitiondocuments/pdf/7180312/AT-60H-W-h----.RS6.pdf,https://media.aws.iaaf.org/competitiondocuments/pdf/7180312/AT-60H-W-h--1--.RS1.pdf,https://worldathletics.org/competitions/world-athletics-indoor-championships/world-athletics-indoor-championships-7180312/results/women/60-metres-hurdles/round-1/result,2026-09-29T09:37:21Z,,,,,1,1.453,True,True,,0,
WIC2024-60mH-W-R1-H2,WIC,2024,60mH,W,R1,2,2024-03-03,10:32,10:32,Europe/London,7,7,7,,0,0,0,0,,0,,Seiko,Round 1,47404,First 3 of each heat (Q) plus 6 fastest times (q) qualify to Semi-Final,https://media.aws.iaaf.org/competitiondocuments/waveform/7180312/W_60H_h_2.jpg,,https://media.aws.iaaf.org/competitiondocuments/photofinish/7180312/W_60H_h_2.jpg,https://media.aws.iaaf.org/competitiondocuments/pdf/7180312/AT-60H-W-h----.RS6.pdf,https://media.aws.iaaf.org/competitiondocuments/pdf/7180312/AT-60H-W-h--2--.RS1.pdf,https://worldathletics.org/competitions/world-athletics-indoor-championships/world-athletics-indoor-championships-7180312/results/women/60-metres-hurdles/round-1/result,2026-09-29T09:37:21Z,,,,,1,1.484,True,True,,0,
WIC2024-60mH-W-R1-H3,WIC,2024,60mH,W,R1,3,2024-03-03,10:39,10:39,Europe/London,7,7,7,,0,0,0,1,,0,,Seiko,Round 1,47405,First 3 of each heat (Q) plus 6 fastest times (q) qualify to Semi-Final,https://media.aws.iaaf.org/competitiondocuments/waveform/7180312/W_60H_h_3.jpg,https://media.aws.iaaf.org/competitiondocuments/OfficiatingVideos/7180312/W_60H_h_3.mp4,https://media.aws.iaaf.org/competitiondocuments/photofinish/7180312/W_60H_h_3.jpg,https://media.aws.iaaf.org/competitiondocuments/pdf/7180312/AT-60H-W-h----.RS6.pdf,https://media.aws.iaaf.org/competitiondocuments/pdf/7180312/AT-60H-W-h--3--.RS1.pdf,https://worldathletics.org/competitions/world-athletics-indoor-championships/world-athletics-indoor-championships-7180312/results/women/60-metres-hurdles/round-1/result,2026-09-29T09:37:21Z,,,,,1,1.74,True,True,,0,
WIC2024-60mH-W-R1-H4,WIC,2024,60mH,W,R1,4,2024-03-03,10:46,10:46,Europe/London,7,7,7,,0,0,0,0,,0,,Seiko,Round 1,47406,First 3 of each heat (Q) plus 6 fastest times (q) qualify to Semi-Final,https://media.aws.iaaf.org/competitiondocuments/waveform/7180312/W_60H_h_4.jpg,,https://media.aws.iaaf.org/competitiondocuments/photofinish/7180312/W_60H_h_4.jpg,https://media.aws.iaaf.org/competitiondocuments/pdf/7180312/AT-60H-W-h----.RS6.pdf,https://media.aws.iaaf.org/competitiondocuments/pdf/7180312/AT-60H-W-h--4--.RS1.pdf,https://worldathletics.org/competitions/world-athletics-indoor-championships/world-athletics-indoor-championships-7180312/results/women/60-metres-hurdles/round-1/result,2026-09-29T09:37:21Z,,,,,1,1.52,True,True,,0,
WIC2024-60mH-W-R1-H5,WIC,2024,60mH,W,R1,5,2024-03-03,10:53,10:53,Europe/London,6,6,6,,0,1,0,0,"Caroline DE MELO TOMAZ (BRA, lane 2, DQ-post, RT 0.192)",0,,Seiko,Round 1,47407,First 3 of each heat (Q) plus 6 fastest times (q) qualify to Semi-Final,https://media.aws.iaaf.org/competitiondocuments/waveform/7180312/W_60H_h_5.jpg,,https://media.aws.iaaf.org/competitiondocuments/photofinish/7180312/W_60H_h_5.jpg,https://media.aws.iaaf.org/competitiondocuments/pdf/7180312/AT-60H-W-h----.RS6.pdf,https://media.aws.iaaf.org/competitiondocuments/pdf/7180312/AT-60H-W-h--5--.RS1.pdf,https://worldathletics.org/competitions/world-athletics-indoor-championships/world-athletics-indoor-championships-7180312/results/women/60-metres-hurdles/round-1/result,2026-09-29T09:37:21Z,,,,,1,1.435,True,True,,0,
WIC2024-60mH-W-R1-H6,WIC,2024,60mH,W,R1,6,2024-03-03,11:00,11:01,Europe/London,7,7,7,,0,0,0,0,,0,,Seiko,Round 1,47408,First 3 of each heat (Q) plus 6 fastest times (q) qualify to Semi-Final,https://media.aws.iaaf.org/competitiondocuments/waveform/7180312/W_60H_h_6.jpg,,https://media.aws.iaaf.org/competitiondocuments/photofinish/7180312/W_60H_h_6.jpg,https://media.aws.iaaf.org/competitiondocuments/pdf/7180312/AT-60H-W-h----.RS6.pdf,https://media.aws.iaaf.org/competitiondocuments/pdf/7180312/AT-60H-W-h--6--.RS1.pdf,https://worldathletics.org/competitions/world-athletics-indoor-championships/world-athletics-indoor-championships-7180312/results/women/60-metres-hurdles/round-1/result,2026-09-29T09:37:21Z,,,,,1,1.497,True,True,,0,
WIC2024-60mH-W-SF-H1,WIC,2024,60mH,W,SF,1,2024-03-03,19:40,19:40,Europe/London,8,8,8,,0,0,0,0,,0,,Seiko,Semi-Finals,46689,First 2 of each heat (Q) plus 2 fastest times (q) qualify to Final,https://media.aws.iaaf.org/competitiondocuments/waveform/7180312/W_60H_sf_1.jpg,,https://media.aws.iaaf.org/competitiondocuments/photofinish/7180312/W_60H_sf_1.jpg,https://media.aws.iaaf.org/competitiondocuments/pdf/7180312/AT-60H-W-sf----.RS6.pdf,https://media.aws.iaaf.org/competitiondocuments/pdf/7180312/AT-60H-W-sf--1--.RS1.pdf,https://worldathletics.org/competitions/world-athletics-indoor-championships/world-athletics-indoor-championships-7180312/results/women/60-metres-hurdles/semi-finals/result,2026-09-29T09:37:23Z,,,,,1,1.546,True,True,,0,
WIC2024-60mH-W-SF-H2,WIC,2024,60mH,W,SF,2,2024-03-03,19:48,19:48,Europe/London,8,8,8,,0,0,0,0,,0,,Seiko,Semi-Finals,47409,First 2 of each heat (Q) plus 2 fastest times (q) qualify to Final,https://media.aws.iaaf.org/competitiondocuments/waveform/7180312/W_60H_sf_2.jpg,,https://media.aws.iaaf.org/competitiondocuments/photofinish/7180312/W_60H_sf_2.jpg,https://media.aws.iaaf.org/competitiondocuments/pdf/7180312/AT-60H-W-sf----.RS6.pdf,https://media.aws.iaaf.org/competitiondocuments/pdf/7180312/AT-60H-W-sf--2--.RS1.pdf,https://worldathletics.org/competitions/world-athletics-indoor-championships/world-athletics-indoor-championships-7180312/results/women/60-metres-hurdles/semi-finals/result,2026-09-29T09:37:23Z,,,,,1,1.403,True,True,,0,
WIC2024-60mH-W-SF-H3,WIC,2024,60mH,W,SF,3,2024-03-03,19:56,19:56,Europe/London,8,8,8,,0,0,0,0,,0,,Seiko,Semi-Finals,47410,First 2 of each heat (Q) plus 2 fastest times (q) qualify to Final,https://media.aws.iaaf.org/competitiondocuments/waveform/7180312/W_60H_sf_3.jpg,https://media.aws.iaaf.org/competitiondocuments/OfficiatingVideos/7180312/W_60H_sf_3.mp4,https://media.aws.iaaf.org/competitiondocuments/photofinish/7180312/W_60H_sf_3.jpg,https://media.aws.iaaf.org/competitiondocuments/pdf/7180312/AT-60H-W-sf----.RS6.pdf,https://media.aws.iaaf.org/competitiondocuments/pdf/7180312/AT-60H-W-sf--3--.RS1.pdf,https://worldathletics.org/competitions/world-athletics-indoor-championships/world-athletics-indoor-championships-7180312/results/women/60-metres-hurdles/semi-finals/result,2026-09-29T09:37:23Z,,,,,1,1.344,True,True,,0,
WIC2024-60mH-W-F-H1,WIC,2024,60mH,W,F,1,2024-03-03,21:00,21:01,Europe/London,8,8,8,,0,0,0,0,,0,,Seiko,Final,46696,,https://media.aws.iaaf.org/competitiondocuments/waveform/7180312/W_60H_f_1.jpg,,https://media.aws.iaaf.org/competitiondocuments/photofinish/7180312/W_60H_f_1.jpg,https://media.aws.iaaf.org/competitiondocuments/pdf/7180312/AT-60H-W-f----.RS6.pdf,,https://worldathletics.org/competitions/world-athletics-indoor-championships/world-athletics-indoor-championships-7180312/results/women/60-metres-hurdles/final/result,2026-09-29T09:37:17Z,,,,,1,1.397,True,True,,0,
WIC2025-60m-M-R1-H1,WIC,2025,60m,M,R1,1,2025-03-21,12:55,13:01,Asia/Shanghai,7,7,7,,0,0,0,0,,0,,Seiko,Round 1,48704,First 2 of each heat (Q) plus 8 fastest times (q) qualify to Semi-Final,https://media.aws.iaaf.org/competitiondocuments/waveform/7136586/M_60_h_1.jpg,,https://media.aws.iaaf.org/competitiondocuments/photofinish/7136586/M_60_h_1.jpg,https://media.aws.iaaf.org/competitiondocuments/pdf/7136586/AT-60-M-h----.RS6.pdf,https://media.aws.iaaf.org/competitiondocuments/pdf/7136586/AT-60-M-h--1--.RS1.pdf,https://worldathletics.org/competitions/world-athletics-indoor-championships/world-athletics-indoor-championships-7136586/results/men/60-metres/round-1/result,2026-09-29T09:36:22Z,,,,,2,2.881,True,False,"hold > 2.0 s: 'set' marker outside the plot window, OCR value not cross-checked; WIC2025 holds are systematically long (median ~3.2 s): the 'ready' trigger may differ at this meet; do not pool without checking",0,
WIC2025-60m-M-R1-H2,WIC,2025,60m,M,R1,2,2025-03-21,13:03,13:06,Asia/Shanghai,8,8,8,,0,0,0,0,,0,,Seiko,Round 1,48821,First 2 of each heat (Q) plus 8 fastest times (q) qualify to Semi-Final,https://media.aws.iaaf.org/competitiondocuments/waveform/7136586/M_60_h_2.jpg,,https://media.aws.iaaf.org/competitiondocuments/photofinish/7136586/M_60_h_2.jpg,https://media.aws.iaaf.org/competitiondocuments/pdf/7136586/AT-60-M-h----.RS6.pdf,https://media.aws.iaaf.org/competitiondocuments/pdf/7136586/AT-60-M-h--2--.RS1.pdf,https://worldathletics.org/competitions/world-athletics-indoor-championships/world-athletics-indoor-championships-7136586/results/men/60-metres/round-1/result,2026-09-29T09:36:22Z,,,,,1,1.898,True,True,WIC2025 holds are systematically long (median ~3.2 s): the 'ready' trigger may differ at this meet; do not pool without checking,0,
WIC2025-60m-M-R1-H3,WIC,2025,60m,M,R1,3,2025-03-21,13:11,13:15,Asia/Shanghai,7,7,7,,0,0,0,0,,0,,Seiko,Round 1,48822,First 2 of each heat (Q) plus 8 fastest times (q) qualify to Semi-Final,https://media.aws.iaaf.org/competitiondocuments/waveform/7136586/M_60_h_3.jpg,,https://media.aws.iaaf.org/competitiondocuments/photofinish/7136586/M_60_h_3.jpg,https://media.aws.iaaf.org/competitiondocuments/pdf/7136586/AT-60-M-h----.RS6.pdf,https://media.aws.iaaf.org/competitiondocuments/pdf/7136586/AT-60-M-h--3--.RS1.pdf,https://worldathletics.org/competitions/world-athletics-indoor-championships/world-athletics-indoor-championships-7136586/results/men/60-metres/round-1/result,2026-09-29T09:36:22Z,,,,,1,3.245,True,False,"hold > 2.0 s: 'set' marker outside the plot window, OCR value not cross-checked; unusually long hold (> 3.0 s); WIC2025 holds are systematically long (median ~3.2 s): the 'ready' trigger may differ at this meet; do not pool without checking",0,
WIC2025-60m-M-R1-H4,WIC,2025,60m,M,R1,4,2025-03-21,13:19,13:20,Asia/Shanghai,7,7,7,,0,0,0,0,,0,,Seiko,Round 1,48823,First 2 of each heat (Q) plus 8 fastest times (q) qualify to Semi-Final,https://media.aws.iaaf.org/competitiondocuments/waveform/7136586/M_60_h_4.jpg,,https://media.aws.iaaf.org/competitiondocuments/photofinish/7136586/M_60_h_4.jpg,https://media.aws.iaaf.org/competitiondocuments/pdf/7136586/AT-60-M-h----.RS6.pdf,https://media.aws.iaaf.org/competitiondocuments/pdf/7136586/AT-60-M-h--4--.RS1.pdf,https://worldathletics.org/competitions/world-athletics-indoor-championships/world-athletics-indoor-championships-7136586/results/men/60-metres/round-1/result,2026-09-29T09:36:22Z,,,,,1,4.08,True,False,"hold > 2.0 s: 'set' marker outside the plot window, OCR value not cross-checked; unusually long hold (> 3.0 s); WIC2025 holds are systematically long (median ~3.2 s): the 'ready' trigger may differ at this meet; do not pool without checking",0,
WIC2025-60m-M-R1-H5,WIC,2025,60m,M,R1,5,2025-03-21,13:27,13:28,Asia/Shanghai,7,7,7,,0,0,0,0,,0,,Seiko,Round 1,48824,First 2 of each heat (Q) plus 8 fastest times (q) qualify to Semi-Final,https://media.aws.iaaf.org/competitiondocuments/waveform/7136586/M_60_h_5.jpg,,https://media.aws.iaaf.org/competitiondocuments/photofinish/7136586/M_60_h_5.jpg,https://media.aws.iaaf.org/competitiondocuments/pdf/7136586/AT-60-M-h----.RS6.pdf,https://media.aws.iaaf.org/competitiondocuments/pdf/7136586/AT-60-M-h--5--.RS1.pdf,https://worldathletics.org/competitions/world-athletics-indoor-championships/world-athletics-indoor-championships-7136586/results/men/60-metres/round-1/result,2026-09-29T09:36:22Z,,,,,1,4.481,True,False,"hold > 2.0 s: 'set' marker outside the plot window, OCR value not cross-checked; unusually long hold (> 3.0 s); WIC2025 holds are systematically long (median ~3.2 s): the 'ready' trigger may differ at this meet; do not pool without checking",0,
WIC2025-60m-M-R1-H6,WIC,2025,60m,M,R1,6,2025-03-21,13:35,13:35,Asia/Shanghai,7,7,7,,0,0,0,0,,0,,Seiko,Round 1,48825,First 2 of each heat (Q) plus 8 fastest times (q) qualify to Semi-Final,https://media.aws.iaaf.org/competitiondocuments/waveform/7136586/M_60_h_6.jpg,,https://media.aws.iaaf.org/competitiondocuments/photofinish/7136586/M_60_h_6.jpg,https://media.aws.iaaf.org/competitiondocuments/pdf/7136586/AT-60-M-h----.RS6.pdf,https://media.aws.iaaf.org/competitiondocuments/pdf/7136586/AT-60-M-h--6--.RS1.pdf,https://worldathletics.org/competitions/world-athletics-indoor-championships/world-athletics-indoor-championships-7136586/results/men/60-metres/round-1/result,2026-09-29T09:36:22Z,,,,,1,2.933,True,False,"hold > 2.0 s: 'set' marker outside the plot window, OCR value not cross-checked; WIC2025 holds are systematically long (median ~3.2 s): the 'ready' trigger may differ at this meet; do not pool without checking",0,
WIC2025-60m-M-R1-H7,WIC,2025,60m,M,R1,7,2025-03-21,13:43,13:43,Asia/Shanghai,8,8,8,,0,0,0,0,,0,,Seiko,Round 1,48826,First 2 of each heat (Q) plus 8 fastest times (q) qualify to Semi-Final,https://media.aws.iaaf.org/competitiondocuments/waveform/7136586/M_60_h_7.jpg,,https://media.aws.iaaf.org/competitiondocuments/photofinish/7136586/M_60_h_7.jpg,https://media.aws.iaaf.org/competitiondocuments/pdf/7136586/AT-60-M-h----.RS6.pdf,https://media.aws.iaaf.org/competitiondocuments/pdf/7136586/AT-60-M-h--7--.RS1.pdf,https://worldathletics.org/competitions/world-athletics-indoor-championships/world-athletics-indoor-championships-7136586/results/men/60-metres/round-1/result,2026-09-29T09:36:22Z,,,,,1,2.855,True,False,"hold > 2.0 s: 'set' marker outside the plot window, OCR value not cross-checked; WIC2025 holds are systematically long (median ~3.2 s): the 'ready' trigger may differ at this meet; do not pool without checking",0,
WIC2025-60m-M-R1-H8,WIC,2025,60m,M,R1,8,2025-03-21,13:51,13:51,Asia/Shanghai,7,7,7,,0,0,0,0,,0,,Seiko,Round 1,48827,First 2 of each heat (Q) plus 8 fastest times (q) qualify to Semi-Final,https://media.aws.iaaf.org/competitiondocuments/waveform/7136586/M_60_h_8.jpg,,https://media.aws.iaaf.org/competitiondocuments/photofinish/7136586/M_60_h_8.jpg,https://media.aws.iaaf.org/competitiondocuments/pdf/7136586/AT-60-M-h----.RS6.pdf,https://media.aws.iaaf.org/competitiondocuments/pdf/7136586/AT-60-M-h--8--.RS1.pdf,https://worldathletics.org/competitions/world-athletics-indoor-championships/world-athletics-indoor-championships-7136586/results/men/60-metres/round-1/result,2026-09-29T09:36:22Z,,,,,1,3.109,True,False,"hold > 2.0 s: 'set' marker outside the plot window, OCR value not cross-checked; unusually long hold (> 3.0 s); WIC2025 holds are systematically long (median ~3.2 s): the 'ready' trigger may differ at this meet; do not pool without checking",0,
WIC2025-60m-M-SF-H1,WIC,2025,60m,M,SF,1,2025-03-21,20:03,20:05,Asia/Shanghai,8,8,8,,0,0,0,0,,0,,Seiko,Semi-Finals,48705,First 2 of each heat (Q) plus 2 fastest times (q) qualify to Final,https://media.aws.iaaf.org/competitiondocuments/waveform/7136586/M_60_sf_1.jpg,,https://media.aws.iaaf.org/competitiondocuments/photofinish/7136586/M_60_sf_1.jpg,https://media.aws.iaaf.org/competitiondocuments/pdf/7136586/AT-60-M-sf----.RS6.pdf,https://media.aws.iaaf.org/competitiondocuments/pdf/7136586/AT-60-M-sf--1--.RS1.pdf,https://worldathletics.org/competitions/world-athletics-indoor-championships/world-athletics-indoor-championships-7136586/results/men/60-metres/semi-finals/result,2026-09-29T09:36:25Z,,,,,1,,False,False,"ready time missing/out of range; hold > 2.0 s: 'set' marker outside the plot window, OCR value not cross-checked; WIC2025 holds are systematically long (median ~3.2 s): the 'ready' trigger may differ at this meet; do not pool without checking; lane RT OCR matched 0/1",0,
WIC2025-60m-M-SF-H2,WIC,2025,60m,M,SF,2,2025-03-21,20:11,20:13,Asia/Shanghai,8,8,8,,0,0,0,0,,0,,Seiko,Semi-Finals,48828,First 2 of each heat (Q) plus 2 fastest times (q) qualify to Final,https://media.aws.iaaf.org/competitiondocuments/waveform/7136586/M_60_sf_2.jpg,,https://media.aws.iaaf.org/competitiondocuments/photofinish/7136586/M_60_sf_2.jpg,https://media.aws.iaaf.org/competitiondocuments/pdf/7136586/AT-60-M-sf----.RS6.pdf,https://media.aws.iaaf.org/competitiondocuments/pdf/7136586/AT-60-M-sf--2--.RS1.pdf,https://worldathletics.org/competitions/world-athletics-indoor-championships/world-athletics-indoor-championships-7136586/results/men/60-metres/semi-finals/result,2026-09-29T09:36:25Z,,,,,1,3.068,True,False,"hold > 2.0 s: 'set' marker outside the plot window, OCR value not cross-checked; unusually long hold (> 3.0 s); WIC2025 holds are systematically long (median ~3.2 s): the 'ready' trigger may differ at this meet; do not pool without checking",0,
WIC2025-60m-M-SF-H3,WIC,2025,60m,M,SF,3,2025-03-21,20:19,20:19,Asia/Shanghai,8,8,8,,0,0,0,0,,0,,Seiko,Semi-Finals,48829,First 2 of each heat (Q) plus 2 fastest times (q) qualify to Final,https://media.aws.iaaf.org/competitiondocuments/waveform/7136586/M_60_sf_3.jpg,,https://media.aws.iaaf.org/competitiondocuments/photofinish/7136586/M_60_sf_3.jpg,https://media.aws.iaaf.org/competitiondocuments/pdf/7136586/AT-60-M-sf----.RS6.pdf,https://media.aws.iaaf.org/competitiondocuments/pdf/7136586/AT-60-M-sf--3--.RS1.pdf,https://worldathletics.org/competitions/world-athletics-indoor-championships/world-athletics-indoor-championships-7136586/results/men/60-metres/semi-finals/result,2026-09-29T09:36:25Z,,,,,1,3.52,True,False,"hold > 2.0 s: 'set' marker outside the plot window, OCR value not cross-checked; unusually long hold (> 3.0 s); WIC2025 holds are systematically long (median ~3.2 s): the 'ready' trigger may differ at this meet; do not pool without checking",0,
WIC2025-60m-M-F-H1,WIC,2025,60m,M,F,1,2025-03-21,21:24,21:25,Asia/Shanghai,8,8,8,,0,0,0,1,,0,,Seiko,Final,48703,,https://media.aws.iaaf.org/competitiondocuments/waveform/7136586/M_60_f_1.jpg,,https://media.aws.iaaf.org/competitiondocuments/photofinish/7136586/M_60_f_1.jpg,https://media.aws.iaaf.org/competitiondocuments/pdf/7136586/AT-60-M-f----.RS6.pdf,,https://worldathletics.org/competitions/world-athletics-indoor-championships/world-athletics-indoor-championships-7136586/results/men/60-metres/final/result,2026-09-29T09:36:19Z,,,,,1,3.059,True,False,"hold > 2.0 s: 'set' marker outside the plot window, OCR value not cross-checked; unusually long hold (> 3.0 s); WIC2025 holds are systematically long (median ~3.2 s): the 'ready' trigger may differ at this meet; do not pool without checking",0,
WIC2025-60m-W-R1-H1,WIC,2025,60m,W,R1,1,2025-03-22,11:15,11:16,Asia/Shanghai,7,6,6,,0,0,1,0,,0,,Seiko,Round 1,48732,First 3 of each heat (Q) plus 6 fastest times (q) qualify to Semi-Final,https://media.aws.iaaf.org/competitiondocuments/waveform/7136586/W_60_h_1.jpg,,https://media.aws.iaaf.org/competitiondocuments/photofinish/7136586/W_60_h_1.jpg,https://media.aws.iaaf.org/competitiondocuments/pdf/7136586/AT-60-W-h----.RS6.pdf,https://media.aws.iaaf.org/competitiondocuments/pdf/7136586/AT-60-W-h--1--.RS1.pdf,https://worldathletics.org/competitions/world-athletics-indoor-championships/world-athletics-indoor-championships-7136586/results/women/60-metres/round-1/result,2026-09-29T09:36:31Z,,,,,1,3.881,True,False,"hold > 2.0 s: 'set' marker outside the plot window, OCR value not cross-checked; unusually long hold (> 3.0 s); WIC2025 holds are systematically long (median ~3.2 s): the 'ready' trigger may differ at this meet; do not pool without checking",0,
WIC2025-60m-W-R1-H2,WIC,2025,60m,W,R1,2,2025-03-22,11:22,11:22,Asia/Shanghai,7,7,7,,0,0,0,0,,0,,Seiko,Round 1,48850,First 3 of each heat (Q) plus 6 fastest times (q) qualify to Semi-Final,https://media.aws.iaaf.org/competitiondocuments/waveform/7136586/W_60_h_2.jpg,,https://media.aws.iaaf.org/competitiondocuments/photofinish/7136586/W_60_h_2.jpg,https://media.aws.iaaf.org/competitiondocuments/pdf/7136586/AT-60-W-h----.RS6.pdf,https://media.aws.iaaf.org/competitiondocuments/pdf/7136586/AT-60-W-h--2--.RS1.pdf,https://worldathletics.org/competitions/world-athletics-indoor-championships/world-athletics-indoor-championships-7136586/results/women/60-metres/round-1/result,2026-09-29T09:36:31Z,,,,,1,3.704,True,False,"hold > 2.0 s: 'set' marker outside the plot window, OCR value not cross-checked; unusually long hold (> 3.0 s); WIC2025 holds are systematically long (median ~3.2 s): the 'ready' trigger may differ at this meet; do not pool without checking",0,
WIC2025-60m-W-R1-H3,WIC,2025,60m,W,R1,3,2025-03-22,11:29,11:29,Asia/Shanghai,7,7,7,,0,0,0,0,,0,,Seiko,Round 1,48851,First 3 of each heat (Q) plus 6 fastest times (q) qualify to Semi-Final,https://media.aws.iaaf.org/competitiondocuments/waveform/7136586/W_60_h_3.jpg,,https://media.aws.iaaf.org/competitiondocuments/photofinish/7136586/W_60_h_3.jpg,https://media.aws.iaaf.org/competitiondocuments/pdf/7136586/AT-60-W-h----.RS6.pdf,https://media.aws.iaaf.org/competitiondocuments/pdf/7136586/AT-60-W-h--3--.RS1.pdf,https://worldathletics.org/competitions/world-athletics-indoor-championships/world-athletics-indoor-championships-7136586/results/women/60-metres/round-1/result,2026-09-29T09:36:31Z,,,,,1,3.21,True,False,"hold > 2.0 s: 'set' marker outside the plot window, OCR value not cross-checked; unusually long hold (> 3.0 s); WIC2025 holds are systematically long (median ~3.2 s): the 'ready' trigger may differ at this meet; do not pool without checking",0,
WIC2025-60m-W-R1-H4,WIC,2025,60m,W,R1,4,2025-03-22,11:36,11:35,Asia/Shanghai,7,7,7,,0,0,0,0,,0,,Seiko,Round 1,48852,First 3 of each heat (Q) plus 6 fastest times (q) qualify to Semi-Final,https://media.aws.iaaf.org/competitiondocuments/waveform/7136586/W_60_h_4.jpg,,https://media.aws.iaaf.org/competitiondocuments/photofinish/7136586/W_60_h_4.jpg,https://media.aws.iaaf.org/competitiondocuments/pdf/7136586/AT-60-W-h----.RS6.pdf,https://media.aws.iaaf.org/competitiondocuments/pdf/7136586/AT-60-W-h--4--.RS1.pdf,https://worldathletics.org/competitions/world-athletics-indoor-championships/world-athletics-indoor-championships-7136586/results/women/60-metres/round-1/result,2026-09-29T09:36:31Z,,,,,1,2.114,True,False,"hold > 2.0 s: 'set' marker outside the plot window, OCR value not cross-checked; WIC2025 holds are systematically long (median ~3.2 s): the 'ready' trigger may differ at this meet; do not pool without checking",0,
WIC2025-60m-W-R1-H5,WIC,2025,60m,W,R1,5,2025-03-22,11:43,11:44,Asia/Shanghai,7,7,7,,0,0,0,0,,0,,Seiko,Round 1,48853,First 3 of each heat (Q) plus 6 fastest times (q) qualify to Semi-Final,https://media.aws.iaaf.org/competitiondocuments/waveform/7136586/W_60_h_5.jpg,,https://media.aws.iaaf.org/competitiondocuments/photofinish/7136586/W_60_h_5.jpg,https://media.aws.iaaf.org/competitiondocuments/pdf/7136586/AT-60-W-h----.RS6.pdf,https://media.aws.iaaf.org/competitiondocuments/pdf/7136586/AT-60-W-h--5--.RS1.pdf,https://worldathletics.org/competitions/world-athletics-indoor-championships/world-athletics-indoor-championships-7136586/results/women/60-metres/round-1/result,2026-09-29T09:36:31Z,,,,,1,3.307,True,False,"hold > 2.0 s: 'set' marker outside the plot window, OCR value not cross-checked; unusually long hold (> 3.0 s); WIC2025 holds are systematically long (median ~3.2 s): the 'ready' trigger may differ at this meet; do not pool without checking",0,
WIC2025-60m-W-R1-H6,WIC,2025,60m,W,R1,6,2025-03-22,11:50,11:50,Asia/Shanghai,7,7,7,,0,0,0,0,,0,,Seiko,Round 1,48854,First 3 of each heat (Q) plus 6 fastest times (q) qualify to Semi-Final,https://media.aws.iaaf.org/competitiondocuments/waveform/7136586/W_60_h_6.jpg,,https://media.aws.iaaf.org/competitiondocuments/photofinish/7136586/W_60_h_6.jpg,https://media.aws.iaaf.org/competitiondocuments/pdf/7136586/AT-60-W-h----.RS6.pdf,https://media.aws.iaaf.org/competitiondocuments/pdf/7136586/AT-60-W-h--6--.RS1.pdf,https://worldathletics.org/competitions/world-athletics-indoor-championships/world-athletics-indoor-championships-7136586/results/women/60-metres/round-1/result,2026-09-29T09:36:31Z,,,,,1,3.359,True,False,"hold > 2.0 s: 'set' marker outside the plot window, OCR value not cross-checked; unusually long hold (> 3.0 s); WIC2025 holds are systematically long (median ~3.2 s): the 'ready' trigger may differ at this meet; do not pool without checking",0,
WIC2025-60m-W-SF-H1,WIC,2025,60m,W,SF,1,2025-03-22,20:15,20:17,Asia/Shanghai,8,8,8,,0,0,0,0,,0,,Seiko,Semi-Finals,48733,First 2 of each heat (Q) plus 2 fastest times (q) qualify to Final,https://media.aws.iaaf.org/competitiondocuments/waveform/7136586/W_60_sf_1.jpg,,https://media.aws.iaaf.org/competitiondocuments/photofinish/7136586/W_60_sf_1.jpg,https://media.aws.iaaf.org/competitiondocuments/pdf/7136586/AT-60-W-sf----.RS6.pdf,https://media.aws.iaaf.org/competitiondocuments/pdf/7136586/AT-60-W-sf--1--.RS1.pdf,https://worldathletics.org/competitions/world-athletics-indoor-championships/world-athletics-indoor-championships-7136586/results/women/60-metres/semi-finals/result,2026-09-29T09:36:33Z,,,,,1,3.844,True,False,"hold > 2.0 s: 'set' marker outside the plot window, OCR value not cross-checked; unusually long hold (> 3.0 s); WIC2025 holds are systematically long (median ~3.2 s): the 'ready' trigger may differ at this meet; do not pool without checking",0,
WIC2025-60m-W-SF-H2,WIC,2025,60m,W,SF,2,2025-03-22,20:23,20:23,Asia/Shanghai,8,8,8,,0,0,0,0,,0,,Seiko,Semi-Finals,48856,First 2 of each heat (Q) plus 2 fastest times (q) qualify to Final,https://media.aws.iaaf.org/competitiondocuments/waveform/7136586/W_60_sf_2.jpg,,https://media.aws.iaaf.org/competitiondocuments/photofinish/7136586/W_60_sf_2.jpg,https://media.aws.iaaf.org/competitiondocuments/pdf/7136586/AT-60-W-sf----.RS6.pdf,https://media.aws.iaaf.org/competitiondocuments/pdf/7136586/AT-60-W-sf--2--.RS1.pdf,https://worldathletics.org/competitions/world-athletics-indoor-championships/world-athletics-indoor-championships-7136586/results/women/60-metres/semi-finals/result,2026-09-29T09:36:33Z,,,,,1,3.014,True,False,"hold > 2.0 s: 'set' marker outside the plot window, OCR value not cross-checked; unusually long hold (> 3.0 s); WIC2025 holds are systematically long (median ~3.2 s): the 'ready' trigger may differ at this meet; do not pool without checking",0,
WIC2025-60m-W-SF-H3,WIC,2025,60m,W,SF,3,2025-03-22,20:31,20:31,Asia/Shanghai,8,8,8,,0,0,0,0,,0,,Seiko,Semi-Finals,48857,First 2 of each heat (Q) plus 2 fastest times (q) qualify to Final,https://media.aws.iaaf.org/competitiondocuments/waveform/7136586/W_60_sf_3.jpg,,https://media.aws.iaaf.org/competitiondocuments/photofinish/7136586/W_60_sf_3.jpg,https://media.aws.iaaf.org/competitiondocuments/pdf/7136586/AT-60-W-sf----.RS6.pdf,https://media.aws.iaaf.org/competitiondocuments/pdf/7136586/AT-60-W-sf--3--.RS1.pdf,https://worldathletics.org/competitions/world-athletics-indoor-championships/world-athletics-indoor-championships-7136586/results/women/60-metres/semi-finals/result,2026-09-29T09:36:33Z,,,,,1,3.098,True,False,"hold > 2.0 s: 'set' marker outside the plot window, OCR value not cross-checked; unusually long hold (> 3.0 s); WIC2025 holds are systematically long (median ~3.2 s): the 'ready' trigger may differ at this meet; do not pool without checking",0,
WIC2025-60m-W-F-H1,WIC,2025,60m,W,F,1,2025-03-22,21:18,21:18,Asia/Shanghai,8,8,8,,0,0,0,0,,0,,Seiko,Final,48731,,https://media.aws.iaaf.org/competitiondocuments/waveform/7136586/W_60_f_1.jpg,,https://media.aws.iaaf.org/competitiondocuments/photofinish/7136586/W_60_f_1.jpg,https://media.aws.iaaf.org/competitiondocuments/pdf/7136586/AT-60-W-f----.RS6.pdf,,https://worldathletics.org/competitions/world-athletics-indoor-championships/world-athletics-indoor-championships-7136586/results/women/60-metres/final/result,2026-09-29T09:36:28Z,,,,,1,2.714,True,False,"hold > 2.0 s: 'set' marker outside the plot window, OCR value not cross-checked; WIC2025 holds are systematically long (median ~3.2 s): the 'ready' trigger may differ at this meet; do not pool without checking",0,
WIC2025-60mH-M-R1-H1,WIC,2025,60mH,M,R1,1,2025-03-22,10:25,10:25,Asia/Shanghai,7,7,6,,0,0,0,0,,0,,Seiko,Round 1,48708,First 4 of each heat (Q) plus 4 fastest times (q) qualify to Semi-Final,https://media.aws.iaaf.org/competitiondocuments/waveform/7136586/M_60H_h_1.jpg,,https://media.aws.iaaf.org/competitiondocuments/photofinish/7136586/M_60H_h_1.jpg,https://media.aws.iaaf.org/competitiondocuments/pdf/7136586/AT-60H-M-h----.RS6.pdf,https://media.aws.iaaf.org/competitiondocuments/pdf/7136586/AT-60H-M-h--1--.RS1.pdf,https://worldathletics.org/competitions/world-athletics-indoor-championships/world-athletics-indoor-championships-7136586/results/men/60-metres-hurdles/round-1/result,2026-09-29T09:36:39Z,,,,,1,1.862,True,True,WIC2025 holds are systematically long (median ~3.2 s): the 'ready' trigger may differ at this meet; do not pool without checking,0,
WIC2025-60mH-M-R1-H2,WIC,2025,60mH,M,R1,2,2025-03-22,10:34,10:35,Asia/Shanghai,6,6,6,,0,0,0,0,,0,,Seiko,Round 1,48831,First 4 of each heat (Q) plus 4 fastest times (q) qualify to Semi-Final,https://media.aws.iaaf.org/competitiondocuments/waveform/7136586/M_60H_h_2.jpg,,https://media.aws.iaaf.org/competitiondocuments/photofinish/7136586/M_60H_h_2.jpg,https://media.aws.iaaf.org/competitiondocuments/pdf/7136586/AT-60H-M-h----.RS6.pdf,https://media.aws.iaaf.org/competitiondocuments/pdf/7136586/AT-60H-M-h--2--.RS1.pdf,https://worldathletics.org/competitions/world-athletics-indoor-championships/world-athletics-indoor-championships-7136586/results/men/60-metres-hurdles/round-1/result,2026-09-29T09:36:39Z,,,,,1,3.197,True,False,"hold > 2.0 s: 'set' marker outside the plot window, OCR value not cross-checked; unusually long hold (> 3.0 s); WIC2025 holds are systematically long (median ~3.2 s): the 'ready' trigger may differ at this meet; do not pool without checking",0,
WIC2025-60mH-M-R1-H3,WIC,2025,60mH,M,R1,3,2025-03-22,10:43,10:43,Asia/Shanghai,6,6,6,,0,1,0,1,"Jonáš KOLOMAZNIK (CZE, lane 2, DQ, RT 0.135)",0,,Seiko,Round 1,48832,First 4 of each heat (Q) plus 4 fastest times (q) qualify to Semi-Final,https://media.aws.iaaf.org/competitiondocuments/waveform/7136586/M_60H_h_3.jpg,https://media.aws.iaaf.org/competitiondocuments/OfficiatingVideos/7136586/M_60H_h_3.mp4,https://media.aws.iaaf.org/competitiondocuments/photofinish/7136586/M_60H_h_3.jpg,https://media.aws.iaaf.org/competitiondocuments/pdf/7136586/AT-60H-M-h----.RS6.pdf,https://media.aws.iaaf.org/competitiondocuments/pdf/7136586/AT-60H-M-h--3--.RS1.pdf,https://worldathletics.org/competitions/world-athletics-indoor-championships/world-athletics-indoor-championships-7136586/results/men/60-metres-hurdles/round-1/result,2026-09-29T09:36:39Z,,,,WA Rule TR17.1.2[O] - Obstruction / 干扰他人,,,False,False,"OCR heat 2 != 3; hold > 2.0 s: 'set' marker outside the plot window, OCR value not cross-checked; unusually long hold (> 3.0 s); WIC2025 holds are systematically long (median ~3.2 s): the 'ready' trigger may differ at this meet; do not pool without checking",0,
WIC2025-60mH-M-R1-H4,WIC,2025,60mH,M,R1,4,2025-03-22,10:52,10:52,Asia/Shanghai,7,7,7,,0,0,0,0,,0,,Seiko,Round 1,48833,First 4 of each heat (Q) plus 4 fastest times (q) qualify to Semi-Final,https://media.aws.iaaf.org/competitiondocuments/waveform/7136586/M_60H_h_4.jpg,https://media.aws.iaaf.org/competitiondocuments/OfficiatingVideos/7136586/M_60H_h_4.mp4,https://media.aws.iaaf.org/competitiondocuments/photofinish/7136586/M_60H_h_4.jpg,https://media.aws.iaaf.org/competitiondocuments/pdf/7136586/AT-60H-M-h----.RS6.pdf,https://media.aws.iaaf.org/competitiondocuments/pdf/7136586/AT-60H-M-h--4--.RS1.pdf,https://worldathletics.org/competitions/world-athletics-indoor-championships/world-athletics-indoor-championships-7136586/results/men/60-metres-hurdles/round-1/result,2026-09-29T09:36:39Z,,,,,1,2.91,True,False,"hold > 2.0 s: 'set' marker outside the plot window, OCR value not cross-checked; WIC2025 holds are systematically long (median ~3.2 s): the 'ready' trigger may differ at this meet; do not pool without checking",0,
WIC2025-60mH-M-R1-H5,WIC,2025,60mH,M,R1,5,2025-03-22,11:01,11:05,Asia/Shanghai,8,8,8,,0,0,0,0,,0,,Seiko,Round 1,48869,First 4 of each heat (Q) plus 4 fastest times (q) qualify to Semi-Final,https://media.aws.iaaf.org/competitiondocuments/waveform/7136586/M_60H_h_5.jpg,,https://media.aws.iaaf.org/competitiondocuments/photofinish/7136586/M_60H_h_5.jpg,https://media.aws.iaaf.org/competitiondocuments/pdf/7136586/AT-60H-M-h----.RS6.pdf,https://media.aws.iaaf.org/competitiondocuments/pdf/7136586/AT-60H-M-h--5--.RS1.pdf,https://worldathletics.org/competitions/world-athletics-indoor-championships/world-athletics-indoor-championships-7136586/results/men/60-metres-hurdles/round-1/result,2026-09-29T09:36:39Z,,,,,1,2.672,True,False,"hold > 2.0 s: 'set' marker outside the plot window, OCR value not cross-checked; WIC2025 holds are systematically long (median ~3.2 s): the 'ready' trigger may differ at this meet; do not pool without checking",0,
WIC2025-60mH-M-SF-H1,WIC,2025,60mH,M,SF,1,2025-03-22,19:50,19:51,Asia/Shanghai,8,8,8,,0,1,0,0,"Cameron MURRAY (USA, lane 5, DQ, RT 0.127)",0,,Seiko,Semi-Finals,48709,First 2 of each heat (Q) plus 2 fastest times (q) qualify to Final,https://media.aws.iaaf.org/competitiondocuments/waveform/7136586/M_60H_sf_1.jpg,https://media.aws.iaaf.org/competitiondocuments/OfficiatingVideos/7136586/M_60H_sf_1.mp4,https://media.aws.iaaf.org/competitiondocuments/photofinish/7136586/M_60H_sf_1.jpg,https://media.aws.iaaf.org/competitiondocuments/pdf/7136586/AT-60H-M-sf----.RS6.pdf,https://media.aws.iaaf.org/competitiondocuments/pdf/7136586/AT-60H-M-sf--1--.RS1.pdf,https://worldathletics.org/competitions/world-athletics-indoor-championships/world-athletics-indoor-championships-7136586/results/men/60-metres-hurdles/semi-finals/result,2026-09-29T09:36:42Z,,,,WA Rule TR22.6.2[K] - Knocking down a hurdle in an illegal way / 以非法方式撞倒跨栏,1,2.314,True,False,"hold > 2.0 s: 'set' marker outside the plot window, OCR value not cross-checked; WIC2025 holds are systematically long (median ~3.2 s): the 'ready' trigger may differ at this meet; do not pool without checking",0,
WIC2025-60mH-M-SF-H2,WIC,2025,60mH,M,SF,2,2025-03-22,19:58,19:58,Asia/Shanghai,8,8,8,,0,0,0,0,,0,,Seiko,Semi-Finals,48836,First 2 of each heat (Q) plus 2 fastest times (q) qualify to Final,https://media.aws.iaaf.org/competitiondocuments/waveform/7136586/M_60H_sf_2.jpg,https://media.aws.iaaf.org/competitiondocuments/OfficiatingVideos/7136586/M_60H_sf_2.mp4,https://media.aws.iaaf.org/competitiondocuments/photofinish/7136586/M_60H_sf_2.jpg,https://media.aws.iaaf.org/competitiondocuments/pdf/7136586/AT-60H-M-sf----.RS6.pdf,https://media.aws.iaaf.org/competitiondocuments/pdf/7136586/AT-60H-M-sf--2--.RS1.pdf,https://worldathletics.org/competitions/world-athletics-indoor-championships/world-athletics-indoor-championships-7136586/results/men/60-metres-hurdles/semi-finals/result,2026-09-29T09:36:42Z,,,,,1,3.098,True,False,"hold > 2.0 s: 'set' marker outside the plot window, OCR value not cross-checked; unusually long hold (> 3.0 s); WIC2025 holds are systematically long (median ~3.2 s): the 'ready' trigger may differ at this meet; do not pool without checking",0,
WIC2025-60mH-M-SF-H3,WIC,2025,60mH,M,SF,3,2025-03-22,20:06,20:07,Asia/Shanghai,8,8,8,,0,0,0,1,,0,,Seiko,Semi-Finals,48837,First 2 of each heat (Q) plus 2 fastest times (q) qualify to Final,https://media.aws.iaaf.org/competitiondocuments/waveform/7136586/M_60H_sf_3.jpg,,https://media.aws.iaaf.org/competitiondocuments/photofinish/7136586/M_60H_sf_3.jpg,https://media.aws.iaaf.org/competitiondocuments/pdf/7136586/AT-60H-M-sf----.RS6.pdf,https://media.aws.iaaf.org/competitiondocuments/pdf/7136586/AT-60H-M-sf--3--.RS1.pdf,https://worldathletics.org/competitions/world-athletics-indoor-championships/world-athletics-indoor-championships-7136586/results/men/60-metres-hurdles/semi-finals/result,2026-09-29T09:36:42Z,,,,,1,3.896,True,False,"hold > 2.0 s: 'set' marker outside the plot window, OCR value not cross-checked; unusually long hold (> 3.0 s); WIC2025 holds are systematically long (median ~3.2 s): the 'ready' trigger may differ at this meet; do not pool without checking",0,
WIC2025-60mH-M-F-H1,WIC,2025,60mH,M,F,1,2025-03-22,21:05,21:06,Asia/Shanghai,8,8,8,,0,0,0,0,,0,,Seiko,Final,48707,,https://media.aws.iaaf.org/competitiondocuments/waveform/7136586/M_60H_f_1.jpg,,https://media.aws.iaaf.org/competitiondocuments/photofinish/7136586/M_60H_f_1.jpg,https://media.aws.iaaf.org/competitiondocuments/pdf/7136586/AT-60H-M-f----.RS6.pdf,,https://worldathletics.org/competitions/world-athletics-indoor-championships/world-athletics-indoor-championships-7136586/results/men/60-metres-hurdles/final/result,2026-09-29T09:36:36Z,,,,,1,3.246,True,False,"hold > 2.0 s: 'set' marker outside the plot window, OCR value not cross-checked; unusually long hold (> 3.0 s); WIC2025 holds are systematically long (median ~3.2 s): the 'ready' trigger may differ at this meet; do not pool without checking",0,
WIC2025-60mH-W-R1-H1,WIC,2025,60mH,W,R1,1,2025-03-23,10:25,10:25,Asia/Shanghai,7,7,7,,0,0,0,0,,0,,Seiko,Round 1,48735,First 4 of each heat (Q) plus 4 fastest times (q) qualify to Semi-Final,https://media.aws.iaaf.org/competitiondocuments/waveform/7136586/W_60H_h_1.jpg,,https://media.aws.iaaf.org/competitiondocuments/photofinish/7136586/W_60H_h_1.jpg,https://media.aws.iaaf.org/competitiondocuments/pdf/7136586/AT-60H-W-h----.RS6.pdf,https://media.aws.iaaf.org/competitiondocuments/pdf/7136586/AT-60H-W-h--1--.RS1.pdf,https://worldathletics.org/competitions/world-athletics-indoor-championships/world-athletics-indoor-championships-7136586/results/women/60-metres-hurdles/round-1/result,2026-09-29T09:36:47Z,,,,,1,3.608,True,False,"hold > 2.0 s: 'set' marker outside the plot window, OCR value not cross-checked; unusually long hold (> 3.0 s); WIC2025 holds are systematically long (median ~3.2 s): the 'ready' trigger may differ at this meet; do not pool without checking",0,
WIC2025-60mH-W-R1-H2,WIC,2025,60mH,W,R1,2,2025-03-23,10:33,10:33,Asia/Shanghai,7,7,7,,0,0,0,0,,0,,Seiko,Round 1,48858,First 4 of each heat (Q) plus 4 fastest times (q) qualify to Semi-Final,https://media.aws.iaaf.org/competitiondocuments/waveform/7136586/W_60H_h_2.jpg,,https://media.aws.iaaf.org/competitiondocuments/photofinish/7136586/W_60H_h_2.jpg,https://media.aws.iaaf.org/competitiondocuments/pdf/7136586/AT-60H-W-h----.RS6.pdf,https://media.aws.iaaf.org/competitiondocuments/pdf/7136586/AT-60H-W-h--2--.RS1.pdf,https://worldathletics.org/competitions/world-athletics-indoor-championships/world-athletics-indoor-championships-7136586/results/women/60-metres-hurdles/round-1/result,2026-09-29T09:36:47Z,,,,,1,3.962,True,False,"hold > 2.0 s: 'set' marker outside the plot window, OCR value not cross-checked; unusually long hold (> 3.0 s); WIC2025 holds are systematically long (median ~3.2 s): the 'ready' trigger may differ at this meet; do not pool without checking",0,
WIC2025-60mH-W-R1-H3,WIC,2025,60mH,W,R1,3,2025-03-23,10:41,10:42,Asia/Shanghai,7,7,7,,0,0,0,0,,0,,Seiko,Round 1,48859,First 4 of each heat (Q) plus 4 fastest times (q) qualify to Semi-Final,https://media.aws.iaaf.org/competitiondocuments/waveform/7136586/W_60H_h_3.jpg,,https://media.aws.iaaf.org/competitiondocuments/photofinish/7136586/W_60H_h_3.jpg,https://media.aws.iaaf.org/competitiondocuments/pdf/7136586/AT-60H-W-h----.RS6.pdf,https://media.aws.iaaf.org/competitiondocuments/pdf/7136586/AT-60H-W-h--3--.RS1.pdf,https://worldathletics.org/competitions/world-athletics-indoor-championships/world-athletics-indoor-championships-7136586/results/women/60-metres-hurdles/round-1/result,2026-09-29T09:36:47Z,,,,,1,4.239,True,False,"hold > 2.0 s: 'set' marker outside the plot window, OCR value not cross-checked; unusually long hold (> 3.0 s); WIC2025 holds are systematically long (median ~3.2 s): the 'ready' trigger may differ at this meet; do not pool without checking",0,
WIC2025-60mH-W-R1-H4,WIC,2025,60mH,W,R1,4,2025-03-23,10:49,10:49,Asia/Shanghai,7,7,7,,0,0,0,0,,0,,Seiko,Round 1,48860,First 4 of each heat (Q) plus 4 fastest times (q) qualify to Semi-Final,https://media.aws.iaaf.org/competitiondocuments/waveform/7136586/W_60H_h_4.jpg,,https://media.aws.iaaf.org/competitiondocuments/photofinish/7136586/W_60H_h_4.jpg,https://media.aws.iaaf.org/competitiondocuments/pdf/7136586/AT-60H-W-h----.RS6.pdf,https://media.aws.iaaf.org/competitiondocuments/pdf/7136586/AT-60H-W-h--4--.RS1.pdf,https://worldathletics.org/competitions/world-athletics-indoor-championships/world-athletics-indoor-championships-7136586/results/women/60-metres-hurdles/round-1/result,2026-09-29T09:36:47Z,,,,,1,3.678,True,False,"hold > 2.0 s: 'set' marker outside the plot window, OCR value not cross-checked; unusually long hold (> 3.0 s); WIC2025 holds are systematically long (median ~3.2 s): the 'ready' trigger may differ at this meet; do not pool without checking",0,
WIC2025-60mH-W-R1-H5,WIC,2025,60mH,W,R1,5,2025-03-23,10:57,10:57,Asia/Shanghai,7,7,7,,0,0,0,0,,0,,Seiko,Round 1,48861,First 4 of each heat (Q) plus 4 fastest times (q) qualify to Semi-Final,https://media.aws.iaaf.org/competitiondocuments/waveform/7136586/W_60H_h_5.jpg,,,https://media.aws.iaaf.org/competitiondocuments/pdf/7136586/AT-60H-W-h----.RS6.pdf,https://media.aws.iaaf.org/competitiondocuments/pdf/7136586/AT-60H-W-h--5--.RS1.pdf,https://worldathletics.org/competitions/world-athletics-indoor-championships/world-athletics-indoor-championships-7136586/results/women/60-metres-hurdles/round-1/result,2026-09-29T09:36:47Z,,,,,1,3.865,True,False,"hold > 2.0 s: 'set' marker outside the plot window, OCR value not cross-checked; unusually long hold (> 3.0 s); WIC2025 holds are systematically long (median ~3.2 s): the 'ready' trigger may differ at this meet; do not pool without checking",0,
WIC2025-60mH-W-SF-H1,WIC,2025,60mH,W,SF,1,2025-03-23,19:35,19:35,Asia/Shanghai,8,8,8,,0,0,0,0,,0,,Seiko,Semi-Finals,48736,First 2 of each heat (Q) plus 2 fastest times (q) qualify to Final,https://media.aws.iaaf.org/competitiondocuments/waveform/7136586/W_60H_sf_1.jpg,https://media.aws.iaaf.org/competitiondocuments/OfficiatingVideos/7136586/W_60H_sf_1.mp4,https://media.aws.iaaf.org/competitiondocuments/photofinish/7136586/W_60H_sf_1.jpg,https://media.aws.iaaf.org/competitiondocuments/pdf/7136586/AT-60H-W-sf----.RS6.pdf,https://media.aws.iaaf.org/competitiondocuments/pdf/7136586/AT-60H-W-sf--1--.RS1.pdf,https://worldathletics.org/competitions/world-athletics-indoor-championships/world-athletics-indoor-championships-7136586/results/women/60-metres-hurdles/semi-finals/result,2026-09-29T09:36:50Z,,,,,1,3.268,True,False,"hold > 2.0 s: 'set' marker outside the plot window, OCR value not cross-checked; unusually long hold (> 3.0 s); WIC2025 holds are systematically long (median ~3.2 s): the 'ready' trigger may differ at this meet; do not pool without checking",0,
WIC2025-60mH-W-SF-H2,WIC,2025,60mH,W,SF,2,2025-03-23,19:43,19:45,Asia/Shanghai,8,8,8,,0,0,0,0,,0,,Seiko,Semi-Finals,48862,First 2 of each heat (Q) plus 2 fastest times (q) qualify to Final,https://media.aws.iaaf.org/competitiondocuments/waveform/7136586/W_60H_sf_2.jpg,,https://media.aws.iaaf.org/competitiondocuments/photofinish/7136586/W_60H_sf_2.jpg,https://media.aws.iaaf.org/competitiondocuments/pdf/7136586/AT-60H-W-sf----.RS6.pdf,https://media.aws.iaaf.org/competitiondocuments/pdf/7136586/AT-60H-W-sf--2--.RS1.pdf,https://worldathletics.org/competitions/world-athletics-indoor-championships/world-athletics-indoor-championships-7136586/results/women/60-metres-hurdles/semi-finals/result,2026-09-29T09:36:50Z,,,,,1,3.25,True,False,"hold > 2.0 s: 'set' marker outside the plot window, OCR value not cross-checked; unusually long hold (> 3.0 s); WIC2025 holds are systematically long (median ~3.2 s): the 'ready' trigger may differ at this meet; do not pool without checking",0,
WIC2025-60mH-W-SF-H3,WIC,2025,60mH,W,SF,3,2025-03-23,19:51,19:51,Asia/Shanghai,8,8,8,,0,1,0,0,"Micaela Rosa DE MELLO (BRA, lane 2, DQ, RT 0.168)",0,,Seiko,Semi-Finals,48863,First 2 of each heat (Q) plus 2 fastest times (q) qualify to Final,https://media.aws.iaaf.org/competitiondocuments/waveform/7136586/W_60H_sf_3.jpg,https://media.aws.iaaf.org/competitiondocuments/OfficiatingVideos/7136586/W_60H_sf_3.mp4,https://media.aws.iaaf.org/competitiondocuments/photofinish/7136586/W_60H_sf_3.jpg,https://media.aws.iaaf.org/competitiondocuments/pdf/7136586/AT-60H-W-sf----.RS6.pdf,https://media.aws.iaaf.org/competitiondocuments/pdf/7136586/AT-60H-W-sf--3--.RS1.pdf,https://worldathletics.org/competitions/world-athletics-indoor-championships/world-athletics-indoor-championships-7136586/results/women/60-metres-hurdles/semi-finals/result,2026-09-29T09:36:50Z,,,,WA Rule TR22.6.2[K] - Knocking down a hurdle in an illegal way / 以非法方式撞倒跨栏,1,3.523,True,False,"hold > 2.0 s: 'set' marker outside the plot window, OCR value not cross-checked; unusually long hold (> 3.0 s); WIC2025 holds are systematically long (median ~3.2 s): the 'ready' trigger may differ at this meet; do not pool without checking",0,
WIC2025-60mH-W-F-H1,WIC,2025,60mH,W,F,1,2025-03-23,21:01,21:02,Asia/Shanghai,8,8,8,,0,0,0,0,,0,,Seiko,Final,48734,,https://media.aws.iaaf.org/competitiondocuments/waveform/7136586/W_60H_f_1.jpg,,https://media.aws.iaaf.org/competitiondocuments/photofinish/7136586/W_60H_f_1.jpg,https://media.aws.iaaf.org/competitiondocuments/pdf/7136586/AT-60H-W-f----.RS6.pdf,,https://worldathletics.org/competitions/world-athletics-indoor-championships/world-athletics-indoor-championships-7136586/results/women/60-metres-hurdles/final/result,2026-09-29T09:36:45Z,,,,,1,3.437,True,False,"hold > 2.0 s: 'set' marker outside the plot window, OCR value not cross-checked; unusually long hold (> 3.0 s); WIC2025 holds are systematically long (median ~3.2 s): the 'ready' trigger may differ at this meet; do not pool without checking",0,
