fiore_row,comp,year,event,sex,round_guess,race_id,athlete,lane,match_pairs,batch_n,runner_up_pairs,map_note,row_note,source_url
1,WCH,2022,110mH,M,R1,WCH2022-110mH-M-R1-H1,Trey CUNNINGHAM,4,8,8,0,,,https://github.com/ofiore/Thesis/blob/3cf1db7adebb493f3a5c2e957a1b09cf0986a7cd/Data/rxntime.csv
2,WCH,2022,110mH,M,R1,WCH2022-110mH-M-R1-H1,Rasheed BROADBELL,8,8,8,0,,,https://github.com/ofiore/Thesis/blob/3cf1db7adebb493f3a5c2e957a1b09cf0986a7cd/Data/rxntime.csv
3,WCH,2022,110mH,M,R1,WCH2022-110mH-M-R1-H1,Andrew POZZI,2,8,8,0,,,https://github.com/ofiore/Thesis/blob/3cf1db7adebb493f3a5c2e957a1b09cf0986a7cd/Data/rxntime.csv
4,WCH,2022,110mH,M,R1,WCH2022-110mH-M-R1-H1,Jason JOSEPH,7,8,8,0,,,https://github.com/ofiore/Thesis/blob/3cf1db7adebb493f3a5c2e957a1b09cf0986a7cd/Data/rxntime.csv
5,WCH,2022,110mH,M,R1,WCH2022-110mH-M-R1-H1,Pascal MARTINOT-LAGARDE,1,8,8,0,,,https://github.com/ofiore/Thesis/blob/3cf1db7adebb493f3a5c2e957a1b09cf0986a7cd/Data/rxntime.csv
6,WCH,2022,110mH,M,R1,WCH2022-110mH-M-R1-H1,Mikdat SEVLER,3,8,8,0,,,https://github.com/ofiore/Thesis/blob/3cf1db7adebb493f3a5c2e957a1b09cf0986a7cd/Data/rxntime.csv
7,WCH,2022,110mH,M,R1,WCH2022-110mH-M-R1-H1,Petr SVOBODA,5,8,8,0,,,https://github.com/ofiore/Thesis/blob/3cf1db7adebb493f3a5c2e957a1b09cf0986a7cd/Data/rxntime.csv
8,WCH,2022,110mH,M,R1,WCH2022-110mH-M-R1-H1,Jeremie LARARAUDEUSE,6,8,8,0,,,https://github.com/ofiore/Thesis/blob/3cf1db7adebb493f3a5c2e957a1b09cf0986a7cd/Data/rxntime.csv
9,WCH,2022,110mH,M,R1,WCH2022-110mH-M-R1-H2,Grant HOLLOWAY,1,8,8,0,,,https://github.com/ofiore/Thesis/blob/3cf1db7adebb493f3a5c2e957a1b09cf0986a7cd/Data/rxntime.csv
10,WCH,2022,110mH,M,R1,WCH2022-110mH-M-R1-H2,Damian CZYKIER,3,8,8,0,,,https://github.com/ofiore/Thesis/blob/3cf1db7adebb493f3a5c2e957a1b09cf0986a7cd/Data/rxntime.csv
11,WCH,2022,110mH,M,R1,WCH2022-110mH-M-R1-H2,Joshua ZELLER,5,8,8,0,,,https://github.com/ofiore/Thesis/blob/3cf1db7adebb493f3a5c2e957a1b09cf0986a7cd/Data/rxntime.csv
12,WCH,2022,110mH,M,R1,WCH2022-110mH-M-R1-H2,Eduardo RODRIGUES,8,8,8,0,,,https://github.com/ofiore/Thesis/blob/3cf1db7adebb493f3a5c2e957a1b09cf0986a7cd/Data/rxntime.csv
13,WCH,2022,110mH,M,R1,WCH2022-110mH-M-R1-H2,Nicholas HOUGH,4,8,8,0,,,https://github.com/ofiore/Thesis/blob/3cf1db7adebb493f3a5c2e957a1b09cf0986a7cd/Data/rxntime.csv
14,WCH,2022,110mH,M,R1,WCH2022-110mH-M-R1-H2,Wenjun XIE,7,8,8,0,,,https://github.com/ofiore/Thesis/blob/3cf1db7adebb493f3a5c2e957a1b09cf0986a7cd/Data/rxntime.csv
15,WCH,2022,110mH,M,R1,WCH2022-110mH-M-R1-H2,Louis François MENDY,6,8,8,0,,,https://github.com/ofiore/Thesis/blob/3cf1db7adebb493f3a5c2e957a1b09cf0986a7cd/Data/rxntime.csv
16,WCH,2022,110mH,M,R1,WCH2022-110mH-M-R1-H2,Kuei-Ru CHEN,2,8,8,0,,,https://github.com/ofiore/Thesis/blob/3cf1db7adebb493f3a5c2e957a1b09cf0986a7cd/Data/rxntime.csv
17,WCH,2022,110mH,M,R1,WCH2022-110mH-M-R1-H3,Asier MARTÍNEZ,2,8,8,0,,,https://github.com/ofiore/Thesis/blob/3cf1db7adebb493f3a5c2e957a1b09cf0986a7cd/Data/rxntime.csv
18,WCH,2022,110mH,M,R1,WCH2022-110mH-M-R1-H3,Amine BOUANANI,1,8,8,0,,,https://github.com/ofiore/Thesis/blob/3cf1db7adebb493f3a5c2e957a1b09cf0986a7cd/Data/rxntime.csv
19,WCH,2022,110mH,M,R1,WCH2022-110mH-M-R1-H3,Sasha ZHOYA,6,8,8,0,,,https://github.com/ofiore/Thesis/blob/3cf1db7adebb493f3a5c2e957a1b09cf0986a7cd/Data/rxntime.csv
20,WCH,2022,110mH,M,R1,WCH2022-110mH-M-R1-H3,Shuhei ISHIKAWA,3,8,8,0,,,https://github.com/ofiore/Thesis/blob/3cf1db7adebb493f3a5c2e957a1b09cf0986a7cd/Data/rxntime.csv
21,WCH,2022,110mH,M,R1,WCH2022-110mH-M-R1-H3,Orlando BENNETT,5,8,8,0,,,https://github.com/ofiore/Thesis/blob/3cf1db7adebb493f3a5c2e957a1b09cf0986a7cd/Data/rxntime.csv
22,WCH,2022,110mH,M,R1,WCH2022-110mH-M-R1-H3,Rasheem BROWN,7,8,8,0,,,https://github.com/ofiore/Thesis/blob/3cf1db7adebb493f3a5c2e957a1b09cf0986a7cd/Data/rxntime.csv
23,WCH,2022,110mH,M,R1,WCH2022-110mH-M-R1-H3,Gregor TRABER,8,8,8,0,,,https://github.com/ofiore/Thesis/blob/3cf1db7adebb493f3a5c2e957a1b09cf0986a7cd/Data/rxntime.csv
24,WCH,2022,110mH,M,R1,WCH2022-110mH-M-R1-H3,Daniel ROBERTS,4,8,8,0,,,https://github.com/ofiore/Thesis/blob/3cf1db7adebb493f3a5c2e957a1b09cf0986a7cd/Data/rxntime.csv
25,WCH,2022,110mH,M,R1,WCH2022-110mH-M-R1-H4,Hansle PARCHMENT,4,8,8,0,,,https://github.com/ofiore/Thesis/blob/3cf1db7adebb493f3a5c2e957a1b09cf0986a7cd/Data/rxntime.csv
26,WCH,2022,110mH,M,R1,WCH2022-110mH-M-R1-H4,Rafael PEREIRA,6,8,8,0,,,https://github.com/ofiore/Thesis/blob/3cf1db7adebb493f3a5c2e957a1b09cf0986a7cd/Data/rxntime.csv
27,WCH,2022,110mH,M,R1,WCH2022-110mH-M-R1-H4,Just KWAOU-MATHEY,2,8,8,0,,,https://github.com/ofiore/Thesis/blob/3cf1db7adebb493f3a5c2e957a1b09cf0986a7cd/Data/rxntime.csv
28,WCH,2022,110mH,M,R1,WCH2022-110mH-M-R1-H4,Shane BRATHWAITE,3,8,8,0,,,https://github.com/ofiore/Thesis/blob/3cf1db7adebb493f3a5c2e957a1b09cf0986a7cd/Data/rxntime.csv
29,WCH,2022,110mH,M,R1,WCH2022-110mH-M-R1-H4,Enrique LLOPIS,5,8,8,0,,,https://github.com/ofiore/Thesis/blob/3cf1db7adebb493f3a5c2e957a1b09cf0986a7cd/Data/rxntime.csv
30,WCH,2022,110mH,M,R1,WCH2022-110mH-M-R1-H4,Rachid MURATAKE,8,8,8,0,,,https://github.com/ofiore/Thesis/blob/3cf1db7adebb493f3a5c2e957a1b09cf0986a7cd/Data/rxntime.csv
31,WCH,2022,110mH,M,R1,WCH2022-110mH-M-R1-H4,Elmo LAKKA,1,8,8,0,,,https://github.com/ofiore/Thesis/blob/3cf1db7adebb493f3a5c2e957a1b09cf0986a7cd/Data/rxntime.csv
32,WCH,2022,110mH,M,R1,WCH2022-110mH-M-R1-H4,Chris DOUGLAS,7,8,8,0,,,https://github.com/ofiore/Thesis/blob/3cf1db7adebb493f3a5c2e957a1b09cf0986a7cd/Data/rxntime.csv
33,WCH,2022,110mH,M,R1,WCH2022-110mH-M-R1-H5,Devon ALLEN,3,8,8,0,,,https://github.com/ofiore/Thesis/blob/3cf1db7adebb493f3a5c2e957a1b09cf0986a7cd/Data/rxntime.csv
34,WCH,2022,110mH,M,R1,WCH2022-110mH-M-R1-H5,Milan TRAJKOVIC,4,8,8,0,,,https://github.com/ofiore/Thesis/blob/3cf1db7adebb493f3a5c2e957a1b09cf0986a7cd/Data/rxntime.csv
35,WCH,2022,110mH,M,R1,WCH2022-110mH-M-R1-H5,Shunsuke IZUMIYA,1,8,8,0,,,https://github.com/ofiore/Thesis/blob/3cf1db7adebb493f3a5c2e957a1b09cf0986a7cd/Data/rxntime.csv
36,WCH,2022,110mH,M,R1,WCH2022-110mH-M-R1-H5,David KING,5,8,8,0,,,https://github.com/ofiore/Thesis/blob/3cf1db7adebb493f3a5c2e957a1b09cf0986a7cd/Data/rxntime.csv
37,WCH,2022,110mH,M,R1,WCH2022-110mH-M-R1-H5,Antonio ALKANA,8,8,8,0,,,https://github.com/ofiore/Thesis/blob/3cf1db7adebb493f3a5c2e957a1b09cf0986a7cd/Data/rxntime.csv
38,WCH,2022,110mH,M,R1,WCH2022-110mH-M-R1-H5,Wellington ZAZA,2,8,8,0,,,https://github.com/ofiore/Thesis/blob/3cf1db7adebb493f3a5c2e957a1b09cf0986a7cd/Data/rxntime.csv
39,WCH,2022,110mH,M,R1,WCH2022-110mH-M-R1-H5,Richard DIAWARA,6,8,8,0,,,https://github.com/ofiore/Thesis/blob/3cf1db7adebb493f3a5c2e957a1b09cf0986a7cd/Data/rxntime.csv
40,WCH,2022,110mH,M,R1,WCH2022-110mH-M-R1-H5,Gabriel CONSTANTINO,7,8,8,0,,,https://github.com/ofiore/Thesis/blob/3cf1db7adebb493f3a5c2e957a1b09cf0986a7cd/Data/rxntime.csv
41,WCH,2022,110mH,M,SF,WCH2022-110mH-M-SF-H1,Grant HOLLOWAY,6,8,8,0,,,https://github.com/ofiore/Thesis/blob/3cf1db7adebb493f3a5c2e957a1b09cf0986a7cd/Data/rxntime.csv
42,WCH,2022,110mH,M,SF,WCH2022-110mH-M-SF-H1,Joshua ZELLER,5,8,8,0,,,https://github.com/ofiore/Thesis/blob/3cf1db7adebb493f3a5c2e957a1b09cf0986a7cd/Data/rxntime.csv
43,WCH,2022,110mH,M,SF,WCH2022-110mH-M-SF-H1,Amine BOUANANI,3,8,8,0,,,https://github.com/ofiore/Thesis/blob/3cf1db7adebb493f3a5c2e957a1b09cf0986a7cd/Data/rxntime.csv
44,WCH,2022,110mH,M,SF,WCH2022-110mH-M-SF-H1,Rafael PEREIRA,4,8,8,0,,,https://github.com/ofiore/Thesis/blob/3cf1db7adebb493f3a5c2e957a1b09cf0986a7cd/Data/rxntime.csv
45,WCH,2022,110mH,M,SF,WCH2022-110mH-M-SF-H1,Sasha ZHOYA,8,8,8,0,,,https://github.com/ofiore/Thesis/blob/3cf1db7adebb493f3a5c2e957a1b09cf0986a7cd/Data/rxntime.csv
46,WCH,2022,110mH,M,SF,WCH2022-110mH-M-SF-H1,Orlando BENNETT,2,8,8,0,,,https://github.com/ofiore/Thesis/blob/3cf1db7adebb493f3a5c2e957a1b09cf0986a7cd/Data/rxntime.csv
47,WCH,2022,110mH,M,SF,WCH2022-110mH-M-SF-H1,Jason JOSEPH,7,8,8,0,,,https://github.com/ofiore/Thesis/blob/3cf1db7adebb493f3a5c2e957a1b09cf0986a7cd/Data/rxntime.csv
48,WCH,2022,110mH,M,SF,WCH2022-110mH-M-SF-H1,Shuhei ISHIKAWA,1,8,8,0,,,https://github.com/ofiore/Thesis/blob/3cf1db7adebb493f3a5c2e957a1b09cf0986a7cd/Data/rxntime.csv
49,WCH,2022,110mH,M,SF,WCH2022-110mH-M-SF-H2,Trey CUNNINGHAM,3,8,8,0,,,https://github.com/ofiore/Thesis/blob/3cf1db7adebb493f3a5c2e957a1b09cf0986a7cd/Data/rxntime.csv
50,WCH,2022,110mH,M,SF,WCH2022-110mH-M-SF-H2,Asier MARTÍNEZ,6,8,8,0,,,https://github.com/ofiore/Thesis/blob/3cf1db7adebb493f3a5c2e957a1b09cf0986a7cd/Data/rxntime.csv
51,WCH,2022,110mH,M,SF,WCH2022-110mH-M-SF-H2,Rasheed BROADBELL,4,8,8,0,,,https://github.com/ofiore/Thesis/blob/3cf1db7adebb493f3a5c2e957a1b09cf0986a7cd/Data/rxntime.csv
52,WCH,2022,110mH,M,SF,WCH2022-110mH-M-SF-H2,Pascal MARTINOT-LAGARDE,1,8,8,0,,,https://github.com/ofiore/Thesis/blob/3cf1db7adebb493f3a5c2e957a1b09cf0986a7cd/Data/rxntime.csv
53,WCH,2022,110mH,M,SF,WCH2022-110mH-M-SF-H2,Shunsuke IZUMIYA,8,8,8,0,,,https://github.com/ofiore/Thesis/blob/3cf1db7adebb493f3a5c2e957a1b09cf0986a7cd/Data/rxntime.csv
54,WCH,2022,110mH,M,SF,WCH2022-110mH-M-SF-H2,Milan TRAJKOVIC,5,8,8,0,,,https://github.com/ofiore/Thesis/blob/3cf1db7adebb493f3a5c2e957a1b09cf0986a7cd/Data/rxntime.csv
55,WCH,2022,110mH,M,SF,WCH2022-110mH-M-SF-H2,David KING,2,8,8,0,,,https://github.com/ofiore/Thesis/blob/3cf1db7adebb493f3a5c2e957a1b09cf0986a7cd/Data/rxntime.csv
56,WCH,2022,110mH,M,SF,WCH2022-110mH-M-SF-H2,Eduardo RODRIGUES,7,8,8,0,,,https://github.com/ofiore/Thesis/blob/3cf1db7adebb493f3a5c2e957a1b09cf0986a7cd/Data/rxntime.csv
57,WCH,2022,110mH,M,SF,WCH2022-110mH-M-SF-H3,Hansle PARCHMENT,3,8,8,0,,,https://github.com/ofiore/Thesis/blob/3cf1db7adebb493f3a5c2e957a1b09cf0986a7cd/Data/rxntime.csv
58,WCH,2022,110mH,M,SF,WCH2022-110mH-M-SF-H3,Devon ALLEN,5,8,8,0,,,https://github.com/ofiore/Thesis/blob/3cf1db7adebb493f3a5c2e957a1b09cf0986a7cd/Data/rxntime.csv
59,WCH,2022,110mH,M,SF,WCH2022-110mH-M-SF-H3,Shane BRATHWAITE,8,8,8,0,,,https://github.com/ofiore/Thesis/blob/3cf1db7adebb493f3a5c2e957a1b09cf0986a7cd/Data/rxntime.csv
60,WCH,2022,110mH,M,SF,WCH2022-110mH-M-SF-H3,Damian CZYKIER,6,8,8,0,,,https://github.com/ofiore/Thesis/blob/3cf1db7adebb493f3a5c2e957a1b09cf0986a7cd/Data/rxntime.csv
61,WCH,2022,110mH,M,SF,WCH2022-110mH-M-SF-H3,Just KWAOU-MATHEY,4,8,8,0,,,https://github.com/ofiore/Thesis/blob/3cf1db7adebb493f3a5c2e957a1b09cf0986a7cd/Data/rxntime.csv
62,WCH,2022,110mH,M,SF,WCH2022-110mH-M-SF-H3,Andrew POZZI,7,8,8,0,,,https://github.com/ofiore/Thesis/blob/3cf1db7adebb493f3a5c2e957a1b09cf0986a7cd/Data/rxntime.csv
63,WCH,2022,110mH,M,SF,WCH2022-110mH-M-SF-H3,Nicholas HOUGH,1,8,8,0,,,https://github.com/ofiore/Thesis/blob/3cf1db7adebb493f3a5c2e957a1b09cf0986a7cd/Data/rxntime.csv
64,WCH,2022,110mH,M,SF,WCH2022-110mH-M-SF-H3,Enrique LLOPIS,2,8,8,0,,,https://github.com/ofiore/Thesis/blob/3cf1db7adebb493f3a5c2e957a1b09cf0986a7cd/Data/rxntime.csv
65,WCH,2022,110mH,M,F,WCH2022-110mH-M-F-H1,Grant HOLLOWAY,4,7,7,0,,,https://github.com/ofiore/Thesis/blob/3cf1db7adebb493f3a5c2e957a1b09cf0986a7cd/Data/rxntime.csv
66,WCH,2022,110mH,M,F,WCH2022-110mH-M-F-H1,Trey CUNNINGHAM,6,7,7,0,,,https://github.com/ofiore/Thesis/blob/3cf1db7adebb493f3a5c2e957a1b09cf0986a7cd/Data/rxntime.csv
67,WCH,2022,110mH,M,F,WCH2022-110mH-M-F-H1,Asier MARTÍNEZ,8,7,7,0,,,https://github.com/ofiore/Thesis/blob/3cf1db7adebb493f3a5c2e957a1b09cf0986a7cd/Data/rxntime.csv
68,WCH,2022,110mH,M,F,WCH2022-110mH-M-F-H1,Damian CZYKIER,2,7,7,0,,,https://github.com/ofiore/Thesis/blob/3cf1db7adebb493f3a5c2e957a1b09cf0986a7cd/Data/rxntime.csv
69,WCH,2022,110mH,M,F,WCH2022-110mH-M-F-H1,Joshua ZELLER,7,7,7,0,,,https://github.com/ofiore/Thesis/blob/3cf1db7adebb493f3a5c2e957a1b09cf0986a7cd/Data/rxntime.csv
70,WCH,2022,110mH,M,F,WCH2022-110mH-M-F-H1,Shane BRATHWAITE,1,7,7,0,,,https://github.com/ofiore/Thesis/blob/3cf1db7adebb493f3a5c2e957a1b09cf0986a7cd/Data/rxntime.csv
71,WCH,2022,110mH,M,F,WCH2022-110mH-M-F-H1,Devon ALLEN,3,7,7,0,,,https://github.com/ofiore/Thesis/blob/3cf1db7adebb493f3a5c2e957a1b09cf0986a7cd/Data/rxntime.csv
72,WCH,2019,110mH,M,R1,WCH2019-110mH-M-R1-H1,Omar McLeod,9,8,8,0,,,https://github.com/ofiore/Thesis/blob/3cf1db7adebb493f3a5c2e957a1b09cf0986a7cd/Data/rxntime.csv
73,WCH,2019,110mH,M,R1,WCH2019-110mH-M-R1-H1,Milan Trajkovic,3,8,8,0,,,https://github.com/ofiore/Thesis/blob/3cf1db7adebb493f3a5c2e957a1b09cf0986a7cd/Data/rxntime.csv
74,WCH,2019,110mH,M,R1,WCH2019-110mH-M-R1-H1,Antonio Alkana,6,8,8,0,,,https://github.com/ofiore/Thesis/blob/3cf1db7adebb493f3a5c2e957a1b09cf0986a7cd/Data/rxntime.csv
75,WCH,2019,110mH,M,R1,WCH2019-110mH-M-R1-H1,Devon Allen,7,8,8,0,,,https://github.com/ofiore/Thesis/blob/3cf1db7adebb493f3a5c2e957a1b09cf0986a7cd/Data/rxntime.csv
76,WCH,2019,110mH,M,R1,WCH2019-110mH-M-R1-H1,Hassane Fofana,2,8,8,0,,,https://github.com/ofiore/Thesis/blob/3cf1db7adebb493f3a5c2e957a1b09cf0986a7cd/Data/rxntime.csv
77,WCH,2019,110mH,M,R1,WCH2019-110mH-M-R1-H1,Nicholas Hough,5,8,8,0,,,https://github.com/ofiore/Thesis/blob/3cf1db7adebb493f3a5c2e957a1b09cf0986a7cd/Data/rxntime.csv
78,WCH,2019,110mH,M,R1,WCH2019-110mH-M-R1-H1,Vitali Parokhonka,8,8,8,0,,,https://github.com/ofiore/Thesis/blob/3cf1db7adebb493f3a5c2e957a1b09cf0986a7cd/Data/rxntime.csv
79,WCH,2019,110mH,M,R1,WCH2019-110mH-M-R1-H1,Gabriel Constantino,4,8,8,0,,,https://github.com/ofiore/Thesis/blob/3cf1db7adebb493f3a5c2e957a1b09cf0986a7cd/Data/rxntime.csv
80,WCH,2019,110mH,M,R1,WCH2019-110mH-M-R1-H2,Sergey Shubenkov,6,8,8,0,,,https://github.com/ofiore/Thesis/blob/3cf1db7adebb493f3a5c2e957a1b09cf0986a7cd/Data/rxntime.csv
81,WCH,2019,110mH,M,R1,WCH2019-110mH-M-R1-H2,Wenjun Xie,8,8,8,0,,,https://github.com/ofiore/Thesis/blob/3cf1db7adebb493f3a5c2e957a1b09cf0986a7cd/Data/rxntime.csv
82,WCH,2019,110mH,M,R1,WCH2019-110mH-M-R1-H2,Jason Joseph,5,8,8,0,,,https://github.com/ofiore/Thesis/blob/3cf1db7adebb493f3a5c2e957a1b09cf0986a7cd/Data/rxntime.csv
83,WCH,2019,110mH,M,R1,WCH2019-110mH-M-R1-H2,Shane Brathwaite,3,8,8,0,,,https://github.com/ofiore/Thesis/blob/3cf1db7adebb493f3a5c2e957a1b09cf0986a7cd/Data/rxntime.csv
84,WCH,2019,110mH,M,R1,WCH2019-110mH-M-R1-H2,Valdó Szűcs,4,8,8,0,,,https://github.com/ofiore/Thesis/blob/3cf1db7adebb493f3a5c2e957a1b09cf0986a7cd/Data/rxntime.csv
85,WCH,2019,110mH,M,R1,WCH2019-110mH-M-R1-H2,Elmo Lakka,9,8,8,0,,,https://github.com/ofiore/Thesis/blob/3cf1db7adebb493f3a5c2e957a1b09cf0986a7cd/Data/rxntime.csv
86,WCH,2019,110mH,M,R1,WCH2019-110mH-M-R1-H2,Taio Kanai,7,8,8,0,,,https://github.com/ofiore/Thesis/blob/3cf1db7adebb493f3a5c2e957a1b09cf0986a7cd/Data/rxntime.csv
87,WCH,2019,110mH,M,R1,WCH2019-110mH-M-R1-H2,Eduardo Rodrigues,2,8,8,0,,,https://github.com/ofiore/Thesis/blob/3cf1db7adebb493f3a5c2e957a1b09cf0986a7cd/Data/rxntime.csv
88,WCH,2019,110mH,M,R1,WCH2019-110mH-M-R1-H3,Pascal Martinot-Lagarde,5,6,6,0,,,https://github.com/ofiore/Thesis/blob/3cf1db7adebb493f3a5c2e957a1b09cf0986a7cd/Data/rxntime.csv
89,WCH,2019,110mH,M,R1,WCH2019-110mH-M-R1-H3,Andrew Pozzi,9,6,6,0,,,https://github.com/ofiore/Thesis/blob/3cf1db7adebb493f3a5c2e957a1b09cf0986a7cd/Data/rxntime.csv
90,WCH,2019,110mH,M,R1,WCH2019-110mH-M-R1-H3,Andrew Riley,2,6,6,0,,,https://github.com/ofiore/Thesis/blob/3cf1db7adebb493f3a5c2e957a1b09cf0986a7cd/Data/rxntime.csv
91,WCH,2019,110mH,M,R1,WCH2019-110mH-M-R1-H3,Yohan Chaverra,8,6,6,0,,,https://github.com/ofiore/Thesis/blob/3cf1db7adebb493f3a5c2e957a1b09cf0986a7cd/Data/rxntime.csv
92,WCH,2019,110mH,M,R1,WCH2019-110mH-M-R1-H3,Ruan de Vries,3,6,6,0,,,https://github.com/ofiore/Thesis/blob/3cf1db7adebb493f3a5c2e957a1b09cf0986a7cd/Data/rxntime.csv
93,WCH,2019,110mH,M,R1,WCH2019-110mH-M-R1-H3,Daniel Roberts,4,6,6,0,,,https://github.com/ofiore/Thesis/blob/3cf1db7adebb493f3a5c2e957a1b09cf0986a7cd/Data/rxntime.csv
94,WCH,2019,110mH,M,R1,WCH2019-110mH-M-R1-H4,Grant Holloway,8,8,8,0,,,https://github.com/ofiore/Thesis/blob/3cf1db7adebb493f3a5c2e957a1b09cf0986a7cd/Data/rxntime.csv
95,WCH,2019,110mH,M,R1,WCH2019-110mH-M-R1-H4,Shunya Takayama,7,8,8,0,,,https://github.com/ofiore/Thesis/blob/3cf1db7adebb493f3a5c2e957a1b09cf0986a7cd/Data/rxntime.csv
96,WCH,2019,110mH,M,R1,WCH2019-110mH-M-R1-H4,Konstantinos Douvalidis,4,8,8,0,,,https://github.com/ofiore/Thesis/blob/3cf1db7adebb493f3a5c2e957a1b09cf0986a7cd/Data/rxntime.csv
97,WCH,2019,110mH,M,R1,WCH2019-110mH-M-R1-H4,Yaqoub Mohamed Al Youha,6,8,8,0,,,https://github.com/ofiore/Thesis/blob/3cf1db7adebb493f3a5c2e957a1b09cf0986a7cd/Data/rxntime.csv
98,WCH,2019,110mH,M,R1,WCH2019-110mH-M-R1-H4,Orlando Bennett,5,8,8,0,,,https://github.com/ofiore/Thesis/blob/3cf1db7adebb493f3a5c2e957a1b09cf0986a7cd/Data/rxntime.csv
99,WCH,2019,110mH,M,R1,WCH2019-110mH-M-R1-H4,Dimitri Bascou,2,8,8,0,,,https://github.com/ofiore/Thesis/blob/3cf1db7adebb493f3a5c2e957a1b09cf0986a7cd/Data/rxntime.csv
100,WCH,2019,110mH,M,R1,WCH2019-110mH-M-R1-H4,Xaysa Anousone,9,8,8,0,,,https://github.com/ofiore/Thesis/blob/3cf1db7adebb493f3a5c2e957a1b09cf0986a7cd/Data/rxntime.csv
101,WCH,2019,110mH,M,R1,WCH2019-110mH-M-R1-H4,Fadane Hamadi,1,8,8,0,,,https://github.com/ofiore/Thesis/blob/3cf1db7adebb493f3a5c2e957a1b09cf0986a7cd/Data/rxntime.csv
102,WCH,2019,110mH,M,R1,WCH2019-110mH-M-R1-H5,Orlando Ortega,9,8,8,0,,,https://github.com/ofiore/Thesis/blob/3cf1db7adebb493f3a5c2e957a1b09cf0986a7cd/Data/rxntime.csv
103,WCH,2019,110mH,M,R1,WCH2019-110mH-M-R1-H5,Ronald Levy,7,8,8,0,,,https://github.com/ofiore/Thesis/blob/3cf1db7adebb493f3a5c2e957a1b09cf0986a7cd/Data/rxntime.csv
104,WCH,2019,110mH,M,R1,WCH2019-110mH-M-R1-H5,Kuei-Ru Chen,6,8,8,0,,,https://github.com/ofiore/Thesis/blob/3cf1db7adebb493f3a5c2e957a1b09cf0986a7cd/Data/rxntime.csv
105,WCH,2019,110mH,M,R1,WCH2019-110mH-M-R1-H5,Wilhem Belocian,8,8,8,0,,,https://github.com/ofiore/Thesis/blob/3cf1db7adebb493f3a5c2e957a1b09cf0986a7cd/Data/rxntime.csv
106,WCH,2019,110mH,M,R1,WCH2019-110mH-M-R1-H5,Jianhang Zeng,4,8,8,0,,,https://github.com/ofiore/Thesis/blob/3cf1db7adebb493f3a5c2e957a1b09cf0986a7cd/Data/rxntime.csv
107,WCH,2019,110mH,M,R1,WCH2019-110mH-M-R1-H5,Lorenzo Perini,5,8,8,0,,,https://github.com/ofiore/Thesis/blob/3cf1db7adebb493f3a5c2e957a1b09cf0986a7cd/Data/rxntime.csv
108,WCH,2019,110mH,M,R1,WCH2019-110mH-M-R1-H5,Louis François Mendy,2,8,8,0,,,https://github.com/ofiore/Thesis/blob/3cf1db7adebb493f3a5c2e957a1b09cf0986a7cd/Data/rxntime.csv
109,WCH,2019,110mH,M,R1,WCH2019-110mH-M-R1-H5,Roger Iribarne,3,8,8,0,,,https://github.com/ofiore/Thesis/blob/3cf1db7adebb493f3a5c2e957a1b09cf0986a7cd/Data/rxntime.csv
110,WCH,2019,110mH,M,SF,WCH2019-110mH-M-SF-H1,Grant Holloway,5,8,8,0,,,https://github.com/ofiore/Thesis/blob/3cf1db7adebb493f3a5c2e957a1b09cf0986a7cd/Data/rxntime.csv
111,WCH,2019,110mH,M,SF,WCH2019-110mH-M-SF-H1,Sergey Shubenkov,6,8,8,0,,,https://github.com/ofiore/Thesis/blob/3cf1db7adebb493f3a5c2e957a1b09cf0986a7cd/Data/rxntime.csv
112,WCH,2019,110mH,M,SF,WCH2019-110mH-M-SF-H1,Dimitri Bascou,2,8,8,0,,,https://github.com/ofiore/Thesis/blob/3cf1db7adebb493f3a5c2e957a1b09cf0986a7cd/Data/rxntime.csv
113,WCH,2019,110mH,M,SF,WCH2019-110mH-M-SF-H1,Yaqoub Mohamed Al Youha,9,8,8,0,,,https://github.com/ofiore/Thesis/blob/3cf1db7adebb493f3a5c2e957a1b09cf0986a7cd/Data/rxntime.csv
114,WCH,2019,110mH,M,SF,WCH2019-110mH-M-SF-H1,Andrew Pozzi,4,8,8,0,,,https://github.com/ofiore/Thesis/blob/3cf1db7adebb493f3a5c2e957a1b09cf0986a7cd/Data/rxntime.csv
115,WCH,2019,110mH,M,SF,WCH2019-110mH-M-SF-H1,Orlando Bennett,3,8,8,0,,,https://github.com/ofiore/Thesis/blob/3cf1db7adebb493f3a5c2e957a1b09cf0986a7cd/Data/rxntime.csv
116,WCH,2019,110mH,M,SF,WCH2019-110mH-M-SF-H1,Shane Brathwaite,8,8,8,0,,,https://github.com/ofiore/Thesis/blob/3cf1db7adebb493f3a5c2e957a1b09cf0986a7cd/Data/rxntime.csv
117,WCH,2019,110mH,M,SF,WCH2019-110mH-M-SF-H1,Ronald Levy,7,8,8,0,,,https://github.com/ofiore/Thesis/blob/3cf1db7adebb493f3a5c2e957a1b09cf0986a7cd/Data/rxntime.csv
118,WCH,2019,110mH,M,SF,WCH2019-110mH-M-SF-H2,Omar McLeod,5,8,8,0,,,https://github.com/ofiore/Thesis/blob/3cf1db7adebb493f3a5c2e957a1b09cf0986a7cd/Data/rxntime.csv
119,WCH,2019,110mH,M,SF,WCH2019-110mH-M-SF-H2,Pascal Martinot-Lagarde,6,8,8,0,,,https://github.com/ofiore/Thesis/blob/3cf1db7adebb493f3a5c2e957a1b09cf0986a7cd/Data/rxntime.csv
120,WCH,2019,110mH,M,SF,WCH2019-110mH-M-SF-H2,Wenjun Xie,7,8,8,0,,,https://github.com/ofiore/Thesis/blob/3cf1db7adebb493f3a5c2e957a1b09cf0986a7cd/Data/rxntime.csv
121,WCH,2019,110mH,M,SF,WCH2019-110mH-M-SF-H2,Devon Allen,9,8,8,0,,,https://github.com/ofiore/Thesis/blob/3cf1db7adebb493f3a5c2e957a1b09cf0986a7cd/Data/rxntime.csv
122,WCH,2019,110mH,M,SF,WCH2019-110mH-M-SF-H2,Kuei-Ru Chen,8,8,8,0,,,https://github.com/ofiore/Thesis/blob/3cf1db7adebb493f3a5c2e957a1b09cf0986a7cd/Data/rxntime.csv
123,WCH,2019,110mH,M,SF,WCH2019-110mH-M-SF-H2,Hassane Fofana,2,8,8,0,,,https://github.com/ofiore/Thesis/blob/3cf1db7adebb493f3a5c2e957a1b09cf0986a7cd/Data/rxntime.csv
124,WCH,2019,110mH,M,SF,WCH2019-110mH-M-SF-H2,Jason Joseph,4,8,8,0,,,https://github.com/ofiore/Thesis/blob/3cf1db7adebb493f3a5c2e957a1b09cf0986a7cd/Data/rxntime.csv
125,WCH,2019,110mH,M,SF,WCH2019-110mH-M-SF-H2,Yohan Chaverra,3,8,8,0,,,https://github.com/ofiore/Thesis/blob/3cf1db7adebb493f3a5c2e957a1b09cf0986a7cd/Data/rxntime.csv
126,WCH,2019,110mH,M,SF,WCH2019-110mH-M-SF-H3,Orlando Ortega,4,8,8,0,,,https://github.com/ofiore/Thesis/blob/3cf1db7adebb493f3a5c2e957a1b09cf0986a7cd/Data/rxntime.csv
127,WCH,2019,110mH,M,SF,WCH2019-110mH-M-SF-H3,Milan Trajkovic,7,8,8,0,,,https://github.com/ofiore/Thesis/blob/3cf1db7adebb493f3a5c2e957a1b09cf0986a7cd/Data/rxntime.csv
128,WCH,2019,110mH,M,SF,WCH2019-110mH-M-SF-H3,Antonio Alkana,5,8,8,0,,,https://github.com/ofiore/Thesis/blob/3cf1db7adebb493f3a5c2e957a1b09cf0986a7cd/Data/rxntime.csv
129,WCH,2019,110mH,M,SF,WCH2019-110mH-M-SF-H3,Konstantinos Douvalidis,9,8,8,0,,,https://github.com/ofiore/Thesis/blob/3cf1db7adebb493f3a5c2e957a1b09cf0986a7cd/Data/rxntime.csv
130,WCH,2019,110mH,M,SF,WCH2019-110mH-M-SF-H3,Andrew Riley,8,8,8,0,,,https://github.com/ofiore/Thesis/blob/3cf1db7adebb493f3a5c2e957a1b09cf0986a7cd/Data/rxntime.csv
131,WCH,2019,110mH,M,SF,WCH2019-110mH-M-SF-H3,Shunya Takayama,6,8,8,0,,,https://github.com/ofiore/Thesis/blob/3cf1db7adebb493f3a5c2e957a1b09cf0986a7cd/Data/rxntime.csv
132,WCH,2019,110mH,M,SF,WCH2019-110mH-M-SF-H3,Wilhem Belocian,3,8,8,0,,,https://github.com/ofiore/Thesis/blob/3cf1db7adebb493f3a5c2e957a1b09cf0986a7cd/Data/rxntime.csv
133,WCH,2019,110mH,M,SF,WCH2019-110mH-M-SF-H3,Nicholas Hough,2,8,8,0,,,https://github.com/ofiore/Thesis/blob/3cf1db7adebb493f3a5c2e957a1b09cf0986a7cd/Data/rxntime.csv
134,WCH,2019,110mH,M,F,WCH2019-110mH-M-F-H1,Grant Holloway,6,9,9,0,,,https://github.com/ofiore/Thesis/blob/3cf1db7adebb493f3a5c2e957a1b09cf0986a7cd/Data/rxntime.csv
135,WCH,2019,110mH,M,F,WCH2019-110mH-M-F-H1,Sergey Shubenkov,9,9,9,0,,,https://github.com/ofiore/Thesis/blob/3cf1db7adebb493f3a5c2e957a1b09cf0986a7cd/Data/rxntime.csv
136,WCH,2019,110mH,M,F,WCH2019-110mH-M-F-H1,Pascal Martinot-Lagarde,7,9,9,0,,,https://github.com/ofiore/Thesis/blob/3cf1db7adebb493f3a5c2e957a1b09cf0986a7cd/Data/rxntime.csv
137,WCH,2019,110mH,M,F,WCH2019-110mH-M-F-H1,Orlando Ortega,5,9,9,0,,,https://github.com/ofiore/Thesis/blob/3cf1db7adebb493f3a5c2e957a1b09cf0986a7cd/Data/rxntime.csv
138,WCH,2019,110mH,M,F,WCH2019-110mH-M-F-H1,Wenjun Xie,2,9,9,0,,,https://github.com/ofiore/Thesis/blob/3cf1db7adebb493f3a5c2e957a1b09cf0986a7cd/Data/rxntime.csv
139,WCH,2019,110mH,M,F,WCH2019-110mH-M-F-H1,Shane Brathwaite,1,9,9,0,,,https://github.com/ofiore/Thesis/blob/3cf1db7adebb493f3a5c2e957a1b09cf0986a7cd/Data/rxntime.csv
140,WCH,2019,110mH,M,F,WCH2019-110mH-M-F-H1,Devon Allen,3,9,9,0,,,https://github.com/ofiore/Thesis/blob/3cf1db7adebb493f3a5c2e957a1b09cf0986a7cd/Data/rxntime.csv
141,WCH,2019,110mH,M,F,WCH2019-110mH-M-F-H1,Milan Trajkovic,8,9,9,0,,,https://github.com/ofiore/Thesis/blob/3cf1db7adebb493f3a5c2e957a1b09cf0986a7cd/Data/rxntime.csv
142,WCH,2019,110mH,M,F,WCH2019-110mH-M-F-H1,Omar McLeod,4,9,9,0,,,https://github.com/ofiore/Thesis/blob/3cf1db7adebb493f3a5c2e957a1b09cf0986a7cd/Data/rxntime.csv
143,WCH,2017,110mH,M,R1,WCH2017-110mH-M-R1-H1,Omar McLeod,1,9,9,0,,,https://github.com/ofiore/Thesis/blob/3cf1db7adebb493f3a5c2e957a1b09cf0986a7cd/Data/rxntime.csv
144,WCH,2017,110mH,M,R1,WCH2017-110mH-M-R1-H1,Balázs Baji,3,9,9,0,,,https://github.com/ofiore/Thesis/blob/3cf1db7adebb493f3a5c2e957a1b09cf0986a7cd/Data/rxntime.csv
145,WCH,2017,110mH,M,R1,WCH2017-110mH-M-R1-H1,Eddie Lovett,5,9,9,0,,,https://github.com/ofiore/Thesis/blob/3cf1db7adebb493f3a5c2e957a1b09cf0986a7cd/Data/rxntime.csv
146,WCH,2017,110mH,M,R1,WCH2017-110mH-M-R1-H1,Aleec Harris,9,9,9,0,,,https://github.com/ofiore/Thesis/blob/3cf1db7adebb493f3a5c2e957a1b09cf0986a7cd/Data/rxntime.csv
147,WCH,2017,110mH,M,R1,WCH2017-110mH-M-R1-H1,Yordan L. O'Farrill,2,9,9,0,,,https://github.com/ofiore/Thesis/blob/3cf1db7adebb493f3a5c2e957a1b09cf0986a7cd/Data/rxntime.csv
148,WCH,2017,110mH,M,R1,WCH2017-110mH-M-R1-H1,David Omoregie,6,9,9,0,,,https://github.com/ofiore/Thesis/blob/3cf1db7adebb493f3a5c2e957a1b09cf0986a7cd/Data/rxntime.csv
149,WCH,2017,110mH,M,R1,WCH2017-110mH-M-R1-H1,Shunya Takayama,7,9,9,0,,,https://github.com/ofiore/Thesis/blob/3cf1db7adebb493f3a5c2e957a1b09cf0986a7cd/Data/rxntime.csv
150,WCH,2017,110mH,M,R1,WCH2017-110mH-M-R1-H1,Ahmad Hazer,4,9,9,0,,,https://github.com/ofiore/Thesis/blob/3cf1db7adebb493f3a5c2e957a1b09cf0986a7cd/Data/rxntime.csv
151,WCH,2017,110mH,M,R1,WCH2017-110mH-M-R1-H1,Xaysa Anousone,8,9,9,0,,,https://github.com/ofiore/Thesis/blob/3cf1db7adebb493f3a5c2e957a1b09cf0986a7cd/Data/rxntime.csv
152,WCH,2017,110mH,M,R1,WCH2017-110mH-M-R1-H2,Devon Allen,7,8,8,0,,,https://github.com/ofiore/Thesis/blob/3cf1db7adebb493f3a5c2e957a1b09cf0986a7cd/Data/rxntime.csv
153,WCH,2017,110mH,M,R1,WCH2017-110mH-M-R1-H2,Garfield Darien,4,8,8,0,,,https://github.com/ofiore/Thesis/blob/3cf1db7adebb493f3a5c2e957a1b09cf0986a7cd/Data/rxntime.csv
154,WCH,2017,110mH,M,R1,WCH2017-110mH-M-R1-H2,Damian Czykier,9,8,8,0,,,https://github.com/ofiore/Thesis/blob/3cf1db7adebb493f3a5c2e957a1b09cf0986a7cd/Data/rxntime.csv
155,WCH,2017,110mH,M,R1,WCH2017-110mH-M-R1-H2,Genta Masuno,3,8,8,0,,,https://github.com/ofiore/Thesis/blob/3cf1db7adebb493f3a5c2e957a1b09cf0986a7cd/Data/rxntime.csv
156,WCH,2017,110mH,M,R1,WCH2017-110mH-M-R1-H2,Abdulaziz Al Mandeel,8,8,8,0,,,https://github.com/ofiore/Thesis/blob/3cf1db7adebb493f3a5c2e957a1b09cf0986a7cd/Data/rxntime.csv
157,WCH,2017,110mH,M,R1,WCH2017-110mH-M-R1-H2,Ruebin Walters,2,8,8,0,,,https://github.com/ofiore/Thesis/blob/3cf1db7adebb493f3a5c2e957a1b09cf0986a7cd/Data/rxntime.csv
158,WCH,2017,110mH,M,R1,WCH2017-110mH-M-R1-H2,Siddhanth Thingalaya,6,8,8,0,,,https://github.com/ofiore/Thesis/blob/3cf1db7adebb493f3a5c2e957a1b09cf0986a7cd/Data/rxntime.csv
159,WCH,2017,110mH,M,R1,WCH2017-110mH-M-R1-H2,David King,5,8,8,0,,,https://github.com/ofiore/Thesis/blob/3cf1db7adebb493f3a5c2e957a1b09cf0986a7cd/Data/rxntime.csv
160,WCH,2017,110mH,M,R1,WCH2017-110mH-M-R1-H3,Aries Merritt,8,8,8,0,,,https://github.com/ofiore/Thesis/blob/3cf1db7adebb493f3a5c2e957a1b09cf0986a7cd/Data/rxntime.csv
161,WCH,2017,110mH,M,R1,WCH2017-110mH-M-R1-H3,Shane Brathwaite,5,8,8,0,,,https://github.com/ofiore/Thesis/blob/3cf1db7adebb493f3a5c2e957a1b09cf0986a7cd/Data/rxntime.csv
162,WCH,2017,110mH,M,R1,WCH2017-110mH-M-R1-H3,Antonio Alkana,6,8,8,0,,,https://github.com/ofiore/Thesis/blob/3cf1db7adebb493f3a5c2e957a1b09cf0986a7cd/Data/rxntime.csv
163,WCH,2017,110mH,M,R1,WCH2017-110mH-M-R1-H3,Éder Antonio Souza,4,8,8,0,,,https://github.com/ofiore/Thesis/blob/3cf1db7adebb493f3a5c2e957a1b09cf0986a7cd/Data/rxntime.csv
164,WCH,2017,110mH,M,R1,WCH2017-110mH-M-R1-H3,Aurel Manga,9,8,8,0,,,https://github.com/ofiore/Thesis/blob/3cf1db7adebb493f3a5c2e957a1b09cf0986a7cd/Data/rxntime.csv
165,WCH,2017,110mH,M,R1,WCH2017-110mH-M-R1-H3,Konstadínos Douvalídis,3,8,8,0,,,https://github.com/ofiore/Thesis/blob/3cf1db7adebb493f3a5c2e957a1b09cf0986a7cd/Data/rxntime.csv
166,WCH,2017,110mH,M,R1,WCH2017-110mH-M-R1-H3,Hideki Omuro,7,8,8,0,,,https://github.com/ofiore/Thesis/blob/3cf1db7adebb493f3a5c2e957a1b09cf0986a7cd/Data/rxntime.csv
167,WCH,2017,110mH,M,R1,WCH2017-110mH-M-R1-H3,Byoungjun Kim,2,8,8,0,,,https://github.com/ofiore/Thesis/blob/3cf1db7adebb493f3a5c2e957a1b09cf0986a7cd/Data/rxntime.csv
168,WCH,2017,110mH,M,R1,WCH2017-110mH-M-R1-H4,Andrew Pozzi,7,8,8,0,,,https://github.com/ofiore/Thesis/blob/3cf1db7adebb493f3a5c2e957a1b09cf0986a7cd/Data/rxntime.csv
169,WCH,2017,110mH,M,R1,WCH2017-110mH-M-R1-H4,Wenjun Xie,8,8,8,0,,,https://github.com/ofiore/Thesis/blob/3cf1db7adebb493f3a5c2e957a1b09cf0986a7cd/Data/rxntime.csv
170,WCH,2017,110mH,M,R1,WCH2017-110mH-M-R1-H4,Milan Trajkovic,3,8,8,0,,,https://github.com/ofiore/Thesis/blob/3cf1db7adebb493f3a5c2e957a1b09cf0986a7cd/Data/rxntime.csv
171,WCH,2017,110mH,M,R1,WCH2017-110mH-M-R1-H4,Yidiel Contreras,2,8,8,0,,,https://github.com/ofiore/Thesis/blob/3cf1db7adebb493f3a5c2e957a1b09cf0986a7cd/Data/rxntime.csv
172,WCH,2017,110mH,M,R1,WCH2017-110mH-M-R1-H4,Roger Iribarne,6,8,8,0,,,https://github.com/ofiore/Thesis/blob/3cf1db7adebb493f3a5c2e957a1b09cf0986a7cd/Data/rxntime.csv
173,WCH,2017,110mH,M,R1,WCH2017-110mH-M-R1-H4,Matthias Bühler,5,8,8,0,,,https://github.com/ofiore/Thesis/blob/3cf1db7adebb493f3a5c2e957a1b09cf0986a7cd/Data/rxntime.csv
174,WCH,2017,110mH,M,R1,WCH2017-110mH-M-R1-H4,Yaqoub Mohamed  Al-Youha,4,8,8,0,,,https://github.com/ofiore/Thesis/blob/3cf1db7adebb493f3a5c2e957a1b09cf0986a7cd/Data/rxntime.csv
175,WCH,2017,110mH,M,R1,WCH2017-110mH-M-R1-H4,Ronald Levy,9,8,8,0,,,https://github.com/ofiore/Thesis/blob/3cf1db7adebb493f3a5c2e957a1b09cf0986a7cd/Data/rxntime.csv
176,WCH,2017,110mH,M,R1,WCH2017-110mH-M-R1-H5,Orlando Ortega,2,8,8,0,,,https://github.com/ofiore/Thesis/blob/3cf1db7adebb493f3a5c2e957a1b09cf0986a7cd/Data/rxntime.csv
177,WCH,2017,110mH,M,R1,WCH2017-110mH-M-R1-H5,Hansle Parchment,5,8,8,0,,,https://github.com/ofiore/Thesis/blob/3cf1db7adebb493f3a5c2e957a1b09cf0986a7cd/Data/rxntime.csv
178,WCH,2017,110mH,M,R1,WCH2017-110mH-M-R1-H5,Sergey Shubenkov,7,8,8,0,,,https://github.com/ofiore/Thesis/blob/3cf1db7adebb493f3a5c2e957a1b09cf0986a7cd/Data/rxntime.csv
179,WCH,2017,110mH,M,R1,WCH2017-110mH-M-R1-H5,Johnathan Cabral,6,8,8,0,,,https://github.com/ofiore/Thesis/blob/3cf1db7adebb493f3a5c2e957a1b09cf0986a7cd/Data/rxntime.csv
180,WCH,2017,110mH,M,R1,WCH2017-110mH-M-R1-H5,Nicholas Hough,9,8,8,0,,,https://github.com/ofiore/Thesis/blob/3cf1db7adebb493f3a5c2e957a1b09cf0986a7cd/Data/rxntime.csv
181,WCH,2017,110mH,M,R1,WCH2017-110mH-M-R1-H5,Jeffrey Julmis,4,8,8,0,,,https://github.com/ofiore/Thesis/blob/3cf1db7adebb493f3a5c2e957a1b09cf0986a7cd/Data/rxntime.csv
182,WCH,2017,110mH,M,R1,WCH2017-110mH-M-R1-H5,Mikel Thomas,3,8,8,0,,,https://github.com/ofiore/Thesis/blob/3cf1db7adebb493f3a5c2e957a1b09cf0986a7cd/Data/rxntime.csv
183,WCH,2017,110mH,M,R1,WCH2017-110mH-M-R1-H5,Milan Ristic,8,8,8,0,,,https://github.com/ofiore/Thesis/blob/3cf1db7adebb493f3a5c2e957a1b09cf0986a7cd/Data/rxntime.csv
184,WCH,2017,110mH,M,SF,WCH2017-110mH-M-SF-H1,Omar McLeod,7,8,8,0,,,https://github.com/ofiore/Thesis/blob/3cf1db7adebb493f3a5c2e957a1b09cf0986a7cd/Data/rxntime.csv
185,WCH,2017,110mH,M,SF,WCH2017-110mH-M-SF-H1,Garfield Darien,6,8,8,0,,,https://github.com/ofiore/Thesis/blob/3cf1db7adebb493f3a5c2e957a1b09cf0986a7cd/Data/rxntime.csv
186,WCH,2017,110mH,M,SF,WCH2017-110mH-M-SF-H1,Sergey Shubenkov,9,8,8,0,,,https://github.com/ofiore/Thesis/blob/3cf1db7adebb493f3a5c2e957a1b09cf0986a7cd/Data/rxntime.csv
187,WCH,2017,110mH,M,SF,WCH2017-110mH-M-SF-H1,Orlando Ortega,4,8,8,0,,,https://github.com/ofiore/Thesis/blob/3cf1db7adebb493f3a5c2e957a1b09cf0986a7cd/Data/rxntime.csv
188,WCH,2017,110mH,M,SF,WCH2017-110mH-M-SF-H1,Milan Trajkovic,5,8,8,0,,,https://github.com/ofiore/Thesis/blob/3cf1db7adebb493f3a5c2e957a1b09cf0986a7cd/Data/rxntime.csv
189,WCH,2017,110mH,M,SF,WCH2017-110mH-M-SF-H1,Aleec Harris,8,8,8,0,,,https://github.com/ofiore/Thesis/blob/3cf1db7adebb493f3a5c2e957a1b09cf0986a7cd/Data/rxntime.csv
190,WCH,2017,110mH,M,SF,WCH2017-110mH-M-SF-H1,Genta Masuno,2,8,8,0,,,https://github.com/ofiore/Thesis/blob/3cf1db7adebb493f3a5c2e957a1b09cf0986a7cd/Data/rxntime.csv
191,WCH,2017,110mH,M,SF,WCH2017-110mH-M-SF-H1,Yaqoub Mohamed  Al-Youha,3,8,8,0,,,https://github.com/ofiore/Thesis/blob/3cf1db7adebb493f3a5c2e957a1b09cf0986a7cd/Data/rxntime.csv
192,WCH,2017,110mH,M,SF,WCH2017-110mH-M-SF-H2,Shane Brathwaite,5,8,8,0,,,https://github.com/ofiore/Thesis/blob/3cf1db7adebb493f3a5c2e957a1b09cf0986a7cd/Data/rxntime.csv
193,WCH,2017,110mH,M,SF,WCH2017-110mH-M-SF-H2,Hansle Parchment,7,8,8,0,,,https://github.com/ofiore/Thesis/blob/3cf1db7adebb493f3a5c2e957a1b09cf0986a7cd/Data/rxntime.csv
194,WCH,2017,110mH,M,SF,WCH2017-110mH-M-SF-H2,Devon Allen,4,8,8,0,,,https://github.com/ofiore/Thesis/blob/3cf1db7adebb493f3a5c2e957a1b09cf0986a7cd/Data/rxntime.csv
195,WCH,2017,110mH,M,SF,WCH2017-110mH-M-SF-H2,Andrew Pozzi,6,8,8,0,,,https://github.com/ofiore/Thesis/blob/3cf1db7adebb493f3a5c2e957a1b09cf0986a7cd/Data/rxntime.csv
196,WCH,2017,110mH,M,SF,WCH2017-110mH-M-SF-H2,Damian Czykier,9,8,8,0,,,https://github.com/ofiore/Thesis/blob/3cf1db7adebb493f3a5c2e957a1b09cf0986a7cd/Data/rxntime.csv
197,WCH,2017,110mH,M,SF,WCH2017-110mH-M-SF-H2,Roger Iribarne,3,8,8,0,,,https://github.com/ofiore/Thesis/blob/3cf1db7adebb493f3a5c2e957a1b09cf0986a7cd/Data/rxntime.csv
198,WCH,2017,110mH,M,SF,WCH2017-110mH-M-SF-H2,Yidiel Contreras,8,8,8,0,,,https://github.com/ofiore/Thesis/blob/3cf1db7adebb493f3a5c2e957a1b09cf0986a7cd/Data/rxntime.csv
199,WCH,2017,110mH,M,SF,WCH2017-110mH-M-SF-H2,Matthias Bühler,2,8,8,0,,,https://github.com/ofiore/Thesis/blob/3cf1db7adebb493f3a5c2e957a1b09cf0986a7cd/Data/rxntime.csv
200,WCH,2017,110mH,M,SF,WCH2017-110mH-M-SF-H3,Balázs Baji,5,8,8,0,,,https://github.com/ofiore/Thesis/blob/3cf1db7adebb493f3a5c2e957a1b09cf0986a7cd/Data/rxntime.csv
201,WCH,2017,110mH,M,SF,WCH2017-110mH-M-SF-H3,Aries Merritt,7,8,8,0,,,https://github.com/ofiore/Thesis/blob/3cf1db7adebb493f3a5c2e957a1b09cf0986a7cd/Data/rxntime.csv
202,WCH,2017,110mH,M,SF,WCH2017-110mH-M-SF-H3,Wenjun Xie,4,8,8,0,,,https://github.com/ofiore/Thesis/blob/3cf1db7adebb493f3a5c2e957a1b09cf0986a7cd/Data/rxntime.csv
203,WCH,2017,110mH,M,SF,WCH2017-110mH-M-SF-H3,Antonio Alkana,9,8,8,0,,,https://github.com/ofiore/Thesis/blob/3cf1db7adebb493f3a5c2e957a1b09cf0986a7cd/Data/rxntime.csv
204,WCH,2017,110mH,M,SF,WCH2017-110mH-M-SF-H3,Eddie Lovett,6,8,8,0,,,https://github.com/ofiore/Thesis/blob/3cf1db7adebb493f3a5c2e957a1b09cf0986a7cd/Data/rxntime.csv
205,WCH,2017,110mH,M,SF,WCH2017-110mH-M-SF-H3,Éder Antonio Souza,3,8,8,0,,,https://github.com/ofiore/Thesis/blob/3cf1db7adebb493f3a5c2e957a1b09cf0986a7cd/Data/rxntime.csv
206,WCH,2017,110mH,M,SF,WCH2017-110mH-M-SF-H3,Johnathan Cabral,8,8,8,0,,,https://github.com/ofiore/Thesis/blob/3cf1db7adebb493f3a5c2e957a1b09cf0986a7cd/Data/rxntime.csv
207,WCH,2017,110mH,M,SF,WCH2017-110mH-M-SF-H3,Yordan L. O'Farrill,2,8,8,0,,,https://github.com/ofiore/Thesis/blob/3cf1db7adebb493f3a5c2e957a1b09cf0986a7cd/Data/rxntime.csv
208,WCH,2017,110mH,M,F,WCH2017-110mH-M-F-H1,Omar McLeod,4,8,8,0,,,https://github.com/ofiore/Thesis/blob/3cf1db7adebb493f3a5c2e957a1b09cf0986a7cd/Data/rxntime.csv
209,WCH,2017,110mH,M,F,WCH2017-110mH-M-F-H1,Sergey Shubenkov,2,8,8,0,,,https://github.com/ofiore/Thesis/blob/3cf1db7adebb493f3a5c2e957a1b09cf0986a7cd/Data/rxntime.csv
210,WCH,2017,110mH,M,F,WCH2017-110mH-M-F-H1,Balázs Baji,5,8,8,0,,,https://github.com/ofiore/Thesis/blob/3cf1db7adebb493f3a5c2e957a1b09cf0986a7cd/Data/rxntime.csv
211,WCH,2017,110mH,M,F,WCH2017-110mH-M-F-H1,Garfield Darien,6,8,8,0,,,https://github.com/ofiore/Thesis/blob/3cf1db7adebb493f3a5c2e957a1b09cf0986a7cd/Data/rxntime.csv
212,WCH,2017,110mH,M,F,WCH2017-110mH-M-F-H1,Aries Merritt,9,8,8,0,,,https://github.com/ofiore/Thesis/blob/3cf1db7adebb493f3a5c2e957a1b09cf0986a7cd/Data/rxntime.csv
213,WCH,2017,110mH,M,F,WCH2017-110mH-M-F-H1,Shane Brathwaite,7,8,8,0,,,https://github.com/ofiore/Thesis/blob/3cf1db7adebb493f3a5c2e957a1b09cf0986a7cd/Data/rxntime.csv
214,WCH,2017,110mH,M,F,WCH2017-110mH-M-F-H1,Orlando Ortega,3,8,8,0,,,https://github.com/ofiore/Thesis/blob/3cf1db7adebb493f3a5c2e957a1b09cf0986a7cd/Data/rxntime.csv
215,WCH,2017,110mH,M,F,WCH2017-110mH-M-F-H1,Hansle Parchment,8,8,8,0,,,https://github.com/ofiore/Thesis/blob/3cf1db7adebb493f3a5c2e957a1b09cf0986a7cd/Data/rxntime.csv
216,WCH,2015,110mH,M,R1,WCH2015-110mH-M-R1-H1,Shane Brathwaite,9,9,9,0,,,https://github.com/ofiore/Thesis/blob/3cf1db7adebb493f3a5c2e957a1b09cf0986a7cd/Data/rxntime.csv
217,WCH,2015,110mH,M,R1,WCH2015-110mH-M-R1-H1,Omar McLeod,4,9,9,0,,,https://github.com/ofiore/Thesis/blob/3cf1db7adebb493f3a5c2e957a1b09cf0986a7cd/Data/rxntime.csv
218,WCH,2015,110mH,M,R1,WCH2015-110mH-M-R1-H1,Wenjun Xie,7,9,9,0,,,https://github.com/ofiore/Thesis/blob/3cf1db7adebb493f3a5c2e957a1b09cf0986a7cd/Data/rxntime.csv
219,WCH,2015,110mH,M,R1,WCH2015-110mH-M-R1-H1,Yidiel Contreras,5,9,9,0,,,https://github.com/ofiore/Thesis/blob/3cf1db7adebb493f3a5c2e957a1b09cf0986a7cd/Data/rxntime.csv
220,WCH,2015,110mH,M,R1,WCH2015-110mH-M-R1-H1,Éder Antonio Souza,1,9,9,0,,,https://github.com/ofiore/Thesis/blob/3cf1db7adebb493f3a5c2e957a1b09cf0986a7cd/Data/rxntime.csv
221,WCH,2015,110mH,M,R1,WCH2015-110mH-M-R1-H1,Lac Jamras Rittidet,2,9,9,0,,,https://github.com/ofiore/Thesis/blob/3cf1db7adebb493f3a5c2e957a1b09cf0986a7cd/Data/rxntime.csv
222,WCH,2015,110mH,M,R1,WCH2015-110mH-M-R1-H1,Welington Zaza,6,9,9,0,,,https://github.com/ofiore/Thesis/blob/3cf1db7adebb493f3a5c2e957a1b09cf0986a7cd/Data/rxntime.csv
223,WCH,2015,110mH,M,R1,WCH2015-110mH-M-R1-H1,Alexander John,8,9,9,0,,,https://github.com/ofiore/Thesis/blob/3cf1db7adebb493f3a5c2e957a1b09cf0986a7cd/Data/rxntime.csv
224,WCH,2015,110mH,M,R1,WCH2015-110mH-M-R1-H1,Mikel Thomas,3,9,9,0,,,https://github.com/ofiore/Thesis/blob/3cf1db7adebb493f3a5c2e957a1b09cf0986a7cd/Data/rxntime.csv
225,WCH,2015,110mH,M,R1,WCH2015-110mH-M-R1-H2,Pascal Martinot-Lagarde,5,6,6,0,,,https://github.com/ofiore/Thesis/blob/3cf1db7adebb493f3a5c2e957a1b09cf0986a7cd/Data/rxntime.csv
226,WCH,2015,110mH,M,R1,WCH2015-110mH-M-R1-H2,Andrew Riley,4,6,6,0,,,https://github.com/ofiore/Thesis/blob/3cf1db7adebb493f3a5c2e957a1b09cf0986a7cd/Data/rxntime.csv
227,WCH,2015,110mH,M,R1,WCH2015-110mH-M-R1-H2,Gregor Traber,8,6,6,0,,,https://github.com/ofiore/Thesis/blob/3cf1db7adebb493f3a5c2e957a1b09cf0986a7cd/Data/rxntime.csv
228,WCH,2015,110mH,M,R1,WCH2015-110mH-M-R1-H2,Artur Noga,2,6,6,0,,,https://github.com/ofiore/Thesis/blob/3cf1db7adebb493f3a5c2e957a1b09cf0986a7cd/Data/rxntime.csv
229,WCH,2015,110mH,M,R1,WCH2015-110mH-M-R1-H2,Ronald Forbes,9,6,6,0,,,https://github.com/ofiore/Thesis/blob/3cf1db7adebb493f3a5c2e957a1b09cf0986a7cd/Data/rxntime.csv
230,WCH,2015,110mH,M,R1,WCH2015-110mH-M-R1-H2,Jonathan Mendes,7,6,6,0,,,https://github.com/ofiore/Thesis/blob/3cf1db7adebb493f3a5c2e957a1b09cf0986a7cd/Data/rxntime.csv
231,WCH,2015,110mH,M,R1,WCH2015-110mH-M-R1-H3,David Oliver,7,9,9,0,,,https://github.com/ofiore/Thesis/blob/3cf1db7adebb493f3a5c2e957a1b09cf0986a7cd/Data/rxntime.csv
232,WCH,2015,110mH,M,R1,WCH2015-110mH-M-R1-H3,Garfield Darien,3,9,9,0,,,https://github.com/ofiore/Thesis/blob/3cf1db7adebb493f3a5c2e957a1b09cf0986a7cd/Data/rxntime.csv
233,WCH,2015,110mH,M,R1,WCH2015-110mH-M-R1-H3,Balázs Baji,6,9,9,0,,,https://github.com/ofiore/Thesis/blob/3cf1db7adebb493f3a5c2e957a1b09cf0986a7cd/Data/rxntime.csv
234,WCH,2015,110mH,M,R1,WCH2015-110mH-M-R1-H3,Johnathan Cabral,4,9,9,0,,,https://github.com/ofiore/Thesis/blob/3cf1db7adebb493f3a5c2e957a1b09cf0986a7cd/Data/rxntime.csv
235,WCH,2015,110mH,M,R1,WCH2015-110mH-M-R1-H3,João Vitor de Oliveira,9,9,9,0,,,https://github.com/ofiore/Thesis/blob/3cf1db7adebb493f3a5c2e957a1b09cf0986a7cd/Data/rxntime.csv
236,WCH,2015,110mH,M,R1,WCH2015-110mH-M-R1-H3,Konstadínos Douvalídis,8,9,9,0,,,https://github.com/ofiore/Thesis/blob/3cf1db7adebb493f3a5c2e957a1b09cf0986a7cd/Data/rxntime.csv
237,WCH,2015,110mH,M,R1,WCH2015-110mH-M-R1-H3,Yordan L. O'Farrill,2,9,9,0,,,https://github.com/ofiore/Thesis/blob/3cf1db7adebb493f3a5c2e957a1b09cf0986a7cd/Data/rxntime.csv
238,WCH,2015,110mH,M,R1,WCH2015-110mH-M-R1-H3,Bano Traoré,1,9,9,0,,,https://github.com/ofiore/Thesis/blob/3cf1db7adebb493f3a5c2e957a1b09cf0986a7cd/Data/rxntime.csv
239,WCH,2015,110mH,M,R1,WCH2015-110mH-M-R1-H3,Xaysa Anousone,5,9,9,0,,,https://github.com/ofiore/Thesis/blob/3cf1db7adebb493f3a5c2e957a1b09cf0986a7cd/Data/rxntime.csv
240,WCH,2015,110mH,M,R1,WCH2015-110mH-M-R1-H4,Hansle Parchment,4,8,8,0,,,https://github.com/ofiore/Thesis/blob/3cf1db7adebb493f3a5c2e957a1b09cf0986a7cd/Data/rxntime.csv
241,WCH,2015,110mH,M,R1,WCH2015-110mH-M-R1-H4,Matthias Bühler,8,8,8,0,,,https://github.com/ofiore/Thesis/blob/3cf1db7adebb493f3a5c2e957a1b09cf0986a7cd/Data/rxntime.csv
242,WCH,2015,110mH,M,R1,WCH2015-110mH-M-R1-H4,Aleec Harris,6,8,8,0,,,https://github.com/ofiore/Thesis/blob/3cf1db7adebb493f3a5c2e957a1b09cf0986a7cd/Data/rxntime.csv
243,WCH,2015,110mH,M,R1,WCH2015-110mH-M-R1-H4,Greggmar Swift,2,8,8,0,,,https://github.com/ofiore/Thesis/blob/3cf1db7adebb493f3a5c2e957a1b09cf0986a7cd/Data/rxntime.csv
244,WCH,2015,110mH,M,R1,WCH2015-110mH-M-R1-H4,Jhoanis Portilla,3,8,8,0,,,https://github.com/ofiore/Thesis/blob/3cf1db7adebb493f3a5c2e957a1b09cf0986a7cd/Data/rxntime.csv
245,WCH,2015,110mH,M,R1,WCH2015-110mH-M-R1-H4,Nicholas Hough,7,8,8,0,,,https://github.com/ofiore/Thesis/blob/3cf1db7adebb493f3a5c2e957a1b09cf0986a7cd/Data/rxntime.csv
246,WCH,2015,110mH,M,R1,WCH2015-110mH-M-R1-H4,Ben Reynolds,9,8,8,0,,,https://github.com/ofiore/Thesis/blob/3cf1db7adebb493f3a5c2e957a1b09cf0986a7cd/Data/rxntime.csv
247,WCH,2015,110mH,M,R1,WCH2015-110mH-M-R1-H4,Milan Ristic,5,8,8,0,,,https://github.com/ofiore/Thesis/blob/3cf1db7adebb493f3a5c2e957a1b09cf0986a7cd/Data/rxntime.csv
248,WCH,2015,110mH,M,R1,WCH2015-110mH-M-R1-H5,Aries Merritt,7,8,8,0,,,https://github.com/ofiore/Thesis/blob/3cf1db7adebb493f3a5c2e957a1b09cf0986a7cd/Data/rxntime.csv
249,WCH,2015,110mH,M,R1,WCH2015-110mH-M-R1-H5,Dimitri Bascou,4,8,8,0,,,https://github.com/ofiore/Thesis/blob/3cf1db7adebb493f3a5c2e957a1b09cf0986a7cd/Data/rxntime.csv
250,WCH,2015,110mH,M,R1,WCH2015-110mH-M-R1-H5,Sergey Shubenkov,8,8,8,0,,,https://github.com/ofiore/Thesis/blob/3cf1db7adebb493f3a5c2e957a1b09cf0986a7cd/Data/rxntime.csv
251,WCH,2015,110mH,M,R1,WCH2015-110mH-M-R1-H5,Sekou Kaba,2,8,8,0,,,https://github.com/ofiore/Thesis/blob/3cf1db7adebb493f3a5c2e957a1b09cf0986a7cd/Data/rxntime.csv
252,WCH,2015,110mH,M,R1,WCH2015-110mH-M-R1-H5,Lawrence Clarke,5,8,8,0,,,https://github.com/ofiore/Thesis/blob/3cf1db7adebb493f3a5c2e957a1b09cf0986a7cd/Data/rxntime.csv
253,WCH,2015,110mH,M,R1,WCH2015-110mH-M-R1-H5,Antonio Alkana,3,8,8,0,,,https://github.com/ofiore/Thesis/blob/3cf1db7adebb493f3a5c2e957a1b09cf0986a7cd/Data/rxntime.csv
254,WCH,2015,110mH,M,R1,WCH2015-110mH-M-R1-H5,Eddie Lovett,9,8,8,0,,,https://github.com/ofiore/Thesis/blob/3cf1db7adebb493f3a5c2e957a1b09cf0986a7cd/Data/rxntime.csv
255,WCH,2015,110mH,M,R1,WCH2015-110mH-M-R1-H5,Honglin Zhang,6,8,8,0,,,https://github.com/ofiore/Thesis/blob/3cf1db7adebb493f3a5c2e957a1b09cf0986a7cd/Data/rxntime.csv
256,WCH,2015,110mH,M,SF,WCH2015-110mH-M-SF-H1,Sergey Shubenkov,6,9,9,0,,,https://github.com/ofiore/Thesis/blob/3cf1db7adebb493f3a5c2e957a1b09cf0986a7cd/Data/rxntime.csv
257,WCH,2015,110mH,M,SF,WCH2015-110mH-M-SF-H1,Hansle Parchment,5,9,9,0,,,https://github.com/ofiore/Thesis/blob/3cf1db7adebb493f3a5c2e957a1b09cf0986a7cd/Data/rxntime.csv
258,WCH,2015,110mH,M,SF,WCH2015-110mH-M-SF-H1,Garfield Darien,4,9,9,0,,,https://github.com/ofiore/Thesis/blob/3cf1db7adebb493f3a5c2e957a1b09cf0986a7cd/Data/rxntime.csv
259,WCH,2015,110mH,M,SF,WCH2015-110mH-M-SF-H1,Aleec Harris,8,9,9,0,,,https://github.com/ofiore/Thesis/blob/3cf1db7adebb493f3a5c2e957a1b09cf0986a7cd/Data/rxntime.csv
260,WCH,2015,110mH,M,SF,WCH2015-110mH-M-SF-H1,Shane Brathwaite,7,9,9,0,,,https://github.com/ofiore/Thesis/blob/3cf1db7adebb493f3a5c2e957a1b09cf0986a7cd/Data/rxntime.csv
261,WCH,2015,110mH,M,SF,WCH2015-110mH-M-SF-H1,João Vitor de Oliveira,2,9,9,0,,,https://github.com/ofiore/Thesis/blob/3cf1db7adebb493f3a5c2e957a1b09cf0986a7cd/Data/rxntime.csv
262,WCH,2015,110mH,M,SF,WCH2015-110mH-M-SF-H1,Sekou Kaba,9,9,9,0,,,https://github.com/ofiore/Thesis/blob/3cf1db7adebb493f3a5c2e957a1b09cf0986a7cd/Data/rxntime.csv
263,WCH,2015,110mH,M,SF,WCH2015-110mH-M-SF-H1,Petr Svoboda,1,9,9,0,,,https://github.com/ofiore/Thesis/blob/3cf1db7adebb493f3a5c2e957a1b09cf0986a7cd/Data/rxntime.csv
264,WCH,2015,110mH,M,SF,WCH2015-110mH-M-SF-H1,Jhoanis Portilla,3,9,9,0,,,https://github.com/ofiore/Thesis/blob/3cf1db7adebb493f3a5c2e957a1b09cf0986a7cd/Data/rxntime.csv
265,WCH,2015,110mH,M,SF,WCH2015-110mH-M-SF-H2,Aries Merritt,5,8,8,0,,,https://github.com/ofiore/Thesis/blob/3cf1db7adebb493f3a5c2e957a1b09cf0986a7cd/Data/rxntime.csv
266,WCH,2015,110mH,M,SF,WCH2015-110mH-M-SF-H2,Omar McLeod,6,8,8,0,,,https://github.com/ofiore/Thesis/blob/3cf1db7adebb493f3a5c2e957a1b09cf0986a7cd/Data/rxntime.csv
267,WCH,2015,110mH,M,SF,WCH2015-110mH-M-SF-H2,Pascal Martinot-Lagarde,4,8,8,0,,,https://github.com/ofiore/Thesis/blob/3cf1db7adebb493f3a5c2e957a1b09cf0986a7cd/Data/rxntime.csv
268,WCH,2015,110mH,M,SF,WCH2015-110mH-M-SF-H2,Johnathan Cabral,2,8,8,0,,,https://github.com/ofiore/Thesis/blob/3cf1db7adebb493f3a5c2e957a1b09cf0986a7cd/Data/rxntime.csv
269,WCH,2015,110mH,M,SF,WCH2015-110mH-M-SF-H2,Gregor Traber,9,8,8,0,,,https://github.com/ofiore/Thesis/blob/3cf1db7adebb493f3a5c2e957a1b09cf0986a7cd/Data/rxntime.csv
270,WCH,2015,110mH,M,SF,WCH2015-110mH-M-SF-H2,Wenjun Xie,7,8,8,0,,,https://github.com/ofiore/Thesis/blob/3cf1db7adebb493f3a5c2e957a1b09cf0986a7cd/Data/rxntime.csv
271,WCH,2015,110mH,M,SF,WCH2015-110mH-M-SF-H2,Greggmar Swift,8,8,8,0,,,https://github.com/ofiore/Thesis/blob/3cf1db7adebb493f3a5c2e957a1b09cf0986a7cd/Data/rxntime.csv
272,WCH,2015,110mH,M,SF,WCH2015-110mH-M-SF-H2,Konstadínos Douvalídis,3,8,8,0,,,https://github.com/ofiore/Thesis/blob/3cf1db7adebb493f3a5c2e957a1b09cf0986a7cd/Data/rxntime.csv
273,WCH,2015,110mH,M,SF,WCH2015-110mH-M-SF-H3,Dimitri Bascou,6,8,8,0,,,https://github.com/ofiore/Thesis/blob/3cf1db7adebb493f3a5c2e957a1b09cf0986a7cd/Data/rxntime.csv
274,WCH,2015,110mH,M,SF,WCH2015-110mH-M-SF-H3,David Oliver,4,8,8,0,,,https://github.com/ofiore/Thesis/blob/3cf1db7adebb493f3a5c2e957a1b09cf0986a7cd/Data/rxntime.csv
275,WCH,2015,110mH,M,SF,WCH2015-110mH-M-SF-H3,Matthias Bühler,5,8,8,0,,,https://github.com/ofiore/Thesis/blob/3cf1db7adebb493f3a5c2e957a1b09cf0986a7cd/Data/rxntime.csv
276,WCH,2015,110mH,M,SF,WCH2015-110mH-M-SF-H3,Artur Noga,2,8,8,0,,,https://github.com/ofiore/Thesis/blob/3cf1db7adebb493f3a5c2e957a1b09cf0986a7cd/Data/rxntime.csv
277,WCH,2015,110mH,M,SF,WCH2015-110mH-M-SF-H3,Andrew Riley,7,8,8,0,,,https://github.com/ofiore/Thesis/blob/3cf1db7adebb493f3a5c2e957a1b09cf0986a7cd/Data/rxntime.csv
278,WCH,2015,110mH,M,SF,WCH2015-110mH-M-SF-H3,Balázs Baji,9,8,8,0,,,https://github.com/ofiore/Thesis/blob/3cf1db7adebb493f3a5c2e957a1b09cf0986a7cd/Data/rxntime.csv
279,WCH,2015,110mH,M,SF,WCH2015-110mH-M-SF-H3,Lawrence Clarke,3,8,8,0,,,https://github.com/ofiore/Thesis/blob/3cf1db7adebb493f3a5c2e957a1b09cf0986a7cd/Data/rxntime.csv
280,WCH,2015,110mH,M,SF,WCH2015-110mH-M-SF-H3,Yidiel Contreras,8,8,8,0,,,https://github.com/ofiore/Thesis/blob/3cf1db7adebb493f3a5c2e957a1b09cf0986a7cd/Data/rxntime.csv
281,WCH,2015,110mH,M,F,WCH2015-110mH-M-F-H1,Sergey Shubenkov,7,8,8,0,,,https://github.com/ofiore/Thesis/blob/3cf1db7adebb493f3a5c2e957a1b09cf0986a7cd/Data/rxntime.csv
282,WCH,2015,110mH,M,F,WCH2015-110mH-M-F-H1,Hansle Parchment,8,8,8,0,,,https://github.com/ofiore/Thesis/blob/3cf1db7adebb493f3a5c2e957a1b09cf0986a7cd/Data/rxntime.csv
283,WCH,2015,110mH,M,F,WCH2015-110mH-M-F-H1,Aries Merritt,4,8,8,0,,,https://github.com/ofiore/Thesis/blob/3cf1db7adebb493f3a5c2e957a1b09cf0986a7cd/Data/rxntime.csv
284,WCH,2015,110mH,M,F,WCH2015-110mH-M-F-H1,Pascal Martinot-Lagarde,2,8,8,0,,,https://github.com/ofiore/Thesis/blob/3cf1db7adebb493f3a5c2e957a1b09cf0986a7cd/Data/rxntime.csv
285,WCH,2015,110mH,M,F,WCH2015-110mH-M-F-H1,Dimitri Bascou,5,8,8,0,,,https://github.com/ofiore/Thesis/blob/3cf1db7adebb493f3a5c2e957a1b09cf0986a7cd/Data/rxntime.csv
286,WCH,2015,110mH,M,F,WCH2015-110mH-M-F-H1,Omar McLeod,6,8,8,0,,,https://github.com/ofiore/Thesis/blob/3cf1db7adebb493f3a5c2e957a1b09cf0986a7cd/Data/rxntime.csv
287,WCH,2015,110mH,M,F,WCH2015-110mH-M-F-H1,David Oliver,9,8,8,0,,,https://github.com/ofiore/Thesis/blob/3cf1db7adebb493f3a5c2e957a1b09cf0986a7cd/Data/rxntime.csv
288,WCH,2015,110mH,M,F,WCH2015-110mH-M-F-H1,Garfield Darien,3,8,8,0,,,https://github.com/ofiore/Thesis/blob/3cf1db7adebb493f3a5c2e957a1b09cf0986a7cd/Data/rxntime.csv
289,WCH,2013,110mH,M,R1,,,,0,9,0,no WA races loaded for this year/event,,https://github.com/ofiore/Thesis/blob/3cf1db7adebb493f3a5c2e957a1b09cf0986a7cd/Data/rxntime.csv
290,WCH,2013,110mH,M,R1,,,,0,9,0,no WA races loaded for this year/event,,https://github.com/ofiore/Thesis/blob/3cf1db7adebb493f3a5c2e957a1b09cf0986a7cd/Data/rxntime.csv
291,WCH,2013,110mH,M,R1,,,,0,9,0,no WA races loaded for this year/event,,https://github.com/ofiore/Thesis/blob/3cf1db7adebb493f3a5c2e957a1b09cf0986a7cd/Data/rxntime.csv
292,WCH,2013,110mH,M,R1,,,,0,9,0,no WA races loaded for this year/event,,https://github.com/ofiore/Thesis/blob/3cf1db7adebb493f3a5c2e957a1b09cf0986a7cd/Data/rxntime.csv
293,WCH,2013,110mH,M,R1,,,,0,9,0,no WA races loaded for this year/event,,https://github.com/ofiore/Thesis/blob/3cf1db7adebb493f3a5c2e957a1b09cf0986a7cd/Data/rxntime.csv
294,WCH,2013,110mH,M,R1,,,,0,9,0,no WA races loaded for this year/event,,https://github.com/ofiore/Thesis/blob/3cf1db7adebb493f3a5c2e957a1b09cf0986a7cd/Data/rxntime.csv
295,WCH,2013,110mH,M,R1,,,,0,9,0,no WA races loaded for this year/event,,https://github.com/ofiore/Thesis/blob/3cf1db7adebb493f3a5c2e957a1b09cf0986a7cd/Data/rxntime.csv
296,WCH,2013,110mH,M,R1,,,,0,9,0,no WA races loaded for this year/event,,https://github.com/ofiore/Thesis/blob/3cf1db7adebb493f3a5c2e957a1b09cf0986a7cd/Data/rxntime.csv
297,WCH,2013,110mH,M,R1,,,,0,9,0,no WA races loaded for this year/event,,https://github.com/ofiore/Thesis/blob/3cf1db7adebb493f3a5c2e957a1b09cf0986a7cd/Data/rxntime.csv
298,WCH,2013,110mH,M,R1,,,,0,8,0,no WA races loaded for this year/event,,https://github.com/ofiore/Thesis/blob/3cf1db7adebb493f3a5c2e957a1b09cf0986a7cd/Data/rxntime.csv
299,WCH,2013,110mH,M,R1,,,,0,8,0,no WA races loaded for this year/event,,https://github.com/ofiore/Thesis/blob/3cf1db7adebb493f3a5c2e957a1b09cf0986a7cd/Data/rxntime.csv
300,WCH,2013,110mH,M,R1,,,,0,8,0,no WA races loaded for this year/event,,https://github.com/ofiore/Thesis/blob/3cf1db7adebb493f3a5c2e957a1b09cf0986a7cd/Data/rxntime.csv
301,WCH,2013,110mH,M,R1,,,,0,8,0,no WA races loaded for this year/event,,https://github.com/ofiore/Thesis/blob/3cf1db7adebb493f3a5c2e957a1b09cf0986a7cd/Data/rxntime.csv
302,WCH,2013,110mH,M,R1,,,,0,8,0,no WA races loaded for this year/event,,https://github.com/ofiore/Thesis/blob/3cf1db7adebb493f3a5c2e957a1b09cf0986a7cd/Data/rxntime.csv
303,WCH,2013,110mH,M,R1,,,,0,8,0,no WA races loaded for this year/event,,https://github.com/ofiore/Thesis/blob/3cf1db7adebb493f3a5c2e957a1b09cf0986a7cd/Data/rxntime.csv
304,WCH,2013,110mH,M,R1,,,,0,8,0,no WA races loaded for this year/event,,https://github.com/ofiore/Thesis/blob/3cf1db7adebb493f3a5c2e957a1b09cf0986a7cd/Data/rxntime.csv
305,WCH,2013,110mH,M,R1,,,,0,8,0,no WA races loaded for this year/event,,https://github.com/ofiore/Thesis/blob/3cf1db7adebb493f3a5c2e957a1b09cf0986a7cd/Data/rxntime.csv
306,WCH,2013,110mH,M,R1,,,,0,7,0,no WA races loaded for this year/event,,https://github.com/ofiore/Thesis/blob/3cf1db7adebb493f3a5c2e957a1b09cf0986a7cd/Data/rxntime.csv
307,WCH,2013,110mH,M,R1,,,,0,7,0,no WA races loaded for this year/event,,https://github.com/ofiore/Thesis/blob/3cf1db7adebb493f3a5c2e957a1b09cf0986a7cd/Data/rxntime.csv
308,WCH,2013,110mH,M,R1,,,,0,7,0,no WA races loaded for this year/event,,https://github.com/ofiore/Thesis/blob/3cf1db7adebb493f3a5c2e957a1b09cf0986a7cd/Data/rxntime.csv
309,WCH,2013,110mH,M,R1,,,,0,7,0,no WA races loaded for this year/event,,https://github.com/ofiore/Thesis/blob/3cf1db7adebb493f3a5c2e957a1b09cf0986a7cd/Data/rxntime.csv
310,WCH,2013,110mH,M,R1,,,,0,7,0,no WA races loaded for this year/event,,https://github.com/ofiore/Thesis/blob/3cf1db7adebb493f3a5c2e957a1b09cf0986a7cd/Data/rxntime.csv
311,WCH,2013,110mH,M,R1,,,,0,7,0,no WA races loaded for this year/event,,https://github.com/ofiore/Thesis/blob/3cf1db7adebb493f3a5c2e957a1b09cf0986a7cd/Data/rxntime.csv
312,WCH,2013,110mH,M,R1,,,,0,7,0,no WA races loaded for this year/event,,https://github.com/ofiore/Thesis/blob/3cf1db7adebb493f3a5c2e957a1b09cf0986a7cd/Data/rxntime.csv
313,WCH,2013,110mH,M,R1,,,,0,9,0,no WA races loaded for this year/event,,https://github.com/ofiore/Thesis/blob/3cf1db7adebb493f3a5c2e957a1b09cf0986a7cd/Data/rxntime.csv
314,WCH,2013,110mH,M,R1,,,,0,9,0,no WA races loaded for this year/event,,https://github.com/ofiore/Thesis/blob/3cf1db7adebb493f3a5c2e957a1b09cf0986a7cd/Data/rxntime.csv
315,WCH,2013,110mH,M,R1,,,,0,9,0,no WA races loaded for this year/event,,https://github.com/ofiore/Thesis/blob/3cf1db7adebb493f3a5c2e957a1b09cf0986a7cd/Data/rxntime.csv
316,WCH,2013,110mH,M,R1,,,,0,9,0,no WA races loaded for this year/event,,https://github.com/ofiore/Thesis/blob/3cf1db7adebb493f3a5c2e957a1b09cf0986a7cd/Data/rxntime.csv
317,WCH,2013,110mH,M,R1,,,,0,9,0,no WA races loaded for this year/event,,https://github.com/ofiore/Thesis/blob/3cf1db7adebb493f3a5c2e957a1b09cf0986a7cd/Data/rxntime.csv
318,WCH,2013,110mH,M,R1,,,,0,9,0,no WA races loaded for this year/event,,https://github.com/ofiore/Thesis/blob/3cf1db7adebb493f3a5c2e957a1b09cf0986a7cd/Data/rxntime.csv
319,WCH,2013,110mH,M,R1,,,,0,9,0,no WA races loaded for this year/event,,https://github.com/ofiore/Thesis/blob/3cf1db7adebb493f3a5c2e957a1b09cf0986a7cd/Data/rxntime.csv
320,WCH,2013,110mH,M,R1,,,,0,9,0,no WA races loaded for this year/event,,https://github.com/ofiore/Thesis/blob/3cf1db7adebb493f3a5c2e957a1b09cf0986a7cd/Data/rxntime.csv
321,WCH,2013,110mH,M,R1,,,,0,9,0,no WA races loaded for this year/event,,https://github.com/ofiore/Thesis/blob/3cf1db7adebb493f3a5c2e957a1b09cf0986a7cd/Data/rxntime.csv
322,WCH,2013,110mH,M,SF,,,,0,8,0,no WA races loaded for this year/event,,https://github.com/ofiore/Thesis/blob/3cf1db7adebb493f3a5c2e957a1b09cf0986a7cd/Data/rxntime.csv
323,WCH,2013,110mH,M,SF,,,,0,8,0,no WA races loaded for this year/event,,https://github.com/ofiore/Thesis/blob/3cf1db7adebb493f3a5c2e957a1b09cf0986a7cd/Data/rxntime.csv
324,WCH,2013,110mH,M,SF,,,,0,8,0,no WA races loaded for this year/event,,https://github.com/ofiore/Thesis/blob/3cf1db7adebb493f3a5c2e957a1b09cf0986a7cd/Data/rxntime.csv
325,WCH,2013,110mH,M,SF,,,,0,8,0,no WA races loaded for this year/event,,https://github.com/ofiore/Thesis/blob/3cf1db7adebb493f3a5c2e957a1b09cf0986a7cd/Data/rxntime.csv
326,WCH,2013,110mH,M,SF,,,,0,8,0,no WA races loaded for this year/event,,https://github.com/ofiore/Thesis/blob/3cf1db7adebb493f3a5c2e957a1b09cf0986a7cd/Data/rxntime.csv
327,WCH,2013,110mH,M,SF,,,,0,8,0,no WA races loaded for this year/event,,https://github.com/ofiore/Thesis/blob/3cf1db7adebb493f3a5c2e957a1b09cf0986a7cd/Data/rxntime.csv
328,WCH,2013,110mH,M,SF,,,,0,8,0,no WA races loaded for this year/event,,https://github.com/ofiore/Thesis/blob/3cf1db7adebb493f3a5c2e957a1b09cf0986a7cd/Data/rxntime.csv
329,WCH,2013,110mH,M,SF,,,,0,8,0,no WA races loaded for this year/event,,https://github.com/ofiore/Thesis/blob/3cf1db7adebb493f3a5c2e957a1b09cf0986a7cd/Data/rxntime.csv
330,WCH,2013,110mH,M,SF,,,,0,8,0,no WA races loaded for this year/event,,https://github.com/ofiore/Thesis/blob/3cf1db7adebb493f3a5c2e957a1b09cf0986a7cd/Data/rxntime.csv
331,WCH,2013,110mH,M,SF,,,,0,8,0,no WA races loaded for this year/event,,https://github.com/ofiore/Thesis/blob/3cf1db7adebb493f3a5c2e957a1b09cf0986a7cd/Data/rxntime.csv
332,WCH,2013,110mH,M,SF,,,,0,8,0,no WA races loaded for this year/event,,https://github.com/ofiore/Thesis/blob/3cf1db7adebb493f3a5c2e957a1b09cf0986a7cd/Data/rxntime.csv
333,WCH,2013,110mH,M,SF,,,,0,8,0,no WA races loaded for this year/event,,https://github.com/ofiore/Thesis/blob/3cf1db7adebb493f3a5c2e957a1b09cf0986a7cd/Data/rxntime.csv
334,WCH,2013,110mH,M,SF,,,,0,8,0,no WA races loaded for this year/event,,https://github.com/ofiore/Thesis/blob/3cf1db7adebb493f3a5c2e957a1b09cf0986a7cd/Data/rxntime.csv
335,WCH,2013,110mH,M,SF,,,,0,8,0,no WA races loaded for this year/event,,https://github.com/ofiore/Thesis/blob/3cf1db7adebb493f3a5c2e957a1b09cf0986a7cd/Data/rxntime.csv
336,WCH,2013,110mH,M,SF,,,,0,8,0,no WA races loaded for this year/event,,https://github.com/ofiore/Thesis/blob/3cf1db7adebb493f3a5c2e957a1b09cf0986a7cd/Data/rxntime.csv
337,WCH,2013,110mH,M,SF,,,,0,8,0,no WA races loaded for this year/event,,https://github.com/ofiore/Thesis/blob/3cf1db7adebb493f3a5c2e957a1b09cf0986a7cd/Data/rxntime.csv
338,WCH,2013,110mH,M,F,,,,0,8,0,no WA races loaded for this year/event,,https://github.com/ofiore/Thesis/blob/3cf1db7adebb493f3a5c2e957a1b09cf0986a7cd/Data/rxntime.csv
339,WCH,2013,110mH,M,F,,,,0,8,0,no WA races loaded for this year/event,,https://github.com/ofiore/Thesis/blob/3cf1db7adebb493f3a5c2e957a1b09cf0986a7cd/Data/rxntime.csv
340,WCH,2013,110mH,M,F,,,,0,8,0,no WA races loaded for this year/event,,https://github.com/ofiore/Thesis/blob/3cf1db7adebb493f3a5c2e957a1b09cf0986a7cd/Data/rxntime.csv
341,WCH,2013,110mH,M,F,,,,0,8,0,no WA races loaded for this year/event,,https://github.com/ofiore/Thesis/blob/3cf1db7adebb493f3a5c2e957a1b09cf0986a7cd/Data/rxntime.csv
342,WCH,2013,110mH,M,F,,,,0,8,0,no WA races loaded for this year/event,,https://github.com/ofiore/Thesis/blob/3cf1db7adebb493f3a5c2e957a1b09cf0986a7cd/Data/rxntime.csv
343,WCH,2013,110mH,M,F,,,,0,8,0,no WA races loaded for this year/event,,https://github.com/ofiore/Thesis/blob/3cf1db7adebb493f3a5c2e957a1b09cf0986a7cd/Data/rxntime.csv
344,WCH,2013,110mH,M,F,,,,0,8,0,no WA races loaded for this year/event,,https://github.com/ofiore/Thesis/blob/3cf1db7adebb493f3a5c2e957a1b09cf0986a7cd/Data/rxntime.csv
345,WCH,2013,110mH,M,F,,,,0,8,0,no WA races loaded for this year/event,,https://github.com/ofiore/Thesis/blob/3cf1db7adebb493f3a5c2e957a1b09cf0986a7cd/Data/rxntime.csv
346,WCH,2011,110mH,M,R1,,,,0,8,0,no WA races loaded for this year/event,,https://github.com/ofiore/Thesis/blob/3cf1db7adebb493f3a5c2e957a1b09cf0986a7cd/Data/rxntime.csv
347,WCH,2011,110mH,M,R1,,,,0,8,0,no WA races loaded for this year/event,,https://github.com/ofiore/Thesis/blob/3cf1db7adebb493f3a5c2e957a1b09cf0986a7cd/Data/rxntime.csv
348,WCH,2011,110mH,M,R1,,,,0,8,0,no WA races loaded for this year/event,,https://github.com/ofiore/Thesis/blob/3cf1db7adebb493f3a5c2e957a1b09cf0986a7cd/Data/rxntime.csv
349,WCH,2011,110mH,M,R1,,,,0,8,0,no WA races loaded for this year/event,,https://github.com/ofiore/Thesis/blob/3cf1db7adebb493f3a5c2e957a1b09cf0986a7cd/Data/rxntime.csv
350,WCH,2011,110mH,M,R1,,,,0,8,0,no WA races loaded for this year/event,,https://github.com/ofiore/Thesis/blob/3cf1db7adebb493f3a5c2e957a1b09cf0986a7cd/Data/rxntime.csv
351,WCH,2011,110mH,M,R1,,,,0,8,0,no WA races loaded for this year/event,,https://github.com/ofiore/Thesis/blob/3cf1db7adebb493f3a5c2e957a1b09cf0986a7cd/Data/rxntime.csv
352,WCH,2011,110mH,M,R1,,,,0,8,0,no WA races loaded for this year/event,,https://github.com/ofiore/Thesis/blob/3cf1db7adebb493f3a5c2e957a1b09cf0986a7cd/Data/rxntime.csv
353,WCH,2011,110mH,M,R1,,,,0,8,0,no WA races loaded for this year/event,,https://github.com/ofiore/Thesis/blob/3cf1db7adebb493f3a5c2e957a1b09cf0986a7cd/Data/rxntime.csv
354,WCH,2011,110mH,M,R1,,,,0,8,0,no WA races loaded for this year/event,,https://github.com/ofiore/Thesis/blob/3cf1db7adebb493f3a5c2e957a1b09cf0986a7cd/Data/rxntime.csv
355,WCH,2011,110mH,M,R1,,,,0,8,0,no WA races loaded for this year/event,,https://github.com/ofiore/Thesis/blob/3cf1db7adebb493f3a5c2e957a1b09cf0986a7cd/Data/rxntime.csv
356,WCH,2011,110mH,M,R1,,,,0,8,0,no WA races loaded for this year/event,,https://github.com/ofiore/Thesis/blob/3cf1db7adebb493f3a5c2e957a1b09cf0986a7cd/Data/rxntime.csv
357,WCH,2011,110mH,M,R1,,,,0,8,0,no WA races loaded for this year/event,,https://github.com/ofiore/Thesis/blob/3cf1db7adebb493f3a5c2e957a1b09cf0986a7cd/Data/rxntime.csv
358,WCH,2011,110mH,M,R1,,,,0,8,0,no WA races loaded for this year/event,,https://github.com/ofiore/Thesis/blob/3cf1db7adebb493f3a5c2e957a1b09cf0986a7cd/Data/rxntime.csv
359,WCH,2011,110mH,M,R1,,,,0,8,0,no WA races loaded for this year/event,,https://github.com/ofiore/Thesis/blob/3cf1db7adebb493f3a5c2e957a1b09cf0986a7cd/Data/rxntime.csv
360,WCH,2011,110mH,M,R1,,,,0,8,0,no WA races loaded for this year/event,,https://github.com/ofiore/Thesis/blob/3cf1db7adebb493f3a5c2e957a1b09cf0986a7cd/Data/rxntime.csv
361,WCH,2011,110mH,M,R1,,,,0,8,0,no WA races loaded for this year/event,,https://github.com/ofiore/Thesis/blob/3cf1db7adebb493f3a5c2e957a1b09cf0986a7cd/Data/rxntime.csv
362,WCH,2011,110mH,M,R1,,,,0,8,0,no WA races loaded for this year/event,,https://github.com/ofiore/Thesis/blob/3cf1db7adebb493f3a5c2e957a1b09cf0986a7cd/Data/rxntime.csv
363,WCH,2011,110mH,M,R1,,,,0,8,0,no WA races loaded for this year/event,,https://github.com/ofiore/Thesis/blob/3cf1db7adebb493f3a5c2e957a1b09cf0986a7cd/Data/rxntime.csv
364,WCH,2011,110mH,M,R1,,,,0,8,0,no WA races loaded for this year/event,,https://github.com/ofiore/Thesis/blob/3cf1db7adebb493f3a5c2e957a1b09cf0986a7cd/Data/rxntime.csv
365,WCH,2011,110mH,M,R1,,,,0,8,0,no WA races loaded for this year/event,,https://github.com/ofiore/Thesis/blob/3cf1db7adebb493f3a5c2e957a1b09cf0986a7cd/Data/rxntime.csv
366,WCH,2011,110mH,M,R1,,,,0,8,0,no WA races loaded for this year/event,,https://github.com/ofiore/Thesis/blob/3cf1db7adebb493f3a5c2e957a1b09cf0986a7cd/Data/rxntime.csv
367,WCH,2011,110mH,M,R1,,,,0,8,0,no WA races loaded for this year/event,,https://github.com/ofiore/Thesis/blob/3cf1db7adebb493f3a5c2e957a1b09cf0986a7cd/Data/rxntime.csv
368,WCH,2011,110mH,M,R1,,,,0,8,0,no WA races loaded for this year/event,,https://github.com/ofiore/Thesis/blob/3cf1db7adebb493f3a5c2e957a1b09cf0986a7cd/Data/rxntime.csv
369,WCH,2011,110mH,M,R1,,,,0,8,0,no WA races loaded for this year/event,,https://github.com/ofiore/Thesis/blob/3cf1db7adebb493f3a5c2e957a1b09cf0986a7cd/Data/rxntime.csv
370,WCH,2011,110mH,M,R1,,,,0,8,0,no WA races loaded for this year/event,,https://github.com/ofiore/Thesis/blob/3cf1db7adebb493f3a5c2e957a1b09cf0986a7cd/Data/rxntime.csv
371,WCH,2011,110mH,M,R1,,,,0,8,0,no WA races loaded for this year/event,,https://github.com/ofiore/Thesis/blob/3cf1db7adebb493f3a5c2e957a1b09cf0986a7cd/Data/rxntime.csv
372,WCH,2011,110mH,M,R1,,,,0,8,0,no WA races loaded for this year/event,,https://github.com/ofiore/Thesis/blob/3cf1db7adebb493f3a5c2e957a1b09cf0986a7cd/Data/rxntime.csv
373,WCH,2011,110mH,M,R1,,,,0,8,0,no WA races loaded for this year/event,,https://github.com/ofiore/Thesis/blob/3cf1db7adebb493f3a5c2e957a1b09cf0986a7cd/Data/rxntime.csv
374,WCH,2011,110mH,M,R1,,,,0,8,0,no WA races loaded for this year/event,,https://github.com/ofiore/Thesis/blob/3cf1db7adebb493f3a5c2e957a1b09cf0986a7cd/Data/rxntime.csv
375,WCH,2011,110mH,M,R1,,,,0,8,0,no WA races loaded for this year/event,,https://github.com/ofiore/Thesis/blob/3cf1db7adebb493f3a5c2e957a1b09cf0986a7cd/Data/rxntime.csv
376,WCH,2011,110mH,M,R1,,,,0,8,0,no WA races loaded for this year/event,,https://github.com/ofiore/Thesis/blob/3cf1db7adebb493f3a5c2e957a1b09cf0986a7cd/Data/rxntime.csv
377,WCH,2011,110mH,M,R1,,,,0,8,0,no WA races loaded for this year/event,,https://github.com/ofiore/Thesis/blob/3cf1db7adebb493f3a5c2e957a1b09cf0986a7cd/Data/rxntime.csv
378,WCH,2011,110mH,M,SF,,,,0,8,0,no WA races loaded for this year/event,,https://github.com/ofiore/Thesis/blob/3cf1db7adebb493f3a5c2e957a1b09cf0986a7cd/Data/rxntime.csv
379,WCH,2011,110mH,M,SF,,,,0,8,0,no WA races loaded for this year/event,,https://github.com/ofiore/Thesis/blob/3cf1db7adebb493f3a5c2e957a1b09cf0986a7cd/Data/rxntime.csv
380,WCH,2011,110mH,M,SF,,,,0,8,0,no WA races loaded for this year/event,,https://github.com/ofiore/Thesis/blob/3cf1db7adebb493f3a5c2e957a1b09cf0986a7cd/Data/rxntime.csv
381,WCH,2011,110mH,M,SF,,,,0,8,0,no WA races loaded for this year/event,,https://github.com/ofiore/Thesis/blob/3cf1db7adebb493f3a5c2e957a1b09cf0986a7cd/Data/rxntime.csv
382,WCH,2011,110mH,M,SF,,,,0,8,0,no WA races loaded for this year/event,,https://github.com/ofiore/Thesis/blob/3cf1db7adebb493f3a5c2e957a1b09cf0986a7cd/Data/rxntime.csv
383,WCH,2011,110mH,M,SF,,,,0,8,0,no WA races loaded for this year/event,,https://github.com/ofiore/Thesis/blob/3cf1db7adebb493f3a5c2e957a1b09cf0986a7cd/Data/rxntime.csv
384,WCH,2011,110mH,M,SF,,,,0,8,0,no WA races loaded for this year/event,,https://github.com/ofiore/Thesis/blob/3cf1db7adebb493f3a5c2e957a1b09cf0986a7cd/Data/rxntime.csv
385,WCH,2011,110mH,M,SF,,,,0,8,0,no WA races loaded for this year/event,,https://github.com/ofiore/Thesis/blob/3cf1db7adebb493f3a5c2e957a1b09cf0986a7cd/Data/rxntime.csv
386,WCH,2011,110mH,M,SF,,,,0,8,0,no WA races loaded for this year/event,,https://github.com/ofiore/Thesis/blob/3cf1db7adebb493f3a5c2e957a1b09cf0986a7cd/Data/rxntime.csv
387,WCH,2011,110mH,M,SF,,,,0,8,0,no WA races loaded for this year/event,,https://github.com/ofiore/Thesis/blob/3cf1db7adebb493f3a5c2e957a1b09cf0986a7cd/Data/rxntime.csv
388,WCH,2011,110mH,M,SF,,,,0,8,0,no WA races loaded for this year/event,,https://github.com/ofiore/Thesis/blob/3cf1db7adebb493f3a5c2e957a1b09cf0986a7cd/Data/rxntime.csv
389,WCH,2011,110mH,M,SF,,,,0,8,0,no WA races loaded for this year/event,,https://github.com/ofiore/Thesis/blob/3cf1db7adebb493f3a5c2e957a1b09cf0986a7cd/Data/rxntime.csv
390,WCH,2011,110mH,M,SF,,,,0,8,0,no WA races loaded for this year/event,,https://github.com/ofiore/Thesis/blob/3cf1db7adebb493f3a5c2e957a1b09cf0986a7cd/Data/rxntime.csv
391,WCH,2011,110mH,M,SF,,,,0,8,0,no WA races loaded for this year/event,,https://github.com/ofiore/Thesis/blob/3cf1db7adebb493f3a5c2e957a1b09cf0986a7cd/Data/rxntime.csv
392,WCH,2011,110mH,M,SF,,,,0,8,0,no WA races loaded for this year/event,,https://github.com/ofiore/Thesis/blob/3cf1db7adebb493f3a5c2e957a1b09cf0986a7cd/Data/rxntime.csv
393,WCH,2011,110mH,M,SF,,,,0,8,0,no WA races loaded for this year/event,,https://github.com/ofiore/Thesis/blob/3cf1db7adebb493f3a5c2e957a1b09cf0986a7cd/Data/rxntime.csv
394,WCH,2011,110mH,M,F,,,,0,8,0,no WA races loaded for this year/event,,https://github.com/ofiore/Thesis/blob/3cf1db7adebb493f3a5c2e957a1b09cf0986a7cd/Data/rxntime.csv
395,WCH,2011,110mH,M,F,,,,0,8,0,no WA races loaded for this year/event,,https://github.com/ofiore/Thesis/blob/3cf1db7adebb493f3a5c2e957a1b09cf0986a7cd/Data/rxntime.csv
396,WCH,2011,110mH,M,F,,,,0,8,0,no WA races loaded for this year/event,,https://github.com/ofiore/Thesis/blob/3cf1db7adebb493f3a5c2e957a1b09cf0986a7cd/Data/rxntime.csv
397,WCH,2011,110mH,M,F,,,,0,8,0,no WA races loaded for this year/event,,https://github.com/ofiore/Thesis/blob/3cf1db7adebb493f3a5c2e957a1b09cf0986a7cd/Data/rxntime.csv
398,WCH,2011,110mH,M,F,,,,0,8,0,no WA races loaded for this year/event,,https://github.com/ofiore/Thesis/blob/3cf1db7adebb493f3a5c2e957a1b09cf0986a7cd/Data/rxntime.csv
399,WCH,2011,110mH,M,F,,,,0,8,0,no WA races loaded for this year/event,,https://github.com/ofiore/Thesis/blob/3cf1db7adebb493f3a5c2e957a1b09cf0986a7cd/Data/rxntime.csv
400,WCH,2011,110mH,M,F,,,,0,8,0,no WA races loaded for this year/event,,https://github.com/ofiore/Thesis/blob/3cf1db7adebb493f3a5c2e957a1b09cf0986a7cd/Data/rxntime.csv
401,WCH,2011,110mH,M,F,,,,0,8,0,no WA races loaded for this year/event,,https://github.com/ofiore/Thesis/blob/3cf1db7adebb493f3a5c2e957a1b09cf0986a7cd/Data/rxntime.csv
402,WCH,2009,110mH,M,R1,,,,0,8,0,no WA races loaded for this year/event,,https://github.com/ofiore/Thesis/blob/3cf1db7adebb493f3a5c2e957a1b09cf0986a7cd/Data/rxntime.csv
403,WCH,2009,110mH,M,R1,,,,0,8,0,no WA races loaded for this year/event,,https://github.com/ofiore/Thesis/blob/3cf1db7adebb493f3a5c2e957a1b09cf0986a7cd/Data/rxntime.csv
404,WCH,2009,110mH,M,R1,,,,0,8,0,no WA races loaded for this year/event,,https://github.com/ofiore/Thesis/blob/3cf1db7adebb493f3a5c2e957a1b09cf0986a7cd/Data/rxntime.csv
405,WCH,2009,110mH,M,R1,,,,0,8,0,no WA races loaded for this year/event,,https://github.com/ofiore/Thesis/blob/3cf1db7adebb493f3a5c2e957a1b09cf0986a7cd/Data/rxntime.csv
406,WCH,2009,110mH,M,R1,,,,0,8,0,no WA races loaded for this year/event,,https://github.com/ofiore/Thesis/blob/3cf1db7adebb493f3a5c2e957a1b09cf0986a7cd/Data/rxntime.csv
407,WCH,2009,110mH,M,R1,,,,0,8,0,no WA races loaded for this year/event,,https://github.com/ofiore/Thesis/blob/3cf1db7adebb493f3a5c2e957a1b09cf0986a7cd/Data/rxntime.csv
408,WCH,2009,110mH,M,R1,,,,0,8,0,no WA races loaded for this year/event,,https://github.com/ofiore/Thesis/blob/3cf1db7adebb493f3a5c2e957a1b09cf0986a7cd/Data/rxntime.csv
409,WCH,2009,110mH,M,R1,,,,0,8,0,no WA races loaded for this year/event,,https://github.com/ofiore/Thesis/blob/3cf1db7adebb493f3a5c2e957a1b09cf0986a7cd/Data/rxntime.csv
410,WCH,2009,110mH,M,R1,,,,0,6,0,no WA races loaded for this year/event,,https://github.com/ofiore/Thesis/blob/3cf1db7adebb493f3a5c2e957a1b09cf0986a7cd/Data/rxntime.csv
411,WCH,2009,110mH,M,R1,,,,0,6,0,no WA races loaded for this year/event,,https://github.com/ofiore/Thesis/blob/3cf1db7adebb493f3a5c2e957a1b09cf0986a7cd/Data/rxntime.csv
412,WCH,2009,110mH,M,R1,,,,0,6,0,no WA races loaded for this year/event,,https://github.com/ofiore/Thesis/blob/3cf1db7adebb493f3a5c2e957a1b09cf0986a7cd/Data/rxntime.csv
413,WCH,2009,110mH,M,R1,,,,0,6,0,no WA races loaded for this year/event,,https://github.com/ofiore/Thesis/blob/3cf1db7adebb493f3a5c2e957a1b09cf0986a7cd/Data/rxntime.csv
414,WCH,2009,110mH,M,R1,,,,0,6,0,no WA races loaded for this year/event,,https://github.com/ofiore/Thesis/blob/3cf1db7adebb493f3a5c2e957a1b09cf0986a7cd/Data/rxntime.csv
415,WCH,2009,110mH,M,R1,,,,0,6,0,no WA races loaded for this year/event,,https://github.com/ofiore/Thesis/blob/3cf1db7adebb493f3a5c2e957a1b09cf0986a7cd/Data/rxntime.csv
416,WCH,2009,110mH,M,R1,,,,0,8,0,no WA races loaded for this year/event,,https://github.com/ofiore/Thesis/blob/3cf1db7adebb493f3a5c2e957a1b09cf0986a7cd/Data/rxntime.csv
417,WCH,2009,110mH,M,R1,,,,0,8,0,no WA races loaded for this year/event,,https://github.com/ofiore/Thesis/blob/3cf1db7adebb493f3a5c2e957a1b09cf0986a7cd/Data/rxntime.csv
418,WCH,2009,110mH,M,R1,,,,0,8,0,no WA races loaded for this year/event,,https://github.com/ofiore/Thesis/blob/3cf1db7adebb493f3a5c2e957a1b09cf0986a7cd/Data/rxntime.csv
419,WCH,2009,110mH,M,R1,,,,0,8,0,no WA races loaded for this year/event,,https://github.com/ofiore/Thesis/blob/3cf1db7adebb493f3a5c2e957a1b09cf0986a7cd/Data/rxntime.csv
420,WCH,2009,110mH,M,R1,,,,0,8,0,no WA races loaded for this year/event,,https://github.com/ofiore/Thesis/blob/3cf1db7adebb493f3a5c2e957a1b09cf0986a7cd/Data/rxntime.csv
421,WCH,2009,110mH,M,R1,,,,0,8,0,no WA races loaded for this year/event,,https://github.com/ofiore/Thesis/blob/3cf1db7adebb493f3a5c2e957a1b09cf0986a7cd/Data/rxntime.csv
422,WCH,2009,110mH,M,R1,,,,0,8,0,no WA races loaded for this year/event,,https://github.com/ofiore/Thesis/blob/3cf1db7adebb493f3a5c2e957a1b09cf0986a7cd/Data/rxntime.csv
423,WCH,2009,110mH,M,R1,,,,0,8,0,no WA races loaded for this year/event,,https://github.com/ofiore/Thesis/blob/3cf1db7adebb493f3a5c2e957a1b09cf0986a7cd/Data/rxntime.csv
424,WCH,2009,110mH,M,R1,,,,0,8,0,no WA races loaded for this year/event,,https://github.com/ofiore/Thesis/blob/3cf1db7adebb493f3a5c2e957a1b09cf0986a7cd/Data/rxntime.csv
425,WCH,2009,110mH,M,R1,,,,0,8,0,no WA races loaded for this year/event,,https://github.com/ofiore/Thesis/blob/3cf1db7adebb493f3a5c2e957a1b09cf0986a7cd/Data/rxntime.csv
426,WCH,2009,110mH,M,R1,,,,0,8,0,no WA races loaded for this year/event,,https://github.com/ofiore/Thesis/blob/3cf1db7adebb493f3a5c2e957a1b09cf0986a7cd/Data/rxntime.csv
427,WCH,2009,110mH,M,R1,,,,0,8,0,no WA races loaded for this year/event,,https://github.com/ofiore/Thesis/blob/3cf1db7adebb493f3a5c2e957a1b09cf0986a7cd/Data/rxntime.csv
428,WCH,2009,110mH,M,R1,,,,0,8,0,no WA races loaded for this year/event,,https://github.com/ofiore/Thesis/blob/3cf1db7adebb493f3a5c2e957a1b09cf0986a7cd/Data/rxntime.csv
429,WCH,2009,110mH,M,R1,,,,0,8,0,no WA races loaded for this year/event,,https://github.com/ofiore/Thesis/blob/3cf1db7adebb493f3a5c2e957a1b09cf0986a7cd/Data/rxntime.csv
430,WCH,2009,110mH,M,R1,,,,0,8,0,no WA races loaded for this year/event,,https://github.com/ofiore/Thesis/blob/3cf1db7adebb493f3a5c2e957a1b09cf0986a7cd/Data/rxntime.csv
431,WCH,2009,110mH,M,R1,,,,0,8,0,no WA races loaded for this year/event,,https://github.com/ofiore/Thesis/blob/3cf1db7adebb493f3a5c2e957a1b09cf0986a7cd/Data/rxntime.csv
432,WCH,2009,110mH,M,R1,,,,0,8,0,no WA races loaded for this year/event,,https://github.com/ofiore/Thesis/blob/3cf1db7adebb493f3a5c2e957a1b09cf0986a7cd/Data/rxntime.csv
433,WCH,2009,110mH,M,R1,,,,0,8,0,no WA races loaded for this year/event,,https://github.com/ofiore/Thesis/blob/3cf1db7adebb493f3a5c2e957a1b09cf0986a7cd/Data/rxntime.csv
434,WCH,2009,110mH,M,R1,,,,0,8,0,no WA races loaded for this year/event,,https://github.com/ofiore/Thesis/blob/3cf1db7adebb493f3a5c2e957a1b09cf0986a7cd/Data/rxntime.csv
435,WCH,2009,110mH,M,R1,,,,0,8,0,no WA races loaded for this year/event,,https://github.com/ofiore/Thesis/blob/3cf1db7adebb493f3a5c2e957a1b09cf0986a7cd/Data/rxntime.csv
436,WCH,2009,110mH,M,R1,,,,0,8,0,no WA races loaded for this year/event,,https://github.com/ofiore/Thesis/blob/3cf1db7adebb493f3a5c2e957a1b09cf0986a7cd/Data/rxntime.csv
437,WCH,2009,110mH,M,R1,,,,0,8,0,no WA races loaded for this year/event,,https://github.com/ofiore/Thesis/blob/3cf1db7adebb493f3a5c2e957a1b09cf0986a7cd/Data/rxntime.csv
438,WCH,2009,110mH,M,R1,,,,0,8,0,no WA races loaded for this year/event,,https://github.com/ofiore/Thesis/blob/3cf1db7adebb493f3a5c2e957a1b09cf0986a7cd/Data/rxntime.csv
439,WCH,2009,110mH,M,R1,,,,0,8,0,no WA races loaded for this year/event,,https://github.com/ofiore/Thesis/blob/3cf1db7adebb493f3a5c2e957a1b09cf0986a7cd/Data/rxntime.csv
440,WCH,2009,110mH,M,R1,,,,0,8,0,no WA races loaded for this year/event,,https://github.com/ofiore/Thesis/blob/3cf1db7adebb493f3a5c2e957a1b09cf0986a7cd/Data/rxntime.csv
441,WCH,2009,110mH,M,R1,,,,0,8,0,no WA races loaded for this year/event,,https://github.com/ofiore/Thesis/blob/3cf1db7adebb493f3a5c2e957a1b09cf0986a7cd/Data/rxntime.csv
442,WCH,2009,110mH,M,R1,,,,0,8,0,no WA races loaded for this year/event,,https://github.com/ofiore/Thesis/blob/3cf1db7adebb493f3a5c2e957a1b09cf0986a7cd/Data/rxntime.csv
443,WCH,2009,110mH,M,R1,,,,0,8,0,no WA races loaded for this year/event,,https://github.com/ofiore/Thesis/blob/3cf1db7adebb493f3a5c2e957a1b09cf0986a7cd/Data/rxntime.csv
444,WCH,2009,110mH,M,R1,,,,0,8,0,no WA races loaded for this year/event,,https://github.com/ofiore/Thesis/blob/3cf1db7adebb493f3a5c2e957a1b09cf0986a7cd/Data/rxntime.csv
445,WCH,2009,110mH,M,R1,,,,0,8,0,no WA races loaded for this year/event,,https://github.com/ofiore/Thesis/blob/3cf1db7adebb493f3a5c2e957a1b09cf0986a7cd/Data/rxntime.csv
446,WCH,2009,110mH,M,R1,,,,0,8,0,no WA races loaded for this year/event,,https://github.com/ofiore/Thesis/blob/3cf1db7adebb493f3a5c2e957a1b09cf0986a7cd/Data/rxntime.csv
447,WCH,2009,110mH,M,R1,,,,0,8,0,no WA races loaded for this year/event,,https://github.com/ofiore/Thesis/blob/3cf1db7adebb493f3a5c2e957a1b09cf0986a7cd/Data/rxntime.csv
448,WCH,2009,110mH,M,SF,,,,0,8,0,no WA races loaded for this year/event,,https://github.com/ofiore/Thesis/blob/3cf1db7adebb493f3a5c2e957a1b09cf0986a7cd/Data/rxntime.csv
449,WCH,2009,110mH,M,SF,,,,0,8,0,no WA races loaded for this year/event,,https://github.com/ofiore/Thesis/blob/3cf1db7adebb493f3a5c2e957a1b09cf0986a7cd/Data/rxntime.csv
450,WCH,2009,110mH,M,SF,,,,0,8,0,no WA races loaded for this year/event,,https://github.com/ofiore/Thesis/blob/3cf1db7adebb493f3a5c2e957a1b09cf0986a7cd/Data/rxntime.csv
451,WCH,2009,110mH,M,SF,,,,0,8,0,no WA races loaded for this year/event,,https://github.com/ofiore/Thesis/blob/3cf1db7adebb493f3a5c2e957a1b09cf0986a7cd/Data/rxntime.csv
452,WCH,2009,110mH,M,SF,,,,0,8,0,no WA races loaded for this year/event,,https://github.com/ofiore/Thesis/blob/3cf1db7adebb493f3a5c2e957a1b09cf0986a7cd/Data/rxntime.csv
453,WCH,2009,110mH,M,SF,,,,0,8,0,no WA races loaded for this year/event,,https://github.com/ofiore/Thesis/blob/3cf1db7adebb493f3a5c2e957a1b09cf0986a7cd/Data/rxntime.csv
454,WCH,2009,110mH,M,SF,,,,0,8,0,no WA races loaded for this year/event,,https://github.com/ofiore/Thesis/blob/3cf1db7adebb493f3a5c2e957a1b09cf0986a7cd/Data/rxntime.csv
455,WCH,2009,110mH,M,SF,,,,0,8,0,no WA races loaded for this year/event,,https://github.com/ofiore/Thesis/blob/3cf1db7adebb493f3a5c2e957a1b09cf0986a7cd/Data/rxntime.csv
456,WCH,2009,110mH,M,SF,,,,0,8,0,no WA races loaded for this year/event,,https://github.com/ofiore/Thesis/blob/3cf1db7adebb493f3a5c2e957a1b09cf0986a7cd/Data/rxntime.csv
457,WCH,2009,110mH,M,SF,,,,0,8,0,no WA races loaded for this year/event,,https://github.com/ofiore/Thesis/blob/3cf1db7adebb493f3a5c2e957a1b09cf0986a7cd/Data/rxntime.csv
458,WCH,2009,110mH,M,SF,,,,0,8,0,no WA races loaded for this year/event,,https://github.com/ofiore/Thesis/blob/3cf1db7adebb493f3a5c2e957a1b09cf0986a7cd/Data/rxntime.csv
459,WCH,2009,110mH,M,SF,,,,0,8,0,no WA races loaded for this year/event,,https://github.com/ofiore/Thesis/blob/3cf1db7adebb493f3a5c2e957a1b09cf0986a7cd/Data/rxntime.csv
460,WCH,2009,110mH,M,SF,,,,0,8,0,no WA races loaded for this year/event,,https://github.com/ofiore/Thesis/blob/3cf1db7adebb493f3a5c2e957a1b09cf0986a7cd/Data/rxntime.csv
461,WCH,2009,110mH,M,SF,,,,0,8,0,no WA races loaded for this year/event,,https://github.com/ofiore/Thesis/blob/3cf1db7adebb493f3a5c2e957a1b09cf0986a7cd/Data/rxntime.csv
462,WCH,2009,110mH,M,SF,,,,0,8,0,no WA races loaded for this year/event,,https://github.com/ofiore/Thesis/blob/3cf1db7adebb493f3a5c2e957a1b09cf0986a7cd/Data/rxntime.csv
463,WCH,2009,110mH,M,SF,,,,0,8,0,no WA races loaded for this year/event,,https://github.com/ofiore/Thesis/blob/3cf1db7adebb493f3a5c2e957a1b09cf0986a7cd/Data/rxntime.csv
464,WCH,2009,110mH,M,SF,,,,0,8,0,no WA races loaded for this year/event,,https://github.com/ofiore/Thesis/blob/3cf1db7adebb493f3a5c2e957a1b09cf0986a7cd/Data/rxntime.csv
465,WCH,2009,110mH,M,SF,,,,0,8,0,no WA races loaded for this year/event,,https://github.com/ofiore/Thesis/blob/3cf1db7adebb493f3a5c2e957a1b09cf0986a7cd/Data/rxntime.csv
466,WCH,2009,110mH,M,SF,,,,0,8,0,no WA races loaded for this year/event,,https://github.com/ofiore/Thesis/blob/3cf1db7adebb493f3a5c2e957a1b09cf0986a7cd/Data/rxntime.csv
467,WCH,2009,110mH,M,SF,,,,0,8,0,no WA races loaded for this year/event,,https://github.com/ofiore/Thesis/blob/3cf1db7adebb493f3a5c2e957a1b09cf0986a7cd/Data/rxntime.csv
468,WCH,2009,110mH,M,SF,,,,0,8,0,no WA races loaded for this year/event,,https://github.com/ofiore/Thesis/blob/3cf1db7adebb493f3a5c2e957a1b09cf0986a7cd/Data/rxntime.csv
469,WCH,2009,110mH,M,SF,,,,0,8,0,no WA races loaded for this year/event,,https://github.com/ofiore/Thesis/blob/3cf1db7adebb493f3a5c2e957a1b09cf0986a7cd/Data/rxntime.csv
470,WCH,2009,110mH,M,SF,,,,0,8,0,no WA races loaded for this year/event,,https://github.com/ofiore/Thesis/blob/3cf1db7adebb493f3a5c2e957a1b09cf0986a7cd/Data/rxntime.csv
471,WCH,2009,110mH,M,SF,,,,0,8,0,no WA races loaded for this year/event,,https://github.com/ofiore/Thesis/blob/3cf1db7adebb493f3a5c2e957a1b09cf0986a7cd/Data/rxntime.csv
472,WCH,2009,110mH,M,F,,,,0,8,0,no WA races loaded for this year/event,,https://github.com/ofiore/Thesis/blob/3cf1db7adebb493f3a5c2e957a1b09cf0986a7cd/Data/rxntime.csv
473,WCH,2009,110mH,M,F,,,,0,8,0,no WA races loaded for this year/event,,https://github.com/ofiore/Thesis/blob/3cf1db7adebb493f3a5c2e957a1b09cf0986a7cd/Data/rxntime.csv
474,WCH,2009,110mH,M,F,,,,0,8,0,no WA races loaded for this year/event,,https://github.com/ofiore/Thesis/blob/3cf1db7adebb493f3a5c2e957a1b09cf0986a7cd/Data/rxntime.csv
475,WCH,2009,110mH,M,F,,,,0,8,0,no WA races loaded for this year/event,,https://github.com/ofiore/Thesis/blob/3cf1db7adebb493f3a5c2e957a1b09cf0986a7cd/Data/rxntime.csv
476,WCH,2009,110mH,M,F,,,,0,8,0,no WA races loaded for this year/event,,https://github.com/ofiore/Thesis/blob/3cf1db7adebb493f3a5c2e957a1b09cf0986a7cd/Data/rxntime.csv
477,WCH,2009,110mH,M,F,,,,0,8,0,no WA races loaded for this year/event,,https://github.com/ofiore/Thesis/blob/3cf1db7adebb493f3a5c2e957a1b09cf0986a7cd/Data/rxntime.csv
478,WCH,2009,110mH,M,F,,,,0,8,0,no WA races loaded for this year/event,,https://github.com/ofiore/Thesis/blob/3cf1db7adebb493f3a5c2e957a1b09cf0986a7cd/Data/rxntime.csv
479,WCH,2009,110mH,M,F,,,,0,8,0,no WA races loaded for this year/event,,https://github.com/ofiore/Thesis/blob/3cf1db7adebb493f3a5c2e957a1b09cf0986a7cd/Data/rxntime.csv
480,WCH,2007,110mH,M,R1,,,,0,8,0,no WA races loaded for this year/event,,https://github.com/ofiore/Thesis/blob/3cf1db7adebb493f3a5c2e957a1b09cf0986a7cd/Data/rxntime.csv
481,WCH,2007,110mH,M,R1,,,,0,8,0,no WA races loaded for this year/event,,https://github.com/ofiore/Thesis/blob/3cf1db7adebb493f3a5c2e957a1b09cf0986a7cd/Data/rxntime.csv
482,WCH,2007,110mH,M,R1,,,,0,8,0,no WA races loaded for this year/event,,https://github.com/ofiore/Thesis/blob/3cf1db7adebb493f3a5c2e957a1b09cf0986a7cd/Data/rxntime.csv
483,WCH,2007,110mH,M,R1,,,,0,8,0,no WA races loaded for this year/event,,https://github.com/ofiore/Thesis/blob/3cf1db7adebb493f3a5c2e957a1b09cf0986a7cd/Data/rxntime.csv
484,WCH,2007,110mH,M,R1,,,,0,8,0,no WA races loaded for this year/event,,https://github.com/ofiore/Thesis/blob/3cf1db7adebb493f3a5c2e957a1b09cf0986a7cd/Data/rxntime.csv
485,WCH,2007,110mH,M,R1,,,,0,8,0,no WA races loaded for this year/event,,https://github.com/ofiore/Thesis/blob/3cf1db7adebb493f3a5c2e957a1b09cf0986a7cd/Data/rxntime.csv
486,WCH,2007,110mH,M,R1,,,,0,8,0,no WA races loaded for this year/event,,https://github.com/ofiore/Thesis/blob/3cf1db7adebb493f3a5c2e957a1b09cf0986a7cd/Data/rxntime.csv
487,WCH,2007,110mH,M,R1,,,,0,8,0,no WA races loaded for this year/event,,https://github.com/ofiore/Thesis/blob/3cf1db7adebb493f3a5c2e957a1b09cf0986a7cd/Data/rxntime.csv
488,WCH,2007,110mH,M,R1,,,,0,8,0,no WA races loaded for this year/event,,https://github.com/ofiore/Thesis/blob/3cf1db7adebb493f3a5c2e957a1b09cf0986a7cd/Data/rxntime.csv
489,WCH,2007,110mH,M,R1,,,,0,8,0,no WA races loaded for this year/event,,https://github.com/ofiore/Thesis/blob/3cf1db7adebb493f3a5c2e957a1b09cf0986a7cd/Data/rxntime.csv
490,WCH,2007,110mH,M,R1,,,,0,8,0,no WA races loaded for this year/event,,https://github.com/ofiore/Thesis/blob/3cf1db7adebb493f3a5c2e957a1b09cf0986a7cd/Data/rxntime.csv
491,WCH,2007,110mH,M,R1,,,,0,8,0,no WA races loaded for this year/event,,https://github.com/ofiore/Thesis/blob/3cf1db7adebb493f3a5c2e957a1b09cf0986a7cd/Data/rxntime.csv
492,WCH,2007,110mH,M,R1,,,,0,8,0,no WA races loaded for this year/event,,https://github.com/ofiore/Thesis/blob/3cf1db7adebb493f3a5c2e957a1b09cf0986a7cd/Data/rxntime.csv
493,WCH,2007,110mH,M,R1,,,,0,8,0,no WA races loaded for this year/event,,https://github.com/ofiore/Thesis/blob/3cf1db7adebb493f3a5c2e957a1b09cf0986a7cd/Data/rxntime.csv
494,WCH,2007,110mH,M,R1,,,,0,8,0,no WA races loaded for this year/event,,https://github.com/ofiore/Thesis/blob/3cf1db7adebb493f3a5c2e957a1b09cf0986a7cd/Data/rxntime.csv
495,WCH,2007,110mH,M,R1,,,,0,8,0,no WA races loaded for this year/event,,https://github.com/ofiore/Thesis/blob/3cf1db7adebb493f3a5c2e957a1b09cf0986a7cd/Data/rxntime.csv
496,WCH,2007,110mH,M,R1,,,,0,8,0,no WA races loaded for this year/event,,https://github.com/ofiore/Thesis/blob/3cf1db7adebb493f3a5c2e957a1b09cf0986a7cd/Data/rxntime.csv
497,WCH,2007,110mH,M,R1,,,,0,8,0,no WA races loaded for this year/event,,https://github.com/ofiore/Thesis/blob/3cf1db7adebb493f3a5c2e957a1b09cf0986a7cd/Data/rxntime.csv
498,WCH,2007,110mH,M,R1,,,,0,8,0,no WA races loaded for this year/event,,https://github.com/ofiore/Thesis/blob/3cf1db7adebb493f3a5c2e957a1b09cf0986a7cd/Data/rxntime.csv
499,WCH,2007,110mH,M,R1,,,,0,8,0,no WA races loaded for this year/event,,https://github.com/ofiore/Thesis/blob/3cf1db7adebb493f3a5c2e957a1b09cf0986a7cd/Data/rxntime.csv
500,WCH,2007,110mH,M,R1,,,,0,8,0,no WA races loaded for this year/event,,https://github.com/ofiore/Thesis/blob/3cf1db7adebb493f3a5c2e957a1b09cf0986a7cd/Data/rxntime.csv
501,WCH,2007,110mH,M,R1,,,,0,8,0,no WA races loaded for this year/event,,https://github.com/ofiore/Thesis/blob/3cf1db7adebb493f3a5c2e957a1b09cf0986a7cd/Data/rxntime.csv
502,WCH,2007,110mH,M,R1,,,,0,8,0,no WA races loaded for this year/event,,https://github.com/ofiore/Thesis/blob/3cf1db7adebb493f3a5c2e957a1b09cf0986a7cd/Data/rxntime.csv
503,WCH,2007,110mH,M,R1,,,,0,8,0,no WA races loaded for this year/event,,https://github.com/ofiore/Thesis/blob/3cf1db7adebb493f3a5c2e957a1b09cf0986a7cd/Data/rxntime.csv
504,WCH,2007,110mH,M,R1,,,,0,8,0,no WA races loaded for this year/event,,https://github.com/ofiore/Thesis/blob/3cf1db7adebb493f3a5c2e957a1b09cf0986a7cd/Data/rxntime.csv
505,WCH,2007,110mH,M,R1,,,,0,8,0,no WA races loaded for this year/event,,https://github.com/ofiore/Thesis/blob/3cf1db7adebb493f3a5c2e957a1b09cf0986a7cd/Data/rxntime.csv
506,WCH,2007,110mH,M,R1,,,,0,8,0,no WA races loaded for this year/event,,https://github.com/ofiore/Thesis/blob/3cf1db7adebb493f3a5c2e957a1b09cf0986a7cd/Data/rxntime.csv
507,WCH,2007,110mH,M,R1,,,,0,8,0,no WA races loaded for this year/event,,https://github.com/ofiore/Thesis/blob/3cf1db7adebb493f3a5c2e957a1b09cf0986a7cd/Data/rxntime.csv
508,WCH,2007,110mH,M,R1,,,,0,8,0,no WA races loaded for this year/event,,https://github.com/ofiore/Thesis/blob/3cf1db7adebb493f3a5c2e957a1b09cf0986a7cd/Data/rxntime.csv
509,WCH,2007,110mH,M,R1,,,,0,8,0,no WA races loaded for this year/event,,https://github.com/ofiore/Thesis/blob/3cf1db7adebb493f3a5c2e957a1b09cf0986a7cd/Data/rxntime.csv
510,WCH,2007,110mH,M,R1,,,,0,8,0,no WA races loaded for this year/event,,https://github.com/ofiore/Thesis/blob/3cf1db7adebb493f3a5c2e957a1b09cf0986a7cd/Data/rxntime.csv
511,WCH,2007,110mH,M,R1,,,,0,8,0,no WA races loaded for this year/event,,https://github.com/ofiore/Thesis/blob/3cf1db7adebb493f3a5c2e957a1b09cf0986a7cd/Data/rxntime.csv
512,WCH,2007,110mH,M,R1,,,,0,8,0,no WA races loaded for this year/event,,https://github.com/ofiore/Thesis/blob/3cf1db7adebb493f3a5c2e957a1b09cf0986a7cd/Data/rxntime.csv
513,WCH,2007,110mH,M,R1,,,,0,8,0,no WA races loaded for this year/event,,https://github.com/ofiore/Thesis/blob/3cf1db7adebb493f3a5c2e957a1b09cf0986a7cd/Data/rxntime.csv
514,WCH,2007,110mH,M,R1,,,,0,8,0,no WA races loaded for this year/event,,https://github.com/ofiore/Thesis/blob/3cf1db7adebb493f3a5c2e957a1b09cf0986a7cd/Data/rxntime.csv
515,WCH,2007,110mH,M,R1,,,,0,8,0,no WA races loaded for this year/event,,https://github.com/ofiore/Thesis/blob/3cf1db7adebb493f3a5c2e957a1b09cf0986a7cd/Data/rxntime.csv
516,WCH,2007,110mH,M,R1,,,,0,8,0,no WA races loaded for this year/event,,https://github.com/ofiore/Thesis/blob/3cf1db7adebb493f3a5c2e957a1b09cf0986a7cd/Data/rxntime.csv
517,WCH,2007,110mH,M,R1,,,,0,8,0,no WA races loaded for this year/event,,https://github.com/ofiore/Thesis/blob/3cf1db7adebb493f3a5c2e957a1b09cf0986a7cd/Data/rxntime.csv
518,WCH,2007,110mH,M,R1,,,,0,8,0,no WA races loaded for this year/event,,https://github.com/ofiore/Thesis/blob/3cf1db7adebb493f3a5c2e957a1b09cf0986a7cd/Data/rxntime.csv
519,WCH,2007,110mH,M,R1,,,,0,8,0,no WA races loaded for this year/event,,https://github.com/ofiore/Thesis/blob/3cf1db7adebb493f3a5c2e957a1b09cf0986a7cd/Data/rxntime.csv
520,WCH,2007,110mH,M,SF,,,,0,8,0,no WA races loaded for this year/event,,https://github.com/ofiore/Thesis/blob/3cf1db7adebb493f3a5c2e957a1b09cf0986a7cd/Data/rxntime.csv
521,WCH,2007,110mH,M,SF,,,,0,8,0,no WA races loaded for this year/event,,https://github.com/ofiore/Thesis/blob/3cf1db7adebb493f3a5c2e957a1b09cf0986a7cd/Data/rxntime.csv
522,WCH,2007,110mH,M,SF,,,,0,8,0,no WA races loaded for this year/event,,https://github.com/ofiore/Thesis/blob/3cf1db7adebb493f3a5c2e957a1b09cf0986a7cd/Data/rxntime.csv
523,WCH,2007,110mH,M,SF,,,,0,8,0,no WA races loaded for this year/event,,https://github.com/ofiore/Thesis/blob/3cf1db7adebb493f3a5c2e957a1b09cf0986a7cd/Data/rxntime.csv
524,WCH,2007,110mH,M,SF,,,,0,8,0,no WA races loaded for this year/event,,https://github.com/ofiore/Thesis/blob/3cf1db7adebb493f3a5c2e957a1b09cf0986a7cd/Data/rxntime.csv
525,WCH,2007,110mH,M,SF,,,,0,8,0,no WA races loaded for this year/event,,https://github.com/ofiore/Thesis/blob/3cf1db7adebb493f3a5c2e957a1b09cf0986a7cd/Data/rxntime.csv
526,WCH,2007,110mH,M,SF,,,,0,8,0,no WA races loaded for this year/event,,https://github.com/ofiore/Thesis/blob/3cf1db7adebb493f3a5c2e957a1b09cf0986a7cd/Data/rxntime.csv
527,WCH,2007,110mH,M,SF,,,,0,8,0,no WA races loaded for this year/event,,https://github.com/ofiore/Thesis/blob/3cf1db7adebb493f3a5c2e957a1b09cf0986a7cd/Data/rxntime.csv
528,WCH,2007,110mH,M,SF,,,,0,8,0,no WA races loaded for this year/event,,https://github.com/ofiore/Thesis/blob/3cf1db7adebb493f3a5c2e957a1b09cf0986a7cd/Data/rxntime.csv
529,WCH,2007,110mH,M,SF,,,,0,8,0,no WA races loaded for this year/event,,https://github.com/ofiore/Thesis/blob/3cf1db7adebb493f3a5c2e957a1b09cf0986a7cd/Data/rxntime.csv
530,WCH,2007,110mH,M,SF,,,,0,8,0,no WA races loaded for this year/event,,https://github.com/ofiore/Thesis/blob/3cf1db7adebb493f3a5c2e957a1b09cf0986a7cd/Data/rxntime.csv
531,WCH,2007,110mH,M,SF,,,,0,8,0,no WA races loaded for this year/event,,https://github.com/ofiore/Thesis/blob/3cf1db7adebb493f3a5c2e957a1b09cf0986a7cd/Data/rxntime.csv
532,WCH,2007,110mH,M,SF,,,,0,8,0,no WA races loaded for this year/event,,https://github.com/ofiore/Thesis/blob/3cf1db7adebb493f3a5c2e957a1b09cf0986a7cd/Data/rxntime.csv
533,WCH,2007,110mH,M,SF,,,,0,8,0,no WA races loaded for this year/event,,https://github.com/ofiore/Thesis/blob/3cf1db7adebb493f3a5c2e957a1b09cf0986a7cd/Data/rxntime.csv
534,WCH,2007,110mH,M,SF,,,,0,8,0,no WA races loaded for this year/event,,https://github.com/ofiore/Thesis/blob/3cf1db7adebb493f3a5c2e957a1b09cf0986a7cd/Data/rxntime.csv
535,WCH,2007,110mH,M,SF,,,,0,8,0,no WA races loaded for this year/event,,https://github.com/ofiore/Thesis/blob/3cf1db7adebb493f3a5c2e957a1b09cf0986a7cd/Data/rxntime.csv
536,WCH,2007,110mH,M,SF,,,,0,8,0,no WA races loaded for this year/event,,https://github.com/ofiore/Thesis/blob/3cf1db7adebb493f3a5c2e957a1b09cf0986a7cd/Data/rxntime.csv
537,WCH,2007,110mH,M,SF,,,,0,8,0,no WA races loaded for this year/event,,https://github.com/ofiore/Thesis/blob/3cf1db7adebb493f3a5c2e957a1b09cf0986a7cd/Data/rxntime.csv
538,WCH,2007,110mH,M,SF,,,,0,8,0,no WA races loaded for this year/event,,https://github.com/ofiore/Thesis/blob/3cf1db7adebb493f3a5c2e957a1b09cf0986a7cd/Data/rxntime.csv
539,WCH,2007,110mH,M,SF,,,,0,8,0,no WA races loaded for this year/event,,https://github.com/ofiore/Thesis/blob/3cf1db7adebb493f3a5c2e957a1b09cf0986a7cd/Data/rxntime.csv
540,WCH,2007,110mH,M,SF,,,,0,8,0,no WA races loaded for this year/event,,https://github.com/ofiore/Thesis/blob/3cf1db7adebb493f3a5c2e957a1b09cf0986a7cd/Data/rxntime.csv
541,WCH,2007,110mH,M,SF,,,,0,8,0,no WA races loaded for this year/event,,https://github.com/ofiore/Thesis/blob/3cf1db7adebb493f3a5c2e957a1b09cf0986a7cd/Data/rxntime.csv
542,WCH,2007,110mH,M,SF,,,,0,8,0,no WA races loaded for this year/event,,https://github.com/ofiore/Thesis/blob/3cf1db7adebb493f3a5c2e957a1b09cf0986a7cd/Data/rxntime.csv
543,WCH,2007,110mH,M,SF,,,,0,8,0,no WA races loaded for this year/event,,https://github.com/ofiore/Thesis/blob/3cf1db7adebb493f3a5c2e957a1b09cf0986a7cd/Data/rxntime.csv
544,WCH,2007,110mH,M,F,,,,0,8,0,no WA races loaded for this year/event,,https://github.com/ofiore/Thesis/blob/3cf1db7adebb493f3a5c2e957a1b09cf0986a7cd/Data/rxntime.csv
545,WCH,2007,110mH,M,F,,,,0,8,0,no WA races loaded for this year/event,,https://github.com/ofiore/Thesis/blob/3cf1db7adebb493f3a5c2e957a1b09cf0986a7cd/Data/rxntime.csv
546,WCH,2007,110mH,M,F,,,,0,8,0,no WA races loaded for this year/event,,https://github.com/ofiore/Thesis/blob/3cf1db7adebb493f3a5c2e957a1b09cf0986a7cd/Data/rxntime.csv
547,WCH,2007,110mH,M,F,,,,0,8,0,no WA races loaded for this year/event,,https://github.com/ofiore/Thesis/blob/3cf1db7adebb493f3a5c2e957a1b09cf0986a7cd/Data/rxntime.csv
548,WCH,2007,110mH,M,F,,,,0,8,0,no WA races loaded for this year/event,,https://github.com/ofiore/Thesis/blob/3cf1db7adebb493f3a5c2e957a1b09cf0986a7cd/Data/rxntime.csv
549,WCH,2007,110mH,M,F,,,,0,8,0,no WA races loaded for this year/event,,https://github.com/ofiore/Thesis/blob/3cf1db7adebb493f3a5c2e957a1b09cf0986a7cd/Data/rxntime.csv
550,WCH,2007,110mH,M,F,,,,0,8,0,no WA races loaded for this year/event,,https://github.com/ofiore/Thesis/blob/3cf1db7adebb493f3a5c2e957a1b09cf0986a7cd/Data/rxntime.csv
551,WCH,2007,110mH,M,F,,,,0,8,0,no WA races loaded for this year/event,,https://github.com/ofiore/Thesis/blob/3cf1db7adebb493f3a5c2e957a1b09cf0986a7cd/Data/rxntime.csv
552,WCH,2005,110mH,M,R1,,,,0,7,0,no WA races loaded for this year/event,,https://github.com/ofiore/Thesis/blob/3cf1db7adebb493f3a5c2e957a1b09cf0986a7cd/Data/rxntime.csv
553,WCH,2005,110mH,M,R1,,,,0,7,0,no WA races loaded for this year/event,,https://github.com/ofiore/Thesis/blob/3cf1db7adebb493f3a5c2e957a1b09cf0986a7cd/Data/rxntime.csv
554,WCH,2005,110mH,M,R1,,,,0,7,0,no WA races loaded for this year/event,,https://github.com/ofiore/Thesis/blob/3cf1db7adebb493f3a5c2e957a1b09cf0986a7cd/Data/rxntime.csv
555,WCH,2005,110mH,M,R1,,,,0,7,0,no WA races loaded for this year/event,,https://github.com/ofiore/Thesis/blob/3cf1db7adebb493f3a5c2e957a1b09cf0986a7cd/Data/rxntime.csv
556,WCH,2005,110mH,M,R1,,,,0,7,0,no WA races loaded for this year/event,,https://github.com/ofiore/Thesis/blob/3cf1db7adebb493f3a5c2e957a1b09cf0986a7cd/Data/rxntime.csv
557,WCH,2005,110mH,M,R1,,,,0,7,0,no WA races loaded for this year/event,,https://github.com/ofiore/Thesis/blob/3cf1db7adebb493f3a5c2e957a1b09cf0986a7cd/Data/rxntime.csv
558,WCH,2005,110mH,M,R1,,,,0,7,0,no WA races loaded for this year/event,,https://github.com/ofiore/Thesis/blob/3cf1db7adebb493f3a5c2e957a1b09cf0986a7cd/Data/rxntime.csv
559,WCH,2005,110mH,M,R1,,,,0,8,0,no WA races loaded for this year/event,,https://github.com/ofiore/Thesis/blob/3cf1db7adebb493f3a5c2e957a1b09cf0986a7cd/Data/rxntime.csv
560,WCH,2005,110mH,M,R1,,,,0,8,0,no WA races loaded for this year/event,,https://github.com/ofiore/Thesis/blob/3cf1db7adebb493f3a5c2e957a1b09cf0986a7cd/Data/rxntime.csv
561,WCH,2005,110mH,M,R1,,,,0,8,0,no WA races loaded for this year/event,,https://github.com/ofiore/Thesis/blob/3cf1db7adebb493f3a5c2e957a1b09cf0986a7cd/Data/rxntime.csv
562,WCH,2005,110mH,M,R1,,,,0,8,0,no WA races loaded for this year/event,,https://github.com/ofiore/Thesis/blob/3cf1db7adebb493f3a5c2e957a1b09cf0986a7cd/Data/rxntime.csv
563,WCH,2005,110mH,M,R1,,,,0,8,0,no WA races loaded for this year/event,,https://github.com/ofiore/Thesis/blob/3cf1db7adebb493f3a5c2e957a1b09cf0986a7cd/Data/rxntime.csv
564,WCH,2005,110mH,M,R1,,,,0,8,0,no WA races loaded for this year/event,,https://github.com/ofiore/Thesis/blob/3cf1db7adebb493f3a5c2e957a1b09cf0986a7cd/Data/rxntime.csv
565,WCH,2005,110mH,M,R1,,,,0,8,0,no WA races loaded for this year/event,,https://github.com/ofiore/Thesis/blob/3cf1db7adebb493f3a5c2e957a1b09cf0986a7cd/Data/rxntime.csv
566,WCH,2005,110mH,M,R1,,,,0,8,0,no WA races loaded for this year/event,,https://github.com/ofiore/Thesis/blob/3cf1db7adebb493f3a5c2e957a1b09cf0986a7cd/Data/rxntime.csv
567,WCH,2005,110mH,M,R1,,,,0,7,0,no WA races loaded for this year/event,,https://github.com/ofiore/Thesis/blob/3cf1db7adebb493f3a5c2e957a1b09cf0986a7cd/Data/rxntime.csv
568,WCH,2005,110mH,M,R1,,,,0,7,0,no WA races loaded for this year/event,,https://github.com/ofiore/Thesis/blob/3cf1db7adebb493f3a5c2e957a1b09cf0986a7cd/Data/rxntime.csv
569,WCH,2005,110mH,M,R1,,,,0,7,0,no WA races loaded for this year/event,,https://github.com/ofiore/Thesis/blob/3cf1db7adebb493f3a5c2e957a1b09cf0986a7cd/Data/rxntime.csv
570,WCH,2005,110mH,M,R1,,,,0,7,0,no WA races loaded for this year/event,,https://github.com/ofiore/Thesis/blob/3cf1db7adebb493f3a5c2e957a1b09cf0986a7cd/Data/rxntime.csv
571,WCH,2005,110mH,M,R1,,,,0,7,0,no WA races loaded for this year/event,,https://github.com/ofiore/Thesis/blob/3cf1db7adebb493f3a5c2e957a1b09cf0986a7cd/Data/rxntime.csv
572,WCH,2005,110mH,M,R1,,,,0,7,0,no WA races loaded for this year/event,,https://github.com/ofiore/Thesis/blob/3cf1db7adebb493f3a5c2e957a1b09cf0986a7cd/Data/rxntime.csv
573,WCH,2005,110mH,M,R1,,,,0,7,0,no WA races loaded for this year/event,,https://github.com/ofiore/Thesis/blob/3cf1db7adebb493f3a5c2e957a1b09cf0986a7cd/Data/rxntime.csv
574,WCH,2005,110mH,M,R1,,,,0,8,0,no WA races loaded for this year/event,,https://github.com/ofiore/Thesis/blob/3cf1db7adebb493f3a5c2e957a1b09cf0986a7cd/Data/rxntime.csv
575,WCH,2005,110mH,M,R1,,,,0,8,0,no WA races loaded for this year/event,,https://github.com/ofiore/Thesis/blob/3cf1db7adebb493f3a5c2e957a1b09cf0986a7cd/Data/rxntime.csv
576,WCH,2005,110mH,M,R1,,,,0,8,0,no WA races loaded for this year/event,,https://github.com/ofiore/Thesis/blob/3cf1db7adebb493f3a5c2e957a1b09cf0986a7cd/Data/rxntime.csv
577,WCH,2005,110mH,M,R1,,,,0,8,0,no WA races loaded for this year/event,,https://github.com/ofiore/Thesis/blob/3cf1db7adebb493f3a5c2e957a1b09cf0986a7cd/Data/rxntime.csv
578,WCH,2005,110mH,M,R1,,,,0,8,0,no WA races loaded for this year/event,,https://github.com/ofiore/Thesis/blob/3cf1db7adebb493f3a5c2e957a1b09cf0986a7cd/Data/rxntime.csv
579,WCH,2005,110mH,M,R1,,,,0,8,0,no WA races loaded for this year/event,,https://github.com/ofiore/Thesis/blob/3cf1db7adebb493f3a5c2e957a1b09cf0986a7cd/Data/rxntime.csv
580,WCH,2005,110mH,M,R1,,,,0,8,0,no WA races loaded for this year/event,,https://github.com/ofiore/Thesis/blob/3cf1db7adebb493f3a5c2e957a1b09cf0986a7cd/Data/rxntime.csv
581,WCH,2005,110mH,M,R1,,,,0,8,0,no WA races loaded for this year/event,,https://github.com/ofiore/Thesis/blob/3cf1db7adebb493f3a5c2e957a1b09cf0986a7cd/Data/rxntime.csv
582,WCH,2005,110mH,M,R1,,,,0,8,0,no WA races loaded for this year/event,,https://github.com/ofiore/Thesis/blob/3cf1db7adebb493f3a5c2e957a1b09cf0986a7cd/Data/rxntime.csv
583,WCH,2005,110mH,M,R1,,,,0,8,0,no WA races loaded for this year/event,,https://github.com/ofiore/Thesis/blob/3cf1db7adebb493f3a5c2e957a1b09cf0986a7cd/Data/rxntime.csv
584,WCH,2005,110mH,M,R1,,,,0,8,0,no WA races loaded for this year/event,,https://github.com/ofiore/Thesis/blob/3cf1db7adebb493f3a5c2e957a1b09cf0986a7cd/Data/rxntime.csv
585,WCH,2005,110mH,M,R1,,,,0,8,0,no WA races loaded for this year/event,,https://github.com/ofiore/Thesis/blob/3cf1db7adebb493f3a5c2e957a1b09cf0986a7cd/Data/rxntime.csv
586,WCH,2005,110mH,M,R1,,,,0,8,0,no WA races loaded for this year/event,,https://github.com/ofiore/Thesis/blob/3cf1db7adebb493f3a5c2e957a1b09cf0986a7cd/Data/rxntime.csv
587,WCH,2005,110mH,M,R1,,,,0,8,0,no WA races loaded for this year/event,,https://github.com/ofiore/Thesis/blob/3cf1db7adebb493f3a5c2e957a1b09cf0986a7cd/Data/rxntime.csv
588,WCH,2005,110mH,M,R1,,,,0,8,0,no WA races loaded for this year/event,,https://github.com/ofiore/Thesis/blob/3cf1db7adebb493f3a5c2e957a1b09cf0986a7cd/Data/rxntime.csv
589,WCH,2005,110mH,M,R1,,,,0,8,0,no WA races loaded for this year/event,,https://github.com/ofiore/Thesis/blob/3cf1db7adebb493f3a5c2e957a1b09cf0986a7cd/Data/rxntime.csv
590,WCH,2005,110mH,M,R1,,,,0,8,0,no WA races loaded for this year/event,,https://github.com/ofiore/Thesis/blob/3cf1db7adebb493f3a5c2e957a1b09cf0986a7cd/Data/rxntime.csv
591,WCH,2005,110mH,M,R1,,,,0,8,0,no WA races loaded for this year/event,,https://github.com/ofiore/Thesis/blob/3cf1db7adebb493f3a5c2e957a1b09cf0986a7cd/Data/rxntime.csv
592,WCH,2005,110mH,M,R1,,,,0,8,0,no WA races loaded for this year/event,,https://github.com/ofiore/Thesis/blob/3cf1db7adebb493f3a5c2e957a1b09cf0986a7cd/Data/rxntime.csv
593,WCH,2005,110mH,M,R1,,,,0,8,0,no WA races loaded for this year/event,,https://github.com/ofiore/Thesis/blob/3cf1db7adebb493f3a5c2e957a1b09cf0986a7cd/Data/rxntime.csv
594,WCH,2005,110mH,M,R1,,,,0,8,0,no WA races loaded for this year/event,,https://github.com/ofiore/Thesis/blob/3cf1db7adebb493f3a5c2e957a1b09cf0986a7cd/Data/rxntime.csv
595,WCH,2005,110mH,M,R1,,,,0,8,0,no WA races loaded for this year/event,,https://github.com/ofiore/Thesis/blob/3cf1db7adebb493f3a5c2e957a1b09cf0986a7cd/Data/rxntime.csv
596,WCH,2005,110mH,M,R1,,,,0,8,0,no WA races loaded for this year/event,,https://github.com/ofiore/Thesis/blob/3cf1db7adebb493f3a5c2e957a1b09cf0986a7cd/Data/rxntime.csv
597,WCH,2005,110mH,M,R1,,,,0,8,0,no WA races loaded for this year/event,,https://github.com/ofiore/Thesis/blob/3cf1db7adebb493f3a5c2e957a1b09cf0986a7cd/Data/rxntime.csv
598,WCH,2005,110mH,M,SF,,,,0,8,0,no WA races loaded for this year/event,,https://github.com/ofiore/Thesis/blob/3cf1db7adebb493f3a5c2e957a1b09cf0986a7cd/Data/rxntime.csv
599,WCH,2005,110mH,M,SF,,,,0,8,0,no WA races loaded for this year/event,,https://github.com/ofiore/Thesis/blob/3cf1db7adebb493f3a5c2e957a1b09cf0986a7cd/Data/rxntime.csv
600,WCH,2005,110mH,M,SF,,,,0,8,0,no WA races loaded for this year/event,,https://github.com/ofiore/Thesis/blob/3cf1db7adebb493f3a5c2e957a1b09cf0986a7cd/Data/rxntime.csv
601,WCH,2005,110mH,M,SF,,,,0,8,0,no WA races loaded for this year/event,,https://github.com/ofiore/Thesis/blob/3cf1db7adebb493f3a5c2e957a1b09cf0986a7cd/Data/rxntime.csv
602,WCH,2005,110mH,M,SF,,,,0,8,0,no WA races loaded for this year/event,,https://github.com/ofiore/Thesis/blob/3cf1db7adebb493f3a5c2e957a1b09cf0986a7cd/Data/rxntime.csv
603,WCH,2005,110mH,M,SF,,,,0,8,0,no WA races loaded for this year/event,,https://github.com/ofiore/Thesis/blob/3cf1db7adebb493f3a5c2e957a1b09cf0986a7cd/Data/rxntime.csv
604,WCH,2005,110mH,M,SF,,,,0,8,0,no WA races loaded for this year/event,,https://github.com/ofiore/Thesis/blob/3cf1db7adebb493f3a5c2e957a1b09cf0986a7cd/Data/rxntime.csv
605,WCH,2005,110mH,M,SF,,,,0,8,0,no WA races loaded for this year/event,,https://github.com/ofiore/Thesis/blob/3cf1db7adebb493f3a5c2e957a1b09cf0986a7cd/Data/rxntime.csv
606,WCH,2005,110mH,M,SF,,,,0,8,0,no WA races loaded for this year/event,,https://github.com/ofiore/Thesis/blob/3cf1db7adebb493f3a5c2e957a1b09cf0986a7cd/Data/rxntime.csv
607,WCH,2005,110mH,M,SF,,,,0,8,0,no WA races loaded for this year/event,,https://github.com/ofiore/Thesis/blob/3cf1db7adebb493f3a5c2e957a1b09cf0986a7cd/Data/rxntime.csv
608,WCH,2005,110mH,M,SF,,,,0,8,0,no WA races loaded for this year/event,,https://github.com/ofiore/Thesis/blob/3cf1db7adebb493f3a5c2e957a1b09cf0986a7cd/Data/rxntime.csv
609,WCH,2005,110mH,M,SF,,,,0,8,0,no WA races loaded for this year/event,,https://github.com/ofiore/Thesis/blob/3cf1db7adebb493f3a5c2e957a1b09cf0986a7cd/Data/rxntime.csv
610,WCH,2005,110mH,M,SF,,,,0,8,0,no WA races loaded for this year/event,,https://github.com/ofiore/Thesis/blob/3cf1db7adebb493f3a5c2e957a1b09cf0986a7cd/Data/rxntime.csv
611,WCH,2005,110mH,M,SF,,,,0,8,0,no WA races loaded for this year/event,,https://github.com/ofiore/Thesis/blob/3cf1db7adebb493f3a5c2e957a1b09cf0986a7cd/Data/rxntime.csv
612,WCH,2005,110mH,M,SF,,,,0,8,0,no WA races loaded for this year/event,,https://github.com/ofiore/Thesis/blob/3cf1db7adebb493f3a5c2e957a1b09cf0986a7cd/Data/rxntime.csv
613,WCH,2005,110mH,M,SF,,,,0,8,0,no WA races loaded for this year/event,,https://github.com/ofiore/Thesis/blob/3cf1db7adebb493f3a5c2e957a1b09cf0986a7cd/Data/rxntime.csv
614,WCH,2005,110mH,M,SF,,,,0,8,0,no WA races loaded for this year/event,,https://github.com/ofiore/Thesis/blob/3cf1db7adebb493f3a5c2e957a1b09cf0986a7cd/Data/rxntime.csv
615,WCH,2005,110mH,M,SF,,,,0,8,0,no WA races loaded for this year/event,,https://github.com/ofiore/Thesis/blob/3cf1db7adebb493f3a5c2e957a1b09cf0986a7cd/Data/rxntime.csv
616,WCH,2005,110mH,M,SF,,,,0,8,0,no WA races loaded for this year/event,,https://github.com/ofiore/Thesis/blob/3cf1db7adebb493f3a5c2e957a1b09cf0986a7cd/Data/rxntime.csv
617,WCH,2005,110mH,M,SF,,,,0,8,0,no WA races loaded for this year/event,,https://github.com/ofiore/Thesis/blob/3cf1db7adebb493f3a5c2e957a1b09cf0986a7cd/Data/rxntime.csv
618,WCH,2005,110mH,M,SF,,,,0,8,0,no WA races loaded for this year/event,,https://github.com/ofiore/Thesis/blob/3cf1db7adebb493f3a5c2e957a1b09cf0986a7cd/Data/rxntime.csv
619,WCH,2005,110mH,M,SF,,,,0,8,0,no WA races loaded for this year/event,,https://github.com/ofiore/Thesis/blob/3cf1db7adebb493f3a5c2e957a1b09cf0986a7cd/Data/rxntime.csv
620,WCH,2005,110mH,M,SF,,,,0,8,0,no WA races loaded for this year/event,,https://github.com/ofiore/Thesis/blob/3cf1db7adebb493f3a5c2e957a1b09cf0986a7cd/Data/rxntime.csv
621,WCH,2005,110mH,M,SF,,,,0,8,0,no WA races loaded for this year/event,,https://github.com/ofiore/Thesis/blob/3cf1db7adebb493f3a5c2e957a1b09cf0986a7cd/Data/rxntime.csv
622,WCH,2005,110mH,M,F,,,,0,8,0,no WA races loaded for this year/event,,https://github.com/ofiore/Thesis/blob/3cf1db7adebb493f3a5c2e957a1b09cf0986a7cd/Data/rxntime.csv
623,WCH,2005,110mH,M,F,,,,0,8,0,no WA races loaded for this year/event,,https://github.com/ofiore/Thesis/blob/3cf1db7adebb493f3a5c2e957a1b09cf0986a7cd/Data/rxntime.csv
624,WCH,2005,110mH,M,F,,,,0,8,0,no WA races loaded for this year/event,,https://github.com/ofiore/Thesis/blob/3cf1db7adebb493f3a5c2e957a1b09cf0986a7cd/Data/rxntime.csv
625,WCH,2005,110mH,M,F,,,,0,8,0,no WA races loaded for this year/event,,https://github.com/ofiore/Thesis/blob/3cf1db7adebb493f3a5c2e957a1b09cf0986a7cd/Data/rxntime.csv
626,WCH,2005,110mH,M,F,,,,0,8,0,no WA races loaded for this year/event,,https://github.com/ofiore/Thesis/blob/3cf1db7adebb493f3a5c2e957a1b09cf0986a7cd/Data/rxntime.csv
627,WCH,2005,110mH,M,F,,,,0,8,0,no WA races loaded for this year/event,,https://github.com/ofiore/Thesis/blob/3cf1db7adebb493f3a5c2e957a1b09cf0986a7cd/Data/rxntime.csv
628,WCH,2005,110mH,M,F,,,,0,8,0,no WA races loaded for this year/event,,https://github.com/ofiore/Thesis/blob/3cf1db7adebb493f3a5c2e957a1b09cf0986a7cd/Data/rxntime.csv
629,WCH,2005,110mH,M,F,,,,0,8,0,no WA races loaded for this year/event,,https://github.com/ofiore/Thesis/blob/3cf1db7adebb493f3a5c2e957a1b09cf0986a7cd/Data/rxntime.csv
630,WCH,2003,110mH,M,R1,,,,0,7,0,no WA races loaded for this year/event,,https://github.com/ofiore/Thesis/blob/3cf1db7adebb493f3a5c2e957a1b09cf0986a7cd/Data/rxntime.csv
631,WCH,2003,110mH,M,R1,,,,0,7,0,no WA races loaded for this year/event,,https://github.com/ofiore/Thesis/blob/3cf1db7adebb493f3a5c2e957a1b09cf0986a7cd/Data/rxntime.csv
632,WCH,2003,110mH,M,R1,,,,0,7,0,no WA races loaded for this year/event,,https://github.com/ofiore/Thesis/blob/3cf1db7adebb493f3a5c2e957a1b09cf0986a7cd/Data/rxntime.csv
633,WCH,2003,110mH,M,R1,,,,0,7,0,no WA races loaded for this year/event,,https://github.com/ofiore/Thesis/blob/3cf1db7adebb493f3a5c2e957a1b09cf0986a7cd/Data/rxntime.csv
634,WCH,2003,110mH,M,R1,,,,0,7,0,no WA races loaded for this year/event,,https://github.com/ofiore/Thesis/blob/3cf1db7adebb493f3a5c2e957a1b09cf0986a7cd/Data/rxntime.csv
635,WCH,2003,110mH,M,R1,,,,0,7,0,no WA races loaded for this year/event,,https://github.com/ofiore/Thesis/blob/3cf1db7adebb493f3a5c2e957a1b09cf0986a7cd/Data/rxntime.csv
636,WCH,2003,110mH,M,R1,,,,0,7,0,no WA races loaded for this year/event,,https://github.com/ofiore/Thesis/blob/3cf1db7adebb493f3a5c2e957a1b09cf0986a7cd/Data/rxntime.csv
637,WCH,2003,110mH,M,R1,,,,0,7,0,no WA races loaded for this year/event,,https://github.com/ofiore/Thesis/blob/3cf1db7adebb493f3a5c2e957a1b09cf0986a7cd/Data/rxntime.csv
638,WCH,2003,110mH,M,R1,,,,0,7,0,no WA races loaded for this year/event,,https://github.com/ofiore/Thesis/blob/3cf1db7adebb493f3a5c2e957a1b09cf0986a7cd/Data/rxntime.csv
639,WCH,2003,110mH,M,R1,,,,0,7,0,no WA races loaded for this year/event,,https://github.com/ofiore/Thesis/blob/3cf1db7adebb493f3a5c2e957a1b09cf0986a7cd/Data/rxntime.csv
640,WCH,2003,110mH,M,R1,,,,0,7,0,no WA races loaded for this year/event,,https://github.com/ofiore/Thesis/blob/3cf1db7adebb493f3a5c2e957a1b09cf0986a7cd/Data/rxntime.csv
641,WCH,2003,110mH,M,R1,,,,0,7,0,no WA races loaded for this year/event,,https://github.com/ofiore/Thesis/blob/3cf1db7adebb493f3a5c2e957a1b09cf0986a7cd/Data/rxntime.csv
642,WCH,2003,110mH,M,R1,,,,0,7,0,no WA races loaded for this year/event,,https://github.com/ofiore/Thesis/blob/3cf1db7adebb493f3a5c2e957a1b09cf0986a7cd/Data/rxntime.csv
643,WCH,2003,110mH,M,R1,,,,0,7,0,no WA races loaded for this year/event,,https://github.com/ofiore/Thesis/blob/3cf1db7adebb493f3a5c2e957a1b09cf0986a7cd/Data/rxntime.csv
644,WCH,2003,110mH,M,R1,,,,0,7,0,no WA races loaded for this year/event,,https://github.com/ofiore/Thesis/blob/3cf1db7adebb493f3a5c2e957a1b09cf0986a7cd/Data/rxntime.csv
645,WCH,2003,110mH,M,R1,,,,0,7,0,no WA races loaded for this year/event,,https://github.com/ofiore/Thesis/blob/3cf1db7adebb493f3a5c2e957a1b09cf0986a7cd/Data/rxntime.csv
646,WCH,2003,110mH,M,R1,,,,0,7,0,no WA races loaded for this year/event,,https://github.com/ofiore/Thesis/blob/3cf1db7adebb493f3a5c2e957a1b09cf0986a7cd/Data/rxntime.csv
647,WCH,2003,110mH,M,R1,,,,0,7,0,no WA races loaded for this year/event,,https://github.com/ofiore/Thesis/blob/3cf1db7adebb493f3a5c2e957a1b09cf0986a7cd/Data/rxntime.csv
648,WCH,2003,110mH,M,R1,,,,0,7,0,no WA races loaded for this year/event,,https://github.com/ofiore/Thesis/blob/3cf1db7adebb493f3a5c2e957a1b09cf0986a7cd/Data/rxntime.csv
649,WCH,2003,110mH,M,R1,,,,0,7,0,no WA races loaded for this year/event,,https://github.com/ofiore/Thesis/blob/3cf1db7adebb493f3a5c2e957a1b09cf0986a7cd/Data/rxntime.csv
650,WCH,2003,110mH,M,R1,,,,0,7,0,no WA races loaded for this year/event,,https://github.com/ofiore/Thesis/blob/3cf1db7adebb493f3a5c2e957a1b09cf0986a7cd/Data/rxntime.csv
651,WCH,2003,110mH,M,R1,,,,0,5,0,no WA races loaded for this year/event,,https://github.com/ofiore/Thesis/blob/3cf1db7adebb493f3a5c2e957a1b09cf0986a7cd/Data/rxntime.csv
652,WCH,2003,110mH,M,R1,,,,0,5,0,no WA races loaded for this year/event,,https://github.com/ofiore/Thesis/blob/3cf1db7adebb493f3a5c2e957a1b09cf0986a7cd/Data/rxntime.csv
653,WCH,2003,110mH,M,R1,,,,0,5,0,no WA races loaded for this year/event,,https://github.com/ofiore/Thesis/blob/3cf1db7adebb493f3a5c2e957a1b09cf0986a7cd/Data/rxntime.csv
654,WCH,2003,110mH,M,R1,,,,0,5,0,no WA races loaded for this year/event,,https://github.com/ofiore/Thesis/blob/3cf1db7adebb493f3a5c2e957a1b09cf0986a7cd/Data/rxntime.csv
655,WCH,2003,110mH,M,R1,,,,0,5,0,no WA races loaded for this year/event,,https://github.com/ofiore/Thesis/blob/3cf1db7adebb493f3a5c2e957a1b09cf0986a7cd/Data/rxntime.csv
656,WCH,2003,110mH,M,R1,,,,0,7,0,no WA races loaded for this year/event,,https://github.com/ofiore/Thesis/blob/3cf1db7adebb493f3a5c2e957a1b09cf0986a7cd/Data/rxntime.csv
657,WCH,2003,110mH,M,R1,,,,0,7,0,no WA races loaded for this year/event,,https://github.com/ofiore/Thesis/blob/3cf1db7adebb493f3a5c2e957a1b09cf0986a7cd/Data/rxntime.csv
658,WCH,2003,110mH,M,R1,,,,0,7,0,no WA races loaded for this year/event,,https://github.com/ofiore/Thesis/blob/3cf1db7adebb493f3a5c2e957a1b09cf0986a7cd/Data/rxntime.csv
659,WCH,2003,110mH,M,R1,,,,0,7,0,no WA races loaded for this year/event,,https://github.com/ofiore/Thesis/blob/3cf1db7adebb493f3a5c2e957a1b09cf0986a7cd/Data/rxntime.csv
660,WCH,2003,110mH,M,R1,,,,0,7,0,no WA races loaded for this year/event,,https://github.com/ofiore/Thesis/blob/3cf1db7adebb493f3a5c2e957a1b09cf0986a7cd/Data/rxntime.csv
661,WCH,2003,110mH,M,R1,,,,0,7,0,no WA races loaded for this year/event,,https://github.com/ofiore/Thesis/blob/3cf1db7adebb493f3a5c2e957a1b09cf0986a7cd/Data/rxntime.csv
662,WCH,2003,110mH,M,R1,,,,0,7,0,no WA races loaded for this year/event,,https://github.com/ofiore/Thesis/blob/3cf1db7adebb493f3a5c2e957a1b09cf0986a7cd/Data/rxntime.csv
663,WCH,2003,110mH,M,SF,,,,0,8,0,no WA races loaded for this year/event,,https://github.com/ofiore/Thesis/blob/3cf1db7adebb493f3a5c2e957a1b09cf0986a7cd/Data/rxntime.csv
664,WCH,2003,110mH,M,SF,,,,0,8,0,no WA races loaded for this year/event,,https://github.com/ofiore/Thesis/blob/3cf1db7adebb493f3a5c2e957a1b09cf0986a7cd/Data/rxntime.csv
665,WCH,2003,110mH,M,SF,,,,0,8,0,no WA races loaded for this year/event,,https://github.com/ofiore/Thesis/blob/3cf1db7adebb493f3a5c2e957a1b09cf0986a7cd/Data/rxntime.csv
666,WCH,2003,110mH,M,SF,,,,0,8,0,no WA races loaded for this year/event,,https://github.com/ofiore/Thesis/blob/3cf1db7adebb493f3a5c2e957a1b09cf0986a7cd/Data/rxntime.csv
667,WCH,2003,110mH,M,SF,,,,0,8,0,no WA races loaded for this year/event,,https://github.com/ofiore/Thesis/blob/3cf1db7adebb493f3a5c2e957a1b09cf0986a7cd/Data/rxntime.csv
668,WCH,2003,110mH,M,SF,,,,0,8,0,no WA races loaded for this year/event,,https://github.com/ofiore/Thesis/blob/3cf1db7adebb493f3a5c2e957a1b09cf0986a7cd/Data/rxntime.csv
669,WCH,2003,110mH,M,SF,,,,0,8,0,no WA races loaded for this year/event,,https://github.com/ofiore/Thesis/blob/3cf1db7adebb493f3a5c2e957a1b09cf0986a7cd/Data/rxntime.csv
670,WCH,2003,110mH,M,SF,,,,0,8,0,no WA races loaded for this year/event,,https://github.com/ofiore/Thesis/blob/3cf1db7adebb493f3a5c2e957a1b09cf0986a7cd/Data/rxntime.csv
671,WCH,2003,110mH,M,SF,,,,0,8,0,no WA races loaded for this year/event,,https://github.com/ofiore/Thesis/blob/3cf1db7adebb493f3a5c2e957a1b09cf0986a7cd/Data/rxntime.csv
672,WCH,2003,110mH,M,SF,,,,0,8,0,no WA races loaded for this year/event,,https://github.com/ofiore/Thesis/blob/3cf1db7adebb493f3a5c2e957a1b09cf0986a7cd/Data/rxntime.csv
673,WCH,2003,110mH,M,SF,,,,0,8,0,no WA races loaded for this year/event,,https://github.com/ofiore/Thesis/blob/3cf1db7adebb493f3a5c2e957a1b09cf0986a7cd/Data/rxntime.csv
674,WCH,2003,110mH,M,SF,,,,0,8,0,no WA races loaded for this year/event,,https://github.com/ofiore/Thesis/blob/3cf1db7adebb493f3a5c2e957a1b09cf0986a7cd/Data/rxntime.csv
675,WCH,2003,110mH,M,SF,,,,0,8,0,no WA races loaded for this year/event,,https://github.com/ofiore/Thesis/blob/3cf1db7adebb493f3a5c2e957a1b09cf0986a7cd/Data/rxntime.csv
676,WCH,2003,110mH,M,SF,,,,0,8,0,no WA races loaded for this year/event,,https://github.com/ofiore/Thesis/blob/3cf1db7adebb493f3a5c2e957a1b09cf0986a7cd/Data/rxntime.csv
677,WCH,2003,110mH,M,SF,,,,0,8,0,no WA races loaded for this year/event,,https://github.com/ofiore/Thesis/blob/3cf1db7adebb493f3a5c2e957a1b09cf0986a7cd/Data/rxntime.csv
678,WCH,2003,110mH,M,SF,,,,0,8,0,no WA races loaded for this year/event,,https://github.com/ofiore/Thesis/blob/3cf1db7adebb493f3a5c2e957a1b09cf0986a7cd/Data/rxntime.csv
679,WCH,2003,110mH,M,SF,,,,0,8,0,no WA races loaded for this year/event,,https://github.com/ofiore/Thesis/blob/3cf1db7adebb493f3a5c2e957a1b09cf0986a7cd/Data/rxntime.csv
680,WCH,2003,110mH,M,SF,,,,0,8,0,no WA races loaded for this year/event,,https://github.com/ofiore/Thesis/blob/3cf1db7adebb493f3a5c2e957a1b09cf0986a7cd/Data/rxntime.csv
681,WCH,2003,110mH,M,SF,,,,0,8,0,no WA races loaded for this year/event,,https://github.com/ofiore/Thesis/blob/3cf1db7adebb493f3a5c2e957a1b09cf0986a7cd/Data/rxntime.csv
682,WCH,2003,110mH,M,SF,,,,0,8,0,no WA races loaded for this year/event,,https://github.com/ofiore/Thesis/blob/3cf1db7adebb493f3a5c2e957a1b09cf0986a7cd/Data/rxntime.csv
683,WCH,2003,110mH,M,SF,,,,0,8,0,no WA races loaded for this year/event,,https://github.com/ofiore/Thesis/blob/3cf1db7adebb493f3a5c2e957a1b09cf0986a7cd/Data/rxntime.csv
684,WCH,2003,110mH,M,SF,,,,0,8,0,no WA races loaded for this year/event,,https://github.com/ofiore/Thesis/blob/3cf1db7adebb493f3a5c2e957a1b09cf0986a7cd/Data/rxntime.csv
685,WCH,2003,110mH,M,SF,,,,0,8,0,no WA races loaded for this year/event,,https://github.com/ofiore/Thesis/blob/3cf1db7adebb493f3a5c2e957a1b09cf0986a7cd/Data/rxntime.csv
686,WCH,2003,110mH,M,SF,,,,0,8,0,no WA races loaded for this year/event,,https://github.com/ofiore/Thesis/blob/3cf1db7adebb493f3a5c2e957a1b09cf0986a7cd/Data/rxntime.csv
687,WCH,2003,110mH,M,F,,,,0,8,0,no WA races loaded for this year/event,,https://github.com/ofiore/Thesis/blob/3cf1db7adebb493f3a5c2e957a1b09cf0986a7cd/Data/rxntime.csv
688,WCH,2003,110mH,M,F,,,,0,8,0,no WA races loaded for this year/event,,https://github.com/ofiore/Thesis/blob/3cf1db7adebb493f3a5c2e957a1b09cf0986a7cd/Data/rxntime.csv
689,WCH,2003,110mH,M,F,,,,0,8,0,no WA races loaded for this year/event,,https://github.com/ofiore/Thesis/blob/3cf1db7adebb493f3a5c2e957a1b09cf0986a7cd/Data/rxntime.csv
690,WCH,2003,110mH,M,F,,,,0,8,0,no WA races loaded for this year/event,,https://github.com/ofiore/Thesis/blob/3cf1db7adebb493f3a5c2e957a1b09cf0986a7cd/Data/rxntime.csv
691,WCH,2003,110mH,M,F,,,,0,8,0,no WA races loaded for this year/event,,https://github.com/ofiore/Thesis/blob/3cf1db7adebb493f3a5c2e957a1b09cf0986a7cd/Data/rxntime.csv
692,WCH,2003,110mH,M,F,,,,0,8,0,no WA races loaded for this year/event,,https://github.com/ofiore/Thesis/blob/3cf1db7adebb493f3a5c2e957a1b09cf0986a7cd/Data/rxntime.csv
693,WCH,2003,110mH,M,F,,,,0,8,0,no WA races loaded for this year/event,,https://github.com/ofiore/Thesis/blob/3cf1db7adebb493f3a5c2e957a1b09cf0986a7cd/Data/rxntime.csv
694,WCH,2003,110mH,M,F,,,,0,8,0,no WA races loaded for this year/event,,https://github.com/ofiore/Thesis/blob/3cf1db7adebb493f3a5c2e957a1b09cf0986a7cd/Data/rxntime.csv
695,WCH,2001,110mH,M,R1,,,,0,7,0,no WA races loaded for this year/event,,https://github.com/ofiore/Thesis/blob/3cf1db7adebb493f3a5c2e957a1b09cf0986a7cd/Data/rxntime.csv
696,WCH,2001,110mH,M,R1,,,,0,7,0,no WA races loaded for this year/event,,https://github.com/ofiore/Thesis/blob/3cf1db7adebb493f3a5c2e957a1b09cf0986a7cd/Data/rxntime.csv
697,WCH,2001,110mH,M,R1,,,,0,7,0,no WA races loaded for this year/event,,https://github.com/ofiore/Thesis/blob/3cf1db7adebb493f3a5c2e957a1b09cf0986a7cd/Data/rxntime.csv
698,WCH,2001,110mH,M,R1,,,,0,7,0,no WA races loaded for this year/event,,https://github.com/ofiore/Thesis/blob/3cf1db7adebb493f3a5c2e957a1b09cf0986a7cd/Data/rxntime.csv
699,WCH,2001,110mH,M,R1,,,,0,7,0,no WA races loaded for this year/event,,https://github.com/ofiore/Thesis/blob/3cf1db7adebb493f3a5c2e957a1b09cf0986a7cd/Data/rxntime.csv
700,WCH,2001,110mH,M,R1,,,,0,7,0,no WA races loaded for this year/event,,https://github.com/ofiore/Thesis/blob/3cf1db7adebb493f3a5c2e957a1b09cf0986a7cd/Data/rxntime.csv
701,WCH,2001,110mH,M,R1,,,,0,7,0,no WA races loaded for this year/event,,https://github.com/ofiore/Thesis/blob/3cf1db7adebb493f3a5c2e957a1b09cf0986a7cd/Data/rxntime.csv
702,WCH,2001,110mH,M,R1,,,,0,7,0,no WA races loaded for this year/event,,https://github.com/ofiore/Thesis/blob/3cf1db7adebb493f3a5c2e957a1b09cf0986a7cd/Data/rxntime.csv
703,WCH,2001,110mH,M,R1,,,,0,7,0,no WA races loaded for this year/event,,https://github.com/ofiore/Thesis/blob/3cf1db7adebb493f3a5c2e957a1b09cf0986a7cd/Data/rxntime.csv
704,WCH,2001,110mH,M,R1,,,,0,7,0,no WA races loaded for this year/event,,https://github.com/ofiore/Thesis/blob/3cf1db7adebb493f3a5c2e957a1b09cf0986a7cd/Data/rxntime.csv
705,WCH,2001,110mH,M,R1,,,,0,7,0,no WA races loaded for this year/event,,https://github.com/ofiore/Thesis/blob/3cf1db7adebb493f3a5c2e957a1b09cf0986a7cd/Data/rxntime.csv
706,WCH,2001,110mH,M,R1,,,,0,7,0,no WA races loaded for this year/event,,https://github.com/ofiore/Thesis/blob/3cf1db7adebb493f3a5c2e957a1b09cf0986a7cd/Data/rxntime.csv
707,WCH,2001,110mH,M,R1,,,,0,7,0,no WA races loaded for this year/event,,https://github.com/ofiore/Thesis/blob/3cf1db7adebb493f3a5c2e957a1b09cf0986a7cd/Data/rxntime.csv
708,WCH,2001,110mH,M,R1,,,,0,7,0,no WA races loaded for this year/event,,https://github.com/ofiore/Thesis/blob/3cf1db7adebb493f3a5c2e957a1b09cf0986a7cd/Data/rxntime.csv
709,WCH,2001,110mH,M,R1,,,,0,6,0,no WA races loaded for this year/event,,https://github.com/ofiore/Thesis/blob/3cf1db7adebb493f3a5c2e957a1b09cf0986a7cd/Data/rxntime.csv
710,WCH,2001,110mH,M,R1,,,,0,6,0,no WA races loaded for this year/event,,https://github.com/ofiore/Thesis/blob/3cf1db7adebb493f3a5c2e957a1b09cf0986a7cd/Data/rxntime.csv
711,WCH,2001,110mH,M,R1,,,,0,6,0,no WA races loaded for this year/event,,https://github.com/ofiore/Thesis/blob/3cf1db7adebb493f3a5c2e957a1b09cf0986a7cd/Data/rxntime.csv
712,WCH,2001,110mH,M,R1,,,,0,6,0,no WA races loaded for this year/event,,https://github.com/ofiore/Thesis/blob/3cf1db7adebb493f3a5c2e957a1b09cf0986a7cd/Data/rxntime.csv
713,WCH,2001,110mH,M,R1,,,,0,6,0,no WA races loaded for this year/event,,https://github.com/ofiore/Thesis/blob/3cf1db7adebb493f3a5c2e957a1b09cf0986a7cd/Data/rxntime.csv
714,WCH,2001,110mH,M,R1,,,,0,6,0,no WA races loaded for this year/event,,https://github.com/ofiore/Thesis/blob/3cf1db7adebb493f3a5c2e957a1b09cf0986a7cd/Data/rxntime.csv
715,WCH,2001,110mH,M,R1,,,,0,6,0,no WA races loaded for this year/event,,https://github.com/ofiore/Thesis/blob/3cf1db7adebb493f3a5c2e957a1b09cf0986a7cd/Data/rxntime.csv
716,WCH,2001,110mH,M,R1,,,,0,6,0,no WA races loaded for this year/event,,https://github.com/ofiore/Thesis/blob/3cf1db7adebb493f3a5c2e957a1b09cf0986a7cd/Data/rxntime.csv
717,WCH,2001,110mH,M,R1,,,,0,6,0,no WA races loaded for this year/event,,https://github.com/ofiore/Thesis/blob/3cf1db7adebb493f3a5c2e957a1b09cf0986a7cd/Data/rxntime.csv
718,WCH,2001,110mH,M,R1,,,,0,6,0,no WA races loaded for this year/event,,https://github.com/ofiore/Thesis/blob/3cf1db7adebb493f3a5c2e957a1b09cf0986a7cd/Data/rxntime.csv
719,WCH,2001,110mH,M,R1,,,,0,6,0,no WA races loaded for this year/event,,https://github.com/ofiore/Thesis/blob/3cf1db7adebb493f3a5c2e957a1b09cf0986a7cd/Data/rxntime.csv
720,WCH,2001,110mH,M,R1,,,,0,6,0,no WA races loaded for this year/event,,https://github.com/ofiore/Thesis/blob/3cf1db7adebb493f3a5c2e957a1b09cf0986a7cd/Data/rxntime.csv
721,WCH,2001,110mH,M,R1,,,,0,7,0,no WA races loaded for this year/event,,https://github.com/ofiore/Thesis/blob/3cf1db7adebb493f3a5c2e957a1b09cf0986a7cd/Data/rxntime.csv
722,WCH,2001,110mH,M,R1,,,,0,7,0,no WA races loaded for this year/event,,https://github.com/ofiore/Thesis/blob/3cf1db7adebb493f3a5c2e957a1b09cf0986a7cd/Data/rxntime.csv
723,WCH,2001,110mH,M,R1,,,,0,7,0,no WA races loaded for this year/event,,https://github.com/ofiore/Thesis/blob/3cf1db7adebb493f3a5c2e957a1b09cf0986a7cd/Data/rxntime.csv
724,WCH,2001,110mH,M,R1,,,,0,7,0,no WA races loaded for this year/event,,https://github.com/ofiore/Thesis/blob/3cf1db7adebb493f3a5c2e957a1b09cf0986a7cd/Data/rxntime.csv
725,WCH,2001,110mH,M,R1,,,,0,7,0,no WA races loaded for this year/event,,https://github.com/ofiore/Thesis/blob/3cf1db7adebb493f3a5c2e957a1b09cf0986a7cd/Data/rxntime.csv
726,WCH,2001,110mH,M,R1,,,,0,7,0,no WA races loaded for this year/event,,https://github.com/ofiore/Thesis/blob/3cf1db7adebb493f3a5c2e957a1b09cf0986a7cd/Data/rxntime.csv
727,WCH,2001,110mH,M,R1,,,,0,7,0,no WA races loaded for this year/event,,https://github.com/ofiore/Thesis/blob/3cf1db7adebb493f3a5c2e957a1b09cf0986a7cd/Data/rxntime.csv
728,WCH,2001,110mH,M,R1,,,,0,7,0,no WA races loaded for this year/event,,https://github.com/ofiore/Thesis/blob/3cf1db7adebb493f3a5c2e957a1b09cf0986a7cd/Data/rxntime.csv
729,WCH,2001,110mH,M,R1,,,,0,7,0,no WA races loaded for this year/event,,https://github.com/ofiore/Thesis/blob/3cf1db7adebb493f3a5c2e957a1b09cf0986a7cd/Data/rxntime.csv
730,WCH,2001,110mH,M,R1,,,,0,7,0,no WA races loaded for this year/event,,https://github.com/ofiore/Thesis/blob/3cf1db7adebb493f3a5c2e957a1b09cf0986a7cd/Data/rxntime.csv
731,WCH,2001,110mH,M,R1,,,,0,7,0,no WA races loaded for this year/event,,https://github.com/ofiore/Thesis/blob/3cf1db7adebb493f3a5c2e957a1b09cf0986a7cd/Data/rxntime.csv
732,WCH,2001,110mH,M,R1,,,,0,7,0,no WA races loaded for this year/event,,https://github.com/ofiore/Thesis/blob/3cf1db7adebb493f3a5c2e957a1b09cf0986a7cd/Data/rxntime.csv
733,WCH,2001,110mH,M,R1,,,,0,7,0,no WA races loaded for this year/event,,https://github.com/ofiore/Thesis/blob/3cf1db7adebb493f3a5c2e957a1b09cf0986a7cd/Data/rxntime.csv
734,WCH,2001,110mH,M,R1,,,,0,7,0,no WA races loaded for this year/event,,https://github.com/ofiore/Thesis/blob/3cf1db7adebb493f3a5c2e957a1b09cf0986a7cd/Data/rxntime.csv
735,WCH,2001,110mH,M,SF,,,,0,8,0,no WA races loaded for this year/event,,https://github.com/ofiore/Thesis/blob/3cf1db7adebb493f3a5c2e957a1b09cf0986a7cd/Data/rxntime.csv
736,WCH,2001,110mH,M,SF,,,,0,8,0,no WA races loaded for this year/event,,https://github.com/ofiore/Thesis/blob/3cf1db7adebb493f3a5c2e957a1b09cf0986a7cd/Data/rxntime.csv
737,WCH,2001,110mH,M,SF,,,,0,8,0,no WA races loaded for this year/event,,https://github.com/ofiore/Thesis/blob/3cf1db7adebb493f3a5c2e957a1b09cf0986a7cd/Data/rxntime.csv
738,WCH,2001,110mH,M,SF,,,,0,8,0,no WA races loaded for this year/event,,https://github.com/ofiore/Thesis/blob/3cf1db7adebb493f3a5c2e957a1b09cf0986a7cd/Data/rxntime.csv
739,WCH,2001,110mH,M,SF,,,,0,8,0,no WA races loaded for this year/event,,https://github.com/ofiore/Thesis/blob/3cf1db7adebb493f3a5c2e957a1b09cf0986a7cd/Data/rxntime.csv
740,WCH,2001,110mH,M,SF,,,,0,8,0,no WA races loaded for this year/event,,https://github.com/ofiore/Thesis/blob/3cf1db7adebb493f3a5c2e957a1b09cf0986a7cd/Data/rxntime.csv
741,WCH,2001,110mH,M,SF,,,,0,8,0,no WA races loaded for this year/event,,https://github.com/ofiore/Thesis/blob/3cf1db7adebb493f3a5c2e957a1b09cf0986a7cd/Data/rxntime.csv
742,WCH,2001,110mH,M,SF,,,,0,8,0,no WA races loaded for this year/event,,https://github.com/ofiore/Thesis/blob/3cf1db7adebb493f3a5c2e957a1b09cf0986a7cd/Data/rxntime.csv
743,WCH,2001,110mH,M,SF,,,,0,7,0,no WA races loaded for this year/event,,https://github.com/ofiore/Thesis/blob/3cf1db7adebb493f3a5c2e957a1b09cf0986a7cd/Data/rxntime.csv
744,WCH,2001,110mH,M,SF,,,,0,7,0,no WA races loaded for this year/event,,https://github.com/ofiore/Thesis/blob/3cf1db7adebb493f3a5c2e957a1b09cf0986a7cd/Data/rxntime.csv
745,WCH,2001,110mH,M,SF,,,,0,7,0,no WA races loaded for this year/event,,https://github.com/ofiore/Thesis/blob/3cf1db7adebb493f3a5c2e957a1b09cf0986a7cd/Data/rxntime.csv
746,WCH,2001,110mH,M,SF,,,,0,7,0,no WA races loaded for this year/event,,https://github.com/ofiore/Thesis/blob/3cf1db7adebb493f3a5c2e957a1b09cf0986a7cd/Data/rxntime.csv
747,WCH,2001,110mH,M,SF,,,,0,7,0,no WA races loaded for this year/event,,https://github.com/ofiore/Thesis/blob/3cf1db7adebb493f3a5c2e957a1b09cf0986a7cd/Data/rxntime.csv
748,WCH,2001,110mH,M,SF,,,,0,7,0,no WA races loaded for this year/event,,https://github.com/ofiore/Thesis/blob/3cf1db7adebb493f3a5c2e957a1b09cf0986a7cd/Data/rxntime.csv
749,WCH,2001,110mH,M,SF,,,,0,7,0,no WA races loaded for this year/event,,https://github.com/ofiore/Thesis/blob/3cf1db7adebb493f3a5c2e957a1b09cf0986a7cd/Data/rxntime.csv
750,WCH,2001,110mH,M,SF,,,,0,8,0,no WA races loaded for this year/event,,https://github.com/ofiore/Thesis/blob/3cf1db7adebb493f3a5c2e957a1b09cf0986a7cd/Data/rxntime.csv
751,WCH,2001,110mH,M,SF,,,,0,8,0,no WA races loaded for this year/event,,https://github.com/ofiore/Thesis/blob/3cf1db7adebb493f3a5c2e957a1b09cf0986a7cd/Data/rxntime.csv
752,WCH,2001,110mH,M,SF,,,,0,8,0,no WA races loaded for this year/event,,https://github.com/ofiore/Thesis/blob/3cf1db7adebb493f3a5c2e957a1b09cf0986a7cd/Data/rxntime.csv
753,WCH,2001,110mH,M,SF,,,,0,8,0,no WA races loaded for this year/event,,https://github.com/ofiore/Thesis/blob/3cf1db7adebb493f3a5c2e957a1b09cf0986a7cd/Data/rxntime.csv
754,WCH,2001,110mH,M,SF,,,,0,8,0,no WA races loaded for this year/event,,https://github.com/ofiore/Thesis/blob/3cf1db7adebb493f3a5c2e957a1b09cf0986a7cd/Data/rxntime.csv
755,WCH,2001,110mH,M,SF,,,,0,8,0,no WA races loaded for this year/event,,https://github.com/ofiore/Thesis/blob/3cf1db7adebb493f3a5c2e957a1b09cf0986a7cd/Data/rxntime.csv
756,WCH,2001,110mH,M,SF,,,,0,8,0,no WA races loaded for this year/event,,https://github.com/ofiore/Thesis/blob/3cf1db7adebb493f3a5c2e957a1b09cf0986a7cd/Data/rxntime.csv
757,WCH,2001,110mH,M,SF,,,,0,8,0,no WA races loaded for this year/event,,https://github.com/ofiore/Thesis/blob/3cf1db7adebb493f3a5c2e957a1b09cf0986a7cd/Data/rxntime.csv
758,WCH,2001,110mH,M,F,,,,0,8,0,no WA races loaded for this year/event,,https://github.com/ofiore/Thesis/blob/3cf1db7adebb493f3a5c2e957a1b09cf0986a7cd/Data/rxntime.csv
759,WCH,2001,110mH,M,F,,,,0,8,0,no WA races loaded for this year/event,,https://github.com/ofiore/Thesis/blob/3cf1db7adebb493f3a5c2e957a1b09cf0986a7cd/Data/rxntime.csv
760,WCH,2001,110mH,M,F,,,,0,8,0,no WA races loaded for this year/event,,https://github.com/ofiore/Thesis/blob/3cf1db7adebb493f3a5c2e957a1b09cf0986a7cd/Data/rxntime.csv
761,WCH,2001,110mH,M,F,,,,0,8,0,no WA races loaded for this year/event,,https://github.com/ofiore/Thesis/blob/3cf1db7adebb493f3a5c2e957a1b09cf0986a7cd/Data/rxntime.csv
762,WCH,2001,110mH,M,F,,,,0,8,0,no WA races loaded for this year/event,,https://github.com/ofiore/Thesis/blob/3cf1db7adebb493f3a5c2e957a1b09cf0986a7cd/Data/rxntime.csv
763,WCH,2001,110mH,M,F,,,,0,8,0,no WA races loaded for this year/event,,https://github.com/ofiore/Thesis/blob/3cf1db7adebb493f3a5c2e957a1b09cf0986a7cd/Data/rxntime.csv
764,WCH,2001,110mH,M,F,,,,0,8,0,no WA races loaded for this year/event,,https://github.com/ofiore/Thesis/blob/3cf1db7adebb493f3a5c2e957a1b09cf0986a7cd/Data/rxntime.csv
765,WCH,2001,110mH,M,F,,,,0,8,0,no WA races loaded for this year/event,,https://github.com/ofiore/Thesis/blob/3cf1db7adebb493f3a5c2e957a1b09cf0986a7cd/Data/rxntime.csv
766,WCH,1999,110mH,M,R1,,,,0,7,0,no WA races loaded for this year/event,,https://github.com/ofiore/Thesis/blob/3cf1db7adebb493f3a5c2e957a1b09cf0986a7cd/Data/rxntime.csv
767,WCH,1999,110mH,M,R1,,,,0,7,0,no WA races loaded for this year/event,,https://github.com/ofiore/Thesis/blob/3cf1db7adebb493f3a5c2e957a1b09cf0986a7cd/Data/rxntime.csv
768,WCH,1999,110mH,M,R1,,,,0,7,0,no WA races loaded for this year/event,,https://github.com/ofiore/Thesis/blob/3cf1db7adebb493f3a5c2e957a1b09cf0986a7cd/Data/rxntime.csv
769,WCH,1999,110mH,M,R1,,,,0,7,0,no WA races loaded for this year/event,,https://github.com/ofiore/Thesis/blob/3cf1db7adebb493f3a5c2e957a1b09cf0986a7cd/Data/rxntime.csv
770,WCH,1999,110mH,M,R1,,,,0,7,0,no WA races loaded for this year/event,,https://github.com/ofiore/Thesis/blob/3cf1db7adebb493f3a5c2e957a1b09cf0986a7cd/Data/rxntime.csv
771,WCH,1999,110mH,M,R1,,,,0,7,0,no WA races loaded for this year/event,,https://github.com/ofiore/Thesis/blob/3cf1db7adebb493f3a5c2e957a1b09cf0986a7cd/Data/rxntime.csv
772,WCH,1999,110mH,M,R1,,,,0,7,0,no WA races loaded for this year/event,,https://github.com/ofiore/Thesis/blob/3cf1db7adebb493f3a5c2e957a1b09cf0986a7cd/Data/rxntime.csv
773,WCH,1999,110mH,M,R1,,,,0,7,0,no WA races loaded for this year/event,,https://github.com/ofiore/Thesis/blob/3cf1db7adebb493f3a5c2e957a1b09cf0986a7cd/Data/rxntime.csv
774,WCH,1999,110mH,M,R1,,,,0,7,0,no WA races loaded for this year/event,,https://github.com/ofiore/Thesis/blob/3cf1db7adebb493f3a5c2e957a1b09cf0986a7cd/Data/rxntime.csv
775,WCH,1999,110mH,M,R1,,,,0,7,0,no WA races loaded for this year/event,,https://github.com/ofiore/Thesis/blob/3cf1db7adebb493f3a5c2e957a1b09cf0986a7cd/Data/rxntime.csv
776,WCH,1999,110mH,M,R1,,,,0,7,0,no WA races loaded for this year/event,,https://github.com/ofiore/Thesis/blob/3cf1db7adebb493f3a5c2e957a1b09cf0986a7cd/Data/rxntime.csv
777,WCH,1999,110mH,M,R1,,,,0,7,0,no WA races loaded for this year/event,,https://github.com/ofiore/Thesis/blob/3cf1db7adebb493f3a5c2e957a1b09cf0986a7cd/Data/rxntime.csv
778,WCH,1999,110mH,M,R1,,,,0,7,0,no WA races loaded for this year/event,,https://github.com/ofiore/Thesis/blob/3cf1db7adebb493f3a5c2e957a1b09cf0986a7cd/Data/rxntime.csv
779,WCH,1999,110mH,M,R1,,,,0,7,0,no WA races loaded for this year/event,,https://github.com/ofiore/Thesis/blob/3cf1db7adebb493f3a5c2e957a1b09cf0986a7cd/Data/rxntime.csv
780,WCH,1999,110mH,M,R1,,,,0,7,0,no WA races loaded for this year/event,,https://github.com/ofiore/Thesis/blob/3cf1db7adebb493f3a5c2e957a1b09cf0986a7cd/Data/rxntime.csv
781,WCH,1999,110mH,M,R1,,,,0,7,0,no WA races loaded for this year/event,,https://github.com/ofiore/Thesis/blob/3cf1db7adebb493f3a5c2e957a1b09cf0986a7cd/Data/rxntime.csv
782,WCH,1999,110mH,M,R1,,,,0,7,0,no WA races loaded for this year/event,,https://github.com/ofiore/Thesis/blob/3cf1db7adebb493f3a5c2e957a1b09cf0986a7cd/Data/rxntime.csv
783,WCH,1999,110mH,M,R1,,,,0,7,0,no WA races loaded for this year/event,,https://github.com/ofiore/Thesis/blob/3cf1db7adebb493f3a5c2e957a1b09cf0986a7cd/Data/rxntime.csv
784,WCH,1999,110mH,M,R1,,,,0,7,0,no WA races loaded for this year/event,,https://github.com/ofiore/Thesis/blob/3cf1db7adebb493f3a5c2e957a1b09cf0986a7cd/Data/rxntime.csv
785,WCH,1999,110mH,M,R1,,,,0,7,0,no WA races loaded for this year/event,,https://github.com/ofiore/Thesis/blob/3cf1db7adebb493f3a5c2e957a1b09cf0986a7cd/Data/rxntime.csv
786,WCH,1999,110mH,M,R1,,,,0,7,0,no WA races loaded for this year/event,,https://github.com/ofiore/Thesis/blob/3cf1db7adebb493f3a5c2e957a1b09cf0986a7cd/Data/rxntime.csv
787,WCH,1999,110mH,M,R1,,,,0,7,0,no WA races loaded for this year/event,,https://github.com/ofiore/Thesis/blob/3cf1db7adebb493f3a5c2e957a1b09cf0986a7cd/Data/rxntime.csv
788,WCH,1999,110mH,M,R1,,,,0,7,0,no WA races loaded for this year/event,,https://github.com/ofiore/Thesis/blob/3cf1db7adebb493f3a5c2e957a1b09cf0986a7cd/Data/rxntime.csv
789,WCH,1999,110mH,M,R1,,,,0,7,0,no WA races loaded for this year/event,,https://github.com/ofiore/Thesis/blob/3cf1db7adebb493f3a5c2e957a1b09cf0986a7cd/Data/rxntime.csv
790,WCH,1999,110mH,M,R1,,,,0,7,0,no WA races loaded for this year/event,,https://github.com/ofiore/Thesis/blob/3cf1db7adebb493f3a5c2e957a1b09cf0986a7cd/Data/rxntime.csv
791,WCH,1999,110mH,M,R1,,,,0,7,0,no WA races loaded for this year/event,,https://github.com/ofiore/Thesis/blob/3cf1db7adebb493f3a5c2e957a1b09cf0986a7cd/Data/rxntime.csv
792,WCH,1999,110mH,M,R1,,,,0,7,0,no WA races loaded for this year/event,,https://github.com/ofiore/Thesis/blob/3cf1db7adebb493f3a5c2e957a1b09cf0986a7cd/Data/rxntime.csv
793,WCH,1999,110mH,M,R1,,,,0,7,0,no WA races loaded for this year/event,,https://github.com/ofiore/Thesis/blob/3cf1db7adebb493f3a5c2e957a1b09cf0986a7cd/Data/rxntime.csv
794,WCH,1999,110mH,M,R1,,,,0,7,0,no WA races loaded for this year/event,,https://github.com/ofiore/Thesis/blob/3cf1db7adebb493f3a5c2e957a1b09cf0986a7cd/Data/rxntime.csv
795,WCH,1999,110mH,M,R1,,,,0,7,0,no WA races loaded for this year/event,,https://github.com/ofiore/Thesis/blob/3cf1db7adebb493f3a5c2e957a1b09cf0986a7cd/Data/rxntime.csv
796,WCH,1999,110mH,M,R1,,,,0,7,0,no WA races loaded for this year/event,,https://github.com/ofiore/Thesis/blob/3cf1db7adebb493f3a5c2e957a1b09cf0986a7cd/Data/rxntime.csv
797,WCH,1999,110mH,M,R1,,,,0,7,0,no WA races loaded for this year/event,,https://github.com/ofiore/Thesis/blob/3cf1db7adebb493f3a5c2e957a1b09cf0986a7cd/Data/rxntime.csv
798,WCH,1999,110mH,M,R1,,,,0,7,0,no WA races loaded for this year/event,,https://github.com/ofiore/Thesis/blob/3cf1db7adebb493f3a5c2e957a1b09cf0986a7cd/Data/rxntime.csv
799,WCH,1999,110mH,M,R1,,,,0,7,0,no WA races loaded for this year/event,,https://github.com/ofiore/Thesis/blob/3cf1db7adebb493f3a5c2e957a1b09cf0986a7cd/Data/rxntime.csv
800,WCH,1999,110mH,M,R1,,,,0,7,0,no WA races loaded for this year/event,,https://github.com/ofiore/Thesis/blob/3cf1db7adebb493f3a5c2e957a1b09cf0986a7cd/Data/rxntime.csv
801,WCH,1999,110mH,M,R1,,,,0,6,0,no WA races loaded for this year/event,,https://github.com/ofiore/Thesis/blob/3cf1db7adebb493f3a5c2e957a1b09cf0986a7cd/Data/rxntime.csv
802,WCH,1999,110mH,M,R1,,,,0,6,0,no WA races loaded for this year/event,,https://github.com/ofiore/Thesis/blob/3cf1db7adebb493f3a5c2e957a1b09cf0986a7cd/Data/rxntime.csv
803,WCH,1999,110mH,M,R1,,,,0,6,0,no WA races loaded for this year/event,,https://github.com/ofiore/Thesis/blob/3cf1db7adebb493f3a5c2e957a1b09cf0986a7cd/Data/rxntime.csv
804,WCH,1999,110mH,M,R1,,,,0,6,0,no WA races loaded for this year/event,,https://github.com/ofiore/Thesis/blob/3cf1db7adebb493f3a5c2e957a1b09cf0986a7cd/Data/rxntime.csv
805,WCH,1999,110mH,M,R1,,,,0,6,0,no WA races loaded for this year/event,,https://github.com/ofiore/Thesis/blob/3cf1db7adebb493f3a5c2e957a1b09cf0986a7cd/Data/rxntime.csv
806,WCH,1999,110mH,M,R1,,,,0,6,0,no WA races loaded for this year/event,,https://github.com/ofiore/Thesis/blob/3cf1db7adebb493f3a5c2e957a1b09cf0986a7cd/Data/rxntime.csv
807,WCH,1999,110mH,M,SF,,,,0,8,0,no WA races loaded for this year/event,,https://github.com/ofiore/Thesis/blob/3cf1db7adebb493f3a5c2e957a1b09cf0986a7cd/Data/rxntime.csv
808,WCH,1999,110mH,M,SF,,,,0,8,0,no WA races loaded for this year/event,,https://github.com/ofiore/Thesis/blob/3cf1db7adebb493f3a5c2e957a1b09cf0986a7cd/Data/rxntime.csv
809,WCH,1999,110mH,M,SF,,,,0,8,0,no WA races loaded for this year/event,,https://github.com/ofiore/Thesis/blob/3cf1db7adebb493f3a5c2e957a1b09cf0986a7cd/Data/rxntime.csv
810,WCH,1999,110mH,M,SF,,,,0,8,0,no WA races loaded for this year/event,,https://github.com/ofiore/Thesis/blob/3cf1db7adebb493f3a5c2e957a1b09cf0986a7cd/Data/rxntime.csv
811,WCH,1999,110mH,M,SF,,,,0,8,0,no WA races loaded for this year/event,,https://github.com/ofiore/Thesis/blob/3cf1db7adebb493f3a5c2e957a1b09cf0986a7cd/Data/rxntime.csv
812,WCH,1999,110mH,M,SF,,,,0,8,0,no WA races loaded for this year/event,,https://github.com/ofiore/Thesis/blob/3cf1db7adebb493f3a5c2e957a1b09cf0986a7cd/Data/rxntime.csv
813,WCH,1999,110mH,M,SF,,,,0,8,0,no WA races loaded for this year/event,,https://github.com/ofiore/Thesis/blob/3cf1db7adebb493f3a5c2e957a1b09cf0986a7cd/Data/rxntime.csv
814,WCH,1999,110mH,M,SF,,,,0,8,0,no WA races loaded for this year/event,,https://github.com/ofiore/Thesis/blob/3cf1db7adebb493f3a5c2e957a1b09cf0986a7cd/Data/rxntime.csv
815,WCH,1999,110mH,M,SF,,,,0,8,0,no WA races loaded for this year/event,,https://github.com/ofiore/Thesis/blob/3cf1db7adebb493f3a5c2e957a1b09cf0986a7cd/Data/rxntime.csv
816,WCH,1999,110mH,M,SF,,,,0,8,0,no WA races loaded for this year/event,,https://github.com/ofiore/Thesis/blob/3cf1db7adebb493f3a5c2e957a1b09cf0986a7cd/Data/rxntime.csv
817,WCH,1999,110mH,M,SF,,,,0,8,0,no WA races loaded for this year/event,,https://github.com/ofiore/Thesis/blob/3cf1db7adebb493f3a5c2e957a1b09cf0986a7cd/Data/rxntime.csv
818,WCH,1999,110mH,M,SF,,,,0,8,0,no WA races loaded for this year/event,,https://github.com/ofiore/Thesis/blob/3cf1db7adebb493f3a5c2e957a1b09cf0986a7cd/Data/rxntime.csv
819,WCH,1999,110mH,M,SF,,,,0,8,0,no WA races loaded for this year/event,,https://github.com/ofiore/Thesis/blob/3cf1db7adebb493f3a5c2e957a1b09cf0986a7cd/Data/rxntime.csv
820,WCH,1999,110mH,M,SF,,,,0,8,0,no WA races loaded for this year/event,,https://github.com/ofiore/Thesis/blob/3cf1db7adebb493f3a5c2e957a1b09cf0986a7cd/Data/rxntime.csv
821,WCH,1999,110mH,M,SF,,,,0,8,0,no WA races loaded for this year/event,,https://github.com/ofiore/Thesis/blob/3cf1db7adebb493f3a5c2e957a1b09cf0986a7cd/Data/rxntime.csv
822,WCH,1999,110mH,M,SF,,,,0,8,0,no WA races loaded for this year/event,,https://github.com/ofiore/Thesis/blob/3cf1db7adebb493f3a5c2e957a1b09cf0986a7cd/Data/rxntime.csv
823,WCH,1999,110mH,M,SF,,,,0,7,0,no WA races loaded for this year/event,,https://github.com/ofiore/Thesis/blob/3cf1db7adebb493f3a5c2e957a1b09cf0986a7cd/Data/rxntime.csv
824,WCH,1999,110mH,M,SF,,,,0,7,0,no WA races loaded for this year/event,,https://github.com/ofiore/Thesis/blob/3cf1db7adebb493f3a5c2e957a1b09cf0986a7cd/Data/rxntime.csv
825,WCH,1999,110mH,M,SF,,,,0,7,0,no WA races loaded for this year/event,,https://github.com/ofiore/Thesis/blob/3cf1db7adebb493f3a5c2e957a1b09cf0986a7cd/Data/rxntime.csv
826,WCH,1999,110mH,M,SF,,,,0,7,0,no WA races loaded for this year/event,,https://github.com/ofiore/Thesis/blob/3cf1db7adebb493f3a5c2e957a1b09cf0986a7cd/Data/rxntime.csv
827,WCH,1999,110mH,M,SF,,,,0,7,0,no WA races loaded for this year/event,,https://github.com/ofiore/Thesis/blob/3cf1db7adebb493f3a5c2e957a1b09cf0986a7cd/Data/rxntime.csv
828,WCH,1999,110mH,M,SF,,,,0,7,0,no WA races loaded for this year/event,,https://github.com/ofiore/Thesis/blob/3cf1db7adebb493f3a5c2e957a1b09cf0986a7cd/Data/rxntime.csv
829,WCH,1999,110mH,M,SF,,,,0,7,0,no WA races loaded for this year/event,,https://github.com/ofiore/Thesis/blob/3cf1db7adebb493f3a5c2e957a1b09cf0986a7cd/Data/rxntime.csv
830,WCH,1999,110mH,M,SF,,,,0,8,0,no WA races loaded for this year/event,,https://github.com/ofiore/Thesis/blob/3cf1db7adebb493f3a5c2e957a1b09cf0986a7cd/Data/rxntime.csv
831,WCH,1999,110mH,M,SF,,,,0,8,0,no WA races loaded for this year/event,,https://github.com/ofiore/Thesis/blob/3cf1db7adebb493f3a5c2e957a1b09cf0986a7cd/Data/rxntime.csv
832,WCH,1999,110mH,M,SF,,,,0,8,0,no WA races loaded for this year/event,,https://github.com/ofiore/Thesis/blob/3cf1db7adebb493f3a5c2e957a1b09cf0986a7cd/Data/rxntime.csv
833,WCH,1999,110mH,M,SF,,,,0,8,0,no WA races loaded for this year/event,,https://github.com/ofiore/Thesis/blob/3cf1db7adebb493f3a5c2e957a1b09cf0986a7cd/Data/rxntime.csv
834,WCH,1999,110mH,M,SF,,,,0,8,0,no WA races loaded for this year/event,,https://github.com/ofiore/Thesis/blob/3cf1db7adebb493f3a5c2e957a1b09cf0986a7cd/Data/rxntime.csv
835,WCH,1999,110mH,M,SF,,,,0,8,0,no WA races loaded for this year/event,,https://github.com/ofiore/Thesis/blob/3cf1db7adebb493f3a5c2e957a1b09cf0986a7cd/Data/rxntime.csv
836,WCH,1999,110mH,M,SF,,,,0,8,0,no WA races loaded for this year/event,,https://github.com/ofiore/Thesis/blob/3cf1db7adebb493f3a5c2e957a1b09cf0986a7cd/Data/rxntime.csv
837,WCH,1999,110mH,M,SF,,,,0,8,0,no WA races loaded for this year/event,,https://github.com/ofiore/Thesis/blob/3cf1db7adebb493f3a5c2e957a1b09cf0986a7cd/Data/rxntime.csv
838,WCH,1999,110mH,M,SF,,,,0,8,0,no WA races loaded for this year/event,,https://github.com/ofiore/Thesis/blob/3cf1db7adebb493f3a5c2e957a1b09cf0986a7cd/Data/rxntime.csv
839,WCH,1999,110mH,M,SF,,,,0,8,0,no WA races loaded for this year/event,,https://github.com/ofiore/Thesis/blob/3cf1db7adebb493f3a5c2e957a1b09cf0986a7cd/Data/rxntime.csv
840,WCH,1999,110mH,M,SF,,,,0,8,0,no WA races loaded for this year/event,,https://github.com/ofiore/Thesis/blob/3cf1db7adebb493f3a5c2e957a1b09cf0986a7cd/Data/rxntime.csv
841,WCH,1999,110mH,M,SF,,,,0,8,0,no WA races loaded for this year/event,,https://github.com/ofiore/Thesis/blob/3cf1db7adebb493f3a5c2e957a1b09cf0986a7cd/Data/rxntime.csv
842,WCH,1999,110mH,M,SF,,,,0,8,0,no WA races loaded for this year/event,,https://github.com/ofiore/Thesis/blob/3cf1db7adebb493f3a5c2e957a1b09cf0986a7cd/Data/rxntime.csv
843,WCH,1999,110mH,M,SF,,,,0,8,0,no WA races loaded for this year/event,,https://github.com/ofiore/Thesis/blob/3cf1db7adebb493f3a5c2e957a1b09cf0986a7cd/Data/rxntime.csv
844,WCH,1999,110mH,M,SF,,,,0,8,0,no WA races loaded for this year/event,,https://github.com/ofiore/Thesis/blob/3cf1db7adebb493f3a5c2e957a1b09cf0986a7cd/Data/rxntime.csv
845,WCH,1999,110mH,M,SF,,,,0,8,0,no WA races loaded for this year/event,,https://github.com/ofiore/Thesis/blob/3cf1db7adebb493f3a5c2e957a1b09cf0986a7cd/Data/rxntime.csv
846,WCH,1999,110mH,M,SF,,,,0,7,0,no WA races loaded for this year/event,,https://github.com/ofiore/Thesis/blob/3cf1db7adebb493f3a5c2e957a1b09cf0986a7cd/Data/rxntime.csv
847,WCH,1999,110mH,M,SF,,,,0,7,0,no WA races loaded for this year/event,,https://github.com/ofiore/Thesis/blob/3cf1db7adebb493f3a5c2e957a1b09cf0986a7cd/Data/rxntime.csv
848,WCH,1999,110mH,M,SF,,,,0,7,0,no WA races loaded for this year/event,,https://github.com/ofiore/Thesis/blob/3cf1db7adebb493f3a5c2e957a1b09cf0986a7cd/Data/rxntime.csv
849,WCH,1999,110mH,M,SF,,,,0,7,0,no WA races loaded for this year/event,,https://github.com/ofiore/Thesis/blob/3cf1db7adebb493f3a5c2e957a1b09cf0986a7cd/Data/rxntime.csv
850,WCH,1999,110mH,M,SF,,,,0,7,0,no WA races loaded for this year/event,,https://github.com/ofiore/Thesis/blob/3cf1db7adebb493f3a5c2e957a1b09cf0986a7cd/Data/rxntime.csv
851,WCH,1999,110mH,M,SF,,,,0,7,0,no WA races loaded for this year/event,,https://github.com/ofiore/Thesis/blob/3cf1db7adebb493f3a5c2e957a1b09cf0986a7cd/Data/rxntime.csv
852,WCH,1999,110mH,M,SF,,,,0,7,0,no WA races loaded for this year/event,,https://github.com/ofiore/Thesis/blob/3cf1db7adebb493f3a5c2e957a1b09cf0986a7cd/Data/rxntime.csv
853,WCH,1999,110mH,M,F,,,,0,8,0,no WA races loaded for this year/event,,https://github.com/ofiore/Thesis/blob/3cf1db7adebb493f3a5c2e957a1b09cf0986a7cd/Data/rxntime.csv
854,WCH,1999,110mH,M,F,,,,0,8,0,no WA races loaded for this year/event,,https://github.com/ofiore/Thesis/blob/3cf1db7adebb493f3a5c2e957a1b09cf0986a7cd/Data/rxntime.csv
855,WCH,1999,110mH,M,F,,,,0,8,0,no WA races loaded for this year/event,,https://github.com/ofiore/Thesis/blob/3cf1db7adebb493f3a5c2e957a1b09cf0986a7cd/Data/rxntime.csv
856,WCH,1999,110mH,M,F,,,,0,8,0,no WA races loaded for this year/event,,https://github.com/ofiore/Thesis/blob/3cf1db7adebb493f3a5c2e957a1b09cf0986a7cd/Data/rxntime.csv
857,WCH,1999,110mH,M,F,,,,0,8,0,no WA races loaded for this year/event,,https://github.com/ofiore/Thesis/blob/3cf1db7adebb493f3a5c2e957a1b09cf0986a7cd/Data/rxntime.csv
858,WCH,1999,110mH,M,F,,,,0,8,0,no WA races loaded for this year/event,,https://github.com/ofiore/Thesis/blob/3cf1db7adebb493f3a5c2e957a1b09cf0986a7cd/Data/rxntime.csv
859,WCH,1999,110mH,M,F,,,,0,8,0,no WA races loaded for this year/event,,https://github.com/ofiore/Thesis/blob/3cf1db7adebb493f3a5c2e957a1b09cf0986a7cd/Data/rxntime.csv
860,WCH,1999,110mH,M,F,,,,0,8,0,no WA races loaded for this year/event,,https://github.com/ofiore/Thesis/blob/3cf1db7adebb493f3a5c2e957a1b09cf0986a7cd/Data/rxntime.csv
861,WCH,2022,100mH,W,R1,WCH2022-100mH-W-R1-H1,Britany ANDERSON,4,7,7,1,,,https://github.com/ofiore/Thesis/blob/3cf1db7adebb493f3a5c2e957a1b09cf0986a7cd/Data/rxntime.csv
862,WCH,2022,100mH,W,R1,WCH2022-100mH-W-R1-H1,Michelle HARRISON,2,7,7,1,,,https://github.com/ofiore/Thesis/blob/3cf1db7adebb493f3a5c2e957a1b09cf0986a7cd/Data/rxntime.csv
863,WCH,2022,100mH,W,R1,WCH2022-100mH-W-R1-H1,Mette GRAVERSGAARD,3,7,7,1,,,https://github.com/ofiore/Thesis/blob/3cf1db7adebb493f3a5c2e957a1b09cf0986a7cd/Data/rxntime.csv
864,WCH,2022,100mH,W,R1,WCH2022-100mH-W-R1-H1,Greisys L. ROBLE,8,7,7,1,,,https://github.com/ofiore/Thesis/blob/3cf1db7adebb493f3a5c2e957a1b09cf0986a7cd/Data/rxntime.csv
865,WCH,2022,100mH,W,R1,WCH2022-100mH-W-R1-H1,Anne ZAGRÉ,6,7,7,1,,,https://github.com/ofiore/Thesis/blob/3cf1db7adebb493f3a5c2e957a1b09cf0986a7cd/Data/rxntime.csv
866,WCH,2022,100mH,W,R1,WCH2022-100mH-W-R1-H1,Naomi AKAKPO,7,7,7,1,,,https://github.com/ofiore/Thesis/blob/3cf1db7adebb493f3a5c2e957a1b09cf0986a7cd/Data/rxntime.csv
867,WCH,2022,100mH,W,R1,WCH2022-100mH-W-R1-H1,Nia ALI,5,7,7,1,,,https://github.com/ofiore/Thesis/blob/3cf1db7adebb493f3a5c2e957a1b09cf0986a7cd/Data/rxntime.csv
868,WCH,2022,100mH,W,R1,WCH2022-100mH-W-R1-H2,Jasmine CAMACHO-QUINN,7,7,7,0,,,https://github.com/ofiore/Thesis/blob/3cf1db7adebb493f3a5c2e957a1b09cf0986a7cd/Data/rxntime.csv
869,WCH,2022,100mH,W,R1,WCH2022-100mH-W-R1-H2,Devynne CHARLTON,8,7,7,0,,,https://github.com/ofiore/Thesis/blob/3cf1db7adebb493f3a5c2e957a1b09cf0986a7cd/Data/rxntime.csv
870,WCH,2022,100mH,W,R1,WCH2022-100mH-W-R1-H2,Noemi ZBÄREN,6,7,7,0,,,https://github.com/ofiore/Thesis/blob/3cf1db7adebb493f3a5c2e957a1b09cf0986a7cd/Data/rxntime.csv
871,WCH,2022,100mH,W,R1,WCH2022-100mH-W-R1-H2,Cyréna SAMBA-MAYELA,2,7,7,0,,,https://github.com/ofiore/Thesis/blob/3cf1db7adebb493f3a5c2e957a1b09cf0986a7cd/Data/rxntime.csv
872,WCH,2022,100mH,W,R1,WCH2022-100mH-W-R1-H2,Klaudia SICIARZ,4,7,7,0,,,https://github.com/ofiore/Thesis/blob/3cf1db7adebb493f3a5c2e957a1b09cf0986a7cd/Data/rxntime.csv
873,WCH,2022,100mH,W,R1,WCH2022-100mH-W-R1-H2,Zoë SEDNEY,3,7,7,0,,,https://github.com/ofiore/Thesis/blob/3cf1db7adebb493f3a5c2e957a1b09cf0986a7cd/Data/rxntime.csv
874,WCH,2022,100mH,W,R1,WCH2022-100mH-W-R1-H2,Ketiley BATISTA,5,7,7,0,,,https://github.com/ofiore/Thesis/blob/3cf1db7adebb493f3a5c2e957a1b09cf0986a7cd/Data/rxntime.csv
875,WCH,2022,100mH,W,R1,WCH2022-100mH-W-R1-H3,Tobi AMUSAN,3,7,7,0,,,https://github.com/ofiore/Thesis/blob/3cf1db7adebb493f3a5c2e957a1b09cf0986a7cd/Data/rxntime.csv
876,WCH,2022,100mH,W,R1,WCH2022-100mH-W-R1-H3,Danielle WILLIAMS,8,7,7,0,,,https://github.com/ofiore/Thesis/blob/3cf1db7adebb493f3a5c2e957a1b09cf0986a7cd/Data/rxntime.csv
877,WCH,2022,100mH,W,R1,WCH2022-100mH-W-R1-H3,Sarah LAVIN,4,7,7,0,,,https://github.com/ofiore/Thesis/blob/3cf1db7adebb493f3a5c2e957a1b09cf0986a7cd/Data/rxntime.csv
878,WCH,2022,100mH,W,R1,WCH2022-100mH-W-R1-H3,Celeste MUCCI,5,7,7,0,,,https://github.com/ofiore/Thesis/blob/3cf1db7adebb493f3a5c2e957a1b09cf0986a7cd/Data/rxntime.csv
879,WCH,2022,100mH,W,R1,WCH2022-100mH-W-R1-H3,Ditaji KAMBUNDJI,7,7,7,0,,,https://github.com/ofiore/Thesis/blob/3cf1db7adebb493f3a5c2e957a1b09cf0986a7cd/Data/rxntime.csv
880,WCH,2022,100mH,W,R1,WCH2022-100mH-W-R1-H3,Ebony MORRISON,6,7,7,0,,,https://github.com/ofiore/Thesis/blob/3cf1db7adebb493f3a5c2e957a1b09cf0986a7cd/Data/rxntime.csv
881,WCH,2022,100mH,W,R1,WCH2022-100mH-W-R1-H3,Sidonie FIADANANTSOA,2,7,7,0,,,https://github.com/ofiore/Thesis/blob/3cf1db7adebb493f3a5c2e957a1b09cf0986a7cd/Data/rxntime.csv
882,WCH,2022,100mH,W,R1,WCH2022-100mH-W-R1-H4,Pia SKRZYSZOWSKA,7,7,7,1,,,https://github.com/ofiore/Thesis/blob/3cf1db7adebb493f3a5c2e957a1b09cf0986a7cd/Data/rxntime.csv
883,WCH,2022,100mH,W,R1,WCH2022-100mH-W-R1-H4,Nadine VISSER,8,7,7,1,,,https://github.com/ofiore/Thesis/blob/3cf1db7adebb493f3a5c2e957a1b09cf0986a7cd/Data/rxntime.csv
884,WCH,2022,100mH,W,R1,WCH2022-100mH-W-R1-H4,Andrea Carolina VARGAS,5,7,7,1,,,https://github.com/ofiore/Thesis/blob/3cf1db7adebb493f3a5c2e957a1b09cf0986a7cd/Data/rxntime.csv
885,WCH,2022,100mH,W,R1,WCH2022-100mH-W-R1-H4,Paola VAZQUEZ,4,7,7,1,,,https://github.com/ofiore/Thesis/blob/3cf1db7adebb493f3a5c2e957a1b09cf0986a7cd/Data/rxntime.csv
886,WCH,2022,100mH,W,R1,WCH2022-100mH-W-R1-H4,Helena JIRANOVÁ,3,7,7,1,,,https://github.com/ofiore/Thesis/blob/3cf1db7adebb493f3a5c2e957a1b09cf0986a7cd/Data/rxntime.csv
887,WCH,2022,100mH,W,R1,WCH2022-100mH-W-R1-H4,Alaysha JOHNSON,2,7,7,1,,,https://github.com/ofiore/Thesis/blob/3cf1db7adebb493f3a5c2e957a1b09cf0986a7cd/Data/rxntime.csv
888,WCH,2022,100mH,W,R1,WCH2022-100mH-W-R1-H4,Liz CLAY,6,7,7,1,,,https://github.com/ofiore/Thesis/blob/3cf1db7adebb493f3a5c2e957a1b09cf0986a7cd/Data/rxntime.csv
889,WCH,2022,100mH,W,R1,WCH2022-100mH-W-R1-H5,Alia ARMSTRONG,3,6,6,0,,,https://github.com/ofiore/Thesis/blob/3cf1db7adebb493f3a5c2e957a1b09cf0986a7cd/Data/rxntime.csv
890,WCH,2022,100mH,W,R1,WCH2022-100mH-W-R1-H5,Megan TAPPER,2,6,6,0,,,https://github.com/ofiore/Thesis/blob/3cf1db7adebb493f3a5c2e957a1b09cf0986a7cd/Data/rxntime.csv
891,WCH,2022,100mH,W,R1,WCH2022-100mH-W-R1-H5,Marione FOURIE,6,6,6,0,,,https://github.com/ofiore/Thesis/blob/3cf1db7adebb493f3a5c2e957a1b09cf0986a7cd/Data/rxntime.csv
892,WCH,2022,100mH,W,R1,WCH2022-100mH-W-R1-H5,Mako FUKUBE,7,6,6,0,,,https://github.com/ofiore/Thesis/blob/3cf1db7adebb493f3a5c2e957a1b09cf0986a7cd/Data/rxntime.csv
893,WCH,2022,100mH,W,R1,WCH2022-100mH-W-R1-H5,Laeticia BAPTÉ,5,6,6,0,,,https://github.com/ofiore/Thesis/blob/3cf1db7adebb493f3a5c2e957a1b09cf0986a7cd/Data/rxntime.csv
894,WCH,2022,100mH,W,R1,WCH2022-100mH-W-R1-H5,Mulern JEAN,4,6,6,0,,,https://github.com/ofiore/Thesis/blob/3cf1db7adebb493f3a5c2e957a1b09cf0986a7cd/Data/rxntime.csv
895,WCH,2022,100mH,W,R1,WCH2022-100mH-W-R1-H6,Kendra HARRISON,4,7,8,1,,,https://github.com/ofiore/Thesis/blob/3cf1db7adebb493f3a5c2e957a1b09cf0986a7cd/Data/rxntime.csv
896,WCH,2022,100mH,W,R1,WCH2022-100mH-W-R1-H6,Cindy SEMBER,5,7,8,1,,,https://github.com/ofiore/Thesis/blob/3cf1db7adebb493f3a5c2e957a1b09cf0986a7cd/Data/rxntime.csv
897,WCH,2022,100mH,W,R1,WCH2022-100mH-W-R1-H6,Michelle JENNEKE,3,7,8,1,,,https://github.com/ofiore/Thesis/blob/3cf1db7adebb493f3a5c2e957a1b09cf0986a7cd/Data/rxntime.csv
898,WCH,2022,100mH,W,R1,WCH2022-100mH-W-R1-H6,Reetta HURSKE,7,7,8,1,,,https://github.com/ofiore/Thesis/blob/3cf1db7adebb493f3a5c2e957a1b09cf0986a7cd/Data/rxntime.csv
899,WCH,2022,100mH,W,R1,WCH2022-100mH-W-R1-H6,Masumi AOKI,6,7,8,1,,,https://github.com/ofiore/Thesis/blob/3cf1db7adebb493f3a5c2e957a1b09cf0986a7cd/Data/rxntime.csv
900,WCH,2022,100mH,W,R1,WCH2022-100mH-W-R1-H6,Yoveinny MOTA,8,7,8,1,,,https://github.com/ofiore/Thesis/blob/3cf1db7adebb493f3a5c2e957a1b09cf0986a7cd/Data/rxntime.csv
901,WCH,2022,100mH,W,R1,WCH2022-100mH-W-R1-H6,Elisa Maria DI LAZZARO,2,7,8,1,,,https://github.com/ofiore/Thesis/blob/3cf1db7adebb493f3a5c2e957a1b09cf0986a7cd/Data/rxntime.csv
902,WCH,2022,100mH,W,R1,WCH2022-100mH-W-R1-H7,Anne ZAGRÉ,6,7,8,1,,"source batch maps to WCH2022-100mH-W-R1-H6, but this row matches WCH2022-100mH-W-R1-H7",https://github.com/ofiore/Thesis/blob/3cf1db7adebb493f3a5c2e957a1b09cf0986a7cd/Data/rxntime.csv
903,WCH,2022,100mH,W,SF,WCH2022-100mH-W-SF-H1,Tobi AMUSAN,4,8,8,0,,,https://github.com/ofiore/Thesis/blob/3cf1db7adebb493f3a5c2e957a1b09cf0986a7cd/Data/rxntime.csv
904,WCH,2022,100mH,W,SF,WCH2022-100mH-W-SF-H1,Kendra HARRISON,6,8,8,0,,,https://github.com/ofiore/Thesis/blob/3cf1db7adebb493f3a5c2e957a1b09cf0986a7cd/Data/rxntime.csv
905,WCH,2022,100mH,W,SF,WCH2022-100mH-W-SF-H1,Danielle WILLIAMS,3,8,8,0,,,https://github.com/ofiore/Thesis/blob/3cf1db7adebb493f3a5c2e957a1b09cf0986a7cd/Data/rxntime.csv
906,WCH,2022,100mH,W,SF,WCH2022-100mH-W-SF-H1,Cindy SEMBER,5,8,8,0,,,https://github.com/ofiore/Thesis/blob/3cf1db7adebb493f3a5c2e957a1b09cf0986a7cd/Data/rxntime.csv
907,WCH,2022,100mH,W,SF,WCH2022-100mH-W-SF-H1,Michelle JENNEKE,7,8,8,0,,,https://github.com/ofiore/Thesis/blob/3cf1db7adebb493f3a5c2e957a1b09cf0986a7cd/Data/rxntime.csv
908,WCH,2022,100mH,W,SF,WCH2022-100mH-W-SF-H1,Ditaji KAMBUNDJI,2,8,8,0,,,https://github.com/ofiore/Thesis/blob/3cf1db7adebb493f3a5c2e957a1b09cf0986a7cd/Data/rxntime.csv
909,WCH,2022,100mH,W,SF,WCH2022-100mH-W-SF-H1,Andrea Carolina VARGAS,8,8,8,0,,,https://github.com/ofiore/Thesis/blob/3cf1db7adebb493f3a5c2e957a1b09cf0986a7cd/Data/rxntime.csv
910,WCH,2022,100mH,W,SF,WCH2022-100mH-W-SF-H1,Mako FUKUBE,1,8,8,0,,,https://github.com/ofiore/Thesis/blob/3cf1db7adebb493f3a5c2e957a1b09cf0986a7cd/Data/rxntime.csv
911,WCH,2022,100mH,W,SF,WCH2022-100mH-W-SF-H2,Alia ARMSTRONG,5,8,8,0,,,https://github.com/ofiore/Thesis/blob/3cf1db7adebb493f3a5c2e957a1b09cf0986a7cd/Data/rxntime.csv
912,WCH,2022,100mH,W,SF,WCH2022-100mH-W-SF-H2,Devynne CHARLTON,3,8,8,0,,,https://github.com/ofiore/Thesis/blob/3cf1db7adebb493f3a5c2e957a1b09cf0986a7cd/Data/rxntime.csv
913,WCH,2022,100mH,W,SF,WCH2022-100mH-W-SF-H2,Megan TAPPER,4,8,8,0,,,https://github.com/ofiore/Thesis/blob/3cf1db7adebb493f3a5c2e957a1b09cf0986a7cd/Data/rxntime.csv
914,WCH,2022,100mH,W,SF,WCH2022-100mH-W-SF-H2,Pia SKRZYSZOWSKA,6,8,8,0,,,https://github.com/ofiore/Thesis/blob/3cf1db7adebb493f3a5c2e957a1b09cf0986a7cd/Data/rxntime.csv
915,WCH,2022,100mH,W,SF,WCH2022-100mH-W-SF-H2,Marione FOURIE,7,8,8,0,,,https://github.com/ofiore/Thesis/blob/3cf1db7adebb493f3a5c2e957a1b09cf0986a7cd/Data/rxntime.csv
916,WCH,2022,100mH,W,SF,WCH2022-100mH-W-SF-H2,Masumi AOKI,2,8,8,0,,,https://github.com/ofiore/Thesis/blob/3cf1db7adebb493f3a5c2e957a1b09cf0986a7cd/Data/rxntime.csv
917,WCH,2022,100mH,W,SF,WCH2022-100mH-W-SF-H2,Mette GRAVERSGAARD,8,8,8,0,,,https://github.com/ofiore/Thesis/blob/3cf1db7adebb493f3a5c2e957a1b09cf0986a7cd/Data/rxntime.csv
918,WCH,2022,100mH,W,SF,WCH2022-100mH-W-SF-H2,Celeste MUCCI,1,8,8,0,,,https://github.com/ofiore/Thesis/blob/3cf1db7adebb493f3a5c2e957a1b09cf0986a7cd/Data/rxntime.csv
919,WCH,2022,100mH,W,SF,WCH2022-100mH-W-SF-H3,Britany ANDERSON,3,8,8,0,,,https://github.com/ofiore/Thesis/blob/3cf1db7adebb493f3a5c2e957a1b09cf0986a7cd/Data/rxntime.csv
920,WCH,2022,100mH,W,SF,WCH2022-100mH-W-SF-H3,Jasmine CAMACHO-QUINN,5,8,8,0,,,https://github.com/ofiore/Thesis/blob/3cf1db7adebb493f3a5c2e957a1b09cf0986a7cd/Data/rxntime.csv
921,WCH,2022,100mH,W,SF,WCH2022-100mH-W-SF-H3,Nadine VISSER,6,8,8,0,,,https://github.com/ofiore/Thesis/blob/3cf1db7adebb493f3a5c2e957a1b09cf0986a7cd/Data/rxntime.csv
922,WCH,2022,100mH,W,SF,WCH2022-100mH-W-SF-H3,Michelle HARRISON,4,8,8,0,,,https://github.com/ofiore/Thesis/blob/3cf1db7adebb493f3a5c2e957a1b09cf0986a7cd/Data/rxntime.csv
923,WCH,2022,100mH,W,SF,WCH2022-100mH-W-SF-H3,Sarah LAVIN,7,8,8,0,,,https://github.com/ofiore/Thesis/blob/3cf1db7adebb493f3a5c2e957a1b09cf0986a7cd/Data/rxntime.csv
924,WCH,2022,100mH,W,SF,WCH2022-100mH-W-SF-H3,Laeticia BAPTÉ,1,8,8,0,,,https://github.com/ofiore/Thesis/blob/3cf1db7adebb493f3a5c2e957a1b09cf0986a7cd/Data/rxntime.csv
925,WCH,2022,100mH,W,SF,WCH2022-100mH-W-SF-H3,Noemi ZBÄREN,8,8,8,0,,,https://github.com/ofiore/Thesis/blob/3cf1db7adebb493f3a5c2e957a1b09cf0986a7cd/Data/rxntime.csv
926,WCH,2022,100mH,W,SF,WCH2022-100mH-W-SF-H3,Reetta HURSKE,2,8,8,0,,,https://github.com/ofiore/Thesis/blob/3cf1db7adebb493f3a5c2e957a1b09cf0986a7cd/Data/rxntime.csv
927,WCH,2022,100mH,W,F,WCH2022-100mH-W-F-H1,Tobi AMUSAN,4,8,8,0,,,https://github.com/ofiore/Thesis/blob/3cf1db7adebb493f3a5c2e957a1b09cf0986a7cd/Data/rxntime.csv
928,WCH,2022,100mH,W,F,WCH2022-100mH-W-F-H1,Britany ANDERSON,5,8,8,0,,,https://github.com/ofiore/Thesis/blob/3cf1db7adebb493f3a5c2e957a1b09cf0986a7cd/Data/rxntime.csv
929,WCH,2022,100mH,W,F,WCH2022-100mH-W-F-H1,Jasmine CAMACHO-QUINN,7,8,8,0,,,https://github.com/ofiore/Thesis/blob/3cf1db7adebb493f3a5c2e957a1b09cf0986a7cd/Data/rxntime.csv
930,WCH,2022,100mH,W,F,WCH2022-100mH-W-F-H1,Alia ARMSTRONG,6,8,8,0,,,https://github.com/ofiore/Thesis/blob/3cf1db7adebb493f3a5c2e957a1b09cf0986a7cd/Data/rxntime.csv
931,WCH,2022,100mH,W,F,WCH2022-100mH-W-F-H1,Cindy SEMBER,1,8,8,0,,,https://github.com/ofiore/Thesis/blob/3cf1db7adebb493f3a5c2e957a1b09cf0986a7cd/Data/rxntime.csv
932,WCH,2022,100mH,W,F,WCH2022-100mH-W-F-H1,Danielle WILLIAMS,2,8,8,0,,,https://github.com/ofiore/Thesis/blob/3cf1db7adebb493f3a5c2e957a1b09cf0986a7cd/Data/rxntime.csv
933,WCH,2022,100mH,W,F,WCH2022-100mH-W-F-H1,Devynne CHARLTON,8,8,8,0,,,https://github.com/ofiore/Thesis/blob/3cf1db7adebb493f3a5c2e957a1b09cf0986a7cd/Data/rxntime.csv
934,WCH,2022,100mH,W,F,WCH2022-100mH-W-F-H1,Kendra HARRISON,3,8,8,0,,,https://github.com/ofiore/Thesis/blob/3cf1db7adebb493f3a5c2e957a1b09cf0986a7cd/Data/rxntime.csv
935,WCH,2019,100mH,W,R1,WCH2019-100mH-W-R1-H1,Nia Ali,7,8,8,0,,,https://github.com/ofiore/Thesis/blob/3cf1db7adebb493f3a5c2e957a1b09cf0986a7cd/Data/rxntime.csv
936,WCH,2019,100mH,W,R1,WCH2019-100mH-W-R1-H1,Megan Tapper,4,8,8,0,,,https://github.com/ofiore/Thesis/blob/3cf1db7adebb493f3a5c2e957a1b09cf0986a7cd/Data/rxntime.csv
937,WCH,2019,100mH,W,R1,WCH2019-100mH-W-R1-H1,Cindy Ofili,2,8,8,0,,,https://github.com/ofiore/Thesis/blob/3cf1db7adebb493f3a5c2e957a1b09cf0986a7cd/Data/rxntime.csv
938,WCH,2019,100mH,W,R1,WCH2019-100mH-W-R1-H1,Genesis Romero,9,8,8,0,,,https://github.com/ofiore/Thesis/blob/3cf1db7adebb493f3a5c2e957a1b09cf0986a7cd/Data/rxntime.csv
939,WCH,2019,100mH,W,R1,WCH2019-100mH-W-R1-H1,Asuka Terada,5,8,8,0,,,https://github.com/ofiore/Thesis/blob/3cf1db7adebb493f3a5c2e957a1b09cf0986a7cd/Data/rxntime.csv
940,WCH,2019,100mH,W,R1,WCH2019-100mH-W-R1-H1,Stanislava Škvarková,8,8,8,0,,,https://github.com/ofiore/Thesis/blob/3cf1db7adebb493f3a5c2e957a1b09cf0986a7cd/Data/rxntime.csv
941,WCH,2019,100mH,W,R1,WCH2019-100mH-W-R1-H1,Adrine Monagi,6,8,8,0,,,https://github.com/ofiore/Thesis/blob/3cf1db7adebb493f3a5c2e957a1b09cf0986a7cd/Data/rxntime.csv
942,WCH,2019,100mH,W,R1,WCH2019-100mH-W-R1-H1,Solène Ndama,3,8,8,0,,,https://github.com/ofiore/Thesis/blob/3cf1db7adebb493f3a5c2e957a1b09cf0986a7cd/Data/rxntime.csv
943,WCH,2019,100mH,W,R1,WCH2019-100mH-W-R1-H2,Luminosa Bogliolo,8,6,6,0,,,https://github.com/ofiore/Thesis/blob/3cf1db7adebb493f3a5c2e957a1b09cf0986a7cd/Data/rxntime.csv
944,WCH,2019,100mH,W,R1,WCH2019-100mH-W-R1-H2,Yanique Thompson,7,6,6,0,,,https://github.com/ofiore/Thesis/blob/3cf1db7adebb493f3a5c2e957a1b09cf0986a7cd/Data/rxntime.csv
945,WCH,2019,100mH,W,R1,WCH2019-100mH-W-R1-H2,Anne Zagre,4,6,6,0,,,https://github.com/ofiore/Thesis/blob/3cf1db7adebb493f3a5c2e957a1b09cf0986a7cd/Data/rxntime.csv
946,WCH,2019,100mH,W,R1,WCH2019-100mH-W-R1-H2,Brianna Beahan,5,6,6,0,,,https://github.com/ofiore/Thesis/blob/3cf1db7adebb493f3a5c2e957a1b09cf0986a7cd/Data/rxntime.csv
947,WCH,2019,100mH,W,R1,WCH2019-100mH-W-R1-H2,Ayako Kimura,6,6,6,0,,,https://github.com/ofiore/Thesis/blob/3cf1db7adebb493f3a5c2e957a1b09cf0986a7cd/Data/rxntime.csv
948,WCH,2019,100mH,W,R1,WCH2019-100mH-W-R1-H2,Fanny Quenot,2,6,6,0,,,https://github.com/ofiore/Thesis/blob/3cf1db7adebb493f3a5c2e957a1b09cf0986a7cd/Data/rxntime.csv
949,WCH,2019,100mH,W,R1,WCH2019-100mH-W-R1-H3,Danielle Williams,5,7,7,0,,,https://github.com/ofiore/Thesis/blob/3cf1db7adebb493f3a5c2e957a1b09cf0986a7cd/Data/rxntime.csv
950,WCH,2019,100mH,W,R1,WCH2019-100mH-W-R1-H3,Andrea Carolina Vargas,8,7,7,0,,,https://github.com/ofiore/Thesis/blob/3cf1db7adebb493f3a5c2e957a1b09cf0986a7cd/Data/rxntime.csv
951,WCH,2019,100mH,W,R1,WCH2019-100mH-W-R1-H3,Annimari Korte,3,7,7,0,,,https://github.com/ofiore/Thesis/blob/3cf1db7adebb493f3a5c2e957a1b09cf0986a7cd/Data/rxntime.csv
952,WCH,2019,100mH,W,R1,WCH2019-100mH-W-R1-H3,Luca Kozák,6,7,7,0,,,https://github.com/ofiore/Thesis/blob/3cf1db7adebb493f3a5c2e957a1b09cf0986a7cd/Data/rxntime.csv
953,WCH,2019,100mH,W,R1,WCH2019-100mH-W-R1-H3,Beate Schrott,7,7,7,0,,,https://github.com/ofiore/Thesis/blob/3cf1db7adebb493f3a5c2e957a1b09cf0986a7cd/Data/rxntime.csv
954,WCH,2019,100mH,W,R1,WCH2019-100mH-W-R1-H3,Celeste Mucci,4,7,7,0,,,https://github.com/ofiore/Thesis/blob/3cf1db7adebb493f3a5c2e957a1b09cf0986a7cd/Data/rxntime.csv
955,WCH,2019,100mH,W,R1,WCH2019-100mH-W-R1-H3,Phylicia George,2,7,7,0,,,https://github.com/ofiore/Thesis/blob/3cf1db7adebb493f3a5c2e957a1b09cf0986a7cd/Data/rxntime.csv
956,WCH,2019,100mH,W,R1,WCH2019-100mH-W-R1-H4,Kendra Harrison,4,8,8,0,,,https://github.com/ofiore/Thesis/blob/3cf1db7adebb493f3a5c2e957a1b09cf0986a7cd/Data/rxntime.csv
957,WCH,2019,100mH,W,R1,WCH2019-100mH-W-R1-H4,Cindy Roleder,8,8,8,0,,,https://github.com/ofiore/Thesis/blob/3cf1db7adebb493f3a5c2e957a1b09cf0986a7cd/Data/rxntime.csv
958,WCH,2019,100mH,W,R1,WCH2019-100mH-W-R1-H4,Elvira Herman,3,8,8,0,,,https://github.com/ofiore/Thesis/blob/3cf1db7adebb493f3a5c2e957a1b09cf0986a7cd/Data/rxntime.csv
959,WCH,2019,100mH,W,R1,WCH2019-100mH-W-R1-H4,Reetta Hurske,2,8,8,0,,,https://github.com/ofiore/Thesis/blob/3cf1db7adebb493f3a5c2e957a1b09cf0986a7cd/Data/rxntime.csv
960,WCH,2019,100mH,W,R1,WCH2019-100mH-W-R1-H4,Gréta Kerekes,5,8,8,0,,,https://github.com/ofiore/Thesis/blob/3cf1db7adebb493f3a5c2e957a1b09cf0986a7cd/Data/rxntime.csv
961,WCH,2019,100mH,W,R1,WCH2019-100mH-W-R1-H4,Vanessa Clerveaux,7,8,8,0,,,https://github.com/ofiore/Thesis/blob/3cf1db7adebb493f3a5c2e957a1b09cf0986a7cd/Data/rxntime.csv
962,WCH,2019,100mH,W,R1,WCH2019-100mH-W-R1-H4,Hanna Plotitsyna,6,8,8,0,,,https://github.com/ofiore/Thesis/blob/3cf1db7adebb493f3a5c2e957a1b09cf0986a7cd/Data/rxntime.csv
963,WCH,2019,100mH,W,R1,WCH2019-100mH-W-R1-H4,Irina Velihanova,9,8,8,0,,,https://github.com/ofiore/Thesis/blob/3cf1db7adebb493f3a5c2e957a1b09cf0986a7cd/Data/rxntime.csv
964,WCH,2019,100mH,W,R1,WCH2019-100mH-W-R1-H5,Tobi Amusan,9,8,8,0,,,https://github.com/ofiore/Thesis/blob/3cf1db7adebb493f3a5c2e957a1b09cf0986a7cd/Data/rxntime.csv
965,WCH,2019,100mH,W,R1,WCH2019-100mH-W-R1-H5,Janeek Brown,4,8,8,0,,,https://github.com/ofiore/Thesis/blob/3cf1db7adebb493f3a5c2e957a1b09cf0986a7cd/Data/rxntime.csv
966,WCH,2019,100mH,W,R1,WCH2019-100mH-W-R1-H5,Nadine Visser,5,8,8,0,,,https://github.com/ofiore/Thesis/blob/3cf1db7adebb493f3a5c2e957a1b09cf0986a7cd/Data/rxntime.csv
967,WCH,2019,100mH,W,R1,WCH2019-100mH-W-R1-H5,Karolina Kołeczek,7,8,8,0,,,https://github.com/ofiore/Thesis/blob/3cf1db7adebb493f3a5c2e957a1b09cf0986a7cd/Data/rxntime.csv
968,WCH,2019,100mH,W,R1,WCH2019-100mH-W-R1-H5,Nooralotta Neziri,3,8,8,0,,,https://github.com/ofiore/Thesis/blob/3cf1db7adebb493f3a5c2e957a1b09cf0986a7cd/Data/rxntime.csv
969,WCH,2019,100mH,W,R1,WCH2019-100mH-W-R1-H5,Rikenette Steenkamp,6,8,8,0,,,https://github.com/ofiore/Thesis/blob/3cf1db7adebb493f3a5c2e957a1b09cf0986a7cd/Data/rxntime.csv
970,WCH,2019,100mH,W,R1,WCH2019-100mH-W-R1-H5,Michelle Jenneke,2,8,8,0,,,https://github.com/ofiore/Thesis/blob/3cf1db7adebb493f3a5c2e957a1b09cf0986a7cd/Data/rxntime.csv
971,WCH,2019,100mH,W,R1,WCH2019-100mH-W-R1-H5,Laura Valette,8,8,8,0,,,https://github.com/ofiore/Thesis/blob/3cf1db7adebb493f3a5c2e957a1b09cf0986a7cd/Data/rxntime.csv
972,WCH,2019,100mH,W,SF,WCH2019-100mH-W-SF-H1,Danielle Williams,6,8,8,0,,,https://github.com/ofiore/Thesis/blob/3cf1db7adebb493f3a5c2e957a1b09cf0986a7cd/Data/rxntime.csv
973,WCH,2019,100mH,W,SF,WCH2019-100mH-W-SF-H1,Nia Ali,7,8,8,0,,,https://github.com/ofiore/Thesis/blob/3cf1db7adebb493f3a5c2e957a1b09cf0986a7cd/Data/rxntime.csv
974,WCH,2019,100mH,W,SF,WCH2019-100mH-W-SF-H1,Nadine Visser,5,8,8,0,,,https://github.com/ofiore/Thesis/blob/3cf1db7adebb493f3a5c2e957a1b09cf0986a7cd/Data/rxntime.csv
975,WCH,2019,100mH,W,SF,WCH2019-100mH-W-SF-H1,Cindy Roleder,4,8,8,0,,,https://github.com/ofiore/Thesis/blob/3cf1db7adebb493f3a5c2e957a1b09cf0986a7cd/Data/rxntime.csv
976,WCH,2019,100mH,W,SF,WCH2019-100mH-W-SF-H1,Luca Kozák,8,8,8,0,,,https://github.com/ofiore/Thesis/blob/3cf1db7adebb493f3a5c2e957a1b09cf0986a7cd/Data/rxntime.csv
977,WCH,2019,100mH,W,SF,WCH2019-100mH-W-SF-H1,Annimari Korte,9,8,8,0,,,https://github.com/ofiore/Thesis/blob/3cf1db7adebb493f3a5c2e957a1b09cf0986a7cd/Data/rxntime.csv
978,WCH,2019,100mH,W,SF,WCH2019-100mH-W-SF-H1,Michelle Jenneke,2,8,8,0,,,https://github.com/ofiore/Thesis/blob/3cf1db7adebb493f3a5c2e957a1b09cf0986a7cd/Data/rxntime.csv
979,WCH,2019,100mH,W,SF,WCH2019-100mH-W-SF-H1,Genesis Romero,3,8,8,0,,,https://github.com/ofiore/Thesis/blob/3cf1db7adebb493f3a5c2e957a1b09cf0986a7cd/Data/rxntime.csv
980,WCH,2019,100mH,W,SF,WCH2019-100mH-W-SF-H2,Kendra Harrison,5,8,8,0,,,https://github.com/ofiore/Thesis/blob/3cf1db7adebb493f3a5c2e957a1b09cf0986a7cd/Data/rxntime.csv
981,WCH,2019,100mH,W,SF,WCH2019-100mH-W-SF-H2,Megan Tapper,4,8,8,0,,,https://github.com/ofiore/Thesis/blob/3cf1db7adebb493f3a5c2e957a1b09cf0986a7cd/Data/rxntime.csv
982,WCH,2019,100mH,W,SF,WCH2019-100mH-W-SF-H2,Yanique Thompson,6,8,8,0,,,https://github.com/ofiore/Thesis/blob/3cf1db7adebb493f3a5c2e957a1b09cf0986a7cd/Data/rxntime.csv
983,WCH,2019,100mH,W,SF,WCH2019-100mH-W-SF-H2,Karolina Kołeczek,8,8,8,0,,,https://github.com/ofiore/Thesis/blob/3cf1db7adebb493f3a5c2e957a1b09cf0986a7cd/Data/rxntime.csv
984,WCH,2019,100mH,W,SF,WCH2019-100mH-W-SF-H2,Nooralotta Neziri,2,8,8,0,,,https://github.com/ofiore/Thesis/blob/3cf1db7adebb493f3a5c2e957a1b09cf0986a7cd/Data/rxntime.csv
985,WCH,2019,100mH,W,SF,WCH2019-100mH-W-SF-H2,Cindy Ofili,9,8,8,0,,,https://github.com/ofiore/Thesis/blob/3cf1db7adebb493f3a5c2e957a1b09cf0986a7cd/Data/rxntime.csv
986,WCH,2019,100mH,W,SF,WCH2019-100mH-W-SF-H2,Rikenette Steenkamp,3,8,8,0,,,https://github.com/ofiore/Thesis/blob/3cf1db7adebb493f3a5c2e957a1b09cf0986a7cd/Data/rxntime.csv
987,WCH,2019,100mH,W,SF,WCH2019-100mH-W-SF-H2,Luminosa Bogliolo,7,8,8,0,,,https://github.com/ofiore/Thesis/blob/3cf1db7adebb493f3a5c2e957a1b09cf0986a7cd/Data/rxntime.csv
988,WCH,2019,100mH,W,SF,WCH2019-100mH-W-SF-H3,Tobi Amusan,5,8,8,0,,,https://github.com/ofiore/Thesis/blob/3cf1db7adebb493f3a5c2e957a1b09cf0986a7cd/Data/rxntime.csv
989,WCH,2019,100mH,W,SF,WCH2019-100mH-W-SF-H3,Janeek Brown,7,8,8,0,,,https://github.com/ofiore/Thesis/blob/3cf1db7adebb493f3a5c2e957a1b09cf0986a7cd/Data/rxntime.csv
990,WCH,2019,100mH,W,SF,WCH2019-100mH-W-SF-H3,Andrea Carolina Vargas,4,8,8,0,,,https://github.com/ofiore/Thesis/blob/3cf1db7adebb493f3a5c2e957a1b09cf0986a7cd/Data/rxntime.csv
991,WCH,2019,100mH,W,SF,WCH2019-100mH-W-SF-H3,Elvira Herman,6,8,8,0,,,https://github.com/ofiore/Thesis/blob/3cf1db7adebb493f3a5c2e957a1b09cf0986a7cd/Data/rxntime.csv
992,WCH,2019,100mH,W,SF,WCH2019-100mH-W-SF-H3,Reetta Hurske,8,8,8,0,,,https://github.com/ofiore/Thesis/blob/3cf1db7adebb493f3a5c2e957a1b09cf0986a7cd/Data/rxntime.csv
993,WCH,2019,100mH,W,SF,WCH2019-100mH-W-SF-H3,Beate Schrott,3,8,8,0,,,https://github.com/ofiore/Thesis/blob/3cf1db7adebb493f3a5c2e957a1b09cf0986a7cd/Data/rxntime.csv
994,WCH,2019,100mH,W,SF,WCH2019-100mH-W-SF-H3,Brianna Beahan,2,8,8,0,,,https://github.com/ofiore/Thesis/blob/3cf1db7adebb493f3a5c2e957a1b09cf0986a7cd/Data/rxntime.csv
995,WCH,2019,100mH,W,SF,WCH2019-100mH-W-SF-H3,Anne Zagre,9,8,8,0,,,https://github.com/ofiore/Thesis/blob/3cf1db7adebb493f3a5c2e957a1b09cf0986a7cd/Data/rxntime.csv
996,WCH,2019,100mH,W,F,WCH2019-100mH-W-F-H1,Nia Ali,4,8,8,0,,,https://github.com/ofiore/Thesis/blob/3cf1db7adebb493f3a5c2e957a1b09cf0986a7cd/Data/rxntime.csv
997,WCH,2019,100mH,W,F,WCH2019-100mH-W-F-H1,Kendra Harrison,6,8,8,0,,,https://github.com/ofiore/Thesis/blob/3cf1db7adebb493f3a5c2e957a1b09cf0986a7cd/Data/rxntime.csv
998,WCH,2019,100mH,W,F,WCH2019-100mH-W-F-H1,Danielle Williams,5,8,8,0,,,https://github.com/ofiore/Thesis/blob/3cf1db7adebb493f3a5c2e957a1b09cf0986a7cd/Data/rxntime.csv
999,WCH,2019,100mH,W,F,WCH2019-100mH-W-F-H1,Tobi Amusan,7,8,8,0,,,https://github.com/ofiore/Thesis/blob/3cf1db7adebb493f3a5c2e957a1b09cf0986a7cd/Data/rxntime.csv
1000,WCH,2019,100mH,W,F,WCH2019-100mH-W-F-H1,Andrea Carolina Vargas,3,8,8,0,,,https://github.com/ofiore/Thesis/blob/3cf1db7adebb493f3a5c2e957a1b09cf0986a7cd/Data/rxntime.csv
1001,WCH,2019,100mH,W,F,WCH2019-100mH-W-F-H1,Nadine Visser,2,8,8,0,,,https://github.com/ofiore/Thesis/blob/3cf1db7adebb493f3a5c2e957a1b09cf0986a7cd/Data/rxntime.csv
1002,WCH,2019,100mH,W,F,WCH2019-100mH-W-F-H1,Janeek Brown,8,8,8,0,,,https://github.com/ofiore/Thesis/blob/3cf1db7adebb493f3a5c2e957a1b09cf0986a7cd/Data/rxntime.csv
1003,WCH,2019,100mH,W,F,WCH2019-100mH-W-F-H1,Megan Tapper,9,8,8,0,,,https://github.com/ofiore/Thesis/blob/3cf1db7adebb493f3a5c2e957a1b09cf0986a7cd/Data/rxntime.csv
1004,WCH,2017,100mH,W,R1,WCH2017-100mH-W-R1-H1,Danielle Williams,5,8,8,1,,,https://github.com/ofiore/Thesis/blob/3cf1db7adebb493f3a5c2e957a1b09cf0986a7cd/Data/rxntime.csv
1005,WCH,2017,100mH,W,R1,WCH2017-100mH-W-R1-H1,Pamela Dutkiewicz,6,8,8,1,,,https://github.com/ofiore/Thesis/blob/3cf1db7adebb493f3a5c2e957a1b09cf0986a7cd/Data/rxntime.csv
1006,WCH,2017,100mH,W,R1,WCH2017-100mH-W-R1-H1,Isabelle Pedersen,2,8,8,1,,,https://github.com/ofiore/Thesis/blob/3cf1db7adebb493f3a5c2e957a1b09cf0986a7cd/Data/rxntime.csv
1007,WCH,2017,100mH,W,R1,WCH2017-100mH-W-R1-H1,Anne Zagre,3,8,8,1,,,https://github.com/ofiore/Thesis/blob/3cf1db7adebb493f3a5c2e957a1b09cf0986a7cd/Data/rxntime.csv
1008,WCH,2017,100mH,W,R1,WCH2017-100mH-W-R1-H1,Sharona Bakker,7,8,8,1,,,https://github.com/ofiore/Thesis/blob/3cf1db7adebb493f3a5c2e957a1b09cf0986a7cd/Data/rxntime.csv
1009,WCH,2017,100mH,W,R1,WCH2017-100mH-W-R1-H1,Gréta Kerekes,9,8,8,1,,,https://github.com/ofiore/Thesis/blob/3cf1db7adebb493f3a5c2e957a1b09cf0986a7cd/Data/rxntime.csv
1010,WCH,2017,100mH,W,R1,WCH2017-100mH-W-R1-H1,Fabiana Moraes,8,8,8,1,,,https://github.com/ofiore/Thesis/blob/3cf1db7adebb493f3a5c2e957a1b09cf0986a7cd/Data/rxntime.csv
1011,WCH,2017,100mH,W,R1,WCH2017-100mH-W-R1-H1,Alicia Barrett,4,8,8,1,,,https://github.com/ofiore/Thesis/blob/3cf1db7adebb493f3a5c2e957a1b09cf0986a7cd/Data/rxntime.csv
1012,WCH,2017,100mH,W,R1,WCH2017-100mH-W-R1-H2,Megan Simmonds,6,8,8,0,,,https://github.com/ofiore/Thesis/blob/3cf1db7adebb493f3a5c2e957a1b09cf0986a7cd/Data/rxntime.csv
1013,WCH,2017,100mH,W,R1,WCH2017-100mH-W-R1-H2,Nia Ali,7,8,8,0,,,https://github.com/ofiore/Thesis/blob/3cf1db7adebb493f3a5c2e957a1b09cf0986a7cd/Data/rxntime.csv
1014,WCH,2017,100mH,W,R1,WCH2017-100mH-W-R1-H2,Phylicia George,8,8,8,0,,,https://github.com/ofiore/Thesis/blob/3cf1db7adebb493f3a5c2e957a1b09cf0986a7cd/Data/rxntime.csv
1015,WCH,2017,100mH,W,R1,WCH2017-100mH-W-R1-H2,Ayako Kimura,5,8,8,0,,,https://github.com/ofiore/Thesis/blob/3cf1db7adebb493f3a5c2e957a1b09cf0986a7cd/Data/rxntime.csv
1016,WCH,2017,100mH,W,R1,WCH2017-100mH-W-R1-H2,Luca Kozák,9,8,8,0,,,https://github.com/ofiore/Thesis/blob/3cf1db7adebb493f3a5c2e957a1b09cf0986a7cd/Data/rxntime.csv
1017,WCH,2017,100mH,W,R1,WCH2017-100mH-W-R1-H2,Tiffany Porter,4,8,8,0,,,https://github.com/ofiore/Thesis/blob/3cf1db7adebb493f3a5c2e957a1b09cf0986a7cd/Data/rxntime.csv
1018,WCH,2017,100mH,W,R1,WCH2017-100mH-W-R1-H2,Eefje Boons,3,8,8,0,,,https://github.com/ofiore/Thesis/blob/3cf1db7adebb493f3a5c2e957a1b09cf0986a7cd/Data/rxntime.csv
1019,WCH,2017,100mH,W,R1,WCH2017-100mH-W-R1-H2,Mulern Jean,2,8,8,0,,,https://github.com/ofiore/Thesis/blob/3cf1db7adebb493f3a5c2e957a1b09cf0986a7cd/Data/rxntime.csv
1020,WCH,2017,100mH,W,R1,WCH2017-100mH-W-R1-H3,Kendra Harrison,2,8,8,0,,,https://github.com/ofiore/Thesis/blob/3cf1db7adebb493f3a5c2e957a1b09cf0986a7cd/Data/rxntime.csv
1021,WCH,2017,100mH,W,R1,WCH2017-100mH-W-R1-H3,Alina Talay,8,8,8,0,,,https://github.com/ofiore/Thesis/blob/3cf1db7adebb493f3a5c2e957a1b09cf0986a7cd/Data/rxntime.csv
1022,WCH,2017,100mH,W,R1,WCH2017-100mH-W-R1-H3,Yanique Thompson,3,8,8,0,,,https://github.com/ofiore/Thesis/blob/3cf1db7adebb493f3a5c2e957a1b09cf0986a7cd/Data/rxntime.csv
1023,WCH,2017,100mH,W,R1,WCH2017-100mH-W-R1-H3,Devynne Charlton,9,8,8,0,,,https://github.com/ofiore/Thesis/blob/3cf1db7adebb493f3a5c2e957a1b09cf0986a7cd/Data/rxntime.csv
1024,WCH,2017,100mH,W,R1,WCH2017-100mH-W-R1-H3,Lindsay Lindley,5,8,8,0,,,https://github.com/ofiore/Thesis/blob/3cf1db7adebb493f3a5c2e957a1b09cf0986a7cd/Data/rxntime.csv
1025,WCH,2017,100mH,W,R1,WCH2017-100mH-W-R1-H3,Michelle Jenneke,4,8,8,0,,,https://github.com/ofiore/Thesis/blob/3cf1db7adebb493f3a5c2e957a1b09cf0986a7cd/Data/rxntime.csv
1026,WCH,2017,100mH,W,R1,WCH2017-100mH-W-R1-H3,Elisávet Pesirídou,6,8,8,0,,,https://github.com/ofiore/Thesis/blob/3cf1db7adebb493f3a5c2e957a1b09cf0986a7cd/Data/rxntime.csv
1027,WCH,2017,100mH,W,R1,WCH2017-100mH-W-R1-H3,Lina Ahmed,7,8,8,0,,,https://github.com/ofiore/Thesis/blob/3cf1db7adebb493f3a5c2e957a1b09cf0986a7cd/Data/rxntime.csv
1028,WCH,2017,100mH,W,R1,WCH2017-100mH-W-R1-H4,Sally Pearson,6,8,8,1,,,https://github.com/ofiore/Thesis/blob/3cf1db7adebb493f3a5c2e957a1b09cf0986a7cd/Data/rxntime.csv
1029,WCH,2017,100mH,W,R1,WCH2017-100mH-W-R1-H4,Dawn Harper Nelson,3,8,8,1,,,https://github.com/ofiore/Thesis/blob/3cf1db7adebb493f3a5c2e957a1b09cf0986a7cd/Data/rxntime.csv
1030,WCH,2017,100mH,W,R1,WCH2017-100mH-W-R1-H4,Rushelle Burton,2,8,8,1,,,https://github.com/ofiore/Thesis/blob/3cf1db7adebb493f3a5c2e957a1b09cf0986a7cd/Data/rxntime.csv
1031,WCH,2017,100mH,W,R1,WCH2017-100mH-W-R1-H4,Hanna Plotitsyna,9,8,8,1,,,https://github.com/ofiore/Thesis/blob/3cf1db7adebb493f3a5c2e957a1b09cf0986a7cd/Data/rxntime.csv
1032,WCH,2017,100mH,W,R1,WCH2017-100mH-W-R1-H4,Ricarda Lobe,4,8,8,1,,,https://github.com/ofiore/Thesis/blob/3cf1db7adebb493f3a5c2e957a1b09cf0986a7cd/Data/rxntime.csv
1033,WCH,2017,100mH,W,R1,WCH2017-100mH-W-R1-H4,Hitomi Shimura,5,8,8,1,,,https://github.com/ofiore/Thesis/blob/3cf1db7adebb493f3a5c2e957a1b09cf0986a7cd/Data/rxntime.csv
1034,WCH,2017,100mH,W,R1,WCH2017-100mH-W-R1-H4,Eline Berings,8,8,8,1,,,https://github.com/ofiore/Thesis/blob/3cf1db7adebb493f3a5c2e957a1b09cf0986a7cd/Data/rxntime.csv
1035,WCH,2017,100mH,W,R1,WCH2017-100mH-W-R1-H4,Marthe Koala,7,8,8,1,,,https://github.com/ofiore/Thesis/blob/3cf1db7adebb493f3a5c2e957a1b09cf0986a7cd/Data/rxntime.csv
1036,WCH,2017,100mH,W,R1,WCH2017-100mH-W-R1-H5,Christina Manning,9,8,8,0,,,https://github.com/ofiore/Thesis/blob/3cf1db7adebb493f3a5c2e957a1b09cf0986a7cd/Data/rxntime.csv
1037,WCH,2017,100mH,W,R1,WCH2017-100mH-W-R1-H5,Nadine Visser,6,8,8,0,,,https://github.com/ofiore/Thesis/blob/3cf1db7adebb493f3a5c2e957a1b09cf0986a7cd/Data/rxntime.csv
1038,WCH,2017,100mH,W,R1,WCH2017-100mH-W-R1-H5,Oluwatobiloba Amusan,8,8,8,0,,,https://github.com/ofiore/Thesis/blob/3cf1db7adebb493f3a5c2e957a1b09cf0986a7cd/Data/rxntime.csv
1039,WCH,2017,100mH,W,R1,WCH2017-100mH-W-R1-H5,Elvira Herman,3,8,8,0,,,https://github.com/ofiore/Thesis/blob/3cf1db7adebb493f3a5c2e957a1b09cf0986a7cd/Data/rxntime.csv
1040,WCH,2017,100mH,W,R1,WCH2017-100mH-W-R1-H5,Nadine Hildebrand,5,8,8,0,,,https://github.com/ofiore/Thesis/blob/3cf1db7adebb493f3a5c2e957a1b09cf0986a7cd/Data/rxntime.csv
1041,WCH,2017,100mH,W,R1,WCH2017-100mH-W-R1-H5,Angela Whyte,2,8,8,0,,,https://github.com/ofiore/Thesis/blob/3cf1db7adebb493f3a5c2e957a1b09cf0986a7cd/Data/rxntime.csv
1042,WCH,2017,100mH,W,R1,WCH2017-100mH-W-R1-H5,Hyelim Jung,7,8,8,0,,,https://github.com/ofiore/Thesis/blob/3cf1db7adebb493f3a5c2e957a1b09cf0986a7cd/Data/rxntime.csv
1043,WCH,2017,100mH,W,R1,WCH2017-100mH-W-R1-H5,Deborah John,4,8,8,0,,,https://github.com/ofiore/Thesis/blob/3cf1db7adebb493f3a5c2e957a1b09cf0986a7cd/Data/rxntime.csv
1044,WCH,2017,100mH,W,SF,WCH2017-100mH-W-SF-H1,Sally Pearson,6,8,8,0,,,https://github.com/ofiore/Thesis/blob/3cf1db7adebb493f3a5c2e957a1b09cf0986a7cd/Data/rxntime.csv
1045,WCH,2017,100mH,W,SF,WCH2017-100mH-W-SF-H1,Nia Ali,4,8,8,0,,,https://github.com/ofiore/Thesis/blob/3cf1db7adebb493f3a5c2e957a1b09cf0986a7cd/Data/rxntime.csv
1046,WCH,2017,100mH,W,SF,WCH2017-100mH-W-SF-H1,Nadine Visser,7,8,8,0,,,https://github.com/ofiore/Thesis/blob/3cf1db7adebb493f3a5c2e957a1b09cf0986a7cd/Data/rxntime.csv
1047,WCH,2017,100mH,W,SF,WCH2017-100mH-W-SF-H1,Megan Simmonds,5,8,8,0,,,https://github.com/ofiore/Thesis/blob/3cf1db7adebb493f3a5c2e957a1b09cf0986a7cd/Data/rxntime.csv
1048,WCH,2017,100mH,W,SF,WCH2017-100mH-W-SF-H1,Phylicia George,8,8,8,0,,,https://github.com/ofiore/Thesis/blob/3cf1db7adebb493f3a5c2e957a1b09cf0986a7cd/Data/rxntime.csv
1049,WCH,2017,100mH,W,SF,WCH2017-100mH-W-SF-H1,Ricarda Lobe,3,8,8,0,,,https://github.com/ofiore/Thesis/blob/3cf1db7adebb493f3a5c2e957a1b09cf0986a7cd/Data/rxntime.csv
1050,WCH,2017,100mH,W,SF,WCH2017-100mH-W-SF-H1,Lindsay Lindley,2,8,8,0,,,https://github.com/ofiore/Thesis/blob/3cf1db7adebb493f3a5c2e957a1b09cf0986a7cd/Data/rxntime.csv
1051,WCH,2017,100mH,W,SF,WCH2017-100mH-W-SF-H1,Anne Zagre,9,8,8,0,,,https://github.com/ofiore/Thesis/blob/3cf1db7adebb493f3a5c2e957a1b09cf0986a7cd/Data/rxntime.csv
1052,WCH,2017,100mH,W,SF,WCH2017-100mH-W-SF-H2,Christina Manning,5,8,8,0,,,https://github.com/ofiore/Thesis/blob/3cf1db7adebb493f3a5c2e957a1b09cf0986a7cd/Data/rxntime.csv
1053,WCH,2017,100mH,W,SF,WCH2017-100mH-W-SF-H2,Alina Talay,6,8,8,0,,,https://github.com/ofiore/Thesis/blob/3cf1db7adebb493f3a5c2e957a1b09cf0986a7cd/Data/rxntime.csv
1054,WCH,2017,100mH,W,SF,WCH2017-100mH-W-SF-H2,Yanique Thompson,7,8,8,0,,,https://github.com/ofiore/Thesis/blob/3cf1db7adebb493f3a5c2e957a1b09cf0986a7cd/Data/rxntime.csv
1055,WCH,2017,100mH,W,SF,WCH2017-100mH-W-SF-H2,Oluwatobiloba Amusan,9,8,8,0,,,https://github.com/ofiore/Thesis/blob/3cf1db7adebb493f3a5c2e957a1b09cf0986a7cd/Data/rxntime.csv
1056,WCH,2017,100mH,W,SF,WCH2017-100mH-W-SF-H2,Danielle Williams,4,8,8,0,,,https://github.com/ofiore/Thesis/blob/3cf1db7adebb493f3a5c2e957a1b09cf0986a7cd/Data/rxntime.csv
1057,WCH,2017,100mH,W,SF,WCH2017-100mH-W-SF-H2,Elvira Herman,8,8,8,0,,,https://github.com/ofiore/Thesis/blob/3cf1db7adebb493f3a5c2e957a1b09cf0986a7cd/Data/rxntime.csv
1058,WCH,2017,100mH,W,SF,WCH2017-100mH-W-SF-H2,Michelle Jenneke,3,8,8,0,,,https://github.com/ofiore/Thesis/blob/3cf1db7adebb493f3a5c2e957a1b09cf0986a7cd/Data/rxntime.csv
1059,WCH,2017,100mH,W,SF,WCH2017-100mH-W-SF-H2,Ayako Kimura,2,8,8,0,,,https://github.com/ofiore/Thesis/blob/3cf1db7adebb493f3a5c2e957a1b09cf0986a7cd/Data/rxntime.csv
1060,WCH,2017,100mH,W,SF,WCH2017-100mH-W-SF-H3,Dawn Harper Nelson,7,8,8,0,,,https://github.com/ofiore/Thesis/blob/3cf1db7adebb493f3a5c2e957a1b09cf0986a7cd/Data/rxntime.csv
1061,WCH,2017,100mH,W,SF,WCH2017-100mH-W-SF-H3,Pamela Dutkiewicz,4,8,8,0,,,https://github.com/ofiore/Thesis/blob/3cf1db7adebb493f3a5c2e957a1b09cf0986a7cd/Data/rxntime.csv
1062,WCH,2017,100mH,W,SF,WCH2017-100mH-W-SF-H3,Kendra Harrison,6,8,8,0,,,https://github.com/ofiore/Thesis/blob/3cf1db7adebb493f3a5c2e957a1b09cf0986a7cd/Data/rxntime.csv
1063,WCH,2017,100mH,W,SF,WCH2017-100mH-W-SF-H3,Isabelle Pedersen,5,8,8,0,,,https://github.com/ofiore/Thesis/blob/3cf1db7adebb493f3a5c2e957a1b09cf0986a7cd/Data/rxntime.csv
1064,WCH,2017,100mH,W,SF,WCH2017-100mH-W-SF-H3,Rushelle Burton,9,8,8,0,,,https://github.com/ofiore/Thesis/blob/3cf1db7adebb493f3a5c2e957a1b09cf0986a7cd/Data/rxntime.csv
1065,WCH,2017,100mH,W,SF,WCH2017-100mH-W-SF-H3,Devynne Charlton,2,8,8,0,,,https://github.com/ofiore/Thesis/blob/3cf1db7adebb493f3a5c2e957a1b09cf0986a7cd/Data/rxntime.csv
1066,WCH,2017,100mH,W,SF,WCH2017-100mH-W-SF-H3,Hanna Plotitsyna,8,8,8,0,,,https://github.com/ofiore/Thesis/blob/3cf1db7adebb493f3a5c2e957a1b09cf0986a7cd/Data/rxntime.csv
1067,WCH,2017,100mH,W,SF,WCH2017-100mH-W-SF-H3,Sharona Bakker,3,8,8,0,,,https://github.com/ofiore/Thesis/blob/3cf1db7adebb493f3a5c2e957a1b09cf0986a7cd/Data/rxntime.csv
1068,WCH,2017,100mH,W,F,WCH2017-100mH-W-F-H1,Sally Pearson,4,8,8,0,,,https://github.com/ofiore/Thesis/blob/3cf1db7adebb493f3a5c2e957a1b09cf0986a7cd/Data/rxntime.csv
1069,WCH,2017,100mH,W,F,WCH2017-100mH-W-F-H1,Dawn Harper Nelson,6,8,8,0,,,https://github.com/ofiore/Thesis/blob/3cf1db7adebb493f3a5c2e957a1b09cf0986a7cd/Data/rxntime.csv
1070,WCH,2017,100mH,W,F,WCH2017-100mH-W-F-H1,Pamela Dutkiewicz,5,8,8,0,,,https://github.com/ofiore/Thesis/blob/3cf1db7adebb493f3a5c2e957a1b09cf0986a7cd/Data/rxntime.csv
1071,WCH,2017,100mH,W,F,WCH2017-100mH-W-F-H1,Kendra Harrison,3,8,8,0,,,https://github.com/ofiore/Thesis/blob/3cf1db7adebb493f3a5c2e957a1b09cf0986a7cd/Data/rxntime.csv
1072,WCH,2017,100mH,W,F,WCH2017-100mH-W-F-H1,Christina Manning,7,8,8,0,,,https://github.com/ofiore/Thesis/blob/3cf1db7adebb493f3a5c2e957a1b09cf0986a7cd/Data/rxntime.csv
1073,WCH,2017,100mH,W,F,WCH2017-100mH-W-F-H1,Alina Talay,8,8,8,0,,,https://github.com/ofiore/Thesis/blob/3cf1db7adebb493f3a5c2e957a1b09cf0986a7cd/Data/rxntime.csv
1074,WCH,2017,100mH,W,F,WCH2017-100mH-W-F-H1,Nadine Visser,2,8,8,0,,,https://github.com/ofiore/Thesis/blob/3cf1db7adebb493f3a5c2e957a1b09cf0986a7cd/Data/rxntime.csv
1075,WCH,2017,100mH,W,F,WCH2017-100mH-W-F-H1,Nia Ali,9,8,8,0,,,https://github.com/ofiore/Thesis/blob/3cf1db7adebb493f3a5c2e957a1b09cf0986a7cd/Data/rxntime.csv
1076,WCH,2015,100mH,W,R1,WCH2015-100mH-W-R1-H1,Danielle Williams,7,7,7,0,,,https://github.com/ofiore/Thesis/blob/3cf1db7adebb493f3a5c2e957a1b09cf0986a7cd/Data/rxntime.csv
1077,WCH,2015,100mH,W,R1,WCH2015-100mH-W-R1-H1,Kendra Harrison,5,7,7,0,,,https://github.com/ofiore/Thesis/blob/3cf1db7adebb493f3a5c2e957a1b09cf0986a7cd/Data/rxntime.csv
1078,WCH,2015,100mH,W,R1,WCH2015-100mH-W-R1-H1,Isabelle Pedersen,6,7,7,0,,,https://github.com/ofiore/Thesis/blob/3cf1db7adebb493f3a5c2e957a1b09cf0986a7cd/Data/rxntime.csv
1079,WCH,2015,100mH,W,R1,WCH2015-100mH-W-R1-H1,Ekaterina Galitskaia,4,7,7,0,,,https://github.com/ofiore/Thesis/blob/3cf1db7adebb493f3a5c2e957a1b09cf0986a7cd/Data/rxntime.csv
1080,WCH,2015,100mH,W,R1,WCH2015-100mH-W-R1-H1,Hanna Platitsyna,8,7,7,0,,,https://github.com/ofiore/Thesis/blob/3cf1db7adebb493f3a5c2e957a1b09cf0986a7cd/Data/rxntime.csv
1081,WCH,2015,100mH,W,R1,WCH2015-100mH-W-R1-H1,Cindy Billaud,3,7,7,0,,,https://github.com/ofiore/Thesis/blob/3cf1db7adebb493f3a5c2e957a1b09cf0986a7cd/Data/rxntime.csv
1082,WCH,2015,100mH,W,R1,WCH2015-100mH-W-R1-H1,Lavonne Idlette,9,7,7,0,,,https://github.com/ofiore/Thesis/blob/3cf1db7adebb493f3a5c2e957a1b09cf0986a7cd/Data/rxntime.csv
1083,WCH,2015,100mH,W,R1,WCH2015-100mH-W-R1-H2,Cindy Roleder,8,7,7,0,,,https://github.com/ofiore/Thesis/blob/3cf1db7adebb493f3a5c2e957a1b09cf0986a7cd/Data/rxntime.csv
1084,WCH,2015,100mH,W,R1,WCH2015-100mH-W-R1-H2,Sharika Nelvis,7,7,7,0,,,https://github.com/ofiore/Thesis/blob/3cf1db7adebb493f3a5c2e957a1b09cf0986a7cd/Data/rxntime.csv
1085,WCH,2015,100mH,W,R1,WCH2015-100mH-W-R1-H2,Noemi Zbären,3,7,7,0,,,https://github.com/ofiore/Thesis/blob/3cf1db7adebb493f3a5c2e957a1b09cf0986a7cd/Data/rxntime.csv
1086,WCH,2015,100mH,W,R1,WCH2015-100mH-W-R1-H2,Karolina Koleczek,6,7,7,0,,,https://github.com/ofiore/Thesis/blob/3cf1db7adebb493f3a5c2e957a1b09cf0986a7cd/Data/rxntime.csv
1087,WCH,2015,100mH,W,R1,WCH2015-100mH-W-R1-H2,Nina Morozova,4,7,7,0,,,https://github.com/ofiore/Thesis/blob/3cf1db7adebb493f3a5c2e957a1b09cf0986a7cd/Data/rxntime.csv
1088,WCH,2015,100mH,W,R1,WCH2015-100mH-W-R1-H2,Nooralotta Neziri,5,7,7,0,,,https://github.com/ofiore/Thesis/blob/3cf1db7adebb493f3a5c2e957a1b09cf0986a7cd/Data/rxntime.csv
1089,WCH,2015,100mH,W,R1,WCH2015-100mH-W-R1-H2,Adanaca Brown,9,7,7,0,,,https://github.com/ofiore/Thesis/blob/3cf1db7adebb493f3a5c2e957a1b09cf0986a7cd/Data/rxntime.csv
1090,WCH,2015,100mH,W,R1,WCH2015-100mH-W-R1-H3,Dawn Harper Nelson,8,7,7,0,,,https://github.com/ofiore/Thesis/blob/3cf1db7adebb493f3a5c2e957a1b09cf0986a7cd/Data/rxntime.csv
1091,WCH,2015,100mH,W,R1,WCH2015-100mH-W-R1-H3,Kierre Beckles,5,7,7,0,,,https://github.com/ofiore/Thesis/blob/3cf1db7adebb493f3a5c2e957a1b09cf0986a7cd/Data/rxntime.csv
1092,WCH,2015,100mH,W,R1,WCH2015-100mH-W-R1-H3,Anne Zagre,3,7,7,0,,,https://github.com/ofiore/Thesis/blob/3cf1db7adebb493f3a5c2e957a1b09cf0986a7cd/Data/rxntime.csv
1093,WCH,2015,100mH,W,R1,WCH2015-100mH-W-R1-H3,Michelle Jenneke,9,7,7,0,,,https://github.com/ofiore/Thesis/blob/3cf1db7adebb493f3a5c2e957a1b09cf0986a7cd/Data/rxntime.csv
1094,WCH,2015,100mH,W,R1,WCH2015-100mH-W-R1-H3,Beate Schrott,4,7,7,0,,,https://github.com/ofiore/Thesis/blob/3cf1db7adebb493f3a5c2e957a1b09cf0986a7cd/Data/rxntime.csv
1095,WCH,2015,100mH,W,R1,WCH2015-100mH-W-R1-H3,Kimberly Laing,7,7,7,0,,,https://github.com/ofiore/Thesis/blob/3cf1db7adebb493f3a5c2e957a1b09cf0986a7cd/Data/rxntime.csv
1096,WCH,2015,100mH,W,R1,WCH2015-100mH-W-R1-H3,Devynne Charlton,6,7,7,0,,,https://github.com/ofiore/Thesis/blob/3cf1db7adebb493f3a5c2e957a1b09cf0986a7cd/Data/rxntime.csv
1097,WCH,2015,100mH,W,R1,WCH2015-100mH-W-R1-H4,Brianna Rollins,6,8,8,0,,,https://github.com/ofiore/Thesis/blob/3cf1db7adebb493f3a5c2e957a1b09cf0986a7cd/Data/rxntime.csv
1098,WCH,2015,100mH,W,R1,WCH2015-100mH-W-R1-H4,Shermaine Williams,3,8,8,0,,,https://github.com/ofiore/Thesis/blob/3cf1db7adebb493f3a5c2e957a1b09cf0986a7cd/Data/rxntime.csv
1099,WCH,2015,100mH,W,R1,WCH2015-100mH-W-R1-H4,Andrea Ivancevic,9,8,8,0,,,https://github.com/ofiore/Thesis/blob/3cf1db7adebb493f3a5c2e957a1b09cf0986a7cd/Data/rxntime.csv
1100,WCH,2015,100mH,W,R1,WCH2015-100mH-W-R1-H4,Cindy Ofili,5,8,8,0,,,https://github.com/ofiore/Thesis/blob/3cf1db7adebb493f3a5c2e957a1b09cf0986a7cd/Data/rxntime.csv
1101,WCH,2015,100mH,W,R1,WCH2015-100mH-W-R1-H4,Phylicia George,2,8,8,0,,,https://github.com/ofiore/Thesis/blob/3cf1db7adebb493f3a5c2e957a1b09cf0986a7cd/Data/rxntime.csv
1102,WCH,2015,100mH,W,R1,WCH2015-100mH-W-R1-H4,Adelly Santos,7,8,8,0,,,https://github.com/ofiore/Thesis/blob/3cf1db7adebb493f3a5c2e957a1b09cf0986a7cd/Data/rxntime.csv
1103,WCH,2015,100mH,W,R1,WCH2015-100mH-W-R1-H4,Yvette Lewis,4,8,8,0,,,https://github.com/ofiore/Thesis/blob/3cf1db7adebb493f3a5c2e957a1b09cf0986a7cd/Data/rxntime.csv
1104,WCH,2015,100mH,W,R1,WCH2015-100mH-W-R1-H4,Beatriz Flamenco,8,8,8,0,,,https://github.com/ofiore/Thesis/blob/3cf1db7adebb493f3a5c2e957a1b09cf0986a7cd/Data/rxntime.csv
1105,WCH,2015,100mH,W,R1,WCH2015-100mH-W-R1-H5,Tiffany Porter,7,8,8,0,,,https://github.com/ofiore/Thesis/blob/3cf1db7adebb493f3a5c2e957a1b09cf0986a7cd/Data/rxntime.csv
1106,WCH,2015,100mH,W,R1,WCH2015-100mH-W-R1-H5,Nikkita Holder,5,8,8,0,,,https://github.com/ofiore/Thesis/blob/3cf1db7adebb493f3a5c2e957a1b09cf0986a7cd/Data/rxntime.csv
1107,WCH,2015,100mH,W,R1,WCH2015-100mH-W-R1-H5,Alina Talay,9,8,8,0,,,https://github.com/ofiore/Thesis/blob/3cf1db7adebb493f3a5c2e957a1b09cf0986a7cd/Data/rxntime.csv
1108,WCH,2015,100mH,W,R1,WCH2015-100mH-W-R1-H5,Shujiao Wu,4,8,8,0,,,https://github.com/ofiore/Thesis/blob/3cf1db7adebb493f3a5c2e957a1b09cf0986a7cd/Data/rxntime.csv
1109,WCH,2015,100mH,W,R1,WCH2015-100mH-W-R1-H5,Caridad Jerez,8,8,8,0,,,https://github.com/ofiore/Thesis/blob/3cf1db7adebb493f3a5c2e957a1b09cf0986a7cd/Data/rxntime.csv
1110,WCH,2015,100mH,W,R1,WCH2015-100mH-W-R1-H5,Lindsay Lindley,3,8,8,0,,,https://github.com/ofiore/Thesis/blob/3cf1db7adebb493f3a5c2e957a1b09cf0986a7cd/Data/rxntime.csv
1111,WCH,2015,100mH,W,R1,WCH2015-100mH-W-R1-H5,Fabiana Morães,2,8,8,0,,,https://github.com/ofiore/Thesis/blob/3cf1db7adebb493f3a5c2e957a1b09cf0986a7cd/Data/rxntime.csv
1112,WCH,2015,100mH,W,R1,WCH2015-100mH-W-R1-H5,Ana Camila Pirelli,6,8,8,0,,,https://github.com/ofiore/Thesis/blob/3cf1db7adebb493f3a5c2e957a1b09cf0986a7cd/Data/rxntime.csv
1113,WCH,2015,100mH,W,SF,WCH2015-100mH-W-SF-H1,Danielle Williams,4,8,8,0,,,https://github.com/ofiore/Thesis/blob/3cf1db7adebb493f3a5c2e957a1b09cf0986a7cd/Data/rxntime.csv
1114,WCH,2015,100mH,W,SF,WCH2015-100mH-W-SF-H1,Sharika Nelvis,5,8,8,0,,,https://github.com/ofiore/Thesis/blob/3cf1db7adebb493f3a5c2e957a1b09cf0986a7cd/Data/rxntime.csv
1115,WCH,2015,100mH,W,SF,WCH2015-100mH-W-SF-H1,Alina Talay,6,8,8,0,,,https://github.com/ofiore/Thesis/blob/3cf1db7adebb493f3a5c2e957a1b09cf0986a7cd/Data/rxntime.csv
1116,WCH,2015,100mH,W,SF,WCH2015-100mH-W-SF-H1,Isabelle Pedersen,8,8,8,0,,,https://github.com/ofiore/Thesis/blob/3cf1db7adebb493f3a5c2e957a1b09cf0986a7cd/Data/rxntime.csv
1117,WCH,2015,100mH,W,SF,WCH2015-100mH-W-SF-H1,Phylicia George,2,8,8,0,,,https://github.com/ofiore/Thesis/blob/3cf1db7adebb493f3a5c2e957a1b09cf0986a7cd/Data/rxntime.csv
1118,WCH,2015,100mH,W,SF,WCH2015-100mH-W-SF-H1,Cindy Ofili,9,8,8,0,,,https://github.com/ofiore/Thesis/blob/3cf1db7adebb493f3a5c2e957a1b09cf0986a7cd/Data/rxntime.csv
1119,WCH,2015,100mH,W,SF,WCH2015-100mH-W-SF-H1,Dawn Harper-Nelson,7,8,8,0,,,https://github.com/ofiore/Thesis/blob/3cf1db7adebb493f3a5c2e957a1b09cf0986a7cd/Data/rxntime.csv
1120,WCH,2015,100mH,W,SF,WCH2015-100mH-W-SF-H1,Beate Schrott,3,8,8,0,,,https://github.com/ofiore/Thesis/blob/3cf1db7adebb493f3a5c2e957a1b09cf0986a7cd/Data/rxntime.csv
1121,WCH,2015,100mH,W,SF,WCH2015-100mH-W-SF-H2,Tiffany Porter,7,8,8,0,,,https://github.com/ofiore/Thesis/blob/3cf1db7adebb493f3a5c2e957a1b09cf0986a7cd/Data/rxntime.csv
1122,WCH,2015,100mH,W,SF,WCH2015-100mH-W-SF-H2,Cindy Roleder,6,8,8,0,,,https://github.com/ofiore/Thesis/blob/3cf1db7adebb493f3a5c2e957a1b09cf0986a7cd/Data/rxntime.csv
1123,WCH,2015,100mH,W,SF,WCH2015-100mH-W-SF-H2,Noemi Zbären,9,8,8,0,,,https://github.com/ofiore/Thesis/blob/3cf1db7adebb493f3a5c2e957a1b09cf0986a7cd/Data/rxntime.csv
1124,WCH,2015,100mH,W,SF,WCH2015-100mH-W-SF-H2,Kierre Beckles,5,8,8,0,,,https://github.com/ofiore/Thesis/blob/3cf1db7adebb493f3a5c2e957a1b09cf0986a7cd/Data/rxntime.csv
1125,WCH,2015,100mH,W,SF,WCH2015-100mH-W-SF-H2,Kimberly Laing,3,8,8,0,,,https://github.com/ofiore/Thesis/blob/3cf1db7adebb493f3a5c2e957a1b09cf0986a7cd/Data/rxntime.csv
1126,WCH,2015,100mH,W,SF,WCH2015-100mH-W-SF-H2,Michelle Jenneke,8,8,8,0,,,https://github.com/ofiore/Thesis/blob/3cf1db7adebb493f3a5c2e957a1b09cf0986a7cd/Data/rxntime.csv
1127,WCH,2015,100mH,W,SF,WCH2015-100mH-W-SF-H2,Kendra Harrison,4,8,8,0,,,https://github.com/ofiore/Thesis/blob/3cf1db7adebb493f3a5c2e957a1b09cf0986a7cd/Data/rxntime.csv
1128,WCH,2015,100mH,W,SF,WCH2015-100mH-W-SF-H2,Ekaterina Galitskaia,2,8,8,0,,,https://github.com/ofiore/Thesis/blob/3cf1db7adebb493f3a5c2e957a1b09cf0986a7cd/Data/rxntime.csv
1129,WCH,2015,100mH,W,SF,WCH2015-100mH-W-SF-H3,Brianna Rollins,4,8,8,0,,,https://github.com/ofiore/Thesis/blob/3cf1db7adebb493f3a5c2e957a1b09cf0986a7cd/Data/rxntime.csv
1130,WCH,2015,100mH,W,SF,WCH2015-100mH-W-SF-H3,Shermaine Williams,6,8,8,0,,,https://github.com/ofiore/Thesis/blob/3cf1db7adebb493f3a5c2e957a1b09cf0986a7cd/Data/rxntime.csv
1131,WCH,2015,100mH,W,SF,WCH2015-100mH-W-SF-H3,Anne Zagre,9,8,8,0,,,https://github.com/ofiore/Thesis/blob/3cf1db7adebb493f3a5c2e957a1b09cf0986a7cd/Data/rxntime.csv
1132,WCH,2015,100mH,W,SF,WCH2015-100mH-W-SF-H3,Nina Morozova,3,8,8,0,,,https://github.com/ofiore/Thesis/blob/3cf1db7adebb493f3a5c2e957a1b09cf0986a7cd/Data/rxntime.csv
1133,WCH,2015,100mH,W,SF,WCH2015-100mH-W-SF-H3,Karolina Koleczek,8,8,8,0,,,https://github.com/ofiore/Thesis/blob/3cf1db7adebb493f3a5c2e957a1b09cf0986a7cd/Data/rxntime.csv
1134,WCH,2015,100mH,W,SF,WCH2015-100mH-W-SF-H3,Nikkita Holder,7,8,8,0,,,https://github.com/ofiore/Thesis/blob/3cf1db7adebb493f3a5c2e957a1b09cf0986a7cd/Data/rxntime.csv
1135,WCH,2015,100mH,W,SF,WCH2015-100mH-W-SF-H3,Shujiao Wu,2,8,8,0,,,https://github.com/ofiore/Thesis/blob/3cf1db7adebb493f3a5c2e957a1b09cf0986a7cd/Data/rxntime.csv
1136,WCH,2015,100mH,W,SF,WCH2015-100mH-W-SF-H3,Andrea Ivancevic,5,8,8,0,,,https://github.com/ofiore/Thesis/blob/3cf1db7adebb493f3a5c2e957a1b09cf0986a7cd/Data/rxntime.csv
1137,WCH,2015,100mH,W,F,WCH2015-100mH-W-F-H1,Danielle Williams,5,8,8,0,,,https://github.com/ofiore/Thesis/blob/3cf1db7adebb493f3a5c2e957a1b09cf0986a7cd/Data/rxntime.csv
1138,WCH,2015,100mH,W,F,WCH2015-100mH-W-F-H1,Cindy Roleder,8,8,8,0,,,https://github.com/ofiore/Thesis/blob/3cf1db7adebb493f3a5c2e957a1b09cf0986a7cd/Data/rxntime.csv
1139,WCH,2015,100mH,W,F,WCH2015-100mH-W-F-H1,Alina Talay,2,8,8,0,,,https://github.com/ofiore/Thesis/blob/3cf1db7adebb493f3a5c2e957a1b09cf0986a7cd/Data/rxntime.csv
1140,WCH,2015,100mH,W,F,WCH2015-100mH-W-F-H1,Brianna Rollins,4,8,8,0,,,https://github.com/ofiore/Thesis/blob/3cf1db7adebb493f3a5c2e957a1b09cf0986a7cd/Data/rxntime.csv
1141,WCH,2015,100mH,W,F,WCH2015-100mH-W-F-H1,Tiffany Porter,7,8,8,0,,,https://github.com/ofiore/Thesis/blob/3cf1db7adebb493f3a5c2e957a1b09cf0986a7cd/Data/rxntime.csv
1142,WCH,2015,100mH,W,F,WCH2015-100mH-W-F-H1,Noemi Zbären,3,8,8,0,,,https://github.com/ofiore/Thesis/blob/3cf1db7adebb493f3a5c2e957a1b09cf0986a7cd/Data/rxntime.csv
1143,WCH,2015,100mH,W,F,WCH2015-100mH-W-F-H1,Shermaine Williams,9,8,8,0,,,https://github.com/ofiore/Thesis/blob/3cf1db7adebb493f3a5c2e957a1b09cf0986a7cd/Data/rxntime.csv
1144,WCH,2015,100mH,W,F,WCH2015-100mH-W-F-H1,Sharika Nelvis,6,8,8,0,,,https://github.com/ofiore/Thesis/blob/3cf1db7adebb493f3a5c2e957a1b09cf0986a7cd/Data/rxntime.csv
1145,WCH,2013,100mH,W,R1,,,,0,7,0,no WA races loaded for this year/event,,https://github.com/ofiore/Thesis/blob/3cf1db7adebb493f3a5c2e957a1b09cf0986a7cd/Data/rxntime.csv
1146,WCH,2013,100mH,W,R1,,,,0,7,0,no WA races loaded for this year/event,,https://github.com/ofiore/Thesis/blob/3cf1db7adebb493f3a5c2e957a1b09cf0986a7cd/Data/rxntime.csv
1147,WCH,2013,100mH,W,R1,,,,0,7,0,no WA races loaded for this year/event,,https://github.com/ofiore/Thesis/blob/3cf1db7adebb493f3a5c2e957a1b09cf0986a7cd/Data/rxntime.csv
1148,WCH,2013,100mH,W,R1,,,,0,7,0,no WA races loaded for this year/event,,https://github.com/ofiore/Thesis/blob/3cf1db7adebb493f3a5c2e957a1b09cf0986a7cd/Data/rxntime.csv
1149,WCH,2013,100mH,W,R1,,,,0,7,0,no WA races loaded for this year/event,,https://github.com/ofiore/Thesis/blob/3cf1db7adebb493f3a5c2e957a1b09cf0986a7cd/Data/rxntime.csv
1150,WCH,2013,100mH,W,R1,,,,0,7,0,no WA races loaded for this year/event,,https://github.com/ofiore/Thesis/blob/3cf1db7adebb493f3a5c2e957a1b09cf0986a7cd/Data/rxntime.csv
1151,WCH,2013,100mH,W,R1,,,,0,7,0,no WA races loaded for this year/event,,https://github.com/ofiore/Thesis/blob/3cf1db7adebb493f3a5c2e957a1b09cf0986a7cd/Data/rxntime.csv
1152,WCH,2013,100mH,W,R1,,,,0,8,0,no WA races loaded for this year/event,,https://github.com/ofiore/Thesis/blob/3cf1db7adebb493f3a5c2e957a1b09cf0986a7cd/Data/rxntime.csv
1153,WCH,2013,100mH,W,R1,,,,0,8,0,no WA races loaded for this year/event,,https://github.com/ofiore/Thesis/blob/3cf1db7adebb493f3a5c2e957a1b09cf0986a7cd/Data/rxntime.csv
1154,WCH,2013,100mH,W,R1,,,,0,8,0,no WA races loaded for this year/event,,https://github.com/ofiore/Thesis/blob/3cf1db7adebb493f3a5c2e957a1b09cf0986a7cd/Data/rxntime.csv
1155,WCH,2013,100mH,W,R1,,,,0,8,0,no WA races loaded for this year/event,,https://github.com/ofiore/Thesis/blob/3cf1db7adebb493f3a5c2e957a1b09cf0986a7cd/Data/rxntime.csv
1156,WCH,2013,100mH,W,R1,,,,0,8,0,no WA races loaded for this year/event,,https://github.com/ofiore/Thesis/blob/3cf1db7adebb493f3a5c2e957a1b09cf0986a7cd/Data/rxntime.csv
1157,WCH,2013,100mH,W,R1,,,,0,8,0,no WA races loaded for this year/event,,https://github.com/ofiore/Thesis/blob/3cf1db7adebb493f3a5c2e957a1b09cf0986a7cd/Data/rxntime.csv
1158,WCH,2013,100mH,W,R1,,,,0,8,0,no WA races loaded for this year/event,,https://github.com/ofiore/Thesis/blob/3cf1db7adebb493f3a5c2e957a1b09cf0986a7cd/Data/rxntime.csv
1159,WCH,2013,100mH,W,R1,,,,0,8,0,no WA races loaded for this year/event,,https://github.com/ofiore/Thesis/blob/3cf1db7adebb493f3a5c2e957a1b09cf0986a7cd/Data/rxntime.csv
1160,WCH,2013,100mH,W,R1,,,,0,7,0,no WA races loaded for this year/event,,https://github.com/ofiore/Thesis/blob/3cf1db7adebb493f3a5c2e957a1b09cf0986a7cd/Data/rxntime.csv
1161,WCH,2013,100mH,W,R1,,,,0,7,0,no WA races loaded for this year/event,,https://github.com/ofiore/Thesis/blob/3cf1db7adebb493f3a5c2e957a1b09cf0986a7cd/Data/rxntime.csv
1162,WCH,2013,100mH,W,R1,,,,0,7,0,no WA races loaded for this year/event,,https://github.com/ofiore/Thesis/blob/3cf1db7adebb493f3a5c2e957a1b09cf0986a7cd/Data/rxntime.csv
1163,WCH,2013,100mH,W,R1,,,,0,7,0,no WA races loaded for this year/event,,https://github.com/ofiore/Thesis/blob/3cf1db7adebb493f3a5c2e957a1b09cf0986a7cd/Data/rxntime.csv
1164,WCH,2013,100mH,W,R1,,,,0,7,0,no WA races loaded for this year/event,,https://github.com/ofiore/Thesis/blob/3cf1db7adebb493f3a5c2e957a1b09cf0986a7cd/Data/rxntime.csv
1165,WCH,2013,100mH,W,R1,,,,0,7,0,no WA races loaded for this year/event,,https://github.com/ofiore/Thesis/blob/3cf1db7adebb493f3a5c2e957a1b09cf0986a7cd/Data/rxntime.csv
1166,WCH,2013,100mH,W,R1,,,,0,7,0,no WA races loaded for this year/event,,https://github.com/ofiore/Thesis/blob/3cf1db7adebb493f3a5c2e957a1b09cf0986a7cd/Data/rxntime.csv
1167,WCH,2013,100mH,W,R1,,,,0,8,0,no WA races loaded for this year/event,,https://github.com/ofiore/Thesis/blob/3cf1db7adebb493f3a5c2e957a1b09cf0986a7cd/Data/rxntime.csv
1168,WCH,2013,100mH,W,R1,,,,0,8,0,no WA races loaded for this year/event,,https://github.com/ofiore/Thesis/blob/3cf1db7adebb493f3a5c2e957a1b09cf0986a7cd/Data/rxntime.csv
1169,WCH,2013,100mH,W,R1,,,,0,8,0,no WA races loaded for this year/event,,https://github.com/ofiore/Thesis/blob/3cf1db7adebb493f3a5c2e957a1b09cf0986a7cd/Data/rxntime.csv
1170,WCH,2013,100mH,W,R1,,,,0,8,0,no WA races loaded for this year/event,,https://github.com/ofiore/Thesis/blob/3cf1db7adebb493f3a5c2e957a1b09cf0986a7cd/Data/rxntime.csv
1171,WCH,2013,100mH,W,R1,,,,0,8,0,no WA races loaded for this year/event,,https://github.com/ofiore/Thesis/blob/3cf1db7adebb493f3a5c2e957a1b09cf0986a7cd/Data/rxntime.csv
1172,WCH,2013,100mH,W,R1,,,,0,8,0,no WA races loaded for this year/event,,https://github.com/ofiore/Thesis/blob/3cf1db7adebb493f3a5c2e957a1b09cf0986a7cd/Data/rxntime.csv
1173,WCH,2013,100mH,W,R1,,,,0,8,0,no WA races loaded for this year/event,,https://github.com/ofiore/Thesis/blob/3cf1db7adebb493f3a5c2e957a1b09cf0986a7cd/Data/rxntime.csv
1174,WCH,2013,100mH,W,R1,,,,0,8,0,no WA races loaded for this year/event,,https://github.com/ofiore/Thesis/blob/3cf1db7adebb493f3a5c2e957a1b09cf0986a7cd/Data/rxntime.csv
1175,WCH,2013,100mH,W,R1,,,,0,6,0,no WA races loaded for this year/event,,https://github.com/ofiore/Thesis/blob/3cf1db7adebb493f3a5c2e957a1b09cf0986a7cd/Data/rxntime.csv
1176,WCH,2013,100mH,W,R1,,,,0,6,0,no WA races loaded for this year/event,,https://github.com/ofiore/Thesis/blob/3cf1db7adebb493f3a5c2e957a1b09cf0986a7cd/Data/rxntime.csv
1177,WCH,2013,100mH,W,R1,,,,0,6,0,no WA races loaded for this year/event,,https://github.com/ofiore/Thesis/blob/3cf1db7adebb493f3a5c2e957a1b09cf0986a7cd/Data/rxntime.csv
1178,WCH,2013,100mH,W,R1,,,,0,6,0,no WA races loaded for this year/event,,https://github.com/ofiore/Thesis/blob/3cf1db7adebb493f3a5c2e957a1b09cf0986a7cd/Data/rxntime.csv
1179,WCH,2013,100mH,W,R1,,,,0,6,0,no WA races loaded for this year/event,,https://github.com/ofiore/Thesis/blob/3cf1db7adebb493f3a5c2e957a1b09cf0986a7cd/Data/rxntime.csv
1180,WCH,2013,100mH,W,R1,,,,0,6,0,no WA races loaded for this year/event,,https://github.com/ofiore/Thesis/blob/3cf1db7adebb493f3a5c2e957a1b09cf0986a7cd/Data/rxntime.csv
1181,WCH,2013,100mH,W,SF,,,,0,8,0,no WA races loaded for this year/event,,https://github.com/ofiore/Thesis/blob/3cf1db7adebb493f3a5c2e957a1b09cf0986a7cd/Data/rxntime.csv
1182,WCH,2013,100mH,W,SF,,,,0,8,0,no WA races loaded for this year/event,,https://github.com/ofiore/Thesis/blob/3cf1db7adebb493f3a5c2e957a1b09cf0986a7cd/Data/rxntime.csv
1183,WCH,2013,100mH,W,SF,,,,0,8,0,no WA races loaded for this year/event,,https://github.com/ofiore/Thesis/blob/3cf1db7adebb493f3a5c2e957a1b09cf0986a7cd/Data/rxntime.csv
1184,WCH,2013,100mH,W,SF,,,,0,8,0,no WA races loaded for this year/event,,https://github.com/ofiore/Thesis/blob/3cf1db7adebb493f3a5c2e957a1b09cf0986a7cd/Data/rxntime.csv
1185,WCH,2013,100mH,W,SF,,,,0,8,0,no WA races loaded for this year/event,,https://github.com/ofiore/Thesis/blob/3cf1db7adebb493f3a5c2e957a1b09cf0986a7cd/Data/rxntime.csv
1186,WCH,2013,100mH,W,SF,,,,0,8,0,no WA races loaded for this year/event,,https://github.com/ofiore/Thesis/blob/3cf1db7adebb493f3a5c2e957a1b09cf0986a7cd/Data/rxntime.csv
1187,WCH,2013,100mH,W,SF,,,,0,8,0,no WA races loaded for this year/event,,https://github.com/ofiore/Thesis/blob/3cf1db7adebb493f3a5c2e957a1b09cf0986a7cd/Data/rxntime.csv
1188,WCH,2013,100mH,W,SF,,,,0,8,0,no WA races loaded for this year/event,,https://github.com/ofiore/Thesis/blob/3cf1db7adebb493f3a5c2e957a1b09cf0986a7cd/Data/rxntime.csv
1189,WCH,2013,100mH,W,SF,,,,0,8,0,no WA races loaded for this year/event,,https://github.com/ofiore/Thesis/blob/3cf1db7adebb493f3a5c2e957a1b09cf0986a7cd/Data/rxntime.csv
1190,WCH,2013,100mH,W,SF,,,,0,8,0,no WA races loaded for this year/event,,https://github.com/ofiore/Thesis/blob/3cf1db7adebb493f3a5c2e957a1b09cf0986a7cd/Data/rxntime.csv
1191,WCH,2013,100mH,W,SF,,,,0,8,0,no WA races loaded for this year/event,,https://github.com/ofiore/Thesis/blob/3cf1db7adebb493f3a5c2e957a1b09cf0986a7cd/Data/rxntime.csv
1192,WCH,2013,100mH,W,SF,,,,0,8,0,no WA races loaded for this year/event,,https://github.com/ofiore/Thesis/blob/3cf1db7adebb493f3a5c2e957a1b09cf0986a7cd/Data/rxntime.csv
1193,WCH,2013,100mH,W,SF,,,,0,8,0,no WA races loaded for this year/event,,https://github.com/ofiore/Thesis/blob/3cf1db7adebb493f3a5c2e957a1b09cf0986a7cd/Data/rxntime.csv
1194,WCH,2013,100mH,W,SF,,,,0,8,0,no WA races loaded for this year/event,,https://github.com/ofiore/Thesis/blob/3cf1db7adebb493f3a5c2e957a1b09cf0986a7cd/Data/rxntime.csv
1195,WCH,2013,100mH,W,SF,,,,0,8,0,no WA races loaded for this year/event,,https://github.com/ofiore/Thesis/blob/3cf1db7adebb493f3a5c2e957a1b09cf0986a7cd/Data/rxntime.csv
1196,WCH,2013,100mH,W,SF,,,,0,8,0,no WA races loaded for this year/event,,https://github.com/ofiore/Thesis/blob/3cf1db7adebb493f3a5c2e957a1b09cf0986a7cd/Data/rxntime.csv
1197,WCH,2013,100mH,W,SF,,,,0,8,0,no WA races loaded for this year/event,,https://github.com/ofiore/Thesis/blob/3cf1db7adebb493f3a5c2e957a1b09cf0986a7cd/Data/rxntime.csv
1198,WCH,2013,100mH,W,SF,,,,0,8,0,no WA races loaded for this year/event,,https://github.com/ofiore/Thesis/blob/3cf1db7adebb493f3a5c2e957a1b09cf0986a7cd/Data/rxntime.csv
1199,WCH,2013,100mH,W,SF,,,,0,8,0,no WA races loaded for this year/event,,https://github.com/ofiore/Thesis/blob/3cf1db7adebb493f3a5c2e957a1b09cf0986a7cd/Data/rxntime.csv
1200,WCH,2013,100mH,W,SF,,,,0,8,0,no WA races loaded for this year/event,,https://github.com/ofiore/Thesis/blob/3cf1db7adebb493f3a5c2e957a1b09cf0986a7cd/Data/rxntime.csv
1201,WCH,2013,100mH,W,SF,,,,0,8,0,no WA races loaded for this year/event,,https://github.com/ofiore/Thesis/blob/3cf1db7adebb493f3a5c2e957a1b09cf0986a7cd/Data/rxntime.csv
1202,WCH,2013,100mH,W,SF,,,,0,8,0,no WA races loaded for this year/event,,https://github.com/ofiore/Thesis/blob/3cf1db7adebb493f3a5c2e957a1b09cf0986a7cd/Data/rxntime.csv
1203,WCH,2013,100mH,W,SF,,,,0,8,0,no WA races loaded for this year/event,,https://github.com/ofiore/Thesis/blob/3cf1db7adebb493f3a5c2e957a1b09cf0986a7cd/Data/rxntime.csv
1204,WCH,2013,100mH,W,SF,,,,0,8,0,no WA races loaded for this year/event,,https://github.com/ofiore/Thesis/blob/3cf1db7adebb493f3a5c2e957a1b09cf0986a7cd/Data/rxntime.csv
1205,WCH,2013,100mH,W,F,,,,0,8,0,no WA races loaded for this year/event,,https://github.com/ofiore/Thesis/blob/3cf1db7adebb493f3a5c2e957a1b09cf0986a7cd/Data/rxntime.csv
1206,WCH,2013,100mH,W,F,,,,0,8,0,no WA races loaded for this year/event,,https://github.com/ofiore/Thesis/blob/3cf1db7adebb493f3a5c2e957a1b09cf0986a7cd/Data/rxntime.csv
1207,WCH,2013,100mH,W,F,,,,0,8,0,no WA races loaded for this year/event,,https://github.com/ofiore/Thesis/blob/3cf1db7adebb493f3a5c2e957a1b09cf0986a7cd/Data/rxntime.csv
1208,WCH,2013,100mH,W,F,,,,0,8,0,no WA races loaded for this year/event,,https://github.com/ofiore/Thesis/blob/3cf1db7adebb493f3a5c2e957a1b09cf0986a7cd/Data/rxntime.csv
1209,WCH,2013,100mH,W,F,,,,0,8,0,no WA races loaded for this year/event,,https://github.com/ofiore/Thesis/blob/3cf1db7adebb493f3a5c2e957a1b09cf0986a7cd/Data/rxntime.csv
1210,WCH,2013,100mH,W,F,,,,0,8,0,no WA races loaded for this year/event,,https://github.com/ofiore/Thesis/blob/3cf1db7adebb493f3a5c2e957a1b09cf0986a7cd/Data/rxntime.csv
1211,WCH,2013,100mH,W,F,,,,0,8,0,no WA races loaded for this year/event,,https://github.com/ofiore/Thesis/blob/3cf1db7adebb493f3a5c2e957a1b09cf0986a7cd/Data/rxntime.csv
1212,WCH,2013,100mH,W,F,,,,0,8,0,no WA races loaded for this year/event,,https://github.com/ofiore/Thesis/blob/3cf1db7adebb493f3a5c2e957a1b09cf0986a7cd/Data/rxntime.csv
1213,WCH,2011,100mH,W,R1,,,,0,8,0,no WA races loaded for this year/event,,https://github.com/ofiore/Thesis/blob/3cf1db7adebb493f3a5c2e957a1b09cf0986a7cd/Data/rxntime.csv
1214,WCH,2011,100mH,W,R1,,,,0,8,0,no WA races loaded for this year/event,,https://github.com/ofiore/Thesis/blob/3cf1db7adebb493f3a5c2e957a1b09cf0986a7cd/Data/rxntime.csv
1215,WCH,2011,100mH,W,R1,,,,0,8,0,no WA races loaded for this year/event,,https://github.com/ofiore/Thesis/blob/3cf1db7adebb493f3a5c2e957a1b09cf0986a7cd/Data/rxntime.csv
1216,WCH,2011,100mH,W,R1,,,,0,8,0,no WA races loaded for this year/event,,https://github.com/ofiore/Thesis/blob/3cf1db7adebb493f3a5c2e957a1b09cf0986a7cd/Data/rxntime.csv
1217,WCH,2011,100mH,W,R1,,,,0,8,0,no WA races loaded for this year/event,,https://github.com/ofiore/Thesis/blob/3cf1db7adebb493f3a5c2e957a1b09cf0986a7cd/Data/rxntime.csv
1218,WCH,2011,100mH,W,R1,,,,0,8,0,no WA races loaded for this year/event,,https://github.com/ofiore/Thesis/blob/3cf1db7adebb493f3a5c2e957a1b09cf0986a7cd/Data/rxntime.csv
1219,WCH,2011,100mH,W,R1,,,,0,8,0,no WA races loaded for this year/event,,https://github.com/ofiore/Thesis/blob/3cf1db7adebb493f3a5c2e957a1b09cf0986a7cd/Data/rxntime.csv
1220,WCH,2011,100mH,W,R1,,,,0,8,0,no WA races loaded for this year/event,,https://github.com/ofiore/Thesis/blob/3cf1db7adebb493f3a5c2e957a1b09cf0986a7cd/Data/rxntime.csv
1221,WCH,2011,100mH,W,R1,,,,0,7,0,no WA races loaded for this year/event,,https://github.com/ofiore/Thesis/blob/3cf1db7adebb493f3a5c2e957a1b09cf0986a7cd/Data/rxntime.csv
1222,WCH,2011,100mH,W,R1,,,,0,7,0,no WA races loaded for this year/event,,https://github.com/ofiore/Thesis/blob/3cf1db7adebb493f3a5c2e957a1b09cf0986a7cd/Data/rxntime.csv
1223,WCH,2011,100mH,W,R1,,,,0,7,0,no WA races loaded for this year/event,,https://github.com/ofiore/Thesis/blob/3cf1db7adebb493f3a5c2e957a1b09cf0986a7cd/Data/rxntime.csv
1224,WCH,2011,100mH,W,R1,,,,0,7,0,no WA races loaded for this year/event,,https://github.com/ofiore/Thesis/blob/3cf1db7adebb493f3a5c2e957a1b09cf0986a7cd/Data/rxntime.csv
1225,WCH,2011,100mH,W,R1,,,,0,7,0,no WA races loaded for this year/event,,https://github.com/ofiore/Thesis/blob/3cf1db7adebb493f3a5c2e957a1b09cf0986a7cd/Data/rxntime.csv
1226,WCH,2011,100mH,W,R1,,,,0,7,0,no WA races loaded for this year/event,,https://github.com/ofiore/Thesis/blob/3cf1db7adebb493f3a5c2e957a1b09cf0986a7cd/Data/rxntime.csv
1227,WCH,2011,100mH,W,R1,,,,0,7,0,no WA races loaded for this year/event,,https://github.com/ofiore/Thesis/blob/3cf1db7adebb493f3a5c2e957a1b09cf0986a7cd/Data/rxntime.csv
1228,WCH,2011,100mH,W,R1,,,,0,8,0,no WA races loaded for this year/event,,https://github.com/ofiore/Thesis/blob/3cf1db7adebb493f3a5c2e957a1b09cf0986a7cd/Data/rxntime.csv
1229,WCH,2011,100mH,W,R1,,,,0,8,0,no WA races loaded for this year/event,,https://github.com/ofiore/Thesis/blob/3cf1db7adebb493f3a5c2e957a1b09cf0986a7cd/Data/rxntime.csv
1230,WCH,2011,100mH,W,R1,,,,0,8,0,no WA races loaded for this year/event,,https://github.com/ofiore/Thesis/blob/3cf1db7adebb493f3a5c2e957a1b09cf0986a7cd/Data/rxntime.csv
1231,WCH,2011,100mH,W,R1,,,,0,8,0,no WA races loaded for this year/event,,https://github.com/ofiore/Thesis/blob/3cf1db7adebb493f3a5c2e957a1b09cf0986a7cd/Data/rxntime.csv
1232,WCH,2011,100mH,W,R1,,,,0,8,0,no WA races loaded for this year/event,,https://github.com/ofiore/Thesis/blob/3cf1db7adebb493f3a5c2e957a1b09cf0986a7cd/Data/rxntime.csv
1233,WCH,2011,100mH,W,R1,,,,0,8,0,no WA races loaded for this year/event,,https://github.com/ofiore/Thesis/blob/3cf1db7adebb493f3a5c2e957a1b09cf0986a7cd/Data/rxntime.csv
1234,WCH,2011,100mH,W,R1,,,,0,8,0,no WA races loaded for this year/event,,https://github.com/ofiore/Thesis/blob/3cf1db7adebb493f3a5c2e957a1b09cf0986a7cd/Data/rxntime.csv
1235,WCH,2011,100mH,W,R1,,,,0,8,0,no WA races loaded for this year/event,,https://github.com/ofiore/Thesis/blob/3cf1db7adebb493f3a5c2e957a1b09cf0986a7cd/Data/rxntime.csv
1236,WCH,2011,100mH,W,R1,,,,0,8,0,no WA races loaded for this year/event,,https://github.com/ofiore/Thesis/blob/3cf1db7adebb493f3a5c2e957a1b09cf0986a7cd/Data/rxntime.csv
1237,WCH,2011,100mH,W,R1,,,,0,8,0,no WA races loaded for this year/event,,https://github.com/ofiore/Thesis/blob/3cf1db7adebb493f3a5c2e957a1b09cf0986a7cd/Data/rxntime.csv
1238,WCH,2011,100mH,W,R1,,,,0,8,0,no WA races loaded for this year/event,,https://github.com/ofiore/Thesis/blob/3cf1db7adebb493f3a5c2e957a1b09cf0986a7cd/Data/rxntime.csv
1239,WCH,2011,100mH,W,R1,,,,0,8,0,no WA races loaded for this year/event,,https://github.com/ofiore/Thesis/blob/3cf1db7adebb493f3a5c2e957a1b09cf0986a7cd/Data/rxntime.csv
1240,WCH,2011,100mH,W,R1,,,,0,8,0,no WA races loaded for this year/event,,https://github.com/ofiore/Thesis/blob/3cf1db7adebb493f3a5c2e957a1b09cf0986a7cd/Data/rxntime.csv
1241,WCH,2011,100mH,W,R1,,,,0,8,0,no WA races loaded for this year/event,,https://github.com/ofiore/Thesis/blob/3cf1db7adebb493f3a5c2e957a1b09cf0986a7cd/Data/rxntime.csv
1242,WCH,2011,100mH,W,R1,,,,0,8,0,no WA races loaded for this year/event,,https://github.com/ofiore/Thesis/blob/3cf1db7adebb493f3a5c2e957a1b09cf0986a7cd/Data/rxntime.csv
1243,WCH,2011,100mH,W,R1,,,,0,8,0,no WA races loaded for this year/event,,https://github.com/ofiore/Thesis/blob/3cf1db7adebb493f3a5c2e957a1b09cf0986a7cd/Data/rxntime.csv
1244,WCH,2011,100mH,W,R1,,,,0,7,0,no WA races loaded for this year/event,,https://github.com/ofiore/Thesis/blob/3cf1db7adebb493f3a5c2e957a1b09cf0986a7cd/Data/rxntime.csv
1245,WCH,2011,100mH,W,R1,,,,0,7,0,no WA races loaded for this year/event,,https://github.com/ofiore/Thesis/blob/3cf1db7adebb493f3a5c2e957a1b09cf0986a7cd/Data/rxntime.csv
1246,WCH,2011,100mH,W,R1,,,,0,7,0,no WA races loaded for this year/event,,https://github.com/ofiore/Thesis/blob/3cf1db7adebb493f3a5c2e957a1b09cf0986a7cd/Data/rxntime.csv
1247,WCH,2011,100mH,W,R1,,,,0,7,0,no WA races loaded for this year/event,,https://github.com/ofiore/Thesis/blob/3cf1db7adebb493f3a5c2e957a1b09cf0986a7cd/Data/rxntime.csv
1248,WCH,2011,100mH,W,R1,,,,0,7,0,no WA races loaded for this year/event,,https://github.com/ofiore/Thesis/blob/3cf1db7adebb493f3a5c2e957a1b09cf0986a7cd/Data/rxntime.csv
1249,WCH,2011,100mH,W,R1,,,,0,7,0,no WA races loaded for this year/event,,https://github.com/ofiore/Thesis/blob/3cf1db7adebb493f3a5c2e957a1b09cf0986a7cd/Data/rxntime.csv
1250,WCH,2011,100mH,W,R1,,,,0,7,0,no WA races loaded for this year/event,,https://github.com/ofiore/Thesis/blob/3cf1db7adebb493f3a5c2e957a1b09cf0986a7cd/Data/rxntime.csv
1251,WCH,2011,100mH,W,SF,,,,0,8,0,no WA races loaded for this year/event,,https://github.com/ofiore/Thesis/blob/3cf1db7adebb493f3a5c2e957a1b09cf0986a7cd/Data/rxntime.csv
1252,WCH,2011,100mH,W,SF,,,,0,8,0,no WA races loaded for this year/event,,https://github.com/ofiore/Thesis/blob/3cf1db7adebb493f3a5c2e957a1b09cf0986a7cd/Data/rxntime.csv
1253,WCH,2011,100mH,W,SF,,,,0,8,0,no WA races loaded for this year/event,,https://github.com/ofiore/Thesis/blob/3cf1db7adebb493f3a5c2e957a1b09cf0986a7cd/Data/rxntime.csv
1254,WCH,2011,100mH,W,SF,,,,0,8,0,no WA races loaded for this year/event,,https://github.com/ofiore/Thesis/blob/3cf1db7adebb493f3a5c2e957a1b09cf0986a7cd/Data/rxntime.csv
1255,WCH,2011,100mH,W,SF,,,,0,8,0,no WA races loaded for this year/event,,https://github.com/ofiore/Thesis/blob/3cf1db7adebb493f3a5c2e957a1b09cf0986a7cd/Data/rxntime.csv
1256,WCH,2011,100mH,W,SF,,,,0,8,0,no WA races loaded for this year/event,,https://github.com/ofiore/Thesis/blob/3cf1db7adebb493f3a5c2e957a1b09cf0986a7cd/Data/rxntime.csv
1257,WCH,2011,100mH,W,SF,,,,0,8,0,no WA races loaded for this year/event,,https://github.com/ofiore/Thesis/blob/3cf1db7adebb493f3a5c2e957a1b09cf0986a7cd/Data/rxntime.csv
1258,WCH,2011,100mH,W,SF,,,,0,8,0,no WA races loaded for this year/event,,https://github.com/ofiore/Thesis/blob/3cf1db7adebb493f3a5c2e957a1b09cf0986a7cd/Data/rxntime.csv
1259,WCH,2011,100mH,W,SF,,,,0,8,0,no WA races loaded for this year/event,,https://github.com/ofiore/Thesis/blob/3cf1db7adebb493f3a5c2e957a1b09cf0986a7cd/Data/rxntime.csv
1260,WCH,2011,100mH,W,SF,,,,0,8,0,no WA races loaded for this year/event,,https://github.com/ofiore/Thesis/blob/3cf1db7adebb493f3a5c2e957a1b09cf0986a7cd/Data/rxntime.csv
1261,WCH,2011,100mH,W,SF,,,,0,8,0,no WA races loaded for this year/event,,https://github.com/ofiore/Thesis/blob/3cf1db7adebb493f3a5c2e957a1b09cf0986a7cd/Data/rxntime.csv
1262,WCH,2011,100mH,W,SF,,,,0,8,0,no WA races loaded for this year/event,,https://github.com/ofiore/Thesis/blob/3cf1db7adebb493f3a5c2e957a1b09cf0986a7cd/Data/rxntime.csv
1263,WCH,2011,100mH,W,SF,,,,0,8,0,no WA races loaded for this year/event,,https://github.com/ofiore/Thesis/blob/3cf1db7adebb493f3a5c2e957a1b09cf0986a7cd/Data/rxntime.csv
1264,WCH,2011,100mH,W,SF,,,,0,8,0,no WA races loaded for this year/event,,https://github.com/ofiore/Thesis/blob/3cf1db7adebb493f3a5c2e957a1b09cf0986a7cd/Data/rxntime.csv
1265,WCH,2011,100mH,W,SF,,,,0,8,0,no WA races loaded for this year/event,,https://github.com/ofiore/Thesis/blob/3cf1db7adebb493f3a5c2e957a1b09cf0986a7cd/Data/rxntime.csv
1266,WCH,2011,100mH,W,SF,,,,0,8,0,no WA races loaded for this year/event,,https://github.com/ofiore/Thesis/blob/3cf1db7adebb493f3a5c2e957a1b09cf0986a7cd/Data/rxntime.csv
1267,WCH,2011,100mH,W,SF,,,,0,7,0,no WA races loaded for this year/event,,https://github.com/ofiore/Thesis/blob/3cf1db7adebb493f3a5c2e957a1b09cf0986a7cd/Data/rxntime.csv
1268,WCH,2011,100mH,W,SF,,,,0,7,0,no WA races loaded for this year/event,,https://github.com/ofiore/Thesis/blob/3cf1db7adebb493f3a5c2e957a1b09cf0986a7cd/Data/rxntime.csv
1269,WCH,2011,100mH,W,SF,,,,0,7,0,no WA races loaded for this year/event,,https://github.com/ofiore/Thesis/blob/3cf1db7adebb493f3a5c2e957a1b09cf0986a7cd/Data/rxntime.csv
1270,WCH,2011,100mH,W,SF,,,,0,7,0,no WA races loaded for this year/event,,https://github.com/ofiore/Thesis/blob/3cf1db7adebb493f3a5c2e957a1b09cf0986a7cd/Data/rxntime.csv
1271,WCH,2011,100mH,W,SF,,,,0,7,0,no WA races loaded for this year/event,,https://github.com/ofiore/Thesis/blob/3cf1db7adebb493f3a5c2e957a1b09cf0986a7cd/Data/rxntime.csv
1272,WCH,2011,100mH,W,SF,,,,0,7,0,no WA races loaded for this year/event,,https://github.com/ofiore/Thesis/blob/3cf1db7adebb493f3a5c2e957a1b09cf0986a7cd/Data/rxntime.csv
1273,WCH,2011,100mH,W,SF,,,,0,7,0,no WA races loaded for this year/event,,https://github.com/ofiore/Thesis/blob/3cf1db7adebb493f3a5c2e957a1b09cf0986a7cd/Data/rxntime.csv
1274,WCH,2011,100mH,W,F,,,,0,8,0,no WA races loaded for this year/event,,https://github.com/ofiore/Thesis/blob/3cf1db7adebb493f3a5c2e957a1b09cf0986a7cd/Data/rxntime.csv
1275,WCH,2011,100mH,W,F,,,,0,8,0,no WA races loaded for this year/event,,https://github.com/ofiore/Thesis/blob/3cf1db7adebb493f3a5c2e957a1b09cf0986a7cd/Data/rxntime.csv
1276,WCH,2011,100mH,W,F,,,,0,8,0,no WA races loaded for this year/event,,https://github.com/ofiore/Thesis/blob/3cf1db7adebb493f3a5c2e957a1b09cf0986a7cd/Data/rxntime.csv
1277,WCH,2011,100mH,W,F,,,,0,8,0,no WA races loaded for this year/event,,https://github.com/ofiore/Thesis/blob/3cf1db7adebb493f3a5c2e957a1b09cf0986a7cd/Data/rxntime.csv
1278,WCH,2011,100mH,W,F,,,,0,8,0,no WA races loaded for this year/event,,https://github.com/ofiore/Thesis/blob/3cf1db7adebb493f3a5c2e957a1b09cf0986a7cd/Data/rxntime.csv
1279,WCH,2011,100mH,W,F,,,,0,8,0,no WA races loaded for this year/event,,https://github.com/ofiore/Thesis/blob/3cf1db7adebb493f3a5c2e957a1b09cf0986a7cd/Data/rxntime.csv
1280,WCH,2011,100mH,W,F,,,,0,8,0,no WA races loaded for this year/event,,https://github.com/ofiore/Thesis/blob/3cf1db7adebb493f3a5c2e957a1b09cf0986a7cd/Data/rxntime.csv
1281,WCH,2011,100mH,W,F,,,,0,8,0,no WA races loaded for this year/event,,https://github.com/ofiore/Thesis/blob/3cf1db7adebb493f3a5c2e957a1b09cf0986a7cd/Data/rxntime.csv
1282,WCH,2009,100mH,W,R1,,,,0,7,0,no WA races loaded for this year/event,,https://github.com/ofiore/Thesis/blob/3cf1db7adebb493f3a5c2e957a1b09cf0986a7cd/Data/rxntime.csv
1283,WCH,2009,100mH,W,R1,,,,0,7,0,no WA races loaded for this year/event,,https://github.com/ofiore/Thesis/blob/3cf1db7adebb493f3a5c2e957a1b09cf0986a7cd/Data/rxntime.csv
1284,WCH,2009,100mH,W,R1,,,,0,7,0,no WA races loaded for this year/event,,https://github.com/ofiore/Thesis/blob/3cf1db7adebb493f3a5c2e957a1b09cf0986a7cd/Data/rxntime.csv
1285,WCH,2009,100mH,W,R1,,,,0,7,0,no WA races loaded for this year/event,,https://github.com/ofiore/Thesis/blob/3cf1db7adebb493f3a5c2e957a1b09cf0986a7cd/Data/rxntime.csv
1286,WCH,2009,100mH,W,R1,,,,0,7,0,no WA races loaded for this year/event,,https://github.com/ofiore/Thesis/blob/3cf1db7adebb493f3a5c2e957a1b09cf0986a7cd/Data/rxntime.csv
1287,WCH,2009,100mH,W,R1,,,,0,7,0,no WA races loaded for this year/event,,https://github.com/ofiore/Thesis/blob/3cf1db7adebb493f3a5c2e957a1b09cf0986a7cd/Data/rxntime.csv
1288,WCH,2009,100mH,W,R1,,,,0,7,0,no WA races loaded for this year/event,,https://github.com/ofiore/Thesis/blob/3cf1db7adebb493f3a5c2e957a1b09cf0986a7cd/Data/rxntime.csv
1289,WCH,2009,100mH,W,R1,,,,0,8,0,no WA races loaded for this year/event,,https://github.com/ofiore/Thesis/blob/3cf1db7adebb493f3a5c2e957a1b09cf0986a7cd/Data/rxntime.csv
1290,WCH,2009,100mH,W,R1,,,,0,8,0,no WA races loaded for this year/event,,https://github.com/ofiore/Thesis/blob/3cf1db7adebb493f3a5c2e957a1b09cf0986a7cd/Data/rxntime.csv
1291,WCH,2009,100mH,W,R1,,,,0,8,0,no WA races loaded for this year/event,,https://github.com/ofiore/Thesis/blob/3cf1db7adebb493f3a5c2e957a1b09cf0986a7cd/Data/rxntime.csv
1292,WCH,2009,100mH,W,R1,,,,0,8,0,no WA races loaded for this year/event,,https://github.com/ofiore/Thesis/blob/3cf1db7adebb493f3a5c2e957a1b09cf0986a7cd/Data/rxntime.csv
1293,WCH,2009,100mH,W,R1,,,,0,8,0,no WA races loaded for this year/event,,https://github.com/ofiore/Thesis/blob/3cf1db7adebb493f3a5c2e957a1b09cf0986a7cd/Data/rxntime.csv
1294,WCH,2009,100mH,W,R1,,,,0,8,0,no WA races loaded for this year/event,,https://github.com/ofiore/Thesis/blob/3cf1db7adebb493f3a5c2e957a1b09cf0986a7cd/Data/rxntime.csv
1295,WCH,2009,100mH,W,R1,,,,0,8,0,no WA races loaded for this year/event,,https://github.com/ofiore/Thesis/blob/3cf1db7adebb493f3a5c2e957a1b09cf0986a7cd/Data/rxntime.csv
1296,WCH,2009,100mH,W,R1,,,,0,8,0,no WA races loaded for this year/event,,https://github.com/ofiore/Thesis/blob/3cf1db7adebb493f3a5c2e957a1b09cf0986a7cd/Data/rxntime.csv
1297,WCH,2009,100mH,W,R1,,,,0,8,0,no WA races loaded for this year/event,,https://github.com/ofiore/Thesis/blob/3cf1db7adebb493f3a5c2e957a1b09cf0986a7cd/Data/rxntime.csv
1298,WCH,2009,100mH,W,R1,,,,0,8,0,no WA races loaded for this year/event,,https://github.com/ofiore/Thesis/blob/3cf1db7adebb493f3a5c2e957a1b09cf0986a7cd/Data/rxntime.csv
1299,WCH,2009,100mH,W,R1,,,,0,8,0,no WA races loaded for this year/event,,https://github.com/ofiore/Thesis/blob/3cf1db7adebb493f3a5c2e957a1b09cf0986a7cd/Data/rxntime.csv
1300,WCH,2009,100mH,W,R1,,,,0,8,0,no WA races loaded for this year/event,,https://github.com/ofiore/Thesis/blob/3cf1db7adebb493f3a5c2e957a1b09cf0986a7cd/Data/rxntime.csv
1301,WCH,2009,100mH,W,R1,,,,0,8,0,no WA races loaded for this year/event,,https://github.com/ofiore/Thesis/blob/3cf1db7adebb493f3a5c2e957a1b09cf0986a7cd/Data/rxntime.csv
1302,WCH,2009,100mH,W,R1,,,,0,8,0,no WA races loaded for this year/event,,https://github.com/ofiore/Thesis/blob/3cf1db7adebb493f3a5c2e957a1b09cf0986a7cd/Data/rxntime.csv
1303,WCH,2009,100mH,W,R1,,,,0,8,0,no WA races loaded for this year/event,,https://github.com/ofiore/Thesis/blob/3cf1db7adebb493f3a5c2e957a1b09cf0986a7cd/Data/rxntime.csv
1304,WCH,2009,100mH,W,R1,,,,0,8,0,no WA races loaded for this year/event,,https://github.com/ofiore/Thesis/blob/3cf1db7adebb493f3a5c2e957a1b09cf0986a7cd/Data/rxntime.csv
1305,WCH,2009,100mH,W,R1,,,,0,7,0,no WA races loaded for this year/event,,https://github.com/ofiore/Thesis/blob/3cf1db7adebb493f3a5c2e957a1b09cf0986a7cd/Data/rxntime.csv
1306,WCH,2009,100mH,W,R1,,,,0,7,0,no WA races loaded for this year/event,,https://github.com/ofiore/Thesis/blob/3cf1db7adebb493f3a5c2e957a1b09cf0986a7cd/Data/rxntime.csv
1307,WCH,2009,100mH,W,R1,,,,0,7,0,no WA races loaded for this year/event,,https://github.com/ofiore/Thesis/blob/3cf1db7adebb493f3a5c2e957a1b09cf0986a7cd/Data/rxntime.csv
1308,WCH,2009,100mH,W,R1,,,,0,7,0,no WA races loaded for this year/event,,https://github.com/ofiore/Thesis/blob/3cf1db7adebb493f3a5c2e957a1b09cf0986a7cd/Data/rxntime.csv
1309,WCH,2009,100mH,W,R1,,,,0,7,0,no WA races loaded for this year/event,,https://github.com/ofiore/Thesis/blob/3cf1db7adebb493f3a5c2e957a1b09cf0986a7cd/Data/rxntime.csv
1310,WCH,2009,100mH,W,R1,,,,0,7,0,no WA races loaded for this year/event,,https://github.com/ofiore/Thesis/blob/3cf1db7adebb493f3a5c2e957a1b09cf0986a7cd/Data/rxntime.csv
1311,WCH,2009,100mH,W,R1,,,,0,7,0,no WA races loaded for this year/event,,https://github.com/ofiore/Thesis/blob/3cf1db7adebb493f3a5c2e957a1b09cf0986a7cd/Data/rxntime.csv
1312,WCH,2009,100mH,W,R1,,,,0,8,0,no WA races loaded for this year/event,,https://github.com/ofiore/Thesis/blob/3cf1db7adebb493f3a5c2e957a1b09cf0986a7cd/Data/rxntime.csv
1313,WCH,2009,100mH,W,R1,,,,0,8,0,no WA races loaded for this year/event,,https://github.com/ofiore/Thesis/blob/3cf1db7adebb493f3a5c2e957a1b09cf0986a7cd/Data/rxntime.csv
1314,WCH,2009,100mH,W,R1,,,,0,8,0,no WA races loaded for this year/event,,https://github.com/ofiore/Thesis/blob/3cf1db7adebb493f3a5c2e957a1b09cf0986a7cd/Data/rxntime.csv
1315,WCH,2009,100mH,W,R1,,,,0,8,0,no WA races loaded for this year/event,,https://github.com/ofiore/Thesis/blob/3cf1db7adebb493f3a5c2e957a1b09cf0986a7cd/Data/rxntime.csv
1316,WCH,2009,100mH,W,R1,,,,0,8,0,no WA races loaded for this year/event,,https://github.com/ofiore/Thesis/blob/3cf1db7adebb493f3a5c2e957a1b09cf0986a7cd/Data/rxntime.csv
1317,WCH,2009,100mH,W,R1,,,,0,8,0,no WA races loaded for this year/event,,https://github.com/ofiore/Thesis/blob/3cf1db7adebb493f3a5c2e957a1b09cf0986a7cd/Data/rxntime.csv
1318,WCH,2009,100mH,W,R1,,,,0,8,0,no WA races loaded for this year/event,,https://github.com/ofiore/Thesis/blob/3cf1db7adebb493f3a5c2e957a1b09cf0986a7cd/Data/rxntime.csv
1319,WCH,2009,100mH,W,R1,,,,0,8,0,no WA races loaded for this year/event,,https://github.com/ofiore/Thesis/blob/3cf1db7adebb493f3a5c2e957a1b09cf0986a7cd/Data/rxntime.csv
1320,WCH,2009,100mH,W,SF,,,,0,8,0,no WA races loaded for this year/event,,https://github.com/ofiore/Thesis/blob/3cf1db7adebb493f3a5c2e957a1b09cf0986a7cd/Data/rxntime.csv
1321,WCH,2009,100mH,W,SF,,,,0,8,0,no WA races loaded for this year/event,,https://github.com/ofiore/Thesis/blob/3cf1db7adebb493f3a5c2e957a1b09cf0986a7cd/Data/rxntime.csv
1322,WCH,2009,100mH,W,SF,,,,0,8,0,no WA races loaded for this year/event,,https://github.com/ofiore/Thesis/blob/3cf1db7adebb493f3a5c2e957a1b09cf0986a7cd/Data/rxntime.csv
1323,WCH,2009,100mH,W,SF,,,,0,8,0,no WA races loaded for this year/event,,https://github.com/ofiore/Thesis/blob/3cf1db7adebb493f3a5c2e957a1b09cf0986a7cd/Data/rxntime.csv
1324,WCH,2009,100mH,W,SF,,,,0,8,0,no WA races loaded for this year/event,,https://github.com/ofiore/Thesis/blob/3cf1db7adebb493f3a5c2e957a1b09cf0986a7cd/Data/rxntime.csv
1325,WCH,2009,100mH,W,SF,,,,0,8,0,no WA races loaded for this year/event,,https://github.com/ofiore/Thesis/blob/3cf1db7adebb493f3a5c2e957a1b09cf0986a7cd/Data/rxntime.csv
1326,WCH,2009,100mH,W,SF,,,,0,8,0,no WA races loaded for this year/event,,https://github.com/ofiore/Thesis/blob/3cf1db7adebb493f3a5c2e957a1b09cf0986a7cd/Data/rxntime.csv
1327,WCH,2009,100mH,W,SF,,,,0,8,0,no WA races loaded for this year/event,,https://github.com/ofiore/Thesis/blob/3cf1db7adebb493f3a5c2e957a1b09cf0986a7cd/Data/rxntime.csv
1328,WCH,2009,100mH,W,SF,,,,0,8,0,no WA races loaded for this year/event,,https://github.com/ofiore/Thesis/blob/3cf1db7adebb493f3a5c2e957a1b09cf0986a7cd/Data/rxntime.csv
1329,WCH,2009,100mH,W,SF,,,,0,8,0,no WA races loaded for this year/event,,https://github.com/ofiore/Thesis/blob/3cf1db7adebb493f3a5c2e957a1b09cf0986a7cd/Data/rxntime.csv
1330,WCH,2009,100mH,W,SF,,,,0,8,0,no WA races loaded for this year/event,,https://github.com/ofiore/Thesis/blob/3cf1db7adebb493f3a5c2e957a1b09cf0986a7cd/Data/rxntime.csv
1331,WCH,2009,100mH,W,SF,,,,0,8,0,no WA races loaded for this year/event,,https://github.com/ofiore/Thesis/blob/3cf1db7adebb493f3a5c2e957a1b09cf0986a7cd/Data/rxntime.csv
1332,WCH,2009,100mH,W,SF,,,,0,8,0,no WA races loaded for this year/event,,https://github.com/ofiore/Thesis/blob/3cf1db7adebb493f3a5c2e957a1b09cf0986a7cd/Data/rxntime.csv
1333,WCH,2009,100mH,W,SF,,,,0,8,0,no WA races loaded for this year/event,,https://github.com/ofiore/Thesis/blob/3cf1db7adebb493f3a5c2e957a1b09cf0986a7cd/Data/rxntime.csv
1334,WCH,2009,100mH,W,SF,,,,0,8,0,no WA races loaded for this year/event,,https://github.com/ofiore/Thesis/blob/3cf1db7adebb493f3a5c2e957a1b09cf0986a7cd/Data/rxntime.csv
1335,WCH,2009,100mH,W,SF,,,,0,8,0,no WA races loaded for this year/event,,https://github.com/ofiore/Thesis/blob/3cf1db7adebb493f3a5c2e957a1b09cf0986a7cd/Data/rxntime.csv
1336,WCH,2009,100mH,W,SF,,,,0,8,0,no WA races loaded for this year/event,,https://github.com/ofiore/Thesis/blob/3cf1db7adebb493f3a5c2e957a1b09cf0986a7cd/Data/rxntime.csv
1337,WCH,2009,100mH,W,SF,,,,0,8,0,no WA races loaded for this year/event,,https://github.com/ofiore/Thesis/blob/3cf1db7adebb493f3a5c2e957a1b09cf0986a7cd/Data/rxntime.csv
1338,WCH,2009,100mH,W,SF,,,,0,8,0,no WA races loaded for this year/event,,https://github.com/ofiore/Thesis/blob/3cf1db7adebb493f3a5c2e957a1b09cf0986a7cd/Data/rxntime.csv
1339,WCH,2009,100mH,W,SF,,,,0,8,0,no WA races loaded for this year/event,,https://github.com/ofiore/Thesis/blob/3cf1db7adebb493f3a5c2e957a1b09cf0986a7cd/Data/rxntime.csv
1340,WCH,2009,100mH,W,SF,,,,0,8,0,no WA races loaded for this year/event,,https://github.com/ofiore/Thesis/blob/3cf1db7adebb493f3a5c2e957a1b09cf0986a7cd/Data/rxntime.csv
1341,WCH,2009,100mH,W,SF,,,,0,8,0,no WA races loaded for this year/event,,https://github.com/ofiore/Thesis/blob/3cf1db7adebb493f3a5c2e957a1b09cf0986a7cd/Data/rxntime.csv
1342,WCH,2009,100mH,W,SF,,,,0,8,0,no WA races loaded for this year/event,,https://github.com/ofiore/Thesis/blob/3cf1db7adebb493f3a5c2e957a1b09cf0986a7cd/Data/rxntime.csv
1343,WCH,2009,100mH,W,SF,,,,0,8,0,no WA races loaded for this year/event,,https://github.com/ofiore/Thesis/blob/3cf1db7adebb493f3a5c2e957a1b09cf0986a7cd/Data/rxntime.csv
1344,WCH,2009,100mH,W,F,,,,0,8,0,no WA races loaded for this year/event,,https://github.com/ofiore/Thesis/blob/3cf1db7adebb493f3a5c2e957a1b09cf0986a7cd/Data/rxntime.csv
1345,WCH,2009,100mH,W,F,,,,0,8,0,no WA races loaded for this year/event,,https://github.com/ofiore/Thesis/blob/3cf1db7adebb493f3a5c2e957a1b09cf0986a7cd/Data/rxntime.csv
1346,WCH,2009,100mH,W,F,,,,0,8,0,no WA races loaded for this year/event,,https://github.com/ofiore/Thesis/blob/3cf1db7adebb493f3a5c2e957a1b09cf0986a7cd/Data/rxntime.csv
1347,WCH,2009,100mH,W,F,,,,0,8,0,no WA races loaded for this year/event,,https://github.com/ofiore/Thesis/blob/3cf1db7adebb493f3a5c2e957a1b09cf0986a7cd/Data/rxntime.csv
1348,WCH,2009,100mH,W,F,,,,0,8,0,no WA races loaded for this year/event,,https://github.com/ofiore/Thesis/blob/3cf1db7adebb493f3a5c2e957a1b09cf0986a7cd/Data/rxntime.csv
1349,WCH,2009,100mH,W,F,,,,0,8,0,no WA races loaded for this year/event,,https://github.com/ofiore/Thesis/blob/3cf1db7adebb493f3a5c2e957a1b09cf0986a7cd/Data/rxntime.csv
1350,WCH,2009,100mH,W,F,,,,0,8,0,no WA races loaded for this year/event,,https://github.com/ofiore/Thesis/blob/3cf1db7adebb493f3a5c2e957a1b09cf0986a7cd/Data/rxntime.csv
1351,WCH,2009,100mH,W,F,,,,0,8,0,no WA races loaded for this year/event,,https://github.com/ofiore/Thesis/blob/3cf1db7adebb493f3a5c2e957a1b09cf0986a7cd/Data/rxntime.csv
1352,WCH,2007,100mH,W,R1,,,,0,9,0,no WA races loaded for this year/event,,https://github.com/ofiore/Thesis/blob/3cf1db7adebb493f3a5c2e957a1b09cf0986a7cd/Data/rxntime.csv
1353,WCH,2007,100mH,W,R1,,,,0,9,0,no WA races loaded for this year/event,,https://github.com/ofiore/Thesis/blob/3cf1db7adebb493f3a5c2e957a1b09cf0986a7cd/Data/rxntime.csv
1354,WCH,2007,100mH,W,R1,,,,0,9,0,no WA races loaded for this year/event,,https://github.com/ofiore/Thesis/blob/3cf1db7adebb493f3a5c2e957a1b09cf0986a7cd/Data/rxntime.csv
1355,WCH,2007,100mH,W,R1,,,,0,9,0,no WA races loaded for this year/event,,https://github.com/ofiore/Thesis/blob/3cf1db7adebb493f3a5c2e957a1b09cf0986a7cd/Data/rxntime.csv
1356,WCH,2007,100mH,W,R1,,,,0,9,0,no WA races loaded for this year/event,,https://github.com/ofiore/Thesis/blob/3cf1db7adebb493f3a5c2e957a1b09cf0986a7cd/Data/rxntime.csv
1357,WCH,2007,100mH,W,R1,,,,0,9,0,no WA races loaded for this year/event,,https://github.com/ofiore/Thesis/blob/3cf1db7adebb493f3a5c2e957a1b09cf0986a7cd/Data/rxntime.csv
1358,WCH,2007,100mH,W,R1,,,,0,9,0,no WA races loaded for this year/event,,https://github.com/ofiore/Thesis/blob/3cf1db7adebb493f3a5c2e957a1b09cf0986a7cd/Data/rxntime.csv
1359,WCH,2007,100mH,W,R1,,,,0,9,0,no WA races loaded for this year/event,,https://github.com/ofiore/Thesis/blob/3cf1db7adebb493f3a5c2e957a1b09cf0986a7cd/Data/rxntime.csv
1360,WCH,2007,100mH,W,R1,,,,0,9,0,no WA races loaded for this year/event,,https://github.com/ofiore/Thesis/blob/3cf1db7adebb493f3a5c2e957a1b09cf0986a7cd/Data/rxntime.csv
1361,WCH,2007,100mH,W,R1,,,,0,8,0,no WA races loaded for this year/event,,https://github.com/ofiore/Thesis/blob/3cf1db7adebb493f3a5c2e957a1b09cf0986a7cd/Data/rxntime.csv
1362,WCH,2007,100mH,W,R1,,,,0,8,0,no WA races loaded for this year/event,,https://github.com/ofiore/Thesis/blob/3cf1db7adebb493f3a5c2e957a1b09cf0986a7cd/Data/rxntime.csv
1363,WCH,2007,100mH,W,R1,,,,0,8,0,no WA races loaded for this year/event,,https://github.com/ofiore/Thesis/blob/3cf1db7adebb493f3a5c2e957a1b09cf0986a7cd/Data/rxntime.csv
1364,WCH,2007,100mH,W,R1,,,,0,8,0,no WA races loaded for this year/event,,https://github.com/ofiore/Thesis/blob/3cf1db7adebb493f3a5c2e957a1b09cf0986a7cd/Data/rxntime.csv
1365,WCH,2007,100mH,W,R1,,,,0,8,0,no WA races loaded for this year/event,,https://github.com/ofiore/Thesis/blob/3cf1db7adebb493f3a5c2e957a1b09cf0986a7cd/Data/rxntime.csv
1366,WCH,2007,100mH,W,R1,,,,0,8,0,no WA races loaded for this year/event,,https://github.com/ofiore/Thesis/blob/3cf1db7adebb493f3a5c2e957a1b09cf0986a7cd/Data/rxntime.csv
1367,WCH,2007,100mH,W,R1,,,,0,8,0,no WA races loaded for this year/event,,https://github.com/ofiore/Thesis/blob/3cf1db7adebb493f3a5c2e957a1b09cf0986a7cd/Data/rxntime.csv
1368,WCH,2007,100mH,W,R1,,,,0,8,0,no WA races loaded for this year/event,,https://github.com/ofiore/Thesis/blob/3cf1db7adebb493f3a5c2e957a1b09cf0986a7cd/Data/rxntime.csv
1369,WCH,2007,100mH,W,R1,,,,0,9,0,no WA races loaded for this year/event,,https://github.com/ofiore/Thesis/blob/3cf1db7adebb493f3a5c2e957a1b09cf0986a7cd/Data/rxntime.csv
1370,WCH,2007,100mH,W,R1,,,,0,9,0,no WA races loaded for this year/event,,https://github.com/ofiore/Thesis/blob/3cf1db7adebb493f3a5c2e957a1b09cf0986a7cd/Data/rxntime.csv
1371,WCH,2007,100mH,W,R1,,,,0,9,0,no WA races loaded for this year/event,,https://github.com/ofiore/Thesis/blob/3cf1db7adebb493f3a5c2e957a1b09cf0986a7cd/Data/rxntime.csv
1372,WCH,2007,100mH,W,R1,,,,0,9,0,no WA races loaded for this year/event,,https://github.com/ofiore/Thesis/blob/3cf1db7adebb493f3a5c2e957a1b09cf0986a7cd/Data/rxntime.csv
1373,WCH,2007,100mH,W,R1,,,,0,9,0,no WA races loaded for this year/event,,https://github.com/ofiore/Thesis/blob/3cf1db7adebb493f3a5c2e957a1b09cf0986a7cd/Data/rxntime.csv
1374,WCH,2007,100mH,W,R1,,,,0,9,0,no WA races loaded for this year/event,,https://github.com/ofiore/Thesis/blob/3cf1db7adebb493f3a5c2e957a1b09cf0986a7cd/Data/rxntime.csv
1375,WCH,2007,100mH,W,R1,,,,0,9,0,no WA races loaded for this year/event,,https://github.com/ofiore/Thesis/blob/3cf1db7adebb493f3a5c2e957a1b09cf0986a7cd/Data/rxntime.csv
1376,WCH,2007,100mH,W,R1,,,,0,9,0,no WA races loaded for this year/event,,https://github.com/ofiore/Thesis/blob/3cf1db7adebb493f3a5c2e957a1b09cf0986a7cd/Data/rxntime.csv
1377,WCH,2007,100mH,W,R1,,,,0,9,0,no WA races loaded for this year/event,,https://github.com/ofiore/Thesis/blob/3cf1db7adebb493f3a5c2e957a1b09cf0986a7cd/Data/rxntime.csv
1378,WCH,2007,100mH,W,R1,,,,0,8,0,no WA races loaded for this year/event,,https://github.com/ofiore/Thesis/blob/3cf1db7adebb493f3a5c2e957a1b09cf0986a7cd/Data/rxntime.csv
1379,WCH,2007,100mH,W,R1,,,,0,8,0,no WA races loaded for this year/event,,https://github.com/ofiore/Thesis/blob/3cf1db7adebb493f3a5c2e957a1b09cf0986a7cd/Data/rxntime.csv
1380,WCH,2007,100mH,W,R1,,,,0,8,0,no WA races loaded for this year/event,,https://github.com/ofiore/Thesis/blob/3cf1db7adebb493f3a5c2e957a1b09cf0986a7cd/Data/rxntime.csv
1381,WCH,2007,100mH,W,R1,,,,0,8,0,no WA races loaded for this year/event,,https://github.com/ofiore/Thesis/blob/3cf1db7adebb493f3a5c2e957a1b09cf0986a7cd/Data/rxntime.csv
1382,WCH,2007,100mH,W,R1,,,,0,8,0,no WA races loaded for this year/event,,https://github.com/ofiore/Thesis/blob/3cf1db7adebb493f3a5c2e957a1b09cf0986a7cd/Data/rxntime.csv
1383,WCH,2007,100mH,W,R1,,,,0,8,0,no WA races loaded for this year/event,,https://github.com/ofiore/Thesis/blob/3cf1db7adebb493f3a5c2e957a1b09cf0986a7cd/Data/rxntime.csv
1384,WCH,2007,100mH,W,R1,,,,0,8,0,no WA races loaded for this year/event,,https://github.com/ofiore/Thesis/blob/3cf1db7adebb493f3a5c2e957a1b09cf0986a7cd/Data/rxntime.csv
1385,WCH,2007,100mH,W,R1,,,,0,8,0,no WA races loaded for this year/event,,https://github.com/ofiore/Thesis/blob/3cf1db7adebb493f3a5c2e957a1b09cf0986a7cd/Data/rxntime.csv
1386,WCH,2007,100mH,W,SF,,,,0,8,0,no WA races loaded for this year/event,,https://github.com/ofiore/Thesis/blob/3cf1db7adebb493f3a5c2e957a1b09cf0986a7cd/Data/rxntime.csv
1387,WCH,2007,100mH,W,SF,,,,0,8,0,no WA races loaded for this year/event,,https://github.com/ofiore/Thesis/blob/3cf1db7adebb493f3a5c2e957a1b09cf0986a7cd/Data/rxntime.csv
1388,WCH,2007,100mH,W,SF,,,,0,8,0,no WA races loaded for this year/event,,https://github.com/ofiore/Thesis/blob/3cf1db7adebb493f3a5c2e957a1b09cf0986a7cd/Data/rxntime.csv
1389,WCH,2007,100mH,W,SF,,,,0,8,0,no WA races loaded for this year/event,,https://github.com/ofiore/Thesis/blob/3cf1db7adebb493f3a5c2e957a1b09cf0986a7cd/Data/rxntime.csv
1390,WCH,2007,100mH,W,SF,,,,0,8,0,no WA races loaded for this year/event,,https://github.com/ofiore/Thesis/blob/3cf1db7adebb493f3a5c2e957a1b09cf0986a7cd/Data/rxntime.csv
1391,WCH,2007,100mH,W,SF,,,,0,8,0,no WA races loaded for this year/event,,https://github.com/ofiore/Thesis/blob/3cf1db7adebb493f3a5c2e957a1b09cf0986a7cd/Data/rxntime.csv
1392,WCH,2007,100mH,W,SF,,,,0,8,0,no WA races loaded for this year/event,,https://github.com/ofiore/Thesis/blob/3cf1db7adebb493f3a5c2e957a1b09cf0986a7cd/Data/rxntime.csv
1393,WCH,2007,100mH,W,SF,,,,0,8,0,no WA races loaded for this year/event,,https://github.com/ofiore/Thesis/blob/3cf1db7adebb493f3a5c2e957a1b09cf0986a7cd/Data/rxntime.csv
1394,WCH,2007,100mH,W,SF,,,,0,8,0,no WA races loaded for this year/event,,https://github.com/ofiore/Thesis/blob/3cf1db7adebb493f3a5c2e957a1b09cf0986a7cd/Data/rxntime.csv
1395,WCH,2007,100mH,W,SF,,,,0,8,0,no WA races loaded for this year/event,,https://github.com/ofiore/Thesis/blob/3cf1db7adebb493f3a5c2e957a1b09cf0986a7cd/Data/rxntime.csv
1396,WCH,2007,100mH,W,SF,,,,0,8,0,no WA races loaded for this year/event,,https://github.com/ofiore/Thesis/blob/3cf1db7adebb493f3a5c2e957a1b09cf0986a7cd/Data/rxntime.csv
1397,WCH,2007,100mH,W,SF,,,,0,8,0,no WA races loaded for this year/event,,https://github.com/ofiore/Thesis/blob/3cf1db7adebb493f3a5c2e957a1b09cf0986a7cd/Data/rxntime.csv
1398,WCH,2007,100mH,W,SF,,,,0,8,0,no WA races loaded for this year/event,,https://github.com/ofiore/Thesis/blob/3cf1db7adebb493f3a5c2e957a1b09cf0986a7cd/Data/rxntime.csv
1399,WCH,2007,100mH,W,SF,,,,0,8,0,no WA races loaded for this year/event,,https://github.com/ofiore/Thesis/blob/3cf1db7adebb493f3a5c2e957a1b09cf0986a7cd/Data/rxntime.csv
1400,WCH,2007,100mH,W,SF,,,,0,8,0,no WA races loaded for this year/event,,https://github.com/ofiore/Thesis/blob/3cf1db7adebb493f3a5c2e957a1b09cf0986a7cd/Data/rxntime.csv
1401,WCH,2007,100mH,W,SF,,,,0,8,0,no WA races loaded for this year/event,,https://github.com/ofiore/Thesis/blob/3cf1db7adebb493f3a5c2e957a1b09cf0986a7cd/Data/rxntime.csv
1402,WCH,2007,100mH,W,F,,,,0,8,0,no WA races loaded for this year/event,,https://github.com/ofiore/Thesis/blob/3cf1db7adebb493f3a5c2e957a1b09cf0986a7cd/Data/rxntime.csv
1403,WCH,2007,100mH,W,F,,,,0,8,0,no WA races loaded for this year/event,,https://github.com/ofiore/Thesis/blob/3cf1db7adebb493f3a5c2e957a1b09cf0986a7cd/Data/rxntime.csv
1404,WCH,2007,100mH,W,F,,,,0,8,0,no WA races loaded for this year/event,,https://github.com/ofiore/Thesis/blob/3cf1db7adebb493f3a5c2e957a1b09cf0986a7cd/Data/rxntime.csv
1405,WCH,2007,100mH,W,F,,,,0,8,0,no WA races loaded for this year/event,,https://github.com/ofiore/Thesis/blob/3cf1db7adebb493f3a5c2e957a1b09cf0986a7cd/Data/rxntime.csv
1406,WCH,2007,100mH,W,F,,,,0,8,0,no WA races loaded for this year/event,,https://github.com/ofiore/Thesis/blob/3cf1db7adebb493f3a5c2e957a1b09cf0986a7cd/Data/rxntime.csv
1407,WCH,2007,100mH,W,F,,,,0,8,0,no WA races loaded for this year/event,,https://github.com/ofiore/Thesis/blob/3cf1db7adebb493f3a5c2e957a1b09cf0986a7cd/Data/rxntime.csv
1408,WCH,2007,100mH,W,F,,,,0,8,0,no WA races loaded for this year/event,,https://github.com/ofiore/Thesis/blob/3cf1db7adebb493f3a5c2e957a1b09cf0986a7cd/Data/rxntime.csv
1409,WCH,2007,100mH,W,F,,,,0,8,0,no WA races loaded for this year/event,,https://github.com/ofiore/Thesis/blob/3cf1db7adebb493f3a5c2e957a1b09cf0986a7cd/Data/rxntime.csv
1410,WCH,2005,100mH,W,R1,,,,0,6,0,no WA races loaded for this year/event,,https://github.com/ofiore/Thesis/blob/3cf1db7adebb493f3a5c2e957a1b09cf0986a7cd/Data/rxntime.csv
1411,WCH,2005,100mH,W,R1,,,,0,6,0,no WA races loaded for this year/event,,https://github.com/ofiore/Thesis/blob/3cf1db7adebb493f3a5c2e957a1b09cf0986a7cd/Data/rxntime.csv
1412,WCH,2005,100mH,W,R1,,,,0,6,0,no WA races loaded for this year/event,,https://github.com/ofiore/Thesis/blob/3cf1db7adebb493f3a5c2e957a1b09cf0986a7cd/Data/rxntime.csv
1413,WCH,2005,100mH,W,R1,,,,0,6,0,no WA races loaded for this year/event,,https://github.com/ofiore/Thesis/blob/3cf1db7adebb493f3a5c2e957a1b09cf0986a7cd/Data/rxntime.csv
1414,WCH,2005,100mH,W,R1,,,,0,6,0,no WA races loaded for this year/event,,https://github.com/ofiore/Thesis/blob/3cf1db7adebb493f3a5c2e957a1b09cf0986a7cd/Data/rxntime.csv
1415,WCH,2005,100mH,W,R1,,,,0,6,0,no WA races loaded for this year/event,,https://github.com/ofiore/Thesis/blob/3cf1db7adebb493f3a5c2e957a1b09cf0986a7cd/Data/rxntime.csv
1416,WCH,2005,100mH,W,R1,,,,0,8,0,no WA races loaded for this year/event,,https://github.com/ofiore/Thesis/blob/3cf1db7adebb493f3a5c2e957a1b09cf0986a7cd/Data/rxntime.csv
1417,WCH,2005,100mH,W,R1,,,,0,8,0,no WA races loaded for this year/event,,https://github.com/ofiore/Thesis/blob/3cf1db7adebb493f3a5c2e957a1b09cf0986a7cd/Data/rxntime.csv
1418,WCH,2005,100mH,W,R1,,,,0,8,0,no WA races loaded for this year/event,,https://github.com/ofiore/Thesis/blob/3cf1db7adebb493f3a5c2e957a1b09cf0986a7cd/Data/rxntime.csv
1419,WCH,2005,100mH,W,R1,,,,0,8,0,no WA races loaded for this year/event,,https://github.com/ofiore/Thesis/blob/3cf1db7adebb493f3a5c2e957a1b09cf0986a7cd/Data/rxntime.csv
1420,WCH,2005,100mH,W,R1,,,,0,8,0,no WA races loaded for this year/event,,https://github.com/ofiore/Thesis/blob/3cf1db7adebb493f3a5c2e957a1b09cf0986a7cd/Data/rxntime.csv
1421,WCH,2005,100mH,W,R1,,,,0,8,0,no WA races loaded for this year/event,,https://github.com/ofiore/Thesis/blob/3cf1db7adebb493f3a5c2e957a1b09cf0986a7cd/Data/rxntime.csv
1422,WCH,2005,100mH,W,R1,,,,0,8,0,no WA races loaded for this year/event,,https://github.com/ofiore/Thesis/blob/3cf1db7adebb493f3a5c2e957a1b09cf0986a7cd/Data/rxntime.csv
1423,WCH,2005,100mH,W,R1,,,,0,8,0,no WA races loaded for this year/event,,https://github.com/ofiore/Thesis/blob/3cf1db7adebb493f3a5c2e957a1b09cf0986a7cd/Data/rxntime.csv
1424,WCH,2005,100mH,W,R1,,,,0,7,0,no WA races loaded for this year/event,,https://github.com/ofiore/Thesis/blob/3cf1db7adebb493f3a5c2e957a1b09cf0986a7cd/Data/rxntime.csv
1425,WCH,2005,100mH,W,R1,,,,0,7,0,no WA races loaded for this year/event,,https://github.com/ofiore/Thesis/blob/3cf1db7adebb493f3a5c2e957a1b09cf0986a7cd/Data/rxntime.csv
1426,WCH,2005,100mH,W,R1,,,,0,7,0,no WA races loaded for this year/event,,https://github.com/ofiore/Thesis/blob/3cf1db7adebb493f3a5c2e957a1b09cf0986a7cd/Data/rxntime.csv
1427,WCH,2005,100mH,W,R1,,,,0,7,0,no WA races loaded for this year/event,,https://github.com/ofiore/Thesis/blob/3cf1db7adebb493f3a5c2e957a1b09cf0986a7cd/Data/rxntime.csv
1428,WCH,2005,100mH,W,R1,,,,0,7,0,no WA races loaded for this year/event,,https://github.com/ofiore/Thesis/blob/3cf1db7adebb493f3a5c2e957a1b09cf0986a7cd/Data/rxntime.csv
1429,WCH,2005,100mH,W,R1,,,,0,7,0,no WA races loaded for this year/event,,https://github.com/ofiore/Thesis/blob/3cf1db7adebb493f3a5c2e957a1b09cf0986a7cd/Data/rxntime.csv
1430,WCH,2005,100mH,W,R1,,,,0,7,0,no WA races loaded for this year/event,,https://github.com/ofiore/Thesis/blob/3cf1db7adebb493f3a5c2e957a1b09cf0986a7cd/Data/rxntime.csv
1431,WCH,2005,100mH,W,R1,,,,0,6,0,no WA races loaded for this year/event,,https://github.com/ofiore/Thesis/blob/3cf1db7adebb493f3a5c2e957a1b09cf0986a7cd/Data/rxntime.csv
1432,WCH,2005,100mH,W,R1,,,,0,6,0,no WA races loaded for this year/event,,https://github.com/ofiore/Thesis/blob/3cf1db7adebb493f3a5c2e957a1b09cf0986a7cd/Data/rxntime.csv
1433,WCH,2005,100mH,W,R1,,,,0,6,0,no WA races loaded for this year/event,,https://github.com/ofiore/Thesis/blob/3cf1db7adebb493f3a5c2e957a1b09cf0986a7cd/Data/rxntime.csv
1434,WCH,2005,100mH,W,R1,,,,0,6,0,no WA races loaded for this year/event,,https://github.com/ofiore/Thesis/blob/3cf1db7adebb493f3a5c2e957a1b09cf0986a7cd/Data/rxntime.csv
1435,WCH,2005,100mH,W,R1,,,,0,6,0,no WA races loaded for this year/event,,https://github.com/ofiore/Thesis/blob/3cf1db7adebb493f3a5c2e957a1b09cf0986a7cd/Data/rxntime.csv
1436,WCH,2005,100mH,W,R1,,,,0,6,0,no WA races loaded for this year/event,,https://github.com/ofiore/Thesis/blob/3cf1db7adebb493f3a5c2e957a1b09cf0986a7cd/Data/rxntime.csv
1437,WCH,2005,100mH,W,R1,,,,0,7,0,no WA races loaded for this year/event,,https://github.com/ofiore/Thesis/blob/3cf1db7adebb493f3a5c2e957a1b09cf0986a7cd/Data/rxntime.csv
1438,WCH,2005,100mH,W,R1,,,,0,7,0,no WA races loaded for this year/event,,https://github.com/ofiore/Thesis/blob/3cf1db7adebb493f3a5c2e957a1b09cf0986a7cd/Data/rxntime.csv
1439,WCH,2005,100mH,W,R1,,,,0,7,0,no WA races loaded for this year/event,,https://github.com/ofiore/Thesis/blob/3cf1db7adebb493f3a5c2e957a1b09cf0986a7cd/Data/rxntime.csv
1440,WCH,2005,100mH,W,R1,,,,0,7,0,no WA races loaded for this year/event,,https://github.com/ofiore/Thesis/blob/3cf1db7adebb493f3a5c2e957a1b09cf0986a7cd/Data/rxntime.csv
1441,WCH,2005,100mH,W,R1,,,,0,7,0,no WA races loaded for this year/event,,https://github.com/ofiore/Thesis/blob/3cf1db7adebb493f3a5c2e957a1b09cf0986a7cd/Data/rxntime.csv
1442,WCH,2005,100mH,W,R1,,,,0,7,0,no WA races loaded for this year/event,,https://github.com/ofiore/Thesis/blob/3cf1db7adebb493f3a5c2e957a1b09cf0986a7cd/Data/rxntime.csv
1443,WCH,2005,100mH,W,R1,,,,0,7,0,no WA races loaded for this year/event,,https://github.com/ofiore/Thesis/blob/3cf1db7adebb493f3a5c2e957a1b09cf0986a7cd/Data/rxntime.csv
1444,WCH,2005,100mH,W,SF,,,,0,8,0,no WA races loaded for this year/event,,https://github.com/ofiore/Thesis/blob/3cf1db7adebb493f3a5c2e957a1b09cf0986a7cd/Data/rxntime.csv
1445,WCH,2005,100mH,W,SF,,,,0,8,0,no WA races loaded for this year/event,,https://github.com/ofiore/Thesis/blob/3cf1db7adebb493f3a5c2e957a1b09cf0986a7cd/Data/rxntime.csv
1446,WCH,2005,100mH,W,SF,,,,0,8,0,no WA races loaded for this year/event,,https://github.com/ofiore/Thesis/blob/3cf1db7adebb493f3a5c2e957a1b09cf0986a7cd/Data/rxntime.csv
1447,WCH,2005,100mH,W,SF,,,,0,8,0,no WA races loaded for this year/event,,https://github.com/ofiore/Thesis/blob/3cf1db7adebb493f3a5c2e957a1b09cf0986a7cd/Data/rxntime.csv
1448,WCH,2005,100mH,W,SF,,,,0,8,0,no WA races loaded for this year/event,,https://github.com/ofiore/Thesis/blob/3cf1db7adebb493f3a5c2e957a1b09cf0986a7cd/Data/rxntime.csv
1449,WCH,2005,100mH,W,SF,,,,0,8,0,no WA races loaded for this year/event,,https://github.com/ofiore/Thesis/blob/3cf1db7adebb493f3a5c2e957a1b09cf0986a7cd/Data/rxntime.csv
1450,WCH,2005,100mH,W,SF,,,,0,8,0,no WA races loaded for this year/event,,https://github.com/ofiore/Thesis/blob/3cf1db7adebb493f3a5c2e957a1b09cf0986a7cd/Data/rxntime.csv
1451,WCH,2005,100mH,W,SF,,,,0,8,0,no WA races loaded for this year/event,,https://github.com/ofiore/Thesis/blob/3cf1db7adebb493f3a5c2e957a1b09cf0986a7cd/Data/rxntime.csv
1452,WCH,2005,100mH,W,SF,,,,0,8,0,no WA races loaded for this year/event,,https://github.com/ofiore/Thesis/blob/3cf1db7adebb493f3a5c2e957a1b09cf0986a7cd/Data/rxntime.csv
1453,WCH,2005,100mH,W,SF,,,,0,8,0,no WA races loaded for this year/event,,https://github.com/ofiore/Thesis/blob/3cf1db7adebb493f3a5c2e957a1b09cf0986a7cd/Data/rxntime.csv
1454,WCH,2005,100mH,W,SF,,,,0,8,0,no WA races loaded for this year/event,,https://github.com/ofiore/Thesis/blob/3cf1db7adebb493f3a5c2e957a1b09cf0986a7cd/Data/rxntime.csv
1455,WCH,2005,100mH,W,SF,,,,0,8,0,no WA races loaded for this year/event,,https://github.com/ofiore/Thesis/blob/3cf1db7adebb493f3a5c2e957a1b09cf0986a7cd/Data/rxntime.csv
1456,WCH,2005,100mH,W,SF,,,,0,8,0,no WA races loaded for this year/event,,https://github.com/ofiore/Thesis/blob/3cf1db7adebb493f3a5c2e957a1b09cf0986a7cd/Data/rxntime.csv
1457,WCH,2005,100mH,W,SF,,,,0,8,0,no WA races loaded for this year/event,,https://github.com/ofiore/Thesis/blob/3cf1db7adebb493f3a5c2e957a1b09cf0986a7cd/Data/rxntime.csv
1458,WCH,2005,100mH,W,SF,,,,0,8,0,no WA races loaded for this year/event,,https://github.com/ofiore/Thesis/blob/3cf1db7adebb493f3a5c2e957a1b09cf0986a7cd/Data/rxntime.csv
1459,WCH,2005,100mH,W,SF,,,,0,8,0,no WA races loaded for this year/event,,https://github.com/ofiore/Thesis/blob/3cf1db7adebb493f3a5c2e957a1b09cf0986a7cd/Data/rxntime.csv
1460,WCH,2005,100mH,W,SF,,,,0,8,0,no WA races loaded for this year/event,,https://github.com/ofiore/Thesis/blob/3cf1db7adebb493f3a5c2e957a1b09cf0986a7cd/Data/rxntime.csv
1461,WCH,2005,100mH,W,SF,,,,0,8,0,no WA races loaded for this year/event,,https://github.com/ofiore/Thesis/blob/3cf1db7adebb493f3a5c2e957a1b09cf0986a7cd/Data/rxntime.csv
1462,WCH,2005,100mH,W,SF,,,,0,8,0,no WA races loaded for this year/event,,https://github.com/ofiore/Thesis/blob/3cf1db7adebb493f3a5c2e957a1b09cf0986a7cd/Data/rxntime.csv
1463,WCH,2005,100mH,W,SF,,,,0,8,0,no WA races loaded for this year/event,,https://github.com/ofiore/Thesis/blob/3cf1db7adebb493f3a5c2e957a1b09cf0986a7cd/Data/rxntime.csv
1464,WCH,2005,100mH,W,SF,,,,0,8,0,no WA races loaded for this year/event,,https://github.com/ofiore/Thesis/blob/3cf1db7adebb493f3a5c2e957a1b09cf0986a7cd/Data/rxntime.csv
1465,WCH,2005,100mH,W,SF,,,,0,8,0,no WA races loaded for this year/event,,https://github.com/ofiore/Thesis/blob/3cf1db7adebb493f3a5c2e957a1b09cf0986a7cd/Data/rxntime.csv
1466,WCH,2005,100mH,W,SF,,,,0,8,0,no WA races loaded for this year/event,,https://github.com/ofiore/Thesis/blob/3cf1db7adebb493f3a5c2e957a1b09cf0986a7cd/Data/rxntime.csv
1467,WCH,2005,100mH,W,SF,,,,0,8,0,no WA races loaded for this year/event,,https://github.com/ofiore/Thesis/blob/3cf1db7adebb493f3a5c2e957a1b09cf0986a7cd/Data/rxntime.csv
1468,WCH,2005,100mH,W,F,,,,0,8,0,no WA races loaded for this year/event,,https://github.com/ofiore/Thesis/blob/3cf1db7adebb493f3a5c2e957a1b09cf0986a7cd/Data/rxntime.csv
1469,WCH,2005,100mH,W,F,,,,0,8,0,no WA races loaded for this year/event,,https://github.com/ofiore/Thesis/blob/3cf1db7adebb493f3a5c2e957a1b09cf0986a7cd/Data/rxntime.csv
1470,WCH,2005,100mH,W,F,,,,0,8,0,no WA races loaded for this year/event,,https://github.com/ofiore/Thesis/blob/3cf1db7adebb493f3a5c2e957a1b09cf0986a7cd/Data/rxntime.csv
1471,WCH,2005,100mH,W,F,,,,0,8,0,no WA races loaded for this year/event,,https://github.com/ofiore/Thesis/blob/3cf1db7adebb493f3a5c2e957a1b09cf0986a7cd/Data/rxntime.csv
1472,WCH,2005,100mH,W,F,,,,0,8,0,no WA races loaded for this year/event,,https://github.com/ofiore/Thesis/blob/3cf1db7adebb493f3a5c2e957a1b09cf0986a7cd/Data/rxntime.csv
1473,WCH,2005,100mH,W,F,,,,0,8,0,no WA races loaded for this year/event,,https://github.com/ofiore/Thesis/blob/3cf1db7adebb493f3a5c2e957a1b09cf0986a7cd/Data/rxntime.csv
1474,WCH,2005,100mH,W,F,,,,0,8,0,no WA races loaded for this year/event,,https://github.com/ofiore/Thesis/blob/3cf1db7adebb493f3a5c2e957a1b09cf0986a7cd/Data/rxntime.csv
1475,WCH,2005,100mH,W,F,,,,0,8,0,no WA races loaded for this year/event,,https://github.com/ofiore/Thesis/blob/3cf1db7adebb493f3a5c2e957a1b09cf0986a7cd/Data/rxntime.csv
1476,WCH,2003,100mH,W,R1,,,,0,7,0,no WA races loaded for this year/event,,https://github.com/ofiore/Thesis/blob/3cf1db7adebb493f3a5c2e957a1b09cf0986a7cd/Data/rxntime.csv
1477,WCH,2003,100mH,W,R1,,,,0,7,0,no WA races loaded for this year/event,,https://github.com/ofiore/Thesis/blob/3cf1db7adebb493f3a5c2e957a1b09cf0986a7cd/Data/rxntime.csv
1478,WCH,2003,100mH,W,R1,,,,0,7,0,no WA races loaded for this year/event,,https://github.com/ofiore/Thesis/blob/3cf1db7adebb493f3a5c2e957a1b09cf0986a7cd/Data/rxntime.csv
1479,WCH,2003,100mH,W,R1,,,,0,7,0,no WA races loaded for this year/event,,https://github.com/ofiore/Thesis/blob/3cf1db7adebb493f3a5c2e957a1b09cf0986a7cd/Data/rxntime.csv
1480,WCH,2003,100mH,W,R1,,,,0,7,0,no WA races loaded for this year/event,,https://github.com/ofiore/Thesis/blob/3cf1db7adebb493f3a5c2e957a1b09cf0986a7cd/Data/rxntime.csv
1481,WCH,2003,100mH,W,R1,,,,0,7,0,no WA races loaded for this year/event,,https://github.com/ofiore/Thesis/blob/3cf1db7adebb493f3a5c2e957a1b09cf0986a7cd/Data/rxntime.csv
1482,WCH,2003,100mH,W,R1,,,,0,7,0,no WA races loaded for this year/event,,https://github.com/ofiore/Thesis/blob/3cf1db7adebb493f3a5c2e957a1b09cf0986a7cd/Data/rxntime.csv
1483,WCH,2003,100mH,W,R1,,,,0,8,0,no WA races loaded for this year/event,,https://github.com/ofiore/Thesis/blob/3cf1db7adebb493f3a5c2e957a1b09cf0986a7cd/Data/rxntime.csv
1484,WCH,2003,100mH,W,R1,,,,0,8,0,no WA races loaded for this year/event,,https://github.com/ofiore/Thesis/blob/3cf1db7adebb493f3a5c2e957a1b09cf0986a7cd/Data/rxntime.csv
1485,WCH,2003,100mH,W,R1,,,,0,8,0,no WA races loaded for this year/event,,https://github.com/ofiore/Thesis/blob/3cf1db7adebb493f3a5c2e957a1b09cf0986a7cd/Data/rxntime.csv
1486,WCH,2003,100mH,W,R1,,,,0,8,0,no WA races loaded for this year/event,,https://github.com/ofiore/Thesis/blob/3cf1db7adebb493f3a5c2e957a1b09cf0986a7cd/Data/rxntime.csv
1487,WCH,2003,100mH,W,R1,,,,0,8,0,no WA races loaded for this year/event,,https://github.com/ofiore/Thesis/blob/3cf1db7adebb493f3a5c2e957a1b09cf0986a7cd/Data/rxntime.csv
1488,WCH,2003,100mH,W,R1,,,,0,8,0,no WA races loaded for this year/event,,https://github.com/ofiore/Thesis/blob/3cf1db7adebb493f3a5c2e957a1b09cf0986a7cd/Data/rxntime.csv
1489,WCH,2003,100mH,W,R1,,,,0,8,0,no WA races loaded for this year/event,,https://github.com/ofiore/Thesis/blob/3cf1db7adebb493f3a5c2e957a1b09cf0986a7cd/Data/rxntime.csv
1490,WCH,2003,100mH,W,R1,,,,0,8,0,no WA races loaded for this year/event,,https://github.com/ofiore/Thesis/blob/3cf1db7adebb493f3a5c2e957a1b09cf0986a7cd/Data/rxntime.csv
1491,WCH,2003,100mH,W,R1,,,,0,8,0,no WA races loaded for this year/event,,https://github.com/ofiore/Thesis/blob/3cf1db7adebb493f3a5c2e957a1b09cf0986a7cd/Data/rxntime.csv
1492,WCH,2003,100mH,W,R1,,,,0,8,0,no WA races loaded for this year/event,,https://github.com/ofiore/Thesis/blob/3cf1db7adebb493f3a5c2e957a1b09cf0986a7cd/Data/rxntime.csv
1493,WCH,2003,100mH,W,R1,,,,0,8,0,no WA races loaded for this year/event,,https://github.com/ofiore/Thesis/blob/3cf1db7adebb493f3a5c2e957a1b09cf0986a7cd/Data/rxntime.csv
1494,WCH,2003,100mH,W,R1,,,,0,8,0,no WA races loaded for this year/event,,https://github.com/ofiore/Thesis/blob/3cf1db7adebb493f3a5c2e957a1b09cf0986a7cd/Data/rxntime.csv
1495,WCH,2003,100mH,W,R1,,,,0,8,0,no WA races loaded for this year/event,,https://github.com/ofiore/Thesis/blob/3cf1db7adebb493f3a5c2e957a1b09cf0986a7cd/Data/rxntime.csv
1496,WCH,2003,100mH,W,R1,,,,0,8,0,no WA races loaded for this year/event,,https://github.com/ofiore/Thesis/blob/3cf1db7adebb493f3a5c2e957a1b09cf0986a7cd/Data/rxntime.csv
1497,WCH,2003,100mH,W,R1,,,,0,8,0,no WA races loaded for this year/event,,https://github.com/ofiore/Thesis/blob/3cf1db7adebb493f3a5c2e957a1b09cf0986a7cd/Data/rxntime.csv
1498,WCH,2003,100mH,W,R1,,,,0,8,0,no WA races loaded for this year/event,,https://github.com/ofiore/Thesis/blob/3cf1db7adebb493f3a5c2e957a1b09cf0986a7cd/Data/rxntime.csv
1499,WCH,2003,100mH,W,R1,,,,0,8,0,no WA races loaded for this year/event,,https://github.com/ofiore/Thesis/blob/3cf1db7adebb493f3a5c2e957a1b09cf0986a7cd/Data/rxntime.csv
1500,WCH,2003,100mH,W,R1,,,,0,8,0,no WA races loaded for this year/event,,https://github.com/ofiore/Thesis/blob/3cf1db7adebb493f3a5c2e957a1b09cf0986a7cd/Data/rxntime.csv
1501,WCH,2003,100mH,W,R1,,,,0,8,0,no WA races loaded for this year/event,,https://github.com/ofiore/Thesis/blob/3cf1db7adebb493f3a5c2e957a1b09cf0986a7cd/Data/rxntime.csv
1502,WCH,2003,100mH,W,R1,,,,0,8,0,no WA races loaded for this year/event,,https://github.com/ofiore/Thesis/blob/3cf1db7adebb493f3a5c2e957a1b09cf0986a7cd/Data/rxntime.csv
1503,WCH,2003,100mH,W,R1,,,,0,8,0,no WA races loaded for this year/event,,https://github.com/ofiore/Thesis/blob/3cf1db7adebb493f3a5c2e957a1b09cf0986a7cd/Data/rxntime.csv
1504,WCH,2003,100mH,W,R1,,,,0,8,0,no WA races loaded for this year/event,,https://github.com/ofiore/Thesis/blob/3cf1db7adebb493f3a5c2e957a1b09cf0986a7cd/Data/rxntime.csv
1505,WCH,2003,100mH,W,R1,,,,0,8,0,no WA races loaded for this year/event,,https://github.com/ofiore/Thesis/blob/3cf1db7adebb493f3a5c2e957a1b09cf0986a7cd/Data/rxntime.csv
1506,WCH,2003,100mH,W,R1,,,,0,8,0,no WA races loaded for this year/event,,https://github.com/ofiore/Thesis/blob/3cf1db7adebb493f3a5c2e957a1b09cf0986a7cd/Data/rxntime.csv
1507,WCH,2003,100mH,W,R1,,,,0,6,0,no WA races loaded for this year/event,,https://github.com/ofiore/Thesis/blob/3cf1db7adebb493f3a5c2e957a1b09cf0986a7cd/Data/rxntime.csv
1508,WCH,2003,100mH,W,R1,,,,0,6,0,no WA races loaded for this year/event,,https://github.com/ofiore/Thesis/blob/3cf1db7adebb493f3a5c2e957a1b09cf0986a7cd/Data/rxntime.csv
1509,WCH,2003,100mH,W,R1,,,,0,6,0,no WA races loaded for this year/event,,https://github.com/ofiore/Thesis/blob/3cf1db7adebb493f3a5c2e957a1b09cf0986a7cd/Data/rxntime.csv
1510,WCH,2003,100mH,W,R1,,,,0,6,0,no WA races loaded for this year/event,,https://github.com/ofiore/Thesis/blob/3cf1db7adebb493f3a5c2e957a1b09cf0986a7cd/Data/rxntime.csv
1511,WCH,2003,100mH,W,R1,,,,0,6,0,no WA races loaded for this year/event,,https://github.com/ofiore/Thesis/blob/3cf1db7adebb493f3a5c2e957a1b09cf0986a7cd/Data/rxntime.csv
1512,WCH,2003,100mH,W,R1,,,,0,6,0,no WA races loaded for this year/event,,https://github.com/ofiore/Thesis/blob/3cf1db7adebb493f3a5c2e957a1b09cf0986a7cd/Data/rxntime.csv
1513,WCH,2003,100mH,W,SF,,,,0,7,0,no WA races loaded for this year/event,,https://github.com/ofiore/Thesis/blob/3cf1db7adebb493f3a5c2e957a1b09cf0986a7cd/Data/rxntime.csv
1514,WCH,2003,100mH,W,SF,,,,0,7,0,no WA races loaded for this year/event,,https://github.com/ofiore/Thesis/blob/3cf1db7adebb493f3a5c2e957a1b09cf0986a7cd/Data/rxntime.csv
1515,WCH,2003,100mH,W,SF,,,,0,7,0,no WA races loaded for this year/event,,https://github.com/ofiore/Thesis/blob/3cf1db7adebb493f3a5c2e957a1b09cf0986a7cd/Data/rxntime.csv
1516,WCH,2003,100mH,W,SF,,,,0,7,0,no WA races loaded for this year/event,,https://github.com/ofiore/Thesis/blob/3cf1db7adebb493f3a5c2e957a1b09cf0986a7cd/Data/rxntime.csv
1517,WCH,2003,100mH,W,SF,,,,0,7,0,no WA races loaded for this year/event,,https://github.com/ofiore/Thesis/blob/3cf1db7adebb493f3a5c2e957a1b09cf0986a7cd/Data/rxntime.csv
1518,WCH,2003,100mH,W,SF,,,,0,7,0,no WA races loaded for this year/event,,https://github.com/ofiore/Thesis/blob/3cf1db7adebb493f3a5c2e957a1b09cf0986a7cd/Data/rxntime.csv
1519,WCH,2003,100mH,W,SF,,,,0,7,0,no WA races loaded for this year/event,,https://github.com/ofiore/Thesis/blob/3cf1db7adebb493f3a5c2e957a1b09cf0986a7cd/Data/rxntime.csv
1520,WCH,2003,100mH,W,SF,,,,0,8,0,no WA races loaded for this year/event,,https://github.com/ofiore/Thesis/blob/3cf1db7adebb493f3a5c2e957a1b09cf0986a7cd/Data/rxntime.csv
1521,WCH,2003,100mH,W,SF,,,,0,8,0,no WA races loaded for this year/event,,https://github.com/ofiore/Thesis/blob/3cf1db7adebb493f3a5c2e957a1b09cf0986a7cd/Data/rxntime.csv
1522,WCH,2003,100mH,W,SF,,,,0,8,0,no WA races loaded for this year/event,,https://github.com/ofiore/Thesis/blob/3cf1db7adebb493f3a5c2e957a1b09cf0986a7cd/Data/rxntime.csv
1523,WCH,2003,100mH,W,SF,,,,0,8,0,no WA races loaded for this year/event,,https://github.com/ofiore/Thesis/blob/3cf1db7adebb493f3a5c2e957a1b09cf0986a7cd/Data/rxntime.csv
1524,WCH,2003,100mH,W,SF,,,,0,8,0,no WA races loaded for this year/event,,https://github.com/ofiore/Thesis/blob/3cf1db7adebb493f3a5c2e957a1b09cf0986a7cd/Data/rxntime.csv
1525,WCH,2003,100mH,W,SF,,,,0,8,0,no WA races loaded for this year/event,,https://github.com/ofiore/Thesis/blob/3cf1db7adebb493f3a5c2e957a1b09cf0986a7cd/Data/rxntime.csv
1526,WCH,2003,100mH,W,SF,,,,0,8,0,no WA races loaded for this year/event,,https://github.com/ofiore/Thesis/blob/3cf1db7adebb493f3a5c2e957a1b09cf0986a7cd/Data/rxntime.csv
1527,WCH,2003,100mH,W,SF,,,,0,8,0,no WA races loaded for this year/event,,https://github.com/ofiore/Thesis/blob/3cf1db7adebb493f3a5c2e957a1b09cf0986a7cd/Data/rxntime.csv
1528,WCH,2003,100mH,W,SF,,,,0,8,0,no WA races loaded for this year/event,,https://github.com/ofiore/Thesis/blob/3cf1db7adebb493f3a5c2e957a1b09cf0986a7cd/Data/rxntime.csv
1529,WCH,2003,100mH,W,SF,,,,0,8,0,no WA races loaded for this year/event,,https://github.com/ofiore/Thesis/blob/3cf1db7adebb493f3a5c2e957a1b09cf0986a7cd/Data/rxntime.csv
1530,WCH,2003,100mH,W,SF,,,,0,8,0,no WA races loaded for this year/event,,https://github.com/ofiore/Thesis/blob/3cf1db7adebb493f3a5c2e957a1b09cf0986a7cd/Data/rxntime.csv
1531,WCH,2003,100mH,W,SF,,,,0,8,0,no WA races loaded for this year/event,,https://github.com/ofiore/Thesis/blob/3cf1db7adebb493f3a5c2e957a1b09cf0986a7cd/Data/rxntime.csv
1532,WCH,2003,100mH,W,SF,,,,0,8,0,no WA races loaded for this year/event,,https://github.com/ofiore/Thesis/blob/3cf1db7adebb493f3a5c2e957a1b09cf0986a7cd/Data/rxntime.csv
1533,WCH,2003,100mH,W,SF,,,,0,8,0,no WA races loaded for this year/event,,https://github.com/ofiore/Thesis/blob/3cf1db7adebb493f3a5c2e957a1b09cf0986a7cd/Data/rxntime.csv
1534,WCH,2003,100mH,W,SF,,,,0,8,0,no WA races loaded for this year/event,,https://github.com/ofiore/Thesis/blob/3cf1db7adebb493f3a5c2e957a1b09cf0986a7cd/Data/rxntime.csv
1535,WCH,2003,100mH,W,SF,,,,0,8,0,no WA races loaded for this year/event,,https://github.com/ofiore/Thesis/blob/3cf1db7adebb493f3a5c2e957a1b09cf0986a7cd/Data/rxntime.csv
1536,WCH,2003,100mH,W,F,,,,0,9,0,no WA races loaded for this year/event,,https://github.com/ofiore/Thesis/blob/3cf1db7adebb493f3a5c2e957a1b09cf0986a7cd/Data/rxntime.csv
1537,WCH,2003,100mH,W,F,,,,0,9,0,no WA races loaded for this year/event,,https://github.com/ofiore/Thesis/blob/3cf1db7adebb493f3a5c2e957a1b09cf0986a7cd/Data/rxntime.csv
1538,WCH,2003,100mH,W,F,,,,0,9,0,no WA races loaded for this year/event,,https://github.com/ofiore/Thesis/blob/3cf1db7adebb493f3a5c2e957a1b09cf0986a7cd/Data/rxntime.csv
1539,WCH,2003,100mH,W,F,,,,0,9,0,no WA races loaded for this year/event,,https://github.com/ofiore/Thesis/blob/3cf1db7adebb493f3a5c2e957a1b09cf0986a7cd/Data/rxntime.csv
1540,WCH,2003,100mH,W,F,,,,0,9,0,no WA races loaded for this year/event,,https://github.com/ofiore/Thesis/blob/3cf1db7adebb493f3a5c2e957a1b09cf0986a7cd/Data/rxntime.csv
1541,WCH,2003,100mH,W,F,,,,0,9,0,no WA races loaded for this year/event,,https://github.com/ofiore/Thesis/blob/3cf1db7adebb493f3a5c2e957a1b09cf0986a7cd/Data/rxntime.csv
1542,WCH,2003,100mH,W,F,,,,0,9,0,no WA races loaded for this year/event,,https://github.com/ofiore/Thesis/blob/3cf1db7adebb493f3a5c2e957a1b09cf0986a7cd/Data/rxntime.csv
1543,WCH,2003,100mH,W,F,,,,0,9,0,no WA races loaded for this year/event,,https://github.com/ofiore/Thesis/blob/3cf1db7adebb493f3a5c2e957a1b09cf0986a7cd/Data/rxntime.csv
1544,WCH,2003,100mH,W,F,,,,0,9,0,no WA races loaded for this year/event,,https://github.com/ofiore/Thesis/blob/3cf1db7adebb493f3a5c2e957a1b09cf0986a7cd/Data/rxntime.csv
1545,WCH,2001,100mH,W,R1,,,,0,7,0,no WA races loaded for this year/event,,https://github.com/ofiore/Thesis/blob/3cf1db7adebb493f3a5c2e957a1b09cf0986a7cd/Data/rxntime.csv
1546,WCH,2001,100mH,W,R1,,,,0,7,0,no WA races loaded for this year/event,,https://github.com/ofiore/Thesis/blob/3cf1db7adebb493f3a5c2e957a1b09cf0986a7cd/Data/rxntime.csv
1547,WCH,2001,100mH,W,R1,,,,0,7,0,no WA races loaded for this year/event,,https://github.com/ofiore/Thesis/blob/3cf1db7adebb493f3a5c2e957a1b09cf0986a7cd/Data/rxntime.csv
1548,WCH,2001,100mH,W,R1,,,,0,7,0,no WA races loaded for this year/event,,https://github.com/ofiore/Thesis/blob/3cf1db7adebb493f3a5c2e957a1b09cf0986a7cd/Data/rxntime.csv
1549,WCH,2001,100mH,W,R1,,,,0,7,0,no WA races loaded for this year/event,,https://github.com/ofiore/Thesis/blob/3cf1db7adebb493f3a5c2e957a1b09cf0986a7cd/Data/rxntime.csv
1550,WCH,2001,100mH,W,R1,,,,0,7,0,no WA races loaded for this year/event,,https://github.com/ofiore/Thesis/blob/3cf1db7adebb493f3a5c2e957a1b09cf0986a7cd/Data/rxntime.csv
1551,WCH,2001,100mH,W,R1,,,,0,7,0,no WA races loaded for this year/event,,https://github.com/ofiore/Thesis/blob/3cf1db7adebb493f3a5c2e957a1b09cf0986a7cd/Data/rxntime.csv
1552,WCH,2001,100mH,W,R1,,,,0,7,0,no WA races loaded for this year/event,,https://github.com/ofiore/Thesis/blob/3cf1db7adebb493f3a5c2e957a1b09cf0986a7cd/Data/rxntime.csv
1553,WCH,2001,100mH,W,R1,,,,0,7,0,no WA races loaded for this year/event,,https://github.com/ofiore/Thesis/blob/3cf1db7adebb493f3a5c2e957a1b09cf0986a7cd/Data/rxntime.csv
1554,WCH,2001,100mH,W,R1,,,,0,7,0,no WA races loaded for this year/event,,https://github.com/ofiore/Thesis/blob/3cf1db7adebb493f3a5c2e957a1b09cf0986a7cd/Data/rxntime.csv
1555,WCH,2001,100mH,W,R1,,,,0,7,0,no WA races loaded for this year/event,,https://github.com/ofiore/Thesis/blob/3cf1db7adebb493f3a5c2e957a1b09cf0986a7cd/Data/rxntime.csv
1556,WCH,2001,100mH,W,R1,,,,0,7,0,no WA races loaded for this year/event,,https://github.com/ofiore/Thesis/blob/3cf1db7adebb493f3a5c2e957a1b09cf0986a7cd/Data/rxntime.csv
1557,WCH,2001,100mH,W,R1,,,,0,7,0,no WA races loaded for this year/event,,https://github.com/ofiore/Thesis/blob/3cf1db7adebb493f3a5c2e957a1b09cf0986a7cd/Data/rxntime.csv
1558,WCH,2001,100mH,W,R1,,,,0,7,0,no WA races loaded for this year/event,,https://github.com/ofiore/Thesis/blob/3cf1db7adebb493f3a5c2e957a1b09cf0986a7cd/Data/rxntime.csv
1559,WCH,2001,100mH,W,R1,,,,0,8,0,no WA races loaded for this year/event,,https://github.com/ofiore/Thesis/blob/3cf1db7adebb493f3a5c2e957a1b09cf0986a7cd/Data/rxntime.csv
1560,WCH,2001,100mH,W,R1,,,,0,8,0,no WA races loaded for this year/event,,https://github.com/ofiore/Thesis/blob/3cf1db7adebb493f3a5c2e957a1b09cf0986a7cd/Data/rxntime.csv
1561,WCH,2001,100mH,W,R1,,,,0,8,0,no WA races loaded for this year/event,,https://github.com/ofiore/Thesis/blob/3cf1db7adebb493f3a5c2e957a1b09cf0986a7cd/Data/rxntime.csv
1562,WCH,2001,100mH,W,R1,,,,0,8,0,no WA races loaded for this year/event,,https://github.com/ofiore/Thesis/blob/3cf1db7adebb493f3a5c2e957a1b09cf0986a7cd/Data/rxntime.csv
1563,WCH,2001,100mH,W,R1,,,,0,8,0,no WA races loaded for this year/event,,https://github.com/ofiore/Thesis/blob/3cf1db7adebb493f3a5c2e957a1b09cf0986a7cd/Data/rxntime.csv
1564,WCH,2001,100mH,W,R1,,,,0,8,0,no WA races loaded for this year/event,,https://github.com/ofiore/Thesis/blob/3cf1db7adebb493f3a5c2e957a1b09cf0986a7cd/Data/rxntime.csv
1565,WCH,2001,100mH,W,R1,,,,0,8,0,no WA races loaded for this year/event,,https://github.com/ofiore/Thesis/blob/3cf1db7adebb493f3a5c2e957a1b09cf0986a7cd/Data/rxntime.csv
1566,WCH,2001,100mH,W,R1,,,,0,8,0,no WA races loaded for this year/event,,https://github.com/ofiore/Thesis/blob/3cf1db7adebb493f3a5c2e957a1b09cf0986a7cd/Data/rxntime.csv
1567,WCH,2001,100mH,W,R1,,,,0,7,0,no WA races loaded for this year/event,,https://github.com/ofiore/Thesis/blob/3cf1db7adebb493f3a5c2e957a1b09cf0986a7cd/Data/rxntime.csv
1568,WCH,2001,100mH,W,R1,,,,0,7,0,no WA races loaded for this year/event,,https://github.com/ofiore/Thesis/blob/3cf1db7adebb493f3a5c2e957a1b09cf0986a7cd/Data/rxntime.csv
1569,WCH,2001,100mH,W,R1,,,,0,7,0,no WA races loaded for this year/event,,https://github.com/ofiore/Thesis/blob/3cf1db7adebb493f3a5c2e957a1b09cf0986a7cd/Data/rxntime.csv
1570,WCH,2001,100mH,W,R1,,,,0,7,0,no WA races loaded for this year/event,,https://github.com/ofiore/Thesis/blob/3cf1db7adebb493f3a5c2e957a1b09cf0986a7cd/Data/rxntime.csv
1571,WCH,2001,100mH,W,R1,,,,0,7,0,no WA races loaded for this year/event,,https://github.com/ofiore/Thesis/blob/3cf1db7adebb493f3a5c2e957a1b09cf0986a7cd/Data/rxntime.csv
1572,WCH,2001,100mH,W,R1,,,,0,7,0,no WA races loaded for this year/event,,https://github.com/ofiore/Thesis/blob/3cf1db7adebb493f3a5c2e957a1b09cf0986a7cd/Data/rxntime.csv
1573,WCH,2001,100mH,W,R1,,,,0,7,0,no WA races loaded for this year/event,,https://github.com/ofiore/Thesis/blob/3cf1db7adebb493f3a5c2e957a1b09cf0986a7cd/Data/rxntime.csv
1574,WCH,2001,100mH,W,SF,,,,0,8,0,no WA races loaded for this year/event,,https://github.com/ofiore/Thesis/blob/3cf1db7adebb493f3a5c2e957a1b09cf0986a7cd/Data/rxntime.csv
1575,WCH,2001,100mH,W,SF,,,,0,8,0,no WA races loaded for this year/event,,https://github.com/ofiore/Thesis/blob/3cf1db7adebb493f3a5c2e957a1b09cf0986a7cd/Data/rxntime.csv
1576,WCH,2001,100mH,W,SF,,,,0,8,0,no WA races loaded for this year/event,,https://github.com/ofiore/Thesis/blob/3cf1db7adebb493f3a5c2e957a1b09cf0986a7cd/Data/rxntime.csv
1577,WCH,2001,100mH,W,SF,,,,0,8,0,no WA races loaded for this year/event,,https://github.com/ofiore/Thesis/blob/3cf1db7adebb493f3a5c2e957a1b09cf0986a7cd/Data/rxntime.csv
1578,WCH,2001,100mH,W,SF,,,,0,8,0,no WA races loaded for this year/event,,https://github.com/ofiore/Thesis/blob/3cf1db7adebb493f3a5c2e957a1b09cf0986a7cd/Data/rxntime.csv
1579,WCH,2001,100mH,W,SF,,,,0,8,0,no WA races loaded for this year/event,,https://github.com/ofiore/Thesis/blob/3cf1db7adebb493f3a5c2e957a1b09cf0986a7cd/Data/rxntime.csv
1580,WCH,2001,100mH,W,SF,,,,0,8,0,no WA races loaded for this year/event,,https://github.com/ofiore/Thesis/blob/3cf1db7adebb493f3a5c2e957a1b09cf0986a7cd/Data/rxntime.csv
1581,WCH,2001,100mH,W,SF,,,,0,8,0,no WA races loaded for this year/event,,https://github.com/ofiore/Thesis/blob/3cf1db7adebb493f3a5c2e957a1b09cf0986a7cd/Data/rxntime.csv
1582,WCH,2001,100mH,W,SF,,,,0,8,0,no WA races loaded for this year/event,,https://github.com/ofiore/Thesis/blob/3cf1db7adebb493f3a5c2e957a1b09cf0986a7cd/Data/rxntime.csv
1583,WCH,2001,100mH,W,SF,,,,0,8,0,no WA races loaded for this year/event,,https://github.com/ofiore/Thesis/blob/3cf1db7adebb493f3a5c2e957a1b09cf0986a7cd/Data/rxntime.csv
1584,WCH,2001,100mH,W,SF,,,,0,8,0,no WA races loaded for this year/event,,https://github.com/ofiore/Thesis/blob/3cf1db7adebb493f3a5c2e957a1b09cf0986a7cd/Data/rxntime.csv
1585,WCH,2001,100mH,W,SF,,,,0,8,0,no WA races loaded for this year/event,,https://github.com/ofiore/Thesis/blob/3cf1db7adebb493f3a5c2e957a1b09cf0986a7cd/Data/rxntime.csv
1586,WCH,2001,100mH,W,SF,,,,0,8,0,no WA races loaded for this year/event,,https://github.com/ofiore/Thesis/blob/3cf1db7adebb493f3a5c2e957a1b09cf0986a7cd/Data/rxntime.csv
1587,WCH,2001,100mH,W,SF,,,,0,8,0,no WA races loaded for this year/event,,https://github.com/ofiore/Thesis/blob/3cf1db7adebb493f3a5c2e957a1b09cf0986a7cd/Data/rxntime.csv
1588,WCH,2001,100mH,W,SF,,,,0,8,0,no WA races loaded for this year/event,,https://github.com/ofiore/Thesis/blob/3cf1db7adebb493f3a5c2e957a1b09cf0986a7cd/Data/rxntime.csv
1589,WCH,2001,100mH,W,SF,,,,0,8,0,no WA races loaded for this year/event,,https://github.com/ofiore/Thesis/blob/3cf1db7adebb493f3a5c2e957a1b09cf0986a7cd/Data/rxntime.csv
1590,WCH,2001,100mH,W,F,,,,0,8,0,no WA races loaded for this year/event,,https://github.com/ofiore/Thesis/blob/3cf1db7adebb493f3a5c2e957a1b09cf0986a7cd/Data/rxntime.csv
1591,WCH,2001,100mH,W,F,,,,0,8,0,no WA races loaded for this year/event,,https://github.com/ofiore/Thesis/blob/3cf1db7adebb493f3a5c2e957a1b09cf0986a7cd/Data/rxntime.csv
1592,WCH,2001,100mH,W,F,,,,0,8,0,no WA races loaded for this year/event,,https://github.com/ofiore/Thesis/blob/3cf1db7adebb493f3a5c2e957a1b09cf0986a7cd/Data/rxntime.csv
1593,WCH,2001,100mH,W,F,,,,0,8,0,no WA races loaded for this year/event,,https://github.com/ofiore/Thesis/blob/3cf1db7adebb493f3a5c2e957a1b09cf0986a7cd/Data/rxntime.csv
1594,WCH,2001,100mH,W,F,,,,0,8,0,no WA races loaded for this year/event,,https://github.com/ofiore/Thesis/blob/3cf1db7adebb493f3a5c2e957a1b09cf0986a7cd/Data/rxntime.csv
1595,WCH,2001,100mH,W,F,,,,0,8,0,no WA races loaded for this year/event,,https://github.com/ofiore/Thesis/blob/3cf1db7adebb493f3a5c2e957a1b09cf0986a7cd/Data/rxntime.csv
1596,WCH,2001,100mH,W,F,,,,0,8,0,no WA races loaded for this year/event,,https://github.com/ofiore/Thesis/blob/3cf1db7adebb493f3a5c2e957a1b09cf0986a7cd/Data/rxntime.csv
1597,WCH,2001,100mH,W,F,,,,0,8,0,no WA races loaded for this year/event,,https://github.com/ofiore/Thesis/blob/3cf1db7adebb493f3a5c2e957a1b09cf0986a7cd/Data/rxntime.csv
1598,WCH,2023,110mH,M,R1,WCH2023-110mH-M-R1-H1,Hansle PARCHMENT,3,9,9,0,,,https://github.com/ofiore/Thesis/blob/3cf1db7adebb493f3a5c2e957a1b09cf0986a7cd/Data/rxntime.csv
1599,WCH,2023,110mH,M,R1,WCH2023-110mH-M-R1-H1,Enrique LLOPIS,2,9,9,0,,,https://github.com/ofiore/Thesis/blob/3cf1db7adebb493f3a5c2e957a1b09cf0986a7cd/Data/rxntime.csv
1600,WCH,2023,110mH,M,R1,WCH2023-110mH-M-R1-H1,Sasha ZHOYA,7,9,9,0,,,https://github.com/ofiore/Thesis/blob/3cf1db7adebb493f3a5c2e957a1b09cf0986a7cd/Data/rxntime.csv
1601,WCH,2023,110mH,M,R1,WCH2023-110mH-M-R1-H1,Cordell TINCH,9,9,9,0,,,https://github.com/ofiore/Thesis/blob/3cf1db7adebb493f3a5c2e957a1b09cf0986a7cd/Data/rxntime.csv
1602,WCH,2023,110mH,M,R1,WCH2023-110mH-M-R1-H1,Yaqoub ALYOUHA,1,9,9,0,,,https://github.com/ofiore/Thesis/blob/3cf1db7adebb493f3a5c2e957a1b09cf0986a7cd/Data/rxntime.csv
1603,WCH,2023,110mH,M,R1,WCH2023-110mH-M-R1-H1,Joel BENGTSSON,5,9,9,0,,,https://github.com/ofiore/Thesis/blob/3cf1db7adebb493f3a5c2e957a1b09cf0986a7cd/Data/rxntime.csv
1604,WCH,2023,110mH,M,R1,WCH2023-110mH-M-R1-H1,Saguirou BADAMASSI,4,9,9,0,,,https://github.com/ofiore/Thesis/blob/3cf1db7adebb493f3a5c2e957a1b09cf0986a7cd/Data/rxntime.csv
1605,WCH,2023,110mH,M,R1,WCH2023-110mH-M-R1-H1,Bálint SZELES,6,9,9,0,,,https://github.com/ofiore/Thesis/blob/3cf1db7adebb493f3a5c2e957a1b09cf0986a7cd/Data/rxntime.csv
1606,WCH,2023,110mH,M,R1,WCH2023-110mH-M-R1-H1,Antonio ALKANA,8,9,9,0,,,https://github.com/ofiore/Thesis/blob/3cf1db7adebb493f3a5c2e957a1b09cf0986a7cd/Data/rxntime.csv
1607,WCH,2023,110mH,M,R1,WCH2023-110mH-M-R1-H2,Wilhem BELOCIAN,9,9,9,0,,,https://github.com/ofiore/Thesis/blob/3cf1db7adebb493f3a5c2e957a1b09cf0986a7cd/Data/rxntime.csv
1608,WCH,2023,110mH,M,R1,WCH2023-110mH-M-R1-H2,Shunsuke IZUMIYA,6,9,9,0,,,https://github.com/ofiore/Thesis/blob/3cf1db7adebb493f3a5c2e957a1b09cf0986a7cd/Data/rxntime.csv
1609,WCH,2023,110mH,M,R1,WCH2023-110mH-M-R1-H2,Rafael PEREIRA,4,9,9,0,,,https://github.com/ofiore/Thesis/blob/3cf1db7adebb493f3a5c2e957a1b09cf0986a7cd/Data/rxntime.csv
1610,WCH,2023,110mH,M,R1,WCH2023-110mH-M-R1-H2,Hassane FOFANA,5,9,9,0,,,https://github.com/ofiore/Thesis/blob/3cf1db7adebb493f3a5c2e957a1b09cf0986a7cd/Data/rxntime.csv
1611,WCH,2023,110mH,M,R1,WCH2023-110mH-M-R1-H2,Finley GAIO,7,9,9,0,,,https://github.com/ofiore/Thesis/blob/3cf1db7adebb493f3a5c2e957a1b09cf0986a7cd/Data/rxntime.csv
1612,WCH,2023,110mH,M,R1,WCH2023-110mH-M-R1-H2,Richard DIAWARA,2,9,9,0,,,https://github.com/ofiore/Thesis/blob/3cf1db7adebb493f3a5c2e957a1b09cf0986a7cd/Data/rxntime.csv
1613,WCH,2023,110mH,M,R1,WCH2023-110mH-M-R1-H2,Shenglong ZHU,8,9,9,0,,,https://github.com/ofiore/Thesis/blob/3cf1db7adebb493f3a5c2e957a1b09cf0986a7cd/Data/rxntime.csv
1614,WCH,2023,110mH,M,R1,WCH2023-110mH-M-R1-H2,Krzysztof KILJAN,3,9,9,0,,,https://github.com/ofiore/Thesis/blob/3cf1db7adebb493f3a5c2e957a1b09cf0986a7cd/Data/rxntime.csv
1615,WCH,2023,110mH,M,R1,WCH2023-110mH-M-R1-H2,Jeremie LARARAUDEUSE,1,9,9,0,,,https://github.com/ofiore/Thesis/blob/3cf1db7adebb493f3a5c2e957a1b09cf0986a7cd/Data/rxntime.csv
1616,WCH,2023,110mH,M,R1,WCH2023-110mH-M-R1-H3,Louis François MENDY,6,9,9,0,,,https://github.com/ofiore/Thesis/blob/3cf1db7adebb493f3a5c2e957a1b09cf0986a7cd/Data/rxntime.csv
1617,WCH,2023,110mH,M,R1,WCH2023-110mH-M-R1-H3,Freddie CRITTENDEN,3,9,9,0,,,https://github.com/ofiore/Thesis/blob/3cf1db7adebb493f3a5c2e957a1b09cf0986a7cd/Data/rxntime.csv
1618,WCH,2023,110mH,M,R1,WCH2023-110mH-M-R1-H3,Damian CZYKIER,7,9,9,0,,,https://github.com/ofiore/Thesis/blob/3cf1db7adebb493f3a5c2e957a1b09cf0986a7cd/Data/rxntime.csv
1619,WCH,2023,110mH,M,R1,WCH2023-110mH-M-R1-H3,Lorenzo Ndele SIMONELLI,4,9,9,0,,,https://github.com/ofiore/Thesis/blob/3cf1db7adebb493f3a5c2e957a1b09cf0986a7cd/Data/rxntime.csv
1620,WCH,2023,110mH,M,R1,WCH2023-110mH-M-R1-H3,Jacob MCCORRY,5,9,9,0,,,https://github.com/ofiore/Thesis/blob/3cf1db7adebb493f3a5c2e957a1b09cf0986a7cd/Data/rxntime.csv
1621,WCH,2023,110mH,M,R1,WCH2023-110mH-M-R1-H3,Kuei-Ru CHEN,2,9,9,0,,,https://github.com/ofiore/Thesis/blob/3cf1db7adebb493f3a5c2e957a1b09cf0986a7cd/Data/rxntime.csv
1622,WCH,2023,110mH,M,R1,WCH2023-110mH-M-R1-H3,Rasheem BROWN,1,9,9,0,,,https://github.com/ofiore/Thesis/blob/3cf1db7adebb493f3a5c2e957a1b09cf0986a7cd/Data/rxntime.csv
1623,WCH,2023,110mH,M,R1,WCH2023-110mH-M-R1-H3,Taiga YOKOCHI,9,9,9,0,,,https://github.com/ofiore/Thesis/blob/3cf1db7adebb493f3a5c2e957a1b09cf0986a7cd/Data/rxntime.csv
1624,WCH,2023,110mH,M,R1,WCH2023-110mH-M-R1-H3,Rasheed BROADBELL,8,9,9,0,,,https://github.com/ofiore/Thesis/blob/3cf1db7adebb493f3a5c2e957a1b09cf0986a7cd/Data/rxntime.csv
1625,WCH,2023,110mH,M,R1,WCH2023-110mH-M-R1-H4,Grant HOLLOWAY,5,9,9,0,,,https://github.com/ofiore/Thesis/blob/3cf1db7adebb493f3a5c2e957a1b09cf0986a7cd/Data/rxntime.csv
1626,WCH,2023,110mH,M,R1,WCH2023-110mH-M-R1-H4,Milan TRAJKOVIC,4,9,9,0,,,https://github.com/ofiore/Thesis/blob/3cf1db7adebb493f3a5c2e957a1b09cf0986a7cd/Data/rxntime.csv
1627,WCH,2023,110mH,M,R1,WCH2023-110mH-M-R1-H4,Eduardo RODRIGUES,1,9,9,0,,,https://github.com/ofiore/Thesis/blob/3cf1db7adebb493f3a5c2e957a1b09cf0986a7cd/Data/rxntime.csv
1628,WCH,2023,110mH,M,R1,WCH2023-110mH-M-R1-H4,Jason JOSEPH,2,9,9,0,,,https://github.com/ofiore/Thesis/blob/3cf1db7adebb493f3a5c2e957a1b09cf0986a7cd/Data/rxntime.csv
1629,WCH,2023,110mH,M,R1,WCH2023-110mH-M-R1-H4,Orlando BENNETT,9,9,9,0,,,https://github.com/ofiore/Thesis/blob/3cf1db7adebb493f3a5c2e957a1b09cf0986a7cd/Data/rxntime.csv
1630,WCH,2023,110mH,M,R1,WCH2023-110mH-M-R1-H4,Yves CHERUBIN,6,9,9,0,,,https://github.com/ofiore/Thesis/blob/3cf1db7adebb493f3a5c2e957a1b09cf0986a7cd/Data/rxntime.csv
1631,WCH,2023,110mH,M,R1,WCH2023-110mH-M-R1-H4,Jakub SZYMAŃSKI,3,9,9,0,,,https://github.com/ofiore/Thesis/blob/3cf1db7adebb493f3a5c2e957a1b09cf0986a7cd/Data/rxntime.csv
1632,WCH,2023,110mH,M,R1,WCH2023-110mH-M-R1-H4,David YEFREMOV,8,9,9,0,,,https://github.com/ofiore/Thesis/blob/3cf1db7adebb493f3a5c2e957a1b09cf0986a7cd/Data/rxntime.csv
1633,WCH,2023,110mH,M,R1,WCH2023-110mH-M-R1-H4,Mikdat SEVLER,7,9,9,0,,,https://github.com/ofiore/Thesis/blob/3cf1db7adebb493f3a5c2e957a1b09cf0986a7cd/Data/rxntime.csv
1634,WCH,2023,110mH,M,R1,WCH2023-110mH-M-R1-H5,Tade OJORA,2,9,9,0,,,https://github.com/ofiore/Thesis/blob/3cf1db7adebb493f3a5c2e957a1b09cf0986a7cd/Data/rxntime.csv
1635,WCH,2023,110mH,M,R1,WCH2023-110mH-M-R1-H5,Shunya TAKAYAMA,9,9,9,0,,,https://github.com/ofiore/Thesis/blob/3cf1db7adebb493f3a5c2e957a1b09cf0986a7cd/Data/rxntime.csv
1636,WCH,2023,110mH,M,R1,WCH2023-110mH-M-R1-H5,Daniel ROBERTS,5,9,9,0,,,https://github.com/ofiore/Thesis/blob/3cf1db7adebb493f3a5c2e957a1b09cf0986a7cd/Data/rxntime.csv
1637,WCH,2023,110mH,M,R1,WCH2023-110mH-M-R1-H5,Max HRELJA,7,9,9,0,,,https://github.com/ofiore/Thesis/blob/3cf1db7adebb493f3a5c2e957a1b09cf0986a7cd/Data/rxntime.csv
1638,WCH,2023,110mH,M,R1,WCH2023-110mH-M-R1-H5,Just KWAOU-MATHEY,3,9,9,0,,,https://github.com/ofiore/Thesis/blob/3cf1db7adebb493f3a5c2e957a1b09cf0986a7cd/Data/rxntime.csv
1639,WCH,2023,110mH,M,R1,WCH2023-110mH-M-R1-H5,Gabriel CONSTANTINO,4,9,9,0,,,https://github.com/ofiore/Thesis/blob/3cf1db7adebb493f3a5c2e957a1b09cf0986a7cd/Data/rxntime.csv
1640,WCH,2023,110mH,M,R1,WCH2023-110mH-M-R1-H5,Elmo LAKKA,1,9,9,0,,,https://github.com/ofiore/Thesis/blob/3cf1db7adebb493f3a5c2e957a1b09cf0986a7cd/Data/rxntime.csv
1641,WCH,2023,110mH,M,R1,WCH2023-110mH-M-R1-H5,Amine BOUANANI,6,9,9,0,,,https://github.com/ofiore/Thesis/blob/3cf1db7adebb493f3a5c2e957a1b09cf0986a7cd/Data/rxntime.csv
1642,WCH,2023,110mH,M,R1,WCH2023-110mH-M-R1-H5,Nick ANDREWS,8,9,9,0,,,https://github.com/ofiore/Thesis/blob/3cf1db7adebb493f3a5c2e957a1b09cf0986a7cd/Data/rxntime.csv
1643,WCH,2023,110mH,M,SF,WCH2023-110mH-M-SF-H1,Shunsuke IZUMIYA,6,8,8,0,,,https://github.com/ofiore/Thesis/blob/3cf1db7adebb493f3a5c2e957a1b09cf0986a7cd/Data/rxntime.csv
1644,WCH,2023,110mH,M,SF,WCH2023-110mH-M-SF-H1,Daniel ROBERTS,5,8,8,0,,,https://github.com/ofiore/Thesis/blob/3cf1db7adebb493f3a5c2e957a1b09cf0986a7cd/Data/rxntime.csv
1645,WCH,2023,110mH,M,SF,WCH2023-110mH-M-SF-H1,Just KWAOU-MATHEY,2,8,8,0,,,https://github.com/ofiore/Thesis/blob/3cf1db7adebb493f3a5c2e957a1b09cf0986a7cd/Data/rxntime.csv
1646,WCH,2023,110mH,M,SF,WCH2023-110mH-M-SF-H1,Orlando BENNETT,9,8,8,0,,,https://github.com/ofiore/Thesis/blob/3cf1db7adebb493f3a5c2e957a1b09cf0986a7cd/Data/rxntime.csv
1647,WCH,2023,110mH,M,SF,WCH2023-110mH-M-SF-H1,Tade OJORA,7,8,8,0,,,https://github.com/ofiore/Thesis/blob/3cf1db7adebb493f3a5c2e957a1b09cf0986a7cd/Data/rxntime.csv
1648,WCH,2023,110mH,M,SF,WCH2023-110mH-M-SF-H1,Max HRELJA,8,8,8,0,,,https://github.com/ofiore/Thesis/blob/3cf1db7adebb493f3a5c2e957a1b09cf0986a7cd/Data/rxntime.csv
1649,WCH,2023,110mH,M,SF,WCH2023-110mH-M-SF-H1,Damian CZYKIER,3,8,8,0,,,https://github.com/ofiore/Thesis/blob/3cf1db7adebb493f3a5c2e957a1b09cf0986a7cd/Data/rxntime.csv
1650,WCH,2023,110mH,M,SF,WCH2023-110mH-M-SF-H1,Louis François MENDY,4,8,8,0,,,https://github.com/ofiore/Thesis/blob/3cf1db7adebb493f3a5c2e957a1b09cf0986a7cd/Data/rxntime.csv
1651,WCH,2023,110mH,M,SF,WCH2023-110mH-M-SF-H2,Grant HOLLOWAY,5,9,9,0,,,https://github.com/ofiore/Thesis/blob/3cf1db7adebb493f3a5c2e957a1b09cf0986a7cd/Data/rxntime.csv
1652,WCH,2023,110mH,M,SF,WCH2023-110mH-M-SF-H2,Sasha ZHOYA,7,9,9,0,,,https://github.com/ofiore/Thesis/blob/3cf1db7adebb493f3a5c2e957a1b09cf0986a7cd/Data/rxntime.csv
1653,WCH,2023,110mH,M,SF,WCH2023-110mH-M-SF-H2,Enrique LLOPIS,6,9,9,0,,,https://github.com/ofiore/Thesis/blob/3cf1db7adebb493f3a5c2e957a1b09cf0986a7cd/Data/rxntime.csv
1654,WCH,2023,110mH,M,SF,WCH2023-110mH-M-SF-H2,Cordell TINCH,3,9,9,0,,,https://github.com/ofiore/Thesis/blob/3cf1db7adebb493f3a5c2e957a1b09cf0986a7cd/Data/rxntime.csv
1655,WCH,2023,110mH,M,SF,WCH2023-110mH-M-SF-H2,Milan TRAJKOVIC,4,9,9,0,,,https://github.com/ofiore/Thesis/blob/3cf1db7adebb493f3a5c2e957a1b09cf0986a7cd/Data/rxntime.csv
1656,WCH,2023,110mH,M,SF,WCH2023-110mH-M-SF-H2,Eduardo RODRIGUES,8,9,9,0,,,https://github.com/ofiore/Thesis/blob/3cf1db7adebb493f3a5c2e957a1b09cf0986a7cd/Data/rxntime.csv
1657,WCH,2023,110mH,M,SF,WCH2023-110mH-M-SF-H2,Yves CHERUBIN,9,9,9,0,,,https://github.com/ofiore/Thesis/blob/3cf1db7adebb493f3a5c2e957a1b09cf0986a7cd/Data/rxntime.csv
1658,WCH,2023,110mH,M,SF,WCH2023-110mH-M-SF-H2,Lorenzo Ndele SIMONELLI,2,9,9,0,,,https://github.com/ofiore/Thesis/blob/3cf1db7adebb493f3a5c2e957a1b09cf0986a7cd/Data/rxntime.csv
1659,WCH,2023,110mH,M,SF,WCH2023-110mH-M-SF-H2,Taiga YOKOCHI,1,9,9,0,,,https://github.com/ofiore/Thesis/blob/3cf1db7adebb493f3a5c2e957a1b09cf0986a7cd/Data/rxntime.csv
1660,WCH,2023,110mH,M,SF,WCH2023-110mH-M-SF-H3,Freddie CRITTENDEN,6,8,8,0,,,https://github.com/ofiore/Thesis/blob/3cf1db7adebb493f3a5c2e957a1b09cf0986a7cd/Data/rxntime.csv
1661,WCH,2023,110mH,M,SF,WCH2023-110mH-M-SF-H3,Hansle PARCHMENT,5,8,8,0,,,https://github.com/ofiore/Thesis/blob/3cf1db7adebb493f3a5c2e957a1b09cf0986a7cd/Data/rxntime.csv
1662,WCH,2023,110mH,M,SF,WCH2023-110mH-M-SF-H3,Wilhem BELOCIAN,4,8,8,0,,,https://github.com/ofiore/Thesis/blob/3cf1db7adebb493f3a5c2e957a1b09cf0986a7cd/Data/rxntime.csv
1663,WCH,2023,110mH,M,SF,WCH2023-110mH-M-SF-H3,Jason JOSEPH,8,8,8,0,,,https://github.com/ofiore/Thesis/blob/3cf1db7adebb493f3a5c2e957a1b09cf0986a7cd/Data/rxntime.csv
1664,WCH,2023,110mH,M,SF,WCH2023-110mH-M-SF-H3,Shunya TAKAYAMA,7,8,8,0,,,https://github.com/ofiore/Thesis/blob/3cf1db7adebb493f3a5c2e957a1b09cf0986a7cd/Data/rxntime.csv
1665,WCH,2023,110mH,M,SF,WCH2023-110mH-M-SF-H3,Yaqoub ALYOUHA,2,8,8,0,,,https://github.com/ofiore/Thesis/blob/3cf1db7adebb493f3a5c2e957a1b09cf0986a7cd/Data/rxntime.csv
1666,WCH,2023,110mH,M,SF,WCH2023-110mH-M-SF-H3,Hassane FOFANA,9,8,8,0,,,https://github.com/ofiore/Thesis/blob/3cf1db7adebb493f3a5c2e957a1b09cf0986a7cd/Data/rxntime.csv
1667,WCH,2023,110mH,M,SF,WCH2023-110mH-M-SF-H3,Rafael PEREIRA,3,8,8,0,,,https://github.com/ofiore/Thesis/blob/3cf1db7adebb493f3a5c2e957a1b09cf0986a7cd/Data/rxntime.csv
1668,WCH,2023,110mH,M,F,WCH2023-110mH-M-F-H1,Grant HOLLOWAY,5,8,8,0,,,https://github.com/ofiore/Thesis/blob/3cf1db7adebb493f3a5c2e957a1b09cf0986a7cd/Data/rxntime.csv
1669,WCH,2023,110mH,M,F,WCH2023-110mH-M-F-H1,Hansle PARCHMENT,8,8,8,0,,,https://github.com/ofiore/Thesis/blob/3cf1db7adebb493f3a5c2e957a1b09cf0986a7cd/Data/rxntime.csv
1670,WCH,2023,110mH,M,F,WCH2023-110mH-M-F-H1,Daniel ROBERTS,3,8,8,0,,,https://github.com/ofiore/Thesis/blob/3cf1db7adebb493f3a5c2e957a1b09cf0986a7cd/Data/rxntime.csv
1671,WCH,2023,110mH,M,F,WCH2023-110mH-M-F-H1,Freddie CRITTENDEN,4,8,8,0,,,https://github.com/ofiore/Thesis/blob/3cf1db7adebb493f3a5c2e957a1b09cf0986a7cd/Data/rxntime.csv
1672,WCH,2023,110mH,M,F,WCH2023-110mH-M-F-H1,Shunsuke IZUMIYA,6,8,8,0,,,https://github.com/ofiore/Thesis/blob/3cf1db7adebb493f3a5c2e957a1b09cf0986a7cd/Data/rxntime.csv
1673,WCH,2023,110mH,M,F,WCH2023-110mH-M-F-H1,Sasha ZHOYA,7,8,8,0,,,https://github.com/ofiore/Thesis/blob/3cf1db7adebb493f3a5c2e957a1b09cf0986a7cd/Data/rxntime.csv
1674,WCH,2023,110mH,M,F,WCH2023-110mH-M-F-H1,Jason JOSEPH,9,8,8,0,,,https://github.com/ofiore/Thesis/blob/3cf1db7adebb493f3a5c2e957a1b09cf0986a7cd/Data/rxntime.csv
1675,WCH,2023,110mH,M,F,WCH2023-110mH-M-F-H1,Wilhem BELOCIAN,2,8,8,0,,,https://github.com/ofiore/Thesis/blob/3cf1db7adebb493f3a5c2e957a1b09cf0986a7cd/Data/rxntime.csv
1676,WCH,2023,100m,M,SF,WCH2023-100m-M-SF-H1,Noah LYLES,4,8,8,0,,,https://github.com/ofiore/Thesis/blob/3cf1db7adebb493f3a5c2e957a1b09cf0986a7cd/Data/rxntime.csv
1677,WCH,2023,100m,M,SF,WCH2023-100m-M-SF-H1,Abdul Hakim SANI BROWN,6,8,8,0,,,https://github.com/ofiore/Thesis/blob/3cf1db7adebb493f3a5c2e957a1b09cf0986a7cd/Data/rxntime.csv
1678,WCH,2023,100m,M,SF,WCH2023-100m-M-SF-H1,Ferdinand OMANYALA,5,8,8,0,,,https://github.com/ofiore/Thesis/blob/3cf1db7adebb493f3a5c2e957a1b09cf0986a7cd/Data/rxntime.csv
1679,WCH,2023,100m,M,SF,WCH2023-100m-M-SF-H1,Eugene AMO-DADZIE,7,8,8,0,,,https://github.com/ofiore/Thesis/blob/3cf1db7adebb493f3a5c2e957a1b09cf0986a7cd/Data/rxntime.csv
1680,WCH,2023,100m,M,SF,WCH2023-100m-M-SF-H1,Lamont Marcell JACOBS,3,8,8,0,,,https://github.com/ofiore/Thesis/blob/3cf1db7adebb493f3a5c2e957a1b09cf0986a7cd/Data/rxntime.csv
1681,WCH,2023,100m,M,SF,WCH2023-100m-M-SF-H1,Rohan WATSON,8,8,8,0,,,https://github.com/ofiore/Thesis/blob/3cf1db7adebb493f3a5c2e957a1b09cf0986a7cd/Data/rxntime.csv
1682,WCH,2023,100m,M,SF,WCH2023-100m-M-SF-H1,Dominik KOPEĆ,2,8,8,0,,,https://github.com/ofiore/Thesis/blob/3cf1db7adebb493f3a5c2e957a1b09cf0986a7cd/Data/rxntime.csv
1683,WCH,2023,100m,M,SF,WCH2023-100m-M-SF-H1,Usheoritse ITSEKIRI,9,8,8,0,,,https://github.com/ofiore/Thesis/blob/3cf1db7adebb493f3a5c2e957a1b09cf0986a7cd/Data/rxntime.csv
1684,WCH,2023,100m,M,SF,WCH2023-100m-M-SF-H2,Christian COLEMAN,5,8,8,0,,,https://github.com/ofiore/Thesis/blob/3cf1db7adebb493f3a5c2e957a1b09cf0986a7cd/Data/rxntime.csv
1685,WCH,2023,100m,M,SF,WCH2023-100m-M-SF-H2,Zharnel HUGHES,7,8,8,0,,,https://github.com/ofiore/Thesis/blob/3cf1db7adebb493f3a5c2e957a1b09cf0986a7cd/Data/rxntime.csv
1686,WCH,2023,100m,M,SF,WCH2023-100m-M-SF-H2,Ryiem FORDE,6,8,8,0,,,https://github.com/ofiore/Thesis/blob/3cf1db7adebb493f3a5c2e957a1b09cf0986a7cd/Data/rxntime.csv
1687,WCH,2023,100m,M,SF,WCH2023-100m-M-SF-H2,Emmanuel MATADI,8,8,8,0,,,https://github.com/ofiore/Thesis/blob/3cf1db7adebb493f3a5c2e957a1b09cf0986a7cd/Data/rxntime.csv
1688,WCH,2023,100m,M,SF,WCH2023-100m-M-SF-H2,Seye OGUNLEWE,3,8,8,0,,,https://github.com/ofiore/Thesis/blob/3cf1db7adebb493f3a5c2e957a1b09cf0986a7cd/Data/rxntime.csv
1689,WCH,2023,100m,M,SF,WCH2023-100m-M-SF-H2,Emanuel ARCHIBALD,9,8,8,0,,,https://github.com/ofiore/Thesis/blob/3cf1db7adebb493f3a5c2e957a1b09cf0986a7cd/Data/rxntime.csv
1690,WCH,2023,100m,M,SF,WCH2023-100m-M-SF-H2,Hiroki YANAGITA,2,8,8,0,,,https://github.com/ofiore/Thesis/blob/3cf1db7adebb493f3a5c2e957a1b09cf0986a7cd/Data/rxntime.csv
1691,WCH,2023,100m,M,SF,WCH2023-100m-M-SF-H2,Akani SIMBINE,4,8,8,0,,,https://github.com/ofiore/Thesis/blob/3cf1db7adebb493f3a5c2e957a1b09cf0986a7cd/Data/rxntime.csv
1692,WCH,2023,100m,M,F,WCH2023-100m-M-SF-H3,Oblique SEVILLE,7,8,8,0,Stage label F but data match SF,,https://github.com/ofiore/Thesis/blob/3cf1db7adebb493f3a5c2e957a1b09cf0986a7cd/Data/rxntime.csv
1693,WCH,2023,100m,M,F,WCH2023-100m-M-SF-H3,Letsile TEBOGO,6,8,8,0,Stage label F but data match SF,,https://github.com/ofiore/Thesis/blob/3cf1db7adebb493f3a5c2e957a1b09cf0986a7cd/Data/rxntime.csv
1694,WCH,2023,100m,M,F,WCH2023-100m-M-SF-H3,Fred KERLEY,4,8,8,0,Stage label F but data match SF,,https://github.com/ofiore/Thesis/blob/3cf1db7adebb493f3a5c2e957a1b09cf0986a7cd/Data/rxntime.csv
1695,WCH,2023,100m,M,F,WCH2023-100m-M-SF-H3,Rohan BROWNING,3,8,8,0,Stage label F but data match SF,,https://github.com/ofiore/Thesis/blob/3cf1db7adebb493f3a5c2e957a1b09cf0986a7cd/Data/rxntime.csv
1696,WCH,2023,100m,M,F,WCH2023-100m-M-SF-H3,Raphael BOUJU,5,8,8,0,Stage label F but data match SF,,https://github.com/ofiore/Thesis/blob/3cf1db7adebb493f3a5c2e957a1b09cf0986a7cd/Data/rxntime.csv
1697,WCH,2023,100m,M,F,WCH2023-100m-M-SF-H3,Henrik LARSSON,9,8,8,0,Stage label F but data match SF,,https://github.com/ofiore/Thesis/blob/3cf1db7adebb493f3a5c2e957a1b09cf0986a7cd/Data/rxntime.csv
1698,WCH,2023,100m,M,F,WCH2023-100m-M-SF-H3,Brendon RODNEY,2,8,8,0,Stage label F but data match SF,,https://github.com/ofiore/Thesis/blob/3cf1db7adebb493f3a5c2e957a1b09cf0986a7cd/Data/rxntime.csv
1699,WCH,2023,100m,M,F,WCH2023-100m-M-SF-H3,Reece PRESCOD,8,8,8,0,Stage label F but data match SF,,https://github.com/ofiore/Thesis/blob/3cf1db7adebb493f3a5c2e957a1b09cf0986a7cd/Data/rxntime.csv
1700,WCH,2022,100m,M,SF,WCH2022-100m-M-SF-H1,Akani SIMBINE,2,8,8,1,,,https://github.com/ofiore/Thesis/blob/3cf1db7adebb493f3a5c2e957a1b09cf0986a7cd/Data/rxntime.csv
1701,WCH,2022,100m,M,SF,WCH2022-100m-M-SF-H1,Trayvon BROMELL,3,8,8,1,,,https://github.com/ofiore/Thesis/blob/3cf1db7adebb493f3a5c2e957a1b09cf0986a7cd/Data/rxntime.csv
1702,WCH,2022,100m,M,SF,WCH2022-100m-M-SF-H1,Abdul Hakim SANI BROWN,6,8,8,1,,,https://github.com/ofiore/Thesis/blob/3cf1db7adebb493f3a5c2e957a1b09cf0986a7cd/Data/rxntime.csv
1703,WCH,2022,100m,M,SF,WCH2022-100m-M-SF-H1,Yohan BLAKE,4,8,8,1,,,https://github.com/ofiore/Thesis/blob/3cf1db7adebb493f3a5c2e957a1b09cf0986a7cd/Data/rxntime.csv
1704,WCH,2022,100m,M,SF,WCH2022-100m-M-SF-H1,Emmanuel MATADI,8,8,8,1,,,https://github.com/ofiore/Thesis/blob/3cf1db7adebb493f3a5c2e957a1b09cf0986a7cd/Data/rxntime.csv
1705,WCH,2022,100m,M,SF,WCH2022-100m-M-SF-H1,Arthur CISSÉ,5,8,8,1,,,https://github.com/ofiore/Thesis/blob/3cf1db7adebb493f3a5c2e957a1b09cf0986a7cd/Data/rxntime.csv
1706,WCH,2022,100m,M,SF,WCH2022-100m-M-SF-H1,Rodrigo DO NASCIMENTO,7,8,8,1,,,https://github.com/ofiore/Thesis/blob/3cf1db7adebb493f3a5c2e957a1b09cf0986a7cd/Data/rxntime.csv
1707,WCH,2022,100m,M,SF,WCH2022-100m-M-SF-H1,Raymond EKEVWO,1,8,8,1,,,https://github.com/ofiore/Thesis/blob/3cf1db7adebb493f3a5c2e957a1b09cf0986a7cd/Data/rxntime.csv
1708,WCH,2022,100m,M,SF,WCH2022-100m-M-SF-H2,Fred KERLEY,3,8,8,0,,,https://github.com/ofiore/Thesis/blob/3cf1db7adebb493f3a5c2e957a1b09cf0986a7cd/Data/rxntime.csv
1709,WCH,2022,100m,M,SF,WCH2022-100m-M-SF-H2,Christian COLEMAN,5,8,8,0,,,https://github.com/ofiore/Thesis/blob/3cf1db7adebb493f3a5c2e957a1b09cf0986a7cd/Data/rxntime.csv
1710,WCH,2022,100m,M,SF,WCH2022-100m-M-SF-H2,Zharnel HUGHES,6,8,8,0,,,https://github.com/ofiore/Thesis/blob/3cf1db7adebb493f3a5c2e957a1b09cf0986a7cd/Data/rxntime.csv
1711,WCH,2022,100m,M,SF,WCH2022-100m-M-SF-H2,Ackeem BLAKE,8,8,8,0,,,https://github.com/ofiore/Thesis/blob/3cf1db7adebb493f3a5c2e957a1b09cf0986a7cd/Data/rxntime.csv
1712,WCH,2022,100m,M,SF,WCH2022-100m-M-SF-H2,Andre DE GRASSE,7,8,8,0,,,https://github.com/ofiore/Thesis/blob/3cf1db7adebb493f3a5c2e957a1b09cf0986a7cd/Data/rxntime.csv
1713,WCH,2022,100m,M,SF,WCH2022-100m-M-SF-H2,Ryuichiro SAKAI,1,8,8,0,,,https://github.com/ofiore/Thesis/blob/3cf1db7adebb493f3a5c2e957a1b09cf0986a7cd/Data/rxntime.csv
1714,WCH,2022,100m,M,SF,WCH2022-100m-M-SF-H2,Edward OSEI-NKETIA,4,8,8,0,,,https://github.com/ofiore/Thesis/blob/3cf1db7adebb493f3a5c2e957a1b09cf0986a7cd/Data/rxntime.csv
1715,WCH,2022,100m,M,SF,WCH2022-100m-M-SF-H2,Bingtian SU,2,8,8,0,,,https://github.com/ofiore/Thesis/blob/3cf1db7adebb493f3a5c2e957a1b09cf0986a7cd/Data/rxntime.csv
1716,WCH,2022,100m,M,SF,WCH2022-100m-M-SF-H3,Oblique SEVILLE,6,8,8,1,,,https://github.com/ofiore/Thesis/blob/3cf1db7adebb493f3a5c2e957a1b09cf0986a7cd/Data/rxntime.csv
1717,WCH,2022,100m,M,SF,WCH2022-100m-M-SF-H3,Marvin BRACY,3,8,8,1,,,https://github.com/ofiore/Thesis/blob/3cf1db7adebb493f3a5c2e957a1b09cf0986a7cd/Data/rxntime.csv
1718,WCH,2022,100m,M,SF,WCH2022-100m-M-SF-H3,Aaron BROWN,8,8,8,1,,,https://github.com/ofiore/Thesis/blob/3cf1db7adebb493f3a5c2e957a1b09cf0986a7cd/Data/rxntime.csv
1719,WCH,2022,100m,M,SF,WCH2022-100m-M-SF-H3,Favour Oghene Tejiri ASHE,2,8,8,1,,,https://github.com/ofiore/Thesis/blob/3cf1db7adebb493f3a5c2e957a1b09cf0986a7cd/Data/rxntime.csv
1720,WCH,2022,100m,M,SF,WCH2022-100m-M-SF-H3,Ferdinand OMANYALA,7,8,8,1,,,https://github.com/ofiore/Thesis/blob/3cf1db7adebb493f3a5c2e957a1b09cf0986a7cd/Data/rxntime.csv
1721,WCH,2022,100m,M,SF,WCH2022-100m-M-SF-H3,Erik CARDOSO,1,8,8,1,,,https://github.com/ofiore/Thesis/blob/3cf1db7adebb493f3a5c2e957a1b09cf0986a7cd/Data/rxntime.csv
1722,WCH,2022,100m,M,SF,WCH2022-100m-M-SF-H3,Letsile TEBOGO,5,8,8,1,,,https://github.com/ofiore/Thesis/blob/3cf1db7adebb493f3a5c2e957a1b09cf0986a7cd/Data/rxntime.csv
1723,WCH,2022,100m,M,SF,WCH2022-100m-M-SF-H3,Lamont Marcell JACOBS,4,8,8,1,,,https://github.com/ofiore/Thesis/blob/3cf1db7adebb493f3a5c2e957a1b09cf0986a7cd/Data/rxntime.csv
1724,WCH,2022,100m,M,F,WCH2022-100m-M-F-H1,Fred KERLEY,4,8,8,0,,,https://github.com/ofiore/Thesis/blob/3cf1db7adebb493f3a5c2e957a1b09cf0986a7cd/Data/rxntime.csv
1725,WCH,2022,100m,M,F,WCH2022-100m-M-F-H1,Marvin BRACY,3,8,8,0,,,https://github.com/ofiore/Thesis/blob/3cf1db7adebb493f3a5c2e957a1b09cf0986a7cd/Data/rxntime.csv
1726,WCH,2022,100m,M,F,WCH2022-100m-M-F-H1,Trayvon BROMELL,8,8,8,0,,,https://github.com/ofiore/Thesis/blob/3cf1db7adebb493f3a5c2e957a1b09cf0986a7cd/Data/rxntime.csv
1727,WCH,2022,100m,M,F,WCH2022-100m-M-F-H1,Oblique SEVILLE,6,8,8,0,,,https://github.com/ofiore/Thesis/blob/3cf1db7adebb493f3a5c2e957a1b09cf0986a7cd/Data/rxntime.csv
1728,WCH,2022,100m,M,F,WCH2022-100m-M-F-H1,Akani SIMBINE,5,8,8,0,,,https://github.com/ofiore/Thesis/blob/3cf1db7adebb493f3a5c2e957a1b09cf0986a7cd/Data/rxntime.csv
1729,WCH,2022,100m,M,F,WCH2022-100m-M-F-H1,Christian COLEMAN,7,8,8,0,,,https://github.com/ofiore/Thesis/blob/3cf1db7adebb493f3a5c2e957a1b09cf0986a7cd/Data/rxntime.csv
1730,WCH,2022,100m,M,F,WCH2022-100m-M-F-H1,Abdul Hakim SANI BROWN,1,8,8,0,,,https://github.com/ofiore/Thesis/blob/3cf1db7adebb493f3a5c2e957a1b09cf0986a7cd/Data/rxntime.csv
1731,WCH,2022,100m,M,F,WCH2022-100m-M-F-H1,Aaron BROWN,2,8,8,0,,,https://github.com/ofiore/Thesis/blob/3cf1db7adebb493f3a5c2e957a1b09cf0986a7cd/Data/rxntime.csv
1732,WCH,2019,100m,M,SF,WCH2019-100m-M-SF-H1,Christian Coleman,5,8,8,0,,,https://github.com/ofiore/Thesis/blob/3cf1db7adebb493f3a5c2e957a1b09cf0986a7cd/Data/rxntime.csv
1733,WCH,2019,100m,M,SF,WCH2019-100m-M-SF-H1,Aaron Brown,4,8,8,0,,,https://github.com/ofiore/Thesis/blob/3cf1db7adebb493f3a5c2e957a1b09cf0986a7cd/Data/rxntime.csv
1734,WCH,2019,100m,M,SF,WCH2019-100m-M-SF-H1,Adam Gemili,8,8,8,0,,,https://github.com/ofiore/Thesis/blob/3cf1db7adebb493f3a5c2e957a1b09cf0986a7cd/Data/rxntime.csv
1735,WCH,2019,100m,M,SF,WCH2019-100m-M-SF-H1,Paulo André Camilo de Oliveira,6,8,8,0,,,https://github.com/ofiore/Thesis/blob/3cf1db7adebb493f3a5c2e957a1b09cf0986a7cd/Data/rxntime.csv
1736,WCH,2019,100m,M,SF,WCH2019-100m-M-SF-H1,Abdul Hakim Sani Brown,9,8,8,0,,,https://github.com/ofiore/Thesis/blob/3cf1db7adebb493f3a5c2e957a1b09cf0986a7cd/Data/rxntime.csv
1737,WCH,2019,100m,M,SF,WCH2019-100m-M-SF-H1,Taymir Burnet,2,8,8,0,,,https://github.com/ofiore/Thesis/blob/3cf1db7adebb493f3a5c2e957a1b09cf0986a7cd/Data/rxntime.csv
1738,WCH,2019,100m,M,SF,WCH2019-100m-M-SF-H1,Lamont Marcell Jacobs,7,8,8,0,,,https://github.com/ofiore/Thesis/blob/3cf1db7adebb493f3a5c2e957a1b09cf0986a7cd/Data/rxntime.csv
1739,WCH,2019,100m,M,SF,WCH2019-100m-M-SF-H1,Bingtian Su,3,8,8,0,,,https://github.com/ofiore/Thesis/blob/3cf1db7adebb493f3a5c2e957a1b09cf0986a7cd/Data/rxntime.csv
1740,WCH,2019,100m,M,SF,WCH2019-100m-M-SF-H2,Andre De Grasse,7,8,8,0,,,https://github.com/ofiore/Thesis/blob/3cf1db7adebb493f3a5c2e957a1b09cf0986a7cd/Data/rxntime.csv
1741,WCH,2019,100m,M,SF,WCH2019-100m-M-SF-H2,Yohan Blake,4,8,8,0,,,https://github.com/ofiore/Thesis/blob/3cf1db7adebb493f3a5c2e957a1b09cf0986a7cd/Data/rxntime.csv
1742,WCH,2019,100m,M,SF,WCH2019-100m-M-SF-H2,Justin Gatlin,5,8,8,0,,,https://github.com/ofiore/Thesis/blob/3cf1db7adebb493f3a5c2e957a1b09cf0986a7cd/Data/rxntime.csv
1743,WCH,2019,100m,M,SF,WCH2019-100m-M-SF-H2,Zhenye Xie,9,8,8,0,,,https://github.com/ofiore/Thesis/blob/3cf1db7adebb493f3a5c2e957a1b09cf0986a7cd/Data/rxntime.csv
1744,WCH,2019,100m,M,SF,WCH2019-100m-M-SF-H2,Raymond Ekevwo,6,8,8,0,,,https://github.com/ofiore/Thesis/blob/3cf1db7adebb493f3a5c2e957a1b09cf0986a7cd/Data/rxntime.csv
1745,WCH,2019,100m,M,SF,WCH2019-100m-M-SF-H2,Ojie Edoburun,2,8,8,0,,,https://github.com/ofiore/Thesis/blob/3cf1db7adebb493f3a5c2e957a1b09cf0986a7cd/Data/rxntime.csv
1746,WCH,2019,100m,M,SF,WCH2019-100m-M-SF-H2,Yuki Koike,3,8,8,0,,,https://github.com/ofiore/Thesis/blob/3cf1db7adebb493f3a5c2e957a1b09cf0986a7cd/Data/rxntime.csv
1747,WCH,2019,100m,M,SF,WCH2019-100m-M-SF-H2,Emmanuel Matadi,8,8,8,0,,,https://github.com/ofiore/Thesis/blob/3cf1db7adebb493f3a5c2e957a1b09cf0986a7cd/Data/rxntime.csv
1748,WCH,2019,100m,M,SF,WCH2019-100m-M-SF-H3,Akani Simbine,6,8,8,1,,,https://github.com/ofiore/Thesis/blob/3cf1db7adebb493f3a5c2e957a1b09cf0986a7cd/Data/rxntime.csv
1749,WCH,2019,100m,M,SF,WCH2019-100m-M-SF-H3,Zharnel Hughes,4,8,8,1,,,https://github.com/ofiore/Thesis/blob/3cf1db7adebb493f3a5c2e957a1b09cf0986a7cd/Data/rxntime.csv
1750,WCH,2019,100m,M,SF,WCH2019-100m-M-SF-H3,Filippo Tortu,9,8,8,1,,,https://github.com/ofiore/Thesis/blob/3cf1db7adebb493f3a5c2e957a1b09cf0986a7cd/Data/rxntime.csv
1751,WCH,2019,100m,M,SF,WCH2019-100m-M-SF-H3,Tyquendo Tracey,2,8,8,1,,,https://github.com/ofiore/Thesis/blob/3cf1db7adebb493f3a5c2e957a1b09cf0986a7cd/Data/rxntime.csv
1752,WCH,2019,100m,M,SF,WCH2019-100m-M-SF-H3,Michael Rodgers,7,8,8,1,,,https://github.com/ofiore/Thesis/blob/3cf1db7adebb493f3a5c2e957a1b09cf0986a7cd/Data/rxntime.csv
1753,WCH,2019,100m,M,SF,WCH2019-100m-M-SF-H3,Yoshihide Kiryu,3,8,8,1,,,https://github.com/ofiore/Thesis/blob/3cf1db7adebb493f3a5c2e957a1b09cf0986a7cd/Data/rxntime.csv
1754,WCH,2019,100m,M,SF,WCH2019-100m-M-SF-H3,Jimmy Vicaut,5,8,8,1,,,https://github.com/ofiore/Thesis/blob/3cf1db7adebb493f3a5c2e957a1b09cf0986a7cd/Data/rxntime.csv
1755,WCH,2019,100m,M,SF,WCH2019-100m-M-SF-H3,Arthur Cissé,8,8,8,1,,,https://github.com/ofiore/Thesis/blob/3cf1db7adebb493f3a5c2e957a1b09cf0986a7cd/Data/rxntime.csv
1756,WCH,2019,100m,M,F,WCH2019-100m-M-F-H1,Christian Coleman,4,8,8,0,,,https://github.com/ofiore/Thesis/blob/3cf1db7adebb493f3a5c2e957a1b09cf0986a7cd/Data/rxntime.csv
1757,WCH,2019,100m,M,F,WCH2019-100m-M-F-H1,Justin Gatlin,3,8,8,0,,,https://github.com/ofiore/Thesis/blob/3cf1db7adebb493f3a5c2e957a1b09cf0986a7cd/Data/rxntime.csv
1758,WCH,2019,100m,M,F,WCH2019-100m-M-F-H1,Andre De Grasse,6,8,8,0,,,https://github.com/ofiore/Thesis/blob/3cf1db7adebb493f3a5c2e957a1b09cf0986a7cd/Data/rxntime.csv
1759,WCH,2019,100m,M,F,WCH2019-100m-M-F-H1,Akani Simbine,5,8,8,0,,,https://github.com/ofiore/Thesis/blob/3cf1db7adebb493f3a5c2e957a1b09cf0986a7cd/Data/rxntime.csv
1760,WCH,2019,100m,M,F,WCH2019-100m-M-F-H1,Yohan Blake,8,8,8,0,,,https://github.com/ofiore/Thesis/blob/3cf1db7adebb493f3a5c2e957a1b09cf0986a7cd/Data/rxntime.csv
1761,WCH,2019,100m,M,F,WCH2019-100m-M-F-H1,Zharnel Hughes,7,8,8,0,,,https://github.com/ofiore/Thesis/blob/3cf1db7adebb493f3a5c2e957a1b09cf0986a7cd/Data/rxntime.csv
1762,WCH,2019,100m,M,F,WCH2019-100m-M-F-H1,Filippo Tortu,2,8,8,0,,,https://github.com/ofiore/Thesis/blob/3cf1db7adebb493f3a5c2e957a1b09cf0986a7cd/Data/rxntime.csv
1763,WCH,2019,100m,M,F,WCH2019-100m-M-F-H1,Aaron Brown,9,8,8,0,,,https://github.com/ofiore/Thesis/blob/3cf1db7adebb493f3a5c2e957a1b09cf0986a7cd/Data/rxntime.csv
1764,WCH,2017,100m,M,SF,WCH2017-100m-M-SF-H1,Akani Simbine,2,8,8,0,,,https://github.com/ofiore/Thesis/blob/3cf1db7adebb493f3a5c2e957a1b09cf0986a7cd/Data/rxntime.csv
1765,WCH,2017,100m,M,SF,WCH2017-100m-M-SF-H1,Justin Gatlin,6,8,8,0,,,https://github.com/ofiore/Thesis/blob/3cf1db7adebb493f3a5c2e957a1b09cf0986a7cd/Data/rxntime.csv
1766,WCH,2017,100m,M,SF,WCH2017-100m-M-SF-H1,Ben Youssef Meité,7,8,8,0,,,https://github.com/ofiore/Thesis/blob/3cf1db7adebb493f3a5c2e957a1b09cf0986a7cd/Data/rxntime.csv
1767,WCH,2017,100m,M,SF,WCH2017-100m-M-SF-H1,Julian Forte,5,8,8,0,,,https://github.com/ofiore/Thesis/blob/3cf1db7adebb493f3a5c2e957a1b09cf0986a7cd/Data/rxntime.csv
1768,WCH,2017,100m,M,SF,WCH2017-100m-M-SF-H1,James Dasaolu,4,8,8,0,,,https://github.com/ofiore/Thesis/blob/3cf1db7adebb493f3a5c2e957a1b09cf0986a7cd/Data/rxntime.csv
1769,WCH,2017,100m,M,SF,WCH2017-100m-M-SF-H1,Aska Cambridge,3,8,8,0,,,https://github.com/ofiore/Thesis/blob/3cf1db7adebb493f3a5c2e957a1b09cf0986a7cd/Data/rxntime.csv
1770,WCH,2017,100m,M,SF,WCH2017-100m-M-SF-H1,Zhenye Xie,9,8,8,0,,,https://github.com/ofiore/Thesis/blob/3cf1db7adebb493f3a5c2e957a1b09cf0986a7cd/Data/rxntime.csv
1771,WCH,2017,100m,M,SF,WCH2017-100m-M-SF-H1,Kukyoung Kim,8,8,8,0,,,https://github.com/ofiore/Thesis/blob/3cf1db7adebb493f3a5c2e957a1b09cf0986a7cd/Data/rxntime.csv
1772,WCH,2017,100m,M,SF,WCH2017-100m-M-SF-H2,Yohan Blake,4,8,8,0,,,https://github.com/ofiore/Thesis/blob/3cf1db7adebb493f3a5c2e957a1b09cf0986a7cd/Data/rxntime.csv
1773,WCH,2017,100m,M,SF,WCH2017-100m-M-SF-H2,Reece Prescod,9,8,8,0,,,https://github.com/ofiore/Thesis/blob/3cf1db7adebb493f3a5c2e957a1b09cf0986a7cd/Data/rxntime.csv
1774,WCH,2017,100m,M,SF,WCH2017-100m-M-SF-H2,Bingtian Su,6,8,8,0,,,https://github.com/ofiore/Thesis/blob/3cf1db7adebb493f3a5c2e957a1b09cf0986a7cd/Data/rxntime.csv
1775,WCH,2017,100m,M,SF,WCH2017-100m-M-SF-H2,Jak Ali Harvey,7,8,8,0,,,https://github.com/ofiore/Thesis/blob/3cf1db7adebb493f3a5c2e957a1b09cf0986a7cd/Data/rxntime.csv
1776,WCH,2017,100m,M,SF,WCH2017-100m-M-SF-H2,Christopher Belcher,8,8,8,0,,,https://github.com/ofiore/Thesis/blob/3cf1db7adebb493f3a5c2e957a1b09cf0986a7cd/Data/rxntime.csv
1777,WCH,2017,100m,M,SF,WCH2017-100m-M-SF-H2,Emmanuel Matadi,2,8,8,0,,,https://github.com/ofiore/Thesis/blob/3cf1db7adebb493f3a5c2e957a1b09cf0986a7cd/Data/rxntime.csv
1778,WCH,2017,100m,M,SF,WCH2017-100m-M-SF-H2,Abdul Hakim Sani Brown,5,8,8,0,,,https://github.com/ofiore/Thesis/blob/3cf1db7adebb493f3a5c2e957a1b09cf0986a7cd/Data/rxntime.csv
1779,WCH,2017,100m,M,SF,WCH2017-100m-M-SF-H2,Alex Wilson,3,8,8,0,,,https://github.com/ofiore/Thesis/blob/3cf1db7adebb493f3a5c2e957a1b09cf0986a7cd/Data/rxntime.csv
1780,WCH,2017,100m,M,SF,WCH2017-100m-M-SF-H3,Christian Coleman,4,8,8,0,,,https://github.com/ofiore/Thesis/blob/3cf1db7adebb493f3a5c2e957a1b09cf0986a7cd/Data/rxntime.csv
1781,WCH,2017,100m,M,SF,WCH2017-100m-M-SF-H3,Usain Bolt,6,8,8,0,,,https://github.com/ofiore/Thesis/blob/3cf1db7adebb493f3a5c2e957a1b09cf0986a7cd/Data/rxntime.csv
1782,WCH,2017,100m,M,SF,WCH2017-100m-M-SF-H3,Jimmy Vicaut,8,8,8,0,,,https://github.com/ofiore/Thesis/blob/3cf1db7adebb493f3a5c2e957a1b09cf0986a7cd/Data/rxntime.csv
1783,WCH,2017,100m,M,SF,WCH2017-100m-M-SF-H3,Chijindu Ujah,7,8,8,0,,,https://github.com/ofiore/Thesis/blob/3cf1db7adebb493f3a5c2e957a1b09cf0986a7cd/Data/rxntime.csv
1784,WCH,2017,100m,M,SF,WCH2017-100m-M-SF-H3,Shuhei Tada,2,8,8,0,,,https://github.com/ofiore/Thesis/blob/3cf1db7adebb493f3a5c2e957a1b09cf0986a7cd/Data/rxntime.csv
1785,WCH,2017,100m,M,SF,WCH2017-100m-M-SF-H3,Emre Zafer Barnes,3,8,8,0,,,https://github.com/ofiore/Thesis/blob/3cf1db7adebb493f3a5c2e957a1b09cf0986a7cd/Data/rxntime.csv
1786,WCH,2017,100m,M,SF,WCH2017-100m-M-SF-H3,Andrew Fisher,5,8,8,0,,,https://github.com/ofiore/Thesis/blob/3cf1db7adebb493f3a5c2e957a1b09cf0986a7cd/Data/rxntime.csv
1787,WCH,2017,100m,M,SF,WCH2017-100m-M-SF-H3,Cejhae Greene,9,8,8,0,,,https://github.com/ofiore/Thesis/blob/3cf1db7adebb493f3a5c2e957a1b09cf0986a7cd/Data/rxntime.csv
1788,WCH,2017,100m,M,F,WCH2017-100m-M-F-H1,Justin Gatlin,8,8,8,1,,,https://github.com/ofiore/Thesis/blob/3cf1db7adebb493f3a5c2e957a1b09cf0986a7cd/Data/rxntime.csv
1789,WCH,2017,100m,M,F,WCH2017-100m-M-F-H1,Christian Coleman,5,8,8,1,,,https://github.com/ofiore/Thesis/blob/3cf1db7adebb493f3a5c2e957a1b09cf0986a7cd/Data/rxntime.csv
1790,WCH,2017,100m,M,F,WCH2017-100m-M-F-H1,Usain Bolt,4,8,8,1,,,https://github.com/ofiore/Thesis/blob/3cf1db7adebb493f3a5c2e957a1b09cf0986a7cd/Data/rxntime.csv
1791,WCH,2017,100m,M,F,WCH2017-100m-M-F-H1,Yohan Blake,7,8,8,1,,,https://github.com/ofiore/Thesis/blob/3cf1db7adebb493f3a5c2e957a1b09cf0986a7cd/Data/rxntime.csv
1792,WCH,2017,100m,M,F,WCH2017-100m-M-F-H1,Akani Simbine,6,8,8,1,,,https://github.com/ofiore/Thesis/blob/3cf1db7adebb493f3a5c2e957a1b09cf0986a7cd/Data/rxntime.csv
1793,WCH,2017,100m,M,F,WCH2017-100m-M-F-H1,Jimmy Vicaut,3,8,8,1,,,https://github.com/ofiore/Thesis/blob/3cf1db7adebb493f3a5c2e957a1b09cf0986a7cd/Data/rxntime.csv
1794,WCH,2017,100m,M,F,WCH2017-100m-M-F-H1,Reece Prescod,9,8,8,1,,,https://github.com/ofiore/Thesis/blob/3cf1db7adebb493f3a5c2e957a1b09cf0986a7cd/Data/rxntime.csv
1795,WCH,2017,100m,M,F,WCH2017-100m-M-F-H1,Bingtian Su,2,8,8,1,,,https://github.com/ofiore/Thesis/blob/3cf1db7adebb493f3a5c2e957a1b09cf0986a7cd/Data/rxntime.csv
1796,WCH,2015,100m,M,SF,WCH2015-100m-M-SF-H1,Usain Bolt,7,8,8,0,,,https://github.com/ofiore/Thesis/blob/3cf1db7adebb493f3a5c2e957a1b09cf0986a7cd/Data/rxntime.csv
1797,WCH,2015,100m,M,SF,WCH2015-100m-M-SF-H1,Andre De Grasse,5,8,8,0,,,https://github.com/ofiore/Thesis/blob/3cf1db7adebb493f3a5c2e957a1b09cf0986a7cd/Data/rxntime.csv
1798,WCH,2015,100m,M,SF,WCH2015-100m-M-SF-H1,Trayvon Bromell,4,8,8,0,,,https://github.com/ofiore/Thesis/blob/3cf1db7adebb493f3a5c2e957a1b09cf0986a7cd/Data/rxntime.csv
1799,WCH,2015,100m,M,SF,WCH2015-100m-M-SF-H1,Bingtian Su,6,8,8,0,,,https://github.com/ofiore/Thesis/blob/3cf1db7adebb493f3a5c2e957a1b09cf0986a7cd/Data/rxntime.csv
1800,WCH,2015,100m,M,SF,WCH2015-100m-M-SF-H1,Jak Ali Harvey,8,8,8,0,,,https://github.com/ofiore/Thesis/blob/3cf1db7adebb493f3a5c2e957a1b09cf0986a7cd/Data/rxntime.csv
1801,WCH,2015,100m,M,SF,WCH2015-100m-M-SF-H1,Christophe Lemaitre,3,8,8,0,,,https://github.com/ofiore/Thesis/blob/3cf1db7adebb493f3a5c2e957a1b09cf0986a7cd/Data/rxntime.csv
1802,WCH,2015,100m,M,SF,WCH2015-100m-M-SF-H1,Henricho Bruintjies,9,8,8,0,,,https://github.com/ofiore/Thesis/blob/3cf1db7adebb493f3a5c2e957a1b09cf0986a7cd/Data/rxntime.csv
1803,WCH,2015,100m,M,SF,WCH2015-100m-M-SF-H1,Julian Reus,2,8,8,0,,,https://github.com/ofiore/Thesis/blob/3cf1db7adebb493f3a5c2e957a1b09cf0986a7cd/Data/rxntime.csv
1804,WCH,2015,100m,M,SF,WCH2015-100m-M-SF-H2,Justin Gatlin,5,8,8,0,,,https://github.com/ofiore/Thesis/blob/3cf1db7adebb493f3a5c2e957a1b09cf0986a7cd/Data/rxntime.csv
1805,WCH,2015,100m,M,SF,WCH2015-100m-M-SF-H2,Mike Rodgers,4,8,8,0,,,https://github.com/ofiore/Thesis/blob/3cf1db7adebb493f3a5c2e957a1b09cf0986a7cd/Data/rxntime.csv
1806,WCH,2015,100m,M,SF,WCH2015-100m-M-SF-H2,Femi Ogunode,7,8,8,0,,,https://github.com/ofiore/Thesis/blob/3cf1db7adebb493f3a5c2e957a1b09cf0986a7cd/Data/rxntime.csv
1807,WCH,2015,100m,M,SF,WCH2015-100m-M-SF-H2,Akani Simbine,3,8,8,0,,,https://github.com/ofiore/Thesis/blob/3cf1db7adebb493f3a5c2e957a1b09cf0986a7cd/Data/rxntime.csv
1808,WCH,2015,100m,M,SF,WCH2015-100m-M-SF-H2,Chijindu Ujah,9,8,8,0,,,https://github.com/ofiore/Thesis/blob/3cf1db7adebb493f3a5c2e957a1b09cf0986a7cd/Data/rxntime.csv
1809,WCH,2015,100m,M,SF,WCH2015-100m-M-SF-H2,Nickel Ashmeade,8,8,8,0,,,https://github.com/ofiore/Thesis/blob/3cf1db7adebb493f3a5c2e957a1b09cf0986a7cd/Data/rxntime.csv
1810,WCH,2015,100m,M,SF,WCH2015-100m-M-SF-H2,Aaron Brown,6,8,8,0,,,https://github.com/ofiore/Thesis/blob/3cf1db7adebb493f3a5c2e957a1b09cf0986a7cd/Data/rxntime.csv
1811,WCH,2015,100m,M,SF,WCH2015-100m-M-SF-H2,Levi Cadogan,2,8,8,0,,,https://github.com/ofiore/Thesis/blob/3cf1db7adebb493f3a5c2e957a1b09cf0986a7cd/Data/rxntime.csv
1812,WCH,2015,100m,M,SF,WCH2015-100m-M-SF-H3,Tyson Gay,5,8,8,0,,,https://github.com/ofiore/Thesis/blob/3cf1db7adebb493f3a5c2e957a1b09cf0986a7cd/Data/rxntime.csv
1813,WCH,2015,100m,M,SF,WCH2015-100m-M-SF-H3,Asafa Powell,6,8,8,0,,,https://github.com/ofiore/Thesis/blob/3cf1db7adebb493f3a5c2e957a1b09cf0986a7cd/Data/rxntime.csv
1814,WCH,2015,100m,M,SF,WCH2015-100m-M-SF-H3,Jimmy Vicaut,4,8,8,0,,,https://github.com/ofiore/Thesis/blob/3cf1db7adebb493f3a5c2e957a1b09cf0986a7cd/Data/rxntime.csv
1815,WCH,2015,100m,M,SF,WCH2015-100m-M-SF-H3,Ramon Gittens,7,8,8,0,,,https://github.com/ofiore/Thesis/blob/3cf1db7adebb493f3a5c2e957a1b09cf0986a7cd/Data/rxntime.csv
1816,WCH,2015,100m,M,SF,WCH2015-100m-M-SF-H3,Churandy Martina,8,8,8,0,,,https://github.com/ofiore/Thesis/blob/3cf1db7adebb493f3a5c2e957a1b09cf0986a7cd/Data/rxntime.csv
1817,WCH,2015,100m,M,SF,WCH2015-100m-M-SF-H3,Ben Youssef Meité,9,8,8,0,,,https://github.com/ofiore/Thesis/blob/3cf1db7adebb493f3a5c2e957a1b09cf0986a7cd/Data/rxntime.csv
1818,WCH,2015,100m,M,SF,WCH2015-100m-M-SF-H3,Hassan Taftian,2,8,8,0,,,https://github.com/ofiore/Thesis/blob/3cf1db7adebb493f3a5c2e957a1b09cf0986a7cd/Data/rxntime.csv
1819,WCH,2015,100m,M,SF,WCH2015-100m-M-SF-H3,Richard Kilty,3,8,8,0,,,https://github.com/ofiore/Thesis/blob/3cf1db7adebb493f3a5c2e957a1b09cf0986a7cd/Data/rxntime.csv
1820,WCH,2015,100m,M,F,WCH2015-100m-M-F-H1,Usain Bolt,5,9,9,0,,,https://github.com/ofiore/Thesis/blob/3cf1db7adebb493f3a5c2e957a1b09cf0986a7cd/Data/rxntime.csv
1821,WCH,2015,100m,M,F,WCH2015-100m-M-F-H1,Justin Gatlin,7,9,9,0,,,https://github.com/ofiore/Thesis/blob/3cf1db7adebb493f3a5c2e957a1b09cf0986a7cd/Data/rxntime.csv
1822,WCH,2015,100m,M,F,WCH2015-100m-M-F-H1,Trayvon Bromell,3,9,9,0,,,https://github.com/ofiore/Thesis/blob/3cf1db7adebb493f3a5c2e957a1b09cf0986a7cd/Data/rxntime.csv
1823,WCH,2015,100m,M,F,WCH2015-100m-M-F-H1,Andre De Grasse,9,9,9,0,,,https://github.com/ofiore/Thesis/blob/3cf1db7adebb493f3a5c2e957a1b09cf0986a7cd/Data/rxntime.csv
1824,WCH,2015,100m,M,F,WCH2015-100m-M-F-H1,Mike Rodgers,4,9,9,0,,,https://github.com/ofiore/Thesis/blob/3cf1db7adebb493f3a5c2e957a1b09cf0986a7cd/Data/rxntime.csv
1825,WCH,2015,100m,M,F,WCH2015-100m-M-F-H1,Tyson Gay,6,9,9,0,,,https://github.com/ofiore/Thesis/blob/3cf1db7adebb493f3a5c2e957a1b09cf0986a7cd/Data/rxntime.csv
1826,WCH,2015,100m,M,F,WCH2015-100m-M-F-H1,Asafa Powell,8,9,9,0,,,https://github.com/ofiore/Thesis/blob/3cf1db7adebb493f3a5c2e957a1b09cf0986a7cd/Data/rxntime.csv
1827,WCH,2015,100m,M,F,WCH2015-100m-M-F-H1,Jimmy Vicaut,1,9,9,0,,,https://github.com/ofiore/Thesis/blob/3cf1db7adebb493f3a5c2e957a1b09cf0986a7cd/Data/rxntime.csv
1828,WCH,2015,100m,M,F,WCH2015-100m-M-F-H1,Bingtian Su,2,9,9,0,,,https://github.com/ofiore/Thesis/blob/3cf1db7adebb493f3a5c2e957a1b09cf0986a7cd/Data/rxntime.csv
1829,WCH,2013,100m,M,SF,,,,0,8,0,no WA races loaded for this year/event,,https://github.com/ofiore/Thesis/blob/3cf1db7adebb493f3a5c2e957a1b09cf0986a7cd/Data/rxntime.csv
1830,WCH,2013,100m,M,SF,,,,0,8,0,no WA races loaded for this year/event,,https://github.com/ofiore/Thesis/blob/3cf1db7adebb493f3a5c2e957a1b09cf0986a7cd/Data/rxntime.csv
1831,WCH,2013,100m,M,SF,,,,0,8,0,no WA races loaded for this year/event,,https://github.com/ofiore/Thesis/blob/3cf1db7adebb493f3a5c2e957a1b09cf0986a7cd/Data/rxntime.csv
1832,WCH,2013,100m,M,SF,,,,0,8,0,no WA races loaded for this year/event,,https://github.com/ofiore/Thesis/blob/3cf1db7adebb493f3a5c2e957a1b09cf0986a7cd/Data/rxntime.csv
1833,WCH,2013,100m,M,SF,,,,0,8,0,no WA races loaded for this year/event,,https://github.com/ofiore/Thesis/blob/3cf1db7adebb493f3a5c2e957a1b09cf0986a7cd/Data/rxntime.csv
1834,WCH,2013,100m,M,SF,,,,0,8,0,no WA races loaded for this year/event,,https://github.com/ofiore/Thesis/blob/3cf1db7adebb493f3a5c2e957a1b09cf0986a7cd/Data/rxntime.csv
1835,WCH,2013,100m,M,SF,,,,0,8,0,no WA races loaded for this year/event,,https://github.com/ofiore/Thesis/blob/3cf1db7adebb493f3a5c2e957a1b09cf0986a7cd/Data/rxntime.csv
1836,WCH,2013,100m,M,SF,,,,0,8,0,no WA races loaded for this year/event,,https://github.com/ofiore/Thesis/blob/3cf1db7adebb493f3a5c2e957a1b09cf0986a7cd/Data/rxntime.csv
1837,WCH,2013,100m,M,SF,,,,0,8,0,no WA races loaded for this year/event,,https://github.com/ofiore/Thesis/blob/3cf1db7adebb493f3a5c2e957a1b09cf0986a7cd/Data/rxntime.csv
1838,WCH,2013,100m,M,SF,,,,0,8,0,no WA races loaded for this year/event,,https://github.com/ofiore/Thesis/blob/3cf1db7adebb493f3a5c2e957a1b09cf0986a7cd/Data/rxntime.csv
1839,WCH,2013,100m,M,SF,,,,0,8,0,no WA races loaded for this year/event,,https://github.com/ofiore/Thesis/blob/3cf1db7adebb493f3a5c2e957a1b09cf0986a7cd/Data/rxntime.csv
1840,WCH,2013,100m,M,SF,,,,0,8,0,no WA races loaded for this year/event,,https://github.com/ofiore/Thesis/blob/3cf1db7adebb493f3a5c2e957a1b09cf0986a7cd/Data/rxntime.csv
1841,WCH,2013,100m,M,SF,,,,0,8,0,no WA races loaded for this year/event,,https://github.com/ofiore/Thesis/blob/3cf1db7adebb493f3a5c2e957a1b09cf0986a7cd/Data/rxntime.csv
1842,WCH,2013,100m,M,SF,,,,0,8,0,no WA races loaded for this year/event,,https://github.com/ofiore/Thesis/blob/3cf1db7adebb493f3a5c2e957a1b09cf0986a7cd/Data/rxntime.csv
1843,WCH,2013,100m,M,SF,,,,0,8,0,no WA races loaded for this year/event,,https://github.com/ofiore/Thesis/blob/3cf1db7adebb493f3a5c2e957a1b09cf0986a7cd/Data/rxntime.csv
1844,WCH,2013,100m,M,SF,,,,0,8,0,no WA races loaded for this year/event,,https://github.com/ofiore/Thesis/blob/3cf1db7adebb493f3a5c2e957a1b09cf0986a7cd/Data/rxntime.csv
1845,WCH,2013,100m,M,SF,,,,0,8,0,no WA races loaded for this year/event,,https://github.com/ofiore/Thesis/blob/3cf1db7adebb493f3a5c2e957a1b09cf0986a7cd/Data/rxntime.csv
1846,WCH,2013,100m,M,SF,,,,0,8,0,no WA races loaded for this year/event,,https://github.com/ofiore/Thesis/blob/3cf1db7adebb493f3a5c2e957a1b09cf0986a7cd/Data/rxntime.csv
1847,WCH,2013,100m,M,SF,,,,0,8,0,no WA races loaded for this year/event,,https://github.com/ofiore/Thesis/blob/3cf1db7adebb493f3a5c2e957a1b09cf0986a7cd/Data/rxntime.csv
1848,WCH,2013,100m,M,SF,,,,0,8,0,no WA races loaded for this year/event,,https://github.com/ofiore/Thesis/blob/3cf1db7adebb493f3a5c2e957a1b09cf0986a7cd/Data/rxntime.csv
1849,WCH,2013,100m,M,SF,,,,0,8,0,no WA races loaded for this year/event,,https://github.com/ofiore/Thesis/blob/3cf1db7adebb493f3a5c2e957a1b09cf0986a7cd/Data/rxntime.csv
1850,WCH,2013,100m,M,SF,,,,0,8,0,no WA races loaded for this year/event,,https://github.com/ofiore/Thesis/blob/3cf1db7adebb493f3a5c2e957a1b09cf0986a7cd/Data/rxntime.csv
1851,WCH,2013,100m,M,SF,,,,0,8,0,no WA races loaded for this year/event,,https://github.com/ofiore/Thesis/blob/3cf1db7adebb493f3a5c2e957a1b09cf0986a7cd/Data/rxntime.csv
1852,WCH,2013,100m,M,SF,,,,0,8,0,no WA races loaded for this year/event,,https://github.com/ofiore/Thesis/blob/3cf1db7adebb493f3a5c2e957a1b09cf0986a7cd/Data/rxntime.csv
1853,WCH,2013,100m,M,F,,,,0,8,0,no WA races loaded for this year/event,,https://github.com/ofiore/Thesis/blob/3cf1db7adebb493f3a5c2e957a1b09cf0986a7cd/Data/rxntime.csv
1854,WCH,2013,100m,M,F,,,,0,8,0,no WA races loaded for this year/event,,https://github.com/ofiore/Thesis/blob/3cf1db7adebb493f3a5c2e957a1b09cf0986a7cd/Data/rxntime.csv
1855,WCH,2013,100m,M,F,,,,0,8,0,no WA races loaded for this year/event,,https://github.com/ofiore/Thesis/blob/3cf1db7adebb493f3a5c2e957a1b09cf0986a7cd/Data/rxntime.csv
1856,WCH,2013,100m,M,F,,,,0,8,0,no WA races loaded for this year/event,,https://github.com/ofiore/Thesis/blob/3cf1db7adebb493f3a5c2e957a1b09cf0986a7cd/Data/rxntime.csv
1857,WCH,2013,100m,M,F,,,,0,8,0,no WA races loaded for this year/event,,https://github.com/ofiore/Thesis/blob/3cf1db7adebb493f3a5c2e957a1b09cf0986a7cd/Data/rxntime.csv
1858,WCH,2013,100m,M,F,,,,0,8,0,no WA races loaded for this year/event,,https://github.com/ofiore/Thesis/blob/3cf1db7adebb493f3a5c2e957a1b09cf0986a7cd/Data/rxntime.csv
1859,WCH,2013,100m,M,F,,,,0,8,0,no WA races loaded for this year/event,,https://github.com/ofiore/Thesis/blob/3cf1db7adebb493f3a5c2e957a1b09cf0986a7cd/Data/rxntime.csv
1860,WCH,2013,100m,M,F,,,,0,8,0,no WA races loaded for this year/event,,https://github.com/ofiore/Thesis/blob/3cf1db7adebb493f3a5c2e957a1b09cf0986a7cd/Data/rxntime.csv
1861,WCH,2011,100m,M,SF,,,,0,8,0,no WA races loaded for this year/event,,https://github.com/ofiore/Thesis/blob/3cf1db7adebb493f3a5c2e957a1b09cf0986a7cd/Data/rxntime.csv
1862,WCH,2011,100m,M,SF,,,,0,8,0,no WA races loaded for this year/event,,https://github.com/ofiore/Thesis/blob/3cf1db7adebb493f3a5c2e957a1b09cf0986a7cd/Data/rxntime.csv
1863,WCH,2011,100m,M,SF,,,,0,8,0,no WA races loaded for this year/event,,https://github.com/ofiore/Thesis/blob/3cf1db7adebb493f3a5c2e957a1b09cf0986a7cd/Data/rxntime.csv
1864,WCH,2011,100m,M,SF,,,,0,8,0,no WA races loaded for this year/event,,https://github.com/ofiore/Thesis/blob/3cf1db7adebb493f3a5c2e957a1b09cf0986a7cd/Data/rxntime.csv
1865,WCH,2011,100m,M,SF,,,,0,8,0,no WA races loaded for this year/event,,https://github.com/ofiore/Thesis/blob/3cf1db7adebb493f3a5c2e957a1b09cf0986a7cd/Data/rxntime.csv
1866,WCH,2011,100m,M,SF,,,,0,8,0,no WA races loaded for this year/event,,https://github.com/ofiore/Thesis/blob/3cf1db7adebb493f3a5c2e957a1b09cf0986a7cd/Data/rxntime.csv
1867,WCH,2011,100m,M,SF,,,,0,8,0,no WA races loaded for this year/event,,https://github.com/ofiore/Thesis/blob/3cf1db7adebb493f3a5c2e957a1b09cf0986a7cd/Data/rxntime.csv
1868,WCH,2011,100m,M,SF,,,,0,8,0,no WA races loaded for this year/event,,https://github.com/ofiore/Thesis/blob/3cf1db7adebb493f3a5c2e957a1b09cf0986a7cd/Data/rxntime.csv
1869,WCH,2011,100m,M,SF,,,,0,8,0,no WA races loaded for this year/event,,https://github.com/ofiore/Thesis/blob/3cf1db7adebb493f3a5c2e957a1b09cf0986a7cd/Data/rxntime.csv
1870,WCH,2011,100m,M,SF,,,,0,8,0,no WA races loaded for this year/event,,https://github.com/ofiore/Thesis/blob/3cf1db7adebb493f3a5c2e957a1b09cf0986a7cd/Data/rxntime.csv
1871,WCH,2011,100m,M,SF,,,,0,8,0,no WA races loaded for this year/event,,https://github.com/ofiore/Thesis/blob/3cf1db7adebb493f3a5c2e957a1b09cf0986a7cd/Data/rxntime.csv
1872,WCH,2011,100m,M,SF,,,,0,8,0,no WA races loaded for this year/event,,https://github.com/ofiore/Thesis/blob/3cf1db7adebb493f3a5c2e957a1b09cf0986a7cd/Data/rxntime.csv
1873,WCH,2011,100m,M,SF,,,,0,8,0,no WA races loaded for this year/event,,https://github.com/ofiore/Thesis/blob/3cf1db7adebb493f3a5c2e957a1b09cf0986a7cd/Data/rxntime.csv
1874,WCH,2011,100m,M,SF,,,,0,8,0,no WA races loaded for this year/event,,https://github.com/ofiore/Thesis/blob/3cf1db7adebb493f3a5c2e957a1b09cf0986a7cd/Data/rxntime.csv
1875,WCH,2011,100m,M,SF,,,,0,8,0,no WA races loaded for this year/event,,https://github.com/ofiore/Thesis/blob/3cf1db7adebb493f3a5c2e957a1b09cf0986a7cd/Data/rxntime.csv
1876,WCH,2011,100m,M,SF,,,,0,8,0,no WA races loaded for this year/event,,https://github.com/ofiore/Thesis/blob/3cf1db7adebb493f3a5c2e957a1b09cf0986a7cd/Data/rxntime.csv
1877,WCH,2011,100m,M,SF,,,,0,8,0,no WA races loaded for this year/event,,https://github.com/ofiore/Thesis/blob/3cf1db7adebb493f3a5c2e957a1b09cf0986a7cd/Data/rxntime.csv
1878,WCH,2011,100m,M,SF,,,,0,8,0,no WA races loaded for this year/event,,https://github.com/ofiore/Thesis/blob/3cf1db7adebb493f3a5c2e957a1b09cf0986a7cd/Data/rxntime.csv
1879,WCH,2011,100m,M,SF,,,,0,8,0,no WA races loaded for this year/event,,https://github.com/ofiore/Thesis/blob/3cf1db7adebb493f3a5c2e957a1b09cf0986a7cd/Data/rxntime.csv
1880,WCH,2011,100m,M,SF,,,,0,8,0,no WA races loaded for this year/event,,https://github.com/ofiore/Thesis/blob/3cf1db7adebb493f3a5c2e957a1b09cf0986a7cd/Data/rxntime.csv
1881,WCH,2011,100m,M,SF,,,,0,8,0,no WA races loaded for this year/event,,https://github.com/ofiore/Thesis/blob/3cf1db7adebb493f3a5c2e957a1b09cf0986a7cd/Data/rxntime.csv
1882,WCH,2011,100m,M,SF,,,,0,8,0,no WA races loaded for this year/event,,https://github.com/ofiore/Thesis/blob/3cf1db7adebb493f3a5c2e957a1b09cf0986a7cd/Data/rxntime.csv
1883,WCH,2011,100m,M,SF,,,,0,8,0,no WA races loaded for this year/event,,https://github.com/ofiore/Thesis/blob/3cf1db7adebb493f3a5c2e957a1b09cf0986a7cd/Data/rxntime.csv
1884,WCH,2011,100m,M,SF,,,,0,8,0,no WA races loaded for this year/event,,https://github.com/ofiore/Thesis/blob/3cf1db7adebb493f3a5c2e957a1b09cf0986a7cd/Data/rxntime.csv
1885,WCH,2011,100m,M,F,,,,0,8,0,no WA races loaded for this year/event,,https://github.com/ofiore/Thesis/blob/3cf1db7adebb493f3a5c2e957a1b09cf0986a7cd/Data/rxntime.csv
1886,WCH,2011,100m,M,F,,,,0,8,0,no WA races loaded for this year/event,,https://github.com/ofiore/Thesis/blob/3cf1db7adebb493f3a5c2e957a1b09cf0986a7cd/Data/rxntime.csv
1887,WCH,2011,100m,M,F,,,,0,8,0,no WA races loaded for this year/event,,https://github.com/ofiore/Thesis/blob/3cf1db7adebb493f3a5c2e957a1b09cf0986a7cd/Data/rxntime.csv
1888,WCH,2011,100m,M,F,,,,0,8,0,no WA races loaded for this year/event,,https://github.com/ofiore/Thesis/blob/3cf1db7adebb493f3a5c2e957a1b09cf0986a7cd/Data/rxntime.csv
1889,WCH,2011,100m,M,F,,,,0,8,0,no WA races loaded for this year/event,,https://github.com/ofiore/Thesis/blob/3cf1db7adebb493f3a5c2e957a1b09cf0986a7cd/Data/rxntime.csv
1890,WCH,2011,100m,M,F,,,,0,8,0,no WA races loaded for this year/event,,https://github.com/ofiore/Thesis/blob/3cf1db7adebb493f3a5c2e957a1b09cf0986a7cd/Data/rxntime.csv
1891,WCH,2011,100m,M,F,,,,0,8,0,no WA races loaded for this year/event,,https://github.com/ofiore/Thesis/blob/3cf1db7adebb493f3a5c2e957a1b09cf0986a7cd/Data/rxntime.csv
1892,WCH,2011,100m,M,F,,,,0,8,0,no WA races loaded for this year/event,,https://github.com/ofiore/Thesis/blob/3cf1db7adebb493f3a5c2e957a1b09cf0986a7cd/Data/rxntime.csv
1893,WCH,2009,100m,M,SF,,,,0,8,0,no WA races loaded for this year/event,,https://github.com/ofiore/Thesis/blob/3cf1db7adebb493f3a5c2e957a1b09cf0986a7cd/Data/rxntime.csv
1894,WCH,2009,100m,M,SF,,,,0,8,0,no WA races loaded for this year/event,,https://github.com/ofiore/Thesis/blob/3cf1db7adebb493f3a5c2e957a1b09cf0986a7cd/Data/rxntime.csv
1895,WCH,2009,100m,M,SF,,,,0,8,0,no WA races loaded for this year/event,,https://github.com/ofiore/Thesis/blob/3cf1db7adebb493f3a5c2e957a1b09cf0986a7cd/Data/rxntime.csv
1896,WCH,2009,100m,M,SF,,,,0,8,0,no WA races loaded for this year/event,,https://github.com/ofiore/Thesis/blob/3cf1db7adebb493f3a5c2e957a1b09cf0986a7cd/Data/rxntime.csv
1897,WCH,2009,100m,M,SF,,,,0,8,0,no WA races loaded for this year/event,,https://github.com/ofiore/Thesis/blob/3cf1db7adebb493f3a5c2e957a1b09cf0986a7cd/Data/rxntime.csv
1898,WCH,2009,100m,M,SF,,,,0,8,0,no WA races loaded for this year/event,,https://github.com/ofiore/Thesis/blob/3cf1db7adebb493f3a5c2e957a1b09cf0986a7cd/Data/rxntime.csv
1899,WCH,2009,100m,M,SF,,,,0,8,0,no WA races loaded for this year/event,,https://github.com/ofiore/Thesis/blob/3cf1db7adebb493f3a5c2e957a1b09cf0986a7cd/Data/rxntime.csv
1900,WCH,2009,100m,M,SF,,,,0,8,0,no WA races loaded for this year/event,,https://github.com/ofiore/Thesis/blob/3cf1db7adebb493f3a5c2e957a1b09cf0986a7cd/Data/rxntime.csv
1901,WCH,2009,100m,M,SF,,,,0,8,0,no WA races loaded for this year/event,,https://github.com/ofiore/Thesis/blob/3cf1db7adebb493f3a5c2e957a1b09cf0986a7cd/Data/rxntime.csv
1902,WCH,2009,100m,M,SF,,,,0,8,0,no WA races loaded for this year/event,,https://github.com/ofiore/Thesis/blob/3cf1db7adebb493f3a5c2e957a1b09cf0986a7cd/Data/rxntime.csv
1903,WCH,2009,100m,M,SF,,,,0,8,0,no WA races loaded for this year/event,,https://github.com/ofiore/Thesis/blob/3cf1db7adebb493f3a5c2e957a1b09cf0986a7cd/Data/rxntime.csv
1904,WCH,2009,100m,M,SF,,,,0,8,0,no WA races loaded for this year/event,,https://github.com/ofiore/Thesis/blob/3cf1db7adebb493f3a5c2e957a1b09cf0986a7cd/Data/rxntime.csv
1905,WCH,2009,100m,M,SF,,,,0,8,0,no WA races loaded for this year/event,,https://github.com/ofiore/Thesis/blob/3cf1db7adebb493f3a5c2e957a1b09cf0986a7cd/Data/rxntime.csv
1906,WCH,2009,100m,M,SF,,,,0,8,0,no WA races loaded for this year/event,,https://github.com/ofiore/Thesis/blob/3cf1db7adebb493f3a5c2e957a1b09cf0986a7cd/Data/rxntime.csv
1907,WCH,2009,100m,M,SF,,,,0,8,0,no WA races loaded for this year/event,,https://github.com/ofiore/Thesis/blob/3cf1db7adebb493f3a5c2e957a1b09cf0986a7cd/Data/rxntime.csv
1908,WCH,2009,100m,M,SF,,,,0,8,0,no WA races loaded for this year/event,,https://github.com/ofiore/Thesis/blob/3cf1db7adebb493f3a5c2e957a1b09cf0986a7cd/Data/rxntime.csv
1909,WCH,2009,100m,M,F,,,,0,8,0,no WA races loaded for this year/event,,https://github.com/ofiore/Thesis/blob/3cf1db7adebb493f3a5c2e957a1b09cf0986a7cd/Data/rxntime.csv
1910,WCH,2009,100m,M,F,,,,0,8,0,no WA races loaded for this year/event,,https://github.com/ofiore/Thesis/blob/3cf1db7adebb493f3a5c2e957a1b09cf0986a7cd/Data/rxntime.csv
1911,WCH,2009,100m,M,F,,,,0,8,0,no WA races loaded for this year/event,,https://github.com/ofiore/Thesis/blob/3cf1db7adebb493f3a5c2e957a1b09cf0986a7cd/Data/rxntime.csv
1912,WCH,2009,100m,M,F,,,,0,8,0,no WA races loaded for this year/event,,https://github.com/ofiore/Thesis/blob/3cf1db7adebb493f3a5c2e957a1b09cf0986a7cd/Data/rxntime.csv
1913,WCH,2009,100m,M,F,,,,0,8,0,no WA races loaded for this year/event,,https://github.com/ofiore/Thesis/blob/3cf1db7adebb493f3a5c2e957a1b09cf0986a7cd/Data/rxntime.csv
1914,WCH,2009,100m,M,F,,,,0,8,0,no WA races loaded for this year/event,,https://github.com/ofiore/Thesis/blob/3cf1db7adebb493f3a5c2e957a1b09cf0986a7cd/Data/rxntime.csv
1915,WCH,2009,100m,M,F,,,,0,8,0,no WA races loaded for this year/event,,https://github.com/ofiore/Thesis/blob/3cf1db7adebb493f3a5c2e957a1b09cf0986a7cd/Data/rxntime.csv
1916,WCH,2009,100m,M,F,,,,0,8,0,no WA races loaded for this year/event,,https://github.com/ofiore/Thesis/blob/3cf1db7adebb493f3a5c2e957a1b09cf0986a7cd/Data/rxntime.csv
1917,WCH,2007,100m,M,SF,,,,0,8,0,no WA races loaded for this year/event,,https://github.com/ofiore/Thesis/blob/3cf1db7adebb493f3a5c2e957a1b09cf0986a7cd/Data/rxntime.csv
1918,WCH,2007,100m,M,SF,,,,0,8,0,no WA races loaded for this year/event,,https://github.com/ofiore/Thesis/blob/3cf1db7adebb493f3a5c2e957a1b09cf0986a7cd/Data/rxntime.csv
1919,WCH,2007,100m,M,SF,,,,0,8,0,no WA races loaded for this year/event,,https://github.com/ofiore/Thesis/blob/3cf1db7adebb493f3a5c2e957a1b09cf0986a7cd/Data/rxntime.csv
1920,WCH,2007,100m,M,SF,,,,0,8,0,no WA races loaded for this year/event,,https://github.com/ofiore/Thesis/blob/3cf1db7adebb493f3a5c2e957a1b09cf0986a7cd/Data/rxntime.csv
1921,WCH,2007,100m,M,SF,,,,0,8,0,no WA races loaded for this year/event,,https://github.com/ofiore/Thesis/blob/3cf1db7adebb493f3a5c2e957a1b09cf0986a7cd/Data/rxntime.csv
1922,WCH,2007,100m,M,SF,,,,0,8,0,no WA races loaded for this year/event,,https://github.com/ofiore/Thesis/blob/3cf1db7adebb493f3a5c2e957a1b09cf0986a7cd/Data/rxntime.csv
1923,WCH,2007,100m,M,SF,,,,0,8,0,no WA races loaded for this year/event,,https://github.com/ofiore/Thesis/blob/3cf1db7adebb493f3a5c2e957a1b09cf0986a7cd/Data/rxntime.csv
1924,WCH,2007,100m,M,SF,,,,0,8,0,no WA races loaded for this year/event,,https://github.com/ofiore/Thesis/blob/3cf1db7adebb493f3a5c2e957a1b09cf0986a7cd/Data/rxntime.csv
1925,WCH,2007,100m,M,SF,,,,0,8,0,no WA races loaded for this year/event,,https://github.com/ofiore/Thesis/blob/3cf1db7adebb493f3a5c2e957a1b09cf0986a7cd/Data/rxntime.csv
1926,WCH,2007,100m,M,SF,,,,0,8,0,no WA races loaded for this year/event,,https://github.com/ofiore/Thesis/blob/3cf1db7adebb493f3a5c2e957a1b09cf0986a7cd/Data/rxntime.csv
1927,WCH,2007,100m,M,SF,,,,0,8,0,no WA races loaded for this year/event,,https://github.com/ofiore/Thesis/blob/3cf1db7adebb493f3a5c2e957a1b09cf0986a7cd/Data/rxntime.csv
1928,WCH,2007,100m,M,SF,,,,0,8,0,no WA races loaded for this year/event,,https://github.com/ofiore/Thesis/blob/3cf1db7adebb493f3a5c2e957a1b09cf0986a7cd/Data/rxntime.csv
1929,WCH,2007,100m,M,SF,,,,0,8,0,no WA races loaded for this year/event,,https://github.com/ofiore/Thesis/blob/3cf1db7adebb493f3a5c2e957a1b09cf0986a7cd/Data/rxntime.csv
1930,WCH,2007,100m,M,SF,,,,0,8,0,no WA races loaded for this year/event,,https://github.com/ofiore/Thesis/blob/3cf1db7adebb493f3a5c2e957a1b09cf0986a7cd/Data/rxntime.csv
1931,WCH,2007,100m,M,SF,,,,0,8,0,no WA races loaded for this year/event,,https://github.com/ofiore/Thesis/blob/3cf1db7adebb493f3a5c2e957a1b09cf0986a7cd/Data/rxntime.csv
1932,WCH,2007,100m,M,SF,,,,0,8,0,no WA races loaded for this year/event,,https://github.com/ofiore/Thesis/blob/3cf1db7adebb493f3a5c2e957a1b09cf0986a7cd/Data/rxntime.csv
1933,WCH,2007,100m,M,F,,,,0,8,0,no WA races loaded for this year/event,,https://github.com/ofiore/Thesis/blob/3cf1db7adebb493f3a5c2e957a1b09cf0986a7cd/Data/rxntime.csv
1934,WCH,2007,100m,M,F,,,,0,8,0,no WA races loaded for this year/event,,https://github.com/ofiore/Thesis/blob/3cf1db7adebb493f3a5c2e957a1b09cf0986a7cd/Data/rxntime.csv
1935,WCH,2007,100m,M,F,,,,0,8,0,no WA races loaded for this year/event,,https://github.com/ofiore/Thesis/blob/3cf1db7adebb493f3a5c2e957a1b09cf0986a7cd/Data/rxntime.csv
1936,WCH,2007,100m,M,F,,,,0,8,0,no WA races loaded for this year/event,,https://github.com/ofiore/Thesis/blob/3cf1db7adebb493f3a5c2e957a1b09cf0986a7cd/Data/rxntime.csv
1937,WCH,2007,100m,M,F,,,,0,8,0,no WA races loaded for this year/event,,https://github.com/ofiore/Thesis/blob/3cf1db7adebb493f3a5c2e957a1b09cf0986a7cd/Data/rxntime.csv
1938,WCH,2007,100m,M,F,,,,0,8,0,no WA races loaded for this year/event,,https://github.com/ofiore/Thesis/blob/3cf1db7adebb493f3a5c2e957a1b09cf0986a7cd/Data/rxntime.csv
1939,WCH,2007,100m,M,F,,,,0,8,0,no WA races loaded for this year/event,,https://github.com/ofiore/Thesis/blob/3cf1db7adebb493f3a5c2e957a1b09cf0986a7cd/Data/rxntime.csv
1940,WCH,2007,100m,M,F,,,,0,8,0,no WA races loaded for this year/event,,https://github.com/ofiore/Thesis/blob/3cf1db7adebb493f3a5c2e957a1b09cf0986a7cd/Data/rxntime.csv
1941,WCH,2005,100m,M,SF,,,,0,8,0,no WA races loaded for this year/event,,https://github.com/ofiore/Thesis/blob/3cf1db7adebb493f3a5c2e957a1b09cf0986a7cd/Data/rxntime.csv
1942,WCH,2005,100m,M,SF,,,,0,8,0,no WA races loaded for this year/event,,https://github.com/ofiore/Thesis/blob/3cf1db7adebb493f3a5c2e957a1b09cf0986a7cd/Data/rxntime.csv
1943,WCH,2005,100m,M,SF,,,,0,8,0,no WA races loaded for this year/event,,https://github.com/ofiore/Thesis/blob/3cf1db7adebb493f3a5c2e957a1b09cf0986a7cd/Data/rxntime.csv
1944,WCH,2005,100m,M,SF,,,,0,8,0,no WA races loaded for this year/event,,https://github.com/ofiore/Thesis/blob/3cf1db7adebb493f3a5c2e957a1b09cf0986a7cd/Data/rxntime.csv
1945,WCH,2005,100m,M,SF,,,,0,8,0,no WA races loaded for this year/event,,https://github.com/ofiore/Thesis/blob/3cf1db7adebb493f3a5c2e957a1b09cf0986a7cd/Data/rxntime.csv
1946,WCH,2005,100m,M,SF,,,,0,8,0,no WA races loaded for this year/event,,https://github.com/ofiore/Thesis/blob/3cf1db7adebb493f3a5c2e957a1b09cf0986a7cd/Data/rxntime.csv
1947,WCH,2005,100m,M,SF,,,,0,8,0,no WA races loaded for this year/event,,https://github.com/ofiore/Thesis/blob/3cf1db7adebb493f3a5c2e957a1b09cf0986a7cd/Data/rxntime.csv
1948,WCH,2005,100m,M,SF,,,,0,8,0,no WA races loaded for this year/event,,https://github.com/ofiore/Thesis/blob/3cf1db7adebb493f3a5c2e957a1b09cf0986a7cd/Data/rxntime.csv
1949,WCH,2005,100m,M,SF,,,,0,8,0,no WA races loaded for this year/event,,https://github.com/ofiore/Thesis/blob/3cf1db7adebb493f3a5c2e957a1b09cf0986a7cd/Data/rxntime.csv
1950,WCH,2005,100m,M,SF,,,,0,8,0,no WA races loaded for this year/event,,https://github.com/ofiore/Thesis/blob/3cf1db7adebb493f3a5c2e957a1b09cf0986a7cd/Data/rxntime.csv
1951,WCH,2005,100m,M,SF,,,,0,8,0,no WA races loaded for this year/event,,https://github.com/ofiore/Thesis/blob/3cf1db7adebb493f3a5c2e957a1b09cf0986a7cd/Data/rxntime.csv
1952,WCH,2005,100m,M,SF,,,,0,8,0,no WA races loaded for this year/event,,https://github.com/ofiore/Thesis/blob/3cf1db7adebb493f3a5c2e957a1b09cf0986a7cd/Data/rxntime.csv
1953,WCH,2005,100m,M,SF,,,,0,8,0,no WA races loaded for this year/event,,https://github.com/ofiore/Thesis/blob/3cf1db7adebb493f3a5c2e957a1b09cf0986a7cd/Data/rxntime.csv
1954,WCH,2005,100m,M,SF,,,,0,8,0,no WA races loaded for this year/event,,https://github.com/ofiore/Thesis/blob/3cf1db7adebb493f3a5c2e957a1b09cf0986a7cd/Data/rxntime.csv
1955,WCH,2005,100m,M,SF,,,,0,8,0,no WA races loaded for this year/event,,https://github.com/ofiore/Thesis/blob/3cf1db7adebb493f3a5c2e957a1b09cf0986a7cd/Data/rxntime.csv
1956,WCH,2005,100m,M,SF,,,,0,8,0,no WA races loaded for this year/event,,https://github.com/ofiore/Thesis/blob/3cf1db7adebb493f3a5c2e957a1b09cf0986a7cd/Data/rxntime.csv
1957,WCH,2005,100m,M,F,,,,0,8,0,no WA races loaded for this year/event,,https://github.com/ofiore/Thesis/blob/3cf1db7adebb493f3a5c2e957a1b09cf0986a7cd/Data/rxntime.csv
1958,WCH,2005,100m,M,F,,,,0,8,0,no WA races loaded for this year/event,,https://github.com/ofiore/Thesis/blob/3cf1db7adebb493f3a5c2e957a1b09cf0986a7cd/Data/rxntime.csv
1959,WCH,2005,100m,M,F,,,,0,8,0,no WA races loaded for this year/event,,https://github.com/ofiore/Thesis/blob/3cf1db7adebb493f3a5c2e957a1b09cf0986a7cd/Data/rxntime.csv
1960,WCH,2005,100m,M,F,,,,0,8,0,no WA races loaded for this year/event,,https://github.com/ofiore/Thesis/blob/3cf1db7adebb493f3a5c2e957a1b09cf0986a7cd/Data/rxntime.csv
1961,WCH,2005,100m,M,F,,,,0,8,0,no WA races loaded for this year/event,,https://github.com/ofiore/Thesis/blob/3cf1db7adebb493f3a5c2e957a1b09cf0986a7cd/Data/rxntime.csv
1962,WCH,2005,100m,M,F,,,,0,8,0,no WA races loaded for this year/event,,https://github.com/ofiore/Thesis/blob/3cf1db7adebb493f3a5c2e957a1b09cf0986a7cd/Data/rxntime.csv
1963,WCH,2005,100m,M,F,,,,0,8,0,no WA races loaded for this year/event,,https://github.com/ofiore/Thesis/blob/3cf1db7adebb493f3a5c2e957a1b09cf0986a7cd/Data/rxntime.csv
1964,WCH,2005,100m,M,F,,,,0,8,0,no WA races loaded for this year/event,,https://github.com/ofiore/Thesis/blob/3cf1db7adebb493f3a5c2e957a1b09cf0986a7cd/Data/rxntime.csv
1965,WCH,2003,100m,M,SF,,,,0,8,0,no WA races loaded for this year/event,,https://github.com/ofiore/Thesis/blob/3cf1db7adebb493f3a5c2e957a1b09cf0986a7cd/Data/rxntime.csv
1966,WCH,2003,100m,M,SF,,,,0,8,0,no WA races loaded for this year/event,,https://github.com/ofiore/Thesis/blob/3cf1db7adebb493f3a5c2e957a1b09cf0986a7cd/Data/rxntime.csv
1967,WCH,2003,100m,M,SF,,,,0,8,0,no WA races loaded for this year/event,,https://github.com/ofiore/Thesis/blob/3cf1db7adebb493f3a5c2e957a1b09cf0986a7cd/Data/rxntime.csv
1968,WCH,2003,100m,M,SF,,,,0,8,0,no WA races loaded for this year/event,,https://github.com/ofiore/Thesis/blob/3cf1db7adebb493f3a5c2e957a1b09cf0986a7cd/Data/rxntime.csv
1969,WCH,2003,100m,M,SF,,,,0,8,0,no WA races loaded for this year/event,,https://github.com/ofiore/Thesis/blob/3cf1db7adebb493f3a5c2e957a1b09cf0986a7cd/Data/rxntime.csv
1970,WCH,2003,100m,M,SF,,,,0,8,0,no WA races loaded for this year/event,,https://github.com/ofiore/Thesis/blob/3cf1db7adebb493f3a5c2e957a1b09cf0986a7cd/Data/rxntime.csv
1971,WCH,2003,100m,M,SF,,,,0,8,0,no WA races loaded for this year/event,,https://github.com/ofiore/Thesis/blob/3cf1db7adebb493f3a5c2e957a1b09cf0986a7cd/Data/rxntime.csv
1972,WCH,2003,100m,M,SF,,,,0,8,0,no WA races loaded for this year/event,,https://github.com/ofiore/Thesis/blob/3cf1db7adebb493f3a5c2e957a1b09cf0986a7cd/Data/rxntime.csv
1973,WCH,2003,100m,M,SF,,,,0,9,0,no WA races loaded for this year/event,,https://github.com/ofiore/Thesis/blob/3cf1db7adebb493f3a5c2e957a1b09cf0986a7cd/Data/rxntime.csv
1974,WCH,2003,100m,M,SF,,,,0,9,0,no WA races loaded for this year/event,,https://github.com/ofiore/Thesis/blob/3cf1db7adebb493f3a5c2e957a1b09cf0986a7cd/Data/rxntime.csv
1975,WCH,2003,100m,M,SF,,,,0,9,0,no WA races loaded for this year/event,,https://github.com/ofiore/Thesis/blob/3cf1db7adebb493f3a5c2e957a1b09cf0986a7cd/Data/rxntime.csv
1976,WCH,2003,100m,M,SF,,,,0,9,0,no WA races loaded for this year/event,,https://github.com/ofiore/Thesis/blob/3cf1db7adebb493f3a5c2e957a1b09cf0986a7cd/Data/rxntime.csv
1977,WCH,2003,100m,M,SF,,,,0,9,0,no WA races loaded for this year/event,,https://github.com/ofiore/Thesis/blob/3cf1db7adebb493f3a5c2e957a1b09cf0986a7cd/Data/rxntime.csv
1978,WCH,2003,100m,M,SF,,,,0,9,0,no WA races loaded for this year/event,,https://github.com/ofiore/Thesis/blob/3cf1db7adebb493f3a5c2e957a1b09cf0986a7cd/Data/rxntime.csv
1979,WCH,2003,100m,M,SF,,,,0,9,0,no WA races loaded for this year/event,,https://github.com/ofiore/Thesis/blob/3cf1db7adebb493f3a5c2e957a1b09cf0986a7cd/Data/rxntime.csv
1980,WCH,2003,100m,M,SF,,,,0,9,0,no WA races loaded for this year/event,,https://github.com/ofiore/Thesis/blob/3cf1db7adebb493f3a5c2e957a1b09cf0986a7cd/Data/rxntime.csv
1981,WCH,2003,100m,M,SF,,,,0,9,0,no WA races loaded for this year/event,,https://github.com/ofiore/Thesis/blob/3cf1db7adebb493f3a5c2e957a1b09cf0986a7cd/Data/rxntime.csv
1982,WCH,2003,100m,M,F,,,,0,8,0,no WA races loaded for this year/event,,https://github.com/ofiore/Thesis/blob/3cf1db7adebb493f3a5c2e957a1b09cf0986a7cd/Data/rxntime.csv
1983,WCH,2003,100m,M,F,,,,0,8,0,no WA races loaded for this year/event,,https://github.com/ofiore/Thesis/blob/3cf1db7adebb493f3a5c2e957a1b09cf0986a7cd/Data/rxntime.csv
1984,WCH,2003,100m,M,F,,,,0,8,0,no WA races loaded for this year/event,,https://github.com/ofiore/Thesis/blob/3cf1db7adebb493f3a5c2e957a1b09cf0986a7cd/Data/rxntime.csv
1985,WCH,2003,100m,M,F,,,,0,8,0,no WA races loaded for this year/event,,https://github.com/ofiore/Thesis/blob/3cf1db7adebb493f3a5c2e957a1b09cf0986a7cd/Data/rxntime.csv
1986,WCH,2003,100m,M,F,,,,0,8,0,no WA races loaded for this year/event,,https://github.com/ofiore/Thesis/blob/3cf1db7adebb493f3a5c2e957a1b09cf0986a7cd/Data/rxntime.csv
1987,WCH,2003,100m,M,F,,,,0,8,0,no WA races loaded for this year/event,,https://github.com/ofiore/Thesis/blob/3cf1db7adebb493f3a5c2e957a1b09cf0986a7cd/Data/rxntime.csv
1988,WCH,2003,100m,M,F,,,,0,8,0,no WA races loaded for this year/event,,https://github.com/ofiore/Thesis/blob/3cf1db7adebb493f3a5c2e957a1b09cf0986a7cd/Data/rxntime.csv
1989,WCH,2003,100m,M,F,,,,0,8,0,no WA races loaded for this year/event,,https://github.com/ofiore/Thesis/blob/3cf1db7adebb493f3a5c2e957a1b09cf0986a7cd/Data/rxntime.csv
1990,WCH,2001,100m,M,SF,,,,0,8,0,no WA races loaded for this year/event,,https://github.com/ofiore/Thesis/blob/3cf1db7adebb493f3a5c2e957a1b09cf0986a7cd/Data/rxntime.csv
1991,WCH,2001,100m,M,SF,,,,0,8,0,no WA races loaded for this year/event,,https://github.com/ofiore/Thesis/blob/3cf1db7adebb493f3a5c2e957a1b09cf0986a7cd/Data/rxntime.csv
1992,WCH,2001,100m,M,SF,,,,0,8,0,no WA races loaded for this year/event,,https://github.com/ofiore/Thesis/blob/3cf1db7adebb493f3a5c2e957a1b09cf0986a7cd/Data/rxntime.csv
1993,WCH,2001,100m,M,SF,,,,0,8,0,no WA races loaded for this year/event,,https://github.com/ofiore/Thesis/blob/3cf1db7adebb493f3a5c2e957a1b09cf0986a7cd/Data/rxntime.csv
1994,WCH,2001,100m,M,SF,,,,0,8,0,no WA races loaded for this year/event,,https://github.com/ofiore/Thesis/blob/3cf1db7adebb493f3a5c2e957a1b09cf0986a7cd/Data/rxntime.csv
1995,WCH,2001,100m,M,SF,,,,0,8,0,no WA races loaded for this year/event,,https://github.com/ofiore/Thesis/blob/3cf1db7adebb493f3a5c2e957a1b09cf0986a7cd/Data/rxntime.csv
1996,WCH,2001,100m,M,SF,,,,0,8,0,no WA races loaded for this year/event,,https://github.com/ofiore/Thesis/blob/3cf1db7adebb493f3a5c2e957a1b09cf0986a7cd/Data/rxntime.csv
1997,WCH,2001,100m,M,SF,,,,0,8,0,no WA races loaded for this year/event,,https://github.com/ofiore/Thesis/blob/3cf1db7adebb493f3a5c2e957a1b09cf0986a7cd/Data/rxntime.csv
1998,WCH,2001,100m,M,SF,,,,0,8,0,no WA races loaded for this year/event,,https://github.com/ofiore/Thesis/blob/3cf1db7adebb493f3a5c2e957a1b09cf0986a7cd/Data/rxntime.csv
1999,WCH,2001,100m,M,SF,,,,0,8,0,no WA races loaded for this year/event,,https://github.com/ofiore/Thesis/blob/3cf1db7adebb493f3a5c2e957a1b09cf0986a7cd/Data/rxntime.csv
2000,WCH,2001,100m,M,SF,,,,0,8,0,no WA races loaded for this year/event,,https://github.com/ofiore/Thesis/blob/3cf1db7adebb493f3a5c2e957a1b09cf0986a7cd/Data/rxntime.csv
2001,WCH,2001,100m,M,SF,,,,0,8,0,no WA races loaded for this year/event,,https://github.com/ofiore/Thesis/blob/3cf1db7adebb493f3a5c2e957a1b09cf0986a7cd/Data/rxntime.csv
2002,WCH,2001,100m,M,SF,,,,0,8,0,no WA races loaded for this year/event,,https://github.com/ofiore/Thesis/blob/3cf1db7adebb493f3a5c2e957a1b09cf0986a7cd/Data/rxntime.csv
2003,WCH,2001,100m,M,SF,,,,0,8,0,no WA races loaded for this year/event,,https://github.com/ofiore/Thesis/blob/3cf1db7adebb493f3a5c2e957a1b09cf0986a7cd/Data/rxntime.csv
2004,WCH,2001,100m,M,SF,,,,0,8,0,no WA races loaded for this year/event,,https://github.com/ofiore/Thesis/blob/3cf1db7adebb493f3a5c2e957a1b09cf0986a7cd/Data/rxntime.csv
2005,WCH,2001,100m,M,SF,,,,0,8,0,no WA races loaded for this year/event,,https://github.com/ofiore/Thesis/blob/3cf1db7adebb493f3a5c2e957a1b09cf0986a7cd/Data/rxntime.csv
2006,WCH,2001,100m,M,F,,,,0,8,0,no WA races loaded for this year/event,,https://github.com/ofiore/Thesis/blob/3cf1db7adebb493f3a5c2e957a1b09cf0986a7cd/Data/rxntime.csv
2007,WCH,2001,100m,M,F,,,,0,8,0,no WA races loaded for this year/event,,https://github.com/ofiore/Thesis/blob/3cf1db7adebb493f3a5c2e957a1b09cf0986a7cd/Data/rxntime.csv
2008,WCH,2001,100m,M,F,,,,0,8,0,no WA races loaded for this year/event,,https://github.com/ofiore/Thesis/blob/3cf1db7adebb493f3a5c2e957a1b09cf0986a7cd/Data/rxntime.csv
2009,WCH,2001,100m,M,F,,,,0,8,0,no WA races loaded for this year/event,,https://github.com/ofiore/Thesis/blob/3cf1db7adebb493f3a5c2e957a1b09cf0986a7cd/Data/rxntime.csv
2010,WCH,2001,100m,M,F,,,,0,8,0,no WA races loaded for this year/event,,https://github.com/ofiore/Thesis/blob/3cf1db7adebb493f3a5c2e957a1b09cf0986a7cd/Data/rxntime.csv
2011,WCH,2001,100m,M,F,,,,0,8,0,no WA races loaded for this year/event,,https://github.com/ofiore/Thesis/blob/3cf1db7adebb493f3a5c2e957a1b09cf0986a7cd/Data/rxntime.csv
2012,WCH,2001,100m,M,F,,,,0,8,0,no WA races loaded for this year/event,,https://github.com/ofiore/Thesis/blob/3cf1db7adebb493f3a5c2e957a1b09cf0986a7cd/Data/rxntime.csv
2013,WCH,2001,100m,M,F,,,,0,8,0,no WA races loaded for this year/event,,https://github.com/ofiore/Thesis/blob/3cf1db7adebb493f3a5c2e957a1b09cf0986a7cd/Data/rxntime.csv
2014,WCH,1999,100m,M,SF,,,,0,8,0,no WA races loaded for this year/event,,https://github.com/ofiore/Thesis/blob/3cf1db7adebb493f3a5c2e957a1b09cf0986a7cd/Data/rxntime.csv
2015,WCH,1999,100m,M,SF,,,,0,8,0,no WA races loaded for this year/event,,https://github.com/ofiore/Thesis/blob/3cf1db7adebb493f3a5c2e957a1b09cf0986a7cd/Data/rxntime.csv
2016,WCH,1999,100m,M,SF,,,,0,8,0,no WA races loaded for this year/event,,https://github.com/ofiore/Thesis/blob/3cf1db7adebb493f3a5c2e957a1b09cf0986a7cd/Data/rxntime.csv
2017,WCH,1999,100m,M,SF,,,,0,8,0,no WA races loaded for this year/event,,https://github.com/ofiore/Thesis/blob/3cf1db7adebb493f3a5c2e957a1b09cf0986a7cd/Data/rxntime.csv
2018,WCH,1999,100m,M,SF,,,,0,8,0,no WA races loaded for this year/event,,https://github.com/ofiore/Thesis/blob/3cf1db7adebb493f3a5c2e957a1b09cf0986a7cd/Data/rxntime.csv
2019,WCH,1999,100m,M,SF,,,,0,8,0,no WA races loaded for this year/event,,https://github.com/ofiore/Thesis/blob/3cf1db7adebb493f3a5c2e957a1b09cf0986a7cd/Data/rxntime.csv
2020,WCH,1999,100m,M,SF,,,,0,8,0,no WA races loaded for this year/event,,https://github.com/ofiore/Thesis/blob/3cf1db7adebb493f3a5c2e957a1b09cf0986a7cd/Data/rxntime.csv
2021,WCH,1999,100m,M,SF,,,,0,8,0,no WA races loaded for this year/event,,https://github.com/ofiore/Thesis/blob/3cf1db7adebb493f3a5c2e957a1b09cf0986a7cd/Data/rxntime.csv
2022,WCH,1999,100m,M,SF,,,,0,8,0,no WA races loaded for this year/event,,https://github.com/ofiore/Thesis/blob/3cf1db7adebb493f3a5c2e957a1b09cf0986a7cd/Data/rxntime.csv
2023,WCH,1999,100m,M,SF,,,,0,8,0,no WA races loaded for this year/event,,https://github.com/ofiore/Thesis/blob/3cf1db7adebb493f3a5c2e957a1b09cf0986a7cd/Data/rxntime.csv
2024,WCH,1999,100m,M,SF,,,,0,8,0,no WA races loaded for this year/event,,https://github.com/ofiore/Thesis/blob/3cf1db7adebb493f3a5c2e957a1b09cf0986a7cd/Data/rxntime.csv
2025,WCH,1999,100m,M,SF,,,,0,8,0,no WA races loaded for this year/event,,https://github.com/ofiore/Thesis/blob/3cf1db7adebb493f3a5c2e957a1b09cf0986a7cd/Data/rxntime.csv
2026,WCH,1999,100m,M,SF,,,,0,8,0,no WA races loaded for this year/event,,https://github.com/ofiore/Thesis/blob/3cf1db7adebb493f3a5c2e957a1b09cf0986a7cd/Data/rxntime.csv
2027,WCH,1999,100m,M,SF,,,,0,8,0,no WA races loaded for this year/event,,https://github.com/ofiore/Thesis/blob/3cf1db7adebb493f3a5c2e957a1b09cf0986a7cd/Data/rxntime.csv
2028,WCH,1999,100m,M,SF,,,,0,8,0,no WA races loaded for this year/event,,https://github.com/ofiore/Thesis/blob/3cf1db7adebb493f3a5c2e957a1b09cf0986a7cd/Data/rxntime.csv
2029,WCH,1999,100m,M,SF,,,,0,8,0,no WA races loaded for this year/event,,https://github.com/ofiore/Thesis/blob/3cf1db7adebb493f3a5c2e957a1b09cf0986a7cd/Data/rxntime.csv
2030,WCH,1999,100m,M,F,,,,0,8,0,no WA races loaded for this year/event,,https://github.com/ofiore/Thesis/blob/3cf1db7adebb493f3a5c2e957a1b09cf0986a7cd/Data/rxntime.csv
2031,WCH,1999,100m,M,F,,,,0,8,0,no WA races loaded for this year/event,,https://github.com/ofiore/Thesis/blob/3cf1db7adebb493f3a5c2e957a1b09cf0986a7cd/Data/rxntime.csv
2032,WCH,1999,100m,M,F,,,,0,8,0,no WA races loaded for this year/event,,https://github.com/ofiore/Thesis/blob/3cf1db7adebb493f3a5c2e957a1b09cf0986a7cd/Data/rxntime.csv
2033,WCH,1999,100m,M,F,,,,0,8,0,no WA races loaded for this year/event,,https://github.com/ofiore/Thesis/blob/3cf1db7adebb493f3a5c2e957a1b09cf0986a7cd/Data/rxntime.csv
2034,WCH,1999,100m,M,F,,,,0,8,0,no WA races loaded for this year/event,,https://github.com/ofiore/Thesis/blob/3cf1db7adebb493f3a5c2e957a1b09cf0986a7cd/Data/rxntime.csv
2035,WCH,1999,100m,M,F,,,,0,8,0,no WA races loaded for this year/event,,https://github.com/ofiore/Thesis/blob/3cf1db7adebb493f3a5c2e957a1b09cf0986a7cd/Data/rxntime.csv
2036,WCH,1999,100m,M,F,,,,0,8,0,no WA races loaded for this year/event,,https://github.com/ofiore/Thesis/blob/3cf1db7adebb493f3a5c2e957a1b09cf0986a7cd/Data/rxntime.csv
2037,WCH,1999,100m,M,F,,,,0,8,0,no WA races loaded for this year/event,,https://github.com/ofiore/Thesis/blob/3cf1db7adebb493f3a5c2e957a1b09cf0986a7cd/Data/rxntime.csv
2038,WCH,2023,200m,M,SF,WCH2023-200m-M-SF-H1,Noah LYLES,8,8,8,1,,,https://github.com/ofiore/Thesis/blob/3cf1db7adebb493f3a5c2e957a1b09cf0986a7cd/Data/rxntime.csv
2039,WCH,2023,200m,M,SF,WCH2023-200m-M-SF-H1,Alexander OGANDO,6,8,8,1,,,https://github.com/ofiore/Thesis/blob/3cf1db7adebb493f3a5c2e957a1b09cf0986a7cd/Data/rxntime.csv
2040,WCH,2023,200m,M,SF,WCH2023-200m-M-SF-H1,Tarsis Gracious OROGOT,3,8,8,1,,,https://github.com/ofiore/Thesis/blob/3cf1db7adebb493f3a5c2e957a1b09cf0986a7cd/Data/rxntime.csv
2041,WCH,2023,200m,M,SF,WCH2023-200m-M-SF-H1,Brendon RODNEY,7,8,8,1,,,https://github.com/ofiore/Thesis/blob/3cf1db7adebb493f3a5c2e957a1b09cf0986a7cd/Data/rxntime.csv
2042,WCH,2023,200m,M,SF,WCH2023-200m-M-SF-H1,Andrew HUDSON,9,8,8,1,,,https://github.com/ofiore/Thesis/blob/3cf1db7adebb493f3a5c2e957a1b09cf0986a7cd/Data/rxntime.csv
2043,WCH,2023,200m,M,SF,WCH2023-200m-M-SF-H1,Luxolo ADAMS,4,8,8,1,,,https://github.com/ofiore/Thesis/blob/3cf1db7adebb493f3a5c2e957a1b09cf0986a7cd/Data/rxntime.csv
2044,WCH,2023,200m,M,SF,WCH2023-200m-M-SF-H1,Shota IIZUKA,2,8,8,1,,,https://github.com/ofiore/Thesis/blob/3cf1db7adebb493f3a5c2e957a1b09cf0986a7cd/Data/rxntime.csv
2045,WCH,2023,200m,M,SF,WCH2023-200m-M-SF-H1,Ondřej MACÍK,5,8,8,1,,,https://github.com/ofiore/Thesis/blob/3cf1db7adebb493f3a5c2e957a1b09cf0986a7cd/Data/rxntime.csv
2046,WCH,2023,200m,M,SF,WCH2023-200m-M-SF-H2,Kenneth BEDNAREK,7,8,8,0,,,https://github.com/ofiore/Thesis/blob/3cf1db7adebb493f3a5c2e957a1b09cf0986a7cd/Data/rxntime.csv
2047,WCH,2023,200m,M,SF,WCH2023-200m-M-SF-H2,Letsile TEBOGO,6,8,8,0,,,https://github.com/ofiore/Thesis/blob/3cf1db7adebb493f3a5c2e957a1b09cf0986a7cd/Data/rxntime.csv
2048,WCH,2023,200m,M,SF,WCH2023-200m-M-SF-H2,Courtney LINDSEY,5,8,8,0,,,https://github.com/ofiore/Thesis/blob/3cf1db7adebb493f3a5c2e957a1b09cf0986a7cd/Data/rxntime.csv
2049,WCH,2023,200m,M,SF,WCH2023-200m-M-SF-H2,Sinesipho DAMBILE,9,8,8,0,,,https://github.com/ofiore/Thesis/blob/3cf1db7adebb493f3a5c2e957a1b09cf0986a7cd/Data/rxntime.csv
2050,WCH,2023,200m,M,SF,WCH2023-200m-M-SF-H2,Renan CORREA,4,8,8,0,,,https://github.com/ofiore/Thesis/blob/3cf1db7adebb493f3a5c2e957a1b09cf0986a7cd/Data/rxntime.csv
2051,WCH,2023,200m,M,SF,WCH2023-200m-M-SF-H2,Taymir BURNET,3,8,8,0,,,https://github.com/ofiore/Thesis/blob/3cf1db7adebb493f3a5c2e957a1b09cf0986a7cd/Data/rxntime.csv
2052,WCH,2023,200m,M,SF,WCH2023-200m-M-SF-H2,Alaba Olukunle AKINTOLA,2,8,8,0,,,https://github.com/ofiore/Thesis/blob/3cf1db7adebb493f3a5c2e957a1b09cf0986a7cd/Data/rxntime.csv
2053,WCH,2023,200m,M,SF,WCH2023-200m-M-SF-H2,Aaron BROWN,8,8,8,0,,,https://github.com/ofiore/Thesis/blob/3cf1db7adebb493f3a5c2e957a1b09cf0986a7cd/Data/rxntime.csv
2054,WCH,2023,200m,M,SF,WCH2023-200m-M-SF-H3,Erriyon KNIGHTON,6,8,8,0,,,https://github.com/ofiore/Thesis/blob/3cf1db7adebb493f3a5c2e957a1b09cf0986a7cd/Data/rxntime.csv
2055,WCH,2023,200m,M,SF,WCH2023-200m-M-SF-H3,Zharnel HUGHES,7,8,8,0,,,https://github.com/ofiore/Thesis/blob/3cf1db7adebb493f3a5c2e957a1b09cf0986a7cd/Data/rxntime.csv
2056,WCH,2023,200m,M,SF,WCH2023-200m-M-SF-H3,Andre DE GRASSE,5,8,8,0,,,https://github.com/ofiore/Thesis/blob/3cf1db7adebb493f3a5c2e957a1b09cf0986a7cd/Data/rxntime.csv
2057,WCH,2023,200m,M,SF,WCH2023-200m-M-SF-H3,Joseph FAHNBULLEH,4,8,8,0,,,https://github.com/ofiore/Thesis/blob/3cf1db7adebb493f3a5c2e957a1b09cf0986a7cd/Data/rxntime.csv
2058,WCH,2023,200m,M,SF,WCH2023-200m-M-SF-H3,Towa UZAWA,8,8,8,0,,,https://github.com/ofiore/Thesis/blob/3cf1db7adebb493f3a5c2e957a1b09cf0986a7cd/Data/rxntime.csv
2059,WCH,2023,200m,M,SF,WCH2023-200m-M-SF-H3,Rasheed DWYER,9,8,8,0,,,https://github.com/ofiore/Thesis/blob/3cf1db7adebb493f3a5c2e957a1b09cf0986a7cd/Data/rxntime.csv
2060,WCH,2023,200m,M,SF,WCH2023-200m-M-SF-H3,Shaun MASWANGANYI,3,8,8,0,,,https://github.com/ofiore/Thesis/blob/3cf1db7adebb493f3a5c2e957a1b09cf0986a7cd/Data/rxntime.csv
2061,WCH,2023,200m,M,SF,WCH2023-200m-M-SF-H3,William REAIS,2,8,8,0,,,https://github.com/ofiore/Thesis/blob/3cf1db7adebb493f3a5c2e957a1b09cf0986a7cd/Data/rxntime.csv
2062,WCH,2023,200m,M,F,WCH2023-200m-M-F-H1,Noah LYLES,6,9,9,1,,,https://github.com/ofiore/Thesis/blob/3cf1db7adebb493f3a5c2e957a1b09cf0986a7cd/Data/rxntime.csv
2063,WCH,2023,200m,M,F,WCH2023-200m-M-F-H1,Erriyon KNIGHTON,8,9,9,1,,,https://github.com/ofiore/Thesis/blob/3cf1db7adebb493f3a5c2e957a1b09cf0986a7cd/Data/rxntime.csv
2064,WCH,2023,200m,M,F,WCH2023-200m-M-F-H1,Letsile TEBOGO,9,9,9,1,,,https://github.com/ofiore/Thesis/blob/3cf1db7adebb493f3a5c2e957a1b09cf0986a7cd/Data/rxntime.csv
2065,WCH,2023,200m,M,F,WCH2023-200m-M-F-H1,Zharnel HUGHES,4,9,9,1,,,https://github.com/ofiore/Thesis/blob/3cf1db7adebb493f3a5c2e957a1b09cf0986a7cd/Data/rxntime.csv
2066,WCH,2023,200m,M,F,WCH2023-200m-M-F-H1,Kenneth BEDNAREK,7,9,9,1,,,https://github.com/ofiore/Thesis/blob/3cf1db7adebb493f3a5c2e957a1b09cf0986a7cd/Data/rxntime.csv
2067,WCH,2023,200m,M,F,WCH2023-200m-M-F-H1,Andre DE GRASSE,3,9,9,1,,,https://github.com/ofiore/Thesis/blob/3cf1db7adebb493f3a5c2e957a1b09cf0986a7cd/Data/rxntime.csv
2068,WCH,2023,200m,M,F,WCH2023-200m-M-F-H1,Alexander OGANDO,5,9,9,1,,,https://github.com/ofiore/Thesis/blob/3cf1db7adebb493f3a5c2e957a1b09cf0986a7cd/Data/rxntime.csv
2069,WCH,2023,200m,M,F,WCH2023-200m-M-F-H1,Andrew HUDSON,1,9,9,1,,,https://github.com/ofiore/Thesis/blob/3cf1db7adebb493f3a5c2e957a1b09cf0986a7cd/Data/rxntime.csv
2070,WCH,2023,200m,M,F,WCH2023-200m-M-F-H1,Joseph FAHNBULLEH,2,9,9,1,,,https://github.com/ofiore/Thesis/blob/3cf1db7adebb493f3a5c2e957a1b09cf0986a7cd/Data/rxntime.csv
2071,WCH,2022,200m,M,SF,WCH2022-200m-M-SF-H1,Alexander OGANDO,3,8,8,1,,,https://github.com/ofiore/Thesis/blob/3cf1db7adebb493f3a5c2e957a1b09cf0986a7cd/Data/rxntime.csv
2072,WCH,2022,200m,M,SF,WCH2022-200m-M-SF-H1,Joseph FAHNBULLEH,4,8,8,1,,,https://github.com/ofiore/Thesis/blob/3cf1db7adebb493f3a5c2e957a1b09cf0986a7cd/Data/rxntime.csv
2073,WCH,2022,200m,M,SF,WCH2022-200m-M-SF-H1,Jerome BLAKE,8,8,8,1,,,https://github.com/ofiore/Thesis/blob/3cf1db7adebb493f3a5c2e957a1b09cf0986a7cd/Data/rxntime.csv
2074,WCH,2022,200m,M,SF,WCH2022-200m-M-SF-H1,Nethaneel MITCHELL-BLAKE,7,8,8,1,,,https://github.com/ofiore/Thesis/blob/3cf1db7adebb493f3a5c2e957a1b09cf0986a7cd/Data/rxntime.csv
2075,WCH,2022,200m,M,SF,WCH2022-200m-M-SF-H1,Sinesipho DAMBILE,5,8,8,1,,,https://github.com/ofiore/Thesis/blob/3cf1db7adebb493f3a5c2e957a1b09cf0986a7cd/Data/rxntime.csv
2076,WCH,2022,200m,M,SF,WCH2022-200m-M-SF-H1,Fred KERLEY,6,8,8,1,,,https://github.com/ofiore/Thesis/blob/3cf1db7adebb493f3a5c2e957a1b09cf0986a7cd/Data/rxntime.csv
2077,WCH,2022,200m,M,SF,WCH2022-200m-M-SF-H1,Shota IIZUKA,2,8,8,1,,,https://github.com/ofiore/Thesis/blob/3cf1db7adebb493f3a5c2e957a1b09cf0986a7cd/Data/rxntime.csv
2078,WCH,2022,200m,M,SF,WCH2022-200m-M-SF-H1,Yohan BLAKE,1,8,8,1,,,https://github.com/ofiore/Thesis/blob/3cf1db7adebb493f3a5c2e957a1b09cf0986a7cd/Data/rxntime.csv
2079,WCH,2022,200m,M,SF,WCH2022-200m-M-SF-H2,Noah LYLES,5,8,8,0,,,https://github.com/ofiore/Thesis/blob/3cf1db7adebb493f3a5c2e957a1b09cf0986a7cd/Data/rxntime.csv
2080,WCH,2022,200m,M,SF,WCH2022-200m-M-SF-H2,Kenneth BEDNAREK,4,8,8,0,,,https://github.com/ofiore/Thesis/blob/3cf1db7adebb493f3a5c2e957a1b09cf0986a7cd/Data/rxntime.csv
2081,WCH,2022,200m,M,SF,WCH2022-200m-M-SF-H2,Jereem RICHARDS,3,8,8,0,,,https://github.com/ofiore/Thesis/blob/3cf1db7adebb493f3a5c2e957a1b09cf0986a7cd/Data/rxntime.csv
2082,WCH,2022,200m,M,SF,WCH2022-200m-M-SF-H2,Luxolo ADAMS,6,8,8,0,,,https://github.com/ofiore/Thesis/blob/3cf1db7adebb493f3a5c2e957a1b09cf0986a7cd/Data/rxntime.csv
2083,WCH,2022,200m,M,SF,WCH2022-200m-M-SF-H2,Tarsis Gracious OROGOT,1,8,8,0,,,https://github.com/ofiore/Thesis/blob/3cf1db7adebb493f3a5c2e957a1b09cf0986a7cd/Data/rxntime.csv
2084,WCH,2022,200m,M,SF,WCH2022-200m-M-SF-H2,Udodi Chudi ONWUZURIKE,7,8,8,0,,,https://github.com/ofiore/Thesis/blob/3cf1db7adebb493f3a5c2e957a1b09cf0986a7cd/Data/rxntime.csv
2085,WCH,2022,200m,M,SF,WCH2022-200m-M-SF-H2,Joe FERGUSON,2,8,8,0,,,https://github.com/ofiore/Thesis/blob/3cf1db7adebb493f3a5c2e957a1b09cf0986a7cd/Data/rxntime.csv
2086,WCH,2022,200m,M,SF,WCH2022-200m-M-SF-H2,Guy MAGANGA GORRA,8,8,8,0,,,https://github.com/ofiore/Thesis/blob/3cf1db7adebb493f3a5c2e957a1b09cf0986a7cd/Data/rxntime.csv
2087,WCH,2022,200m,M,SF,WCH2022-200m-M-SF-H3,Erriyon KNIGHTON,4,8,8,0,,,https://github.com/ofiore/Thesis/blob/3cf1db7adebb493f3a5c2e957a1b09cf0986a7cd/Data/rxntime.csv
2088,WCH,2022,200m,M,SF,WCH2022-200m-M-SF-H3,Aaron BROWN,8,8,8,0,,,https://github.com/ofiore/Thesis/blob/3cf1db7adebb493f3a5c2e957a1b09cf0986a7cd/Data/rxntime.csv
2089,WCH,2022,200m,M,SF,WCH2022-200m-M-SF-H3,Filippo TORTU,5,8,8,0,,,https://github.com/ofiore/Thesis/blob/3cf1db7adebb493f3a5c2e957a1b09cf0986a7cd/Data/rxntime.csv
2090,WCH,2022,200m,M,SF,WCH2022-200m-M-SF-H3,Yancarlos MARTÍNEZ,2,8,8,0,,,https://github.com/ofiore/Thesis/blob/3cf1db7adebb493f3a5c2e957a1b09cf0986a7cd/Data/rxntime.csv
2091,WCH,2022,200m,M,SF,WCH2022-200m-M-SF-H3,Zhenye XIE,7,8,8,0,,,https://github.com/ofiore/Thesis/blob/3cf1db7adebb493f3a5c2e957a1b09cf0986a7cd/Data/rxntime.csv
2092,WCH,2022,200m,M,SF,WCH2022-200m-M-SF-H3,Koki UEYAMA,6,8,8,0,,,https://github.com/ofiore/Thesis/blob/3cf1db7adebb493f3a5c2e957a1b09cf0986a7cd/Data/rxntime.csv
2093,WCH,2022,200m,M,SF,WCH2022-200m-M-SF-H3,Calab LAW,1,8,8,0,,,https://github.com/ofiore/Thesis/blob/3cf1db7adebb493f3a5c2e957a1b09cf0986a7cd/Data/rxntime.csv
2094,WCH,2022,200m,M,SF,WCH2022-200m-M-SF-H3,Rasheed DWYER,3,8,8,0,,,https://github.com/ofiore/Thesis/blob/3cf1db7adebb493f3a5c2e957a1b09cf0986a7cd/Data/rxntime.csv
2095,WCH,2022,200m,M,F,WCH2022-200m-M-F-H1,Noah LYLES,6,8,8,0,,,https://github.com/ofiore/Thesis/blob/3cf1db7adebb493f3a5c2e957a1b09cf0986a7cd/Data/rxntime.csv
2096,WCH,2022,200m,M,F,WCH2022-200m-M-F-H1,Kenneth BEDNAREK,5,8,8,0,,,https://github.com/ofiore/Thesis/blob/3cf1db7adebb493f3a5c2e957a1b09cf0986a7cd/Data/rxntime.csv
2097,WCH,2022,200m,M,F,WCH2022-200m-M-F-H1,Erriyon KNIGHTON,3,8,8,0,,,https://github.com/ofiore/Thesis/blob/3cf1db7adebb493f3a5c2e957a1b09cf0986a7cd/Data/rxntime.csv
2098,WCH,2022,200m,M,F,WCH2022-200m-M-F-H1,Joseph FAHNBULLEH,7,8,8,0,,,https://github.com/ofiore/Thesis/blob/3cf1db7adebb493f3a5c2e957a1b09cf0986a7cd/Data/rxntime.csv
2099,WCH,2022,200m,M,F,WCH2022-200m-M-F-H1,Alexander OGANDO,4,8,8,0,,,https://github.com/ofiore/Thesis/blob/3cf1db7adebb493f3a5c2e957a1b09cf0986a7cd/Data/rxntime.csv
2100,WCH,2022,200m,M,F,WCH2022-200m-M-F-H1,Jereem RICHARDS,2,8,8,0,,,https://github.com/ofiore/Thesis/blob/3cf1db7adebb493f3a5c2e957a1b09cf0986a7cd/Data/rxntime.csv
2101,WCH,2022,200m,M,F,WCH2022-200m-M-F-H1,Aaron BROWN,8,8,8,0,,,https://github.com/ofiore/Thesis/blob/3cf1db7adebb493f3a5c2e957a1b09cf0986a7cd/Data/rxntime.csv
2102,WCH,2022,200m,M,F,WCH2022-200m-M-F-H1,Luxolo ADAMS,1,8,8,0,,,https://github.com/ofiore/Thesis/blob/3cf1db7adebb493f3a5c2e957a1b09cf0986a7cd/Data/rxntime.csv
2103,WCH,2019,200m,M,SF,WCH2019-200m-M-SF-H1,Adam Gemili,5,8,8,1,,,https://github.com/ofiore/Thesis/blob/3cf1db7adebb493f3a5c2e957a1b09cf0986a7cd/Data/rxntime.csv
2104,WCH,2019,200m,M,SF,WCH2019-200m-M-SF-H1,Ramil Guliyev,4,8,8,1,,,https://github.com/ofiore/Thesis/blob/3cf1db7adebb493f3a5c2e957a1b09cf0986a7cd/Data/rxntime.csv
2105,WCH,2019,200m,M,SF,WCH2019-200m-M-SF-H1,Aaron Brown,6,8,8,1,,,https://github.com/ofiore/Thesis/blob/3cf1db7adebb493f3a5c2e957a1b09cf0986a7cd/Data/rxntime.csv
2106,WCH,2019,200m,M,SF,WCH2019-200m-M-SF-H1,Jereem Richards,7,8,8,1,,,https://github.com/ofiore/Thesis/blob/3cf1db7adebb493f3a5c2e957a1b09cf0986a7cd/Data/rxntime.csv
2107,WCH,2019,200m,M,SF,WCH2019-200m-M-SF-H1,Rasheed Dwyer,8,8,8,1,,,https://github.com/ofiore/Thesis/blob/3cf1db7adebb493f3a5c2e957a1b09cf0986a7cd/Data/rxntime.csv
2108,WCH,2019,200m,M,SF,WCH2019-200m-M-SF-H1,Clarence Munyai,9,8,8,1,,,https://github.com/ofiore/Thesis/blob/3cf1db7adebb493f3a5c2e957a1b09cf0986a7cd/Data/rxntime.csv
2109,WCH,2019,200m,M,SF,WCH2019-200m-M-SF-H1,Serhiy Smelyk,2,8,8,1,,,https://github.com/ofiore/Thesis/blob/3cf1db7adebb493f3a5c2e957a1b09cf0986a7cd/Data/rxntime.csv
2110,WCH,2019,200m,M,SF,WCH2019-200m-M-SF-H1,Alex Wilson,3,8,8,1,,,https://github.com/ofiore/Thesis/blob/3cf1db7adebb493f3a5c2e957a1b09cf0986a7cd/Data/rxntime.csv
2111,WCH,2019,200m,M,SF,WCH2019-200m-M-SF-H2,Noah Lyles,5,8,8,1,,,https://github.com/ofiore/Thesis/blob/3cf1db7adebb493f3a5c2e957a1b09cf0986a7cd/Data/rxntime.csv
2112,WCH,2019,200m,M,SF,WCH2019-200m-M-SF-H2,Alex Quiñónez,4,8,8,1,,,https://github.com/ofiore/Thesis/blob/3cf1db7adebb493f3a5c2e957a1b09cf0986a7cd/Data/rxntime.csv
2113,WCH,2019,200m,M,SF,WCH2019-200m-M-SF-H2,Zhenye Xie,6,8,8,1,,,https://github.com/ofiore/Thesis/blob/3cf1db7adebb493f3a5c2e957a1b09cf0986a7cd/Data/rxntime.csv
2114,WCH,2019,200m,M,SF,WCH2019-200m-M-SF-H2,Yancarlos Martínez,8,8,8,1,,,https://github.com/ofiore/Thesis/blob/3cf1db7adebb493f3a5c2e957a1b09cf0986a7cd/Data/rxntime.csv
2115,WCH,2019,200m,M,SF,WCH2019-200m-M-SF-H2,Brendon Rodney,9,8,8,1,,,https://github.com/ofiore/Thesis/blob/3cf1db7adebb493f3a5c2e957a1b09cf0986a7cd/Data/rxntime.csv
2116,WCH,2019,200m,M,SF,WCH2019-200m-M-SF-H2,Andre Ewers,3,8,8,1,,,https://github.com/ofiore/Thesis/blob/3cf1db7adebb493f3a5c2e957a1b09cf0986a7cd/Data/rxntime.csv
2117,WCH,2019,200m,M,SF,WCH2019-200m-M-SF-H2,Eseosa Desalu,2,8,8,1,,,https://github.com/ofiore/Thesis/blob/3cf1db7adebb493f3a5c2e957a1b09cf0986a7cd/Data/rxntime.csv
2118,WCH,2019,200m,M,SF,WCH2019-200m-M-SF-H2,Miguel Francis,7,8,8,1,,,https://github.com/ofiore/Thesis/blob/3cf1db7adebb493f3a5c2e957a1b09cf0986a7cd/Data/rxntime.csv
2119,WCH,2019,200m,M,SF,WCH2019-200m-M-SF-H3,Andre De Grasse,6,8,8,0,,,https://github.com/ofiore/Thesis/blob/3cf1db7adebb493f3a5c2e957a1b09cf0986a7cd/Data/rxntime.csv
2120,WCH,2019,200m,M,SF,WCH2019-200m-M-SF-H3,Kyle Greaux,7,8,8,0,,,https://github.com/ofiore/Thesis/blob/3cf1db7adebb493f3a5c2e957a1b09cf0986a7cd/Data/rxntime.csv
2121,WCH,2019,200m,M,SF,WCH2019-200m-M-SF-H3,Zharnel Hughes,5,8,8,0,,,https://github.com/ofiore/Thesis/blob/3cf1db7adebb493f3a5c2e957a1b09cf0986a7cd/Data/rxntime.csv
2122,WCH,2019,200m,M,SF,WCH2019-200m-M-SF-H3,Taymir Burnet,8,8,8,0,,,https://github.com/ofiore/Thesis/blob/3cf1db7adebb493f3a5c2e957a1b09cf0986a7cd/Data/rxntime.csv
2123,WCH,2019,200m,M,SF,WCH2019-200m-M-SF-H3,Anaso Jobodwana,9,8,8,0,,,https://github.com/ofiore/Thesis/blob/3cf1db7adebb493f3a5c2e957a1b09cf0986a7cd/Data/rxntime.csv
2124,WCH,2019,200m,M,SF,WCH2019-200m-M-SF-H3,Yohan Blake,4,8,8,0,,,https://github.com/ofiore/Thesis/blob/3cf1db7adebb493f3a5c2e957a1b09cf0986a7cd/Data/rxntime.csv
2125,WCH,2019,200m,M,SF,WCH2019-200m-M-SF-H3,Reynier Mena,3,8,8,0,,,https://github.com/ofiore/Thesis/blob/3cf1db7adebb493f3a5c2e957a1b09cf0986a7cd/Data/rxntime.csv
2126,WCH,2019,200m,M,SF,WCH2019-200m-M-SF-H3,Divine Oduduru,2,8,8,0,,,https://github.com/ofiore/Thesis/blob/3cf1db7adebb493f3a5c2e957a1b09cf0986a7cd/Data/rxntime.csv
2127,WCH,2019,200m,M,F,WCH2019-200m-M-F-H1,Noah Lyles,5,8,8,0,,,https://github.com/ofiore/Thesis/blob/3cf1db7adebb493f3a5c2e957a1b09cf0986a7cd/Data/rxntime.csv
2128,WCH,2019,200m,M,F,WCH2019-200m-M-F-H1,Andre De Grasse,7,8,8,0,,,https://github.com/ofiore/Thesis/blob/3cf1db7adebb493f3a5c2e957a1b09cf0986a7cd/Data/rxntime.csv
2129,WCH,2019,200m,M,F,WCH2019-200m-M-F-H1,Alex Quiñónez,4,8,8,0,,,https://github.com/ofiore/Thesis/blob/3cf1db7adebb493f3a5c2e957a1b09cf0986a7cd/Data/rxntime.csv
2130,WCH,2019,200m,M,F,WCH2019-200m-M-F-H1,Adam Gemili,6,8,8,0,,,https://github.com/ofiore/Thesis/blob/3cf1db7adebb493f3a5c2e957a1b09cf0986a7cd/Data/rxntime.csv
2131,WCH,2019,200m,M,F,WCH2019-200m-M-F-H1,Ramil Guliyev,9,8,8,0,,,https://github.com/ofiore/Thesis/blob/3cf1db7adebb493f3a5c2e957a1b09cf0986a7cd/Data/rxntime.csv
2132,WCH,2019,200m,M,F,WCH2019-200m-M-F-H1,Aaron Brown,3,8,8,0,,,https://github.com/ofiore/Thesis/blob/3cf1db7adebb493f3a5c2e957a1b09cf0986a7cd/Data/rxntime.csv
2133,WCH,2019,200m,M,F,WCH2019-200m-M-F-H1,Zhenye Xie,2,8,8,0,,,https://github.com/ofiore/Thesis/blob/3cf1db7adebb493f3a5c2e957a1b09cf0986a7cd/Data/rxntime.csv
2134,WCH,2019,200m,M,F,WCH2019-200m-M-F-H1,Kyle Greaux,8,8,8,0,,,https://github.com/ofiore/Thesis/blob/3cf1db7adebb493f3a5c2e957a1b09cf0986a7cd/Data/rxntime.csv
2135,WCH,2017,200m,M,SF,WCH2017-200m-M-SF-H1,Isiah Young,7,9,9,0,,,https://github.com/ofiore/Thesis/blob/3cf1db7adebb493f3a5c2e957a1b09cf0986a7cd/Data/rxntime.csv
2136,WCH,2017,200m,M,SF,WCH2017-200m-M-SF-H1,Isaac Makwala,1,9,9,0,,,https://github.com/ofiore/Thesis/blob/3cf1db7adebb493f3a5c2e957a1b09cf0986a7cd/Data/rxntime.csv
2137,WCH,2017,200m,M,SF,WCH2017-200m-M-SF-H1,Nethaneel Mitchell-Blake,5,9,9,0,,,https://github.com/ofiore/Thesis/blob/3cf1db7adebb493f3a5c2e957a1b09cf0986a7cd/Data/rxntime.csv
2138,WCH,2017,200m,M,SF,WCH2017-200m-M-SF-H1,David Lima,2,9,9,0,,,https://github.com/ofiore/Thesis/blob/3cf1db7adebb493f3a5c2e957a1b09cf0986a7cd/Data/rxntime.csv
2139,WCH,2017,200m,M,SF,WCH2017-200m-M-SF-H1,Shota Iizuka,8,9,9,0,,,https://github.com/ofiore/Thesis/blob/3cf1db7adebb493f3a5c2e957a1b09cf0986a7cd/Data/rxntime.csv
2140,WCH,2017,200m,M,SF,WCH2017-200m-M-SF-H1,Filippo Tortu,3,9,9,0,,,https://github.com/ofiore/Thesis/blob/3cf1db7adebb493f3a5c2e957a1b09cf0986a7cd/Data/rxntime.csv
2141,WCH,2017,200m,M,SF,WCH2017-200m-M-SF-H1,Akani Simbine,4,9,9,0,,,https://github.com/ofiore/Thesis/blob/3cf1db7adebb493f3a5c2e957a1b09cf0986a7cd/Data/rxntime.csv
2142,WCH,2017,200m,M,SF,WCH2017-200m-M-SF-H1,Kyle Greaux,6,9,9,0,,,https://github.com/ofiore/Thesis/blob/3cf1db7adebb493f3a5c2e957a1b09cf0986a7cd/Data/rxntime.csv
2143,WCH,2017,200m,M,SF,WCH2017-200m-M-SF-H1,Rasheed Dwyer,9,9,9,0,,,https://github.com/ofiore/Thesis/blob/3cf1db7adebb493f3a5c2e957a1b09cf0986a7cd/Data/rxntime.csv
2144,WCH,2017,200m,M,SF,WCH2017-200m-M-SF-H2,Jereem Richards,5,8,8,0,,,https://github.com/ofiore/Thesis/blob/3cf1db7adebb493f3a5c2e957a1b09cf0986a7cd/Data/rxntime.csv
2145,WCH,2017,200m,M,SF,WCH2017-200m-M-SF-H2,Abdul Hakim Sani Brown,9,8,8,0,,,https://github.com/ofiore/Thesis/blob/3cf1db7adebb493f3a5c2e957a1b09cf0986a7cd/Data/rxntime.csv
2146,WCH,2017,200m,M,SF,WCH2017-200m-M-SF-H2,Yohan Blake,7,8,8,0,,,https://github.com/ofiore/Thesis/blob/3cf1db7adebb493f3a5c2e957a1b09cf0986a7cd/Data/rxntime.csv
2147,WCH,2017,200m,M,SF,WCH2017-200m-M-SF-H2,Sydney Siame,6,8,8,0,,,https://github.com/ofiore/Thesis/blob/3cf1db7adebb493f3a5c2e957a1b09cf0986a7cd/Data/rxntime.csv
2148,WCH,2017,200m,M,SF,WCH2017-200m-M-SF-H2,Kyree King,4,8,8,0,,,https://github.com/ofiore/Thesis/blob/3cf1db7adebb493f3a5c2e957a1b09cf0986a7cd/Data/rxntime.csv
2149,WCH,2017,200m,M,SF,WCH2017-200m-M-SF-H2,Ján Volko,8,8,8,0,,,https://github.com/ofiore/Thesis/blob/3cf1db7adebb493f3a5c2e957a1b09cf0986a7cd/Data/rxntime.csv
2150,WCH,2017,200m,M,SF,WCH2017-200m-M-SF-H2,Zharnel Hughes,3,8,8,0,,,https://github.com/ofiore/Thesis/blob/3cf1db7adebb493f3a5c2e957a1b09cf0986a7cd/Data/rxntime.csv
2151,WCH,2017,200m,M,SF,WCH2017-200m-M-SF-H2,Alex Wilson,2,8,8,0,,,https://github.com/ofiore/Thesis/blob/3cf1db7adebb493f3a5c2e957a1b09cf0986a7cd/Data/rxntime.csv
2152,WCH,2017,200m,M,SF,WCH2017-200m-M-SF-H3,Ramil Guliyev,4,8,8,0,,,https://github.com/ofiore/Thesis/blob/3cf1db7adebb493f3a5c2e957a1b09cf0986a7cd/Data/rxntime.csv
2153,WCH,2017,200m,M,SF,WCH2017-200m-M-SF-H3,Ameer Webb,5,8,8,0,,,https://github.com/ofiore/Thesis/blob/3cf1db7adebb493f3a5c2e957a1b09cf0986a7cd/Data/rxntime.csv
2154,WCH,2017,200m,M,SF,WCH2017-200m-M-SF-H3,Wayde van Niekerk,6,8,8,0,,,https://github.com/ofiore/Thesis/blob/3cf1db7adebb493f3a5c2e957a1b09cf0986a7cd/Data/rxntime.csv
2155,WCH,2017,200m,M,SF,WCH2017-200m-M-SF-H3,Christophe Lemaitre,8,8,8,0,,,https://github.com/ofiore/Thesis/blob/3cf1db7adebb493f3a5c2e957a1b09cf0986a7cd/Data/rxntime.csv
2156,WCH,2017,200m,M,SF,WCH2017-200m-M-SF-H3,Daniel Talbot,7,8,8,0,,,https://github.com/ofiore/Thesis/blob/3cf1db7adebb493f3a5c2e957a1b09cf0986a7cd/Data/rxntime.csv
2157,WCH,2017,200m,M,SF,WCH2017-200m-M-SF-H3,Likoúrgos-Stéfanos Tsákonas,9,8,8,0,,,https://github.com/ofiore/Thesis/blob/3cf1db7adebb493f3a5c2e957a1b09cf0986a7cd/Data/rxntime.csv
2158,WCH,2017,200m,M,SF,WCH2017-200m-M-SF-H3,Winston George,2,8,8,0,,,https://github.com/ofiore/Thesis/blob/3cf1db7adebb493f3a5c2e957a1b09cf0986a7cd/Data/rxntime.csv
2159,WCH,2017,200m,M,SF,WCH2017-200m-M-SF-H3,Wilfried Koffi Hua,3,8,8,0,,,https://github.com/ofiore/Thesis/blob/3cf1db7adebb493f3a5c2e957a1b09cf0986a7cd/Data/rxntime.csv
2160,WCH,2017,200m,M,F,WCH2017-200m-M-F-H1,Ramil Guliyev,5,8,8,0,,,https://github.com/ofiore/Thesis/blob/3cf1db7adebb493f3a5c2e957a1b09cf0986a7cd/Data/rxntime.csv
2161,WCH,2017,200m,M,F,WCH2017-200m-M-F-H1,Wayde van Niekerk,3,8,8,0,,,https://github.com/ofiore/Thesis/blob/3cf1db7adebb493f3a5c2e957a1b09cf0986a7cd/Data/rxntime.csv
2162,WCH,2017,200m,M,F,WCH2017-200m-M-F-H1,Jereem Richards,7,8,8,0,,,https://github.com/ofiore/Thesis/blob/3cf1db7adebb493f3a5c2e957a1b09cf0986a7cd/Data/rxntime.csv
2163,WCH,2017,200m,M,F,WCH2017-200m-M-F-H1,Nethaneel Mitchell-Blake,2,8,8,0,,,https://github.com/ofiore/Thesis/blob/3cf1db7adebb493f3a5c2e957a1b09cf0986a7cd/Data/rxntime.csv
2164,WCH,2017,200m,M,F,WCH2017-200m-M-F-H1,Ameer Webb,9,8,8,0,,,https://github.com/ofiore/Thesis/blob/3cf1db7adebb493f3a5c2e957a1b09cf0986a7cd/Data/rxntime.csv
2165,WCH,2017,200m,M,F,WCH2017-200m-M-F-H1,Isaac Makwala,6,8,8,0,,,https://github.com/ofiore/Thesis/blob/3cf1db7adebb493f3a5c2e957a1b09cf0986a7cd/Data/rxntime.csv
2166,WCH,2017,200m,M,F,WCH2017-200m-M-F-H1,Abdul Hakim Sani Brown,8,8,8,0,,,https://github.com/ofiore/Thesis/blob/3cf1db7adebb493f3a5c2e957a1b09cf0986a7cd/Data/rxntime.csv
2167,WCH,2017,200m,M,F,WCH2017-200m-M-F-H1,Isiah Young,4,8,8,0,,,https://github.com/ofiore/Thesis/blob/3cf1db7adebb493f3a5c2e957a1b09cf0986a7cd/Data/rxntime.csv
2168,WCH,2015,200m,M,SF,WCH2015-200m-M-SF-H1,Zharnel Hughes,7,8,8,0,,,https://github.com/ofiore/Thesis/blob/3cf1db7adebb493f3a5c2e957a1b09cf0986a7cd/Data/rxntime.csv
2169,WCH,2015,200m,M,SF,WCH2015-200m-M-SF-H1,Nickel Ashmeade,2,8,8,0,,,https://github.com/ofiore/Thesis/blob/3cf1db7adebb493f3a5c2e957a1b09cf0986a7cd/Data/rxntime.csv
2170,WCH,2015,200m,M,SF,WCH2015-200m-M-SF-H1,Churandy Martina,5,8,8,0,,,https://github.com/ofiore/Thesis/blob/3cf1db7adebb493f3a5c2e957a1b09cf0986a7cd/Data/rxntime.csv
2171,WCH,2015,200m,M,SF,WCH2015-200m-M-SF-H1,Likoúrgos-Stéfanos Tsákonas,6,8,8,0,,,https://github.com/ofiore/Thesis/blob/3cf1db7adebb493f3a5c2e957a1b09cf0986a7cd/Data/rxntime.csv
2172,WCH,2015,200m,M,SF,WCH2015-200m-M-SF-H1,Christophe Lemaitre,9,8,8,0,,,https://github.com/ofiore/Thesis/blob/3cf1db7adebb493f3a5c2e957a1b09cf0986a7cd/Data/rxntime.csv
2173,WCH,2015,200m,M,SF,WCH2015-200m-M-SF-H1,Akani Simbine,3,8,8,0,,,https://github.com/ofiore/Thesis/blob/3cf1db7adebb493f3a5c2e957a1b09cf0986a7cd/Data/rxntime.csv
2174,WCH,2015,200m,M,SF,WCH2015-200m-M-SF-H1,Warren Weir,4,8,8,0,,,https://github.com/ofiore/Thesis/blob/3cf1db7adebb493f3a5c2e957a1b09cf0986a7cd/Data/rxntime.csv
2175,WCH,2015,200m,M,SF,WCH2015-200m-M-SF-H1,Brendon Rodney,8,8,8,0,,,https://github.com/ofiore/Thesis/blob/3cf1db7adebb493f3a5c2e957a1b09cf0986a7cd/Data/rxntime.csv
2176,WCH,2015,200m,M,SF,WCH2015-200m-M-SF-H2,Justin Gatlin,7,8,8,0,,,https://github.com/ofiore/Thesis/blob/3cf1db7adebb493f3a5c2e957a1b09cf0986a7cd/Data/rxntime.csv
2177,WCH,2015,200m,M,SF,WCH2015-200m-M-SF-H2,Alonso Edward,4,8,8,0,,,https://github.com/ofiore/Thesis/blob/3cf1db7adebb493f3a5c2e957a1b09cf0986a7cd/Data/rxntime.csv
2178,WCH,2015,200m,M,SF,WCH2015-200m-M-SF-H2,Femi Ogunode,6,8,8,0,,,https://github.com/ofiore/Thesis/blob/3cf1db7adebb493f3a5c2e957a1b09cf0986a7cd/Data/rxntime.csv
2179,WCH,2015,200m,M,SF,WCH2015-200m-M-SF-H2,Yancarlos Martínez,8,8,8,0,,,https://github.com/ofiore/Thesis/blob/3cf1db7adebb493f3a5c2e957a1b09cf0986a7cd/Data/rxntime.csv
2180,WCH,2015,200m,M,SF,WCH2015-200m-M-SF-H2,Abdul Hakim Sani Brown,9,8,8,0,,,https://github.com/ofiore/Thesis/blob/3cf1db7adebb493f3a5c2e957a1b09cf0986a7cd/Data/rxntime.csv
2181,WCH,2015,200m,M,SF,WCH2015-200m-M-SF-H2,Jeremy Dodson,3,8,8,0,,,https://github.com/ofiore/Thesis/blob/3cf1db7adebb493f3a5c2e957a1b09cf0986a7cd/Data/rxntime.csv
2182,WCH,2015,200m,M,SF,WCH2015-200m-M-SF-H2,Reynier Mena,2,8,8,0,,,https://github.com/ofiore/Thesis/blob/3cf1db7adebb493f3a5c2e957a1b09cf0986a7cd/Data/rxntime.csv
2183,WCH,2015,200m,M,SF,WCH2015-200m-M-SF-H2,Julian Forte,5,8,8,0,,,https://github.com/ofiore/Thesis/blob/3cf1db7adebb493f3a5c2e957a1b09cf0986a7cd/Data/rxntime.csv
2184,WCH,2015,200m,M,SF,WCH2015-200m-M-SF-H3,Usain Bolt,7,8,8,0,,,https://github.com/ofiore/Thesis/blob/3cf1db7adebb493f3a5c2e957a1b09cf0986a7cd/Data/rxntime.csv
2185,WCH,2015,200m,M,SF,WCH2015-200m-M-SF-H3,Anaso Jobodwana,6,8,8,0,,,https://github.com/ofiore/Thesis/blob/3cf1db7adebb493f3a5c2e957a1b09cf0986a7cd/Data/rxntime.csv
2186,WCH,2015,200m,M,SF,WCH2015-200m-M-SF-H3,Ramil Guliyev,4,8,8,0,,,https://github.com/ofiore/Thesis/blob/3cf1db7adebb493f3a5c2e957a1b09cf0986a7cd/Data/rxntime.csv
2187,WCH,2015,200m,M,SF,WCH2015-200m-M-SF-H3,Miguel Francis,3,8,8,0,,,https://github.com/ofiore/Thesis/blob/3cf1db7adebb493f3a5c2e957a1b09cf0986a7cd/Data/rxntime.csv
2188,WCH,2015,200m,M,SF,WCH2015-200m-M-SF-H3,Roberto Skyers,9,8,8,0,,,https://github.com/ofiore/Thesis/blob/3cf1db7adebb493f3a5c2e957a1b09cf0986a7cd/Data/rxntime.csv
2189,WCH,2015,200m,M,SF,WCH2015-200m-M-SF-H3,Daniel Talbot,8,8,8,0,,,https://github.com/ofiore/Thesis/blob/3cf1db7adebb493f3a5c2e957a1b09cf0986a7cd/Data/rxntime.csv
2190,WCH,2015,200m,M,SF,WCH2015-200m-M-SF-H3,Kenji Fujimitsu,5,8,8,0,,,https://github.com/ofiore/Thesis/blob/3cf1db7adebb493f3a5c2e957a1b09cf0986a7cd/Data/rxntime.csv
2191,WCH,2015,200m,M,SF,WCH2015-200m-M-SF-H3,Kei Takase,2,8,8,0,,,https://github.com/ofiore/Thesis/blob/3cf1db7adebb493f3a5c2e957a1b09cf0986a7cd/Data/rxntime.csv
2192,WCH,2015,200m,M,F,WCH2015-200m-M-F-H1,Usain Bolt,6,8,8,0,,,https://github.com/ofiore/Thesis/blob/3cf1db7adebb493f3a5c2e957a1b09cf0986a7cd/Data/rxntime.csv
2193,WCH,2015,200m,M,F,WCH2015-200m-M-F-H1,Justin Gatlin,4,8,8,0,,,https://github.com/ofiore/Thesis/blob/3cf1db7adebb493f3a5c2e957a1b09cf0986a7cd/Data/rxntime.csv
2194,WCH,2015,200m,M,F,WCH2015-200m-M-F-H1,Anaso Jobodwana,7,8,8,0,,,https://github.com/ofiore/Thesis/blob/3cf1db7adebb493f3a5c2e957a1b09cf0986a7cd/Data/rxntime.csv
2195,WCH,2015,200m,M,F,WCH2015-200m-M-F-H1,Alonso Edward,9,8,8,0,,,https://github.com/ofiore/Thesis/blob/3cf1db7adebb493f3a5c2e957a1b09cf0986a7cd/Data/rxntime.csv
2196,WCH,2015,200m,M,F,WCH2015-200m-M-F-H1,Zharnel Hughes,5,8,8,0,,,https://github.com/ofiore/Thesis/blob/3cf1db7adebb493f3a5c2e957a1b09cf0986a7cd/Data/rxntime.csv
2197,WCH,2015,200m,M,F,WCH2015-200m-M-F-H1,Ramil Guliyev,3,8,8,0,,,https://github.com/ofiore/Thesis/blob/3cf1db7adebb493f3a5c2e957a1b09cf0986a7cd/Data/rxntime.csv
2198,WCH,2015,200m,M,F,WCH2015-200m-M-F-H1,Femi Ogunode,2,8,8,0,,,https://github.com/ofiore/Thesis/blob/3cf1db7adebb493f3a5c2e957a1b09cf0986a7cd/Data/rxntime.csv
2199,WCH,2015,200m,M,F,WCH2015-200m-M-F-H1,Nickel Ashmeade,8,8,8,0,,,https://github.com/ofiore/Thesis/blob/3cf1db7adebb493f3a5c2e957a1b09cf0986a7cd/Data/rxntime.csv
2200,WCH,2013,200m,M,SF,,,,0,8,0,no WA races loaded for this year/event,,https://github.com/ofiore/Thesis/blob/3cf1db7adebb493f3a5c2e957a1b09cf0986a7cd/Data/rxntime.csv
2201,WCH,2013,200m,M,SF,,,,0,8,0,no WA races loaded for this year/event,,https://github.com/ofiore/Thesis/blob/3cf1db7adebb493f3a5c2e957a1b09cf0986a7cd/Data/rxntime.csv
2202,WCH,2013,200m,M,SF,,,,0,8,0,no WA races loaded for this year/event,,https://github.com/ofiore/Thesis/blob/3cf1db7adebb493f3a5c2e957a1b09cf0986a7cd/Data/rxntime.csv
2203,WCH,2013,200m,M,SF,,,,0,8,0,no WA races loaded for this year/event,,https://github.com/ofiore/Thesis/blob/3cf1db7adebb493f3a5c2e957a1b09cf0986a7cd/Data/rxntime.csv
2204,WCH,2013,200m,M,SF,,,,0,8,0,no WA races loaded for this year/event,,https://github.com/ofiore/Thesis/blob/3cf1db7adebb493f3a5c2e957a1b09cf0986a7cd/Data/rxntime.csv
2205,WCH,2013,200m,M,SF,,,,0,8,0,no WA races loaded for this year/event,,https://github.com/ofiore/Thesis/blob/3cf1db7adebb493f3a5c2e957a1b09cf0986a7cd/Data/rxntime.csv
2206,WCH,2013,200m,M,SF,,,,0,8,0,no WA races loaded for this year/event,,https://github.com/ofiore/Thesis/blob/3cf1db7adebb493f3a5c2e957a1b09cf0986a7cd/Data/rxntime.csv
2207,WCH,2013,200m,M,SF,,,,0,8,0,no WA races loaded for this year/event,,https://github.com/ofiore/Thesis/blob/3cf1db7adebb493f3a5c2e957a1b09cf0986a7cd/Data/rxntime.csv
2208,WCH,2013,200m,M,SF,,,,0,8,0,no WA races loaded for this year/event,,https://github.com/ofiore/Thesis/blob/3cf1db7adebb493f3a5c2e957a1b09cf0986a7cd/Data/rxntime.csv
2209,WCH,2013,200m,M,SF,,,,0,8,0,no WA races loaded for this year/event,,https://github.com/ofiore/Thesis/blob/3cf1db7adebb493f3a5c2e957a1b09cf0986a7cd/Data/rxntime.csv
2210,WCH,2013,200m,M,SF,,,,0,8,0,no WA races loaded for this year/event,,https://github.com/ofiore/Thesis/blob/3cf1db7adebb493f3a5c2e957a1b09cf0986a7cd/Data/rxntime.csv
2211,WCH,2013,200m,M,SF,,,,0,8,0,no WA races loaded for this year/event,,https://github.com/ofiore/Thesis/blob/3cf1db7adebb493f3a5c2e957a1b09cf0986a7cd/Data/rxntime.csv
2212,WCH,2013,200m,M,SF,,,,0,8,0,no WA races loaded for this year/event,,https://github.com/ofiore/Thesis/blob/3cf1db7adebb493f3a5c2e957a1b09cf0986a7cd/Data/rxntime.csv
2213,WCH,2013,200m,M,SF,,,,0,8,0,no WA races loaded for this year/event,,https://github.com/ofiore/Thesis/blob/3cf1db7adebb493f3a5c2e957a1b09cf0986a7cd/Data/rxntime.csv
2214,WCH,2013,200m,M,SF,,,,0,8,0,no WA races loaded for this year/event,,https://github.com/ofiore/Thesis/blob/3cf1db7adebb493f3a5c2e957a1b09cf0986a7cd/Data/rxntime.csv
2215,WCH,2013,200m,M,SF,,,,0,8,0,no WA races loaded for this year/event,,https://github.com/ofiore/Thesis/blob/3cf1db7adebb493f3a5c2e957a1b09cf0986a7cd/Data/rxntime.csv
2216,WCH,2013,200m,M,SF,,,,0,8,0,no WA races loaded for this year/event,,https://github.com/ofiore/Thesis/blob/3cf1db7adebb493f3a5c2e957a1b09cf0986a7cd/Data/rxntime.csv
2217,WCH,2013,200m,M,SF,,,,0,8,0,no WA races loaded for this year/event,,https://github.com/ofiore/Thesis/blob/3cf1db7adebb493f3a5c2e957a1b09cf0986a7cd/Data/rxntime.csv
2218,WCH,2013,200m,M,SF,,,,0,8,0,no WA races loaded for this year/event,,https://github.com/ofiore/Thesis/blob/3cf1db7adebb493f3a5c2e957a1b09cf0986a7cd/Data/rxntime.csv
2219,WCH,2013,200m,M,SF,,,,0,8,0,no WA races loaded for this year/event,,https://github.com/ofiore/Thesis/blob/3cf1db7adebb493f3a5c2e957a1b09cf0986a7cd/Data/rxntime.csv
2220,WCH,2013,200m,M,SF,,,,0,8,0,no WA races loaded for this year/event,,https://github.com/ofiore/Thesis/blob/3cf1db7adebb493f3a5c2e957a1b09cf0986a7cd/Data/rxntime.csv
2221,WCH,2013,200m,M,SF,,,,0,8,0,no WA races loaded for this year/event,,https://github.com/ofiore/Thesis/blob/3cf1db7adebb493f3a5c2e957a1b09cf0986a7cd/Data/rxntime.csv
2222,WCH,2013,200m,M,SF,,,,0,8,0,no WA races loaded for this year/event,,https://github.com/ofiore/Thesis/blob/3cf1db7adebb493f3a5c2e957a1b09cf0986a7cd/Data/rxntime.csv
2223,WCH,2013,200m,M,SF,,,,0,8,0,no WA races loaded for this year/event,,https://github.com/ofiore/Thesis/blob/3cf1db7adebb493f3a5c2e957a1b09cf0986a7cd/Data/rxntime.csv
2224,WCH,2013,200m,M,F,,,,0,8,0,no WA races loaded for this year/event,,https://github.com/ofiore/Thesis/blob/3cf1db7adebb493f3a5c2e957a1b09cf0986a7cd/Data/rxntime.csv
2225,WCH,2013,200m,M,F,,,,0,8,0,no WA races loaded for this year/event,,https://github.com/ofiore/Thesis/blob/3cf1db7adebb493f3a5c2e957a1b09cf0986a7cd/Data/rxntime.csv
2226,WCH,2013,200m,M,F,,,,0,8,0,no WA races loaded for this year/event,,https://github.com/ofiore/Thesis/blob/3cf1db7adebb493f3a5c2e957a1b09cf0986a7cd/Data/rxntime.csv
2227,WCH,2013,200m,M,F,,,,0,8,0,no WA races loaded for this year/event,,https://github.com/ofiore/Thesis/blob/3cf1db7adebb493f3a5c2e957a1b09cf0986a7cd/Data/rxntime.csv
2228,WCH,2013,200m,M,F,,,,0,8,0,no WA races loaded for this year/event,,https://github.com/ofiore/Thesis/blob/3cf1db7adebb493f3a5c2e957a1b09cf0986a7cd/Data/rxntime.csv
2229,WCH,2013,200m,M,F,,,,0,8,0,no WA races loaded for this year/event,,https://github.com/ofiore/Thesis/blob/3cf1db7adebb493f3a5c2e957a1b09cf0986a7cd/Data/rxntime.csv
2230,WCH,2013,200m,M,F,,,,0,8,0,no WA races loaded for this year/event,,https://github.com/ofiore/Thesis/blob/3cf1db7adebb493f3a5c2e957a1b09cf0986a7cd/Data/rxntime.csv
2231,WCH,2013,200m,M,F,,,,0,8,0,no WA races loaded for this year/event,,https://github.com/ofiore/Thesis/blob/3cf1db7adebb493f3a5c2e957a1b09cf0986a7cd/Data/rxntime.csv
2232,WCH,2011,200m,M,SF,,,,0,8,0,no WA races loaded for this year/event,,https://github.com/ofiore/Thesis/blob/3cf1db7adebb493f3a5c2e957a1b09cf0986a7cd/Data/rxntime.csv
2233,WCH,2011,200m,M,SF,,,,0,8,0,no WA races loaded for this year/event,,https://github.com/ofiore/Thesis/blob/3cf1db7adebb493f3a5c2e957a1b09cf0986a7cd/Data/rxntime.csv
2234,WCH,2011,200m,M,SF,,,,0,8,0,no WA races loaded for this year/event,,https://github.com/ofiore/Thesis/blob/3cf1db7adebb493f3a5c2e957a1b09cf0986a7cd/Data/rxntime.csv
2235,WCH,2011,200m,M,SF,,,,0,8,0,no WA races loaded for this year/event,,https://github.com/ofiore/Thesis/blob/3cf1db7adebb493f3a5c2e957a1b09cf0986a7cd/Data/rxntime.csv
2236,WCH,2011,200m,M,SF,,,,0,8,0,no WA races loaded for this year/event,,https://github.com/ofiore/Thesis/blob/3cf1db7adebb493f3a5c2e957a1b09cf0986a7cd/Data/rxntime.csv
2237,WCH,2011,200m,M,SF,,,,0,8,0,no WA races loaded for this year/event,,https://github.com/ofiore/Thesis/blob/3cf1db7adebb493f3a5c2e957a1b09cf0986a7cd/Data/rxntime.csv
2238,WCH,2011,200m,M,SF,,,,0,8,0,no WA races loaded for this year/event,,https://github.com/ofiore/Thesis/blob/3cf1db7adebb493f3a5c2e957a1b09cf0986a7cd/Data/rxntime.csv
2239,WCH,2011,200m,M,SF,,,,0,8,0,no WA races loaded for this year/event,,https://github.com/ofiore/Thesis/blob/3cf1db7adebb493f3a5c2e957a1b09cf0986a7cd/Data/rxntime.csv
2240,WCH,2011,200m,M,SF,,,,0,8,0,no WA races loaded for this year/event,,https://github.com/ofiore/Thesis/blob/3cf1db7adebb493f3a5c2e957a1b09cf0986a7cd/Data/rxntime.csv
2241,WCH,2011,200m,M,SF,,,,0,8,0,no WA races loaded for this year/event,,https://github.com/ofiore/Thesis/blob/3cf1db7adebb493f3a5c2e957a1b09cf0986a7cd/Data/rxntime.csv
2242,WCH,2011,200m,M,SF,,,,0,8,0,no WA races loaded for this year/event,,https://github.com/ofiore/Thesis/blob/3cf1db7adebb493f3a5c2e957a1b09cf0986a7cd/Data/rxntime.csv
2243,WCH,2011,200m,M,SF,,,,0,8,0,no WA races loaded for this year/event,,https://github.com/ofiore/Thesis/blob/3cf1db7adebb493f3a5c2e957a1b09cf0986a7cd/Data/rxntime.csv
2244,WCH,2011,200m,M,SF,,,,0,8,0,no WA races loaded for this year/event,,https://github.com/ofiore/Thesis/blob/3cf1db7adebb493f3a5c2e957a1b09cf0986a7cd/Data/rxntime.csv
2245,WCH,2011,200m,M,SF,,,,0,8,0,no WA races loaded for this year/event,,https://github.com/ofiore/Thesis/blob/3cf1db7adebb493f3a5c2e957a1b09cf0986a7cd/Data/rxntime.csv
2246,WCH,2011,200m,M,SF,,,,0,8,0,no WA races loaded for this year/event,,https://github.com/ofiore/Thesis/blob/3cf1db7adebb493f3a5c2e957a1b09cf0986a7cd/Data/rxntime.csv
2247,WCH,2011,200m,M,SF,,,,0,8,0,no WA races loaded for this year/event,,https://github.com/ofiore/Thesis/blob/3cf1db7adebb493f3a5c2e957a1b09cf0986a7cd/Data/rxntime.csv
2248,WCH,2011,200m,M,SF,,,,0,8,0,no WA races loaded for this year/event,,https://github.com/ofiore/Thesis/blob/3cf1db7adebb493f3a5c2e957a1b09cf0986a7cd/Data/rxntime.csv
2249,WCH,2011,200m,M,SF,,,,0,8,0,no WA races loaded for this year/event,,https://github.com/ofiore/Thesis/blob/3cf1db7adebb493f3a5c2e957a1b09cf0986a7cd/Data/rxntime.csv
2250,WCH,2011,200m,M,SF,,,,0,8,0,no WA races loaded for this year/event,,https://github.com/ofiore/Thesis/blob/3cf1db7adebb493f3a5c2e957a1b09cf0986a7cd/Data/rxntime.csv
2251,WCH,2011,200m,M,SF,,,,0,8,0,no WA races loaded for this year/event,,https://github.com/ofiore/Thesis/blob/3cf1db7adebb493f3a5c2e957a1b09cf0986a7cd/Data/rxntime.csv
2252,WCH,2011,200m,M,SF,,,,0,8,0,no WA races loaded for this year/event,,https://github.com/ofiore/Thesis/blob/3cf1db7adebb493f3a5c2e957a1b09cf0986a7cd/Data/rxntime.csv
2253,WCH,2011,200m,M,SF,,,,0,8,0,no WA races loaded for this year/event,,https://github.com/ofiore/Thesis/blob/3cf1db7adebb493f3a5c2e957a1b09cf0986a7cd/Data/rxntime.csv
2254,WCH,2011,200m,M,SF,,,,0,8,0,no WA races loaded for this year/event,,https://github.com/ofiore/Thesis/blob/3cf1db7adebb493f3a5c2e957a1b09cf0986a7cd/Data/rxntime.csv
2255,WCH,2011,200m,M,SF,,,,0,8,0,no WA races loaded for this year/event,,https://github.com/ofiore/Thesis/blob/3cf1db7adebb493f3a5c2e957a1b09cf0986a7cd/Data/rxntime.csv
2256,WCH,2011,200m,M,F,,,,0,8,0,no WA races loaded for this year/event,,https://github.com/ofiore/Thesis/blob/3cf1db7adebb493f3a5c2e957a1b09cf0986a7cd/Data/rxntime.csv
2257,WCH,2011,200m,M,F,,,,0,8,0,no WA races loaded for this year/event,,https://github.com/ofiore/Thesis/blob/3cf1db7adebb493f3a5c2e957a1b09cf0986a7cd/Data/rxntime.csv
2258,WCH,2011,200m,M,F,,,,0,8,0,no WA races loaded for this year/event,,https://github.com/ofiore/Thesis/blob/3cf1db7adebb493f3a5c2e957a1b09cf0986a7cd/Data/rxntime.csv
2259,WCH,2011,200m,M,F,,,,0,8,0,no WA races loaded for this year/event,,https://github.com/ofiore/Thesis/blob/3cf1db7adebb493f3a5c2e957a1b09cf0986a7cd/Data/rxntime.csv
2260,WCH,2011,200m,M,F,,,,0,8,0,no WA races loaded for this year/event,,https://github.com/ofiore/Thesis/blob/3cf1db7adebb493f3a5c2e957a1b09cf0986a7cd/Data/rxntime.csv
2261,WCH,2011,200m,M,F,,,,0,8,0,no WA races loaded for this year/event,,https://github.com/ofiore/Thesis/blob/3cf1db7adebb493f3a5c2e957a1b09cf0986a7cd/Data/rxntime.csv
2262,WCH,2011,200m,M,F,,,,0,8,0,no WA races loaded for this year/event,,https://github.com/ofiore/Thesis/blob/3cf1db7adebb493f3a5c2e957a1b09cf0986a7cd/Data/rxntime.csv
2263,WCH,2011,200m,M,F,,,,0,8,0,no WA races loaded for this year/event,,https://github.com/ofiore/Thesis/blob/3cf1db7adebb493f3a5c2e957a1b09cf0986a7cd/Data/rxntime.csv
2264,WCH,2009,200m,M,SF,,,,0,8,0,no WA races loaded for this year/event,,https://github.com/ofiore/Thesis/blob/3cf1db7adebb493f3a5c2e957a1b09cf0986a7cd/Data/rxntime.csv
2265,WCH,2009,200m,M,SF,,,,0,8,0,no WA races loaded for this year/event,,https://github.com/ofiore/Thesis/blob/3cf1db7adebb493f3a5c2e957a1b09cf0986a7cd/Data/rxntime.csv
2266,WCH,2009,200m,M,SF,,,,0,8,0,no WA races loaded for this year/event,,https://github.com/ofiore/Thesis/blob/3cf1db7adebb493f3a5c2e957a1b09cf0986a7cd/Data/rxntime.csv
2267,WCH,2009,200m,M,SF,,,,0,8,0,no WA races loaded for this year/event,,https://github.com/ofiore/Thesis/blob/3cf1db7adebb493f3a5c2e957a1b09cf0986a7cd/Data/rxntime.csv
2268,WCH,2009,200m,M,SF,,,,0,8,0,no WA races loaded for this year/event,,https://github.com/ofiore/Thesis/blob/3cf1db7adebb493f3a5c2e957a1b09cf0986a7cd/Data/rxntime.csv
2269,WCH,2009,200m,M,SF,,,,0,8,0,no WA races loaded for this year/event,,https://github.com/ofiore/Thesis/blob/3cf1db7adebb493f3a5c2e957a1b09cf0986a7cd/Data/rxntime.csv
2270,WCH,2009,200m,M,SF,,,,0,8,0,no WA races loaded for this year/event,,https://github.com/ofiore/Thesis/blob/3cf1db7adebb493f3a5c2e957a1b09cf0986a7cd/Data/rxntime.csv
2271,WCH,2009,200m,M,SF,,,,0,8,0,no WA races loaded for this year/event,,https://github.com/ofiore/Thesis/blob/3cf1db7adebb493f3a5c2e957a1b09cf0986a7cd/Data/rxntime.csv
2272,WCH,2009,200m,M,SF,,,,0,8,0,no WA races loaded for this year/event,,https://github.com/ofiore/Thesis/blob/3cf1db7adebb493f3a5c2e957a1b09cf0986a7cd/Data/rxntime.csv
2273,WCH,2009,200m,M,SF,,,,0,8,0,no WA races loaded for this year/event,,https://github.com/ofiore/Thesis/blob/3cf1db7adebb493f3a5c2e957a1b09cf0986a7cd/Data/rxntime.csv
2274,WCH,2009,200m,M,SF,,,,0,8,0,no WA races loaded for this year/event,,https://github.com/ofiore/Thesis/blob/3cf1db7adebb493f3a5c2e957a1b09cf0986a7cd/Data/rxntime.csv
2275,WCH,2009,200m,M,SF,,,,0,8,0,no WA races loaded for this year/event,,https://github.com/ofiore/Thesis/blob/3cf1db7adebb493f3a5c2e957a1b09cf0986a7cd/Data/rxntime.csv
2276,WCH,2009,200m,M,SF,,,,0,8,0,no WA races loaded for this year/event,,https://github.com/ofiore/Thesis/blob/3cf1db7adebb493f3a5c2e957a1b09cf0986a7cd/Data/rxntime.csv
2277,WCH,2009,200m,M,SF,,,,0,8,0,no WA races loaded for this year/event,,https://github.com/ofiore/Thesis/blob/3cf1db7adebb493f3a5c2e957a1b09cf0986a7cd/Data/rxntime.csv
2278,WCH,2009,200m,M,SF,,,,0,8,0,no WA races loaded for this year/event,,https://github.com/ofiore/Thesis/blob/3cf1db7adebb493f3a5c2e957a1b09cf0986a7cd/Data/rxntime.csv
2279,WCH,2009,200m,M,SF,,,,0,8,0,no WA races loaded for this year/event,,https://github.com/ofiore/Thesis/blob/3cf1db7adebb493f3a5c2e957a1b09cf0986a7cd/Data/rxntime.csv
2280,WCH,2009,200m,M,F,,,,0,8,0,no WA races loaded for this year/event,,https://github.com/ofiore/Thesis/blob/3cf1db7adebb493f3a5c2e957a1b09cf0986a7cd/Data/rxntime.csv
2281,WCH,2009,200m,M,F,,,,0,8,0,no WA races loaded for this year/event,,https://github.com/ofiore/Thesis/blob/3cf1db7adebb493f3a5c2e957a1b09cf0986a7cd/Data/rxntime.csv
2282,WCH,2009,200m,M,F,,,,0,8,0,no WA races loaded for this year/event,,https://github.com/ofiore/Thesis/blob/3cf1db7adebb493f3a5c2e957a1b09cf0986a7cd/Data/rxntime.csv
2283,WCH,2009,200m,M,F,,,,0,8,0,no WA races loaded for this year/event,,https://github.com/ofiore/Thesis/blob/3cf1db7adebb493f3a5c2e957a1b09cf0986a7cd/Data/rxntime.csv
2284,WCH,2009,200m,M,F,,,,0,8,0,no WA races loaded for this year/event,,https://github.com/ofiore/Thesis/blob/3cf1db7adebb493f3a5c2e957a1b09cf0986a7cd/Data/rxntime.csv
2285,WCH,2009,200m,M,F,,,,0,8,0,no WA races loaded for this year/event,,https://github.com/ofiore/Thesis/blob/3cf1db7adebb493f3a5c2e957a1b09cf0986a7cd/Data/rxntime.csv
2286,WCH,2009,200m,M,F,,,,0,8,0,no WA races loaded for this year/event,,https://github.com/ofiore/Thesis/blob/3cf1db7adebb493f3a5c2e957a1b09cf0986a7cd/Data/rxntime.csv
2287,WCH,2009,200m,M,F,,,,0,8,0,no WA races loaded for this year/event,,https://github.com/ofiore/Thesis/blob/3cf1db7adebb493f3a5c2e957a1b09cf0986a7cd/Data/rxntime.csv
2288,WCH,2007,200m,M,SF,,,,0,8,0,no WA races loaded for this year/event,,https://github.com/ofiore/Thesis/blob/3cf1db7adebb493f3a5c2e957a1b09cf0986a7cd/Data/rxntime.csv
2289,WCH,2007,200m,M,SF,,,,0,8,0,no WA races loaded for this year/event,,https://github.com/ofiore/Thesis/blob/3cf1db7adebb493f3a5c2e957a1b09cf0986a7cd/Data/rxntime.csv
2290,WCH,2007,200m,M,SF,,,,0,8,0,no WA races loaded for this year/event,,https://github.com/ofiore/Thesis/blob/3cf1db7adebb493f3a5c2e957a1b09cf0986a7cd/Data/rxntime.csv
2291,WCH,2007,200m,M,SF,,,,0,8,0,no WA races loaded for this year/event,,https://github.com/ofiore/Thesis/blob/3cf1db7adebb493f3a5c2e957a1b09cf0986a7cd/Data/rxntime.csv
2292,WCH,2007,200m,M,SF,,,,0,8,0,no WA races loaded for this year/event,,https://github.com/ofiore/Thesis/blob/3cf1db7adebb493f3a5c2e957a1b09cf0986a7cd/Data/rxntime.csv
2293,WCH,2007,200m,M,SF,,,,0,8,0,no WA races loaded for this year/event,,https://github.com/ofiore/Thesis/blob/3cf1db7adebb493f3a5c2e957a1b09cf0986a7cd/Data/rxntime.csv
2294,WCH,2007,200m,M,SF,,,,0,8,0,no WA races loaded for this year/event,,https://github.com/ofiore/Thesis/blob/3cf1db7adebb493f3a5c2e957a1b09cf0986a7cd/Data/rxntime.csv
2295,WCH,2007,200m,M,SF,,,,0,8,0,no WA races loaded for this year/event,,https://github.com/ofiore/Thesis/blob/3cf1db7adebb493f3a5c2e957a1b09cf0986a7cd/Data/rxntime.csv
2296,WCH,2007,200m,M,SF,,,,0,8,0,no WA races loaded for this year/event,,https://github.com/ofiore/Thesis/blob/3cf1db7adebb493f3a5c2e957a1b09cf0986a7cd/Data/rxntime.csv
2297,WCH,2007,200m,M,SF,,,,0,8,0,no WA races loaded for this year/event,,https://github.com/ofiore/Thesis/blob/3cf1db7adebb493f3a5c2e957a1b09cf0986a7cd/Data/rxntime.csv
2298,WCH,2007,200m,M,SF,,,,0,8,0,no WA races loaded for this year/event,,https://github.com/ofiore/Thesis/blob/3cf1db7adebb493f3a5c2e957a1b09cf0986a7cd/Data/rxntime.csv
2299,WCH,2007,200m,M,SF,,,,0,8,0,no WA races loaded for this year/event,,https://github.com/ofiore/Thesis/blob/3cf1db7adebb493f3a5c2e957a1b09cf0986a7cd/Data/rxntime.csv
2300,WCH,2007,200m,M,SF,,,,0,8,0,no WA races loaded for this year/event,,https://github.com/ofiore/Thesis/blob/3cf1db7adebb493f3a5c2e957a1b09cf0986a7cd/Data/rxntime.csv
2301,WCH,2007,200m,M,SF,,,,0,8,0,no WA races loaded for this year/event,,https://github.com/ofiore/Thesis/blob/3cf1db7adebb493f3a5c2e957a1b09cf0986a7cd/Data/rxntime.csv
2302,WCH,2007,200m,M,SF,,,,0,8,0,no WA races loaded for this year/event,,https://github.com/ofiore/Thesis/blob/3cf1db7adebb493f3a5c2e957a1b09cf0986a7cd/Data/rxntime.csv
2303,WCH,2007,200m,M,SF,,,,0,8,0,no WA races loaded for this year/event,,https://github.com/ofiore/Thesis/blob/3cf1db7adebb493f3a5c2e957a1b09cf0986a7cd/Data/rxntime.csv
2304,WCH,2007,200m,M,F,,,,0,8,0,no WA races loaded for this year/event,,https://github.com/ofiore/Thesis/blob/3cf1db7adebb493f3a5c2e957a1b09cf0986a7cd/Data/rxntime.csv
2305,WCH,2007,200m,M,F,,,,0,8,0,no WA races loaded for this year/event,,https://github.com/ofiore/Thesis/blob/3cf1db7adebb493f3a5c2e957a1b09cf0986a7cd/Data/rxntime.csv
2306,WCH,2007,200m,M,F,,,,0,8,0,no WA races loaded for this year/event,,https://github.com/ofiore/Thesis/blob/3cf1db7adebb493f3a5c2e957a1b09cf0986a7cd/Data/rxntime.csv
2307,WCH,2007,200m,M,F,,,,0,8,0,no WA races loaded for this year/event,,https://github.com/ofiore/Thesis/blob/3cf1db7adebb493f3a5c2e957a1b09cf0986a7cd/Data/rxntime.csv
2308,WCH,2007,200m,M,F,,,,0,8,0,no WA races loaded for this year/event,,https://github.com/ofiore/Thesis/blob/3cf1db7adebb493f3a5c2e957a1b09cf0986a7cd/Data/rxntime.csv
2309,WCH,2007,200m,M,F,,,,0,8,0,no WA races loaded for this year/event,,https://github.com/ofiore/Thesis/blob/3cf1db7adebb493f3a5c2e957a1b09cf0986a7cd/Data/rxntime.csv
2310,WCH,2007,200m,M,F,,,,0,8,0,no WA races loaded for this year/event,,https://github.com/ofiore/Thesis/blob/3cf1db7adebb493f3a5c2e957a1b09cf0986a7cd/Data/rxntime.csv
2311,WCH,2007,200m,M,F,,,,0,8,0,no WA races loaded for this year/event,,https://github.com/ofiore/Thesis/blob/3cf1db7adebb493f3a5c2e957a1b09cf0986a7cd/Data/rxntime.csv
2312,WCH,2005,200m,M,SF,,,,0,7,0,no WA races loaded for this year/event,,https://github.com/ofiore/Thesis/blob/3cf1db7adebb493f3a5c2e957a1b09cf0986a7cd/Data/rxntime.csv
2313,WCH,2005,200m,M,SF,,,,0,7,0,no WA races loaded for this year/event,,https://github.com/ofiore/Thesis/blob/3cf1db7adebb493f3a5c2e957a1b09cf0986a7cd/Data/rxntime.csv
2314,WCH,2005,200m,M,SF,,,,0,7,0,no WA races loaded for this year/event,,https://github.com/ofiore/Thesis/blob/3cf1db7adebb493f3a5c2e957a1b09cf0986a7cd/Data/rxntime.csv
2315,WCH,2005,200m,M,SF,,,,0,7,0,no WA races loaded for this year/event,,https://github.com/ofiore/Thesis/blob/3cf1db7adebb493f3a5c2e957a1b09cf0986a7cd/Data/rxntime.csv
2316,WCH,2005,200m,M,SF,,,,0,7,0,no WA races loaded for this year/event,,https://github.com/ofiore/Thesis/blob/3cf1db7adebb493f3a5c2e957a1b09cf0986a7cd/Data/rxntime.csv
2317,WCH,2005,200m,M,SF,,,,0,7,0,no WA races loaded for this year/event,,https://github.com/ofiore/Thesis/blob/3cf1db7adebb493f3a5c2e957a1b09cf0986a7cd/Data/rxntime.csv
2318,WCH,2005,200m,M,SF,,,,0,7,0,no WA races loaded for this year/event,,https://github.com/ofiore/Thesis/blob/3cf1db7adebb493f3a5c2e957a1b09cf0986a7cd/Data/rxntime.csv
2319,WCH,2005,200m,M,SF,,,,0,8,0,no WA races loaded for this year/event,,https://github.com/ofiore/Thesis/blob/3cf1db7adebb493f3a5c2e957a1b09cf0986a7cd/Data/rxntime.csv
2320,WCH,2005,200m,M,SF,,,,0,8,0,no WA races loaded for this year/event,,https://github.com/ofiore/Thesis/blob/3cf1db7adebb493f3a5c2e957a1b09cf0986a7cd/Data/rxntime.csv
2321,WCH,2005,200m,M,SF,,,,0,8,0,no WA races loaded for this year/event,,https://github.com/ofiore/Thesis/blob/3cf1db7adebb493f3a5c2e957a1b09cf0986a7cd/Data/rxntime.csv
2322,WCH,2005,200m,M,SF,,,,0,8,0,no WA races loaded for this year/event,,https://github.com/ofiore/Thesis/blob/3cf1db7adebb493f3a5c2e957a1b09cf0986a7cd/Data/rxntime.csv
2323,WCH,2005,200m,M,SF,,,,0,8,0,no WA races loaded for this year/event,,https://github.com/ofiore/Thesis/blob/3cf1db7adebb493f3a5c2e957a1b09cf0986a7cd/Data/rxntime.csv
2324,WCH,2005,200m,M,SF,,,,0,8,0,no WA races loaded for this year/event,,https://github.com/ofiore/Thesis/blob/3cf1db7adebb493f3a5c2e957a1b09cf0986a7cd/Data/rxntime.csv
2325,WCH,2005,200m,M,SF,,,,0,8,0,no WA races loaded for this year/event,,https://github.com/ofiore/Thesis/blob/3cf1db7adebb493f3a5c2e957a1b09cf0986a7cd/Data/rxntime.csv
2326,WCH,2005,200m,M,SF,,,,0,8,0,no WA races loaded for this year/event,,https://github.com/ofiore/Thesis/blob/3cf1db7adebb493f3a5c2e957a1b09cf0986a7cd/Data/rxntime.csv
2327,WCH,2005,200m,M,F,,,,0,8,0,no WA races loaded for this year/event,,https://github.com/ofiore/Thesis/blob/3cf1db7adebb493f3a5c2e957a1b09cf0986a7cd/Data/rxntime.csv
2328,WCH,2005,200m,M,F,,,,0,8,0,no WA races loaded for this year/event,,https://github.com/ofiore/Thesis/blob/3cf1db7adebb493f3a5c2e957a1b09cf0986a7cd/Data/rxntime.csv
2329,WCH,2005,200m,M,F,,,,0,8,0,no WA races loaded for this year/event,,https://github.com/ofiore/Thesis/blob/3cf1db7adebb493f3a5c2e957a1b09cf0986a7cd/Data/rxntime.csv
2330,WCH,2005,200m,M,F,,,,0,8,0,no WA races loaded for this year/event,,https://github.com/ofiore/Thesis/blob/3cf1db7adebb493f3a5c2e957a1b09cf0986a7cd/Data/rxntime.csv
2331,WCH,2005,200m,M,F,,,,0,8,0,no WA races loaded for this year/event,,https://github.com/ofiore/Thesis/blob/3cf1db7adebb493f3a5c2e957a1b09cf0986a7cd/Data/rxntime.csv
2332,WCH,2005,200m,M,F,,,,0,8,0,no WA races loaded for this year/event,,https://github.com/ofiore/Thesis/blob/3cf1db7adebb493f3a5c2e957a1b09cf0986a7cd/Data/rxntime.csv
2333,WCH,2005,200m,M,F,,,,0,8,0,no WA races loaded for this year/event,,https://github.com/ofiore/Thesis/blob/3cf1db7adebb493f3a5c2e957a1b09cf0986a7cd/Data/rxntime.csv
2334,WCH,2005,200m,M,F,,,,0,8,0,no WA races loaded for this year/event,,https://github.com/ofiore/Thesis/blob/3cf1db7adebb493f3a5c2e957a1b09cf0986a7cd/Data/rxntime.csv
2335,WCH,2003,200m,M,SF,,,,0,8,0,no WA races loaded for this year/event,,https://github.com/ofiore/Thesis/blob/3cf1db7adebb493f3a5c2e957a1b09cf0986a7cd/Data/rxntime.csv
2336,WCH,2003,200m,M,SF,,,,0,8,0,no WA races loaded for this year/event,,https://github.com/ofiore/Thesis/blob/3cf1db7adebb493f3a5c2e957a1b09cf0986a7cd/Data/rxntime.csv
2337,WCH,2003,200m,M,SF,,,,0,8,0,no WA races loaded for this year/event,,https://github.com/ofiore/Thesis/blob/3cf1db7adebb493f3a5c2e957a1b09cf0986a7cd/Data/rxntime.csv
2338,WCH,2003,200m,M,SF,,,,0,8,0,no WA races loaded for this year/event,,https://github.com/ofiore/Thesis/blob/3cf1db7adebb493f3a5c2e957a1b09cf0986a7cd/Data/rxntime.csv
2339,WCH,2003,200m,M,SF,,,,0,8,0,no WA races loaded for this year/event,,https://github.com/ofiore/Thesis/blob/3cf1db7adebb493f3a5c2e957a1b09cf0986a7cd/Data/rxntime.csv
2340,WCH,2003,200m,M,SF,,,,0,8,0,no WA races loaded for this year/event,,https://github.com/ofiore/Thesis/blob/3cf1db7adebb493f3a5c2e957a1b09cf0986a7cd/Data/rxntime.csv
2341,WCH,2003,200m,M,SF,,,,0,8,0,no WA races loaded for this year/event,,https://github.com/ofiore/Thesis/blob/3cf1db7adebb493f3a5c2e957a1b09cf0986a7cd/Data/rxntime.csv
2342,WCH,2003,200m,M,SF,,,,0,8,0,no WA races loaded for this year/event,,https://github.com/ofiore/Thesis/blob/3cf1db7adebb493f3a5c2e957a1b09cf0986a7cd/Data/rxntime.csv
2343,WCH,2003,200m,M,SF,,,,0,8,0,no WA races loaded for this year/event,,https://github.com/ofiore/Thesis/blob/3cf1db7adebb493f3a5c2e957a1b09cf0986a7cd/Data/rxntime.csv
2344,WCH,2003,200m,M,SF,,,,0,8,0,no WA races loaded for this year/event,,https://github.com/ofiore/Thesis/blob/3cf1db7adebb493f3a5c2e957a1b09cf0986a7cd/Data/rxntime.csv
2345,WCH,2003,200m,M,SF,,,,0,8,0,no WA races loaded for this year/event,,https://github.com/ofiore/Thesis/blob/3cf1db7adebb493f3a5c2e957a1b09cf0986a7cd/Data/rxntime.csv
2346,WCH,2003,200m,M,SF,,,,0,8,0,no WA races loaded for this year/event,,https://github.com/ofiore/Thesis/blob/3cf1db7adebb493f3a5c2e957a1b09cf0986a7cd/Data/rxntime.csv
2347,WCH,2003,200m,M,SF,,,,0,8,0,no WA races loaded for this year/event,,https://github.com/ofiore/Thesis/blob/3cf1db7adebb493f3a5c2e957a1b09cf0986a7cd/Data/rxntime.csv
2348,WCH,2003,200m,M,SF,,,,0,8,0,no WA races loaded for this year/event,,https://github.com/ofiore/Thesis/blob/3cf1db7adebb493f3a5c2e957a1b09cf0986a7cd/Data/rxntime.csv
2349,WCH,2003,200m,M,SF,,,,0,8,0,no WA races loaded for this year/event,,https://github.com/ofiore/Thesis/blob/3cf1db7adebb493f3a5c2e957a1b09cf0986a7cd/Data/rxntime.csv
2350,WCH,2003,200m,M,SF,,,,0,8,0,no WA races loaded for this year/event,,https://github.com/ofiore/Thesis/blob/3cf1db7adebb493f3a5c2e957a1b09cf0986a7cd/Data/rxntime.csv
2351,WCH,2003,200m,M,F,,,,0,8,0,no WA races loaded for this year/event,,https://github.com/ofiore/Thesis/blob/3cf1db7adebb493f3a5c2e957a1b09cf0986a7cd/Data/rxntime.csv
2352,WCH,2003,200m,M,F,,,,0,8,0,no WA races loaded for this year/event,,https://github.com/ofiore/Thesis/blob/3cf1db7adebb493f3a5c2e957a1b09cf0986a7cd/Data/rxntime.csv
2353,WCH,2003,200m,M,F,,,,0,8,0,no WA races loaded for this year/event,,https://github.com/ofiore/Thesis/blob/3cf1db7adebb493f3a5c2e957a1b09cf0986a7cd/Data/rxntime.csv
2354,WCH,2003,200m,M,F,,,,0,8,0,no WA races loaded for this year/event,,https://github.com/ofiore/Thesis/blob/3cf1db7adebb493f3a5c2e957a1b09cf0986a7cd/Data/rxntime.csv
2355,WCH,2003,200m,M,F,,,,0,8,0,no WA races loaded for this year/event,,https://github.com/ofiore/Thesis/blob/3cf1db7adebb493f3a5c2e957a1b09cf0986a7cd/Data/rxntime.csv
2356,WCH,2003,200m,M,F,,,,0,8,0,no WA races loaded for this year/event,,https://github.com/ofiore/Thesis/blob/3cf1db7adebb493f3a5c2e957a1b09cf0986a7cd/Data/rxntime.csv
2357,WCH,2003,200m,M,F,,,,0,8,0,no WA races loaded for this year/event,,https://github.com/ofiore/Thesis/blob/3cf1db7adebb493f3a5c2e957a1b09cf0986a7cd/Data/rxntime.csv
2358,WCH,2003,200m,M,F,,,,0,8,0,no WA races loaded for this year/event,,https://github.com/ofiore/Thesis/blob/3cf1db7adebb493f3a5c2e957a1b09cf0986a7cd/Data/rxntime.csv
2359,WCH,2001,200m,M,SF,,,,0,8,0,no WA races loaded for this year/event,,https://github.com/ofiore/Thesis/blob/3cf1db7adebb493f3a5c2e957a1b09cf0986a7cd/Data/rxntime.csv
2360,WCH,2001,200m,M,SF,,,,0,8,0,no WA races loaded for this year/event,,https://github.com/ofiore/Thesis/blob/3cf1db7adebb493f3a5c2e957a1b09cf0986a7cd/Data/rxntime.csv
2361,WCH,2001,200m,M,SF,,,,0,8,0,no WA races loaded for this year/event,,https://github.com/ofiore/Thesis/blob/3cf1db7adebb493f3a5c2e957a1b09cf0986a7cd/Data/rxntime.csv
2362,WCH,2001,200m,M,SF,,,,0,8,0,no WA races loaded for this year/event,,https://github.com/ofiore/Thesis/blob/3cf1db7adebb493f3a5c2e957a1b09cf0986a7cd/Data/rxntime.csv
2363,WCH,2001,200m,M,SF,,,,0,8,0,no WA races loaded for this year/event,,https://github.com/ofiore/Thesis/blob/3cf1db7adebb493f3a5c2e957a1b09cf0986a7cd/Data/rxntime.csv
2364,WCH,2001,200m,M,SF,,,,0,8,0,no WA races loaded for this year/event,,https://github.com/ofiore/Thesis/blob/3cf1db7adebb493f3a5c2e957a1b09cf0986a7cd/Data/rxntime.csv
2365,WCH,2001,200m,M,SF,,,,0,8,0,no WA races loaded for this year/event,,https://github.com/ofiore/Thesis/blob/3cf1db7adebb493f3a5c2e957a1b09cf0986a7cd/Data/rxntime.csv
2366,WCH,2001,200m,M,SF,,,,0,8,0,no WA races loaded for this year/event,,https://github.com/ofiore/Thesis/blob/3cf1db7adebb493f3a5c2e957a1b09cf0986a7cd/Data/rxntime.csv
2367,WCH,2001,200m,M,SF,,,,0,8,0,no WA races loaded for this year/event,,https://github.com/ofiore/Thesis/blob/3cf1db7adebb493f3a5c2e957a1b09cf0986a7cd/Data/rxntime.csv
2368,WCH,2001,200m,M,SF,,,,0,8,0,no WA races loaded for this year/event,,https://github.com/ofiore/Thesis/blob/3cf1db7adebb493f3a5c2e957a1b09cf0986a7cd/Data/rxntime.csv
2369,WCH,2001,200m,M,SF,,,,0,8,0,no WA races loaded for this year/event,,https://github.com/ofiore/Thesis/blob/3cf1db7adebb493f3a5c2e957a1b09cf0986a7cd/Data/rxntime.csv
2370,WCH,2001,200m,M,SF,,,,0,8,0,no WA races loaded for this year/event,,https://github.com/ofiore/Thesis/blob/3cf1db7adebb493f3a5c2e957a1b09cf0986a7cd/Data/rxntime.csv
2371,WCH,2001,200m,M,SF,,,,0,8,0,no WA races loaded for this year/event,,https://github.com/ofiore/Thesis/blob/3cf1db7adebb493f3a5c2e957a1b09cf0986a7cd/Data/rxntime.csv
2372,WCH,2001,200m,M,SF,,,,0,8,0,no WA races loaded for this year/event,,https://github.com/ofiore/Thesis/blob/3cf1db7adebb493f3a5c2e957a1b09cf0986a7cd/Data/rxntime.csv
2373,WCH,2001,200m,M,SF,,,,0,8,0,no WA races loaded for this year/event,,https://github.com/ofiore/Thesis/blob/3cf1db7adebb493f3a5c2e957a1b09cf0986a7cd/Data/rxntime.csv
2374,WCH,2001,200m,M,SF,,,,0,8,0,no WA races loaded for this year/event,,https://github.com/ofiore/Thesis/blob/3cf1db7adebb493f3a5c2e957a1b09cf0986a7cd/Data/rxntime.csv
2375,WCH,2001,200m,M,F,,,,0,8,0,no WA races loaded for this year/event,,https://github.com/ofiore/Thesis/blob/3cf1db7adebb493f3a5c2e957a1b09cf0986a7cd/Data/rxntime.csv
2376,WCH,2001,200m,M,F,,,,0,8,0,no WA races loaded for this year/event,,https://github.com/ofiore/Thesis/blob/3cf1db7adebb493f3a5c2e957a1b09cf0986a7cd/Data/rxntime.csv
2377,WCH,2001,200m,M,F,,,,0,8,0,no WA races loaded for this year/event,,https://github.com/ofiore/Thesis/blob/3cf1db7adebb493f3a5c2e957a1b09cf0986a7cd/Data/rxntime.csv
2378,WCH,2001,200m,M,F,,,,0,8,0,no WA races loaded for this year/event,,https://github.com/ofiore/Thesis/blob/3cf1db7adebb493f3a5c2e957a1b09cf0986a7cd/Data/rxntime.csv
2379,WCH,2001,200m,M,F,,,,0,8,0,no WA races loaded for this year/event,,https://github.com/ofiore/Thesis/blob/3cf1db7adebb493f3a5c2e957a1b09cf0986a7cd/Data/rxntime.csv
2380,WCH,2001,200m,M,F,,,,0,8,0,no WA races loaded for this year/event,,https://github.com/ofiore/Thesis/blob/3cf1db7adebb493f3a5c2e957a1b09cf0986a7cd/Data/rxntime.csv
2381,WCH,2001,200m,M,F,,,,0,8,0,no WA races loaded for this year/event,,https://github.com/ofiore/Thesis/blob/3cf1db7adebb493f3a5c2e957a1b09cf0986a7cd/Data/rxntime.csv
2382,WCH,2001,200m,M,F,,,,0,8,0,no WA races loaded for this year/event,,https://github.com/ofiore/Thesis/blob/3cf1db7adebb493f3a5c2e957a1b09cf0986a7cd/Data/rxntime.csv
2383,WCH,1999,200m,M,SF,,,,0,8,0,no WA races loaded for this year/event,,https://github.com/ofiore/Thesis/blob/3cf1db7adebb493f3a5c2e957a1b09cf0986a7cd/Data/rxntime.csv
2384,WCH,1999,200m,M,SF,,,,0,8,0,no WA races loaded for this year/event,,https://github.com/ofiore/Thesis/blob/3cf1db7adebb493f3a5c2e957a1b09cf0986a7cd/Data/rxntime.csv
2385,WCH,1999,200m,M,SF,,,,0,8,0,no WA races loaded for this year/event,,https://github.com/ofiore/Thesis/blob/3cf1db7adebb493f3a5c2e957a1b09cf0986a7cd/Data/rxntime.csv
2386,WCH,1999,200m,M,SF,,,,0,8,0,no WA races loaded for this year/event,,https://github.com/ofiore/Thesis/blob/3cf1db7adebb493f3a5c2e957a1b09cf0986a7cd/Data/rxntime.csv
2387,WCH,1999,200m,M,SF,,,,0,8,0,no WA races loaded for this year/event,,https://github.com/ofiore/Thesis/blob/3cf1db7adebb493f3a5c2e957a1b09cf0986a7cd/Data/rxntime.csv
2388,WCH,1999,200m,M,SF,,,,0,8,0,no WA races loaded for this year/event,,https://github.com/ofiore/Thesis/blob/3cf1db7adebb493f3a5c2e957a1b09cf0986a7cd/Data/rxntime.csv
2389,WCH,1999,200m,M,SF,,,,0,8,0,no WA races loaded for this year/event,,https://github.com/ofiore/Thesis/blob/3cf1db7adebb493f3a5c2e957a1b09cf0986a7cd/Data/rxntime.csv
2390,WCH,1999,200m,M,SF,,,,0,8,0,no WA races loaded for this year/event,,https://github.com/ofiore/Thesis/blob/3cf1db7adebb493f3a5c2e957a1b09cf0986a7cd/Data/rxntime.csv
2391,WCH,1999,200m,M,SF,,,,0,7,0,no WA races loaded for this year/event,,https://github.com/ofiore/Thesis/blob/3cf1db7adebb493f3a5c2e957a1b09cf0986a7cd/Data/rxntime.csv
2392,WCH,1999,200m,M,SF,,,,0,7,0,no WA races loaded for this year/event,,https://github.com/ofiore/Thesis/blob/3cf1db7adebb493f3a5c2e957a1b09cf0986a7cd/Data/rxntime.csv
2393,WCH,1999,200m,M,SF,,,,0,7,0,no WA races loaded for this year/event,,https://github.com/ofiore/Thesis/blob/3cf1db7adebb493f3a5c2e957a1b09cf0986a7cd/Data/rxntime.csv
2394,WCH,1999,200m,M,SF,,,,0,7,0,no WA races loaded for this year/event,,https://github.com/ofiore/Thesis/blob/3cf1db7adebb493f3a5c2e957a1b09cf0986a7cd/Data/rxntime.csv
2395,WCH,1999,200m,M,SF,,,,0,7,0,no WA races loaded for this year/event,,https://github.com/ofiore/Thesis/blob/3cf1db7adebb493f3a5c2e957a1b09cf0986a7cd/Data/rxntime.csv
2396,WCH,1999,200m,M,SF,,,,0,7,0,no WA races loaded for this year/event,,https://github.com/ofiore/Thesis/blob/3cf1db7adebb493f3a5c2e957a1b09cf0986a7cd/Data/rxntime.csv
2397,WCH,1999,200m,M,SF,,,,0,7,0,no WA races loaded for this year/event,,https://github.com/ofiore/Thesis/blob/3cf1db7adebb493f3a5c2e957a1b09cf0986a7cd/Data/rxntime.csv
2398,WCH,1999,200m,M,F,,,,0,7,0,no WA races loaded for this year/event,,https://github.com/ofiore/Thesis/blob/3cf1db7adebb493f3a5c2e957a1b09cf0986a7cd/Data/rxntime.csv
2399,WCH,1999,200m,M,F,,,,0,7,0,no WA races loaded for this year/event,,https://github.com/ofiore/Thesis/blob/3cf1db7adebb493f3a5c2e957a1b09cf0986a7cd/Data/rxntime.csv
2400,WCH,1999,200m,M,F,,,,0,7,0,no WA races loaded for this year/event,,https://github.com/ofiore/Thesis/blob/3cf1db7adebb493f3a5c2e957a1b09cf0986a7cd/Data/rxntime.csv
2401,WCH,1999,200m,M,F,,,,0,7,0,no WA races loaded for this year/event,,https://github.com/ofiore/Thesis/blob/3cf1db7adebb493f3a5c2e957a1b09cf0986a7cd/Data/rxntime.csv
2402,WCH,1999,200m,M,F,,,,0,7,0,no WA races loaded for this year/event,,https://github.com/ofiore/Thesis/blob/3cf1db7adebb493f3a5c2e957a1b09cf0986a7cd/Data/rxntime.csv
2403,WCH,1999,200m,M,F,,,,0,7,0,no WA races loaded for this year/event,,https://github.com/ofiore/Thesis/blob/3cf1db7adebb493f3a5c2e957a1b09cf0986a7cd/Data/rxntime.csv
2404,WCH,1999,200m,M,F,,,,0,7,0,no WA races loaded for this year/event,,https://github.com/ofiore/Thesis/blob/3cf1db7adebb493f3a5c2e957a1b09cf0986a7cd/Data/rxntime.csv
2405,WCH,2023,100m,W,SF,WCH2023-100m-W-SF-H1,Shelly-Ann FRASER-PRYCE,7,8,8,0,,,https://github.com/ofiore/Thesis/blob/3cf1db7adebb493f3a5c2e957a1b09cf0986a7cd/Data/rxntime.csv
2406,WCH,2023,100m,W,SF,WCH2023-100m-W-SF-H1,Tamari DAVIS,6,8,8,0,,,https://github.com/ofiore/Thesis/blob/3cf1db7adebb493f3a5c2e957a1b09cf0986a7cd/Data/rxntime.csv
2407,WCH,2023,100m,W,SF,WCH2023-100m-W-SF-H1,Ewa SWOBODA,5,8,8,0,,,https://github.com/ofiore/Thesis/blob/3cf1db7adebb493f3a5c2e957a1b09cf0986a7cd/Data/rxntime.csv
2408,WCH,2023,100m,W,SF,WCH2023-100m-W-SF-H1,Daryll NEITA,4,8,8,0,,,https://github.com/ofiore/Thesis/blob/3cf1db7adebb493f3a5c2e957a1b09cf0986a7cd/Data/rxntime.csv
2409,WCH,2023,100m,W,SF,WCH2023-100m-W-SF-H1,Gina LÜCKENKEMPER,2,8,8,0,,,https://github.com/ofiore/Thesis/blob/3cf1db7adebb493f3a5c2e957a1b09cf0986a7cd/Data/rxntime.csv
2410,WCH,2023,100m,W,SF,WCH2023-100m-W-SF-H1,Michelle-Lee AHYE,3,8,8,0,,,https://github.com/ofiore/Thesis/blob/3cf1db7adebb493f3a5c2e957a1b09cf0986a7cd/Data/rxntime.csv
2411,WCH,2023,100m,W,SF,WCH2023-100m-W-SF-H1,Zaynab DOSSO,8,8,8,0,,,https://github.com/ofiore/Thesis/blob/3cf1db7adebb493f3a5c2e957a1b09cf0986a7cd/Data/rxntime.csv
2412,WCH,2023,100m,W,SF,WCH2023-100m-W-SF-H1,Rosemary CHUKWUMA,9,8,8,0,,,https://github.com/ofiore/Thesis/blob/3cf1db7adebb493f3a5c2e957a1b09cf0986a7cd/Data/rxntime.csv
2413,WCH,2023,100m,W,SF,WCH2023-100m-W-SF-H2,Shericka JACKSON,5,8,8,0,,,https://github.com/ofiore/Thesis/blob/3cf1db7adebb493f3a5c2e957a1b09cf0986a7cd/Data/rxntime.csv
2414,WCH,2023,100m,W,SF,WCH2023-100m-W-SF-H2,Marie-Josée TA LOU,7,8,8,0,,,https://github.com/ofiore/Thesis/blob/3cf1db7adebb493f3a5c2e957a1b09cf0986a7cd/Data/rxntime.csv
2415,WCH,2023,100m,W,SF,WCH2023-100m-W-SF-H2,Sha'Carri RICHARDSON,6,8,8,0,,,https://github.com/ofiore/Thesis/blob/3cf1db7adebb493f3a5c2e957a1b09cf0986a7cd/Data/rxntime.csv
2416,WCH,2023,100m,W,SF,WCH2023-100m-W-SF-H2,Zoe HOBBS,8,8,8,0,,,https://github.com/ofiore/Thesis/blob/3cf1db7adebb493f3a5c2e957a1b09cf0986a7cd/Data/rxntime.csv
2417,WCH,2023,100m,W,SF,WCH2023-100m-W-SF-H2,Mujinga KAMBUNDJI,4,8,8,0,,,https://github.com/ofiore/Thesis/blob/3cf1db7adebb493f3a5c2e957a1b09cf0986a7cd/Data/rxntime.csv
2418,WCH,2023,100m,W,SF,WCH2023-100m-W-SF-H2,Shashalee FORBES,3,8,8,0,,,https://github.com/ofiore/Thesis/blob/3cf1db7adebb493f3a5c2e957a1b09cf0986a7cd/Data/rxntime.csv
2419,WCH,2023,100m,W,SF,WCH2023-100m-W-SF-H2,Jaël BESTUÉ,9,8,8,0,,,https://github.com/ofiore/Thesis/blob/3cf1db7adebb493f3a5c2e957a1b09cf0986a7cd/Data/rxntime.csv
2420,WCH,2023,100m,W,SF,WCH2023-100m-W-SF-H2,Boglárka TAKÁCS,2,8,8,0,,,https://github.com/ofiore/Thesis/blob/3cf1db7adebb493f3a5c2e957a1b09cf0986a7cd/Data/rxntime.csv
2421,WCH,2023,100m,W,SF,WCH2023-100m-W-SF-H3,Julien ALFRED,5,8,8,0,,,https://github.com/ofiore/Thesis/blob/3cf1db7adebb493f3a5c2e957a1b09cf0986a7cd/Data/rxntime.csv
2422,WCH,2023,100m,W,SF,WCH2023-100m-W-SF-H3,Brittany BROWN,4,8,8,0,,,https://github.com/ofiore/Thesis/blob/3cf1db7adebb493f3a5c2e957a1b09cf0986a7cd/Data/rxntime.csv
2423,WCH,2023,100m,W,SF,WCH2023-100m-W-SF-H3,Dina ASHER-SMITH,7,8,8,0,,,https://github.com/ofiore/Thesis/blob/3cf1db7adebb493f3a5c2e957a1b09cf0986a7cd/Data/rxntime.csv
2424,WCH,2023,100m,W,SF,WCH2023-100m-W-SF-H3,Natasha MORRISON,6,8,8,0,,,https://github.com/ofiore/Thesis/blob/3cf1db7adebb493f3a5c2e957a1b09cf0986a7cd/Data/rxntime.csv
2425,WCH,2023,100m,W,SF,WCH2023-100m-W-SF-H3,N'Ketia SEEDO,8,8,8,0,,,https://github.com/ofiore/Thesis/blob/3cf1db7adebb493f3a5c2e957a1b09cf0986a7cd/Data/rxntime.csv
2426,WCH,2023,100m,W,SF,WCH2023-100m-W-SF-H3,Gina BASS,3,8,8,0,,,https://github.com/ofiore/Thesis/blob/3cf1db7adebb493f3a5c2e957a1b09cf0986a7cd/Data/rxntime.csv
2427,WCH,2023,100m,W,SF,WCH2023-100m-W-SF-H3,Rani ROSIUS,2,8,8,0,,,https://github.com/ofiore/Thesis/blob/3cf1db7adebb493f3a5c2e957a1b09cf0986a7cd/Data/rxntime.csv
2428,WCH,2023,100m,W,SF,WCH2023-100m-W-SF-H3,Géraldine FREY,9,8,8,0,,,https://github.com/ofiore/Thesis/blob/3cf1db7adebb493f3a5c2e957a1b09cf0986a7cd/Data/rxntime.csv
2429,WCH,2023,100m,W,F,WCH2023-100m-W-F-H1,Sha'Carri RICHARDSON,9,9,9,1,,,https://github.com/ofiore/Thesis/blob/3cf1db7adebb493f3a5c2e957a1b09cf0986a7cd/Data/rxntime.csv
2430,WCH,2023,100m,W,F,WCH2023-100m-W-F-H1,Shericka JACKSON,4,9,9,1,,,https://github.com/ofiore/Thesis/blob/3cf1db7adebb493f3a5c2e957a1b09cf0986a7cd/Data/rxntime.csv
2431,WCH,2023,100m,W,F,WCH2023-100m-W-F-H1,Shelly-Ann FRASER-PRYCE,5,9,9,1,,,https://github.com/ofiore/Thesis/blob/3cf1db7adebb493f3a5c2e957a1b09cf0986a7cd/Data/rxntime.csv
2432,WCH,2023,100m,W,F,WCH2023-100m-W-F-H1,Marie-Josée TA LOU,7,9,9,1,,,https://github.com/ofiore/Thesis/blob/3cf1db7adebb493f3a5c2e957a1b09cf0986a7cd/Data/rxntime.csv
2433,WCH,2023,100m,W,F,WCH2023-100m-W-F-H1,Julien ALFRED,6,9,9,1,,,https://github.com/ofiore/Thesis/blob/3cf1db7adebb493f3a5c2e957a1b09cf0986a7cd/Data/rxntime.csv
2434,WCH,2023,100m,W,F,WCH2023-100m-W-F-H1,Ewa SWOBODA,1,9,9,1,,,https://github.com/ofiore/Thesis/blob/3cf1db7adebb493f3a5c2e957a1b09cf0986a7cd/Data/rxntime.csv
2435,WCH,2023,100m,W,F,WCH2023-100m-W-F-H1,Brittany BROWN,3,9,9,1,,,https://github.com/ofiore/Thesis/blob/3cf1db7adebb493f3a5c2e957a1b09cf0986a7cd/Data/rxntime.csv
2436,WCH,2023,100m,W,F,WCH2023-100m-W-F-H1,Dina ASHER-SMITH,2,9,9,1,,,https://github.com/ofiore/Thesis/blob/3cf1db7adebb493f3a5c2e957a1b09cf0986a7cd/Data/rxntime.csv
2437,WCH,2023,100m,W,F,WCH2023-100m-W-F-H1,Tamari DAVIS,8,9,9,1,,,https://github.com/ofiore/Thesis/blob/3cf1db7adebb493f3a5c2e957a1b09cf0986a7cd/Data/rxntime.csv
2438,WCH,2022,100m,W,SF,WCH2022-100m-W-SF-H1,Shericka JACKSON,6,8,16,8,"batch pools 2 races: WCH2022-100m-W-SF-H1, WCH2022-100m-W-SF-H3 (rows assigned individually)",,https://github.com/ofiore/Thesis/blob/3cf1db7adebb493f3a5c2e957a1b09cf0986a7cd/Data/rxntime.csv
2439,WCH,2022,100m,W,SF,WCH2022-100m-W-SF-H1,Dina ASHER-SMITH,3,8,16,8,"batch pools 2 races: WCH2022-100m-W-SF-H1, WCH2022-100m-W-SF-H3 (rows assigned individually)",,https://github.com/ofiore/Thesis/blob/3cf1db7adebb493f3a5c2e957a1b09cf0986a7cd/Data/rxntime.csv
2440,WCH,2022,100m,W,SF,WCH2022-100m-W-SF-H1,Twanisha TERRY,4,8,16,8,"batch pools 2 races: WCH2022-100m-W-SF-H1, WCH2022-100m-W-SF-H3 (rows assigned individually)",,https://github.com/ofiore/Thesis/blob/3cf1db7adebb493f3a5c2e957a1b09cf0986a7cd/Data/rxntime.csv
2441,WCH,2022,100m,W,SF,WCH2022-100m-W-SF-H1,Nzubechi Grace NWOKOCHA,8,8,16,8,"batch pools 2 races: WCH2022-100m-W-SF-H1, WCH2022-100m-W-SF-H3 (rows assigned individually)",,https://github.com/ofiore/Thesis/blob/3cf1db7adebb493f3a5c2e957a1b09cf0986a7cd/Data/rxntime.csv
2442,WCH,2022,100m,W,SF,WCH2022-100m-W-SF-H1,Aminatou SEYNI,7,8,16,8,"batch pools 2 races: WCH2022-100m-W-SF-H1, WCH2022-100m-W-SF-H3 (rows assigned individually)",,https://github.com/ofiore/Thesis/blob/3cf1db7adebb493f3a5c2e957a1b09cf0986a7cd/Data/rxntime.csv
2443,WCH,2022,100m,W,SF,WCH2022-100m-W-SF-H1,Kemba NELSON,2,8,16,8,"batch pools 2 races: WCH2022-100m-W-SF-H1, WCH2022-100m-W-SF-H3 (rows assigned individually)",,https://github.com/ofiore/Thesis/blob/3cf1db7adebb493f3a5c2e957a1b09cf0986a7cd/Data/rxntime.csv
2444,WCH,2022,100m,W,SF,WCH2022-100m-W-SF-H1,Murielle AHOURÉ-DEMPS,1,8,16,8,"batch pools 2 races: WCH2022-100m-W-SF-H1, WCH2022-100m-W-SF-H3 (rows assigned individually)",,https://github.com/ofiore/Thesis/blob/3cf1db7adebb493f3a5c2e957a1b09cf0986a7cd/Data/rxntime.csv
2445,WCH,2022,100m,W,SF,WCH2022-100m-W-SF-H1,Julien ALFRED,5,8,16,8,"batch pools 2 races: WCH2022-100m-W-SF-H1, WCH2022-100m-W-SF-H3 (rows assigned individually)",,https://github.com/ofiore/Thesis/blob/3cf1db7adebb493f3a5c2e957a1b09cf0986a7cd/Data/rxntime.csv
2446,WCH,2022,100m,W,SF,WCH2022-100m-W-SF-H2,Elaine THOMPSON-HERAH,6,8,16,8,"batch pools 2 races: WCH2022-100m-W-F-H1, WCH2022-100m-W-SF-H2 (rows assigned individually)",,https://github.com/ofiore/Thesis/blob/3cf1db7adebb493f3a5c2e957a1b09cf0986a7cd/Data/rxntime.csv
2447,WCH,2022,100m,W,SF,WCH2022-100m-W-SF-H2,Marie-Josée TA LOU,5,8,16,8,"batch pools 2 races: WCH2022-100m-W-F-H1, WCH2022-100m-W-SF-H2 (rows assigned individually)",,https://github.com/ofiore/Thesis/blob/3cf1db7adebb493f3a5c2e957a1b09cf0986a7cd/Data/rxntime.csv
2448,WCH,2022,100m,W,SF,WCH2022-100m-W-SF-H2,Melissa JEFFERSON,4,8,16,8,"batch pools 2 races: WCH2022-100m-W-F-H1, WCH2022-100m-W-SF-H2 (rows assigned individually)",,https://github.com/ofiore/Thesis/blob/3cf1db7adebb493f3a5c2e957a1b09cf0986a7cd/Data/rxntime.csv
2449,WCH,2022,100m,W,SF,WCH2022-100m-W-SF-H2,Mujinga KAMBUNDJI,3,8,16,8,"batch pools 2 races: WCH2022-100m-W-F-H1, WCH2022-100m-W-SF-H2 (rows assigned individually)",,https://github.com/ofiore/Thesis/blob/3cf1db7adebb493f3a5c2e957a1b09cf0986a7cd/Data/rxntime.csv
2450,WCH,2022,100m,W,SF,WCH2022-100m-W-SF-H2,Anthonique STRACHAN,8,8,16,8,"batch pools 2 races: WCH2022-100m-W-F-H1, WCH2022-100m-W-SF-H2 (rows assigned individually)",,https://github.com/ofiore/Thesis/blob/3cf1db7adebb493f3a5c2e957a1b09cf0986a7cd/Data/rxntime.csv
2451,WCH,2022,100m,W,SF,WCH2022-100m-W-SF-H2,Ewa SWOBODA,7,8,16,8,"batch pools 2 races: WCH2022-100m-W-F-H1, WCH2022-100m-W-SF-H2 (rows assigned individually)",,https://github.com/ofiore/Thesis/blob/3cf1db7adebb493f3a5c2e957a1b09cf0986a7cd/Data/rxntime.csv
2452,WCH,2022,100m,W,SF,WCH2022-100m-W-SF-H2,Manqi GE,2,8,16,8,"batch pools 2 races: WCH2022-100m-W-F-H1, WCH2022-100m-W-SF-H2 (rows assigned individually)",,https://github.com/ofiore/Thesis/blob/3cf1db7adebb493f3a5c2e957a1b09cf0986a7cd/Data/rxntime.csv
2453,WCH,2022,100m,W,SF,WCH2022-100m-W-SF-H2,Edidiong Ofinome ODIONG,1,8,16,8,"batch pools 2 races: WCH2022-100m-W-F-H1, WCH2022-100m-W-SF-H2 (rows assigned individually)",,https://github.com/ofiore/Thesis/blob/3cf1db7adebb493f3a5c2e957a1b09cf0986a7cd/Data/rxntime.csv
2454,WCH,2022,100m,W,SF,WCH2022-100m-W-SF-H3,Shelly-Ann FRASER-PRYCE,4,8,16,8,"batch pools 2 races: WCH2022-100m-W-SF-H1, WCH2022-100m-W-SF-H3 (rows assigned individually)",,https://github.com/ofiore/Thesis/blob/3cf1db7adebb493f3a5c2e957a1b09cf0986a7cd/Data/rxntime.csv
2455,WCH,2022,100m,W,SF,WCH2022-100m-W-SF-H3,Aleia HOBBS,5,8,16,8,"batch pools 2 races: WCH2022-100m-W-SF-H1, WCH2022-100m-W-SF-H3 (rows assigned individually)",,https://github.com/ofiore/Thesis/blob/3cf1db7adebb493f3a5c2e957a1b09cf0986a7cd/Data/rxntime.csv
2456,WCH,2022,100m,W,SF,WCH2022-100m-W-SF-H3,Daryll NEITA,3,8,16,8,"batch pools 2 races: WCH2022-100m-W-SF-H1, WCH2022-100m-W-SF-H3 (rows assigned individually)",,https://github.com/ofiore/Thesis/blob/3cf1db7adebb493f3a5c2e957a1b09cf0986a7cd/Data/rxntime.csv
2457,WCH,2022,100m,W,SF,WCH2022-100m-W-SF-H3,Gina LÜCKENKEMPER,7,8,16,8,"batch pools 2 races: WCH2022-100m-W-SF-H1, WCH2022-100m-W-SF-H3 (rows assigned individually)",,https://github.com/ofiore/Thesis/blob/3cf1db7adebb493f3a5c2e957a1b09cf0986a7cd/Data/rxntime.csv
2458,WCH,2022,100m,W,SF,WCH2022-100m-W-SF-H3,Zoe HOBBS,6,8,16,8,"batch pools 2 races: WCH2022-100m-W-SF-H1, WCH2022-100m-W-SF-H3 (rows assigned individually)",,https://github.com/ofiore/Thesis/blob/3cf1db7adebb493f3a5c2e957a1b09cf0986a7cd/Data/rxntime.csv
2459,WCH,2022,100m,W,SF,WCH2022-100m-W-SF-H3,Michelle-Lee AHYE,8,8,16,8,"batch pools 2 races: WCH2022-100m-W-SF-H1, WCH2022-100m-W-SF-H3 (rows assigned individually)",,https://github.com/ofiore/Thesis/blob/3cf1db7adebb493f3a5c2e957a1b09cf0986a7cd/Data/rxntime.csv
2460,WCH,2022,100m,W,SF,WCH2022-100m-W-SF-H3,Zaynab DOSSO,1,8,16,8,"batch pools 2 races: WCH2022-100m-W-SF-H1, WCH2022-100m-W-SF-H3 (rows assigned individually)",,https://github.com/ofiore/Thesis/blob/3cf1db7adebb493f3a5c2e957a1b09cf0986a7cd/Data/rxntime.csv
2461,WCH,2022,100m,W,SF,WCH2022-100m-W-SF-H3,TyNia GAITHER,2,8,16,8,"batch pools 2 races: WCH2022-100m-W-SF-H1, WCH2022-100m-W-SF-H3 (rows assigned individually)",,https://github.com/ofiore/Thesis/blob/3cf1db7adebb493f3a5c2e957a1b09cf0986a7cd/Data/rxntime.csv
2462,WCH,2022,100m,W,F,WCH2022-100m-W-F-H1,Shelly-Ann FRASER-PRYCE,6,8,16,8,"batch pools 2 races: WCH2022-100m-W-F-H1, WCH2022-100m-W-SF-H2 (rows assigned individually)",,https://github.com/ofiore/Thesis/blob/3cf1db7adebb493f3a5c2e957a1b09cf0986a7cd/Data/rxntime.csv
2463,WCH,2022,100m,W,F,WCH2022-100m-W-F-H1,Shericka JACKSON,3,8,16,8,"batch pools 2 races: WCH2022-100m-W-F-H1, WCH2022-100m-W-SF-H2 (rows assigned individually)",,https://github.com/ofiore/Thesis/blob/3cf1db7adebb493f3a5c2e957a1b09cf0986a7cd/Data/rxntime.csv
2464,WCH,2022,100m,W,F,WCH2022-100m-W-F-H1,Elaine THOMPSON-HERAH,4,8,16,8,"batch pools 2 races: WCH2022-100m-W-F-H1, WCH2022-100m-W-SF-H2 (rows assigned individually)",,https://github.com/ofiore/Thesis/blob/3cf1db7adebb493f3a5c2e957a1b09cf0986a7cd/Data/rxntime.csv
2465,WCH,2022,100m,W,F,WCH2022-100m-W-F-H1,Dina ASHER-SMITH,8,8,16,8,"batch pools 2 races: WCH2022-100m-W-F-H1, WCH2022-100m-W-SF-H2 (rows assigned individually)",,https://github.com/ofiore/Thesis/blob/3cf1db7adebb493f3a5c2e957a1b09cf0986a7cd/Data/rxntime.csv
2466,WCH,2022,100m,W,F,WCH2022-100m-W-F-H1,Mujinga KAMBUNDJI,1,8,16,8,"batch pools 2 races: WCH2022-100m-W-F-H1, WCH2022-100m-W-SF-H2 (rows assigned individually)",,https://github.com/ofiore/Thesis/blob/3cf1db7adebb493f3a5c2e957a1b09cf0986a7cd/Data/rxntime.csv
2467,WCH,2022,100m,W,F,WCH2022-100m-W-F-H1,Aleia HOBBS,7,8,16,8,"batch pools 2 races: WCH2022-100m-W-F-H1, WCH2022-100m-W-SF-H2 (rows assigned individually)",,https://github.com/ofiore/Thesis/blob/3cf1db7adebb493f3a5c2e957a1b09cf0986a7cd/Data/rxntime.csv
2468,WCH,2022,100m,W,F,WCH2022-100m-W-F-H1,Marie-Josée TA LOU,5,8,16,8,"batch pools 2 races: WCH2022-100m-W-F-H1, WCH2022-100m-W-SF-H2 (rows assigned individually)",,https://github.com/ofiore/Thesis/blob/3cf1db7adebb493f3a5c2e957a1b09cf0986a7cd/Data/rxntime.csv
2469,WCH,2022,100m,W,F,WCH2022-100m-W-F-H1,Melissa JEFFERSON,2,8,16,8,"batch pools 2 races: WCH2022-100m-W-F-H1, WCH2022-100m-W-SF-H2 (rows assigned individually)",,https://github.com/ofiore/Thesis/blob/3cf1db7adebb493f3a5c2e957a1b09cf0986a7cd/Data/rxntime.csv
2470,WCH,2019,100m,W,SF,WCH2019-100m-W-SF-H1,Marie-Josée Ta Lou,5,8,8,1,,,https://github.com/ofiore/Thesis/blob/3cf1db7adebb493f3a5c2e957a1b09cf0986a7cd/Data/rxntime.csv
2471,WCH,2019,100m,W,SF,WCH2019-100m-W-SF-H1,Elaine Thompson,4,8,8,1,,,https://github.com/ofiore/Thesis/blob/3cf1db7adebb493f3a5c2e957a1b09cf0986a7cd/Data/rxntime.csv
2472,WCH,2019,100m,W,SF,WCH2019-100m-W-SF-H1,Teahna Daniels,7,8,8,1,,,https://github.com/ofiore/Thesis/blob/3cf1db7adebb493f3a5c2e957a1b09cf0986a7cd/Data/rxntime.csv
2473,WCH,2019,100m,W,SF,WCH2019-100m-W-SF-H1,Daryll Neita,6,8,8,1,,,https://github.com/ofiore/Thesis/blob/3cf1db7adebb493f3a5c2e957a1b09cf0986a7cd/Data/rxntime.csv
2474,WCH,2019,100m,W,SF,WCH2019-100m-W-SF-H1,Tynia Gaither,3,8,8,1,,,https://github.com/ofiore/Thesis/blob/3cf1db7adebb493f3a5c2e957a1b09cf0986a7cd/Data/rxntime.csv
2475,WCH,2019,100m,W,SF,WCH2019-100m-W-SF-H1,Gina Bass,8,8,8,1,,,https://github.com/ofiore/Thesis/blob/3cf1db7adebb493f3a5c2e957a1b09cf0986a7cd/Data/rxntime.csv
2476,WCH,2019,100m,W,SF,WCH2019-100m-W-SF-H1,Yongli Wei,2,8,8,1,,,https://github.com/ofiore/Thesis/blob/3cf1db7adebb493f3a5c2e957a1b09cf0986a7cd/Data/rxntime.csv
2477,WCH,2019,100m,W,SF,WCH2019-100m-W-SF-H1,Gina Lückenkemper,9,8,8,1,,,https://github.com/ofiore/Thesis/blob/3cf1db7adebb493f3a5c2e957a1b09cf0986a7cd/Data/rxntime.csv
2478,WCH,2019,100m,W,SF,WCH2019-100m-W-SF-H2,Dina Asher-Smith,4,8,8,0,,,https://github.com/ofiore/Thesis/blob/3cf1db7adebb493f3a5c2e957a1b09cf0986a7cd/Data/rxntime.csv
2479,WCH,2019,100m,W,SF,WCH2019-100m-W-SF-H2,Jonielle Smith,9,8,8,0,,,https://github.com/ofiore/Thesis/blob/3cf1db7adebb493f3a5c2e957a1b09cf0986a7cd/Data/rxntime.csv
2480,WCH,2019,100m,W,SF,WCH2019-100m-W-SF-H2,Mujinga Kambundji,6,8,8,0,,,https://github.com/ofiore/Thesis/blob/3cf1db7adebb493f3a5c2e957a1b09cf0986a7cd/Data/rxntime.csv
2481,WCH,2019,100m,W,SF,WCH2019-100m-W-SF-H2,Morolake Akinosun,8,8,8,0,,,https://github.com/ofiore/Thesis/blob/3cf1db7adebb493f3a5c2e957a1b09cf0986a7cd/Data/rxntime.csv
2482,WCH,2019,100m,W,SF,WCH2019-100m-W-SF-H2,Xiaojing Liang,7,8,8,0,,,https://github.com/ofiore/Thesis/blob/3cf1db7adebb493f3a5c2e957a1b09cf0986a7cd/Data/rxntime.csv
2483,WCH,2019,100m,W,SF,WCH2019-100m-W-SF-H2,Ewa Swoboda,3,8,8,0,,,https://github.com/ofiore/Thesis/blob/3cf1db7adebb493f3a5c2e957a1b09cf0986a7cd/Data/rxntime.csv
2484,WCH,2019,100m,W,SF,WCH2019-100m-W-SF-H2,Crystal Emmanuel,2,8,8,0,,,https://github.com/ofiore/Thesis/blob/3cf1db7adebb493f3a5c2e957a1b09cf0986a7cd/Data/rxntime.csv
2485,WCH,2019,100m,W,SF,WCH2019-100m-W-SF-H2,English Gardner,5,8,8,0,,,https://github.com/ofiore/Thesis/blob/3cf1db7adebb493f3a5c2e957a1b09cf0986a7cd/Data/rxntime.csv
2486,WCH,2019,100m,W,SF,WCH2019-100m-W-SF-H3,Shelly-Ann Fraser-Pryce,5,8,8,1,,,https://github.com/ofiore/Thesis/blob/3cf1db7adebb493f3a5c2e957a1b09cf0986a7cd/Data/rxntime.csv
2487,WCH,2019,100m,W,SF,WCH2019-100m-W-SF-H3,Murielle Ahouré,4,8,8,1,,,https://github.com/ofiore/Thesis/blob/3cf1db7adebb493f3a5c2e957a1b09cf0986a7cd/Data/rxntime.csv
2488,WCH,2019,100m,W,SF,WCH2019-100m-W-SF-H3,Dafne Schippers,7,8,8,1,,,https://github.com/ofiore/Thesis/blob/3cf1db7adebb493f3a5c2e957a1b09cf0986a7cd/Data/rxntime.csv
2489,WCH,2019,100m,W,SF,WCH2019-100m-W-SF-H3,Kelly-Ann Baptiste,6,8,8,1,,,https://github.com/ofiore/Thesis/blob/3cf1db7adebb493f3a5c2e957a1b09cf0986a7cd/Data/rxntime.csv
2490,WCH,2019,100m,W,SF,WCH2019-100m-W-SF-H3,Tatjana Pinto,9,8,8,1,,,https://github.com/ofiore/Thesis/blob/3cf1db7adebb493f3a5c2e957a1b09cf0986a7cd/Data/rxntime.csv
2491,WCH,2019,100m,W,SF,WCH2019-100m-W-SF-H3,Manqi Ge,2,8,8,1,,,https://github.com/ofiore/Thesis/blob/3cf1db7adebb493f3a5c2e957a1b09cf0986a7cd/Data/rxntime.csv
2492,WCH,2019,100m,W,SF,WCH2019-100m-W-SF-H3,Imani Lansiquot,3,8,8,1,,,https://github.com/ofiore/Thesis/blob/3cf1db7adebb493f3a5c2e957a1b09cf0986a7cd/Data/rxntime.csv
2493,WCH,2019,100m,W,SF,WCH2019-100m-W-SF-H3,Tori Bowie,8,8,8,1,,,https://github.com/ofiore/Thesis/blob/3cf1db7adebb493f3a5c2e957a1b09cf0986a7cd/Data/rxntime.csv
2494,WCH,2019,100m,W,F,WCH2019-100m-W-F-H1,Shelly-Ann Fraser-Pryce,6,8,8,1,,,https://github.com/ofiore/Thesis/blob/3cf1db7adebb493f3a5c2e957a1b09cf0986a7cd/Data/rxntime.csv
2495,WCH,2019,100m,W,F,WCH2019-100m-W-F-H1,Dina Asher-Smith,7,8,8,1,,,https://github.com/ofiore/Thesis/blob/3cf1db7adebb493f3a5c2e957a1b09cf0986a7cd/Data/rxntime.csv
2496,WCH,2019,100m,W,F,WCH2019-100m-W-F-H1,Marie-Josée Ta Lou,4,8,8,1,,,https://github.com/ofiore/Thesis/blob/3cf1db7adebb493f3a5c2e957a1b09cf0986a7cd/Data/rxntime.csv
2497,WCH,2019,100m,W,F,WCH2019-100m-W-F-H1,Elaine Thompson,5,8,8,1,,,https://github.com/ofiore/Thesis/blob/3cf1db7adebb493f3a5c2e957a1b09cf0986a7cd/Data/rxntime.csv
2498,WCH,2019,100m,W,F,WCH2019-100m-W-F-H1,Murielle Ahouré,8,8,8,1,,,https://github.com/ofiore/Thesis/blob/3cf1db7adebb493f3a5c2e957a1b09cf0986a7cd/Data/rxntime.csv
2499,WCH,2019,100m,W,F,WCH2019-100m-W-F-H1,Jonielle Smith,9,8,8,1,,,https://github.com/ofiore/Thesis/blob/3cf1db7adebb493f3a5c2e957a1b09cf0986a7cd/Data/rxntime.csv
2500,WCH,2019,100m,W,F,WCH2019-100m-W-F-H1,Teahna Daniels,3,8,8,1,,,https://github.com/ofiore/Thesis/blob/3cf1db7adebb493f3a5c2e957a1b09cf0986a7cd/Data/rxntime.csv
2501,WCH,2019,100m,W,F,WCH2019-100m-W-F-H1,Dafne Schippers,2,8,8,1,,,https://github.com/ofiore/Thesis/blob/3cf1db7adebb493f3a5c2e957a1b09cf0986a7cd/Data/rxntime.csv
2502,WCH,2017,100m,W,SF,WCH2017-100m-W-SF-H1,Marie-Josée Ta Lou,7,8,8,0,,,https://github.com/ofiore/Thesis/blob/3cf1db7adebb493f3a5c2e957a1b09cf0986a7cd/Data/rxntime.csv
2503,WCH,2017,100m,W,SF,WCH2017-100m-W-SF-H1,Dafne Schippers,6,8,8,0,,,https://github.com/ofiore/Thesis/blob/3cf1db7adebb493f3a5c2e957a1b09cf0986a7cd/Data/rxntime.csv
2504,WCH,2017,100m,W,SF,WCH2017-100m-W-SF-H1,Kelly-Ann Baptiste,2,8,8,0,,,https://github.com/ofiore/Thesis/blob/3cf1db7adebb493f3a5c2e957a1b09cf0986a7cd/Data/rxntime.csv
2505,WCH,2017,100m,W,SF,WCH2017-100m-W-SF-H1,Daryll Neita,4,8,8,0,,,https://github.com/ofiore/Thesis/blob/3cf1db7adebb493f3a5c2e957a1b09cf0986a7cd/Data/rxntime.csv
2506,WCH,2017,100m,W,SF,WCH2017-100m-W-SF-H1,Jura Levy,9,8,8,0,,,https://github.com/ofiore/Thesis/blob/3cf1db7adebb493f3a5c2e957a1b09cf0986a7cd/Data/rxntime.csv
2507,WCH,2017,100m,W,SF,WCH2017-100m-W-SF-H1,Simone Facey,3,8,8,0,,,https://github.com/ofiore/Thesis/blob/3cf1db7adebb493f3a5c2e957a1b09cf0986a7cd/Data/rxntime.csv
2508,WCH,2017,100m,W,SF,WCH2017-100m-W-SF-H1,Ivet Lalova-Collio,8,8,8,0,,,https://github.com/ofiore/Thesis/blob/3cf1db7adebb493f3a5c2e957a1b09cf0986a7cd/Data/rxntime.csv
2509,WCH,2017,100m,W,SF,WCH2017-100m-W-SF-H1,Deajah Stevens,5,8,8,0,,,https://github.com/ofiore/Thesis/blob/3cf1db7adebb493f3a5c2e957a1b09cf0986a7cd/Data/rxntime.csv
2510,WCH,2017,100m,W,SF,WCH2017-100m-W-SF-H2,Elaine Thompson,4,8,8,0,,,https://github.com/ofiore/Thesis/blob/3cf1db7adebb493f3a5c2e957a1b09cf0986a7cd/Data/rxntime.csv
2511,WCH,2017,100m,W,SF,WCH2017-100m-W-SF-H2,Rosangela Santos,6,8,8,0,,,https://github.com/ofiore/Thesis/blob/3cf1db7adebb493f3a5c2e957a1b09cf0986a7cd/Data/rxntime.csv
2512,WCH,2017,100m,W,SF,WCH2017-100m-W-SF-H2,Mujinga Kambundji,7,8,8,0,,,https://github.com/ofiore/Thesis/blob/3cf1db7adebb493f3a5c2e957a1b09cf0986a7cd/Data/rxntime.csv
2513,WCH,2017,100m,W,SF,WCH2017-100m-W-SF-H2,Crystal Emmanuel,5,8,8,0,,,https://github.com/ofiore/Thesis/blob/3cf1db7adebb493f3a5c2e957a1b09cf0986a7cd/Data/rxntime.csv
2514,WCH,2017,100m,W,SF,WCH2017-100m-W-SF-H2,Desiree Henry,3,8,8,0,,,https://github.com/ofiore/Thesis/blob/3cf1db7adebb493f3a5c2e957a1b09cf0986a7cd/Data/rxntime.csv
2515,WCH,2017,100m,W,SF,WCH2017-100m-W-SF-H2,Carina Horn,9,8,8,0,,,https://github.com/ofiore/Thesis/blob/3cf1db7adebb493f3a5c2e957a1b09cf0986a7cd/Data/rxntime.csv
2516,WCH,2017,100m,W,SF,WCH2017-100m-W-SF-H2,Ariana Washington,8,8,8,0,,,https://github.com/ofiore/Thesis/blob/3cf1db7adebb493f3a5c2e957a1b09cf0986a7cd/Data/rxntime.csv
2517,WCH,2017,100m,W,SF,WCH2017-100m-W-SF-H2,Ewa Swoboda,2,8,8,0,,,https://github.com/ofiore/Thesis/blob/3cf1db7adebb493f3a5c2e957a1b09cf0986a7cd/Data/rxntime.csv
2518,WCH,2017,100m,W,SF,WCH2017-100m-W-SF-H3,Tori Bowie,4,8,8,0,,,https://github.com/ofiore/Thesis/blob/3cf1db7adebb493f3a5c2e957a1b09cf0986a7cd/Data/rxntime.csv
2519,WCH,2017,100m,W,SF,WCH2017-100m-W-SF-H3,Murielle Ahouré,7,8,8,0,,,https://github.com/ofiore/Thesis/blob/3cf1db7adebb493f3a5c2e957a1b09cf0986a7cd/Data/rxntime.csv
2520,WCH,2017,100m,W,SF,WCH2017-100m-W-SF-H3,Michelle-Lee Ahye,9,8,8,0,,,https://github.com/ofiore/Thesis/blob/3cf1db7adebb493f3a5c2e957a1b09cf0986a7cd/Data/rxntime.csv
2521,WCH,2017,100m,W,SF,WCH2017-100m-W-SF-H3,Blessing Okagbare-Ighoteguonor,5,8,8,0,,,https://github.com/ofiore/Thesis/blob/3cf1db7adebb493f3a5c2e957a1b09cf0986a7cd/Data/rxntime.csv
2522,WCH,2017,100m,W,SF,WCH2017-100m-W-SF-H3,Natasha Morrison,8,8,8,0,,,https://github.com/ofiore/Thesis/blob/3cf1db7adebb493f3a5c2e957a1b09cf0986a7cd/Data/rxntime.csv
2523,WCH,2017,100m,W,SF,WCH2017-100m-W-SF-H3,Gina Lückenkemper,6,8,8,0,,,https://github.com/ofiore/Thesis/blob/3cf1db7adebb493f3a5c2e957a1b09cf0986a7cd/Data/rxntime.csv
2524,WCH,2017,100m,W,SF,WCH2017-100m-W-SF-H3,Asha Philip,2,8,8,0,,,https://github.com/ofiore/Thesis/blob/3cf1db7adebb493f3a5c2e957a1b09cf0986a7cd/Data/rxntime.csv
2525,WCH,2017,100m,W,SF,WCH2017-100m-W-SF-H3,Salomé Kora,3,8,8,0,,,https://github.com/ofiore/Thesis/blob/3cf1db7adebb493f3a5c2e957a1b09cf0986a7cd/Data/rxntime.csv
2526,WCH,2017,100m,W,F,WCH2017-100m-W-F-H1,Tori Bowie,7,8,8,0,,,https://github.com/ofiore/Thesis/blob/3cf1db7adebb493f3a5c2e957a1b09cf0986a7cd/Data/rxntime.csv
2527,WCH,2017,100m,W,F,WCH2017-100m-W-F-H1,Marie-Josée Ta Lou,4,8,8,0,,,https://github.com/ofiore/Thesis/blob/3cf1db7adebb493f3a5c2e957a1b09cf0986a7cd/Data/rxntime.csv
2528,WCH,2017,100m,W,F,WCH2017-100m-W-F-H1,Dafne Schippers,9,8,8,0,,,https://github.com/ofiore/Thesis/blob/3cf1db7adebb493f3a5c2e957a1b09cf0986a7cd/Data/rxntime.csv
2529,WCH,2017,100m,W,F,WCH2017-100m-W-F-H1,Murielle Ahouré,8,8,8,0,,,https://github.com/ofiore/Thesis/blob/3cf1db7adebb493f3a5c2e957a1b09cf0986a7cd/Data/rxntime.csv
2530,WCH,2017,100m,W,F,WCH2017-100m-W-F-H1,Elaine Thompson,6,8,8,0,,,https://github.com/ofiore/Thesis/blob/3cf1db7adebb493f3a5c2e957a1b09cf0986a7cd/Data/rxntime.csv
2531,WCH,2017,100m,W,F,WCH2017-100m-W-F-H1,Michelle-Lee Ahye,3,8,8,0,,,https://github.com/ofiore/Thesis/blob/3cf1db7adebb493f3a5c2e957a1b09cf0986a7cd/Data/rxntime.csv
2532,WCH,2017,100m,W,F,WCH2017-100m-W-F-H1,Rosangela Santos,5,8,8,0,,,https://github.com/ofiore/Thesis/blob/3cf1db7adebb493f3a5c2e957a1b09cf0986a7cd/Data/rxntime.csv
2533,WCH,2017,100m,W,F,WCH2017-100m-W-F-H1,Kelly-Ann Baptiste,2,8,8,0,,,https://github.com/ofiore/Thesis/blob/3cf1db7adebb493f3a5c2e957a1b09cf0986a7cd/Data/rxntime.csv
2534,WCH,2015,100m,W,SF,WCH2015-100m-W-SF-H1,Shelly-Ann Fraser-Pryce,6,8,8,0,,,https://github.com/ofiore/Thesis/blob/3cf1db7adebb493f3a5c2e957a1b09cf0986a7cd/Data/rxntime.csv
2535,WCH,2015,100m,W,SF,WCH2015-100m-W-SF-H1,Blessing Okagbare,4,8,8,0,,,https://github.com/ofiore/Thesis/blob/3cf1db7adebb493f3a5c2e957a1b09cf0986a7cd/Data/rxntime.csv
2536,WCH,2015,100m,W,SF,WCH2015-100m-W-SF-H1,Marie-Josee Ta Lou,5,8,8,0,,,https://github.com/ofiore/Thesis/blob/3cf1db7adebb493f3a5c2e957a1b09cf0986a7cd/Data/rxntime.csv
2537,WCH,2015,100m,W,SF,WCH2015-100m-W-SF-H1,Sherone Simpson,9,8,8,0,,,https://github.com/ofiore/Thesis/blob/3cf1db7adebb493f3a5c2e957a1b09cf0986a7cd/Data/rxntime.csv
2538,WCH,2015,100m,W,SF,WCH2015-100m-W-SF-H1,Semoy Hackett,7,8,8,0,,,https://github.com/ofiore/Thesis/blob/3cf1db7adebb493f3a5c2e957a1b09cf0986a7cd/Data/rxntime.csv
2539,WCH,2015,100m,W,SF,WCH2015-100m-W-SF-H1,English Gardner,8,8,8,0,,,https://github.com/ofiore/Thesis/blob/3cf1db7adebb493f3a5c2e957a1b09cf0986a7cd/Data/rxntime.csv
2540,WCH,2015,100m,W,SF,WCH2015-100m-W-SF-H1,Asha Philip,2,8,8,0,,,https://github.com/ofiore/Thesis/blob/3cf1db7adebb493f3a5c2e957a1b09cf0986a7cd/Data/rxntime.csv
2541,WCH,2015,100m,W,SF,WCH2015-100m-W-SF-H1,Yongli Wei,3,8,8,0,,,https://github.com/ofiore/Thesis/blob/3cf1db7adebb493f3a5c2e957a1b09cf0986a7cd/Data/rxntime.csv
2542,WCH,2015,100m,W,SF,WCH2015-100m-W-SF-H2,Tori Bowie,4,8,8,0,,,https://github.com/ofiore/Thesis/blob/3cf1db7adebb493f3a5c2e957a1b09cf0986a7cd/Data/rxntime.csv
2543,WCH,2015,100m,W,SF,WCH2015-100m-W-SF-H2,Kelly-Ann Baptiste,7,8,8,0,,,https://github.com/ofiore/Thesis/blob/3cf1db7adebb493f3a5c2e957a1b09cf0986a7cd/Data/rxntime.csv
2544,WCH,2015,100m,W,SF,WCH2015-100m-W-SF-H2,Natasha Morrison,6,8,8,0,,,https://github.com/ofiore/Thesis/blob/3cf1db7adebb493f3a5c2e957a1b09cf0986a7cd/Data/rxntime.csv
2545,WCH,2015,100m,W,SF,WCH2015-100m-W-SF-H2,Rosângela Santos,5,8,8,0,,,https://github.com/ofiore/Thesis/blob/3cf1db7adebb493f3a5c2e957a1b09cf0986a7cd/Data/rxntime.csv
2546,WCH,2015,100m,W,SF,WCH2015-100m-W-SF-H2,Mujinga Kambundji,8,8,8,0,,,https://github.com/ofiore/Thesis/blob/3cf1db7adebb493f3a5c2e957a1b09cf0986a7cd/Data/rxntime.csv
2547,WCH,2015,100m,W,SF,WCH2015-100m-W-SF-H2,Viktoriya Zyabkina,3,8,8,0,,,https://github.com/ofiore/Thesis/blob/3cf1db7adebb493f3a5c2e957a1b09cf0986a7cd/Data/rxntime.csv
2548,WCH,2015,100m,W,SF,WCH2015-100m-W-SF-H2,Chisato Fukushima,9,8,8,0,,,https://github.com/ofiore/Thesis/blob/3cf1db7adebb493f3a5c2e957a1b09cf0986a7cd/Data/rxntime.csv
2549,WCH,2015,100m,W,SF,WCH2015-100m-W-SF-H2,Ramona Papaioannou,2,8,8,0,,,https://github.com/ofiore/Thesis/blob/3cf1db7adebb493f3a5c2e957a1b09cf0986a7cd/Data/rxntime.csv
2550,WCH,2015,100m,W,SF,WCH2015-100m-W-SF-H3,Dafne Schippers,5,8,8,0,,,https://github.com/ofiore/Thesis/blob/3cf1db7adebb493f3a5c2e957a1b09cf0986a7cd/Data/rxntime.csv
2551,WCH,2015,100m,W,SF,WCH2015-100m-W-SF-H3,Veronica Campbell-Brown,4,8,8,0,,,https://github.com/ofiore/Thesis/blob/3cf1db7adebb493f3a5c2e957a1b09cf0986a7cd/Data/rxntime.csv
2552,WCH,2015,100m,W,SF,WCH2015-100m-W-SF-H3,Michelle-Lee Ahye,7,8,8,0,,,https://github.com/ofiore/Thesis/blob/3cf1db7adebb493f3a5c2e957a1b09cf0986a7cd/Data/rxntime.csv
2553,WCH,2015,100m,W,SF,WCH2015-100m-W-SF-H3,Murielle Ahouré,9,8,8,0,,,https://github.com/ofiore/Thesis/blob/3cf1db7adebb493f3a5c2e957a1b09cf0986a7cd/Data/rxntime.csv
2554,WCH,2015,100m,W,SF,WCH2015-100m-W-SF-H3,Ivet Lalova-Collio,6,8,8,0,,,https://github.com/ofiore/Thesis/blob/3cf1db7adebb493f3a5c2e957a1b09cf0986a7cd/Data/rxntime.csv
2555,WCH,2015,100m,W,SF,WCH2015-100m-W-SF-H3,Carina Horn,8,8,8,0,,,https://github.com/ofiore/Thesis/blob/3cf1db7adebb493f3a5c2e957a1b09cf0986a7cd/Data/rxntime.csv
2556,WCH,2015,100m,W,SF,WCH2015-100m-W-SF-H3,Ezinne Okparaebo,3,8,8,0,,,https://github.com/ofiore/Thesis/blob/3cf1db7adebb493f3a5c2e957a1b09cf0986a7cd/Data/rxntime.csv
2557,WCH,2015,100m,W,SF,WCH2015-100m-W-SF-H3,Jasmine Todd,2,8,8,0,,,https://github.com/ofiore/Thesis/blob/3cf1db7adebb493f3a5c2e957a1b09cf0986a7cd/Data/rxntime.csv
2558,WCH,2015,100m,W,F,WCH2015-100m-W-F-H1,Shelly-Ann Fraser-Pryce,5,8,8,0,,,https://github.com/ofiore/Thesis/blob/3cf1db7adebb493f3a5c2e957a1b09cf0986a7cd/Data/rxntime.csv
2559,WCH,2015,100m,W,F,WCH2015-100m-W-F-H1,Dafne Schippers,6,8,8,0,,,https://github.com/ofiore/Thesis/blob/3cf1db7adebb493f3a5c2e957a1b09cf0986a7cd/Data/rxntime.csv
2560,WCH,2015,100m,W,F,WCH2015-100m-W-F-H1,Tori Bowie,7,8,8,0,,,https://github.com/ofiore/Thesis/blob/3cf1db7adebb493f3a5c2e957a1b09cf0986a7cd/Data/rxntime.csv
2561,WCH,2015,100m,W,F,WCH2015-100m-W-F-H1,Veronica Campbell-Brown,4,8,8,0,,,https://github.com/ofiore/Thesis/blob/3cf1db7adebb493f3a5c2e957a1b09cf0986a7cd/Data/rxntime.csv
2562,WCH,2015,100m,W,F,WCH2015-100m-W-F-H1,Michelle-Lee Ahye,3,8,8,0,,,https://github.com/ofiore/Thesis/blob/3cf1db7adebb493f3a5c2e957a1b09cf0986a7cd/Data/rxntime.csv
2563,WCH,2015,100m,W,F,WCH2015-100m-W-F-H1,Kelly-Ann Baptiste,8,8,8,0,,,https://github.com/ofiore/Thesis/blob/3cf1db7adebb493f3a5c2e957a1b09cf0986a7cd/Data/rxntime.csv
2564,WCH,2015,100m,W,F,WCH2015-100m-W-F-H1,Natasha Morrison,2,8,8,0,,,https://github.com/ofiore/Thesis/blob/3cf1db7adebb493f3a5c2e957a1b09cf0986a7cd/Data/rxntime.csv
2565,WCH,2015,100m,W,F,WCH2015-100m-W-F-H1,Blessing Okagbare,9,8,8,0,,,https://github.com/ofiore/Thesis/blob/3cf1db7adebb493f3a5c2e957a1b09cf0986a7cd/Data/rxntime.csv
2566,WCH,2013,100m,W,SF,,,,0,8,0,no WA races loaded for this year/event,,https://github.com/ofiore/Thesis/blob/3cf1db7adebb493f3a5c2e957a1b09cf0986a7cd/Data/rxntime.csv
2567,WCH,2013,100m,W,SF,,,,0,8,0,no WA races loaded for this year/event,,https://github.com/ofiore/Thesis/blob/3cf1db7adebb493f3a5c2e957a1b09cf0986a7cd/Data/rxntime.csv
2568,WCH,2013,100m,W,SF,,,,0,8,0,no WA races loaded for this year/event,,https://github.com/ofiore/Thesis/blob/3cf1db7adebb493f3a5c2e957a1b09cf0986a7cd/Data/rxntime.csv
2569,WCH,2013,100m,W,SF,,,,0,8,0,no WA races loaded for this year/event,,https://github.com/ofiore/Thesis/blob/3cf1db7adebb493f3a5c2e957a1b09cf0986a7cd/Data/rxntime.csv
2570,WCH,2013,100m,W,SF,,,,0,8,0,no WA races loaded for this year/event,,https://github.com/ofiore/Thesis/blob/3cf1db7adebb493f3a5c2e957a1b09cf0986a7cd/Data/rxntime.csv
2571,WCH,2013,100m,W,SF,,,,0,8,0,no WA races loaded for this year/event,,https://github.com/ofiore/Thesis/blob/3cf1db7adebb493f3a5c2e957a1b09cf0986a7cd/Data/rxntime.csv
2572,WCH,2013,100m,W,SF,,,,0,8,0,no WA races loaded for this year/event,,https://github.com/ofiore/Thesis/blob/3cf1db7adebb493f3a5c2e957a1b09cf0986a7cd/Data/rxntime.csv
2573,WCH,2013,100m,W,SF,,,,0,8,0,no WA races loaded for this year/event,,https://github.com/ofiore/Thesis/blob/3cf1db7adebb493f3a5c2e957a1b09cf0986a7cd/Data/rxntime.csv
2574,WCH,2013,100m,W,SF,,,,0,8,0,no WA races loaded for this year/event,,https://github.com/ofiore/Thesis/blob/3cf1db7adebb493f3a5c2e957a1b09cf0986a7cd/Data/rxntime.csv
2575,WCH,2013,100m,W,SF,,,,0,8,0,no WA races loaded for this year/event,,https://github.com/ofiore/Thesis/blob/3cf1db7adebb493f3a5c2e957a1b09cf0986a7cd/Data/rxntime.csv
2576,WCH,2013,100m,W,SF,,,,0,8,0,no WA races loaded for this year/event,,https://github.com/ofiore/Thesis/blob/3cf1db7adebb493f3a5c2e957a1b09cf0986a7cd/Data/rxntime.csv
2577,WCH,2013,100m,W,SF,,,,0,8,0,no WA races loaded for this year/event,,https://github.com/ofiore/Thesis/blob/3cf1db7adebb493f3a5c2e957a1b09cf0986a7cd/Data/rxntime.csv
2578,WCH,2013,100m,W,SF,,,,0,8,0,no WA races loaded for this year/event,,https://github.com/ofiore/Thesis/blob/3cf1db7adebb493f3a5c2e957a1b09cf0986a7cd/Data/rxntime.csv
2579,WCH,2013,100m,W,SF,,,,0,8,0,no WA races loaded for this year/event,,https://github.com/ofiore/Thesis/blob/3cf1db7adebb493f3a5c2e957a1b09cf0986a7cd/Data/rxntime.csv
2580,WCH,2013,100m,W,SF,,,,0,8,0,no WA races loaded for this year/event,,https://github.com/ofiore/Thesis/blob/3cf1db7adebb493f3a5c2e957a1b09cf0986a7cd/Data/rxntime.csv
2581,WCH,2013,100m,W,SF,,,,0,8,0,no WA races loaded for this year/event,,https://github.com/ofiore/Thesis/blob/3cf1db7adebb493f3a5c2e957a1b09cf0986a7cd/Data/rxntime.csv
2582,WCH,2013,100m,W,SF,,,,0,8,0,no WA races loaded for this year/event,,https://github.com/ofiore/Thesis/blob/3cf1db7adebb493f3a5c2e957a1b09cf0986a7cd/Data/rxntime.csv
2583,WCH,2013,100m,W,SF,,,,0,8,0,no WA races loaded for this year/event,,https://github.com/ofiore/Thesis/blob/3cf1db7adebb493f3a5c2e957a1b09cf0986a7cd/Data/rxntime.csv
2584,WCH,2013,100m,W,SF,,,,0,8,0,no WA races loaded for this year/event,,https://github.com/ofiore/Thesis/blob/3cf1db7adebb493f3a5c2e957a1b09cf0986a7cd/Data/rxntime.csv
2585,WCH,2013,100m,W,SF,,,,0,8,0,no WA races loaded for this year/event,,https://github.com/ofiore/Thesis/blob/3cf1db7adebb493f3a5c2e957a1b09cf0986a7cd/Data/rxntime.csv
2586,WCH,2013,100m,W,SF,,,,0,8,0,no WA races loaded for this year/event,,https://github.com/ofiore/Thesis/blob/3cf1db7adebb493f3a5c2e957a1b09cf0986a7cd/Data/rxntime.csv
2587,WCH,2013,100m,W,SF,,,,0,8,0,no WA races loaded for this year/event,,https://github.com/ofiore/Thesis/blob/3cf1db7adebb493f3a5c2e957a1b09cf0986a7cd/Data/rxntime.csv
2588,WCH,2013,100m,W,SF,,,,0,8,0,no WA races loaded for this year/event,,https://github.com/ofiore/Thesis/blob/3cf1db7adebb493f3a5c2e957a1b09cf0986a7cd/Data/rxntime.csv
2589,WCH,2013,100m,W,SF,,,,0,8,0,no WA races loaded for this year/event,,https://github.com/ofiore/Thesis/blob/3cf1db7adebb493f3a5c2e957a1b09cf0986a7cd/Data/rxntime.csv
2590,WCH,2013,100m,W,F,,,,0,8,0,no WA races loaded for this year/event,,https://github.com/ofiore/Thesis/blob/3cf1db7adebb493f3a5c2e957a1b09cf0986a7cd/Data/rxntime.csv
2591,WCH,2013,100m,W,F,,,,0,8,0,no WA races loaded for this year/event,,https://github.com/ofiore/Thesis/blob/3cf1db7adebb493f3a5c2e957a1b09cf0986a7cd/Data/rxntime.csv
2592,WCH,2013,100m,W,F,,,,0,8,0,no WA races loaded for this year/event,,https://github.com/ofiore/Thesis/blob/3cf1db7adebb493f3a5c2e957a1b09cf0986a7cd/Data/rxntime.csv
2593,WCH,2013,100m,W,F,,,,0,8,0,no WA races loaded for this year/event,,https://github.com/ofiore/Thesis/blob/3cf1db7adebb493f3a5c2e957a1b09cf0986a7cd/Data/rxntime.csv
2594,WCH,2013,100m,W,F,,,,0,8,0,no WA races loaded for this year/event,,https://github.com/ofiore/Thesis/blob/3cf1db7adebb493f3a5c2e957a1b09cf0986a7cd/Data/rxntime.csv
2595,WCH,2013,100m,W,F,,,,0,8,0,no WA races loaded for this year/event,,https://github.com/ofiore/Thesis/blob/3cf1db7adebb493f3a5c2e957a1b09cf0986a7cd/Data/rxntime.csv
2596,WCH,2013,100m,W,F,,,,0,8,0,no WA races loaded for this year/event,,https://github.com/ofiore/Thesis/blob/3cf1db7adebb493f3a5c2e957a1b09cf0986a7cd/Data/rxntime.csv
2597,WCH,2013,100m,W,F,,,,0,8,0,no WA races loaded for this year/event,,https://github.com/ofiore/Thesis/blob/3cf1db7adebb493f3a5c2e957a1b09cf0986a7cd/Data/rxntime.csv
2598,WCH,2011,100m,W,SF,,,,0,8,0,no WA races loaded for this year/event,,https://github.com/ofiore/Thesis/blob/3cf1db7adebb493f3a5c2e957a1b09cf0986a7cd/Data/rxntime.csv
2599,WCH,2011,100m,W,SF,,,,0,8,0,no WA races loaded for this year/event,,https://github.com/ofiore/Thesis/blob/3cf1db7adebb493f3a5c2e957a1b09cf0986a7cd/Data/rxntime.csv
2600,WCH,2011,100m,W,SF,,,,0,8,0,no WA races loaded for this year/event,,https://github.com/ofiore/Thesis/blob/3cf1db7adebb493f3a5c2e957a1b09cf0986a7cd/Data/rxntime.csv
2601,WCH,2011,100m,W,SF,,,,0,8,0,no WA races loaded for this year/event,,https://github.com/ofiore/Thesis/blob/3cf1db7adebb493f3a5c2e957a1b09cf0986a7cd/Data/rxntime.csv
2602,WCH,2011,100m,W,SF,,,,0,8,0,no WA races loaded for this year/event,,https://github.com/ofiore/Thesis/blob/3cf1db7adebb493f3a5c2e957a1b09cf0986a7cd/Data/rxntime.csv
2603,WCH,2011,100m,W,SF,,,,0,8,0,no WA races loaded for this year/event,,https://github.com/ofiore/Thesis/blob/3cf1db7adebb493f3a5c2e957a1b09cf0986a7cd/Data/rxntime.csv
2604,WCH,2011,100m,W,SF,,,,0,8,0,no WA races loaded for this year/event,,https://github.com/ofiore/Thesis/blob/3cf1db7adebb493f3a5c2e957a1b09cf0986a7cd/Data/rxntime.csv
2605,WCH,2011,100m,W,SF,,,,0,8,0,no WA races loaded for this year/event,,https://github.com/ofiore/Thesis/blob/3cf1db7adebb493f3a5c2e957a1b09cf0986a7cd/Data/rxntime.csv
2606,WCH,2011,100m,W,SF,,,,0,8,0,no WA races loaded for this year/event,,https://github.com/ofiore/Thesis/blob/3cf1db7adebb493f3a5c2e957a1b09cf0986a7cd/Data/rxntime.csv
2607,WCH,2011,100m,W,SF,,,,0,8,0,no WA races loaded for this year/event,,https://github.com/ofiore/Thesis/blob/3cf1db7adebb493f3a5c2e957a1b09cf0986a7cd/Data/rxntime.csv
2608,WCH,2011,100m,W,SF,,,,0,8,0,no WA races loaded for this year/event,,https://github.com/ofiore/Thesis/blob/3cf1db7adebb493f3a5c2e957a1b09cf0986a7cd/Data/rxntime.csv
2609,WCH,2011,100m,W,SF,,,,0,8,0,no WA races loaded for this year/event,,https://github.com/ofiore/Thesis/blob/3cf1db7adebb493f3a5c2e957a1b09cf0986a7cd/Data/rxntime.csv
2610,WCH,2011,100m,W,SF,,,,0,8,0,no WA races loaded for this year/event,,https://github.com/ofiore/Thesis/blob/3cf1db7adebb493f3a5c2e957a1b09cf0986a7cd/Data/rxntime.csv
2611,WCH,2011,100m,W,SF,,,,0,8,0,no WA races loaded for this year/event,,https://github.com/ofiore/Thesis/blob/3cf1db7adebb493f3a5c2e957a1b09cf0986a7cd/Data/rxntime.csv
2612,WCH,2011,100m,W,SF,,,,0,8,0,no WA races loaded for this year/event,,https://github.com/ofiore/Thesis/blob/3cf1db7adebb493f3a5c2e957a1b09cf0986a7cd/Data/rxntime.csv
2613,WCH,2011,100m,W,SF,,,,0,8,0,no WA races loaded for this year/event,,https://github.com/ofiore/Thesis/blob/3cf1db7adebb493f3a5c2e957a1b09cf0986a7cd/Data/rxntime.csv
2614,WCH,2011,100m,W,SF,,,,0,8,0,no WA races loaded for this year/event,,https://github.com/ofiore/Thesis/blob/3cf1db7adebb493f3a5c2e957a1b09cf0986a7cd/Data/rxntime.csv
2615,WCH,2011,100m,W,SF,,,,0,8,0,no WA races loaded for this year/event,,https://github.com/ofiore/Thesis/blob/3cf1db7adebb493f3a5c2e957a1b09cf0986a7cd/Data/rxntime.csv
2616,WCH,2011,100m,W,SF,,,,0,8,0,no WA races loaded for this year/event,,https://github.com/ofiore/Thesis/blob/3cf1db7adebb493f3a5c2e957a1b09cf0986a7cd/Data/rxntime.csv
2617,WCH,2011,100m,W,SF,,,,0,8,0,no WA races loaded for this year/event,,https://github.com/ofiore/Thesis/blob/3cf1db7adebb493f3a5c2e957a1b09cf0986a7cd/Data/rxntime.csv
2618,WCH,2011,100m,W,SF,,,,0,8,0,no WA races loaded for this year/event,,https://github.com/ofiore/Thesis/blob/3cf1db7adebb493f3a5c2e957a1b09cf0986a7cd/Data/rxntime.csv
2619,WCH,2011,100m,W,SF,,,,0,8,0,no WA races loaded for this year/event,,https://github.com/ofiore/Thesis/blob/3cf1db7adebb493f3a5c2e957a1b09cf0986a7cd/Data/rxntime.csv
2620,WCH,2011,100m,W,SF,,,,0,8,0,no WA races loaded for this year/event,,https://github.com/ofiore/Thesis/blob/3cf1db7adebb493f3a5c2e957a1b09cf0986a7cd/Data/rxntime.csv
2621,WCH,2011,100m,W,SF,,,,0,8,0,no WA races loaded for this year/event,,https://github.com/ofiore/Thesis/blob/3cf1db7adebb493f3a5c2e957a1b09cf0986a7cd/Data/rxntime.csv
2622,WCH,2011,100m,W,F,,,,0,8,0,no WA races loaded for this year/event,,https://github.com/ofiore/Thesis/blob/3cf1db7adebb493f3a5c2e957a1b09cf0986a7cd/Data/rxntime.csv
2623,WCH,2011,100m,W,F,,,,0,8,0,no WA races loaded for this year/event,,https://github.com/ofiore/Thesis/blob/3cf1db7adebb493f3a5c2e957a1b09cf0986a7cd/Data/rxntime.csv
2624,WCH,2011,100m,W,F,,,,0,8,0,no WA races loaded for this year/event,,https://github.com/ofiore/Thesis/blob/3cf1db7adebb493f3a5c2e957a1b09cf0986a7cd/Data/rxntime.csv
2625,WCH,2011,100m,W,F,,,,0,8,0,no WA races loaded for this year/event,,https://github.com/ofiore/Thesis/blob/3cf1db7adebb493f3a5c2e957a1b09cf0986a7cd/Data/rxntime.csv
2626,WCH,2011,100m,W,F,,,,0,8,0,no WA races loaded for this year/event,,https://github.com/ofiore/Thesis/blob/3cf1db7adebb493f3a5c2e957a1b09cf0986a7cd/Data/rxntime.csv
2627,WCH,2011,100m,W,F,,,,0,8,0,no WA races loaded for this year/event,,https://github.com/ofiore/Thesis/blob/3cf1db7adebb493f3a5c2e957a1b09cf0986a7cd/Data/rxntime.csv
2628,WCH,2011,100m,W,F,,,,0,8,0,no WA races loaded for this year/event,,https://github.com/ofiore/Thesis/blob/3cf1db7adebb493f3a5c2e957a1b09cf0986a7cd/Data/rxntime.csv
2629,WCH,2011,100m,W,F,,,,0,8,0,no WA races loaded for this year/event,,https://github.com/ofiore/Thesis/blob/3cf1db7adebb493f3a5c2e957a1b09cf0986a7cd/Data/rxntime.csv
2630,WCH,2009,100m,W,SF,,,,0,8,0,no WA races loaded for this year/event,,https://github.com/ofiore/Thesis/blob/3cf1db7adebb493f3a5c2e957a1b09cf0986a7cd/Data/rxntime.csv
2631,WCH,2009,100m,W,SF,,,,0,8,0,no WA races loaded for this year/event,,https://github.com/ofiore/Thesis/blob/3cf1db7adebb493f3a5c2e957a1b09cf0986a7cd/Data/rxntime.csv
2632,WCH,2009,100m,W,SF,,,,0,8,0,no WA races loaded for this year/event,,https://github.com/ofiore/Thesis/blob/3cf1db7adebb493f3a5c2e957a1b09cf0986a7cd/Data/rxntime.csv
2633,WCH,2009,100m,W,SF,,,,0,8,0,no WA races loaded for this year/event,,https://github.com/ofiore/Thesis/blob/3cf1db7adebb493f3a5c2e957a1b09cf0986a7cd/Data/rxntime.csv
2634,WCH,2009,100m,W,SF,,,,0,8,0,no WA races loaded for this year/event,,https://github.com/ofiore/Thesis/blob/3cf1db7adebb493f3a5c2e957a1b09cf0986a7cd/Data/rxntime.csv
2635,WCH,2009,100m,W,SF,,,,0,8,0,no WA races loaded for this year/event,,https://github.com/ofiore/Thesis/blob/3cf1db7adebb493f3a5c2e957a1b09cf0986a7cd/Data/rxntime.csv
2636,WCH,2009,100m,W,SF,,,,0,8,0,no WA races loaded for this year/event,,https://github.com/ofiore/Thesis/blob/3cf1db7adebb493f3a5c2e957a1b09cf0986a7cd/Data/rxntime.csv
2637,WCH,2009,100m,W,SF,,,,0,8,0,no WA races loaded for this year/event,,https://github.com/ofiore/Thesis/blob/3cf1db7adebb493f3a5c2e957a1b09cf0986a7cd/Data/rxntime.csv
2638,WCH,2009,100m,W,SF,,,,0,8,0,no WA races loaded for this year/event,,https://github.com/ofiore/Thesis/blob/3cf1db7adebb493f3a5c2e957a1b09cf0986a7cd/Data/rxntime.csv
2639,WCH,2009,100m,W,SF,,,,0,8,0,no WA races loaded for this year/event,,https://github.com/ofiore/Thesis/blob/3cf1db7adebb493f3a5c2e957a1b09cf0986a7cd/Data/rxntime.csv
2640,WCH,2009,100m,W,SF,,,,0,8,0,no WA races loaded for this year/event,,https://github.com/ofiore/Thesis/blob/3cf1db7adebb493f3a5c2e957a1b09cf0986a7cd/Data/rxntime.csv
2641,WCH,2009,100m,W,SF,,,,0,8,0,no WA races loaded for this year/event,,https://github.com/ofiore/Thesis/blob/3cf1db7adebb493f3a5c2e957a1b09cf0986a7cd/Data/rxntime.csv
2642,WCH,2009,100m,W,SF,,,,0,8,0,no WA races loaded for this year/event,,https://github.com/ofiore/Thesis/blob/3cf1db7adebb493f3a5c2e957a1b09cf0986a7cd/Data/rxntime.csv
2643,WCH,2009,100m,W,SF,,,,0,8,0,no WA races loaded for this year/event,,https://github.com/ofiore/Thesis/blob/3cf1db7adebb493f3a5c2e957a1b09cf0986a7cd/Data/rxntime.csv
2644,WCH,2009,100m,W,SF,,,,0,8,0,no WA races loaded for this year/event,,https://github.com/ofiore/Thesis/blob/3cf1db7adebb493f3a5c2e957a1b09cf0986a7cd/Data/rxntime.csv
2645,WCH,2009,100m,W,SF,,,,0,8,0,no WA races loaded for this year/event,,https://github.com/ofiore/Thesis/blob/3cf1db7adebb493f3a5c2e957a1b09cf0986a7cd/Data/rxntime.csv
2646,WCH,2009,100m,W,F,,,,0,8,0,no WA races loaded for this year/event,,https://github.com/ofiore/Thesis/blob/3cf1db7adebb493f3a5c2e957a1b09cf0986a7cd/Data/rxntime.csv
2647,WCH,2009,100m,W,F,,,,0,8,0,no WA races loaded for this year/event,,https://github.com/ofiore/Thesis/blob/3cf1db7adebb493f3a5c2e957a1b09cf0986a7cd/Data/rxntime.csv
2648,WCH,2009,100m,W,F,,,,0,8,0,no WA races loaded for this year/event,,https://github.com/ofiore/Thesis/blob/3cf1db7adebb493f3a5c2e957a1b09cf0986a7cd/Data/rxntime.csv
2649,WCH,2009,100m,W,F,,,,0,8,0,no WA races loaded for this year/event,,https://github.com/ofiore/Thesis/blob/3cf1db7adebb493f3a5c2e957a1b09cf0986a7cd/Data/rxntime.csv
2650,WCH,2009,100m,W,F,,,,0,8,0,no WA races loaded for this year/event,,https://github.com/ofiore/Thesis/blob/3cf1db7adebb493f3a5c2e957a1b09cf0986a7cd/Data/rxntime.csv
2651,WCH,2009,100m,W,F,,,,0,8,0,no WA races loaded for this year/event,,https://github.com/ofiore/Thesis/blob/3cf1db7adebb493f3a5c2e957a1b09cf0986a7cd/Data/rxntime.csv
2652,WCH,2009,100m,W,F,,,,0,8,0,no WA races loaded for this year/event,,https://github.com/ofiore/Thesis/blob/3cf1db7adebb493f3a5c2e957a1b09cf0986a7cd/Data/rxntime.csv
2653,WCH,2009,100m,W,F,,,,0,8,0,no WA races loaded for this year/event,,https://github.com/ofiore/Thesis/blob/3cf1db7adebb493f3a5c2e957a1b09cf0986a7cd/Data/rxntime.csv
2654,WCH,2007,100m,W,SF,,,,0,8,0,no WA races loaded for this year/event,,https://github.com/ofiore/Thesis/blob/3cf1db7adebb493f3a5c2e957a1b09cf0986a7cd/Data/rxntime.csv
2655,WCH,2007,100m,W,SF,,,,0,8,0,no WA races loaded for this year/event,,https://github.com/ofiore/Thesis/blob/3cf1db7adebb493f3a5c2e957a1b09cf0986a7cd/Data/rxntime.csv
2656,WCH,2007,100m,W,SF,,,,0,8,0,no WA races loaded for this year/event,,https://github.com/ofiore/Thesis/blob/3cf1db7adebb493f3a5c2e957a1b09cf0986a7cd/Data/rxntime.csv
2657,WCH,2007,100m,W,SF,,,,0,8,0,no WA races loaded for this year/event,,https://github.com/ofiore/Thesis/blob/3cf1db7adebb493f3a5c2e957a1b09cf0986a7cd/Data/rxntime.csv
2658,WCH,2007,100m,W,SF,,,,0,8,0,no WA races loaded for this year/event,,https://github.com/ofiore/Thesis/blob/3cf1db7adebb493f3a5c2e957a1b09cf0986a7cd/Data/rxntime.csv
2659,WCH,2007,100m,W,SF,,,,0,8,0,no WA races loaded for this year/event,,https://github.com/ofiore/Thesis/blob/3cf1db7adebb493f3a5c2e957a1b09cf0986a7cd/Data/rxntime.csv
2660,WCH,2007,100m,W,SF,,,,0,8,0,no WA races loaded for this year/event,,https://github.com/ofiore/Thesis/blob/3cf1db7adebb493f3a5c2e957a1b09cf0986a7cd/Data/rxntime.csv
2661,WCH,2007,100m,W,SF,,,,0,8,0,no WA races loaded for this year/event,,https://github.com/ofiore/Thesis/blob/3cf1db7adebb493f3a5c2e957a1b09cf0986a7cd/Data/rxntime.csv
2662,WCH,2007,100m,W,SF,,,,0,8,0,no WA races loaded for this year/event,,https://github.com/ofiore/Thesis/blob/3cf1db7adebb493f3a5c2e957a1b09cf0986a7cd/Data/rxntime.csv
2663,WCH,2007,100m,W,SF,,,,0,8,0,no WA races loaded for this year/event,,https://github.com/ofiore/Thesis/blob/3cf1db7adebb493f3a5c2e957a1b09cf0986a7cd/Data/rxntime.csv
2664,WCH,2007,100m,W,SF,,,,0,8,0,no WA races loaded for this year/event,,https://github.com/ofiore/Thesis/blob/3cf1db7adebb493f3a5c2e957a1b09cf0986a7cd/Data/rxntime.csv
2665,WCH,2007,100m,W,SF,,,,0,8,0,no WA races loaded for this year/event,,https://github.com/ofiore/Thesis/blob/3cf1db7adebb493f3a5c2e957a1b09cf0986a7cd/Data/rxntime.csv
2666,WCH,2007,100m,W,SF,,,,0,8,0,no WA races loaded for this year/event,,https://github.com/ofiore/Thesis/blob/3cf1db7adebb493f3a5c2e957a1b09cf0986a7cd/Data/rxntime.csv
2667,WCH,2007,100m,W,SF,,,,0,8,0,no WA races loaded for this year/event,,https://github.com/ofiore/Thesis/blob/3cf1db7adebb493f3a5c2e957a1b09cf0986a7cd/Data/rxntime.csv
2668,WCH,2007,100m,W,SF,,,,0,8,0,no WA races loaded for this year/event,,https://github.com/ofiore/Thesis/blob/3cf1db7adebb493f3a5c2e957a1b09cf0986a7cd/Data/rxntime.csv
2669,WCH,2007,100m,W,SF,,,,0,8,0,no WA races loaded for this year/event,,https://github.com/ofiore/Thesis/blob/3cf1db7adebb493f3a5c2e957a1b09cf0986a7cd/Data/rxntime.csv
2670,WCH,2007,100m,W,F,,,,0,8,0,no WA races loaded for this year/event,,https://github.com/ofiore/Thesis/blob/3cf1db7adebb493f3a5c2e957a1b09cf0986a7cd/Data/rxntime.csv
2671,WCH,2007,100m,W,F,,,,0,8,0,no WA races loaded for this year/event,,https://github.com/ofiore/Thesis/blob/3cf1db7adebb493f3a5c2e957a1b09cf0986a7cd/Data/rxntime.csv
2672,WCH,2007,100m,W,F,,,,0,8,0,no WA races loaded for this year/event,,https://github.com/ofiore/Thesis/blob/3cf1db7adebb493f3a5c2e957a1b09cf0986a7cd/Data/rxntime.csv
2673,WCH,2007,100m,W,F,,,,0,8,0,no WA races loaded for this year/event,,https://github.com/ofiore/Thesis/blob/3cf1db7adebb493f3a5c2e957a1b09cf0986a7cd/Data/rxntime.csv
2674,WCH,2007,100m,W,F,,,,0,8,0,no WA races loaded for this year/event,,https://github.com/ofiore/Thesis/blob/3cf1db7adebb493f3a5c2e957a1b09cf0986a7cd/Data/rxntime.csv
2675,WCH,2007,100m,W,F,,,,0,8,0,no WA races loaded for this year/event,,https://github.com/ofiore/Thesis/blob/3cf1db7adebb493f3a5c2e957a1b09cf0986a7cd/Data/rxntime.csv
2676,WCH,2007,100m,W,F,,,,0,8,0,no WA races loaded for this year/event,,https://github.com/ofiore/Thesis/blob/3cf1db7adebb493f3a5c2e957a1b09cf0986a7cd/Data/rxntime.csv
2677,WCH,2007,100m,W,F,,,,0,8,0,no WA races loaded for this year/event,,https://github.com/ofiore/Thesis/blob/3cf1db7adebb493f3a5c2e957a1b09cf0986a7cd/Data/rxntime.csv
2678,WCH,2005,100m,W,SF,,,,0,8,0,no WA races loaded for this year/event,,https://github.com/ofiore/Thesis/blob/3cf1db7adebb493f3a5c2e957a1b09cf0986a7cd/Data/rxntime.csv
2679,WCH,2005,100m,W,SF,,,,0,8,0,no WA races loaded for this year/event,,https://github.com/ofiore/Thesis/blob/3cf1db7adebb493f3a5c2e957a1b09cf0986a7cd/Data/rxntime.csv
2680,WCH,2005,100m,W,SF,,,,0,8,0,no WA races loaded for this year/event,,https://github.com/ofiore/Thesis/blob/3cf1db7adebb493f3a5c2e957a1b09cf0986a7cd/Data/rxntime.csv
2681,WCH,2005,100m,W,SF,,,,0,8,0,no WA races loaded for this year/event,,https://github.com/ofiore/Thesis/blob/3cf1db7adebb493f3a5c2e957a1b09cf0986a7cd/Data/rxntime.csv
2682,WCH,2005,100m,W,SF,,,,0,8,0,no WA races loaded for this year/event,,https://github.com/ofiore/Thesis/blob/3cf1db7adebb493f3a5c2e957a1b09cf0986a7cd/Data/rxntime.csv
2683,WCH,2005,100m,W,SF,,,,0,8,0,no WA races loaded for this year/event,,https://github.com/ofiore/Thesis/blob/3cf1db7adebb493f3a5c2e957a1b09cf0986a7cd/Data/rxntime.csv
2684,WCH,2005,100m,W,SF,,,,0,8,0,no WA races loaded for this year/event,,https://github.com/ofiore/Thesis/blob/3cf1db7adebb493f3a5c2e957a1b09cf0986a7cd/Data/rxntime.csv
2685,WCH,2005,100m,W,SF,,,,0,8,0,no WA races loaded for this year/event,,https://github.com/ofiore/Thesis/blob/3cf1db7adebb493f3a5c2e957a1b09cf0986a7cd/Data/rxntime.csv
2686,WCH,2005,100m,W,SF,,,,0,8,0,no WA races loaded for this year/event,,https://github.com/ofiore/Thesis/blob/3cf1db7adebb493f3a5c2e957a1b09cf0986a7cd/Data/rxntime.csv
2687,WCH,2005,100m,W,SF,,,,0,8,0,no WA races loaded for this year/event,,https://github.com/ofiore/Thesis/blob/3cf1db7adebb493f3a5c2e957a1b09cf0986a7cd/Data/rxntime.csv
2688,WCH,2005,100m,W,SF,,,,0,8,0,no WA races loaded for this year/event,,https://github.com/ofiore/Thesis/blob/3cf1db7adebb493f3a5c2e957a1b09cf0986a7cd/Data/rxntime.csv
2689,WCH,2005,100m,W,SF,,,,0,8,0,no WA races loaded for this year/event,,https://github.com/ofiore/Thesis/blob/3cf1db7adebb493f3a5c2e957a1b09cf0986a7cd/Data/rxntime.csv
2690,WCH,2005,100m,W,SF,,,,0,8,0,no WA races loaded for this year/event,,https://github.com/ofiore/Thesis/blob/3cf1db7adebb493f3a5c2e957a1b09cf0986a7cd/Data/rxntime.csv
2691,WCH,2005,100m,W,SF,,,,0,8,0,no WA races loaded for this year/event,,https://github.com/ofiore/Thesis/blob/3cf1db7adebb493f3a5c2e957a1b09cf0986a7cd/Data/rxntime.csv
2692,WCH,2005,100m,W,SF,,,,0,8,0,no WA races loaded for this year/event,,https://github.com/ofiore/Thesis/blob/3cf1db7adebb493f3a5c2e957a1b09cf0986a7cd/Data/rxntime.csv
2693,WCH,2005,100m,W,SF,,,,0,8,0,no WA races loaded for this year/event,,https://github.com/ofiore/Thesis/blob/3cf1db7adebb493f3a5c2e957a1b09cf0986a7cd/Data/rxntime.csv
2694,WCH,2005,100m,W,F,,,,0,8,0,no WA races loaded for this year/event,,https://github.com/ofiore/Thesis/blob/3cf1db7adebb493f3a5c2e957a1b09cf0986a7cd/Data/rxntime.csv
2695,WCH,2005,100m,W,F,,,,0,8,0,no WA races loaded for this year/event,,https://github.com/ofiore/Thesis/blob/3cf1db7adebb493f3a5c2e957a1b09cf0986a7cd/Data/rxntime.csv
2696,WCH,2005,100m,W,F,,,,0,8,0,no WA races loaded for this year/event,,https://github.com/ofiore/Thesis/blob/3cf1db7adebb493f3a5c2e957a1b09cf0986a7cd/Data/rxntime.csv
2697,WCH,2005,100m,W,F,,,,0,8,0,no WA races loaded for this year/event,,https://github.com/ofiore/Thesis/blob/3cf1db7adebb493f3a5c2e957a1b09cf0986a7cd/Data/rxntime.csv
2698,WCH,2005,100m,W,F,,,,0,8,0,no WA races loaded for this year/event,,https://github.com/ofiore/Thesis/blob/3cf1db7adebb493f3a5c2e957a1b09cf0986a7cd/Data/rxntime.csv
2699,WCH,2005,100m,W,F,,,,0,8,0,no WA races loaded for this year/event,,https://github.com/ofiore/Thesis/blob/3cf1db7adebb493f3a5c2e957a1b09cf0986a7cd/Data/rxntime.csv
2700,WCH,2005,100m,W,F,,,,0,8,0,no WA races loaded for this year/event,,https://github.com/ofiore/Thesis/blob/3cf1db7adebb493f3a5c2e957a1b09cf0986a7cd/Data/rxntime.csv
2701,WCH,2005,100m,W,F,,,,0,8,0,no WA races loaded for this year/event,,https://github.com/ofiore/Thesis/blob/3cf1db7adebb493f3a5c2e957a1b09cf0986a7cd/Data/rxntime.csv
2702,WCH,2003,100m,W,SF,,,,0,8,0,no WA races loaded for this year/event,,https://github.com/ofiore/Thesis/blob/3cf1db7adebb493f3a5c2e957a1b09cf0986a7cd/Data/rxntime.csv
2703,WCH,2003,100m,W,SF,,,,0,8,0,no WA races loaded for this year/event,,https://github.com/ofiore/Thesis/blob/3cf1db7adebb493f3a5c2e957a1b09cf0986a7cd/Data/rxntime.csv
2704,WCH,2003,100m,W,SF,,,,0,8,0,no WA races loaded for this year/event,,https://github.com/ofiore/Thesis/blob/3cf1db7adebb493f3a5c2e957a1b09cf0986a7cd/Data/rxntime.csv
2705,WCH,2003,100m,W,SF,,,,0,8,0,no WA races loaded for this year/event,,https://github.com/ofiore/Thesis/blob/3cf1db7adebb493f3a5c2e957a1b09cf0986a7cd/Data/rxntime.csv
2706,WCH,2003,100m,W,SF,,,,0,8,0,no WA races loaded for this year/event,,https://github.com/ofiore/Thesis/blob/3cf1db7adebb493f3a5c2e957a1b09cf0986a7cd/Data/rxntime.csv
2707,WCH,2003,100m,W,SF,,,,0,8,0,no WA races loaded for this year/event,,https://github.com/ofiore/Thesis/blob/3cf1db7adebb493f3a5c2e957a1b09cf0986a7cd/Data/rxntime.csv
2708,WCH,2003,100m,W,SF,,,,0,8,0,no WA races loaded for this year/event,,https://github.com/ofiore/Thesis/blob/3cf1db7adebb493f3a5c2e957a1b09cf0986a7cd/Data/rxntime.csv
2709,WCH,2003,100m,W,SF,,,,0,8,0,no WA races loaded for this year/event,,https://github.com/ofiore/Thesis/blob/3cf1db7adebb493f3a5c2e957a1b09cf0986a7cd/Data/rxntime.csv
2710,WCH,2003,100m,W,SF,,,,0,8,0,no WA races loaded for this year/event,,https://github.com/ofiore/Thesis/blob/3cf1db7adebb493f3a5c2e957a1b09cf0986a7cd/Data/rxntime.csv
2711,WCH,2003,100m,W,SF,,,,0,8,0,no WA races loaded for this year/event,,https://github.com/ofiore/Thesis/blob/3cf1db7adebb493f3a5c2e957a1b09cf0986a7cd/Data/rxntime.csv
2712,WCH,2003,100m,W,SF,,,,0,8,0,no WA races loaded for this year/event,,https://github.com/ofiore/Thesis/blob/3cf1db7adebb493f3a5c2e957a1b09cf0986a7cd/Data/rxntime.csv
2713,WCH,2003,100m,W,SF,,,,0,8,0,no WA races loaded for this year/event,,https://github.com/ofiore/Thesis/blob/3cf1db7adebb493f3a5c2e957a1b09cf0986a7cd/Data/rxntime.csv
2714,WCH,2003,100m,W,SF,,,,0,8,0,no WA races loaded for this year/event,,https://github.com/ofiore/Thesis/blob/3cf1db7adebb493f3a5c2e957a1b09cf0986a7cd/Data/rxntime.csv
2715,WCH,2003,100m,W,SF,,,,0,8,0,no WA races loaded for this year/event,,https://github.com/ofiore/Thesis/blob/3cf1db7adebb493f3a5c2e957a1b09cf0986a7cd/Data/rxntime.csv
2716,WCH,2003,100m,W,SF,,,,0,8,0,no WA races loaded for this year/event,,https://github.com/ofiore/Thesis/blob/3cf1db7adebb493f3a5c2e957a1b09cf0986a7cd/Data/rxntime.csv
2717,WCH,2003,100m,W,SF,,,,0,8,0,no WA races loaded for this year/event,,https://github.com/ofiore/Thesis/blob/3cf1db7adebb493f3a5c2e957a1b09cf0986a7cd/Data/rxntime.csv
2718,WCH,2003,100m,W,F,,,,0,8,0,no WA races loaded for this year/event,,https://github.com/ofiore/Thesis/blob/3cf1db7adebb493f3a5c2e957a1b09cf0986a7cd/Data/rxntime.csv
2719,WCH,2003,100m,W,F,,,,0,8,0,no WA races loaded for this year/event,,https://github.com/ofiore/Thesis/blob/3cf1db7adebb493f3a5c2e957a1b09cf0986a7cd/Data/rxntime.csv
2720,WCH,2003,100m,W,F,,,,0,8,0,no WA races loaded for this year/event,,https://github.com/ofiore/Thesis/blob/3cf1db7adebb493f3a5c2e957a1b09cf0986a7cd/Data/rxntime.csv
2721,WCH,2003,100m,W,F,,,,0,8,0,no WA races loaded for this year/event,,https://github.com/ofiore/Thesis/blob/3cf1db7adebb493f3a5c2e957a1b09cf0986a7cd/Data/rxntime.csv
2722,WCH,2003,100m,W,F,,,,0,8,0,no WA races loaded for this year/event,,https://github.com/ofiore/Thesis/blob/3cf1db7adebb493f3a5c2e957a1b09cf0986a7cd/Data/rxntime.csv
2723,WCH,2003,100m,W,F,,,,0,8,0,no WA races loaded for this year/event,,https://github.com/ofiore/Thesis/blob/3cf1db7adebb493f3a5c2e957a1b09cf0986a7cd/Data/rxntime.csv
2724,WCH,2003,100m,W,F,,,,0,8,0,no WA races loaded for this year/event,,https://github.com/ofiore/Thesis/blob/3cf1db7adebb493f3a5c2e957a1b09cf0986a7cd/Data/rxntime.csv
2725,WCH,2003,100m,W,F,,,,0,8,0,no WA races loaded for this year/event,,https://github.com/ofiore/Thesis/blob/3cf1db7adebb493f3a5c2e957a1b09cf0986a7cd/Data/rxntime.csv
2726,WCH,2001,100m,W,SF,,,,0,8,0,no WA races loaded for this year/event,,https://github.com/ofiore/Thesis/blob/3cf1db7adebb493f3a5c2e957a1b09cf0986a7cd/Data/rxntime.csv
2727,WCH,2001,100m,W,SF,,,,0,8,0,no WA races loaded for this year/event,,https://github.com/ofiore/Thesis/blob/3cf1db7adebb493f3a5c2e957a1b09cf0986a7cd/Data/rxntime.csv
2728,WCH,2001,100m,W,SF,,,,0,8,0,no WA races loaded for this year/event,,https://github.com/ofiore/Thesis/blob/3cf1db7adebb493f3a5c2e957a1b09cf0986a7cd/Data/rxntime.csv
2729,WCH,2001,100m,W,SF,,,,0,8,0,no WA races loaded for this year/event,,https://github.com/ofiore/Thesis/blob/3cf1db7adebb493f3a5c2e957a1b09cf0986a7cd/Data/rxntime.csv
2730,WCH,2001,100m,W,SF,,,,0,8,0,no WA races loaded for this year/event,,https://github.com/ofiore/Thesis/blob/3cf1db7adebb493f3a5c2e957a1b09cf0986a7cd/Data/rxntime.csv
2731,WCH,2001,100m,W,SF,,,,0,8,0,no WA races loaded for this year/event,,https://github.com/ofiore/Thesis/blob/3cf1db7adebb493f3a5c2e957a1b09cf0986a7cd/Data/rxntime.csv
2732,WCH,2001,100m,W,SF,,,,0,8,0,no WA races loaded for this year/event,,https://github.com/ofiore/Thesis/blob/3cf1db7adebb493f3a5c2e957a1b09cf0986a7cd/Data/rxntime.csv
2733,WCH,2001,100m,W,SF,,,,0,8,0,no WA races loaded for this year/event,,https://github.com/ofiore/Thesis/blob/3cf1db7adebb493f3a5c2e957a1b09cf0986a7cd/Data/rxntime.csv
2734,WCH,2001,100m,W,SF,,,,0,8,0,no WA races loaded for this year/event,,https://github.com/ofiore/Thesis/blob/3cf1db7adebb493f3a5c2e957a1b09cf0986a7cd/Data/rxntime.csv
2735,WCH,2001,100m,W,SF,,,,0,8,0,no WA races loaded for this year/event,,https://github.com/ofiore/Thesis/blob/3cf1db7adebb493f3a5c2e957a1b09cf0986a7cd/Data/rxntime.csv
2736,WCH,2001,100m,W,SF,,,,0,8,0,no WA races loaded for this year/event,,https://github.com/ofiore/Thesis/blob/3cf1db7adebb493f3a5c2e957a1b09cf0986a7cd/Data/rxntime.csv
2737,WCH,2001,100m,W,SF,,,,0,8,0,no WA races loaded for this year/event,,https://github.com/ofiore/Thesis/blob/3cf1db7adebb493f3a5c2e957a1b09cf0986a7cd/Data/rxntime.csv
2738,WCH,2001,100m,W,SF,,,,0,8,0,no WA races loaded for this year/event,,https://github.com/ofiore/Thesis/blob/3cf1db7adebb493f3a5c2e957a1b09cf0986a7cd/Data/rxntime.csv
2739,WCH,2001,100m,W,SF,,,,0,8,0,no WA races loaded for this year/event,,https://github.com/ofiore/Thesis/blob/3cf1db7adebb493f3a5c2e957a1b09cf0986a7cd/Data/rxntime.csv
2740,WCH,2001,100m,W,SF,,,,0,8,0,no WA races loaded for this year/event,,https://github.com/ofiore/Thesis/blob/3cf1db7adebb493f3a5c2e957a1b09cf0986a7cd/Data/rxntime.csv
2741,WCH,2001,100m,W,SF,,,,0,8,0,no WA races loaded for this year/event,,https://github.com/ofiore/Thesis/blob/3cf1db7adebb493f3a5c2e957a1b09cf0986a7cd/Data/rxntime.csv
2742,WCH,2001,100m,W,F,,,,0,8,0,no WA races loaded for this year/event,,https://github.com/ofiore/Thesis/blob/3cf1db7adebb493f3a5c2e957a1b09cf0986a7cd/Data/rxntime.csv
2743,WCH,2001,100m,W,F,,,,0,8,0,no WA races loaded for this year/event,,https://github.com/ofiore/Thesis/blob/3cf1db7adebb493f3a5c2e957a1b09cf0986a7cd/Data/rxntime.csv
2744,WCH,2001,100m,W,F,,,,0,8,0,no WA races loaded for this year/event,,https://github.com/ofiore/Thesis/blob/3cf1db7adebb493f3a5c2e957a1b09cf0986a7cd/Data/rxntime.csv
2745,WCH,2001,100m,W,F,,,,0,8,0,no WA races loaded for this year/event,,https://github.com/ofiore/Thesis/blob/3cf1db7adebb493f3a5c2e957a1b09cf0986a7cd/Data/rxntime.csv
2746,WCH,2001,100m,W,F,,,,0,8,0,no WA races loaded for this year/event,,https://github.com/ofiore/Thesis/blob/3cf1db7adebb493f3a5c2e957a1b09cf0986a7cd/Data/rxntime.csv
2747,WCH,2001,100m,W,F,,,,0,8,0,no WA races loaded for this year/event,,https://github.com/ofiore/Thesis/blob/3cf1db7adebb493f3a5c2e957a1b09cf0986a7cd/Data/rxntime.csv
2748,WCH,2001,100m,W,F,,,,0,8,0,no WA races loaded for this year/event,,https://github.com/ofiore/Thesis/blob/3cf1db7adebb493f3a5c2e957a1b09cf0986a7cd/Data/rxntime.csv
2749,WCH,2001,100m,W,F,,,,0,8,0,no WA races loaded for this year/event,,https://github.com/ofiore/Thesis/blob/3cf1db7adebb493f3a5c2e957a1b09cf0986a7cd/Data/rxntime.csv
2750,WCH,1999,100m,W,SF,,,,0,8,0,no WA races loaded for this year/event,,https://github.com/ofiore/Thesis/blob/3cf1db7adebb493f3a5c2e957a1b09cf0986a7cd/Data/rxntime.csv
2751,WCH,1999,100m,W,SF,,,,0,8,0,no WA races loaded for this year/event,,https://github.com/ofiore/Thesis/blob/3cf1db7adebb493f3a5c2e957a1b09cf0986a7cd/Data/rxntime.csv
2752,WCH,1999,100m,W,SF,,,,0,8,0,no WA races loaded for this year/event,,https://github.com/ofiore/Thesis/blob/3cf1db7adebb493f3a5c2e957a1b09cf0986a7cd/Data/rxntime.csv
2753,WCH,1999,100m,W,SF,,,,0,8,0,no WA races loaded for this year/event,,https://github.com/ofiore/Thesis/blob/3cf1db7adebb493f3a5c2e957a1b09cf0986a7cd/Data/rxntime.csv
2754,WCH,1999,100m,W,SF,,,,0,8,0,no WA races loaded for this year/event,,https://github.com/ofiore/Thesis/blob/3cf1db7adebb493f3a5c2e957a1b09cf0986a7cd/Data/rxntime.csv
2755,WCH,1999,100m,W,SF,,,,0,8,0,no WA races loaded for this year/event,,https://github.com/ofiore/Thesis/blob/3cf1db7adebb493f3a5c2e957a1b09cf0986a7cd/Data/rxntime.csv
2756,WCH,1999,100m,W,SF,,,,0,8,0,no WA races loaded for this year/event,,https://github.com/ofiore/Thesis/blob/3cf1db7adebb493f3a5c2e957a1b09cf0986a7cd/Data/rxntime.csv
2757,WCH,1999,100m,W,SF,,,,0,8,0,no WA races loaded for this year/event,,https://github.com/ofiore/Thesis/blob/3cf1db7adebb493f3a5c2e957a1b09cf0986a7cd/Data/rxntime.csv
2758,WCH,1999,100m,W,SF,,,,0,8,0,no WA races loaded for this year/event,,https://github.com/ofiore/Thesis/blob/3cf1db7adebb493f3a5c2e957a1b09cf0986a7cd/Data/rxntime.csv
2759,WCH,1999,100m,W,SF,,,,0,8,0,no WA races loaded for this year/event,,https://github.com/ofiore/Thesis/blob/3cf1db7adebb493f3a5c2e957a1b09cf0986a7cd/Data/rxntime.csv
2760,WCH,1999,100m,W,SF,,,,0,8,0,no WA races loaded for this year/event,,https://github.com/ofiore/Thesis/blob/3cf1db7adebb493f3a5c2e957a1b09cf0986a7cd/Data/rxntime.csv
2761,WCH,1999,100m,W,SF,,,,0,8,0,no WA races loaded for this year/event,,https://github.com/ofiore/Thesis/blob/3cf1db7adebb493f3a5c2e957a1b09cf0986a7cd/Data/rxntime.csv
2762,WCH,1999,100m,W,SF,,,,0,8,0,no WA races loaded for this year/event,,https://github.com/ofiore/Thesis/blob/3cf1db7adebb493f3a5c2e957a1b09cf0986a7cd/Data/rxntime.csv
2763,WCH,1999,100m,W,SF,,,,0,8,0,no WA races loaded for this year/event,,https://github.com/ofiore/Thesis/blob/3cf1db7adebb493f3a5c2e957a1b09cf0986a7cd/Data/rxntime.csv
2764,WCH,1999,100m,W,SF,,,,0,8,0,no WA races loaded for this year/event,,https://github.com/ofiore/Thesis/blob/3cf1db7adebb493f3a5c2e957a1b09cf0986a7cd/Data/rxntime.csv
2765,WCH,1999,100m,W,SF,,,,0,8,0,no WA races loaded for this year/event,,https://github.com/ofiore/Thesis/blob/3cf1db7adebb493f3a5c2e957a1b09cf0986a7cd/Data/rxntime.csv
2766,WCH,1999,100m,W,F,,,,0,8,0,no WA races loaded for this year/event,,https://github.com/ofiore/Thesis/blob/3cf1db7adebb493f3a5c2e957a1b09cf0986a7cd/Data/rxntime.csv
2767,WCH,1999,100m,W,F,,,,0,8,0,no WA races loaded for this year/event,,https://github.com/ofiore/Thesis/blob/3cf1db7adebb493f3a5c2e957a1b09cf0986a7cd/Data/rxntime.csv
2768,WCH,1999,100m,W,F,,,,0,8,0,no WA races loaded for this year/event,,https://github.com/ofiore/Thesis/blob/3cf1db7adebb493f3a5c2e957a1b09cf0986a7cd/Data/rxntime.csv
2769,WCH,1999,100m,W,F,,,,0,8,0,no WA races loaded for this year/event,,https://github.com/ofiore/Thesis/blob/3cf1db7adebb493f3a5c2e957a1b09cf0986a7cd/Data/rxntime.csv
2770,WCH,1999,100m,W,F,,,,0,8,0,no WA races loaded for this year/event,,https://github.com/ofiore/Thesis/blob/3cf1db7adebb493f3a5c2e957a1b09cf0986a7cd/Data/rxntime.csv
2771,WCH,1999,100m,W,F,,,,0,8,0,no WA races loaded for this year/event,,https://github.com/ofiore/Thesis/blob/3cf1db7adebb493f3a5c2e957a1b09cf0986a7cd/Data/rxntime.csv
2772,WCH,1999,100m,W,F,,,,0,8,0,no WA races loaded for this year/event,,https://github.com/ofiore/Thesis/blob/3cf1db7adebb493f3a5c2e957a1b09cf0986a7cd/Data/rxntime.csv
2773,WCH,1999,100m,W,F,,,,0,8,0,no WA races loaded for this year/event,,https://github.com/ofiore/Thesis/blob/3cf1db7adebb493f3a5c2e957a1b09cf0986a7cd/Data/rxntime.csv
2774,WCH,2023,100mH,W,SF,WCH2023-100mH-W-SF-H1,Kendra HARRISON,7,8,8,0,,,https://github.com/ofiore/Thesis/blob/3cf1db7adebb493f3a5c2e957a1b09cf0986a7cd/Data/rxntime.csv
2775,WCH,2023,100mH,W,SF,WCH2023-100mH-W-SF-H1,Devynne CHARLTON,6,8,8,0,,,https://github.com/ofiore/Thesis/blob/3cf1db7adebb493f3a5c2e957a1b09cf0986a7cd/Data/rxntime.csv
2776,WCH,2023,100mH,W,SF,WCH2023-100mH-W-SF-H1,Ditaji KAMBUNDJI,3,8,8,0,,,https://github.com/ofiore/Thesis/blob/3cf1db7adebb493f3a5c2e957a1b09cf0986a7cd/Data/rxntime.csv
2777,WCH,2023,100mH,W,SF,WCH2023-100mH-W-SF-H1,Megan TAPPER,5,8,8,0,,,https://github.com/ofiore/Thesis/blob/3cf1db7adebb493f3a5c2e957a1b09cf0986a7cd/Data/rxntime.csv
2778,WCH,2023,100mH,W,SF,WCH2023-100mH-W-SF-H1,Sarah LAVIN,4,8,8,0,,,https://github.com/ofiore/Thesis/blob/3cf1db7adebb493f3a5c2e957a1b09cf0986a7cd/Data/rxntime.csv
2779,WCH,2023,100mH,W,SF,WCH2023-100mH-W-SF-H1,Cindy SEMBER,8,8,8,0,,,https://github.com/ofiore/Thesis/blob/3cf1db7adebb493f3a5c2e957a1b09cf0986a7cd/Data/rxntime.csv
2780,WCH,2023,100mH,W,SF,WCH2023-100mH-W-SF-H1,Maayke TJIN-A-LIM,2,8,8,0,,,https://github.com/ofiore/Thesis/blob/3cf1db7adebb493f3a5c2e957a1b09cf0986a7cd/Data/rxntime.csv
2781,WCH,2023,100mH,W,SF,WCH2023-100mH-W-SF-H1,Natalia CHRISTOFI,9,8,8,0,,,https://github.com/ofiore/Thesis/blob/3cf1db7adebb493f3a5c2e957a1b09cf0986a7cd/Data/rxntime.csv
2782,WCH,2023,100mH,W,SF,WCH2023-100mH-W-SF-H2,Tobi AMUSAN,7,8,8,0,,,https://github.com/ofiore/Thesis/blob/3cf1db7adebb493f3a5c2e957a1b09cf0986a7cd/Data/rxntime.csv
2783,WCH,2023,100mH,W,SF,WCH2023-100mH-W-SF-H2,Ackera NUGENT,5,8,8,0,,,https://github.com/ofiore/Thesis/blob/3cf1db7adebb493f3a5c2e957a1b09cf0986a7cd/Data/rxntime.csv
2784,WCH,2023,100mH,W,SF,WCH2023-100mH-W-SF-H2,Nadine VISSER,6,8,8,0,,,https://github.com/ofiore/Thesis/blob/3cf1db7adebb493f3a5c2e957a1b09cf0986a7cd/Data/rxntime.csv
2785,WCH,2023,100mH,W,SF,WCH2023-100mH-W-SF-H2,Luca KOZÁK,3,8,8,0,,,https://github.com/ofiore/Thesis/blob/3cf1db7adebb493f3a5c2e957a1b09cf0986a7cd/Data/rxntime.csv
2786,WCH,2023,100mH,W,SF,WCH2023-100mH-W-SF-H2,Cyréna SAMBA-MAYELA,8,8,8,0,,,https://github.com/ofiore/Thesis/blob/3cf1db7adebb493f3a5c2e957a1b09cf0986a7cd/Data/rxntime.csv
2787,WCH,2023,100mH,W,SF,WCH2023-100mH-W-SF-H2,Celeste MUCCI,2,8,8,0,,,https://github.com/ofiore/Thesis/blob/3cf1db7adebb493f3a5c2e957a1b09cf0986a7cd/Data/rxntime.csv
2788,WCH,2023,100mH,W,SF,WCH2023-100mH-W-SF-H2,Reetta HURSKE,9,8,8,0,,,https://github.com/ofiore/Thesis/blob/3cf1db7adebb493f3a5c2e957a1b09cf0986a7cd/Data/rxntime.csv
2789,WCH,2023,100mH,W,SF,WCH2023-100mH-W-SF-H2,Masai RUSSELL,4,8,8,0,,,https://github.com/ofiore/Thesis/blob/3cf1db7adebb493f3a5c2e957a1b09cf0986a7cd/Data/rxntime.csv
2790,WCH,2023,100mH,W,SF,WCH2023-100mH-W-SF-H3,Jasmine CAMACHO-QUINN,5,8,8,0,,,https://github.com/ofiore/Thesis/blob/3cf1db7adebb493f3a5c2e957a1b09cf0986a7cd/Data/rxntime.csv
2791,WCH,2023,100mH,W,SF,WCH2023-100mH-W-SF-H3,Nia ALI,6,8,8,0,,,https://github.com/ofiore/Thesis/blob/3cf1db7adebb493f3a5c2e957a1b09cf0986a7cd/Data/rxntime.csv
2792,WCH,2023,100mH,W,SF,WCH2023-100mH-W-SF-H3,Danielle WILLIAMS,4,8,8,0,,,https://github.com/ofiore/Thesis/blob/3cf1db7adebb493f3a5c2e957a1b09cf0986a7cd/Data/rxntime.csv
2793,WCH,2023,100mH,W,SF,WCH2023-100mH-W-SF-H3,Pia SKRZYSZOWSKA,7,8,8,0,,,https://github.com/ofiore/Thesis/blob/3cf1db7adebb493f3a5c2e957a1b09cf0986a7cd/Data/rxntime.csv
2794,WCH,2023,100mH,W,SF,WCH2023-100mH-W-SF-H3,Michelle JENNEKE,3,8,8,0,,,https://github.com/ofiore/Thesis/blob/3cf1db7adebb493f3a5c2e957a1b09cf0986a7cd/Data/rxntime.csv
2795,WCH,2023,100mH,W,SF,WCH2023-100mH-W-SF-H3,Marione FOURIE,8,8,8,0,,,https://github.com/ofiore/Thesis/blob/3cf1db7adebb493f3a5c2e957a1b09cf0986a7cd/Data/rxntime.csv
2796,WCH,2023,100mH,W,SF,WCH2023-100mH-W-SF-H3,Mette GRAVERSGAARD,9,8,8,0,,,https://github.com/ofiore/Thesis/blob/3cf1db7adebb493f3a5c2e957a1b09cf0986a7cd/Data/rxntime.csv
2797,WCH,2023,100mH,W,SF,WCH2023-100mH-W-SF-H3,Michelle HARRISON,2,8,8,0,,,https://github.com/ofiore/Thesis/blob/3cf1db7adebb493f3a5c2e957a1b09cf0986a7cd/Data/rxntime.csv
2798,WCH,2023,100mH,W,F,WCH2023-100mH-W-F-H1,Danielle WILLIAMS,2,8,8,0,,,https://github.com/ofiore/Thesis/blob/3cf1db7adebb493f3a5c2e957a1b09cf0986a7cd/Data/rxntime.csv
2799,WCH,2023,100mH,W,F,WCH2023-100mH-W-F-H1,Jasmine CAMACHO-QUINN,7,8,8,0,,,https://github.com/ofiore/Thesis/blob/3cf1db7adebb493f3a5c2e957a1b09cf0986a7cd/Data/rxntime.csv
2800,WCH,2023,100mH,W,F,WCH2023-100mH-W-F-H1,Kendra HARRISON,4,8,8,0,,,https://github.com/ofiore/Thesis/blob/3cf1db7adebb493f3a5c2e957a1b09cf0986a7cd/Data/rxntime.csv
2801,WCH,2023,100mH,W,F,WCH2023-100mH-W-F-H1,Devynne CHARLTON,6,8,8,0,,,https://github.com/ofiore/Thesis/blob/3cf1db7adebb493f3a5c2e957a1b09cf0986a7cd/Data/rxntime.csv
2802,WCH,2023,100mH,W,F,WCH2023-100mH-W-F-H1,Ackera NUGENT,8,8,8,0,,,https://github.com/ofiore/Thesis/blob/3cf1db7adebb493f3a5c2e957a1b09cf0986a7cd/Data/rxntime.csv
2803,WCH,2023,100mH,W,F,WCH2023-100mH-W-F-H1,Tobi AMUSAN,5,8,8,0,,,https://github.com/ofiore/Thesis/blob/3cf1db7adebb493f3a5c2e957a1b09cf0986a7cd/Data/rxntime.csv
2804,WCH,2023,100mH,W,F,WCH2023-100mH-W-F-H1,Ditaji KAMBUNDJI,9,8,8,0,,,https://github.com/ofiore/Thesis/blob/3cf1db7adebb493f3a5c2e957a1b09cf0986a7cd/Data/rxntime.csv
2805,WCH,2023,100mH,W,F,WCH2023-100mH-W-F-H1,Nia ALI,3,8,8,0,,,https://github.com/ofiore/Thesis/blob/3cf1db7adebb493f3a5c2e957a1b09cf0986a7cd/Data/rxntime.csv
