race_id,lane,lane_label,wf_rt_s,wf_rt_px_s,json_rt_s,rt_match,wf_dashes,wf_quickest,wf_bib,json_bib,wf_name,wf_country,json_athlete,name_match,json_status,n_red_lines,red_x,onset_5pct_s,red_minus_onset_ms,trace_peak_px,min_score,ocr_text
WCH2022-100m-M-F-H1,1,1.0,0.147,0.1467,0.147,1.0,False,False,2068,2068,Abdul Hakim SANI BROWN,JPN,Abdul Hakim SANI BROWN,1.0,OK,1,1287.5,0.1508,-4.2,210.0,0.982,Lane1 | 0.147 sec | 2068 Abdul Hakim SANI BROWN (JPN)
WCH2022-100m-M-F-H1,2,2.0,0.155,0.155,0.155,1.0,False,False,1639,1639,Aaron BROWN,CAN,Aaron BROWN,1.0,OK,1,1292.5,0.1592,-4.2,230.0,0.949,Lane2 | 0.155 sec | 1639 Aaron BROWN (CAN)
WCH2022-100m-M-F-H1,3,3.0,0.118,0.1184,0.118,1.0,False,False,2360,2360,Marvin BRACY,USA,Marvin BRACY,1.0,OK,1,1270.5,0.1225,-4.2,208.0,0.972,Lane3 | 0.118 sec | 2360 Marvin BRACY (USA)
WCH2022-100m-M-F-H1,4,4.0,0.119,0.1184,0.119,1.0,False,False,2389,2389,Fred KERLEY,USA,Fred KERLEY,1.0,OK,1,1270.5,0.1242,-5.8,220.0,0.913,Lane 4 | 0.119 sec | 2389 Fred KERLEY (USA)
WCH2022-100m-M-F-H1,5,5.0,0.129,0.1284,0.129,1.0,False,False,2266,2266,Akani SIMBINE,RSA,Akani SIMBINE,1.0,OK,1,1276.5,0.1325,-4.2,168.0,0.943,Lane5 | 0.129 sec | 2266 Akani SIMBINE (RSA)
WCH2022-100m-M-F-H1,6,6.0,0.154,0.1533,0.154,1.0,False,False,2039,2039,Oblique SEVILLE,JAM,Oblique SEVILLE,1.0,OK,1,1291.5,0.1575,-4.2,216.0,0.954,Lane 6 | 0.154 sec | 2039 Oblique SEVILLE (JAM)
WCH2022-100m-M-F-H1,7,7.0,0.104,0.1034,0.104,1.0,False,True,2368,2368,Christian COLEMAN,USA,Christian COLEMAN,1.0,OK,1,1261.5,0.1092,-5.8,221.0,0.993,Lane7 | 0.104 sec (Quickest) | 2368 Christian COLEMAN (USA)
WCH2022-100m-M-F-H1,8,8.0,0.11,0.11,0.11,1.0,False,False,2363,2363,Trayvon BROMELL,USA,Trayvon BROMELL,1.0,OK,1,1265.5,0.1159,-5.8,207.0,0.948,Lane8 | 0.110 sec | 2363 Trayvon BROMELL (USA)
WCH2022-100m-M-F-H1,9,9.0,,,,,False,False,,,,,,,,0,,,,,0.989,Lane9
WCH2022-100m-M-PR-H1,1,1.0,,,,,False,False,,,,,,,,0,,,,,0.987,Lane1
WCH2022-100m-M-PR-H1,2,2.0,0.134,0.1333,0.134,1.0,False,False,2211,2211,Cesar ALMIRON,PAR,Cesar ALMIRON,1.0,OK,1,1279.5,0.1375,-4.2,206.0,0.96,Lane2 | 0.134 sec | 2211 Cesar ALMIRON (PAR)
WCH2022-100m-M-PR-H1,3,3.0,0.118,0.1184,0.118,1.0,False,True,1590,1590,Shaun GILL,BIZ,Shaun GILL,1.0,OK,1,1270.5,0.1225,-4.2,217.0,0.989,Lane3 | 0.118 sec (Quickest) | 1590 Shaun GILL (BIZ)
WCH2022-100m-M-PR-H1,4,4.0,0.153,0.1533,0.153,1.0,False,False,1852,1852,Scott James FITI,FSM,Scott James FITI,1.0,OK,1,1291.5,0.1575,-4.2,214.0,0.952,Lane4 | 0.153 sec | 1852 Scott James FITI (FSM)
WCH2022-100m-M-PR-H1,5,5.0,0.122,0.1217,0.122,1.0,False,False,2311,2311,IIdarAKHMADIEV,TJK,Ildar AKHMADIEV,0.0,OK,1,1272.5,0.1259,-4.2,149.0,0.952,Lane5 | 0.122 sec | 2311IIdarAKHMADIEV (TJK)
WCH2022-100m-M-PR-H1,6,6.0,0.139,0.1383,0.139,1.0,False,False,2140,2140,Hassan SAAID,MDV,Hassan SAAID,1.0,OK,1,1282.5,0.1408,-2.5,145.0,0.931,Lane 6 | 0.139 sec | 2140 Hassan SAAID (MDV)
WCH2022-100m-M-PR-H1,7,7.0,0.128,0.1284,0.128,1.0,False,False,2114,2114,Noureddine HADID,LBN,Noureddine HADID,1.0,OK,1,1276.5,0.1325,-4.2,213.0,0.985,Lane7 | 0.128 sec | 2114 Noureddine HADID (LBN)
WCH2022-100m-M-PR-H1,8,8.0,0.138,0.1383,0.138,1.0,False,False,1588,1588,Mipham Yoezer GURUNG,BHU,Mipham Yoezer GURUNG,1.0,OK,1,1282.5,0.1425,-4.2,150.0,0.907,Lane 8 | 0.138 sec | 1588 Mipham Yoezer GURUNG (BHU)
WCH2022-100m-M-PR-H1,9,9.0,,,,,False,False,,,,,,,,0,,,,,0.989,Lane9
WCH2022-100m-M-PR-H2,1,1.0,,,,,False,False,,,,,,,,0,,,,,0.987,Lane1
WCH2022-100m-M-PR-H2,2,2.0,0.128,0.1284,0.128,1.0,False,False,2330,2330,Karalo Hepoiteloto MAIBUCA,TUV,Karalo Hepoiteloto MAIBUCA,1.0,OK,1,1276.5,0.1358,-7.5,222.0,0.992,Lane2 | 0.128 sec | 2330 Karalo Hepoiteloto MAIBUCA (TUV)
WCH2022-100m-M-PR-H2,3,3.0,0.133,0.1333,0.133,1.0,False,False,1954,1954,Lalu Muhammad ZOHRI,INA,Lalu Muhammad ZOHRI,1.0,OK,1,1279.5,0.1392,-5.8,199.0,0.983,Lane3 | 0.133 sec | 1954 Lalu Muhammad ZOHRI (INA)
WCH2022-100m-M-PR-H2,4,4.0,0.13,0.13,0.13,1.0,False,False,2214,2214,Ignacio BLALUK,PLW,Ignacio BLALUK,1.0,OK,1,1277.5,0.1358,-5.8,112.0,0.913,Lane 4 | 0.130 sec | 2214 Ignacio BLALUK (PLW)
WCH2022-100m-M-PR-H2,5,5.0,0.142,0.1417,0.142,1.0,False,False,2309,2309,Nehumi TUIHALAMAKA,TGA,Nehumi TUIHALAMAKA,1.0,OK,1,1284.5,0.1458,-4.2,145.0,0.972,Lane5 | 0.142 sec | 2309 Nehumi TUIHALAMAKA (TGA)
WCH2022-100m-M-PR-H2,6,6.0,0.148,0.1483,0.148,1.0,False,False,1564,1564,Imranur RAHMAN,BAN,Imranur RAHMAN,1.0,OK,1,1288.5,0.1542,-5.8,209.0,0.931,Lane 6 | 0.148 sec | 1564 Imranur RAHMAN (BAN)
WCH2022-100m-M-PR-H2,7,7.0,,,,,False,False,2113,2113,Ahmed AMAAR,LBA,Ahmed AMAAR,1.0,DNS,0,,,,,0.996,Lane7 | 2113 Ahmed AMAAR (LBA)
WCH2022-100m-M-PR-H2,8,8.0,0.125,0.125,0.125,1.0,False,True,1854,1854,Ebrahima CAMARA,GAM,Ebrahima CAMARA,1.0,OK,1,1274.5,0.1292,-4.2,148.0,0.968,Lane8 | 0.125 sec (Quickest) | 1854 Ebrahima CAMARA (GAM)
WCH2022-100m-M-PR-H2,9,9.0,,,,,False,False,,,,,,,,0,,,,,0.989,Lane9
WCH2022-100m-M-PR-H3,1,1.0,,,,,False,False,,,,,,,,0,,,,,0.987,Lane1
WCH2022-100m-M-PR-H3,2,2.0,0.134,0.1333,0.134,1.0,False,False,2280,2280,Francesco SANSOVINI,SMR,Francesco SANSOVINI,1.0,OK,1,1279.5,0.1375,-4.2,180.0,0.964,Lane2 | 0.134 sec | 2280 Francesco SANSOVINI (SMR)
WCH2022-100m-M-PR-H3,3,3.0,,,,,False,False,1949,1949,Boubacar BARRY,GUI,Boubacar BARRY,1.0,DNS,0,,,,,0.965,Lane3 | 1949 Boubacar BARRY (GUI)
WCH2022-100m-M-PR-H3,4,4.0,0.152,0.1517,0.152,1.0,False,False,2106,2106,Lataisi MWEA,KIR,Lataisi MWEA,1.0,OK,1,1290.5,0.1575,-5.8,200.0,0.913,Lane 4 | 0.152 sec | 2106Lataisi MWEA (KIR)
WCH2022-100m-M-PR-H3,5,5.0,0.145,0.145,0.145,1.0,False,False,1524,1524,Nathan CRUMPTON,ASA,Nathan CRUMPTON,1.0,OK,1,1286.5,0.1492,-4.2,203.0,0.981,Lane5 | 0.145 sec | 1524 Nathan CRUMPTON (ASA)
WCH2022-100m-M-PR-H3,6,6.0,0.126,0.1267,0.126,1.0,False,True,1981,1981,Hussein Ali AL KHAFAJI,IRQ,Hussein Ali AL KHAFAJI,1.0,OK,1,1275.5,0.1308,-4.2,212.0,0.931,Lane 6 | 0.126 sec (Quickest) | 1981 Hussein Ali AL KHAFAJI (IRQ)
WCH2022-100m-M-PR-H3,7,7.0,0.167,0.1667,0.167,1.0,False,False,1938,1938,Craig GILL,GIB,Craig GILL,1.0,OK,1,1299.5,0.1725,-5.8,211.0,0.97,Lane7 | 0.167 sec | 1938 Craig GILL (GIB)
WCH2022-100m-M-PR-H3,8,8.0,0.139,0.1383,0.139,1.0,False,False,1687,1687,Lionel Tshimanga MUTEBA,COD,Lionel Tshimanga MUTEBA,1.0,OK,1,1282.5,0.1408,-2.5,153.0,0.968,Lane8 | 0.139 sec | 1687 Lionel Tshimanga MUTEBA (COD)
WCH2022-100m-M-PR-H3,9,9.0,,,,,False,False,,,,,,,,0,,,,,0.989,Lane9
WCH2022-100m-M-PR-H4,1,1.0,,,,,False,False,,,,,,,,0,,,,,0.987,Lane1
WCH2022-100m-M-PR-H4,2,2.0,0.127,0.1267,0.127,1.0,False,False,1951,1951,Emanuel ARCHIBALD,GUY,Emanuel ARCHIBALD,1.0,OK,1,1275.5,0.1308,-4.2,219.0,0.954,Lane2 | 0.127 sec | 1951 Emanuel ARCHIBALD (GUY)
WCH2022-100m-M-PR-H4,3,3.0,0.118,0.1184,0.118,1.0,False,True,1501,1501,Said GILANI,AFG,Said GILANI,1.0,OK,1,1270.5,0.1209,-2.5,190.0,0.978,Lane3 | 0.118 sec (Quickest) | 1501 Said GILANI (AFG)
WCH2022-100m-M-PR-H4,4,4.0,0.152,0.1517,0.152,1.0,False,False,1688,1688,Tikove PIIRA,COK,Tikove PIIRA,1.0,OK,1,1290.5,0.1558,-4.2,203.0,0.988,Lane4 | 0.152 sec | 1688 Tikove PIIRA (COK)
WCH2022-100m-M-PR-H4,5,5.0,0.142,0.1417,0.142,1.0,False,False,1952,1952,Melique GARCIA,HON,Melique GARCIA,1.0,OK,1,1284.5,0.1475,-5.8,178.0,0.976,Lane5 | 0.142 sec | 1952 Melique GARCIA (HON)
WCH2022-100m-M-PR-H4,6,6.0,0.153,0.1533,0.153,1.0,False,False,1522,1522,Dorian KELETELA,ART,Dorian KELETELA,1.0,OK,1,1291.5,0.1575,-4.2,192.0,0.954,Lane 6 | 0.153 sec | 1522 Dorian KELETELA (ART)
WCH2022-100m-M-PR-H4,7,7.0,0.128,0.1284,0.128,1.0,False,False,2045,2045,Omar ABUROUSS,JOR,Omar ABUROUSS,1.0,OK,1,1276.5,0.1308,-2.5,198.0,0.947,Lane7 | 0.128 sec | 2045 Omar ABUROUSS (JOR)
WCH2022-100m-M-PR-H4,8,8.0,,,0.096,,False,False,1809,1809,Ratu Banuve TABAKAUCORO,FIJ,Ratu Banuve TABAKAUCORO,1.0,DQ,0,,,,,0.986,Lane8 | 1809 Ratu Banuve TABAKAUCORO (FIJ)
WCH2022-100m-M-PR-H4,9,9.0,,,,,False,False,,,,,,,,0,,,,,0.989,Lane9
WCH2022-100m-M-R1-H1,1,1.0,0.116,0.1167,0.116,1.0,False,False,2176,2176,Raymond EKEVWO,NGR,Raymond EKEVWO,1.0,OK,1,1269.5,0.1209,-4.2,172.0,0.987,Lane1 | 0.116 sec | 2176 Raymond EKEVWO (NGR)
WCH2022-100m-M-R1-H1,2,2.0,0.115,0.115,0.115,1.0,False,False,2360,2360,Marvin BRACY,USA,Marvin BRACY,1.0,OK,1,1268.5,0.1192,-4.2,208.0,0.944,Lane2 | 0.115 sec | 2360 Marvin BRACY (USA)
WCH2022-100m-M-R1-H1,3,3.0,0.109,0.1084,0.109,1.0,False,True,1528,1528,Rohan BROWNING,AUS,Rohan BROWNING,1.0,OK,1,1264.5,0.1142,-5.8,186.0,0.986,Lane3 | 0.109 sec (Quickest) | 1528 Rohan BROWNING (AUS)
WCH2022-100m-M-R1-H1,4,4.0,0.166,0.1667,0.166,1.0,False,False,2280,2280,Francesco SANSOVINI,SMR,Francesco SANSOVINI,1.0,OK,1,1299.5,0.1708,-4.2,192.0,0.913,Lane 4 | 0.166 sec | 2280 Francesco SANSOVINI (SMR)
WCH2022-100m-M-R1-H1,5,5.0,0.139,0.1383,0.139,1.0,False,False,2019,2019,Ackeem BLAKE,JAM,Ackeem BLAKE,1.0,OK,1,1282.5,0.1442,-5.8,213.0,0.988,Lane5 | 0.139 sec | 2019 Ackeem BLAKE (JAM)
WCH2022-100m-M-R1-H1,6,6.0,0.135,0.135,0.135,1.0,False,False,1512,1512,Cejhae GREENE,ANT,Cejhae GREENE,1.0,OK,1,1280.5,0.1392,-4.2,209.0,0.931,Lane 6 | 0.135 sec | 1512 Cejhae GREENE (ANT)
WCH2022-100m-M-R1-H1,7,7.0,0.118,0.1184,0.118,1.0,False,False,1990,1990,Chituru ALI,ITA,Chituru ALI,1.0,OK,1,1270.5,0.1242,-5.8,221.0,0.974,Lane7 | 0.118 sec | 1990 Chituru ALI (ITA)
WCH2022-100m-M-R1-H1,8,8.0,0.116,0.1167,0.116,1.0,False,False,1954,1954,Lalu Muhammad ZOHRI,INA,Lalu Muhammad ZOHRI,1.0,OK,1,1269.5,0.1209,-4.2,189.0,0.955,Lane8 | 0.116 sec | 1954 Lalu Muhammad ZOHRI (INA)
WCH2022-100m-M-R1-H1,9,9.0,,,,,False,False,,,,,,,,0,,,,,0.989,Lane9
WCH2022-100m-M-R1-H2,1,1.0,0.134,0.1333,0.134,1.0,False,False,1875,1875,Zharnel HUGHES,GBR,Zharnel HUGHES,1.0,OK,1,1279.5,0.1375,-4.2,199.0,0.958,Lane1 | 0.134 sec | 1875 Zharnel HUGHES (GBR)
WCH2022-100m-M-R1-H2,2,2.0,0.134,0.1333,0.134,1.0,False,False,1675,1675,Bingtian SU,CHN,Bingtian SU,1.0,OK,1,1279.5,0.1375,-4.2,190.0,0.972,Lane2 | 0.134 sec | 1675 Bingtian SU (CHN)
WCH2022-100m-M-R1-H2,3,3.0,0.104,0.1034,0.104,1.0,False,True,2315,2315,Jerod ELCOCK,TTO,Jerod ELCOCK,1.0,OK,1,1261.5,0.1075,-4.2,215.0,0.995,Lane3 | 0.104 sec (Quickest) | 2315 Jerod ELCOCK (TTO)
WCH2022-100m-M-R1-H2,4,4.0,0.107,0.1067,0.107,1.0,False,False,2389,2389,Fred KERLEY,USA,Fred KERLEY,1.0,OK,1,1263.5,0.1109,-4.2,216.0,0.913,Lane 4 | 0.107 sec | 2389 Fred KERLEY (USA)
WCH2022-100m-M-R1-H2,5,5.0,0.177,0.1767,0.177,1.0,False,False,2140,2140,Hassan SAAID,MDV,Hassan SAAID,1.0,OK,1,1305.5,0.1808,-4.2,109.0,0.965,Lane5 | 0.177 sec | 2140 Hassan SAAID (MDV)
WCH2022-100m-M-R1-H2,6,6.0,0.123,0.1234,0.123,1.0,False,False,1951,1951,Emanuel ARCHIBALD,GUY,Emanuel ARCHIBALD,1.0,OK,1,1273.5,0.1275,-4.2,204.0,0.931,Lane 6 | 0.123 sec | 1951 Emanuel ARCHIBALD (GUY)
WCH2022-100m-M-R1-H2,7,7.0,0.125,0.125,0.125,1.0,False,False,2175,2175,Favour Oghene Tejiri ASHE,NGR,Favour Oghene Tejiri ASHE,1.0,OK,1,1274.5,0.1292,-4.2,212.0,0.966,Lane7 | 0.125 sec | 2175 Favour Oghene Tejiri ASHE (NGR)
WCH2022-100m-M-R1-H2,8,8.0,0.143,0.1433,0.143,1.0,False,False,2116,2116,Emmanuel MATADI,LBR,Emmanuel MATADI,1.0,OK,1,1285.5,0.1475,-4.2,188.0,0.981,Lane8 | 0.143 sec | 2116 Emmanuel MATADI (LBR)
WCH2022-100m-M-R1-H2,9,9.0,,,,,False,False,,,,,,,,0,,,,,0.99,Lane9
WCH2022-100m-M-R1-H3,1,1.0,0.17,0.17,0.17,1.0,False,False,2283,2283,Yupun ABEYKOON,SRI,Yupun ABEYKOON,1.0,OK,1,1301.5,0.1742,-4.2,217.0,0.975,Lane1 | 0.170 sec | 2283 Yupun ABEYKOON (SRI)
WCH2022-100m-M-R1-H3,2,2.0,0.141,0.1417,0.141,1.0,False,False,1684,1684,Arthur CISSA%o,CIV,Arthur CISSÉ,0.0,OK,1,1284.5,0.1458,-4.2,226.0,0.991,Lane2 | 0.141 sec | 1684 Arthur CISSA%o (CIV)
WCH2022-100m-M-R1-H3,3,3.0,0.14,0.14,0.14,1.0,False,False,1854,1854,Ebrahima CAMARA,GAM,Ebrahima CAMARA,1.0,OK,1,1283.5,0.1442,-4.2,168.0,0.97,Lane3 | 0.140 sec | 1854 Ebrahima CAMARA (GAM)
WCH2022-100m-M-R1-H3,4,4.0,0.136,0.1367,0.136,1.0,False,False,2363,2363,Trayvon BROMELL,USA,Trayvon BROMELL,1.0,OK,1,1281.5,0.1408,-4.2,208.0,0.913,Lane 4 | 0.136 sec | 2363 Trayvon BROMELL (USA)
WCH2022-100m-M-R1-H3,5,5.0,0.124,0.1234,0.124,1.0,False,True,1610,1610,RodrigoDONASCIMENTO,BRA,Rodrigo DO NASCIMENTO,1.0,OK,1,1273.5,0.1292,-5.8,209.0,0.984,Lane5 | 0.124 sec (Quickest) | 1610RodrigoDONASCIMENTO (BRA)
WCH2022-100m-M-R1-H3,6,6.0,0.127,0.1267,0.127,1.0,False,False,1590,1590,Shaun GILL,BIZ,Shaun GILL,1.0,OK,1,1275.5,0.1325,-5.8,215.0,0.931,Lane 6 | 0.127 sec | 1590 Shaun GILL (BIZ)
WCH2022-100m-M-R1-H3,7,7.0,0.167,0.1667,0.167,1.0,False,False,2243,2243,Femi OGUNODE,QAT,Femi OGUNODE,1.0,OK,1,1299.5,0.1708,-4.2,211.0,0.984,Lane7 | 0.167 sec | 2243 Femi OGUNODE (QAT)
WCH2022-100m-M-R1-H3,8,8.0,0.159,0.1583,0.159,1.0,False,False,1638,1638,Jerome BLAKE,CAN,Jerome BLAKE,1.0,OK,1,1294.5,0.1642,-5.8,208.0,0.983,Lane8 | 0.159 sec | 1638 Jerome BLAKE (CAN)
WCH2022-100m-M-R1-H3,9,9.0,,,,,False,False,,,,,,,,0,,,,,0.99,Lane9
WCH2022-100m-M-R1-H4,1,1.0,0.128,0.1284,0.128,1.0,False,False,2067,2067,Ryuichiro SAKAI,JPN,Ryuichiro SAKAI,1.0,OK,1,1276.5,0.1325,-4.2,185.0,0.964,Lane1 | 0.128 sec | 2067 Ryuichiro SAKAI (JPN)
WCH2022-100m-M-R1-H4,2,2.0,0.131,0.1317,0.131,1.0,False,False,1928,1928,Julian WAGNER,GER,Julian WAGNER,1.0,OK,1,1278.5,0.1342,-2.5,210.0,0.929,Lane2 | 0.131 sec | 1928 Julian WAGNER (GER)
WCH2022-100m-M-R1-H4,3,3.0,0.115,0.115,0.115,1.0,False,False,1706,1706,Shainer RENGIFO MONTOYA,CUB,Shainer RENGIFO MONTOYA,1.0,OK,1,1268.5,0.1192,-4.2,173.0,0.989,Lane3 | 0.115 sec | 1706 Shainer RENGIFO MONTOYA (CUB)
WCH2022-100m-M-R1-H4,4,4.0,0.137,0.1367,0.137,1.0,False,False,2039,2039,Oblique SEVILLE,JAM,Oblique SEVILLE,1.0,OK,1,1281.5,0.1425,-5.8,216.0,0.913,Lane 4 | 0.137 sec | 2039 Oblique SEVILLE (JAM)
WCH2022-100m-M-R1-H4,5,5.0,0.11,0.11,0.11,1.0,False,True,1999,1999,LamontMarcellJACOBS,ITA,Lamont Marcell JACOBS,1.0,OK,1,1265.5,0.1142,-4.2,206.0,0.988,Lane5 | 0.110 sec (Quickest) | 1999LamontMarcellJACOBS (ITA)
WCH2022-100m-M-R1-H4,6,6.0,0.129,0.1284,0.129,1.0,False,False,1522,1522,Dorian KELETELA,ART,Dorian KELETELA,1.0,OK,1,1276.5,0.1325,-4.2,192.0,0.954,Lane 6 | 0.129 sec | 1522 Dorian KELETELA (ART)
WCH2022-100m-M-R1-H4,7,7.0,,,,,False,False,1564,1564,Imranur RAHMAN,BAN,Imranur RAHMAN,1.0,DNS,0,,,,,0.989,Lane7 | 1564 Imranur RAHMAN (BAN)
WCH2022-100m-M-R1-H4,8,8.0,0.118,0.1184,0.118,1.0,False,False,1886,1886,Reece PRESCOD,GBR,Reece PRESCOD,1.0,OK,1,1270.5,0.1225,-4.2,201.0,0.971,Lane8 | 0.118 sec | 1886 Reece PRESCOD (GBR)
WCH2022-100m-M-R1-H4,9,9.0,,,,,False,False,,,,,,,,0,,,,,0.99,Lane9
WCH2022-100m-M-R1-H5,1,1.0,0.141,0.1417,0.141,1.0,False,False,1639,1639,Aaron BROWN,CAN,Aaron BROWN,1.0,OK,1,1284.5,0.1458,-4.2,229.0,0.976,Lane1 | 0.141 sec | 1639 Aaron BROWN (CAN)
WCH2022-100m-M-R1-H5,2,2.0,0.125,0.125,0.125,1.0,False,False,1555,1555,SamSon COLEBROOKE,BAH,Samson COLEBROOKE,1.0,OK,1,1274.5,0.1292,-4.2,211.0,0.961,Lane2 | 0.125 sec | 1555 SamSon COLEBROOKE (BAH)
WCH2022-100m-M-R1-H5,3,3.0,0.113,0.1134,0.113,1.0,False,True,2020,2020,Yohan BLAKE,JAM,Yohan BLAKE,1.0,OK,1,1267.5,0.1175,-4.2,216.0,0.975,Lane3 | 0.113 sec (Quickest) | 2020 Yohan BLAKE (JAM)
WCH2022-100m-M-R1-H5,4,4.0,0.143,0.1433,0.143,1.0,False,False,1599,1599,Letsile TEBOGO,BOT,Letsile TEBOGO,1.0,OK,1,1285.5,0.1475,-4.2,190.0,0.913,Lane 4 | 0.143 sec | 1599 Letsile TEBOGO (BOT)
WCH2022-100m-M-R1-H5,5,5.0,0.122,0.1217,0.122,1.0,False,False,1532,1532,Jake DORAN,AUS,Jake DORAN,1.0,OK,1,1272.5,0.1259,-4.2,209.0,0.993,Lane5 | 0.122 sec | 1532 Jake DORAN (AUS)
WCH2022-100m-M-R1-H5,6,6.0,0.128,0.1284,0.128,1.0,False,False,2266,2266,Akani SIMBINE,RSA,Akani SIMBINE,1.0,OK,1,1276.5,0.1342,-5.8,193.0,0.931,Lane 6 | 0.128 sec | 2266 Akani SIMBINE (RSA)
WCH2022-100m-M-R1-H5,7,7.0,0.177,0.1767,0.177,1.0,False,False,1952,1952,Melique GARCIA,HON,Melique GARCIA,1.0,OK,1,1305.5,0.1841,-7.5,191.0,0.975,Lane7 | 0.177 sec | 1952 Melique GARCIA (HON)
WCH2022-100m-M-R1-H5,8,8.0,0.129,0.1284,0.129,1.0,False,False,2211,2211,Cesar ALMIRON,PAR,Cesar ALMIRON,1.0,OK,1,1276.5,0.1325,-4.2,180.0,0.986,Lane8 | 0.129 sec | 2211 Cesar ALMIRON (PAR)
WCH2022-100m-M-R1-H5,9,9.0,,,,,False,False,,,,,,,,0,,,,,0.989,Lane9
WCH2022-100m-M-R1-H6,1,1.0,0.124,0.1234,0.124,1.0,False,False,2257,2257,Gift LEOTLELA,RSA,Gift LEOTLELA,1.0,OK,1,1273.5,0.1308,-7.5,221.0,0.972,Lane1 | 0.124 sec | 2257 Gift LEOTLELA (RSA)
WCH2022-100m-M-R1-H6,2,2.0,0.128,0.1284,0.128,1.0,False,False,1640,1640,Andre DE GRASSE,CAN,Andre DE GRASSE,1.0,OK,1,1276.5,0.1325,-4.2,212.0,0.986,Lane2 | 0.128 sec | 1640 Andre DE GRASSE (CAN)
WCH2022-100m-M-R1-H6,3,3.0,0.122,0.1217,0.122,1.0,False,False,2368,2368,Christian COLEMAN,USA,Christian COLEMAN,1.0,OK,1,1272.5,0.1259,-4.2,219.0,0.947,Lane3 | 0.122 sec | 2368 Christian COLEMAN (USA)
WCH2022-100m-M-R1-H6,4,4.0,0.191,0.1916,0.191,1.0,False,False,1934,1934,Benjamin AZAMATI,GHA,Benjamin AZAMATI,1.0,OK,1,1314.5,0.1941,-2.5,190.0,0.913,Lane 4 | 0.191 sec | 1934 Benjamin AZAMATI (GHA)
WCH2022-100m-M-R1-H6,5,5.0,0.137,0.1367,0.137,1.0,False,False,1981,1981,Hussein Ali AL KHAFAJI,IRQ,Hussein Ali AL KHAFAJI,1.0,OK,1,1281.5,0.1408,-4.2,196.0,0.972,Lane5 | 0.137 sec | 1981 Hussein Ali AL KHAFAJI (IRQ)
WCH2022-100m-M-R1-H6,6,6.0,0.129,0.1284,0.129,1.0,False,False,1604,1604,Erik CARDOSO,BRA,Erik CARDOSO,1.0,OK,1,1276.5,0.1342,-5.8,188.0,0.954,Lane 6 | 0.129 sec | 1604 Erik CARDOSO(BRA)
WCH2022-100m-M-R1-H6,7,7.0,0.104,0.1034,0.104,1.0,False,True,2184,2184,Udodi Chudi ONWUZURIKE,NGR,Udodi Chudi ONWUZURIKE,1.0,OK,1,1261.5,0.1092,-5.8,217.0,0.955,Lane7 | 0.104 sec (Quickest) | 2184 Udodi Chudi ONWUZURIKE (NGR)
WCH2022-100m-M-R1-H6,8,8.0,0.114,0.1134,0.114,1.0,False,False,2311,2311,IldarAKHMADIEV,TJK,Ildar AKHMADIEV,1.0,OK,1,1267.5,0.1175,-4.2,143.0,0.934,Lane8 | 0.114 sec | 2311 IldarAKHMADIEV (TJK)
WCH2022-100m-M-R1-H6,9,9.0,,,,,False,False,,,,,,,,0,,,,,0.989,Lane9
WCH2022-100m-M-R1-H7,1,1.0,0.141,0.1417,0.141,1.0,False,False,1933,1933,Joseph Paul AMOAH,GHA,Joseph Paul AMOAH,1.0,OK,1,1284.5,0.1458,-4.2,212.0,0.987,Lane1 | 0.141 sec | 1933 Joseph Paul AMOAH (GHA)
WCH2022-100m-M-R1-H7,2,2.0,0.127,0.1267,0.127,1.0,False,False,2204,2204,Edward OSEI-NKETIA,NZL,Edward OSEI-NKETIA,1.0,OK,1,1275.5,0.1308,-4.2,206.0,0.992,Lane2 | 0.127 sec | 2204 Edward OSEI-NKETIA (NZL)
WCH2022-100m-M-R1-H7,3,3.0,0.132,0.1317,0.132,1.0,False,False,2100,2100,Ferdinand OMANYALA,KEN,Ferdinand OMANYALA,1.0,OK,1,1278.5,0.1358,-4.2,210.0,0.973,Lane3 | 0.132 sec | 2100 Ferdinand OMANYALA (KEN)
WCH2022-100m-M-R1-H7,4,4.0,0.166,0.1667,0.166,1.0,False,False,1687,1687,Lionel Tshimanga MUTEBA,COD,Lionel Tshimanga MUTEBA,1.0,OK,1,1299.5,0.1708,-4.2,142.0,0.913,Lane 4 | 0.166 sec | 1687 Lionel Tshimanga MUTEBA (COD)
WCH2022-100m-M-R1-H7,5,5.0,0.122,0.1217,0.122,1.0,False,False,2114,2114,Noureddine HADID,LBN,Noureddine HADID,1.0,OK,1,1272.5,0.1275,-5.8,174.0,0.98,Lane5 | 0.122 sec | 2114 Noureddine HADID (LBN)
WCH2022-100m-M-R1-H7,6,6.0,0.111,0.1117,0.111,1.0,False,True,1602,1602,Felipe BARDI,BRA,Felipe BARDI,1.0,OK,1,1266.5,0.1159,-4.2,209.0,0.931,Lane 6 | 0.111 sec (Quickest) | 1602 Felipe BARDI (BRA)
WCH2022-100m-M-R1-H7,7,7.0,0.112,0.1117,0.112,1.0,False,False,2068,2068,Abdul Hakim SANI BROWN,JPN,Abdul Hakim SANI BROWN,1.0,OK,1,1266.5,0.1159,-4.2,203.0,0.956,Lane7 | 0.112 sec | 2068 Abdul Hakim SANI BROWN (JPN)
WCH2022-100m-M-R1-H7,8,8.0,0.115,0.115,0.115,1.0,False,False,2263,2263,Clarence MUNYAI,RSA,Clarence MUNYAI,1.0,OK,1,1268.5,0.1192,-4.2,196.0,0.987,Lane8 | 0.115 sec | 2263 Clarence MUNYAI (RSA)
WCH2022-100m-M-R1-H7,9,9.0,0.125,0.125,0.125,1.0,False,False,1685,1685,Ismael KONE,CIV,Ismael KONE,1.0,OK,1,1274.5,0.1292,-4.2,214.0,0.982,Lane9 | 0.125 sec | 1685 Ismael KONE (CIV)
WCH2022-100m-M-SF-H1,1,1.0,0.128,0.1284,0.128,1.0,False,False,2176,2176,Raymond EKEVWO,NGR,Raymond EKEVWO,1.0,OK,1,1276.5,0.1308,-2.5,161.0,0.987,Lane1 | 0.128 sec | 2176 Raymond EKEVWO (NGR)
WCH2022-100m-M-SF-H1,2,2.0,0.108,0.1084,0.108,1.0,False,True,2266,2266,Akani SIMBINE,RSA,Akani SIMBINE,1.0,OK,1,1264.5,0.1142,-5.8,185.0,0.964,Lane2 | 0.108 sec (Quickest) | 2266Akani SIMBINE (RSA)
WCH2022-100m-M-SF-H1,3,3.0,0.121,0.1217,0.121,1.0,False,False,2363,2363,Trayvon BROMELL,USA,Trayvon BROMELL,1.0,OK,1,1272.5,0.1259,-4.2,208.0,0.969,Lane3 | 0.121 sec | 2363 Trayvon BROMELL (USA)
WCH2022-100m-M-SF-H1,4,4.0,0.141,0.1417,0.141,1.0,False,False,2020,2020,Yohan BLAKE,JAM,Yohan BLAKE,1.0,OK,1,1284.5,0.1458,-4.2,210.0,0.913,Lane 4 | 0.141 sec | 2020 Yohan BLAKE (JAM)
WCH2022-100m-M-SF-H1,5,5.0,0.129,0.1284,0.129,1.0,False,False,1684,1684,Arthur CISSA%o,CIV,Arthur CISSÉ,0.0,OK,1,1276.5,0.1325,-4.2,219.0,0.968,Lane5 | 0.129 sec | 1684 Arthur CISSA%o (CIV)
WCH2022-100m-M-SF-H1,6,6.0,0.124,0.1234,0.124,1.0,False,False,2068,2068,Abdul Hakim SANI BROWN,JPN,Abdul Hakim SANI BROWN,1.0,OK,1,1273.5,0.1275,-4.2,204.0,0.954,Lane 6 | 0.124 sec | 2068 Abdul Hakim SANI BROWN (JPN)
WCH2022-100m-M-SF-H1,7,7.0,0.122,0.1217,0.122,1.0,False,False,1610,1610,Rodrigo DO NASCIMENTO,BRA,Rodrigo DO NASCIMENTO,1.0,OK,1,1272.5,0.1259,-4.2,210.0,0.955,Lane7 | 0.122 sec | 1610 Rodrigo DO NASCIMENTO (BRA)
WCH2022-100m-M-SF-H1,8,8.0,0.135,0.135,0.135,1.0,False,False,2116,2116,Emmanuel MATADI,LBR,Emmanuel MATADI,1.0,OK,1,1280.5,0.1392,-4.2,189.0,0.989,Lane8 | 0.135 sec | 2116 Emmanuel MATADI (LBR)
WCH2022-100m-M-SF-H1,9,9.0,,,,,False,False,,,,,,,,0,,,,,0.99,Lane9
WCH2022-100m-M-SF-H2,1,1.0,0.13,0.13,0.13,1.0,False,False,2067,2067,Ryuichiro SAKAI,JPN,Ryuichiro SAKAI,1.0,OK,1,1277.5,0.1342,-4.2,194.0,0.975,Lane1 | 0.130 sec | 2067 Ryuichiro SAKAI (JPN)
WCH2022-100m-M-SF-H2,2,2.0,0.133,0.1333,0.133,1.0,False,False,1675,1675,Bingtian SU,CHN,Bingtian SU,1.0,OK,1,1279.5,0.1375,-4.2,185.0,0.972,Lane2 | 0.133 sec | 1675 Bingtian SU (CHN)
WCH2022-100m-M-SF-H2,3,3.0,0.129,0.1284,0.129,1.0,False,False,2389,2389,Fred KERLEY,USA,Fred KERLEY,1.0,OK,1,1276.5,0.1342,-5.8,218.0,0.953,Lane3 | 0.129 sec | 2389 Fred KERLEY (USA)
WCH2022-100m-M-SF-H2,4,4.0,0.142,0.1417,0.142,1.0,False,False,2204,2204,Edward OSEI-NKETIA,NZL,Edward OSEI-NKETIA,1.0,OK,1,1284.5,0.1442,-2.5,207.0,0.913,Lane 4 | 0.142 sec | 2204Edward OSEI-NKETIA (NZL)
WCH2022-100m-M-SF-H2,5,5.0,0.118,0.1184,0.118,1.0,False,True,2368,2368,Christian COLEMAN,USA,Christian COLEMAN,1.0,OK,1,1270.5,0.1242,-5.8,223.0,0.976,Lane5 | 0.118 sec (Quickest) | 2368 Christian COLEMAN (USA)
WCH2022-100m-M-SF-H2,6,6.0,0.121,0.1217,0.121,1.0,False,False,1875,1875,Zharnel HUGHES,GBR,Zharnel HUGHES,1.0,OK,1,1272.5,0.1259,-4.2,203.0,0.954,Lane 6 | 0.121 sec | 1875 Zharnel HUGHES (GBR)
WCH2022-100m-M-SF-H2,7,7.0,0.146,0.1467,0.146,1.0,False,False,1640,1640,Andre DE GRASSE,CAN,Andre DE GRASSE,1.0,OK,1,1287.5,0.1508,-4.2,193.0,0.965,Lane7 | 0.146 sec | 1640 Andre DE GRASSE (CAN)
WCH2022-100m-M-SF-H2,8,8.0,0.138,0.1383,0.138,1.0,False,False,2019,2019,Ackeem BLAKE,JAM,Ackeem BLAKE,1.0,OK,1,1282.5,0.1425,-4.2,221.0,0.947,Lane8 | 0.138 sec | 2019 Ackeem BLAKE (JAM)
WCH2022-100m-M-SF-H2,9,9.0,,,,,False,False,,,,,,,,0,,,,,0.989,Lane9
WCH2022-100m-M-SF-H3,1,1.0,0.141,0.1417,0.141,1.0,False,False,1604,1604,Erik CARDOSO,BRA,Erik CARDOSO,1.0,OK,1,1284.5,0.1475,-5.8,195.0,0.987,Lane1 | 0.141 sec | 1604 Erik CARDOSO (BRA)
WCH2022-100m-M-SF-H3,2,2.0,0.135,0.135,0.135,1.0,False,False,2175,2175,Favour Oghene Tejiri ASHE,NGR,Favour Oghene Tejiri ASHE,1.0,OK,1,1280.5,0.1392,-4.2,216.0,0.952,Lane2 | 0.135 sec | 2175 Favour Oghene Tejiri ASHE (NGR)
WCH2022-100m-M-SF-H3,3,3.0,0.123,0.1234,0.123,1.0,False,True,2360,2360,Marvin BRACY,USA,Marvin BRACY,1.0,OK,1,1273.5,0.1275,-4.2,209.0,0.988,Lane3 | 0.123 sec (Quickest) | 2360 Marvin BRACY (USA)
WCH2022-100m-M-SF-H3,4,4.0,,,,,False,False,1999,1999,Lamont Marcell JACOBS,ITA,Lamont Marcell JACOBS,1.0,DNS,0,,,,,0.982,Lane4 | 1999 Lamont Marcell JACOBS (ITA)
WCH2022-100m-M-SF-H3,5,5.0,0.146,0.1467,0.146,1.0,False,False,1599,1599,Letsile TEBOGO,BOT,Letsile TEBOGO,1.0,OK,1,1287.5,0.1508,-4.2,198.0,0.979,Lane5 | 0.146 sec | 1599 Letsile TEBOGO (BOT)
WCH2022-100m-M-SF-H3,6,6.0,0.128,0.1284,0.128,1.0,False,False,2039,2039,Oblique SEVILLE,JAM,Oblique SEVILLE,1.0,OK,1,1276.5,0.1308,-2.5,215.0,0.954,Lane 6 | 0.128 sec | 2039 Oblique SEVILLE (JAM)
WCH2022-100m-M-SF-H3,7,7.0,0.138,0.1383,0.138,1.0,False,False,2100,2100,Ferdinand OMANYALA,KEN,Ferdinand OMANYALA,1.0,OK,1,1282.5,0.1408,-2.5,201.0,0.968,Lane7 | 0.138 sec | 2100 Ferdinand OMANYALA (KEN)
WCH2022-100m-M-SF-H3,8,8.0,0.138,0.1383,0.138,1.0,False,False,1639,1639,Aaron BROWN,CAN,Aaron BROWN,1.0,OK,1,1282.5,0.1425,-4.2,223.0,0.979,Lane8 | 0.138 sec | 1639 Aaron BROWN (CAN)
WCH2022-100m-M-SF-H3,9,9.0,,,,,False,False,,,,,,,,0,,,,,0.989,Lane9
WCH2022-100m-W-F-H1,1,1.0,0.122,0.1217,0.122,1.0,False,False,1084,1084,Mujinga KAMBUNDJI,SUI,Mujinga KAMBUNDJI,1.0,OK,1,1272.5,0.1242,-2.5,155.0,0.975,Lane1 | 0.122 sec | 1084 Mujinga KAMBUNDJI (SUI)
WCH2022-100m-W-F-H1,2,2.0,0.136,0.1367,0.136,1.0,False,False,1175,1175,Melissa JEFFERSON,USA,Melissa JEFFERSON,1.0,OK,1,1281.5,0.1408,-4.2,138.0,0.941,Lane2 | 0.136 sec | 1175 Melissa JEFFERSON (USA)
WCH2022-100m-W-F-H1,3,3.0,0.134,0.1333,0.134,1.0,False,False,840,840,Shericka JACKSON,JAM,Shericka JACKSON,1.0,OK,1,1279.5,0.1375,-4.2,144.0,0.955,Lane3 | 0.134 sec | 840 Shericka JACKSON (JAM)
WCH2022-100m-W-F-H1,4,4.0,0.149,0.1483,0.149,1.0,False,False,855,855,Elaine THOMPSON-HERAH,JAM,Elaine THOMPSON-HERAH,1.0,OK,1,1288.5,0.1525,-4.2,139.0,0.913,Lane 4 | 0.149 sec | 855 Elaine THOMPSON-HERAH (JAM)
WCH2022-100m-W-F-H1,5,5.0,0.15,0.15,0.15,1.0,False,False,554,554,Marie-JosA@e TA LOU,CIV,Marie-Josée TA LOU,0.0,OK,1,1289.5,0.1542,-4.2,136.0,0.946,Lane5 | 0.150 sec | 554 Marie-JosA@e TA LOU (CIV)
WCH2022-100m-W-F-H1,6,6.0,0.137,0.1367,0.137,1.0,False,False,836,836,Shelly-Ann FRASER-PRYCE,JAM,Shelly-Ann FRASER-PRYCE,1.0,OK,1,1281.5,0.1408,-4.2,157.0,0.954,Lane 6 | 0.137 sec | 836 Shelly-Ann FRASER-PRYCE (JAM)
WCH2022-100m-W-F-H1,7,7.0,0.145,0.145,0.145,1.0,False,False,1171,1171,Aleia HOBBS,USA,Aleia HOBBS,1.0,OK,1,1286.5,0.1492,-4.2,147.0,0.966,Lane7 | 0.145 sec | 1171 Aleia HOBBS (USA)
WCH2022-100m-W-F-H1,8,8.0,0.116,0.1167,0.116,1.0,False,True,681,681,Dina ASHER-SMITH,GBR,Dina ASHER-SMITH,1.0,OK,1,1269.5,0.1209,-4.2,129.0,0.944,Lane8 | 0.116 sec (Quickest) | 681 Dina ASHER-SMITH (GBR)
WCH2022-100m-W-F-H1,9,9.0,,,,,False,False,,,,,,,,0,,,,,0.989,Lane9
WCH2022-100m-W-R1-H1,1,1.0,,,,,False,False,,,,,,,,0,,,,,0.987,Lane1
WCH2022-100m-W-R1-H1,2,2.0,0.137,0.1367,0.137,1.0,False,False,840,840,Shericka JACKSON,JAM,Shericka JACKSON,1.0,OK,1,1281.5,0.1408,-4.2,156.0,0.983,Lane2 | 0.137 sec | 840 Shericka JACKSON (JAM)
WCH2022-100m-W-R1-H1,3,3.0,0.147,0.1467,0.147,1.0,False,False,447,447,Anthonique STRACHAN,BAH,Anthonique STRACHAN,1.0,OK,1,1287.5,0.1508,-4.2,125.0,0.988,Lane3 | 0.147 sec | 447 Anthonique STRACHAN (BAH)
WCH2022-100m-W-R1-H1,4,4.0,0.148,0.1483,0.148,1.0,False,False,918,918,Mudhawi ALSHAMMARI,KUW,Mudhawi ALSHAMMARI,1.0,OK,1,1288.5,0.1525,-4.2,96.0,0.913,Lane 4 | 0.148 sec | 918 Mudhawi ALSHAMMARI (KUW)
WCH2022-100m-W-R1-H1,5,5.0,0.132,0.1317,0.132,1.0,False,False,536,536,Xiaojing LIANG,CHN,Xiaojing LIANG,1.0,OK,1,1278.5,0.1358,-4.2,108.0,0.967,Lane5 | 0.132 sec | 536 Xiaojing LIANG (CHN)
WCH2022-100m-W-R1-H1,6,6.0,0.125,0.125,0.125,1.0,False,True,894,894,Olga SAFRONOVA,KAZ,Olga SAFRONOVA,1.0,OK,1,1274.5,0.1275,-2.5,150.0,0.931,Lane 6 | 0.125 sec (Quickest) | 894 Olga SAFRONOVA (KAZ)
WCH2022-100m-W-R1-H1,7,7.0,0.151,0.1517,0.151,1.0,False,False,993,993,ZoeHOBBS 6,NZL,Zoe HOBBS,1.0,OK,1,1290.5,0.1542,-2.5,182.0,0.92,Lane7 | 0.151 sec | 993ZoeHOBBS 6 (NZL)
WCH2022-100m-W-R1-H1,8,8.0,0.135,0.135,0.135,1.0,False,False,698,698,Imani LANSIQUOT,GBR,Imani LANSIQUOT,1.0,OK,1,1280.5,0.1259,9.2,139.0,0.907,Lane 8 | 0.135 sec | 698 Imani LANSIQUOT (GBR)
WCH2022-100m-W-R1-H1,9,9.0,,,,,False,False,,,,,,,,0,,,,,0.989,Lane9
WCH2022-100m-W-R1-H2,1,1.0,,,,,False,False,,,,,,,,0,,,,,0.987,Lane1
WCH2022-100m-W-R1-H2,2,2.0,0.146,0.1467,0.146,1.0,False,False,836,836,Shelly-Ann FRASER-PRYCE,JAM,Shelly-Ann FRASER-PRYCE,1.0,OK,1,1287.5,0.1508,-4.2,108.0,0.971,Lane2 | 0.146 sec | 836 Shelly-Ann FRASER-PRYCE (JAM)
WCH2022-100m-W-R1-H2,3,3.0,0.123,0.1234,0.123,1.0,False,False,530,530,Manqi GE,CHN,Manqi GE,1.0,OK,1,1273.5,0.1275,-4.2,139.0,0.954,Lane3 | 0.123 sec | 530 Manqi GE (CHN)
WCH2022-100m-W-R1-H2,4,4.0,0.149,0.1483,0.149,1.0,False,False,1062,1062,Amya CLARKE,SKN,Amya CLARKE,1.0,OK,1,1288.5,0.1525,-4.2,104.0,0.913,Lane 4 | 0.149 sec | 1062 Amya CLARKE (SKN)
WCH2022-100m-W-R1-H2,5,5.0,0.153,0.1533,0.153,1.0,False,False,704,704,Daryll NEITA,GBR,Daryll NEITA,1.0,OK,1,1291.5,0.1575,-4.2,94.0,0.945,Lane5 | 0.153 sec | 704 Daryll NEITA (GBR)
WCH2022-100m-W-R1-H2,6,6.0,0.134,0.1333,0.134,1.0,False,False,1063,1063,Fatmata AWOLO,SLE,Fatmata AWOLO,1.0,OK,1,1279.5,0.1375,-4.2,167.0,0.954,Lane 6 | 0.134 sec | 1063 Fatmata AWOLO (SLE)
WCH2022-100m-W-R1-H2,7,7.0,0.195,0.195,0.195,1.0,False,False,746,746,Gina LAceCKENKEMPER,GER,Gina LÜCKENKEMPER,0.0,OK,1,1316.5,0.1991,-4.2,176.0,0.99,Lane7 | 0.195 sec | 746 Gina LAceCKENKEMPER (GER)
WCH2022-100m-W-R1-H2,8,8.0,0.119,0.1184,0.119,1.0,False,True,444,444,TyNia GAITHER,BAH,TyNia GAITHER,1.0,OK,1,1270.5,0.1209,-2.5,137.0,0.907,Lane 8 | 0.119 sec (Quickest) | 444TyNia GAITHER (BAH)
WCH2022-100m-W-R1-H2,9,9.0,,,,,False,False,,,,,,,,0,,,,,0.989,Lane9
WCH2022-100m-W-R1-H3,1,1.0,,,,,False,False,,,,,,,,0,,,,,0.987,Lane1
WCH2022-100m-W-R1-H3,2,2.0,0.146,0.1467,0.146,1.0,False,False,808,808,Zaynab DOSSO,ITA,Zaynab DOSSO,1.0,OK,1,1287.5,0.1508,-4.2,133.0,0.975,Lane2 | 0.146 sec | 808 Zaynab DOSSO (ITA)
WCH2022-100m-W-R1-H3,3,3.0,0.159,0.1583,0.159,1.0,False,False,401,401,Joella LLOYD,ANT,Joella LLOYD,1.0,OK,1,1294.5,0.1625,-4.2,147.0,0.951,Lane3 | 0.159 sec | 401 Joella LLOYD (ANT)
WCH2022-100m-W-R1-H3,4,4.0,0.143,0.1433,0.143,1.0,False,False,917,917,Yasmeen ALDABBAGH,KSA,Yasmeen ALDABBAGH,1.0,OK,1,1285.5,0.1475,-4.2,83.0,0.913,Lane 4 | 0.143 sec | 917 Yasmeen ALDABBAGH (KSA)
WCH2022-100m-W-R1-H3,5,5.0,0.148,0.1483,0.148,1.0,False,False,799,799,Diana VAISMAN,ISR,Diana VAISMAN,1.0,OK,1,1288.5,0.1525,-4.2,140.0,0.962,Lane5 | 0.148 sec | 799 Diana VAISMAN (ISR)
WCH2022-100m-W-R1-H3,6,6.0,0.163,0.1633,0.163,1.0,False,False,970,970,Nzubechi Grace NWOKOCHA,NGR,Nzubechi Grace NWOKOCHA,1.0,OK,1,1297.5,0.1525,10.8,120.0,0.931,Lane 6 | 0.163 sec | 970 Nzubechi Grace NWOKOCHA (NGR)
WCH2022-100m-W-R1-H3,7,7.0,0.143,0.1433,0.143,1.0,False,False,855,855,Elaine THOMPSON-HERAH,JAM,Elaine THOMPSON-HERAH,1.0,OK,1,1285.5,0.1475,-4.2,129.0,0.968,Lane7 | 0.143 sec | 855 Elaine THOMPSON-HERAH (JAM)
WCH2022-100m-W-R1-H3,8,8.0,0.122,0.1217,0.122,1.0,False,True,496,496,Crystal EMMANUEL,CAN,Crystal EMMANUEL-AHYE,0.0,OK,1,1272.5,0.1259,-4.2,139.0,0.907,Lane 8 | 0.122 sec (Quickest) | 496Crystal EMMANUEL (CAN)
WCH2022-100m-W-R1-H3,9,9.0,,,,,False,False,,,,,,,,0,,,,,0.989,Lane9
WCH2022-100m-W-R1-H4,1,1.0,,,,,False,False,,,,,,,,0,,,,,0.987,Lane1
WCH2022-100m-W-R1-H4,2,2.0,0.125,0.125,0.125,1.0,False,True,1079,1079,GA@raldine FREY,SUI,Géraldine DI TIZIO-FREY,0.0,OK,1,1274.5,0.1275,-2.5,134.0,0.957,Lane2 | 0.125 sec (Quickest) | 1079 GA@raldine FREY (SUI)
WCH2022-100m-W-R1-H4,3,3.0,0.137,0.1367,0.137,1.0,False,False,1211,1211,Twanisha TERRY,USA,Twanisha TERRY,1.0,OK,1,1281.5,0.1425,-5.8,181.0,0.979,Lane3 | 0.137 sec | 1211 Twanisha TERRY (USA)
WCH2022-100m-W-R1-H4,4,4.0,0.138,0.1383,0.138,1.0,False,False,928,928,Patrizia VAN DER WEKEN,LUX,Patrizia VAN DER WEKEN,1.0,OK,1,1282.5,0.1408,-2.5,130.0,0.913,Lane 4 | 0.138 sec | 928 Patrizia VAN DER WEKEN (LUX)
WCH2022-100m-W-R1-H4,5,5.0,0.133,0.1333,0.133,1.0,False,False,846,846,Kemba NELSON,JAM,Kemba NELSON,1.0,OK,1,1279.5,0.1375,-4.2,151.0,0.988,Lane5 | 0.133 sec | 846 Kemba NELSON (JAM)
WCH2022-100m-W-R1-H4,6,6.0,0.126,0.1267,0.126,1.0,False,False,1049,1049,Carina HORN,RSA,Carina HORN,1.0,DQ,1,1275.5,0.1308,-4.2,170.0,0.931,Lane 6 | 0.126 sec | 1049 Carina HORN (RSA)
WCH2022-100m-W-R1-H4,7,7.0,0.152,0.1517,0.152,1.0,False,False,554,554,Marie-JosAOe TA LOU,CIV,Marie-Josée TA LOU-SMITH,0.0,OK,1,1290.5,0.1558,-4.2,123.0,0.948,Lane7 | 0.152 sec | 554 Marie-JosAOe TA LOU (CIV)
WCH2022-100m-W-R1-H4,8,8.0,0.142,0.1417,0.142,1.0,False,False,942,942,Ka'Alieena BIEN,MHL,Ka'Alieena BIEN,1.0,OK,1,1284.5,0.1458,-4.2,86.0,0.907,Lane 8 | 0.142 sec | 942 Ka'Alieena BIEN (MHL)
WCH2022-100m-W-R1-H4,9,9.0,,,,,False,False,,,,,,,,0,,,,,0.99,Lane9
WCH2022-100m-W-R1-H5,1,1.0,,,,,False,False,,,,,,,,0,,,,,0.987,Lane1
WCH2022-100m-W-R1-H5,2,2.0,0.168,0.1683,0.168,1.0,False,False,1043,1043,Hereiti BERNARDINO,PYF,Hereiti BERNARDINO,1.0,OK,1,1300.5,0.1425,25.8,64.0,0.981,Lane2 | 0.168 sec | 1043 Hereiti BERNARDINO (PYF)
WCH2022-100m-W-R1-H5,3,3.0,0.187,0.1866,0.187,1.0,False,False,978,978,Aminatou SEYNI,NIG,Aminatou SEYNI,1.0,OK,1,1311.5,0.1908,-4.2,136.0,0.953,Lane3 | 0.187 sec | 978 Aminatou SEYNI (NIG)
WCH2022-100m-W-R1-H5,4,4.0,0.122,0.1217,0.122,1.0,False,True,551,551,Murielle AHOURA%o-DEMPS,CIV,Murielle AHOURÉ-DEMPS,0.0,OK,1,1272.5,0.1259,-4.2,136.0,0.913,Lane 4 | 0.122 sec (Quickest) | 551 Murielle AHOURA%o-DEMPS (CIV)
WCH2022-100m-W-R1-H5,5,5.0,0.147,0.1467,0.147,1.0,False,False,923,923,Julien ALFRED,LCA,Julien ALFRED,1.0,OK,1,1287.5,0.1508,-4.2,133.0,0.992,Lane5 | 0.147 sec | 923 Julien ALFRED (LCA)
WCH2022-100m-W-R1-H5,6,6.0,0.132,0.1317,0.132,1.0,False,False,681,681,Dina ASHER-SMITH,GBR,Dina ASHER-SMITH,1.0,OK,1,1278.5,0.1358,-4.2,160.0,0.931,Lane 6 | 0.132 sec | 681 Dina ASHER-SMITH (GBR)
WCH2022-100m-W-R1-H5,7,7.0,0.154,0.1533,0.154,1.0,False,False,482,482,Vitoria Cristina ROSA,BRA,Vitoria Cristina ROSA,1.0,OK,1,1291.5,0.1575,-4.2,143.0,0.954,Lane7 | 0.154 sec | 482 Vitoria Cristina ROSA (BRA)
WCH2022-100m-W-R1-H5,8,8.0,0.128,0.1284,0.128,1.0,False,False,725,725,Alexandra BURGHARDT,GER,Alexandra BURGHARDT,1.0,OK,1,1276.5,0.1325,-4.2,171.0,0.907,Lane 8 | 0.128 sec | 725 Alexandra BURGHARDT (GER)
WCH2022-100m-W-R1-H5,9,9.0,,,,,False,False,,,,,,,,0,,,,,0.99,Lane9
WCH2022-100m-W-R1-H6,1,1.0,,,,,False,False,,,,,,,,0,,,,,0.987,Lane1
WCH2022-100m-W-R1-H6,2,2.0,0.135,0.135,0.135,1.0,False,False,775,775,Jasmine ABRAMS,GUY,Jasmine ABRAMS,1.0,OK,1,1280.5,0.1375,-2.5,119.0,0.992,Lane2 | 0.135 sec | 775 Jasmine ABRAMS (GUY)
WCH2022-100m-W-R1-H6,3,3.0,0.229,0.2283,0.229,1.0,False,False,979,979,Zarinae SAPONG,NMI,Zarinae Jones SAPONG,0.0,OK,1,1336.5,0.2324,-4.2,91.0,0.959,Lane3 | 0.229 sec | 979 Zarinae SAPONG (NMI)
WCH2022-100m-W-R1-H6,4,4.0,0.118,0.1184,0.118,1.0,False,False,1109,1109,Michelle-Lee AHYE,TTO,Michelle-Lee AHYE,1.0,OK,1,1270.5,0.1209,-2.5,136.0,0.913,Lane 4 | 0.118 sec | 1109 Michelle-Lee AHYE (TTO)
WCH2022-100m-W-R1-H6,5,5.0,0.13,0.13,0.13,1.0,False,False,492,492,Khamica BINGHAM,CAN,Khamica BINGHAM,1.0,OK,1,1277.5,0.1342,-4.2,137.0,0.968,Lane5 | 0.130 sec | 492 Khamica BINGHAM (CAN)
WCH2022-100m-W-R1-H6,6,6.0,0.124,0.1234,0.124,1.0,False,False,1171,1171,Aleia HOBBS,USA,Aleia HOBBS,1.0,OK,1,1273.5,0.1275,-4.2,144.0,0.931,Lane 6 | 0.124 sec | 1171 Aleia HOBBS (USA)
WCH2022-100m-W-R1-H6,7,7.0,0.11,0.11,0.11,1.0,False,True,1077,1077,Ajla DEL PONTE,SUI,Ajla DEL PONTE,1.0,OK,1,1265.5,0.1009,9.2,92.0,0.978,Lane7 | 0.110 sec (Quickest) | 1077 Ajla DEL PONTE (SUI)
WCH2022-100m-W-R1-H6,8,8.0,0.175,0.175,0.175,1.0,False,False,488,488,Edidiong Ofinome ODIONG,BRN,Edidiong ODIONG,0.0,OK,1,1304.5,0.1775,-2.5,117.0,0.963,Lane8 | 0.175 sec | 488 Edidiong Ofinome ODIONG (BRN)
WCH2022-100m-W-R1-H6,9,9.0,,,,,False,False,,,,,,,,0,,,,,0.989,Lane9
WCH2022-100m-W-R1-H7,1,1.0,,,,,False,False,,,,,,,,0,,,,,0.987,Lane1
WCH2022-100m-W-R1-H7,2,2.0,0.127,0.1267,0.127,1.0,False,False,1028,1028,"LorA""ne Dorcas BAZOLO",POR,Lorène Dorcas BAZOLO,0.0,OK,1,1275.5,0.1308,-4.2,126.0,0.983,"Lane2 | 0.127 sec | 1028 LorA""ne Dorcas BAZOLO (POR)"
WCH2022-100m-W-R1-H7,3,3.0,0.125,0.125,0.125,1.0,False,False,1071,1071,Jovita ARUNIA,SOL,Jovita ARUNIA,1.0,OK,1,1274.5,0.1292,-4.2,57.0,0.983,Lane3 | 0.125 sec | 1071 Jovita ARUNIA (SOL)
WCH2022-100m-W-R1-H7,4,4.0,0.159,0.1583,0.159,1.0,False,False,618,618,Maria Isabel PA%oREZ,ESP,Maria Isabel PÉREZ,0.0,OK,1,1294.5,0.1508,7.5,119.0,0.913,Lane 4 | 0.159 sec | 618 Maria Isabel PA%oREZ (ESP)
WCH2022-100m-W-R1-H7,5,5.0,0.127,0.1267,0.127,1.0,False,False,1175,1175,Melissa JEFFERSON,USA,Melissa JEFFERSON-WOODEN,0.0,OK,1,1275.5,0.1308,-4.2,136.0,0.963,Lane5 | 0.127 sec | 1175 Melissa JEFFERSON (USA)
WCH2022-100m-W-R1-H7,6,6.0,0.117,0.1167,0.117,1.0,False,True,430,430,Bree MASTERS,AUS,Bree RIZZO,0.0,OK,1,1269.5,0.1225,-5.8,206.0,0.931,Lane 6 | 0.117 sec (Quickest) | 430 Bree MASTERS (AUS)
WCH2022-100m-W-R1-H7,7,7.0,0.124,0.1234,0.124,1.0,False,False,1084,1084,Mujinga KAMBUNDJI,SUI,Mujinga KAMBUNDJI,1.0,OK,1,1273.5,0.1275,-4.2,186.0,0.976,Lane7 | 0.124 sec | 1084 Mujinga KAMBUNDJI (SUI)
WCH2022-100m-W-R1-H7,8,8.0,0.119,0.1184,0.119,1.0,False,False,1024,1024,Ewa SWOBODA,POL,Ewa SWOBODA,1.0,OK,1,1270.5,0.1225,-4.2,154.0,0.943,Lane8 | 0.119 sec | 1024 Ewa SWOBODA (POL)
WCH2022-100m-W-R1-H7,9,9.0,,,,,False,False,,,,,,,,0,,,,,0.989,Lane9
WCH2022-100m-W-SF-H1,1,1.0,0.123,0.1234,0.123,1.0,False,True,551,551,Murielle AHOURA%o-DEMPS,CIV,Murielle AHOURÉ-DEMPS,0.0,OK,1,1273.5,0.1275,-4.2,185.0,0.985,Lane1 | 0.123 sec (Quickest) | 551 Murielle AHOURA%o-DEMPS (CIV)
WCH2022-100m-W-SF-H1,2,2.0,0.159,0.1583,0.159,1.0,False,False,846,846,Kemba NELSON,JAM,Kemba NELSON,1.0,OK,1,1294.5,0.1625,-4.2,158.0,0.942,Lane2 | 0.159 sec | 846 Kemba NELSON (JAM)
WCH2022-100m-W-SF-H1,3,3.0,0.143,0.1433,0.143,1.0,False,False,681,681,Dina ASHER-SMITH,GBR,Dina ASHER-SMITH,1.0,OK,1,1285.5,0.1475,-4.2,153.0,0.989,Lane3 | 0.143 sec | 681 Dina ASHER-SMITH (GBR)
WCH2022-100m-W-SF-H1,4,4.0,0.15,0.15,0.15,1.0,False,False,1211,1211,Twanisha TERRY,USA,Twanisha TERRY,1.0,OK,1,1289.5,0.1542,-4.2,170.0,0.913,Lane 4 | 0.150 sec | 1211 Twanisha TERRY (USA)
WCH2022-100m-W-SF-H1,5,5.0,,,0.095,,False,False,923,923,Julien ALFRED,LCA,Julien ALFRED,1.0,DQ,0,,,,,0.991,Lane5 | 923 Julien ALFRED (LCA)
WCH2022-100m-W-SF-H1,6,6.0,0.128,0.1284,0.128,1.0,False,False,840,840,Shericka JACKSON,JAM,Shericka JACKSON,1.0,OK,1,1276.5,0.1308,-2.5,153.0,0.931,Lane 6 | 0.128 sec | 840 Shericka JACKSON (JAM)
WCH2022-100m-W-SF-H1,7,7.0,0.194,0.1933,0.194,1.0,False,False,978,978,Aminatou SEYNI,NIG,Aminatou SEYNI,1.0,OK,1,1315.5,0.1975,-4.2,131.0,0.954,Lane7 | 0.194 sec | 978 Aminatou SEYNI (NIG)
WCH2022-100m-W-SF-H1,8,8.0,0.139,0.1383,0.139,1.0,False,False,970,970,Nzubechi Grace NWOKOCHA,NGR,Nzubechi Grace NWOKOCHA,1.0,OK,1,1282.5,0.1408,-2.5,125.0,0.907,Lane 8 | 0.139 sec | 970 Nzubechi Grace NWOKOCHA (NGR)
WCH2022-100m-W-SF-H1,9,9.0,,,,,False,False,,,,,,,,0,,,,,0.989,Lane9
WCH2022-100m-W-SF-H2,1,1.0,0.158,0.1583,0.158,1.0,False,False,488,488,Edidiong Ofinome ODIONG,BRN,Edidiong Ofinome ODIONG,1.0,OK,1,1294.5,0.1608,-2.5,119.0,0.975,Lane1 | 0.158 sec | 488 Edidiong Ofinome ODIONG (BRN)
WCH2022-100m-W-SF-H2,2,2.0,0.132,0.1317,0.132,1.0,False,False,530,530,Manqi GE,CHN,Manqi GE,1.0,OK,1,1278.5,0.1358,-4.2,126.0,0.975,Lane2 | 0.132 sec | 530 Manqi GE (CHN)
WCH2022-100m-W-SF-H2,3,3.0,0.131,0.1317,0.131,1.0,False,False,1084,1084,Mujinga KAMBUNDJI,SUI,Mujinga KAMBUNDJI,1.0,OK,1,1278.5,0.1358,-4.2,174.0,0.98,Lane3 | 0.131 sec | 1084 Mujinga KAMBUNDJI (SUI)
WCH2022-100m-W-SF-H2,4,4.0,0.14,0.14,0.14,1.0,False,False,1175,1175,Melissa JEFFERSON,USA,Melissa JEFFERSON,1.0,OK,1,1283.5,0.1442,-4.2,125.0,0.913,Lane 4 | 0.140 sec | 1175 Melissa JEFFERSON (USA)
WCH2022-100m-W-SF-H2,5,5.0,0.159,0.1583,0.159,1.0,False,False,554,554,Marie-JosACe TA LOU,CIV,Marie-Josée TA LOU,0.0,OK,1,1294.5,0.1625,-4.2,123.0,0.971,Lane5 | 0.159 sec | 554 Marie-JosACe TA LOU (CIV)
WCH2022-100m-W-SF-H2,6,6.0,0.128,0.1284,0.128,1.0,False,False,855,855,Elaine THOMPSON-HERAH,JAM,Elaine THOMPSON-HERAH,1.0,OK,1,1276.5,0.1325,-4.2,146.0,0.931,Lane 6 | 0.128 sec | 855 Elaine THOMPSON-HERAH (JAM)
WCH2022-100m-W-SF-H2,7,7.0,0.126,0.1267,0.126,1.0,False,False,1024,1024,EWa SWOBODA,POL,Ewa SWOBODA,1.0,OK,1,1275.5,0.1308,-4.2,146.0,0.931,Lane7 | 0.126 sec | 1024 EWa SWOBODA (POL)
WCH2022-100m-W-SF-H2,8,8.0,0.119,0.1184,0.119,1.0,False,True,447,447,Anthonique STRACHAN,BAH,Anthonique STRACHAN,1.0,OK,1,1270.5,0.1209,-2.5,114.0,0.961,Lane8 | 0.119 sec (Quickest) | 447 Anthonique STRACHAN (BAH)
WCH2022-100m-W-SF-H2,9,9.0,,,,,False,False,,,,,,,,0,,,,,0.989,Lane9
WCH2022-100m-W-SF-H3,1,1.0,0.163,0.1633,0.163,1.0,False,False,808,808,Zaynab DOSSO,ITA,Zaynab DOSSO,1.0,OK,1,1297.5,0.1675,-4.2,118.0,0.952,Lane1 | 0.163 sec | 808 Zaynab DOSSO (ITA)
WCH2022-100m-W-SF-H3,2,2.0,,,0.093,,False,False,444,444,TyNia GAITHER,BAH,TyNia GAITHER,1.0,DQ,0,,,,,0.969,Lane2 | 444 TyNia GAITHER (BAH)
WCH2022-100m-W-SF-H3,3,3.0,0.157,0.1567,0.157,1.0,False,False,704,704,Daryll NEITA,GBR,Daryll NEITA,1.0,OK,1,1293.5,0.1408,15.8,107.0,0.947,Lane3 | 0.157 sec | 704 Daryll NEITA (GBR)
WCH2022-100m-W-SF-H3,4,4.0,0.153,0.1533,0.153,1.0,False,False,836,836,Shelly-Ann FRASER-PRYCE,JAM,Shelly-Ann FRASER-PRYCE,1.0,OK,1,1291.5,0.1575,-4.2,112.0,0.913,Lane 4 | 0.153 sec | 836 Shelly-Ann FRASER-PRYCE (JAM)
WCH2022-100m-W-SF-H3,5,5.0,0.16,0.16,0.16,1.0,False,False,1171,1171,Aleia HOBBS,USA,Aleia HOBBS,1.0,OK,1,1295.5,0.1642,-4.2,115.0,0.967,Lane5 | 0.160 sec | 1171 Aleia HOBBS (USA)
WCH2022-100m-W-SF-H3,6,6.0,0.151,0.1517,0.151,1.0,False,False,993,993,Zoe HOBBS,NZL,Zoe HOBBS,1.0,OK,1,1290.5,0.1558,-4.2,202.0,0.931,Lane 6 | 0.151 sec | 993 Zoe HOBBS (NZL)
WCH2022-100m-W-SF-H3,7,7.0,0.182,0.1816,0.182,1.0,False,False,746,746,Gina LAceCKENKEMPER,GER,Gina LÜCKENKEMPER,0.0,OK,1,1308.5,0.1858,-4.2,141.0,0.983,Lane7 | 0.182 sec | 746 Gina LAceCKENKEMPER (GER)
WCH2022-100m-W-SF-H3,8,8.0,0.12,0.12,0.12,1.0,False,True,1109,1109,Michelle-Lee AHYE,TTO,Michelle-Lee AHYE,1.0,OK,1,1271.5,0.1242,-4.2,126.0,0.98,Lane8 | 0.120 sec (Quickest) | 1109 Michelle-Lee AHYE (TTO)
WCH2022-100m-W-SF-H3,9,9.0,,,,,False,False,,,,,,,,0,,,,,0.99,Lane9
WCH2022-100mH-W-F-H1,1,1.0,0.158,0.1583,0.158,1.0,False,False,716,716,Cindy SEMBER,GBR,Cindy SEMBER,1.0,OK,1,1294.5,0.1625,-4.2,180.0,0.954,Lane1 | 0.158 sec | 716 Cindy SEMBER (GBR)
WCH2022-100mH-W-F-H1,2,2.0,0.105,0.105,0.105,1.0,False,True,859,859,Danielle WILLIAMS,JAM,Danielle WILLIAMS,1.0,OK,1,1262.5,0.1092,-4.2,136.0,0.989,Lane2 | 0.105 sec (Quickest) | 859 Danielle WILLIAMS (JAM)
WCH2022-100mH-W-F-H1,3,3.0,0.145,0.145,0.145,1.0,False,False,1169,1169,Kendra HARRISON,USA,Kendra HARRISON,1.0,DQ,1,1286.5,0.1492,-4.2,119.0,0.996,Lane3 | 0.145 sec | 1169 Kendra HARRISON (USA)
WCH2022-100mH-W-F-H1,4,4.0,0.13,0.13,0.13,1.0,False,False,966,966,Tobi AMUSAN,NGR,Tobi AMUSAN,1.0,OK,1,1277.5,0.1358,-5.8,140.0,0.913,Lane 4 | 0.130 sec | 966 Tobi AMUSAN (NGR)
WCH2022-100mH-W-F-H1,5,5.0,0.129,0.1284,0.129,1.0,False,False,830,830,Britany ANDERSON,JAM,Britany ANDERSON,1.0,OK,1,1276.5,0.1308,-2.5,152.0,0.973,Lane5 | 0.129 sec | 830 Britany ANDERSON (JAM)
WCH2022-100mH-W-F-H1,6,6.0,0.125,0.125,0.125,1.0,False,False,1142,1142,Alia ARMSTRONG,USA,Alia ARMSTRONG,1.0,OK,1,1274.5,0.1308,-5.8,210.0,0.931,Lane 6 | 0.125 sec | 1142 Alia ARMSTRONG (USA)
WCH2022-100mH-W-F-H1,7,7.0,0.127,0.1267,0.127,1.0,False,False,1037,1037,Jasmine CAMACHO-QUINN,PUR,Jasmine CAMACHO-QUINN,1.0,OK,1,1275.5,0.1308,-4.2,166.0,0.969,Lane7 | 0.127 sec | 1037 Jasmine CAMACHO-QUINN (PUR)
WCH2022-100mH-W-F-H1,8,8.0,0.129,0.1284,0.129,1.0,False,False,443,443,Devynne CHARLTON,BAH,Devynne CHARLTON,1.0,OK,1,1276.5,0.1308,-2.5,130.0,0.941,Lane8 | 0.129 sec | 443 Devynne CHARLTON (BAH)
WCH2022-100mH-W-F-H1,9,9.0,,,,,False,False,,,,,,,,0,,,,,0.989,Lane9
WCH2022-100mH-W-R1-H1,1,1.0,,,,,False,False,,,,,,,,0,,,,,0.987,Lane1
WCH2022-100mH-W-R1-H1,2,2.0,0.137,0.1367,0.137,1.0,False,False,500,500,Michelle HARRISON,CAN,Michelle HARRISON,1.0,OK,1,1281.5,0.1275,9.2,92.0,0.983,Lane2 | 0.137 sec | 500 Michelle HARRISON (CAN)
WCH2022-100mH-W-R1-H1,3,3.0,0.13,0.13,0.13,1.0,False,True,583,583,MetteGRAVERSGAARD,DEN,Mette GRAVERSGAARD,1.0,OK,1,1277.5,0.1342,-4.2,107.0,0.982,Lane3 | 0.130 sec (Quickest) | 583MetteGRAVERSGAARD (DEN)
WCH2022-100mH-W-R1-H1,4,4.0,0.153,0.1533,0.153,1.0,False,False,830,830,Britany ANDERSON,JAM,Britany ANDERSON,1.0,OK,1,1291.5,0.1575,-4.2,136.0,0.913,Lane 4 | 0.153 sec | 830 Britany ANDERSON (JAM)
WCH2022-100mH-W-R1-H1,5,5.0,0.13,0.13,0.13,1.0,False,True,1138,1138,Nia ALI,USA,Nia ALI,1.0,DQ,1,1277.5,0.1342,-4.2,145.0,0.993,Lane5 | 0.130 sec (Quickest) | 1138 Nia ALI (USA)
WCH2022-100mH-W-R1-H1,6,6.0,0.158,0.1583,0.158,1.0,False,False,463,463,Anne ZAGRA%o,BEL,Anne ZAGRÉ,0.0,OK,1,1294.5,0.1642,-5.8,144.0,0.931,Lane 6 | 0.158 sec | 463 Anne ZAGRA%o (BEL)
WCH2022-100mH-W-R1-H1,7,7.0,0.148,0.1483,0.148,1.0,False,False,1107,1107,Naomi AKAKPO,TOG,Naomi AKAKPO,1.0,OK,1,1288.5,0.1525,-4.2,142.0,0.95,Lane7 | 0.148 sec | 1107 Naomi AKAKPO (TOG)
WCH2022-100mH-W-R1-H1,8,8.0,0.138,0.1383,0.138,1.0,False,False,569,569,Greisys L. ROBLE,CUB,Greisys L. ROBLE,1.0,OK,1,1282.5,0.1425,-4.2,125.0,0.907,Lane 8 | 0.138 sec | 569 Greisys L. ROBLE (CUB)
WCH2022-100mH-W-R1-H1,9,9.0,,,,,False,False,,,,,,,,0,,,,,0.99,Lane9
WCH2022-100mH-W-R1-H2,1,1.0,,,,,False,False,,,,,,,,0,,,,,0.987,Lane1
WCH2022-100mH-W-R1-H2,2,2.0,0.108,0.1084,0.108,1.0,False,True,677,677,CyrAOna SAMBA-MAYELA,FRA,Cyréna SAMBA-MAYELA,0.0,OK,1,1264.5,0.1125,-4.2,130.0,0.949,Lane2 | 0.108 sec (Quickest) | 677 CyrAOna SAMBA-MAYELA (FRA)
WCH2022-100mH-W-R1-H2,3,3.0,0.147,0.1467,0.147,1.0,False,False,961,961,ZoA《 SEDNEY,NED,Zoë SEDNEY,0.0,OK,1,1287.5,0.1508,-4.2,104.0,0.98,Lane3 | 0.147 sec | 961 ZoA《 SEDNEY (NED)
WCH2022-100mH-W-R1-H2,4,4.0,0.124,0.1234,0.124,1.0,False,False,1019,1019,Klaudia SICIARZ,POL,Klaudia SICIARZ,1.0,OK,1,1273.5,0.1275,-4.2,109.0,0.913,Lane 4 | 0.124 sec | 1019 Klaudia SICIARZ (POL)
WCH2022-100mH-W-R1-H2,5,5.0,0.136,0.1367,0.136,1.0,False,False,468,468,Ketiley BATISTA,BRA,Ketiley BATISTA,1.0,OK,1,1281.5,0.1408,-4.2,89.0,0.973,Lane5 | 0.136 sec | 468 Ketiley BATISTA (BRA)
WCH2022-100mH-W-R1-H2,6,6.0,0.162,0.1617,0.162,1.0,False,False,1093,1093,"Noemi ZBA,REN",SUI,Noemi ZBÄREN,0.0,OK,1,1296.5,0.1658,-4.2,207.0,0.931,"Lane 6 | 0.162 sec | 1093 Noemi ZBA,REN (SUI)"
WCH2022-100mH-W-R1-H2,7,7.0,0.185,0.185,0.185,1.0,False,False,1037,1037,Jasmine CAMACHO-QUINN,PUR,Jasmine CAMACHO-QUINN,1.0,OK,1,1310.5,0.1891,-4.2,163.0,0.974,Lane7 | 0.185 sec | 1037 Jasmine CAMACHO-QUINN (PUR)
WCH2022-100mH-W-R1-H2,8,8.0,0.124,0.1234,0.124,1.0,False,False,443,443,Devynne CHARLTON,BAH,Devynne CHARLTON,1.0,OK,1,1273.5,0.1275,-4.2,129.0,0.939,Lane8 | 0.124 sec | 443 Devynne CHARLTON (BAH)
WCH2022-100mH-W-R1-H2,9,9.0,,,,,False,False,,,,,,,,0,,,,,0.989,Lane9
WCH2022-100mH-W-R1-H3,1,1.0,,,,,False,False,,,,,,,,0,,,,,0.987,Lane1
WCH2022-100mH-W-R1-H3,2,2.0,0.14,0.14,0.14,1.0,False,False,929,929,Sidonie FIADANANTSOA,MAD,Sidonie FIADANANTSOA,1.0,OK,1,1283.5,0.1442,-4.2,86.0,0.966,Lane2 | 0.140 sec | 929 Sidonie FIADANANTSOA (MAD)
WCH2022-100mH-W-R1-H3,3,3.0,0.135,0.135,0.135,1.0,False,False,966,966,Tobi AMUSAN,NGR,Tobi AMUSAN,1.0,OK,1,1280.5,0.1392,-4.2,123.0,0.966,Lane3 | 0.135 sec | 966 Tobi AMUSAN(NGR)
WCH2022-100mH-W-R1-H3,4,4.0,0.117,0.1167,0.117,1.0,False,True,787,787,Sarah LAVIN,IRL,Sarah LAVIN,1.0,OK,1,1269.5,0.1209,-4.2,98.0,0.913,Lane 4 | 0.117 sec (Quickest) | 787 Sarah LAVIN (IRL)
WCH2022-100mH-W-R1-H3,5,5.0,0.163,0.1633,0.163,1.0,False,False,432,432,Celeste MUCCI,AUS,Celeste MUCCI,1.0,OK,1,1297.5,0.1675,-4.2,157.0,0.989,Lane5 | 0.163 sec | 432 Celeste MUCCI (AUS)
WCH2022-100mH-W-R1-H3,6,6.0,0.119,0.1184,0.119,1.0,False,False,922,922,Ebony MORRISON,LBR,Ebony MORRISON,1.0,OK,1,1270.5,0.1225,-4.2,170.0,0.931,Lane 6 | 0.119 sec | 922 Ebony MORRISON (LBR)
WCH2022-100mH-W-R1-H3,7,7.0,0.137,0.1367,0.137,1.0,False,False,1083,1083,Ditaji KAMBUNDJI,SUI,Ditaji KAMBUNDJI,1.0,OK,1,1281.5,0.1425,-5.8,129.0,0.974,Lane7 | 0.137 sec | 1083 Ditaji KAMBUNDJI (SUI)
WCH2022-100mH-W-R1-H3,8,8.0,0.194,0.1933,0.194,1.0,False,False,859,859,Danielle WILLIAMS,JAM,Danielle WILLIAMS,1.0,OK,1,1315.5,0.1991,-5.8,140.0,0.975,Lane8 | 0.194 sec | 859 Danielle WILLIAMS (JAM)
WCH2022-100mH-W-R1-H3,9,9.0,,,,,False,False,,,,,,,,0,,,,,0.99,Lane9
WCH2022-100mH-W-R1-H4,1,1.0,,,,,False,False,,,,,,,,0,,,,,0.987,Lane1
WCH2022-100mH-W-R1-H4,2,2.0,0.169,0.1683,0.169,1.0,False,False,1177,1177,Alaysha JOHNSON,USA,Alaysha JOHNSON,1.0,DQ,1,1300.5,0.1742,-5.8,176.0,0.978,Lane2 | 0.169sec | 1177 Alaysha JOHNSON (USA)
WCH2022-100mH-W-R1-H4,3,3.0,0.107,0.1067,0.107,1.0,False,True,575,575,Helena JIRANOVA,CZE,Helena JIRANOVÁ,0.0,OK,1,1263.5,0.1109,-4.2,139.0,0.974,Lane3 | 0.107 sec (Quickest) | 575 Helena JIRANOVA (CZE)
WCH2022-100mH-W-R1-H4,4,4.0,0.165,0.165,0.165,1.0,False,False,1042,1042,Paola VAZQUEZ,PUR,Paola VAZQUEZ,1.0,OK,1,1298.5,0.1692,-4.2,148.0,0.913,Lane 4 | 0.165 sec | 1042 Paola VAZQUEZ (PUR)
WCH2022-100mH-W-R1-H4,5,5.0,0.122,0.1217,0.122,1.0,False,False,558,558,Andrea Carolina VARGAS,CRC,Andrea Carolina VARGAS,1.0,OK,1,1272.5,0.1259,-4.2,133.0,0.967,Lane5 | 0.122 sec | 558 Andrea Carolina VARGAS (CRC)
WCH2022-100mH-W-R1-H4,6,6.0,0.13,0.13,0.13,1.0,False,False,414,414,Liz CLAY,AUS,Liz CLAY,1.0,DQ,1,1277.5,0.1342,-4.2,168.0,0.931,Lane 6 | 0.130 sec | 414 Liz CLAY (AUS)
WCH2022-100mH-W-R1-H4,7,7.0,0.131,0.1317,0.131,1.0,False,False,1020,1020,Pia SKRZYSZOWSKA,POL,Pia SKRZYSZOWSKA,1.0,OK,1,1278.5,0.1358,-4.2,104.0,0.978,Lane7 | 0.131 sec | 1020 Pia SKRZYSZOWSKA (POL)
WCH2022-100mH-W-R1-H4,8,8.0,0.136,0.1367,0.136,1.0,False,False,965,965,Nadine VISSER,NED,Nadine VISSER,1.0,OK,1,1281.5,0.1408,-4.2,127.0,0.964,Lane8 | 0.136 sec | 965 Nadine VISSER (NED)
WCH2022-100mH-W-R1-H4,9,9.0,,,,,False,False,,,,,,,,0,,,,,0.989,Lane9
WCH2022-100mH-W-R1-H5,1,1.0,,,,,False,False,,,,,,,,0,,,,,0.987,Lane1
WCH2022-100mH-W-R1-H5,2,2.0,0.166,0.1667,0.166,1.0,False,False,853,853,Megan TAPPER,JAM,Megan TAPPER,1.0,OK,1,1299.5,0.1708,-4.2,152.0,0.946,Lane2 | 0.166 sec | 853 Megan TAPPER (JAM)
WCH2022-100mH-W-R1-H5,3,3.0,0.149,0.1483,0.149,1.0,False,False,1142,1142,Alia ARMSTRONG,USA,Alia ARMSTRONG,1.0,OK,1,1288.5,0.1525,-4.2,175.0,0.991,Lane3 | 0.149 sec | 1142 Alia ARMSTRONG (USA)
WCH2022-100mH-W-R1-H5,4,4.0,0.176,0.1767,0.176,1.0,False,False,776,776,Mulern JEAN,HAI,Mulern JEAN,1.0,DNF,1,1305.5,0.1458,30.8,80.0,0.913,Lane 4 | 0.176 sec | 776 Mulern JEAN (HAI)
WCH2022-100mH-W-R1-H5,5,5.0,0.181,0.1816,0.181,1.0,False,False,667,667,Laeticia BAPTA%o,FRA,Laeticia BAPTÉ,0.0,OK,1,1308.5,0.1858,-4.2,149.0,0.988,Lane5 | 0.181 sec | 667 Laeticia BAPTA%o (FRA)
WCH2022-100mH-W-R1-H5,6,6.0,0.14,0.14,0.14,1.0,False,False,1048,1048,Marione FOURIE,RSA,Marione FOURIE,1.0,OK,1,1283.5,0.1442,-4.2,144.0,0.931,Lane 6 | 0.140 sec | 1048 Marione FOURIE (RSA)
WCH2022-100mH-W-R1-H5,7,7.0,0.108,0.1084,0.108,1.0,False,True,866,866,Mak0 FUKUBE,JPN,Mako FUKUBE,0.0,OK,1,1264.5,0.1109,-2.5,106.0,0.951,Lane7 | 0.108 sec (Quickest) | 866 Mak0 FUKUBE (JPN)
WCH2022-100mH-W-R1-H5,8,8.0,,,,,False,False,,,,,,,,0,,,,,0.989,Lane8
WCH2022-100mH-W-R1-H5,9,9.0,,,,,False,False,,,,,,,,0,,,,,0.99,Lane9
WCH2022-100mH-W-R1-H6,1,1.0,,,,,False,False,,,,,,,,0,,,,,0.987,Lane1
WCH2022-100mH-W-R1-H6,2,2.0,0.127,0.1267,0.127,1.0,False,True,807,807,Elisa Maria DI LAZZARO,ITA,Elisa Maria DI LAZZARO,1.0,OK,1,1275.5,0.1308,-4.2,111.0,0.97,Lane2 | 0.127 sec (Quickest) | 807 Elisa Maria DI LAZZARO (ITA)
WCH2022-100mH-W-R1-H6,3,3.0,0.131,0.1317,0.131,1.0,False,False,425,425,Michelle JENNEKE,AUS,Michelle JENNEKE,1.0,OK,1,1278.5,0.1358,-4.2,162.0,0.958,Lane3 | 0.131 sec | 425 Michelle JENNEKE (AUS)
WCH2022-100mH-W-R1-H6,4,4.0,0.182,0.1816,0.182,1.0,False,False,1169,1169,Kendra HARRISON,USA,Kendra HARRISON,1.0,OK,1,1308.5,0.1858,-4.2,185.0,0.913,Lane 4 | 0.182 sec | 1169 Kendra HARRISON (USA)
WCH2022-100mH-W-R1-H6,5,5.0,0.149,0.1483,0.149,1.0,False,False,716,716,CindySEMBER,GBR,Cindy SEMBER,1.0,OK,1,1288.5,0.1525,-4.2,165.0,0.943,Lane5 | 0.149 sec | 716CindySEMBER (GBR)
WCH2022-100mH-W-R1-H6,6,6.0,0.134,0.1333,0.134,1.0,False,False,864,864,Masumi AOKI,JPN,Masumi AOKI,1.0,OK,1,1279.5,0.1375,-4.2,169.0,0.931,Lane 6 | 0.134 sec | 864 Masumi AOKI (JPN)
WCH2022-100mH-W-R1-H6,7,7.0,0.129,0.1284,0.129,1.0,False,False,650,650,Reetta HURSKE,FIN,Reetta HURSKE,1.0,OK,1,1276.5,0.1308,-2.5,129.0,0.969,Lane7 | 0.129 sec | 650 Reetta HURSKE (FIN)
WCH2022-100mH-W-R1-H6,8,8.0,0.199,0.1983,0.199,1.0,False,False,1225,1225,Yoveinny MOTA,VEN,Yoveinny MOTA,1.0,OK,1,1318.5,0.2025,-4.2,116.0,0.989,Lane8 | 0.199 sec | 1225 Yoveinny MOTA (VEN)
WCH2022-100mH-W-R1-H6,9,9.0,,,,,False,False,,,,,,,,0,,,,,0.99,Lane9
WCH2022-100mH-W-R1-H7,1,1.0,,,,,False,False,,,,,,,,0,,,,,0.987,Lane1
WCH2022-100mH-W-R1-H7,2,2.0,,,,,False,False,,,,,,,,0,,,,,0.992,Lane2
WCH2022-100mH-W-R1-H7,3,3.0,,,,,False,False,,,,,,,,0,,,,,0.996,Lane3
WCH2022-100mH-W-R1-H7,4,4.0,,,,,False,False,,,,,,,,0,,,,,0.992,Lane4
WCH2022-100mH-W-R1-H7,5,5.0,,,,,False,False,,,,,,,,0,,,,,0.993,Lane5
WCH2022-100mH-W-R1-H7,6,6.0,0.187,0.1866,0.187,1.0,False,True,463,463,Anne ZAGRA%o,BEL,Anne ZAGRÉ,0.0,OK,1,1311.5,0.1908,-4.2,144.0,0.931,Lane 6 | 0.187 sec (Quickest) | 463 Anne ZAGRA%o (BEL)
WCH2022-100mH-W-R1-H7,7,7.0,,,,,False,False,,,,,,,,0,,,,,0.996,Lane7
WCH2022-100mH-W-R1-H7,8,8.0,,,,,False,False,,,,,,,,0,,,,,0.987,Lane8
WCH2022-100mH-W-R1-H7,9,9.0,,,,,False,False,,,,,,,,0,,,,,0.985,Lane9
WCH2022-100mH-W-SF-H1,1,1.0,0.119,0.1184,0.119,1.0,False,False,866,866,Mako FUKUBE,JPN,Mako FUKUBE,1.0,OK,1,1270.5,0.1225,-4.2,111.0,0.972,Lane1 | 0.119 sec | 866 Mako FUKUBE (JPN)
WCH2022-100mH-W-SF-H1,2,2.0,0.134,0.1333,0.134,1.0,False,False,1083,1083,Ditaji KAMBUNDJI,SUI,Ditaji KAMBUNDJI,1.0,OK,1,1279.5,0.1375,-4.2,132.0,0.972,Lane2 | 0.134 sec | 1083 Ditaji KAMBUNDJI (SUI)
WCH2022-100mH-W-SF-H1,3,3.0,0.105,0.105,0.105,1.0,False,True,859,859,Danielle WILLIAMS,JAM,Danielle WILLIAMS,1.0,OK,1,1262.5,0.1092,-4.2,144.0,0.979,Lane3 | 0.105 sec (Quickest) | 859 Danielle WILLIAMS (JAM)
WCH2022-100mH-W-SF-H1,4,4.0,0.144,0.1433,0.144,1.0,False,False,966,966,Tobi AMUSAN,NGR,Tobi AMUSAN,1.0,OK,1,1285.5,0.1475,-4.2,118.0,0.913,Lane 4 | 0.144 sec | 966 Tobi AMUSAN (NGR)
WCH2022-100mH-W-SF-H1,5,5.0,0.158,0.1583,0.158,1.0,False,False,716,716,Cindy SEMBER,GBR,Cindy SEMBER,1.0,OK,1,1294.5,0.1608,-2.5,187.0,0.985,Lane5 | 0.158 sec | 716 Cindy SEMBER (GBR)
WCH2022-100mH-W-SF-H1,6,6.0,0.155,0.155,0.155,1.0,False,False,1169,1169,Kendra HARRISON,USA,Kendra HARRISON,1.0,OK,1,1292.5,0.1592,-4.2,131.0,0.931,Lane 6 | 0.155 sec | 1169 Kendra HARRISON (USA)
WCH2022-100mH-W-SF-H1,7,7.0,0.12,0.12,0.12,1.0,False,False,425,425,Michelle JENNEKE,AUS,Michelle JENNEKE,1.0,OK,1,1271.5,0.1242,-4.2,171.0,0.981,Lane7 | 0.120 sec | 425 Michelle JENNEKE (AUS)
WCH2022-100mH-W-SF-H1,8,8.0,0.154,0.1533,0.154,1.0,False,False,558,558,Andrea Carolina VARGAS,CRC,Andrea Carolina VARGAS,1.0,OK,1,1291.5,0.1575,-4.2,164.0,0.989,Lane8 | 0.154 sec | 558 Andrea Carolina VARGAS (CRC)
WCH2022-100mH-W-SF-H1,9,9.0,,,,,False,False,,,,,,,,0,,,,,0.989,Lane9
WCH2022-100mH-W-SF-H2,1,1.0,0.143,0.1433,0.143,1.0,False,False,432,432,Celeste MUCCI,AUS,Celeste MUCCI,1.0,DQ,1,1285.5,0.1475,-4.2,176.0,0.96,Lane1 | 0.143 sec | 432 Celeste MUCCI (AUS)
WCH2022-100mH-W-SF-H2,2,2.0,0.123,0.1234,0.123,1.0,False,False,864,864,Masumi AOKI,JPN,Masumi AOKI,1.0,OK,1,1273.5,0.1292,-5.8,156.0,0.949,Lane2 | 0.123 sec | 864 Masumi AOKI (JPN)
WCH2022-100mH-W-SF-H2,3,3.0,0.138,0.1383,0.138,1.0,False,False,443,443,Devynne CHARLTON,BAH,Devynne CHARLTON,1.0,OK,1,1282.5,0.1408,-2.5,148.0,0.952,Lane3 | 0.138 sec | 443 Devynne CHARLTON (BAH)
WCH2022-100mH-W-SF-H2,4,4.0,0.173,0.1733,0.173,1.0,False,False,853,853,Megan TAPPER,JAM,Megan TAPPER,1.0,OK,1,1303.5,0.1775,-4.2,178.0,0.913,Lane 4 | 0.173 sec | 853 Megan TAPPER (JAM)
WCH2022-100mH-W-SF-H2,5,5.0,0.153,0.1533,0.153,1.0,False,False,1142,1142,Alia ARMSTRONG,USA,Alia ARMSTRONG,1.0,OK,1,1291.5,0.1592,-5.8,157.0,0.986,Lane5 | 0.153 sec | 1142 Alia ARMSTRONG (USA)
WCH2022-100mH-W-SF-H2,6,6.0,0.119,0.1184,0.119,1.0,False,True,1020,1020,Pia SKRZYSZOWSKA,POL,Pia SKRZYSZOWSKA,1.0,OK,1,1270.5,0.1209,-2.5,128.0,0.954,Lane 6 | 0.119 sec (Quickest) | 1020 Pia SKRZYSZOWSKA (POL)
WCH2022-100mH-W-SF-H2,7,7.0,0.128,0.1284,0.128,1.0,False,False,1048,1048,Marione FOURIE,RSA,Marione FOURIE,1.0,OK,1,1276.5,0.1308,-2.5,124.0,0.97,Lane7 | 0.128 sec | 1048 Marione FOURIE (RSA)
WCH2022-100mH-W-SF-H2,8,8.0,0.134,0.1333,0.134,1.0,False,False,583,583,Mette GRAVERSGAARD,DEN,Mette GRAVERSGAARD,1.0,OK,1,1279.5,0.1375,-4.2,104.0,0.98,Lane8 | 0.134 sec | 583 Mette GRAVERSGAARD (DEN)
WCH2022-100mH-W-SF-H2,9,9.0,,,,,False,False,,,,,,,,0,,,,,0.989,Lane9
WCH2022-100mH-W-SF-H3,1,1.0,0.157,0.1567,0.157,1.0,False,False,667,667,Laeticia BAPTA%o,FRA,Laeticia BAPTÉ,0.0,OK,1,1293.5,0.1625,-5.8,150.0,0.954,Lane1 | 0.157 sec | 667 Laeticia BAPTA%o (FRA)
WCH2022-100mH-W-SF-H3,2,2.0,0.113,0.1134,0.113,1.0,False,False,650,650,Reetta HURSKE,FIN,Reetta HURSKE,1.0,OK,1,1267.5,0.1175,-4.2,131.0,0.992,Lane2 | 0.113 sec | 650 Reetta HURSKE (FIN)
WCH2022-100mH-W-SF-H3,3,3.0,0.143,0.1433,0.143,1.0,False,False,830,830,Britany ANDERSON,JAM,Britany ANDERSON,1.0,OK,1,1285.5,0.1475,-4.2,153.0,0.969,Lane3 | 0.143 sec | 830 Britany ANDERSON (JAM)
WCH2022-100mH-W-SF-H3,4,4.0,0.106,0.1067,0.106,1.0,False,True,500,500,Michelle HARRISON,CAN,Michelle HARRISON,1.0,OK,1,1263.5,0.1109,-4.2,98.0,0.913,Lane 4 | 0.106 sec (Quickest) | 500 Michelle HARRISON (CAN)
WCH2022-100mH-W-SF-H3,5,5.0,0.126,0.1267,0.126,1.0,False,False,1037,1037,Jasmine CAMACHO-QUINN,PUR,Jasmine CAMACHO-QUINN,1.0,OK,1,1275.5,0.1308,-4.2,146.0,0.961,Lane5 | 0.126 sec | 1037 Jasmine CAMACHO-QUINN (PUR)
WCH2022-100mH-W-SF-H3,6,6.0,0.125,0.125,0.125,1.0,False,False,965,965,Nadine VISSER,NED,Nadine VISSER,1.0,OK,1,1274.5,0.1292,-4.2,189.0,0.924,Lane 6 | 0.125 sec | 965 Nadine VISSER (NED)
WCH2022-100mH-W-SF-H3,7,7.0,0.117,0.1167,0.117,1.0,False,False,787,787,SarahLAVIN,IRL,Sarah LAVIN,1.0,OK,1,1269.5,0.1209,-4.2,113.0,0.959,Lane7 | 0.117 sec | 787SarahLAVIN (IRL)
WCH2022-100mH-W-SF-H3,8,8.0,0.164,0.1633,0.164,1.0,False,False,1093,1093,"Noemi ZBA,REN",SUI,Noemi ZBÄREN,0.0,OK,1,1297.5,0.1675,-4.2,205.0,0.988,"Lane8 | 0.164 sec | 1093 Noemi ZBA,REN (SUI)"
WCH2022-100mH-W-SF-H3,9,9.0,,,,,False,False,,,,,,,,0,,,,,0.99,Lane9
WCH2022-110mH-M-F-H1,1,1.0,0.108,0.1084,0.108,1.0,False,True,1565,1565,Shane BRATHWAITE,BAR,Shane BRATHWAITE,1.0,DQ,1,1264.5,0.1125,-4.2,199.0,0.968,Lane1 | 0.108 sec (Quickest) | 1565 Shane BRATHWAITE (BAR)
WCH2022-110mH-M-F-H1,2,2.0,0.14,0.14,0.14,1.0,False,False,2218,2218,Damian CZYKIER,POL,Damian CZYKIER,1.0,OK,1,1283.5,0.1442,-4.2,180.0,0.946,Lane2 | 0.140 sec | 2218 Damian CZYKIER (POL)
WCH2022-110mH-M-F-H1,3,3.0,,,0.099,,False,False,2350,2350,Devon ALLEN,USA,Devon ALLEN,1.0,DQ,0,,,,,0.995,Lane3 | 2350 Devon ALLEN (USA)
WCH2022-110mH-M-F-H1,4,4.0,0.124,0.1234,0.124,1.0,False,False,2385,2385,Grant HOLLOWAY,USA,Grant HOLLOWAY,1.0,OK,1,1273.5,0.1292,-5.8,216.0,0.921,Lane 4 | 0.124 sec | 2385 Grant HOLLOWAY (USA)
WCH2022-110mH-M-F-H1,5,5.0,,,,,False,False,2033,2033,Hansle PARCHMENT,JAM,Hansle PARCHMENT,1.0,DNS,0,,,,,0.969,Lane5 | 2033 Hansle PARCHMENT (JAM)
WCH2022-110mH-M-F-H1,6,6.0,0.109,0.1084,0.109,1.0,False,False,2370,2370,Trey CUNNINGHAM,USA,Trey CUNNINGHAM,1.0,OK,1,1264.5,0.1142,-5.8,202.0,0.926,Lane 6 | 0.109 sec | 2370 Trey CUNNINGHAM (USA)
WCH2022-110mH-M-F-H1,7,7.0,0.145,0.145,0.145,1.0,False,False,1892,1892,Joshua ZELLER,GBR,Joshua ZELLER,1.0,OK,1,1286.5,0.1475,-2.5,157.0,0.959,Lane7 | 0.145 sec | 1892 Joshua ZELLER (GBR)
WCH2022-110mH-M-F-H1,8,8.0,0.126,0.1267,0.126,1.0,False,False,1772,1772,Asier MARTANEZ,ESP,Asier MARTÍNEZ,0.0,OK,1,1275.5,0.1308,-4.2,150.0,0.977,Lane8 | 0.126 sec | 1772 Asier MARTANEZ (ESP)
WCH2022-110mH-M-F-H1,9,9.0,,,,,False,False,,,,,,,,0,,,,,0.988,Lane9
WCH2022-110mH-M-R1-H1,1,1.0,0.134,0.1333,0.134,1.0,False,False,1838,1838,PaScal MARTINOT-LAGARDE,FRA,Pascal MARTINOT-LAGARDE,1.0,OK,1,1279.5,0.1375,-4.2,187.0,0.965,Lane1 | 0.134 sec | 1838 PaScal MARTINOT-LAGARDE (FRA)
WCH2022-110mH-M-R1-H1,2,2.0,0.12,0.12,0.12,1.0,False,False,1885,1885,Andrew POZZI,GBR,Andrew POZZI,1.0,OK,1,1271.5,0.1242,-4.2,226.0,0.965,Lane2 | 0.120 sec | 1885 Andrew POZZI (GBR)
WCH2022-110mH-M-R1-H1,3,3.0,0.114,0.1134,0.114,1.0,False,True,2329,2329,Mikdat SEVLER,TUR,Mikdat SEVLER,1.0,OK,1,1267.5,0.1192,-5.8,182.0,0.97,Lane3 | 0.114 sec (Quickest) | 2329 Mikdat SEVLER (TUR)
WCH2022-110mH-M-R1-H1,4,4.0,0.115,0.115,0.115,1.0,False,False,2370,2370,Trey CUNNINGHAM,USA,Trey CUNNINGHAM,1.0,OK,1,1268.5,0.1175,-2.5,182.0,0.913,Lane 4 | 0.115 sec | 2370 Trey CUNNINGHAM (USA)
WCH2022-110mH-M-R1-H1,5,5.0,0.121,0.1217,0.121,1.0,False,False,1720,1720,Petr SVOBODA,CZE,Petr SVOBODA,1.0,OK,1,1272.5,0.1242,-2.5,211.0,0.967,Lane5 | 0.121 sec | 1720 Petr SVOBODA (CZE)
WCH2022-110mH-M-R1-H1,6,6.0,0.149,0.1483,0.149,1.0,False,False,2153,2153,Jeremie LARARAUDEUSE,MRI,Jeremie LARARAUDEUSE,1.0,OK,1,1288.5,0.1525,-4.2,212.0,0.954,Lane 6 | 0.149 sec | 2153 Jeremie LARARAUDEUSE (MRI)
WCH2022-110mH-M-R1-H1,7,7.0,0.14,0.14,0.14,1.0,False,False,2292,2292,Jason JOSEPH,SUI,Jason JOSEPH,1.0,OK,1,1283.5,0.1458,-5.8,212.0,0.979,Lane7 | 0.140 sec | 2292 Jason JOSEPH (SUI)
WCH2022-110mH-M-R1-H1,8,8.0,0.139,0.1383,0.139,1.0,False,False,2022,2022,Rasheed BROADBELL,JAM,Rasheed BROADBELL,1.0,OK,1,1282.5,0.1408,-2.5,179.0,0.968,Lane8 | 0.139 sec | 2022 Rasheed BROADBELL (JAM)
WCH2022-110mH-M-R1-H1,9,9.0,,,,,False,False,,,,,,,,0,,,,,0.99,Lane9
WCH2022-110mH-M-R1-H2,1,1.0,0.147,0.1467,0.147,1.0,False,False,2385,2385,Grant HOLLOWAY,USA,Grant HOLLOWAY,1.0,OK,1,1287.5,0.1525,-5.8,217.0,0.973,Lane1 | 0.147 sec | 2385 Grant HOLLOWAY (USA)
WCH2022-110mH-M-R1-H2,2,2.0,0.134,0.1333,0.134,1.0,False,False,2314,2314,Kuei-Ru CHEN,TPE,Kuei-Ru CHEN,1.0,OK,1,1279.5,0.1392,-5.8,220.0,0.961,Lane2 | 0.134 sec | 2314 Kuei-Ru CHEN (TPE)
WCH2022-110mH-M-R1-H2,3,3.0,0.146,0.1467,0.146,1.0,False,False,2218,2218,Damian CZYKIER,POL,Damian CZYKIER,1.0,OK,1,1287.5,0.1508,-4.2,182.0,0.971,Lane3 | 0.146 sec | 2218 Damian CZYKIER (POL)
WCH2022-110mH-M-R1-H2,4,4.0,0.153,0.1533,0.153,1.0,False,False,1539,1539,Nicholas HOUGH,AUS,Nicholas HOUGH,1.0,OK,1,1291.5,0.1575,-4.2,209.0,0.913,Lane 4 | 0.153 sec | 1539 Nicholas HOUGH (AUS)
WCH2022-110mH-M-R1-H2,5,5.0,0.126,0.1267,0.126,1.0,False,False,1892,1892,Joshua ZELLER,GBR,Joshua ZELLER,1.0,OK,1,1275.5,0.1308,-4.2,140.0,0.993,Lane5 | 0.126 sec | 1892 Joshua ZELLER (GBR)
WCH2022-110mH-M-R1-H2,6,6.0,0.179,0.1783,0.179,1.0,False,False,2275,2275,Louis FranAsois MENDY,SEN,Louis François MENDY,0.0,OK,1,1306.5,0.1841,-5.8,225.0,0.931,Lane 6 | 0.179 sec | 2275 Louis FranAsois MENDY (SEN)
WCH2022-110mH-M-R1-H2,7,7.0,0.116,0.1167,0.116,1.0,False,True,1680,1680,Wenjun XIE,CHN,Wenjun XIE,1.0,OK,1,1269.5,0.1209,-4.2,170.0,0.971,Lane7 | 0.116 sec (Quickest) | 1680 Wenjun XIE (CHN)
WCH2022-110mH-M-R1-H2,8,8.0,0.134,0.1333,0.134,1.0,False,False,1625,1625,Eduardo RODRIGUES,BRA,Eduardo RODRIGUES,1.0,OK,1,1279.5,0.1375,-4.2,153.0,0.989,Lane8 | 0.134 sec | 1625 Eduardo RODRIGUES (BRA)
WCH2022-110mH-M-R1-H2,9,9.0,,,,,False,False,,,,,,,,0,,,,,0.99,Lane9
WCH2022-110mH-M-R1-H3,1,1.0,0.134,0.1333,0.134,1.0,False,False,1503,1503,Amine BOUANANI,ALG,Amine BOUANANI,1.0,OK,1,1279.5,0.1375,-4.2,165.0,0.958,Lane1 | 0.134 sec | 1503 Amine BOUANANI (ALG)
WCH2022-110mH-M-R1-H3,2,2.0,0.137,0.1367,0.137,1.0,False,False,1772,1772,Asier MARTANEZ,ESP,Asier MARTÍNEZ,0.0,OK,1,1281.5,0.1408,-4.2,151.0,0.992,Lane2 | 0.137 sec | 1772 Asier MARTANEZ (ESP)
WCH2022-110mH-M-R1-H3,3,3.0,0.144,0.1433,0.144,1.0,False,False,2053,2053,Shuhei ISHIKAWA,JPN,Shuhei ISHIKAWA,1.0,OK,1,1285.5,0.1475,-4.2,198.0,0.972,Lane3 | 0.144 sec | 2053 Shuhei ISHIKAWA (JPN)
WCH2022-110mH-M-R1-H3,4,4.0,0.179,0.1783,0.179,1.0,False,False,2415,2415,Daniel ROBERTS,USA,Daniel ROBERTS,1.0,DQ,1,1306.5,0.1825,-4.2,213.0,0.913,Lane 4 | 0.179 sec | 2415 Daniel ROBERTS (USA)
WCH2022-110mH-M-R1-H3,5,5.0,0.159,0.1583,0.159,1.0,False,False,2018,2018,Orlando BENNETT,JAM,Orlando BENNETT,1.0,OK,1,1294.5,0.1625,-4.2,206.0,0.972,Lane5 | 0.159 sec | 2018 Orlando BENNETT (JAM)
WCH2022-110mH-M-R1-H3,6,6.0,0.132,0.1317,0.132,1.0,False,True,1851,1851,Sasha ZHOYA,FRA,Sasha ZHOYA,1.0,OK,1,1278.5,0.1425,-10.8,181.0,0.931,Lane 6 | 0.132 sec (Quickest) | 1851 Sasha ZHOYA (FRA)
WCH2022-110mH-M-R1-H3,7,7.0,0.14,0.14,0.14,1.0,False,False,1660,1660,Rasheem BROWN,CAY,Rasheem BROWN,1.0,OK,1,1283.5,0.1442,-4.2,188.0,0.982,Lane7 | 0.140 sec | 1660 Rasheem BROWN (CAY)
WCH2022-110mH-M-R1-H3,8,8.0,0.145,0.145,0.145,1.0,False,False,1926,1926,Gregor TRABER,GER,Gregor TRABER,1.0,OK,1,1286.5,0.1492,-4.2,218.0,0.956,Lane8 | 0.145 sec | 1926 Gregor TRABER (GER)
WCH2022-110mH-M-R1-H3,9,9.0,,,,,False,False,,,,,,,,0,,,,,0.99,Lane9
WCH2022-110mH-M-R1-H4,1,1.0,0.143,0.1433,0.143,1.0,False,False,1816,1816,Elmo LAKKA,FIN,Elmo LAKKA,1.0,OK,1,1285.5,0.1475,-4.2,175.0,0.937,Lane1 | 0.143 sec | 1816 Elmo LAKKA (FIN)
WCH2022-110mH-M-R1-H4,2,2.0,0.15,0.15,0.15,1.0,False,False,1835,1835,Just KWAOU-MATHEY,FRA,Just KWAOU-MATHEY,1.0,OK,1,1289.5,0.1542,-4.2,204.0,0.971,Lane2 | 0.150 sec | 1835 Just KWAOU-MATHEY (FRA)
WCH2022-110mH-M-R1-H4,3,3.0,0.134,0.1333,0.134,1.0,False,True,1565,1565,Shane BRATHWAITE,BAR,Shane BRATHWAITE,1.0,OK,1,1279.5,0.1392,-5.8,195.0,0.976,Lane3 | 0.134 sec (Quickest) | 1565 Shane BRATHWAITE (BAR)
WCH2022-110mH-M-R1-H4,4,4.0,0.153,0.1533,0.153,1.0,False,False,2033,2033,Hansle PARCHMENT,JAM,Hansle PARCHMENT,1.0,OK,1,1291.5,0.1575,-4.2,179.0,0.913,Lane 4 | 0.153 sec | 2033 Hansle PARCHMENT (JAM)
WCH2022-110mH-M-R1-H4,5,5.0,0.137,0.1367,0.137,1.0,False,False,1770,1770,Enrique LLOPIS,ESP,Enrique LLOPIS,1.0,OK,1,1281.5,0.1408,-4.2,184.0,0.955,Lane5 | 0.137 sec | 1770 Enrique LLOPIS (ESP)
WCH2022-110mH-M-R1-H4,6,6.0,0.14,0.14,0.14,1.0,False,False,1624,1624,Rafael PEREIRA,BRA,Rafael PEREIRA,1.0,OK,1,1283.5,0.1442,-4.2,220.0,0.954,Lane 6 | 0.140 sec | 1624 Rafael PEREIRA (BRA)
WCH2022-110mH-M-R1-H4,7,7.0,0.198,0.1983,0.198,1.0,False,False,1533,1533,Chris DOUGLAS,AUS,Chris DOUGLAS,1.0,OK,1,1318.5,0.2025,-4.2,194.0,0.955,Lane7 | 0.198 sec | 1533 Chris DOUGLAS (AUS)
WCH2022-110mH-M-R1-H4,8,8.0,0.182,0.1816,0.182,1.0,False,False,2063,2063,Rachid MURATAKE,JPN,Rachid MURATAKE,1.0,OK,1,1308.5,0.1858,-4.2,147.0,0.959,Lane8 | 0.182 sec | 2063 Rachid MURATAKE (JPN)
WCH2022-110mH-M-R1-H4,9,9.0,,,,,False,False,,,,,,,,0,,,,,0.989,Lane9
WCH2022-110mH-M-R1-H5,1,1.0,0.128,0.1284,0.128,1.0,False,False,2056,2056,Shunsuke IZUMIYA,JPN,Shunsuke IZUMIYA,1.0,OK,1,1276.5,0.1325,-4.2,176.0,0.954,Lane1 | 0.128 sec | 2056 Shunsuke IZUMIYA (JPN)
WCH2022-110mH-M-R1-H5,2,2.0,0.12,0.12,0.12,1.0,False,False,2117,2117,Wellington ZAZA,LBR,Wellington ZAZA,1.0,OK,1,1271.5,0.1242,-4.2,218.0,0.971,Lane2 | 0.120 sec | 2117 Wellington ZAZA (LBR)
WCH2022-110mH-M-R1-H5,3,3.0,0.123,0.1234,0.123,1.0,False,False,2350,2350,Devon ALLEN,USA,Devon ALLEN,1.0,OK,1,1273.5,0.1275,-4.2,210.0,0.988,Lane3 | 0.123 sec | 2350 Devon ALLEN (USA)
WCH2022-110mH-M-R1-H5,4,4.0,0.133,0.1333,0.133,1.0,False,False,1709,1709,Milan TRAJKOVIC,CYP,Milan TRAJKOVIC,1.0,OK,1,1279.5,0.1392,-5.8,218.0,0.913,Lane 4 | 0.133 sec | 1709 Milan TRAJKOVIC (CYP)
WCH2022-110mH-M-R1-H5,5,5.0,0.117,0.1167,0.117,1.0,False,False,1877,1877,David KING,GBR,David KING,1.0,OK,1,1269.5,0.1209,-4.2,136.0,0.987,Lane5 | 0.117 sec | 1877 David KING (GBR)
WCH2022-110mH-M-R1-H5,6,6.0,0.136,0.1367,0.136,1.0,False,False,2152,2152,Richard DIAWARA,MLI,Richard DIAWARA,1.0,OK,1,1281.5,0.1408,-4.2,214.0,0.931,Lane 6 | 0.136 sec | 2152 Richard DIAWARA (MLI)
WCH2022-110mH-M-R1-H5,7,7.0,0.15,0.15,0.15,1.0,False,False,1606,1606,Gabriel CONSTANTINO,BRA,Gabriel CONSTANTINO,1.0,DQ,1,1289.5,0.1542,-4.2,187.0,0.964,Lane7 | 0.150 sec | 1606 Gabriel CONSTANTINO (BRA)
WCH2022-110mH-M-R1-H5,8,8.0,0.116,0.1167,0.116,1.0,False,True,2248,2248,Antonio ALKANA,RSA,Antonio ALKANA,1.0,OK,1,1269.5,0.1209,-4.2,190.0,0.97,Lane8 | 0.116 sec (Quickest) | 2248 Antonio ALKANA (RSA)
WCH2022-110mH-M-R1-H5,9,9.0,,,,,False,False,,,,,,,,0,,,,,0.99,Lane9
WCH2022-110mH-M-SF-H1,1,1.0,0.144,0.1433,0.144,1.0,False,False,2053,2053,Shuhei ISHIKAWA,JPN,Shuhei ISHIKAWA,1.0,OK,1,1285.5,0.1475,-4.2,182.0,0.987,Lane1 | 0.144 sec | 2053 Shuhei ISHIKAWA (JPN)
WCH2022-110mH-M-SF-H1,2,2.0,0.139,0.1383,0.139,1.0,False,False,2018,2018,Orlando BENNETT,JAM,Orlando BENNETT,1.0,OK,1,1282.5,0.1442,-5.8,210.0,0.963,Lane2 | 0.139 sec | 2018 Orlando BENNETT (JAM)
WCH2022-110mH-M-SF-H1,3,3.0,0.13,0.13,0.13,1.0,False,False,1503,1503,Amine BOUANANI,ALG,Amine BOUANANI,1.0,OK,1,1277.5,0.1358,-5.8,177.0,0.972,Lane3 | 0.130 sec | 1503 Amine BOUANANI (ALG)
WCH2022-110mH-M-SF-H1,4,4.0,0.125,0.125,0.125,1.0,False,False,1624,1624,Rafael PEREIRA,BRA,Rafael PEREIRA,1.0,OK,1,1274.5,0.1292,-4.2,226.0,0.913,Lane 4 | 0.125 sec | 1624 Rafael PEREIRA (BRA)
WCH2022-110mH-M-SF-H1,5,5.0,0.124,0.1234,0.124,1.0,False,True,1892,1892,JoshuaZELLER,GBR,Joshua ZELLER,1.0,OK,1,1273.5,0.1275,-4.2,134.0,0.991,Lane5 | 0.124 sec (Quickest) | 1892JoshuaZELLER (GBR)
WCH2022-110mH-M-SF-H1,6,6.0,0.128,0.1284,0.128,1.0,False,False,2385,2385,Grant HOLLOWAY,USA,Grant HOLLOWAY,1.0,OK,1,1276.5,0.1342,-5.8,212.0,0.931,Lane 6 | 0.128 sec | 2385 Grant HOLLOWAY (USA)
WCH2022-110mH-M-SF-H1,7,7.0,0.149,0.1483,0.149,1.0,False,False,2292,2292,Jason JOSEPH,SUI,Jason JOSEPH,1.0,OK,1,1288.5,0.1525,-4.2,215.0,0.973,Lane7 | 0.149 sec | 2292 Jason JOSEPH (SUI)
WCH2022-110mH-M-SF-H1,8,8.0,0.154,0.1533,0.154,1.0,False,False,1851,1851,Sasha ZHOYA,FRA,Sasha ZHOYA,1.0,OK,1,1291.5,0.1575,-4.2,158.0,0.951,Lane8 | 0.154 sec | 1851 Sasha ZHOYA (FRA)
WCH2022-110mH-M-SF-H1,9,9.0,,,,,False,False,,,,,,,,0,,,,,0.99,Lane9
WCH2022-110mH-M-SF-H2,1,1.0,0.129,0.1284,0.129,1.0,False,False,1838,1838,PaScal MARTINOT-LAGARDE,FRA,Pascal MARTINOT-LAGARDE,1.0,OK,1,1276.5,0.1342,-5.8,187.0,0.981,Lane1 | 0.129 sec | 1838 PaScal MARTINOT-LAGARDE (FRA)
WCH2022-110mH-M-SF-H2,2,2.0,0.12,0.12,0.12,1.0,False,False,1877,1877,David KING,GBR,David KING,1.0,OK,1,1271.5,0.1242,-4.2,161.0,0.992,Lane2 | 0.120 sec | 1877 David KING (GBR)
WCH2022-110mH-M-SF-H2,3,3.0,0.12,0.12,0.12,1.0,False,False,2370,2370,Trey CUNNINGHAM,USA,Trey CUNNINGHAM,1.0,OK,1,1271.5,0.1259,-5.8,208.0,0.965,Lane3 | 0.120 sec | 2370 Trey CUNNINGHAM (USA)
WCH2022-110mH-M-SF-H2,4,4.0,0.129,0.1284,0.129,1.0,False,False,2022,2022,Rasheed BROADBELL,JAM,Rasheed BROADBELL,1.0,OK,1,1276.5,0.1325,-4.2,213.0,0.913,Lane 4 | 0.129 sec | 2022 Rasheed BROADBELL (JAM)
WCH2022-110mH-M-SF-H2,5,5.0,0.142,0.1417,0.142,1.0,False,False,1709,1709,Milan TRAJKOVIC,CYP,Milan TRAJKOVIC,1.0,OK,1,1284.5,0.1458,-4.2,216.0,0.948,Lane5 | 0.142 sec | 1709 Milan TRAJKOVIC (CYP)
WCH2022-110mH-M-SF-H2,6,6.0,0.141,0.1417,0.141,1.0,False,False,1772,1772,Asier MARTANEZ,ESP,Asier MARTÍNEZ,0.0,OK,1,1284.5,0.1458,-4.2,157.0,0.931,Lane 6 | 0.141 sec | 1772 Asier MARTANEZ (ESP)
WCH2022-110mH-M-SF-H2,7,7.0,0.13,0.13,0.13,1.0,False,False,1625,1625,Eduardo RODRIGUES,BRA,Eduardo RODRIGUES,1.0,OK,1,1277.5,0.1342,-4.2,151.0,0.981,Lane7 | 0.130 sec | 1625 Eduardo RODRIGUES (BRA)
WCH2022-110mH-M-SF-H2,8,8.0,0.112,0.1117,0.112,1.0,False,True,2056,2056,Shunsuke IZUMIYA,JPN,Shunsuke IZUMIYA,1.0,OK,1,1266.5,0.1142,-2.5,160.0,0.983,Lane8 | 0.112 sec (Quickest) | 2056 Shunsuke IZUMIYA (JPN)
WCH2022-110mH-M-SF-H2,9,9.0,,,,,False,False,,,,,,,,0,,,,,0.989,Lane9
WCH2022-110mH-M-SF-H3,1,1.0,0.131,0.1317,0.131,1.0,False,False,1539,1539,Nicholas HOUGH,AUS,Nicholas HOUGH,1.0,OK,1,1278.5,0.1358,-4.2,204.0,0.977,Lane1 | 0.131 sec | 1539 Nicholas HOUGH (AUS)
WCH2022-110mH-M-SF-H3,2,2.0,0.113,0.1134,0.113,1.0,False,False,1770,1770,Enrique LLOPIS,ESP,Enrique LLOPIS,1.0,OK,1,1267.5,0.1175,-4.2,209.0,0.967,Lane2 | 0.113 sec | 1770 Enrique LLOPIS (ESP)
WCH2022-110mH-M-SF-H3,3,3.0,0.128,0.1284,0.128,1.0,False,False,2033,2033,Hansle PARCHMENT,JAM,Hansle PARCHMENT,1.0,OK,1,1276.5,0.1342,-5.8,175.0,0.961,Lane3 | 0.128 sec | 2033 Hansle PARCHMENT (JAM)
WCH2022-110mH-M-SF-H3,4,4.0,0.148,0.1483,0.148,1.0,False,False,1835,1835,Just KWAOU-MATHEY,FRA,Just KWAOU-MATHEY,1.0,OK,1,1288.5,0.1508,-2.5,206.0,0.913,Lane 4 | 0.148 sec | 1835 Just KWAOU-MATHEY (FRA)
WCH2022-110mH-M-SF-H3,5,5.0,0.101,0.1017,0.101,1.0,False,True,2350,2350,Devon ALLEN,USA,Devon ALLEN,1.0,OK,1,1260.5,0.1059,-4.2,211.0,0.976,Lane5 | 0.101 sec (Quickest) | 2350 Devon ALLEN (USA)
WCH2022-110mH-M-SF-H3,6,6.0,0.135,0.135,0.135,1.0,False,False,2218,2218,Damian CZYKIER,POL,Damian CZYKIER,1.0,OK,1,1280.5,0.1392,-4.2,216.0,0.931,Lane 6 | 0.135 sec | 2218 Damian CZYKIER (POL)
WCH2022-110mH-M-SF-H3,7,7.0,0.141,0.1417,0.141,1.0,False,False,1885,1885,Andrew POZZI,GBR,Andrew POZZI,1.0,OK,1,1284.5,0.1458,-4.2,220.0,0.957,Lane7 | 0.141 sec | 1885 Andrew POZZI (GBR)
WCH2022-110mH-M-SF-H3,8,8.0,0.115,0.115,0.115,1.0,False,False,1565,1565,Shane BRATHWAITE,BAR,Shane BRATHWAITE,1.0,OK,1,1268.5,0.1192,-4.2,196.0,0.985,Lane8 | 0.115 sec | 1565 Shane BRATHWAITE (BAR)
WCH2022-110mH-M-SF-H3,9,9.0,,,,,False,False,,,,,,,,0,,,,,0.989,Lane9
WCH2022-200m-M-F-H1,1,1.0,0.118,0.1184,0.118,1.0,False,True,2247,2247,Luxolo ADAMS,RSA,Luxolo ADAMS,1.0,OK,1,1270.5,0.1225,-4.2,202.0,0.971,Lane1 | 0.118 sec (Quickest) | 2247 Luxolo ADAMS (RSA)
WCH2022-200m-M-F-H1,2,2.0,0.124,0.1234,0.124,1.0,False,False,2320,2320,Jereem RICHARDS,TTO,Jereem RICHARDS,1.0,OK,1,1273.5,0.1275,-4.2,177.0,0.973,Lane2 | 0.124 sec | 2320 Jereem RICHARDS (TTO)
WCH2022-200m-M-F-H1,3,3.0,0.153,0.1533,0.153,1.0,False,False,2396,2396,Erriyon KNIGHTON,USA,Erriyon KNIGHTON,1.0,OK,1,1291.5,0.1575,-4.2,180.0,0.971,Lane3 | 0.153 sec | 2396 Erriyon KNIGHTON (USA)
WCH2022-200m-M-F-H1,4,4.0,0.127,0.1267,0.127,1.0,False,False,1740,1740,Alexander OGANDO,DOM,Alexander OGANDO,1.0,OK,1,1275.5,0.1325,-5.8,188.0,0.913,Lane 4 | 0.127 sec | 1740 Alexander OGANDO (DOM)
WCH2022-200m-M-F-H1,5,5.0,0.143,0.1433,0.143,1.0,False,False,2355,2355,Kenneth BEDNAREK,USA,Kenneth BEDNAREK,1.0,OK,1,1285.5,0.1508,-7.5,208.0,0.97,Lane5 | 0.143 sec | 2355 Kenneth BEDNAREK (USA)
WCH2022-200m-M-F-H1,6,6.0,0.141,0.1417,0.141,1.0,False,False,2400,2400,Noah LYLES,USA,Noah LYLES,1.0,OK,1,1284.5,0.1442,-2.5,182.0,0.931,Lane 6 | 0.141 sec | 2400 Noah LYLES (USA)
WCH2022-200m-M-F-H1,7,7.0,0.151,0.1517,0.151,1.0,False,False,2115,2115,Joseph FAHNBULLEH,LBR,Joseph FAHNBULLEH,1.0,OK,1,1290.5,0.1558,-4.2,181.0,0.974,Lane7 | 0.151 sec | 2115 Joseph FAHNBULLEH (LBR)
WCH2022-200m-M-F-H1,8,8.0,0.143,0.1433,0.143,1.0,False,False,1639,1639,Aaron BROWN,CAN,Aaron BROWN,1.0,OK,1,1285.5,0.1475,-4.2,217.0,0.983,Lane8 | 0.143 sec | 1639 Aaron BROWN (CAN)
WCH2022-200m-M-F-H1,9,9.0,,,,,False,False,,,,,,,,0,,,,,0.99,Lane9
WCH2022-200m-M-R1-H1,1,1.0,,,,,False,False,,,,,,,,0,,,,,0.987,Lane1
WCH2022-200m-M-R1-H1,2,2.0,0.128,0.1284,0.128,1.0,False,False,1626,1626,Lucas RODRIGUES DA SILVA,BRA,Lucas RODRIGUES DA SILVA,1.0,OK,1,1276.5,0.1325,-4.2,205.0,0.99,Lane2 | 0.128 sec | 1626 Lucas RODRIGUES DA SILVA (BRA)
WCH2022-200m-M-R1-H1,3,3.0,0.146,0.1467,0.146,1.0,False,False,2215,2215,Terrence TALIO,PNG,Terrence TALIO,1.0,DQ,1,1287.5,0.1508,-4.2,157.0,0.944,Lane3 | 0.146 sec | 2215 Terrence TALIO (PNG)
WCH2022-200m-M-R1-H1,4,4.0,0.123,0.1234,0.123,1.0,False,True,2115,2115,Joseph FAHNBULLEH,LBR,Joseph FAHNBULLEH,1.0,OK,1,1273.5,0.1275,-4.2,190.0,0.991,Lane4 | 0.123 sec (Quickest) | 2115 Joseph FAHNBULLEH (LBR)
WCH2022-200m-M-R1-H1,5,5.0,0.126,0.1267,0.126,1.0,False,False,1638,1638,Jerome BLAKE,CAN,Jerome BLAKE,1.0,OK,1,1275.5,0.1308,-4.2,192.0,0.985,Lane5 | 0.126 sec | 1638 Jerome BLAKE (CAN)
WCH2022-200m-M-R1-H1,6,6.0,0.145,0.145,0.145,1.0,False,False,1933,1933,Joseph Paul AMOAH,GHA,Joseph Paul AMOAH,1.0,OK,1,1286.5,0.1492,-4.2,207.0,0.931,Lane 6 | 0.145 sec | 1933 Joseph Paul AMOAH (GHA)
WCH2022-200m-M-R1-H1,7,7.0,0.127,0.1267,0.127,1.0,False,False,2074,2074,Koki UEYAMA,JPN,Koki UEYAMA,1.0,OK,1,1275.5,0.1308,-4.2,198.0,0.986,Lane7 | 0.127 sec | 2074 Koki UEYAMA (JPN)
WCH2022-200m-M-R1-H1,8,8.0,0.151,0.1517,0.151,1.0,False,False,1867,1867,Joe FERGUSON,GBR,Joe FERGUSON,1.0,OK,1,1290.5,0.1558,-4.2,208.0,0.907,Lane 8 | 0.151 sec | 1867 Joe FERGUSON (GBR)
WCH2022-200m-M-R1-H1,9,9.0,,,,,False,False,,,,,,,,0,,,,,0.989,Lane9
WCH2022-200m-M-R1-H2,1,1.0,,,,,False,False,,,,,,,,0,,,,,0.987,Lane1
WCH2022-200m-M-R1-H2,2,2.0,0.128,0.1284,0.128,1.0,False,False,1724,1724,Simon HANSEN,DEN,Simon HANSEN,1.0,OK,1,1276.5,0.1342,-5.8,203.0,0.986,Lane2 | 0.128 sec | 1724 Simon HANSEN (DEN)
WCH2022-200m-M-R1-H2,3,3.0,0.136,0.1367,0.136,1.0,False,False,2320,2320,Jereem RICHARDS,TTO,Jereem RICHARDS,1.0,OK,1,1281.5,0.1408,-4.2,171.0,0.946,Lane3 | 0.136 sec | 2320 Jereem RICHARDS (TTO)
WCH2022-200m-M-R1-H2,4,4.0,0.13,0.13,0.13,1.0,False,False,2052,2052,Shota IIZUKA,JPN,Shota IIZUKA,1.0,OK,1,1277.5,0.1358,-5.8,218.0,0.913,Lane 4 | 0.130 sec | 2052 Shota IIZUKA (JPN)
WCH2022-200m-M-R1-H2,5,5.0,0.138,0.1383,0.138,1.0,False,False,1639,1639,Aaron BROWN,CAN,Aaron BROWN,1.0,OK,1,1282.5,0.1408,-2.5,223.0,0.958,Lane5 | 0.138 sec | 1639 Aaron BROWN (CAN)
WCH2022-200m-M-R1-H2,6,6.0,0.164,0.1633,0.164,1.0,False,False,1950,1950,Joseph GREEN,GUM,Joseph GREEN,1.0,OK,1,1297.5,0.1675,-4.2,153.0,0.954,Lane 6 | 0.164 sec | 1950 Joseph GREEN (GUM)
WCH2022-200m-M-R1-H2,7,7.0,0.117,0.1167,0.117,1.0,False,True,1706,1706,Shainer RENGIFO MONTOYA,CUB,Shainer REGINFO MONTOYA,0.0,OK,1,1269.5,0.1209,-4.2,172.0,0.983,Lane7 | 0.117 sec (Quickest) | 1706 Shainer RENGIFO MONTOYA (CUB)
WCH2022-200m-M-R1-H2,8,8.0,0.151,0.1517,0.151,1.0,False,False,2259,2259,Shaun MASWANGANYI,RSA,Shaun MASWANGANYI,1.0,OK,1,1290.5,0.1558,-4.2,186.0,0.965,Lane8 | 0.151 sec | 2259 Shaun MASWANGANYI (RSA)
WCH2022-200m-M-R1-H2,9,9.0,,,,,False,False,,,,,,,,0,,,,,0.99,Lane9
WCH2022-200m-M-R1-H3,1,1.0,,,,,False,False,,,,,,,,0,,,,,0.987,Lane1
WCH2022-200m-M-R1-H3,2,2.0,0.166,0.1667,0.166,1.0,False,False,2021,2021,Akeem BLOOMFIELD,JAM,Akeem BLOOMFIELD,1.0,OK,1,1299.5,0.1708,-4.2,194.0,0.984,Lane2 | 0.166 sec | 2021 Akeem BLOOMFIELD (JAM)
WCH2022-200m-M-R1-H3,3,3.0,0.174,0.1733,0.174,1.0,False,False,2396,2396,Erriyon KNIGHTON,USA,Erriyon KNIGHTON,1.0,OK,1,1303.5,0.1775,-4.2,175.0,0.95,Lane3 | 0.174sec | 2396 Erriyon KNIGHTON (USA)
WCH2022-200m-M-R1-H3,4,4.0,0.146,0.1467,0.146,1.0,False,False,2439,2439,Tinotenda MATIYENGA,ZIM,Tinotenda MATIYENGA,1.0,OK,1,1287.5,0.1508,-4.2,204.0,0.913,Lane 4 | 0.146 sec | 2439 Tinotenda MATIYENGA (ZIM)
WCH2022-200m-M-R1-H3,5,5.0,0.161,0.1617,0.161,1.0,False,False,2305,2305,Sibusiso MATSENJWA,SWZ,Sibusiso MATSENJWA,1.0,OK,1,1296.5,0.1658,-4.2,194.0,0.915,Lane5 | 0.161 sec | 2305 Sibusiso MATSENJWA (SWZ)
WCH2022-200m-M-R1-H3,6,6.0,0.127,0.1267,0.127,1.0,False,True,2247,2247,Luxolo ADAMS,RSA,Luxolo ADAMS,1.0,OK,1,1275.5,0.1342,-7.5,214.0,0.931,Lane 6 | 0.127 sec (Quickest) | 2247 Luxolo ADAMS (RSA)
WCH2022-200m-M-R1-H3,7,7.0,0.146,0.1467,0.146,1.0,False,False,1738,1738,Yancarlos MARTANEZ,DOM,Yancarlos MARTÍNEZ,0.0,OK,1,1287.5,0.1508,-4.2,191.0,0.952,Lane7 | 0.146 sec | 1738 Yancarlos MARTANEZ (DOM)
WCH2022-200m-M-R1-H3,8,8.0,0.129,0.1284,0.129,1.0,False,False,1882,1882,Nethaneel MITCHELL-BLAKE,GBR,Nethaneel MITCHELL-BLAKE,1.0,OK,1,1276.5,0.1325,-4.2,185.0,0.98,Lane8 | 0.129 sec | 1882 Nethaneel MITCHELL-BLAKE (GBR)
WCH2022-200m-M-R1-H3,9,9.0,,,,,False,False,,,,,,,,0,,,,,0.99,Lane9
WCH2022-200m-M-R1-H4,1,1.0,,,,,False,False,,,,,,,,0,,,,,0.987,Lane1
WCH2022-200m-M-R1-H4,2,2.0,0.139,0.1383,0.139,1.0,False,False,2355,2355,Kenneth BEDNAREK,USA,Kenneth BEDNAREK,1.0,OK,1,1282.5,0.1425,-4.2,195.0,0.965,Lane2 | 0.139sec | 2355 Kenneth BEDNAREK (USA)
WCH2022-200m-M-R1-H4,3,3.0,0.158,0.1583,0.158,1.0,False,False,2340,2340,Tarsis Gracious OROGOT,UGA,Tarsis Gracious OROGOT,1.0,OK,1,1294.5,0.1625,-4.2,151.0,0.928,Lane3 | 0.158 sec | 2340 Tarsis Gracious OROGOT (UGA)
WCH2022-200m-M-R1-H4,4,4.0,0.123,0.1234,0.123,1.0,False,True,1995,1995,EseosaFostineDESALU,ITA,Eseosa Fostine DESALU,1.0,OK,1,1273.5,0.1275,-4.2,156.0,0.913,Lane 4 | 0.123 sec (Quickest) | 1995EseosaFostineDESALU (ITA)
WCH2022-200m-M-R1-H4,5,5.0,0.157,0.1567,0.157,1.0,False,False,1697,1697,Hachim MAAROUFOU,COM,Hachim MAAROUFOU,1.0,OK,1,1293.5,0.1625,-5.8,207.0,0.975,Lane5 | 0.157 sec | 1697 Hachim MAAROUFOU (COM)
WCH2022-200m-M-R1-H4,6,6.0,0.141,0.1417,0.141,1.0,False,False,1740,1740,Alexander OGANDO,DOM,Alexander OGANDO,1.0,OK,1,1284.5,0.1458,-4.2,198.0,0.931,Lane 6 | 0.141 sec | 1740 Alexander OGANDO (DOM)
WCH2022-200m-M-R1-H4,7,7.0,0.133,0.1333,0.133,1.0,False,False,1830,1830,Mouhamadou FALL,FRA,Mouhamadou FALL,1.0,DQ,1,1279.5,0.1375,-4.2,204.0,0.982,Lane7 | 0.133 sec | 1830 Mouhamadou FALL (FRA)
WCH2022-200m-M-R1-H4,8,8.0,0.209,0.2083,,,False,False,1511,1511,MarCOs SANTOS,ANG,Marcos SANTOS,1.0,DQ,1,1324.5,0.2125,-4.2,199.0,0.94,Lane8 | 0.209 sec | 1511 MarCOs SANTOS (ANG)
WCH2022-200m-M-R1-H4,9,9.0,,,,,False,False,,,,,,,,0,,,,,0.99,Lane9
WCH2022-200m-M-R1-H5,1,1.0,,,,,False,False,,,,,,,,0,,,,,0.987,Lane1
WCH2022-200m-M-R1-H5,2,2.0,0.144,0.1433,0.144,1.0,False,False,1546,1546,Aidan MURPHY,AUS,Aidan MURPHY,1.0,OK,1,1285.5,0.1475,-4.2,182.0,0.963,Lane2 | 0.144 sec | 1546 Aidan MURPHY (AUS)
WCH2022-200m-M-R1-H5,3,3.0,0.124,0.1234,0.124,1.0,False,True,2020,2020,Yohan BLAKE,JAM,Yohan BLAKE,1.0,OK,1,1273.5,0.1292,-5.8,214.0,0.964,Lane3 | 0.124 sec (Quickest) | 2020 Yohan BLAKE (JAM)
WCH2022-200m-M-R1-H5,4,4.0,0.137,0.1367,0.137,1.0,False,False,2389,2389,Fred KERLEY,USA,Fred KERLEY,1.0,OK,1,1281.5,0.1408,-4.2,213.0,0.913,Lane 4 | 0.137 sec | 2389 Fred KERLEY (USA)
WCH2022-200m-M-R1-H5,5,5.0,0.134,0.1333,0.134,1.0,False,False,2250,2250,Sinesipho DAMBILE,RSA,Sinesipho DAMBILE,1.0,OK,1,1279.5,0.1375,-4.2,208.0,0.952,Lane5 | 0.134 sec | 2250 Sinesipho DAMBILE (RSA)
WCH2022-200m-M-R1-H5,6,6.0,0.156,0.1567,0.156,1.0,False,False,2294,2294,William REAIS,SUI,William REAIS,1.0,OK,1,1293.5,0.1492,7.5,134.0,0.954,Lane 6 | 0.156 sec | 2294 William REAIS (SUI)
WCH2022-200m-M-R1-H5,7,7.0,0.134,0.1333,0.134,1.0,False,False,2184,2184,Udodi Chudi ONWUZURIKE,NGR,Udodi Chudi ONWUZURIKE,1.0,OK,1,1279.5,0.1375,-4.2,199.0,0.949,Lane7 | 0.134 sec | 2184 Udodi Chudi ONWUZURIKE (NGR)
WCH2022-200m-M-R1-H5,8,8.0,,,,,False,False,1686,1686,Emmanuel ESEME,CMR,Emmanuel ESEME,1.0,DNS,0,,,,,0.962,Lane8 | 1686 Emmanuel ESEME (CMR)
WCH2022-200m-M-R1-H5,9,9.0,,,,,False,False,,,,,,,,0,,,,,0.99,Lane9
WCH2022-200m-M-R1-H6,1,1.0,,,,,False,False,,,,,,,,0,,,,,0.987,Lane1
WCH2022-200m-M-R1-H6,2,2.0,,,,,False,False,1640,1640,Andre DE GRASSE,CAN,Andre DE GRASSE,1.0,DNS,0,,,,,0.99,Lane2 | 1640 Andre DE GRASSE (CAN)
WCH2022-200m-M-R1-H6,3,3.0,0.133,0.1333,0.133,1.0,False,False,1868,1868,Adam GEMILI,GBR,Adam GEMILI,1.0,OK,1,1279.5,0.1392,-5.8,202.0,0.994,Lane3 | 0.133 sec | 1868 Adam GEMILI (GBR)
WCH2022-200m-M-R1-H6,4,4.0,0.133,0.1333,0.133,1.0,False,False,1540,1540,Calab LAW,AUS,Calab LAW,1.0,OK,1,1279.5,0.1375,-4.2,193.0,0.913,Lane 4 | 0.133 sec | 1540 Calab LAW (AUS)
WCH2022-200m-M-R1-H6,5,5.0,0.148,0.1483,0.148,1.0,False,False,2012,2012,Filippo TORTU,ITA,Filippo TORTU,1.0,OK,1,1288.5,0.1508,-2.5,211.0,0.969,Lane5 | 0.148 sec | 2012 Filippo TORTU (ITA)
WCH2022-200m-M-R1-H6,6,6.0,,,,,False,False,2060,2060,Yuki KOIKE,JPN,Yuki KOIKE,1.0,DNS,0,,,,,0.924,Lane 6 | 2060 Yuki KOIKE (JPN)
WCH2022-200m-M-R1-H6,7,7.0,0.129,0.1284,0.129,1.0,False,True,2210,2210,Alons0 EDWARD,PAN,Alonso EDWARD,0.0,OK,1,1276.5,0.1325,-4.2,193.0,0.957,Lane7 | 0.129 sec (Quickest) | 2210 Alons0 EDWARD (PAN)
WCH2022-200m-M-R1-H6,8,8.0,0.15,0.15,0.15,1.0,False,False,1853,1853,Guy MAGANGA GORRA,GAB,Guy MAGANGA GORRA,1.0,OK,1,1289.5,0.1542,-4.2,166.0,0.926,Lane8 | 0.150 sec | 1853 Guy MAGANGA GORRA (GAB)
WCH2022-200m-M-R1-H6,9,9.0,,,,,False,False,,,,,,,,0,,,,,0.99,Lane9
WCH2022-200m-M-R1-H7,1,1.0,,,,,False,False,,,,,,,,0,,,,,0.987,Lane1
WCH2022-200m-M-R1-H7,2,2.0,0.136,0.1367,0.136,1.0,False,False,1893,1893,Owen ANSAH,GER,Owen ANSAH,1.0,OK,1,1281.5,0.1408,-4.2,182.0,0.944,Lane2 | 0.136 sec | 1893 Owen ANSAH (GER)
WCH2022-200m-M-R1-H7,3,3.0,0.189,0.1883,0.189,1.0,False,False,2400,2400,Noah LYLES,USA,Noah LYLES,1.0,OK,1,1312.5,0.1925,-4.2,150.0,0.953,Lane3 | 0.189 sec | 2400 Noah LYLES (USA)
WCH2022-200m-M-R1-H7,4,4.0,0.132,0.1317,0.132,1.0,False,False,1712,1712,Jan JIRKA,CZE,Jan JIRKA,1.0,OK,1,1278.5,0.1358,-4.2,129.0,0.913,Lane 4 | 0.132 sec | 1712 Jan JIRKA (CZE)
WCH2022-200m-M-R1-H7,5,5.0,0.161,0.1617,0.161,1.0,False,False,1631,1631,Lucas VILAR,BRA,Lucas VILAR,1.0,OK,1,1296.5,0.1658,-4.2,216.0,0.95,Lane5 | 0.161 sec | 1631 Lucas VILAR (BRA)
WCH2022-200m-M-R1-H7,6,6.0,0.14,0.14,0.14,1.0,False,False,2025,2025,Rasheed DWYER,JAM,Rasheed DWYER,1.0,OK,1,1283.5,0.1442,-4.2,209.0,0.949,Lane 6 | 0.140 sec | 2025 Rasheed DWYER (JAM)
WCH2022-200m-M-R1-H7,7,7.0,0.159,0.1583,0.159,1.0,False,False,1681,1681,Zhenye XIE,CHN,Zhenye XIE,1.0,OK,1,1294.5,0.1625,-4.2,197.0,0.974,Lane7 | 0.159 sec | 1681 Zhenye XIE (CHN)
WCH2022-200m-M-R1-H7,8,8.0,0.11,0.11,0.11,1.0,False,True,2317,2317,Eric HARRISON JR.,TTO,Eric HARRISON JR.,1.0,OK,1,1265.5,0.1142,-4.2,180.0,0.961,Lane8 | 0.110 sec (Quickest) | 2317 Eric HARRISON JR. (TTO)
WCH2022-200m-M-R1-H7,9,9.0,,,,,False,False,,,,,,,,0,,,,,0.99,Lane9
WCH2022-200m-M-SF-H1,1,1.0,,,,,False,False,2020,2020,Yohan BLAKE,JAM,Yohan BLAKE,1.0,DNS,0,,,,,0.963,Lane1 | 2020 Yohan BLAKE (JAM)
WCH2022-200m-M-SF-H1,2,2.0,0.129,0.1284,0.129,1.0,False,False,2052,2052,Shota IIZUKA,JPN,Shota IIZUKA,1.0,OK,1,1276.5,0.1342,-5.8,226.0,0.962,Lane2 | 0.129 sec | 2052 Shota IIZUKA (JPN)
WCH2022-200m-M-SF-H1,3,3.0,0.128,0.1284,0.128,1.0,False,False,1740,1740,Alexander OGANDO,DOM,Alexander OGANDO,1.0,OK,1,1276.5,0.1342,-5.8,201.0,0.964,Lane3 | 0.128 sec | 1740 Alexander OGANDO (DOM)
WCH2022-200m-M-SF-H1,4,4.0,0.144,0.1433,0.144,1.0,False,False,2115,2115,Joseph FAHNBULLEH,LBR,Joseph FAHNBULLEH,1.0,OK,1,1285.5,0.1475,-4.2,180.0,0.913,Lane 4 | 0.144 sec | 2115 Joseph FAHNBULLEH (LBR)
WCH2022-200m-M-SF-H1,5,5.0,0.146,0.1467,0.146,1.0,False,False,2250,2250,Sinesipho DAMBILE,RSA,Sinesipho DAMBILE,1.0,OK,1,1287.5,0.1508,-4.2,205.0,0.963,Lane5 | 0.146 sec | 2250 Sinesipho DAMBILE (RSA)
WCH2022-200m-M-SF-H1,6,6.0,0.123,0.1234,0.123,1.0,False,True,2389,2389,Fred KERLEY,USA,Fred KERLEY,1.0,OK,1,1273.5,0.1275,-4.2,213.0,0.931,Lane 6 | 0.123 sec (Quickest) | 2389 Fred KERLEY (USA)
WCH2022-200m-M-SF-H1,7,7.0,0.135,0.135,0.135,1.0,False,False,1882,1882,Nethaneel MITCHELL-BLAKE,GBR,Nethaneel MITCHELL-BLAKE,1.0,OK,1,1280.5,0.1392,-4.2,186.0,0.963,Lane7 | 0.135 sec | 1882 Nethaneel MITCHELL-BLAKE (GBR)
WCH2022-200m-M-SF-H1,8,8.0,0.139,0.1383,0.139,1.0,False,False,1638,1638,Jerome BLAKE,CAN,Jerome BLAKE,1.0,OK,1,1282.5,0.1425,-4.2,194.0,0.965,Lane8 | 0.139 sec | 1638 Jerome BLAKE (CAN)
WCH2022-200m-M-SF-H1,9,9.0,,,,,False,False,,,,,,,,0,,,,,0.99,Lane9
WCH2022-200m-M-SF-H2,1,1.0,0.181,0.1816,0.181,1.0,False,False,2340,2340,Tarsis Gracious OROGOT,UGA,Tarsis Gracious OROGOT,1.0,OK,1,1308.5,0.1841,-2.5,163.0,0.987,Lane1 | 0.181 sec | 2340 Tarsis Gracious OROGOT (UGA)
WCH2022-200m-M-SF-H2,2,2.0,0.146,0.1467,0.146,1.0,False,False,1867,1867,Joe FERGUSON,GBR,Joe FERGUSON,1.0,OK,1,1287.5,0.1508,-4.2,195.0,0.973,Lane2 | 0.146 sec | 1867 Joe FERGUSON (GBR)
WCH2022-200m-M-SF-H2,3,3.0,0.122,0.1217,0.122,1.0,False,True,2320,2320,Jereem RICHARDS,TTO,Jereem RICHARDS,1.0,OK,1,1272.5,0.1259,-4.2,194.0,0.979,Lane3 | 0.122 sec (Quickest) | 2320 Jereem RICHARDS (TTO)
WCH2022-200m-M-SF-H2,4,4.0,0.156,0.1567,0.156,1.0,False,False,2355,2355,Kenneth BEDNAREK,USA,Kenneth BEDNAREK,1.0,OK,1,1293.5,0.1608,-4.2,193.0,0.913,Lane 4 | 0.156 sec | 2355 Kenneth BEDNAREK (USA)
WCH2022-200m-M-SF-H2,5,5.0,0.135,0.135,0.135,1.0,False,False,2400,2400,Noah LYLES,USA,Noah LYLES,1.0,OK,1,1280.5,0.1392,-4.2,181.0,0.993,Lane5 | 0.135 sec | 2400 Noah LYLES (USA)
WCH2022-200m-M-SF-H2,6,6.0,0.124,0.1234,0.124,1.0,False,False,2247,2247,Luxolo ADAMS,RSA,Luxolo ADAMS,1.0,OK,1,1273.5,0.1275,-4.2,206.0,0.95,Lane 6 | 0.124 sec | 2247 Luxolo ADAMS (RSA)
WCH2022-200m-M-SF-H2,7,7.0,0.122,0.1217,0.122,1.0,False,True,2184,2184,Udodi Chudi ONWUZURIKE,NGR,Udodi Chudi ONWUZURIKE,1.0,OK,1,1272.5,0.1275,-5.8,205.0,0.952,Lane7 | 0.122 sec (Quickest) | 2184 Udodi Chudi ONWUZURIKE (NGR)
WCH2022-200m-M-SF-H2,8,8.0,0.165,0.165,0.165,1.0,False,False,1853,1853,Guy MAGANGA GORRA,GAB,Guy MAGANGA GORRA,1.0,OK,1,1298.5,0.1692,-4.2,167.0,0.953,Lane8 | 0.165 sec | 1853 Guy MAGANGA GORRA (GAB)
WCH2022-200m-M-SF-H2,9,9.0,,,,,False,False,,,,,,,,0,,,,,0.989,Lane9
WCH2022-200m-M-SF-H3,1,1.0,0.127,0.1267,0.127,1.0,False,False,1540,1540,Calab LAW,AUS,Calab LAW,1.0,OK,1,1275.5,0.1308,-4.2,189.0,0.952,Lane1 | 0.127 sec | 1540 Calab LAW (AUS)
WCH2022-200m-M-SF-H3,2,2.0,0.116,0.1167,0.116,1.0,False,True,1738,1738,Yancarlos MARTANEZ,DOM,Yancarlos MARTÍNEZ,0.0,OK,1,1269.5,0.1209,-4.2,190.0,0.985,Lane2 | 0.116 sec (Quickest) | 1738 Yancarlos MARTANEZ (DOM)
WCH2022-200m-M-SF-H3,3,3.0,0.131,0.1317,0.131,1.0,False,False,2025,2025,Rasheed DWYER,JAM,Rasheed DWYER,1.0,OK,1,1278.5,0.1358,-4.2,222.0,0.981,Lane3 | 0.131 sec | 2025 Rasheed DWYER (JAM)
WCH2022-200m-M-SF-H3,4,4.0,0.147,0.1467,0.147,1.0,False,False,2396,2396,Erriyon KNIGHTON,USA,Erriyon KNIGHTON,1.0,OK,1,1287.5,0.1508,-4.2,187.0,0.913,Lane 4 | 0.147 sec | 2396 Erriyon KNIGHTON (USA)
WCH2022-200m-M-SF-H3,5,5.0,0.146,0.1467,0.146,1.0,False,False,2012,2012,Filippo TORTU,ITA,Filippo TORTU,1.0,OK,1,1287.5,0.1508,-4.2,212.0,0.954,Lane5 | 0.146 sec | 2012 Filippo TORTU (ITA)
WCH2022-200m-M-SF-H3,6,6.0,0.129,0.1284,0.129,1.0,False,False,2074,2074,Koki UEYAMA,JPN,Koki UEYAMA,1.0,OK,1,1276.5,0.1342,-5.8,208.0,0.931,Lane 6 | 0.129 sec | 2074 Koki UEYAMA (JPN)
WCH2022-200m-M-SF-H3,7,7.0,0.148,0.1483,0.148,1.0,False,False,1681,1681,Zhenye XIE,CHN,Zhenye XIE,1.0,OK,1,1288.5,0.1525,-4.2,199.0,0.97,Lane7 | 0.148 sec | 1681 Zhenye XIE (CHN)
WCH2022-200m-M-SF-H3,8,8.0,0.152,0.1517,0.152,1.0,False,False,1639,1639,Aaron BROWN,CAN,Aaron BROWN,1.0,OK,1,1290.5,0.1558,-4.2,215.0,0.986,Lane8 | 0.152 sec | 1639 Aaron BROWN (CAN)
WCH2022-200m-M-SF-H3,9,9.0,,,,,False,False,,,,,,,,0,,,,,0.989,Lane9
WCH2022-200m-W-F-H1,1,1.0,0.113,0.1134,0.113,1.0,False,True,1084,1084,Mujinga KAMBUNDJI,SUI,Mujinga KAMBUNDJI,1.0,OK,1,1267.5,0.1175,-4.2,151.0,0.975,Lane1 | 0.113 sec (Quickest) | 1084 Mujinga KAMBUNDJI (SUI)
WCH2022-200m-W-F-H1,2,2.0,0.139,0.1383,0.139,1.0,False,False,855,855,Elaine THOMPSON-HERAH,JAM,Elaine THOMPSON-HERAH,1.0,OK,1,1282.5,0.1425,-4.2,128.0,0.927,Lane2 | 0.139 sec | 855 Elaine THOMPSON-HERAH (JAM)
WCH2022-200m-W-F-H1,3,3.0,0.125,0.125,0.125,1.0,False,False,681,681,Dina ASHER-SMITH,GBR,Dina ASHER-SMITH,1.0,OK,1,1274.5,0.1292,-4.2,135.0,0.98,Lane3 | 0.125 sec | 681 Dina ASHER-SMITH (GBR)
WCH2022-200m-W-F-H1,4,4.0,0.144,0.1433,0.144,1.0,False,False,840,840,Shericka JACKSON,JAM,Shericka JACKSON,1.0,OK,1,1285.5,0.1475,-4.2,169.0,0.913,Lane 4 | 0.144 sec | 840 Shericka JACKSON (JAM)
WCH2022-200m-W-F-H1,5,5.0,0.197,0.1966,0.197,1.0,False,False,1147,1147,Tamara CLARK,USA,Tamara CLARK,1.0,OK,1,1317.5,0.2008,-4.2,145.0,0.982,Lane5 | 0.197 sec | 1147 Tamara CLARK (USA)
WCH2022-200m-W-F-H1,6,6.0,0.145,0.145,0.145,1.0,False,False,836,836,Shelly-Ann FRASER-PRYCE,JAM,Shelly-Ann FRASER-PRYCE,1.0,OK,1,1286.5,0.1375,7.5,133.0,0.931,Lane 6 | 0.145 sec | 836 Shelly-Ann FRASER-PRYCE (JAM)
WCH2022-200m-W-F-H1,7,7.0,0.195,0.195,0.195,1.0,False,False,978,978,Aminatou SEYNI,NIG,Aminatou SEYNI,1.0,OK,1,1316.5,0.1991,-4.2,134.0,0.966,Lane7 | 0.195 sec | 978 Aminatou SEYNI (NIG)
WCH2022-200m-W-F-H1,8,8.0,0.2,0.2,0.2,1.0,False,False,1206,1206,Abby STEINER,USA,Abby STEINER,1.0,OK,1,1319.5,0.2041,-4.2,104.0,0.946,Lane8 | 0.200 sec | 1206 Abby STEINER (USA)
WCH2022-200m-W-F-H1,9,9.0,,,,,False,False,,,,,,,,0,,,,,0.99,Lane9
WCH2022-200m-W-R1-H1,1,1.0,,,,,False,False,,,,,,,,0,,,,,0.987,Lane1
WCH2022-200m-W-R1-H1,2,2.0,0.129,0.1284,0.129,1.0,False,False,600,600,Gabriela Anahi SUAREZ,ECU,Gabriela Anahi SUAREZ,1.0,OK,1,1276.5,0.1325,-4.2,147.0,0.948,Lane2 | 0.129 sec | 600 Gabriela Anahi SUAREZ (ECU)
WCH2022-200m-W-R1-H1,3,3.0,0.189,0.1883,0.189,1.0,False,False,968,968,Rosemary CHUKWUMA,NGR,Rosemary CHUKWUMA,1.0,OK,1,1312.5,0.1775,10.8,82.0,0.978,Lane3 | 0.189 sec | 968 Rosemary CHUKWUMA (NGR)
WCH2022-200m-W-R1-H1,4,4.0,0.143,0.1433,0.143,1.0,False,False,814,814,Dalia KADDARI,ITA,Dalia KADDARI,1.0,OK,1,1285.5,0.1475,-4.2,133.0,0.913,Lane 4 | 0.143 sec | 814 Dalia KADDARI (ITA)
WCH2022-200m-W-R1-H1,5,5.0,0.164,0.1633,0.164,1.0,False,False,840,840,Shericka JACKSON,JAM,Shericka JACKSON,1.0,OK,1,1297.5,0.1692,-5.8,157.0,0.949,Lane5 | 0.164 sec | 840 Shericka JACKSON (JAM)
WCH2022-200m-W-R1-H1,6,6.0,0.159,0.1583,0.159,1.0,False,False,764,764,Jessica-Bianca WESSOLLY,GER,Jessica-Bianca WESSOLLY,1.0,OK,1,1294.5,0.1625,-4.2,150.0,0.931,Lane 6 | 0.159 sec | 764 Jessica-Bianca WESSOLLY (GER)
WCH2022-200m-W-R1-H1,7,7.0,0.108,0.1084,0.108,1.0,False,True,894,894,Olga SAFRONOVA,KAZ,Olga SAFRONOVA,1.0,OK,1,1264.5,0.1109,-2.5,125.0,0.966,Lane7 | 0.108 sec (Quickest) | 894 Olga SAFRONOVA (KAZ)
WCH2022-200m-W-R1-H1,8,8.0,0.157,0.1567,0.157,1.0,False,False,488,488,Edidiong Ofinome ODIONG,BRN,Edidiong Ofinome ODIONG,1.0,OK,1,1293.5,0.1608,-4.2,108.0,0.964,Lane8 | 0.157 sec | 488 Edidiong Ofinome ODIONG (BRN)
WCH2022-200m-W-R1-H1,9,9.0,,,,,False,False,,,,,,,,0,,,,,0.99,Lane9
WCH2022-200m-W-R1-H2,1,1.0,0.119,0.1184,0.119,1.0,False,True,480,480,Lorraine MARTINS,BRA,Lorraine MARTINS,1.0,OK,1,1270.5,0.1225,-4.2,108.0,0.981,Lane1 | 0.119 sec (Quickest) | 480 Lorraine MARTINS (BRA)
WCH2022-200m-W-R1-H2,2,2.0,0.159,0.1583,0.159,1.0,False,False,1028,1028,"LorA""ne Dorcas BAZOLO",POR,Lorène Dorcas BAZOLO,0.0,OK,1,1294.5,0.1625,-4.2,127.0,0.97,"Lane2 | 0.159 sec | 1028 LorA""ne Dorcas BAZOLO (POR)"
WCH2022-200m-W-R1-H2,3,3.0,0.138,0.1383,0.138,1.0,False,False,738,738,Sophia JUNK,GER,Sophia JUNK,1.0,OK,1,1282.5,0.1425,-4.2,156.0,0.974,Lane3 | 0.138 sec | 738 Sophia JUNK (GER)
WCH2022-200m-W-R1-H2,4,4.0,0.152,0.1517,0.152,1.0,False,False,586,586,Ida KARSTOFT,DEN,Ida KARSTOFT,1.0,OK,1,1290.5,0.1558,-4.2,132.0,0.971,Lane4 | 0.152 sec | 586 Ida KARSTOFT (DEN)
WCH2022-200m-W-R1-H2,5,5.0,0.196,0.1966,0.196,1.0,False,False,401,401,Joella LLOYD,ANT,Joella LLOYD,1.0,OK,1,1317.5,0.2008,-4.2,136.0,0.948,Lane5 | 0.196 sec | 401 Joella LLOYD (ANT)
WCH2022-200m-W-R1-H2,6,6.0,0.15,0.15,0.15,1.0,False,False,946,946,Beatrice MASILINGI,NAM,Beatrice MASILINGI,1.0,OK,1,1289.5,0.1542,-4.2,158.0,0.992,Lane6 | 0.150 sec | 946 Beatrice MASILINGI (NAM)
WCH2022-200m-W-R1-H2,7,7.0,0.14,0.14,0.14,1.0,False,False,652,652,Annina KORTETMAA,FIN,Anniina KORTETMAA,0.0,OK,1,1283.5,0.1442,-4.2,161.0,0.991,Lane7 | 0.140 sec | 652 Annina KORTETMAA (FIN)
WCH2022-200m-W-R1-H2,8,8.0,0.153,0.1533,0.153,1.0,False,False,855,855,Elaine THOMPSON-HERAH,JAM,Elaine THOMPSON-HERAH,1.0,OK,1,1291.5,0.1575,-4.2,137.0,0.979,Lane8 | 0.153 sec | 855 Elaine THOMPSON-HERAH (JAM)
WCH2022-200m-W-R1-H2,9,9.0,,,,,False,False,,,,,,,,0,,,,,0.987,Lane9
WCH2022-200m-W-R1-H3,1,1.0,0.136,0.1367,0.136,1.0,False,False,461,461,Imke VERVAET,BEL,Imke VERVAET,1.0,OK,1,1281.5,0.1408,-4.2,100.0,0.977,Lane1 | 0.136 sec | 461Imke VERVAET (BEL)
WCH2022-200m-W-R1-H3,2,2.0,0.192,0.1916,0.192,1.0,False,False,1061,1061,Veronica Shanti PEREIRA,SGP,Veronica Shanti PEREIRA,1.0,OK,1,1314.5,0.1958,-4.2,81.0,0.986,Lane2 | 0.192 sec | 1061 Veronica Shanti PEREIRA (SGP)
WCH2022-200m-W-R1-H3,3,3.0,0.135,0.135,0.135,1.0,False,False,836,836,Shelly-Ann FRASER-PRYCE,JAM,Shelly-Ann FRASER-PRYCE,1.0,OK,1,1280.5,0.1392,-4.2,119.0,0.986,Lane3 | 0.135 sec | 836Shelly-Ann FRASER-PRYCE (JAM)
WCH2022-200m-W-R1-H3,4,4.0,,,,,False,False,554,554,Marie-JosA@e TA LOU,CIV,Marie-Josée TA LOU,0.0,DNS,0,,,,,0.937,Lane4 | 554 Marie-JosA@e TA LOU (CIV)
WCH2022-200m-W-R1-H3,5,5.0,0.118,0.1184,0.118,1.0,False,False,482,482,Vitoria Cristina ROSA,BRA,Vitoria Cristina ROSA,1.0,OK,1,1270.5,0.1209,-2.5,135.0,0.963,Lane5 | 0.118 sec | 482 Vitoria Cristina ROSA (BRA)
WCH2022-200m-W-R1-H3,6,6.0,0.174,0.1733,0.174,1.0,False,False,978,978,Aminatou SEYNI,NIG,Aminatou SEYNI,1.0,OK,1,1303.5,0.1775,-4.2,113.0,0.931,Lane 6 | 0.174 sec | 978Aminatou SEYNI (NIG)
WCH2022-200m-W-R1-H3,7,7.0,0.158,0.1583,0.158,1.0,False,False,987,987,Elisabeth SLETTUM,NOR,Elisabeth SLETTUM,1.0,OK,1,1294.5,0.1608,-2.5,181.0,0.981,Lane7 | 0.158 sec | 987Elisabeth SLETTUM (NOR)
WCH2022-200m-W-R1-H3,8,8.0,0.117,0.1167,0.117,1.0,False,True,690,690,Beth DOBBIN,GBR,Beth DOBBIN,1.0,OK,1,1269.5,0.1209,-4.2,108.0,0.977,Lane8 | 0.117 sec (Quickest) | 690Beth DOBBIN (GBR)
WCH2022-200m-W-R1-H3,9,9.0,,,,,False,False,,,,,,,,0,,,,,0.989,Lane9
WCH2022-200m-W-R1-H4,1,1.0,,,,,False,False,,,,,,,,0,,,,,0.987,Lane1
WCH2022-200m-W-R1-H4,2,2.0,0.129,0.1284,0.129,1.0,False,True,681,681,Dina ASHER-SMITH,GBR,Dina ASHER-SMITH,1.0,OK,1,1276.5,0.1308,-2.5,144.0,0.988,Lane2 | 0.129 sec (Quickest) | 681 Dina ASHER-SMITH (GBR)
WCH2022-200m-W-R1-H4,3,3.0,0.154,0.1533,0.154,1.0,False,False,1147,1147,Tamara CLARK,USA,Tamara CLARK,1.0,OK,1,1291.5,0.1575,-4.2,140.0,0.989,Lane3 | 0.154 sec | 1147 Tamara CLARK (USA)
WCH2022-200m-W-R1-H4,4,4.0,0.159,0.1583,0.159,1.0,False,False,552,552,Jessika GBAI,CIV,Jessika GBAI,1.0,OK,1,1294.5,0.1625,-4.2,119.0,0.913,Lane 4 | 0.159 sec | 552 Jessika GBAI (CIV)
WCH2022-200m-W-R1-H4,5,5.0,0.151,0.1517,0.151,1.0,False,False,680,680,Gina BASS,GAM,Gina BASS,1.0,OK,1,1290.5,0.1542,-2.5,107.0,0.98,Lane5 | 0.151 sec | 680 Gina BASS (GAM)
WCH2022-200m-W-R1-H4,6,6.0,0.176,0.1767,0.176,1.0,False,False,467,467,Ana Carolina AZEVEDO,BRA,Ana Carolina AZEVEDO,1.0,OK,1,1305.5,0.1808,-4.2,113.0,0.931,Lane 6 | 0.176 sec | 467 Ana Carolina AZEVEDO (BRA)
WCH2022-200m-W-R1-H4,7,7.0,0.186,0.1866,0.186,1.0,False,False,1051,1051,Shirley NEKHUBUI,RSA,Shirley NEKHUBUI,1.0,OK,1,1311.5,0.1908,-4.2,115.0,0.968,Lane7 | 0.186 sec | 1051 Shirley NEKHUBUI (RSA)
WCH2022-200m-W-R1-H4,8,8.0,0.209,0.2083,0.209,1.0,False,False,444,444,TyNia GAITHER R,BAH,TyNia GAITHER,0.0,OK,1,1324.5,0.2008,7.5,113.0,0.946,Lane8 | 0.209 sec | 444TyNia GAITHER R(BAH)
WCH2022-200m-W-R1-H4,9,9.0,,,,,False,False,,,,,,,,0,,,,,0.99,Lane9
WCH2022-200m-W-R1-H5,1,1.0,,,,,False,False,,,,,,,,0,,,,,0.987,Lane1
WCH2022-200m-W-R1-H5,2,2.0,0.176,0.1767,0.176,1.0,False,False,553,553,Maboundou KONA%o,CIV,Maboundou KONÉ,0.0,OK,1,1305.5,0.1808,-4.2,121.0,0.985,Lane2 | 0.176 sec | 553 Maboundou KONA%o (CIV)
WCH2022-200m-W-R1-H5,3,3.0,0.136,0.1367,0.136,1.0,False,False,415,415,Ella CONNOLLY,AUS,Ella CONNOLLY,1.0,OK,1,1281.5,0.1408,-4.2,161.0,0.946,Lane3 | 0.136 sec | 415 Ella CONNOLLY (AUS)
WCH2022-200m-W-R1-H5,4,4.0,0.182,0.1816,0.182,1.0,False,False,970,970,Nzubechi Grace NWOKOCHA,NGR,Nzubechi Grace NWOKOCHA,1.0,OK,1,1308.5,0.1858,-4.2,148.0,0.913,Lane 4 | 0.182 sec | 970 Nzubechi Grace NWOKOCHA (NGR)
WCH2022-200m-W-R1-H5,5,5.0,0.143,0.1433,0.143,1.0,False,False,1206,1206,Abby STEINER,USA,Abby STEINER,1.0,OK,1,1285.5,0.1475,-4.2,103.0,0.963,Lane5 | 0.143 sec | 1206 Abby STEINER (USA)
WCH2022-200m-W-R1-H5,6,6.0,0.119,0.1184,0.119,1.0,False,True,1084,1084,Mujinga KAMBUNDJI,SUI,Mujinga KAMBUNDJI,1.0,OK,1,1270.5,0.1225,-4.2,163.0,0.931,Lane 6 | 0.119 sec (Quickest) | 1084 Mujinga KAMBUNDJI (SUI)
WCH2022-200m-W-R1-H5,7,7.0,0.138,0.1383,0.138,1.0,False,False,498,498,Lauren GALE,CAN,Lauren GALE,1.0,OK,1,1282.5,0.1408,-2.5,125.0,0.973,Lane7 | 0.138 sec | 498 Lauren GALE (CAN)
WCH2022-200m-W-R1-H5,8,8.0,0.191,0.1916,0.191,1.0,False,False,829,829,Beyonce DEFREITAS,IVB,Beyonce DEFREITAS,1.0,OK,1,1314.5,0.1958,-4.2,147.0,0.947,Lane8 | 0.191 sec | 829 Beyonce DEFREITAS(IVB)
WCH2022-200m-W-R1-H5,9,9.0,,,,,False,False,,,,,,,,0,,,,,0.989,Lane9
WCH2022-200m-W-R1-H6,1,1.0,0.184,0.1833,0.184,1.0,False,False,1003,1003,Hanna BARAKAT,PLE,Hanna BARAKAT,1.0,OK,1,1309.5,0.1875,-4.2,93.0,0.965,Lane1 | 0.184 sec | 1003 Hanna BARAKAT (PLE)
WCH2022-200m-W-R1-H6,2,2.0,0.148,0.1483,0.148,1.0,False,False,971,971,Favour OFILI,NGR,Favour OFILI,1.0,OK,1,1288.5,0.1508,-2.5,112.0,0.975,Lane2 | 0.148 sec | 971 Favour OFILI (NGR)
WCH2022-200m-W-R1-H6,3,3.0,0.133,0.1333,0.133,1.0,False,False,408,408,Jacinta BEECHER,AUS,Jacinta BEECHER,1.0,OK,1,1279.5,0.1375,-4.2,116.0,0.959,Lane3 | 0.133 sec | 408 Jacinta BEECHER (AUS)
WCH2022-200m-W-R1-H6,4,4.0,0.145,0.145,0.145,1.0,False,False,1197,1197,Jenna PRANDINI,USA,Jenna PRANDINI,1.0,OK,1,1286.5,0.1492,-4.2,182.0,0.913,Lane 4 | 0.145 sec | 1197 Jenna PRANDINI (USA)
WCH2022-200m-W-R1-H6,5,5.0,0.128,0.1284,0.128,1.0,False,False,573,573,Olivia FOTOPOULOU,CYP,Olivia FOTOPOULOU,1.0,OK,1,1276.5,0.1325,-4.2,103.0,0.971,Lane5 | 0.128 sec | 573 Olivia FOTOPOULOU (CYP)
WCH2022-200m-W-R1-H6,6,6.0,0.136,0.1367,0.136,1.0,False,False,994,994,Georgia HULLS,NZL,Georgia HULLS,1.0,OK,1,1281.5,0.1408,-4.2,98.0,0.931,Lane 6 | 0.136 sec | 994 Georgia HULLS (NZL)
WCH2022-200m-W-R1-H6,7,7.0,0.133,0.1333,0.133,1.0,False,False,505,505,Catherine LA%oGER,CAN,Catherine LÉGER,0.0,OK,1,1279.5,0.1375,-4.2,158.0,0.961,Lane7 | 0.133 sec | 505 Catherine LA%oGER (CAN)
WCH2022-200m-W-R1-H6,8,8.0,0.114,0.1134,0.114,1.0,False,True,447,447,Anthonique STRACHAN,BAH,Anthonique STRACHAN,1.0,OK,1,1267.5,0.1175,-4.2,103.0,0.979,Lane8 | 0.114 sec (Quickest) | 447 Anthonique STRACHAN (BAH)
WCH2022-200m-W-R1-H6,9,9.0,,,,,False,False,,,,,,,,0,,,,,0.99,Lane9
WCH2022-200m-W-SF-H1,1,1.0,0.141,0.1417,0.141,1.0,False,False,,680,,,Gina BASS,,OK,1,1284.5,0.1458,-4.2,97.0,0.987,Lane1 | 0.141 sec
WCH2022-200m-W-SF-H1,2,2.0,0.204,0.2033,0.204,1.0,False,False,,968,,,Rosemary CHUKWUMA,,OK,1,1321.5,0.2075,-4.2,119.0,0.992,Lane2 | 0.204 sec
WCH2022-200m-W-SF-H1,3,3.0,0.176,0.1767,0.176,1.0,False,False,,978,,,Aminatou SEYNI,,OK,1,1305.5,0.1808,-4.2,117.0,0.947,Lane3 | 0.176 sec
WCH2022-200m-W-SF-H1,4,4.0,0.161,0.1617,0.161,1.0,False,False,,1197,,,Jenna PRANDINI,,OK,1,1296.5,0.1658,-4.2,180.0,0.913,Lane 4 | 0.161 sec
WCH2022-200m-W-SF-H1,5,5.0,0.132,0.1317,0.132,1.0,False,False,,840,,,Shericka JACKSON,,OK,1,1278.5,0.1342,-2.5,154.0,0.993,Lane5 | 0.132 sec
WCH2022-200m-W-SF-H1,6,6.0,0.125,0.125,0.125,1.0,False,True,,1084,,,Mujinga KAMBUNDJI,,OK,1,1274.5,0.1292,-4.2,154.0,0.931,Lane 6 | 0.125 sec (Quickest)
WCH2022-200m-W-SF-H1,7,7.0,0.132,0.1317,0.132,1.0,False,False,,408,,,Jacinta BEECHER,,OK,1,1278.5,0.1342,-2.5,133.0,0.978,Lane7 | 0.132 sec
WCH2022-200m-W-SF-H1,8,8.0,0.152,0.1517,0.152,1.0,False,False,,444,,,TyNia GAITHER,,OK,1,1290.5,0.1558,-4.2,109.0,0.958,Lane8 | 0.152 sec
WCH2022-200m-W-SF-H1,9,9.0,,,,,False,False,,,,,,,,0,,,,,0.99,Lane9
WCH2022-200m-W-SF-H2,1,1.0,0.16,0.16,0.16,1.0,False,False,,488,,,Edidiong Ofinome ODIONG,,OK,1,1295.5,0.1642,-4.2,107.0,0.976,Lane1 | 0.160 sec
WCH2022-200m-W-SF-H2,2,2.0,0.152,0.1517,0.152,1.0,False,False,,552,,,Jessika GBAI,,OK,1,1290.5,0.1542,-2.5,124.0,0.919,Lane 2 | 0.152 sec
WCH2022-200m-W-SF-H2,3,3.0,0.175,0.175,0.175,1.0,False,False,,1147,,,Tamara CLARK,,OK,1,1304.5,0.1792,-4.2,124.0,0.933,Lane 3 | 0.175 sec
WCH2022-200m-W-SF-H2,4,4.0,0.131,0.1317,0.131,1.0,False,True,,681,,,Dina ASHER-SMITH,,OK,1,1278.5,0.1358,-4.2,137.0,0.912,Lane 4 | 0.131 sec (Quickest)
WCH2022-200m-W-SF-H2,5,5.0,0.158,0.1583,0.158,1.0,False,False,,946,,,Beatrice MASILINGI,,OK,1,1294.5,0.1625,-4.2,169.0,0.973,Lane5 | 0.158 sec
WCH2022-200m-W-SF-H2,6,6.0,0.157,0.1567,0.157,1.0,False,False,,855,,,Elaine THOMPSON-HERAH,,OK,1,1293.5,0.1625,-5.8,149.0,0.969,Lane 6 | 0.157 sec
WCH2022-200m-W-SF-H2,7,7.0,0.155,0.155,0.155,1.0,False,False,,482,,,Vitoria Cristina ROSA,,OK,1,1292.5,0.1575,-2.5,138.0,0.913,Lane 7 | 0.155 sec
WCH2022-200m-W-SF-H2,8,8.0,0.17,0.17,0.17,1.0,False,False,,970,,,Nzubechi Grace NWOKOCHA,,OK,1,1301.5,0.1758,-5.8,163.0,0.918,Lane 8 | 0.170 sec
WCH2022-200m-W-SF-H2,9,9.0,,,,,False,False,,,,,,,,0,,,,,0.981,Lane9
WCH2022-200m-W-SF-H3,1,1.0,0.19,0.19,0.19,1.0,False,False,,401,,,Joella LLOYD,,OK,1,1313.5,0.1941,-4.2,145.0,0.985,Lane1 | 0.190 sec
WCH2022-200m-W-SF-H3,2,2.0,0.175,0.175,0.175,1.0,False,False,,764,,,Jessica-Bianca WESSOLLY,,OK,1,1304.5,0.1675,7.5,135.0,0.97,Lane2 | 0.175 sec
WCH2022-200m-W-SF-H3,3,3.0,0.142,0.1417,0.142,1.0,False,False,,600,,,Gabriela Anahi SUAREZ,,OK,1,1284.5,0.1458,-4.2,139.0,0.947,Lane3 | 0.142 sec
WCH2022-200m-W-SF-H3,4,4.0,0.161,0.1617,0.161,1.0,False,False,,971,,,Favour OFILI,,OK,1,1296.5,0.1658,-4.2,112.0,0.913,Lane 4 | 0.161 sec
WCH2022-200m-W-SF-H3,5,5.0,0.13,0.13,0.13,1.0,False,False,,1206,,,Abby STEINER,,OK,1,1277.5,0.1358,-5.8,117.0,0.993,Lane5 | 0.130 sec
WCH2022-200m-W-SF-H3,6,6.0,0.146,0.1467,0.146,1.0,False,False,,836,,,Shelly-Ann FRASER-PRYCE,,OK,1,1287.5,0.1392,7.5,136.0,0.931,Lane 6 | 0.146 sec
WCH2022-200m-W-SF-H3,7,7.0,0.165,0.165,0.165,1.0,False,False,,586,,,Ida KARSTOFT,,OK,1,1298.5,0.1692,-4.2,151.0,0.984,Lane7 | 0.165 sec
WCH2022-200m-W-SF-H3,8,8.0,0.125,0.125,0.125,1.0,False,True,,814,,,Dalia KADDARI,,OK,1,1274.5,0.1292,-4.2,149.0,0.989,Lane8 | 0.125 sec (Quickest)
WCH2022-200m-W-SF-H3,9,9.0,,,,,False,False,,,,,,,,0,,,,,0.99,Lane9
WCH2023-100m-M-F-H1,1,1.0,,,,,False,False,,,,,,,,0,,,,,0.987,Lane1
WCH2023-100m-M-F-H1,2,2.0,0.188,0.1883,0.188,1.0,False,False,,2540,,,Ryiem FORDE,,OK,1,1312.5,0.1925,-4.2,218.0,0.992,Lane2 | 0.188 sec
WCH2023-100m-M-F-H1,3,3.0,0.129,0.1284,0.129,1.0,False,False,,2102,,,Letsile TEBOGO,,OK,1,1276.5,0.1342,-5.8,215.0,0.98,Lane3 | 0.129 sec
WCH2023-100m-M-F-H1,4,4.0,0.137,0.1367,0.137,1.0,False,False,,2978,,,Christian COLEMAN,,OK,1,1281.5,0.1408,-4.2,215.0,0.913,Lane 4 | 0.137 sec
WCH2023-100m-M-F-H1,5,5.0,0.105,0.105,0.105,1.0,False,True,,2350,,,Zharnel HUGHES,,OK,1,1262.5,0.1075,-2.5,167.0,0.993,Lane5 | 0.105 sec (Quickest)
WCH2023-100m-M-F-H1,6,6.0,0.145,0.145,0.145,1.0,False,False,,3007,,,Noah LYLES,,OK,1,1286.5,0.1492,-4.2,166.0,0.931,Lane 6 | 0.145 sec
WCH2023-100m-M-F-H1,7,7.0,0.148,0.1483,0.148,1.0,False,False,,2554,,,Oblique SEVILLE,,OK,1,1288.5,0.1525,-4.2,180.0,0.95,Lane7 | 0.148 sec
WCH2023-100m-M-F-H1,8,8.0,0.177,0.1767,0.177,1.0,False,False,,2587,,,Abdul Hakim SANI BROWN,,OK,1,1305.5,0.1808,-4.2,178.0,0.983,Lane8 | 0.177 sec
WCH2023-100m-M-F-H1,9,9.0,0.152,0.1517,0.152,1.0,False,False,,2626,,,Ferdinand OMANYALA,,OK,1,1290.5,0.1542,-2.5,157.0,0.989,Lane9 | 0.152 sec
WCH2023-100m-M-PR-H1,1,1.0,,,,,False,False,,,,,,,,0,,,,,0.987,Lane1
WCH2023-100m-M-PR-H1,2,2.0,0.155,0.155,0.155,1.0,False,False,2001,2001,Terrone WEBSTER,AIA,Terrone WEBSTER,1.0,OK,1,1292.5,0.1575,-2.5,148.0,0.959,Lane2 | 0.155 sec | 2001 Terrone WEBSTER (AIA)
WCH2023-100m-M-PR-H1,3,3.0,0.154,0.1533,0.154,1.0,False,True,2936,2936,Karalo Hepoiteloto MAIBUCA,TUV,Karalo Hepoiteloto MAIBUCA,1.0,OK,1,1291.5,0.1575,-4.2,172.0,0.988,Lane3 | 0.154 sec (Quickest) | 2936 Karalo Hepoiteloto MAIBUCA (TUV)
WCH2023-100m-M-PR-H1,4,4.0,0.172,0.1717,0.172,1.0,False,False,2418,2418,Emanuel ARCHIBALD,GUY,Emanuel ARCHIBALD,1.0,OK,1,1302.5,0.1758,-4.2,215.0,0.913,Lane 4 | 0.172 sec | 2418 Emanuel ARCHIBALD (GUY)
WCH2023-100m-M-PR-H1,5,5.0,0.16,0.16,0.16,1.0,False,False,2655,2655,Kin Wa CHAN,MAC,Kin Wa CHAN,1.0,OK,1,1295.5,0.1642,-4.2,113.0,0.968,Lane5 | 0.160 sec | 2655 Kin Wa CHAN (MAC)
WCH2023-100m-M-PR-H1,6,6.0,0.18,0.18,0.18,1.0,False,False,2632,2632,Tauro TIAON,KIR,Tauro TIAON,1.0,OK,1,1307.5,0.1841,-4.2,165.0,0.954,Lane 6 | 0.180 sec | 2632 Tauro TIAON (KIR)
WCH2023-100m-M-PR-H1,7,7.0,0.156,0.1567,0.156,1.0,False,False,2423,2423,Bence BOROS,HUN,Bence BOROS,1.0,OK,1,1293.5,0.1608,-4.2,172.0,0.962,Lane7 | 0.156 sec | 2423 Bence BOROS (HUN)
WCH2023-100m-M-PR-H1,8,8.0,0.159,0.1583,0.159,1.0,False,False,2631,2631,Timur ISAKOV,KGZ,Timur ISAKOV,1.0,OK,1,1294.5,0.1642,-5.8,176.0,0.983,Lane8 | 0.159 sec | 2631 Timur ISAKOV (KGZ)
WCH2023-100m-M-PR-H1,9,9.0,,,,,False,False,,,,,,,,0,,,,,0.99,Lane9
WCH2023-100m-M-PR-H2,1,1.0,,,,,False,False,,,,,,,,0,,,,,0.987,Lane1
WCH2023-100m-M-PR-H2,2,2.0,0.169,0.1683,0.169,1.0,False,False,2095,2095,Brandon JONES,BIZ,Brandon JONES,1.0,OK,1,1300.5,0.1758,-7.5,212.0,0.944,Lane2 | 0.169 sec | 2095 Brandon JONES (BIZ)
WCH2023-100m-M-PR-H2,3,3.0,0.148,0.1483,0.148,1.0,False,True,2669,2669,Muhd Azeem FAHMI,MAS,Muhd Azeem FAHMI,1.0,OK,1,1288.5,0.1525,-4.2,168.0,0.987,Lane3 | 0.148 sec (Quickest) | 2669 Muhd Azeem FAHMI (MAS)
WCH2023-100m-M-PR-H2,4,4.0,0.15,0.15,0.15,1.0,False,False,2714,2714,Aayush KUNWAR,NEP,Aayush KUNWAR,1.0,OK,1,1289.5,0.1542,-4.2,130.0,0.915,Lane 4 | 0.150 sec | 2714 Aayush KUNWAR (NEP)
WCH2023-100m-M-PR-H2,5,5.0,0.183,0.1833,0.183,1.0,False,False,2743,2743,Winzar KAKIOUEA,NRU,Winzar KAKIOUEA,1.0,OK,1,1309.5,0.1875,-4.2,131.0,0.981,Lane5 | 0.183 sec | 2743 Winzar KAKIOUEA (NRU)
WCH2023-100m-M-PR-H2,6,6.0,,,,,False,False,2848,2848,Dylan SICOBO,SEY,Dylan SICOBO,1.0,DNS,0,,,,,0.932,Lane 6 | 2848 Dylan SICOBO (SEY)
WCH2023-100m-M-PR-H2,7,7.0,0.174,0.1733,0.174,1.0,False,False,2359,2359,SeC0 CAMARA,GBS,Seco CAMARA,0.0,OK,1,1303.5,0.1775,-4.2,180.0,0.967,Lane7 | 0.174 sec | 2359 SeC0 CAMARA (GBS)
WCH2023-100m-M-PR-H2,8,8.0,0.177,0.1767,0.177,1.0,False,False,2687,2687,Kylian VATRICAN,MON,Kylian VATRICAN,1.0,OK,1,1305.5,0.1808,-4.2,181.0,0.91,Lane 8 | 0.177 sec | 2687 Kylian VATRICAN (MON)
WCH2023-100m-M-PR-H2,9,9.0,,,,,False,False,,,,,,,,0,,,,,0.989,Lane9
WCH2023-100m-M-PR-H3,1,1.0,,,,,False,False,,,,,,,,0,,,,,0.987,Lane1
WCH2023-100m-M-PR-H3,2,2.0,0.151,0.1517,0.151,1.0,False,True,2908,2908,Alisher SADULAYEV,TKM,Alisher SADULAYEV,1.0,OK,1,1290.5,0.1558,-4.2,198.0,0.962,Lane2 | 0.151 sec (Quickest) | 2908 Alisher SADULAYEV (TKM)
WCH2023-100m-M-PR-H3,3,3.0,0.167,0.1667,0.167,1.0,False,False,2685,2685,Ty'ree LANGIDRIK,MHL,Ty'ree LANGIDRIK,1.0,OK,1,1299.5,0.1725,-5.8,107.0,0.988,Lane3 | 0.167 sec | 2685 Ty'ree LANGIDRIK (MHL)
WCH2023-100m-M-PR-H3,4,4.0,0.16,0.16,0.16,1.0,False,False,2066,2066,Imranur RAHMAN,BAN,Imranur RAHMAN,1.0,OK,1,1295.5,0.1658,-5.8,155.0,0.913,Lane 4 | 0.160 sec | 2066 Imranur RAHMAN (BAN)
WCH2023-100m-M-PR-H3,5,5.0,0.157,0.1567,0.157,1.0,False,False,2000,2000,Said GILANI,AFG,Said GILANI,1.0,DNF,1,1293.5,0.1608,-4.2,130.0,0.964,Lane5 | 0.157 sec | 2000 Said GILANI (AFG)
WCH2023-100m-M-PR-H3,6,6.0,0.163,0.1633,0.163,1.0,False,False,2811,2811,Manuihei TEAHA,PYF,Manuihei TEAHA,1.0,OK,1,1297.5,0.1675,-4.2,170.0,0.954,Lane 6 | 0.163 sec | 2811 Manuihei TEAHA (PYF)
WCH2023-100m-M-PR-H3,7,7.0,0.163,0.1633,0.163,1.0,False,False,2688,2688,Onisio PEREIA,MOZ,Onisio PEREIA,1.0,OK,1,1297.5,0.1692,-5.8,176.0,0.969,Lane7 | 0.163 sec | 2688 Onisio PEREIA (MOZ)
WCH2023-100m-M-PR-H3,8,8.0,0.221,0.2216,0.221,1.0,False,False,2906,2906,Melino TAFUNA,TGA,Melino TAFUNA,1.0,OK,1,1332.5,0.2258,-4.2,156.0,0.987,Lane8 | 0.221 sec | 2906 Melino TAFUNA (TGA)
WCH2023-100m-M-PR-H3,9,9.0,0.162,0.1617,0.162,1.0,False,False,2421,2421,Melique GARCIA,HON,Melique GARCIA,1.0,OK,1,1296.5,0.1658,-4.2,158.0,0.962,Lane9 | 0.162 sec | 2421 Melique GARCIA (HON)
WCH2023-100m-M-PR-H4,1,1.0,,,,,False,False,,,,,,,,0,,,,,0.987,Lane1
WCH2023-100m-M-PR-H4,2,2.0,0.159,0.1583,0.159,1.0,False,False,2337,2337,Ebrahima CAMARA,GAM,Ebrahima CAMARA,1.0,OK,1,1294.5,0.1642,-5.8,205.0,0.979,Lane2 | 0.159 sec | 2337 Ebrahima CAMARA (GAM)
WCH2023-100m-M-PR-H4,3,3.0,0.158,0.1583,0.158,1.0,False,False,2674,2674,Nujoom HASSAN,MDV,Nujoom HASSAN,1.0,OK,1,1294.5,0.1625,-4.2,108.0,0.995,Lane3 | 0.158 sec | 2674 Nujoom HASSAN (MDV)
WCH2023-100m-M-PR-H4,4,4.0,0.15,0.15,0.15,1.0,False,False,2907,2907,Favoris MUZRAPOV,TJK,Favoris MUZRAPOV,1.0,OK,1,1289.5,0.1542,-4.2,160.0,0.913,Lane 4 | 0.150 sec | 2907 Favoris MUZRAPOV (TJK)
WCH2023-100m-M-PR-H4,5,5.0,0.177,0.1767,0.177,1.0,False,False,2417,2417,Joseph GREEN,GUM,Joseph GREEN,1.0,OK,1,1305.5,0.1808,-4.2,185.0,0.948,Lane5 | 0.177 sec | 2417 Joseph GREEN (GUM)
WCH2023-100m-M-PR-H4,6,6.0,0.153,0.1533,0.153,1.0,False,False,2335,2335,Scott James FITI,FSM,Scott James FITI,1.0,OK,1,1291.5,0.1575,-4.2,211.0,0.954,Lane 6 | 0.153 sec | 2335 Scott James FITI (FSM)
WCH2023-100m-M-PR-H4,7,7.0,0.146,0.1467,0.146,1.0,False,True,2029,2029,Nathan CRUMPTON,ASA,Nathan CRUMPTON,1.0,OK,1,1287.5,0.1292,17.5,163.0,0.978,Lane7 | 0.146 sec (Quickest) | 2029 Nathan CRUMPTON (ASA)
WCH2023-100m-M-PR-H4,8,8.0,,,,,False,False,2181,2181,Olivier MWIMBA,COD,Olivier MWIMBA,1.0,DNS,0,,,,,0.989,Lane8 | 2181 Olivier MWIMBA (COD)
WCH2023-100m-M-PR-H4,9,9.0,,,,,False,False,,,,,,,,0,,,,,0.99,Lane9
WCH2023-100m-M-R1-H1,1,1.0,,,,,False,False,,,,,,,,0,,,,,0.987,Lane1
WCH2023-100m-M-R1-H1,2,2.0,0.149,0.1483,0.149,1.0,False,False,2776,2776,Dominik KOPEC,POL,Dominik KOPEĆ,0.0,OK,1,1288.5,0.1525,-4.2,208.0,0.988,Lane2 | 0.149 sec | 2776 Dominik KOPEC (POL)
WCH2023-100m-M-R1-H1,3,3.0,0.129,0.1284,0.129,1.0,False,False,2907,2907,Favoris MUZRAPOV,TJK,Favoris MUZRAPOV,1.0,OK,1,1276.5,0.1308,-2.5,136.0,0.982,Lane3 | 0.129 sec | 2907 Favoris MUZRAPOV (TJK)
WCH2023-100m-M-R1-H1,4,4.0,0.143,0.1433,0.143,1.0,False,False,2350,2350,Zharnel HUGHES,GBR,Zharnel HUGHES,1.0,OK,1,1285.5,0.1475,-4.2,208.0,0.913,Lane 4 | 0.143 sec | 2350 Zharnel HUGHES (GBR)
WCH2023-100m-M-R1-H1,5,5.0,0.148,0.1483,0.148,1.0,False,False,2540,2540,Ryiem FORDE,JAM,Ryiem FORDE,1.0,OK,1,1288.5,0.1525,-4.2,186.0,0.969,Lane5 | 0.148 sec | 2540 Ryiem FORDE (JAM)
WCH2023-100m-M-R1-H1,6,6.0,0.163,0.1633,0.163,1.0,False,False,2468,2468,Hassan TAFTIAN,IRI,Hassan TAFTIAN,1.0,OK,1,1297.5,0.1675,-4.2,214.0,0.931,Lane 6 | 0.163 sec | 2468 Hassan TAFTIAN (IRI)
WCH2023-100m-M-R1-H1,7,7.0,0.166,0.1667,0.166,1.0,False,False,2179,2179,Arthur CISSE,CIV,Arthur CISSÉ,0.0,OK,1,1299.5,0.1708,-4.2,180.0,0.919,Lane7 | 0.166 sec | 2179 Arthur CISSE  (CIV)
WCH2023-100m-M-R1-H1,8,8.0,0.14,0.14,0.14,1.0,False,False,2724,2724,Seye OGUNLEWE,NGR,Seye OGUNLEWE,1.0,OK,1,1283.5,0.1442,-4.2,172.0,0.972,Lane8 | 0.140 sec | 2724 Seye OGUNLEWE (NGR)
WCH2023-100m-M-R1-H1,9,9.0,0.123,0.1234,0.123,1.0,False,True,2752,2752,Tiaan WHELPTON,NZL,Tiaan WHELPTON,1.0,OK,1,1273.5,0.1275,-4.2,166.0,0.975,Lane9 | 0.123 sec (Quickest) | 2752 Tiaan WHELPTON (NZL)
WCH2023-100m-M-R1-H2,1,1.0,,,,,False,False,,,,,,,,0,,,,,0.987,Lane1
WCH2023-100m-M-R1-H2,2,2.0,0.163,0.1633,0.163,1.0,False,False,2655,2655,Kin Wa CHAN,MAC,Kin Wa CHAN,1.0,OK,1,1297.5,0.1675,-4.2,112.0,0.948,Lane2 | 0.163 sec | 2655 Kin Wa CHAN (MAC)
WCH2023-100m-M-R1-H2,3,3.0,0.163,0.1633,0.163,1.0,False,False,2493,2493,Samuele CECCARELLI,ITA,Samuele CECCARELLI,1.0,OK,1,1297.5,0.1675,-4.2,224.0,0.969,Lane3 | 0.163 sec | 2493 Samuele CECCARELLI (ITA)
WCH2023-100m-M-R1-H2,4,4.0,0.149,0.1483,0.149,1.0,False,False,2626,2626,Ferdinand OMANYALA,KEN,Ferdinand OMANYALA,1.0,OK,1,1288.5,0.1525,-4.2,199.0,0.913,Lane 4 | 0.149 sec | 2626 Ferdinand OMANYALA (KEN)
WCH2023-100m-M-R1-H2,5,5.0,0.153,0.1533,0.153,1.0,False,False,2136,2136,Jerome BLAKE,CAN,Jerome BLAKE,1.0,OK,1,1291.5,0.1575,-4.2,182.0,0.961,Lane5 | 0.153 sec | 2136 Jerome BLAKE (CAN)
WCH2023-100m-M-R1-H2,6,6.0,0.158,0.1583,0.158,1.0,False,False,2180,2180,Emmanuel ESEME,CMR,Emmanuel ESEME,1.0,OK,1,1294.5,0.1625,-4.2,221.0,0.931,Lane 6 | 0.158 sec | 2180 Emmanuel ESEME (CMR)
WCH2023-100m-M-R1-H2,7,7.0,0.203,0.2033,0.203,1.0,False,False,2038,2038,Jake DORAN,AUS,Jake DORAN,1.0,OK,1,1321.5,0.2075,-4.2,170.0,0.931,Lane7 | 0.203 sec | 2038 Jake DORAN (AUS)
WCH2023-100m-M-R1-H2,8,8.0,0.139,0.1383,0.139,1.0,False,True,2720,2720,Usheoritse ITSEKIRI,NGR,Usheoritse ITSEKIRI,1.0,OK,1,1282.5,0.1408,-2.5,177.0,0.987,Lane8 | 0.139 sec (Quickest) | 2720 Usheoritse ITSEKIRI (NGR)
WCH2023-100m-M-R1-H2,9,9.0,0.142,0.1417,0.142,1.0,False,False,3007,3007,Noah LYLES,USA,Noah LYLES,1.0,OK,1,1284.5,0.1458,-4.2,179.0,0.989,Lane9 | 0.142 sec | 3007 Noah LYLES (USA)
WCH2023-100m-M-R1-H3,1,1.0,,,,,False,False,,,,,,,,0,,,,,0.987,Lane1
WCH2023-100m-M-R1-H3,2,2.0,0.178,0.1783,0.178,1.0,False,False,2338,2338,Eugene AMO-DADZIE,GBR,Eugene AMO-DADZIE,1.0,OK,1,1306.5,0.1808,-2.5,205.0,0.974,Lane2 | 0.178 sec | 2338 Eugene AMO-DADZIE (GBR)
WCH2023-100m-M-R1-H3,3,3.0,0.149,0.1483,0.149,1.0,False,True,2104,2104,Felipe BARDI,BRA,Felipe BARDI,1.0,OK,1,1288.5,0.1525,-4.2,217.0,0.971,Lane3 | 0.149 sec (Quickest) | 2104 Felipe BARDI (BRA)
WCH2023-100m-M-R1-H3,4,4.0,0.164,0.1633,0.164,1.0,False,False,2836,2836,Benjamin RICHARDSON,RSA,Benjamin RICHARDSON,1.0,OK,1,1297.5,0.1692,-5.8,219.0,0.913,Lane 4 | 0.164 sec | 2836 Benjamin RICHARDSON (RSA)
WCH2023-100m-M-R1-H3,5,5.0,0.152,0.1517,0.152,1.0,False,False,2886,2886,Jan VOLKO,SVK,Ján VOLKO,0.0,OK,1,1290.5,0.1542,-2.5,168.0,0.943,Lane5 | 0.152 sec | 2886 Jan VOLKO (SVK)
WCH2023-100m-M-R1-H3,6,6.0,0.184,0.1833,0.184,1.0,False,False,2688,2688,Onisio PEREIA,MOZ,Onisio PEREIA,1.0,OK,1,1309.5,0.1875,-4.2,209.0,0.931,Lane 6 | 0.184 sec | 2688 Onisio PEREIA (MOZ)
WCH2023-100m-M-R1-H3,7,7.0,0.161,0.1617,0.161,1.0,False,False,2975,2975,Cravont CHARLESTON,USA,Cravont CHARLESTON,1.0,OK,1,1296.5,0.1658,-4.2,176.0,0.978,Lane7 | 0.161 sec | 2975 Cravont CHARLESTON (USA)
WCH2023-100m-M-R1-H3,8,8.0,0.156,0.1567,0.156,1.0,False,False,2700,2700,Raphael BOUJU,NED,Raphael BOUJU,1.0,OK,1,1293.5,0.1608,-4.2,177.0,0.961,Lane8 | 0.156 sec | 2700 Raphael BOUJU (NED)
WCH2023-100m-M-R1-H3,9,9.0,0.152,0.1517,0.152,1.0,False,False,2645,2645,Emmanuel MATADI,LBR,Emmanuel MATADI,1.0,OK,1,1290.5,0.1542,-2.5,159.0,0.989,Lane9 | 0.152 sec | 2645 Emmanuel MATADI (LBR)
WCH2023-100m-M-R1-H4,1,1.0,,,,,False,False,,,,,,,,0,,,,,0.987,Lane1
WCH2023-100m-M-R1-H4,2,2.0,0.166,0.1667,0.166,1.0,False,False,2585,2585,Ryuichiro SAKAI,JPN,Ryuichiro SAKAI,1.0,OK,1,1299.5,0.1708,-4.2,201.0,0.985,Lane2 | 0.166 sec | 2585 Ryuichiro SAKAI (JPN)
WCH2023-100m-M-R1-H4,3,3.0,0.152,0.1517,0.152,1.0,False,False,2669,2669,Muhd Azeem FAHMI,MAS,Muhd Azeem FAHMI,1.0,OK,1,1290.5,0.1558,-4.2,202.0,0.985,Lane3 | 0.152 sec | 2669 Muhd Azeem FAHMI (MAS)
WCH2023-100m-M-R1-H4,4,4.0,0.133,0.1333,0.133,1.0,False,False,2034,2034,Rohan BROWNING,AUS,Rohan BROWNING,1.0,OK,1,1279.5,0.1375,-4.2,184.0,0.913,Lane 4 | 0.133 sec | 2034 Rohan BROWNING (AUS)
WCH2023-100m-M-R1-H4,5,5.0,0.174,0.1733,0.174,1.0,False,False,2829,2829,Shaun MASWANGANYI,RSA,Shaun MASWANGANYI,1.0,OK,1,1303.5,0.1775,-4.2,155.0,0.989,Lane5 | 0.174 sec | 2829 Shaun MASWANGANYI (RSA)
WCH2023-100m-M-R1-H4,6,6.0,0.166,0.1667,0.166,1.0,False,False,2014,2014,Cejhae GREENE,ANT,Cejhae GREENE,1.0,OK,1,1299.5,0.1708,-4.2,218.0,0.931,Lane 6 | 0.166 sec | 2014 Cejhae GREENE (ANT)
WCH2023-100m-M-R1-H4,7,7.0,0.136,0.1367,0.136,1.0,False,False,2423,2423,Bence BOROS,HUN,Bence BOROS,1.0,OK,1,1281.5,0.1408,-4.2,174.0,0.964,Lane7 | 0.136 sec | 2423 Bence BOROS (HUN)
WCH2023-100m-M-R1-H4,8,8.0,0.125,0.125,0.125,1.0,False,True,2357,2357,ReecePRESCOD,GBR,Reece PRESCOD,1.0,OK,1,1274.5,0.1292,-4.2,171.0,0.916,Lane8 | 0.125 sec (Quickest) | 2357ReecePRESCOD  (GBR)
WCH2023-100m-M-R1-H4,9,9.0,0.174,0.1733,0.174,1.0,False,False,2102,2102,Letsile TEBOGO,BOT,Letsile TEBOGO,1.0,OK,1,1303.5,0.1775,-4.2,186.0,0.989,Lane9 | 0.174 sec | 2102 Letsile TEBOGO (BOT)
WCH2023-100m-M-R1-H5,1,1.0,,,,,False,False,,,,,,,,0,,,,,0.987,Lane1
WCH2023-100m-M-R1-H5,2,2.0,0.162,0.1617,0.162,1.0,False,False,2337,2337,Ebrahima CAMARA,GAM,Ebrahima CAMARA,1.0,OK,1,1296.5,0.1658,-4.2,195.0,0.964,Lane2 | 0.162 sec | 2337 Ebrahima CAMARA (GAM)
WCH2023-100m-M-R1-H5,3,3.0,0.149,0.1483,0.149,1.0,False,False,2306,2306,Mouhamadou FALL,FRA,Mouhamadou FALL,1.0,DQ,1,1288.5,0.1508,-2.5,215.0,0.936,Lane3 | 0.149 sec | 2306 Mouhamadou FALL (FRA)
WCH2023-100m-M-R1-H5,4,4.0,0.167,0.1667,0.167,1.0,False,False,2998,2998,Fred KERLEY,USA,Fred KERLEY,1.0,OK,1,1299.5,0.1725,-5.8,227.0,0.913,Lane 4 | 0.167 sec | 2998 Fred KERLEY (USA)
WCH2023-100m-M-R1-H5,5,5.0,0.128,0.1284,0.128,1.0,False,True,2897,2897,Henrik LARSSON,SWE,Henrik LARSSON,1.0,OK,1,1276.5,0.1308,-2.5,179.0,0.979,Lane5 | 0.128 sec (Quickest) | 2897 Henrik LARSSON (SWE)
WCH2023-100m-M-R1-H5,6,6.0,,,-0.379,,False,False,2717,2717,Favour Oghene Tejiri ASHE,NGR,Favour Oghene Tejiri ASHE,1.0,DQ,0,,,,,0.924,Lane 6 | 2717 Favour Oghene Tejiri ASHE (NGR)
WCH2023-100m-M-R1-H5,7,7.0,0.144,0.1433,0.144,1.0,False,False,2554,2554,Oblique SEVILLE,JAM,Oblique SEVILLE,1.0,OK,1,1285.5,0.1492,-5.8,181.0,0.984,Lane7 | 0.144 sec | 2554 Oblique SEVILLE (JAM)
WCH2023-100m-M-R1-H5,8,8.0,0.154,0.1533,0.154,1.0,False,False,2095,2095,BrandonJONES,BIZ,Brandon JONES,1.0,OK,1,1291.5,0.1575,-4.2,173.0,0.948,Lane8 | 0.154 sec | 2095BrandonJONES (BIZ)
WCH2023-100m-M-R1-H5,9,9.0,0.139,0.1383,0.139,1.0,False,False,2105,2105,Paulo André CAMILO,BRA,Paulo André CAMILO,1.0,OK,1,1282.5,0.1425,-4.2,179.0,0.989,Lane9 | 0.139 sec | 2105 Paulo André CAMILO (BRA)
WCH2023-100m-M-R1-H6,1,1.0,,,,,False,False,,,,,,,,0,,,,,0.987,Lane1
WCH2023-100m-M-R1-H6,2,2.0,0.156,0.1567,0.156,1.0,False,False,2559,2559,Rohan WATSON,JAM,Rohan WATSON,1.0,OK,1,1293.5,0.1608,-4.2,220.0,0.958,Lane2 | 0.156 sec | 2559 Rohan WATSON (JAM)
WCH2023-100m-M-R1-H6,3,3.0,0.162,0.1617,0.162,1.0,False,False,2183,2183,Ronal LONGA,COL,Ronal LONGA,1.0,OK,1,1296.5,0.1658,-4.2,213.0,0.978,Lane3 | 0.162 sec | 2183 Ronal LONGA (COL)
WCH2023-100m-M-R1-H6,4,4.0,0.165,0.165,0.165,1.0,False,False,2587,2587,Abdul Hakim SANI BROWN,JPN,Abdul Hakim SANI BROWN,1.0,OK,1,1298.5,0.1692,-4.2,219.0,0.913,Lane 4 | 0.165 sec | 2587 Abdul Hakim SANI BROWN (JPN)
WCH2023-100m-M-R1-H6,5,5.0,0.137,0.1367,0.137,1.0,False,False,2155,2155,Brendon RODNEY,CAN,Brendon RODNEY,1.0,OK,1,1281.5,0.1408,-4.2,188.0,0.96,Lane5 | 0.137 sec | 2155 Brendon RODNEY (CAN)
WCH2023-100m-M-R1-H6,6,6.0,0.131,0.1317,0.131,1.0,False,True,2525,2525,Rikkoi BRATHWAITE,IVB,Rikkoi BRATHWAITE,1.0,OK,1,1278.5,0.1358,-4.2,221.0,0.931,Lane 6 | 0.131 sec (Quickest) | 2525 Rikkoi BRATHWAITE (IVB)
WCH2023-100m-M-R1-H6,7,7.0,0.153,0.1533,0.153,1.0,False,False,2066,2066,Imranur RAHMAN,BAN,Imranur RAHMAN,1.0,OK,1,1291.5,0.1575,-4.2,177.0,0.964,Lane7 | 0.153 sec | 2066 Imranur RAHMAN (BAN)
WCH2023-100m-M-R1-H6,8,8.0,0.137,0.1367,0.137,1.0,False,False,2503,2503,Lamont Marcell JACOBS,ITA,Lamont Marcell JACOBS,1.0,OK,1,1281.5,0.1408,-4.2,174.0,0.989,Lane8 | 0.137 sec | 2503 Lamont Marcell JACOBS (ITA)
WCH2023-100m-M-R1-H6,9,9.0,0.183,0.1833,0.183,1.0,False,False,2062,2062,Terrence JONES,BAH,Terrence JONES,1.0,OK,1,1309.5,0.1608,22.5,182.0,0.985,Lane9 | 0.183 sec | 2062 Terrence JONES (BAH)
WCH2023-100m-M-R1-H7,1,1.0,,,,,False,False,,,,,,,,0,,,,,0.987,Lane1
WCH2023-100m-M-R1-H7,2,2.0,0.138,0.1383,0.138,1.0,False,True,2978,2978,Christian COLEMAN,USA,Christian COLEMAN,1.0,OK,1,1282.5,0.1442,-5.8,219.0,0.992,Lane2 | 0.138 sec (Quickest) | 2978 Christian COLEMAN (USA)
WCH2023-100m-M-R1-H7,3,3.0,0.157,0.1567,0.157,1.0,False,False,2393,2393,Julian WAGNER,GER,Julian WAGNER,1.0,OK,1,1293.5,0.1608,-4.2,208.0,0.978,Lane3 | 0.157 sec | 2393 Julian WAGNER (GER)
WCH2023-100m-M-R1-H7,4,4.0,0.138,0.1383,0.138,1.0,False,True,2839,2839,Akani SIMBINE,RSA,Akani SIMBINE,1.0,OK,1,1282.5,0.1425,-4.2,212.0,0.913,Lane 4 | 0.138 sec (Quickest) | 2839 Akani SIMBINE (RSA)
WCH2023-100m-M-R1-H7,5,5.0,0.186,0.1866,0.186,1.0,False,False,2417,2417,Joseph GREEN,GUM,Joseph GREEN,1.0,OK,1,1311.5,0.1908,-4.2,163.0,0.941,Lane5 | 0.186 sec | 2417 Joseph GREEN (GUM)
WCH2023-100m-M-R1-H7,6,6.0,0.148,0.1483,0.148,1.0,False,False,2600,2600,Hiroki YANAGITA,JPN,Hiroki YANAGITA,1.0,OK,1,1288.5,0.1525,-4.2,222.0,0.954,Lane 6 | 0.148 sec | 2600 Hiroki YANAGITA (JPN)
WCH2023-100m-M-R1-H7,7,7.0,0.179,0.1783,0.179,1.0,False,False,2418,2418,Emanuel ARCHIBALD,GUY,Emanuel ARCHIBALD,1.0,OK,1,1306.5,0.1825,-4.2,164.0,0.974,Lane7 | 0.179 sec | 2418 Emanuel ARCHIBALD (GUY)
WCH2023-100m-M-R1-H7,8,8.0,0.138,0.1383,0.138,1.0,False,True,2056,2056,Markus FUCHS,AUT,Markus FUCHS,1.0,OK,1,1282.5,0.1408,-2.5,166.0,0.976,Lane8 | 0.138 sec (Quickest) | 2056 Markus FUCHS (AUT)
WCH2023-100m-M-R1-H7,9,9.0,0.159,0.1583,0.159,1.0,False,False,2106,2106,Erik CARDOSO,BRA,Erik CARDOSO,1.0,OK,1,1294.5,0.1625,-4.2,170.0,0.989,Lane9 | 0.159 sec | 2106 Erik CARDOSO (BRA)
WCH2023-100m-M-SF-H1,1,1.0,,,,,False,False,,,,,,,,0,,,,,0.987,Lane1
WCH2023-100m-M-SF-H1,2,2.0,0.141,0.1417,0.141,1.0,False,True,2776,2776,Dominik KOPEC,POL,Dominik KOPEĆ,0.0,OK,1,1284.5,0.1458,-4.2,214.0,0.968,Lane2 | 0.141 sec (Quickest) | 2776 Dominik KOPEC (POL)
WCH2023-100m-M-SF-H1,3,3.0,0.144,0.1433,0.144,1.0,False,False,2503,2503,Lamont Marcell JACOBS,ITA,Lamont Marcell JACOBS,1.0,OK,1,1285.5,0.1475,-4.2,214.0,0.982,Lane3 | 0.144 sec | 2503 Lamont Marcell JACOBS (ITA)
WCH2023-100m-M-SF-H1,4,4.0,0.163,0.1633,0.163,1.0,False,False,3007,3007,Noah LYLES,USA,Noah LYLES,1.0,OK,1,1297.5,0.1675,-4.2,189.0,0.913,Lane 4 | 0.163 sec | 3007 Noah LYLES (USA)
WCH2023-100m-M-SF-H1,5,5.0,0.147,0.1467,0.147,1.0,False,False,2626,2626,Ferdinand OMANYALA,KEN,Ferdinand OMANYALA,1.0,OK,1,1287.5,0.1508,-4.2,166.0,0.959,Lane5 | 0.147 sec | 2626 Ferdinand OMANYALA (KEN)
WCH2023-100m-M-SF-H1,6,6.0,0.152,0.1517,0.152,1.0,False,False,2587,2587,Abdul Hakim SANI BROWN,JPN,Abdul Hakim SANI BROWN,1.0,OK,1,1290.5,0.1558,-4.2,218.0,0.931,Lane 6 | 0.152 sec | 2587 Abdul Hakim SANI BROWN (JPN)
WCH2023-100m-M-SF-H1,7,7.0,0.145,0.145,0.145,1.0,False,False,2338,2338,EugeneAMO-DADZIE,GBR,Eugene AMO-DADZIE,1.0,OK,1,1286.5,0.1475,-2.5,158.0,0.952,Lane7 | 0.145 sec | 2338EugeneAMO-DADZIE (GBR)
WCH2023-100m-M-SF-H1,8,8.0,0.143,0.1433,0.143,1.0,False,False,2559,2559,Rohan WATSON,JAM,Rohan WATSON,1.0,OK,1,1285.5,0.1292,14.2,183.0,0.972,Lane8 | 0.143 sec | 2559 Rohan WATSON (JAM)
WCH2023-100m-M-SF-H1,9,9.0,0.16,0.16,0.16,1.0,False,False,2720,2720,Usheoritse ITSEKIRI,NGR,Usheoritse ITSEKIRI,1.0,OK,1,1295.5,0.1642,-4.2,177.0,0.984,Lane9 | 0.160 sec | 2720 Usheoritse ITSEKIRI (NGR)
WCH2023-100m-M-SF-H2,1,1.0,,,,,False,False,,,,,,,,0,,,,,0.987,Lane1
WCH2023-100m-M-SF-H2,2,2.0,0.157,0.1567,0.157,1.0,False,False,2600,2600,Hiroki YANAGITA,JPN,Hiroki YANAGITA,1.0,OK,1,1293.5,0.1625,-5.8,212.0,0.986,Lane2 | 0.157 sec | 2600 Hiroki YANAGITA (JPN)
WCH2023-100m-M-SF-H2,3,3.0,0.135,0.135,0.135,1.0,False,False,2724,2724,Seye OGUNLEWE,NGR,Seye OGUNLEWE,1.0,OK,1,1280.5,0.1392,-4.2,210.0,0.958,Lane3 | 0.135 sec | 2724 Seye OGUNLEWE (NGR)
WCH2023-100m-M-SF-H2,4,4.0,,,0.078,,False,False,2839,2839,Akani SIMBINE,RSA,Akani SIMBINE,1.0,DQ,0,,,,,0.993,Lane4 | 2839 Akani SIMBINE (RSA)
WCH2023-100m-M-SF-H2,5,5.0,0.135,0.135,0.135,1.0,False,False,2978,2978,Christian COLEMAN,USA,Christian COLEMAN,1.0,OK,1,1280.5,0.1392,-4.2,179.0,0.99,Lane5 | 0.135 sec | 2978 Christian COLEMAN (USA)
WCH2023-100m-M-SF-H2,6,6.0,0.16,0.16,0.16,1.0,False,False,2540,2540,Ryiem FORDE,JAM,Ryiem FORDE,1.0,OK,1,1295.5,0.1642,-4.2,220.0,0.931,Lane 6 | 0.160 sec | 2540 Ryiem FORDE (JAM)
WCH2023-100m-M-SF-H2,7,7.0,0.124,0.1234,0.124,1.0,False,True,2350,2350,Zharnel HUGHES,GBR,Zharnel HUGHES,1.0,OK,1,1273.5,0.1275,-4.2,162.0,0.957,Lane7 | 0.124 sec (Quickest) | 2350Zharnel HUGHES (GBR)
WCH2023-100m-M-SF-H2,8,8.0,0.168,0.1683,0.168,1.0,False,False,2645,2645,Emmanuel MATADI,LBR,Emmanuel MATADI,1.0,OK,1,1300.5,0.1608,7.5,157.0,0.944,Lane8 | 0.168 sec | 2645 Emmanuel MATADI (LBR)
WCH2023-100m-M-SF-H2,9,9.0,0.168,0.1683,0.168,1.0,False,False,2418,2418,Emanuel ARCHIBALD,GUY,Emanuel ARCHIBALD,1.0,OK,1,1300.5,0.1725,-4.2,174.0,0.986,Lane9 | 0.168 sec | 2418 Emanuel ARCHIBALD (GUY)
WCH2023-100m-M-SF-H3,1,1.0,,,,,False,False,,,,,,,,0,,,,,0.987,Lane1
WCH2023-100m-M-SF-H3,2,2.0,0.151,0.1517,0.151,1.0,False,False,2155,2155,Brendon RODNEY,CAN,Brendon RODNEY,1.0,OK,1,1290.5,0.1575,-5.8,221.0,0.941,Lane2 | 0.151 sec | 2155 Brendon RODNEY (CAN)
WCH2023-100m-M-SF-H3,3,3.0,0.132,0.1317,0.132,1.0,False,True,2034,2034,Rohan BROWNING,AUS,Rohan BROWNING,1.0,OK,1,1278.5,0.1358,-4.2,171.0,0.981,Lane3 | 0.132 sec (Quickest) | 2034 Rohan BROWNING (AUS)
WCH2023-100m-M-SF-H3,4,4.0,0.159,0.1583,0.159,1.0,False,False,2998,2998,Fred KERLEY,USA,Fred KERLEY,1.0,OK,1,1294.5,0.1625,-4.2,222.0,0.913,Lane 4 | 0.159 sec | 2998 Fred KERLEY (USA)
WCH2023-100m-M-SF-H3,5,5.0,0.153,0.1533,0.153,1.0,False,False,2700,2700,Raphael BOUJU,NED,Raphael BOUJU,1.0,OK,1,1291.5,0.1575,-4.2,181.0,0.986,Lane5 | 0.153 sec | 2700 Raphael BOUJU (NED)
WCH2023-100m-M-SF-H3,6,6.0,0.171,0.1717,0.171,1.0,False,False,2102,2102,Letsile TEBOGO,BOT,Letsile TEBOGO,1.0,OK,1,1302.5,0.1758,-4.2,208.0,0.931,Lane 6 | 0.171 sec | 2102 Letsile TEBOGO (BOT)
WCH2023-100m-M-SF-H3,7,7.0,0.148,0.1483,0.148,1.0,False,False,2554,2554,Oblique SEVILLE,JAM,Oblique SEVILLE,1.0,OK,1,1288.5,0.1508,-2.5,184.0,0.95,Lane7 | 0.148 sec | 2554 Oblique SEVILLE (JAM)
WCH2023-100m-M-SF-H3,8,8.0,0.135,0.135,0.135,1.0,False,False,2357,2357,Reece PRESCOD,GBR,Reece PRESCOD,1.0,OK,1,1280.5,0.1375,-2.5,170.0,0.989,Lane8 | 0.135 sec | 2357 Reece PRESCOD (GBR)
WCH2023-100m-M-SF-H3,9,9.0,0.138,0.1383,0.138,1.0,False,False,2897,2897,Henrik LARSSON,SWE,Henrik LARSSON,1.0,OK,1,1282.5,0.1425,-4.2,175.0,0.989,Lane9 | 0.138 sec | 2897 Henrik LARSSON (SWE)
WCH2023-100m-W-F-H1,1,1.0,0.151,0.1517,0.151,1.0,False,False,1227,1227,Ewa SWOBODA,POL,Ewa SWOBODA,1.0,OK,1,1290.5,0.1558,-4.2,159.0,0.935,Lane 1 | 0.151 sec | 1227 Ewa SWOBODA (POL)
WCH2023-100m-W-F-H1,2,2.0,0.146,0.1467,0.146,1.0,False,False,839,839,Dina ASHER-SMITH,GBR,Dina ASHER-SMITH,1.0,OK,1,1287.5,0.1508,-4.2,154.0,0.943,Lane2 | 0.146 sec | 839 Dina ASHER-SMITH (GBR)
WCH2023-100m-W-F-H1,3,3.0,0.188,0.1883,0.188,1.0,False,False,1378,1378,Brittany BROWN,USA,Brittany BROWN,1.0,OK,1,1312.5,0.1925,-4.2,171.0,0.962,Lane3 | 0.188 sec | 1378 Brittany BROWN (USA)
WCH2023-100m-W-F-H1,4,4.0,0.166,0.1667,0.166,1.0,False,False,1017,1017,Shericka JACKSON,JAM,Shericka JACKSON,1.0,OK,1,1299.5,0.1708,-4.2,188.0,0.913,Lane 4 | 0.166 sec | 1017 Shericka JACKSON (JAM)
WCH2023-100m-W-F-H1,5,5.0,0.153,0.1533,0.153,1.0,False,False,1013,1013,Shelly-Ann FRASER-PRYCE,JAM,Shelly-Ann FRASER-PRYCE,1.0,OK,1,1291.5,0.1575,-4.2,136.0,0.972,Lane5 | 0.153 sec | 1013 Shelly-Ann FRASER-PRYCE (JAM)
WCH2023-100m-W-F-H1,6,6.0,0.153,0.1533,0.153,1.0,False,False,1104,1104,Julien ALFRED,LCA,Julien ALFRED,1.0,OK,1,1291.5,0.1575,-4.2,166.0,0.931,Lane 6 | 0.153 sec | 1104 Julien ALFRED (LCA)
WCH2023-100m-W-F-H1,7,7.0,0.147,0.1467,0.147,1.0,False,False,657,657,Marie-Josée TA LOU,CIV,Marie-Josée TA LOU,1.0,OK,1,1287.5,0.1508,-4.2,130.0,0.957,Lane7 | 0.147 sec | 657  Marie-Josée TA LOU (CIV)
WCH2023-100m-W-F-H1,8,8.0,0.142,0.1417,0.142,1.0,False,True,1388,1388,TamariDAVIS,USA,Tamari DAVIS,1.0,OK,1,1284.5,0.1458,-4.2,135.0,0.971,Lane8 | 0.142 sec (Quickest) | 1388TamariDAVIS  (USA)
WCH2023-100m-W-F-H1,9,9.0,0.156,0.1567,0.156,1.0,False,False,1434,1434,Sha'Carri RICHARDSON,USA,Sha'Carri RICHARDSON,1.0,OK,1,1293.5,0.1608,-4.2,161.0,0.98,Lane9 | 0.156 sec | 1434 Sha'Carri RICHARDSON (USA)
WCH2023-100m-W-R1-H1,1,1.0,,,,,False,False,,,,,,,,0,,,,,0.987,Lane1
WCH2023-100m-W-R1-H1,2,2.0,0.142,0.1417,0.142,1.0,False,False,856,856,Daryll NEITA,GBR,Daryll NEITA,1.0,OK,1,1284.5,0.1458,-4.2,104.0,0.979,Lane2 | 0.142 sec | 856 Daryll NEITA (GBR)
WCH2023-100m-W-R1-H1,3,3.0,0.128,0.1284,0.128,1.0,False,True,1295,1295,Géraldine FREY,SUI,Géraldine FREY,1.0,OK,1,1276.5,0.1308,-2.5,133.0,0.992,Lane3 | 0.128 sec (Quickest) | 1295 Géraldine FREY (SUI)
WCH2023-100m-W-R1-H1,4,4.0,0.154,0.1533,0.154,1.0,False,False,1104,1104,Julien ALFRED,LCA,Julien ALFRED,1.0,OK,1,1291.5,0.1575,-4.2,157.0,0.913,Lane 4 | 0.154 sec | 1104 Julien ALFRED (LCA)
WCH2023-100m-W-R1-H1,5,5.0,0.15,0.15,0.15,1.0,False,False,958,958,Fasihi FARZANEH,IRI,Fasihi FARZANEH,1.0,OK,1,1289.5,0.1308,19.2,86.0,0.993,Lane5 | 0.150 sec | 958 Fasihi FARZANEH (IRI)
WCH2023-100m-W-R1-H1,6,6.0,0.151,0.1517,0.151,1.0,False,False,837,837,Gina BASS,GAM,Gina BASS,1.0,OK,1,1290.5,0.1542,-2.5,109.0,0.931,Lane 6 | 0.151 sec | 837 Gina BASS (GAM)
WCH2023-100m-W-R1-H1,7,7.0,0.225,0.225,0.225,1.0,False,False,1175,1175,Zarinae SAPONG,NMI,Zarinae SAPONG,1.0,OK,1,1334.5,0.2275,-2.5,103.0,0.978,Lane7 | 0.225 sec | 1175 Zarinae SAPONG (NMI)
WCH2023-100m-W-R1-H1,8,8.0,0.176,0.1767,0.176,1.0,False,False,719,719,Angela Gabriela TENORIO,ECU,Ángela Gabriela TENORIO,1.0,OK,1,1305.5,0.1625,14.2,123.0,0.983,Lane8 | 0.176 sec | 719 Angela Gabriela TENORIO (ECU)
WCH2023-100m-W-R1-H1,9,9.0,0.153,0.1533,0.153,1.0,False,False,556,556,Delphine NKANSA,BEL,Delphine NKANSA,1.0,OK,1,1291.5,0.1575,-4.2,155.0,0.989,Lane9 | 0.153 sec | 556 Delphine NKANSA (BEL)
WCH2023-100m-W-R1-H2,1,1.0,,,,,False,False,,,,,,,,0,,,,,0.985,Lane1
WCH2023-100m-W-R1-H2,2,2.0,0.184,0.1833,0.184,1.0,False,False,725,725,JaelBESTUE,ESP,Jaël BESTUÉ,0.0,OK,1,1309.5,0.1891,-5.8,103.0,0.911,Lane 2 | 0.184 sec | 725JaelBESTUE  (ESP)
WCH2023-100m-W-R1-H2,3,3.0,0.181,0.1816,0.181,1.0,False,False,1273,1273,Veronica Shanti PEREIRA,SGP,Veronica Shanti PEREIRA,1.0,OK,1,1308.5,0.1858,-4.2,115.0,0.924,Lane 3 | 0.181 sec | 1273 Veronica Shanti PEREIRA (SGP)
WCH2023-100m-W-R1-H2,4,4.0,0.17,0.17,0.17,1.0,False,False,920,920,Halle HAZZARD,GRN,Halle HAZZARD,1.0,OK,1,1301.5,0.1742,-4.2,132.0,0.949,Lane 4 | 0.170 sec | 920 Halle HAZZARD (GRN)
WCH2023-100m-W-R1-H2,5,5.0,0.194,0.1933,0.194,1.0,False,False,1378,1378,Brittany BROWN,USA,Brittany BROWN,1.0,OK,1,1315.5,0.1975,-4.2,126.0,0.984,Lane5 | 0.194 sec | 1378 Brittany BROWN (USA)
WCH2023-100m-W-R1-H2,6,6.0,0.139,0.1383,0.139,1.0,False,False,839,839,Dina ASHER-SMITH,GBR,Dina ASHER-SMITH,1.0,OK,1,1282.5,0.1425,-4.2,142.0,0.935,Lane 6 | 0.139 sec | 839 Dina ASHER-SMITH (GBR)
WCH2023-100m-W-R1-H2,7,7.0,0.13,0.13,0.13,1.0,False,True,1303,1303,Salomé KORA,SUI,Salomé KORA,1.0,OK,1,1277.5,0.1342,-4.2,164.0,0.962,Lane7 | 0.130 sec (Quickest) | 1303 Salomé KORA (SUI)
WCH2023-100m-W-R1-H2,8,8.0,,,,,False,False,673,673,Yunisleydis DE LA C. GARCIA,CUB,Yunisleydis DE LA C. GARCÍA,0.0,DQ,0,,,,,0.976,Lane8 | 673 Yunisleydis DE LA C. GARCIA (CUB)
WCH2023-100m-W-R1-H2,9,9.0,0.178,0.1783,0.178,1.0,False,False,1453,1453,Chloe DAVID,VAN,Chloe DAVID,1.0,OK,1,1306.5,0.1675,10.8,87.0,0.977,Lane9 | 0.178 sec | 1453 Chloe DAVID (VAN)
WCH2023-100m-W-R1-H3,1,1.0,,,,,False,False,,,,,,,,0,,,,,0.987,Lane1
WCH2023-100m-W-R1-H3,2,2.0,0.154,0.1533,0.154,1.0,False,False,1337,1337,Leah BERTRAND,TTO,Leah BERTRAND,1.0,OK,1,1291.5,0.1575,-4.2,127.0,0.941,Lane2 | 0.154 sec | 1337 Leah BERTRAND (TTO)
WCH2023-100m-W-R1-H3,3,3.0,0.161,0.1617,0.161,1.0,False,False,654,654,Murielle AHOURE-DEMPS,CIV,Murielle AHOURÉ-DEMPS,0.0,OK,1,1296.5,0.1658,-4.2,108.0,0.972,Lane3 | 0.161 sec | 654 Murielle AHOURE-DEMPS (CIV)
WCH2023-100m-W-R1-H3,4,4.0,0.137,0.1367,0.137,1.0,False,True,1388,1388,Tamari DAVIS,USA,Tamari DAVIS,1.0,OK,1,1281.5,0.1408,-4.2,147.0,0.913,Lane 4 | 0.137 sec (Quickest) | 1388 Tamari DAVIS (USA)
WCH2023-100m-W-R1-H3,5,5.0,0.164,0.1633,0.164,1.0,False,False,1150,1150,N'Ketia SEEDO,NED,N'Ketia SEEDO,1.0,OK,1,1297.5,0.1675,-4.2,158.0,0.978,Lane5 | 0.164 sec | 1150 N'Ketia SEEDO (NED)
WCH2023-100m-W-R1-H3,6,6.0,0.175,0.175,0.175,1.0,False,False,558,558,Rani ROSIUS,BEL,Rani ROSIUS,1.0,OK,1,1304.5,0.1642,10.8,115.0,0.931,Lane 6 | 0.175 sec | 558 Rani ROSIUS (BEL)
WCH2023-100m-W-R1-H3,7,7.0,0.192,0.1916,0.192,1.0,False,False,1097,1097,Silina PHA APHAY,LAO,Silina PHA APHAY,1.0,OK,1,1314.5,0.1958,-4.2,111.0,0.983,Lane7 | 0.192 sec | 1097 Silina PHA APHAY (LAO)
WCH2023-100m-W-R1-H3,8,8.0,0.157,0.1567,0.157,1.0,False,False,1227,1227,Ewa SWOBODA,POL,Ewa SWOBODA,1.0,OK,1,1293.5,0.1608,-4.2,144.0,0.975,Lane8 | 0.157 sec | 1227 Ewa SWOBODA (POL)
WCH2023-100m-W-R1-H3,9,9.0,0.155,0.155,0.155,1.0,False,False,1096,1096,Mudhawi ALSHAMMARI,KUW,Mudhawi ALSHAMMARI,1.0,OK,1,1292.5,0.1325,22.5,110.0,0.973,Lane9 | 0.155 sec | 1096 Mudhawi ALSHAMMARI (KUW)
WCH2023-100m-W-R1-H4,1,1.0,,,,,False,False,,,,,,,,0,,,,,0.987,Lane1
WCH2023-100m-W-R1-H4,2,2.0,0.189,0.1883,0.189,1.0,False,False,592,592,Vitoria Cristina ROSA,BRA,Vitoria Cristina ROSA,1.0,OK,1,1312.5,0.1925,-4.2,157.0,0.969,Lane2 | 0.189sec | 592 Vitoria Cristina ROSA (BRA)
WCH2023-100m-W-R1-H4,3,3.0,0.173,0.1733,0.173,1.0,False,False,1162,1162,Rosemary CHUKWUMA,NGR,Rosemary CHUKWUMA,1.0,OK,1,1303.5,0.1608,12.5,104.0,0.972,Lane3 | 0.173sec | 1162 Rosemary CHUKWUMA (NGR)
WCH2023-100m-W-R1-H4,4,4.0,0.206,0.2066,0.206,1.0,False,False,889,889,Gina LUCKENKEMPER,GER,Gina LÜCKENKEMPER,0.0,OK,1,1323.5,0.2108,-4.2,111.0,0.913,Lane 4 | 0.206 sec | 889 Gina LUCKENKEMPER (GER)
WCH2023-100m-W-R1-H4,5,5.0,0.141,0.1417,0.141,1.0,False,True,635,635,Natacha NGOYE AKAMABI,CGO,Natacha NGOYE AKAMABI,1.0,OK,1,1284.5,0.1442,-2.5,85.0,0.993,Lane5 | 0.141 sec (Quickest) | 635 Natacha NGOYE AKAMABI (CGO)
WCH2023-100m-W-R1-H4,6,6.0,0.143,0.1433,0.143,1.0,False,False,1335,1335,Michelle-Lee AHYE,TTO,Michelle-Lee AHYE,1.0,OK,1,1285.5,0.1475,-4.2,97.0,0.954,Lane 6 | 0.143 sec | 1335 Michelle-Lee AHYE (TTO)
WCH2023-100m-W-R1-H4,7,7.0,0.185,0.185,0.185,1.0,False,False,1017,1017,Shericka JACKSON,JAM,Shericka JACKSON,1.0,OK,1,1310.5,0.1692,15.8,140.0,0.971,Lane7 | 0.185 sec | 1017 Shericka JACKSON (JAM)
WCH2023-100m-W-R1-H4,8,8.0,0.159,0.1583,0.159,1.0,False,False,686,686,Olivia FOTOPOULOU,CYP,Olivia FOTOPOULOU,1.0,OK,1,1294.5,0.1625,-4.2,107.0,0.968,Lane8 | 0.159 sec | 686 Olivia FOTOPOULOU (CYP)
WCH2023-100m-W-R1-H4,9,9.0,0.161,0.1617,0.161,1.0,False,False,776,776,Kesaia BOLETAKANAKANDAVU,FIJ,Kesaia BOLETAKANAKANDAVU,1.0,OK,1,1296.5,0.1508,10.8,91.0,0.983,Lane9 | 0.161 sec | 776 Kesaia BOLETAKANAKANDAVU (FIJ)
WCH2023-100m-W-R1-H5,1,1.0,,,,,False,False,,,,,,,,0,,,,,0.987,Lane1
WCH2023-100m-W-R1-H5,2,2.0,0.188,0.1883,0.188,1.0,False,False,1228,1228,Krystsina TSIMANOUSKAYA,POL,Krystsina TSIMANOUSKAYA,1.0,OK,1,1312.5,0.1775,10.8,130.0,0.983,Lane2 | 0.188 sec | 1228 Krystsina TSIMANOUSKAYA (POL)
WCH2023-100m-W-R1-H5,3,3.0,0.183,0.1833,0.183,1.0,False,False,1202,1202,Sydney FRANCISCO,PLW,Sydney FRANCISCO,1.0,OK,1,1309.5,0.1875,-4.2,95.0,0.97,Lane3 | 0.183 sec | 1202 Sydney FRANCISCO (PLW)
WCH2023-100m-W-R1-H5,4,4.0,0.179,0.1783,0.179,1.0,False,False,1021,1021,Natasha MORRISON,JAM,Natasha MORRISON,1.0,OK,1,1306.5,0.1825,-4.2,164.0,0.913,Lane 4 | 0.179 sec | 1021 Natasha MORRISON (JAM)
WCH2023-100m-W-R1-H5,5,5.0,0.16,0.16,0.16,1.0,False,False,984,984,Zaynab DOSSO,ITA,Zaynab DOSSO,1.0,OK,1,1295.5,0.1642,-4.2,146.0,0.952,Lane5 | 0.160 sec | 984 Zaynab DOSSO (ITA)
WCH2023-100m-W-R1-H5,6,6.0,0.175,0.175,0.175,1.0,False,False,1434,1434,Sha'Carri RICHARDSON,USA,Sha'Carri RICHARDSON,1.0,OK,1,1304.5,0.1792,-4.2,148.0,0.931,Lane 6 | 0.175 sec | 1434 Sha'Carri RICHARDSON  (USA)
WCH2023-100m-W-R1-H5,7,7.0,0.126,0.1267,0.126,1.0,False,True,526,526,Torrie LEWIS,AUS,Torrie LEWIS,1.0,OK,1,1275.5,0.1308,-4.2,115.0,0.953,Lane7 | 0.126 sec (Quickest) | 526 Torrie LEWIS (AUS)
WCH2023-100m-W-R1-H5,8,8.0,0.141,0.1417,,,False,False,852,852,Imani LANSIQUOT,GBR,Imani LANSIQUOT,1.0,DQ,1,1284.5,0.1458,-4.2,123.0,0.981,Lane8 | 0.141 sec | 852 Imani LANSIQUOT (GBR)
WCH2023-100m-W-R1-H5,9,9.0,0.164,0.1633,0.164,1.0,False,False,656,656,Maboundou KONE,CIV,Maboundou KONÉ,0.0,OK,1,1297.5,0.1675,-4.2,168.0,0.979,Lane9 | 0.164 sec | 656 Maboundou KONE (CIV)
WCH2023-100m-W-R1-H6,1,1.0,,,,,False,False,,,,,,,,0,,,,,0.987,Lane1
WCH2023-100m-W-R1-H6,2,2.0,0.169,0.1683,0.169,1.0,False,False,949,949,Boglarka TAKACS,HUN,Boglárka TAKÁCS,0.0,OK,1,1300.5,0.1608,7.5,61.0,0.951,Lane2 | 0.169 sec | 949 Boglarka TAKACS (HUN)
WCH2023-100m-W-R1-H6,3,3.0,0.226,0.2266,0.226,1.0,False,False,1286,1286,Jovita ARUNIA,SOL,Jovita ARUNIA,1.0,OK,1,1335.5,0.2308,-4.2,61.0,0.962,Lane3 | 0.226 sec | 1286 Jovita ARUNIA (SOL)
WCH2023-100m-W-R1-H6,4,4.0,0.201,0.2016,0.201,1.0,False,False,1012,1012,Shashalee FORBES,JAM,Shashalee FORBES,1.0,OK,1,1320.5,0.1941,7.5,93.0,0.913,Lane 4 | 0.201 sec | 1012 Shashalee FORBES (JAM)
WCH2023-100m-W-R1-H6,5,5.0,0.145,0.145,0.145,1.0,False,False,1116,1116,Patrizia VAN DER WEKEN,LUX,Patrizia VAN DER WEKEN,1.0,OK,1,1286.5,0.1492,-4.2,126.0,0.99,Lane5 | 0.145 sec | 1116 Patrizia VAN DER WEKEN (LUX)
WCH2023-100m-W-R1-H6,6,6.0,0.171,0.1717,0.171,1.0,False,False,657,657,Marie-Josée TA LOU,CIV,Marie-Josée TA LOU,1.0,OK,1,1302.5,0.1758,-4.2,120.0,0.954,Lane 6 | 0.171 sec | 657 Marie-Josée TA LOU (CIV)
WCH2023-100m-W-R1-H6,7,7.0,0.173,0.1733,0.173,1.0,False,False,1241,1241,Arialis GANDULLA,POR,Arialis GANDULLA,1.0,OK,1,1303.5,0.1792,-5.8,161.0,0.973,Lane7 | 0.173 sec | 1241 Arialis GANDULLA (POR)
WCH2023-100m-W-R1-H6,8,8.0,0.149,0.1483,0.149,1.0,False,False,528,528,Bree MASTERS,AUS,Bree MASTERS,1.0,OK,1,1288.5,0.1525,-4.2,155.0,0.985,Lane8 | 0.149 sec | 528 Bree MASTERS (AUS)
WCH2023-100m-W-R1-H6,9,9.0,0.143,0.1433,0.143,1.0,False,True,1226,1226,Magdalena STEFANOWICZ,POL,Magdalena STEFANOWICZ,1.0,OK,1,1285.5,0.1475,-4.2,145.0,0.979,Lane9 | 0.143 sec (Quickest) | 1226 Magdalena STEFANOWICZ (POL)
WCH2023-100m-W-R1-H7,1,1.0,,,,,False,False,,,,,,,,0,,,,,0.989,Lane1
WCH2023-100m-W-R1-H7,2,2.0,0.195,0.195,0.195,1.0,False,False,879,879,Rebekka HAASE,GER,Rebekka HAASE,1.0,OK,1,1316.5,0.1991,-4.2,129.0,0.955,Lane2 | 0.195 sec | 879 Rebekka HAASE (GER)
WCH2023-100m-W-R1-H7,3,3.0,0.16,0.16,0.16,1.0,False,False,1190,1190,Zoe HOBBS,NZL,Zoe HOBBS,1.0,OK,1,1295.5,0.1642,-4.2,174.0,0.952,Lane3 | 0.160 sec | 1190 Zoe HOBBS (NZL)
WCH2023-100m-W-R1-H7,4,4.0,0.249,0.2483,0.249,1.0,False,False,1095,1095,Yara Ahmed ABULJADAYEL,KSA,Yara Ahmed ABULJADAYEL,1.0,OK,1,1348.5,0.2408,7.5,63.0,0.913,Lane 4 | 0.249 sec | 1095 Yara Ahmed ABULJADAYEL (KSA)
WCH2023-100m-W-R1-H7,5,5.0,0.164,0.1633,0.164,1.0,False,False,1013,1013,Shelly-Ann FRASER-PRYCE,JAM,Shelly-Ann FRASER-PRYCE,1.0,OK,1,1297.5,0.1675,-4.2,118.0,0.97,Lane5 | 0.164 sec | 1013 Shelly-Ann FRASER-PRYCE (JAM)
WCH2023-100m-W-R1-H7,6,6.0,0.151,0.1517,0.151,1.0,False,False,1047,1047,Arisa KIMISHIMA,JPN,Arisa KIMISHIMA,1.0,OK,1,1290.5,0.1425,9.2,90.0,0.92,Lane 6 | 0.151 sec | 1047 Arisa KIMISHIMA (JPN)
WCH2023-100m-W-R1-H7,7,7.0,0.125,0.125,0.125,1.0,False,True,1302,1302,Mujinga KAMBUNDJI,SUI,Mujinga KAMBUNDJI,1.0,OK,1,1274.5,0.1292,-4.2,165.0,0.986,Lane7 | 0.125 sec (Quickest) | 1302 Mujinga KAMBUNDJI (SUI)
WCH2023-100m-W-R1-H7,8,8.0,0.148,0.1483,0.148,1.0,False,False,607,607,Khamica BINGHAM,CAN,Khamica BINGHAM,1.0,OK,1,1288.5,0.1358,12.5,131.0,0.985,Lane8 | 0.148 sec | 607 Khamica BINGHAM (CAN)
WCH2023-100m-W-R1-H7,9,9.0,0.171,0.1717,0.171,1.0,False,False,1237,1237,Lorene Dorcas BAZOLO,POR,Lorène Dorcas BAZOLO,0.0,OK,1,1302.5,0.1625,9.2,104.0,0.967,Lane9 | 0.171 sec | 1237 Lorene Dorcas BAZOLO (POR)
WCH2023-100m-W-SF-H1,1,1.0,,,,,False,False,,,,,,,,0,,,,,0.912,Lane 1
WCH2023-100m-W-SF-H1,2,2.0,0.196,0.1966,0.196,1.0,False,False,889,889,Gina LUCKENKEMPER,GER,Gina LÜCKENKEMPER,0.0,OK,1,1317.5,0.2008,-4.2,167.0,0.948,Lane2 | 0.196 sec | 889 Gina LUCKENKEMPER (GER)
WCH2023-100m-W-SF-H1,3,3.0,0.165,0.165,0.165,1.0,False,False,1335,1335,Michelle-Lee AHYE,TTO,Michelle-Lee AHYE,1.0,OK,1,1298.5,0.1692,-4.2,115.0,0.957,Lane3 | 0.165 sec | 1335 Michelle-Lee AHYE (TTO)
WCH2023-100m-W-SF-H1,4,4.0,0.143,0.1433,0.143,1.0,False,True,856,856,Daryll NEITA,GBR,Daryll NEITA,1.0,OK,1,1285.5,0.1475,-4.2,135.0,0.931,Lane 4 | 0.143 sec (Quickest) | 856 Daryll NEITA (GBR)
WCH2023-100m-W-SF-H1,5,5.0,0.153,0.1533,0.153,1.0,False,False,1227,1227,EWa SWOBODA,POL,Ewa SWOBODA,1.0,OK,1,1291.5,0.1575,-4.2,160.0,0.965,Lane5 | 0.153 sec | 1227 EWa SWOBODA (POL)
WCH2023-100m-W-SF-H1,6,6.0,0.148,0.1483,0.148,1.0,False,False,1388,1388,Tamari DAVIS,USA,Tamari DAVIS,1.0,OK,1,1288.5,0.1508,-2.5,143.0,0.922,Lane 6 | 0.148 sec | 1388 Tamari DAVIS (USA)
WCH2023-100m-W-SF-H1,7,7.0,0.16,0.16,0.16,1.0,False,False,1013,1013,Shelly-Ann FRASER-PRYCE,JAM,Shelly-Ann FRASER-PRYCE,1.0,OK,1,1295.5,0.1642,-4.2,133.0,0.974,Lane7 | 0.160 sec | 1013 Shelly-Ann FRASER-PRYCE (JAM)
WCH2023-100m-W-SF-H1,8,8.0,0.165,0.165,0.165,1.0,False,False,984,984,Zaynab DOSSO,ITA,Zaynab DOSSO,1.0,OK,1,1298.5,0.1675,-2.5,141.0,0.968,Lane8 | 0.165 sec | 984 Zaynab DOSSO (ITA)
WCH2023-100m-W-SF-H1,9,9.0,0.188,0.1883,0.188,1.0,False,False,1162,1162,Rosemary CHUKWUMA,NGR,Rosemary CHUKWUMA,1.0,OK,1,1312.5,0.1275,60.8,109.0,0.982,Lane9 | 0.188 sec | 1162 Rosemary CHUKWUMA (NGR)
WCH2023-100m-W-SF-H2,1,1.0,,,,,False,False,,,,,,,,0,,,,,0.987,Lane1
WCH2023-100m-W-SF-H2,2,2.0,0.157,0.1567,0.157,1.0,False,False,949,949,Boglarka TAKACS,HUN,Boglárka TAKÁCS,0.0,OK,1,1293.5,0.1608,-4.2,75.0,0.981,Lane2 | 0.157 sec | 949 Boglarka TAKACS (HUN)
WCH2023-100m-W-SF-H2,3,3.0,0.131,0.1317,0.131,1.0,False,False,1012,1012,Shashalee FORBES,JAM,Shashalee FORBES,1.0,OK,1,1278.5,0.1358,-4.2,119.0,0.99,Lane3 | 0.131 sec | 1012 Shashalee FORBES (JAM)
WCH2023-100m-W-SF-H2,4,4.0,0.12,0.12,0.12,1.0,False,True,1302,1302,Mujinga KAMBUNDJI,SUI,Mujinga KAMBUNDJI,1.0,OK,1,1271.5,0.1242,-4.2,188.0,0.993,Lane4 | 0.120 sec (Quickest) | 1302 Mujinga KAMBUNDJI (SUI)
WCH2023-100m-W-SF-H2,5,5.0,0.183,0.1833,0.183,1.0,False,False,1017,1017,Shericka JACKSON,JAM,Shericka JACKSON,1.0,OK,1,1309.5,0.1875,-4.2,160.0,0.993,Lane5 | 0.183 sec | 1017 Shericka JACKSON (JAM)
WCH2023-100m-W-SF-H2,6,6.0,0.222,0.2216,0.222,1.0,False,False,1434,1434,Sha'Carri RICHARDSON,USA,Sha'Carri RICHARDSON,1.0,OK,1,1332.5,0.2258,-4.2,122.0,0.935,Lane 6 | 0.222 sec | 1434 Sha'Carri RICHARDSON (USA)
WCH2023-100m-W-SF-H2,7,7.0,0.163,0.1633,0.163,1.0,False,False,657,657,Marie-Josée TA LOU,CIV,Marie-Josée TA LOU,1.0,OK,1,1297.5,0.1675,-4.2,144.0,0.97,Lane7 | 0.163 sec | 657 Marie-Josée TA LOU (CIV)
WCH2023-100m-W-SF-H2,8,8.0,0.153,0.1533,0.153,1.0,False,False,1190,1190,Zoe HOBBS,NZL,Zoe HOBBS,1.0,OK,1,1291.5,0.1575,-4.2,165.0,0.914,Lane 8 | 0.153 sec | 1190 Zoe HOBBS (NZL)
WCH2023-100m-W-SF-H2,9,9.0,0.182,0.1816,0.182,1.0,False,False,725,725,Jael BESTUE,ESP,Jaël BESTUÉ,0.0,OK,1,1308.5,0.1075,74.1,110.0,0.982,Lane9 | 0.182 sec | 725Jael BESTUE (ESP)
WCH2023-100m-W-SF-H3,1,1.0,,,,,False,False,,,,,,,,0,,,,,0.987,Lane1
WCH2023-100m-W-SF-H3,2,2.0,0.166,0.1667,0.166,1.0,False,False,558,558,Rani ROSIUS,BEL,Rani ROSIUS,1.0,OK,1,1299.5,0.1708,-4.2,136.0,0.946,Lane2 | 0.166 sec | 558Rani ROSIUS (BEL)
WCH2023-100m-W-SF-H3,3,3.0,0.142,0.1417,0.142,1.0,False,False,837,837,Gina BASS,GAM,Gina BASS,1.0,OK,1,1284.5,0.1458,-4.2,135.0,0.946,Lane3 | 0.142 sec | 837 Gina BASS (GAM)
WCH2023-100m-W-SF-H3,4,4.0,0.232,0.2316,0.232,1.0,False,False,1378,1378,Brittany BROWN,USA,Brittany BROWN,1.0,OK,1,1338.5,0.2358,-4.2,173.0,0.913,Lane 4 | 0.232 sec | 1378 Brittany BROWN (USA)
WCH2023-100m-W-SF-H3,5,5.0,0.202,0.2016,0.202,1.0,False,False,1104,1104,JulienALFRED,LCA,Julien ALFRED,1.0,OK,1,1320.5,0.2041,-2.5,111.0,0.991,Lane5 | 0.202 sec | 1104JulienALFRED (LCA)
WCH2023-100m-W-SF-H3,6,6.0,0.17,0.17,0.17,1.0,False,False,1021,1021,Natasha MORRISON,JAM,Natasha MORRISON,1.0,OK,1,1301.5,0.1608,9.2,156.0,0.954,Lane 6 | 0.170 sec | 1021 Natasha MORRISON (JAM)
WCH2023-100m-W-SF-H3,7,7.0,0.135,0.135,0.135,1.0,False,True,839,839,Dina ASHER-SMITH,GBR,Dina ASHER-SMITH,1.0,OK,1,1280.5,0.1392,-4.2,138.0,0.986,Lane7 | 0.135 sec (Quickest) | 839 Dina ASHER-SMITH (GBR)
WCH2023-100m-W-SF-H3,8,8.0,0.165,0.165,0.165,1.0,False,False,1150,1150,N'Ketia SEEDO,NED,N'Ketia SEEDO,1.0,OK,1,1298.5,0.1692,-4.2,188.0,0.947,Lane8 | 0.165 sec | 1150 N'Ketia SEEDO (NED)
WCH2023-100m-W-SF-H3,9,9.0,0.143,0.1433,0.143,1.0,False,False,1295,1295,Géraldine FREY,SUI,Géraldine FREY,1.0,OK,1,1285.5,0.1475,-4.2,115.0,0.97,Lane9 | 0.143 sec | 1295 Géraldine FREY (SUI)
WCH2023-100mH-W-F-H1,1,1.0,,,,,False,False,,,,,,,,0,,,,,0.987,Lane1
WCH2023-100mH-W-F-H1,2,2.0,0.132,0.1317,0.132,1.0,False,True,1036,1036,Danielle WILLIAMS,JAM,Danielle WILLIAMS,1.0,OK,1,1278.5,0.1358,-4.2,122.0,0.986,Lane2 | 0.132 sec (Quickest) | 1036 Danielle WILLIAMS (JAM)
WCH2023-100mH-W-F-H1,3,3.0,0.159,0.1583,0.159,1.0,False,False,1371,1371,Nia ALI,USA,Nia ALI,1.0,OK,1,1294.5,0.1625,-4.2,141.0,0.976,Lane3 | 0.159 sec | 1371 Nia ALI (USA)
WCH2023-100mH-W-F-H1,4,4.0,0.155,0.155,0.155,1.0,False,False,1403,1403,Kendra HARRISON,USA,Kendra HARRISON,1.0,OK,1,1292.5,0.1592,-4.2,138.0,0.913,Lane 4 | 0.155 sec | 1403 Kendra HARRISON (USA)
WCH2023-100mH-W-F-H1,5,5.0,0.152,0.1517,0.152,1.0,False,False,1159,1159,Tobi AMUSAN,NGR,Tobi AMUSAN,1.0,OK,1,1290.5,0.1542,-2.5,122.0,0.959,Lane5 | 0.152 sec | 1159 Tobi AMUSAN (NGR)
WCH2023-100mH-W-F-H1,6,6.0,0.149,0.1483,0.149,1.0,False,False,544,544,Devynne CHARLTON,BAH,Devynne CHARLTON,1.0,OK,1,1288.5,0.1525,-4.2,143.0,0.945,Lane 6 | 0.149 sec | 544 Devynne CHARLTON  (BAH)
WCH2023-100mH-W-F-H1,7,7.0,0.164,0.1633,0.164,1.0,False,False,1249,1249,Jasmine CAMACHO-QUINN,PUR,Jasmine CAMACHO-QUINN,1.0,OK,1,1297.5,0.1675,-4.2,185.0,0.963,Lane7 | 0.164 sec | 1249 Jasmine CAMACHO-QUINN (PUR)
WCH2023-100mH-W-F-H1,8,8.0,0.135,0.135,0.135,1.0,False,False,1022,1022,Ackera NUGENT,JAM,Ackera NUGENT,1.0,OK,1,1280.5,0.1392,-4.2,147.0,0.971,Lane8 | 0.135 sec | 1022 Ackera NUGENT (JAM)
WCH2023-100mH-W-F-H1,9,9.0,0.14,0.14,0.14,1.0,False,False,1301,1301,Ditaji KAMBUNDJI,SUI,Ditaji KAMBUNDJI,1.0,OK,1,1283.5,0.1458,-5.8,128.0,0.989,Lane9 | 0.140 sec | 1301 Ditaji KAMBUNDJI (SUI)
WCH2023-100mH-W-R1-H1,1,1.0,,,,,False,False,,,,,,,,0,,,,,0.987,Lane1
WCH2023-100mH-W-R1-H1,2,2.0,0.139,0.1383,0.139,1.0,False,False,963,963,Sarah LAVIN,IRL,Sarah LAVIN,1.0,OK,1,1282.5,0.1425,-4.2,108.0,0.942,Lane2 | 0.139 sec | 963 Sarah LAVIN (IRL)
WCH2023-100mH-W-R1-H1,3,3.0,0.143,0.1433,0.143,1.0,False,False,927,927,Gréta KEREKES,HUN,Gréta KEREKES,1.0,OK,1,1285.5,0.1475,-4.2,127.0,0.964,Lane3 | 0.143 sec | 927 Gréta KEREKES (HUN)
WCH2023-100mH-W-R1-H1,4,4.0,0.136,0.1367,0.136,1.0,False,False,1041,1041,Masumi AOKI,JPN,Masumi AOKI,1.0,OK,1,1281.5,0.1408,-4.2,156.0,0.913,Lane 4 | 0.136 sec | 1041 Masumi AOKI (JPN)
WCH2023-100mH-W-R1-H1,5,5.0,0.166,0.1667,0.166,1.0,False,False,700,700,Mette GRAVERSGAARD,DEN,Mette GRAVERSGAARD,1.0,OK,1,1299.5,0.1275,39.1,88.0,0.948,Lane5 | 0.166 sec | 700 Mette GRAVERSGAARD (DEN)
WCH2023-100mH-W-R1-H1,6,6.0,0.164,0.1633,0.164,1.0,False,False,1437,1437,Masai RUSSELL,USA,Masai RUSSELL,1.0,OK,1,1297.5,0.1542,9.2,144.0,0.931,Lane 6 | 0.164 sec | 1437 Masai RUSSELL (USA)
WCH2023-100mH-W-R1-H1,7,7.0,0.134,0.1333,0.134,1.0,False,True,1022,1022,Ackera NUGENT,JAM,Ackera NUGENT,1.0,OK,1,1279.5,0.1375,-4.2,156.0,0.969,Lane7 | 0.134 sec (Quickest) | 1022 Ackera NUGENT (JAM)
WCH2023-100mH-W-R1-H1,8,8.0,0.152,0.1517,0.152,1.0,False,False,611,611,Michelle HARRISON,CAN,Michelle HARRISON,1.0,OK,1,1290.5,0.0942,57.5,79.0,0.952,Lane8 | 0.152 sec | 611 Michelle HARRISON (CAN)
WCH2023-100mH-W-R1-H1,9,9.0,0.144,0.1433,0.144,1.0,False,False,830,830,Cyrena SAMBA-MAYELA,FRA,Cyréna SAMBA-MAYELA,0.0,OK,1,1285.5,0.1475,-4.2,107.0,0.98,Lane9 | 0.144 sec | 830 Cyrena SAMBA-MAYELA (FRA)
WCH2023-100mH-W-R1-H2,1,1.0,0.153,0.1533,0.153,1.0,False,False,1057,1057,Asuka TERADA,JPN,Asuka TERADA,1.0,OK,1,1291.5,0.1575,-4.2,103.0,0.984,Lane1 | 0.153 sec | 1057 Asuka TERADA (JPN)
WCH2023-100mH-W-R1-H2,2,2.0,0.164,0.1633,0.164,1.0,False,False,1261,1261,Marione FOURIE,RSA,Marione FOURIE,1.0,OK,1,1297.5,0.1675,-4.2,137.0,0.98,Lane2 | 0.164 sec | 1261 Marione FOURIE (RSA)
WCH2023-100mH-W-R1-H2,3,3.0,0.149,0.1483,0.149,1.0,False,False,1117,1117,Sidonie FIADANANTSOA,MAD,Sidonie FIADANANTSOA,1.0,OK,1,1288.5,0.1508,-2.5,69.0,0.968,Lane3 | 0.149 sec | 1117 Sidonie FIADANANTSOA (MAD)
WCH2023-100mH-W-R1-H2,4,4.0,0.142,0.1417,0.142,1.0,False,True,1224,1224,Pia SKRZYSZOWSKA,POL,Pia SKRZYSZOWSKA,1.0,OK,1,1284.5,0.1458,-4.2,103.0,0.913,Lane 4 | 0.142 sec (Quickest) | 1224 Pia SKRZYSZOWSKA (POL)
WCH2023-100mH-W-R1-H2,5,5.0,0.142,0.1417,0.142,1.0,False,True,1371,1371,Nia ALI,USA,Nia ALI,1.0,OK,1,1284.5,0.1458,-4.2,150.0,0.993,Lane5 | 0.142 sec (Quickest) | 1371 Nia ALI (USA)
WCH2023-100mH-W-R1-H2,6,6.0,0.149,0.1483,0.149,1.0,False,False,932,932,Luca KOZAK,HUN,Luca KOZÁK,0.0,OK,1,1288.5,0.1525,-4.2,107.0,0.954,Lane 6 | 0.149 sec | 932 Luca KOZAK (HUN)
WCH2023-100mH-W-R1-H2,7,7.0,0.16,0.16,0.16,1.0,False,False,782,782,Lotta HARALA,FIN,Lotta HARALA,1.0,OK,1,1295.5,0.1675,-7.5,142.0,0.943,Lane7 | 0.160 sec | 782 Lotta HARALA (FIN)
WCH2023-100mH-W-R1-H2,8,8.0,0.2,0.2,0.2,1.0,False,False,581,581,Caroline DE MELO TOMAZ,BRA,Caroline DE MELO TOMAZ,1.0,OK,1,1319.5,0.1908,9.2,84.0,0.981,Lane8 | 0.200 sec | 581 Caroline DE MELO TOMAZ (BRA)
WCH2023-100mH-W-R1-H2,9,9.0,0.162,0.1617,0.162,1.0,False,False,1314,1314,Vikt6ria FORSTER,SVK,Viktória FORSTER,1.0,OK,1,1296.5,0.1525,9.2,119.0,0.978,Lane9 | 0.162 sec | 1314 Vikt6ria FORSTER (SVK)
WCH2023-100mH-W-R1-H3,1,1.0,0.14,0.14,0.14,1.0,False,False,783,783,Reetta HURSKE,FIN,Reetta HURSKE,1.0,OK,1,1283.5,0.1442,-4.2,119.0,0.978,Lane1 | 0.140 sec | 783 Reetta HURSKE (FIN)
WCH2023-100mH-W-R1-H3,2,2.0,0.184,0.1833,0.184,1.0,False,False,953,953,Dina AULIA,INA,Dina AULIA,1.0,OK,1,1309.5,0.1758,7.5,120.0,0.969,Lane2 | 0.184 sec | 953Dina AULIA (INA)
WCH2023-100mH-W-R1-H3,3,3.0,0.116,0.1167,0.116,1.0,False,True,1036,1036,Danielle WILLIAMS,JAM,Danielle WILLIAMS,1.0,OK,1,1269.5,0.1209,-4.2,140.0,0.975,Lane3 | 0.116 sec (Quickest) | 1036 Danielle WILLIAMS (JAM)
WCH2023-100mH-W-R1-H3,4,4.0,0.155,0.155,0.155,1.0,False,False,1403,1403,Kendra HARRISON,USA,Kendra HARRISON,1.0,OK,1,1292.5,0.1592,-4.2,140.0,0.913,Lane 4 | 0.155 sec | 1403 Kendra HARRISON (USA)
WCH2023-100mH-W-R1-H3,5,5.0,0.134,0.1333,0.134,1.0,False,False,522,522,Hannah JONES,AUS,Hannah JONES,1.0,OK,1,1279.5,0.1375,-4.2,103.0,0.976,Lane5 | 0.134 sec | 522Hannah JONES (AUS)
WCH2023-100mH-W-R1-H3,6,6.0,0.148,0.1483,0.148,1.0,False,False,1259,1259,Taylon BIELDT,RSA,Taylon BIELDT,1.0,OK,1,1288.5,0.1525,-4.2,152.0,0.931,Lane 6 | 0.148 sec | 1259 Taylon BIELDT (RSA)
WCH2023-100mH-W-R1-H3,7,7.0,0.168,0.1683,0.168,1.0,False,False,950,950,Anna TOTH,HUN,Anna TÓTH,0.0,OK,1,1300.5,0.1259,42.5,118.0,0.991,Lane7 | 0.168 sec | 950 Anna TOTH (HUN)
WCH2023-100mH-W-R1-H3,8,8.0,0.173,0.1733,0.173,1.0,False,False,866,866,Cindy SEMBER,GBR,Cindy SEMBER,1.0,OK,1,1303.5,0.1775,-4.2,177.0,0.969,Lane8 | 0.173 sec | 866 Cindy SEMBER (GBR)
WCH2023-100mH-W-R1-H3,9,9.0,0.159,0.1583,0.159,1.0,False,False,544,544,Devynne CHARLTON,BAH,Devynne CHARLTON,1.0,OK,1,1294.5,0.1625,-4.2,175.0,0.971,Lane9 | 0.159 sec | 544Devynne CHARLTON  (BAH)
WCH2023-100mH-W-R1-H4,1,1.0,0.18,0.18,0.18,1.0,False,False,804,804,Laeticia BAPTE,FRA,Laeticia BAPTÉ,0.0,OK,1,1307.5,0.1841,-4.2,176.0,0.987,Lane1 | 0.180 sec | 804 Laeticia BAPTE (FRA)
WCH2023-100mH-W-R1-H4,2,2.0,0.145,0.145,0.145,1.0,False,True,1301,1301,Ditaji KAMBUNDJI,SUI,Ditaji KAMBUNDJI,1.0,OK,1,1286.5,0.1492,-4.2,103.0,0.98,Lane2 | 0.145 sec (Quickest) | 1301 Ditaji KAMBUNDJI (SUI)
WCH2023-100mH-W-R1-H4,3,3.0,0.171,0.1717,0.171,1.0,False,False,530,530,Celeste MUCCI,AUS,Celeste MUCCI,1.0,OK,1,1302.5,0.1758,-4.2,174.0,0.983,Lane3 | 0.171 sec | 530 Celeste MUCCI (AUS)
WCH2023-100mH-W-R1-H4,4,4.0,0.146,0.1467,0.146,1.0,False,False,1157,1157,Nadine VISSER,NED,Nadine VISSER,1.0,OK,1,1287.5,0.1508,-4.2,119.0,0.913,Lane 4 | 0.146 sec | 1157 Nadine VISSER (NED)
WCH2023-100mH-W-R1-H4,5,5.0,0.168,0.1683,0.168,1.0,False,False,957,957,Jyothi YARRAJI,IND,Jyothi YARRAJI,1.0,OK,1,1300.5,0.1592,9.2,137.0,0.947,Lane5 | 0.168 sec | 957 Jyothi YARRAJI (IND)
WCH2023-100mH-W-R1-H4,6,6.0,0.165,0.165,0.165,1.0,False,False,1333,1333,Naomi AKAKPO,TOG,Naomi AKAKPO,1.0,OK,1,1298.5,0.1692,-4.2,89.0,0.931,Lane 6 | 0.165 sec | 1333 Naomi AKAKPO (TOG)
WCH2023-100mH-W-R1-H4,7,7.0,0.167,0.1667,0.167,1.0,False,False,1223,1223,Klaudia SICIARZ,POL,Klaudia SICIARZ,1.0,OK,1,1299.5,0.1708,-4.2,114.0,0.971,Lane7 | 0.167 sec | 1223 Klaudia SICIARZ (POL)
WCH2023-100mH-W-R1-H4,8,8.0,0.146,0.1467,0.146,1.0,False,False,606,606,Mariam ABDUL-RASHID,CAN,Mariam ABDUL-RASHID,1.0,OK,1,1287.5,0.1508,-4.2,152.0,0.96,Lane8 | 0.146 sec | 606 Mariam ABDUL-RASHID (CAN)
WCH2023-100mH-W-R1-H4,9,9.0,0.16,0.16,0.16,1.0,False,False,1249,1249,Jasmine CAMACHO-QUINN,PUR,Jasmine CAMACHO-QUINN,1.0,OK,1,1295.5,0.1642,-4.2,190.0,0.98,Lane9 | 0.160 sec | 1249 Jasmine CAMACHO-QUINN (PUR)
WCH2023-100mH-W-R1-H5,1,1.0,,,,,False,False,,,,,,,,0,,,,,0.983,Lane1
WCH2023-100mH-W-R1-H5,2,2.0,0.155,0.155,0.155,1.0,False,False,1151,1151,Maayke TJIN-A-LIM,NED,Maayke TJIN-A-LIM,1.0,OK,1,1292.5,0.1575,-2.5,114.0,0.945,Lane2 | 0.155 sec | 1151 Maayke TJIN-A-LIM (NED)
WCH2023-100mH-W-R1-H5,3,3.0,0.168,0.1683,0.168,1.0,False,False,1029,1029,Megan TAPPER,JAM,Megan TAPPER,1.0,OK,1,1300.5,0.1708,-2.5,116.0,0.955,Lane3 | 0.168 sec | 1029 Megan TAPPER (JAM)
WCH2023-100mH-W-R1-H5,4,4.0,0.149,0.1483,0.149,1.0,False,False,1159,1159,Tobi AMUSAN,NGR,Tobi AMUSAN,1.0,OK,1,1288.5,0.1508,-2.5,113.0,0.991,Lane4 | 0.149 sec | 1159 Tobi AMUSAN (NGR)
WCH2023-100mH-W-R1-H5,5,5.0,0.156,0.1567,0.156,1.0,False,False,521,521,Michelle JENNEKE,AUS,Michelle JENNEKE,1.0,OK,1,1293.5,0.1625,-5.8,146.0,0.99,Lane5 | 0.156 sec | 521 Michelle JENNEKE (AUS)
WCH2023-100mH-W-R1-H5,6,6.0,0.196,0.1966,0.196,1.0,False,False,1056,1056,Yumi TANAKA,JPN,Yumi TANAKA,1.0,OK,1,1317.5,0.1775,19.2,96.0,0.946,Lane6 | 0.196 sec | 1056 Yumi TANAKA (JPN)
WCH2023-100mH-W-R1-H5,7,7.0,0.147,0.1467,0.147,1.0,False,True,685,685,Natalia CHRISTOFI,CYP,Natalia CHRISTOFI,1.0,OK,1,1287.5,0.1525,-5.8,112.0,0.987,Lane7 | 0.147 sec (Quickest) | 685 Natalia CHRISTOFI (CYP)
WCH2023-100mH-W-R1-H5,8,8.0,0.165,0.165,0.165,1.0,False,False,1103,1103,Ebony MORRISON,LBR,Ebony MORRISON,1.0,OK,1,1298.5,0.1692,-4.2,150.0,0.971,Lane8 | 0.165 sec | 1103 Ebony MORRISON (LBR)
WCH2023-100mH-W-R1-H5,9,9.0,0.147,0.1467,0.147,1.0,False,True,1277,1277,Nika GLOJNARIC,SLO,Nika GLOJNARIČ,0.0,OK,1,1287.5,0.1525,-5.8,155.0,0.987,Lane9 | 0.147 sec (Quickest) | 1277 Nika GLOJNARIC (SLO)
WCH2023-100mH-W-SF-H1,1,1.0,,,,,False,False,,,,,,,,0,,,,,0.987,Lane1
WCH2023-100mH-W-SF-H1,2,2.0,0.135,0.135,0.135,1.0,False,True,1151,1151,Maayke TJIN-A-LIM,NED,Maayke TJIN-A-LIM,1.0,OK,1,1280.5,0.1392,-4.2,143.0,0.988,Lane2 | 0.135 sec (Quickest) | 1151 Maayke TJIN-A-LIM (NED)
WCH2023-100mH-W-SF-H1,3,3.0,0.141,0.1417,0.141,1.0,False,False,1301,1301,Ditaji KAMBUNDJI,SUI,Ditaji KAMBUNDJI,1.0,OK,1,1284.5,0.1458,-4.2,125.0,0.973,Lane3 | 0.141 sec | 1301 Ditaji KAMBUNDJI (SUI)
WCH2023-100mH-W-SF-H1,4,4.0,0.139,0.1383,0.139,1.0,False,False,963,963,Sarah LAVIN,IRL,Sarah LAVIN,1.0,OK,1,1282.5,0.1425,-4.2,111.0,0.913,Lane 4 | 0.139 sec | 963 Sarah LAVIN (IRL)
WCH2023-100mH-W-SF-H1,5,5.0,0.162,0.1617,0.162,1.0,False,False,1029,1029,Megan TAPPER,JAM,Megan TAPPER,1.0,OK,1,1296.5,0.1658,-4.2,141.0,0.977,Lane5 | 0.162 sec | 1029 Megan TAPPER (JAM)
WCH2023-100mH-W-SF-H1,6,6.0,0.177,0.1767,0.177,1.0,False,False,544,544,Devynne CHARLTON,BAH,Devynne CHARLTON,1.0,OK,1,1305.5,0.1808,-4.2,142.0,0.954,Lane 6 | 0.177 sec | 544 Devynne CHARLTON  (BAH)
WCH2023-100mH-W-SF-H1,7,7.0,0.142,0.1417,0.142,1.0,False,False,1403,1403,Kendra HARRISON,USA,Kendra HARRISON,1.0,OK,1,1284.5,0.1458,-4.2,146.0,0.987,Lane7 | 0.142 sec | 1403 Kendra HARRISON (USA)
WCH2023-100mH-W-SF-H1,8,8.0,0.167,0.1667,0.167,1.0,False,False,866,866,Cindy SEMBER,GBR,Cindy SEMBER,1.0,OK,1,1299.5,0.1708,-4.2,143.0,0.979,Lane8 | 0.167 sec | 866 Cindy SEMBER (GBR)
WCH2023-100mH-W-SF-H1,9,9.0,0.155,0.155,0.155,1.0,False,False,685,685,Natalia CHRISTOFI,CYP,Natalia CHRISTOFI,1.0,OK,1,1292.5,0.1475,7.5,127.0,0.989,Lane9 | 0.155 sec | 685 Natalia CHRISTOFI (CYP)
WCH2023-100mH-W-SF-H2,1,1.0,,,,,False,False,,,,,,,,0,,,,,0.987,Lane1
WCH2023-100mH-W-SF-H2,2,2.0,0.175,0.175,0.175,1.0,False,False,530,530,Celeste MUCCI,AUS,Celeste MUCCI,1.0,OK,1,1304.5,0.1792,-4.2,180.0,0.968,Lane2 | 0.175 sec | 530 Celeste MUCCI (AUS)
WCH2023-100mH-W-SF-H2,3,3.0,0.142,0.1417,0.142,1.0,False,False,932,932,Luca KOZAK,HUN,Luca KOZÁK,0.0,OK,1,1284.5,0.1458,-4.2,111.0,0.956,Lane3 | 0.142 sec | 932 Luca KOZAK (HUN)
WCH2023-100mH-W-SF-H2,4,4.0,0.152,0.1517,0.152,1.0,False,False,1437,1437,Masai RUSSELL,USA,Masai RUSSELL,1.0,DNF,1,1290.5,0.1558,-4.2,168.0,0.913,Lane 4 | 0.152 sec | 1437 Masai RUSSELL (USA)
WCH2023-100mH-W-SF-H2,5,5.0,0.13,0.13,0.13,1.0,False,True,1022,1022,AckeraNUGENT,JAM,Ackera NUGENT,1.0,OK,1,1277.5,0.1358,-5.8,144.0,0.984,Lane5 | 0.130 sec (Quickest) | 1022AckeraNUGENT (JAM)
WCH2023-100mH-W-SF-H2,6,6.0,0.131,0.1317,0.131,1.0,False,False,1157,1157,Nadine VISSER,NED,Nadine VISSER,1.0,OK,1,1278.5,0.1358,-4.2,117.0,0.931,Lane 6 | 0.131 sec | 1157 Nadine VISSER (NED)
WCH2023-100mH-W-SF-H2,7,7.0,0.155,0.155,0.155,1.0,False,False,1159,1159,Tobi AMUSAN,NGR,Tobi AMUSAN,1.0,OK,1,1292.5,0.1575,-2.5,117.0,0.979,Lane7 | 0.155 sec | 1159 Tobi AMUSAN (NGR)
WCH2023-100mH-W-SF-H2,8,8.0,0.17,0.17,0.17,1.0,False,False,830,830,Cyrena SAMBA-MAYELA,FRA,Cyréna SAMBA-MAYELA,0.0,OK,1,1301.5,0.1325,37.5,93.0,0.966,Lane8 | 0.170 sec | 830 Cyrena SAMBA-MAYELA (FRA)
WCH2023-100mH-W-SF-H2,9,9.0,0.137,0.1367,0.137,1.0,False,False,783,783,Reetta HURSKE,FIN,Reetta HURSKE,1.0,OK,1,1281.5,0.1408,-4.2,147.0,0.976,Lane9 | 0.137 sec | 783 Reetta HURSKE (FIN)
WCH2023-100mH-W-SF-H3,1,1.0,,,,,False,False,,,,,,,,0,,,,,0.987,Lane1
WCH2023-100mH-W-SF-H3,2,2.0,0.158,0.1583,0.158,1.0,False,False,611,611,Michelle HARRISON,CAN,Michelle HARRISON,1.0,OK,1,1294.5,0.1625,-4.2,103.0,0.983,Lane2 | 0.158 sec | 611 Michelle HARRISON (CAN)
WCH2023-100mH-W-SF-H3,3,3.0,0.146,0.1467,0.146,1.0,False,False,521,521,Michelle JENNEKE,AUS,Michelle JENNEKE,1.0,OK,1,1287.5,0.1508,-4.2,159.0,0.97,Lane3 | 0.146 sec | 521 Michelle JENNEKE (AUS)
WCH2023-100mH-W-SF-H3,4,4.0,0.133,0.1333,0.133,1.0,False,True,1036,1036,Danielle WILLIAMS,JAM,Danielle WILLIAMS,1.0,OK,1,1279.5,0.1375,-4.2,131.0,0.913,Lane 4 | 0.133 sec (Quickest) | 1036 Danielle WILLIAMS (JAM)
WCH2023-100mH-W-SF-H3,5,5.0,0.138,0.1383,0.138,1.0,False,False,1249,1249,Jasmine CAMACHO-QUINN,PUR,Jasmine CAMACHO-QUINN,1.0,OK,1,1282.5,0.1408,-2.5,183.0,0.973,Lane5 | 0.138 sec | 1249 Jasmine CAMACHO-QUINN (PUR)
WCH2023-100mH-W-SF-H3,6,6.0,0.156,0.1567,0.156,1.0,False,False,1371,1371,Nia ALI,USA,Nia ALI,1.0,OK,1,1293.5,0.1608,-4.2,153.0,0.954,Lane 6 | 0.156 sec | 1371 Nia ALI (USA)
WCH2023-100mH-W-SF-H3,7,7.0,0.136,0.1367,0.136,1.0,False,False,1224,1224,Pia SKRZYSZOWSKA,POL,Pia SKRZYSZOWSKA,1.0,OK,1,1281.5,0.1408,-4.2,125.0,0.98,Lane7 | 0.136 sec | 1224 Pia SKRZYSZOWSKA (POL)
WCH2023-100mH-W-SF-H3,8,8.0,0.158,0.1583,0.158,1.0,False,False,1261,1261,Marione FOURIE,RSA,Marione FOURIE,1.0,OK,1,1294.5,0.1075,50.8,115.0,0.961,Lane8 | 0.158 sec | 1261 Marione FOURIE (RSA)
WCH2023-100mH-W-SF-H3,9,9.0,0.163,0.1633,0.163,1.0,False,False,700,700,Mette GRAVERSGAARD,DEN,Mette GRAVERSGAARD,1.0,OK,1,1297.5,0.1092,54.1,108.0,0.96,Lane9 | 0.163 sec | 700 Mette GRAVERSGAARD (DEN)
WCH2023-110mH-M-F-H1,1,1.0,,,,,False,False,,,,,,,,0,,,,,0.988,Lane1
WCH2023-110mH-M-F-H1,2,2.0,0.158,0.1583,0.158,1.0,False,False,2298,2298,Wilhem BELOCIAN,FRA,Wilhem BELOCIAN,1.0,OK,1,1294.5,0.1608,-2.5,210.0,0.959,Lane2 | 0.158 sec | 2298 Wilhem BELOCIAN (FRA)
WCH2023-110mH-M-F-H1,3,3.0,0.143,0.1433,0.143,1.0,False,False,3025,3025,Daniel ROBERTS,USA,Daniel ROBERTS,1.0,OK,1,1285.5,0.1475,-4.2,208.0,0.944,Lane3 | 0.143 sec | 3025 Daniel ROBERTS (USA)
WCH2023-110mH-M-F-H1,4,4.0,0.14,0.14,0.14,1.0,False,False,2979,2979,Freddie CRITTENDEN,USA,Freddie CRITTENDEN,1.0,OK,1,1283.5,0.1442,-4.2,221.0,0.914,Lane 4 | 0.140 sec | 2979 Freddie CRITTENDEN (USA)
WCH2023-110mH-M-F-H1,5,5.0,0.135,0.135,0.135,1.0,False,True,2994,2994,Grant HOLLOWAY,USA,Grant HOLLOWAY,1.0,OK,1,1280.5,0.1375,-2.5,171.0,0.994,Lane5 | 0.135 sec (Quickest) | 2994 Grant HOLLOWAY (USA)
WCH2023-110mH-M-F-H1,6,6.0,0.143,0.1433,0.143,1.0,False,False,2572,2572,Shunsuke IZUMIYA,JPN,Shunsuke IZUMIYA,1.0,OK,1,1285.5,0.1475,-4.2,171.0,0.929,Lane 6 | 0.143 sec | 2572 Shunsuke IZUMIYA (JPN)
WCH2023-110mH-M-F-H1,7,7.0,0.166,0.1667,0.166,1.0,False,False,2334,2334,Sasha ZHOYA,FRA,Sasha ZHOYA,1.0,OK,1,1299.5,0.0509,115.8,169.0,0.951,Lane7 | 0.166 sec | 2334 Sasha ZHOYA (FRA)
WCH2023-110mH-M-F-H1,8,8.0,0.169,0.1683,0.169,1.0,False,False,2551,2551,Hansle PARCHMENT,JAM,Hansle PARCHMENT,1.0,OK,1,1300.5,0.1725,-4.2,156.0,0.969,Lane8 | 0.169 sec | 2551 Hansle PARCHMENT (JAM)
WCH2023-110mH-M-F-H1,9,9.0,0.143,0.1433,0.143,1.0,False,False,2873,2873,Jason JOSEPH,SUI,Jason JOSEPH,1.0,OK,1,1285.5,0.1342,9.2,164.0,0.984,Lane9 | 0.143 sec | 2873 Jason JOSEPH (SUI)
WCH2023-110mH-M-R1-H1,1,1.0,0.14,0.14,0.14,1.0,False,False,2637,2637,Yaqoub ALYOUHA,KUW,Yaqoub ALYOUHA,1.0,OK,1,1283.5,0.1442,-4.2,183.0,0.979,Lane1 | 0.140 sec | 2637 Yaqoub ALYOUHA (KUW)
WCH2023-110mH-M-R1-H1,2,2.0,0.136,0.1367,0.136,1.0,False,False,2252,2252,Enrique LLOPIS,ESP,Enrique LLOPIS,1.0,OK,1,1281.5,0.1408,-4.2,205.0,0.985,Lane2 | 0.136 sec | 2252 Enrique LLOPIS (ESP)
WCH2023-110mH-M-R1-H1,3,3.0,0.195,0.195,0.195,1.0,False,False,2551,2551,Hansle PARCHMENT,JAM,Hansle PARCHMENT,1.0,OK,1,1316.5,0.1991,-4.2,191.0,0.994,Lane3 | 0.195 sec | 2551 Hansle PARCHMENT (JAM)
WCH2023-110mH-M-R1-H1,4,4.0,0.164,0.1633,0.164,1.0,False,False,3055,3055,Saguirou BADAMASSI,NIG,Saguirou BADAMASSI,1.0,OK,1,1297.5,0.1708,-7.5,149.0,0.992,Lane4 | 0.164 sec | 3055 Saguirou BADAMASSI (NIG)
WCH2023-110mH-M-R1-H1,5,5.0,0.166,0.1667,0.166,1.0,False,False,2888,2888,Joel BENGTSSON,SWE,Joel BENGTSSON,1.0,OK,1,1299.5,0.1708,-4.2,179.0,0.967,Lane5 | 0.166 sec | 2888 Joel BENGTSSON (SWE)
WCH2023-110mH-M-R1-H1,6,6.0,0.151,0.1517,0.151,1.0,False,False,2439,2439,Balint SZELES,HUN,Bálint SZELES,0.0,OK,1,1290.5,0.1558,-4.2,219.0,0.931,Lane 6 | 0.151 sec | 2439 Balint SZELES (HUN)
WCH2023-110mH-M-R1-H1,7,7.0,0.157,0.1567,0.157,1.0,False,False,2334,2334,Sasha ZHOYA,FRA,Sasha ZHOYA,1.0,OK,1,1293.5,0.1608,-4.2,156.0,0.948,Lane7 | 0.157 sec | 2334 Sasha ZHOYA (FRA)
WCH2023-110mH-M-R1-H1,8,8.0,0.128,0.1284,0.128,1.0,False,True,2822,2822,Antonio ALKANA,RSA,Antonio ALKANA,1.0,OK,1,1276.5,0.1325,-4.2,170.0,0.989,Lane8 | 0.128 sec (Quickest) | 2822 Antonio ALKANA (RSA)
WCH2023-110mH-M-R1-H1,9,9.0,0.17,0.17,0.17,1.0,False,False,3033,3033,Cordell TINCH,USA,Cordell TINCH,1.0,OK,1,1301.5,0.1742,-4.2,180.0,0.972,Lane9 | 0.170 sec | 3033 Cordell TINCH (USA)
WCH2023-110mH-M-R1-H2,1,1.0,0.137,0.1367,0.137,1.0,False,False,2689,2689,Jeremie LARARAUDEUSE,MRI,Jeremie LARARAUDEUSE,1.0,DNF,1,1281.5,0.1425,-5.8,223.0,0.987,Lane1 | 0.137 sec | 2689 Jeremie LARARAUDEUSE (MRI)
WCH2023-110mH-M-R1-H2,2,2.0,0.167,0.1667,0.167,1.0,False,False,2686,2686,Richard DIAWARA,MLI,Richard DIAWARA,1.0,OK,1,1299.5,0.1708,-4.2,160.0,0.987,Lane2 | 0.167 sec | 2686 Richard DIAWARA (MLI)
WCH2023-110mH-M-R1-H2,3,3.0,0.134,0.1333,0.134,1.0,False,True,2773,2773,Krzysztof KILJAN,POL,Krzysztof KILJAN,1.0,OK,1,1279.5,0.1375,-4.2,185.0,0.978,Lane3 | 0.134 sec (Quickest) | 2773 Krzysztof KILJAN (POL)
WCH2023-110mH-M-R1-H2,4,4.0,0.146,0.1467,0.146,1.0,False,False,2120,2120,Rafael PEREIRA,BRA,Rafael PEREIRA,1.0,OK,1,1287.5,0.1508,-4.2,222.0,0.913,Lane 4 | 0.146 sec | 2120 Rafael PEREIRA (BRA)
WCH2023-110mH-M-R1-H2,5,5.0,0.141,0.1417,0.141,1.0,False,False,2499,2499,Hassane FOFANA,ITA,Hassane FOFANA,1.0,OK,1,1284.5,0.1458,-4.2,175.0,0.971,Lane5 | 0.141 sec | 2499 Hassane FOFANA (ITA)
WCH2023-110mH-M-R1-H2,6,6.0,0.146,0.1467,0.146,1.0,False,False,2572,2572,Shunsuke IZUMIYA,JPN,Shunsuke IZUMIYA,1.0,OK,1,1287.5,0.1508,-4.2,157.0,0.931,Lane 6 | 0.146 sec | 2572 Shunsuke IZUMIYA (JPN)
WCH2023-110mH-M-R1-H2,7,7.0,0.156,0.1567,0.156,1.0,False,False,2871,2871,Finley GAIO,SUI,Finley GAIO,1.0,OK,1,1293.5,0.1608,-4.2,149.0,0.971,Lane7 | 0.156 sec | 2871 Finley GAIO (SUI)
WCH2023-110mH-M-R1-H2,8,8.0,0.143,0.1433,0.143,1.0,False,False,2177,2177,Shenglong ZHU,CHN,Shenglong ZHU,1.0,OK,1,1285.5,0.1475,-4.2,176.0,0.95,Lane8 | 0.143 sec | 2177 Shenglong ZHU (CHN)
WCH2023-110mH-M-R1-H2,9,9.0,0.156,0.1567,0.156,1.0,False,False,2298,2298,Wilhem BELOCIAN,FRA,Wilhem BELOCIAN,1.0,OK,1,1293.5,0.1608,-4.2,165.0,0.971,Lane9 | 0.156 sec | 2298 Wilhem BELOCIAN (FRA)
WCH2023-110mH-M-R1-H3,1,1.0,0.138,0.1383,0.138,1.0,False,True,2157,2157,Rasheem BROWN,CAY,Rasheem BROWN,1.0,OK,1,1282.5,0.1425,-4.2,139.0,0.987,Lane1 | 0.138 sec (Quickest) | 2157 Rasheem BROWN (CAY)
WCH2023-110mH-M-R1-H3,2,2.0,0.151,0.1517,0.151,1.0,False,False,2910,2910,Kuei-Ru CHEN,TPE,Kuei-Ru CHEN,1.0,OK,1,1290.5,0.1558,-4.2,164.0,0.957,Lane2 | 0.151 sec | 2910 Kuei-Ru CHEN (TPE)
WCH2023-110mH-M-R1-H3,3,3.0,0.148,0.1483,0.148,1.0,False,False,2979,2979,Freddie CRITTENDEN,USA,Freddie CRITTENDEN,1.0,OK,1,1288.5,0.1525,-4.2,219.0,0.978,Lane3 | 0.148 sec | 2979 Freddie CRITTENDEN (USA)
WCH2023-110mH-M-R1-H3,4,4.0,0.152,0.1517,0.152,1.0,False,False,2516,2516,Lorenzo Ndele SIMONELLI,ITA,Lorenzo Ndele SIMONELLI,1.0,OK,1,1290.5,0.1558,-4.2,214.0,0.913,Lane 4 | 0.152 sec | 2516 Lorenzo Ndele SIMONELLI (ITA)
WCH2023-110mH-M-R1-H3,5,5.0,0.145,0.145,0.145,1.0,False,False,2045,2045,Jacob MCCORRY,AUS,Jacob MCCORRY,1.0,OK,1,1286.5,0.1475,-2.5,177.0,0.993,Lane5 | 0.145 sec | 2045 Jacob MCCORRY (AUS)
WCH2023-110mH-M-R1-H3,6,6.0,0.176,0.1767,0.176,1.0,False,False,2847,2847,Louis Francois MENDY,SEN,Louis François MENDY,0.0,OK,1,1305.5,0.1808,-4.2,194.0,0.954,Lane 6 | 0.176 sec | 2847 Louis Francois MENDY (SEN)
WCH2023-110mH-M-R1-H3,7,7.0,0.152,0.1517,0.152,1.0,False,False,2769,2769,Damian CZYKIER,POL,Damian CZYKIER,1.0,OK,1,1290.5,0.1308,20.8,167.0,0.971,Lane7 | 0.152 sec | 2769 Damian CZYKIER (POL)
WCH2023-110mH-M-R1-H3,8,8.0,0.156,0.1567,0.156,1.0,False,False,2534,2534,Rasheed BROADBELL,JAM,Rasheed BROADBELL,1.0,DQ,1,1293.5,0.1608,-4.2,136.0,0.961,Lane8 | 0.156 sec | 2534 Rasheed BROADBELL (JAM)
WCH2023-110mH-M-R1-H3,9,9.0,0.17,0.17,0.17,1.0,False,False,2601,2601,Taiga YOKOCHI,JPN,Taiga YOKOCHI,1.0,OK,1,1301.5,0.1742,-4.2,178.0,0.989,Lane9 | 0.170 sec | 2601 Taiga YOKOCHI (JPN)
WCH2023-110mH-M-R1-H4,1,1.0,0.15,0.15,0.15,1.0,False,False,2122,2122,Eduardo RODRIGUES,BRA,Eduardo RODRIGUES,1.0,OK,1,1289.5,0.1542,-4.2,149.0,0.923,Lane1 | 0.150 sec | 2122 Eduardo RODRIGUES (BRA)
WCH2023-110mH-M-R1-H4,2,,0.159,0.1583,0.159,1.0,False,False,2873,2873,Jason JOSEPH,SUI,Jason JOSEPH,1.0,OK,1,1294.5,0.1642,-5.8,200.0,0.789,l.ane 2 | 0.159 sec | 2873 Jason JOSEPH (SUI)
WCH2023-110mH-M-R1-H4,3,,0.17,0.17,0.17,1.0,False,False,2787,2787,Jakub SZYMANSKI,POL,Jakub SZYMAŃSKI,0.0,OK,1,1301.5,0.1742,-4.2,211.0,0.855,l.ane 3 | 0.170 sec | 2787 Jakub SZYMANSKI (POL)
WCH2023-110mH-M-R1-H4,4,,0.164,0.1633,0.164,1.0,False,False,2204,2204,Milan TRAJKOVIC,CYP,Milan TRAJKOVIC,1.0,OK,1,1297.5,0.1675,-4.2,226.0,0.806,L.ane 4 | 0.164 sec | 2204 Milan TRAJKOVIC (CYP)
WCH2023-110mH-M-R1-H4,5,,0.153,0.1533,0.153,1.0,False,False,2994,2994,Grant HOLLOWAY,USA,Grant HOLLOWAY,1.0,OK,1,1291.5,0.1575,-4.2,173.0,0.868,l.ane5 | 0.153 sec | 2994 Grant HOLLOWAY (USA)
WCH2023-110mH-M-R1-H4,6,,0.18,0.18,0.18,1.0,False,False,2419,2419,Yves CHERUBIN,HAI,Yves CHERUBIN,1.0,OK,1,1307.5,0.1841,-4.2,209.0,0.829,l.ane 6 | 0.180 sec | 2419 Yves CHERUBIN (HAI)
WCH2023-110mH-M-R1-H4,7,,0.133,0.1333,0.133,1.0,False,True,2935,2935,Mikdat SEVLER,TUR,Mikdat SEVLER,1.0,OK,1,1279.5,0.1375,-4.2,178.0,0.805,l.ane 7 | 0.133 sec (Quickest) | 2935 Mikdat SEVLER (TUR)
WCH2023-110mH-M-R1-H4,8,,0.183,0.1833,0.183,1.0,False,False,2603,2603,David YEFREMOV,KAZ,David YEFREMOV,1.0,OK,1,1309.5,0.1875,-4.2,179.0,0.861,L.ane8 | 0.183 sec | 2603 David YEFREMOV (KAZ)
WCH2023-110mH-M-R1-H4,9,,0.14,0.14,0.14,1.0,False,False,2532,2532,Orlando BENNETT,JAM,Orlando BENNETT,1.0,OK,1,1283.5,0.1442,-4.2,179.0,0.834,L.ane9 | 0.140 sec | 2532 Orlando BENNETT (JAM)
WCH2023-110mH-M-R1-H5,1,1.0,0.144,0.1433,0.144,1.0,False,False,2292,2292,Elmo LAKKA,FIN,Elmo LAKKA,1.0,OK,1,1285.5,0.1475,-4.2,162.0,0.94,Lane1 | 0.144 sec | 2292 Elmo LAKKA (FIN)
WCH2023-110mH-M-R1-H5,2,2.0,0.148,0.1483,0.148,1.0,False,False,2354,2354,Tade OJORA,GBR,Tade OJORA,1.0,OK,1,1288.5,0.1525,-4.2,219.0,0.964,Lane2 | 0.148 sec | 2354  Tade OJORA (GBR)
WCH2023-110mH-M-R1-H5,3,3.0,0.16,0.16,0.16,1.0,False,False,2314,2314,Just KWAOU-MATHEY,FRA,Just KWAOU-MATHEY,1.0,OK,1,1295.5,0.1642,-4.2,151.0,0.949,Lane3 | 0.160 sec | 2314Just KWAOU-MATHEY (FRA)
WCH2023-110mH-M-R1-H5,4,4.0,0.168,0.1683,0.168,1.0,False,False,2108,2108,Gabriel CONSTANTINO,BRA,Gabriel CONSTANTINO,1.0,OK,1,1300.5,0.1725,-4.2,206.0,0.913,Lane 4 | 0.168 sec | 2108 Gabriel CONSTANTINO (BRA)
WCH2023-110mH-M-R1-H5,5,5.0,0.155,0.155,0.155,1.0,False,False,3025,3025,Daniel ROBERTS,USA,Daniel ROBERTS,1.0,OK,1,1292.5,0.1592,-4.2,167.0,0.972,Lane5 | 0.155 sec | 3025 Daniel ROBERTS (USA)
WCH2023-110mH-M-R1-H5,6,6.0,0.174,0.1733,0.174,1.0,False,False,2003,2003,Amine BOUANANI,ALG,Amine BOUANANI,1.0,OK,1,1303.5,0.1775,-4.2,152.0,0.954,Lane 6 | 0.174 sec | 2003 Amine BOUANANI (ALG)
WCH2023-110mH-M-R1-H5,7,7.0,0.138,0.1383,0.138,1.0,False,True,2894,2894,Max HRELA,SWE,Max HRELJA,0.0,OK,1,1282.5,0.1408,-2.5,161.0,0.955,Lane7 | 0.138 sec (Quickest) | 2894 Max HRELA (SWE)
WCH2023-110mH-M-R1-H5,8,8.0,0.142,0.1417,0.142,1.0,False,False,2031,2031,Nick ANDREWS,AUS,Nick ANDREWS,1.0,OK,1,1284.5,0.1458,-4.2,167.0,0.984,Lane8 | 0.142 sec | 2031Nick ANDREWS (AUS)
WCH2023-110mH-M-R1-H5,9,9.0,0.146,0.1467,0.146,1.0,False,False,2595,2595,|Shunya TAKAYAMA,JPN,Shunya TAKAYAMA,1.0,OK,1,1287.5,0.1508,-4.2,175.0,0.952,Lane9 | 0.146 sec | 2595 |Shunya TAKAYAMA (JPN)
WCH2023-110mH-M-SF-H2,1,1.0,0.173,0.1733,0.173,1.0,False,False,2601,2601,Taiga YOKOCHI,JPN,Taiga YOKOCHI,1.0,OK,1,1303.5,0.1775,-4.2,171.0,0.981,Lane1 | 0.173 sec | 2601Taiga YOKOCHI (JPN)
WCH2023-110mH-M-SF-H2,2,2.0,0.151,0.1517,0.151,1.0,False,False,2516,2516,Lorenzo Ndele SIMONELLI,ITA,Lorenzo Ndele SIMONELLI,1.0,OK,1,1290.5,0.1558,-4.2,211.0,0.99,Lane2 | 0.151 sec | 2516 Lorenzo Ndele SIMONELLI (ITA)
WCH2023-110mH-M-SF-H2,3,3.0,0.168,0.1683,0.168,1.0,False,False,3033,3033,Cordell TINCH,USA,Cordell TINCH,1.0,OK,1,1300.5,0.1742,-5.8,223.0,0.978,Lane3 | 0.168 sec | 3033 Cordell TINCH (USA)
WCH2023-110mH-M-SF-H2,4,4.0,0.137,0.1367,0.137,1.0,False,False,2204,2204,Milan TRAJKOVIC,CYP,Milan TRAJKOVIC,1.0,OK,1,1281.5,0.1425,-5.8,225.0,0.913,Lane 4 | 0.137 sec | 2204  Milan TRAJKOVIC (CYP)
WCH2023-110mH-M-SF-H2,5,5.0,0.137,0.1367,0.137,1.0,False,False,2994,2994,Grant HOLLOWAY,USA,Grant HOLLOWAY,1.0,OK,1,1281.5,0.1408,-4.2,174.0,0.964,Lane5 | 0.137 sec | 2994 Grant HOLLOWAY (USA)
WCH2023-110mH-M-SF-H2,6,6.0,0.146,0.1467,0.146,1.0,False,False,2252,2252,Enrique LLOPIS,ESP,Enrique LLOPIS,1.0,OK,1,1287.5,0.1508,-4.2,183.0,0.954,Lane 6 | 0.146 sec | 2252Enrique LLOPIS (ESP)
WCH2023-110mH-M-SF-H2,7,7.0,0.129,0.1284,0.129,1.0,False,True,2334,2334,Sasha ZHOYA,FRA,Sasha ZHOYA,1.0,OK,1,1276.5,0.1308,-2.5,168.0,0.994,Lane7 | 0.129 sec (Quickest) | 2334Sasha ZHOYA (FRA)
WCH2023-110mH-M-SF-H2,8,8.0,0.142,0.1417,0.142,1.0,False,False,2122,2122,Eduardo RODRIGUES,BRA,Eduardo RODRIGUES,1.0,OK,1,1284.5,0.1458,-4.2,177.0,0.973,Lane8 | 0.142 sec | 2122Eduardo RODRIGUES (BRA)
WCH2023-110mH-M-SF-H2,9,9.0,0.178,0.1783,0.178,1.0,False,False,2419,2419,Yves CHERUBIN,HAI,Yves CHERUBIN,1.0,OK,1,1306.5,0.1825,-4.2,167.0,0.985,Lane9 | 0.178 sec | 2419 Yves CHERUBIN (HAI)
WCH2023-110mH-M-SF-H3,1,1.0,,,,,False,False,,,,,,,,0,,,,,0.987,Lane1
WCH2023-110mH-M-SF-H3,2,2.0,0.157,0.1567,0.157,1.0,False,False,2637,2637,Yaqoub ALYOUHA,KUW,Yaqoub ALYOUHA,1.0,OK,1,1293.5,0.1608,-4.2,216.0,0.976,Lane2 | 0.157 sec | 2637 Yaqoub ALYOUHA (KUW)
WCH2023-110mH-M-SF-H3,3,3.0,0.16,0.16,0.16,1.0,False,False,2120,2120,Rafael PEREIRA,BRA,Rafael PEREIRA,1.0,OK,1,1295.5,0.1642,-4.2,220.0,0.978,Lane3 | 0.160 sec | 2120 Rafael PEREIRA (BRA)
WCH2023-110mH-M-SF-H3,4,4.0,0.14,0.14,0.14,1.0,False,False,2298,2298,Wilhem BELOCIAN,FRA,Wilhem BELOCIAN,1.0,OK,1,1283.5,0.1442,-4.2,205.0,0.913,Lane 4 | 0.140 sec | 2298 Wilhem BELOCIAN (FRA)
WCH2023-110mH-M-SF-H3,5,5.0,0.138,0.1383,0.138,1.0,False,False,2551,2551,Hansle PARCHMENT,JAM,Hansle PARCHMENT,1.0,OK,1,1282.5,0.1308,7.5,150.0,0.982,Lane5 | 0.138 sec | 2551 Hansle PARCHMENT (JAM)
WCH2023-110mH-M-SF-H3,6,6.0,0.156,0.1567,0.156,1.0,False,False,2979,2979,Freddie CRITTENDEN,USA,Freddie CRITTENDEN,1.0,OK,1,1293.5,0.1608,-4.2,203.0,0.931,Lane 6 | 0.156 sec | 2979 Freddie CRITTENDEN (USA)
WCH2023-110mH-M-SF-H3,7,7.0,0.135,0.135,0.135,1.0,False,True,2595,2595,Shunya TAKAYAMA,JPN,Shunya TAKAYAMA,1.0,OK,1,1280.5,0.1392,-4.2,176.0,0.981,Lane7 | 0.135 sec (Quickest) | 2595 Shunya TAKAYAMA (JPN)
WCH2023-110mH-M-SF-H3,8,8.0,0.163,0.1633,0.163,1.0,False,False,2873,2873,Jason JOSEPH,SUI,Jason JOSEPH,1.0,OK,1,1297.5,0.1675,-4.2,157.0,0.97,Lane8 | 0.163 sec | 2873 Jason JOSEPH (SUI)
WCH2023-110mH-M-SF-H3,9,9.0,0.147,0.1467,0.147,1.0,False,False,2499,2499,Hassane FOFANA,ITA,Hassane FOFANA,1.0,OK,1,1287.5,0.1508,-4.2,176.0,0.989,Lane9 | 0.147 sec | 2499 Hassane FOFANA (ITA)
WCH2023-200m-M-F-H1,1,1.0,0.147,0.1467,0.147,1.0,False,False,2545,2545,Andrew HUDSON,JAM,Andrew HUDSON,1.0,OK,1,1287.5,0.1508,-4.2,222.0,0.987,Lane1 | 0.147 sec | 2545 Andrew HUDSON (JAM)
WCH2023-200m-M-F-H1,2,2.0,0.163,0.1633,0.163,1.0,False,False,2644,2644,Joseph FAHNBULLEH,LBR,Joseph FAHNBULLEH,1.0,OK,1,1297.5,0.1675,-4.2,190.0,0.989,Lane2 | 0.163 sec | 2644 Joseph FAHNBULLEH (LBR)
WCH2023-200m-M-F-H1,3,3.0,0.17,0.17,0.17,1.0,False,False,2140,2140,Andre DE GRASSE,CAN,Andre DE GRASSE,1.0,OK,1,1301.5,0.1742,-4.2,212.0,0.979,Lane3 | 0.170 sec | 2140Andre DE GRASSE (CAN)
WCH2023-200m-M-F-H1,4,4.0,0.142,0.1417,0.142,1.0,False,False,2350,2350,Zharnel HUGHES,GBR,Zharnel HUGHES,1.0,OK,1,1284.5,0.1458,-4.2,195.0,0.913,Lane 4 | 0.142 sec | 2350  Zharnel HUGHES (GBR)
WCH2023-200m-M-F-H1,5,5.0,0.145,0.145,0.145,1.0,False,False,2221,2221,Alexander OGANDO,DOM,Alexander OGANDO,1.0,OK,1,1286.5,0.1475,-2.5,169.0,0.951,Lane5 | 0.145 sec | 2221Alexander OGANDO (DOM)
WCH2023-200m-M-F-H1,6,6.0,0.144,0.1433,0.144,1.0,False,False,3007,3007,Noah LYLES,USA,Noah LYLES,1.0,OK,1,1285.5,0.1475,-4.2,176.0,0.931,Lane 6 | 0.144 sec | 3007 Noah LYLES (USA)
WCH2023-200m-M-F-H1,7,7.0,0.163,0.1633,0.163,1.0,False,False,2969,2969,Kenneth BEDNAREK,USA,Kenneth BEDNAREK,1.0,OK,1,1297.5,0.1675,-4.2,213.0,0.964,Lane7 | 0.163 sec | 2969 Kenneth BEDNAREK (USA)
WCH2023-200m-M-F-H1,8,8.0,0.138,0.1383,0.138,1.0,False,True,3003,3003,Erriyon KNIGHTON,USA,Erriyon KNIGHTON,1.0,OK,1,1282.5,0.1425,-4.2,204.0,0.964,Lane8 | 0.138 sec (Quickest) | 3003 Erriyon KNIGHTON (USA)
WCH2023-200m-M-F-H1,9,9.0,0.141,0.1417,0.141,1.0,False,False,2102,2102,Letsile TEBOGO,BOT,Letsile TEBOGO,1.0,OK,1,1284.5,0.1442,-2.5,214.0,0.989,Lane9 | 0.141 sec | 2102Letsile TEBOGO (BOT)
WCH2023-200m-M-R1-H1,1,1.0,,,,,False,False,,,,,,,,0,,,,,0.988,Lane1
WCH2023-200m-M-R1-H1,2,2.0,0.154,0.1533,0.154,1.0,False,False,2138,2138,Aaron BROWN,CAN,Aaron BROWN,1.0,OK,1,1291.5,0.1592,-5.8,219.0,0.976,Lane2 | 0.154 sec | 2138 Aaron BROWN (CAN)
WCH2023-200m-M-R1-H1,3,3.0,0.143,0.1433,0.143,1.0,False,False,2496,2496,EseosaFostineDESALU,ITA,Eseosa Fostine DESALU,1.0,OK,1,1285.5,0.1475,-4.2,136.0,0.978,Lane3 | 0.143 sec | 2496EseosaFostineDESALU (ITA)
WCH2023-200m-M-R1-H1,4,4.0,0.138,0.1383,0.138,1.0,False,False,2350,2350,Zharnel HUGHES,GBR,Zharnel HUGHES,1.0,OK,1,1282.5,0.1425,-4.2,200.0,0.914,Lane 4 | 0.138 sec | 2350 Zharnel HUGHES (GBR)
WCH2023-200m-M-R1-H1,5,5.0,0.149,0.1483,0.149,1.0,False,False,2821,2821,Luxolo ADAMS,RSA,Luxolo ADAMS,1.0,OK,1,1288.5,0.1508,-2.5,179.0,0.964,Lane5 | 0.149 sec | 2821 Luxolo ADAMS (RSA)
WCH2023-200m-M-R1-H1,6,6.0,0.147,0.1467,0.147,1.0,False,False,2652,2652,Gediminas TRUSKAUSKAS,LTU,Gediminas TRUSKAUSKAS,1.0,OK,1,1287.5,0.1508,-4.2,207.0,0.938,Lane 6 | 0.147 sec | 2652 Gediminas TRUSKAUSKAS (LTU)
WCH2023-200m-M-R1-H1,7,7.0,0.137,0.1367,0.137,1.0,False,True,2701,2701,Taymir BURNET,NED,Taymir BURNET,1.0,OK,1,1281.5,0.1408,-4.2,185.0,0.977,Lane7 | 0.137 sec (Quickest) | 2701 Taymir BURNET (NED)
WCH2023-200m-M-R1-H1,8,8.0,0.157,0.1567,0.157,1.0,False,False,2568,2568,Shota IIZUKA,JPN,Shota IIZUKA,1.0,OK,1,1293.5,0.1608,-4.2,214.0,0.978,Lane8 | 0.157 sec | 2568 Shota IIZUKA (JPN)
WCH2023-200m-M-R1-H1,9,9.0,0.167,0.1667,0.167,1.0,False,False,2002,2002,Franko BURRAJ,ALB,Franko BURRAJ,1.0,OK,1,1299.5,0.1708,-4.2,204.0,0.98,Lane9 | 0.167 sec | 2002 Franko BURRAJ (ALB)
WCH2023-200m-M-R1-H2,1,1.0,0.138,0.1383,0.138,1.0,False,True,2634,2634,Seunghwan KO,KOR,Seunghwan KO,1.0,OK,1,1282.5,0.1425,-4.2,211.0,0.976,Lane1 | 0.138 sec (Quickest) | 2634 Seunghwan KO (KOR)
WCH2023-200m-M-R1-H2,2,2.0,0.161,0.1617,0.161,1.0,False,False,2126,2126,Jorge VIDES,BRA,Jorge VIDES,1.0,OK,1,1296.5,0.1658,-4.2,198.0,0.984,Lane2 | 0.161 sec | 2126 Jorge VIDES (BRA)
WCH2023-200m-M-R1-H2,3,3.0,0.188,0.1883,0.188,1.0,False,False,3051,3051,Tapiwanashe MAKARAWU,ZIM,Tapiwanashe MAKARAWU,1.0,OK,1,1312.5,0.1925,-4.2,216.0,0.961,Lane3 | 0.188 sec | 3051 Tapiwanashe MAKARAWU (ZIM)
WCH2023-200m-M-R1-H2,4,4.0,0.141,0.1417,0.141,1.0,False,False,2545,2545,Andrew HUDSON,JAM,Andrew HUDSON,1.0,OK,1,1284.5,0.1458,-4.2,211.0,0.913,Lane 4 | 0.141 sec | 2545 Andrew HUDSON (JAM)
WCH2023-200m-M-R1-H2,5,5.0,0.161,0.1617,0.161,1.0,False,False,2886,2886,Jan VOLKO,SVK,Ján VOLKO,0.0,OK,1,1296.5,0.1658,-4.2,194.0,0.95,Lane5 | 0.161 sec | 2886 Jan VOLKO (SVK)
WCH2023-200m-M-R1-H2,6,6.0,0.189,0.1883,0.189,1.0,False,False,2764,2764,Leroy KAMAU,PNG,Leroy KAMAU,1.0,OK,1,1312.5,0.1925,-4.2,200.0,0.931,Lane 6 | 0.189 sec | 2764 Leroy KAMAU (PNG)
WCH2023-200m-M-R1-H2,7,7.0,0.153,0.1533,0.153,1.0,False,False,2403,2403,JeSSy FRANCO,GIB,Jessy FRANCO,1.0,OK,1,1291.5,0.1575,-4.2,150.0,0.959,Lane7 | 0.153 sec | 2403 JeSSy FRANCO (GIB)
WCH2023-200m-M-R1-H2,8,8.0,0.173,0.1733,0.173,1.0,False,False,3007,3007,Noah LYLES,USA,Noah LYLES,1.0,OK,1,1303.5,0.1775,-4.2,171.0,0.989,Lane8 | 0.173 sec | 3007 Noah LYLES (USA)
WCH2023-200m-M-R1-H2,9,9.0,0.149,0.1483,0.149,1.0,False,False,2208,2208,Ondrej MACiK,CZE,Ondřej MACÍK,0.0,OK,1,1288.5,0.1525,-4.2,201.0,0.975,Lane9 | 0.149 sec | 2208 Ondrej MACiK (CZE)
WCH2023-200m-M-R1-H3,1,1.0,,,,,False,False,,,,,,,,0,,,,,0.912,Lane 1
WCH2023-200m-M-R1-H3,2,2.0,0.16,0.16,0.16,1.0,False,False,2482,2482,Blessing Akwasi AFRIFAH,ISR,Blessing Akwasi AFRIFAH,1.0,OK,1,1295.5,0.1642,-4.2,207.0,0.984,Lane2 | 0.160 sec | 2482 Blessing Akwasi AFRIFAH (ISR)
WCH2023-200m-M-R1-H3,3,3.0,0.157,0.1567,0.157,1.0,False,False,2373,2373,Joshua HARTMANN,GER,Joshua HARTMANN,1.0,OK,1,1293.5,0.1608,-4.2,212.0,0.976,Lane3 | 0.157 sec | 2373 Joshua HARTMANN (GER)
WCH2023-200m-M-R1-H3,4,4.0,0.141,0.1417,0.141,1.0,False,False,2013,2013,Marcos SANTOS,ANG,Marcos SANTOS,1.0,OK,1,1284.5,0.1458,-4.2,200.0,0.931,Lane 4 | 0.141 sec | 2013 Marcos SANTOS (ANG)
WCH2023-200m-M-R1-H3,5,5.0,0.161,0.1617,0.161,1.0,False,False,2644,2644,Joseph FAHNBULLEH,LBR,Joseph FAHNBULLEH,1.0,OK,1,1296.5,0.1642,-2.5,189.0,0.988,Lane5 | 0.161 sec | 2644 Joseph FAHNBULLEH (LBR)
WCH2023-200m-M-R1-H3,6,6.0,0.139,0.1383,0.139,1.0,False,True,2052,2052,Aidan MURPHY,AUS,Aidan MURPHY,1.0,OK,1,1282.5,0.1442,-5.8,201.0,0.922,Lane 6 | 0.139 sec (Quickest) | 2052 Aidan MURPHY (AUS)
WCH2023-200m-M-R1-H3,7,7.0,0.168,0.1683,0.168,1.0,False,False,2102,2102,Letsile TEBOGO,BOT,Letsile TEBOGO,1.0,OK,1,1300.5,0.1725,-4.2,212.0,0.981,Lane7 | 0.168 sec | 2102 Letsile TEBOGO (BOT)
WCH2023-200m-M-R1-H3,8,8.0,0.167,0.1667,0.167,1.0,False,False,2187,2187,Hachim MAAROUFOU,COM,Hachim MAAROUFOU,1.0,OK,1,1299.5,0.1708,-4.2,209.0,0.986,Lane8 | 0.167 sec | 2187 Hachim MAAROUFOU (COM)
WCH2023-200m-M-R1-H3,9,9.0,0.164,0.1633,0.164,1.0,False,False,2880,2880,William REAIS,SUI,William REAIS,1.0,OK,1,1297.5,0.1675,-4.2,132.0,0.99,Lane9 | 0.164 sec | 2880 William REAIS (SUI)
WCH2023-200m-M-R1-H4,1,1.0,,,,,False,False,,,,,,,,0,,,,,0.987,Lane1
WCH2023-200m-M-R1-H4,2,2.0,0.174,0.1733,0.174,1.0,False,False,2829,2829,Shaun MASWANGANYI,RSA,Shaun MASWANGANYI,1.0,OK,1,1303.5,0.1775,-4.2,157.0,0.963,Lane2 | 0.174 sec | 2829 Shaun MASWANGANYI (RSA)
WCH2023-200m-M-R1-H4,3,3.0,0.146,0.1467,0.146,1.0,False,True,2850,2850,Nadale BUNTIN,SKN,Nadale BUNTIN,1.0,OK,1,1287.5,0.1508,-4.2,172.0,0.974,Lane3 | 0.146 sec (Quickest) | 2850 Nadale BUNTIN (SKN)
WCH2023-200m-M-R1-H4,4,4.0,0.158,0.1583,0.158,1.0,False,False,2448,2448,Zoltan WAHL,HUN,Zoltán WAHL,0.0,OK,1,1294.5,0.1625,-4.2,154.0,0.913,Lane 4 | 0.158 sec | 2448 Zoltan WAHL (HUN)
WCH2023-200m-M-R1-H4,5,5.0,0.147,0.1467,0.147,1.0,False,False,2597,2597,Koki UEYAMA,JPN,Koki UEYAMA,1.0,OK,1,1287.5,0.1508,-4.2,193.0,0.951,Lane5 | 0.147 sec | 2597 Koki UEYAMA (JPN)
WCH2023-200m-M-R1-H4,6,6.0,0.171,0.1717,0.171,1.0,False,False,2109,2109,Renan CORREA,BRA,Renan CORREA,1.0,OK,1,1302.5,0.1758,-4.2,213.0,0.931,Lane 6 | 0.171 sec | 2109 Renan CORREA (BRA)
WCH2023-200m-M-R1-H4,7,7.0,0.176,0.1767,0.176,1.0,False,False,2753,2753,Mohamed Obaid ALSADI,OMA,Mohamed Obaid ALSADI,1.0,OK,1,1305.5,0.1808,-4.2,204.0,0.969,Lane7 | 0.176 sec | 2753 Mohamed Obaid ALSADI (OMA)
WCH2023-200m-M-R1-H4,8,8.0,0.153,0.1533,0.153,1.0,False,False,2155,2155,Brendon RODNEY,CAN,Brendon RODNEY,1.0,OK,1,1291.5,0.1575,-4.2,209.0,0.985,Lane8 | 0.153 sec | 2155 Brendon RODNEY (CAN)
WCH2023-200m-M-R1-H4,9,9.0,0.181,0.1816,0.181,1.0,False,False,2401,2401,James DADZIE,GHA,James DADZIE,1.0,DNF,1,1308.5,0.1858,-4.2,206.0,0.96,Lane9 | 0.181 sec | 2401 James DADZIE (GHA)
WCH2023-200m-M-R1-H5,1,1.0,,,,,False,False,,,,,,,,0,,,,,0.986,Lane1
WCH2023-200m-M-R1-H5,2,2.0,,,,,False,False,,2180,,,Emmanuel ESEME,,DNS,0,,,,,0.991,Lane2
WCH2023-200m-M-R1-H5,3,3.0,0.15,0.15,0.15,1.0,False,False,,2539,,,Rasheed DWYER,,OK,1,1289.5,0.1542,-4.2,218.0,0.965,Lane3 | 0.150 sec
WCH2023-200m-M-R1-H5,4,4.0,0.135,0.135,0.135,1.0,False,True,,2912,,,Chun-Han YANG,,OK,1,1280.5,,,,0.922,Lane 4 | 0.135 sec (Quickest)
WCH2023-200m-M-R1-H5,5,5.0,0.16,0.16,0.16,1.0,False,False,,2948,,,Tarsis Gracious OROGOT,,OK,1,1295.5,0.1642,-4.2,192.0,0.962,Lane5 | 0.160 sec
WCH2023-200m-M-R1-H5,6,6.0,0.168,0.1683,0.168,1.0,False,False,,2360,,,Mindia ENDELADZE,,OK,1,1300.5,,,,0.987,Lane6 | 0.168 sec
WCH2023-200m-M-R1-H5,7,7.0,0.153,0.1533,0.153,1.0,False,False,,3006,,,Courtney LINDSEY,,OK,1,1291.5,0.1575,-4.2,199.0,0.953,Lane7 | 0.153 sec
WCH2023-200m-M-R1-H5,8,8.0,0.149,0.1483,0.149,1.0,False,False,,2598,,,Towa UZAWA,,OK,1,1288.5,0.1525,-4.2,156.0,0.958,Lane8 | 0.149 sec
WCH2023-200m-M-R1-H5,9,9.0,0.16,0.16,0.16,1.0,False,False,,2931,,,Ramil GULIYEV,,OK,1,1295.5,0.1658,-5.8,200.0,0.981,Lane9 | 0.160 sec
WCH2023-200m-M-R1-H6,1,1.0,,,,,False,False,,,,,,,,0,,,,,0.987,Lane1
WCH2023-200m-M-R1-H6,2,2.0,0.178,0.1783,0.178,1.0,False,False,2336,2336,Guy MAGANGA GORRA,GAB,Guy MAGANGA GORRA,1.0,OK,1,1306.5,0.1808,-2.5,185.0,0.977,Lane2 | 0.178 sec | 2336Guy MAGANGA GORRA (GAB)
WCH2023-200m-M-R1-H6,3,3.0,0.179,0.1783,0.179,1.0,False,False,2521,2521,Filippo TORTU,ITA,Filippo TORTU,1.0,OK,1,1306.5,0.1841,-5.8,217.0,0.983,Lane3 | 0.179 sec | 2521Filippo TORTU (ITA)
WCH2023-200m-M-R1-H6,4,4.0,0.156,0.1567,0.156,1.0,False,False,2694,2694,Yeykell Eliu ROMERO,NCA,Yeykell Eliu ROMERO,1.0,OK,1,1293.5,0.1608,-4.2,154.0,0.913,Lane 4 | 0.156 sec | 2694Yeykell Eliu ROMERO (NCA)
WCH2023-200m-M-R1-H6,5,5.0,0.166,0.1667,0.166,1.0,False,False,2904,2904,Sibusiso MATSENJWA,SWZ,Sibusiso MATSENJWA,1.0,OK,1,1299.5,0.1708,-4.2,193.0,0.945,Lane5 | 0.166 sec | 2904 Sibusiso MATSENJWA (SWZ)
WCH2023-200m-M-R1-H6,6,6.0,0.16,0.16,0.16,1.0,False,False,2398,2398,Joseph Paul AMOAH,GHA,Joseph Paul AMOAH,1.0,OK,1,1295.5,0.1642,-4.2,208.0,0.931,Lane 6 | 0.160 sec | 2398 Joseph Paul AMOAH (GHA)
WCH2023-200m-M-R1-H6,7,7.0,0.145,0.145,0.145,1.0,False,True,2140,2140,Andre DE GRASSE,CAN,Andre DE GRASSE,1.0,OK,1,1286.5,0.1492,-4.2,190.0,0.986,Lane7 | 0.145 sec (Quickest) | 2140Andre DE GRASSE (CAN)
WCH2023-200m-M-R1-H6,8,8.0,0.156,0.1567,0.156,1.0,False,False,2824,2824,Sinesipho DAMBILE,RSA,Sinesipho DAMBILE,1.0,OK,1,1293.5,0.1608,-4.2,206.0,0.968,Lane8 | 0.156 sec | 2824  Sinesipho DAMBILE (RSA)
WCH2023-200m-M-R1-H6,9,9.0,0.158,0.1583,0.158,1.0,False,False,3003,3003,Erriyon KNIGHTON,USA,Erriyon KNIGHTON,1.0,OK,1,1294.5,0.1608,-2.5,196.0,0.979,Lane9 | 0.158 sec | 3003 Erriyon KNIGHTON (USA)
WCH2023-200m-M-R1-H7,1,1.0,,,,,False,False,,,,,,,,0,,,,,0.987,Lane1
WCH2023-200m-M-R1-H7,2,2.0,0.136,0.1367,,,False,False,2333,2333,Ryan ZEZE,FRA,Ryan ZEZE,1.0,DQ,1,1281.5,0.1408,-4.2,205.0,0.967,Lane2 | 0.136 sec | 2333 Ryan ZEZE (FRA)
WCH2023-200m-M-R1-H7,3,3.0,0.127,0.1267,0.127,1.0,False,True,2755,2755,Alonso EDWARD,PAN,Alonso EDWARD,1.0,OK,1,1275.5,0.1308,-4.2,148.0,0.947,Lane3 | 0.127 sec (Quickest) | 2755 Alonso EDWARD (PAN)
WCH2023-200m-M-R1-H7,4,4.0,0.138,0.1383,0.138,1.0,False,False,2124,2124,Lucas RODRIGUES DA SILVA,BRA,Lucas RODRIGUES DA SILVA,1.0,OK,1,1282.5,0.1408,-2.5,198.0,0.913,Lane 4 | 0.138 sec | 2124 Lucas RODRIGUES DA SILVA (BRA)
WCH2023-200m-M-R1-H7,5,5.0,0.159,0.1583,0.159,1.0,False,False,2969,2969,Kenneth BEDNAREK,USA,Kenneth BEDNAREK,1.0,OK,1,1294.5,0.1642,-5.8,206.0,0.968,Lane5 | 0.159 sec | 2969 Kenneth BEDNAREK (USA)
WCH2023-200m-M-R1-H7,6,6.0,0.177,0.1767,0.177,1.0,False,False,2715,2715,Alaba Olukunle AKINTOLA,NGR,Alaba Olukunle AKINTOLA,1.0,OK,1,1305.5,0.1825,-5.8,199.0,0.931,Lane 6 | 0.177 sec | 2715 Alaba Olukunle AKINTOLA (NGR)
WCH2023-200m-M-R1-H7,7,7.0,0.165,0.165,0.165,1.0,False,False,2221,2221,Alexander OGANDO,DOM,Alexander OGANDO,1.0,OK,1,1298.5,0.1675,-2.5,139.0,0.967,Lane7 | 0.165 sec | 2221 Alexander OGANDO (DOM)
WCH2023-200m-M-R1-H7,8,8.0,0.146,0.1467,0.146,1.0,False,False,2775,2775,AIbert KOMANSKI,POL,Albert KOMAŃSKI,0.0,OK,1,1287.5,0.1508,-4.2,201.0,0.985,Lane8 | 0.146 sec | 2775 AIbert KOMANSKI (POL)
WCH2023-200m-M-R1-H7,9,9.0,0.135,0.135,0.135,1.0,False,False,2479,2479,Taha Hussein YASEEN,IRQ,Taha Hussein YASEEN,1.0,OK,1,1280.5,0.1392,-4.2,180.0,0.989,Lane9 | 0.135 sec | 2479 Taha Hussein YASEEN (IRQ)
WCH2023-200m-M-SF-H1,1,1.0,,,,,False,False,,,,,,,,0,,,,,0.987,Lane1
WCH2023-200m-M-SF-H1,2,2.0,0.148,0.1483,0.148,1.0,False,False,2568,2568,Shota IIZUKA,JPN,Shota IIZUKA,1.0,OK,1,1288.5,0.1525,-4.2,225.0,0.983,Lane2 | 0.148 sec | 2568 Shota IIZUKA (JPN)
WCH2023-200m-M-SF-H1,3,3.0,0.151,0.1517,0.151,1.0,False,False,2948,2948,Tarsis Gracious OROGOT,UGA,Tarsis Gracious OROGOT,1.0,OK,1,1290.5,0.1558,-4.2,212.0,0.982,Lane3 | 0.151 sec | 2948 Tarsis Gracious OROGOT (UGA)
WCH2023-200m-M-SF-H1,4,4.0,0.151,0.1517,0.151,1.0,False,False,2821,2821,Luxolo ADAMS,RSA,Luxolo ADAMS,1.0,OK,1,1290.5,0.1558,-4.2,202.0,0.913,Lane 4 | 0.151 sec | 2821 Luxolo ADAMS (RSA)
WCH2023-200m-M-SF-H1,5,5.0,0.137,0.1367,0.137,1.0,False,True,2208,2208,Ondrej MACIK,CZE,Ondřej MACÍK,0.0,OK,1,1281.5,0.1408,-4.2,212.0,0.968,Lane5 | 0.137 sec (Quickest) | 2208 Ondrej MACIK (CZE)
WCH2023-200m-M-SF-H1,6,6.0,0.142,0.1417,0.142,1.0,False,False,2221,2221,Alexander OGANDO,DOM,Alexander OGANDO,1.0,OK,1,1284.5,0.1458,-4.2,202.0,0.954,Lane 6 | 0.142 sec | 2221 Alexander OGANDO (DOM)
WCH2023-200m-M-SF-H1,7,7.0,0.148,0.1483,0.148,1.0,False,False,2155,2155,Brendon RODNEY,CAN,Brendon RODNEY,1.0,OK,1,1288.5,0.1525,-4.2,207.0,0.98,Lane7 | 0.148 sec | 2155 Brendon RODNEY (CAN)
WCH2023-200m-M-SF-H1,8,8.0,0.152,0.1517,0.152,1.0,False,False,3007,3007,Noah LYLES,USA,Noah LYLES,1.0,OK,1,1290.5,0.1542,-2.5,179.0,0.988,Lane8 | 0.152 sec | 3007 Noah LYLES (USA)
WCH2023-200m-M-SF-H1,9,9.0,0.138,0.1383,0.138,1.0,False,False,2545,2545,Andrew HUDSON,JAM,Andrew HUDSON,1.0,OK,1,1282.5,0.1408,-2.5,210.0,0.958,Lane9 | 0.138 sec | 2545 Andrew HUDSON (JAM)
WCH2023-200m-M-SF-H2,1,1.0,,,,,False,False,,,,,,,,0,,,,,0.987,Lane1
WCH2023-200m-M-SF-H2,2,2.0,0.127,0.1267,0.127,1.0,False,True,2715,2715,Alaba Olukunle AKINTOLA,NGR,Alaba Olukunle AKINTOLA,1.0,OK,1,1275.5,0.1308,-4.2,201.0,0.979,Lane2 | 0.127 sec (Quickest) | 2715 Alaba Olukunle AKINTOLA (NGR)
WCH2023-200m-M-SF-H2,3,3.0,0.14,0.14,0.14,1.0,False,False,2701,2701,Taymir BURNET,NED,Taymir BURNET,1.0,OK,1,1283.5,0.1442,-4.2,197.0,0.974,Lane3 | 0.140 sec | 2701 Taymir BURNET (NED)
WCH2023-200m-M-SF-H2,4,4.0,0.174,0.1733,0.174,1.0,False,False,2109,2109,Renan CORREA,BRA,Renan CORREA,1.0,OK,1,1303.5,0.1775,-4.2,216.0,0.913,Lane 4 | 0.174 sec | 2109 Renan CORREA (BRA)
WCH2023-200m-M-SF-H2,5,5.0,0.18,0.18,0.18,1.0,False,False,3006,3006,Courtney LINDSEY,USA,Courtney LINDSEY,1.0,OK,1,1307.5,0.1841,-4.2,216.0,0.989,Lane5 | 0.180 sec | 3006 Courtney LINDSEY (USA)
WCH2023-200m-M-SF-H2,6,6.0,0.174,0.1733,0.174,1.0,False,False,2102,2102,Letsile TEBOGO,BOT,Letsile TEBOGO,1.0,OK,1,1303.5,0.1775,-4.2,215.0,0.954,Lane 6 | 0.174 sec | 2102 Letsile TEBOGO (BOT)
WCH2023-200m-M-SF-H2,7,7.0,0.174,0.1733,0.174,1.0,False,False,2969,2969,Kenneth BEDNAREK,USA,Kenneth BEDNAREK,1.0,OK,1,1303.5,0.1792,-5.8,206.0,0.975,Lane7 | 0.174 sec | 2969 Kenneth BEDNAREK (USA)
WCH2023-200m-M-SF-H2,8,8.0,0.145,0.145,0.145,1.0,False,False,2138,2138,AarOn BROWN,CAN,Aaron BROWN,1.0,DQ,1,1286.5,0.1492,-4.2,218.0,0.972,Lane8 | 0.145 sec | 2138 AarOn BROWN (CAN)
WCH2023-200m-M-SF-H2,9,9.0,0.162,0.1617,0.162,1.0,False,False,2824,2824,Sinesipho DAMBILE,RSA,Sinesipho DAMBILE,1.0,OK,1,1296.5,0.1658,-4.2,200.0,0.972,Lane9 | 0.162 sec | 2824 Sinesipho DAMBILE (RSA)
WCH2023-200m-M-SF-H3,1,1.0,,,,,False,False,,,,,,,,0,,,,,0.987,Lane1
WCH2023-200m-M-SF-H3,2,2.0,0.161,0.1617,0.161,1.0,False,False,2880,2880,William REAIS,SUI,William REAIS,1.0,OK,1,1296.5,0.1658,-4.2,131.0,0.974,Lane2 | 0.161 sec | 2880 William REAIS (SUI)
WCH2023-200m-M-SF-H3,3,3.0,0.147,0.1467,0.147,1.0,False,True,2829,2829,Shaun MASWANGANYI,RSA,Shaun MASWANGANYI,1.0,OK,1,1287.5,0.1508,-4.2,195.0,0.978,Lane3 | 0.147 sec (Quickest) | 2829 Shaun MASWANGANYI (RSA)
WCH2023-200m-M-SF-H3,4,4.0,0.18,0.18,0.18,1.0,False,False,2644,2644,Joseph FAHNBULLEH,LBR,Joseph FAHNBULLEH,1.0,OK,1,1307.5,0.1841,-4.2,191.0,0.913,Lane 4 | 0.180 sec | 2644 Joseph FAHNBULLEH (LBR)
WCH2023-200m-M-SF-H3,5,5.0,0.152,0.1517,0.152,1.0,False,False,2140,2140,Andre DE GRASSE,CAN,Andre DE GRASSE,1.0,OK,1,1290.5,0.1575,-5.8,203.0,0.965,Lane5 | 0.152 sec | 2140 Andre DE GRASSE (CAN)
WCH2023-200m-M-SF-H3,6,6.0,0.151,0.1517,0.151,1.0,False,False,3003,3003,Erriyon KNIGHTON,USA,Erriyon KNIGHTON,1.0,OK,1,1290.5,0.1542,-2.5,204.0,0.931,Lane 6 | 0.151 sec | 3003 Erriyon KNIGHTON (USA)
WCH2023-200m-M-SF-H3,7,7.0,0.151,0.1517,0.151,1.0,False,False,2350,2350,Zharnel HUGHES,GBR,Zharnel HUGHES,1.0,OK,1,1290.5,0.1558,-4.2,186.0,0.958,Lane7 | 0.151 sec | 2350 Zharnel HUGHES (GBR)
WCH2023-200m-M-SF-H3,8,8.0,0.15,0.15,0.15,1.0,False,False,2598,2598,ToWa UZAWA,JPN,Towa UZAWA,1.0,OK,1,1289.5,0.1542,-4.2,155.0,0.973,Lane8 | 0.150 sec | 2598 ToWa UZAWA (JPN)
WCH2023-200m-M-SF-H3,9,9.0,0.154,0.1533,0.154,1.0,False,False,2539,2539,Rasheed DWYER,JAM,Rasheed DWYER,1.0,OK,1,1291.5,0.1592,-5.8,202.0,0.981,Lane9 | 0.154 sec | 2539 Rasheed DWYER (JAM)
WCH2023-200m-W-F-H1,1,1.0,,,,,False,False,,,,,,,,0,,,,,0.987,Lane1
WCH2023-200m-W-F-H1,2,2.0,0.179,0.1783,0.179,1.0,False,False,657,657,Marie-Josée TA LOU,CIV,Marie-Josée TA LOU,1.0,OK,1,1306.5,0.1825,-4.2,141.0,0.985,Lane2 | 0.179 sec | 657 Marie-Josée TA LOU (CIV)
WCH2023-200m-W-F-H1,3,3.0,0.171,0.1717,0.171,1.0,False,False,547,547,Anthonique STRACHAN,BAH,Anthonique STRACHAN,1.0,OK,1,1302.5,0.1742,-2.5,143.0,0.983,Lane3 | 0.171 sec | 547 Anthonique STRACHAN (BAH)
WCH2023-200m-W-F-H1,4,4.0,0.131,0.1317,0.131,1.0,False,True,839,839,Dina ASHER-SMITH,GBR,Dina ASHER-SMITH,1.0,OK,1,1278.5,0.1358,-4.2,131.0,0.913,Lane 4 | 0.131 sec (Quickest) | 839 Dina ASHER-SMITH (GBR)
WCH2023-200m-W-F-H1,5,5.0,0.148,0.1483,0.148,1.0,False,False,856,856,Daryll NEITA (,GBR,Daryll NEITA,1.0,OK,1,1288.5,0.1325,15.8,111.0,0.962,Lane5 | 0.148 sec | 856 Daryll NEITA ( (GBR)
WCH2023-200m-W-F-H1,6,6.0,0.161,0.1617,0.161,1.0,False,False,1017,1017,Shericka JACKSON,JAM,Shericka JACKSON,1.0,OK,1,1296.5,0.1658,-4.2,173.0,0.931,Lane 6 | 0.161 sec | 1017 Shericka JACKSON (JAM)
WCH2023-200m-W-F-H1,7,7.0,0.159,0.1583,0.159,1.0,False,False,1104,1104,Julien ALFRED,LCA,Julien ALFRED,1.0,OK,1,1294.5,0.1625,-4.2,172.0,0.983,Lane7 | 0.159 sec | 1104 Julien ALFRED (LCA)
WCH2023-200m-W-F-H1,8,8.0,0.162,0.1617,0.162,1.0,False,False,1442,1442,Gabrielle THOMAS,USA,Gabrielle THOMAS,1.0,OK,1,1296.5,0.1658,-4.2,203.0,0.979,Lane8 | 0.162 sec | 1442 Gabrielle THOMAS (USA)
WCH2023-200m-W-F-H1,9,9.0,0.171,0.1717,0.171,1.0,False,False,1434,1434,Sha'Carri RICHARDSON,USA,Sha'Carri RICHARDSON,1.0,OK,1,1302.5,0.1742,-2.5,175.0,0.989,Lane9 | 0.171 sec | 1434 Sha'Carri RICHARDSON (USA)
WCH2023-200m-W-R1-H1,1,1.0,,,,,False,False,,,,,,,,0,,,,,0.987,Lane1
WCH2023-200m-W-R1-H1,2,2.0,0.182,0.1816,0.182,1.0,False,False,573,573,Ana Carolina AZEVEDO,BRA,Ana Carolina AZEVEDO,1.0,OK,1,1308.5,0.1708,10.8,182.0,0.977,Lane2 | 0.182 sec | 573 Ana Carolina AZEVEDO (BRA)
WCH2023-200m-W-R1-H1,3,3.0,0.154,0.1533,0.154,1.0,False,False,725,725,Jael BESTUE,ESP,Jaël BESTUÉ,0.0,OK,1,1291.5,0.1608,-7.5,126.0,0.915,Lane3 | 0.154 sec | 725Jael BESTUE  (ESP)
WCH2023-200m-W-R1-H1,4,4.0,0.146,0.1467,0.146,1.0,False,True,795,795,Aino PULKKINEN,FIN,Aino PULKKINEN,1.0,OK,1,1287.5,0.1508,-4.2,87.0,0.913,Lane 4 | 0.146 sec (Quickest) | 795 Aino PULKKINEN (FIN)
WCH2023-200m-W-R1-H1,5,5.0,0.162,0.1617,0.162,1.0,False,False,1165,1165,Favour OFILI,NGR,Favour OFILI,1.0,OK,1,1296.5,0.1658,-4.2,159.0,0.981,Lane5 | 0.162 sec | 1165 Favour OFILI (NGR)
WCH2023-200m-W-R1-H1,6,6.0,0.161,0.1617,0.161,1.0,False,False,673,673,Yunisleydis DE LA C. GARCIA,CUB,Yunisleydis DE LA C. GARCÍA,0.0,OK,1,1296.5,0.1658,-4.2,180.0,0.931,Lane 6 | 0.161 sec | 673 Yunisleydis DE LA C. GARCIA (CUB)
WCH2023-200m-W-R1-H1,7,7.0,0.161,0.1617,0.161,1.0,False,False,856,856,Daryll NEITA,GBR,Daryll NEITA,1.0,OK,1,1296.5,0.1658,-4.2,130.0,0.967,Lane7 | 0.161 sec | 856 Daryll NEITA (GBR)
WCH2023-200m-W-R1-H1,8,8.0,0.147,0.1467,0.147,1.0,False,False,1308,1308,Léonie POINTET,SUI,Léonie POINTET,1.0,OK,1,1287.5,0.1508,-4.2,103.0,0.943,Lane8 | 0.147 sec | 1308 Léonie POINTET (SUI)
WCH2023-200m-W-R1-H1,9,9.0,0.169,0.1683,0.169,1.0,False,False,547,547,Anthonique STRACHAN,BAH,Anthonique STRACHAN,1.0,OK,1,1300.5,0.1525,15.8,124.0,0.978,Lane9 | 0.169 sec | 547 Anthonique STRACHAN (BAH)
WCH2023-200m-W-R1-H2,1,1.0,,,,,False,False,,,,,,,,0,,,,,0.988,Lane1
WCH2023-200m-W-R1-H2,2,2.0,0.163,0.1633,0.163,1.0,False,False,1237,1237,Lorene Dorcas BAZOLO,POR,Lorène Dorcas BAZOLO,0.0,OK,1,1297.5,0.1675,-4.2,104.0,0.919,Lane 2 | 0.163 sec | 1237 Lorene Dorcas BAZOLO (POR)
WCH2023-200m-W-R1-H2,3,3.0,0.148,0.1483,0.148,1.0,False,True,686,686,Olivia FOTOPOULOU,CYP,Olivia FOTOPOULOU,1.0,OK,1,1288.5,0.1525,-4.2,112.0,0.917,Lane 3 | 0.148 sec (Quickest) | 686 Olivia FOTOPOULOU (CYP)
WCH2023-200m-W-R1-H2,4,4.0,0.154,0.1533,0.154,1.0,False,False,786,786,Anniina KORTETMAA,FIN,Anniina KORTETMAA,1.0,OK,1,1291.5,0.1575,-4.2,133.0,0.917,Lane 4 | 0.154 sec | 786 Anniina KORTETMAA (FIN)
WCH2023-200m-W-R1-H2,5,5.0,0.173,0.1733,0.173,1.0,False,False,657,657,Marie-Josée TA LOU,CIV,Marie-Josée TA LOU,1.0,OK,1,1303.5,0.1775,-4.2,107.0,0.983,Lane5 | 0.173 sec | 657 Marie-Josée TA LOU (CIV)
WCH2023-200m-W-R1-H2,6,6.0,0.168,0.1683,0.168,1.0,False,False,1434,1434,Sha'Carri RICHARDSON,USA,Sha'Carri RICHARDSON,1.0,OK,1,1300.5,0.1725,-4.2,158.0,0.97,Lane 6 | 0.168 sec | 1434 Sha'Carri RICHARDSON (USA)
WCH2023-200m-W-R1-H2,7,7.0,0.163,0.1633,0.163,1.0,False,False,913,913,Polyniki EMMANOUILIDOU,GRE,Polyniki EMMANOUILIDOU,1.0,OK,1,1297.5,0.1675,-4.2,96.0,0.955,Lane7 | 0.163 sec | 913 Polyniki EMMANOUILIDOU  (GRE)
WCH2023-200m-W-R1-H2,8,8.0,0.149,0.1483,0.149,1.0,False,False,1020,1020,Ashanti MOORE,JAM,Ashanti MOORE,1.0,OK,1,1288.5,0.1508,-2.5,197.0,0.989,Lane8 | 0.149 sec | 1020 Ashanti MOORE (JAM)
WCH2023-200m-W-R1-H2,9,9.0,0.239,0.2383,0.239,1.0,False,False,1293,1293,Gorete SEMEDO,STP,Gorete SEMEDO,1.0,OK,1,1342.5,0.2258,12.5,117.0,0.976,Lane9 | 0.239 sec | 1293 Gorete SEMEDO (STP)
WCH2023-200m-W-R1-H3,1,1.0,,,,,False,False,,,,,,,,0,,,,,0.987,Lane1
WCH2023-200m-W-R1-H3,2,2.0,0.232,0.2316,0.232,1.0,False,False,716,716,Nicole CAICEDO,ECU,Nicole CAICEDO,1.0,OK,1,1338.5,0.2341,-2.5,115.0,0.957,Lane2 | 0.232 sec | 716Nicole CAICEDO (ECU)
WCH2023-200m-W-R1-H3,3,3.0,0.167,0.1667,0.167,1.0,False,False,538,538,Susanne GOGL-WALLI,AUT,Susanne GOGL-WALLI,1.0,OK,1,1299.5,0.1708,-4.2,87.0,0.984,Lane3 | 0.167 sec | 538 Susanne GOGL-WALLI (AUT)
WCH2023-200m-W-R1-H3,4,4.0,0.191,0.1916,0.191,1.0,False,False,1017,1017,Shericka JACKSON,JAM,Shericka JACKSON,1.0,OK,1,1314.5,0.1825,9.2,129.0,0.979,Lane4 | 0.191 sec | 1017 Shericka JACKSON (JAM)
WCH2023-200m-W-R1-H3,5,5.0,0.198,0.1983,0.198,1.0,False,False,655,655,Jessika GBAI,CIV,Jessika GBAI,1.0,OK,1,1318.5,0.2025,-4.2,98.0,0.989,Lane5 | 0.198 sec | 655 Jessika GBAI (CIV)
WCH2023-200m-W-R1-H3,6,6.0,0.151,0.1517,0.151,1.0,False,True,1006,1006,AdaejahHODGE,IVB,Adaejah HODGE,1.0,OK,1,1290.5,0.1542,-2.5,150.0,0.931,Lane 6 | 0.151 sec (Quickest) | 1006AdaejahHODGE (IVB)
WCH2023-200m-W-R1-H3,7,7.0,0.163,0.1633,0.163,1.0,False,False,945,945,Alexa SULYAN,HUN,Alexa SULYÁN,0.0,OK,1,1297.5,0.1675,-4.2,190.0,0.966,Lane7 | 0.163 sec | 945 Alexa SULYAN (HUN)
WCH2023-200m-W-R1-H3,8,8.0,0.187,0.1866,0.187,1.0,False,False,1273,1273,Veronica Shanti PEREIRA,SGP,Veronica Shanti PEREIRA,1.0,OK,1,1311.5,0.1908,-4.2,115.0,0.907,Lane 8 | 0.187 sec | 1273 Veronica Shanti PEREIRA (SGP)
WCH2023-200m-W-R1-H3,9,9.0,,,,,False,False,,,,,,,,0,,,,,0.986,Lane9
WCH2023-200m-W-R1-H4,1,1.0,,,,,False,False,,,,,,,,0,,,,,0.987,Lane1
WCH2023-200m-W-R1-H4,2,2.0,0.148,0.1483,0.148,1.0,False,False,1191,1191,Georgia HULLS,NZL,Georgia HULLS,1.0,OK,1,1288.5,0.1525,-4.2,102.0,0.924,Lane2 | 0.148 sec | 1191 Georgia HULLS (NZL)
WCH2023-200m-W-R1-H4,3,3.0,0.155,0.155,0.155,1.0,False,False,837,837,Gina BASS,GAM,Gina BASS,1.0,OK,1,1292.5,0.1592,-4.2,169.0,0.99,Lane3 | 0.155 sec | 837 Gina BASS (GAM)
WCH2023-200m-W-R1-H4,4,4.0,0.174,0.1733,0.174,1.0,False,False,1104,1104,Julien ALFRED,LCA,Julien ALFRED,1.0,OK,1,1303.5,0.1775,-4.2,125.0,0.913,Lane 4 | 0.174 sec | 1104 Julien ALFRED (LCA)
WCH2023-200m-W-R1-H4,5,5.0,,,,,False,False,512,512,Ella CONNOLLY,AUS,Ella CONNOLLY,1.0,DNS,0,,,,,0.981,Lane5 | 512 Ella CONNOLLY (AUS)
WCH2023-200m-W-R1-H4,6,6.0,0.138,0.1383,0.138,1.0,False,True,1320,1320,Julia HENRIKSSON,SWE,Julia HENRIKSSON,1.0,OK,1,1282.5,0.1408,-2.5,126.0,0.931,Lane 6 | 0.138 sec (Quickest) | 1320 Julia HENRIKSSON (SWE)
WCH2023-200m-W-R1-H4,7,7.0,0.167,0.1667,0.167,1.0,False,False,870,870,Bianca WILLIAMS,GBR,Bianca WILLIAMS,1.0,OK,1,1299.5,0.1708,-4.2,155.0,0.986,Lane7 | 0.167 sec | 870 Bianca WILLIAMS (GBR)
WCH2023-200m-W-R1-H4,8,8.0,0.148,0.1483,0.148,1.0,False,False,1033,1033,Natalliah WHYTE,JAM,Natalliah WHYTE,1.0,OK,1,1288.5,0.1508,-2.5,96.0,0.945,Lane8 | 0.148 sec | 1033 Natalliah WHYTE (JAM)
WCH2023-200m-W-R1-H4,9,9.0,,,,,False,False,,,,,,,,0,,,,,0.99,Lane9
WCH2023-200m-W-R1-H5,1,1.0,,,,,False,False,,,,,,,,0,,,,,0.987,Lane1
WCH2023-200m-W-R1-H5,2,2.0,0.169,0.1683,0.169,1.0,False,False,949,949,Boglarka TAKACS,HUN,Boglárka TAKÁCS,0.0,OK,1,1300.5,0.1725,-4.2,86.0,0.974,Lane2 | 0.169 sec | 949 Boglarka TAKACS (HUN)
WCH2023-200m-W-R1-H5,3,3.0,0.152,0.1517,0.152,1.0,False,True,1010,1010,Kevona DAVIS,JAM,Kevona DAVIS,1.0,OK,1,1290.5,0.1542,-2.5,175.0,0.985,Lane3 | 0.152 sec (Quickest) | 1010 Kevona DAVIS (JAM)
WCH2023-200m-W-R1-H5,4,4.0,0.162,0.1617,0.162,1.0,False,False,1141,1141,Tasa JIYA,NED,Tasa JIYA,1.0,OK,1,1296.5,0.1642,-2.5,148.0,0.913,Lane 4 | 0.162 sec | 1141 Tasa JIYA (NED)
WCH2023-200m-W-R1-H5,5,5.0,0.181,0.1816,0.181,1.0,False,False,1181,1181,Christine Bjelland JENSEN,NOR,Christine Bjelland JENSEN,1.0,OK,1,1308.5,0.1758,5.8,116.0,0.987,Lane5 | 0.181 sec | 1181 Christine Bjelland JENSEN (NOR)
WCH2023-200m-W-R1-H5,6,6.0,0.155,0.155,0.155,1.0,False,False,1129,1129,Cecilia TAMAYO-GARZA,MEX,Cecilia TAMAYO-GARZA,1.0,OK,1,1292.5,0.1575,-2.5,130.0,0.954,Lane 6 | 0.155 sec | 1129 Cecilia TAMAYO-GARZA (MEX)
WCH2023-200m-W-R1-H5,7,7.0,0.153,0.1533,0.153,1.0,False,False,1213,1213,Martyna KOTWILA,POL,Martyna KOTWIŁA,0.0,OK,1,1291.5,0.1575,-4.2,149.0,0.986,Lane7 | 0.153 sec | 1213 Martyna KOTWILA (POL)
WCH2023-200m-W-R1-H5,8,8.0,0.168,0.1683,0.168,1.0,False,False,1442,1442,Gabrielle THOMAS,USA,Gabrielle THOMAS,1.0,OK,1,1300.5,0.1725,-4.2,208.0,0.945,Lane8 | 0.168 sec | 1442 Gabrielle THOMAS (USA)
WCH2023-200m-W-R1-H5,9,9.0,,,,,False,False,,,,,,,,0,,,,,0.99,Lane9
WCH2023-200m-W-R1-H6,1,1.0,,,,,False,False,,,,,,,,0,,,,,0.988,Lane1
WCH2023-200m-W-R1-H6,2,2.0,0.164,0.1633,0.164,1.0,False,False,592,592,Vitoria Cristina ROSA,BRA,Vitoria Cristina ROSA,1.0,OK,1,1297.5,0.1675,-4.2,204.0,0.982,Lane2 | 0.164 sec | 592 Vitoria Cristina ROSA (BRA)
WCH2023-200m-W-R1-H6,3,3.0,0.18,0.18,0.18,1.0,False,False,1459,1459,Rhoda NJOBVU,ZAM,Rhoda NJOBVU,1.0,OK,1,1307.5,0.1841,-4.2,104.0,0.945,Lane3 | 0.180 sec | 1459 Rhoda NJOBVU (ZAM)
WCH2023-200m-W-R1-H6,4,4.0,0.144,0.1433,0.144,1.0,False,True,1444,1444,Kayla WHITE,USA,Kayla WHITE,1.0,OK,1,1285.5,0.1475,-4.2,165.0,0.993,Lane4 | 0.144 sec (Quickest) | 1444 Kayla WHITE (USA)
WCH2023-200m-W-R1-H6,5,5.0,0.157,0.1567,0.157,1.0,False,False,1058,1058,Remi TSURUTA,JPN,Remi TSURUTA,1.0,OK,1,1293.5,0.1458,10.8,74.0,0.981,Lane5 | 0.157 sec | 1058 Remi TSURUTA (JPN)
WCH2023-200m-W-R1-H6,6,6.0,0.156,0.1567,0.156,1.0,False,False,991,991,Dalia KADDARI,ITA,Dalia KADDARI,1.0,OK,1,1293.5,0.1608,-4.2,178.0,0.955,Lane 6 | 0.156 sec | 991 Dalia KADDARI (ITA)
WCH2023-200m-W-R1-H6,7,7.0,0.167,0.1667,0.167,1.0,False,False,1228,1228,Krystsina TSIMANOUSKAYA,POL,Krystsina TSIMANOUSKAYA,1.0,OK,1,1299.5,0.1708,-4.2,156.0,0.986,Lane7 | 0.167 sec | 1228 Krystsina TSIMANOUSKAYA (POL)
WCH2023-200m-W-R1-H6,8,8.0,0.157,0.1567,0.157,1.0,False,False,839,839,Dina ASHER-SMITH,GBR,Dina ASHER-SMITH,1.0,OK,1,1293.5,0.1608,-4.2,157.0,0.971,Lane8 | 0.157 sec | 839 Dina ASHER-SMITH (GBR)
WCH2023-200m-W-R1-H6,9,9.0,0.182,0.1816,0.182,1.0,False,False,656,656,Maboundou KONE,CIV,Maboundou KONÉ,0.0,OK,1,1308.5,0.1858,-4.2,164.0,0.957,Lane9 | 0.182 sec | 656 Maboundou KONE   (CIV)
WCH2023-200m-W-SF-H1,1,1.0,,,,,False,False,,,,,,,,0,,,,,0.987,Lane1
WCH2023-200m-W-SF-H1,2,2.0,0.151,0.1517,0.151,1.0,False,False,991,991,Dalia KADDARI,ITA,Dalia KADDARI,1.0,OK,1,1290.5,0.1542,-2.5,152.0,0.94,Lane2 | 0.151 sec | 991 Dalia KADDARI (ITA)
WCH2023-200m-W-SF-H1,3,3.0,0.156,0.1567,0.156,1.0,False,False,913,913,Polyniki EMMANOUILIDOU,GRE,Polyniki EMMANOUILIDOU,1.0,OK,1,1293.5,0.1608,-4.2,122.0,0.979,Lane3 | 0.156 sec | 913 Polyniki EMMANOUILIDOU (GRE)
WCH2023-200m-W-SF-H1,4,4.0,0.162,0.1617,0.162,1.0,False,False,686,686,Olivia FOTOPOULOU,CYP,Olivia FOTOPOULOU,1.0,OK,1,1296.5,0.1642,-2.5,105.0,0.913,Lane 4 | 0.162 sec | 686 Olivia FOTOPOULOU (CYP)
WCH2023-200m-W-SF-H1,5,5.0,0.188,0.1883,0.188,1.0,False,False,656,656,Maboundou KONE,CIV,Maboundou KONÉ,0.0,DQ,1,1312.5,0.1925,-4.2,156.0,0.962,Lane5 | 0.188 sec | 656 Maboundou KONE (CIV)
WCH2023-200m-W-SF-H1,6,6.0,0.126,0.1267,0.126,1.0,False,True,839,839,Dina ASHER-SMITH,GBR,Dina ASHER-SMITH,1.0,OK,1,1275.5,0.1308,-4.2,163.0,0.931,Lane 6 | 0.126 sec (Quickest) | 839 Dina ASHER-SMITH (GBR)
WCH2023-200m-W-SF-H1,7,7.0,0.154,0.1533,0.154,1.0,False,False,1033,1033,Natalliah WHYTE,JAM,Natalliah WHYTE,1.0,OK,1,1291.5,0.1575,-4.2,117.0,0.948,Lane7 | 0.154 sec | 1033 Natalliah WHYTE (JAM)
WCH2023-200m-W-SF-H1,8,8.0,0.172,0.1717,0.172,1.0,False,False,1442,1442,Gabrielle THOMAS,USA,Gabrielle THOMAS,1.0,OK,1,1302.5,0.1758,-4.2,191.0,0.907,Lane 8 | 0.172 sec | 1442 Gabrielle THOMAS (USA)
WCH2023-200m-W-SF-H1,9,9.0,0.159,0.1583,0.159,1.0,False,False,1141,1141,TaSa JIYA,NED,Tasa JIYA,1.0,OK,1,1294.5,0.1625,-4.2,170.0,0.96,Lane9 | 0.159 sec | 1141 TaSa JIYA (NED)
WCH2023-200m-W-SF-H2,1,1.0,,,,,False,False,,,,,,,,0,,,,,0.987,Lane1
WCH2023-200m-W-SF-H2,2,2.0,0.154,0.1533,0.154,1.0,False,False,1006,1006,Adaejah HODGE,IVB,Adaejah HODGE,1.0,OK,1,1291.5,0.1575,-4.2,148.0,0.96,Lane2 | 0.154 sec | 1006 Adaejah HODGE (IVB)
WCH2023-200m-W-SF-H2,3,3.0,0.199,0.1983,0.199,1.0,False,False,1228,1228,Krystsina TSIMANOUSKAYA,POL,Krystsina TSIMANOUSKAYA,1.0,OK,1,1318.5,0.2025,-4.2,125.0,0.954,Lane3 | 0.199 sec | 1228 Krystsina TSIMANOUSKAYA (POL)
WCH2023-200m-W-SF-H2,4,4.0,0.153,0.1533,0.153,1.0,False,False,1010,1010,Kevona DAVIS,JAM,Kevona DAVIS,1.0,OK,1,1291.5,0.1575,-4.2,145.0,0.913,Lane 4 | 0.153 sec | 1010 Kevona DAVIS (JAM)
WCH2023-200m-W-SF-H2,5,5.0,0.201,0.2016,0.201,1.0,False,False,655,655,Jessika GBAI,CIV,Jessika GBAI,1.0,OK,1,1320.5,0.2058,-4.2,118.0,0.947,Lane5 | 0.201 sec | 655 Jessika GBAI (CIV)
WCH2023-200m-W-SF-H2,6,6.0,0.159,0.1583,0.159,1.0,False,False,1104,1104,Julien ALFRED,LCA,Julien ALFRED,1.0,OK,1,1294.5,0.1625,-4.2,150.0,0.954,Lane 6 | 0.159 sec | 1104 Julien ALFRED (LCA)
WCH2023-200m-W-SF-H2,7,7.0,0.159,0.1583,0.159,1.0,False,False,547,547,Anthonique STRACHAN,BAH,Anthonique STRACHAN,1.0,OK,1,1294.5,0.1625,-4.2,121.0,0.955,Lane7 | 0.159 sec | 547 Anthonique STRACHAN (BAH)
WCH2023-200m-W-SF-H2,8,8.0,0.162,0.1617,0.162,1.0,False,False,856,856,Daryll NEITA,GBR,Daryll NEITA,1.0,OK,1,1296.5,0.1658,-4.2,111.0,0.975,Lane8 | 0.162 sec | 856 Daryll NEITA (GBR)
WCH2023-200m-W-SF-H2,9,9.0,0.145,0.145,0.145,1.0,False,True,1444,1444,Kayla WHITE,USA,Kayla WHITE,1.0,OK,1,1286.5,0.1508,-5.8,206.0,0.961,Lane9 | 0.145 sec (Quickest) | 1444 Kayla WHITE (USA)
WCH2023-200m-W-SF-H3,1,1.0,,,,,False,False,,,,,,,,0,,,,,0.987,Lane1
WCH2023-200m-W-SF-H3,2,2.0,0.149,0.1483,0.149,1.0,False,False,1165,1165,Favour OFILI,NGR,Favour OFILI,1.0,OK,1,1288.5,0.1542,-5.8,121.0,0.988,Lane2 | 0.149 sec | 1165 Favour OFILI (NGR)
WCH2023-200m-W-SF-H3,3,3.0,0.141,0.1417,0.141,1.0,False,True,837,837,Gina BASS,GAM,Gina BASS,1.0,OK,1,1284.5,0.1458,-4.2,160.0,0.974,Lane3 | 0.141 sec (Quickest) | 837 Gina BASS (GAM)
WCH2023-200m-W-SF-H3,4,4.0,0.165,0.165,0.165,1.0,False,False,725,725,Jael BESTUE,ESP,Jaël BESTUÉ,0.0,OK,1,1298.5,0.1675,-2.5,117.0,0.913,Lane 4 | 0.165 sec | 725 Jael BESTUE (ESP)
WCH2023-200m-W-SF-H3,5,5.0,0.156,0.1567,0.156,1.0,False,False,870,870,Bianca WILLIAMS,GBR,Bianca WILLIAMS,1.0,OK,1,1293.5,0.1608,-4.2,145.0,0.969,Lane5 | 0.156 sec | 870 Bianca WILLIAMS (GBR)
WCH2023-200m-W-SF-H3,6,6.0,0.157,0.1567,0.157,1.0,False,False,657,657,Marie-Josée TA LOU,CIV,Marie-Josée TA LOU,1.0,OK,1,1293.5,0.1608,-4.2,136.0,0.954,Lane 6 | 0.157 sec | 657 Marie-Josée TA LOU (CIV)
WCH2023-200m-W-SF-H3,7,7.0,0.187,0.1866,0.187,1.0,False,False,1017,1017,Shericka JACKSON,JAM,Shericka JACKSON,1.0,OK,1,1311.5,0.1908,-4.2,158.0,0.951,Lane7 | 0.187 sec | 1017 Shericka JACKSON (JAM)
WCH2023-200m-W-SF-H3,8,8.0,0.158,0.1583,0.158,1.0,False,False,1434,1434,Sha'Carri RICHARDSON,USA,Sha'Carri RICHARDSON,1.0,OK,1,1294.5,0.1625,-4.2,141.0,0.978,Lane8 | 0.158 sec | 1434 Sha'Carri RICHARDSON (USA)
WCH2023-200m-W-SF-H3,9,9.0,0.174,0.1733,0.174,1.0,False,False,1273,1273,Veronica Shanti PEREIRA,SGP,Veronica Shanti PEREIRA,1.0,OK,1,1303.5,0.1775,-4.2,137.0,0.989,Lane9 | 0.174 sec | 1273 Veronica Shanti PEREIRA (SGP)
WCH2025-100m-M-F-H1,1,1.0,,,,,False,False,,,,,,,,0,,,,,0.987,Lane1
WCH2025-100m-M-F-H1,2,2.0,0.162,0.1617,0.162,1.0,False,False,2873,2873,Akani SIMBINE,RSA,Akani SIMBINE,1.0,OK,1,1296.5,0.1658,-4.2,195.0,0.989,Lane2 | 0.162 sec | 2873 Akani SIMBINE (RSA)
WCH2025-100m-M-F-H1,3,3.0,0.177,0.1767,0.177,1.0,False,False,2746,2746,Kayinsola AJAYI,NGR,Kayinsola AJAYI,1.0,OK,1,1305.5,0.1808,-4.2,189.0,0.966,Lane3 | 0.177 sec | 2746 Kayinsola AJAYI (NGR)
WCH2025-100m-M-F-H1,4,4.0,0.192,0.1916,0.192,1.0,False,False,3016,3016,Noah LYLES,USA,Noah LYLES,1.0,OK,1,1314.5,0.1958,-4.2,210.0,0.913,Lane 4 | 0.192 sec | 3016 Noah LYLES (USA)
WCH2025-100m-M-F-H1,5,5.0,0.16,0.16,0.16,1.0,False,False,2574,2574,Kishane THOMPSON,JAM,Kishane THOMPSON,1.0,OK,1,1295.5,0.1642,-4.2,202.0,0.983,Lane5 | 0.160 sec | 2574 Kishane THOMPSON (JAM)
WCH2025-100m-M-F-H1,6,6.0,0.211,0.2116,0.211,1.0,False,False,2976,2976,Kenneth BEDNAREK,USA,Kenneth BEDNAREK,1.0,OK,1,1326.5,0.2158,-4.2,209.0,0.931,Lane 6 | 0.211 sec | 2976 Kenneth BEDNAREK (USA)
WCH2025-100m-M-F-H1,7,7.0,0.157,0.1567,0.157,1.0,False,True,2571,2571,Oblique SEVILLE,JAM,Oblique SEVILLE,1.0,OK,1,1293.5,0.1608,-4.2,212.0,0.969,Lane7 | 0.157 sec (Quickest) | 2571 Oblique SEVILLE (JAM)
WCH2025-100m-M-F-H1,8,8.0,,,-0.317,,False,False,2113,2113,Letsile TEBOGO,BOT,Letsile TEBOGO,1.0,DQ,0,,,,,0.98,Lane8 | 2113 Letsile TEBOGO (BOT)
WCH2025-100m-M-F-H1,9,9.0,0.184,0.1833,0.184,1.0,False,False,2862,2862,Gift LEOTLELA,RSA,Gift LEOTLELA,1.0,OK,1,1309.5,0.1875,-4.2,211.0,0.962,Lane9 | 0.184 sec | 2862 Gift LEOTLELA (RSA)
WCH2025-100m-M-PR-H1,1,1.0,0.197,0.1966,0.197,1.0,False,False,2020,2020,Matthew FISO,ASA,Matthew FISO,1.0,OK,1,1317.5,0.2008,-4.2,134.0,0.987,Lane1 | 0.197 sec | 2020 Matthew FISO (ASA)
WCH2025-100m-M-PR-H1,2,2.0,0.163,0.1633,0.163,1.0,False,True,2144,2144,Salin TORT,CAM,Salin TORT,1.0,OK,1,1297.5,0.1675,-4.2,179.0,0.987,Lane2 | 0.163 sec (Quickest) | 2144 Salin TORT (CAM)
WCH2025-100m-M-PR-H1,3,3.0,0.184,0.1833,0.184,1.0,False,False,2907,2907,D'angelo HUISDEN,SUR,D'angelo HUISDEN,1.0,OK,1,1309.5,0.1875,-4.2,209.0,0.983,Lane3 | 0.184 sec | 2907 D'angelo HUISDEN (SUR)
WCH2025-100m-M-PR-H1,4,4.0,0.169,0.1683,0.169,1.0,False,False,2715,2715,Sanjay WEEKES,MNT,Sanjay WEEKES,1.0,OK,1,1300.5,0.1725,-4.2,206.0,0.913,Lane 4 | 0.169 sec | 2715 Sanjay WEEKES (MNT)
WCH2025-100m-M-PR-H1,5,5.0,0.199,0.1983,0.199,1.0,False,False,,2581,,,Zaid Ashraf Omar AL-AWAMLEH,,OK,1,1318.5,0.2025,-4.2,163.0,0.943,Lane5 | 0.199 sec | 2581 Zaid Ashraf Omar AL-AWAMLEH (JC
WCH2025-100m-M-PR-H1,6,6.0,0.19,0.19,0.19,1.0,False,False,2459,2459,Christopher BORZOR,HAI,Christopher BORZOR,1.0,OK,1,1313.5,0.1958,-5.8,211.0,0.931,Lane 6 | 0.190 sec | 2459 Christopher BORZOR (HAI)
WCH2025-100m-M-PR-H1,7,7.0,0.169,0.1683,0.169,1.0,False,False,2010,2010,Marcos SANTOS,ANG,Marcos SANTOS,1.0,OK,1,1300.5,0.1742,-5.8,205.0,0.949,Lane7 | 0.169 sec | 2010 Marcos SANTOS (ANG)
WCH2025-100m-M-PR-H1,8,8.0,0.228,0.2283,0.228,1.0,False,False,2140,2140,Abdul RAHIM ABDULLAH,BRU,Abdul RAHIM ABDULLAH,1.0,DNF,1,1336.5,0.2324,-4.2,164.0,0.982,Lane8 | 0.228 sec | 2140 Abdul RAHIM ABDULLAH (BRU)
WCH2025-100m-M-PR-H1,9,9.0,0.202,0.2016,0.202,1.0,False,False,2927,2927,Titali KOLOMALU,TGA,Titali KOLOMALU,1.0,OK,1,1320.5,0.2058,-4.2,203.0,0.957,Lane9 | 0.202 sec | 2927 Titali KOLOMALU (TGA)
WCH2025-100m-M-PR-H2,1,1.0,,,,,False,False,,,,,,,,0,,,,,0.987,Lane1
WCH2025-100m-M-PR-H2,2,2.0,0.198,0.1983,0.198,1.0,False,False,2711,2711,Ty'ree LANGIDRIK,MHL,Ty'ree LANGIDRIK,1.0,OK,1,1318.5,0.2025,-4.2,134.0,0.944,Lane2 | 0.198 sec | 2711 Ty'ree LANGIDRIK (MHL)
WCH2025-100m-M-PR-H2,3,3.0,0.158,0.1583,0.158,1.0,False,False,2359,2359,Stanislaus KOSTKA,FSM,Stanislaus KOSTKA,1.0,OK,1,1294.5,0.1625,-4.2,149.0,0.979,Lane3 | 0.158 sec | 2359 Stanislaus KOSTKA (FSM)
WCH2025-100m-M-PR-H2,4,4.0,0.151,0.1517,0.151,1.0,False,True,2887,2887,Dylan SICOBO,SEY,Dylan SICOBO,1.0,OK,1,1290.5,0.1558,-4.2,196.0,0.913,Lane 4 | 0.151 sec (Quickest) | 2887 Dylan SICOBO (SEY)
WCH2025-100m-M-PR-H2,5,5.0,0.213,0.2133,0.213,1.0,False,False,2770,2770,Winzar KAKIOUEA,NRU,Winzar KAKIOUEA,1.0,OK,1,1327.5,0.2175,-4.2,177.0,0.969,Lane5 | 0.213 sec | 2770 Winzar KAKIOUEA (NRU)
WCH2025-100m-M-PR-H2,6,6.0,0.185,0.185,0.185,1.0,False,False,2493,2493,Saif AL RAMMAHI,IRQ,Saif AL RAMMAHI,1.0,OK,1,1310.5,0.1875,-2.5,166.0,0.931,Lane 6 | 0.185 sec | 2493 Saif AL RAMMAHI (IRQ)
WCH2025-100m-M-PR-H2,7,7.0,0.19,0.19,0.19,1.0,False,False,2214,2214,Olivier MWIMBA,COD,Olivier MWIMBA,1.0,OK,1,1313.5,0.1941,-4.2,175.0,0.984,Lane7 | 0.190 sec | 2214 Olivier MWIMBA (COD)
WCH2025-100m-M-PR-H2,8,8.0,0.242,0.2416,0.242,1.0,False,False,2786,2786,Tyson CHINN,PLW,Tyson CHINN,1.0,OK,1,1344.5,0.2441,-2.5,199.0,0.958,Lane8 | 0.242 sec | 2786 Tyson CHINN (PLW)
WCH2025-100m-M-PR-H2,9,9.0,0.211,0.2116,0.211,1.0,False,False,2444,2444,Sean PENALVER,GIB,Sean PENALVER,1.0,OK,1,1326.5,0.2158,-4.2,154.0,0.983,Lane9 | 0.211 sec | 2444 Sean PENALVER (GIB)
WCH2025-100m-M-PR-H3,1,1.0,,,,,False,False,,,,,,,,0,,,,,0.987,Lane1
WCH2025-100m-M-PR-H3,2,2.0,0.185,0.185,0.185,1.0,False,False,2930,2930,Manuel ATAIDE,TLS,Manuel ATAIDE,1.0,OK,1,1310.5,0.1891,-4.2,109.0,0.989,Lane2 | 0.185 sec | 2930 Manuel ATAIDE (TLS)
WCH2025-100m-M-PR-H3,3,3.0,0.175,0.175,0.175,1.0,False,False,2665,2665,Kenaz KANIWETE,KIR,Kenaz KANIWETE,1.0,OK,1,1304.5,0.1792,-4.2,154.0,0.994,Lane3 | 0.175 sec | 2665 Kenaz KANIWETE (KIR)
WCH2025-100m-M-PR-H3,4,4.0,0.169,0.1683,0.169,1.0,False,True,2702,2702,Hassan SAAID,MDV,Hassan SAAID,1.0,OK,1,1300.5,0.1725,-4.2,160.0,0.913,Lane 4 | 0.169 sec (Quickest) | 2702 Hassan SAAID (MDV)
WCH2025-100m-M-PR-H3,5,5.0,0.169,0.1683,0.169,1.0,False,True,2929,2929,Favoris MUZRAPOV,TJK,Favoris MUZRAPOV,1.0,OK,1,1300.5,0.1725,-4.2,190.0,0.958,Lane5 | 0.169 sec (Quickest) | 2929 Favoris MUZRAPOV (TJK)
WCH2025-100m-M-PR-H3,6,6.0,0.177,0.1767,0.177,1.0,False,False,2360,2360,Alieu JOOF,GAM,Alieu JOOF,1.0,OK,1,1305.5,0.1808,-4.2,184.0,0.931,Lane 6 | 0.177 sec | 2360 Alieu JOOF (GAM)
WCH2025-100m-M-PR-H3,7,7.0,0.216,0.2166,0.216,1.0,False,False,2071,2071,Kuron GRIFFITH,BAR,Kuron GRIFFITH,1.0,OK,1,1329.5,0.2208,-4.2,192.0,0.969,Lane7 | 0.216 sec | 2071 Kuron GRIFFITH (BAR)
WCH2025-100m-M-PR-H3,8,8.0,0.202,0.2016,0.202,1.0,False,False,,2755,,,Theodore Cleveland RODGERS,,OK,1,1320.5,0.2058,-4.2,191.0,0.82,Lane8 | 0.202 sec | 2755TheodoreClevelandRODGERS (NM)
WCH2025-100m-M-PR-H3,9,9.0,0.209,0.2083,0.209,1.0,False,False,2394,2394,Gregorio NDONG,GEQ,Gregorio NDONG,1.0,OK,1,1324.5,0.2108,-2.5,114.0,0.989,Lane9 | 0.209 sec | 2394 Gregorio NDONG (GEQ)
WCH2025-100m-M-R1-H1,1,1.0,,,,,False,False,,,,,,,,0,,,,,0.987,Lane1
WCH2025-100m-M-R1-H1,2,2.0,0.159,0.1583,0.159,1.0,False,False,,2581,,,Zaid Ashraf Omar AL-AWAMLEH,,OK,1,1294.5,0.1625,-4.2,180.0,0.947,Lane2 | 0.159 sec | 2581Zaid Ashraf OmarAL-AWAMLEH (JC
WCH2025-100m-M-R1-H1,3,3.0,0.151,0.1517,0.151,1.0,False,False,2726,2726,Taymir BURNET,NED,Taymir BURNET,1.0,OK,1,1290.5,0.1542,-2.5,181.0,0.978,Lane3 | 0.151 sec | 2726 Taymir BURNET (NED)
WCH2025-100m-M-R1-H1,4,4.0,0.135,0.135,0.135,1.0,False,True,2862,2862,Gift LEOTLELA,RSA,Gift LEOTLELA,1.0,OK,1,1280.5,0.1392,-4.2,211.0,0.913,Lane 4 | 0.135 sec (Quickest) | 2862 Gift LEOTLELA (RSA)
WCH2025-100m-M-R1-H1,5,5.0,0.176,0.1767,0.176,1.0,False,False,2375,2375,Romell GLAVE,GBR,Romell GLAVE,1.0,OK,1,1305.5,0.1808,-4.2,202.0,0.972,Lane5 | 0.176 sec | 2375 Romell GLAVE (GBR)
WCH2025-100m-M-R1-H1,6,6.0,0.286,0.2866,0.286,1.0,False,False,2571,2571,Oblique SEVILLE,JAM,Oblique SEVILLE,1.0,OK,1,1371.5,0.2907,-4.2,178.0,0.931,Lane 6 | 0.286 sec | 2571 Oblique SEVILLE (JAM)
WCH2025-100m-M-R1-H1,7,7.0,0.208,0.2083,0.208,1.0,False,False,2746,2746,Kayinsola AJAYI,NGR,Kayinsola AJAYI,1.0,OK,1,1324.5,0.2125,-4.2,191.0,0.978,Lane7 | 0.208 sec | 2746 Kayinsola AJAYI (NGR)
WCH2025-100m-M-R1-H1,8,8.0,0.227,0.2266,0.227,1.0,False,False,2886,2886,Mamadou Fall SARR,SEN,Mamadou Fall SARR,1.0,OK,1,1335.5,0.2308,-4.2,192.0,0.979,Lane8 | 0.227 sec | 2886 Mamadou Fall SARR (SEN)
WCH2025-100m-M-R1-H1,9,9.0,0.162,0.1617,0.162,1.0,False,False,2202,2202,Zhenye XIE,CHN,Zhenye XIE,1.0,OK,1,1296.5,0.1675,-5.8,196.0,0.961,Lane9 | 0.162 sec | 2202 Zhenye XIE (CHN)
WCH2025-100m-M-R1-H2,1,1.0,,,,,False,False,,,,,,,,0,,,,,0.987,Lane1
WCH2025-100m-M-R1-H2,2,2.0,0.134,0.1333,0.134,1.0,False,True,2252,2252,Simon HANSEN,DEN,Simon HANSEN,1.0,OK,1,1279.5,0.1375,-4.2,206.0,0.968,Lane2 | 0.134 sec (Quickest) | 2252 Simon HANSEN (DEN)
WCH2025-100m-M-R1-H2,3,3.0,0.186,0.1866,0.186,1.0,False,False,2145,2145,Eliezer ADJIBI,CAN,Eliezer ADJIBI,1.0,OK,1,1311.5,0.1908,-4.2,183.0,0.984,Lane3 | 0.186 sec | 2145 Eliezer ADJIBI (CAN)
WCH2025-100m-M-R1-H2,4,4.0,0.206,0.2066,0.206,1.0,False,False,2829,2829,Eloy BENITEZ,PUR,Eloy BENITEZ,1.0,OK,1,1323.5,0.2108,-4.2,203.0,0.913,Lane 4 | 0.206 sec | 2829 Eloy BENITEZ (PUR)
WCH2025-100m-M-R1-H2,5,5.0,0.154,0.1533,0.154,1.0,False,False,2574,2574,Kishane THOMPSON,JAM,Kishane THOMPSON,1.0,OK,1,1291.5,0.1575,-4.2,200.0,0.988,Lane5 | 0.154 sec | 2574 Kishane THOMPSON (JAM)
WCH2025-100m-M-R1-H2,6,6.0,0.161,0.1617,0.161,1.0,False,False,2218,2218,Ronal LONGA,COL,Ronal LONGA,1.0,OK,1,1296.5,0.1658,-4.2,194.0,0.931,Lane 6 | 0.161 sec | 2218 Ronal LONGA (COL)
WCH2025-100m-M-R1-H2,7,7.0,0.232,0.2316,0.232,1.0,False,False,2603,2603,Yuhi MORI,JPN,Yuhi MORI,1.0,OK,1,1338.5,0.2374,-5.8,201.0,0.949,Lane7 | 0.232 sec | 2603 Yuhi MORI (JPN)
WCH2025-100m-M-R1-H2,8,8.0,0.162,0.1617,0.162,1.0,False,False,2919,2919,Henrik LARSSON,SWE,Henrik LARSSON,1.0,OK,1,1296.5,0.1658,-4.2,193.0,0.989,Lane8 | 0.162 sec | 2919 Henrik LARSSON (SWE)
WCH2025-100m-M-R1-H2,9,9.0,0.193,0.1933,0.193,1.0,False,False,2702,2702,Hassan SAAID,MDV,Hassan SAAID,1.0,OK,1,1315.5,0.1975,-4.2,135.0,0.975,Lane9 | 0.193 sec | 2702 Hassan SAAID (MDV)
WCH2025-100m-M-R1-H3,1,1.0,,,,,False,False,,,,,,,,0,,,,,0.987,Lane1
WCH2025-100m-M-R1-H3,2,2.0,0.177,0.1767,0.177,1.0,False,False,2459,2459,Christopher BORZOR,HAI,Christopher BORZOR,1.0,OK,1,1305.5,0.1808,-4.2,214.0,0.966,Lane2 | 0.177 sec | 2459 Christopher BORZOR (HAI)
WCH2025-100m-M-R1-H3,3,3.0,0.216,0.2166,0.216,1.0,False,False,2778,2778,Ali AL BALUSHI,OMA,Ali AL BALUSHI,1.0,OK,1,1329.5,0.2208,-4.2,189.0,0.986,Lane3 | 0.216 sec | 2778 Ali AL BALUSHI (OMA)
WCH2025-100m-M-R1-H3,4,4.0,0.134,0.1333,0.134,1.0,False,True,2115,2115,Felipe BARDI,BRA,Felipe BARDI,1.0,OK,1,1279.5,0.1375,-4.2,198.0,0.913,Lane 4 | 0.134 sec (Quickest) | 2115 Felipe BARDI (BRA)
WCH2025-100m-M-R1-H3,5,5.0,0.187,0.1866,0.187,1.0,False,False,3016,3016,Noah LYLES,USA,Noah LYLES,1.0,OK,1,1311.5,0.1908,-4.2,216.0,0.964,Lane5 | 0.187 sec | 3016 Noah LYLES (USA)
WCH2025-100m-M-R1-H3,6,6.0,0.156,0.1567,0.156,1.0,False,False,2596,2596,Yoshihide KIRYU,JPN,Yoshihide KIRYU,1.0,OK,1,1293.5,0.1608,-4.2,202.0,0.954,Lane 6 | 0.156 sec | 2596 Yoshihide KIRYU (JPN)
WCH2025-100m-M-R1-H3,7,7.0,0.171,0.1717,0.171,1.0,False,False,2550,2550,Ackeem BLAKE,JAM,Ackeem BLAKE,1.0,OK,1,1302.5,0.1742,-2.5,209.0,0.978,Lane7 | 0.171 sec | 2550 Ackeem BLAKE (JAM)
WCH2025-100m-M-R1-H3,8,8.0,0.176,0.1767,0.176,1.0,False,False,2065,2065,Terrence JONES,BAH,Terrence JONES,1.0,OK,1,1305.5,0.1808,-4.2,196.0,0.974,Lane8 | 0.176 sec | 2065 Terrence JONES (BAH)
WCH2025-100m-M-R1-H3,9,9.0,0.184,0.1833,0.184,1.0,False,False,2071,2071,Kuron GRIFFITH,BAR,Kuron GRIFFITH,1.0,OK,1,1309.5,0.1875,-4.2,186.0,0.984,Lane9 | 0.184 sec | 2071 Kuron GRIFFITH (BAR)
WCH2025-100m-M-R1-H4,1,1.0,,,,,False,False,,,,,,,,0,,,,,0.987,Lane1
WCH2025-100m-M-R1-H4,2,2.0,0.159,0.1583,0.159,1.0,False,False,2929,2929,Favoris MUZRAPOV,TJK,Favoris MUZRAPOV,1.0,OK,1,1294.5,0.1625,-4.2,185.0,0.963,Lane2 | 0.159 sec | 2929 Favoris MUZRAPOV (TJK)
WCH2025-100m-M-R1-H4,3,3.0,0.162,0.1617,0.162,1.0,False,False,2028,2028,Rohan BROWNING,AUS,Rohan BROWNING,1.0,OK,1,1296.5,0.1658,-4.2,188.0,0.985,Lane3 | 0.162 sec | 2028 Rohan BROWNING (AUS)
WCH2025-100m-M-R1-H4,4,4.0,0.155,0.155,0.155,1.0,False,True,2362,2362,JeremiahAZU,GBR,Jeremiah AZU,1.0,OK,1,1292.5,0.1592,-4.2,179.0,0.913,Lane 4 | 0.155 sec (Quickest) | 2362JeremiahAZU (GBR)
WCH2025-100m-M-R1-H4,5,5.0,0.178,0.1783,0.178,1.0,False,False,2149,2149,Jerome BLAKE,CAN,Jerome BLAKE,1.0,OK,1,1306.5,0.1808,-2.5,197.0,0.95,Lane5 | 0.178 sec | 2149 Jerome BLAKE (CAN)
WCH2025-100m-M-R1-H4,6,6.0,0.191,0.1916,0.191,1.0,False,False,2976,2976,Kenneth BEDNAREK,USA,Kenneth BEDNAREK,1.0,OK,1,1314.5,0.1958,-4.2,210.0,0.931,Lane 6 | 0.191 sec | 2976 Kenneth BEDNAREK (USA)
WCH2025-100m-M-R1-H4,7,7.0,0.173,0.1733,0.173,1.0,False,False,2216,2216,Carlos FLOREZ ANGULO,COL,Carlos FLOREZ ANGULO,1.0,OK,1,1303.5,0.1775,-4.2,193.0,0.944,Lane7 | 0.173 sec | 2216 Carlos FLOREZ ANGULO (COL)
WCH2025-100m-M-R1-H4,8,8.0,0.194,0.1933,0.194,1.0,False,False,2399,2399,Owen ANSAH,GER,Owen ANSAH,1.0,OK,1,1315.5,0.1975,-4.2,183.0,0.989,Lane8 | 0.194 sec | 2399 Owen ANSAH (GER)
WCH2025-100m-M-R1-H4,9,9.0,0.215,0.215,0.215,1.0,False,False,2928,2928,Puripol BOONSON,THA,Puripol BOONSON,1.0,OK,1,1328.5,0.2175,-2.5,204.0,0.987,Lane9 | 0.215 sec | 2928 Puripol BOONSON (THA)
WCH2025-100m-M-R1-H5,1,1.0,,,,,False,False,,,,,,,,0,,,,,0.987,Lane1
WCH2025-100m-M-R1-H5,2,2.0,0.173,0.1733,0.173,1.0,False,False,2152,2152,Andre DE GRASSE,CAN,Andre DE GRASSE,1.0,OK,1,1303.5,0.1775,-4.2,207.0,0.954,Lane2 | 0.173 sec | 2152 Andre DE GRASSE (CAN)
WCH2025-100m-M-R1-H5,3,3.0,0.151,0.1517,0.151,1.0,False,True,2542,2542,Rikkoi BRATHWAITE,IVB,Rikkoi BRATHWAITE,1.0,OK,1,1290.5,0.1542,-2.5,209.0,0.984,Lane3 | 0.151 sec (Quickest) | 2542 Rikkoi BRATHWAITE (IVB)
WCH2025-100m-M-R1-H5,4,4.0,0.179,0.1783,0.179,1.0,False,False,2116,2116,Erik CARDOSO,BRA,Erik CARDOSO,1.0,OK,1,1306.5,0.1841,-5.8,205.0,0.913,Lane 4 | 0.179 sec | 2116 Erik CARDOSO (BRA)
WCH2025-100m-M-R1-H5,5,5.0,0.186,0.1866,0.186,1.0,False,False,3013,3013,Courtney LINDSEY,USA,Courtney LINDSEY,1.0,OK,1,1311.5,0.1908,-4.2,223.0,0.992,Lane5 | 0.186 sec | 3013 Courtney LINDSEY (USA)
WCH2025-100m-M-R1-H5,6,6.0,0.211,0.2116,0.211,1.0,False,False,2440,2440,Benjamin AZAMATI,GHA,Benjamin AZAMATI,1.0,OK,1,1326.5,0.2158,-4.2,204.0,0.954,Lane 6 | 0.211 sec | 2440 Benjamin AZAMATI (GHA)
WCH2025-100m-M-R1-H5,7,7.0,0.162,0.1617,0.162,1.0,False,False,2400,2400,LucaS ANSAH-PEPRAH,GER,Lucas ANSAH-PEPRAH,1.0,OK,1,1296.5,0.1658,-4.2,191.0,0.969,Lane7 | 0.162 sec | 2400 LucaS ANSAH-PEPRAH (GER)
WCH2025-100m-M-R1-H5,8,8.0,0.178,0.1783,0.178,1.0,False,False,2113,2113,Letsile TEBOGO,BOT,Letsile TEBOGO,1.0,OK,1,1306.5,0.1825,-4.2,208.0,0.956,Lane8 | 0.178 sec | 2113 Letsile TEBOGO (BOT)
WCH2025-100m-M-R1-H5,9,9.0,0.161,0.1617,0.161,1.0,False,False,2887,2887,Dylan SICOBO,SEY,Dylan SICOBO,1.0,OK,1,1296.5,0.1642,-2.5,200.0,0.944,Lane9 | 0.161 sec | 2887 Dylan SICOBO (SEY)
WCH2025-100m-M-R1-H6,1,1.0,,,,,False,False,,,,,,,,0,,,,,0.987,Lane1
WCH2025-100m-M-R1-H6,2,2.0,0.149,0.1483,0.149,1.0,False,False,2519,2519,Lamont Marcell JACOBS,ITA,Lamont Marcell JACOBS,1.0,OK,1,1288.5,0.1525,-4.2,199.0,0.945,Lane2 | 0.149 sec | 2519 Lamont Marcell JACOBS (ITA)
WCH2025-100m-M-R1-H6,3,3.0,0.143,0.1433,0.143,1.0,False,True,2752,2752,Israel OKON,NGR,Israel OKON,1.0,OK,1,1285.5,0.1475,-4.2,203.0,0.966,Lane3 | 0.143 sec (Quickest) | 2752 Israel OKON (NGR)
WCH2025-100m-M-R1-H6,4,4.0,0.17,0.17,0.17,1.0,False,False,2172,2172,Davonte HOWELL,CAY,Davonte HOWELL,1.0,OK,1,1301.5,0.1758,-5.8,199.0,0.913,Lane 4 | 0.170 sec | 2172Davonte HOWELL (CAY)
WCH2025-100m-M-R1-H6,5,5.0,0.157,0.1567,0.157,1.0,False,False,3042,3042,T'Mars MCCALLUM,USA,T'Mars MCCALLUM,1.0,OK,1,1293.5,0.1608,-4.2,218.0,0.974,Lane5 | 0.157 sec | 3042 T'Mars MCCALLUM (USA)
WCH2025-100m-M-R1-H6,6,6.0,0.172,0.1717,0.172,1.0,False,False,2864,2864,Retshidisitswe MLENGA,RSA,Retshidisitswe MLENGA,1.0,OK,1,1302.5,0.1758,-4.2,202.0,0.931,Lane 6 | 0.172 sec | 2864 Retshidisitswe MLENGA (RSA)
WCH2025-100m-M-R1-H6,7,7.0,0.169,0.1683,0.169,1.0,False,False,2380,2380,Zharnel HUGHES,GBR,Zharnel HUGHES,1.0,OK,1,1300.5,0.1725,-4.2,190.0,0.965,Lane7 | 0.169 sec | 2380 Zharnel HUGHES (GBR)
WCH2025-100m-M-R1-H6,8,8.0,0.159,0.1583,0.159,1.0,False,False,2023,2023,Joshua AZZOPARDI,AUS,Joshua AZZOPARDI,1.0,OK,1,1294.5,0.1625,-4.2,190.0,0.987,Lane8 | 0.159 sec | 2023 Joshua AZZOPARDI (AUS)
WCH2025-100m-M-R1-H6,9,9.0,0.18,0.18,0.18,1.0,False,False,2360,2360,Alieu JOOF,GAM,Alieu JOOF,1.0,OK,1,1307.5,0.1841,-4.2,172.0,0.936,Lane9 | 0.180 sec | 2360 Alieu JOOF (GAM)
WCH2025-100m-M-R1-H7,1,1.0,,,,,False,False,,,,,,,,0,,,,,0.983,Lane1
WCH2025-100m-M-R1-H7,2,2.0,0.183,0.1833,0.183,1.0,False,False,2493,2493,Saif AL RAMMAHI,IRQ,Saif AL RAMMAHI,1.0,OK,1,1309.5,0.1875,-4.2,160.0,0.965,Lane2 | 0.183 sec | 2493 Saif AL RAMMAHI (IRQ)
WCH2025-100m-M-R1-H7,3,3.0,0.155,0.155,0.155,1.0,False,True,2180,2180,Xinrui DENG,CHN,Xinrui DENG,1.0,OK,1,1292.5,0.1592,-4.2,202.0,0.984,Lane3 | 0.155 sec (Quickest) | 2180 Xinrui DENG (CHN)
WCH2025-100m-M-R1-H7,4,4.0,0.164,0.1633,0.164,1.0,False,False,2873,2873,Akani SIMBINE,RSA,Akani SIMBINE,1.0,OK,1,1297.5,0.1675,-4.2,201.0,0.989,Lane4 | 0.164 sec | 2873 Akani SIMBINE (RSA)
WCH2025-100m-M-R1-H7,5,5.0,0.175,0.175,0.175,1.0,False,False,2213,2213,Emmanuel ESEME,CMR,Emmanuel ESEME,1.0,OK,1,1304.5,0.1775,-2.5,210.0,0.945,Lane5 | 0.175 sec | 2213 Emmanuel ESEME (CMR)
WCH2025-100m-M-R1-H7,6,6.0,0.156,0.1567,0.156,1.0,False,False,2656,2656,Ferdinand OMANYALA,KEN,Ferdinand OMANYALA,1.0,OK,1,1293.5,0.1608,-4.2,180.0,0.98,Lane6 | 0.156 sec | 2656 Ferdinand OMANYALA (KEN)
WCH2025-100m-M-R1-H7,7,7.0,0.188,0.1883,0.188,1.0,False,False,2443,2443,Abdul-Rasheed SAMINU,GHA,Abdul-Rasheed SAMINU,1.0,OK,1,1312.5,0.1908,-2.5,207.0,0.966,Lane7 | 0.188 sec | 2443 Abdul-Rasheed SAMINU (GHA)
WCH2025-100m-M-R1-H7,8,8.0,0.182,0.1816,0.182,1.0,False,False,2720,2720,Elvis AFRIFA,NED,Elvis AFRIFA,1.0,OK,1,1308.5,0.1858,-4.2,200.0,0.959,Lane8 | 0.182 sec | 2720 Elvis AFRIFA (NED)
WCH2025-100m-M-R1-H7,9,9.0,0.219,0.2183,0.219,1.0,False,False,2612,2612,Abdul Hakim SANI BROWN,JPN,Abdul Hakim SANI BROWN,1.0,OK,1,1330.5,0.2225,-4.2,192.0,0.986,Lane9 | 0.219 sec | 2612 Abdul Hakim SANI BROWN (JPN)
WCH2025-100m-M-SF-H1,1,1.0,,,,,False,False,,,,,,,,0,,,,,0.987,Lane1
WCH2025-100m-M-SF-H1,2,2.0,0.134,0.1333,0.134,1.0,False,True,2519,2519,Lamont Marcell JACOBS,ITA,Lamont Marcell JACOBS,1.0,OK,1,1279.5,0.1375,-4.2,203.0,0.97,Lane2 | 0.134 sec (Quickest) | 2519Lamont Marcell JACOBS (ITA)
WCH2025-100m-M-SF-H1,3,3.0,0.166,0.1667,0.166,1.0,False,False,2145,2145,Eliezer ADJIBI,CAN,Eliezer ADJIBI,1.0,OK,1,1299.5,0.1708,-4.2,189.0,0.995,Lane3 | 0.166 sec | 2145 Eliezer ADJIBI (CAN)
WCH2025-100m-M-SF-H1,4,4.0,0.172,0.1717,0.172,1.0,False,False,2550,2550,Ackeem BLAKE,JAM,Ackeem BLAKE,1.0,OK,1,1302.5,0.1758,-4.2,203.0,0.913,Lane 4 | 0.172 sec | 2550 Ackeem BLAKE (JAM)
WCH2025-100m-M-SF-H1,5,5.0,0.193,0.1933,0.193,1.0,False,False,3016,3016,Noah LYLES,USA,Noah LYLES,1.0,OK,1,1315.5,0.1975,-4.2,215.0,0.955,Lane5 | 0.193 sec | 3016 Noah LYLES (USA)
WCH2025-100m-M-SF-H1,6,6.0,0.157,0.1567,0.157,1.0,False,False,2873,2873,Akani SIMBINE,RSA,Akani SIMBINE,1.0,OK,1,1293.5,0.1608,-4.2,195.0,0.954,Lane 6 | 0.157 sec | 2873 Akani SIMBINE (RSA)
WCH2025-100m-M-SF-H1,7,7.0,0.182,0.1816,0.182,1.0,False,False,2746,2746,Kayinsola AJAYI,NGR,Kayinsola AJAYI,1.0,OK,1,1308.5,0.1858,-4.2,191.0,0.972,Lane7 | 0.182 sec | 2746 Kayinsola AJAYI (NGR)
WCH2025-100m-M-SF-H1,8,8.0,0.155,0.155,0.155,1.0,False,False,2362,2362,Jeremiah AZU,GBR,Jeremiah AZU,1.0,OK,1,1292.5,0.1592,-4.2,179.0,0.975,Lane8 | 0.155 sec | 2362 Jeremiah AZU (GBR)
WCH2025-100m-M-SF-H1,9,9.0,0.186,0.1866,0.186,1.0,False,False,2720,2720,Elvis AFRIFA,NED,Elvis AFRIFA,1.0,OK,1,1311.5,0.1908,-4.2,203.0,0.957,Lane9 | 0.186 sec | 2720 Elvis AFRIFA (NED)
WCH2025-100m-M-SF-H2,1,1.0,,,,,False,False,,,,,,,,0,,,,,0.987,Lane1
WCH2025-100m-M-SF-H2,2,2.0,0.15,0.15,0.15,1.0,False,False,2218,2218,Ronal LONGA,COL,Ronal LONGA,1.0,OK,1,1289.5,0.1542,-4.2,189.0,0.97,Lane2 | 0.150 sec | 2218 Ronal LONGA (COL)
WCH2025-100m-M-SF-H2,3,3.0,0.15,0.15,0.15,1.0,False,False,2656,2656,Ferdinand OMANYALA,KEN,Ferdinand OMANYALA,1.0,OK,1,1289.5,0.1542,-4.2,182.0,0.962,Lane3 | 0.150 sec | 2656 Ferdinand OMANYALA (KEN)
WCH2025-100m-M-SF-H2,4,4.0,0.16,0.16,0.16,1.0,False,False,2976,2976,Kenneth BEDNAREK,USA,Kenneth BEDNAREK,1.0,OK,1,1295.5,0.1642,-4.2,215.0,0.913,Lane 4 | 0.160 sec | 2976 Kenneth BEDNAREK (USA)
WCH2025-100m-M-SF-H2,5,5.0,0.16,0.16,0.16,1.0,False,False,2574,2574,Kishane THOMPSON,JAM,Kishane THOMPSON,1.0,OK,1,1295.5,0.1642,-4.2,197.0,0.991,Lane5 | 0.160 sec | 2574 Kishane THOMPSON (JAM)
WCH2025-100m-M-SF-H2,6,6.0,0.146,0.1467,0.146,1.0,False,True,2380,2380,Zharnel HUGHES,GBR,Zharnel HUGHES,1.0,OK,1,1287.5,0.1508,-4.2,192.0,0.931,Lane 6 | 0.146 sec (Quickest) | 2380 Zharnel HUGHES (GBR)
WCH2025-100m-M-SF-H2,7,7.0,0.194,0.1933,0.194,1.0,False,False,2149,2149,Jerome BLAKE,CAN,Jerome BLAKE,1.0,OK,1,1315.5,0.1975,-4.2,196.0,0.96,Lane7 | 0.194 sec | 2149 Jerome BLAKE (CAN)
WCH2025-100m-M-SF-H2,8,8.0,0.201,0.2016,0.201,1.0,False,False,2065,2065,Terrence JONES,BAH,Terrence JONES,1.0,OK,1,1320.5,0.2058,-4.2,199.0,0.98,Lane8 | 0.201 sec | 2065 Terrence JONES (BAH)
WCH2025-100m-M-SF-H2,9,9.0,0.206,0.2066,0.206,1.0,False,False,2928,2928,Puripol BOONSON,THA,Puripol BOONSON,1.0,OK,1,1323.5,0.2108,-4.2,202.0,0.989,Lane9 | 0.206 sec | 2928 Puripol BOONSON (THA)
WCH2025-100m-M-SF-H3,1,1.0,,,,,False,False,,,,,,,,0,,,,,0.985,Lane1
WCH2025-100m-M-SF-H3,2,2.0,0.182,0.1816,0.182,1.0,False,False,2375,2375,Romell GLAVE,GBR,Romell GLAVE,1.0,OK,1,1308.5,0.1858,-4.2,190.0,0.951,Lane2 | 0.182 sec | 2375 Romell GLAVE (GBR)
WCH2025-100m-M-SF-H3,3,3.0,0.148,0.1483,0.148,1.0,False,True,2152,2152,Andre DE GRASSE,CAN,Andre DE GRASSE,1.0,OK,1,1288.5,0.1525,-4.2,207.0,0.916,Lane 3 | 0.148 sec (Quickest) | 2152 Andre DE GRASSE (CAN)
WCH2025-100m-M-SF-H3,4,4.0,0.166,0.1667,0.166,1.0,False,False,2862,2862,Gift LEOTLELA,RSA,Gift LEOTLELA,1.0,OK,1,1299.5,0.1708,-4.2,212.0,0.988,Lane4 | 0.166 sec | 2862 Gift LEOTLELA (RSA)
WCH2025-100m-M-SF-H3,5,5.0,0.164,0.1633,0.164,1.0,False,False,2113,2113,Letsile TEBOGO,BOT,Letsile TEBOGO,1.0,OK,1,1297.5,0.1675,-4.2,215.0,0.977,Lane5 | 0.164 sec | 2113 Letsile TEBOGO (BOT)
WCH2025-100m-M-SF-H3,6,6.0,0.196,0.1966,0.196,1.0,False,False,2443,2443,Abdul-Rasheed SAMINU,GHA,Abdul-Rasheed SAMINU,1.0,OK,1,1317.5,0.2008,-4.2,208.0,0.935,Lane 6 | 0.196 sec | 2443 Abdul-Rasheed SAMINU (GHA)
WCH2025-100m-M-SF-H3,7,7.0,0.183,0.1833,0.183,1.0,False,False,2752,2752,Israel OKON,NGR,Israel OKON,1.0,OK,1,1309.5,0.1875,-4.2,203.0,0.943,Lane7 | 0.183 sec | 2752 Israel OKON (NGR)
WCH2025-100m-M-SF-H3,8,8.0,0.174,0.1733,0.174,1.0,False,False,2571,2571,Oblique SEVILLE,JAM,Oblique SEVILLE,1.0,OK,1,1303.5,0.1775,-4.2,205.0,0.91,Lane 8 | 0.174 sec | 2571 Oblique SEVILLE (JAM)
WCH2025-100m-M-SF-H3,9,9.0,0.199,0.1983,0.199,1.0,False,False,3013,3013,Courtney LINDSEY,USA,Courtney LINDSEY,1.0,OK,1,1318.5,0.2025,-4.2,217.0,0.979,Lane9 | 0.199 sec | 3013 Courtney LINDSEY (USA)
WCH2025-100m-W-F-H1,1,1.0,,,,,False,False,,,,,,,,0,,,,,0.987,Lane1
WCH2025-100m-W-F-H1,2,2.0,0.178,0.1783,0.178,1.0,False,False,1439,1439,Sha'Carri RICHARDSON,USA,Sha'Carri RICHARDSON,1.0,OK,1,1306.5,0.1808,-2.5,175.0,0.983,Lane2 | 0.178 sec | 1439 Sha'Carri RICHARDSON (USA)
WCH2025-100m-W-F-H1,3,3.0,0.18,0.18,0.18,1.0,False,False,1028,1028,Shericka JACKSON,JAM,Shericka JACKSON,1.0,OK,1,1307.5,0.1841,-4.2,201.0,0.969,Lane3 | 0.180 sec | 1028 Shericka JACKSON (JAM)
WCH2025-100m-W-F-H1,4,4.0,0.173,0.1733,0.173,1.0,False,False,1414,1414,Melissa JEFFERSON-WOODEN,USA,Melissa JEFFERSON-WOODEN,1.0,OK,1,1303.5,0.1792,-5.8,149.0,0.913,Lane 4 | 0.173 sec | 1414 Melissa JEFFERSON-WOODEN (USA
WCH2025-100m-W-F-H1,5,5.0,0.169,0.1683,0.169,1.0,False,True,1106,1106,JulienALFRED,LCA,Julien ALFRED,1.0,OK,1,1300.5,0.1708,-2.5,165.0,0.976,Lane5 | 0.169 sec (Quickest) | 1106JulienALFRED (LCA)
WCH2025-100m-W-F-H1,6,6.0,0.203,0.2033,0.203,1.0,False,False,1020,1020,Tina CLAYTON,JAM,Tina CLAYTON,1.0,OK,1,1321.5,0.2075,-4.2,208.0,0.931,Lane 6 | 0.203 sec | 1020 Tina CLAYTON (JAM)
WCH2025-100m-W-F-H1,7,7.0,0.202,0.2016,0.202,1.0,False,False,690,690,Marie-Josée TA LOU-SMITH,CIV,Marie-Josée TA LOU-SMITH,1.0,OK,1,1320.5,0.2041,-2.5,131.0,0.96,Lane7 | 0.202 sec | 690 Marie-Josée TA LOU-SMITH (CIV)
WCH2025-100m-W-F-H1,8,8.0,0.195,0.195,0.195,1.0,False,False,1024,1024,Shelly-Ann FRASER-PRYCE,JAM,Shelly-Ann FRASER-PRYCE,1.0,OK,1,1316.5,0.1991,-4.2,138.0,0.963,Lane8 | 0.195 sec | 1024 Shelly-Ann FRASER-PRYCE (JAM)
WCH2025-100m-W-F-H1,9,9.0,0.186,0.1866,0.186,1.0,False,False,852,852,Dina ASHER-SMITH,GBR,Dina ASHER-SMITH,1.0,OK,1,1311.5,0.1908,-4.2,176.0,0.984,Lane9 | 0.186 sec | 852 Dina ASHER-SMITH (GBR)
WCH2025-100m-W-R1-H1,1,1.0,0.172,0.1717,0.172,1.0,False,False,1335,1335,Valentina MEREDOVA,TKM,Valentina MEREDOVA,1.0,OK,1,1302.5,0.1742,-2.5,94.0,0.957,Lane1 | 0.172 sec | 1335 Valentina MEREDOVA (TKM)
WCH2025-100m-W-R1-H1,2,2.0,0.265,0.2649,0.265,1.0,False,False,1100,1100,Lujain Ibrahim ALHUMAID,KSA,Lujain Ibrahim ALHUMAID,1.0,OK,1,1358.5,0.2691,-4.2,110.0,0.952,Lane2 | 0.265 sec | 1100 Lujain Ibrahim ALHUMAID  (KSA)
WCH2025-100m-W-R1-H1,3,3.0,0.185,0.185,0.185,1.0,False,False,913,913,Lisa MAYER,GER,Lisa MAYER,1.0,OK,1,1310.5,0.1891,-4.2,97.0,0.982,Lane3 | 0.185 sec | 913 Lisa MAYER (GER)
WCH2025-100m-W-R1-H1,4,4.0,0.161,0.1617,0.161,1.0,False,True,1293,1293,Géraldine FREY,SUI,Géraldine FREY,1.0,OK,1,1296.5,0.1658,-4.2,86.0,0.913,Lane 4 | 0.161 sec (Quickest) | 1293 Géraldine FREY (SUI)
WCH2025-100m-W-R1-H1,5,5.0,0.199,0.1983,0.199,1.0,False,False,631,631,Sade MCCREATH,CAN,Sade MCCREATH,1.0,OK,1,1318.5,0.2008,-2.5,121.0,0.979,Lane5 | 0.199 sec | 631 Sade MCCREATH (CAN)
WCH2025-100m-W-R1-H1,6,6.0,0.191,0.1916,0.191,1.0,False,False,1414,1414,Melissa JEFFERSON-WOODEN,USA,Melissa JEFFERSON-WOODEN,1.0,OK,1,1314.5,0.1958,-4.2,98.0,0.931,Lane 6 | 0.191 sec | 1414 Melissa JEFFERSON-WOODEN(USA
WCH2025-100m-W-R1-H1,7,7.0,0.191,0.1916,0.191,1.0,False,False,1185,1185,Zoe HOBBS,NZL,Zoe HOBBS,1.0,OK,1,1314.5,0.1958,-4.2,164.0,0.977,Lane7 | 0.191 sec | 1185 Zoe HOBBS (NZL)
WCH2025-100m-W-R1-H1,8,8.0,0.191,0.1916,0.191,1.0,False,False,543,543,Bree RIZZO,AUS,Bree RIZZO,1.0,OK,1,1314.5,0.1958,-4.2,132.0,0.988,Lane8 | 0.191 sec | 543 Bree RIZZO (AUS)
WCH2025-100m-W-R1-H1,9,9.0,0.183,0.1833,0.183,1.0,False,False,1320,1320,Julia HENRIKSSON,SWE,Julia HENRIKSSON,1.0,OK,1,1309.5,0.1725,10.8,52.0,0.984,Lane9 | 0.183 sec | 1320 Julia HENRIKSSON (SWE)
WCH2025-100m-W-R1-H2,1,1.0,0.185,0.185,0.185,1.0,False,False,578,578,Rani ROSIUS,BEL,Rani ROSIUS,1.0,OK,1,1310.5,0.1725,12.5,155.0,0.945,Lane1 | 0.185 sec | 578 Rani ROSIUS (BEL)
WCH2025-100m-W-R1-H2,2,2.0,0.194,0.1933,0.194,1.0,False,False,1337,1337,Fayza ISSAKA ABDOUKERIM,TOG,Fayza ISSAKA ABDOUKERIM,1.0,OK,1,1315.5,0.1858,7.5,110.0,0.992,Lane2 | 0.194 sec | 1337 Fayza ISSAKA ABDOUKERIM (TOG)
WCH2025-100m-W-R1-H2,3,3.0,0.197,0.1966,0.197,1.0,False,False,1231,1231,Lorene Dorcas BAZOLO,POR,Lorène Dorcas BAZOLO,0.0,OK,1,1317.5,0.2025,-5.8,107.0,0.951,Lane3 | 0.197 sec | 1231 Lorene Dorcas BAZOLO  (POR)
WCH2025-100m-W-R1-H2,4,4.0,0.171,0.1717,0.171,1.0,False,True,1222,1222,Ewa SWOBODA,POL,Ewa SWOBODA,1.0,OK,1,1302.5,0.1758,-4.2,114.0,0.913,Lane 4 | 0.171 sec (Quickest) | 1222 Ewa SWOBODA (POL)
WCH2025-100m-W-R1-H2,5,5.0,0.188,0.1883,0.188,1.0,False,False,1020,1020,Tina CLAYTON,JAM,Tina CLAYTON,1.0,OK,1,1312.5,0.1925,-4.2,175.0,0.992,Lane5 | 0.188 sec | 1020 Tina CLAYTON (JAM)
WCH2025-100m-W-R1-H2,6,6.0,0.175,0.175,0.175,1.0,False,False,852,852,Dina ASHER-SMITH,GBR,Dina ASHER-SMITH,1.0,OK,1,1304.5,0.1792,-4.2,143.0,0.931,Lane 6 | 0.175 sec | 852 Dina ASHER-SMITH (GBR)
WCH2025-100m-W-R1-H2,7,7.0,0.251,0.2516,0.251,1.0,False,False,1164,1164,Rosemary CHUKWUMA,NGR,Rosemary CHUKWUMA,1.0,OK,1,1350.5,0.2558,-4.2,90.0,0.953,Lane7 | 0.251 sec | 1164 Rosemary CHUKWUMA (NGR)
WCH2025-100m-W-R1-H2,8,8.0,0.191,0.1916,0.191,1.0,False,False,724,724,Karolina MANASOVA,CZE,Karolína MAŇASOVÁ,0.0,OK,1,1314.5,0.1858,5.8,122.0,0.952,Lane8 | 0.191 sec | 724 Karolina MANASOVA (CZE)
WCH2025-100m-W-R1-H2,9,9.0,0.258,0.2583,0.258,1.0,False,False,694,694,Estelle SHORT,COK,Estelle SHORT,1.0,OK,1,1354.5,0.2474,10.8,69.0,0.964,Lane9 | 0.258 sec | 694 Estelle SHORT (COK)
WCH2025-100m-W-R1-H3,1,1.0,,,,,False,False,,,,,,,,0,,,,,0.987,Lane1
WCH2025-100m-W-R1-H3,2,2.0,0.172,0.1717,0.172,1.0,False,True,850,850,Pierrick-linda MOULIN,GAB,Pierrick-linda MOULIN,1.0,OK,1,1302.5,0.1758,-4.2,152.0,0.966,Lane2 | 0.172 sec (Quickest) | 850 Pierrick-linda MOULIN (GAB)
WCH2025-100m-W-R1-H3,3,3.0,0.198,0.1983,0.198,1.0,False,False,692,692,Herverge Etame KOLE,CMR,Herverge Etame KOLE,1.0,OK,1,1318.5,0.2008,-2.5,108.0,0.945,Lane3 | 0.198 sec | 692 Herverge Etame KOLE (CMR)
WCH2025-100m-W-R1-H3,4,4.0,0.19,0.19,0.19,1.0,False,False,557,557,Anthaya CHARLTON,BAH,Anthaya CHARLTON,1.0,OK,1,1313.5,0.1758,14.2,85.0,0.913,Lane 4 | 0.190 sec | 557 Anthaya CHARLTON (BAH)
WCH2025-100m-W-R1-H3,5,5.0,0.172,0.1717,0.172,1.0,False,True,1028,1028,Shericka JACKSON,JAM,Shericka JACKSON,1.0,OK,1,1302.5,0.1758,-4.2,138.0,0.983,Lane5 | 0.172 sec (Quickest) | 1028 Shericka JACKSON (JAM)
WCH2025-100m-W-R1-H3,6,6.0,0.215,0.215,0.215,1.0,False,False,909,909,Gina LUCKENKEMPER,GER,Gina LÜCKENKEMPER,0.0,OK,1,1328.5,0.2191,-4.2,153.0,0.931,Lane 6 | 0.215 sec | 909 Gina LUCKENKEMPER (GER)
WCH2025-100m-W-R1-H3,7,7.0,0.207,0.2066,0.207,1.0,False,False,1439,1439,Sha'Carri RICHARDSON,USA,Sha'Carri RICHARDSON,1.0,OK,1,1323.5,0.2108,-4.2,133.0,0.974,Lane7 | 0.207 sec | 1439 Sha'Carri RICHARDSON (USA)
WCH2025-100m-W-R1-H3,8,8.0,0.176,0.1767,0.176,1.0,False,False,533,533,Torrie LEWIS,AUS,Torrie LEWIS,1.0,OK,1,1305.5,0.1808,-4.2,99.0,0.989,Lane8 | 0.176 sec | 533 Torrie LEWIS (AUS)
WCH2025-100m-W-R1-H3,9,9.0,0.192,0.1916,0.192,1.0,False,False,648,648,Natacha NGOYE,CGO,Natacha NGOYE,1.0,OK,1,1314.5,0.1958,-4.2,88.0,0.989,Lane9 | 0.192 sec | 648 Natacha NGOYE (CGO)
WCH2025-100m-W-R1-H4,1,1.0,0.192,0.1916,0.192,1.0,False,False,1457,1457,Chloe DAVID,VAN,Chloe DAVID,1.0,OK,1,1314.5,0.1958,-4.2,100.0,0.985,Lane1 | 0.192 sec | 1457 Chloe DAVID (VAN)
WCH2025-100m-W-R1-H4,2,2.0,0.247,0.2466,0.247,1.0,False,False,590,590,Nyasha HARRIS,BIZ,Nyasha HARRIS,1.0,OK,1,1347.5,0.2508,-4.2,75.0,0.974,Lane2 | 0.247 sec | 590 Nyasha HARRIS (BIZ)
WCH2025-100m-W-R1-H4,3,3.0,0.16,0.16,0.16,1.0,False,True,1299,1299,Salomé KORA,SUI,Salomé KORA,1.0,OK,1,1295.5,0.1642,-4.2,168.0,0.979,Lane3 | 0.160 sec (Quickest) | 1299 Salomé KORA (SUI)
WCH2025-100m-W-R1-H4,4,4.0,0.189,0.1883,0.189,1.0,False,False,561,561,Camille RUTHERFORD,BAH,Camille RUTHERFORD,1.0,OK,1,1312.5,0.1908,-2.5,122.0,0.913,Lane 4 | 0.189 sec | 561 Camille RUTHERFORD (BAH)
WCH2025-100m-W-R1-H4,5,5.0,0.188,0.1883,0.188,1.0,False,False,627,627,Audrey LEDUC,CAN,Audrey LEDUC,1.0,OK,1,1312.5,0.1925,-4.2,104.0,0.95,Lane5 | 0.188 sec | 627 Audrey LEDUC (CAN)
WCH2025-100m-W-R1-H4,6,6.0,0.182,0.1816,0.182,1.0,False,False,1106,1106,Julien ALFRED,LCA,Julien ALFRED,1.0,OK,1,1308.5,0.1675,14.2,99.0,0.954,Lane 6 | 0.182 sec | 1106 Julien ALFRED (LCA)
WCH2025-100m-W-R1-H4,7,7.0,0.191,0.1916,0.191,1.0,False,False,689,689,Maboundou KONE,CIV,Maboundou KONÉ,0.0,OK,1,1314.5,0.1941,-2.5,98.0,0.977,Lane7 | 0.191 sec | 689 Maboundou KONE (CIV)
WCH2025-100m-W-R1-H4,8,8.0,0.183,0.1833,0.183,1.0,False,False,699,699,Marlet OSPINO,COL,Marlet OSPINO,1.0,OK,1,1309.5,0.1875,-4.2,134.0,0.968,Lane8 | 0.183 sec | 699 Marlet OSPINO (COL)
WCH2025-100m-W-R1-H4,9,9.0,0.216,0.2166,0.216,1.0,False,False,927,927,Polyniki EMMANOUILIDOU,GRE,Polyniki EMMANOUILIDOU,1.0,OK,1,1329.5,0.2008,15.8,90.0,0.972,Lane9 | 0.216 sec | 927 Polyniki EMMANOUILIDOU (GRE)
WCH2025-100m-W-R1-H5,1,1.0,0.159,0.1583,0.159,1.0,False,False,1279,1279,Alessandra GASPARELLI,SMR,Alessandra GASPARELLI,1.0,OK,1,1294.5,0.1608,-2.5,74.0,0.862,Lane 1. | 0.159 sec | 1279 Alessandra GASPARELLI (SMR)
WCH2025-100m-W-R1-H5,2,2.0,0.151,0.1517,0.151,1.0,False,True,518,518,EIla CONNOLLY,AUS,Ella CONNOLLY,0.0,OK,1,1290.5,0.1542,-2.5,131.0,0.877,Lane 2: | 0.151 sec (Quickest) | 518 EIla CONNOLLY (AUS)
WCH2025-100m-W-R1-H5,3,3.0,0.182,0.1816,0.182,1.0,False,False,593,593,Ana Carolina AZEVEDO,BRA,Ana Carolina AZEVEDO,1.0,OK,1,1308.5,0.1858,-4.2,161.0,0.944,Lane3: | 0.182 sec | 593 Ana Carolina AZEVEDO (BRA)
WCH2025-100m-W-R1-H5,4,4.0,0.182,0.1816,0.182,1.0,False,False,1449,1449,Twanisha TERRY,USA,Twanisha TERRY,1.0,OK,1,1308.5,0.1858,-4.2,151.0,0.941,Lane 4. | 0.182 sec | 1449 Twanisha TERRY (USA)
WCH2025-100m-W-R1-H5,5,5.0,0.17,0.17,0.17,1.0,False,False,870,870,Daryll NEITA（,GBR,Daryll NEITA,1.0,OK,1,1301.5,0.1742,-4.2,127.0,0.929,Lane5 | 0.170 sec | 870Daryll NEITA（ (GBR)
WCH2025-100m-W-R1-H5,6,,0.21,0.21,0.21,1.0,False,False,944,944,Boglarka TAKACS,HUN,Boglárka TAKÁCS,0.0,OK,1,1325.5,0.1908,19.2,76.0,0.891,Lane Ei | 0.210 sec | 944 Boglarka TAKACS (HUN)
WCH2025-100m-W-R1-H5,7,7.0,0.198,0.1983,0.198,1.0,False,False,1104,1104,ThelmaDAVIES,LBR,Thelma DAVIES,1.0,OK,1,1318.5,0.2008,-2.5,167.0,0.882,Lane 7' | 0.198 sec | 1104ThelmaDAVIES (LBR)
WCH2025-100m-W-R1-H5,8,,0.187,0.1866,0.187,1.0,False,False,670,670,Xiaojing LIANG,CHN,Xiaojing LIANG,1.0,OK,1,1311.5,0.1925,-5.8,86.0,0.837,Lane &: | 0.187 sec | 670 Xiaojing LIANG (CHN)
WCH2025-100m-W-R1-H5,9,,,,,,False,False,1333,1333,Alisar YOUSSEF,SYR,Alisar YOUSSEF,1.0,DNS,0,,,,,0.941,LaneS | 1333 Alisar YOUSSEF (SYR)
WCH2025-100m-W-R1-H6,1,1.0,0.194,0.1933,0.194,1.0,False,False,937,937,Rori LOWE,HON,Rori LOWE,1.0,OK,1,1315.5,0.1708,22.5,110.0,0.965,Lane1 | 0.194 sec | 937 Rori LOWE (HON)
WCH2025-100m-W-R1-H6,2,2.0,0.175,0.175,0.175,1.0,False,False,1465,1465,Edna NGANDULA,ZAM,Edna NGANDULA,1.0,OK,1,1304.5,0.1775,-2.5,157.0,0.972,Lane2 | 0.175 sec | 1465 Edna NGANDULA (ZAM)
WCH2025-100m-W-R1-H6,3,3.0,0.157,0.1567,0.157,1.0,False,True,1311,1311,ViktOriaFORSTER,SVK,Viktória FORSTER,0.0,OK,1,1293.5,0.1608,-4.2,109.0,0.96,Lane3 | 0.157 sec (Quickest) | 1311ViktOriaFORSTER  (SVK)
WCH2025-100m-W-R1-H6,4,4.0,0.193,0.1933,0.193,1.0,False,False,984,984,Zaynab DOSSO,ITA,Zaynab DOSSO,1.0,OK,1,1315.5,0.1975,-4.2,165.0,0.913,Lane 4 | 0.193 sec | 984 Zaynab DOSSO (ITA)
WCH2025-100m-W-R1-H6,5,5.0,0.168,0.1683,0.168,1.0,False,False,1450,1450,Kayla WHITE,USA,Kayla WHITE,1.0,OK,1,1300.5,0.1725,-4.2,200.0,0.985,Lane5 | 0.168 sec | 1450 Kayla WHITE (USA)
WCH2025-100m-W-R1-H6,6,6.0,0.165,0.165,0.165,1.0,False,False,1339,1339,Leah BERTRAND,TTO,Leah BERTRAND,1.0,OK,1,1298.5,0.1692,-4.2,119.0,0.954,Lane 6 | 0.165 sec | 1339 Leah BERTRAND (TTO)
WCH2025-100m-W-R1-H6,7,7.0,0.19,0.19,0.19,1.0,False,False,862,862,Amy HUNT,GBR,Amy HUNT,1.0,OK,1,1313.5,0.1958,-5.8,122.0,0.944,Lane7 | 0.190 sec | 862 Amy HUNT (GBR)
WCH2025-100m-W-R1-H6,8,8.0,0.18,0.18,0.18,1.0,False,False,1105,1105,Destiny SMITH-BARNETT,LBR,Destiny SMITH-BARNETT,1.0,OK,1,1307.5,0.1841,-4.2,126.0,0.985,Lane8 | 0.180 sec | 1105 Destiny SMITH-BARNETT (LBR)
WCH2025-100m-W-R1-H6,9,9.0,0.239,0.2383,0.239,1.0,False,False,1287,1287,Gorete SEMEDO,STP,Gorete SEMEDO,1.0,OK,1,1342.5,0.2208,17.5,117.0,0.968,Lane9 | 0.239 sec | 1287 Gorete SEMEDO (STP)
WCH2025-100m-W-R1-H7,1,1.0,,,,,False,False,,,,,,,,0,,,,,0.987,Lane1
WCH2025-100m-W-R1-H7,2,2.0,0.2,0.2,0.2,1.0,False,False,500,500,Tri-Tania LOWE,AIA,Tri-Tania LOWE,1.0,OK,1,1319.5,0.2041,-4.2,106.0,0.975,Lane2 | 0.200sec | 500 Tri-Tania LOWE (AIA)
WCH2025-100m-W-R1-H7,3,3.0,0.247,0.2466,0.247,1.0,False,False,914,914,Sina MAYER,GER,Sina MAYER,1.0,OK,1,1347.5,0.2324,14.2,66.0,0.986,Lane3 | 0.247 sec | 914 Sina MAYER (GER)
WCH2025-100m-W-R1-H7,4,4.0,0.166,0.1667,0.166,1.0,False,True,690,690,Marie-Josée TA LOU-SMITH,CIV,Marie-Josée TA LOU-SMITH,1.0,OK,1,1299.5,0.1708,-4.2,120.0,0.913,Lane 4 | 0.166 sec (Quickest) | 690 Marie-Josée TA LOU-SMITH (CIV)
WCH2025-100m-W-R1-H7,5,5.0,0.221,0.2216,0.221,1.0,False,False,740,740,Liranyi ALONSO,DOM,Liranyi ALONSO,1.0,OK,1,1332.5,0.2241,-2.5,109.0,0.962,Lane5 | 0.221 sec | 740 Liranyi ALONSO (DOM)
WCH2025-100m-W-R1-H7,6,6.0,0.188,0.1883,0.188,1.0,False,False,1024,1024,Shelly-Ann FRASER-PRYCE,JAM,Shelly-Ann FRASER-PRYCE,1.0,OK,1,1312.5,0.1925,-4.2,160.0,0.931,Lane 6 | 0.188 sec | 1024 Shelly-Ann FRASER-PRYCE (JAM)
WCH2025-100m-W-R1-H7,7,7.0,0.19,0.19,0.19,1.0,False,False,1115,1115,Patrizia VAN DER WEKEN,LUX,Patrizia VAN DER WEKEN,1.0,OK,1,1313.5,0.1941,-4.2,163.0,0.987,Lane7 | 0.190 sec | 1115 Patrizia VAN DER WEKEN (LUX)
WCH2025-100m-W-R1-H7,8,8.0,0.211,0.2116,0.211,1.0,False,False,1246,1246,Gladymar TORRES,PUR,Gladymar TORRES,1.0,OK,1,1326.5,0.2158,-4.2,147.0,0.986,Lane8 | 0.211 sec | 1246 Gladymar TORRES (PUR)
WCH2025-100m-W-R1-H7,9,9.0,0.185,0.185,0.185,1.0,False,False,655,655,Maria Ignacia MONTT,CHI,María Ignacia MONTT,0.0,OK,1,1310.5,0.1875,-2.5,151.0,0.947,Lane9 | 0.185 sec | 655 Maria Ignacia MONTT (CHI)
WCH2025-100m-W-SF-H1,1,1.0,,,,,False,False,,,,,,,,0,,,,,0.987,Lane1
WCH2025-100m-W-SF-H1,2,2.0,0.171,0.1717,0.171,1.0,False,False,944,944,Boglarka TAKACS,HUN,Boglárka TAKÁCS,0.0,OK,1,1302.5,0.1742,-2.5,83.0,0.957,Lane2 | 0.171 sec | 944 Boglarka TAKACS (HUN)
WCH2025-100m-W-SF-H1,3,3.0,0.154,0.1533,0.154,1.0,False,True,1450,1450,Kayla WHITE,USA,Kayla WHITE,1.0,OK,1,1291.5,0.1575,-4.2,207.0,0.978,Lane3 | 0.154 sec (Quickest) | 1450 Kayla WHITE (USA)
WCH2025-100m-W-SF-H1,4,4.0,0.176,0.1767,0.176,1.0,False,False,690,690,Marie-Josée TA LOU-SMITH,CIV,Marie-Josée TA LOU-SMITH,1.0,OK,1,1305.5,0.1808,-4.2,141.0,0.913,Lane 4 | 0.176 sec | 690 Marie-Josée TA LOU-SMITH (CIV)
WCH2025-100m-W-SF-H1,5,5.0,0.158,0.1583,0.158,1.0,False,False,870,870,Daryll NEITA,GBR,Daryll NEITA,1.0,OK,1,1294.5,0.1608,-2.5,151.0,0.979,Lane5 | 0.158 sec | 870 Daryll NEITA (GBR)
WCH2025-100m-W-SF-H1,6,6.0,0.19,0.19,0.19,1.0,False,False,1439,1439,Sha'Carri RICHARDSON,USA,Sha'Carri RICHARDSON,1.0,OK,1,1313.5,0.1941,-4.2,195.0,0.954,Lane 6 | 0.190 sec | 1439 Sha'Carri RICHARDSON (USA)
WCH2025-100m-W-SF-H1,7,7.0,0.206,0.2066,0.206,1.0,False,False,1028,1028,Shericka JACKSON,JAM,Shericka JACKSON,1.0,OK,1,1323.5,0.2108,-4.2,152.0,0.972,Lane7 | 0.206 sec | 1028 Shericka JACKSON (JAM)
WCH2025-100m-W-SF-H1,8,8.0,0.173,0.1733,0.173,1.0,False,False,1299,1299,Salomé KORA,SUI,Salomé KORA,1.0,OK,1,1303.5,0.1775,-4.2,176.0,0.967,Lane8 | 0.173 sec | 1299 Salomé KORA (SUI)
WCH2025-100m-W-SF-H1,9,9.0,0.203,0.2033,0.203,1.0,False,False,740,740,Liranyi ALONSO,DOM,Liranyi ALONSO,1.0,OK,1,1321.5,0.2075,-4.2,155.0,0.974,Lane9 | 0.203 sec | 740 Liranyi ALONSO (DOM)
WCH2025-100m-W-SF-H2,1,1.0,,,,,False,False,,,,,,,,0,,,,,0.987,Lane1
WCH2025-100m-W-SF-H2,2,2.0,0.177,0.1767,0.177,1.0,False,False,557,557,Anthaya CHARLTON,BAH,Anthaya CHARLTON,1.0,OK,1,1305.5,0.1808,-4.2,102.0,0.974,Lane2 | 0.177 sec | 557 Anthaya CHARLTON (BAH)
WCH2025-100m-W-SF-H2,3,3.0,0.167,0.1667,0.167,1.0,False,True,1185,1185,Zoe HOBBS,NZL,Zoe HOBBS,1.0,OK,1,1299.5,0.1708,-4.2,201.0,0.978,Lane3 | 0.167 sec (Quickest) | 1185 Zoe HOBBS (NZL)
WCH2025-100m-W-SF-H2,4,4.0,0.175,0.175,0.175,1.0,False,False,1106,1106,JulienALFRED,LCA,Julien ALFRED,1.0,OK,1,1304.5,0.1792,-4.2,163.0,0.913,Lane 4 | 0.175 sec | 1106 JulienALFRED  (LCA)
WCH2025-100m-W-SF-H2,5,5.0,0.168,0.1683,0.168,1.0,False,False,1024,1024,Shelly-Ann FRASER-PRYCE,JAM,Shelly-Ann FRASER-PRYCE,1.0,OK,1,1300.5,0.1708,-2.5,170.0,0.976,Lane5 | 0.168 sec | 1024 Shelly-Ann FRASER-PRYCE (JAM)
WCH2025-100m-W-SF-H2,6,6.0,0.187,0.1866,0.187,1.0,False,False,1449,1449,Twanisha TERRY,USA,Twanisha TERRY,1.0,OK,1,1311.5,0.1908,-4.2,179.0,0.954,Lane 6 | 0.187 sec | 1449 Twanisha TERRY (USA)
WCH2025-100m-W-SF-H2,7,7.0,0.178,0.1783,0.178,1.0,False,False,862,862,Amy HUNT,GBR,Amy HUNT,1.0,OK,1,1306.5,0.1808,-2.5,155.0,0.945,Lane7 | 0.178 sec | 862 Amy HUNT (GBR)
WCH2025-100m-W-SF-H2,8,8.0,0.179,0.1783,0.179,1.0,False,False,1222,1222,Ewa SWOBODA,POL,Ewa SWOBODA,1.0,OK,1,1306.5,0.1808,-2.5,141.0,0.98,Lane8 | 0.179 sec | 1222 Ewa SWOBODA (POL)
WCH2025-100m-W-SF-H2,9,9.0,0.176,0.1767,0.176,1.0,False,False,1293,1293,Géraldine FREY,SUI,Géraldine FREY,1.0,OK,1,1305.5,0.1808,-4.2,112.0,0.963,Lane9 | 0.176 sec | 1293 Géraldine FREY (SUI)
WCH2025-100m-W-SF-H3,1,1.0,,,,,False,False,,,,,,,,0,,,,,0.987,Lane1
WCH2025-100m-W-SF-H3,2,2.0,0.187,0.1866,0.187,1.0,False,False,909,909,Gina LUCKENKEMPER,GER,Gina LÜCKENKEMPER,0.0,OK,1,1311.5,0.1908,-4.2,203.0,0.988,Lane2 | 0.187 sec | 909 Gina LUCKENKEMPER (GER)
WCH2025-100m-W-SF-H3,3,3.0,0.176,0.1767,0.176,1.0,False,False,1104,1104,ThelmaDAVIES（,LBR,Thelma DAVIES,1.0,OK,1,1305.5,0.1808,-4.2,192.0,0.931,Lane3 | 0.176 sec | 1104ThelmaDAVIES（ (LBR)
WCH2025-100m-W-SF-H3,4,4.0,0.168,0.1683,0.168,1.0,False,True,852,852,Dina ASHER-SMITH,GBR,Dina ASHER-SMITH,1.0,OK,1,1300.5,0.1708,-2.5,182.0,0.913,Lane 4 | 0.168 sec (Quickest) | 852 Dina ASHER-SMITH (GBR)
WCH2025-100m-W-SF-H3,5,5.0,0.186,0.1866,0.186,1.0,False,False,1020,1020,Tina CLAYTON,JAM,Tina CLAYTON,1.0,OK,1,1311.5,0.1908,-4.2,193.0,0.993,Lane5 | 0.186 sec | 1020 Tina CLAYTON (JAM)
WCH2025-100m-W-SF-H3,6,6.0,0.183,0.1833,0.183,1.0,False,False,1414,1414,Melissa JEFFERSON-WOODEN,USA,Melissa JEFFERSON-WOODEN,1.0,OK,1,1309.5,0.1891,-5.8,136.0,0.95,Lane 6 | 0.183 sec | 1414 Melissa JEFFERSON-WOODEN(USA
WCH2025-100m-W-SF-H3,7,7.0,0.212,0.2116,0.212,1.0,False,False,984,984,Zaynab DOSSO,ITA,Zaynab DOSSO,1.0,OK,1,1326.5,0.2158,-4.2,186.0,0.946,Lane7 | 0.212 sec | 984 Zaynab DOSSO (ITA)
WCH2025-100m-W-SF-H3,8,8.0,0.179,0.1783,0.179,1.0,False,False,533,533,Torrie LEWIS,AUS,Torrie LEWIS,1.0,OK,1,1306.5,0.1808,-2.5,130.0,0.983,Lane8 | 0.179 sec | 533 Torrie LEWIS (AUS)
WCH2025-100m-W-SF-H3,9,9.0,0.204,0.2033,0.204,1.0,False,False,627,627,Audrey LEDUC,CAN,Audrey LEDUC,1.0,OK,1,1321.5,0.2075,-4.2,121.0,0.976,Lane9 | 0.204 sec | 627 Audrey LEDUC (CAN)
WCH2025-100mH-W-F-H1,1,1.0,,,,,False,False,,,,,,,,0,,,,,0.987,Lane1
WCH2025-100mH-W-F-H1,2,2.0,0.141,0.1417,0.141,1.0,False,True,1218,1218,Pia SKRZYSZOWSKA,POL,Pia SKRZYSZOWSKA,1.0,OK,1,1284.5,0.1458,-4.2,114.0,0.992,Lane2 | 0.141 sec (Quickest) | 1218 Pia SKRZYSZOWSKA (POL)
WCH2025-100mH-W-F-H1,3,3.0,0.146,0.1467,0.146,1.0,False,False,1298,1298,Ditaji KAMBUNDJI,SUI,Ditaji KAMBUNDJI,1.0,OK,1,1287.5,0.1508,-4.2,120.0,0.958,Lane3 | 0.146 sec | 1298 Ditaji KAMBUNDJI (SUI)
WCH2025-100mH-W-F-H1,4,4.0,0.153,0.1533,0.153,1.0,False,False,1043,1043,Danielle WILLIAMS,JAM,Danielle WILLIAMS,1.0,OK,1,1291.5,0.1575,-4.2,142.0,0.913,Lane 4 | 0.153 sec | 1043 Danielle WILLIAMS (JAM)
WCH2025-100mH-W-F-H1,5,5.0,0.172,0.1717,0.172,1.0,False,False,1445,1445,GraCe STARK,USA,Grace STARK,1.0,OK,1,1302.5,0.1742,-2.5,176.0,0.944,Lane5 | 0.172 sec | 1445 GraCe STARK (USA)
WCH2025-100mH-W-F-H1,6,6.0,0.187,0.1866,0.187,1.0,False,False,1162,1162,Tobi AMUSAN,NGR,Tobi AMUSAN,1.0,OK,1,1311.5,0.1908,-4.2,124.0,0.954,Lane 6 | 0.187 sec | 1162 Tobi AMUSAN (NGR)
WCH2025-100mH-W-F-H1,7,7.0,0.24,0.2399,0.24,1.0,False,False,1443,1443,Masai RUSSELL,USA,Masai RUSSELL,1.0,OK,1,1343.5,0.1758,64.1,139.0,0.99,Lane7 | 0.240 sec | 1443 Masai RUSSELL (USA)
WCH2025-100mH-W-F-H1,8,8.0,0.17,0.17,0.17,1.0,False,False,1159,1159,Nadine VISSER,NED,Nadine VISSER,1.0,OK,1,1301.5,0.1758,-5.8,122.0,0.989,Lane8 | 0.170 sec | 1159 Nadine VISSER (NED)
WCH2025-100mH-W-F-H1,9,9.0,0.189,0.1883,0.189,1.0,False,False,558,558,Devynne CHARLTON,BAH,Devynne CHARLTON,1.0,OK,1,1312.5,0.1925,-4.2,162.0,0.978,Lane9 | 0.189 sec | 558 Devynne CHARLTON (BAH)
WCH2025-100mH-W-R1-H1,1,1.0,,,,,False,False,,,,,,,,0,,,,,0.987,Lane1
WCH2025-100mH-W-R1-H1,2,2.0,,,,,False,False,,,,,,,,0,,,,,0.912,Lane 2
WCH2025-100mH-W-R1-H1,3,3.0,0.169,0.1683,0.169,1.0,False,True,556,556,Denisha CARTWRIGHT,BAH,Denisha CARTWRIGHT,1.0,OK,1,1300.5,0.1725,-4.2,152.0,0.982,Lane3 | 0.169 sec (Quickest) | 556 Denisha CARTWRIGHT (BAH)
WCH2025-100mH-W-R1-H1,4,4.0,0.173,0.1733,0.173,1.0,False,False,1311,1311,Viktoria FORSTER,SVK,Viktória FORSTER,0.0,OK,1,1303.5,0.1792,-5.8,120.0,0.911,Lane 4 | 0.173 sec | 1311 Viktoria FORSTER (SVK)
WCH2025-100mH-W-R1-H1,5,5.0,0.17,0.17,0.17,1.0,False,False,1443,1443,Masai RUSSELL,USA,Masai RUSSELL,1.0,OK,1,1301.5,0.1742,-4.2,163.0,0.989,Lane5 | 0.170 sec | 1443 Masai RUSSELL (USA)
WCH2025-100mH-W-R1-H1,6,6.0,0.198,0.1983,0.198,1.0,False,False,940,940,Luca KOZAK,HUN,Luca KOZÁK,0.0,OK,1,1318.5,0.2008,-2.5,112.0,0.952,Lane 6 | 0.198 sec | 940 Luca KOZAK (HUN)
WCH2025-100mH-W-R1-H1,7,7.0,0.258,0.2583,0.258,1.0,False,False,1258,1258,Marione FOURIE,RSA,Marione FOURIE,1.0,OK,1,1354.5,0.2608,-2.5,117.0,0.979,Lane7 | 0.258 sec | 1258 Marione FOURIE (RSA)
WCH2025-100mH-W-R1-H1,8,8.0,0.175,0.175,0.175,1.0,False,False,956,956,Sarah LAVIN,IRL,Sarah LAVIN,1.0,OK,1,1304.5,0.1775,-2.5,125.0,0.961,Lane8 | 0.175 sec | 956 Sarah LAVIN (IRL)
WCH2025-100mH-W-R1-H1,9,9.0,0.293,0.2932,0.293,1.0,False,False,679,679,Yanni WU,CHN,Yanni WU,1.0,OK,1,1375.5,0.2974,-4.2,115.0,0.988,Lane9 | 0.293 sec | 679 Yanni WU (CHN)
WCH2025-100mH-W-R1-H2,1,1.0,,,,,False,False,,,,,,,,0,,,,,0.989,Lane1
WCH2025-100mH-W-R1-H2,2,2.0,0.184,0.1833,0.184,1.0,False,False,936,936,Lai Yiu LUI,HKG,Lai Yiu LUI,1.0,OK,1,1309.5,0.1875,-4.2,80.0,0.973,Lane2 | 0.184 sec | 936 Lai Yiu LUI (HKG)
WCH2025-100mH-W-R1-H2,3,3.0,0.18,0.18,0.18,1.0,False,False,1068,1068,Yumi TANAKA,JPN,Yumi TANAKA,1.0,OK,1,1307.5,0.1841,-4.2,111.0,0.954,Lane3 | 0.180 sec | 1068 Yumi TANAKA (JPN)
WCH2025-100mH-W-R1-H2,4,4.0,0.195,0.195,0.195,1.0,False,False,821,821,Sacha ALESSANDRINI,FRA,Sacha ALESSANDRINI,1.0,OK,1,1316.5,0.1991,-4.2,133.0,0.97,Lane4 | 0.195 sec | 821 Sacha ALESSANDRINI (FRA)
WCH2025-100mH-W-R1-H2,5,5.0,0.228,0.2283,0.228,1.0,False,False,1107,1107,Aasia LAURENCIN,LCA,Aasia LAURENCIN,1.0,OK,1,1336.5,0.2308,-2.5,150.0,0.953,Lane5 | 0.228 sec | 1107 Aasia LAURENCIN (LCA)
WCH2025-100mH-W-R1-H2,6,6.0,0.134,0.1333,0.134,1.0,False,True,1043,1043,Danielle WILLIAMS,JAM,Danielle WILLIAMS,1.0,OK,1,1279.5,0.1375,-4.2,112.0,0.918,Lane 6 | 0.134 sec (Quickest) | 1043 Danielle WILLIAMS (JAM)
WCH2025-100mH-W-R1-H2,7,7.0,0.201,0.2016,0.201,1.0,False,False,1415,1415,Alaysha JOHNSON,USA,Alaysha JOHNSON,1.0,OK,1,1320.5,0.2058,-4.2,154.0,0.969,Lane7 | 0.201 sec | 1415 Alaysha JOHNSON (USA)
WCH2025-100mH-W-R1-H2,8,8.0,0.183,0.1833,0.183,1.0,False,False,555,555,Karin STRAMETZ,AUT,Karin STRAMETZ,1.0,OK,1,1309.5,0.1891,-5.8,123.0,0.982,Lane8 | 0.183 sec | 555 Karin STRAMETZ (AUT)
WCH2025-100mH-W-R1-H2,9,9.0,0.275,0.2749,0.275,1.0,False,False,1460,1460,Thi My Tien HUYNH,VIE,Thi My Tien HUYNH,1.0,OK,1,1364.5,0.2658,9.2,167.0,0.977,Lane9 | 0.275 sec | 1460 Thi My Tien HUYNH (VIE)
WCH2025-100mH-W-R1-H3,1,1.0,,,,,False,False,,,,,,,,0,,,,,0.987,Lane1
WCH2025-100mH-W-R1-H3,2,2.0,0.168,0.1683,0.168,1.0,False,False,946,946,Dina AULIA,INA,Dina AULIA,1.0,OK,1,1300.5,0.1725,-4.2,115.0,0.936,Lane2 | 0.168 sec | 946 Dina AULIA  (INA)
WCH2025-100mH-W-R1-H3,3,3.0,0.169,0.1683,0.169,1.0,False,False,618,618,Mariam ABDUL-RASHID,CAN,Mariam ABDUL-RASHID,1.0,OK,1,1300.5,0.1725,-4.2,117.0,0.977,Lane3 | 0.169 sec | 618 Mariam ABDUL-RASHID (CAN)
WCH2025-100mH-W-R1-H3,4,4.0,0.201,0.2016,0.201,1.0,False,False,978,978,Giada CARMASSI,ITA,Giada CARMASSI,1.0,OK,1,1320.5,0.2058,-4.2,133.0,0.913,Lane 4 | 0.201 sec | 978Giada CARMASSI (ITA)
WCH2025-100mH-W-R1-H3,5,5.0,0.157,0.1567,0.157,1.0,False,True,1159,1159,Nadine VISSER,NED,Nadine VISSER,1.0,OK,1,1293.5,0.1608,-4.2,121.0,0.993,Lane5 | 0.157 sec (Quickest) | 1159 Nadine VISSER (NED)
WCH2025-100mH-W-R1-H3,6,6.0,,,,,False,False,1040,1040,Megan TAPPER,JAM,Megan TAPPER,1.0,DNS,0,,,,,0.924,Lane 6 | 1040 Megan TAPPER (JAM)
WCH2025-100mH-W-R1-H3,7,7.0,0.205,0.205,0.205,1.0,False,False,717,717,Greisys ROBLE,CUB,Greisys ROBLE,1.0,OK,1,1322.5,0.2091,-4.2,211.0,0.966,Lane7 | 0.205 sec | 717 Greisys ROBLE (CUB)
WCH2025-100mH-W-R1-H3,8,8.0,0.179,0.1783,0.179,1.0,False,False,1217,1217,Alicja SIELSKA,POL,Alicja SIELSKA,1.0,OK,1,1306.5,0.1808,-2.5,115.0,0.982,Lane8 | 0.179 sec | 1217 Alicja SIELSKA (POL)
WCH2025-100mH-W-R1-H3,9,9.0,0.188,0.1883,0.188,1.0,False,False,1131,1131,Cecilia Francisco GUAMBE,MOZ,Cecilia Francisco GUAMBE,1.0,OK,1,1312.5,0.1908,-2.5,119.0,0.989,Lane9 | 0.188 sec | 1131 Cecilia Francisco GUAMBE (MOZ)
WCH2025-100mH-W-R1-H4,1,1.0,,,,,False,False,,,,,,,,0,,,,,0.988,Lane1
WCH2025-100mH-W-R1-H4,2,2.0,0.153,0.1533,0.153,1.0,False,True,517,517,Liz CLAY,AUS,Liz CLAY,1.0,OK,1,1291.5,0.1575,-4.2,131.0,0.982,Lane2 | 0.153 sec (Quickest) | 517 Liz CLAY (AUS)
WCH2025-100mH-W-R1-H4,3,3.0,0.176,0.1767,0.176,1.0,False,False,806,806,Saara KESKITALO,FIN,Saara KESKITALO,1.0,OK,1,1305.5,0.1808,-4.2,95.0,0.944,Lane3 | 0.176 sec | 806 Saara KESKITALO (FIN)
WCH2025-100mH-W-R1-H4,4,4.0,0.162,0.1617,0.162,1.0,False,False,1033,1033,Ackera NUGENT,JAM,Ackera NUGENT,1.0,OK,1,1296.5,0.1642,-2.5,132.0,0.914,Lane 4 | 0.162 sec | 1033 Ackera NUGENT (JAM)
WCH2025-100mH-W-R1-H4,5,5.0,0.166,0.1667,0.166,1.0,False,False,574,574,Yanla NDJIP-NYEMECK,BEL,Yanla NDJIP-NYEMECK,1.0,OK,1,1299.5,0.1708,-4.2,186.0,0.947,Lane5 | 0.166 sec | 574 Yanla NDJIP-NYEMECK (BEL)
WCH2025-100mH-W-R1-H4,6,6.0,0.165,0.165,0.165,1.0,False,False,1151,1151,Maayke TJIN-A-LIM,NED,Maayke TJIN-A-LIM,1.0,OK,1,1298.5,0.1692,-4.2,116.0,0.929,Lane 6 | 0.165 sec | 1151 Maayke TJIN-A-LIM (NED)
WCH2025-100mH-W-R1-H4,7,7.0,0.191,0.1916,0.191,1.0,False,False,1298,1298,Ditaji KAMBUNDJI,SUI,Ditaji KAMBUNDJI,1.0,OK,1,1314.5,0.1941,-2.5,142.0,0.967,Lane7 | 0.191 sec | 1298 Ditaji KAMBUNDJI (SUI)
WCH2025-100mH-W-R1-H4,8,8.0,0.172,0.1717,0.172,1.0,False,False,563,563,Charisma TAYLOR,BAH,Charisma TAYLOR,1.0,OK,1,1302.5,0.1642,7.5,109.0,0.974,Lane8 | 0.172 sec | 563 Charisma TAYLOR (BAH)
WCH2025-100mH-W-R1-H4,9,9.0,0.218,0.2183,0.218,1.0,False,False,749,749,Nathalie Abigail ALMENDAREZ,ESA,Nathalie Abigail ALMENDAREZ,1.0,OK,1,1330.5,0.2225,-4.2,154.0,0.951,Lane9 | 0.218 sec | 749 Nathalie Abigail ALMENDAREZ (ESA)
WCH2025-100mH-W-R1-H5,1,1.0,,,,,False,False,,,,,,,,0,,,,,0.987,Lane1
WCH2025-100mH-W-R1-H5,2,2.0,,,,,False,False,,,,,,,,0,,,,,0.992,Lane2
WCH2025-100mH-W-R1-H5,3,3.0,0.185,0.185,0.185,1.0,False,False,1275,1275,Nika GLOJNARIC,SLO,Nika GLOJNARIČ,0.0,OK,1,1310.5,0.1891,-4.2,144.0,0.978,Lane3 | 0.185 sec | 1275 Nika GLOJNARIC (SLO)
WCH2025-100mH-W-R1-H5,4,4.0,0.166,0.1667,0.166,1.0,False,False,1016,1016,Amoi BROWN,JAM,Amoi BROWN,1.0,OK,1,1299.5,0.1708,-4.2,123.0,0.913,Lane 4 | 0.166 sec | 1016 Amoi BROWN (JAM)
WCH2025-100mH-W-R1-H5,5,5.0,0.184,0.1833,0.184,1.0,False,False,1048,1048,Mak0FUKUBE,JPN,Mako FUKUBE,0.0,OK,1,1309.5,0.1875,-4.2,113.0,0.973,Lane5 | 0.184 sec | 1048Mak0FUKUBE (JPN)
WCH2025-100mH-W-R1-H5,6,6.0,0.164,0.1633,0.164,1.0,False,False,1218,1218,Pia SKRZYSZOWSKA,POL,Pia SKRZYSZOWSKA,1.0,OK,1,1297.5,0.1675,-4.2,93.0,0.954,Lane 6 | 0.164 sec | 1218 Pia SKRZYSZOWSKA (POL)
WCH2025-100mH-W-R1-H5,7,7.0,0.166,0.1667,0.166,1.0,False,False,1445,1445,Grace STARK,USA,Grace STARK,1.0,OK,1,1299.5,0.1708,-4.2,170.0,0.963,Lane7 | 0.166 sec | 1445 Grace STARK (USA)
WCH2025-100mH-W-R1-H5,8,8.0,0.16,0.16,0.16,1.0,False,True,619,619,TatianaAHOLOU,CAN,Tatiana AHOLOU,1.0,OK,1,1295.5,0.1642,-4.2,168.0,0.956,Lane8 | 0.160 sec (Quickest) | 619TatianaAHOLOU (CAN)
WCH2025-100mH-W-R1-H5,9,9.0,0.168,0.1683,0.168,1.0,False,False,1116,1116,Sidonie FIADANANTSOA,MAD,Sidonie FIADANANTSOA,1.0,OK,1,1300.5,0.1725,-4.2,107.0,0.98,Lane9 | 0.168 sec | 1116 Sidonie FIADANANTSOA (MAD)
WCH2025-100mH-W-R1-H6,1,1.0,,,,,False,False,,,,,,,,0,,,,,0.987,Lane1
WCH2025-100mH-W-R1-H6,2,2.0,,,,,False,False,,,,,,,,0,,,,,0.992,Lane2
WCH2025-100mH-W-R1-H6,3,3.0,0.2,0.2,0.2,1.0,False,False,979,979,Elena CARRARO,ITA,Elena CARRARO,1.0,OK,1,1319.5,0.2041,-4.2,113.0,0.942,Lane3 | 0.200 sec | 979 Elena CARRARO (ITA)
WCH2025-100mH-W-R1-H6,4,4.0,0.175,0.175,0.175,1.0,False,False,558,558,Devynne CHARLTON,BAH,Devynne CHARLTON,1.0,OK,1,1304.5,0.1792,-4.2,168.0,0.913,Lane 4 | 0.175 sec | 558 Devynne CHARLTON (BAH)
WCH2025-100mH-W-R1-H6,5,5.0,0.169,0.1683,0.169,1.0,False,False,802,802,Lotta HARALA,FIN,Lotta HARALA,1.0,OK,1,1300.5,0.1708,-2.5,139.0,0.986,Lane5 | 0.169 sec | 802 Lotta HARALA (FIN)
WCH2025-100mH-W-R1-H6,6,6.0,0.173,0.1733,0.173,1.0,False,False,1060,1060,Hitomi NAKAJIMA,JPN,Hitomi NAKAJIMA,1.0,OK,1,1303.5,0.1775,-4.2,84.0,0.954,Lane 6 | 0.173 sec | 1060 Hitomi NAKAJIMA (JPN)
WCH2025-100mH-W-R1-H6,7,7.0,0.184,0.1833,0.184,1.0,False,False,1162,1162,Tobi AMUSAN,NGR,Tobi AMUSAN,1.0,OK,1,1309.5,0.1875,-4.2,136.0,0.969,Lane7 | 0.184 sec | 1162 Tobi AMUSAN (NGR)
WCH2025-100mH-W-R1-H6,8,8.0,0.195,0.195,0.195,1.0,False,False,945,945,Anna TOTH,HUN,Anna TÓTH,0.0,OK,1,1316.5,0.1991,-4.2,115.0,0.983,Lane8 | 0.195 sec | 945 Anna TOTH (HUN)
WCH2025-100mH-W-R1-H6,9,9.0,0.164,0.1633,0.164,1.0,False,True,594,594,Ketiley BATISTA,BRA,Ketiley BATISTA,1.0,OK,1,1297.5,0.1675,-4.2,82.0,0.958,Lane9 | 0.164 sec (Quickest) | 594 Ketiley BATISTA (BRA)
WCH2025-100mH-W-SF-H1,1,1.0,,,,,False,False,,,,,,,,0,,,,,0.987,Lane1
WCH2025-100mH-W-SF-H1,2,2.0,0.172,0.1717,0.172,1.0,False,False,1048,1048,Mak0FUKUBE,JPN,Mako FUKUBE,0.0,OK,1,1302.5,0.1742,-2.5,125.0,0.922,Lane2 | 0.172 sec | 1048Mak0FUKUBE  (JPN)
WCH2025-100mH-W-SF-H1,3,3.0,0.151,0.1517,0.151,1.0,False,True,956,956,Sarah LAVIN,IRL,Sarah LAVIN,1.0,OK,1,1290.5,0.1542,-2.5,113.0,0.986,Lane3 | 0.151 sec (Quickest) | 956 Sarah LAVIN (IRL)
WCH2025-100mH-W-SF-H1,4,4.0,0.174,0.1733,0.174,1.0,False,False,1445,1445,Grace STARK,USA,Grace STARK,1.0,OK,1,1303.5,0.1775,-4.2,185.0,0.913,Lane 4 | 0.174 sec | 1445 Grace STARK (USA)
WCH2025-100mH-W-SF-H1,5,5.0,0.167,0.1667,0.167,1.0,False,False,1298,1298,Ditaji KAMBUNDJI,SUI,Ditaji KAMBUNDJI,1.0,OK,1,1299.5,0.1708,-4.2,130.0,0.963,Lane5 | 0.167 sec | 1298 Ditaji KAMBUNDJI (SUI)
WCH2025-100mH-W-SF-H1,6,6.0,0.191,0.1916,0.191,1.0,False,False,978,978,Giada CARMASSI,ITA,Giada CARMASSI,1.0,OK,1,1314.5,0.1941,-2.5,121.0,0.931,Lane 6 | 0.191 sec | 978 Giada CARMASSI (ITA)
WCH2025-100mH-W-SF-H1,7,7.0,0.164,0.1633,0.164,1.0,False,False,1033,1033,Ackera NUGENT,JAM,Ackera NUGENT,1.0,OK,1,1297.5,0.1675,-4.2,139.0,0.953,Lane7 | 0.164 sec | 1033 Ackera NUGENT (JAM)
WCH2025-100mH-W-SF-H1,8,8.0,0.206,0.2066,0.206,1.0,False,False,717,717,Greisys ROBLE,CUB,Greisys ROBLE,1.0,OK,1,1323.5,0.2108,-4.2,214.0,0.907,Lane 8 | 0.206 sec | 717 Greisys ROBLE (CUB)
WCH2025-100mH-W-SF-H1,9,9.0,,,-0.361,,False,False,802,802,Lotta HARALA,FIN,Lotta HARALA,1.0,DQ,0,,,,,0.973,Lane9 | 802 Lotta HARALA (FIN)
WCH2025-100mH-W-SF-H2,1,1.0,,,,,False,False,,,,,,,,0,,,,,0.987,Lane1
WCH2025-100mH-W-SF-H2,2,2.0,0.155,0.155,0.155,1.0,False,True,1060,1060,Hitomi NAKAJIMA,JPN,Hitomi NAKAJIMA,1.0,OK,1,1292.5,0.1592,-4.2,86.0,0.951,Lane2 | 0.155 sec (Quickest) | 1060Hitomi NAKAJIMA (JPN)
WCH2025-100mH-W-SF-H2,3,3.0,0.204,0.2033,0.204,1.0,False,False,1016,1016,Amoi BROWN,JAM,Amoi BROWN,1.0,OK,1,1321.5,0.1925,10.8,151.0,0.983,Lane3 | 0.204 sec | 1016 Amoi BROWN (JAM)
WCH2025-100mH-W-SF-H2,4,4.0,0.172,0.1717,0.172,1.0,False,False,1162,1162,Tobi AMUSAN,NGR,Tobi AMUSAN,1.0,OK,1,1302.5,0.1758,-4.2,139.0,0.913,Lane 4 | 0.172 sec | 1162 Tobi AMUSAN (NGR)
WCH2025-100mH-W-SF-H2,5,5.0,0.168,0.1683,0.168,1.0,False,False,1159,1159,Nadine VISSER,NED,Nadine VISSER,1.0,OK,1,1300.5,0.1725,-4.2,125.0,0.981,Lane5 | 0.168 sec | 1159 Nadine VISSER (NED)
WCH2025-100mH-W-SF-H2,6,6.0,0.181,0.1816,0.181,1.0,False,False,1218,1218,Pia SKRZYSZOWSKA,POL,Pia SKRZYSZOWSKA,1.0,OK,1,1308.5,0.1841,-2.5,103.0,0.931,Lane 6 | 0.181 sec | 1218 Pia SKRZYSZOWSKA (POL)
WCH2025-100mH-W-SF-H2,7,7.0,0.177,0.1767,0.177,1.0,False,False,1415,1415,Alaysha JOHNSON,USA,Alaysha JOHNSON,1.0,OK,1,1305.5,0.1808,-4.2,163.0,0.981,Lane7 | 0.177 sec | 1415 Alaysha JOHNSON (USA)
WCH2025-100mH-W-SF-H2,8,8.0,0.194,0.1933,0.194,1.0,False,False,979,979,Elena CARRARO,ITA,Elena CARRARO,1.0,OK,1,1315.5,0.1975,-4.2,115.0,0.989,Lane8 | 0.194 sec | 979 Elena CARRARO (ITA)
WCH2025-100mH-W-SF-H2,9,9.0,0.185,0.185,0.185,1.0,False,False,806,806,Saara KESKITALO,FIN,Saara KESKITALO,1.0,OK,1,1310.5,0.1891,-4.2,94.0,0.989,Lane9 | 0.185 sec | 806 Saara KESKITALO (FIN)
WCH2025-100mH-W-SF-H3,1,1.0,,,,,False,False,,,,,,,,0,,,,,0.987,Lane1
WCH2025-100mH-W-SF-H3,2,2.0,0.166,0.1667,0.166,1.0,False,False,574,574,Yanla NDJIP-NYEMECK,BEL,Yanla NDJIP-NYEMECK,1.0,OK,1,1299.5,0.1708,-4.2,188.0,0.977,Lane2 | 0.166 sec | 574 Yanla NDJIP-NYEMECK (BEL)
WCH2025-100mH-W-SF-H3,3,3.0,0.172,0.1717,0.172,1.0,False,False,1151,1151,Maayke TJIN-A-LIM,NED,Maayke TJIN-A-LIM,1.0,OK,1,1302.5,0.1758,-4.2,98.0,0.985,Lane3 | 0.172 sec | 1151 Maayke TJIN-A-LIM (NED)
WCH2025-100mH-W-SF-H3,4,4.0,0.178,0.1783,0.178,1.0,False,False,1258,1258,Marione FOURIE,RSA,Marione FOURIE,1.0,DQ,1,1306.5,0.1825,-4.2,139.0,0.913,Lane 4 | 0.178 sec | 1258 Marione FOURIE (RSA)
WCH2025-100mH-W-SF-H3,5,5.0,0.142,0.1417,0.142,1.0,False,True,1043,1043,Danielle WILLIAMS,JAM,Danielle WILLIAMS,1.0,OK,1,1284.5,0.1458,-4.2,123.0,0.986,Lane5 | 0.142 sec (Quickest) | 1043 Danielle WILLIAMS (JAM)
WCH2025-100mH-W-SF-H3,6,6.0,0.173,0.1733,0.173,1.0,False,False,1443,1443,Masai RUSSELL,USA,Masai RUSSELL,1.0,OK,1,1303.5,0.1775,-4.2,139.0,0.954,Lane 6 | 0.173 sec | 1443 Masai RUSSELL (USA)
WCH2025-100mH-W-SF-H3,7,7.0,0.203,0.2033,0.203,1.0,False,False,558,558,Devynne CHARLTON,BAH,Devynne CHARLTON,1.0,OK,1,1321.5,0.2075,-4.2,166.0,0.956,Lane7 | 0.203 sec | 558 Devynne CHARLTON (BAH)
WCH2025-100mH-W-SF-H3,8,8.0,0.221,0.2216,0.221,1.0,False,False,821,821,Sacha ALESSANDRINI,FRA,Sacha ALESSANDRINI,1.0,OK,1,1332.5,0.2258,-4.2,122.0,0.98,Lane8 | 0.221 sec | 821 Sacha ALESSANDRINI (FRA)
WCH2025-100mH-W-SF-H3,9,9.0,0.205,0.205,0.205,1.0,False,False,940,940,Luca KOZAK,HUN,Luca KOZÁK,0.0,OK,1,1322.5,0.2091,-4.2,111.0,0.989,Lane9 | 0.205 sec | 940 Luca KOZAK (HUN)
WCH2025-110mH-M-F-H1,1,1.0,,,,,False,False,,,,,,,,0,,,,,0.987,Lane1
WCH2025-110mH-M-F-H1,2,2.0,0.203,0.2033,0.203,1.0,False,False,2341,2341,Just KWAOU-MATHEY,FRA,Just KWAOU-MATHEY,1.0,OK,1,1321.5,0.2075,-4.2,202.0,0.954,Lane2 | 0.203 sec | 2341 Just KWAOU-MATHEY (FRA)
WCH2025-110mH-M-F-H1,3,3.0,0.153,0.1533,0.153,1.0,False,False,2283,2283,Enrique LLOPIS（,ESP,Enrique LLOPIS,1.0,OK,1,1291.5,0.1575,-4.2,189.0,0.944,Lane3 | 0.153 sec | 2283Enrique LLOPIS（ (ESP)
WCH2025-110mH-M-F-H1,4,4.0,0.181,0.1816,0.181,1.0,False,False,2561,2561,Tyler MASON,JAM,Tyler MASON,1.0,OK,1,1308.5,0.1858,-4.2,191.0,0.913,Lane 4 | 0.181 sec | 2561 Tyler MASON (JAM)
WCH2025-110mH-M-F-H1,5,5.0,0.183,0.1833,0.183,1.0,False,False,2604,2604,Rachid MURATAKE,JPN,Rachid MURATAKE,1.0,OK,1,1309.5,0.1875,-4.2,211.0,0.965,Lane5 | 0.183 sec | 2604 Rachid MURATAKE (JPN)
WCH2025-110mH-M-F-H1,6,6.0,0.176,0.1767,0.176,1.0,False,False,2549,2549,Orlando BENNETT,JAM,Orlando BENNETT,1.0,OK,1,1305.5,0.1808,-4.2,205.0,0.931,Lane 6 | 0.176 sec | 2549 Orlando BENNETT (JAM)
WCH2025-110mH-M-F-H1,7,7.0,0.168,0.1683,0.168,1.0,False,False,3041,3041,Cordell TINCH,USA,Cordell TINCH,1.0,OK,1,1300.5,0.1725,-4.2,202.0,0.965,Lane7 | 0.168 sec | 3041 Cordell TINCH (USA)
WCH2025-110mH-M-F-H1,8,8.0,0.18,0.18,0.18,1.0,False,False,2900,2900,Jason JOSEPH,SUI,Jason JOSEPH,1.0,DNF,1,1307.5,0.1841,-4.2,191.0,0.939,Lane8 | 0.180 sec | 2900 Jason JOSEPH (SUI)
WCH2025-110mH-M-F-H1,9,9.0,0.148,0.1483,0.148,1.0,False,True,3039,3039,Ja'Kobe THARP,USA,Ja'Kobe THARP,1.0,OK,1,1288.5,0.1525,-4.2,179.0,0.974,Lane9 | 0.148 sec (Quickest) | 3039 Ja'Kobe THARP (USA)
WCH2025-110mH-M-R1-H1,1,1.0,,,,,False,False,,,,,,,,0,,,,,0.987,Lane1
WCH2025-110mH-M-R1-H1,2,2.0,0.17,0.17,0.17,1.0,False,False,2420,2420,Manuel MORDI,GER,Manuel MORDI,1.0,OK,1,1301.5,0.1742,-4.2,203.0,0.975,Lane2 | 0.170 sec | 2420 Manuel MORDI (GER)
WCH2025-110mH-M-R1-H1,3,3.0,0.193,0.1933,0.193,1.0,False,False,2179,2179,Yuanjiang CHEN,CHN,Yuanjiang CHEN,1.0,OK,1,1315.5,0.1975,-4.2,196.0,0.949,Lane3 | 0.193 sec | 2179 Yuanjiang CHEN (CHN)
WCH2025-110mH-M-R1-H1,4,4.0,0.209,0.2083,0.209,1.0,False,False,2975,2975,Dylan BEARD,USA,Dylan BEARD,1.0,OK,1,1324.5,0.2125,-4.2,193.0,0.913,Lane 4 | 0.209 sec | 2975 Dylan BEARD (USA)
WCH2025-110mH-M-R1-H1,5,5.0,0.146,0.1467,0.146,1.0,False,True,,2131,,,Thiago Resende ORNELAS DOS SANTOS,,OK,1,1287.5,0.1508,-4.2,212.0,0.982,Lane5 | 0.146 sec (Quickest) | 2131ThiagoResendeORNELASDOSSAN
WCH2025-110mH-M-R1-H1,6,6.0,0.211,0.2116,0.211,1.0,False,False,2358,2358,Sasha ZHOYA,FRA,Sasha ZHOYA,1.0,OK,1,1326.5,0.2158,-4.2,193.0,0.931,Lane 6 | 0.211 sec | 2358 Sasha ZHOYA (FRA)
WCH2025-110mH-M-R1-H1,7,7.0,0.325,0.3249,0.325,1.0,False,False,2594,2594,Shunsuke IZUMIYA,JPN,Shunsuke IZUMIYA,1.0,OK,1,1394.5,0.3291,-4.2,166.0,0.996,Lane7 | 0.325 sec | 2594 Shunsuke IZUMIYA (JPN)
WCH2025-110mH-M-R1-H1,8,8.0,0.189,0.1883,0.189,1.0,False,False,2807,2807,Jakub SZYMANSKI,POL,Jakub SZYMAŃSKI,0.0,OK,1,1312.5,0.1925,-4.2,200.0,0.98,Lane8 | 0.189 sec | 2807 Jakub SZYMANSKI (POL)
WCH2025-110mH-M-R1-H1,9,9.0,0.163,0.1633,0.163,1.0,False,False,2850,2850,John ADESOLA,RSA,John ADESOLA,1.0,OK,1,1297.5,0.1675,-4.2,189.0,0.988,Lane9 | 0.163 sec | 2850 John ADESOLA (RSA)
WCH2025-110mH-M-R1-H2,1,1.0,,,,,False,False,,,,,,,,0,,,,,0.987,Lane1
WCH2025-110mH-M-R1-H2,2,2.0,0.169,0.1683,0.169,1.0,False,False,2320,2320,Wilhem BELOCIAN,FRA,Wilhem BELOCIAN,1.0,OK,1,1300.5,0.1742,-5.8,195.0,0.946,Lane2 | 0.169 sec | 2320 Wilhem BELOCIAN (FRA)
WCH2025-110mH-M-R1-H2,3,3.0,0.19,0.19,0.19,1.0,False,False,2089,2089,Michael OBASUYI,BEL,Michael OBASUYI,1.0,OK,1,1313.5,0.1941,-4.2,186.0,0.977,Lane3 | 0.190 sec | 2089 Michael OBASUYI (BEL)
WCH2025-110mH-M-R1-H2,4,4.0,0.167,0.1667,0.167,1.0,False,False,3039,3039,Ja'Kobe THARP,USA,Ja'Kobe THARP,1.0,OK,1,1299.5,0.1725,-5.8,173.0,0.913,Lane 4 | 0.167 sec | 3039 Ja'Kobe THARP (USA)
WCH2025-110mH-M-R1-H2,5,5.0,0.191,0.1916,0.191,1.0,False,False,2885,2885,Louis Francois MENDY,SEN,Louis François MENDY,0.0,OK,1,1314.5,0.1941,-2.5,197.0,0.984,Lane5 | 0.191 sec | 2885 Louis Francois MENDY (SEN)
WCH2025-110mH-M-R1-H2,6,6.0,0.166,0.1667,0.166,1.0,False,False,2852,2852,Mondray BARNARD,RSA,Mondray BARNARD,1.0,OK,1,1299.5,0.1708,-4.2,187.0,0.954,Lane 6 | 0.166 sec | 2852 Mondray BARNARD (RSA)
WCH2025-110mH-M-R1-H2,7,7.0,0.157,0.1567,0.157,1.0,False,False,2790,2790,Damian CZYKIER,POL,Damian CZYKIER,1.0,OK,1,1293.5,0.1625,-5.8,191.0,0.977,Lane7 | 0.157 sec | 2790 Damian CZYKIER (POL)
WCH2025-110mH-M-R1-H2,8,8.0,0.155,0.155,0.155,1.0,False,True,2385,2385,Tade OJORA,GBR,Tade OJORA,1.0,OK,1,1292.5,0.1592,-4.2,197.0,0.964,Lane8 | 0.155 sec (Quickest) | 2385 Tade OJORA (GBR)
WCH2025-110mH-M-R1-H2,9,9.0,0.195,0.195,0.195,1.0,False,False,2900,2900,Jason JOSEPH,SUI,Jason JOSEPH,1.0,OK,1,1316.5,0.1991,-4.2,200.0,0.982,Lane9 | 0.195 sec | 2900 Jason JOSEPH (SUI)
WCH2025-110mH-M-R1-H3,1,1.0,,,,,False,False,,,,,,,,0,,,,,0.987,Lane1
WCH2025-110mH-M-R1-H3,2,2.0,0.158,0.1583,0.158,1.0,False,False,2284,2284,Asier MARTINEZ,ESP,Asier MARTÍNEZ,0.0,OK,1,1294.5,0.1625,-4.2,171.0,0.954,Lane2 | 0.158 sec | 2284 Asier MARTINEZ (ESP)
WCH2025-110mH-M-R1-H3,3,3.0,0.183,0.1833,0.183,1.0,False,False,2836,2836,Oumar Doudai ABAKAR,QAT,Oumar Doudai ABAKAR,1.0,OK,1,1309.5,0.1875,-4.2,190.0,0.944,Lane3 | 0.183 sec | 2836 Oumar Doudai ABAKAR (QAT)
WCH2025-110mH-M-R1-H3,4,4.0,0.206,0.2066,0.206,1.0,False,False,2341,2341,Just KWAOU-MATHEY,FRA,Just KWAOU-MATHEY,1.0,OK,1,1323.5,0.2108,-4.2,200.0,0.913,Lane 4 | 0.206 sec | 2341 Just KWAOU-MATHEY (FRA)
WCH2025-110mH-M-R1-H3,5,5.0,0.178,0.1783,0.178,1.0,False,False,2533,2533,Lorenzo Ndele SIMONELLI,ITA,Lorenzo Ndele SIMONELLI,1.0,OK,1,1306.5,0.1825,-4.2,206.0,0.946,Lane5 | 0.178 sec | 2533 Lorenzo Ndele SIMONELLI (ITA)
WCH2025-110mH-M-R1-H3,6,6.0,0.138,0.1383,0.138,1.0,False,True,2075,2075,Elie BACARI,BEL,Elie BACARI,1.0,OK,1,1282.5,0.1408,-2.5,185.0,0.954,Lane 6 | 0.138 sec (Quickest) | 2075 Elie BACARI (BEL)
WCH2025-110mH-M-R1-H3,7,7.0,0.183,0.1833,0.183,1.0,False,False,2419,2419,Gregory MINOUE,GER,Gregory MINOUE,1.0,OK,1,1309.5,0.1875,-4.2,191.0,0.974,Lane7 | 0.183 sec | 2419 Gregory MINOUE (GER)
WCH2025-110mH-M-R1-H3,8,8.0,0.177,0.1767,0.177,1.0,False,False,2549,2549,Orlando BENNETT,JAM,Orlando BENNETT,1.0,OK,1,1305.5,0.1808,-4.2,204.0,0.989,Lane8 | 0.177 sec | 2549 Orlando BENNETT (JAM)
WCH2025-110mH-M-R1-H3,9,9.0,0.162,0.1617,0.162,1.0,False,False,2607,2607,Shusei NOMOTO,JPN,Shusei NOMOTO,1.0,OK,1,1296.5,0.1658,-4.2,200.0,0.972,Lane9 | 0.162 sec | 2607 Shusei NOMOTO (JPN)
WCH2025-110mH-M-R1-H4,1,,0.145,0.145,0.145,1.0,False,False,2283,2283,Enrique LLOPIS,ESP,Enrique LLOPIS,1.0,OK,1,1286.5,0.1492,-4.2,192.0,0.818,L.ane 1 | 0.145 sec | 2283 Enrique LLOPIS (ESP)
WCH2025-110mH-M-R1-H4,2,,0.125,0.125,0.125,1.0,False,True,2754,2754,Saguirou BADAMASSI,NIG,Saguirou BADAMASSI,1.0,OK,1,1274.5,0.1275,-2.5,181.0,0.789,l.ane 2 | 0.125 sec (Quickest) | 2754 Saguirou BADAMASSI (NIG)
WCH2025-110mH-M-R1-H4,3,,0.149,0.1483,0.149,1.0,False,False,2733,2733,Job GEERDS,NED,Job GEERDS,1.0,OK,1,1288.5,0.1525,-4.2,208.0,0.855,l.ane 3 | 0.149 sec | 2733 Job GEERDS (NED)
WCH2025-110mH-M-R1-H4,4,,0.142,0.1417,0.142,1.0,False,False,2135,2135,Eduardo RODRIGUES,BRA,Eduardo RODRIGUES,1.0,OK,1,1284.5,0.1458,-4.2,199.0,0.806,L.ane 4 | 0.142 sec | 2135 Eduardo RODRIGUES (BRA)
WCH2025-110mH-M-R1-H4,5,,0.18,0.18,0.18,1.0,False,False,3041,3041,Cordell TINCH,USA,Cordell TINCH,1.0,OK,1,1307.5,0.1841,-4.2,209.0,0.868,l.ane5 | 0.180 sec | 3041 Cordell TINCH (USA)
WCH2025-110mH-M-R1-H4,6,,0.164,0.1633,0.164,1.0,False,False,2204,2204,Zhuoyi XU,CHN,Zhuoyi XU,1.0,OK,1,1297.5,0.1675,-4.2,211.0,0.829,l.ane 6 | 0.164 sec | 2204 Zhuoyi XU (CHN)
WCH2025-110mH-M-R1-H4,7,,0.149,0.1483,0.149,1.0,False,False,2568,2568,Demario PRINCE,JAM,Demario PRINCE,1.0,OK,1,1288.5,0.1525,-4.2,194.0,0.831,l.ane7 | 0.149 sec | 2568 Demario PRINCE (JAM)
WCH2025-110mH-M-R1-H4,8,,0.186,0.1866,0.186,1.0,False,False,2002,2002,Amine BOUANANI,ALG,Amine BOUANANI,1.0,OK,1,1311.5,0.1908,-4.2,191.0,0.803,L.ane 8 | 0.186 sec | 2002 Amine BOUANANI (ALG)
WCH2025-110mH-M-R1-H4,9,,0.179,0.1783,0.179,1.0,False,False,2713,2713,Richard DIAWARA,MLI,Richard DIAWARA,1.0,OK,1,1306.5,0.1825,-4.2,185.0,0.834,L.ane9 | 0.179 sec | 2713 Richard DIAWARA (MLI)
WCH2025-110mH-M-R1-H5,1,1.0,0.178,0.1783,0.178,1.0,False,False,2561,2561,Tyler MASON,JAM,Tyler MASON,1.0,OK,1,1306.5,0.1825,-4.2,150.0,0.95,Lane1 | 0.178 sec | 2561 Tyler MASON (JAM)
WCH2025-110mH-M-R1-H5,2,2.0,0.155,0.155,0.155,1.0,False,False,2058,2058,Enzo DIESSL,AUT,Enzo DIESSL,1.0,OK,1,1292.5,0.1575,-2.5,188.0,0.99,Lane2 | 0.155 sec | 2058 Enzo DIESSL (AUT)
WCH2025-110mH-M-R1-H5,3,3.0,0.2,0.2,0.2,1.0,False,False,2191,2191,Junxi LIU,CHN,Junxi LIU,1.0,OK,1,1319.5,0.2041,-4.2,188.0,0.975,Lane3 | 0.200 sec | 2191 Junxi LIU (CHN)
WCH2025-110mH-M-R1-H5,4,4.0,0.147,0.1467,0.147,1.0,False,False,2472,2472,Tejas SHIRSE(,IND,Tejas SHIRSE,1.0,OK,1,1287.5,0.1525,-5.8,190.0,0.913,Lane 4 | 0.147 sec | 2472 Tejas SHIRSE( (IND)
WCH2025-110mH-M-R1-H5,5,5.0,0.144,0.1433,0.144,1.0,False,True,2851,2851,Antonio ALKANA,RSA,Antonio ALKANA,1.0,OK,1,1285.5,0.1475,-4.2,200.0,0.977,Lane5 | 0.144 sec (Quickest) | 2851 Antonio ALKANA (RSA)
WCH2025-110mH-M-R1-H5,6,6.0,0.162,0.1617,0.162,1.0,False,False,3003,3003,Grant HOLLOWAY,USA,Grant HOLLOWAY,1.0,OK,1,1296.5,0.1658,-4.2,201.0,0.931,Lane 6 | 0.162 sec | 3003 Grant HOLLOWAY (USA)
WCH2025-110mH-M-R1-H5,7,7.0,0.186,0.1866,0.186,1.0,False,False,2604,2604,Rachid MURATAKE,JPN,Rachid MURATAKE,1.0,OK,1,1311.5,0.1908,-4.2,201.0,0.982,Lane7 | 0.186 sec | 2604 Rachid MURATAKE (JPN)
WCH2025-110mH-M-R1-H5,8,8.0,0.19,0.19,0.19,1.0,False,False,2392,2392,Usumane DJUMO,GBS,Usumane DJUMO,1.0,OK,1,1313.5,0.1941,-4.2,144.0,0.989,Lane8 | 0.190 sec | 2392 Usumane DJUMO (GBS)
WCH2025-110mH-M-R1-H5,9,9.0,0.184,0.1833,0.184,1.0,False,False,2716,2716,Jeremie LARARAUDEUSE,MRI,Jeremie LARARAUDEUSE,1.0,OK,1,1309.5,0.1875,-4.2,205.0,0.982,Lane9 | 0.184 sec | 2716 Jeremie LARARAUDEUSE (MRI)
WCH2025-110mH-M-SF-H1,1,,,,,,False,False,,,,,,,,0,,,,,0.87,lane1
WCH2025-110mH-M-SF-H1,2,2.0,0.14,0.14,0.14,1.0,False,True,,2131,,,Thiago Resende ORNELAS DOS SANTOS,,OK,1,1283.5,0.1442,-4.2,206.0,0.879,Lane2 | 0.140 sec (Quickest) | 2131Thiago Resende ORNELAS DOS SAN
WCH2025-110mH-M-SF-H1,3,,0.159,0.1583,0.159,1.0,False,False,2594,2594,Shunsuke IZUMIYA,JPN,Shunsuke IZUMIYA,1.0,DNF,1,1294.5,0.1625,-4.2,215.0,0.901,lane3 | 0.159 sec | 2594 Shunsuke IZUMIYA (JPN)
WCH2025-110mH-M-SF-H1,4,4.0,0.175,0.175,0.175,1.0,False,False,2975,2975,Dylan BEARD,USA,Dylan BEARD,1.0,OK,1,1304.5,0.1792,-4.2,195.0,0.902,Lane4 | 0.175 sec | 2975 Dylan BEARD (USA)
WCH2025-110mH-M-SF-H1,5,,0.191,0.1916,0.191,1.0,False,False,2191,2191,Junxi LIU,CHN,Junxi LIU,1.0,OK,1,1314.5,0.1958,-4.2,202.0,0.888,Iane5 | 0.191 sec | 2191 Junxi LIU (CHN)
WCH2025-110mH-M-SF-H1,6,,0.142,0.1417,0.142,1.0,False,False,2283,2283,Enrique LLOPIS,ESP,Enrique LLOPIS,1.0,OK,1,1284.5,0.1458,-4.2,187.0,0.875,lane6 | 0.142 sec | 2283 Enrique LLOPIS (ESP)
WCH2025-110mH-M-SF-H1,7,7.0,0.174,0.1733,0.174,1.0,False,False,2549,2549,Orlando BENNETT,JAM,Orlando BENNETT,1.0,OK,1,1303.5,0.1775,-4.2,201.0,0.816,lLane7 | 0.174 sec | 2549 Orlando BENNETT (JAM)
WCH2025-110mH-M-SF-H1,8,,0.178,0.1783,0.178,1.0,False,False,2607,2607,Shusei NOMOTO,JPN,Shusei NOMOTO,1.0,OK,1,1306.5,0.1808,-2.5,195.0,0.861,lane8 | 0.178 sec | 2607 Shusei NOMOTO (JPN)
WCH2025-110mH-M-SF-H1,9,9.0,0.183,0.1833,0.183,1.0,False,False,2419,2419,Gregory MINOUE,GER,Gregory MINOUE,1.0,OK,1,1309.5,0.1875,-4.2,197.0,0.879,Lane9 | 0.183 sec | 2419 Gregory MINOUE (GER)
WCH2025-110mH-M-SF-H2,1,1.0,,,,,False,False,,,,,,,,0,,,,,0.987,Lane1
WCH2025-110mH-M-SF-H2,2,2.0,0.176,0.1767,0.176,1.0,False,False,2135,2135,Eduardo RODRIGUES,BRA,Eduardo RODRIGUES,1.0,OK,1,1305.5,0.1808,-4.2,185.0,0.975,Lane2 | 0.176 sec | 2135 Eduardo RODRIGUES (BRA)
WCH2025-110mH-M-SF-H2,3,3.0,0.171,0.1717,0.171,1.0,False,False,3041,3041,Cordell TINCH,USA,Cordell TINCH,1.0,OK,1,1302.5,0.1758,-4.2,200.0,0.971,Lane3 | 0.171 sec | 3041 Cordell TINCH (USA)
WCH2025-110mH-M-SF-H2,4,4.0,0.174,0.1733,0.174,1.0,False,False,2204,2204,Zhuoyi XU,CHN,Zhuoyi XU,1.0,OK,1,1303.5,0.1775,-4.2,208.0,0.913,Lane 4 | 0.174 sec | 2204 Zhuoyi XU (CHN)
WCH2025-110mH-M-SF-H2,5,5.0,0.176,0.1767,0.176,1.0,False,False,2533,2533,Lorenzo Ndele SIMONELLI,ITA,Lorenzo Ndele SIMONELLI,1.0,OK,1,1305.5,0.1808,-4.2,206.0,0.955,Lane5 | 0.176 sec | 2533 Lorenzo Ndele SIMONELLI (ITA)
WCH2025-110mH-M-SF-H2,6,6.0,0.209,0.2083,0.209,1.0,False,False,2900,2900,Jason JOSEPH,SUI,Jason JOSEPH,1.0,OK,1,1324.5,0.2125,-4.2,196.0,0.931,Lane 6 | 0.209 sec | 2900 Jason JOSEPH (SUI)
WCH2025-110mH-M-SF-H2,7,7.0,0.18,0.18,0.18,1.0,False,False,2320,2320,Wilhem BELOCIAN,FRA,Wilhem BELOCIAN,1.0,OK,1,1307.5,0.1841,-4.2,191.0,0.986,Lane7 | 0.180 sec | 2320 Wilhem BELOCIAN (FRA)
WCH2025-110mH-M-SF-H2,8,8.0,0.16,0.16,0.16,1.0,False,True,2568,2568,Demario PRINCE,JAM,Demario PRINCE,1.0,OK,1,1295.5,0.1642,-4.2,192.0,0.964,Lane8 | 0.160 sec (Quickest) | 2568 Demario PRINCE (JAM)
WCH2025-110mH-M-SF-H2,9,9.0,0.167,0.1667,0.167,1.0,False,False,2058,2058,Enzo DIESSL,AUT,Enzo DIESSL,1.0,OK,1,1299.5,0.1708,-4.2,180.0,0.96,Lane9 | 0.167 sec | 2058 Enzo DIESSL (AUT)
WCH2025-110mH-M-SF-H3,1,1.0,,,,,False,False,,,,,,,,0,,,,,0.987,Lane1
WCH2025-110mH-M-SF-H3,2,2.0,,,,,False,False,2733,2733,Job GEERDS,NED,Job GEERDS,1.0,DNS,0,,,,,0.984,Lane2 | 2733 Job GEERDS (NED)
WCH2025-110mH-M-SF-H3,3,3.0,0.16,0.16,0.16,1.0,False,True,3039,3039,Ja'Kobe THARP,USA,Ja'Kobe THARP,1.0,OK,1,1295.5,0.1642,-4.2,190.0,0.967,Lane3 | 0.160 sec (Quickest) | 3039 Ja'Kobe THARP (USA)
WCH2025-110mH-M-SF-H3,4,4.0,0.203,0.2033,0.203,1.0,False,False,2341,2341,JuSt KWAOU-MATHEY,FRA,Just KWAOU-MATHEY,1.0,OK,1,1321.5,0.2091,-5.8,204.0,0.913,Lane 4 | 0.203 sec | 2341 JuSt KWAOU-MATHEY (FRA)
WCH2025-110mH-M-SF-H3,5,5.0,0.161,0.1617,0.161,1.0,False,False,2561,2561,Tyler MASON,JAM,Tyler MASON,1.0,OK,1,1296.5,0.1658,-4.2,181.0,0.975,Lane5 | 0.161 sec | 2561 Tyler MASON (JAM)
WCH2025-110mH-M-SF-H3,6,6.0,0.191,0.1916,0.191,1.0,False,False,2179,2179,Yuanjiang CHEN,CHN,Yuanjiang CHEN,1.0,OK,1,1314.5,0.1958,-4.2,192.0,0.931,Lane 6 | 0.191 sec | 2179 Yuanjiang CHEN (CHN)
WCH2025-110mH-M-SF-H3,7,7.0,0.163,0.1633,0.163,1.0,False,False,2604,2604,Rachid MURATAKE,JPN,Rachid MURATAKE,1.0,OK,1,1297.5,0.1692,-5.8,198.0,0.963,Lane7 | 0.163 sec | 2604 Rachid MURATAKE (JPN)
WCH2025-110mH-M-SF-H3,8,8.0,0.182,0.1816,0.182,1.0,False,False,3003,3003,Grant HOLLOWAY,USA,Grant HOLLOWAY,1.0,OK,1,1308.5,0.1858,-4.2,197.0,0.959,Lane8 | 0.182 sec | 3003 Grant HOLLOWAY (USA)
WCH2025-110mH-M-SF-H3,9,9.0,0.216,0.2166,0.216,1.0,False,False,2885,2885,Louis Francois MENDY,SEN,Louis François MENDY,0.0,DNF,1,1329.5,0.2208,-4.2,195.0,0.989,Lane9 | 0.216 sec | 2885 Louis Francois MENDY (SEN)
WCH2025-200m-M-F-H1,1,1.0,,,,,False,False,,,,,,,,0,,,,,0.987,Lane1
WCH2025-200m-M-F-H1,2,2.0,0.169,0.1683,0.169,1.0,False,False,,2853,,,Sinesipho DAMBILE,,OK,1,1300.5,0.1725,-4.2,213.0,0.992,Lane2 | 0.169 sec
WCH2025-200m-M-F-H1,3,3.0,0.136,0.1367,0.136,1.0,False,False,,3065,,,Tapiwanashe MAKARAWU,,OK,1,1281.5,0.1408,-4.2,202.0,0.995,Lane3 | 0.136 sec
WCH2025-200m-M-F-H1,4,4.0,0.149,0.1483,0.149,1.0,False,False,,2258,,,Alexander OGANDO,,OK,1,1288.5,0.1525,-4.2,179.0,0.913,Lane 4 | 0.149 sec
WCH2025-200m-M-F-H1,5,5.0,0.163,0.1633,0.163,1.0,False,False,,2113,,,Letsile TEBOGO,,OK,1,1297.5,0.1675,-4.2,215.0,0.993,Lane5 | 0.163 sec
WCH2025-200m-M-F-H1,6,6.0,0.167,0.1667,0.167,1.0,False,False,,3016,,,Noah LYLES,,OK,1,1299.5,0.1708,-4.2,206.0,0.931,Lane 6 | 0.167 sec
WCH2025-200m-M-F-H1,7,7.0,0.147,0.1467,0.147,1.0,False,False,,2560,,,Bryan LEVELL,,OK,1,1287.5,0.1508,-4.2,203.0,0.996,Lane7 | 0.147 sec
WCH2025-200m-M-F-H1,8,8.0,0.179,0.1783,0.179,1.0,False,False,,2976,,,Kenneth BEDNAREK,,OK,1,1306.5,0.1808,-2.5,218.0,0.97,Lane8 | 0.179 sec
WCH2025-200m-M-F-H1,9,9.0,0.126,0.1267,0.126,1.0,False,True,,2380,,,Zharnel HUGHES,,OK,1,1275.5,0.1308,-4.2,193.0,0.989,Lane9 | 0.126 sec (Quickest)
WCH2025-200m-M-R1-H1,1,1.0,,,,,False,False,,,,,,,,0,,,,,0.987,Lane1
WCH2025-200m-M-R1-H1,2,2.0,0.15,0.15,0.15,1.0,False,False,2037,2037,Calab LAW,AUS,Calab LAW,1.0,OK,1,1289.5,0.1542,-4.2,201.0,0.979,Lane2 | 0.150 sec | 2037 Calab LAW (AUS)
WCH2025-200m-M-R1-H1,3,3.0,0.174,0.1733,0.174,1.0,False,False,2878,2878,Wayde VAN NIEKERK,RSA,Wayde VAN NIEKERK,1.0,OK,1,1303.5,0.1775,-4.2,157.0,0.97,Lane3 | 0.174 sec | 2878 Wayde VAN NIEKERK (RSA)
WCH2025-200m-M-R1-H1,4,4.0,0.146,0.1467,0.146,1.0,False,False,2258,2258,Alexander OGANDO,DOM,Alexander OGANDO,1.0,OK,1,1287.5,0.1508,-4.2,178.0,0.911,Lane 4 | 0.146 sec | 2258 Alexander OGANDO (DOM)
WCH2025-200m-M-R1-H1,5,5.0,0.175,0.175,0.175,1.0,False,False,2996,2996,Robert GREGORY,USA,Robert GREGORY,1.0,OK,1,1304.5,0.1792,-4.2,219.0,0.957,Lane5 | 0.175 sec | 2996 Robert GREGORY (USA)
WCH2025-200m-M-R1-H1,6,6.0,0.176,0.1767,0.176,1.0,False,False,2589,2589,Shota IIZUKA,JPN,Shota IIZUKA,1.0,OK,1,1305.5,0.1808,-4.2,219.0,0.949,Lane 6 | 0.176 sec | 2589 Shota IIZUKA (JPN)
WCH2025-200m-M-R1-H1,7,7.0,0.151,0.1517,0.151,1.0,False,False,2377,2377,Toby HARRIES,GBR,Toby HARRIES,1.0,OK,1,1290.5,0.1558,-4.2,186.0,0.982,Lane7 | 0.151 sec | 2377 Toby HARRIES (GBR)
WCH2025-200m-M-R1-H1,8,8.0,0.126,0.1267,0.126,1.0,False,True,2919,2919,Henrik LARSSON,SWE,Henrik LARSSON,1.0,OK,1,1275.5,0.1308,-4.2,202.0,0.977,Lane8 | 0.126 sec (Quickest) | 2919 Henrik LARSSON (SWE)
WCH2025-200m-M-R1-H1,9,9.0,0.14,0.14,0.14,1.0,False,False,2902,2902,Timothé MUMENTHALER,SUI,Timothé MUMENTHALER,1.0,OK,1,1283.5,0.1442,-4.2,192.0,0.979,Lane9 | 0.140 sec | 2902 Timothé MUMENTHALER (SUI)
WCH2025-200m-M-R1-H2,1,1.0,,,,,False,False,,,,,,,,0,,,,,0.987,Lane1
WCH2025-200m-M-R1-H2,2,2.0,0.132,0.1317,0.132,1.0,False,False,2683,2683,Gediminas TRUSKAUSKAS,LTU,Gediminas TRUSKAUSKAS,1.0,OK,1,1278.5,0.1358,-4.2,209.0,0.99,Lane2 | 0.132 sec | 2683 Gediminas TRUSKAUSKAS (LTU)
WCH2025-200m-M-R1-H2,3,3.0,0.153,0.1533,0.153,1.0,False,False,2150,2150,Aaron BROWN,CAN,Aaron BROWN,1.0,OK,1,1291.5,0.1592,-5.8,225.0,0.93,Lane 3 | 0.153 sec | 2150 Aaron BROWN (CAN)
WCH2025-200m-M-R1-H2,4,4.0,0.197,0.1966,0.197,1.0,False,False,2213,2213,Emmanuel ESEME,CMR,Emmanuel ESEME,1.0,OK,1,1317.5,0.2008,-4.2,210.0,0.96,Lane4 | 0.197 sec | 2213 Emmanuel ESEME (CMR)
WCH2025-200m-M-R1-H2,5,5.0,0.155,0.155,0.155,1.0,False,False,2357,2357,Ryan ZEZE,FRA,Ryan ZEZE,1.0,OK,1,1292.5,0.1575,-2.5,204.0,0.985,Lane5 | 0.155 sec | 2357 Ryan ZEZE (FRA)
WCH2025-200m-M-R1-H2,6,6.0,0.154,0.1533,0.154,1.0,False,False,3065,3065,Tapiwanashe MAKARAWU,ZIM,Tapiwanashe MAKARAWU,1.0,OK,1,1291.5,0.1575,-4.2,203.0,0.916,Lane 6 | 0.154 sec | 3065 Tapiwanashe MAKARAWU  (ZIM)
WCH2025-200m-M-R1-H2,7,7.0,0.192,0.1916,0.192,1.0,False,False,2559,2559,Adrian KERR,JAM,Adrian KERR,1.0,OK,1,1314.5,0.1991,-7.5,214.0,0.971,Lane7 | 0.192 sec | 2559 Adrian KERR (JAM)
WCH2025-200m-M-R1-H2,8,8.0,0.131,0.1317,0.131,1.0,False,True,2041,2041,Aidan MURPHY,AUS,Aidan MURPHY,1.0,OK,1,1278.5,0.1358,-4.2,201.0,0.901,Lane 8 | 0.131 sec (Quickest) | 2041 Aidan MURPHY (AUS)
WCH2025-200m-M-R1-H2,9,9.0,0.162,0.1617,0.162,1.0,False,False,3013,3013,Courtney LINDSEY,USA,Courtney LINDSEY,1.0,OK,1,1296.5,0.1658,-4.2,221.0,0.955,Lane9 | 0.162 sec | 3013 Courtney LINDSEY (USA)
WCH2025-200m-M-R1-H3,1,1.0,0.182,0.1816,0.182,1.0,False,False,2671,2671,Abdulaziz Abdui ATAFI,KSA,Abdulaziz Abdui ATAFI,1.0,OK,1,1308.5,0.1858,-4.2,161.0,0.972,Lane1 | 0.182 sec | 2671 Abdulaziz Abdui ATAFI (KSA)
WCH2025-200m-M-R1-H3,2,2.0,0.135,0.135,0.135,1.0,False,True,2753,2753,Udodi Chudi ONWUZURIKE,NGR,Udodi Chudi ONWUZURIKE,1.0,OK,1,1280.5,0.1408,-5.8,234.0,0.986,Lane2 | 0.135 sec (Quickest) | 2753 Udodi Chudi ONWUZURIKE (NGR)
WCH2025-200m-M-R1-H3,3,3.0,0.173,0.1733,0.173,1.0,False,False,2976,2976,Kenneth BEDNAREK,USA,Kenneth BEDNAREK,1.0,OK,1,1303.5,0.1775,-4.2,225.0,0.962,Lane3 | 0.173 sec | 2976 Kenneth BEDNAREK (USA)
WCH2025-200m-M-R1-H3,4,4.0,0.154,0.1533,0.154,1.0,False,False,2149,2149,Jerome BLAKE,CAN,Jerome BLAKE,1.0,OK,1,1291.5,0.1575,-4.2,200.0,0.913,Lane 4 | 0.154 sec | 2149 Jerome BLAKE (CAN)
WCH2025-200m-M-R1-H3,5,5.0,0.147,0.1467,0.147,1.0,False,False,2469,2469,Animesh KUJUR,IND,Animesh KUJUR,1.0,OK,1,1287.5,0.1508,-4.2,209.0,0.957,Lane5 | 0.147 sec | 2469 Animesh KUJUR (IND)
WCH2025-200m-M-R1-H3,6,6.0,0.163,0.1633,0.163,1.0,False,False,2904,2904,William REAIS,SUI,William REAIS,1.0,OK,1,1297.5,0.1675,-4.2,126.0,0.954,Lane 6 | 0.163 sec | 2904 William REAIS (SUI)
WCH2025-200m-M-R1-H3,7,7.0,0.155,0.155,0.155,1.0,False,False,2853,2853,Sinesipho DAMBILE,RSA,Sinesipho DAMBILE,1.0,OK,1,1292.5,0.1592,-4.2,206.0,0.972,Lane7 | 0.155 sec | 2853 Sinesipho DAMBILE (RSA)
WCH2025-200m-M-R1-H3,8,8.0,0.14,0.14,0.14,1.0,False,False,2666,2666,Seunghwan KO,KOR,Seunghwan KO,1.0,OK,1,1283.5,0.1442,-4.2,207.0,0.968,Lane8 | 0.140 sec | 2666 Seunghwan KO (KOR)
WCH2025-200m-M-R1-H3,9,9.0,0.159,0.1583,0.159,1.0,False,False,2601,2601,Soshi MIZUKUBO,JPN,Soshi MIZUKUBO,1.0,OK,1,1294.5,0.1625,-4.2,216.0,0.974,Lane9 | 0.159 sec | 2601 Soshi MIZUKUBO (JPN)
WCH2025-200m-M-R1-H4,1,1.0,0.138,0.1383,0.138,1.0,False,False,2780,2780,Cesar ALMIRON,PAR,Cesar ALMIRÓN,0.0,OK,1,1282.5,0.1425,-4.2,205.0,0.974,Lane 1. | 0.138 sec | 2780 Cesar ALMIRON (PAR)
WCH2025-200m-M-R1-H4,2,2.0,0.155,0.155,0.155,1.0,False,False,2066,2066,Ian KERR,BAH,Ian KERR,1.0,OK,1,1292.5,0.1592,-4.2,210.0,0.841,Lane 2! | 0.155 sec | 2066 Ian KERR (BAH)
WCH2025-200m-M-R1-H4,3,3.0,0.184,0.1833,0.184,1.0,False,False,2572,2572,Christopher TAYLOR,JAM,Christopher TAYLOR,1.0,OK,1,1309.5,0.1875,-4.2,184.0,0.973,Lane3 | 0.184 sec | 2572 Christopher TAYLOR (JAM)
WCH2025-200m-M-R1-H4,4,4.0,0.152,0.1517,0.152,1.0,False,False,2152,2152,Andre DE GRASSE,CAN,Andre DE GRASSE,1.0,OK,1,1290.5,0.1558,-4.2,217.0,0.919,Lane4 | 0.152 sec | 2152 Andre DE GRASSE (CAN)
WCH2025-200m-M-R1-H4,5,5.0,0.182,0.1816,0.182,1.0,False,False,3016,3016,Noah LYLES,USA,Noah LYLES,1.0,OK,1,1308.5,0.1858,-4.2,211.0,0.929,Lane 5 | 0.182 sec | 3016 Noah LYLES (USA)
WCH2025-200m-M-R1-H4,6,6.0,0.149,0.1483,0.149,1.0,False,False,2513,2513,EseosaFostineDESALU,ITA,Eseosa Fostine DESALU,1.0,OK,1,1288.5,0.1525,-4.2,126.0,0.917,Lane 6 | 0.149 sec | 2513EseosaFostineDESALU (ITA)
WCH2025-200m-M-R1-H4,7,,0.13,0.13,0.13,1.0,False,True,2380,2380,Zharnel HUGHES,GBR,Zharnel HUGHES,1.0,OK,1,1277.5,0.1358,-5.8,187.0,0.934,Lane' | 0.130 sec (Quickest) | 2380 Zharnel HUGHES (GBR)
WCH2025-200m-M-R1-H4,8,,0.16,0.16,0.16,1.0,False,False,2677,2677,Joseph FAHNBULLEH,LBR,Joseph FAHNBULLEH,1.0,OK,1,1295.5,0.1642,-4.2,188.0,0.951,Lane& | 0.160 sec | 2677 Joseph FAHNBULLEH (LBR)
WCH2025-200m-M-R1-H4,9,9.0,,,,,False,False,2221,2221,Hachim MAAROUFOU,COM,Hachim MAAROUFOU,1.0,DNS,0,,,,,0.983,Lane9 | 2221 Hachim MAAROUFOU (COM)
WCH2025-200m-M-R1-H5,1,1.0,0.166,0.1667,0.166,1.0,False,False,2501,2501,Omar SIMPSON,ISV,Omar SIMPSON,1.0,OK,1,1299.5,0.1708,-4.2,217.0,0.964,Lane1 | 0.166 sec | 2501 Omar SIMPSON (ISV)
WCH2025-200m-M-R1-H5,2,2.0,0.151,0.1517,0.151,1.0,False,False,2244,2244,TomaS NEMEJC,CZE,Tomáš NĚMEJC,0.0,OK,1,1290.5,0.1542,-2.5,208.0,0.967,Lane2 | 0.151 sec | 2244 TomaS NEMEJC (CZE)
WCH2025-200m-M-R1-H5,3,3.0,0.166,0.1667,0.166,1.0,False,False,2787,2787,Tovetuna TUNA,PNG,Tovetuna TUNA,1.0,OK,1,1299.5,0.1708,-4.2,204.0,0.956,Lane3 | 0.166 sec | 2787 Tovetuna TUNA (PNG)
WCH2025-200m-M-R1-H5,4,4.0,0.212,0.2116,0.212,1.0,False,False,2442,2442,Ibrahim FUSEINI,GHA,Ibrahim FUSEINI,1.0,OK,1,1326.5,0.2141,-2.5,159.0,0.913,Lane 4 | 0.212 sec | 2442 Ibrahim FUSEINI (GHA)
WCH2025-200m-M-R1-H5,5,5.0,0.157,0.1567,0.157,1.0,False,False,3064,3064,MakanakaisheCHARAMBA,ZIM,Makanakaishe CHARAMBA,1.0,OK,1,1293.5,0.1608,-4.2,202.0,0.979,Lane5 | 0.157 sec | 3064MakanakaisheCHARAMBA (ZIM)
WCH2025-200m-M-R1-H5,6,6.0,0.154,0.1533,0.154,1.0,False,False,2496,2496,Blessing Akwasi AFRIFAH,ISR,Blessing Akwasi AFRIFAH,1.0,OK,1,1291.5,0.1575,-4.2,195.0,0.931,Lane 6 | 0.154 sec | 2496 Blessing Akwasi AFRIFAH (ISR)
WCH2025-200m-M-R1-H5,7,7.0,0.149,0.1483,0.149,1.0,False,False,2560,2560,Bryan LEVELL,JAM,Bryan LEVELL,1.0,OK,1,1288.5,0.1525,-4.2,202.0,0.971,Lane7 | 0.149 sec | 2560 Bryan LEVELL (JAM)
WCH2025-200m-M-R1-H5,8,8.0,0.144,0.1433,0.144,1.0,False,True,2033,2033,Gout GOUT,AUS,Gout GOUT,1.0,OK,1,1285.5,0.1475,-4.2,152.0,0.957,Lane8 | 0.144 sec (Quickest) | 2033 Gout GOUT (AUS)
WCH2025-200m-M-R1-H5,9,9.0,0.214,0.2133,0.214,1.0,False,False,2858,2858,Naeem JACK,RSA,Naeem JACK,1.0,OK,1,1327.5,0.2175,-4.2,201.0,0.989,Lane9 | 0.214 sec | 2858 Naeem JACK (RSA)
WCH2025-200m-M-R1-H6,1,1.0,0.172,0.1717,0.172,1.0,False,False,2011,2011,Darion SKERRITT,ANT,Darion SKERRITT,1.0,OK,1,1302.5,0.1758,-4.2,190.0,0.975,Lane1 | 0.172 sec | 2011 Darion SKERRITT (ANT)
WCH2025-200m-M-R1-H6,2,2.0,0.164,0.1633,0.164,1.0,False,False,2831,2831,JoSé FIGUEROA,PUR,José FIGUEROA,1.0,OK,1,1297.5,0.1675,-4.2,171.0,0.964,Lane2 | 0.164 sec | 2831 JoSé FIGUEROA (PUR)
WCH2025-200m-M-R1-H6,3,3.0,0.17,0.17,0.17,1.0,False,False,2622,2622,Towa UZAWA,JPN,Towa UZAWA,1.0,OK,1,1301.5,0.1742,-4.2,152.0,0.982,Lane3 | 0.170 sec | 2622 Towa UZAWA (JPN)
WCH2025-200m-M-R1-H6,4,4.0,0.149,0.1483,0.149,1.0,False,True,2539,2539,Filipp0 TORTU,ITA,Filippo TORTU,0.0,OK,1,1288.5,0.1525,-4.2,216.0,0.913,Lane 4 | 0.149 sec (Quickest) | 2539 Filipp0 TORTU   (ITA)
WCH2025-200m-M-R1-H6,5,5.0,0.22,0.22,0.22,1.0,False,False,2257,2257,Lidio Andres FELIZ,DOM,Lidio Andres FELIZ,1.0,OK,1,1331.5,0.2258,-5.8,163.0,0.99,Lane5 | 0.220 sec | 2257 Lidio Andres FELIZ (DOM)
WCH2025-200m-M-R1-H6,6,6.0,0.183,0.1833,0.183,1.0,False,False,2063,2063,AIham NAGHIYEV,AZE,Alham NAGHIYEV,0.0,OK,1,1309.5,0.1875,-4.2,182.0,0.931,Lane 6 | 0.183 sec | 2063 AIham NAGHIYEV (AZE)
WCH2025-200m-M-R1-H6,7,7.0,0.156,0.1567,0.156,1.0,False,False,2543,2543,Jaleel CROAL,IVB,Jaleel CROAL,1.0,OK,1,1293.5,0.1608,-4.2,203.0,0.984,Lane7 | 0.156 sec | 2543 Jaleel CROAL (IVB)
WCH2025-200m-M-R1-H6,8,8.0,0.154,0.1533,0.154,1.0,False,False,2737,2737,Xavi MO-AJOK,NED,Xavi MO-AJOK,1.0,OK,1,1291.5,0.1575,-4.2,201.0,0.966,Lane8 | 0.154 sec | 2737 Xavi MO-AJOK (NED)
WCH2025-200m-M-R1-H6,9,9.0,0.179,0.1783,0.179,1.0,False,False,2113,2113,Letsile TEBOGO,BOT,Letsile TEBOGO,1.0,OK,1,1306.5,0.1825,-4.2,214.0,0.964,Lane9 | 0.179 sec | 2113 Letsile TEBOGO (BOT)
WCH2025-200m-M-SF-H1,1,1.0,,,,,False,False,,,,,,,,0,,,,,0.987,Lane1
WCH2025-200m-M-SF-H1,2,2.0,0.157,0.1567,0.157,1.0,False,False,2904,2904,William REAIS,SUI,William REAIS,1.0,OK,1,1293.5,0.1608,-4.2,113.0,0.985,Lane2 | 0.157 sec | 2904 William REAIS (SUI)
WCH2025-200m-M-SF-H1,3,3.0,0.16,0.16,0.16,1.0,False,False,2150,2150,Aaron BROWN,CAN,Aaron BROWN,1.0,OK,1,1295.5,0.1658,-5.8,227.0,0.98,Lane3 | 0.160 sec | 2150 Aaron BROWN (CAN)
WCH2025-200m-M-SF-H1,4,4.0,0.178,0.1783,0.178,1.0,False,False,2878,2878,Wayde VAN NIEKERK,RSA,Wayde VAN NIEKERK,1.0,OK,1,1306.5,0.1825,-4.2,205.0,0.913,Lane 4 | 0.178 sec | 2878 Wayde VAN NIEKERK (RSA)
WCH2025-200m-M-SF-H1,5,5.0,0.14,0.14,0.14,1.0,False,False,2622,2622,ToWa UZAWA,JPN,Towa UZAWA,1.0,OK,1,1283.5,0.1442,-4.2,145.0,0.953,Lane5 | 0.140 sec | 2622 ToWa UZAWA (JPN)
WCH2025-200m-M-SF-H1,6,6.0,0.149,0.1483,0.149,1.0,False,False,3064,3064,MakanakaisheCHARAMBA,ZIM,Makanakaishe CHARAMBA,1.0,OK,1,1288.5,0.1525,-4.2,210.0,0.931,Lane 6 | 0.149 sec | 3064MakanakaisheCHARAMBA (ZIM)
WCH2025-200m-M-SF-H1,7,7.0,0.168,0.1683,0.168,1.0,False,False,2976,2976,Kenneth BEDNAREK,USA,Kenneth BEDNAREK,1.0,OK,1,1300.5,0.1725,-4.2,213.0,0.947,Lane7 | 0.168 sec | 2976 Kenneth BEDNAREK (USA)
WCH2025-200m-M-SF-H1,8,8.0,0.13,0.13,0.13,1.0,False,True,2258,2258,Alexander OGANDO,DOM,Alexander OGANDO,1.0,OK,1,1277.5,0.1342,-4.2,182.0,0.989,Lane8 | 0.130 sec (Quickest) | 2258 Alexander OGANDO (DOM)
WCH2025-200m-M-SF-H1,9,9.0,0.191,0.1916,0.191,1.0,False,False,2572,2572,Christopher TAYLOR,JAM,Christopher TAYLOR,1.0,OK,1,1314.5,0.1941,-2.5,202.0,0.98,Lane9 | 0.191 sec | 2572 Christopher TAYLOR (JAM)
WCH2025-200m-M-SF-H2,1,1.0,,,,,False,False,,,,,,,,0,,,,,0.987,Lane1
WCH2025-200m-M-SF-H2,2,2.0,0.143,0.1433,0.143,1.0,False,False,2149,2149,Jerome BLAKE,CAN,Jerome BLAKE,1.0,OK,1,1285.5,0.1475,-4.2,207.0,0.98,Lane2 | 0.143 sec | 2149 Jerome BLAKE (CAN)
WCH2025-200m-M-SF-H2,3,3.0,0.156,0.1567,0.156,1.0,False,False,2357,2357,Ryan ZEZE,FRA,Ryan ZEZE,1.0,OK,1,1293.5,0.1608,-4.2,185.0,0.954,Lane3 | 0.156 sec | 2357 Ryan ZEZE (FRA)
WCH2025-200m-M-SF-H2,4,4.0,0.14,0.14,0.14,1.0,False,False,2033,2033,Gout GOUT,AUS,Gout GOUT,1.0,OK,1,1283.5,0.1442,-4.2,127.0,0.913,Lane 4 | 0.140 sec | 2033 Gout GOUT (AUS)
WCH2025-200m-M-SF-H2,5,5.0,0.152,0.1517,0.152,1.0,False,False,2737,2737,Xavi MO-AJOK,NED,Xavi MO-AJOK,1.0,OK,1,1290.5,0.1558,-4.2,173.0,0.959,Lane5 | 0.152 sec | 2737 Xavi MO-AJOK (NED)
WCH2025-200m-M-SF-H2,6,6.0,0.181,0.1816,0.181,1.0,False,False,2113,2113,Letsile TEBOGO,BOT,Letsile TEBOGO,1.0,OK,1,1308.5,0.1858,-4.2,209.0,0.931,Lane 6 | 0.181 sec | 2113 Letsile TEBOGO (BOT)
WCH2025-200m-M-SF-H2,7,7.0,0.168,0.1683,0.168,1.0,False,False,3013,3013,Courtney LINDSEY,USA,Courtney LINDSEY,1.0,OK,1,1300.5,0.1725,-4.2,221.0,0.964,Lane7 | 0.168 sec | 3013 Courtney LINDSEY (USA)
WCH2025-200m-M-SF-H2,8,8.0,0.153,0.1533,0.153,1.0,False,False,2560,2560,Bryan LEVELL,JAM,Bryan LEVELL,1.0,OK,1,1291.5,0.1575,-4.2,202.0,0.989,Lane8 | 0.153 sec | 2560 Bryan LEVELL (JAM)
WCH2025-200m-M-SF-H2,9,9.0,0.132,0.1317,0.132,1.0,False,True,2902,2902,Timothé MUMENTHALER,SUI,Timothé MUMENTHALER,1.0,OK,1,1278.5,0.1358,-4.2,193.0,0.98,Lane9 | 0.132 sec (Quickest) | 2902 Timothé MUMENTHALER (SUI)
WCH2025-200m-M-SF-H3,1,1.0,,,,,False,False,,,,,,,,0,,,,,0.987,Lane1
WCH2025-200m-M-SF-H3,2,2.0,0.128,0.1284,0.128,1.0,False,False,2919,2919,Henrik LARSSON,SWE,Henrik LARSSON,1.0,OK,1,1276.5,0.1325,-4.2,219.0,0.984,Lane2 | 0.128 sec | 2919 Henrik LARSSON (SWE)
WCH2025-200m-M-SF-H3,3,3.0,0.157,0.1567,0.157,1.0,False,False,2152,2152,Andre DE GRASSE,CAN,Andre DE GRASSE,1.0,OK,1,1293.5,0.1608,-4.2,221.0,0.988,Lane3 | 0.157 sec | 2152 Andre DE GRASSE (CAN)
WCH2025-200m-M-SF-H3,4,4.0,0.153,0.1533,0.153,1.0,False,False,2559,2559,Adrian KERR,JAM,Adrian KERR,1.0,OK,1,1291.5,0.1575,-4.2,211.0,0.913,Lane 4 | 0.153 sec | 2559 Adrian KERR (JAM)
WCH2025-200m-M-SF-H3,5,5.0,0.119,0.1184,0.119,1.0,False,True,2753,2753,Udodi Chudi ONWUZURIKE,NGR,Udodi Chudi ONWUZURIKE,1.0,OK,1,1270.5,0.1225,-4.2,214.0,0.97,Lane5 | 0.119 sec (Quickest) | 2753 Udodi Chudi ONWUZURIKE (NGR)
WCH2025-200m-M-SF-H3,6,6.0,0.133,0.1333,0.133,1.0,False,False,2380,2380,Zharnel HUGHES,GBR,Zharnel HUGHES,1.0,OK,1,1279.5,0.1375,-4.2,175.0,0.924,Lane 6 | 0.133 sec | 2380 Zharnel HUGHES (GBR)
WCH2025-200m-M-SF-H3,7,7.0,0.181,0.1816,0.181,1.0,False,False,3016,3016,Noah LYLES,USA,Noah LYLES,1.0,OK,1,1308.5,0.1858,-4.2,179.0,0.967,Lane7 | 0.181 sec | 3016 Noah LYLES (USA)
WCH2025-200m-M-SF-H3,8,8.0,0.177,0.1767,0.177,1.0,False,False,3065,3065,Tapiwanashe MAKARAWU,ZIM,Tapiwanashe MAKARAWU,1.0,OK,1,1305.5,0.1808,-4.2,213.0,0.956,Lane8 | 0.177 sec | 3065 Tapiwanashe MAKARAWU (ZIM)
WCH2025-200m-M-SF-H3,9,9.0,0.147,0.1467,0.147,1.0,False,False,2853,2853,Sinesipho DAMBILE,RSA,Sinesipho DAMBILE,1.0,OK,1,1287.5,0.1508,-4.2,209.0,0.947,Lane9 | 0.147 sec | 2853 Sinesipho DAMBILE (RSA)
WCH2025-200m-W-F-H1,1,1.0,,,-0.339,,False,False,,562,,,Anthonique STRACHAN,,DQ,0,,,,,0.987,Lane1
WCH2025-200m-W-F-H1,2,2.0,0.197,0.1966,0.197,1.0,False,False,,1423,,,Mckenzie LONG,,OK,1,1317.5,0.2008,-4.2,142.0,0.992,Lane2 | 0.197 sec
WCH2025-200m-W-F-H1,3,3.0,0.203,0.2033,0.203,1.0,False,False,,1380,,,Brittany BROWN,,OK,1,1321.5,0.2075,-4.2,132.0,0.988,Lane3 | 0.203 sec
WCH2025-200m-W-F-H1,4,4.0,0.166,0.1667,0.166,1.0,False,False,,690,,,Marie-Josée TA LOU-SMITH,,OK,1,1299.5,0.1708,-4.2,127.0,0.913,Lane 4 | 0.166 sec
WCH2025-200m-W-F-H1,5,5.0,0.163,0.1633,0.163,1.0,False,False,,862,,,Amy HUNT,,OK,1,1297.5,0.1675,-4.2,139.0,0.968,Lane5 | 0.163 sec
WCH2025-200m-W-F-H1,6,6.0,0.17,0.17,0.17,1.0,False,False,,1414,,,Melissa JEFFERSON-WOODEN,,OK,1,1301.5,0.1758,-5.8,127.0,0.931,Lane 6 | 0.170 sec
WCH2025-200m-W-F-H1,7,7.0,0.169,0.1683,0.169,1.0,False,False,,1028,,,Shericka JACKSON,,OK,1,1300.5,0.1725,-4.2,150.0,0.992,Lane7 | 0.169 sec
WCH2025-200m-W-F-H1,8,8.0,0.15,0.15,0.15,1.0,False,False,,1377,,,Anavia BATTLE,,OK,1,1289.5,0.1542,-4.2,121.0,0.971,Lane8 | 0.150 sec
WCH2025-200m-W-F-H1,9,9.0,0.147,0.1467,0.147,1.0,False,True,,852,,,Dina ASHER-SMITH,,OK,1,1287.5,0.1508,-4.2,135.0,0.989,Lane9 | 0.147 sec (Quickest)
WCH2025-200m-W-R1-H1,1,1.0,,,,,False,False,,,,,,,,0,,,,,0.987,Lane1
WCH2025-200m-W-R1-H1,2,2.0,0.154,0.1533,0.154,1.0,False,False,628,628,Jacqueline MADOGO,CAN,Jacqueline MADOGO,1.0,OK,1,1291.5,0.1575,-4.2,125.0,0.95,Lane2 | 0.154 sec | 628Jacqueline MADOGO (CAN)
WCH2025-200m-W-R1-H1,3,3.0,0.186,0.1866,0.186,1.0,False,False,690,690,Marie-Josée TA LOU-SMITH,CIV,Marie-Josée TA LOU-SMITH,1.0,OK,1,1311.5,0.1908,-4.2,122.0,0.948,Lane3 | 0.186 sec | 690 Marie-Josée TA LOU-SMITH (CIV)
WCH2025-200m-W-R1-H1,4,4.0,0.181,0.1816,0.181,1.0,False,False,927,927,Polyniki EMMANOUILIDOU,GRE,Polyniki EMMANOUILIDOU,1.0,OK,1,1308.5,0.1841,-2.5,102.0,0.913,Lane 4 | 0.181 sec | 927Polyniki EMMANOUILIDOU (GRE)
WCH2025-200m-W-R1-H1,5,5.0,0.188,0.1883,0.188,1.0,False,False,944,944,Boglarka TAKACS,HUN,Boglárka TAKÁCS,0.0,OK,1,1312.5,0.1775,10.8,93.0,0.976,Lane5 | 0.188 sec | 944 Boglarka TAKACS (HUN)
WCH2025-200m-W-R1-H1,6,6.0,0.161,0.1617,0.161,1.0,False,False,1030,1030,Gabrielle MATTHEWS,JAM,Gabrielle MATTHEWS,1.0,OK,1,1296.5,0.1658,-4.2,102.0,0.931,Lane 6 | 0.161 sec | 1030 Gabrielle MATTHEWS (JAM)
WCH2025-200m-W-R1-H1,7,7.0,0.148,0.1483,0.148,1.0,False,False,934,934,Fatouma CONDE,GUI,Fatouma CONDE,1.0,OK,1,1288.5,0.1508,-2.5,127.0,0.978,Lane7 | 0.148 sec | 934Fatouma CONDE (GUI)
WCH2025-200m-W-R1-H1,8,8.0,0.146,0.1467,0.146,1.0,False,True,1377,1377,Anavia BATTLE,USA,Anavia BATTLE,1.0,OK,1,1287.5,0.1508,-4.2,124.0,0.967,Lane8 | 0.146 sec (Quickest) | 1377 Anavia BATTLE (USA)
WCH2025-200m-W-R1-H1,9,9.0,0.189,0.1883,0.189,1.0,False,False,1271,1271,Veronica Shanti PEREIRA,SGP,Veronica Shanti PEREIRA,1.0,OK,1,1312.5,0.1908,-2.5,113.0,0.973,Lane9 | 0.189 sec | 1271 Veronica Shanti PEREIRA (SGP)
WCH2025-200m-W-R1-H2,1,1.0,,,,,False,False,,,,,,,,0,,,,,0.987,Lane1
WCH2025-200m-W-R1-H2,2,2.0,0.149,0.1483,0.149,1.0,False,True,719,719,Olivia FOTOPOULOU,CYP,Olivia FOTOPOULOU,1.0,OK,1,1288.5,0.1525,-4.2,84.0,0.98,Lane2 | 0.149 sec (Quickest) | 719 Olivia FOTOPOULOU (CYP)
WCH2025-200m-W-R1-H2,3,3.0,0.201,0.2016,0.201,1.0,False,False,924,924,Jessica-Bianca WESSOLLY,GER,Jessica-Bianca WESSOLLY,1.0,OK,1,1320.5,0.2041,-2.5,136.0,0.983,Lane3 | 0.201 sec | 924 Jessica-Bianca WESSOLLY (GER)
WCH2025-200m-W-R1-H2,4,4.0,0.185,0.185,0.185,1.0,False,False,1133,1133,Maria CARMONA,NCA,Maria CARMONA,1.0,OK,1,1310.5,0.1891,-4.2,104.0,0.913,Lane 4 | 0.185 sec | 1133 Maria CARMONA (NCA)
WCH2025-200m-W-R1-H2,5,5.0,0.163,0.1633,0.163,1.0,False,False,688,688,Jessika GBAI,CIV,Jessika GBAI,1.0,OK,1,1297.5,0.1675,-4.2,131.0,0.954,Lane5 | 0.163 sec | 688 Jessika GBAI (CIV)
WCH2025-200m-W-R1-H2,6,6.0,0.167,0.1667,0.167,1.0,False,False,1104,1104,Thelma DAVIES,LBR,Thelma DAVIES,1.0,OK,1,1299.5,0.1708,-4.2,146.0,0.954,Lane 6 | 0.167 sec | 1104 Thelma DAVIES (LBR)
WCH2025-200m-W-R1-H2,7,7.0,0.155,0.155,0.155,1.0,False,False,1414,1414,MelisSa JEFFERSON-WOODEN,USA,Melissa JEFFERSON-WOODEN,1.0,OK,1,1292.5,0.1575,-2.5,134.0,0.939,Lane7 | 0.155 sec | 1414 MelisSa JEFFERSON-WOODEN (USA
WCH2025-200m-W-R1-H2,8,8.0,0.154,0.1533,0.154,1.0,False,False,526,526,Mia GROSS,AUS,Mia GROSS,1.0,OK,1,1291.5,0.1575,-4.2,153.0,0.951,Lane8 | 0.154 sec | 526 Mia GROSS (AUS)
WCH2025-200m-W-R1-H2,9,9.0,0.177,0.1767,0.177,1.0,False,False,843,843,Helene PARISOT,FRA,Helene PARISOT,1.0,OK,1,1305.5,0.1808,-4.2,122.0,0.976,Lane9 | 0.177 sec | 843 Helene PARISOT (FRA)
WCH2025-200m-W-R1-H3,1,1.0,,,,,False,False,,,,,,,,0,,,,,0.987,Lane1
WCH2025-200m-W-R1-H3,2,2.0,0.176,0.1767,0.176,1.0,False,False,1012,1012,Beyonce DEFREITAS,IVB,Beyonce DEFREITAS,1.0,OK,1,1305.5,0.1808,-4.2,132.0,0.961,Lane2 | 0.176 sec | 1012 Beyonce DEFREITAS (IVB)
WCH2025-200m-W-R1-H3,3,3.0,0.139,0.1383,0.139,1.0,False,False,1032,1032,Ashanti MOORE,JAM,Ashanti MOORE,1.0,OK,1,1282.5,0.1425,-4.2,183.0,0.93,Lane 3 | 0.139 sec | 1032 Ashanti MOORE (JAM)
WCH2025-200m-W-R1-H3,4,4.0,,,,,False,False,740,740,Liranyi ALONSO,DOM,Liranyi ALONSO,1.0,DNS,0,,,,,0.97,Lane4 | 740 Liranyi ALONSO (DOM)
WCH2025-200m-W-R1-H3,5,5.0,0.164,0.1633,0.164,1.0,False,False,898,898,Sophia JUNK,GER,Sophia JUNK,1.0,OK,1,1297.5,0.1675,-4.2,144.0,0.957,Lane5 | 0.164 sec | 898 Sophia JUNK (GER)
WCH2025-200m-W-R1-H3,6,6.0,0.117,0.1167,0.117,1.0,False,True,522,522,Kristie EDWARDS,AUS,Kristie EDWARDS,1.0,OK,1,1269.5,0.1209,-4.2,118.0,0.916,Lane 6 | 0.117 sec (Quickest) | 522 Kristie EDWARDS (AUS)
WCH2025-200m-W-R1-H3,7,7.0,0.174,0.1733,0.174,1.0,False,False,1423,1423,Mckenzie LONG,USA,Mckenzie LONG,1.0,OK,1,1303.5,0.1775,-4.2,163.0,0.973,Lane7 | 0.174 sec | 1423 Mckenzie LONG (USA)
WCH2025-200m-W-R1-H3,8,8.0,0.163,0.1633,0.163,1.0,False,False,,591,,,Alinny Skarleth DELGADILLO SILVA,,OK,1,1297.5,0.1675,-4.2,92.0,0.949,Lane8 | 0.163 sec | 591AlinnySkarlethDELGADILLOSILVA
WCH2025-200m-W-R1-H3,9,9.0,0.162,0.1617,0.162,1.0,False,False,1320,1320,Julia HENRIKSSON,SWE,Julia HENRIKSSON,1.0,OK,1,1296.5,0.1642,-2.5,103.0,0.955,Lane9 | 0.162 sec | 1320 Julia HENRIKSSON (SWE)
WCH2025-200m-W-R1-H4,1,1.0,,,,,False,False,,,,,,,,0,,,,,0.987,Lane1
WCH2025-200m-W-R1-H4,2,2.0,0.142,0.1417,0.142,1.0,False,False,991,991,Dalia KADDARI,ITA,Dalia KADDARI,1.0,OK,1,1284.5,0.1458,-4.2,144.0,0.973,Lane2 | 0.142 sec | 991 Dalia KADDARI (ITA)
WCH2025-200m-W-R1-H4,3,3.0,0.265,0.2649,0.265,1.0,False,False,1380,1380,Brittany BROWN,USA,Brittany BROWN,1.0,OK,1,1358.5,0.2691,-4.2,118.0,0.93,Lane 3 | 0.265 sec | 1380 Brittany BROWN (USA)
WCH2025-200m-W-R1-H4,4,4.0,0.162,0.1617,0.162,1.0,False,False,562,562,Anthonique STRACHAN,BAH,Anthonique STRACHAN,1.0,OK,1,1296.5,0.1642,-2.5,114.0,0.955,Lane4 | 0.162 sec | 562 Anthonique STRACHAN (BAH)
WCH2025-200m-W-R1-H4,5,5.0,0.17,0.17,0.17,1.0,False,False,870,870,Daryll NEITA,GBR,Daryll NEITA,1.0,OK,1,1301.5,0.1742,-4.2,164.0,0.965,Lane5 | 0.170 sec | 870 Daryll NEITA (GBR)
WCH2025-200m-W-R1-H4,6,6.0,0.134,0.1333,0.134,1.0,False,True,668,668,Yuting LI,CHN,Yuting LI,1.0,OK,1,1279.5,0.1375,-4.2,88.0,0.926,Lane 6 | 0.134 sec (Quickest) | 668 Yuting LI (CHN)
WCH2025-200m-W-R1-H4,7,7.0,0.163,0.1633,0.163,1.0,False,False,1325,1325,Nora LINDAHL,SWE,Nora LINDAHL,1.0,OK,1,1297.5,0.1675,-4.2,114.0,0.962,Lane7 | 0.163 sec | 1325 Nora LINDAHL (SWE)
WCH2025-200m-W-R1-H4,8,8.0,0.162,0.1617,0.162,1.0,False,False,1339,1339,Leah BERTRAND,TTO,Leah BERTRAND,1.0,OK,1,1296.5,0.1658,-4.2,108.0,0.987,Lane8 | 0.162 sec | 1339 Leah BERTRAND (TTO)
WCH2025-200m-W-R1-H4,9,9.0,0.149,0.1483,0.149,1.0,False,False,1304,1304,Léonie POINTET,SUI,Léonie POINTET,1.0,OK,1,1288.5,0.1525,-4.2,94.0,0.976,Lane9 | 0.149 sec | 1304 Léonie POINTET (SUI)
WCH2025-200m-W-R1-H5,1,1.0,,,,,False,False,,,,,,,,0,,,,,0.987,Lane1
WCH2025-200m-W-R1-H5,2,2.0,0.155,0.155,0.155,1.0,False,False,745,745,Gabriela Anahi SUAREZ,ECU,Gabriela Anahi SUAREZ,1.0,OK,1,1292.5,0.1475,7.5,103.0,0.955,Lane2 | 0.155 sec | 745Gabriela Anahi SUAREZ  (ECU)
WCH2025-200m-W-R1-H5,3,3.0,0.138,0.1383,0.138,1.0,False,True,777,777,Ann Marii KIVIKAS,EST,Ann Marii KIVIKAS,1.0,OK,1,1282.5,0.1408,-2.5,147.0,0.986,Lane3 | 0.138 sec (Quickest) | 777 Ann Marii KIVIKAS (EST)
WCH2025-200m-W-R1-H5,4,4.0,0.186,0.1866,0.186,1.0,False,False,1051,1051,Abigeirufuka IDO,JPN,Abigeirufuka IDO,1.0,OK,1,1311.5,0.1908,-4.2,112.0,0.913,Lane 4 | 0.186 sec | 1051 Abigeirufuka IDO (JPN)
WCH2025-200m-W-R1-H5,5,5.0,0.17,0.17,0.17,1.0,False,False,862,862,Amy HUNT,GBR,Amy HUNT,1.0,OK,1,1301.5,0.1742,-4.2,150.0,0.967,Lane5 | 0.170 sec | 862 Amy HUNT (GBR)
WCH2025-200m-W-R1-H5,6,6.0,0.158,0.1583,0.158,1.0,False,False,585,585,Imke VERVAET,BEL,Imke VERVAET,1.0,OK,1,1294.5,0.1625,-4.2,129.0,0.954,Lane 6 | 0.158 sec | 585 Imke VERVAET (BEL)
WCH2025-200m-W-R1-H5,7,7.0,0.162,0.1617,0.162,1.0,False,False,1231,1231,Lorene Dorcas BAZOLO,POR,Lorène Dorcas BAZOLO,0.0,OK,1,1296.5,0.1658,-4.2,104.0,0.956,Lane7 | 0.162 sec | 1231 Lorene Dorcas BAZOLO (POR)
WCH2025-200m-W-R1-H5,8,8.0,0.169,0.1683,0.169,1.0,False,False,627,627,Audrey LEDUC,CAN,Audrey LEDUC,1.0,OK,1,1300.5,0.1725,-4.2,155.0,0.943,Lane8 | 0.169 sec | 627 Audrey LEDUC (CAN)
WCH2025-200m-W-R1-H5,9,9.0,0.209,0.2083,0.209,1.0,False,False,1028,1028,Shericka JACKSON,JAM,Shericka JACKSON,1.0,OK,1,1324.5,0.2125,-4.2,171.0,0.97,Lane9 | 0.209 sec | 1028 Shericka JACKSON (JAM)
WCH2025-200m-W-R1-H6,1,1.0,,,,,False,False,,,,,,,,0,,,,,0.987,Lane1
WCH2025-200m-W-R1-H6,2,2.0,0.151,0.1517,0.151,1.0,False,False,689,689,Maboundou KONE,CIV,Maboundou KONÉ,0.0,OK,1,1290.5,0.1542,-2.5,115.0,0.971,Lane2 | 0.151 sec | 689 Maboundou KONE (CIV)
WCH2025-200m-W-R1-H6,3,3.0,0.207,0.2066,0.207,1.0,False,False,987,987,Vittoria FONTANA,ITA,Vittoria FONTANA,1.0,OK,1,1323.5,0.2108,-4.2,126.0,0.99,Lane3 | 0.207 sec | 987 Vittoria FONTANA (ITA)
WCH2025-200m-W-R1-H6,4,4.0,0.186,0.1866,0.186,1.0,False,False,1126,1126,Miriam SANCHEZ,MEX,Miriam SÁNCHEZ,0.0,OK,1,1311.5,0.1908,-4.2,107.0,0.913,Lane 4 | 0.186 sec | 1126 Miriam SANCHEZ (MEX)
WCH2025-200m-W-R1-H6,5,5.0,0.17,0.17,0.17,1.0,False,False,752,752,Jael BESTUE,ESP,Jaël BESTUÉ,0.0,OK,1,1301.5,0.1742,-4.2,112.0,0.916,Lane5 | 0.170 sec | 752Jael BESTUE  (ESP)
WCH2025-200m-W-R1-H6,6,6.0,0.175,0.175,0.175,1.0,False,False,1157,1157,Marije VAN HUNENSTIJN,NED,Marije VAN HUNENSTIJN,1.0,OK,1,1304.5,0.1792,-4.2,119.0,0.948,Lane 6 | 0.175 sec | 1157 Marije VAN HUNENSTIJN (NED)
WCH2025-200m-W-R1-H6,7,7.0,0.154,0.1533,0.154,1.0,False,False,852,852,Dina ASHER-SMITH,GBR,Dina ASHER-SMITH,1.0,OK,1,1291.5,0.1575,-4.2,162.0,0.947,Lane7 | 0.154 sec | 852 Dina ASHER-SMITH (GBR)
WCH2025-200m-W-R1-H6,8,8.0,0.146,0.1467,0.146,1.0,False,True,533,533,Torrie LEWIS,AUS,Torrie LEWIS,1.0,OK,1,1287.5,0.1508,-4.2,142.0,0.988,Lane8 | 0.146 sec (Quickest) | 533 Torrie LEWIS (AUS)
WCH2025-200m-W-R1-H6,9,9.0,0.16,0.16,0.16,1.0,False,False,659,659,Yujie CHEN,CHN,Yujie CHEN,1.0,OK,1,1295.5,0.1642,-4.2,115.0,0.97,Lane9 | 0.160 sec | 659 Yujie CHEN (CHN)
WCH2025-200m-W-SF-H1,1,1.0,,,,,False,False,,,,,,,,0,,,,,0.987,Lane1
WCH2025-200m-W-SF-H1,2,2.0,0.185,0.185,0.185,1.0,False,False,843,843,Helene PARISOT,FRA,Helene PARISOT,1.0,OK,1,1310.5,0.1875,-2.5,131.0,0.978,Lane2 | 0.185 sec | 843 Helene PARISOT (FRA)
WCH2025-200m-W-SF-H1,3,3.0,0.196,0.1966,0.196,1.0,False,False,1051,1051,Abigeirufuka IDO,JPN,Abigeirufuka IDO,1.0,OK,1,1317.5,0.2008,-4.2,78.0,0.954,Lane3 | 0.196 sec | 1051 Abigeirufuka IDO (JPN)
WCH2025-200m-W-SF-H1,4,4.0,0.127,0.1267,0.127,1.0,False,True,688,688,Jessika GBAI,CIV,Jessika GBAI,1.0,OK,1,1275.5,0.1308,-4.2,132.0,0.913,Lane 4 | 0.127 sec (Quickest) | 688 Jessika GBAI (CIV)
WCH2025-200m-W-SF-H1,5,5.0,0.169,0.1683,0.169,1.0,False,False,862,862,Amy HUNT,GBR,Amy HUNT,1.0,OK,1,1300.5,0.0726,95.8,109.0,0.948,Lane5 | 0.169 sec | 862 Amy HUNT (GBR)
WCH2025-200m-W-SF-H1,6,6.0,0.164,0.1633,0.164,1.0,False,False,562,562,Anthonique STRACHAN,BAH,Anthonique STRACHAN,1.0,OK,1,1297.5,0.1508,12.5,85.0,0.931,Lane 6 | 0.164 sec | 562 Anthonique STRACHAN (BAH)
WCH2025-200m-W-SF-H1,7,7.0,0.162,0.1617,0.162,1.0,False,False,1028,1028,Shericka JACKSON,JAM,Shericka JACKSON,1.0,OK,1,1296.5,0.1542,7.5,165.0,0.964,Lane7 | 0.162 sec | 1028 Shericka JACKSON (JAM)
WCH2025-200m-W-SF-H1,8,8.0,0.181,0.1816,0.181,1.0,False,False,1380,1380,Brittany BROWN,USA,Brittany BROWN,1.0,OK,1,1308.5,0.1858,-4.2,157.0,0.963,Lane8 | 0.181 sec | 1380 Brittany BROWN (USA)
WCH2025-200m-W-SF-H1,9,9.0,0.184,0.1833,0.184,1.0,False,False,752,752,Jael BESTUE,ESP,Jaël BESTUÉ,0.0,OK,1,1309.5,0.1891,-5.8,105.0,0.958,Lane9 | 0.184 sec | 752 Jael BESTUE (ESP)
WCH2025-200m-W-SF-H2,1,1.0,,,,,False,False,,,,,,,,0,,,,,0.987,Lane1
WCH2025-200m-W-SF-H2,2,2.0,0.147,0.1467,0.147,1.0,False,False,719,719,Olivia FOTOPOULOU,CYP,Olivia FOTOPOULOU,1.0,OK,1,1287.5,0.1375,9.2,75.0,0.992,Lane2 | 0.147 sec | 719 Olivia FOTOPOULOU (CYP)
WCH2025-200m-W-SF-H2,3,3.0,0.165,0.165,0.165,1.0,False,False,1320,1320,Julia HENRIKSSON,SWE,Julia HENRIKSSON,1.0,OK,1,1298.5,0.1375,27.5,80.0,0.986,Lane3 | 0.165 sec | 1320 Julia HENRIKSSON (SWE)
WCH2025-200m-W-SF-H2,4,4.0,0.136,0.1367,0.136,1.0,False,True,1032,1032,AshantiMOORE,JAM,Ashanti MOORE,1.0,OK,1,1281.5,0.1408,-4.2,186.0,0.913,Lane 4 | 0.136 sec (Quickest) | 1032AshantiMOORE (JAM)
WCH2025-200m-W-SF-H2,5,5.0,0.154,0.1533,0.154,1.0,False,False,898,898,Sophia JUNK,GER,Sophia JUNK,1.0,OK,1,1291.5,0.1575,-4.2,142.0,0.968,Lane5 | 0.154 sec | 898 Sophia JUNK (GER)
WCH2025-200m-W-SF-H2,6,6.0,0.153,0.1533,0.153,1.0,False,False,852,852,Dina ASHER-SMITH,GBR,Dina ASHER-SMITH,1.0,OK,1,1291.5,0.1575,-4.2,173.0,0.931,Lane 6 | 0.153 sec | 852 Dina ASHER-SMITH (GBR)
WCH2025-200m-W-SF-H2,7,7.0,0.174,0.1733,0.174,1.0,False,False,1414,1414,Melissa JEFFERSON-WOODEN,USA,Melissa JEFFERSON-WOODEN,1.0,OK,1,1303.5,0.1792,-5.8,121.0,0.935,Lane7 | 0.174 sec | 1414 Melissa JEFFERSON-WOODEN (USA
WCH2025-200m-W-SF-H2,8,8.0,0.138,0.1383,0.138,1.0,False,False,533,533,Torrie LEWIS,AUS,Torrie LEWIS,1.0,OK,1,1282.5,0.1425,-4.2,134.0,0.907,Lane 8 | 0.138 sec | 533 Torrie LEWIS (AUS)
WCH2025-200m-W-SF-H2,9,9.0,0.157,0.1567,0.157,1.0,False,False,585,585,ImkeVERVAET,BEL,Imke VERVAET,1.0,OK,1,1293.5,0.1458,10.8,96.0,0.989,Lane9 | 0.157 sec | 585ImkeVERVAET (BEL)
WCH2025-200m-W-SF-H3,1,1.0,,,,,False,False,,,,,,,,0,,,,,0.987,Lane1
WCH2025-200m-W-SF-H3,2,2.0,0.159,0.1583,0.159,1.0,False,False,627,627,Audrey LEDUC,CAN,Audrey LEDUC,1.0,OK,1,1294.5,0.1625,-4.2,117.0,0.97,Lane2 | 0.159 sec | 627 Audrey LEDUC (CAN)
WCH2025-200m-W-SF-H3,3,3.0,0.17,0.17,0.17,1.0,False,False,1126,1126,Miriam SANCHEZ,MEX,Miriam SÁNCHEZ,0.0,OK,1,1301.5,0.1742,-4.2,82.0,0.975,Lane3 | 0.170 sec | 1126 Miriam SANCHEZ (MEX)
WCH2025-200m-W-SF-H3,4,4.0,0.172,0.1717,0.172,1.0,False,False,1104,1104,Thelma DAVIES,LBR,Thelma DAVIES,1.0,OK,1,1302.5,0.1758,-4.2,131.0,0.913,Lane 4 | 0.172 sec | 1104 Thelma DAVIES (LBR)
WCH2025-200m-W-SF-H3,5,5.0,0.165,0.165,0.165,1.0,False,False,927,927,Polyniki EMMANOUILIDOU,GRE,Polyniki EMMANOUILIDOU,1.0,OK,1,1298.5,0.1675,-2.5,85.0,0.982,Lane5 | 0.165 sec | 927 Polyniki EMMANOUILIDOU (GRE)
WCH2025-200m-W-SF-H3,6,6.0,0.147,0.1467,0.147,1.0,False,True,1377,1377,Anavia BATTLE,USA,Anavia BATTLE,1.0,OK,1,1287.5,0.1508,-4.2,101.0,0.931,Lane 6 | 0.147 sec (Quickest) | 1377 Anavia BATTLE (USA)
WCH2025-200m-W-SF-H3,7,7.0,0.15,0.15,0.15,1.0,False,False,690,690,Marie-Josée TA LOU-SMITH,CIV,Marie-Josée TA LOU-SMITH,1.0,OK,1,1289.5,0.1542,-4.2,127.0,0.985,Lane7 | 0.150 sec | 690 Marie-Josée TA LOU-SMITH (CIV)
WCH2025-200m-W-SF-H3,8,8.0,0.185,0.185,0.185,1.0,False,False,1423,1423,Mckenzie LONG,USA,Mckenzie LONG,1.0,OK,1,1310.5,0.1891,-4.2,165.0,0.907,Lane 8 | 0.185 sec | 1423 Mckenzie LONG (USA)
WCH2025-200m-W-SF-H3,9,9.0,0.179,0.1783,0.179,1.0,False,False,870,870,Daryll NEITA,GBR,Daryll NEITA,1.0,OK,1,1306.5,0.1808,-2.5,163.0,0.989,Lane9 | 0.179 sec | 870 Daryll NEITA (GBR)
WIC2024-60m-M-F-H1,1,1.0,0.162,0.1617,0.162,1.0,False,False,260,260,Shuhei TADA,JPN,Shuhei TADA,1.0,OK,1,1296.5,0.1658,-4.2,192.0,0.976,Lane1 | 0.162 sec | 260 Shuhei TADA (JPN)
WIC2024-60m-M-F-H1,2,2.0,0.147,0.1467,0.147,1.0,False,False,236,236,Chituru ALI,ITA,Chituru ALI,1.0,OK,1,1287.5,0.1525,-5.8,220.0,0.982,Lane2 | 0.147 sec | 236 Chituru ALI (ITA)
WIC2024-60m-M-F-H1,3,3.0,0.15,0.15,0.15,1.0,False,False,154,154,Emmanuel ESEME,CMR,Emmanuel ESEME,1.0,OK,1,1289.5,0.1542,-4.2,172.0,0.985,Lane3 | 0.150 sec | 154 Emmanuel ESEME (CMR)
WIC2024-60m-M-F-H1,4,4.0,0.127,0.1267,0.127,1.0,False,True,389,389,Christian COLEMAN,USA,Christian COLEMAN,1.0,OK,1,1275.5,0.1308,-4.2,155.0,0.913,Lane 4 | 0.127 sec (Quickest) | 389 Christian COLEMAN (USA)
WIC2024-60m-M-F-H1,5,5.0,0.159,0.1583,0.159,1.0,False,False,405,405,Noah LYLES,USA,Noah LYLES,1.0,OK,1,1294.5,0.1625,-4.2,109.0,0.967,Lane5 | 0.159 sec | 405 Noah LYLES (USA)
WIC2024-60m-M-F-H1,6,6.0,0.151,0.1517,0.151,1.0,False,False,248,248,Ackeem BLAKE,JAM,Ackeem BLAKE,1.0,OK,1,1290.5,0.1575,-5.8,223.0,0.931,Lane 6 | 0.151 sec | 248 Ackeem BLAKE (JAM)
WIC2024-60m-M-F-H1,7,7.0,0.138,0.1383,0.138,1.0,False,False,268,268,Ferdinand OMANYALA,KEN,Ferdinand OMANYALA,1.0,OK,1,1282.5,0.1425,-4.2,210.0,0.974,Lane7 | 0.138 sec | 268 Ferdinand OMANYALA (KEN)
WIC2024-60m-M-F-H1,8,8.0,0.14,0.14,0.14,1.0,False,False,369,369,Henrik LARSSON,SWE,Henrik LARSSON,1.0,OK,1,1283.5,0.1442,-4.2,216.0,0.957,Lane8 | 0.140 sec | 369 Henrik LARSSON (SWE)
WIC2024-60m-M-F-H1,9,9.0,,,,,False,False,,,,,,,,0,,,,,0.989,Lane9
WIC2024-60m-M-R1-H1,1,1.0,,,,,False,False,,,,,,,,0,,,,,0.987,Lane1
WIC2024-60m-M-R1-H1,2,2.0,0.137,0.1367,0.137,1.0,False,False,217,217,Aleksandar ASKOVIC,GER,Aleksandar ASKOVIC,1.0,OK,1,1281.5,0.1408,-4.2,138.0,0.965,Lane2 | 0.137 sec | 217 Aleksandar ASKOVIC (GER)
WIC2024-60m-M-R1-H1,3,3.0,0.17,0.17,0.17,1.0,False,False,405,405,Noah LYLES,USA,Noah LYLES,1.0,OK,1,1301.5,0.1742,-4.2,118.0,0.982,Lane3 | 0.170 sec | 405 Noah LYLES (USA)
WIC2024-60m-M-R1-H1,4,4.0,0.16,0.16,0.16,1.0,False,False,203,203,Jeff ERIUS,FRA,Jeff ERIUS,1.0,OK,1,1295.5,0.1642,-4.2,112.0,0.913,Lane 4 | 0.160 sec | 203 Jeff ERIUS (FRA)
WIC2024-60m-M-R1-H1,5,5.0,0.128,0.1284,0.128,1.0,False,False,320,320,Tiaan WHELPTON,NZL,Tiaan WHELPTON,1.0,OK,1,1276.5,0.1308,-2.5,171.0,0.95,Lane5 | 0.128 sec | 320 Tiaan WHELPTON (NZL)
WIC2024-60m-M-R1-H1,6,6.0,0.122,0.1217,0.122,1.0,False,True,108,108,Markus FUCHS,AUT,Markus FUCHS,1.0,OK,1,1272.5,0.1259,-4.2,117.0,0.931,Lane 6 | 0.122 sec (Quickest) | 108 Markus FUCHS (AUT)
WIC2024-60m-M-R1-H1,7,7.0,0.141,0.1417,0.141,1.0,False,False,198,198,WaisakeTEWA,FIJ,Waisake TEWA,1.0,OK,1,1284.5,0.1458,-4.2,185.0,0.986,Lane7 | 0.141 sec | 198WaisakeTEWA (FIJ)
WIC2024-60m-M-R1-H1,8,8.0,0.157,0.1567,0.157,1.0,False,False,209,209,Scott James FITI,FSM,Scott James FITI,1.0,OK,1,1293.5,0.1608,-4.2,160.0,0.907,Lane 8 | 0.157 sec | 209 Scott James FITI (FSM)
WIC2024-60m-M-R1-H1,9,9.0,,,,,False,False,,,,,,,,0,,,,,0.99,Lane9
WIC2024-60m-M-R1-H2,1,1.0,0.171,0.1717,0.171,1.0,False,False,349,349,Janosh MONCHERRY,SEY,Janosh MONCHERRY,1.0,OK,1,1302.5,0.1758,-4.2,146.0,0.987,Lane1 | 0.171 sec | 349 Janosh MONCHERRY (SEY)
WIC2024-60m-M-R1-H2,2,2.0,0.153,0.1533,0.153,1.0,False,False,283,283,Hassan SAAID,MDV,Hassan SAAID,1.0,OK,1,1291.5,0.1575,-4.2,86.0,0.954,Lane2 | 0.153 sec | 283 Hassan SAAID (MDV)
WIC2024-60m-M-R1-H2,3,3.0,0.13,0.13,0.13,1.0,False,False,369,369,Henrik LARSSON,SWE,Henrik LARSSON,1.0,OK,1,1277.5,0.1358,-5.8,222.0,0.977,Lane3 | 0.130 sec | 369 Henrik LARSSON (SWE)
WIC2024-60m-M-R1-H2,4,4.0,0.185,0.185,0.185,1.0,False,False,238,238,Samuele CECCARELLI,ITA,Samuele CECCARELLI,1.0,OK,1,1310.5,0.1891,-4.2,104.0,0.913,Lane 4 | 0.185 sec | 238 Samuele CECCARELLI (ITA)
WIC2024-60m-M-R1-H2,5,5.0,0.178,0.1783,0.178,1.0,False,False,376,376,Kayhan OZER,TUR,Kayhan ÖZER,0.0,OK,1,1306.5,0.1825,-4.2,160.0,0.989,Lane5 | 0.178 sec | 376 Kayhan OZER (TUR)
WIC2024-60m-M-R1-H2,6,6.0,0.128,0.1284,0.128,1.0,False,True,144,144,Malachi MURRAY,CAN,Malachi MURRAY,1.0,OK,1,1276.5,0.1308,-2.5,140.0,0.931,Lane 6 | 0.128 sec (Quickest) | 144 Malachi MURRAY (CAN)
WIC2024-60m-M-R1-H2,7,7.0,0.142,0.1417,0.142,1.0,False,False,105,105,Guillem ARDERIU VILANOVA,AND,Guillem ARDERIU VILANOVA,1.0,OK,1,1284.5,0.1458,-4.2,201.0,0.941,Lane7 | 0.142 sec | 105 Guillem ARDERIU VILANOVA (AND)
WIC2024-60m-M-R1-H2,8,8.0,0.141,0.1417,0.141,1.0,False,False,346,346,Manuihei TEAHA,PYF,Manuihei TEAHA,1.0,OK,1,1284.5,0.1442,-2.5,128.0,0.931,Lane8 | 0.141 sec | 346 Manuihei TEAHA (PYF)
WIC2024-60m-M-R1-H2,9,9.0,,,,,False,False,,,,,,,,0,,,,,0.989,Lane9
WIC2024-60m-M-R1-H3,1,1.0,,,,,False,False,,,,,,,,0,,,,,0.987,Lane1
WIC2024-60m-M-R1-H3,2,2.0,0.138,0.1383,0.138,1.0,False,False,236,236,Chituru ALI,ITA,Chituru ALI,1.0,OK,1,1282.5,0.1425,-4.2,221.0,0.989,Lane2 | 0.138 sec | 236 Chituru ALI (ITA)
WIC2024-60m-M-R1-H3,3,3.0,0.148,0.1483,0.148,1.0,False,False,275,275,Emmanuel MATADI,LBR,Emmanuel MATADI,1.0,OK,1,1288.5,0.1525,-4.2,203.0,0.988,Lane3 | 0.148 sec | 275 Emmanuel MATADI (LBR)
WIC2024-60m-M-R1-H3,4,4.0,0.163,0.1633,0.163,1.0,False,False,131,131,Erik CARDOSO,BRA,Erik CARDOSO,1.0,OK,1,1297.5,0.1675,-4.2,125.0,0.913,Lane 4 | 0.163 sec | 131 Erik CARDOSO (BRA)
WIC2024-60m-M-R1-H3,5,5.0,0.123,0.1234,0.123,1.0,False,True,189,189,Sergio LOPEZ,ESP,Sergio LÓPEZ,0.0,OK,1,1273.5,0.1275,-4.2,164.0,0.955,Lane5 | 0.123 sec (Quickest) | 189 Sergio LOPEZ (ESP)
WIC2024-60m-M-R1-H3,6,6.0,0.14,0.14,0.14,1.0,False,False,234,234,Israel OLATUNDE,IRL,Israel OLATUNDE,1.0,OK,1,1283.5,0.1442,-4.2,111.0,0.931,Lane 6 | 0.140 sec | 234 Israel OLATUNDE (IRL)
WIC2024-60m-M-R1-H3,7,7.0,,,,,False,False,155,155,Dominique Lasconi MULAMBA,COD,Dominique Lasconi MULAMBA,1.0,DNS,0,,,,,0.975,Lane7 | 155 Dominique Lasconi MULAMBA (COD)
WIC2024-60m-M-R1-H3,8,8.0,0.159,0.1583,0.159,1.0,False,False,325,325,Ignacio BLALUK,PLW,Ignacio BLALUK,1.0,OK,1,1294.5,0.1625,-4.2,90.0,0.956,Lane8 | 0.159sec | 325 Ignacio BLALUK (PLW)
WIC2024-60m-M-R1-H3,9,9.0,,,,,False,False,,,,,,,,0,,,,,0.989,Lane9
WIC2024-60m-M-R1-H4,1,1.0,,,,,False,False,,,,,,,,0,,,,,0.987,Lane1
WIC2024-60m-M-R1-H4,2,2.0,0.124,0.1234,0.124,1.0,False,True,379,379,Karalo Hepoiteloto MAIBUCA,TUV,Karalo Hepoiteloto MAIBUCA,1.0,OK,1,1273.5,0.1275,-4.2,142.0,0.978,Lane2 | 0.124 sec (Quickest) | 379 Karalo Hepoiteloto MAIBUCA (TUV)
WIC2024-60m-M-R1-H4,3,3.0,0.139,0.1383,0.139,1.0,False,False,268,268,Ferdinand OMANYALA,KEN,Ferdinand OMANYALA,1.0,OK,1,1282.5,0.1425,-4.2,207.0,0.967,Lane3 | 0.139 sec | 268 Ferdinand OMANYALA (KEN)
WIC2024-60m-M-R1-H4,4,4.0,0.138,0.1383,0.138,1.0,False,False,146,146,Brendon RODNEY,CAN,Brendon RODNEY,1.0,OK,1,1282.5,0.1425,-4.2,178.0,0.913,Lane 4 | 0.138 sec | 146 Brendon RODNEY (CAN)
WIC2024-60m-M-R1-H4,5,5.0,0.138,0.1383,0.138,1.0,False,False,224,224,Ioannis NYFANTOPOULOS,GRE,Ioannis NYFANTOPOULOS,1.0,OK,1,1282.5,0.1425,-4.2,186.0,0.975,Lane5 | 0.138 sec | 224 Ioannis NYFANTOPOULOS (GRE)
WIC2024-60m-M-R1-H4,6,6.0,0.124,0.1234,0.124,1.0,False,True,260,260,Shuhei TADA,JPN,Shuhei TADA,1.0,OK,1,1273.5,0.1292,-5.8,193.0,0.931,Lane 6 | 0.124 sec (Quickest) | 260 Shuhei TADA (JPN)
WIC2024-60m-M-R1-H4,7,7.0,0.133,0.1333,0.133,1.0,False,False,350,350,Marc Brian LOUIS,SGP,Marc Brian LOUIS,1.0,OK,1,1279.5,0.1375,-4.2,94.0,0.921,Lane7 | 0.133 sec | 350 Marc Brian LOUIS (SGP)
WIC2024-60m-M-R1-H4,8,8.0,0.155,0.155,0.155,1.0,False,False,287,287,Ty'ree LANGIDRIK,MHL,Ty'ree LANGIDRIK,1.0,OK,1,1292.5,0.1575,-2.5,100.0,0.977,Lane8 | 0.155 sec | 287 Ty'ree LANGIDRIK (MHL)
WIC2024-60m-M-R1-H4,9,9.0,,,,,False,False,,,,,,,,0,,,,,0.989,Lane9
WIC2024-60m-M-R1-H5,1,1.0,,,,,False,False,,,,,,,,0,,,,,0.987,Lane1
WIC2024-60m-M-R1-H5,2,2.0,0.198,0.1983,0.198,1.0,False,False,221,221,Craig GILL,GIB,Craig GILL,1.0,OK,1,1318.5,0.2008,-2.5,105.0,0.958,Lane2 | 0.198 sec | 221 Craig GILL (GIB)
WIC2024-60m-M-R1-H5,3,3.0,0.141,0.1417,0.141,1.0,False,False,154,154,Emmanuel ESEME,CMR,Emmanuel ESEME,1.0,OK,1,1284.5,0.1442,-2.5,141.0,0.98,Lane3 | 0.141 sec | 154 Emmanuel ESEME (CMR)
WIC2024-60m-M-R1-H5,4,4.0,0.158,0.1583,0.158,1.0,False,False,352,352,Anej CURIN PRAPOTNIK,SLO,Anej ČURIN PRAPOTNIK,0.0,OK,1,1294.5,0.1625,-4.2,158.0,0.913,Lane 4 | 0.158 sec | 352 Anej CURIN PRAPOTNIK (SLO)
WIC2024-60m-M-R1-H5,5,5.0,0.137,0.1367,0.137,1.0,False,False,130,130,Felipe BARDI,BRA,Felipe BARDI,1.0,OK,1,1281.5,0.1408,-4.2,102.0,0.954,Lane5 | 0.137 sec | 130 Felipe BARDI (BRA)
WIC2024-60m-M-R1-H5,6,6.0,0.115,0.115,0.115,1.0,False,True,180,180,Simon HANSEN,DEN,Simon HANSEN,1.0,OK,1,1268.5,0.1175,-2.5,161.0,0.931,Lane 6 | 0.115 sec (Quickest) | 180 Simon HANSEN (DEN)
WIC2024-60m-M-R1-H5,7,7.0,0.123,0.1234,0.123,1.0,False,False,158,158,Ambdoul Karim RIFFAYN,COM,Ambdoul Karim RIFFAYN,1.0,OK,1,1273.5,0.1275,-4.2,120.0,0.975,Lane7 | 0.123 sec | 158 Ambdoul Karim RIFFAYN (COM)
WIC2024-60m-M-R1-H5,8,8.0,0.156,0.1567,0.156,1.0,False,False,314,314,Winzar KAKIOUEA,NRU,Winzar KAKIOUEA,1.0,OK,1,1293.5,0.1608,-4.2,130.0,0.953,Lane8 | 0.156 sec | 314 Winzar KAKIOUEA (NRU)
WIC2024-60m-M-R1-H5,9,9.0,,,,,False,False,,,,,,,,0,,,,,0.989,Lane9
WIC2024-60m-M-R1-H6,1,1.0,,,,,False,False,,,,,,,,0,,,,,0.987,Lane1
WIC2024-60m-M-R1-H6,2,2.0,0.124,0.1234,0.124,1.0,False,False,113,113,Mario BURKE,BAR,Mario BURKE,1.0,OK,1,1273.5,0.1275,-4.2,148.0,0.963,Lane2 | 0.124 sec | 113 Mario BURKE (BAR)
WIC2024-60m-M-R1-H6,3,3.0,0.137,0.1367,0.137,1.0,False,False,359,359,Pascal MANCINI,SUI,Pascal MANCINI,1.0,OK,1,1281.5,0.1408,-4.2,142.0,0.959,Lane3 | 0.137 sec | 359 Pascal MANCINI (SUI)
WIC2024-60m-M-R1-H6,4,4.0,0.116,0.1167,0.116,1.0,False,True,389,389,Christian COLEMAN,USA,Christian COLEMAN,1.0,OK,1,1269.5,0.1209,-4.2,133.0,0.913,Lane 4 | 0.116 sec (Quickest) | 389 Christian COLEMAN (USA)
WIC2024-60m-M-R1-H6,5,5.0,0.128,0.1284,0.128,1.0,False,False,258,258,Akihiro HIGASHIDA,JPN,Akihiro HIGASHIDA,1.0,OK,1,1276.5,0.1308,-2.5,90.0,0.974,Lane5 | 0.128 sec | 258 Akihiro HIGASHIDA (JPN)
WIC2024-60m-M-R1-H6,6,6.0,0.134,0.1333,0.134,1.0,False,False,247,247,Rikkoi BRATHWAITE,IVB,Rikkoi BRATHWAITE,1.0,OK,1,1279.5,0.1375,-4.2,190.0,0.931,Lane 6 | 0.134 sec | 247 Rikkoi BRATHWAITE (IVB)
WIC2024-60m-M-R1-H6,7,7.0,0.166,0.1667,0.166,1.0,False,False,156,156,Daniel TOLOSA,COK,Daniel TOLOSA,1.0,OK,1,1299.5,0.1708,-4.2,105.0,0.977,Lane7 | 0.166 sec | 156 Daniel TOLOSA (COK)
WIC2024-60m-M-R1-H6,8,8.0,0.125,0.125,0.125,1.0,False,False,228,228,Joseph GREEN,GUM,Joseph GREEN,1.0,OK,1,1274.5,0.1292,-4.2,155.0,0.987,Lane8 | 0.125 sec | 228 Joseph GREEN (GUM)
WIC2024-60m-M-R1-H6,9,9.0,,,,,False,False,,,,,,,,0,,,,,0.99,Lane9
WIC2024-60m-M-R1-H7,1,1.0,,,,,False,False,,,,,,,,0,,,,,0.987,Lane1
WIC2024-60m-M-R1-H7,2,2.0,0.155,0.155,0.155,1.0,False,False,322,322,Shajar ABBAS,PAK,Shajar ABBAS,1.0,OK,1,1292.5,0.1592,-4.2,146.0,0.941,Lane2 | 0.155 sec | 322 Shajar ABBAS (PAK)
WIC2024-60m-M-R1-H7,3,3.0,0.158,0.1583,0.158,1.0,False,False,248,248,Ackeem BLAKE,JAM,Ackeem BLAKE,1.0,OK,1,1294.5,0.1625,-4.2,226.0,0.965,Lane3 | 0.158 sec | 248 Ackeem BLAKE (JAM)
WIC2024-60m-M-R1-H7,4,4.0,0.164,0.1633,0.164,1.0,False,False,112,112,Imranur RAHMAN,BAN,Imranur RAHMAN,1.0,OK,1,1297.5,0.1692,-5.8,119.0,0.913,Lane 4 | 0.164 sec | 112 Imranur RAHMAN (BAN)
WIC2024-60m-M-R1-H7,5,5.0,0.124,0.1234,0.124,1.0,False,False,200,200,Samuli SAMUELSSON,FIN,Samuli SAMUELSSON,1.0,OK,1,1273.5,0.1275,-4.2,150.0,0.981,Lane5 | 0.124 sec | 200 Samuli SAMUELSSON (FIN)
WIC2024-60m-M-R1-H7,6,6.0,0.123,0.1234,0.123,1.0,False,True,365,365,Jan VOLKO,SVK,Ján VOLKO,0.0,OK,1,1273.5,0.1275,-4.2,185.0,0.931,Lane 6 | 0.123 sec (Quickest) | 365 Jan VOLKO (SVK)
WIC2024-60m-M-R1-H7,7,7.0,0.155,0.155,0.155,1.0,False,False,372,372,Sibusiso MATSENJWA,SWZ,Sibusiso MATSENJWA,1.0,OK,1,1292.5,0.1575,-2.5,148.0,0.961,Lane7 | 0.155 sec | 372 Sibusiso MATSENJWA (SWZ)
WIC2024-60m-M-R1-H7,8,8.0,0.165,0.165,0.165,1.0,False,False,292,292,Sanjay WEEKES,MNT,Sanjay WEEKES,1.0,OK,1,1298.5,0.1692,-4.2,138.0,0.907,Lane 8 | 0.165 sec | 292 Sanjay WEEKES (MNT)
WIC2024-60m-M-R1-H7,9,9.0,,,,,False,False,,,,,,,,0,,,,,0.99,Lane9
WIC2024-60m-M-SF-H1,1,1.0,0.122,0.1217,0.122,1.0,False,False,108,108,Markus FUCHS,AUT,Markus FUCHS,1.0,OK,1,1272.5,0.1259,-4.2,124.0,0.987,Lane1 | 0.122 sec | 108 Markus FUCHS (AUT)
WIC2024-60m-M-SF-H1,2,2.0,0.15,0.15,0.15,1.0,False,False,352,352,Anej CURIN PRAPOTNIK,SLO,Anej ČURIN PRAPOTNIK,0.0,OK,1,1289.5,0.1542,-4.2,169.0,0.963,Lane2 | 0.150 sec | 352 Anej CURIN PRAPOTNIK (SLO)
WIC2024-60m-M-SF-H1,3,3.0,0.109,0.1084,0.109,1.0,False,True,180,180,Simon HANSEN,DEN,Simon HANSEN,1.0,OK,1,1264.5,0.1125,-4.2,173.0,0.988,Lane3 | 0.109 sec (Quickest) | 180 Simon HANSEN (DEN)
WIC2024-60m-M-SF-H1,4,4.0,0.137,0.1367,0.137,1.0,False,False,389,389,Christian COLEMAN,USA,Christian COLEMAN,1.0,OK,1,1281.5,0.1408,-4.2,161.0,0.913,Lane 4 | 0.137 sec | 389 Christian COLEMAN (USA)
WIC2024-60m-M-SF-H1,5,5.0,0.145,0.145,0.145,1.0,False,False,369,369,Henrik LARSSON,SWE,Henrik LARSSON,1.0,OK,1,1286.5,0.1492,-4.2,212.0,0.941,Lane5 | 0.145 sec | 369 Henrik LARSSON (SWE)
WIC2024-60m-M-SF-H1,6,6.0,0.123,0.1234,0.123,1.0,False,False,236,236,Chituru ALI,ITA,Chituru ALI,1.0,OK,1,1273.5,0.1292,-5.8,222.0,0.931,Lane 6 | 0.123 sec | 236 Chituru ALI (ITA)
WIC2024-60m-M-SF-H1,7,7.0,0.15,0.15,0.15,1.0,False,False,203,203,Jeff ERIUS,FRA,Jeff ERIUS,1.0,OK,1,1289.5,0.1542,-4.2,146.0,0.99,Lane7 | 0.150 sec | 203 Jeff ERIUS (FRA)
WIC2024-60m-M-SF-H1,8,8.0,0.135,0.135,0.135,1.0,False,False,189,189,Sergio LOPEZ,ESP,Sergio LÓPEZ,0.0,OK,1,1280.5,0.1392,-4.2,191.0,0.962,Lane8 | 0.135 sec | 189 Sergio LOPEZ (ESP)
WIC2024-60m-M-SF-H1,9,9.0,,,,,False,False,,,,,,,,0,,,,,0.989,Lane9
WIC2024-60m-M-SF-H2,1,1.0,0.133,0.1333,0.133,1.0,False,False,247,247,Rikkoi BRATHWAITE,IVB,Rikkoi BRATHWAITE,1.0,OK,1,1279.5,0.1375,-4.2,183.0,0.941,Lane1 | 0.133 sec | 247 Rikkoi BRATHWAITE (IVB)
WIC2024-60m-M-SF-H2,2,2.0,0.161,0.1617,0.161,1.0,False,False,112,112,Imranur RAHMAN,BAN,Imranur RAHMAN,1.0,OK,1,1296.5,0.1642,-2.5,119.0,0.962,Lane2 | 0.161 sec | 112 Imranur RAHMAN (BAN)
WIC2024-60m-M-SF-H2,3,3.0,0.128,0.1284,0.128,1.0,False,True,113,113,Mario BURKE,BAR,Mario BURKE,1.0,OK,1,1276.5,0.1325,-4.2,183.0,0.946,Lane3 | 0.128 sec (Quickest) | 113 Mario BURKE (BAR)
WIC2024-60m-M-SF-H2,4,4.0,0.161,0.1617,0.161,1.0,False,False,248,248,Ackeem BLAKE,JAM,Ackeem BLAKE,1.0,OK,1,1296.5,0.1658,-4.2,212.0,0.913,Lane 4 | 0.161 sec | 248 Ackeem BLAKE (JAM)
WIC2024-60m-M-SF-H2,5,5.0,0.169,0.1683,0.169,1.0,False,False,154,154,Emmanuel ESEME,CMR,Emmanuel ESEME,1.0,OK,1,1300.5,0.1725,-4.2,161.0,0.979,Lane5 | 0.169 sec | 154 Emmanuel ESEME (CMR)
WIC2024-60m-M-SF-H2,6,6.0,0.144,0.1433,0.144,1.0,False,False,365,365,Jan VOLKO,SVK,Ján VOLKO,0.0,OK,1,1285.5,0.1475,-4.2,177.0,0.931,Lane 6 | 0.144 sec | 365 Jan VOLKO (SVK)
WIC2024-60m-M-SF-H2,7,7.0,0.142,0.1417,0.142,1.0,False,False,258,258,Akihiro HIGASHIDA,JPN,Akihiro HIGASHIDA,1.0,OK,1,1284.5,0.1458,-4.2,112.0,0.983,Lane7 | 0.142 sec | 258 Akihiro HIGASHIDA (JPN)
WIC2024-60m-M-SF-H2,8,8.0,0.137,0.1367,0.137,1.0,False,False,376,376,Kayhan OZER,TUR,Kayhan ÖZER,0.0,OK,1,1281.5,0.1408,-4.2,206.0,0.97,Lane8 | 0.137 sec | 376 Kayhan OZER (TUR)
WIC2024-60m-M-SF-H2,9,9.0,,,,,False,False,,,,,,,,0,,,,,0.99,Lane9
WIC2024-60m-M-SF-H3,1,1.0,0.16,0.16,0.16,1.0,False,False,350,350,Marc Brian LOUIS,SGP,Marc Brian LOUIS,1.0,OK,1,1295.5,0.1642,-4.2,119.0,0.987,Lane1 | 0.160 sec | 350 Marc Brian LOUIS (SGP)
WIC2024-60m-M-SF-H3,2,2.0,0.153,0.1533,0.153,1.0,False,False,144,144,Malachi MURRAY,CAN,Malachi MURRAY,1.0,OK,1,1291.5,0.1575,-4.2,97.0,0.963,Lane2 | 0.153 sec | 144 Malachi MURRAY (CAN)
WIC2024-60m-M-SF-H3,3,3.0,0.135,0.135,0.135,1.0,False,False,268,268,Ferdinand OMANYALA,KEN,Ferdinand OMANYALA,1.0,OK,1,1280.5,0.1392,-4.2,208.0,0.967,Lane3 | 0.135 sec | 268 Ferdinand OMANYALA (KEN)
WIC2024-60m-M-SF-H3,4,4.0,0.133,0.1333,0.133,1.0,False,True,260,260,Shuhei TADA,JPN,Shuhei TADA,1.0,OK,1,1279.5,0.1375,-4.2,165.0,0.913,Lane 4 | 0.133 sec (Quickest) | 260 Shuhei TADA (JPN)
WIC2024-60m-M-SF-H3,5,5.0,0.15,0.15,0.15,1.0,False,False,275,275,Emmanuel MATADI,LBR,Emmanuel MATADI,1.0,OK,1,1289.5,0.1542,-4.2,198.0,0.974,Lane5 | 0.150 sec | 275 Emmanuel MATADI (LBR)
WIC2024-60m-M-SF-H3,6,6.0,0.139,0.1383,0.139,1.0,False,False,405,405,Noah LYLES,USA,Noah LYLES,1.0,OK,1,1282.5,0.1408,-2.5,118.0,0.931,Lane 6 | 0.139 sec | 405 Noah LYLES (USA)
WIC2024-60m-M-SF-H3,7,7.0,0.151,0.1517,0.151,1.0,False,False,217,217,Aleksandar ASKOVIC,GER,Aleksandar ASKOVIC,1.0,OK,1,1290.5,0.1542,-2.5,168.0,0.966,Lane7 | 0.151 sec | 217 Aleksandar ASKOVIC (GER)
WIC2024-60m-M-SF-H3,8,8.0,0.134,0.1333,0.134,1.0,False,False,359,359,PaScal MANCINI,SUI,Pascal MANCINI,1.0,OK,1,1279.5,0.1375,-4.2,172.0,0.948,Lane8 | 0.134 sec | 359 PaScal MANCINI (SUI)
WIC2024-60m-M-SF-H3,9,9.0,,,,,False,False,,,,,,,,0,,,,,0.99,Lane9
WIC2024-60m-W-F-H1,1,1.0,0.158,0.1583,0.158,1.0,False,False,704,704,Patrizia VAN DER WEKEN,LUX,Patrizia VAN DER WEKEN,1.0,OK,1,1294.5,0.1608,-2.5,87.0,0.987,Lane1 | 0.158 sec | 704 Patrizia VAN DER WEKEN (LUX)
WIC2024-60m-W-F-H1,2,2.0,0.168,0.1683,0.168,1.0,False,False,521,521,Rani ROSIUS,BEL,Rani ROSIUS,1.0,OK,1,1300.5,0.1708,-2.5,105.0,0.958,Lane2 | 0.168 sec | 521 Rani ROSIUS (BEL)
WIC2024-60m-W-F-H1,3,3.0,0.148,0.1483,0.148,1.0,False,False,670,670,Zaynab DOSSO,ITA,Zaynab DOSSO,1.0,OK,1,1288.5,0.1525,-4.2,112.0,0.972,Lane3 | 0.148 sec | 670 Zaynab DOSSO (ITA)
WIC2024-60m-W-F-H1,4,4.0,0.159,0.1583,0.159,1.0,False,False,701,701,Julien ALFRED,LCA,Julien ALFRED,1.0,OK,1,1294.5,0.1625,-4.2,112.0,0.913,Lane 4 | 0.159 sec | 701 Julien ALFRED (LCA)
WIC2024-60m-W-F-H1,5,5.0,0.146,0.1467,0.146,1.0,False,False,742,742,Ewa SWOBODA,POL,Ewa SWOBODA,1.0,OK,1,1287.5,0.1508,-4.2,110.0,0.971,Lane5 | 0.146 sec | 742 Ewa SWOBODA (POL)
WIC2024-60m-W-F-H1,6,6.0,,,,,False,False,812,812,Aleia HOBBS,USA,Aleia HOBBS,1.0,DNS,0,,,,,0.924,Lane 6 | 812 Aleia HOBBS (USA)
WIC2024-60m-W-F-H1,7,7.0,0.147,0.1467,0.147,1.0,False,False,801,801,Mikiah BRISCO,USA,Mikiah BRISCO,1.0,OK,1,1287.5,0.1508,-4.2,96.0,0.972,Lane7 | 0.147 sec | 801 Mikiah BRISCO (USA)
WIC2024-60m-W-F-H1,8,8.0,0.139,0.1383,0.139,1.0,False,True,725,725,Zoe HOBBS,NZL,Zoe HOBBS,1.0,OK,1,1282.5,0.1442,-5.8,165.0,0.949,Lane8 | 0.139 sec (Quickest) | 725 Zoe HOBBS (NZL)
WIC2024-60m-W-F-H1,9,9.0,,,,,False,False,,,,,,,,0,,,,,0.99,Lane9
WIC2024-60m-W-R1-H1,1,1.0,0.156,0.1567,0.156,1.0,False,False,729,729,Macarena GIMENEZ,PAR,Macarena GIMENEZ,1.0,OK,1,1293.5,0.1475,9.2,72.0,0.987,Lane1 | 0.156 sec | 729 Macarena GIMENEZ (PAR)
WIC2024-60m-W-R1-H1,2,2.0,0.166,0.1667,0.166,1.0,False,False,,552,,,Anais Valentina HERNÁNDEZ ALEGRÍA,,OK,1,1299.5,0.1742,-7.5,75.0,0.961,Lane2 | 0.166 sec | 552AnaisValentinaHERNANDEZALEGRI
WIC2024-60m-W-R1-H1,3,3.0,0.158,0.1583,0.158,1.0,False,False,582,582,Maria Isabel PEREZ,ESP,Maria Isabel PÉREZ,0.0,OK,1,1294.5,0.1625,-4.2,82.0,0.977,Lane3 | 0.158 sec | 582 Maria Isabel PEREZ (ESP)
WIC2024-60m-W-R1-H1,4,4.0,0.157,0.1567,0.157,1.0,False,False,535,535,Vitoria Cristina ROSA,BRA,Vitoria Cristina ROSA,1.0,OK,1,1293.5,0.1425,14.2,77.0,0.913,Lane 4 | 0.157 sec | 535 Vitoria Cristina ROSA (BRA)
WIC2024-60m-W-R1-H1,5,5.0,0.125,0.125,0.125,1.0,False,True,773,773,Géraldine FREY,SUI,Géraldine FREY,1.0,OK,1,1274.5,0.1292,-4.2,76.0,0.988,Lane5 | 0.125 sec (Quickest) | 773 Géraldine FREY (SUI)
WIC2024-60m-W-R1-H1,6,6.0,0.141,0.1417,0.141,1.0,False,False,513,513,Anthonique STRACHAN,BAH,Anthonique STRACHAN,1.0,OK,1,1284.5,0.1442,-2.5,89.0,0.954,Lane 6 | 0.141 sec | 513 Anthonique STRACHAN (BAH)
WIC2024-60m-W-R1-H1,7,7.0,0.149,0.1483,0.149,1.0,False,False,783,783,Monika WEIGERTOVA,SVK,Monika WEIGERTOVÁ,0.0,OK,1,1288.5,0.1525,-4.2,88.0,0.973,Lane7 | 0.149 sec | 783 Monika WEIGERTOVA (SVK)
WIC2024-60m-W-R1-H1,8,8.0,0.192,0.1916,0.192,1.0,False,False,769,769,Jovita ARUNIA,SOL,Jovita ARUNIA,1.0,OK,1,1314.5,0.1775,14.2,66.0,0.945,Lane8 | 0.192 sec | 769 Jovita ARUNIA (SOL)
WIC2024-60m-W-R1-H1,9,9.0,,,,,False,False,,,,,,,,0,,,,,0.989,Lane9
WIC2024-60m-W-R1-H2,1,1.0,,,,,False,False,,,,,,,,0,,,,,0.987,Lane1
WIC2024-60m-W-R1-H2,2,2.0,0.138,0.1383,0.138,1.0,False,False,542,542,Sade MCCREATH,CAN,Sade MCCREATH,1.0,OK,1,1282.5,0.1408,-2.5,94.0,0.979,Lane2 | 0.138 sec | 542 Sade MCCREATH (CAN)
WIC2024-60m-W-R1-H2,3,3.0,0.141,0.1417,0.141,1.0,False,False,649,649,Boglarka TAKACS,HUN,Boglárka TAKÁCS,0.0,OK,1,1284.5,0.1259,15.8,54.0,0.978,Lane3 | 0.141 sec | 649 Boglarka TAKACS (HUN)
WIC2024-60m-W-R1-H2,4,4.0,0.155,0.155,0.155,1.0,False,False,742,742,Ewa SWOBODA,POL,Ewa SWOBODA,1.0,OK,1,1292.5,0.1575,-2.5,108.0,0.913,Lane 4 | 0.155 sec | 742 Ewa SWOBODA (POL)
WIC2024-60m-W-R1-H2,5,5.0,0.179,0.1783,0.179,1.0,False,False,528,528,Ana Carolina AZEVEDO,BRA,Ana Carolina AZEVEDO,1.0,OK,1,1306.5,0.1558,22.5,101.0,0.943,Lane5 | 0.179 sec | 528 Ana Carolina AZEVEDO (BRA)
WIC2024-60m-W-R1-H2,6,6.0,0.141,0.1417,0.141,1.0,False,False,686,686,Briana WILLIAMS,JAM,Briana WILLIAMS,1.0,OK,1,1284.5,0.1458,-4.2,122.0,0.931,Lane 6 | 0.141 sec | 686 Briana WILLIAMS (JAM)
WIC2024-60m-W-R1-H2,7,7.0,0.162,0.1617,0.162,1.0,False,False,674,674,Beyonce DEFREITAS,IVB,Beyonce DEFREITAS,1.0,OK,1,1296.5,0.1658,-4.2,103.0,0.973,Lane7 | 0.162 sec | 674Beyonce DEFREITAS(IVB)
WIC2024-60m-W-R1-H2,8,8.0,0.129,0.1284,0.129,1.0,False,True,768,768,Alessandra GASPARELLI,SMR,Alessandra GASPARELLI,1.0,OK,1,1276.5,0.1325,-4.2,91.0,0.977,Lane8 | 0.129 sec (Quickest) | 768 Alessandra GASPARELLI (SMR)
WIC2024-60m-W-R1-H2,9,9.0,,,,,False,False,,,,,,,,0,,,,,0.989,Lane9
WIC2024-60m-W-R1-H3,1,1.0,,,,,False,False,,,,,,,,0,,,,,0.987,Lane1
WIC2024-60m-W-R1-H3,2,2.0,0.163,0.1633,0.163,1.0,False,False,700,700,Aziza SBAITY,LBN,Aziza SBAITY,1.0,OK,1,1297.5,0.1675,-4.2,65.0,0.95,Lane2 | 0.163 sec | 700 Aziza SBAITY (LBN)
WIC2024-60m-W-R1-H3,3,3.0,0.159,0.1583,0.159,1.0,False,False,716,716,N'Ketia SEEDO,NED,N'Ketia SEEDO,1.0,OK,1,1294.5,0.1625,-4.2,108.0,0.954,Lane3 | 0.159 sec | 716 N'Ketia SEEDO (NED)
WIC2024-60m-W-R1-H3,4,4.0,0.154,0.1533,0.154,1.0,False,False,509,509,Magdalena LINDNER,AUT,Magdalena LINDNER,1.0,OK,1,1291.5,0.1575,-4.2,49.0,0.913,Lane 4 | 0.154 sec | 509 Magdalena LINDNER (AUT)
WIC2024-60m-W-R1-H3,5,5.0,0.135,0.135,0.135,1.0,False,False,801,801,Mikiah BRISCO,USA,Mikiah BRISCO,1.0,OK,1,1280.5,0.1392,-4.2,76.0,0.983,Lane5 | 0.135 sec | 801 Mikiah BRISCO (USA)
WIC2024-60m-W-R1-H3,6,6.0,0.16,0.16,0.16,1.0,False,False,701,701,Julien ALFRED,LCA,Julien ALFRED,1.0,OK,1,1295.5,0.1642,-4.2,112.0,0.931,Lane 6 | 0.160 sec | 701 Julien ALFRED (LCA)
WIC2024-60m-W-R1-H3,7,7.0,0.134,0.1333,0.134,1.0,False,True,561,561,Karolina MANASOVA,CZE,Karolína MAŇASOVÁ,0.0,OK,1,1279.5,0.1375,-4.2,91.0,0.967,Lane7 | 0.134 sec (Quickest) | 561 Karolina MANASOVA (CZE)
WIC2024-60m-W-R1-H3,8,8.0,0.181,0.1816,0.181,1.0,False,False,527,527,Guadalupe TORREZ,BOL,Guadalupe TORREZ,1.0,OK,1,1308.5,0.1858,-4.2,72.0,0.963,Lane8 | 0.181 sec | 527 Guadalupe TORREZ (BOL)
WIC2024-60m-W-R1-H3,9,9.0,,,,,False,False,,,,,,,,0,,,,,0.989,Lane9
WIC2024-60m-W-R1-H4,1,1.0,,,,,False,False,,,,,,,,0,,,,,0.987,Lane1
WIC2024-60m-W-R1-H4,2,2.0,0.124,0.1234,0.124,1.0,False,False,515,515,Tristan EVELYN,BAR,Tristan EVELYN,1.0,OK,1,1273.5,0.1275,-4.2,112.0,0.939,Lane2 | 0.124 sec | 515 Tristan EVELYN (BAR)
WIC2024-60m-W-R1-H4,3,3.0,0.144,0.1433,0.144,1.0,False,False,725,725,Zoe HOBBS,NZL,Zoe HOBBS,1.0,OK,1,1285.5,0.1475,-4.2,113.0,0.988,Lane3 | 0.144 sec | 725 Zoe HOBBS (NZL)
WIC2024-60m-W-R1-H4,4,4.0,0.162,0.1617,0.162,1.0,False,False,521,521,Rani ROSIUS,BEL,Rani ROSIUS,1.0,OK,1,1296.5,0.1525,9.2,78.0,0.913,Lane 4 | 0.162 sec | 521 Rani ROSIUS (BEL)
WIC2024-60m-W-R1-H4,5,5.0,0.159,0.1583,0.159,1.0,False,False,774,774,Melissa GUTSCHMIDT,SUI,Melissa GUTSCHMIDT,1.0,OK,1,1294.5,0.1625,-4.2,64.0,0.99,Lane5 | 0.159 sec | 774 Melissa GUTSCHMIDT (SUI)
WIC2024-60m-W-R1-H4,6,6.0,0.12,0.12,0.12,1.0,False,True,789,789,Michelle-Lee AHYE,TTO,Michelle-Lee AHYE,1.0,OK,1,1271.5,0.1242,-4.2,71.0,0.931,Lane 6 | 0.120 sec (Quickest) | 789 Michelle-Lee AHYE (TTO)
WIC2024-60m-W-R1-H4,7,7.0,0.148,0.1483,0.148,1.0,False,False,600,600,Lotta KEMPPINEN,FIN,Lotta KEMPPINEN,1.0,OK,1,1288.5,0.1525,-4.2,109.0,0.944,Lane7 | 0.148 sec | 600 Lotta KEMPPINEN (FIN)
WIC2024-60m-W-R1-H4,8,8.0,0.133,0.1333,0.133,1.0,False,False,568,568,Astrid GLENNER-FRANDSEN,DEN,Astrid GLENNER-FRANDSEN,1.0,OK,1,1279.5,0.1375,-4.2,76.0,0.986,Lane8 | 0.133 sec | 568 Astrid GLENNER-FRANDSEN (DEN)
WIC2024-60m-W-R1-H4,9,9.0,,,,,False,False,,,,,,,,0,,,,,0.99,Lane9
WIC2024-60m-W-R1-H5,1,1.0,0.193,0.1933,0.193,1.0,False,False,708,708,Marie-Charlotte GASTAUD,MON,Marie-Charlotte GASTAUD,1.0,OK,1,1315.5,0.1808,12.5,82.0,0.984,Lane1 | 0.193 sec | 708 Marie-Charlotte GASTAUD (MON)
WIC2024-60m-W-R1-H5,2,2.0,0.184,0.1833,0.184,1.0,False,False,619,619,Amy HUNT,GBR,Amy HUNT,1.0,OK,1,1309.5,0.1875,-4.2,113.0,0.956,Lane2 | 0.184 sec | 619 Amy HUNT (GBR)
WIC2024-60m-W-R1-H5,3,3.0,0.123,0.1234,0.123,1.0,False,True,740,740,Magdalena STEFANOWICZ,POL,Magdalena STEFANOWICZ,1.0,OK,1,1273.5,0.1275,-4.2,69.0,0.965,Lane3 | 0.123 sec (Quickest) | 740 Magdalena STEFANOWICZ (POL)
WIC2024-60m-W-R1-H5,4,4.0,0.141,0.1417,0.141,1.0,False,False,613,613,Gina Mariam BASS BITTAYE,GAM,Gina Mariam BASS BITTAYE,1.0,OK,1,1284.5,0.1442,-2.5,126.0,0.913,Lane 4 | 0.141 sec | 613 Gina Mariam BASS BITTAYE (GAM)
WIC2024-60m-W-R1-H5,5,5.0,0.135,0.135,0.135,1.0,False,False,800,800,CeleraBARNES,USA,Celera BARNES,1.0,OK,1,1280.5,0.1392,-4.2,142.0,0.979,Lane5 | 0.135 sec | 800CeleraBARNES (USA)
WIC2024-60m-W-R1-H5,6,6.0,0.141,0.1417,0.141,1.0,False,False,749,749,Lorene Dorcas BAZOLO,POR,Lorène Dorcas BAZOLO,0.0,OK,1,1284.5,0.1458,-4.2,93.0,0.931,Lane 6 | 0.141 sec | 749 Lorene Dorcas BAZOLO (POR)
WIC2024-60m-W-R1-H5,7,7.0,0.151,0.1517,0.151,1.0,False,False,637,637,Polyniki EMMANOUILIDOU,GRE,Polyniki EMMANOUILIDOU,1.0,OK,1,1290.5,0.1425,9.2,69.0,0.963,Lane7 | 0.151 sec | 637 Polyniki EMMANOUILIDOU (GRE)
WIC2024-60m-W-R1-H5,8,8.0,0.173,0.1733,0.173,1.0,False,False,662,662,Danah HUSSEIN,IRQ,Danah HUSSEIN,1.0,OK,1,1303.5,0.1775,-4.2,128.0,0.965,Lane8 | 0.173 sec | 662 Danah HUSSEIN (IRQ)
WIC2024-60m-W-R1-H5,9,9.0,,,,,False,False,,,,,,,,0,,,,,0.989,Lane9
WIC2024-60m-W-R1-H6,1,1.0,0.145,0.145,0.145,1.0,False,False,705,705,Im Lan LOI,MAC,Im Lan LOI,1.0,OK,1,1286.5,0.1492,-4.2,82.0,0.982,Lane1 | 0.145 sec | 705 Im Lan LOI (MAC)
WIC2024-60m-W-R1-H6,2,2.0,0.16,0.16,0.16,1.0,False,False,541,541,Audrey LEDUC,CAN,Audrey LEDUC,1.0,OK,1,1295.5,0.1642,-4.2,88.0,0.972,Lane2 | 0.160 sec | 541 Audrey LEDUC (CAN)
WIC2024-60m-W-R1-H6,3,3.0,0.167,0.1667,0.167,1.0,False,False,670,670,Zaynab DOSSO,ITA,Zaynab DOSSO,1.0,OK,1,1299.5,0.1708,-4.2,118.0,0.987,Lane3 | 0.167 sec | 670 Zaynab DOSSO (ITA)
WIC2024-60m-W-R1-H6,4,4.0,0.164,0.1633,0.164,1.0,False,False,519,519,Delphine NKANSA,BEL,Delphine NKANSA,1.0,OK,1,1297.5,0.1675,-4.2,94.0,0.913,Lane 4 | 0.164 sec | 519 Delphine NKANSA (BEL)
WIC2024-60m-W-R1-H6,5,5.0,0.137,0.1367,0.137,1.0,False,True,678,678,ShashaleeFORBES,JAM,Shashalee FORBES,1.0,OK,1,1281.5,0.1425,-5.8,79.0,0.987,Lane5 | 0.137 sec (Quickest) | 678ShashaleeFORBES (JAM)
WIC2024-60m-W-R1-H6,6,6.0,0.165,0.165,0.165,1.0,False,False,781,781,Viktoria FORSTER,SVK,Viktória FORSTER,0.0,OK,1,1298.5,0.1675,-2.5,76.0,0.949,Lane 6 | 0.165 sec | 781 Viktoria FORSTER (SVK)
WIC2024-60m-W-R1-H6,7,7.0,0.147,0.1467,0.147,1.0,False,False,753,753,Rosalina SANTOS,POR,Rosalina SANTOS,1.0,OK,1,1287.5,0.1508,-4.2,72.0,0.978,Lane7 | 0.147 sec | 753 Rosalina SANTOS (POR)
WIC2024-60m-W-R1-H6,8,8.0,0.18,0.18,0.18,1.0,False,False,501,501,Filomenaleonisa IAKOPO,ASA,Filomenaleonisa IAKOPO,1.0,OK,1,1307.5,0.1858,-5.8,99.0,0.96,Lane8 | 0.180 sec | 501 Filomenaleonisa IAKOPO (ASA)
WIC2024-60m-W-R1-H6,9,9.0,,,,,False,False,,,,,,,,0,,,,,0.989,Lane9
WIC2024-60m-W-R1-H7,1,1.0,0.127,0.1267,0.127,1.0,False,False,611,611,Orlann OLIERE,FRA,Orlann OLIERE,1.0,OK,1,1275.5,0.1308,-4.2,108.0,0.976,Lane1 | 0.127 sec | 611 Orlann OLIERE (FRA)
WIC2024-60m-W-R1-H7,2,2.0,0.165,0.165,0.165,1.0,False,False,587,587,Oilme VORO,EST,Õilme VÕRO,0.0,OK,1,1298.5,0.1675,-2.5,117.0,0.961,Lane2 | 0.165 sec | 587 Oilme VORO (EST)
WIC2024-60m-W-R1-H7,3,3.0,0.154,0.1533,0.154,1.0,False,False,572,572,Angela Gabriela TENORIO,ECU,Ángela Gabriela TENORIO,1.0,OK,1,1291.5,0.1575,-4.2,85.0,0.985,Lane3 | 0.154 sec | 572 Angela Gabriela TENORIO (ECU)
WIC2024-60m-W-R1-H7,4,4.0,0.142,0.1417,0.142,1.0,False,False,812,812,Aleia HOBBS,USA,Aleia HOBBS,1.0,OK,1,1284.5,0.1442,-2.5,88.0,0.913,Lane 4 | 0.142 sec | 812 Aleia HOBBS (USA)
WIC2024-60m-W-R1-H7,5,5.0,0.158,0.1583,0.158,1.0,False,False,574,574,Jael BESTUE,ESP,Jaël BESTUÉ,0.0,OK,1,1294.5,0.1508,7.5,79.0,0.927,Lane5 | 0.158 sec | 574Jael BESTUE (ESP)
WIC2024-60m-W-R1-H7,6,6.0,0.132,0.1317,0.132,1.0,False,False,704,704,Patrizia VAN DER WEKEN,LUX,Patrizia VAN DER WEKEN,1.0,OK,1,1278.5,0.1242,7.5,106.0,0.931,Lane 6 | 0.132 sec | 704 Patrizia VAN DER WEKEN (LUX)
WIC2024-60m-W-R1-H7,7,7.0,0.121,0.1217,0.121,1.0,False,True,724,724,Helene RONNINGEN,NOR,Helene RØNNINGEN,0.0,OK,1,1272.5,0.1259,-4.2,71.0,0.981,Lane7 | 0.121 sec (Quickest) | 724 Helene RONNINGEN (NOR)
WIC2024-60m-W-R1-H7,8,8.0,0.216,0.2166,0.216,1.0,False,False,722,722,Zarinae SAPONG,NMI,Zarinae SAPONG,1.0,OK,1,1329.5,0.2208,-4.2,69.0,0.98,Lane8 | 0.216 sec | 722 Zarinae SAPONG (NMI)
WIC2024-60m-W-R1-H7,9,9.0,,,,,False,False,,,,,,,,0,,,,,0.989,Lane9
WIC2024-60m-W-SF-H1,1,1.0,0.186,0.1866,0.186,1.0,False,False,582,582,Maria Isabel PEREZ,ESP,Maria Isabel PÉREZ,0.0,OK,1,1311.5,0.1075,79.1,96.0,0.987,Lane1 | 0.186 sec | 582 Maria Isabel PEREZ (ESP)
WIC2024-60m-W-SF-H1,2,2.0,0.15,0.15,0.15,1.0,False,False,649,649,Boglarka TAKACS,HUN,Boglárka TAKÁCS,0.0,OK,1,1289.5,0.1408,9.2,54.0,0.966,Lane2 | 0.150 sec | 649 Boglarka TAKACS (HUN)
WIC2024-60m-W-SF-H1,3,3.0,0.146,0.1467,0.146,1.0,False,False,742,742,Ewa SWOBODA,POL,Ewa SWOBODA,1.0,OK,1,1287.5,0.1508,-4.2,98.0,0.99,Lane3 | 0.146 sec | 742 Ewa SWOBODA (POL)
WIC2024-60m-W-SF-H1,4,4.0,0.142,0.1417,0.142,1.0,False,False,704,704,Patrizia VAN DER WEKEN,LUX,Patrizia VAN DER WEKEN,1.0,OK,1,1284.5,0.1442,-2.5,90.0,0.913,Lane 4 | 0.142 sec | 704 Patrizia VAN DER WEKEN (LUX)
WIC2024-60m-W-SF-H1,5,5.0,0.174,0.1733,0.174,1.0,False,False,521,521,RaniROSIUS,BEL,Rani ROSIUS,1.0,OK,1,1303.5,0.1625,10.8,105.0,0.98,Lane5 | 0.174 sec | 521RaniROSIUS (BEL)
WIC2024-60m-W-SF-H1,6,6.0,0.14,0.14,0.14,1.0,False,True,800,800,Celera BARNES,USA,Celera BARNES,1.0,OK,1,1283.5,0.1442,-4.2,132.0,0.931,Lane 6 | 0.140 sec (Quickest) | 800 Celera BARNES (USA)
WIC2024-60m-W-SF-H1,7,7.0,0.145,0.145,0.145,1.0,False,False,513,513,Anthonique STRACHAN,BAH,Anthonique STRACHAN,1.0,OK,1,1286.5,0.1375,7.5,111.0,0.966,Lane7 | 0.145 sec | 513 Anthonique STRACHAN (BAH)
WIC2024-60m-W-SF-H1,8,8.0,0.152,0.1517,0.152,1.0,False,False,541,541,Audrey LEDUC,CAN,Audrey LEDUC,1.0,OK,1,1290.5,0.1458,5.8,90.0,0.907,Lane 8 | 0.152 sec | 541 Audrey LEDUC (CAN)
WIC2024-60m-W-SF-H1,9,9.0,,,,,False,False,,,,,,,,0,,,,,0.99,Lane9
WIC2024-60m-W-SF-H2,1,1.0,0.142,0.1417,0.142,1.0,False,False,740,740,Magdalena STEFANOWICZ,POL,Magdalena STEFANOWICZ,1.0,OK,1,1284.5,0.1458,-4.2,72.0,0.987,Lane1 | 0.142 sec | 740 Magdalena STEFANOWICZ (POL)
WIC2024-60m-W-SF-H2,2,2.0,0.126,0.1267,0.126,1.0,False,True,515,515,Tristan EVELYN,BAR,Tristan EVELYN,1.0,OK,1,1275.5,0.1308,-4.2,122.0,0.98,Lane2 | 0.126 sec (Quickest) | 515 Tristan EVELYN (BAR)
WIC2024-60m-W-SF-H2,3,3.0,0.147,0.1467,0.147,1.0,False,False,678,678,ShashaleeFORBES,JAM,Shashalee FORBES,1.0,OK,1,1287.5,0.1508,-4.2,95.0,0.987,Lane3 | 0.147 sec | 678ShashaleeFORBES (JAM)
WIC2024-60m-W-SF-H2,4,4.0,0.142,0.1417,0.142,1.0,False,False,812,812,Aleia HOBBS,USA,Aleia HOBBS,1.0,OK,1,1284.5,0.1442,-2.5,94.0,0.913,Lane 4 | 0.142 sec | 812 Aleia HOBBS (USA)
WIC2024-60m-W-SF-H2,5,5.0,0.149,0.1483,0.149,1.0,False,False,670,670,Zaynab DOSSO,ITA,Zaynab DOSSO,1.0,OK,1,1288.5,0.1508,-2.5,134.0,0.972,Lane5 | 0.149 sec | 670 Zaynab DOSSO (ITA)
WIC2024-60m-W-SF-H2,6,6.0,0.139,0.1383,0.139,1.0,False,False,725,725,Zoe HOBBS,NZL,Zoe HOBBS,1.0,OK,1,1282.5,0.1442,-5.8,122.0,0.931,Lane 6 | 0.139 sec | 725 Zoe HOBBS (NZL)
WIC2024-60m-W-SF-H2,7,7.0,0.156,0.1567,0.156,1.0,False,False,611,611,OrlannOLIERE,FRA,Orlann OLIERE,1.0,OK,1,1293.5,0.1608,-4.2,105.0,0.987,Lane7 | 0.156 sec | 611OrlannOLIERE (FRA)
WIC2024-60m-W-SF-H2,8,8.0,0.169,0.1683,0.169,1.0,False,False,574,574,Jael BESTUE,ESP,Jaël BESTUÉ,0.0,OK,1,1300.5,0.1725,-4.2,64.0,0.965,Lane8 | 0.169 sec | 574 Jael BESTUE (ESP)
WIC2024-60m-W-SF-H2,9,9.0,,,,,False,False,,,,,,,,0,,,,,0.99,Lane9
WIC2024-60m-W-SF-H3,1,1.0,0.189,0.1883,0.189,1.0,False,False,587,587,Oilme vORO,EST,Õilme VÕRO,0.0,OK,1,1312.5,0.1925,-4.2,125.0,0.971,Lane1 | 0.189 sec | 587 Oilme vORO (EST)
WIC2024-60m-W-SF-H3,2,2.0,0.164,0.1633,0.164,1.0,False,False,686,686,Briana WILLIAMS,JAM,Briana WILLIAMS,1.0,OK,1,1297.5,0.1558,7.5,114.0,0.969,Lane2 | 0.164 sec | 686 Briana WILLIAMS (JAM)
WIC2024-60m-W-SF-H3,3,3.0,0.197,0.1966,0.197,1.0,False,False,701,701,Julien ALFRED,LCA,Julien ALFRED,1.0,OK,1,1317.5,0.2008,-4.2,102.0,0.949,Lane3 | 0.197 sec | 701 Julien ALFRED (LCA)
WIC2024-60m-W-SF-H3,4,4.0,0.146,0.1467,0.146,1.0,False,False,801,801,Mikiah BRISCO,USA,Mikiah BRISCO,1.0,OK,1,1287.5,0.1508,-4.2,90.0,0.913,Lane 4 | 0.146 sec | 801 Mikiah BRISCO (USA)
WIC2024-60m-W-SF-H3,5,5.0,0.139,0.1383,0.139,1.0,False,True,773,773,Géraldine FREY,SUI,Géraldine FREY,1.0,OK,1,1282.5,0.1425,-4.2,89.0,0.975,Lane5 | 0.139 sec (Quickest) | 773 Géraldine FREY (SUI)
WIC2024-60m-W-SF-H3,6,6.0,0.162,0.1617,0.162,1.0,False,False,613,613,Gina Mariam BASS BITTAYE,GAM,Gina Mariam BASS BITTAYE,1.0,OK,1,1296.5,0.1658,-4.2,102.0,0.931,Lane 6 | 0.162 sec | 613 Gina Mariam BASS BITTAYE (GAM)
WIC2024-60m-W-SF-H3,7,7.0,0.16,0.16,0.16,1.0,False,False,519,519,Delphine NKANSA,BEL,Delphine NKANSA,1.0,OK,1,1295.5,0.1642,-4.2,111.0,0.976,Lane7 | 0.160 sec | 519 Delphine NKANSA (BEL)
WIC2024-60m-W-SF-H3,8,8.0,0.17,0.17,0.17,1.0,False,False,716,716,N'Ketia SEEDO,NED,N'Ketia SEEDO,1.0,OK,1,1301.5,0.1742,-4.2,137.0,0.956,Lane8 | 0.170 sec | 716 N'Ketia SEEDO (NED)
WIC2024-60m-W-SF-H3,9,9.0,,,,,False,False,,,,,,,,0,,,,,0.99,Lane9
WIC2024-60mH-M-F-H1,1,1.0,0.152,0.1517,0.152,1.0,False,False,244,244,Lorenzo Ndele SIMONELLI,ITA,Lorenzo Ndele SIMONELLI,1.0,OK,1,1290.5,0.1542,-2.5,132.0,0.981,Lane1 | 0.152 sec | 244 Lorenzo Ndele SIMONELLI (ITA)
WIC2024-60mH-M-F-H1,2,2.0,0.137,0.1367,0.137,1.0,False,True,188,188,Enrique LLOPIS,ESP,Enrique LLOPIS,1.0,OK,1,1281.5,0.1408,-4.2,126.0,0.956,Lane2 | 0.137 sec (Quickest) | 188 Enrique LLOPIS (ESP)
WIC2024-60mH-M-F-H1,3,3.0,0.168,0.1683,0.168,1.0,False,False,392,392,Trey CUNNINGHAM,USA,Trey CUNNINGHAM,1.0,OK,1,1300.5,0.1725,-4.2,172.0,0.98,Lane3 | 0.168 sec | 392 Trey CUNNINGHAM (USA)
WIC2024-60mH-M-F-H1,4,4.0,0.163,0.1633,0.163,1.0,False,False,163,163,Milan TRAJKOVIC,CYP,Milan TRAJKOVIC,1.0,OK,1,1297.5,0.1675,-4.2,219.0,0.913,Lane 4 | 0.163 sec | 163 Milan TRAJKOVIC (CYP)
WIC2024-60mH-M-F-H1,5,5.0,0.153,0.1533,0.153,1.0,False,False,399,399,Grant HOLLOWAY,USA,Grant HOLLOWAY,1.0,OK,1,1291.5,0.0709,82.4,181.0,0.945,Lane5 | 0.153 sec | 399 Grant HOLLOWAY (USA)
WIC2024-60mH-M-F-H1,6,6.0,0.163,0.1633,0.163,1.0,False,False,335,335,Jakub SZYMANSKI,POL,Jakub SZYMAŃSKI,0.0,OK,1,1297.5,0.1675,-4.2,198.0,0.931,Lane 6 | 0.163 sec | 335 Jakub SZYMANSKI (POL)
WIC2024-60mH-M-F-H1,7,7.0,0.149,0.1483,0.149,1.0,False,False,206,206,JuSt KWAOU-MATHEY,FRA,Just KWAOU-MATHEY,1.0,OK,1,1288.5,0.1525,-4.2,155.0,0.964,Lane7 | 0.149 sec | 206 JuSt KWAOU-MATHEY (FRA)
WIC2024-60mH-M-F-H1,8,8.0,0.144,0.1433,0.144,1.0,False,False,125,125,Michael OBASUYI,BEL,Michael OBASUYI,1.0,OK,1,1285.5,0.1475,-4.2,158.0,0.961,Lane8 | 0.144 sec | 125 Michael OBASUYI (BEL)
WIC2024-60mH-M-F-H1,9,9.0,,,,,False,False,,,,,,,,0,,,,,0.99,Lane9
WIC2024-60mH-M-R1-H1,1,1.0,,,,,False,False,,,,,,,,0,,,,,0.987,Lane1
WIC2024-60mH-M-R1-H1,2,2.0,0.148,0.1483,0.148,1.0,False,True,147,147,Martin SAENZ,CHI,Martín SAENZ,0.0,OK,1,1288.5,0.1508,-2.5,110.0,0.968,Lane2 | 0.148 sec (Quickest) | 147 Martin SAENZ (CHI)
WIC2024-60mH-M-R1-H1,3,3.0,0.155,0.155,0.155,1.0,False,False,399,399,Grant HOLLOWAY,USA,Grant HOLLOWAY,1.0,OK,1,1292.5,0.0509,104.1,173.0,0.976,Lane3 | 0.155 sec | 399 Grant HOLLOWAY (USA)
WIC2024-60mH-M-R1-H1,4,4.0,0.155,0.155,0.155,1.0,False,False,134,134,Rafael PEREIRA,BRA,Rafael PEREIRA,1.0,OK,1,1292.5,0.1575,-2.5,149.0,0.983,Lane4 | 0.155 sec | 134 Rafael PEREIRA (BRA)
WIC2024-60mH-M-R1-H1,5,5.0,0.149,0.1483,0.149,1.0,False,False,152,152,Shenglong ZHU,CHN,Shenglong ZHU,1.0,OK,1,1288.5,0.1525,-4.2,106.0,0.975,Lane5 | 0.149 sec | 152 Shenglong ZHU (CHN)
WIC2024-60mH-M-R1-H1,6,6.0,,,,,False,False,273,273,Yaqoub ALYOUHA,KUW,Yaqoub ALYOUHA,1.0,DNS,0,,,,,0.924,Lane 6 | 273 Yaqoub ALYOUHA (KUW)
WIC2024-60mH-M-R1-H1,7,7.0,0.176,0.1767,0.176,1.0,False,False,289,289,Richard DIAWARA,MLI,Richard DIAWARA,1.0,OK,1,1305.5,0.1808,-4.2,187.0,0.973,Lane7 | 0.176 sec | 289  Richard DIAWARA (MLI)
WIC2024-60mH-M-R1-H1,8,8.0,0.167,0.1667,0.167,1.0,False,False,278,278,Francois GRAILET,LUX,François GRAILET,0.0,OK,1,1299.5,0.1725,-5.8,134.0,0.975,Lane8 | 0.167 sec | 278Francois GRAILET (LUX)
WIC2024-60mH-M-R1-H1,9,9.0,,,,,False,False,,,,,,,,0,,,,,0.989,Lane9
WIC2024-60mH-M-R1-H2,1,1.0,,,,,False,False,,,,,,,,0,,,,,0.987,Lane1
WIC2024-60mH-M-R1-H2,2,2.0,0.132,0.1317,0.132,1.0,False,False,378,378,Mikdat SEVLER,TUR,Mikdat SEVLER,1.0,OK,1,1278.5,0.1358,-4.2,127.0,0.943,Lane2 | 0.132 sec | 378 Mikdat SEVLER (TUR)
WIC2024-60mH-M-R1-H2,3,3.0,0.14,0.14,0.14,1.0,False,False,255,255,Damion THOMAS,JAM,Damion THOMAS,1.0,OK,1,1283.5,0.1442,-4.2,129.0,0.97,Lane3 | 0.140 sec | 255 Damion THOMAS (JAM)
WIC2024-60mH-M-R1-H2,4,4.0,0.147,0.1467,0.147,1.0,False,False,190,190,Asier MARTINEZ,ESP,Asier MARTÍNEZ,0.0,OK,1,1287.5,0.1259,20.8,71.0,0.913,Lane 4 | 0.147 sec | 190 Asier MARTINEZ (ESP)
WIC2024-60mH-M-R1-H2,5,5.0,0.15,0.15,0.15,1.0,False,False,201,201,Wilhem BELOCIAN,FRA,Wilhem BELOCIAN,1.0,OK,1,1289.5,0.1542,-4.2,145.0,0.956,Lane5 | 0.150 sec | 201 Wilhem BELOCIAN (FRA)
WIC2024-60mH-M-R1-H2,6,6.0,0.135,0.135,0.135,1.0,False,False,214,214,David KING,GBR,David KING,1.0,OK,1,1280.5,0.1392,-4.2,154.0,0.931,Lane 6 | 0.135 sec | 214 David KING (GBR)
WIC2024-60mH-M-R1-H2,7,7.0,0.131,0.1317,0.131,1.0,False,False,114,114,Elie BACARI,BEL,Elie BACARI,1.0,OK,1,1278.5,0.1342,-2.5,158.0,0.969,Lane7 | 0.131 sec | 114 Elie BACARI (BEL)
WIC2024-60mH-M-R1-H2,8,8.0,0.129,0.1284,0.129,1.0,False,True,357,357,Mathieu JAQUET,SUI,Mathieu JAQUET,1.0,OK,1,1276.5,0.1308,-2.5,133.0,0.989,Lane8 | 0.129 sec (Quickest) | 357 Mathieu JAQUET (SUI)
WIC2024-60mH-M-R1-H2,9,9.0,,,,,False,False,,,,,,,,0,,,,,0.99,Lane9
WIC2024-60mH-M-R1-H3,1,1.0,,,,,False,False,,,,,,,,0,,,,,0.987,Lane1
WIC2024-60mH-M-R1-H3,2,2.0,0.144,0.1433,0.144,1.0,False,False,409,409,Cameron MURRAY,USA,Cameron MURRAY,1.0,OK,1,1285.5,0.1475,-4.2,135.0,0.942,Lane2 | 0.144 sec | 409 Cameron MURRAY (USA)
WIC2024-60mH-M-R1-H3,3,3.0,0.161,0.1617,0.161,1.0,False,False,206,206,JuSt KWAOU-MATHEY,FRA,Just KWAOU-MATHEY,1.0,OK,1,1296.5,0.1658,-4.2,144.0,0.966,Lane3 | 0.161 sec | 206 JuSt KWAOU-MATHEY (FRA)
WIC2024-60mH-M-R1-H3,4,4.0,0.16,0.16,0.16,1.0,False,False,323,323,John CABANG,PHI,John CABANG,1.0,OK,1,1295.5,0.1642,-4.2,120.0,0.913,Lane 4 | 0.160 sec | 323 John CABANG (PHI)
WIC2024-60mH-M-R1-H3,5,5.0,0.14,0.14,0.14,1.0,False,False,216,216,Tade OJORA,GBR,Tade OJORA,1.0,OK,1,1283.5,0.1442,-4.2,147.0,0.969,Lane5 | 0.140 sec | 216 Tade OJORA (GBR)
WIC2024-60mH-M-R1-H3,6,6.0,0.157,0.1567,0.157,1.0,False,False,335,335,Jakub SZYMANSKI,POL,Jakub SZYMAŃSKI,0.0,OK,1,1293.5,0.1608,-4.2,201.0,0.931,Lane 6 | 0.157 sec | 335 Jakub SZYMANSKI (POL)
WIC2024-60mH-M-R1-H3,7,7.0,0.122,0.1217,0.122,1.0,False,True,222,222,Konstantinos DOUVALIDIS,GRE,Konstantinos DOUVALIDIS,1.0,OK,1,1272.5,0.1242,-2.5,131.0,0.994,Lane7 | 0.122 sec (Quickest) | 222 Konstantinos DOUVALIDIS (GRE)
WIC2024-60mH-M-R1-H3,8,8.0,0.16,0.16,0.16,1.0,False,False,256,256,Zaid AL-AWAMLEH,JOR,Zaid AL-AWAMLEH,1.0,OK,1,1295.5,0.1642,-4.2,129.0,0.977,Lane8 | 0.160 sec | 256 Zaid AL-AWAMLEH (JOR)
WIC2024-60mH-M-R1-H3,9,9.0,,,,,False,False,,,,,,,,0,,,,,0.989,Lane9
WIC2024-60mH-M-R1-H4,1,1.0,,,,,False,False,,,,,,,,0,,,,,0.987,Lane1
WIC2024-60mH-M-R1-H4,2,2.0,0.161,0.1617,0.161,1.0,False,False,353,353,Filip Jakob DEMSAR,SLO,Filip Jakob DEMŠAR,0.0,OK,1,1296.5,0.1658,-4.2,150.0,0.955,Lane2 | 0.161 sec | 353 Filip Jakob DEMSAR (SLO)
WIC2024-60mH-M-R1-H4,3,3.0,0.139,0.1383,0.139,1.0,False,False,251,251,Tyler MASON,JAM,Tyler MASON,1.0,OK,1,1282.5,0.1408,-2.5,99.0,0.963,Lane3 | 0.139 sec | 251 Tyler MASON (JAM)
WIC2024-60mH-M-R1-H4,4,4.0,0.122,0.1217,0.122,1.0,False,True,199,199,Elmo LAKKA,FIN,Elmo LAKKA,1.0,OK,1,1272.5,0.1259,-4.2,114.0,0.961,Lane4 | 0.122 sec (Quickest) | 199 Elmo LAKKA (FIN)
WIC2024-60mH-M-R1-H4,5,5.0,0.163,0.1633,0.163,1.0,False,False,163,163,Milan TRAJKOVIC,CYP,Milan TRAJKOVIC,1.0,OK,1,1297.5,0.1725,-9.2,222.0,0.979,Lane5 | 0.163 sec | 163 Milan TRAJKOVIC (CYP)
WIC2024-60mH-M-R1-H4,6,6.0,0.179,0.1783,0.179,1.0,False,False,261,261,David YEFREMOV,KAZ,David YEFREMOV,1.0,OK,1,1306.5,0.1825,-4.2,145.0,0.931,Lane 6 | 0.179 sec | 261 David YEFREMOV (KAZ)
WIC2024-60mH-M-R1-H4,7,7.0,0.143,0.1433,0.143,1.0,False,False,300,300,Job GEERDS,NED,Job GEERDS,1.0,OK,1,1285.5,0.1475,-4.2,189.0,0.933,Lane7 | 0.143 sec | 300 Job GEERDS (NED)
WIC2024-60mH-M-R1-H4,8,8.0,0.145,0.145,0.145,1.0,False,False,178,178,Petr SVOBODA,CZE,Petr SVOBODA,1.0,DNF,1,1286.5,0.1508,-5.8,190.0,0.952,Lane8 | 0.145 sec | 178 Petr SVOBODA (CZE)
WIC2024-60mH-M-R1-H4,9,9.0,,,,,False,False,,,,,,,,0,,,,,0.99,Lane9
WIC2024-60mH-M-R1-H5,1,1.0,,,,,False,False,,,,,,,,0,,,,,0.987,Lane1
WIC2024-60mH-M-R1-H5,2,2.0,0.112,0.1117,0.112,1.0,False,True,294,294,Jeremie LARARAUDEUSE,MRI,Jeremie LARARAUDEUSE,1.0,OK,1,1266.5,0.0859,25.8,125.0,0.989,Lane2 | 0.112 sec (Quickest) | 294 Jeremie LARARAUDEUSE (MRI)
WIC2024-60mH-M-R1-H5,3,3.0,0.161,0.1617,0.161,1.0,False,False,102,102,Amine BOUANANI,ALG,Amine BOUANANI,1.0,OK,1,1296.5,0.1658,-4.2,124.0,0.972,Lane3 | 0.161 sec | 102 Amine BOUANANI (ALG)
WIC2024-60mH-M-R1-H5,4,4.0,0.128,0.1284,0.128,1.0,False,False,188,188,Enrique LLOPIS,ESP,Enrique LLOPIS,1.0,OK,1,1276.5,0.1308,-2.5,103.0,0.913,Lane 4 | 0.128 sec | 188 Enrique LLOPIS (ESP)
WIC2024-60mH-M-R1-H5,5,5.0,0.132,0.1317,0.132,1.0,False,False,328,328,Krzysztof KILJAN,POL,Krzysztof KILJAN,1.0,OK,1,1278.5,0.1358,-4.2,152.0,0.939,Lane5 | 0.132 sec | 328 Krzysztof KILJAN  (POL)
WIC2024-60mH-M-R1-H5,6,6.0,0.151,0.1517,0.151,1.0,False,False,244,244,Lorenzo Ndele SIMONELLI,ITA,Lorenzo Ndele SIMONELLI,1.0,OK,1,1290.5,0.1542,-2.5,171.0,0.931,Lane 6 | 0.151 sec | 244 Lorenzo Ndele SIMONELLI (ITA)
WIC2024-60mH-M-R1-H5,7,7.0,0.142,0.1417,0.142,1.0,False,False,230,230,Balint SZELES,HUN,Bálint SZELES,0.0,OK,1,1284.5,0.1458,-4.2,214.0,0.975,Lane7 | 0.142 sec | 230 Balint SZELES (HUN)
WIC2024-60mH-M-R1-H5,8,8.0,0.166,0.1667,0.166,1.0,False,False,374,374,Mosese FOLIAKI,TGA,Mosese FOLIAKI,1.0,OK,1,1299.5,0.1708,-4.2,195.0,0.974,Lane8 | 0.166 sec | 374 Mosese FOLIAKI (TGA)
WIC2024-60mH-M-R1-H5,9,9.0,,,,,False,False,,,,,,,,0,,,,,0.99,Lane9
WIC2024-60mH-M-R1-H6,1,1.0,,,,,False,False,,,,,,,,0,,,,,0.987,Lane1
WIC2024-60mH-M-R1-H6,2,2.0,0.133,0.1333,0.133,1.0,False,True,149,149,Junxi LIU,CHN,Junxi LIU,1.0,OK,1,1279.5,0.1375,-4.2,135.0,0.959,Lane2 | 0.133 sec (Quickest) | 149 Junxi LIU (CHN)
WIC2024-60mH-M-R1-H6,3,3.0,0.156,0.1567,0.156,1.0,False,False,136,136,Eduardo RODRIGUES,BRA,Eduardo RODRIGUES,1.0,OK,1,1293.5,0.1608,-4.2,113.0,0.979,Lane3 | 0.156 sec | 136 Eduardo RODRIGUES (BRA)
WIC2024-60mH-M-R1-H6,4,4.0,0.168,0.1683,0.168,1.0,False,False,358,358,Jason JOSEPH,SUI,Jason JOSEPH,1.0,OK,1,1300.5,0.1725,-4.2,172.0,0.913,Lane 4 | 0.168 sec | 358 Jason JOSEPH (SUI)
WIC2024-60mH-M-R1-H6,5,5.0,0.144,0.1433,0.144,1.0,False,False,125,125,Michael OBASUYI,BEL,Michael OBASUYI,1.0,OK,1,1285.5,0.1475,-4.2,117.0,0.979,Lane5 | 0.144 sec | 125 Michael OBASUYI (BEL)
WIC2024-60mH-M-R1-H6,6,6.0,0.15,0.15,0.15,1.0,False,False,392,392,Trey CUNNINGHAM,USA,Trey CUNNINGHAM,1.0,OK,1,1289.5,0.1542,-4.2,163.0,0.931,Lane 6 | 0.150 sec | 392 Trey CUNNINGHAM (USA)
WIC2024-60mH-M-R1-H6,7,7.0,0.147,0.1467,0.147,1.0,False,False,172,172,Stepan SCHUBERT,CZE,Štěpán SCHUBERT,0.0,OK,1,1287.5,0.1508,-4.2,183.0,0.984,Lane7 | 0.147 sec | 172 Stepan SCHUBERT (CZE)
WIC2024-60mH-M-R1-H6,8,8.0,0.179,0.1783,0.179,1.0,False,False,291,291,Darko PESIC,MNE,Darko PEŠIĆ,0.0,OK,1,1306.5,0.1858,-7.5,110.0,0.978,Lane8 | 0.179 sec | 291 Darko PESIC (MNE)
WIC2024-60mH-M-R1-H6,9,9.0,,,,,False,False,,,,,,,,0,,,,,0.99,Lane9
WIC2024-60mH-M-SF-H1,1,1.0,0.128,0.1284,0.128,1.0,False,True,,357,,,Mathieu JAQUET,,OK,1,1276.5,0.1325,-4.2,131.0,0.987,Lane1 | 0.128 sec (Quickest)
WIC2024-60mH-M-SF-H1,2,2.0,0.139,0.1383,0.139,1.0,False,False,,125,,,Michael OBASUYI,,OK,1,1282.5,0.1425,-4.2,145.0,0.973,Lane2 | 0.139 sec
WIC2024-60mH-M-SF-H1,3,3.0,0.162,0.1617,0.162,1.0,False,False,,261,,,David YEFREMOV,,OK,1,1296.5,0.1658,-4.2,152.0,0.991,Lane3 | 0.162 sec
WIC2024-60mH-M-SF-H1,4,4.0,0.131,0.1317,0.131,1.0,False,False,,163,,,Milan TRAJKOVIC,,OK,1,1278.5,0.1358,-4.2,212.0,0.913,Lane 4 | 0.131 sec
WIC2024-60mH-M-SF-H1,5,5.0,0.147,0.1467,0.147,1.0,False,False,,190,,,Asier MARTÍNEZ,,DQ,1,1287.5,0.1508,-4.2,73.0,0.993,Lane5 | 0.147 sec
WIC2024-60mH-M-SF-H1,6,6.0,0.16,0.16,0.16,1.0,False,False,,206,,,Just KWAOU-MATHEY,,OK,1,1295.5,0.1642,-4.2,189.0,0.938,Lane 6 | 0.160 sec
WIC2024-60mH-M-SF-H1,7,7.0,0.141,0.1417,0.141,1.0,False,False,,409,,,Cameron MURRAY,,OK,1,1284.5,0.1458,-4.2,170.0,0.992,Lane7 | 0.141 sec
WIC2024-60mH-M-SF-H1,8,8.0,0.146,0.1467,0.146,1.0,False,False,,149,,,Junxi LIU,,OK,1,1287.5,0.1508,-4.2,128.0,0.907,Lane 8 | 0.146 sec
WIC2024-60mH-M-SF-H1,9,9.0,,,,,False,False,,,,,,,,0,,,,,0.99,Lane9
WIC2024-60mH-M-SF-H2,1,1.0,0.142,0.1417,0.142,1.0,False,False,,114,,,Elie BACARI,,OK,1,1284.5,0.1458,-4.2,146.0,0.986,Lane1 | 0.142 sec
WIC2024-60mH-M-SF-H2,2,2.0,0.147,0.1467,0.147,1.0,False,False,,328,,,Krzysztof KILJAN,,OK,1,1287.5,0.1508,-4.2,155.0,0.985,Lane2 | 0.147 sec
WIC2024-60mH-M-SF-H2,3,3.0,0.139,0.1383,0.139,1.0,False,False,,201,,,Wilhem BELOCIAN,,OK,1,1282.5,0.1425,-4.2,164.0,0.994,Lane3 | 0.139 sec
WIC2024-60mH-M-SF-H2,4,4.0,0.142,0.1417,0.142,1.0,False,False,,392,,,Trey CUNNINGHAM,,OK,1,1284.5,0.1458,-4.2,169.0,0.913,Lane 4 | 0.142 sec
WIC2024-60mH-M-SF-H2,5,5.0,0.153,0.1533,0.153,1.0,False,False,,358,,,Jason JOSEPH,,OK,1,1291.5,0.1575,-4.2,135.0,0.991,Lane5 | 0.153 sec
WIC2024-60mH-M-SF-H2,6,6.0,0.128,0.1284,0.128,1.0,False,False,,188,,,Enrique LLOPIS,,OK,1,1276.5,0.1325,-4.2,100.0,0.931,Lane 6 | 0.128 sec
WIC2024-60mH-M-SF-H2,7,7.0,0.127,0.1267,0.127,1.0,False,True,,214,,,David KING,,OK,1,1275.5,0.1308,-4.2,144.0,0.977,Lane7 | 0.127 sec (Quickest)
WIC2024-60mH-M-SF-H2,8,8.0,0.154,0.1533,0.154,1.0,False,False,,136,,,Eduardo RODRIGUES,,OK,1,1291.5,0.1575,-4.2,124.0,0.985,Lane8 | 0.154 sec
WIC2024-60mH-M-SF-H2,9,9.0,,,,,False,False,,,,,,,,0,,,,,0.99,Lane9
WIC2024-60mH-M-SF-H3,1,1.0,0.134,0.1333,0.134,1.0,False,True,,199,,,Elmo LAKKA,,OK,1,1279.5,0.1375,-4.2,117.0,0.987,Lane1 | 0.134 sec (Quickest)
WIC2024-60mH-M-SF-H3,2,2.0,0.162,0.1617,0.162,1.0,False,False,,289,,,Richard DIAWARA,,OK,1,1296.5,0.1658,-4.2,154.0,0.967,Lane2 | 0.162 sec
WIC2024-60mH-M-SF-H3,3,3.0,,,0.046,,False,False,,152,,,Shenglong ZHU,,DQ,0,,,,,0.996,Lane3
WIC2024-60mH-M-SF-H3,4,4.0,0.142,0.1417,0.142,1.0,False,False,,399,,,Grant HOLLOWAY,,OK,1,1284.5,0.1458,-4.2,157.0,0.913,Lane 4 | 0.142 sec
WIC2024-60mH-M-SF-H3,5,5.0,0.145,0.145,0.145,1.0,False,False,,244,,,Lorenzo Ndele SIMONELLI,,OK,1,1286.5,0.1492,-4.2,153.0,0.991,Lane5 | 0.145 sec
WIC2024-60mH-M-SF-H3,6,6.0,0.146,0.1467,0.146,1.0,False,False,,335,,,Jakub SZYMAŃSKI,,OK,1,1287.5,0.1508,-4.2,209.0,0.931,Lane 6 | 0.146 sec
WIC2024-60mH-M-SF-H3,7,7.0,0.163,0.1633,0.163,1.0,False,False,,300,,,Job GEERDS,,OK,1,1297.5,0.1675,-4.2,191.0,0.984,Lane7 | 0.163 sec
WIC2024-60mH-M-SF-H3,8,8.0,0.162,0.1617,0.162,1.0,False,False,,323,,,John CABANG,,OK,1,1296.5,0.1658,-4.2,121.0,0.975,Lane8 | 0.162 sec
WIC2024-60mH-M-SF-H3,9,9.0,,,,,False,False,,,,,,,,0,,,,,0.989,Lane9
WIC2024-60mH-W-F-H1,1,1.0,0.15,0.15,0.15,1.0,False,False,646,646,Luca KOZAK,HUN,Luca KOZÁK,0.0,OK,1,1289.5,0.1542,-4.2,83.0,0.95,Lane1 | 0.150 sec | 646 Luca KOZAK (HUN)
WIC2024-60mH-W-F-H1,2,2.0,0.139,0.1383,0.139,1.0,False,False,514,514,Charisma TAYLOR,BAH,Charisma TAYLOR,1.0,OK,1,1282.5,0.1408,-2.5,96.0,0.986,Lane2 | 0.139 sec | 514 Charisma TAYLOR (BAH)
WIC2024-60mH-W-F-H1,3,3.0,0.142,0.1417,0.142,1.0,False,False,823,823,Masai RUSSELL,USA,Masai RUSSELL,1.0,OK,1,1284.5,0.1442,-2.5,88.0,0.946,Lane3 | 0.142 sec | 823 Masai RUSSELL  (USA)
WIC2024-60mH-W-F-H1,4,4.0,0.152,0.1517,0.152,1.0,False,False,512,512,Devynne CHARLTON,BAH,Devynne CHARLTON,1.0,OK,1,1290.5,0.1558,-4.2,99.0,0.957,Lane4 | 0.152 sec | 512 Devynne CHARLTON (BAH)
WIC2024-60mH-W-F-H1,5,5.0,0.141,0.1417,0.141,1.0,False,False,612,612,Cyrena SAMBA-MAYELA,FRA,Cyréna SAMBA-MAYELA,0.0,OK,1,1284.5,0.1275,14.2,54.0,0.962,Lane5 | 0.141 sec | 612 Cyrena SAMBA-MAYELA (FRA)
WIC2024-60mH-W-F-H1,6,6.0,0.142,0.1417,0.142,1.0,False,False,739,739,Pia SKRZYSZOWSKA,POL,Pia SKRZYSZOWSKA,1.0,OK,1,1284.5,0.1442,-2.5,56.0,0.931,Lane 6 | 0.142 sec | 739 Pia SKRZYSZOWSKA (POL)
WIC2024-60mH-W-F-H1,7,7.0,0.129,0.1284,0.129,1.0,False,True,658,658,Sarah LAVIN,IRL,Sarah LAVIN,1.0,OK,1,1276.5,0.1325,-4.2,78.0,0.981,Lane7 | 0.129 sec (Quickest) | 658 Sarah LAVIN (IRL)
WIC2024-60mH-W-F-H1,8,8.0,0.164,0.1633,0.164,1.0,False,False,630,630,CindySEMBER,GBR,Cindy SEMBER,1.0,OK,1,1297.5,0.1675,-4.2,125.0,0.946,Lane8 | 0.164 sec | 630CindySEMBER (GBR)
WIC2024-60mH-W-F-H1,9,9.0,,,,,False,False,,,,,,,,0,,,,,0.989,Lane9
WIC2024-60mH-W-R1-H1,1,1.0,,,,,False,False,,,,,,,,0,,,,,0.987,Lane1
WIC2024-60mH-W-R1-H1,2,2.0,0.138,0.1383,0.138,1.0,False,False,736,736,Weronika NAGIEC,POL,Weronika NAGIĘĆ,0.0,OK,1,1282.5,0.1425,-4.2,86.0,0.979,Lane2 | 0.138 sec | 736 Weronika NAGIEC (POL)
WIC2024-60mH-W-R1-H1,3,3.0,0.151,0.1517,0.151,1.0,False,False,505,505,Michelle JENNEKE,AUS,Michelle JENNEKE,1.0,OK,1,1290.5,0.1542,-2.5,91.0,0.98,Lane3 | 0.151 sec | 505 Michelle JENNEKE (AUS)
WIC2024-60mH-W-R1-H1,4,4.0,0.134,0.1333,0.134,1.0,False,False,767,767,Nika GLOJNARIC,SLO,Nika GLOJNARIČ,0.0,OK,1,1279.5,0.1375,-4.2,83.0,0.913,Lane 4 | 0.134 sec | 767 Nika GLOJNARIC (SLO)
WIC2024-60mH-W-R1-H1,5,5.0,0.13,0.13,0.13,1.0,False,False,720,720,Nadine VISSER,NED,Nadine VISSER,1.0,OK,1,1277.5,0.1342,-4.2,91.0,0.992,Lane5 | 0.130 sec | 720 Nadine VISSER (NED)
WIC2024-60mH-W-R1-H1,6,6.0,0.139,0.1383,0.139,1.0,False,False,690,690,Masumi AOKI,JPN,Masumi AOKI,1.0,OK,1,1282.5,0.1408,-2.5,96.0,0.931,Lane 6 | 0.139 sec | 690 Masumi AOKI (JPN)
WIC2024-60mH-W-R1-H1,7,7.0,0.127,0.1267,0.127,1.0,False,True,667,667,Giada CARMASSI,ITA,Giada CARMASSI,1.0,OK,1,1275.5,0.1308,-4.2,72.0,0.973,Lane7 | 0.127 sec (Quickest) | 667 Giada CARMASSI (ITA)
WIC2024-60mH-W-R1-H1,8,8.0,0.169,0.1683,0.169,1.0,False,False,731,731,Adrine MONAGI,PNG,Adrine MONAGI,1.0,DNF,1,1300.5,0.1725,-4.2,90.0,0.907,Lane 8 | 0.169sec | 731 Adrine MONAGI (PNG)
WIC2024-60mH-W-R1-H1,9,9.0,,,,,False,False,,,,,,,,0,,,,,0.99,Lane9
WIC2024-60mH-W-R1-H2,1,1.0,,,,,False,False,,,,,,,,0,,,,,0.987,Lane1
WIC2024-60mH-W-R1-H2,2,2.0,0.131,0.1317,0.131,1.0,False,True,560,560,Helena JIRANOVA,CZE,Helena JIRANOVÁ,0.0,OK,1,1278.5,0.1242,7.5,87.0,0.978,Lane2 | 0.131 sec (Quickest) | 560 Helena JIRANOVA (CZE)
WIC2024-60mH-W-R1-H2,3,3.0,0.151,0.1517,0.151,1.0,False,False,804,804,Christina CLEMONS,USA,Christina CLEMONS,1.0,OK,1,1290.5,0.1558,-4.2,145.0,0.986,Lane3 | 0.151 sec | 804 Christina CLEMONS (USA)
WIC2024-60mH-W-R1-H2,4,4.0,0.179,0.1783,0.179,1.0,False,False,511,511,Karin STRAMETZ,AUT,Karin STRAMETZ,1.0,OK,1,1306.5,0.1825,-4.2,127.0,0.913,Lane 4 | 0.179 sec | 511 Karin STRAMETZ (AUT)
WIC2024-60mH-W-R1-H2,5,5.0,0.139,0.1383,0.139,1.0,False,False,739,739,Pia SKRZYSZOWSKA,POL,Pia SKRZYSZOWSKA,1.0,OK,1,1282.5,0.1408,-2.5,58.0,0.976,Lane5 | 0.139 sec | 739 Pia SKRZYSZOWSKA (POL)
WIC2024-60mH-W-R1-H2,6,6.0,0.135,0.135,0.135,1.0,False,False,644,644,Gréta KEREKES,HUN,Gréta KEREKES,1.0,OK,1,1280.5,0.1275,7.5,73.0,0.931,Lane 6 | 0.135 sec | 644 Gréta KEREKES (HUN)
WIC2024-60mH-W-R1-H2,7,7.0,0.151,0.1517,0.151,1.0,False,False,529,529,Ketiley BATISTA,BRA,Ketiley BATISTA,1.0,OK,1,1290.5,0.1558,-4.2,59.0,0.969,Lane7 | 0.151 sec | 529 Ketiley BATISTA (BRA)
WIC2024-60mH-W-R1-H2,8,8.0,0.149,0.1483,0.149,1.0,False,False,608,608,SolennCOMPPER,FRA,Solenn COMPPER,1.0,OK,1,1288.5,0.1525,-4.2,115.0,0.907,Lane 8 | 0.149 sec | 608SolennCOMPPER (FRA)
WIC2024-60mH-W-R1-H2,9,9.0,,,,,False,False,,,,,,,,0,,,,,0.99,Lane9
WIC2024-60mH-W-R1-H3,1,1.0,,,,,False,False,,,,,,,,0,,,,,0.987,Lane1
WIC2024-60mH-W-R1-H3,2,2.0,0.156,0.1567,0.156,1.0,False,False,639,639,Elisavet PESIRIDOU,GRE,Elisavet PESIRIDOU,1.0,OK,1,1293.5,0.1608,-4.2,50.0,0.959,Lane2 | 0.156 sec | 639 Elisavet PESIRIDOU (GRE)
WIC2024-60mH-W-R1-H3,3,3.0,0.188,0.1883,0.188,1.0,False,False,665,665,Veronica BESANA,ITA,Veronica BESANA,1.0,OK,1,1312.5,0.1175,70.8,60.0,0.974,Lane3 | 0.188 sec | 665 Veronica BESANA (ITA)
WIC2024-60mH-W-R1-H3,4,4.0,0.145,0.145,0.145,1.0,False,False,781,781,Viktoria FORSTER,SVK,Viktória FORSTER,0.0,OK,1,1286.5,0.1492,-4.2,103.0,0.913,Lane 4 | 0.145 sec | 781 Viktoria FORSTER (SVK)
WIC2024-60mH-W-R1-H3,5,5.0,0.152,0.1517,0.152,1.0,False,False,569,569,Mette GRAVERSGAARD,DEN,Mette GRAVERSGAARD,1.0,OK,1,1290.5,0.1558,-4.2,69.0,0.983,Lane5 | 0.152 sec | 569 Mette GRAVERSGAARD (DEN)
WIC2024-60mH-W-R1-H3,6,6.0,0.181,0.1816,0.181,1.0,False,False,512,512,Devynne CHARLTON,BAH,Devynne CHARLTON,1.0,OK,1,1308.5,0.1742,7.5,89.0,0.931,Lane 6 | 0.181 sec | 512 Devynne CHARLTON  (BAH)
WIC2024-60mH-W-R1-H3,7,7.0,0.124,0.1234,0.124,1.0,False,True,573,573,Xenia BENACH,ESP,Xènia BENACH,0.0,OK,1,1273.5,0.1125,10.8,81.0,0.981,Lane7 | 0.124 sec (Quickest) | 573 Xenia BENACH (ESP)
WIC2024-60mH-W-R1-H3,8,8.0,0.166,0.1667,0.166,1.0,False,False,518,518,Yanla NDJIP-NYEMECK,BEL,Yanla NDJIP-NYEMECK,1.0,DNF,1,1299.5,0.1708,-4.2,105.0,0.98,Lane8 | 0.166 sec | 518 Yanla NDJIP-NYEMECK (BEL)
WIC2024-60mH-W-R1-H3,9,9.0,,,,,False,False,,,,,,,,0,,,,,0.99,Lane9
WIC2024-60mH-W-R1-H4,1,1.0,,,,,False,False,,,,,,,,0,,,,,0.987,Lane1
WIC2024-60mH-W-R1-H4,2,2.0,0.156,0.1567,0.156,1.0,False,False,770,770,Milica EMINI,SRB,Milica EMINI,1.0,OK,1,1293.5,0.1625,-5.8,87.0,0.963,Lane2 | 0.156 sec | 770 Milica EMINI (SRB)
WIC2024-60mH-W-R1-H4,3,3.0,0.166,0.1667,0.166,1.0,False,False,554,554,Yanni WU,CHN,Yanni WU,1.0,OK,1,1299.5,0.1708,-4.2,65.0,0.956,Lane3 | 0.166 sec | 554 Yanni WU  (CHN)
WIC2024-60mH-W-R1-H4,4,4.0,0.139,0.1383,0.139,1.0,False,False,658,658,Sarah LAVIN,IRL,Sarah LAVIN,1.0,OK,1,1282.5,0.1425,-4.2,65.0,0.913,Lane 4 | 0.139 sec | 658 Sarah LAVIN (IRL)
WIC2024-60mH-W-R1-H4,5,5.0,0.143,0.1433,0.143,1.0,False,False,717,717,Maayke TJIN-A-LIM,NED,Maayke TJIN-A-LIM,1.0,OK,1,1285.5,0.1342,9.2,79.0,0.97,Lane5 | 0.143 sec | 717 Maayke TJIN-A-LIM (NED)
WIC2024-60mH-W-R1-H4,6,6.0,0.149,0.1483,0.149,1.0,False,False,599,599,Reetta HURSKE,FIN,Reetta HURSKE,1.0,OK,1,1288.5,0.1408,7.5,95.0,0.931,Lane 6 | 0.149 sec | 599 Reetta HURSKE (FIN)
WIC2024-60mH-W-R1-H4,7,7.0,0.136,0.1367,0.136,1.0,False,True,559,559,Dafni GEORGIOU,CYP,Dafni GEORGIOU,1.0,OK,1,1281.5,0.1408,-4.2,72.0,0.975,Lane7 | 0.136 sec (Quickest) | 559 Dafni GEORGIOU (CYP)
WIC2024-60mH-W-R1-H4,8,8.0,0.153,0.1533,0.153,1.0,False,False,641,641,Vanessa CLERVEAUX,HAI,Vanessa CLERVEAUX,1.0,OK,1,1291.5,0.1575,-4.2,103.0,0.963,Lane8 | 0.153 sec | 641 Vanessa CLERVEAUX (HAI)
WIC2024-60mH-W-R1-H4,9,9.0,,,,,False,False,,,,,,,,0,,,,,0.99,Lane9
WIC2024-60mH-W-R1-H5,1,1.0,,,,,False,False,,,,,,,,0,,,,,0.987,Lane1
WIC2024-60mH-W-R1-H5,2,2.0,0.192,0.1916,0.192,1.0,False,False,532,532,Caroline DE MELO TOMAZ,BRA,Caroline DE MELO TOMAZ,1.0,DQ,1,1314.5,0.1958,-4.2,67.0,0.96,Lane2 | 0.192 sec | 532 Caroline DE MELO TOMAZ (BRA)
WIC2024-60mH-W-R1-H5,3,3.0,0.145,0.145,0.145,1.0,False,False,514,514,Charisma TAYLOR,BAH,Charisma TAYLOR,1.0,OK,1,1286.5,0.1492,-4.2,89.0,0.99,Lane3 | 0.145 sec | 514 Charisma TAYLOR (BAH)
WIC2024-60mH-W-R1-H5,4,4.0,0.148,0.1483,0.148,1.0,False,False,823,823,Masai RUSSELL,USA,Masai RUSSELL,1.0,OK,1,1288.5,0.1358,12.5,76.0,0.913,Lane 4 | 0.148 sec | 823 Masai RUSSELL (USA)
WIC2024-60mH-W-R1-H5,5,5.0,0.143,0.1433,0.143,1.0,False,False,539,539,Mariam ABDUL-RASHID,CAN,Mariam ABDUL-RASHID,1.0,OK,1,1285.5,0.1475,-4.2,90.0,0.966,Lane5 | 0.143 sec | 539 Mariam ABDUL-RASHID (CAN)
WIC2024-60mH-W-R1-H5,6,6.0,0.14,0.14,0.14,1.0,False,True,646,646,Luca KOZAK,HUN,Luca KOZÁK,0.0,OK,1,1283.5,0.1308,9.2,88.0,0.931,Lane 6 | 0.140 sec (Quickest) | 646 Luca KOZAK (HUN)
WIC2024-60mH-W-R1-H5,7,7.0,0.161,0.1617,0.161,1.0,False,False,795,795,Anna PLOTITSYNA,UKR,Anna PLOTITSYNA,1.0,OK,1,1296.5,0.1658,-4.2,81.0,0.98,Lane7 | 0.161 sec | 795 Anna PLOTITSYNA (UKR)
WIC2024-60mH-W-R1-H5,8,8.0,,,,,False,False,,,,,,,,0,,,,,0.989,Lane8
WIC2024-60mH-W-R1-H5,9,9.0,,,,,False,False,,,,,,,,0,,,,,0.989,Lane9
WIC2024-60mH-W-R1-H6,1,1.0,,,,,False,False,,,,,,,,0,,,,,0.987,Lane1
WIC2024-60mH-W-R1-H6,2,2.0,0.151,0.1517,0.151,1.0,False,False,782,782,Stanislava SKVARKOVA,SVK,Stanislava ŠKVARKOVÁ,0.0,OK,1,1290.5,0.1558,-4.2,70.0,0.938,Lane2 | 0.151 sec | 782 Stanislava SKVARKOVA (SVK)
WIC2024-60mH-W-R1-H6,3,3.0,0.192,0.1916,0.192,1.0,False,False,683,683,Megan TAPPER,JAM,Megan TAPPER,1.0,OK,1,1314.5,0.0509,140.7,73.0,0.946,Lane3 | 0.192 sec | 683 Megan TAPPER (JAM)
WIC2024-60mH-W-R1-H6,4,4.0,0.159,0.1583,0.159,1.0,False,False,630,630,Cindy SEMBER,GBR,Cindy SEMBER,1.0,OK,1,1294.5,0.1625,-4.2,108.0,0.913,Lane 4 | 0.159 sec | 630 Cindy SEMBER (GBR)
WIC2024-60mH-W-R1-H6,5,5.0,0.151,0.1517,0.151,1.0,False,False,763,763,Taylon BIELDT,RSA,Taylon BIELDT,1.0,OK,1,1290.5,0.1358,15.8,74.0,0.966,Lane5 | 0.151 sec | 763 Taylon BIELDT (RSA)
WIC2024-60mH-W-R1-H6,6,6.0,0.132,0.1317,0.132,1.0,False,False,612,612,Cyrena SAMBA-MAYELA,FRA,Cyréna SAMBA-MAYELA,0.0,OK,1,1278.5,0.1342,-2.5,74.0,0.931,Lane 6 | 0.132 sec | 612 Cyrena SAMBA-MAYELA (FRA)
WIC2024-60mH-W-R1-H6,7,7.0,0.123,0.1234,0.123,1.0,False,True,586,586,Diana SUUMANN,EST,Diana SUUMANN,1.0,OK,1,1273.5,0.1275,-4.2,87.0,0.983,Lane7 | 0.123 sec (Quickest) | 586 Diana SUUMANN (EST)
WIC2024-60mH-W-R1-H6,8,8.0,0.132,0.1317,0.132,1.0,False,False,831,831,Cho Yan SHING,HKG,Cho Yan SHING,1.0,OK,1,1278.5,0.1358,-4.2,63.0,0.947,Lane8 | 0.132 sec | 831 Cho Yan SHING (HKG)
WIC2024-60mH-W-R1-H6,9,9.0,,,,,False,False,,,,,,,,0,,,,,0.989,Lane9
WIC2024-60mH-W-SF-H1,1,1.0,0.163,0.1633,0.163,1.0,False,False,511,511,Karin STRAMETZ,AUT,Karin STRAMETZ,1.0,OK,1,1297.5,0.1675,-4.2,137.0,0.972,Lane1 | 0.163 sec | 511 Karin STRAMETZ (AUT)
WIC2024-60mH-W-SF-H1,2,2.0,0.157,0.1567,0.157,1.0,False,False,782,782,Stanislava SKVARKOVA,SVK,Stanislava ŠKVARKOVÁ,0.0,OK,1,1293.5,0.1625,-5.8,72.0,0.964,Lane2 | 0.157 sec | 782 Stanislava SKVARKOVA (SVK)
WIC2024-60mH-W-SF-H1,3,3.0,0.145,0.145,0.145,1.0,False,False,573,573,Xenia BENACH,ESP,Xènia BENACH,0.0,OK,1,1286.5,0.1342,10.8,75.0,0.982,Lane3 | 0.145 sec | 573 Xenia BENACH (ESP)
WIC2024-60mH-W-SF-H1,4,4.0,0.165,0.165,0.165,1.0,False,False,630,630,Cindy SEMBER,GBR,Cindy SEMBER,1.0,OK,1,1298.5,0.1692,-4.2,96.0,0.913,Lane 4 | 0.165 sec | 630 Cindy SEMBER (GBR)
WIC2024-60mH-W-SF-H1,5,5.0,0.148,0.1483,0.148,1.0,False,False,512,512,Devynne CHARLTON,BAH,Devynne CHARLTON,1.0,OK,1,1288.5,0.1408,7.5,83.0,0.98,Lane5 | 0.148 sec | 512 Devynne CHARLTON (BAH)
WIC2024-60mH-W-SF-H1,6,6.0,0.129,0.1284,0.129,1.0,False,True,739,739,Pia SKRZYSZOWSKA,POL,Pia SKRZYSZOWSKA,1.0,OK,1,1276.5,0.1325,-4.2,68.0,0.931,Lane 6 | 0.129 sec (Quickest) | 739 Pia SKRZYSZOWSKA (POL)
WIC2024-60mH-W-SF-H1,7,7.0,0.139,0.1383,0.139,1.0,False,False,804,804,Christina CLEMONS,USA,Christina CLEMONS,1.0,OK,1,1282.5,0.1425,-4.2,156.0,0.945,Lane7 | 0.139 sec | 804 Christina CLEMONS (USA)
WIC2024-60mH-W-SF-H1,8,8.0,0.156,0.1567,0.156,1.0,False,False,586,586,Diana SUUMANN,EST,Diana SUUMANN,1.0,OK,1,1293.5,0.1608,-4.2,104.0,0.989,Lane8 | 0.156 sec | 586 Diana SUUMANN (EST)
WIC2024-60mH-W-SF-H1,9,9.0,,,,,False,False,,,,,,,,0,,,,,0.989,Lane9
WIC2024-60mH-W-SF-H2,1,1.0,0.139,0.1383,0.139,1.0,False,False,767,767,Nika GLOJNARIC,SLO,Nika GLOJNARIČ,0.0,OK,1,1282.5,0.1425,-4.2,69.0,0.987,Lane1 | 0.139 sec | 767 Nika GLOJNARIC (SLO)
WIC2024-60mH-W-SF-H2,2,2.0,0.152,0.1517,0.152,1.0,False,False,569,569,Mette GRAVERSGAARD,DEN,Mette GRAVERSGAARD,1.0,OK,1,1290.5,0.1542,-2.5,73.0,0.978,Lane2 | 0.152 sec | 569 Mette GRAVERSGAARD (DEN)
WIC2024-60mH-W-SF-H2,3,3.0,0.138,0.1383,0.138,1.0,False,False,599,599,Reetta HURSKE,FIN,Reetta HURSKE,1.0,OK,1,1282.5,0.1275,10.8,113.0,0.945,Lane3 | 0.138 sec | 599 Reetta HURSKE (FIN)
WIC2024-60mH-W-SF-H2,4,4.0,0.152,0.1517,0.152,1.0,False,False,612,612,Cyrena SAMBA-MAYELA,FRA,Cyréna SAMBA-MAYELA,0.0,OK,1,1290.5,0.1542,-2.5,64.0,0.913,Lane 4 | 0.152 sec | 612 Cyrena SAMBA-MAYELA (FRA)
WIC2024-60mH-W-SF-H2,5,5.0,0.141,0.1417,0.141,1.0,False,False,646,646,Luca KOZAK,HUN,Luca KOZÁK,0.0,OK,1,1284.5,0.1342,7.5,73.0,0.991,Lane5 | 0.141 sec | 646 Luca KOZAK (HUN)
WIC2024-60mH-W-SF-H2,6,6.0,0.129,0.1284,0.129,1.0,False,True,658,658,Sarah LAVIN,IRL,Sarah LAVIN,1.0,OK,1,1276.5,0.1325,-4.2,67.0,0.931,Lane 6 | 0.129 sec (Quickest) | 658 Sarah LAVIN (IRL)
WIC2024-60mH-W-SF-H2,7,7.0,0.135,0.135,0.135,1.0,False,False,539,539,Mariam ABDUL-RASHID,CAN,Mariam ABDUL-RASHID,1.0,OK,1,1280.5,0.1392,-4.2,109.0,0.983,Lane7 | 0.135 sec | 539 Mariam ABDUL-RASHID (CAN)
WIC2024-60mH-W-SF-H2,8,8.0,0.129,0.1284,0.129,1.0,False,True,781,781,Viktoria FORSTER,SVK,Viktória FORSTER,0.0,OK,1,1276.5,0.1325,-4.2,120.0,0.965,Lane8 | 0.129 sec (Quickest) | 781 Viktoria FORSTER (SVK)
WIC2024-60mH-W-SF-H2,9,9.0,,,,,False,False,,,,,,,,0,,,,,0.989,Lane9
WIC2024-60mH-W-SF-H3,1,1.0,0.144,0.1433,0.144,1.0,False,False,514,514,Charisma TAYLOR,BAH,Charisma TAYLOR,1.0,OK,1,1285.5,0.1475,-4.2,122.0,0.987,Lane1 | 0.144 sec | 514 Charisma TAYLOR (BAH)
WIC2024-60mH-W-SF-H3,2,2.0,0.151,0.1517,0.151,1.0,False,False,667,667,Giada CARMASSI,ITA,Giada CARMASSI,1.0,OK,1,1290.5,0.1558,-4.2,80.0,0.957,Lane2 | 0.151 sec | 667 Giada CARMASSI (ITA)
WIC2024-60mH-W-SF-H3,3,3.0,0.123,0.1234,0.123,1.0,False,True,720,720,Nadine VISSER,NED,Nadine VISSER,1.0,OK,1,1273.5,0.1275,-4.2,102.0,0.995,Lane3 | 0.123 sec (Quickest) | 720 Nadine VISSER (NED)
WIC2024-60mH-W-SF-H3,4,4.0,0.164,0.1633,0.164,1.0,False,False,608,608,Solenn COMPPER,FRA,Solenn COMPPER,1.0,OK,1,1297.5,0.1675,-4.2,106.0,0.913,Lane 4 | 0.164 sec | 608 Solenn COMPPER (FRA)
WIC2024-60mH-W-SF-H3,5,5.0,0.147,0.1467,0.147,1.0,False,False,505,505,Michelle JENNEKE,AUS,Michelle JENNEKE,1.0,OK,1,1287.5,0.1508,-4.2,84.0,0.948,Lane5 | 0.147 sec | 505 Michelle JENNEKE (AUS)
WIC2024-60mH-W-SF-H3,6,6.0,0.148,0.1483,0.148,1.0,False,False,823,823,Masai RUSSELL,USA,Masai RUSSELL,1.0,OK,1,1288.5,0.1525,-4.2,92.0,0.931,Lane 6 | 0.148 sec | 823 Masai RUSSELL (USA)
WIC2024-60mH-W-SF-H3,7,7.0,0.19,0.19,0.19,1.0,False,False,683,683,Megan TAPPER,JAM,Megan TAPPER,1.0,OK,1,1313.5,0.1758,14.2,64.0,0.971,Lane7 | 0.190 sec | 683 Megan TAPPER (JAM)
WIC2024-60mH-W-SF-H3,8,8.0,0.123,0.1234,0.123,1.0,False,True,644,644,GretaKEREKES,HUN,Gréta KEREKES,0.0,OK,1,1273.5,0.1275,-4.2,82.0,0.984,Lane8 | 0.123 sec (Quickest) | 644GretaKEREKES (HUN)
WIC2024-60mH-W-SF-H3,9,9.0,,,,,False,False,,,,,,,,0,,,,,0.989,Lane9
WIC2025-60m-M-F-H1,1,1.0,0.149,0.1483,0.149,1.0,False,False,153,153,Zhenye XIE,CHN,Zhenye XIE,1.0,OK,1,1288.5,0.1508,-2.5,140.0,0.987,Lane1 | 0.149 sec | 153 Zhenye XIE (CHN)
WIC2025-60m-M-F-H1,2,2.0,0.117,0.1167,0.117,1.0,False,True,107,107,Lachlan KENNEDY,AUS,Lachlan KENNEDY,1.0,OK,1,1269.5,0.1209,-4.2,160.0,0.968,Lane2 | 0.117 sec (Quickest) | 107 Lachlan KENNEDY (AUS)
WIC2025-60m-M-F-H1,3,3.0,0.147,0.1467,0.147,1.0,False,False,338,338,AkaniSIMBINE,RSA,Akani SIMBINE,1.0,OK,1,1287.5,0.1508,-4.2,154.0,0.988,Lane3 | 0.147 sec | 338AkaniSIMBINE (RSA)
WIC2025-60m-M-F-H1,4,4.0,0.162,0.1617,0.162,1.0,False,False,372,372,Ronnie BAKER,USA,Ronnie BAKER,1.0,OK,1,1296.5,0.1675,-5.8,215.0,0.913,Lane 4 | 0.162 sec | 372 Ronnie BAKER (USA)
WIC2025-60m-M-F-H1,5,5.0,0.174,0.1733,0.174,1.0,False,False,330,330,Eloy BENITEZ,PUR,Eloy BENITEZ,1.0,DNF,1,1303.5,0.1775,-4.2,199.0,0.988,Lane5 | 0.174 sec | 330 Eloy BENITEZ (PUR)
WIC2025-60m-M-F-H1,6,6.0,0.129,0.1284,0.129,1.0,False,False,201,201,Jeremiah AZU,GBR,Jeremiah AZU,1.0,OK,1,1276.5,0.1342,-5.8,196.0,0.954,Lane 6 | 0.129 sec | 201 Jeremiah AZU (GBR)
WIC2025-60m-M-F-H1,7,7.0,0.163,0.1633,0.163,1.0,False,False,266,266,Rohan WATSON,JAM,Rohan WATSON,1.0,OK,1,1297.5,0.1675,-4.2,210.0,0.98,Lane7 | 0.163 sec | 266 Rohan WATSON (JAM)
WIC2025-60m-M-F-H1,8,8.0,0.138,0.1383,0.138,1.0,False,False,114,114,Julian FORDE,BAR,Julian FORDE,1.0,OK,1,1282.5,0.1408,-2.5,174.0,0.985,Lane8 | 0.138 sec | 114 Julian FORDE (BAR)
WIC2025-60m-M-F-H1,9,9.0,,,,,False,False,,,,,,,,0,,,,,0.99,Lane9
WIC2025-60m-M-R1-H1,1,1.0,,,,,False,False,,,,,,,,0,,,,,0.987,Lane1
WIC2025-60m-M-R1-H1,2,2.0,0.131,0.1317,0.131,1.0,False,True,,363,,,Favoris MUZRAPOV,,OK,1,1278.5,0.1342,-2.5,143.0,0.992,Lane2 | 0.131 sec (Quickest)
WIC2025-60m-M-R1-H1,3,3.0,0.145,0.145,0.145,1.0,False,False,,141,,,Xinrui DENG,,OK,1,1286.5,0.1475,-2.5,162.0,0.996,Lane3 | 0.145 sec
WIC2025-60m-M-R1-H1,4,4.0,0.144,0.1433,0.144,1.0,False,False,,306,,,Aayush KUNWAR,,OK,1,1285.5,0.1475,-4.2,141.0,0.913,Lane 4 | 0.144 sec
WIC2025-60m-M-R1-H1,5,5.0,0.144,0.1433,0.144,1.0,False,False,,206,,,Andrew ROBERTSON,,OK,1,1285.5,0.1475,-4.2,147.0,0.993,Lane5 | 0.144 sec
WIC2025-60m-M-R1-H1,6,6.0,0.142,0.1417,0.142,1.0,False,False,,338,,,Akani SIMBINE,,OK,1,1284.5,0.1458,-4.2,128.0,0.931,Lane 6 | 0.142 sec
WIC2025-60m-M-R1-H1,7,7.0,0.158,0.1583,0.158,1.0,False,False,,357,,,Ján VOLKO,,OK,1,1294.5,0.1625,-4.2,162.0,0.993,Lane7 | 0.158 sec
WIC2025-60m-M-R1-H1,8,8.0,0.147,0.1467,0.147,1.0,False,False,,140,,,Norris SPIKE,,OK,1,1287.5,0.1508,-4.2,200.0,0.973,Lane8 | 0.147 sec
WIC2025-60m-M-R1-H1,9,9.0,,,,,False,False,,,,,,,,0,,,,,0.99,Lane9
WIC2025-60m-M-R1-H2,1,1.0,0.15,0.15,0.15,1.0,False,False,,104,,,Joshua AZZOPARDI,,OK,1,1289.5,0.1542,-4.2,190.0,0.916,Lane1 | 0.150 sec
WIC2025-60m-M-R1-H2,2,2.0,0.153,0.1533,0.153,1.0,False,False,,353,,,William REAIS,,OK,1,1291.5,0.1575,-4.2,121.0,0.978,Lane2 | 0.153 sec
WIC2025-60m-M-R1-H2,3,3.0,0.181,0.1816,0.181,1.0,False,False,,384,,,Coby HILTON,,OK,1,1308.5,0.1858,-4.2,156.0,0.982,Lane3 | 0.181 sec
WIC2025-60m-M-R1-H2,4,4.0,0.202,0.2016,0.202,1.0,False,False,,344,,,Luke HAGA,,OK,1,1320.5,0.2058,-4.2,175.0,0.993,Lane4 | 0.202 sec
WIC2025-60m-M-R1-H2,5,5.0,0.142,0.1417,0.142,1.0,False,False,,129,,,Thiago PRATA,,OK,1,1284.5,0.1458,-4.2,143.0,0.993,Lane5 | 0.142 sec
WIC2025-60m-M-R1-H2,6,6.0,0.141,0.1417,0.141,1.0,False,True,,349,,,Chamod YODASINGHE,,OK,1,1284.5,0.1458,-4.2,130.0,0.924,Lane 6 | 0.141 sec (Quickest)
WIC2025-60m-M-R1-H2,7,7.0,0.148,0.1483,0.148,1.0,False,False,,293,,,Adas DAMBRAUSKAS,,OK,1,1288.5,0.1525,-4.2,168.0,0.943,Lane7 | 0.148 sec
WIC2025-60m-M-R1-H2,8,8.0,0.222,0.2216,0.222,1.0,False,False,,362,,,Joe SIKA,,OK,1,1332.5,0.1575,64.1,70.0,0.927,Lane 8 | 0.222 sec
WIC2025-60m-M-R1-H2,9,9.0,,,,,False,False,,,,,,,,0,,,,,0.987,Lane9
WIC2025-60m-M-R1-H3,1,1.0,,,,,False,False,,,,,,,,0,,,,,0.987,Lane1
WIC2025-60m-M-R1-H3,2,2.0,0.15,0.15,0.15,1.0,False,False,,256,,,Nishion EBANKS,,OK,1,1289.5,0.1542,-4.2,213.0,0.992,Lane2 | 0.150 sec
WIC2025-60m-M-R1-H3,3,3.0,0.166,0.1667,0.166,1.0,False,False,,200,,,Stanislaus KOSTKA,,OK,1,1299.5,0.1708,-4.2,130.0,0.95,Lane3 | 0.166 sec
WIC2025-60m-M-R1-H3,4,4.0,0.184,0.1833,0.184,1.0,False,False,,101,,,Franco FLORIO,,OK,1,1309.5,0.1891,-5.8,169.0,0.913,Lane 4 | 0.184 sec
WIC2025-60m-M-R1-H3,5,5.0,0.164,0.1633,0.164,1.0,False,False,,176,,,Guillem CRESPI,,OK,1,1297.5,0.1675,-4.2,165.0,0.944,Lane5 | 0.164 sec
WIC2025-60m-M-R1-H3,6,6.0,0.181,0.1816,0.181,1.0,False,False,,299,,,Hassan SAAID,,OK,1,1308.5,0.1841,-2.5,85.0,0.931,Lane 6 | 0.181 sec
WIC2025-60m-M-R1-H3,7,7.0,0.127,0.1267,0.127,1.0,False,False,,301,,,Beppe GRILLO,,OK,1,1275.5,0.1308,-4.2,166.0,0.996,Lane7 | 0.127 sec
WIC2025-60m-M-R1-H3,8,8.0,0.126,0.1267,0.126,1.0,False,True,,251,,,Rikkoi BRATHWAITE,,OK,1,1275.5,0.1308,-4.2,152.0,0.989,Lane8 | 0.126 sec (Quickest)
WIC2025-60m-M-R1-H3,9,9.0,,,,,False,False,,,,,,,,0,,,,,0.99,Lane9
WIC2025-60m-M-R1-H4,1,1.0,,,,,False,False,,,,,,,,0,,,,,0.987,Lane1
WIC2025-60m-M-R1-H4,2,2.0,0.173,0.1733,0.173,1.0,False,False,,285,,,Reita KAKIANAKO,,OK,1,1303.5,0.1775,-4.2,164.0,0.94,Lane2 | 0.173 sec
WIC2025-60m-M-R1-H4,3,3.0,0.162,0.1617,0.162,1.0,False,False,,275,,,Naoki NISHIOKA,,OK,1,1296.5,0.1658,-4.2,128.0,0.991,Lane3 | 0.162 sec
WIC2025-60m-M-R1-H4,4,4.0,0.174,0.1733,0.174,1.0,False,False,,320,,,Ali AL BALUSHI,,OK,1,1303.5,0.1775,-4.2,193.0,0.913,Lane 4 | 0.174 sec
WIC2025-60m-M-R1-H4,5,5.0,0.174,0.1733,0.174,1.0,False,False,,330,,,Eloy BENITEZ,,OK,1,1303.5,0.1792,-5.8,197.0,0.985,Lane5 | 0.174 sec
WIC2025-60m-M-R1-H4,6,6.0,0.157,0.1567,0.157,1.0,False,False,,342,,,Marc Brian LOUIS,,OK,1,1293.5,0.1608,-4.2,151.0,0.938,Lane 6 | 0.157 sec
WIC2025-60m-M-R1-H4,7,7.0,0.172,0.1717,0.172,1.0,False,False,,239,,,Yassin BANDAOGO,,OK,1,1302.5,0.1758,-4.2,200.0,0.949,Lane7 | 0.172 sec
WIC2025-60m-M-R1-H4,8,8.0,0.152,0.1517,0.152,1.0,False,True,,292,,,Jānis Roberts ZĀLĪTIS,,OK,1,1290.5,0.1558,-4.2,206.0,0.907,Lane 8 | 0.152 sec (Quickest)
WIC2025-60m-M-R1-H4,9,9.0,,,,,False,False,,,,,,,,0,,,,,0.99,Lane9
WIC2025-60m-M-R1-H5,1,1.0,,,,,False,False,,,,,,,,0,,,,,0.987,Lane1
WIC2025-60m-M-R1-H5,2,2.0,0.16,0.16,0.16,1.0,False,False,,153,,,Zhenye XIE,,OK,1,1295.5,0.1642,-4.2,126.0,0.992,Lane2 | 0.160 sec
WIC2025-60m-M-R1-H5,3,3.0,0.14,0.14,0.14,1.0,False,False,,372,,,Ronnie BAKER,,OK,1,1283.5,0.1442,-4.2,175.0,0.982,Lane3 | 0.140 sec
WIC2025-60m-M-R1-H5,4,4.0,0.156,0.1567,0.156,1.0,False,False,,160,,,Daniel TOLOSA,,OK,1,1293.5,0.1625,-5.8,122.0,0.913,Lane 4 | 0.156 sec
WIC2025-60m-M-R1-H5,5,5.0,0.153,0.1533,0.153,1.0,False,False,,191,,,Eino VUORI,,OK,1,1291.5,0.1575,-4.2,149.0,0.991,Lane5 | 0.153 sec
WIC2025-60m-M-R1-H5,6,6.0,0.144,0.1433,0.144,1.0,False,False,,139,,,Malachi MURRAY,,OK,1,1285.5,0.1475,-4.2,134.0,0.931,Lane 6 | 0.144 sec
WIC2025-60m-M-R1-H5,7,7.0,0.162,0.1617,0.162,1.0,False,False,,207,,,Andro GRIGORYAN,,OK,1,1296.5,0.1658,-4.2,111.0,0.987,Lane7 | 0.162 sec
WIC2025-60m-M-R1-H5,8,8.0,0.138,0.1383,0.138,1.0,False,True,,322,,,Pais WISIL,,OK,1,1282.5,0.1408,-2.5,182.0,0.989,Lane8 | 0.138 sec (Quickest)
WIC2025-60m-M-R1-H5,9,9.0,,,,,False,False,,,,,,,,0,,,,,0.99,Lane9
WIC2025-60m-M-R1-H6,1,1.0,,,,,False,False,,,,,,,,0,,,,,0.987,Lane1
WIC2025-60m-M-R1-H6,2,2.0,0.161,0.1617,0.161,1.0,False,False,,402,,,Emmanuel WELLS,,OK,1,1296.5,0.1658,-4.2,137.0,0.966,Lane2 | 0.161 sec
WIC2025-60m-M-R1-H6,3,3.0,0.156,0.1567,0.156,1.0,False,False,,364,,,Mustafa Kemal AY,,OK,1,1293.5,0.1608,-4.2,164.0,0.973,Lane3 | 0.156 sec
WIC2025-60m-M-R1-H6,4,4.0,0.171,0.1717,0.171,1.0,False,False,,319,,,Winzar KAKIOUEA,,OK,1,1302.5,0.1742,-2.5,132.0,0.913,Lane 4 | 0.171 sec
WIC2025-60m-M-R1-H6,5,5.0,0.111,0.1117,0.111,1.0,False,True,,201,,,Jeremiah AZU,,OK,1,1266.5,0.1159,-4.2,199.0,0.993,Lane5 | 0.111 sec (Quickest)
WIC2025-60m-M-R1-H6,6,6.0,0.16,0.16,0.16,1.0,False,False,,159,,,Arthur CISSÉ,,OK,1,1295.5,0.1642,-4.2,214.0,0.931,Lane 6 | 0.160 sec
WIC2025-60m-M-R1-H6,7,7.0,0.135,0.135,0.135,1.0,False,False,,114,,,Julian FORDE,,OK,1,1280.5,0.1392,-4.2,201.0,0.996,Lane7 | 0.135 sec
WIC2025-60m-M-R1-H6,8,8.0,0.151,0.1517,0.151,1.0,False,False,,333,,,Raihau MAIAU,,OK,1,1290.5,0.1558,-4.2,209.0,0.972,Lane8 | 0.151 sec
WIC2025-60m-M-R1-H6,9,9.0,,,,,False,False,,,,,,,,0,,,,,0.99,Lane9
WIC2025-60m-M-R1-H7,1,1.0,0.172,0.1717,0.172,1.0,False,False,,365,,,Ertan ÖZKAN,,OK,1,1302.5,0.1742,-2.5,163.0,0.981,Lane1 | 0.172 sec
WIC2025-60m-M-R1-H7,2,2.0,0.149,0.1483,0.149,1.0,False,False,,295,,,Kin Wa CHAN,,OK,1,1288.5,0.1375,10.8,95.0,0.991,Lane2 | 0.149 sec
WIC2025-60m-M-R1-H7,3,3.0,0.147,0.1467,0.147,1.0,False,False,,340,,,Johnny KEY,,OK,1,1287.5,0.1508,-4.2,193.0,0.994,Lane3 | 0.147 sec
WIC2025-60m-M-R1-H7,4,4.0,0.13,0.13,0.13,1.0,False,True,,107,,,Lachlan KENNEDY,,OK,1,1277.5,0.1342,-4.2,189.0,0.913,Lane 4 | 0.130 sec (Quickest)
WIC2025-60m-M-R1-H7,5,5.0,0.149,0.1483,0.149,1.0,False,False,,411,,,Tiaan WHELPTON,,OK,1,1288.5,0.1525,-4.2,196.0,0.993,Lane5 | 0.149 sec
WIC2025-60m-M-R1-H7,6,6.0,0.173,0.1733,0.173,1.0,False,False,,407,,,Rizon Leo RARA,,OK,1,1303.5,0.1775,-4.2,138.0,0.931,Lane 6 | 0.173 sec
WIC2025-60m-M-R1-H7,7,7.0,0.154,0.1533,0.154,1.0,False,False,,219,,,Yat Lok CHAN,,OK,1,1291.5,0.1575,-4.2,137.0,0.986,Lane7 | 0.154 sec
WIC2025-60m-M-R1-H7,8,8.0,0.176,0.1767,0.176,1.0,False,False,,238,,,Stephen AWUAH BAFFOUR,,OK,1,1305.5,0.1808,-4.2,196.0,0.983,Lane8 | 0.176 sec
WIC2025-60m-M-R1-H7,9,9.0,,,,,False,False,,,,,,,,0,,,,,0.99,Lane9
WIC2025-60m-M-R1-H8,1,1.0,,,,,False,False,,,,,,,,0,,,,,0.987,Lane1
WIC2025-60m-M-R1-H8,2,2.0,0.165,0.165,0.165,1.0,False,False,,272,,,Yoshiki KINASHI,,OK,1,1298.5,0.1675,-2.5,211.0,0.938,Lane2 | 0.165 sec
WIC2025-60m-M-R1-H8,3,3.0,0.206,0.2066,0.206,1.0,False,False,,190,,,Waisele INOKE,,OK,1,1323.5,0.2125,-5.8,221.0,0.947,Lane3 | 0.206 sec
WIC2025-60m-M-R1-H8,4,4.0,0.163,0.1633,0.163,1.0,False,False,,132,,,Nikola KARAMANOLOV,,OK,1,1297.5,0.1675,-4.2,209.0,0.913,Lane 4 | 0.163 sec
WIC2025-60m-M-R1-H8,5,5.0,0.151,0.1517,0.151,1.0,False,True,,266,,,Rohan WATSON,,OK,1,1290.5,0.1558,-4.2,217.0,0.977,Lane5 | 0.151 sec (Quickest)
WIC2025-60m-M-R1-H8,6,6.0,0.183,0.1833,0.183,1.0,False,False,,289,,,Sorsy PHOMPAKDI,,OK,1,1309.5,0.1875,-4.2,168.0,0.931,Lane 6 | 0.183 sec
WIC2025-60m-M-R1-H8,7,7.0,0.175,0.175,0.175,1.0,False,False,,341,,,Mamadou Fall SARR,,OK,1,1304.5,0.1792,-4.2,153.0,0.992,Lane7 | 0.175 sec
WIC2025-60m-M-R1-H8,8,8.0,0.162,0.1617,0.162,1.0,False,False,,224,,,Dominik ILLOVSZKY,,OK,1,1296.5,0.1658,-4.2,205.0,0.965,Lane8 | 0.162 sec
WIC2025-60m-M-R1-H8,9,9.0,,,,,False,False,,,,,,,,0,,,,,0.99,Lane9
WIC2025-60m-M-SF-H1,1,1.0,,,0.156,,False,False,238,238,Stephen AWUAH BAFFOUR,ITA,Stephen AWUAH BAFFOUR,1.0,OK,0,,,,,0.987,Lane1 | 238 Stephen AWUAH BAFFOUR (ITA)
WIC2025-60m-M-SF-H1,2,2.0,,,0.161,,False,False,353,353,William REAIS,SUI,William REAIS,1.0,OK,0,,,,,0.981,Lane2 | 353 William REAIS (SUI)
WIC2025-60m-M-SF-H1,3,3.0,,,0.162,,False,False,320,320,Ali AL BALUSHI,OMA,Ali AL BALUSHI,1.0,OK,0,,,,,0.928,Lane3 | 320 Ali AL BALUSHI (OMA)
WIC2025-60m-M-SF-H1,4,4.0,-0.293,-0.293,0.129,0.0,False,False,201,201,Jeremiah AZU,GBR,Jeremiah AZU,1.0,OK,1,1023.5,,,,0.953,Lane4 | -0.293 sec | 201 Jeremiah AZU (GBR)
WIC2025-60m-M-SF-H1,5,5.0,,,0.133,,False,False,114,114,Julian FORDE,BAR,Julian FORDE,1.0,OK,0,,,,,0.961,Lane5 | 114 Julian FORDE (BAR)
WIC2025-60m-M-SF-H1,6,6.0,,,0.163,,False,False,266,266,Rohan WATSON,JAM,Rohan WATSON,1.0,OK,0,,,,,0.924,Lane 6 | 266 Rohan WATSON  (JAM)
WIC2025-60m-M-SF-H1,7,7.0,,,0.17,,False,False,176,176,Guillem CRESPI,ESP,Guillem CRESPI,1.0,OK,0,,,,,0.975,Lane7 | 176 Guillem CRESPI (ESP)
WIC2025-60m-M-SF-H1,8,8.0,,,0.149,,False,False,322,322,Pais WISIL,PNG,Pais WISIL,1.0,OK,0,,,,,0.973,Lane8 | 322 Pais WISIL (PNG)
WIC2025-60m-M-SF-H1,9,9.0,,,,,False,False,,,,,,,,0,,,,,0.985,Lane9
WIC2025-60m-M-SF-H2,1,1.0,0.194,0.1933,0.194,1.0,False,False,341,341,Mamadou Fall SARR,SEN,Mamadou Fall SARR,1.0,OK,1,1315.5,0.1975,-4.2,163.0,0.984,Lane1 | 0.194 sec | 341 Mamadou Fall SARR (SEN)
WIC2025-60m-M-SF-H2,2,2.0,0.145,0.145,0.145,1.0,False,False,141,141,Xinrui DENG,CHN,Xinrui DENG,1.0,OK,1,1286.5,0.1492,-4.2,177.0,0.959,Lane2 | 0.145 sec | 141 Xinrui DENG (CHN)
WIC2025-60m-M-SF-H2,3,3.0,0.161,0.1617,0.161,1.0,False,False,272,272,Yoshiki KINASHI,JPN,Yoshiki KINASHI,1.0,OK,1,1296.5,0.1658,-4.2,216.0,0.974,Lane3 | 0.161 sec | 272 Yoshiki KINASHI (JPN)
WIC2025-60m-M-SF-H2,4,4.0,0.127,0.1267,0.127,1.0,False,True,251,251,Rikkoi BRATHWAITE,IVB,Rikkoi BRATHWAITE,1.0,OK,1,1275.5,0.1325,-5.8,188.0,0.913,Lane 4 | 0.127 sec (Quickest) | 251 Rikkoi BRATHWAITE (IVB)
WIC2025-60m-M-SF-H2,5,5.0,0.131,0.1317,0.131,1.0,False,False,107,107,Lachlan KENNEDY,AUS,Lachlan KENNEDY,1.0,OK,1,1278.5,0.1358,-4.2,166.0,0.977,Lane5 | 0.131 sec | 107 Lachlan KENNEDY (AUS)
WIC2025-60m-M-SF-H2,6,6.0,0.154,0.1533,0.154,1.0,False,False,372,372,Ronnie BAKER,USA,Ronnie BAKER,1.0,OK,1,1291.5,0.1575,-4.2,170.0,0.954,Lane 6 | 0.154 sec | 372 Ronnie BAKER (USA)
WIC2025-60m-M-SF-H2,7,7.0,0.15,0.15,0.15,1.0,False,False,349,349,Chamod YODASINGHE,SRI,Chamod YODASINGHE,1.0,OK,1,1289.5,0.1542,-4.2,144.0,0.99,Lane7 | 0.150 sec | 349 Chamod YODASINGHE (SRI)
WIC2025-60m-M-SF-H2,8,8.0,0.152,0.1517,0.152,1.0,False,False,159,159,Arthur CISSE,CIV,Arthur CISSÉ,0.0,OK,1,1290.5,0.1542,-2.5,209.0,0.989,Lane8 | 0.152 sec | 159 Arthur CISSE (CIV)
WIC2025-60m-M-SF-H2,9,9.0,,,,,False,False,,,,,,,,0,,,,,0.99,Lane9
WIC2025-60m-M-SF-H3,1,1.0,0.15,0.15,0.15,1.0,False,False,153,153,Zhenye XIE,CHN,Zhenye XIE,1.0,OK,1,1289.5,0.1542,-4.2,139.0,0.95,Lane1 | 0.150 sec | 153 Zhenye XIE (CHN)
WIC2025-60m-M-SF-H3,2,2.0,0.166,0.1667,0.166,1.0,False,False,224,224,Dominik ILLOVSZKY,HUN,Dominik ILLOVSZKY,1.0,OK,1,1299.5,0.1708,-4.2,205.0,0.978,Lane2 | 0.166 sec | 224 Dominik ILLOVSZKY (HUN)
WIC2025-60m-M-SF-H3,3,3.0,0.143,0.1433,0.143,1.0,False,False,338,338,AkaniSIMBINE,RSA,Akani SIMBINE,1.0,OK,1,1285.5,0.1475,-4.2,152.0,0.979,Lane3 | 0.143 sec | 338AkaniSIMBINE (RSA)
WIC2025-60m-M-SF-H3,4,4.0,0.141,0.1417,0.141,1.0,False,False,411,411,Tiaan WHELPTON,NZL,Tiaan WHELPTON,1.0,OK,1,1284.5,0.1458,-4.2,200.0,0.913,Lane 4 | 0.141 sec | 411 Tiaan WHELPTON (NZL)
WIC2025-60m-M-SF-H3,5,5.0,0.161,0.1617,0.161,1.0,False,False,330,330,Eloy BENITEZ,PUR,Eloy BENITEZ,1.0,OK,1,1296.5,0.1642,-2.5,188.0,0.982,Lane5 | 0.161 sec | 330 Eloy BENITEZ (PUR)
WIC2025-60m-M-SF-H3,6,6.0,0.169,0.1683,0.169,1.0,False,False,384,384,Coby HILTON,USA,Coby HILTON,1.0,OK,1,1300.5,0.1725,-4.2,198.0,0.931,Lane 6 | 0.169 sec | 384 Coby HILTON (USA)
WIC2025-60m-M-SF-H3,7,7.0,0.138,0.1383,0.138,1.0,False,True,139,139,Malachi MURRAY,CAN,Malachi MURRAY,1.0,OK,1,1282.5,0.1408,-2.5,138.0,0.962,Lane7 | 0.138 sec (Quickest) | 139 Malachi MURRAY (CAN)
WIC2025-60m-M-SF-H3,8,8.0,0.157,0.1567,0.157,1.0,False,False,275,275,Naoki NISHIOKA,JPN,Naoki NISHIOKA,1.0,OK,1,1293.5,0.1475,9.2,123.0,0.969,Lane8 | 0.157 sec | 275 Naoki NISHIOKA (JPN)
WIC2025-60m-M-SF-H3,9,9.0,,,,,False,False,,,,,,,,0,,,,,0.989,Lane9
WIC2025-60m-W-F-H1,1,1.0,0.153,0.1533,0.153,1.0,False,False,758,758,Zoe HOBBS,NZL,Zoe HOBBS,1.0,OK,1,1291.5,0.1575,-4.2,140.0,0.987,Lane1 | 0.153 sec | 758 Zoe HOBBS (NZL)
WIC2025-60m-W-F-H1,2,2.0,0.198,0.1983,0.198,1.0,False,False,522,522,Rani ROSIUS,BEL,Rani ROSIUS,1.0,OK,1,1318.5,0.1808,17.5,101.0,0.962,Lane2 | 0.198 sec | 522 Rani ROSIUS (BEL)
WIC2025-60m-W-F-H1,3,3.0,0.18,0.18,0.18,1.0,False,False,621,621,Zaynab DOSSO,ITA,Zaynab DOSSO,1.0,OK,1,1307.5,0.1841,-4.2,140.0,0.961,Lane3 | 0.180 sec | 621 Zaynab DOSSO (ITA)
WIC2025-60m-W-F-H1,4,4.0,0.137,0.1367,0.137,1.0,False,True,644,644,Patrizia VAN DER WEKEN,LUX,Patrizia VAN DER WEKEN,1.0,OK,1,1281.5,0.1425,-5.8,119.0,0.913,Lane 4 | 0.137 sec (Quickest) | 644 Patrizia VAN DER WEKEN (LUX)
WIC2025-60m-W-F-H1,5,5.0,0.143,0.1433,0.143,1.0,False,False,666,666,Ewa SWOBODA,POL,Ewa SWOBODA,1.0,OK,1,1285.5,0.1475,-4.2,108.0,0.954,Lane5 | 0.143 sec | 666 Ewa SWOBODA (POL)
WIC2025-60m-W-F-H1,6,6.0,0.144,0.1433,0.144,1.0,False,False,691,691,Mujinga KAMBUNDJI,SUI,Mujinga KAMBUNDJI,1.0,OK,1,1285.5,0.1475,-4.2,119.0,0.954,Lane 6 | 0.144 sec | 691 Mujinga KAMBUNDJI (SUI)
WIC2025-60m-W-F-H1,7,7.0,0.178,0.1783,0.178,1.0,False,False,598,598,Amy HUNT,GBR,Amy HUNT,1.0,OK,1,1306.5,0.1725,5.8,105.0,0.944,Lane7 | 0.178 sec | 598 Amy HUNT (GBR)
WIC2025-60m-W-F-H1,8,8.0,0.153,0.1533,0.153,1.0,False,False,550,550,Xiaojing LIANG,CHN,Xiaojing LIANG,1.0,OK,1,1291.5,0.1442,9.2,77.0,0.989,Lane8 | 0.153 sec | 550 Xiaojing LIANG (CHN)
WIC2025-60m-W-F-H1,9,9.0,,,,,False,False,,,,,,,,0,,,,,0.989,Lane9
WIC2025-60m-W-R1-H1,1,1.0,,,,,False,False,,,,,,,,0,,,,,0.987,Lane1
WIC2025-60m-W-R1-H1,2,2.0,0.168,0.1683,0.168,1.0,False,False,521,521,Kishawna NILES,BAR,Kishawna NILES,1.0,OK,1,1300.5,0.1708,-2.5,150.0,0.982,Lane2 | 0.168 sec | 521 Kishawna NILES (BAR)
WIC2025-60m-W-R1-H1,3,3.0,0.174,0.1733,0.174,1.0,False,False,621,621,Zaynab DOSSO,ITA,Zaynab DOSSO,1.0,OK,1,1303.5,0.1775,-4.2,125.0,0.961,Lane3 | 0.174 sec | 621 Zaynab DOSSO (ITA)
WIC2025-60m-W-R1-H1,4,4.0,0.148,0.1483,0.148,1.0,False,True,605,605,Polyniki EMMANOUILIDOU,GRE,Polyniki EMMANOUILIDOU,1.0,OK,1,1288.5,0.1508,-2.5,76.0,0.913,Lane 4 | 0.148 sec (Quickest) | 605 Polyniki EMMANOUILIDOU (GRE)
WIC2025-60m-W-R1-H1,5,5.0,0.174,0.1733,0.174,1.0,False,False,673,673,Maria MIHALACHE,ROU,Maria MIHALACHE,1.0,OK,1,1303.5,0.1775,-4.2,118.0,0.975,Lane5 | 0.174 sec | 673 Maria MIHALACHE (ROU)
WIC2025-60m-W-R1-H1,6,6.0,,,,,False,False,648,648,Beatrice MASILINGI,NAM,Beatrice MASILINGI,1.0,DNS,0,,,,,0.924,Lane 6 | 648 Beatrice MASILINGI (NAM)
WIC2025-60m-W-R1-H1,7,7.0,0.176,0.1767,0.176,1.0,False,False,533,533,Audrey LEDUC,CAN,Audrey LEDUC,1.0,OK,1,1305.5,0.1808,-4.2,95.0,0.98,Lane7 | 0.176 sec | 533 Audrey LEDUC (CAN)
WIC2025-60m-W-R1-H1,8,8.0,0.17,0.17,0.17,1.0,False,False,696,696,Viktoria FORSTER,SVK,Viktória FORSTER,0.0,OK,1,1301.5,0.1742,-4.2,94.0,0.956,Lane8 | 0.170 sec | 696 Viktoria FORSTER (SVK)
WIC2025-60m-W-R1-H1,9,9.0,,,,,False,False,,,,,,,,0,,,,,0.99,Lane9
WIC2025-60m-W-R1-H2,1,1.0,,,,,False,False,,,,,,,,0,,,,,0.987,Lane1
WIC2025-60m-W-R1-H2,2,2.0,0.143,0.1433,0.143,1.0,False,True,644,644,Patrizia VAN DER WEKEN,LUX,Patrizia VAN DER WEKEN,1.0,OK,1,1285.5,0.1475,-4.2,103.0,0.992,Lane2 | 0.143 sec (Quickest) | 644 Patrizia VAN DER WEKEN (LUX)
WIC2025-60m-W-R1-H2,3,3.0,0.182,0.1816,0.182,1.0,False,False,707,707,Valentina MEREDOVA,TKM,Valentina MEREDOVA,1.0,OK,1,1308.5,0.1858,-4.2,86.0,0.959,Lane3 | 0.182 sec | 707 Valentina MEREDOVA (TKM)
WIC2025-60m-W-R1-H2,4,4.0,0.189,0.1883,0.189,1.0,False,False,543,543,Yujie CHEN,CHN,Yujie CHEN,1.0,OK,1,1312.5,0.1575,30.8,75.0,0.913,Lane 4 | 0.189 sec | 543 Yujie CHEN (CHN)
WIC2025-60m-W-R1-H2,5,5.0,0.152,0.1517,0.152,1.0,False,False,520,520,Camille RUTHERFORD,BAH,Camille RUTHERFORD,1.0,OK,1,1290.5,0.1542,-2.5,126.0,0.97,Lane5 | 0.152 sec | 520 Camille RUTHERFORD (BAH)
WIC2025-60m-W-R1-H2,6,6.0,0.143,0.1433,0.143,1.0,False,True,641,641,Destiny SMITH-BARNETT,LBR,Destiny SMITH-BARNETT,1.0,OK,1,1285.5,0.1475,-4.2,100.0,0.931,Lane 6 | 0.143 sec (Quickest) | 641 Destiny SMITH-BARNETT (LBR)
WIC2025-60m-W-R1-H2,7,7.0,0.171,0.1717,0.171,1.0,False,False,524,524,Guadalupe TORREZ,BOL,Guadalupe TORREZ,1.0,OK,1,1302.5,0.1542,17.5,58.0,0.978,Lane7 | 0.171 sec | 524 Guadalupe TORREZ (BOL)
WIC2025-60m-W-R1-H2,8,8.0,0.154,0.1533,0.154,1.0,False,False,633,633,Jodean WILLIAMS,JAM,Jodean WILLIAMS,1.0,OK,1,1291.5,0.1575,-4.2,94.0,0.977,Lane8 | 0.154sec | 633 Jodean WILLIAMS (JAM)
WIC2025-60m-W-R1-H2,9,9.0,,,,,False,False,,,,,,,,0,,,,,0.99,Lane9
WIC2025-60m-W-R1-H3,1,1.0,,,,,False,False,,,,,,,,0,,,,,0.987,Lane1
WIC2025-60m-W-R1-H3,2,2.0,0.169,0.1683,0.169,1.0,False,False,758,758,Zoe HOBBS,NZL,Zoe HOBBS,1.0,OK,1,1300.5,0.1708,-2.5,122.0,0.973,Lane2 | 0.169 sec | 758 Zoe HOBBS (NZL)
WIC2025-60m-W-R1-H3,3,3.0,0.141,0.1417,0.141,1.0,False,True,610,610,Boglarka TAKACS,HUN,Boglárka TAKÁCS,0.0,OK,1,1284.5,0.1225,19.2,47.0,0.987,Lane3 | 0.141 sec (Quickest) | 610 Boglarka TAKACS (HUN)
WIC2025-60m-W-R1-H3,4,4.0,0.189,0.1883,0.189,1.0,False,False,678,678,Natasha CHETTY,SEY,Natasha CHETTY,1.0,OK,1,1312.5,0.1925,-4.2,89.0,0.913,Lane 4 | 0.189 sec | 678 Natasha CHETTY (SEY)
WIC2025-60m-W-R1-H3,5,5.0,0.142,0.1417,0.142,1.0,False,False,681,681,Maja MIHALINEC ZIDAR,SLO,Maja MIHALINEC ZIDAR,1.0,OK,1,1284.5,0.1458,-4.2,100.0,0.953,Lane5 | 0.142 sec | 681 Maja MIHALINEC ZIDAR (SLO)
WIC2025-60m-W-R1-H3,6,6.0,0.19,0.19,0.19,1.0,False,False,525,525,Ana Carolina AZEVEDO,BRA,Ana Carolina AZEVEDO,1.0,OK,1,1313.5,0.1708,19.2,102.0,0.931,Lane 6 | 0.190 sec | 525 Ana Carolina AZEVEDO (BRA)
WIC2025-60m-W-R1-H3,7,7.0,0.144,0.1433,0.144,1.0,False,False,720,720,Mikiah BRISCO,USA,Mikiah BRISCO,1.0,OK,1,1285.5,0.1475,-4.2,94.0,0.951,Lane7 | 0.144 sec | 720 Mikiah BRISCO (USA)
WIC2025-60m-W-R1-H3,8,8.0,0.177,0.1767,0.177,1.0,False,False,622,622,GloriaHOOPER,ITA,Gloria HOOPER,1.0,OK,1,1305.5,0.1825,-5.8,86.0,0.98,Lane8 | 0.177 sec | 622GloriaHOOPER (ITA)
WIC2025-60m-W-R1-H3,9,9.0,,,,,False,False,,,,,,,,0,,,,,0.99,Lane9
WIC2025-60m-W-R1-H4,1,1.0,,,,,False,False,,,,,,,,0,,,,,0.987,Lane1
WIC2025-60m-W-R1-H4,2,2.0,0.202,0.2016,0.202,1.0,False,False,522,522,Rani ROSIUS,BEL,Rani ROSIUS,1.0,OK,1,1320.5,0.1808,20.8,95.0,0.977,Lane2 | 0.202 sec | 522 Rani ROSIUS (BEL)
WIC2025-60m-W-R1-H4,3,3.0,0.162,0.1617,0.162,1.0,False,False,535,535,Sade MCCREATH,CAN,Sade MCCREATH,1.0,OK,1,1296.5,0.1475,14.2,91.0,0.962,Lane3 | 0.162 sec | 535 Sade MCCREATH (CAN)
WIC2025-60m-W-R1-H4,4,4.0,0.167,0.1667,0.167,1.0,False,False,626,626,Beyonce DEFREITAS,IVB,Beyonce DEFREITAS,1.0,OK,1,1299.5,0.1725,-5.8,113.0,0.913,Lane 4 | 0.167 sec | 626 Beyonce DEFREITAS (IVB)
WIC2025-60m-W-R1-H4,5,5.0,0.168,0.1683,0.168,1.0,False,False,560,560,Maboundou KONE,CIV,Maboundou KONÉ,0.0,OK,1,1300.5,0.1725,-4.2,75.0,0.975,Lane5 | 0.168 sec | 560 Maboundou KONE (CIV)
WIC2025-60m-W-R1-H4,6,6.0,0.143,0.1433,0.143,1.0,False,True,691,691,Mujinga KAMBUNDJI,SUI,Mujinga KAMBUNDJI,1.0,OK,1,1285.5,0.1475,-4.2,96.0,0.931,Lane 6 | 0.143 sec (Quickest) | 691 Mujinga KAMBUNDJI (SUI)
WIC2025-60m-W-R1-H4,7,7.0,0.144,0.1433,0.144,1.0,False,False,682,682,Lucija POTNIK,SLO,Lucija POTNIK,1.0,OK,1,1285.5,0.1475,-4.2,135.0,0.951,Lane7 | 0.144 sec | 682 Lucija POTNIK (SLO)
WIC2025-60m-W-R1-H4,8,8.0,0.143,0.1433,0.143,1.0,False,True,509,509,Torrie LEWIS,AUS,Torrie LEWIS,1.0,OK,1,1285.5,0.1308,12.5,73.0,0.987,Lane8 | 0.143 sec (Quickest) | 509 Torrie LEWIS (AUS)
WIC2025-60m-W-R1-H4,9,9.0,,,,,False,False,,,,,,,,0,,,,,0.99,Lane9
WIC2025-60m-W-R1-H5,1,1.0,,,,,False,False,,,,,,,,0,,,,,0.987,Lane1
WIC2025-60m-W-R1-H5,2,2.0,0.157,0.1567,0.157,1.0,False,False,709,709,Michelle-Lee AHYE,TTO,Michelle-Lee AHYE,1.0,OK,1,1293.5,0.1608,-4.2,91.0,0.974,Lane2 | 0.157 sec | 709 Michelle-Lee AHYE (TTO)
WIC2025-60m-W-R1-H5,3,3.0,0.176,0.1767,0.176,1.0,False,False,688,688,Géraldine FREY,SUI,Géraldine FREY,1.0,OK,1,1305.5,0.1808,-4.2,56.0,0.959,Lane3 | 0.176 sec | 688 Géraldine FREY (SUI)
WIC2025-60m-W-R1-H5,4,4.0,0.151,0.1517,0.151,1.0,False,True,540,540,Natacha NGOYE,CGO,Natacha NGOYE,1.0,OK,1,1290.5,0.1542,-2.5,65.0,0.913,Lane 4 | 0.151 sec (Quickest) | 540 Natacha NGOYE (CGO)
WIC2025-60m-W-R1-H5,5,5.0,0.153,0.1533,0.153,1.0,False,False,630,630,Natasha MORRISON,JAM,Natasha MORRISON,1.0,OK,1,1291.5,0.1575,-4.2,125.0,0.975,Lane5 | 0.153 sec | 630 Natasha MORRISON (JAM)
WIC2025-60m-W-R1-H5,6,6.0,0.155,0.155,0.155,1.0,False,False,607,607,Dimitra TSOUKALA,GRE,Dimitra TSOUKALA,1.0,OK,1,1292.5,0.1475,7.5,87.0,0.954,Lane 6 | 0.155 sec | 607 Dimitra TSOUKALA (GRE)
WIC2025-60m-W-R1-H5,7,7.0,0.152,0.1517,0.152,1.0,False,False,666,666,EWa SWOBODA,POL,Ewa SWOBODA,1.0,OK,1,1290.5,0.1558,-4.2,103.0,0.948,Lane7 | 0.152 sec | 666 EWa SWOBODA (POL)
WIC2025-60m-W-R1-H5,8,8.0,0.163,0.1633,0.163,1.0,False,False,550,550,Xiaojing LIANG,CHN,Xiaojing LIANG,1.0,OK,1,1297.5,0.1558,7.5,66.0,0.957,Lane8 | 0.163 sec | 550 Xiaojing LIANG (CHN)
WIC2025-60m-W-R1-H5,9,9.0,,,,,False,False,,,,,,,,0,,,,,0.99,Lane9
WIC2025-60m-W-R1-H6,1,1.0,,,,,False,False,,,,,,,,0,,,,,0.987,Lane1
WIC2025-60m-W-R1-H6,2,2.0,0.175,0.175,0.175,1.0,False,False,699,699,Julia HENRIKSSON,SWE,Julia HENRIKSSON,1.0,OK,1,1304.5,0.1625,12.5,76.0,0.939,Lane2 | 0.175 sec | 699 Julia HENRIKSSON (SWE)
WIC2025-60m-W-R1-H6,3,3.0,0.15,0.15,0.15,1.0,False,False,657,657,Kristina Marie KNOTT,PHI,Kristina Marie KNOTT,1.0,OK,1,1289.5,0.1425,7.5,88.0,0.97,Lane3 | 0.150 sec | 657 Kristina Marie KNOTT (PHI)
WIC2025-60m-W-R1-H6,4,4.0,0.167,0.1667,0.167,1.0,False,False,577,577,Ann Mari KIVIKAS,EST,Ann Marii KIVIKAS,0.0,OK,1,1299.5,0.1525,14.2,94.0,0.913,Lane 4 | 0.167 sec | 577 Ann Mari KIVIKAS (EST)
WIC2025-60m-W-R1-H6,5,5.0,0.14,0.14,0.14,1.0,False,True,500,500,Leah SANDAVENE,ANG,Leah SANDAVENE,1.0,OK,1,1283.5,0.1442,-4.2,84.0,0.97,Lane5 | 0.140 sec (Quickest) | 500 Leah SANDAVENE (ANG)
WIC2025-60m-W-R1-H6,6,6.0,0.15,0.15,0.15,1.0,False,False,501,501,Joella LLOYD,ANT,Joella LLOYD,1.0,OK,1,1289.5,0.1292,20.8,79.0,0.931,Lane 6 | 0.150 sec | 501 Joella LLOYD (ANT)
WIC2025-60m-W-R1-H6,7,7.0,0.181,0.1816,0.181,1.0,False,False,598,598,Amy HUNT,GBR,Amy HUNT,1.0,OK,1,1308.5,0.1708,10.8,93.0,0.981,Lane7 | 0.181 sec | 598 Amy HUNT (GBR)
WIC2025-60m-W-R1-H6,8,8.0,0.142,0.1417,0.142,1.0,False,False,505,505,Ella CONNOLLY,AUS,Ella CONNOLLY,1.0,OK,1,1284.5,0.1292,12.5,88.0,0.953,Lane8 | 0.142 sec | 505 Ella CONNOLLY (AUS)
WIC2025-60m-W-R1-H6,9,9.0,,,,,False,False,,,,,,,,0,,,,,0.99,Lane9
WIC2025-60m-W-SF-H1,1,1.0,0.15,0.15,0.15,1.0,False,True,709,709,Michelle-Lee AHYE,TTO,Michelle-Lee AHYE,1.0,OK,1,1289.5,0.1542,-4.2,89.0,0.984,Lane1 | 0.150 sec (Quickest) | 709 Michelle-Lee AHYE (TTO)
WIC2025-60m-W-SF-H1,2,2.0,0.165,0.165,0.165,1.0,False,False,699,699,Julia HENRIKSSON,SWE,Julia HENRIKSSON,1.0,OK,1,1298.5,0.1575,7.5,68.0,0.954,Lane2 | 0.165 sec | 699 Julia HENRIKSSON (SWE)
WIC2025-60m-W-SF-H1,3,3.0,0.164,0.1633,0.164,1.0,False,False,621,621,Zaynab DOSSO,ITA,Zaynab DOSSO,1.0,OK,1,1297.5,0.1675,-4.2,135.0,0.971,Lane3 | 0.164 sec | 621 Zaynab DOSSO (ITA)
WIC2025-60m-W-SF-H1,4,4.0,0.156,0.1567,0.156,1.0,False,False,598,598,Amy HUNT,GBR,Amy HUNT,1.0,OK,1,1293.5,0.1475,9.2,96.0,0.913,Lane 4 | 0.156 sec | 598 Amy HUNT (GBR)
WIC2025-60m-W-SF-H1,5,5.0,0.15,0.15,0.15,1.0,False,True,501,501,Joella LLOYD,ANT,Joella LLOYD,1.0,OK,1,1289.5,0.1408,9.2,105.0,0.959,Lane5 | 0.150 sec (Quickest) | 501 Joella LLOYD (ANT)
WIC2025-60m-W-SF-H1,6,6.0,0.151,0.1517,0.151,1.0,False,False,550,550,Xiaojing LIANG,CHN,Xiaojing LIANG,1.0,OK,1,1290.5,0.1425,9.2,76.0,0.931,Lane 6 | 0.151 sec | 550 Xiaojing LIANG (CHN)
WIC2025-60m-W-SF-H1,7,7.0,0.16,0.16,0.16,1.0,False,False,630,630,Natasha MORRISON,JAM,Natasha MORRISON,1.0,OK,1,1295.5,0.1525,7.5,110.0,0.943,Lane7 | 0.160 sec | 630 Natasha MORRISON (JAM)
WIC2025-60m-W-SF-H1,8,8.0,0.173,0.1733,0.173,1.0,False,False,520,520,Camille RUTHERFORD,BAH,Camille RUTHERFORD,1.0,OK,1,1303.5,0.1775,-4.2,117.0,0.989,Lane8 | 0.173 sec | 520 Camille RUTHERFORD (BAH)
WIC2025-60m-W-SF-H1,9,9.0,,,,,False,False,,,,,,,,0,,,,,0.989,Lane9
WIC2025-60m-W-SF-H2,1,1.0,0.167,0.1667,0.167,1.0,False,False,605,605,Polyniki EMMANOUILIDOU,GRE,Polyniki EMMANOUILIDOU,1.0,OK,1,1299.5,0.1575,9.2,79.0,0.984,Lane1 | 0.167 sec | 605 Polyniki EMMANOUILIDOU (GRE)
WIC2025-60m-W-SF-H2,2,2.0,0.145,0.145,0.145,1.0,False,False,509,509,TorrieLEWIS,AUS,Torrie LEWIS,1.0,OK,1,1286.5,0.1375,7.5,73.0,0.98,Lane2 | 0.145 sec | 509TorrieLEWIS (AUS)
WIC2025-60m-W-SF-H2,3,3.0,0.147,0.1467,0.147,1.0,False,False,691,691,Mujinga KAMBUNDJI,SUI,Mujinga KAMBUNDJI,1.0,OK,1,1287.5,0.1508,-4.2,114.0,0.994,Lane3 | 0.147 sec | 691 Mujinga KAMBUNDJI (SUI)
WIC2025-60m-W-SF-H2,4,4.0,0.157,0.1567,0.157,1.0,False,False,758,758,Zoe HOBBS 6,NZL,Zoe HOBBS,1.0,OK,1,1293.5,0.1608,-4.2,144.0,0.873,Lane 4 | 0.157 sec | 758Zoe HOBBS 6 (NZL)
WIC2025-60m-W-SF-H2,5,5.0,0.144,0.1433,0.144,1.0,False,True,644,644,Patrizia VAN DER WEKEN,LUX,Patrizia VAN DER WEKEN,1.0,OK,1,1285.5,0.1475,-4.2,108.0,0.971,Lane5 | 0.144 sec (Quickest) | 644 Patrizia VAN DER WEKEN (LUX)
WIC2025-60m-W-SF-H2,6,6.0,0.162,0.1617,0.162,1.0,False,False,521,521,Kishawna NILES,BAR,Kishawna NILES,1.0,OK,1,1296.5,0.1658,-4.2,108.0,0.931,Lane 6 | 0.162 sec | 521 Kishawna NILES (BAR)
WIC2025-60m-W-SF-H2,7,7.0,0.174,0.1733,0.174,1.0,False,False,610,610,Boglarka TAKACS,HUN,Boglárka TAKÁCS,0.0,OK,1,1303.5,0.1458,27.5,58.0,0.962,Lane7 | 0.174 sec | 610 Boglarka TAKACS (HUN)
WIC2025-60m-W-SF-H2,8,8.0,0.163,0.1633,0.163,1.0,False,False,535,535,Sade MCCREATH,CAN,Sade MCCREATH,1.0,OK,1,1297.5,0.1675,-4.2,91.0,0.989,Lane8 | 0.163 sec | 535 Sade MCCREATH (CAN)
WIC2025-60m-W-SF-H2,9,9.0,,,,,False,False,,,,,,,,0,,,,,0.99,Lane9
WIC2025-60m-W-SF-H3,1,1.0,0.176,0.1767,0.176,1.0,False,False,626,626,Beyonce DEFREITAS,IVB,Beyonce DEFREITAS,1.0,OK,1,1305.5,0.1675,9.2,98.0,0.987,Lane1 | 0.176 sec | 626 Beyonce DEFREITAS (IVB)
WIC2025-60m-W-SF-H3,2,2.0,0.171,0.1717,0.171,1.0,False,False,533,533,Audrey LEDUC,CAN,Audrey LEDUC,1.0,OK,1,1302.5,0.1608,10.8,98.0,0.966,Lane2 | 0.171 sec | 533 Audrey LEDUC (CAN)
WIC2025-60m-W-SF-H3,3,3.0,0.15,0.15,0.15,1.0,False,False,666,666,Ewa SWOBODA,POL,Ewa SWOBODA,1.0,OK,1,1289.5,0.1542,-4.2,112.0,0.959,Lane3 | 0.150 sec | 666 Ewa SWOBODA (POL)
WIC2025-60m-W-SF-H3,4,4.0,0.147,0.1467,0.147,1.0,False,False,720,720,Mikiah BRISCO,USA,Mikiah BRISCO,1.0,OK,1,1287.5,0.1508,-4.2,101.0,0.913,Lane 4 | 0.147 sec | 720 Mikiah BRISCO (USA)
WIC2025-60m-W-SF-H3,5,5.0,0.162,0.1617,0.162,1.0,False,False,633,633,Jodean WILLIAMS,JAM,Jodean WILLIAMS,1.0,OK,1,1296.5,0.1658,-4.2,108.0,0.952,Lane5 | 0.162 sec | 633 Jodean WILLIAMS (JAM)
WIC2025-60m-W-SF-H3,6,6.0,0.192,0.1916,0.192,1.0,False,False,522,522,Rani ROSIUS,BEL,Rani ROSIUS,1.0,OK,1,1314.5,0.1708,20.8,100.0,0.954,Lane 6 | 0.192 sec | 522 Rani ROSIUS (BEL)
WIC2025-60m-W-SF-H3,7,7.0,0.16,0.16,0.16,1.0,False,False,641,641,Destiny SMITH-BARNETT,LBR,Destiny SMITH-BARNETT,1.0,OK,1,1295.5,0.1642,-4.2,96.0,0.976,Lane7 | 0.160 sec | 641 Destiny SMITH-BARNETT (LBR)
WIC2025-60m-W-SF-H3,8,8.0,0.122,0.1217,0.122,1.0,False,True,688,688,Géraldine FREY,SUI,Géraldine FREY,1.0,OK,1,1272.5,0.1142,7.5,72.0,0.983,Lane8 | 0.122 sec (Quickest) | 688 Géraldine FREY (SUI)
WIC2025-60m-W-SF-H3,9,9.0,,,,,False,False,,,,,,,,0,,,,,0.99,Lane9
WIC2025-60mH-M-F-H1,1,1.0,0.151,0.1517,0.151,1.0,False,False,118,118,Michael OBASUYI,BEL,Michael OBASUYI,1.0,OK,1,1290.5,0.1558,-4.2,163.0,0.987,Lane1 | 0.151 sec | 118 Michael OBASUYI (BEL)
WIC2025-60mH-M-F-H1,2,2.0,0.145,0.145,0.145,1.0,False,False,249,249,Lorenzo Ndele SIMONELLI,ITA,Lorenzo Ndele SIMONELLI,1.0,OK,1,1286.5,0.1492,-4.2,200.0,0.962,Lane2 | 0.145 sec | 249 Lorenzo Ndele SIMONELLI (ITA)
WIC2025-60mH-M-F-H1,3,3.0,0.147,0.1467,0.147,1.0,False,False,145,145,Junxi LIU,CHN,Junxi LIU,1.0,OK,1,1287.5,0.1508,-4.2,170.0,0.957,Lane3 | 0.147 sec | 145 Junxi LIU (CHN)
WIC2025-60mH-M-F-H1,4,4.0,0.164,0.1633,0.164,1.0,False,False,262,262,Demario PRINCE,JAM,Demario PRINCE,1.0,OK,1,1297.5,0.1675,-4.2,203.0,0.913,Lane 4 | 0.164 sec | 262 Demario PRINCE (JAM)
WIC2025-60mH-M-F-H1,5,5.0,0.15,0.15,0.15,1.0,False,False,192,192,Wilhem BELOCIAN,FRA,Wilhem BELOCIAN,1.0,OK,1,1289.5,0.1542,-4.2,177.0,0.977,Lane5 | 0.150 sec | 192 Wilhem BELOCIAN (FRA)
WIC2025-60mH-M-F-H1,6,6.0,0.126,0.1267,0.126,1.0,False,True,386,386,Grant HOLLOWAY,USA,Grant HOLLOWAY,1.0,OK,1,1275.5,0.1308,-4.2,204.0,0.931,Lane 6 | 0.126 sec (Quickest) | 386 Grant HOLLOWAY (USA)
WIC2025-60mH-M-F-H1,7,7.0,0.168,0.1683,0.168,1.0,False,False,146,146,Weibo QIN,CHN,Weibo QIN,1.0,OK,1,1300.5,0.1725,-4.2,190.0,0.965,Lane7 | 0.168 sec | 146 Weibo QIN (CHN)
WIC2025-60mH-M-F-H1,8,8.0,0.143,0.1433,0.143,1.0,False,False,253,253,Jerome CAMPBELL,JAM,Jerome CAMPBELL,1.0,OK,1,1285.5,0.1475,-4.2,167.0,0.956,Lane8 | 0.143 sec | 253 Jerome CAMPBELL (JAM)
WIC2025-60mH-M-F-H1,9,9.0,,,,,False,False,,,,,,,,0,,,,,0.99,Lane9
WIC2025-60mH-M-R1-H1,1,1.0,,,,,False,False,,,,,,,,0,,,,,0.987,Lane1
WIC2025-60mH-M-R1-H1,2,2.0,0.162,0.1617,0.162,1.0,False,False,300,300,Richard DIAWARA,MLI,Richard DIAWARA,1.0,OK,1,1296.5,0.1658,-4.2,125.0,0.916,Lane 2 | 0.162 sec | 300 Richard DIAWARA (MLI)
WIC2025-60mH-M-R1-H1,3,3.0,0.186,0.1866,0.186,1.0,False,False,146,146,Weibo QIN,CHN,Weibo QIN,1.0,OK,1,1311.5,0.1908,-4.2,190.0,0.978,Lane3 | 0.186 sec | 146 Weibo QIN (CHN)
WIC2025-60mH-M-R1-H1,4,4.0,0.141,0.1417,0.141,1.0,False,True,328,328,Abdel Kader LARRINAGA,POR,Abdel Kader LARRINAGA,1.0,OK,1,1284.5,0.1458,-4.2,167.0,0.914,Lane 4 | 0.141 sec (Quickest) | 328 Abdel Kader LARRINAGA (POR)
WIC2025-60mH-M-R1-H1,5,5.0,0.154,0.1533,0.154,1.0,False,False,118,118,Michael OBASUYI,BEL,Michael OBASUYI,1.0,OK,1,1291.5,0.1592,-5.8,153.0,0.973,Lane5 | 0.154 sec | 118 Michael OBASUYI (BEL)
WIC2025-60mH-M-R1-H1,6,6.0,0.151,0.1517,0.151,1.0,False,False,222,222,Daniel ESZES,HUN,Dániel ESZES,0.0,OK,1,1290.5,0.1542,-2.5,117.0,0.96,Lane 6 | 0.151 sec | 222 Daniel ESZES (HUN)
WIC2025-60mH-M-R1-H1,7,7.0,0.16,0.16,0.16,1.0,False,False,170,170,Yousuf BADAWY SAYED,EGY,Yousuf BADAWY SAYED,1.0,OK,1,1295.5,0.1525,7.5,113.0,0.972,Lane7 | 0.160 sec | 170 Yousuf BADAWY SAYED (EGY)
WIC2025-60mH-M-R1-H1,8,8.0,,,,,False,False,262,262,Demario PRINCE,JAM,Demario PRINCE,1.0,OK,0,,,,,0.91,Lane 8 | 262 Demario PRINCE (JAM)
WIC2025-60mH-M-R1-H1,9,9.0,,,,,False,False,,,,,,,,0,,,,,0.989,Lane9
WIC2025-60mH-M-R1-H2,1,1.0,,,,,False,False,,,,,,,,0,,,,,0.987,Lane1
WIC2025-60mH-M-R1-H2,2,2.0,0.179,0.1783,0.179,1.0,False,False,334,334,Oumar Doudai ABAKAR,QAT,Oumar Doudai ABAKAR,1.0,OK,1,1306.5,0.1808,-2.5,123.0,0.969,Lane2 | 0.179 sec | 334 Oumar Doudai ABAKAR (QAT)
WIC2025-60mH-M-R1-H2,3,3.0,0.153,0.1533,0.153,1.0,False,False,324,324,Krzysztof KILJAN,POL,Krzysztof KILJAN,1.0,OK,1,1291.5,0.1575,-4.2,206.0,0.965,Lane3 | 0.153 sec | 324 Krzysztof KILJAN (POL)
WIC2025-60mH-M-R1-H2,4,4.0,0.163,0.1633,0.163,1.0,False,False,192,192,Wilhem BELOCIAN,FRA,Wilhem BELOCIAN,1.0,OK,1,1297.5,0.1675,-4.2,188.0,0.913,Lane 4 | 0.163 sec | 192 Wilhem BELOCIAN (FRA)
WIC2025-60mH-M-R1-H2,5,5.0,0.151,0.1517,0.151,1.0,False,False,367,367,MikdatSEVLER,TUR,Mikdat SEVLER,1.0,OK,1,1290.5,0.1558,-4.2,126.0,0.993,Lane5 | 0.151 sec | 367MikdatSEVLER (TUR)
WIC2025-60mH-M-R1-H2,6,6.0,0.155,0.155,0.155,1.0,False,False,274,274,Tetsuro NISHI,JPN,Tetsuro NISHI,1.0,OK,1,1292.5,0.1592,-4.2,140.0,0.931,Lane 6 | 0.155 sec | 274 Tetsuro NISHI (JPN)
WIC2025-60mH-M-R1-H2,7,7.0,0.145,0.145,0.145,1.0,False,True,386,386,Grant HOLLOWAY,USA,Grant HOLLOWAY,1.0,OK,1,1286.5,0.1492,-4.2,192.0,0.954,Lane7 | 0.145 sec (Quickest) | 386 Grant HOLLOWAY (USA)
WIC2025-60mH-M-R1-H2,8,8.0,,,,,False,False,,,,,,,,0,,,,,0.989,Lane8
WIC2025-60mH-M-R1-H2,9,9.0,,,,,False,False,,,,,,,,0,,,,,0.989,Lane9
WIC2025-60mH-M-R1-H3,1,1.0,,,,,False,False,,,,,,,,0,,,,,0.987,Lane1
WIC2025-60mH-M-R1-H3,2,2.0,0.135,0.135,0.135,1.0,False,True,,164,,,Jonáš KOLOMAZNIK,,DQ,1,1280.5,0.1392,-4.2,130.0,0.992,Lane2 | 0.135 sec (Quickest)
WIC2025-60mH-M-R1-H3,3,3.0,0.15,0.15,0.15,1.0,False,False,,287,,,Yaqoub ALYOUHA,,DNF,1,1289.5,0.1542,-4.2,162.0,0.988,Lane3 | 0.150 sec
WIC2025-60mH-M-R1-H3,4,4.0,0.151,0.1517,0.151,1.0,False,False,,249,,,Lorenzo Ndele SIMONELLI,,OK,1,1290.5,0.1542,-2.5,191.0,0.983,Lane4 | 0.151 sec
WIC2025-60mH-M-R1-H3,5,5.0,0.148,0.1483,0.148,1.0,False,False,,253,,,Jerome CAMPBELL,,OK,1,1288.5,0.1525,-4.2,149.0,0.99,Lane5 | 0.148 sec
WIC2025-60mH-M-R1-H3,6,6.0,0.156,0.1567,0.156,1.0,False,False,,127,,,Rafael PEREIRA,,OK,1,1293.5,0.1608,-4.2,172.0,0.931,Lane 6 | 0.156 sec
WIC2025-60mH-M-R1-H3,7,7.0,0.162,0.1617,0.162,1.0,False,False,,229,,,Bálint SZELES,,OK,1,1296.5,0.1658,-4.2,195.0,0.987,Lane7 | 0.162 sec
WIC2025-60mH-M-R1-H3,8,8.0,,,,,False,False,,,,,,,,0,,,,,0.989,Lane8
WIC2025-60mH-M-R1-H3,9,9.0,,,,,False,False,,,,,,,,0,,,,,0.989,Lane9
WIC2025-60mH-M-R1-H4,1,1.0,,,,,False,False,,,,,,,,0,,,,,0.987,Lane1
WIC2025-60mH-M-R1-H4,2,2.0,0.153,0.1533,0.153,1.0,False,False,130,130,Eduardo RODRIGUES,BRA,Eduardo RODRIGUES,1.0,OK,1,1291.5,0.1575,-4.2,108.0,0.966,Lane2 | 0.153sec | 130 Eduardo RODRIGUES (BRA)
WIC2025-60mH-M-R1-H4,3,3.0,0.186,0.1866,0.186,1.0,False,False,346,346,Luka TRGOVCEVIC,SRB,Luka TRGOVČEVIĆ,0.0,OK,1,1311.5,0.1908,-4.2,185.0,0.964,Lane3 | 0.186 sec | 346 Luka TRGOVCEVIC (SRB)
WIC2025-60mH-M-R1-H4,4,4.0,0.16,0.16,0.16,1.0,False,False,335,335,Alin Ionu? ANTON,ROU,Alin Ionuț ANTON,1.0,OK,1,1295.5,0.1642,-4.2,152.0,0.913,Lane 4 | 0.160 sec | 335 Alin Ionu? ANTON (ROU)
WIC2025-60mH-M-R1-H4,5,5.0,0.145,0.145,0.145,1.0,False,True,347,347,Kaweesha BANDARA,SRI,Kaweesha BANDARA,1.0,OK,1,1286.5,0.1475,-2.5,170.0,0.954,Lane5 | 0.145 sec (Quickest) | 347 Kaweesha BANDARA (SRI)
WIC2025-60mH-M-R1-H4,6,6.0,0.147,0.1467,0.147,1.0,False,False,394,394,Cameron MURRAY,USA,Cameron MURRAY,1.0,OK,1,1287.5,0.1508,-4.2,190.0,0.931,Lane 6 | 0.147 sec | 394 Cameron MURRAY (USA)
WIC2025-60mH-M-R1-H4,7,7.0,0.162,0.1617,0.162,1.0,False,False,343,343,Filip Jakob DEMSAR,SLO,Filip Jakob DEMŠAR,0.0,OK,1,1296.5,0.1658,-4.2,139.0,0.975,Lane7 | 0.162 sec | 343 Filip Jakob DEMSAR (SLO)
WIC2025-60mH-M-R1-H4,8,8.0,0.159,0.1583,0.159,1.0,False,False,195,195,PaSCal MARTINOT-LAGARDE,FRA,Pascal MARTINOT-LAGARDE,1.0,OK,1,1294.5,0.1625,-4.2,136.0,0.955,Lane8 | 0.159 sec | 195 PaSCal MARTINOT-LAGARDE (FRA)
WIC2025-60mH-M-R1-H4,9,9.0,,,,,False,False,,,,,,,,0,,,,,0.989,Lane9
WIC2025-60mH-M-R1-H5,1,1.0,0.161,0.1617,0.161,1.0,False,False,,287,,,Yaqoub ALYOUHA,,OK,1,1296.5,0.1658,-4.2,152.0,0.962,Lane1 | 0.161 sec
WIC2025-60mH-M-R1-H5,2,2.0,0.146,0.1467,0.146,1.0,False,False,302,302,Jeremie LARARAUDEUSE,MRI,Jeremie LARARAUDEUSE,1.0,OK,1,1287.5,0.1508,-4.2,195.0,0.989,Lane2 | 0.146 sec | 302 Jeremie LARARAUDEUSE (MRI)
WIC2025-60mH-M-R1-H5,3,3.0,0.165,0.165,0.165,1.0,False,False,321,321,Alexander MANNEL,PAR,Alexander MÄNNEL,0.0,OK,1,1298.5,0.1692,-4.2,137.0,0.945,Lane3 | 0.165 sec | 321 Alexander MANNEL (PAR)
WIC2025-60mH-M-R1-H5,4,4.0,0.165,0.165,0.165,1.0,False,False,326,326,Jakub SZYMANSKI,POL,Jakub SZYMAŃSKI,0.0,OK,1,1298.5,0.1692,-4.2,209.0,0.913,Lane 4 | 0.165 sec | 326 Jakub SZYMANSKI (POL)
WIC2025-60mH-M-R1-H5,5,5.0,0.14,0.14,0.14,1.0,False,True,116,116,Nikkolia KENNEDY,BAR,Nikkolia KENNEDY,1.0,OK,1,1283.5,0.1442,-4.2,157.0,0.982,Lane5 | 0.140 sec (Quickest) | 116 Nikkolia KENNEDY (BAR)
WIC2025-60mH-M-R1-H5,6,6.0,0.174,0.1733,0.174,1.0,False,False,145,145,Junxi LIU,CHN,Junxi LIU,1.0,OK,1,1303.5,0.1792,-5.8,153.0,0.931,Lane 6 | 0.174 sec | 145 Junxi LIU (CHN)
WIC2025-60mH-M-R1-H5,7,7.0,0.173,0.1733,0.173,1.0,False,False,314,314,Saguirou BADAMASSI,NIG,Saguirou BADAMASSI,1.0,OK,1,1303.5,0.1775,-4.2,123.0,0.959,Lane7 | 0.173 sec | 314 Saguirou BADAMASSI (NIG)
WIC2025-60mH-M-R1-H5,8,8.0,0.179,0.1783,0.179,1.0,False,False,246,246,Nicolo'GIACALONE,ITA,Nicolo' GIACALONE,1.0,OK,1,1306.5,0.1808,-2.5,106.0,0.982,Lane8 | 0.179 sec | 246Nicolo'GIACALONE (ITA)
WIC2025-60mH-M-R1-H5,9,9.0,,,,,False,False,,,,,,,,0,,,,,0.99,Lane9
WIC2025-60mH-M-SF-H1,1,1.0,0.18,0.18,0.18,1.0,False,False,229,229,Balint SZELES,HUN,Bálint SZELES,0.0,OK,1,1307.5,0.1841,-4.2,197.0,0.987,Lane1 | 0.180 sec | 229 Balint SZELES (HUN)
WIC2025-60mH-M-SF-H1,2,2.0,0.148,0.1483,0.148,1.0,False,False,302,302,Jeremie LARARAUDEUSE,MRI,Jeremie LARARAUDEUSE,1.0,OK,1,1288.5,0.1525,-4.2,185.0,0.984,Lane2 | 0.148 sec | 302 Jeremie LARARAUDEUSE (MRI)
WIC2025-60mH-M-SF-H1,3,3.0,0.169,0.1683,0.169,1.0,False,False,326,326,Jakub SZYMANSKI,POL,Jakub SZYMAŃSKI,0.0,OK,1,1300.5,0.1725,-4.2,200.0,0.969,Lane3 | 0.169 sec | 326 Jakub SZYMANSKI (POL)
WIC2025-60mH-M-SF-H1,4,4.0,0.168,0.1683,0.168,1.0,False,False,146,146,Weibo QIN,CHN,Weibo QIN,1.0,OK,1,1300.5,0.1725,-4.2,198.0,0.913,Lane 4 | 0.168 sec | 146 Weibo QIN (CHN)
WIC2025-60mH-M-SF-H1,5,5.0,0.127,0.1267,0.127,1.0,False,True,394,394,Cameron MURRAY,USA,Cameron MURRAY,1.0,DQ,1,1275.5,0.1308,-4.2,156.0,0.986,Lane5 | 0.127 sec (Quickest) | 394 Cameron MURRAY (USA)
WIC2025-60mH-M-SF-H1,6,6.0,0.179,0.1783,0.179,1.0,False,False,262,262,Demario PRINCE,JAM,Demario PRINCE,1.0,OK,1,1306.5,0.1825,-4.2,174.0,0.931,Lane 6 | 0.179 sec | 262 Demario PRINCE (JAM)
WIC2025-60mH-M-SF-H1,7,7.0,0.166,0.1667,0.166,1.0,False,False,334,334,Oumar Doudai ABAKAR,QAT,Oumar Doudai ABAKAR,1.0,OK,1,1299.5,0.1708,-4.2,128.0,0.95,Lane7 | 0.166 sec | 334 Oumar Doudai ABAKAR (QAT)
WIC2025-60mH-M-SF-H1,8,8.0,0.153,0.1533,0.153,1.0,False,False,367,367,MikdatSEVLER,TUR,Mikdat SEVLER,1.0,OK,1,1291.5,0.1575,-4.2,107.0,0.964,Lane8 | 0.153 sec | 367MikdatSEVLER (TUR)
WIC2025-60mH-M-SF-H1,9,9.0,,,,,False,False,,,,,,,,0,,,,,0.99,Lane9
WIC2025-60mH-M-SF-H2,1,1.0,0.141,0.1417,0.141,1.0,False,False,328,328,Abdel Kader LARRINAGA,POR,Abdel Kader LARRINAGA,1.0,OK,1,1284.5,0.1458,-4.2,167.0,0.987,Lane1 | 0.141 sec | 328 Abdel Kader LARRINAGA (POR)
WIC2025-60mH-M-SF-H2,2,2.0,0.161,0.1617,0.161,1.0,False,False,195,195,PaScal MARTINOT-LAGARDE,FRA,Pascal MARTINOT-LAGARDE,1.0,OK,1,1296.5,0.1658,-4.2,162.0,0.966,Lane2 | 0.161 sec | 195 PaScal MARTINOT-LAGARDE (FRA)
WIC2025-60mH-M-SF-H2,3,3.0,0.161,0.1617,0.161,1.0,False,False,249,249,Lorenzo Ndele SIMONELLI,ITA,Lorenzo Ndele SIMONELLI,1.0,OK,1,1296.5,0.1642,-2.5,178.0,0.971,Lane3 | 0.161 sec | 249 Lorenzo Ndele SIMONELLI (ITA)
WIC2025-60mH-M-SF-H2,4,4.0,0.157,0.1567,0.157,1.0,False,False,130,130,Eduardo RODRIGUES,BRA,Eduardo RODRIGUES,1.0,OK,1,1293.5,0.1608,-4.2,124.0,0.913,Lane 4 | 0.157 sec | 130 Eduardo RODRIGUES (BRA)
WIC2025-60mH-M-SF-H2,5,5.0,0.131,0.1317,0.131,1.0,False,True,118,118,Michael OBASUYI,BEL,Michael OBASUYI,1.0,OK,1,1278.5,0.1358,-4.2,153.0,0.984,Lane5 | 0.131 sec (Quickest) | 118 Michael OBASUYI (BEL)
WIC2025-60mH-M-SF-H2,6,6.0,0.177,0.1767,0.177,1.0,False,False,145,145,Junxi LIU,CHN,Junxi LIU,1.0,OK,1,1305.5,0.1808,-4.2,158.0,0.931,Lane 6 | 0.177 sec | 145 Junxi LIU (CHN)
WIC2025-60mH-M-SF-H2,7,7.0,0.138,0.1383,0.138,1.0,False,False,335,335,Alin Ionu? ANTON,ROU,Alin Ionuț ANTON,1.0,OK,1,1282.5,0.1408,-2.5,131.0,0.955,Lane7 | 0.138 sec | 335 Alin Ionu? ANTON (ROU)
WIC2025-60mH-M-SF-H2,8,8.0,0.154,0.1533,0.154,1.0,False,False,274,274,Tetsuro NISHI,JPN,Tetsuro NISHI,1.0,OK,1,1291.5,0.1592,-5.8,111.0,0.963,Lane8 | 0.154 sec | 274 Tetsuro NISHI (JPN)
WIC2025-60mH-M-SF-H2,9,9.0,,,,,False,False,,,,,,,,0,,,,,0.99,Lane9
WIC2025-60mH-M-SF-H3,1,1.0,0.162,0.1617,0.162,1.0,False,False,116,116,Nikkolia KENNEDY,BAR,Nikkolia KENNEDY,1.0,DNF,1,1296.5,0.1658,-4.2,147.0,0.942,Lane1 | 0.162 sec | 116 Nikkolia KENNEDY (BAR)
WIC2025-60mH-M-SF-H3,2,2.0,0.161,0.1617,0.161,1.0,False,False,300,300,Richard DIAWARA,MLI,Richard DIAWARA,1.0,OK,1,1296.5,0.1658,-4.2,133.0,0.937,Lane2 | 0.161 sec | 300 Richard DIAWARA (MLI)
WIC2025-60mH-M-SF-H3,3,3.0,0.148,0.1483,0.148,1.0,False,False,127,127,Rafael PEREIRA,BRA,Rafael PEREIRA,1.0,OK,1,1288.5,0.1525,-4.2,175.0,0.95,Lane3 | 0.148 sec | 127 Rafael PEREIRA (BRA)
WIC2025-60mH-M-SF-H3,4,4.0,0.149,0.1483,0.149,1.0,False,False,386,386,Grant HOLLOWAY,USA,Grant HOLLOWAY,1.0,OK,1,1288.5,0.1525,-4.2,194.0,0.913,Lane 4 | 0.149 sec | 386 Grant HOLLOWAY (USA)
WIC2025-60mH-M-SF-H3,5,5.0,0.137,0.1367,0.137,1.0,False,True,253,253,Jerome CAMPBELL,JAM,Jerome CAMPBELL,1.0,OK,1,1281.5,0.1408,-4.2,157.0,0.979,Lane5 | 0.137 sec (Quickest) | 253 Jerome CAMPBELL (JAM)
WIC2025-60mH-M-SF-H3,6,6.0,0.148,0.1483,0.148,1.0,False,False,192,192,Wilhem BELOCIAN,FRA,Wilhem BELOCIAN,1.0,OK,1,1288.5,0.1525,-4.2,176.0,0.931,Lane 6 | 0.148 sec | 192 Wilhem BELOCIAN (FRA)
WIC2025-60mH-M-SF-H3,7,7.0,0.147,0.1467,0.147,1.0,False,False,324,324,Krzysztof KILJAN,POL,Krzysztof KILJAN,1.0,OK,1,1287.5,0.1508,-4.2,196.0,0.964,Lane7 | 0.147 sec | 324 Krzysztof KILJAN (POL)
WIC2025-60mH-M-SF-H3,8,8.0,0.147,0.1467,0.147,1.0,False,False,347,347,Kaweesha BANDARA,SRI,Kaweesha BANDARA,1.0,OK,1,1287.5,0.1508,-4.2,168.0,0.989,Lane8 | 0.147 sec | 347 Kaweesha BANDARA (SRI)
WIC2025-60mH-M-SF-H3,9,9.0,,,,,False,False,,,,,,,,0,,,,,0.989,Lane9
WIC2025-60mH-W-F-H1,1,1.0,0.177,0.1767,0.177,1.0,False,False,628,628,Amoi BROWN,JAM,Amoi BROWN,1.0,OK,1,1305.5,0.1458,30.8,85.0,0.987,Lane1 | 0.177 sec | 628 Amoi BROWN (JAM)
WIC2025-60mH-W-F-H1,2,2.0,0.14,0.14,0.14,1.0,False,False,519,519,Devynne CHARLTON,BAH,Devynne CHARLTON,1.0,OK,1,1283.5,0.1442,-4.2,103.0,0.977,Lane2 | 0.140 sec | 519 Devynne CHARLTON (BAH)
WIC2025-60mH-W-F-H1,3,3.0,0.138,0.1383,0.138,1.0,False,False,690,690,Ditaji KAMBUNDJI,SUI,Ditaji KAMBUNDJI,1.0,OK,1,1282.5,0.1408,-2.5,106.0,0.973,Lane3 | 0.138 sec | 690 Ditaji KAMBUNDJI (SUI)
WIC2025-60mH-W-F-H1,4,4.0,0.149,0.1483,0.149,1.0,False,False,751,751,Grace STARK,USA,Grace STARK,1.0,OK,1,1288.5,0.1425,5.8,111.0,0.913,Lane 4 | 0.149 sec | 751 Grace STARK (USA)
WIC2025-60mH-W-F-H1,5,5.0,0.16,0.16,0.16,1.0,False,False,664,664,Pia SKRZYSZOWSKA,POL,Pia SKRZYSZOWSKA,1.0,OK,1,1295.5,0.1642,-4.2,65.0,0.967,Lane5 | 0.160 sec | 664 Pia SKRZYSZOWSKA (POL)
WIC2025-60mH-W-F-H1,6,6.0,0.146,0.1467,0.146,1.0,False,False,651,651,Nadine VISSER,NED,Nadine VISSER,1.0,OK,1,1287.5,0.1508,-4.2,92.0,0.954,Lane 6 | 0.146 sec | 651 Nadine VISSER (NED)
WIC2025-60mH-W-F-H1,7,7.0,0.137,0.1367,0.137,1.0,False,True,631,631,Ackera NUGENT,JAM,Ackera NUGENT,1.0,OK,1,1281.5,0.1408,-4.2,111.0,0.98,Lane7 | 0.137 sec (Quickest) | 631 Ackera NUGENT (JAM)
WIC2025-60mH-W-F-H1,8,8.0,0.14,0.14,0.14,1.0,False,False,724,724,Christina CLEMONS,USA,Christina CLEMONS,1.0,OK,1,1283.5,0.1442,-4.2,138.0,0.989,Lane8 | 0.140 sec | 724 Christina CLEMONS (USA)
WIC2025-60mH-W-F-H1,9,9.0,,,,,False,False,,,,,,,,0,,,,,0.99,Lane9
WIC2025-60mH-W-R1-H1,1,1.0,,,,,False,False,,,,,,,,0,,,,,0.987,Lane1
WIC2025-60mH-W-R1-H1,2,2.0,0.141,0.1417,0.141,1.0,False,False,566,566,Helena JIRANOVA,CZE,Helena JIRANOVÁ,0.0,OK,1,1284.5,0.1225,19.2,71.0,0.978,Lane2 | 0.141 sec | 566 Helena JIRANOVA (CZE)
WIC2025-60mH-W-R1-H1,3,3.0,0.149,0.1483,0.149,1.0,False,False,568,568,Ida BEITER BOMME,DEN,Ida BEITER BOMME,1.0,OK,1,1288.5,0.1525,-4.2,132.0,0.951,Lane3 | 0.149 sec | 568 Ida BEITER BOMME (DEN)
WIC2025-60mH-W-R1-H1,4,4.0,0.167,0.1667,0.167,1.0,False,False,606,606,Sofia IOSIFIDOU,GRE,Sofia IOSIFIDOU,1.0,OK,1,1299.5,0.1708,-4.2,72.0,0.913,Lane 4 | 0.167 sec | 606 Sofia IOSIFIDOU (GRE)
WIC2025-60mH-W-R1-H1,5,5.0,0.176,0.1767,0.176,1.0,False,False,631,631,Ackera NUGENT,JAM,Ackera NUGENT,1.0,OK,1,1305.5,0.1808,-4.2,106.0,0.975,Lane5 | 0.176 sec | 631 Ackera NUGENT (JAM)
WIC2025-60mH-W-R1-H1,6,6.0,0.156,0.1567,0.156,1.0,False,False,635,635,Yumi TANAKA,JPN,Yumi TANAKA,1.0,OK,1,1293.5,0.1608,-4.2,78.0,0.931,Lane 6 | 0.156 sec | 635 Yumi TANAKA (JPN)
WIC2025-60mH-W-R1-H1,7,7.0,0.152,0.1517,0.152,1.0,False,False,724,724,Christina CLEMONS,USA,Christina CLEMONS,1.0,OK,1,1290.5,0.1542,-2.5,182.0,0.971,Lane7 | 0.152 sec | 724 Christina CLEMONS (USA)
WIC2025-60mH-W-R1-H1,8,8.0,0.132,0.1317,0.132,1.0,False,True,532,532,Tatiana AHOLOU,CAN,Tatiana AHOLOU,1.0,OK,1,1278.5,0.1358,-4.2,139.0,0.986,Lane8 | 0.132 sec (Quickest) | 532 Tatiana AHOLOU (CAN)
WIC2025-60mH-W-R1-H1,9,9.0,,,,,False,False,,,,,,,,0,,,,,0.99,Lane9
WIC2025-60mH-W-R1-H2,1,1.0,,,,,False,False,,,,,,,,0,,,,,0.987,Lane1
WIC2025-60mH-W-R1-H2,2,2.0,0.146,0.1467,0.146,1.0,False,True,528,528,Micaela Rosa DE MELLO,BRA,Micaela Rosa DE MELLO,1.0,OK,1,1287.5,0.1375,9.2,63.0,0.992,Lane2 | 0.146 sec (Quickest) | 528 Micaela Rosa DE MELLO (BRA)
WIC2025-60mH-W-R1-H2,3,3.0,0.152,0.1517,0.152,1.0,False,False,562,562,Mia WILD,CRO,Mia WILD,1.0,OK,1,1290.5,0.1558,-4.2,85.0,0.992,Lane3 | 0.152 sec | 562 Mia WILD (CRO)
WIC2025-60mH-W-R1-H2,4,4.0,0.156,0.1567,0.156,1.0,False,False,569,569,Annika Baun HALDBO,DEN,Annika Baun HALDBO,1.0,OK,1,1293.5,0.1608,-4.2,100.0,0.913,Lane 4 | 0.156 sec | 569 Annika Baun HALDBO (DEN)
WIC2025-60mH-W-R1-H2,5,5.0,0.15,0.15,0.15,1.0,False,False,612,612,Sarah LAVIN,IRL,Sarah LAVIN,1.0,OK,1,1289.5,0.1542,-4.2,81.0,0.986,Lane5 | 0.150 sec | 612 Sarah LAVIN (IRL)
WIC2025-60mH-W-R1-H2,6,6.0,0.161,0.1617,0.161,1.0,False,False,618,618,Giada CARMASSI,ITA,Giada CARMASSI,1.0,OK,1,1296.5,0.1658,-4.2,76.0,0.953,Lane 6 | 0.161 sec | 618 Giada CARMASSI (ITA)
WIC2025-60mH-W-R1-H2,7,7.0,0.154,0.1533,0.154,1.0,False,False,578,578,Diana SUUMANN,EST,Diana SUUMANN,1.0,OK,1,1291.5,0.1575,-4.2,96.0,0.979,Lane7 | 0.154 sec | 578 Diana SUUMANN (EST)
WIC2025-60mH-W-R1-H2,8,8.0,0.158,0.1583,0.158,1.0,False,False,519,519,Devynne CHARLTON,BAH,Devynne CHARLTON,1.0,OK,1,1294.5,0.1458,12.5,93.0,0.907,Lane 8 | 0.158 sec | 519Devynne CHARLTON(BAH)
WIC2025-60mH-W-R1-H2,9,9.0,,,,,False,False,,,,,,,,0,,,,,0.99,Lane9
WIC2025-60mH-W-R1-H3,1,1.0,,,,,False,False,,,,,,,,0,,,,,0.987,Lane1
WIC2025-60mH-W-R1-H3,2,2.0,0.199,0.1983,0.199,1.0,False,False,642,642,Aasia LAURENCIN,LCA,Aasia LAURENCIN,1.0,OK,1,1318.5,0.2025,-4.2,149.0,0.938,Lane2 | 0.199 sec | 642 Aasia LAURENCIN (LCA)
WIC2025-60mH-W-R1-H3,3,3.0,0.151,0.1517,0.151,1.0,False,False,714,714,Anna PLOTITSYNA,UKR,Anna PLOTITSYNA,1.0,OK,1,1290.5,0.1458,5.8,71.0,0.993,Lane3 | 0.151 sec | 714 Anna PLOTITSYNA (UKR)
WIC2025-60mH-W-R1-H3,4,4.0,0.151,0.1517,0.151,1.0,False,False,696,696,Viktoria FORSTER,SVK,Viktória FORSTER,0.0,OK,1,1290.5,0.1542,-2.5,94.0,0.913,Lane 4 | 0.151 sec | 696 Viktoria FORSTER (SVK)
WIC2025-60mH-W-R1-H3,5,5.0,0.165,0.165,0.165,1.0,False,False,651,651,Nadine VISSER,NED,Nadine VISSER,1.0,OK,1,1298.5,0.1692,-4.2,98.0,0.982,Lane5 | 0.165 sec | 651 Nadine VISSER (NED)
WIC2025-60mH-W-R1-H3,6,6.0,0.145,0.145,0.145,1.0,False,False,684,684,Marija BUKVIC,SRB,Marija BUKVIĆ,0.0,OK,1,1286.5,0.1375,7.5,84.0,0.931,Lane 6 | 0.145 sec | 684 Marija BUKVIC (SRB)
WIC2025-60mH-W-R1-H3,7,7.0,0.141,0.1417,0.141,1.0,False,True,735,735,Amber HUGHES,USA,Amber HUGHES,1.0,OK,1,1284.5,0.1458,-4.2,121.0,0.986,Lane7 | 0.141 sec (Quickest) | 735 Amber HUGHES (USA)
WIC2025-60mH-W-R1-H3,8,8.0,0.15,0.15,0.15,1.0,False,False,620,620,Elisa Maria DI LAZZARO,ITA,Elisa Maria DI LAZZARO,1.0,OK,1,1289.5,0.1308,19.2,60.0,0.907,Lane 8 | 0.150 sec | 620 Elisa Maria DI LAZZARO (ITA)
WIC2025-60mH-W-R1-H3,9,9.0,,,,,False,False,,,,,,,,0,,,,,0.99,Lane9
WIC2025-60mH-W-R1-H4,1,1.0,,,,,False,False,,,,,,,,0,,,,,0.987,Lane1
WIC2025-60mH-W-R1-H4,2,2.0,0.192,0.1916,0.192,1.0,False,False,686,686,Anja LUKIC,SRB,Anja LUKIĆ,0.0,OK,1,1314.5,0.1758,15.8,62.0,0.989,Lane2 | 0.192 sec | 686 Anja LUKIC (SRB)
WIC2025-60mH-W-R1-H4,3,3.0,0.171,0.1717,0.171,1.0,False,False,628,628,Amoi BROWN,JAM,Amoi BROWN,1.0,OK,1,1302.5,0.1475,24.2,89.0,0.945,Lane3 | 0.171 sec | 628 Amoi BROWN (JAM)
WIC2025-60mH-W-R1-H4,4,4.0,0.18,0.18,0.18,1.0,False,False,556,556,Yanni WU,CHN,Yanni WU,1.0,OK,1,1307.5,0.1841,-4.2,74.0,0.913,Lane 4 | 0.180 sec | 556 Yanni WU (CHN)
WIC2025-60mH-W-R1-H4,5,5.0,0.185,0.185,0.185,1.0,False,False,751,751,Grace STARK,USA,Grace STARK,1.0,OK,1,1310.5,0.1758,9.2,117.0,0.982,Lane5 | 0.185 sec | 751 Grace STARK (USA)
WIC2025-60mH-W-R1-H4,6,6.0,0.165,0.165,0.165,1.0,False,False,534,534,Sienna MACDONALD,CAN,Sienna MACDONALD,1.0,OK,1,1298.5,0.1508,14.2,76.0,0.931,Lane 6 | 0.165 sec | 534 Sienna MACDONALD (CAN)
WIC2025-60mH-W-R1-H4,7,7.0,0.147,0.1467,0.147,1.0,False,True,517,517,DenishaCARTWRIGHT,BAH,Denisha CARTWRIGHT,1.0,OK,1,1287.5,0.1508,-4.2,117.0,0.993,Lane7 | 0.147 sec (Quickest) | 517DenishaCARTWRIGHT (BAH)
WIC2025-60mH-W-R1-H4,8,8.0,0.149,0.1483,0.149,1.0,False,False,680,680,Nika GLOJNARIC,SLO,Nika GLOJNARIČ,0.0,OK,1,1288.5,0.1408,7.5,73.0,0.969,Lane8 | 0.149 sec | 680 Nika GLOJNARIC (SLO)
WIC2025-60mH-W-R1-H4,9,9.0,,,,,False,False,,,,,,,,0,,,,,0.99,Lane9
WIC2025-60mH-W-R1-H5,1,1.0,,,,,False,False,,,,,,,,0,,,,,0.987,Lane1
WIC2025-60mH-W-R1-H5,2,2.0,0.145,0.145,0.145,1.0,False,False,708,708,Bo-Ya ZHANG,TPE,Bo-Ya ZHANG,1.0,OK,1,1286.5,0.1475,-2.5,61.0,0.949,Lane2 | 0.145 sec | 708 Bo-Ya ZHANG (TPE)
WIC2025-60mH-W-R1-H5,3,3.0,0.18,0.18,0.18,1.0,False,False,645,645,Sidonie FIADANANTSOA,MAD,Sidonie FIADANANTSOA,1.0,OK,1,1307.5,0.1675,12.5,54.0,0.989,Lane3 | 0.180 sec | 645 Sidonie FIADANANTSOA (MAD)
WIC2025-60mH-W-R1-H5,4,4.0,0.138,0.1383,0.138,1.0,False,True,579,579,Kreete VERLIN,EST,Kreete VERLIN,1.0,OK,1,1282.5,0.1425,-4.2,77.0,0.913,Lane 4 | 0.138 sec (Quickest) | 579 Kreete VERLIN (EST)
WIC2025-60mH-W-R1-H5,5,5.0,0.161,0.1617,0.161,1.0,False,False,690,690,Ditaji KAMBUNDJI,SUI,Ditaji KAMBUNDJI,1.0,OK,1,1296.5,0.1642,-2.5,82.0,0.989,Lane5 | 0.161 sec | 690 Ditaji KAMBUNDJI (SUI)
WIC2025-60mH-W-R1-H5,6,6.0,0.156,0.1567,0.156,1.0,False,False,664,664,Pia SKRZYSZOWSKA,POL,Pia SKRZYSZOWSKA,1.0,OK,1,1293.5,0.1608,-4.2,58.0,0.954,Lane 6 | 0.156 sec | 664 Pia SKRZYSZOWSKA (POL)
WIC2025-60mH-W-R1-H5,7,7.0,0.157,0.1567,0.157,1.0,False,False,588,588,Lotta HARALA,FIN,Lotta HARALA,1.0,OK,1,1293.5,0.1608,-4.2,119.0,0.977,Lane7 | 0.157 sec | 588 Lotta HARALA (FIN)
WIC2025-60mH-W-R1-H5,8,8.0,0.155,0.155,0.155,1.0,False,False,647,647,Cecilia Francisco GUAMBE,MOZ,Cecilia Francisco GUAMBE,1.0,OK,1,1292.5,0.1458,9.2,116.0,0.97,Lane8 | 0.155 sec | 647 Cecilia Francisco GUAMBE (MOZ)
WIC2025-60mH-W-R1-H5,9,9.0,,,,,False,False,,,,,,,,0,,,,,0.989,Lane9
WIC2025-60mH-W-SF-H1,1,1.0,0.17,0.17,0.17,1.0,False,False,566,566,Helena JIRANOVA,CZE,Helena JIRANOVÁ,0.0,OK,1,1301.5,0.1742,-4.2,88.0,0.987,Lane1 | 0.170 sec | 566 Helena JIRANOVA (CZE)
WIC2025-60mH-W-SF-H1,2,2.0,0.148,0.1483,0.148,1.0,False,False,556,556,Yanni WU,CHN,Yanni WU,1.0,OK,1,1288.5,0.1525,-4.2,75.0,0.973,Lane2 | 0.148 sec | 556 Yanni WU (CHN)
WIC2025-60mH-W-SF-H1,3,3.0,0.151,0.1517,0.151,1.0,False,False,664,664,Pia SKRZYSZOWSKA,POL,Pia SKRZYSZOWSKA,1.0,OK,1,1290.5,0.1542,-2.5,68.0,0.983,Lane3 | 0.151 sec | 664 Pia SKRZYSZOWSKA (POL)
WIC2025-60mH-W-SF-H1,4,4.0,0.148,0.1483,0.148,1.0,False,False,735,735,Amber HUGHES,USA,Amber HUGHES,1.0,OK,1,1288.5,0.1525,-4.2,136.0,0.913,Lane 4 | 0.148 sec | 735 Amber HUGHES (USA)
WIC2025-60mH-W-SF-H1,5,5.0,0.15,0.15,0.15,1.0,False,False,612,612,Sarah LAVIN,IRL,Sarah LAVIN,1.0,OK,1,1289.5,0.1542,-4.2,79.0,0.978,Lane5 | 0.150 sec | 612 Sarah LAVIN (IRL)
WIC2025-60mH-W-SF-H1,6,6.0,0.141,0.1417,0.141,1.0,False,True,631,631,Ackera NUGENT,JAM,Ackera NUGENT,1.0,OK,1,1284.5,0.1442,-2.5,110.0,0.931,Lane 6 | 0.141 sec (Quickest) | 631 Ackera NUGENT (JAM)
WIC2025-60mH-W-SF-H1,7,7.0,0.164,0.1633,0.164,1.0,False,False,588,588,Lotta HARALA,FIN,Lotta HARALA,1.0,OK,1,1297.5,0.1675,-4.2,115.0,0.966,Lane7 | 0.164 sec | 588 Lotta HARALA (FIN)
WIC2025-60mH-W-SF-H1,8,8.0,0.143,0.1433,0.143,1.0,False,False,532,532,Tatiana AHOLOU,CAN,Tatiana AHOLOU,1.0,OK,1,1285.5,0.1475,-4.2,120.0,0.986,Lane8 | 0.143 sec | 532 Tatiana AHOLOU (CAN)
WIC2025-60mH-W-SF-H1,9,9.0,,,,,False,False,,,,,,,,0,,,,,0.99,Lane9
WIC2025-60mH-W-SF-H2,1,1.0,0.152,0.1517,0.152,1.0,False,False,562,562,Mia WILD,CRO,Mia WILD,1.0,OK,1,1290.5,0.1542,-2.5,74.0,0.987,Lane1 | 0.152 sec | 562 Mia WILD (CRO)
WIC2025-60mH-W-SF-H2,2,2.0,0.196,0.1966,0.196,1.0,False,False,642,642,Aasia LAURENCIN,LCA,Aasia LAURENCIN,1.0,OK,1,1317.5,0.2008,-4.2,147.0,0.96,Lane2 | 0.196 sec | 642 Aasia LAURENCIN (LCA)
WIC2025-60mH-W-SF-H2,3,3.0,0.163,0.1633,0.163,1.0,False,False,519,519,Devynne CHARLTON,BAH,Devynne CHARLTON,1.0,OK,1,1297.5,0.1508,12.5,96.0,0.973,Lane3 | 0.163 sec | 519 Devynne CHARLTON (BAH)
WIC2025-60mH-W-SF-H2,4,4.0,0.17,0.17,0.17,1.0,False,False,651,651,Nadine VISSER,NED,Nadine VISSER,1.0,OK,1,1301.5,0.1742,-4.2,118.0,0.913,Lane 4 | 0.170 sec | 651 Nadine VISSER (NED)
WIC2025-60mH-W-SF-H2,5,5.0,0.151,0.1517,0.151,1.0,False,False,628,628,Amoi BROWN,JAM,Amoi BROWN,1.0,OK,1,1290.5,0.1408,10.8,77.0,0.948,Lane5 | 0.151 sec | 628 Amoi BROWN (JAM)
WIC2025-60mH-W-SF-H2,6,6.0,0.167,0.1667,0.167,1.0,False,False,724,724,Christina CLEMONS,USA,Christina CLEMONS,1.0,OK,1,1299.5,0.1708,-4.2,164.0,0.931,Lane 6 | 0.167 sec | 724 Christina CLEMONS (USA)
WIC2025-60mH-W-SF-H2,7,7.0,0.17,0.17,0.17,1.0,False,False,635,635,Yumi TANAKA,JPN,Yumi TANAKA,1.0,OK,1,1301.5,0.1742,-4.2,77.0,0.951,Lane7 | 0.170 sec | 635 Yumi TANAKA (JPN)
WIC2025-60mH-W-SF-H2,8,8.0,0.135,0.135,0.135,1.0,False,True,579,579,Kreete VERLIN,EST,Kreete VERLIN,1.0,OK,1,1280.5,0.1275,7.5,68.0,0.958,Lane8 | 0.135 sec (Quickest) | 579 Kreete VERLIN (EST)
WIC2025-60mH-W-SF-H2,9,9.0,,,,,False,False,,,,,,,,0,,,,,0.99,Lane9
WIC2025-60mH-W-SF-H3,1,1.0,0.128,0.1284,0.128,1.0,False,True,620,620,Elisa Maria DI LAZZARO,ITA,Elisa Maria DI LAZZARO,1.0,OK,1,1276.5,0.1209,7.5,63.0,0.982,Lane1 | 0.128 sec (Quickest) | 620 Elisa Maria DI LAZZARO (ITA)
WIC2025-60mH-W-SF-H3,2,2.0,0.168,0.1683,0.168,1.0,False,False,528,528,Micaela Rosa DE MELLO,BRA,Micaela Rosa DE MELLO,1.0,DQ,1,1300.5,0.1508,17.5,51.0,0.947,Lane2 | 0.168 sec | 528 Micaela Rosa DE MELLO (BRA)
WIC2025-60mH-W-SF-H3,3,3.0,0.149,0.1483,0.149,1.0,False,False,517,517,Denisha CARTWRIGHT,BAH,Denisha CARTWRIGHT,1.0,OK,1,1288.5,0.1508,-2.5,114.0,0.948,Lane3 | 0.149 sec | 517 Denisha CARTWRIGHT (BAH)
WIC2025-60mH-W-SF-H3,4,4.0,0.153,0.1533,0.153,1.0,False,False,751,751,Grace STARK,USA,Grace STARK,1.0,OK,1,1291.5,0.1575,-4.2,119.0,0.913,Lane 4 | 0.153 sec | 751 Grace STARK (USA)
WIC2025-60mH-W-SF-H3,5,5.0,0.166,0.1667,0.166,1.0,False,False,568,568,Ida BEITER BOMME,DEN,Ida BEITER BOMME,1.0,OK,1,1299.5,0.1708,-4.2,140.0,0.975,Lane5 | 0.166 sec | 568 Ida BEITER BOMME (DEN)
WIC2025-60mH-W-SF-H3,6,6.0,0.156,0.1567,0.156,1.0,False,False,690,690,Ditaji KAMBUNDJI,SUI,Ditaji KAMBUNDJI,1.0,OK,1,1293.5,0.1475,9.2,72.0,0.931,Lane 6 | 0.156 sec | 690 Ditaji KAMBUNDJI (SUI)
WIC2025-60mH-W-SF-H3,7,7.0,0.162,0.1617,0.162,1.0,False,False,645,645,Sidonie FIADANANTSOA,MAD,Sidonie FIADANANTSOA,1.0,OK,1,1296.5,0.1475,14.2,60.0,0.951,Lane7 | 0.162 sec | 645 Sidonie FIADANANTSOA(MAD)
WIC2025-60mH-W-SF-H3,8,8.0,0.143,0.1433,0.143,1.0,False,False,680,680,Nika GLOJNARIC,SLO,Nika GLOJNARIČ,0.0,OK,1,1285.5,0.1475,-4.2,82.0,0.971,Lane8 | 0.143 sec | 680 Nika GLOJNARIC (SLO)
WIC2025-60mH-W-SF-H3,9,9.0,,,,,False,False,,,,,,,,0,,,,,0.99,Lane9
