race_id,comp,year,event,sex,round,heat,wf_attempt,wf_ready_time_s,wf_ready_time_px_s,wf_ready_diff_ms,wf_ok,wf_crosschecked,wf_notes,wf_heat_ocr,wf_lanes_rt_match,wf_lanes_rt_compared,wf_lanes_name_match,wf_lanes_name_compared,wf_lanes_with_rt,wf_quickest_lane,wf_header_min_score,wf_title,wf_race_label,wf_stamp,wf_n_magenta_lines,wf_px_calibration,wf_linked_from,waveform_url,retrieved_at,wf_header_text
WCH2022-100m-M-F-H1,WCH,2022,100m,M,F,1,1,1.297,1.2957,1.3,True,True,,1,8,8,8,8,8,7,0.922,WCH Oregon 2022 Day 2,100 Metres Men,17 Jul 05:59,1,"x = 1199.44 + 600.40*t (n=2107 red lines, resid SD 0.28 px)",,https://media.aws.iaaf.org/competitiondocuments/waveform/7137279/M_100_f_1.jpg,2026-09-29T06:21:00Z,WCH Oregon 2022 Day 2 17 Jul 05:59 | Race : (016) 100 Metres Men | Heat : 001 Attempt : 001 Ready Time : 1.297 sec
WCH2022-100m-M-PR-H1,WCH,2022,100m,M,PR,1,1,1.344,1.3423,1.7,True,True,,1,7,7,6,7,7,3,0.952,World Championships Oregon 2022,100 Metres Men,15 Jul 22:58,1,"x = 1199.44 + 600.40*t (n=2107 red lines, resid SD 0.28 px)",,https://media.aws.iaaf.org/competitiondocuments/waveform/7137279/M_100_pr_1.jpg,2026-09-29T06:22:18Z,World Championships Oregon 2022 15 Jul 22:58 | Race :(007) 100 Metres Men | Heat: 001 Attempt : 001 Ready Time : 1.344 sec
WCH2022-100m-M-PR-H2,WCH,2022,100m,M,PR,2,1,1.148,1.1475,0.5,True,True,,2,6,6,7,7,6,8,0.901,World Championships Oregon 2022,100 Metres Men,15 Jul 22:30,1,"x = 1199.44 + 600.40*t (n=2107 red lines, resid SD 0.28 px)",,https://media.aws.iaaf.org/competitiondocuments/waveform/7137279/M_100_pr_2.jpg,2026-09-29T06:22:34Z,World Championships Oregon 2022 15 Jul 22:30 | Race : (007) 100 Metres Men | Heat : 002 Attempt : 001 Ready Time : 1.148 sec
WCH2022-100m-M-PR-H3,WCH,2022,100m,M,PR,3,1,1.393,1.3923,0.7,True,True,,3,6,6,7,7,6,6,0.97,World Championships Oregon 2022,100 Metres Men,15 Jul 22:52,1,"x = 1199.44 + 600.40*t (n=2107 red lines, resid SD 0.28 px)",,https://media.aws.iaaf.org/competitiondocuments/waveform/7137279/M_100_pr_3.jpg,2026-09-29T06:22:52Z,World Championships Oregon 2022 15 Jul 22:52 | Race :(007) 100 Metres Men | Heat: 003 Attempt : 001 Ready Time : 1.393 sec
WCH2022-100m-M-PR-H4,WCH,2022,100m,M,PR,4,2,1.281,1.2807,0.3,True,True,,4,6,6,7,7,6,3,0.97,World Championships Oregon 2022,100 Metres Men,15 Jul 23:36,1,"x = 1199.44 + 600.40*t (n=2107 red lines, resid SD 0.28 px)",,https://media.aws.iaaf.org/competitiondocuments/waveform/7137279/M_100_pr_4.jpg,2026-09-29T06:23:15Z,World Championships Oregon 2022 15 Jul 23:36 | Race :(007) 100 Metres Men | Heat: 004 Attempt : 002 Ready Time : 1.281 sec
WCH2022-100m-M-R1-H1,WCH,2022,100m,M,R1,1,1,0.0,-0.0001,0.1,False,True,ready time missing/out of range,1,8,8,8,8,8,3,0.958,World Championships Oregon 2022,100 Metres Men,,1,"x = 1199.44 + 600.40*t (n=2107 red lines, resid SD 0.28 px)",,https://media.aws.iaaf.org/competitiondocuments/waveform/7137279/M_100_h_1.jpg,2026-09-29T06:21:07Z,World Championships Oregon 2022 16Jul05:00 | Race : (019) 100 Metres Men | Heat: 001 Attempt : 001 Ready Time : 0.000 sec
WCH2022-100m-M-R1-H2,WCH,2022,100m,M,R1,2,1,1.431,1.4298,1.2,True,True,,2,8,8,8,8,8,3,0.902,World Championships Oregon 2022,100 Metres Men,,1,"x = 1199.44 + 600.40*t (n=2107 red lines, resid SD 0.28 px)",,https://media.aws.iaaf.org/competitiondocuments/waveform/7137279/M_100_h_2.jpg,2026-09-29T06:21:14Z,World Championships Oregon 2022 16Jul 05:07 | Race:(019) 100 Metres Men | Heat : 002 Attempt : 001 Ready Time : 1.431 sec
WCH2022-100m-M-R1-H3,WCH,2022,100m,M,R1,3,1,0.806,0.806,0.0,True,True,unusually short hold (< 1.0 s),3,8,8,7,8,8,5,0.97,World Championships Oregon 2022,100 Metres Men,,1,"x = 1199.44 + 600.40*t (n=2107 red lines, resid SD 0.28 px)",,https://media.aws.iaaf.org/competitiondocuments/waveform/7137279/M_100_h_3.jpg,2026-09-29T06:21:23Z,World Championships Oregon 2022 16 Jul05:13 | Race : (019) 100 Metres Men | Heat: 003 Attempt : 001 Ready Time : 0.806 sec
WCH2022-100m-M-R1-H4,WCH,2022,100m,M,R1,4,1,1.4,1.399,1.0,True,True,,4,7,7,8,8,7,5,0.968,World Championships Oregon 2022,100 MetresMen,16 Jul 05:21,1,"x = 1199.44 + 600.40*t (n=2107 red lines, resid SD 0.28 px)",,https://media.aws.iaaf.org/competitiondocuments/waveform/7137279/M_100_h_4.jpg,2026-09-29T06:21:28Z,World Championships Oregon 2022 16 Jul 05:21 | Race:(019) 100 MetresMen | Heat: 004 Attempt : 001 Ready Time : 1.400 sec
WCH2022-100m-M-R1-H5,WCH,2022,100m,M,R1,5,1,1.311,1.3107,0.3,True,True,,5,8,8,8,8,8,3,0.976,World Championships Oregon 2022,100 Metres Men,16 Jul 05:28,1,"x = 1199.44 + 600.40*t (n=2107 red lines, resid SD 0.28 px)",,https://media.aws.iaaf.org/competitiondocuments/waveform/7137279/M_100_h_5.jpg,2026-09-29T06:21:32Z,World Championships Oregon 2022 16 Jul 05:28 | Race:(019) 100 Metres Men | Heat: 005 Attempt : 001 Ready Time : 1.311 sec
WCH2022-100m-M-R1-H6,WCH,2022,100m,M,R1,6,1,1.39,1.389,1.0,True,True,,6,8,8,8,8,8,7,0.975,World Championships Oregon 2022,100 Metres Men,,1,"x = 1199.44 + 600.40*t (n=2107 red lines, resid SD 0.28 px)",,https://media.aws.iaaf.org/competitiondocuments/waveform/7137279/M_100_h_6.jpg,2026-09-29T06:21:40Z,World Championships Oregon 2022 16Jul05:35 | Race : (019) 100 Metres Men | Heat: 006 Attempt : 001 Ready Time : 1.390 sec
WCH2022-100m-M-R1-H7,WCH,2022,100m,M,R1,7,1,1.408,1.4073,0.7,True,True,,7,9,9,9,9,9,6,0.92,World Championships Oregon 2022,100 Metres Men,16 Jul 05:42,1,"x = 1199.44 + 600.40*t (n=2107 red lines, resid SD 0.28 px)",,https://media.aws.iaaf.org/competitiondocuments/waveform/7137279/M_100_h_7.jpg,2026-09-29T06:21:56Z,World Championships Oregon 2022 16 Jul 05:42 | Race:(019) 100 Metres Men | Heat : 007 Attempt : 001 Ready Time : 1.408 sec
WCH2022-100m-M-SF-H1,WCH,2022,100m,M,SF,1,1,1.389,1.3873,1.7,True,True,,1,8,8,7,8,8,2,0.938,WCH Oregon 2022 Day 2,100 Metres Men,17 Jul 04:10,1,"x = 1199.44 + 600.40*t (n=2107 red lines, resid SD 0.28 px)",,https://media.aws.iaaf.org/competitiondocuments/waveform/7137279/M_100_sf_1.jpg,2026-09-29T06:23:33Z,WCH Oregon 2022 Day 2 17 Jul 04:10 | Race :(011) 100 Metres Men | Heat : 001 Attempt : 001 Ready Time : 1.389 sec
WCH2022-100m-M-SF-H2,WCH,2022,100m,M,SF,2,1,1.347,1.3457,1.3,True,True,,2,8,8,8,8,8,5,0.938,WCH Oregon 2022 Day 2,100 Metres Men,17 Jul 04:17,1,"x = 1199.44 + 600.40*t (n=2107 red lines, resid SD 0.28 px)",,https://media.aws.iaaf.org/competitiondocuments/waveform/7137279/M_100_sf_2.jpg,2026-09-29T06:23:55Z,WCH Oregon 2022 Day 2 17 Jul 04:17 | Race :(011) 100 Metres Men | Heat : 002 Attempt : 001 Ready Time : 1.347 sec
WCH2022-100m-M-SF-H3,WCH,2022,100m,M,SF,3,1,1.074,1.0725,1.5,True,True,,3,7,7,8,8,7,3,0.955,WCH Oregon 2022 Day 2,100 Metres Men,17 Jul 04:23,1,"x = 1199.44 + 600.40*t (n=2107 red lines, resid SD 0.28 px)",,https://media.aws.iaaf.org/competitiondocuments/waveform/7137279/M_100_sf_3.jpg,2026-09-29T06:24:10Z,WCH Oregon 2022 Day 2 17 Jul 04:23 | Race :(011) 100 Metres Men | Heat: 003 Attempt : 001 Ready Time : 1.074 sec
WCH2022-100m-W-F-H1,WCH,2022,100m,W,F,1,1,1.5,1.4989,1.1,True,True,,1,8,8,7,8,8,8,0.923,WCH Oregon 2022 Day 3,100 Metres Women,18 Jul 06:00,1,"x = 1199.44 + 600.40*t (n=2107 red lines, resid SD 0.28 px)",,https://media.aws.iaaf.org/competitiondocuments/waveform/7137279/W_100_f_1.jpg,2026-09-29T06:30:40Z,WCH Oregon 2022 Day 3 18 Jul 06:00 | Race : (021) 100 Metres Women | Heat : 001 Attempt : 001 Ready Time : 1.500 sec
WCH2022-100m-W-R1-H1,WCH,2022,100m,W,R1,1,1,1.445,1.4439,1.1,True,True,,1,7,7,7,7,7,6,0.922,WCH Oregon 2022 Day 2,100 Metres Women,17 Jul 03:19,1,"x = 1199.44 + 600.40*t (n=2107 red lines, resid SD 0.28 px)",,https://media.aws.iaaf.org/competitiondocuments/waveform/7137279/W_100_h_1.jpg,2026-09-29T06:31:04Z,WCH Oregon 2022 Day 2 17 Jul 03:19 | Race : (010) 100 Metres Women | Heat : 001 Attempt : 001 Ready Time : 1.445 sec
WCH2022-100m-W-R1-H2,WCH,2022,100m,W,R1,2,1,1.426,1.4256,0.4,True,True,,2,7,7,6,7,7,8,0.938,WCH Oregon 2022 Day 2,100 Metres Women,17 Jul 03:26,1,"x = 1199.44 + 600.40*t (n=2107 red lines, resid SD 0.28 px)",,https://media.aws.iaaf.org/competitiondocuments/waveform/7137279/W_100_h_2.jpg,2026-09-29T06:31:33Z,WCH Oregon 2022 Day 2 17 Jul 03:26 | Race : (010) 100 Metres Women | Heat : 002 Attempt : 001 Ready Time : 1.426 sec
WCH2022-100m-W-R1-H3,WCH,2022,100m,W,R1,3,1,1.341,1.3415,-0.5,True,True,,3,7,7,6,7,7,8,0.964,WCH Oregon 2022 Day 2,100 Metres Women,17 Jul 03:33,1,"x = 1199.44 + 600.40*t (n=2107 red lines, resid SD 0.28 px)",,https://media.aws.iaaf.org/competitiondocuments/waveform/7137279/W_100_h_3.jpg,2026-09-29T06:31:57Z,WCH Oregon 2022 Day 2 17 Jul 03:33 | Race : (010) 100 Metres Women | Heat: 003 Attempt : 001 Ready Time : 1.341 sec
WCH2022-100m-W-R1-H4,WCH,2022,100m,W,R1,4,1,1.56,1.5589,1.1,True,True,,4,7,7,5,7,7,2,0.963,WCH Oregon 2022 Day 2,100 Metres Women,,1,"x = 1199.44 + 600.40*t (n=2107 red lines, resid SD 0.28 px)",,https://media.aws.iaaf.org/competitiondocuments/waveform/7137279/W_100_h_4.jpg,2026-09-29T06:33:04Z,WCH Oregon 2022 Day 2 17Jul 03:40 | Race : (010) 100 Metres Women | Heat: 004 Attempt : 001 Ready Time : 1.560 sec
WCH2022-100m-W-R1-H5,WCH,2022,100m,W,R1,5,1,1.372,1.3707,1.3,True,True,,5,7,7,6,7,7,4,0.939,WCH Oregon 2022 Day 2,100 Metres Women,17 Jul 03:47,1,"x = 1199.44 + 600.40*t (n=2107 red lines, resid SD 0.28 px)",,https://media.aws.iaaf.org/competitiondocuments/waveform/7137279/W_100_h_5.jpg,2026-09-29T06:33:19Z,WCH Oregon 2022 Day 2 17 Jul 03:47 | Race : (010) 100 Metres Women | Heat : 005 Attempt : 001 Ready Time : 1.372 sec
WCH2022-100m-W-R1-H6,WCH,2022,100m,W,R1,6,1,1.457,1.4556,1.4,True,True,,6,7,7,5,7,7,7,0.967,WCH Oregon 2022 Day 2,100 Metres Women,17 Jul 03:54,1,"x = 1199.44 + 600.40*t (n=2107 red lines, resid SD 0.28 px)",,https://media.aws.iaaf.org/competitiondocuments/waveform/7137279/W_100_h_6.jpg,2026-09-29T06:33:32Z,WCH Oregon 2022 Day 2 17 Jul 03:54 | Race : (010) 100 Metres Women | Heat: 006 Attempt : 001 Ready Time : 1.457 sec
WCH2022-100m-W-R1-H7,WCH,2022,100m,W,R1,7,1,1.39,1.389,1.0,True,True,,7,7,7,3,7,7,6,0.944,WCH Oregon 2022 Day 2,100 Metres Women,17 Jul 04:01,1,"x = 1199.44 + 600.40*t (n=2107 red lines, resid SD 0.28 px)",,https://media.aws.iaaf.org/competitiondocuments/waveform/7137279/W_100_h_7.jpg,2026-09-29T06:34:02Z,WCH Oregon 2022 Day 2 17 Jul 04:01 | Race : (010) 100 Metres Women | Heat : 007 Attempt : 001 Ready Time : 1.390 sec
WCH2022-100m-W-SF-H1,WCH,2022,100m,W,SF,1,2,1.416,1.4156,0.4,True,True,,1,7,7,7,8,7,1,0.952,WCH Oregon 2022 Day 3,100 Metres Women,18 Jul 03:45,1,"x = 1199.44 + 600.40*t (n=2107 red lines, resid SD 0.28 px)",,https://media.aws.iaaf.org/competitiondocuments/waveform/7137279/W_100_sf_1.jpg,2026-09-29T06:34:51Z,WCH Oregon 2022 Day 3 18 Jul 03:45 | Race : (014) 100 Metres Women | Heat: 001 Attempt : 002 Ready Time : 1.416 sec
WCH2022-100m-W-SF-H2,WCH,2022,100m,W,SF,2,1,1.477,1.4756,1.4,True,True,,2,8,8,7,8,8,8,0.938,WCH Oregon 2022 Day 3,100 Metres Women,18 Jul 03:50,1,"x = 1199.44 + 600.40*t (n=2107 red lines, resid SD 0.28 px)",,https://media.aws.iaaf.org/competitiondocuments/waveform/7137279/W_100_sf_2.jpg,2026-09-29T06:34:59Z,WCH Oregon 2022 Day 3 18 Jul 03:50 | Race : (014) 100 Metres Women | Heat : 002 Attempt : 001 Ready Time : 1.477 sec
WCH2022-100m-W-SF-H3,WCH,2022,100m,W,SF,3,2,1.208,1.2083,-0.3,True,True,,3,7,7,7,8,7,8,0.964,WCH Oregon 2022 Day 3,100 Metres Women,18 Jul 04:02,1,"x = 1199.44 + 600.40*t (n=2107 red lines, resid SD 0.28 px)",,https://media.aws.iaaf.org/competitiondocuments/waveform/7137279/W_100_sf_3.jpg,2026-09-29T06:35:09Z,WCH Oregon 2022 Day 3 18 Jul 04:02 | Race : (014) 100 Metres Women | Heat : 003 Attempt : 002 Ready Time : 1.208 sec
WCH2022-100mH-W-F-H1,WCH,2022,100mH,W,F,1,1,1.235,1.2349,0.1,True,True,,1,8,8,8,8,8,2,0.927,WCH Oregon 2022 Day 10,100 Metres Hurdles Women,24 Jul 19:02,1,"x = 1199.44 + 600.40*t (n=2107 red lines, resid SD 0.28 px)",,https://media.aws.iaaf.org/competitiondocuments/waveform/7137279/W_100H_f_1.jpg,2026-09-29T06:26:56Z,WCH Oregon 2022 Day 10 24 Jul 19:02 | Race : (014) 100 Metres Hurdles Women | Heat : 001 Attempt : 001 Ready Time : 1.235 sec
WCH2022-100mH-W-R1-H1,WCH,2022,100mH,W,R1,1,1,1.169,1.1675,1.5,True,True,,1,7,7,6,7,7,"3,5",0.929,WCH Oregon 2022 Day 9,100 Metres Hurdles Women,23 Jul 11:20,1,"x = 1199.44 + 600.40*t (n=2107 red lines, resid SD 0.28 px)",,https://media.aws.iaaf.org/competitiondocuments/waveform/7137279/W_100H_h_1.jpg,2026-09-29T06:27:05Z,WCH Oregon 2022 Day 9 23 Jul 11:20 | Race : (004) 100 Metres Hurdles Women | Heat : 001 Attempt : 001 Ready Time : 1.169 sec
WCH2022-100mH-W-R1-H2,WCH,2022,100mH,W,R1,2,1,1.161,1.16,1.0,True,True,,2,7,7,4,7,7,2,0.937,WCH Oregon 2022 Day 9,100 Metres Hurdles Women,23 Jul 11:27,1,"x = 1199.44 + 600.40*t (n=2107 red lines, resid SD 0.28 px)",,https://media.aws.iaaf.org/competitiondocuments/waveform/7137279/W_100H_h_2.jpg,2026-09-29T06:27:15Z,WCH Oregon 2022 Day 9 23 Jul 11:27 | Race : (004) 100 Metres Hurdles Women | Heat : 002 Attempt : 001 Ready Time : 1.161 sec
WCH2022-100mH-W-R1-H3,WCH,2022,100mH,W,R1,3,1,1.373,1.3723,0.7,True,True,,3,7,7,7,7,7,4,0.956,WCH Oregon 2022 Day 9,100 Metres Hurdles Women,23 Jul 11:34,1,"x = 1199.44 + 600.40*t (n=2107 red lines, resid SD 0.28 px)",,https://media.aws.iaaf.org/competitiondocuments/waveform/7137279/W_100H_h_3.jpg,2026-09-29T06:27:34Z,WCH Oregon 2022 Day 9 23 Jul 11:34 | Race : (004) 100 Metres Hurdles Women | Heat : 003 Attempt : 001 Ready Time : 1.373 sec
WCH2022-100mH-W-R1-H4,WCH,2022,100mH,W,R1,4,1,1.773,1.7721,0.9,True,True,,4,7,7,6,7,7,3,0.969,WCH Oregon 2022 Day 9,100 Metres Hurdles Women,23 Jul 11:41,1,"x = 1199.44 + 600.40*t (n=2107 red lines, resid SD 0.28 px)",,https://media.aws.iaaf.org/competitiondocuments/waveform/7137279/W_100H_h_4.jpg,2026-09-29T06:28:10Z,WCH Oregon 2022 Day 9 23 Jul 11:41 | Race : (004) 100 Metres Hurdles Women | Heat: 004 Attempt : 001 Ready Time : 1.773 sec
WCH2022-100mH-W-R1-H5,WCH,2022,100mH,W,R1,5,1,1.376,1.3757,0.3,True,True,,5,6,6,4,6,6,7,0.94,WCH Oregon 2022 Day 9,100 Metres Hurdles Women,23 Jul 11:48,1,"x = 1199.44 + 600.40*t (n=2107 red lines, resid SD 0.28 px)",,https://media.aws.iaaf.org/competitiondocuments/waveform/7137279/W_100H_h_5.jpg,2026-09-29T06:28:38Z,WCH Oregon 2022 Day 9 23 Jul 11:48 | Race : (004) 100 Metres Hurdles Women | Heat : 005 Attempt : 001 Ready Time : 1.376 sec
WCH2022-100mH-W-R1-H6,WCH,2022,100mH,W,R1,6,1,0.991,0.9909,0.1,True,True,unusually short hold (< 1.0 s),6,7,7,7,7,7,2,0.959,WCH Oregon 2022 Day 9,100 Metres Hurdles Women,,1,"x = 1199.44 + 600.40*t (n=2107 red lines, resid SD 0.28 px)",,https://media.aws.iaaf.org/competitiondocuments/waveform/7137279/W_100H_h_6.jpg,2026-09-29T06:28:56Z,WCH Oregon 2022 Day 9 23Jul11:55 | Race : (004) 100 Metres Hurdles Women | Heat : 006 Attempt : 001 Ready Time : 0.991 sec
WCH2022-100mH-W-R1-H7,WCH,2022,100mH,W,R1,7,1,1.655,1.6538,1.2,True,True,,7,1,1,0,1,1,6,0.943,WCH Oregon 2022 Day 9,100 Metres Hurdles Women,23 Jul 16:55,1,"x = 1199.44 + 600.40*t (n=2107 red lines, resid SD 0.28 px)",,https://media.aws.iaaf.org/competitiondocuments/waveform/7137279/W_100H_h_7.jpg,2026-09-29T06:29:15Z,WCH Oregon 2022 Day 9 23 Jul 16:55 | Race : (004) 100 Metres Hurdles Women | Heat : 007 Attempt : 001 Ready Time : 1.655 sec
WCH2022-100mH-W-SF-H1,WCH,2022,100mH,W,SF,1,1,1.239,1.2374,1.6,True,True,,1,8,8,8,8,8,3,0.927,WCH Oregon 2022 Day 10,100 Metres Hurdles Women,24 Jul 17:10,1,"x = 1199.44 + 600.40*t (n=2107 red lines, resid SD 0.28 px)",,https://media.aws.iaaf.org/competitiondocuments/waveform/7137279/W_100H_sf_1.jpg,2026-09-29T06:29:35Z,WCH Oregon 2022 Day 10 24 Jul 17:10 | Race : (008) 100 Metres Hurdles Women | Heat : 001 Attempt : 001 Ready Time : 1.239 sec
WCH2022-100mH-W-SF-H2,WCH,2022,100mH,W,SF,2,1,1.287,1.2857,1.3,True,True,,2,8,8,8,8,8,6,0.933,WCH Oregon 2022 Day 10,100 Metres Hurdles Women,24 Jul 17:19,1,"x = 1199.44 + 600.40*t (n=2107 red lines, resid SD 0.28 px)",,https://media.aws.iaaf.org/competitiondocuments/waveform/7137279/W_100H_sf_2.jpg,2026-09-29T06:30:06Z,WCH Oregon 2022 Day 10 24 Jul 17:19 | Race : (008) 100 Metres Hurdles Women | Heat : 002 Attempt : 001 Ready Time : 1.287 sec
WCH2022-100mH-W-SF-H3,WCH,2022,100mH,W,SF,3,1,1.435,1.4339,1.1,True,True,,3,8,8,6,8,8,4,0.957,WCH Oregon 2022 Day 10,100 Metres HurdlesWomen,,1,"x = 1199.44 + 600.40*t (n=2107 red lines, resid SD 0.28 px)",,https://media.aws.iaaf.org/competitiondocuments/waveform/7137279/W_100H_sf_3.jpg,2026-09-29T06:30:24Z,WCH Oregon 2022 Day 10 24Jul 17:28 | Race :(008) 100 Metres HurdlesWomen | Heat : 003 Attempt : 001 Ready Time : 1.435 sec
WCH2022-110mH-M-F-H1,WCH,2022,110mH,M,F,1,2,1.854,1.852,2.0,True,True,,1,6,6,7,8,6,1,0.947,WCH Oregon 2022 Day 3,110 MetresHurdles Men,,1,"x = 1199.44 + 600.40*t (n=2107 red lines, resid SD 0.28 px)",,https://media.aws.iaaf.org/competitiondocuments/waveform/7137279/M_110H_f_1.jpg,2026-09-29T06:24:18Z,WCH Oregon 2022 Day 3 18Jul05:48 | Race:(020) 110 MetresHurdles Men | Heat: 001 Attempt : 002 Ready Time : 1.854 sec
WCH2022-110mH-M-R1-H1,WCH,2022,110mH,M,R1,1,1,1.575,1.5739,1.1,True,True,,1,8,8,8,8,8,3,0.962,World Championships Oregon 2022,110 Metres HurdlesMen,16 Jul 21:35,1,"x = 1199.44 + 600.40*t (n=2107 red lines, resid SD 0.28 px)",,https://media.aws.iaaf.org/competitiondocuments/waveform/7137279/M_110H_h_1.jpg,2026-09-29T06:24:35Z,World Championships Oregon 2022 16 Jul 21:35 | Race:(006) 110 Metres HurdlesMen | Heat:001 Attempt : 001 Ready Time : 1.575 sec
WCH2022-110mH-M-R1-H2,WCH,2022,110mH,M,R1,2,1,1.307,1.3057,1.3,True,True,,2,8,8,7,8,8,7,0.974,World Championships Oregon 2022,110 Metres HurdlesMen,16 Jul 21:41,1,"x = 1199.44 + 600.40*t (n=2107 red lines, resid SD 0.28 px)",,https://media.aws.iaaf.org/competitiondocuments/waveform/7137279/M_110H_h_2.jpg,2026-09-29T06:24:54Z,World Championships Oregon 2022 16 Jul 21:41 | Race:(006) 110 Metres HurdlesMen | Heat:002 Attempt : 001 Ready Time : 1.307 sec
WCH2022-110mH-M-R1-H3,WCH,2022,110mH,M,R1,3,1,1.488,1.4872,0.8,True,True,,3,8,8,7,8,8,6,0.956,World Championships Oregon 2022,110 Metres HurdlesMen,16 Jul 21:48,1,"x = 1199.44 + 600.40*t (n=2107 red lines, resid SD 0.28 px)",,https://media.aws.iaaf.org/competitiondocuments/waveform/7137279/M_110H_h_3.jpg,2026-09-29T06:25:33Z,World Championships Oregon 2022 16 Jul 21:48 | Race:(006) 110 Metres HurdlesMen | Heat : 003 Attempt : 001 Ready Time : 1.488 sec
WCH2022-110mH-M-R1-H4,WCH,2022,110mH,M,R1,4,1,1.368,1.3682,-0.2,True,True,,4,8,8,8,8,8,3,0.97,World Championships Oregon 2022,110 Metres HurdlesMen,16 Jul 21:56,1,"x = 1199.44 + 600.40*t (n=2107 red lines, resid SD 0.28 px)",,https://media.aws.iaaf.org/competitiondocuments/waveform/7137279/M_110H_h_4.jpg,2026-09-29T06:25:45Z,World Championships Oregon 2022 16 Jul 21:56 | Race:(006) 110 Metres HurdlesMen | Heat: 004 Attempt : 001 Ready Time : 1.368 sec
WCH2022-110mH-M-R1-H5,WCH,2022,110mH,M,R1,5,1,1.543,1.5422,0.8,True,True,,5,8,8,8,8,8,8,0.969,World Championships Oregon 2022,110 Metres HurdlesMen,16 Jul 22:03,1,"x = 1199.44 + 600.40*t (n=2107 red lines, resid SD 0.28 px)",,https://media.aws.iaaf.org/competitiondocuments/waveform/7137279/M_110H_h_5.jpg,2026-09-29T06:26:03Z,World Championships Oregon 2022 16 Jul 22:03 | Race:(006) 110 Metres HurdlesMen | Heat: 005 Attempt : 001 Ready Time : 1.543 sec
WCH2022-110mH-M-SF-H1,WCH,2022,110mH,M,SF,1,1,1.03,1.0292,0.8,True,True,,1,8,8,8,8,8,5,0.927,WCH Oregon 2022 Day 3,110 Metres Hurdles Men,18 Jul 03:15,1,"x = 1199.44 + 600.40*t (n=2107 red lines, resid SD 0.28 px)",,https://media.aws.iaaf.org/competitiondocuments/waveform/7137279/M_110H_sf_1.jpg,2026-09-29T06:26:21Z,WCH Oregon 2022 Day 3 18 Jul 03:15 | Race : (012) 110 Metres Hurdles Men | Heat : 001 Attempt : 001 Ready Time : 1.030 sec
WCH2022-110mH-M-SF-H2,WCH,2022,110mH,M,SF,2,1,1.514,1.5122,1.8,True,True,,2,8,8,7,8,8,8,0.933,WCH Oregon 2022 Day 3,110 Metres Hurdles Men,18 Jul 03:23,1,"x = 1199.44 + 600.40*t (n=2107 red lines, resid SD 0.28 px)",,https://media.aws.iaaf.org/competitiondocuments/waveform/7137279/M_110H_sf_2.jpg,2026-09-29T06:26:39Z,WCH Oregon 2022 Day 3 18 Jul 03:23 | Race : (012) 110 Metres Hurdles Men | Heat: 002 Attempt : 001 Ready Time : 1.514 sec
WCH2022-110mH-M-SF-H3,WCH,2022,110mH,M,SF,3,1,1.492,1.4906,1.4,True,True,,3,8,8,8,8,8,5,0.956,WCH Oregon 2022 Day 3,110 Metres Hurdles Men,18 Jul 03:30,1,"x = 1199.44 + 600.40*t (n=2107 red lines, resid SD 0.28 px)",,https://media.aws.iaaf.org/competitiondocuments/waveform/7137279/M_110H_sf_3.jpg,2026-09-29T06:26:51Z,WCH Oregon 2022 Day 3 18 Jul 03:30 | Race :(012) 110 Metres Hurdles Men | Heat : 003 Attempt : 001 Ready Time : 1.492 sec
WCH2022-200m-M-F-H1,WCH,2022,200m,M,F,1,1,1.589,1.5863,2.7,True,True,,1,8,8,8,8,8,1,0.921,WCH Oregon 2022 Day 7,200 Metres Men,,1,"x = 1199.44 + 600.40*t (n=2107 red lines, resid SD 0.28 px)",,https://media.aws.iaaf.org/competitiondocuments/waveform/7137279/M_200_f_1.jpg,2026-09-29T08:55:26Z,WCH Oregon 2022 Day 7 21Jul19:51 | Race : (009) 200 Metres Men | Heat : 001 Attempt : 001 Ready Time : 1.589 sec
WCH2022-200m-M-R1-H1,WCH,2022,200m,M,R1,1,1,1.835,1.8337,1.3,True,True,,1,7,7,7,7,7,4,0.921,WCH Oregon 2022 Day 4,200 Metres Men,19 Jul 03:10,1,"x = 1199.44 + 600.40*t (n=2107 red lines, resid SD 0.28 px)",,https://media.aws.iaaf.org/competitiondocuments/waveform/7137279/M_200_h_1.jpg,2026-09-29T08:55:28Z,WCH Oregon 2022 Day 4 19 Jul 03:10 | Race : (006) 200 Metres Men | Heat : 001 Attempt : 001 Ready Time : 1.835 sec
WCH2022-200m-M-R1-H2,WCH,2022,200m,M,R1,2,2,1.342,1.3415,0.5,True,True,,2,7,7,6,7,7,7,0.937,WCH Oregon 2022 Day 4,200 Metres Men,19 Jul 03:19,1,"x = 1199.44 + 600.40*t (n=2107 red lines, resid SD 0.28 px)",,https://media.aws.iaaf.org/competitiondocuments/waveform/7137279/M_200_h_2.jpg,2026-09-29T08:55:33Z,WCH Oregon 2022 Day 4 19 Jul 03:19 | Race : (006) 200 Metres Men | Heat : 002 Attempt : 002 Ready Time : 1.342 sec
WCH2022-200m-M-R1-H3,WCH,2022,200m,M,R1,3,1,1.684,1.6821,1.9,True,True,,3,7,7,6,7,7,6,0.957,WCH Oregon 2022 Day 4,200 Metres Men,19 Jul 03:26,1,"x = 1199.44 + 600.40*t (n=2107 red lines, resid SD 0.28 px)",,https://media.aws.iaaf.org/competitiondocuments/waveform/7137279/M_200_h_3.jpg,2026-09-29T08:55:35Z,WCH Oregon 2022 Day 4 19 Jul 03:26 | Race : (006) 200 Metres Men | Heat: 003 Attempt : 001 Ready Time : 1.684 sec
WCH2022-200m-M-R1-H4,WCH,2022,200m,M,R1,4,1,1.625,1.6238,1.2,True,True,,4,6,6,7,7,7,4,0.954,WCH Oregon 2022 Day 4,200 Metres Men,19 Jul 03:33,1,"x = 1199.44 + 600.40*t (n=2107 red lines, resid SD 0.28 px)",,https://media.aws.iaaf.org/competitiondocuments/waveform/7137279/M_200_h_4.jpg,2026-09-29T08:55:38Z,WCH Oregon 2022 Day 4 19 Jul 03:33 | Race : (006) 200 Metres Men | Heat: 004 Attempt : 001 Ready Time : 1.625 sec
WCH2022-200m-M-R1-H5,WCH,2022,200m,M,R1,5,1,1.541,1.5405,0.5,True,True,,5,6,6,7,7,6,3,0.939,WCH Oregon 2022 Day 4,200 Metres Men,19 Jul 03:39,1,"x = 1199.44 + 600.40*t (n=2107 red lines, resid SD 0.28 px)",,https://media.aws.iaaf.org/competitiondocuments/waveform/7137279/M_200_h_5.jpg,2026-09-29T08:55:41Z,WCH Oregon 2022 Day 4 19 Jul 03:39 | Race : (006) 200 Metres Men | Heat : 005 Attempt : 001 Ready Time : 1.541 sec
WCH2022-200m-M-R1-H6,WCH,2022,200m,M,R1,6,1,1.663,1.6621,0.9,True,True,,6,5,5,6,7,5,7,0.96,WCH Oregon 2022 Day 4,200 Metres Men,19 Jul 03:45,1,"x = 1199.44 + 600.40*t (n=2107 red lines, resid SD 0.28 px)",,https://media.aws.iaaf.org/competitiondocuments/waveform/7137279/M_200_h_6.jpg,2026-09-29T08:55:44Z,WCH Oregon 2022 Day 4 19 Jul 03:45 | Race : (006) 200 Metres Men | Heat: 006 Attempt : 001 Ready Time : 1.663 sec
WCH2022-200m-M-R1-H7,WCH,2022,200m,M,R1,7,1,1.615,1.613,2.0,True,True,,7,7,7,7,7,7,8,0.943,WCH Oregon 2022 Day 4,200 Metres Men,19 Jul 03:52,1,"x = 1199.44 + 600.40*t (n=2107 red lines, resid SD 0.28 px)",,https://media.aws.iaaf.org/competitiondocuments/waveform/7137279/M_200_h_7.jpg,2026-09-29T08:55:46Z,WCH Oregon 2022 Day 4 19 Jul 03:52 | Race : (006) 200 Metres Men | Heat : 007 Attempt : 001 Ready Time : 1.615 sec
WCH2022-200m-M-SF-H1,WCH,2022,200m,M,SF,1,1,1.759,1.7571,1.9,True,True,,1,7,7,8,8,7,6,0.922,WCH Oregon 2022 Day 5,200 Metres Men,19 Jul 18:50,1,"x = 1199.44 + 600.40*t (n=2107 red lines, resid SD 0.28 px)",,https://media.aws.iaaf.org/competitiondocuments/waveform/7137279/M_200_sf_1.jpg,2026-09-29T08:55:49Z,WCH Oregon 2022 Day 5 19 Jul 18:50 | Race :(005) 200 Metres Men | Heat : 001 Attempt : 001 Ready Time : 1.759 sec
WCH2022-200m-M-SF-H2,WCH,2022,200m,M,SF,2,1,1.729,1.7271,1.9,True,True,,2,8,8,8,8,8,"3,7",0.938,WCH Oregon 2022 Day 5,200 Metres Men,19 Jul 19:03,1,"x = 1199.44 + 600.40*t (n=2107 red lines, resid SD 0.28 px)",,https://media.aws.iaaf.org/competitiondocuments/waveform/7137279/M_200_sf_2.jpg,2026-09-29T08:55:51Z,WCH Oregon 2022 Day 5 19 Jul 19:03 | Race :(005) 200 Metres Men | Heat : 002 Attempt : 001 Ready Time : 1.729 sec
WCH2022-200m-M-SF-H3,WCH,2022,200m,M,SF,3,1,1.753,1.7521,0.9,True,True,,3,8,8,7,8,8,2,0.957,WCH Oregon 2022 Day 5,200 Metres Men,19 Jul 19:11,1,"x = 1199.44 + 600.40*t (n=2107 red lines, resid SD 0.28 px)",,https://media.aws.iaaf.org/competitiondocuments/waveform/7137279/M_200_sf_3.jpg,2026-09-29T08:55:55Z,WCH Oregon 2022 Day 5 19 Jul 19:11 | Race :(005) 200 Metres Men | Heat: 003 Attempt : 001 Ready Time : 1.753 sec
WCH2022-200m-W-F-H1,WCH,2022,200m,W,F,1,1,1.567,1.5655,1.5,True,True,,1,8,8,8,8,8,1,0.921,WCH Oregon 2022 Day 7,200 Metres Women,21 Jul 19:35,1,"x = 1199.44 + 600.40*t (n=2107 red lines, resid SD 0.28 px)",,https://media.aws.iaaf.org/competitiondocuments/waveform/7137279/W_200_f_1.jpg,2026-09-29T08:55:59Z,WCH Oregon 2022 Day 7 21 Jul 19:35 | Race : (008) 200 Metres Women | Heat : 001 Attempt : 001 Ready Time : 1.567 sec
WCH2022-200m-W-R1-H1,WCH,2022,200m,W,R1,1,1,2.033,,,True,False,"hold > 2.0 s: 'set' marker outside the plot window, OCR value not cross-checked",1,7,7,7,7,7,7,0.927,WCH Oregon 2022 Day 4,200 Metres Women,19 Jul 04:05,0,"x = 1199.44 + 600.40*t (n=2107 red lines, resid SD 0.28 px)",,https://media.aws.iaaf.org/competitiondocuments/waveform/7137279/W_200_h_1.jpg,2026-09-29T08:56:01Z,WCH Oregon 2022 Day 4 19 Jul 04:05 | Race : (009) 200 Metres Women | Heat : 001 Attempt : 001 Ready Time : 2.033 sec
WCH2022-200m-W-R1-H2,WCH,2022,200m,W,R1,2,1,1.974,1.9719,2.1,True,True,,2,8,8,6,8,8,1,0.944,WCH Oregon 2022 Day 4,200 Metres Women,19 Jul 04:12,1,"x = 1199.44 + 600.40*t (n=2107 red lines, resid SD 0.28 px)",,https://media.aws.iaaf.org/competitiondocuments/waveform/7137279/W_200_h_2.jpg,2026-09-29T08:56:03Z,WCH Oregon 2022 Day 4 19 Jul 04:12 | Race : (009) 200 Metres Women | Heat: 002 Attempt : 001 Ready Time : 1.974 sec
WCH2022-200m-W-R1-H3,WCH,2022,200m,W,R1,3,1,1.821,1.8212,-0.2,True,True,,3,7,7,7,8,7,8,0.966,WCH Oregon 2022 Day 4,200 Metres Women,19 Jul 04:19,1,"x = 1199.44 + 600.40*t (n=2107 red lines, resid SD 0.28 px)",,https://media.aws.iaaf.org/competitiondocuments/waveform/7137279/W_200_h_3.jpg,2026-09-29T08:56:06Z,WCH Oregon 2022 Day 4 19 Jul 04:19 | Race : (009) 200 Metres Women | Heat: 003 Attempt : 001 Ready Time : 1.821 sec
WCH2022-200m-W-R1-H4,WCH,2022,200m,W,R1,4,1,2.121,,,True,False,"hold > 2.0 s: 'set' marker outside the plot window, OCR value not cross-checked",4,7,7,6,7,7,2,0.964,WCH Oregon 2022 Day 4,200 Metres Women,19 Jul 04:28,0,"x = 1199.44 + 600.40*t (n=2107 red lines, resid SD 0.28 px)",,https://media.aws.iaaf.org/competitiondocuments/waveform/7137279/W_200_h_4.jpg,2026-09-29T08:56:09Z,WCH Oregon 2022 Day 4 19 Jul 04:28 | Race : (009) 200 Metres Women | Heat: 004 Attempt : 001 Ready Time : 2.121 sec
WCH2022-200m-W-R1-H5,WCH,2022,200m,W,R1,5,1,1.652,1.6505,1.5,True,True,,5,7,7,6,7,7,6,0.939,WCH Oregon 2022 Day 4,200 Metres Women,19 Jul 04:35,1,"x = 1199.44 + 600.40*t (n=2107 red lines, resid SD 0.28 px)",,https://media.aws.iaaf.org/competitiondocuments/waveform/7137279/W_200_h_5.jpg,2026-09-29T08:56:11Z,WCH Oregon 2022 Day 4 19 Jul 04:35 | Race : (009) 200 Metres Women | Heat : 005 Attempt : 001 Ready Time : 1.652 sec
WCH2022-200m-W-R1-H6,WCH,2022,200m,W,R1,6,1,1.657,1.6555,1.5,True,True,,6,8,8,7,8,8,8,0.969,WCH Oregon 2022 Day 4,200 Metres Women,,1,"x = 1199.44 + 600.40*t (n=2107 red lines, resid SD 0.28 px)",,https://media.aws.iaaf.org/competitiondocuments/waveform/7137279/W_200_h_6.jpg,2026-09-29T08:56:14Z,WCH Oregon 2022 Day 4 19Jul 04:44 | Race : (009) 200 Metres Women | Heat: 006 Attempt : 001 Ready Time : 1.657 sec
WCH2022-200m-W-SF-H1,WCH,2022,200m,W,SF,1,1,1.537,1.5355,1.5,True,True,,1,8,8,0,0,8,6,0.922,WCH Oregon 2022 Day 5,200 Metres Women,19 Jul 18:05,1,"x = 1199.44 + 600.40*t (n=2107 red lines, resid SD 0.28 px)",,https://media.aws.iaaf.org/competitiondocuments/waveform/7137279/W_200_sf_1.jpg,2026-09-29T08:56:17Z,WCH Oregon 2022 Day 5 19 Jul 18:05 | Race : (003) 200 Metres Women | Heat : 001 Attempt : 001 Ready Time : 1.537 sec
WCH2022-200m-W-SF-H2,WCH,2022,200m,W,SF,2,1,1.942,1.9403,1.7,True,True,,2,8,8,0,0,8,4,0.938,WCH Oregon 2022 Day 5,200 Metres Women,19 Jul 18:16,1,"x = 1199.44 + 600.40*t (n=2107 red lines, resid SD 0.28 px)",,https://media.aws.iaaf.org/competitiondocuments/waveform/7137279/W_200_sf_2.jpg,2026-09-29T08:56:19Z,WCH Oregon 2022 Day 5 19 Jul 18:16 | Race : (003) 200 Metres Women | Heat : 002 Attempt : 001 Ready Time : 1.942 sec
WCH2022-200m-W-SF-H3,WCH,2022,200m,W,SF,3,1,1.732,1.7304,1.6,True,True,,3,8,8,0,0,8,8,0.966,WCH Oregon 2022 Day 5,200 Metres Women,19 Jul 18:25,1,"x = 1199.44 + 600.40*t (n=2107 red lines, resid SD 0.28 px)",,https://media.aws.iaaf.org/competitiondocuments/waveform/7137279/W_200_sf_3.jpg,2026-09-29T08:56:26Z,WCH Oregon 2022 Day 5 19 Jul 18:25 | Race : (003) 200 Metres Women | Heat: 003 Attempt : 001 Ready Time : 1.732 sec
WCH2023-100m-M-F-H1,WCH,2023,100m,M,F,1,1,1.476,1.4756,0.4,True,True,,1,8,8,0,0,8,5,0.947,20 Aug 19:12,,20 Aug 19:12,1,"x = 1199.44 + 600.40*t (n=2107 red lines, resid SD 0.28 px)",,https://media.aws.iaaf.org/competitiondocuments/waveform/7138987/M_100_f_1.jpg,2026-09-29T06:35:17Z,WCHBudapest23Day2 PM 20 Aug 19:12 | Race:Default | Heat : 001 Attempt : 001 Ready Time : 1.476 sec
WCH2023-100m-M-PR-H1,WCH,2023,100m,M,PR,1,1,1.525,1.5239,1.1,True,True,,1,7,7,7,7,7,3,0.965,19 Aug 20:36,100 Metres Men,19 Aug 20:36,1,"x = 1199.44 + 600.40*t (n=2107 red lines, resid SD 0.28 px)",,https://media.aws.iaaf.org/competitiondocuments/waveform/7138987/M_100_pr_1.jpg,2026-09-29T06:37:21Z,WCH Bupdates23 Day 1 AM 19 Aug 20:36 | Race : (012) 100 Metres Men | Heat : 001 Attempt : 001 Ready Time : 1.525 sec
WCH2023-100m-M-PR-H2,WCH,2023,100m,M,PR,2,1,1.86,1.8587,1.3,True,True,,2,6,6,6,7,6,3,0.926,19 Aug 20:43,100 Metres Men,19 Aug 20:43,1,"x = 1199.44 + 600.40*t (n=2107 red lines, resid SD 0.28 px)",,https://media.aws.iaaf.org/competitiondocuments/waveform/7138987/M_100_pr_2.jpg,2026-09-29T06:37:34Z,WCH Bupdates23 Day 1 AM 19 Aug 20:43 | Race : (012) 100 Metres Men | Heat : 002 Attempt : 001 Ready Time : 1.860 sec
WCH2023-100m-M-PR-H3,WCH,2023,100m,M,PR,3,2,1.735,1.7337,1.3,True,True,,3,8,8,8,8,8,2,0.981,19 Aug 20:53,100 Metres Men,19 Aug 20:53,1,"x = 1199.44 + 600.40*t (n=2107 red lines, resid SD 0.28 px)",,https://media.aws.iaaf.org/competitiondocuments/waveform/7138987/M_100_pr_3.jpg,2026-09-29T06:37:44Z,WCH Bupdates23 Day 1 AM 19 Aug 20:53 | Race : (012) 100 Metres Men | Heat: 003 Attempt : 002 Ready Time : 1.735 sec
WCH2023-100m-M-PR-H4,WCH,2023,100m,M,PR,4,1,1.579,1.5772,1.8,True,True,,4,6,6,7,7,6,7,0.962,19 Aug 21:01,100 Metres Men,19 Aug 21:01,1,"x = 1199.44 + 600.40*t (n=2107 red lines, resid SD 0.28 px)",,https://media.aws.iaaf.org/competitiondocuments/waveform/7138987/M_100_pr_4.jpg,2026-09-29T06:37:45Z,WCH Bupdates23 Day 1 AM 19 Aug 21:01 | Race : (012) 100 Metres Men | Heat: 004 Attempt : 001 Ready Time : 1.579 sec
WCH2023-100m-M-R1-H1,WCH,2023,100m,M,R1,1,1,1.609,1.608,1.0,True,True,,1,8,8,6,8,8,9,0.963,20 Aug 02:44,100 Metres Men,20 Aug 02:44,1,"x = 1199.44 + 600.40*t (n=2107 red lines, resid SD 0.28 px)",,https://media.aws.iaaf.org/competitiondocuments/waveform/7138987/M_100_h_1.jpg,2026-09-29T06:35:36Z,WCH Bupdates23 Day 1 AM 20 Aug 02:44 | Race : (021) 100 Metres Men | Heat: 001 Attempt : 001 Ready Time : 1.609 sec
WCH2023-100m-M-R1-H2,WCH,2023,100m,M,R1,2,1,1.453,1.4523,0.7,True,True,,2,8,8,8,8,8,8,0.926,20 Aug 02:50,100 Metres Men,20 Aug 02:50,1,"x = 1199.44 + 600.40*t (n=2107 red lines, resid SD 0.28 px)",,https://media.aws.iaaf.org/competitiondocuments/waveform/7138987/M_100_h_2.jpg,2026-09-29T06:35:52Z,WCH Bupdates23 Day 1 AM 20 Aug 02:50 | Race : (021) 100 Metres Men | Heat : 002 Attempt : 001 Ready Time : 1.453 sec
WCH2023-100m-M-R1-H3,WCH,2023,100m,M,R1,3,1,1.637,1.6355,1.5,True,True,,3,8,8,7,8,8,3,0.955,20 Aug 02:56,100 Metres Men,20 Aug 02:56,1,"x = 1199.44 + 600.40*t (n=2107 red lines, resid SD 0.28 px)",,https://media.aws.iaaf.org/competitiondocuments/waveform/7138987/M_100_h_3.jpg,2026-09-29T06:36:05Z,WCH Bupdates23 Day 1 AM 20 Aug 02:56 | Race : (021) 100 Metres Men | Heat: 003 Attempt : 001 Ready Time : 1.637 sec
WCH2023-100m-M-R1-H4,WCH,2023,100m,M,R1,4,1,1.615,1.613,2.0,True,True,,4,8,8,8,8,8,8,0.962,20 Aug 03:02,100 Metres Men,20 Aug 03:02,1,"x = 1199.44 + 600.40*t (n=2107 red lines, resid SD 0.28 px)",,https://media.aws.iaaf.org/competitiondocuments/waveform/7138987/M_100_h_4.jpg,2026-09-29T06:36:15Z,WCH Bupdates23 Day 1 AM 20 Aug 03:02 | Race : (021) 100 Metres Men | Heat: 004 Attempt : 001 Ready Time : 1.615 sec
WCH2023-100m-M-R1-H5,WCH,2023,100m,M,R1,5,3,1.371,1.3707,0.3,True,True,,5,7,7,8,8,7,5,0.983,20 Aug 03:17,100 Metres Men,20 Aug 03:17,1,"x = 1199.44 + 600.40*t (n=2107 red lines, resid SD 0.28 px)",,https://media.aws.iaaf.org/competitiondocuments/waveform/7138987/M_100_h_5.jpg,2026-09-29T06:36:45Z,WCH Bupdates23 Day 1 AM 20 Aug 03:17 | Race : (021) 100 Metres Men | Heat: 005 Attempt : 003 Ready Time : 1.371 sec
WCH2023-100m-M-R1-H6,WCH,2023,100m,M,R1,6,1,1.755,1.7537,1.3,True,True,,6,8,8,8,8,8,6,0.959,20 Aug 03:22,100 Metres Men,20 Aug 03:22,1,"x = 1199.44 + 600.40*t (n=2107 red lines, resid SD 0.28 px)",,https://media.aws.iaaf.org/competitiondocuments/waveform/7138987/M_100_h_6.jpg,2026-09-29T06:36:54Z,WCH Bupdates23 Day 1 AM 20 Aug 03:22 | Race : (021) 100 Metres Men | Heat: 006 Attempt : 001 Ready Time : 1.755 sec
WCH2023-100m-M-R1-H7,WCH,2023,100m,M,R1,7,1,1.507,1.5056,1.4,True,True,,7,8,8,8,8,8,"2,4,8",0.936,20 Aug 03:28,100 Metres Men,20 Aug 03:28,1,"x = 1199.44 + 600.40*t (n=2107 red lines, resid SD 0.28 px)",,https://media.aws.iaaf.org/competitiondocuments/waveform/7138987/M_100_h_7.jpg,2026-09-29T06:37:08Z,WCH Bupdates23 Day 1 AM 20 Aug 03:28 | Race : (021) 100 Metres Men | Heat : 007 Attempt : 001 Ready Time : 1.507 sec
WCH2023-100m-M-SF-H1,WCH,2023,100m,M,SF,1,1,1.504,1.5022,1.8,True,True,,1,8,8,7,8,8,2,0.961,20 Aug 16:36,100 Metres Men,20 Aug 16:36,1,"x = 1199.44 + 600.40*t (n=2107 red lines, resid SD 0.28 px)",,https://media.aws.iaaf.org/competitiondocuments/waveform/7138987/M_100_sf_1.jpg,2026-09-29T06:37:50Z,WCH Budapest 23 Day 2 PM 20 Aug 16:36 | Race : (015) 100 Metres Men | Heat : 001 Attempt : 001 Ready Time : 1.504 sec
WCH2023-100m-M-SF-H2,WCH,2023,100m,M,SF,2,2,1.653,1.6521,0.9,True,True,,2,7,7,8,8,7,7,0.924,20 Aug 16:46,100 Metres Men,20 Aug 16:46,1,"x = 1199.44 + 600.40*t (n=2107 red lines, resid SD 0.28 px)",,https://media.aws.iaaf.org/competitiondocuments/waveform/7138987/M_100_sf_2.jpg,2026-09-29T06:37:52Z,WCH Budapest 23 Day 2 PM 20 Aug 16:46 | Race : (015) 100 Metres Men | Heat : 002 Attempt : 002 Ready Time : 1.653 sec
WCH2023-100m-M-SF-H3,WCH,2023,100m,M,SF,3,1,1.571,1.5705,0.5,True,True,,3,8,8,8,8,8,3,0.957,20 Aug 16:54,100 Metres Men,20 Aug 16:54,1,"x = 1199.44 + 600.40*t (n=2107 red lines, resid SD 0.28 px)",,https://media.aws.iaaf.org/competitiondocuments/waveform/7138987/M_100_sf_3.jpg,2026-09-29T06:37:59Z,WCH Budapest 23 Day 2 PM 20 Aug 16:54 | Race : (015) 100 Metres Men | Heat: 003 Attempt : 001 Ready Time : 1.571 sec
WCH2023-100m-W-F-H1,WCH,2023,100m,W,F,1,1,1.838,1.837,1.0,True,True,,1,9,9,9,9,9,8,0.924,21 Aug 21:56,100 Metres Women,21 Aug 21:56,1,"x = 1199.44 + 600.40*t (n=2107 red lines, resid SD 0.28 px)",,https://media.aws.iaaf.org/competitiondocuments/waveform/7138987/W_100_f_1.jpg,2026-09-29T06:41:10Z,WCH Budapest 23 Day 3 PM 21 Aug 21:56 | Race : (011) 100 Metres Women | Heat : 001 Attempt : 001 Ready Time : 1.838 sec
WCH2023-100m-W-R1-H1,WCH,2023,100m,W,R1,1,1,1.483,1.4822,0.8,True,True,,1,8,8,8,8,8,3,0.953,20 Aug 12:11,100 Metres Women,20 Aug 12:11,1,"x = 1199.44 + 600.40*t (n=2107 red lines, resid SD 0.28 px)",,https://media.aws.iaaf.org/competitiondocuments/waveform/7138987/W_100_h_1.jpg,2026-09-29T06:41:29Z,WCH Bupdates23Day 2 AM 20 Aug 12:11 | Race : (012) 100 Metres Women | Heat: 001 Attempt : 001 Ready Time : 1.483 sec
WCH2023-100m-W-R1-H2,WCH,2023,100m,W,R1,2,2,1.952,1.9503,1.7,True,True,,2,7,7,6,8,7,7,0.926,20 Aug 12:19,100 Metres Women,20 Aug 12:19,1,"x = 1199.44 + 600.40*t (n=2107 red lines, resid SD 0.28 px)",,https://media.aws.iaaf.org/competitiondocuments/waveform/7138987/W_100_h_2.jpg,2026-09-29T06:41:43Z,WCH Bupdates23 Day 2 AM 20 Aug 12:19 | Race : (012) 100 Metres Women | Heat : 002 Attempt : 002 Ready Time : 1.952 sec
WCH2023-100m-W-R1-H3,WCH,2023,100m,W,R1,3,1,1.445,1.4439,1.1,True,True,,3,8,8,7,8,8,4,0.964,20 Aug 12:25,100 Metres Women,20 Aug 12:25,1,"x = 1199.44 + 600.40*t (n=2107 red lines, resid SD 0.28 px)",,https://media.aws.iaaf.org/competitiondocuments/waveform/7138987/W_100_h_3.jpg,2026-09-29T06:41:59Z,WCH Bupdates23Day 2 AM 20 Aug 12:25 | Race : (012) 100 Metres Women | Heat: 003 Attempt : 001 Ready Time : 1.445 sec
WCH2023-100m-W-R1-H4,WCH,2023,100m,W,R1,4,1,1.606,1.6055,0.5,True,True,,4,8,8,7,8,8,5,0.963,20 Aug 12:32,100 Metres Women,20 Aug 12:32,1,"x = 1199.44 + 600.40*t (n=2107 red lines, resid SD 0.28 px)",,https://media.aws.iaaf.org/competitiondocuments/waveform/7138987/W_100_h_4.jpg,2026-09-29T06:42:33Z,WCH Bupdates23Day 2 AM 20 Aug 12:32 | Race : (012) 100 Metres Women | Heat: 004 Attempt : 001 Ready Time : 1.606 sec
WCH2023-100m-W-R1-H5,WCH,2023,100m,W,R1,5,2,1.345,1.344,1.0,True,True,,5,7,7,7,8,8,7,0.983,20 Aug 12:44,100 Metres Women,20 Aug 12:44,1,"x = 1199.44 + 600.40*t (n=2107 red lines, resid SD 0.28 px)",,https://media.aws.iaaf.org/competitiondocuments/waveform/7138987/W_100_h_5.jpg,2026-09-29T06:42:53Z,WCH Bupdates23 Day 2 AM 20 Aug 12:44 | Race : (012) 100 Metres Women | Heat: 005 Attempt : 002 Ready Time : 1.345 sec
WCH2023-100m-W-R1-H6,WCH,2023,100m,W,R1,6,1,1.644,1.6421,1.9,True,True,,6,8,8,7,8,8,9,0.967,20 Aug 12:49,100 Metres Women,20 Aug 12:49,1,"x = 1199.44 + 600.40*t (n=2107 red lines, resid SD 0.28 px)",,https://media.aws.iaaf.org/competitiondocuments/waveform/7138987/W_100_h_6.jpg,2026-09-29T06:43:28Z,WCH Bupdates23Day 2 AM 20 Aug 12:49 | Race : (012) 100 Metres Women | Heat: 006 Attempt : 001 Ready Time : 1.644 sec
WCH2023-100m-W-R1-H7,WCH,2023,100m,W,R1,7,1,1.897,1.8953,1.7,True,True,,7,8,8,7,8,8,7,0.936,20 Aug 12:55,100 Metres Women,20 Aug 12:55,1,"x = 1199.44 + 600.40*t (n=2107 red lines, resid SD 0.28 px)",,https://media.aws.iaaf.org/competitiondocuments/waveform/7138987/W_100_h_7.jpg,2026-09-29T06:43:56Z,WCH Bupdates23 Day 2 AM 20 Aug 12:55 | Race : (012) 100 Metres Women | Heat : 007 Attempt : 001 Ready Time : 1.897 sec
WCH2023-100m-W-SF-H1,WCH,2023,100m,W,SF,1,1,1.972,1.9703,1.7,True,True,,1,8,8,7,8,8,4,0.924,21 Aug 20:37,100 Metres Women,21 Aug 20:37,1,"x = 1199.44 + 600.40*t (n=2107 red lines, resid SD 0.28 px)",,https://media.aws.iaaf.org/competitiondocuments/waveform/7138987/W_100_sf_1.jpg,2026-09-29T06:44:28Z,WCH Budapest 23 Day 3 PM 21 Aug 20:37 | Race : (008) 100 Metres Women | Heat : 001 Attempt : 001 Ready Time : 1.972 sec
WCH2023-100m-W-SF-H2,WCH,2023,100m,W,SF,2,1,1.842,1.8403,1.7,True,True,,2,8,8,6,8,8,4,0.924,21 Aug 20:45,100 Metres Women,21 Aug 20:45,1,"x = 1199.44 + 600.40*t (n=2107 red lines, resid SD 0.28 px)",,https://media.aws.iaaf.org/competitiondocuments/waveform/7138987/W_100_sf_2.jpg,2026-09-29T06:44:52Z,WCH Budapest 23 Day 3 PM 21 Aug 20:45 | Race : (008) 100 Metres Women | Heat : 002 Attempt : 001 Ready Time : 1.842 sec
WCH2023-100m-W-SF-H3,WCH,2023,100m,W,SF,3,2,2.107,,,True,False,"hold > 2.0 s: 'set' marker outside the plot window, OCR value not cross-checked",3,8,8,8,8,8,7,0.964,21 Aug 20:54,100 Metres Women,21 Aug 20:54,0,"x = 1199.44 + 600.40*t (n=2107 red lines, resid SD 0.28 px)",,https://media.aws.iaaf.org/competitiondocuments/waveform/7138987/W_100_sf_3.jpg,2026-09-29T06:45:16Z,WCH Budapest 23 Day 3 PM 21 Aug 20:54 | Race : (008) 100 Metres Women | Heat : 003 Attempt : 002 Ready Time : 2.107 sec
WCH2023-100mH-W-F-H1,WCH,2023,100mH,W,F,1,1,1.558,1.5572,0.8,True,True,,1,8,8,8,8,8,2,0.929,WCH Budapest 23 Day 6,100 Metres Hurdles Women,24 Aug 21:25,1,"x = 1199.44 + 600.40*t (n=2107 red lines, resid SD 0.28 px)",,https://media.aws.iaaf.org/competitiondocuments/waveform/7138987/W_100H_f_1.jpg,2026-09-29T06:39:06Z,WCH Budapest 23 Day 6 24 Aug 21:25 | Race :(009) 100 Metres Hurdles Women | Heat : 001 Attempt : 001 Ready Time : 1.558 sec
WCH2023-100mH-W-R1-H1,WCH,2023,100mH,W,R1,1,1,1.774,1.7721,1.9,True,True,,1,8,8,7,8,8,7,0.944,22 Aug 18:42,100 Metres Hurdles Women,22 Aug 18:42,1,"x = 1199.44 + 600.40*t (n=2107 red lines, resid SD 0.28 px)",,https://media.aws.iaaf.org/competitiondocuments/waveform/7138987/W_100H_h_1.jpg,2026-09-29T06:39:10Z,WCH Budapest 23 Day 4 PM 22 Aug 18:42 | Race : (001) 100 Metres Hurdles Women | Heat: 001 Attempt : 001 Ready Time : 1.774 sec
WCH2023-100mH-W-R1-H2,WCH,2023,100mH,W,R1,2,1,1.315,1.3149,0.1,True,True,,2,9,9,8,9,9,"4,5",0.922,22 Aug 18:49,100 Metres Hurdles Women,22 Aug 18:49,1,"x = 1199.44 + 600.40*t (n=2107 red lines, resid SD 0.28 px)",,https://media.aws.iaaf.org/competitiondocuments/waveform/7138987/W_100H_h_2.jpg,2026-09-29T06:39:15Z,WCH Budapest 23 Day 4 PM 22 Aug 18:49 | Race : (001) 100 Metres Hurdles Women | Heat : 002 Attempt : 001 Ready Time : 1.315 sec
WCH2023-100mH-W-R1-H3,WCH,2023,100mH,W,R1,3,1,1.814,1.812,2.0,True,True,,3,9,9,8,9,9,3,0.957,22 Aug 18:57,100 Metres Hurdles Women,22 Aug 18:57,1,"x = 1199.44 + 600.40*t (n=2107 red lines, resid SD 0.28 px)",,https://media.aws.iaaf.org/competitiondocuments/waveform/7138987/W_100H_h_3.jpg,2026-09-29T06:39:22Z,WCH Budapest 23 Day 4 PM 22 Aug 18:57 | Race : (001) 100 Metres Hurdles Women | Heat : 003 Attempt : 001 Ready Time : 1.814 sec
WCH2023-100mH-W-R1-H4,WCH,2023,100mH,W,R1,4,1,1.627,1.6255,1.5,True,True,,4,9,9,8,9,9,2,0.97,22 Aug 19:05,100 Metres Hurdles Women,22 Aug 19:05,1,"x = 1199.44 + 600.40*t (n=2107 red lines, resid SD 0.28 px)",,https://media.aws.iaaf.org/competitiondocuments/waveform/7138987/W_100H_h_4.jpg,2026-09-29T06:39:38Z,WCH Budapest 23 Day 4 PM 22 Aug 19:05 | Race : (001) 100 Metres Hurdles Women | Heat: 004 Attempt : 001 Ready Time : 1.627 sec
WCH2023-100mH-W-R1-H5,WCH,2023,100mH,W,R1,5,1,1.973,1.9719,1.1,True,True,,5,8,8,7,8,8,"7,9",0.982,22 Aug 19:13,100 Metres Hurdles Women,22 Aug 19:13,1,"x = 1199.44 + 600.40*t (n=2107 red lines, resid SD 0.28 px)",,https://media.aws.iaaf.org/competitiondocuments/waveform/7138987/W_100H_h_5.jpg,2026-09-29T06:39:47Z,WCH Budapest 23 Day 4 PM 22 Aug 19:13 | Race : (001) 100 Metres Hurdles Women | Heat: 005 Attempt : 001 Ready Time : 1.973 sec
WCH2023-100mH-W-SF-H1,WCH,2023,100mH,W,SF,1,1,1.722,1.7196,2.4,True,True,,1,8,8,8,8,8,2,0.922,23 Aug 20:47,100 Metres Hurdles Women,23 Aug 20:47,1,"x = 1199.44 + 600.40*t (n=2107 red lines, resid SD 0.28 px)",,https://media.aws.iaaf.org/competitiondocuments/waveform/7138987/W_100H_sf_1.jpg,2026-09-29T06:40:01Z,WCH Budapest 23 Day 5 PM 23 Aug 20:47 | Race : (017) 100 Metres Hurdles Women | Heat : 001 Attempt : 001 Ready Time : 1.722 sec
WCH2023-100mH-W-SF-H2,WCH,2023,100mH,W,SF,2,1,1.77,1.7687,1.3,True,True,,2,8,8,6,8,8,5,0.924,23 Aug 20:54,100 Metres Hurdles Women,23 Aug 20:54,1,"x = 1199.44 + 600.40*t (n=2107 red lines, resid SD 0.28 px)",,https://media.aws.iaaf.org/competitiondocuments/waveform/7138987/W_100H_sf_2.jpg,2026-09-29T06:40:15Z,WCH Budapest 23 Day 5 PM 23 Aug 20:54 | Race : (017) 100 Metres Hurdles Women | Heat : 002 Attempt : 001 Ready Time : 1.770 sec
WCH2023-100mH-W-SF-H3,WCH,2023,100mH,W,SF,3,1,1.419,1.4173,1.7,True,True,,3,8,8,8,8,8,4,0.957,23 Aug 21:02,100 Metres Hurdles Women,23 Aug 21:02,1,"x = 1199.44 + 600.40*t (n=2107 red lines, resid SD 0.28 px)",,https://media.aws.iaaf.org/competitiondocuments/waveform/7138987/W_100H_sf_3.jpg,2026-09-29T06:40:41Z,WCHBudapest 23Day5PM 23 Aug 21:02 | Race : (017) 100 Metres Hurdles Women | Heat : 003 Attempt : 001 Ready Time : 1.419 sec
WCH2023-110mH-M-F-H1,WCH,2023,110mH,M,F,1,1,1.857,1.8553,1.7,True,True,,1,8,8,8,8,8,5,0.922,21 Aug 21:44,110 Metres Hurdles Men,21 Aug 21:44,1,"x = 1199.44 + 600.40*t (n=2107 red lines, resid SD 0.28 px)",,https://media.aws.iaaf.org/competitiondocuments/waveform/7138987/M_110H_f_1.jpg,2026-09-29T06:38:01Z,WCH Budapest 23 Day 3 PM 21 Aug 21:44 | Race :(010) 110 Metres Hurdles Men | Heat : 001 Attempt : 001 Ready Time : 1.857 sec
WCH2023-110mH-M-R1-H1,WCH,2023,110mH,M,R1,1,1,1.737,1.7354,1.6,True,True,,1,9,9,8,9,9,8,0.924,20 Aug 13:07,110 Metres Hurdles Men,20 Aug 13:07,1,"x = 1199.44 + 600.40*t (n=2107 red lines, resid SD 0.28 px)",,https://media.aws.iaaf.org/competitiondocuments/waveform/7138987/M_110H_h_1.jpg,2026-09-29T06:38:14Z,WCH Bupdates23 Day 2 AM 20 Aug 13:07 | Race : (013) 110 Metres Hurdles Men | Heat : 001 Attempt : 001 Ready Time : 1.737 sec
WCH2023-110mH-M-R1-H2,WCH,2023,110mH,M,R1,2,1,1.713,1.7121,0.9,True,True,,2,9,9,9,9,9,3,0.924,20 Aug 13:14,110 Metres Hurdles Men,20 Aug 13:14,1,"x = 1199.44 + 600.40*t (n=2107 red lines, resid SD 0.28 px)",,https://media.aws.iaaf.org/competitiondocuments/waveform/7138987/M_110H_h_2.jpg,2026-09-29T06:38:19Z,WCH Bupdates23 Day 2 AM 20 Aug 13:14 | Race :(013) 110 Metres Hurdles Men | Heat : 002 Attempt : 001 Ready Time : 1.713 sec
WCH2023-110mH-M-R1-H3,WCH,2023,110mH,M,R1,3,1,1.631,1.6305,0.5,True,True,,3,9,9,8,9,9,1,0.953,20 Aug 13:22,110 Metres Hurdles Men,20 Aug 13:22,1,"x = 1199.44 + 600.40*t (n=2107 red lines, resid SD 0.28 px)",,https://media.aws.iaaf.org/competitiondocuments/waveform/7138987/M_110H_h_3.jpg,2026-09-29T06:38:28Z,WCHBupdates23Day 2 AM 20 Aug 13:22 | Race : (013) 110 Metres Hurdles Men | Heat : 003 Attempt : 001 Ready Time : 1.631 Lsec
WCH2023-110mH-M-R1-H4,WCH,2023,110mH,M,R1,4,1,1.982,1.9794,2.6,True,True,,4,9,9,8,9,9,7,0.969,20 Aug 13:30,110 Metres Hurdles Men,20 Aug 13:30,1,"x = 1199.44 + 600.40*t (n=2107 red lines, resid SD 0.28 px)",,https://media.aws.iaaf.org/competitiondocuments/waveform/7138987/M_110H_h_4.jpg,2026-09-29T06:38:41Z,WCHBupdates23Day 2 AM 20 Aug 13:30 | Race : (013) 110 Metres Hurdles Men | Heat: 004 Attempt : 001 Ready Time : 1.982 sec
WCH2023-110mH-M-R1-H5,WCH,2023,110mH,M,R1,5,1,1.791,1.7904,0.6,True,True,,5,9,9,8,9,9,7,0.983,20 Aug 13:40,110 Metres Hurdles Men,20 Aug 13:40,1,"x = 1199.44 + 600.40*t (n=2107 red lines, resid SD 0.28 px)",,https://media.aws.iaaf.org/competitiondocuments/waveform/7138987/M_110H_h_5.jpg,2026-09-29T06:38:46Z,WCH Bupdates23 Day 2 AM 20 Aug 13:40 | Race : (013) 110 Metres Hurdles Men | Heat: 005 Attempt : 001 Ready Time : 1.791 sec
WCH2023-110mH-M-SF-H2,WCH,2023,110mH,M,SF,2,1,1.796,1.7954,0.6,True,True,image is linked under WCH2023-110mH-M-SF-H1 on the WA site but its header says heat 2; re-keyed,2,9,9,9,9,9,7,0.924,21 Aug 20:16,110 Metres Hurdles Men,21 Aug 20:16,1,"x = 1199.44 + 600.40*t (n=2107 red lines, resid SD 0.28 px)",WCH2023-110mH-M-SF-H1,https://media.aws.iaaf.org/competitiondocuments/waveform/7138987/M_110H_sf_1.jpg,2026-09-29T06:38:52Z,WCH Budapest 23 Day 3 PM 21 Aug 20:16 | Race : (006) 110 Metres Hurdles Men | Heat : 002 Attempt : 001 Ready Time : 1.796 sec
WCH2023-110mH-M-SF-H3,WCH,2023,110mH,M,SF,3,1,1.584,1.5822,1.8,True,True,,3,8,8,8,8,8,7,0.949,21 Aug 20:23,110 Metres Hurdles Men,21 Aug 20:23,1,"x = 1199.44 + 600.40*t (n=2107 red lines, resid SD 0.28 px)",,https://media.aws.iaaf.org/competitiondocuments/waveform/7138987/M_110H_sf_3.jpg,2026-09-29T06:38:57Z,WCHBudapest 23 Day 3PM 21 Aug 20:23 | Race : (006) 110 Metres Hurdles Men | Heat : 003 Attempt : 001 Ready Time : 1.584 sec
WCH2023-200m-M-F-H1,WCH,2023,200m,M,F,1,1,1.794,1.792,2.0,True,True,,1,9,9,9,9,9,8,0.921,25 Aug 21:53,200 Metres Men,25 Aug 21:53,1,"x = 1199.44 + 600.40*t (n=2107 red lines, resid SD 0.28 px)",,https://media.aws.iaaf.org/competitiondocuments/waveform/7138987/M_200_f_1.jpg,2026-09-29T08:56:27Z,WCH Budapest 23 Day 7 25 Aug 21:53 | Race : (019) 200 Metres Men | Heat : 001 Attempt : 001 Ready Time : 1.794 sec
WCH2023-200m-M-R1-H1,WCH,2023,200m,M,R1,1,1,1.845,1.8437,1.3,True,True,,1,8,8,8,8,8,7,0.954,23 Aug 12:15,200 Metres Men,23 Aug 12:15,1,"x = 1199.44 + 600.40*t (n=2107 red lines, resid SD 0.28 px)",,https://media.aws.iaaf.org/competitiondocuments/waveform/7138987/M_200_h_1.jpg,2026-09-29T08:56:30Z,WCH Budapest 23 Day 5 AM 23 Aug 12:15 | Race : (009) 200 Metres Men | Heat : 001 Attempt : 001 Ready Time : 1.845 sec
WCH2023-200m-M-R1-H2,WCH,2023,200m,M,R1,2,1,1.557,1.5555,1.5,True,True,,2,9,9,7,9,9,1,0.924,23 Aug 12:22,200 Metres Men,23 Aug 12:22,1,"x = 1199.44 + 600.40*t (n=2107 red lines, resid SD 0.28 px)",,https://media.aws.iaaf.org/competitiondocuments/waveform/7138987/M_200_h_2.jpg,2026-09-29T08:56:33Z,WCH Budapest 23 Day 5 AM 23 Aug 12:22 | Race : (009) 200 Metres Men | Heat : 002 Attempt : 001 Ready Time : 1.557 sec
WCH2023-200m-M-R1-H3,WCH,2023,200m,M,R1,3,1,1.972,1.9703,1.7,True,True,,3,8,8,8,8,8,6,0.957,23 Aug 12:28,200 Metres Men,23 Aug 12:28,1,"x = 1199.44 + 600.40*t (n=2107 red lines, resid SD 0.28 px)",,https://media.aws.iaaf.org/competitiondocuments/waveform/7138987/M_200_h_3.jpg,2026-09-29T08:56:36Z,WCH Budapest 23 Day 5 AM 23 Aug 12:28 | Race : (009) 200 Metres Men | Heat: 003 Attempt : 001 Ready Time : 1.972 sec
WCH2023-200m-M-R1-H4,WCH,2023,200m,M,R1,4,1,1.735,1.7337,1.3,True,True,,4,8,8,7,8,8,3,0.954,23 Aug 12:35,200 Metres Men,23 Aug 12:35,1,"x = 1199.44 + 600.40*t (n=2107 red lines, resid SD 0.28 px)",,https://media.aws.iaaf.org/competitiondocuments/waveform/7138987/M_200_h_4.jpg,2026-09-29T08:56:38Z,WCH Budapest 23 Day 5 AM 23 Aug 12:35 | Race : (009) 200 Metres Men | Heat: 004 Attempt : 001 Ready Time : 1.735 sec
WCH2023-200m-M-R1-H5,WCH,2023,200m,M,R1,5,2,2.193,,,True,False,"hold > 2.0 s: 'set' marker outside the plot window, OCR value not cross-checked",5,7,7,0,0,7,4,0.95,23 Aug 12:45,200 Metres Men,23 Aug 12:45,0,"x = 1199.44 + 600.40*t (n=2107 red lines, resid SD 0.28 px)",,https://media.aws.iaaf.org/competitiondocuments/waveform/7138987/M_200_h_5.jpg,2026-09-29T08:56:40Z,WCHBudapest23Day5 AM 23 Aug 12:45 | Race : (009) 200 Metres Men | Heat:005 Attempt : 002 Ready Time : 2.193 sec
WCH2023-200m-M-R1-H6,WCH,2023,200m,M,R1,6,1,1.796,1.7954,0.6,True,True,,6,8,8,8,8,8,7,0.96,23 Aug 12:52,200 Metres Men,23 Aug 12:52,1,"x = 1199.44 + 600.40*t (n=2107 red lines, resid SD 0.28 px)",,https://media.aws.iaaf.org/competitiondocuments/waveform/7138987/M_200_h_6.jpg,2026-09-29T08:56:43Z,WCH Budapest 23 Day 5 AM 23 Aug 12:52 | Race : (009) 200 Metres Men | Heat: 006 Attempt : 001 Ready Time : 1.796 sec
WCH2023-200m-M-R1-H7,WCH,2023,200m,M,R1,7,2,1.75,1.7487,1.3,True,True,,7,7,7,7,8,8,3,0.936,23 Aug 13:01,200 Metres Men,23 Aug 13:01,1,"x = 1199.44 + 600.40*t (n=2107 red lines, resid SD 0.28 px)",,https://media.aws.iaaf.org/competitiondocuments/waveform/7138987/M_200_h_7.jpg,2026-09-29T08:56:46Z,WCH Budapest 23 Day 5 AM 23 Aug 13:01 | Race : (009) 200 Metres Men | Heat : 007 Attempt : 002 Ready Time : 1.750 sec
WCH2023-200m-M-SF-H1,WCH,2023,200m,M,SF,1,1,1.658,1.6571,0.9,True,True,,1,8,8,7,8,8,5,0.929,WCH Budapest 23 Day 6,200 Metres Men,24 Aug 20:44,1,"x = 1199.44 + 600.40*t (n=2107 red lines, resid SD 0.28 px)",,https://media.aws.iaaf.org/competitiondocuments/waveform/7138987/M_200_sf_1.jpg,2026-09-29T08:56:48Z,WCH Budapest 23 Day 6 24 Aug 20:44 | Race : (006) 200 Metres Men | Heat : 001 Attempt : 001 Ready Time : 1.658 sec
WCH2023-200m-M-SF-H2,WCH,2023,200m,M,SF,2,1,1.671,1.6696,1.4,True,True,,2,8,8,8,8,8,2,0.937,WCH Budapest 23 Day 6,200 Metres Men,24 Aug 20:29,1,"x = 1199.44 + 600.40*t (n=2107 red lines, resid SD 0.28 px)",,https://media.aws.iaaf.org/competitiondocuments/waveform/7138987/M_200_sf_2.jpg,2026-09-29T08:56:51Z,WCH Budapest 23 Day 6 24 Aug 20:29 | Race : (006) 200 Metres Men | Heat : 002 Attempt : 001 Ready Time : 1.671 sec
WCH2023-200m-M-SF-H3,WCH,2023,200m,M,SF,3,1,1.68,1.6788,1.2,True,True,,3,8,8,8,8,8,3,0.957,WCHBudapest 23Day 6,200 Metres Men,24 Aug 20:36,1,"x = 1199.44 + 600.40*t (n=2107 red lines, resid SD 0.28 px)",,https://media.aws.iaaf.org/competitiondocuments/waveform/7138987/M_200_sf_3.jpg,2026-09-29T08:56:54Z,WCHBudapest 23Day 6 24 Aug 20:36 | Race : (006) 200 Metres Men | Heat: 003 Attempt : 001 Ready Time : 1.680 sec
WCH2023-200m-W-F-H1,WCH,2023,200m,W,F,1,1,1.7,1.6988,1.2,True,True,,1,8,8,8,8,8,4,0.926,25 Aug 21:41,200 Metres Women,25 Aug 21:41,1,"x = 1199.44 + 600.40*t (n=2107 red lines, resid SD 0.28 px)",,https://media.aws.iaaf.org/competitiondocuments/waveform/7138987/W_200_f_1.jpg,2026-09-29T08:56:58Z,WCH Budapest 23 Day 7 25 Aug 21:41 | Race : (018) 200 Metres Women | Heat : 001 Attempt : 001 Ready Time : 1.700 sec
WCH2023-200m-W-R1-H1,WCH,2023,200m,W,R1,1,1,0.0,-0.0001,0.1,False,True,ready time missing/out of range,1,8,8,6,8,8,4,0.922,23 Aug 11:20,200 Metres Women,23 Aug 11:20,1,"x = 1199.44 + 600.40*t (n=2107 red lines, resid SD 0.28 px)",,https://media.aws.iaaf.org/competitiondocuments/waveform/7138987/W_200_h_1.jpg,2026-09-29T08:57:00Z,WCH Budapest 23 Day 5 AM 23 Aug 11:20 | Race : (007) 200 Metres Women | Heat : 001 Attempt : 001 Ready Time : 0.000 sec
WCH2023-200m-W-R1-H2,WCH,2023,200m,W,R1,2,1,1.922,1.9203,1.7,True,True,,2,8,8,7,8,8,3,0.924,23 Aug 11:27,200 Metres Women,23 Aug 11:27,1,"x = 1199.44 + 600.40*t (n=2107 red lines, resid SD 0.28 px)",,https://media.aws.iaaf.org/competitiondocuments/waveform/7138987/W_200_h_2.jpg,2026-09-29T08:57:02Z,WCH Budapest 23 Day 5 AM 23 Aug 11:27 | Race : (007) 200 Metres Women | Heat : 002 Attempt : 001 Ready Time : 1.922 sec
WCH2023-200m-W-R1-H3,WCH,2023,200m,W,R1,3,1,1.835,1.8337,1.3,True,True,,3,7,7,6,7,7,6,0.966,23 Aug 11:34,200 Metres Women,23 Aug 11:34,1,"x = 1199.44 + 600.40*t (n=2107 red lines, resid SD 0.28 px)",,https://media.aws.iaaf.org/competitiondocuments/waveform/7138987/W_200_h_3.jpg,2026-09-29T08:57:06Z,WCH Budapest 23 Day 5 AM 23 Aug 11:34 | Race : (007) 200 Metres Women | Heat: 003 Attempt : 001 Ready Time : 1.835 sec
WCH2023-200m-W-R1-H4,WCH,2023,200m,W,R1,4,1,1.681,1.6804,0.6,True,True,,4,6,6,7,7,6,6,0.964,23 Aug 11:40,200 Metres Women,23 Aug 11:40,1,"x = 1199.44 + 600.40*t (n=2107 red lines, resid SD 0.28 px)",,https://media.aws.iaaf.org/competitiondocuments/waveform/7138987/W_200_h_4.jpg,2026-09-29T08:57:10Z,WCH Budapest 23 Day 5 AM 23 Aug 11:40 | Race : (007) 200 Metres Women | Heat: 004 Attempt : 001 Ready Time : 1.681 Lsec
WCH2023-200m-W-R1-H5,WCH,2023,200m,W,R1,5,1,1.037,1.0359,1.1,True,True,,5,7,7,5,7,7,3,0.982,23 Aug 11:47,200 Metres Women,23 Aug 11:47,1,"x = 1199.44 + 600.40*t (n=2107 red lines, resid SD 0.28 px)",,https://media.aws.iaaf.org/competitiondocuments/waveform/7138987/W_200_h_5.jpg,2026-09-29T08:57:12Z,WCH Budapest 23 Day 5 AM 23 Aug 11:47 | Race : (007) 200 Metres Women | Heat: 005 Attempt : 001 Ready Time : 1.037 sec
WCH2023-200m-W-R1-H6,WCH,2023,200m,W,R1,6,1,1.849,1.8478,1.2,True,True,,6,8,8,7,8,8,4,0.969,23 Aug 11:54,200 Metres Women,23 Aug 11:54,1,"x = 1199.44 + 600.40*t (n=2107 red lines, resid SD 0.28 px)",,https://media.aws.iaaf.org/competitiondocuments/waveform/7138987/W_200_h_6.jpg,2026-09-29T08:57:14Z,WCH Budapest 23 Day 5 AM 23 Aug 11:54 | Race : (007) 200 Metres Women | Heat: 006 Attempt : 001 Ready Time : 1.849 sec
WCH2023-200m-W-SF-H1,WCH,2023,200m,W,SF,1,1,1.686,1.6854,0.6,True,True,,1,8,8,7,8,8,6,0.929,WCH Budapest 23 Day 6,200 Metres Women,24 Aug 19:45,1,"x = 1199.44 + 600.40*t (n=2107 red lines, resid SD 0.28 px)",,https://media.aws.iaaf.org/competitiondocuments/waveform/7138987/W_200_sf_1.jpg,2026-09-29T08:57:19Z,WCH Budapest 23 Day 6 24 Aug 19:45 | Race : (005) 200 Metres Women | Heat : 001 Attempt : 001 Ready Time : 1.686 sec
WCH2023-200m-W-SF-H2,WCH,2023,200m,W,SF,2,1,1.523,1.5222,0.8,True,True,,2,8,8,8,8,8,9,0.937,WCH Budapest 23 Day 6,200 Metres Women,24 Aug 19:55,1,"x = 1199.44 + 600.40*t (n=2107 red lines, resid SD 0.28 px)",,https://media.aws.iaaf.org/competitiondocuments/waveform/7138987/W_200_sf_2.jpg,2026-09-29T08:57:20Z,WCH Budapest 23 Day 6 24 Aug 19:55 | Race : (005) 200 Metres Women | Heat : 002 Attempt : 001 Ready Time : 1.523 sec
WCH2023-200m-W-SF-H3,WCH,2023,200m,W,SF,3,1,1.607,1.6055,1.5,True,True,,3,8,8,7,8,8,3,0.966,WCHBudapest 23Day 6,200 Metres Women,24 Aug 20:03,1,"x = 1199.44 + 600.40*t (n=2107 red lines, resid SD 0.28 px)",,https://media.aws.iaaf.org/competitiondocuments/waveform/7138987/W_200_sf_3.jpg,2026-09-29T08:57:23Z,WCHBudapest 23Day 6 24 Aug 20:03 | Race : (005) 200 Metres Women | Heat: 003 Attempt : 001 Ready Time : 1.607 sec
WCH2025-100m-M-F-H1,WCH,2025,100m,M,F,1,2,1.81,1.8087,1.3,True,True,,1,7,7,8,8,7,7,0.917,14 Sep 22:24,100 Metres Men,14 Sep 22:24,1,"x = 1199.44 + 600.40*t (n=2107 red lines, resid SD 0.28 px)",,https://media.aws.iaaf.org/competitiondocuments/waveform/7190593/M_100_f_1.jpg,2026-09-29T06:45:31Z,WCH Tokyo25 DAY2 PM V2 14 Sep 22:24 | Race : (015) 100 Metres Men | Heat : 001 Attempt : 002 Ready Time : 1.810 sec
WCH2025-100m-M-PR-H1,WCH,2025,100m,M,PR,1,1,0.846,0.846,0.0,True,True,unusually short hold (< 1.0 s),1,9,9,8,8,9,2,0.925,13 Sep 11:12,100 Metres Men,13 Sep 11:12,1,"x = 1199.44 + 600.40*t (n=2107 red lines, resid SD 0.28 px)",,https://media.aws.iaaf.org/competitiondocuments/waveform/7190593/M_100_pr_1.jpg,2026-09-29T06:48:20Z,WCH Tokyo25 DAY1 AM 13 Sep 11:12 | Race :(005) 100 Metres Men | Heat : 001 Attempt : 001 Ready Time : 0.846 sec
WCH2025-100m-M-PR-H2,WCH,2025,100m,M,PR,2,1,1.648,1.6471,0.9,True,True,,2,8,8,8,8,8,4,0.932,13 Sep 11:19,100 Metres Men,13 Sep 11:19,1,"x = 1199.44 + 600.40*t (n=2107 red lines, resid SD 0.28 px)",,https://media.aws.iaaf.org/competitiondocuments/waveform/7190593/M_100_pr_2.jpg,2026-09-29T06:48:39Z,WCH Tokyo25 DAY1 AM 13 Sep 11:19 | Race :(005) 100 Metres Men | Heat : 002 Attempt : 001 Ready Time : 1.648 sec
WCH2025-100m-M-PR-H3,WCH,2025,100m,M,PR,3,1,1.648,1.6471,0.9,True,True,,3,8,8,7,7,8,"4,5",0.952,13 Sep 11:26,100 Metres Men,13 Sep 11:26,1,"x = 1199.44 + 600.40*t (n=2107 red lines, resid SD 0.28 px)",,https://media.aws.iaaf.org/competitiondocuments/waveform/7190593/M_100_pr_3.jpg,2026-09-29T06:49:02Z,WCH Tokyo25 DAY1 AM 13 Sep 11:26 | Race :(005) 100 Metres Men | Heat: 003 Attempt : 001 Ready Time : 1.648 sec
WCH2025-100m-M-R1-H1,WCH,2025,100m,M,R1,1,1,1.43,1.4289,1.1,True,True,,1,8,8,7,7,8,4,0.955,13 Sep 20:36,100 Metres Men,13 Sep 20:36,1,"x = 1199.44 + 600.40*t (n=2107 red lines, resid SD 0.28 px)",,https://media.aws.iaaf.org/competitiondocuments/waveform/7190593/M_100_h_1.jpg,2026-09-29T06:46:05Z,WCH Tokyo25 DAY1 PM 13 Sep 20:36 | Race : (012) 100 Metres Men | Heat : 001 Attempt : 001 Ready Time : 1.430 sec
WCH2025-100m-M-R1-H2,WCH,2025,100m,M,R1,2,1,1.46,1.4589,1.1,True,True,,2,8,8,8,8,8,2,0.931,13 Sep 20:43,100 Metres Men,13 Sep 20:43,1,"x = 1199.44 + 600.40*t (n=2107 red lines, resid SD 0.28 px)",,https://media.aws.iaaf.org/competitiondocuments/waveform/7190593/M_100_h_2.jpg,2026-09-29T06:46:20Z,WCH Tokyo25 DAY1 PM 13 Sep 20:43 | Race : (012) 100 Metres Men | Heat : 002 Attempt : 001 Ready Time : 1.460 sec
WCH2025-100m-M-R1-H3,WCH,2025,100m,M,R1,3,1,1.717,1.7154,1.6,True,True,,3,8,8,8,8,8,4,0.952,13 Sep 20:50,100 Metres Men,13 Sep 20:50,1,"x = 1199.44 + 600.40*t (n=2107 red lines, resid SD 0.28 px)",,https://media.aws.iaaf.org/competitiondocuments/waveform/7190593/M_100_h_3.jpg,2026-09-29T06:46:34Z,WCH Tokyo25 DAY1 PM 13 Sep 20:50 | Race : (012) 100 Metres Men | Heat: 003 Attempt : 001 Ready Time : 1.717 sec
WCH2025-100m-M-R1-H4,WCH,2025,100m,M,R1,4,1,1.837,1.8353,1.7,True,True,,4,8,8,8,8,8,4,0.958,13 Sep 20:57,100 Metres Men,13 Sep 20:57,1,"x = 1199.44 + 600.40*t (n=2107 red lines, resid SD 0.28 px)",,https://media.aws.iaaf.org/competitiondocuments/waveform/7190593/M_100_h_4.jpg,2026-09-29T06:46:55Z,WCH Tokyo25 DAY1 PM 13 Sep 20:57 | Race : (012) 100 Metres Men | Heat: 004 Attempt : 001 Ready Time : 1.837 sec
WCH2025-100m-M-R1-H5,WCH,2025,100m,M,R1,5,1,1.601,1.6005,0.5,True,True,,5,8,8,8,8,8,3,0.936,13 Sep 21:04,100 Metres Men,13 Sep 21:04,1,"x = 1199.44 + 600.40*t (n=2107 red lines, resid SD 0.28 px)",,https://media.aws.iaaf.org/competitiondocuments/waveform/7190593/M_100_h_5.jpg,2026-09-29T06:47:25Z,WCH Tokyo25 DAY1 PM 13 Sep 21:04 | Race : (012) 100 Metres Men | Heat : 005 Attempt : 001 Ready Time : 1.601 sec
WCH2025-100m-M-R1-H6,WCH,2025,100m,M,R1,6,2,1.82,1.8187,1.3,True,True,,6,8,8,8,8,8,3,0.975,13 Sep 21:19,100 Metres Men,13 Sep 21:19,1,"x = 1199.44 + 600.40*t (n=2107 red lines, resid SD 0.28 px)",,https://media.aws.iaaf.org/competitiondocuments/waveform/7190593/M_100_h_6.jpg,2026-09-29T06:47:42Z,WCH Tokyo25 DAY1 PM 13 Sep 21:19 | Race : (012) 100 Metres Men | Heat: 006 Attempt : 002 Ready Time : 1.820 sec
WCH2025-100m-M-R1-H7,WCH,2025,100m,M,R1,7,1,1.974,1.9719,2.1,True,True,,7,8,8,8,8,8,3,0.926,13 Sep 21:25,100 Metres Men,13 Sep 21:25,1,"x = 1199.44 + 600.40*t (n=2107 red lines, resid SD 0.28 px)",,https://media.aws.iaaf.org/competitiondocuments/waveform/7190593/M_100_h_7.jpg,2026-09-29T06:48:04Z,WCH Tokyo25 DAY1 PM 13 Sep 21:25 | Race : (012) 100 Metres Men | Heat : 007 Attempt : 001 Ready Time : 1.974 sec
WCH2025-100m-M-SF-H1,WCH,2025,100m,M,SF,1,1,1.343,1.3423,0.7,True,True,,1,8,8,8,8,8,2,0.926,14 Sep 20:47,100 Metres Men,14 Sep 20:47,1,"x = 1199.44 + 600.40*t (n=2107 red lines, resid SD 0.28 px)",,https://media.aws.iaaf.org/competitiondocuments/waveform/7190593/M_100_sf_1.jpg,2026-09-29T06:49:29Z,WCH Tokyo25 DAY2 PM 14 Sep 20:47 | Race : (011) 100 Metres Men | Heat : 001 Attempt : 001 Ready Time : 1.343 sec
WCH2025-100m-M-SF-H2,WCH,2025,100m,M,SF,2,1,1.504,1.5022,1.8,True,True,,2,8,8,8,8,8,6,0.902,14 Sep 20:54,100 Metres Men,14 Sep 20:54,1,"x = 1199.44 + 600.40*t (n=2107 red lines, resid SD 0.28 px)",,https://media.aws.iaaf.org/competitiondocuments/waveform/7190593/M_100_sf_2.jpg,2026-09-29T06:50:03Z,WCH Tokyo25 DAY2 PM 14 Sep 20:54 | Race : (011) 100 Metres Men | Heat : 002 Attempt : 001 Ready Time : 1.504 sec
WCH2025-100m-M-SF-H3,WCH,2025,100m,M,SF,3,2,1.952,1.9503,1.7,True,True,,3,8,8,8,8,8,3,0.982,14 Sep 21:03,100 Metres Men,14 Sep 21:03,1,"x = 1199.44 + 600.40*t (n=2107 red lines, resid SD 0.28 px)",,https://media.aws.iaaf.org/competitiondocuments/waveform/7190593/M_100_sf_3.jpg,2026-09-29T06:50:16Z,WCH Tokyo25 DAY2 PM 14 Sep 21:03 | Race : (011) 100 Metres Men | Heat: 003 Attempt : 002 Ready Time : 1.952 sec
WCH2025-100m-W-F-H1,WCH,2025,100m,W,F,1,1,1.62,1.6188,1.2,True,True,,1,8,8,8,8,8,5,0.917,14 Sep 22:14,100 Metres Women,14 Sep 22:14,1,"x = 1199.44 + 600.40*t (n=2107 red lines, resid SD 0.28 px)",,https://media.aws.iaaf.org/competitiondocuments/waveform/7190593/W_100_f_1.jpg,2026-09-29T06:59:11Z,WCH Tokyo25 DAY2 PM V2 14 Sep 22:14 | Race : (014) 100 Metres Women | Heat : 001 Attempt : 001 Ready Time : 1.620 sec
WCH2025-100m-W-R1-H1,WCH,2025,100m,W,R1,1,1,0.103,0.1032,-0.2,False,True,ready time missing/out of range,1,9,9,9,9,9,4,0.927,13 Sep 18:56,100 Metres Women,13 Sep 18:56,1,"x = 1199.44 + 600.40*t (n=2107 red lines, resid SD 0.28 px)",,https://media.aws.iaaf.org/competitiondocuments/waveform/7190593/W_100_h_1.jpg,2026-09-29T06:59:25Z,WCH Tokyo25 DAY1 PM 13 Sep 18:56 | Race : (009) 100 Metres Women | Heat : 001 Attempt : 001 Ready Time : 0.103 sec
WCH2025-100m-W-R1-H2,WCH,2025,100m,W,R1,2,1,1.76,1.7587,1.3,True,True,,2,9,9,7,9,9,4,0.931,13 Sep 19:03,100 Metres Women,13 Sep 19:03,1,"x = 1199.44 + 600.40*t (n=2107 red lines, resid SD 0.28 px)",,https://media.aws.iaaf.org/competitiondocuments/waveform/7190593/W_100_h_2.jpg,2026-09-29T07:00:05Z,WCH Tokyo25 DAY1 PM 13 Sep 19:03 | Race : (009) 100 Metres Women | Heat : 002 Attempt : 001 Ready Time : 1.760 sec
WCH2025-100m-W-R1-H3,WCH,2025,100m,W,R1,3,1,1.667,1.6655,1.5,True,True,,3,8,8,7,8,8,"2,5",0.966,13 Sep 19:10,100 Metres Women,13 Sep 19:10,1,"x = 1199.44 + 600.40*t (n=2107 red lines, resid SD 0.28 px)",,https://media.aws.iaaf.org/competitiondocuments/waveform/7190593/W_100_h_3.jpg,2026-09-29T07:00:50Z,WCH Tokyo25 DAY1 PM 13 Sep 19:10 | Race : (009) 100 Metres Women | Heat: 003 Attempt : 001 Ready Time : 1.667 sec
WCH2025-100m-W-R1-H4,WCH,2025,100m,W,R1,4,1,1.169,1.1675,1.5,True,True,,4,9,9,8,9,9,3,0.964,13 Sep 19:17,100 Metres Women,13 Sep 19:17,1,"x = 1199.44 + 600.40*t (n=2107 red lines, resid SD 0.28 px)",,https://media.aws.iaaf.org/competitiondocuments/waveform/7190593/W_100_h_4.jpg,2026-09-29T07:02:33Z,WCH Tokyo25 DAY1 PM 13 Sep 19:17 | Race : (009) 100 Metres Women | Heat: 004 Attempt : 001 Ready Time : 1.169 sec
WCH2025-100m-W-R1-H5,WCH,2025,100m,W,R1,5,1,1.868,1.867,1.0,True,True,,5,8,8,7,9,8,2,0.936,13 Sep 19:24,100 Metres Women,13 Sep 19:24,1,"x = 1199.44 + 600.40*t (n=2107 red lines, resid SD 0.28 px)",,https://media.aws.iaaf.org/competitiondocuments/waveform/7190593/W_100_h_5.jpg,2026-09-29T07:02:38Z,WCH Tokyo25 DAY1 PM 13 Sep 19:24 | Race : (009) 100 Metres Women | Heat : 005 Attempt : 001 Ready Time : 1.868 sec
WCH2025-100m-W-R1-H6,WCH,2025,100m,W,R1,6,1,1.21,1.2091,0.9,True,True,,6,9,9,8,9,9,3,0.969,13 Sep 19:31,100 Metres Women,13 Sep 19:31,1,"x = 1199.44 + 600.40*t (n=2107 red lines, resid SD 0.28 px)",,https://media.aws.iaaf.org/competitiondocuments/waveform/7190593/W_100_h_6.jpg,2026-09-29T07:02:46Z,WCH Tokyo25 DAY1 PM 13 Sep 19:31 | Race : (009) 100 Metres Women | Heat: 006 Attempt : 001 Ready Time : 1.210 sec
WCH2025-100m-W-R1-H7,WCH,2025,100m,W,R1,7,1,2.129,,,True,False,"hold > 2.0 s: 'set' marker outside the plot window, OCR value not cross-checked",7,8,8,7,8,8,4,0.942,13 Sep 19:38,100 Metres Women,13 Sep 19:38,0,"x = 1199.44 + 600.40*t (n=2107 red lines, resid SD 0.28 px)",,https://media.aws.iaaf.org/competitiondocuments/waveform/7190593/W_100_h_7.jpg,2026-09-29T07:03:04Z,WCH Toky025 DAY1 PM 13 Sep 19:38 | Race : (009) 100 Metres Women | Heat : 007 Attempt : 001 Ready Time : 2.129 sec
WCH2025-100m-W-SF-H1,WCH,2025,100m,W,SF,1,2,0.0,-0.0001,0.1,False,True,ready time missing/out of range,1,8,8,7,8,8,3,0.927,14 Sep 20:24,100 Metres Women,14 Sep 20:24,1,"x = 1199.44 + 600.40*t (n=2107 red lines, resid SD 0.28 px)",,https://media.aws.iaaf.org/competitiondocuments/waveform/7190593/W_100_sf_1.jpg,2026-09-29T07:03:09Z,WCH Tokyo25 DAY2 PM 14 Sep 20:24 | Race : (009) 100 Metres Women | Heat : 001 Attempt : 002 Ready Time : 0.000 sec
WCH2025-100m-W-SF-H2,WCH,2025,100m,W,SF,2,1,1.414,1.4123,1.7,True,True,,2,8,8,8,8,8,3,0.931,14 Sep 20:30,100 Metres Women,14 Sep 20:30,1,"x = 1199.44 + 600.40*t (n=2107 red lines, resid SD 0.28 px)",,https://media.aws.iaaf.org/competitiondocuments/waveform/7190593/W_100_sf_2.jpg,2026-09-29T07:03:19Z,WCH Tokyo25 DAY2 PM 14 Sep 20:30 | Race : (009) 100 Metres Women | Heat: 002 Attempt : 001 Ready Time : 1.414 sec
WCH2025-100m-W-SF-H3,WCH,2025,100m,W,SF,3,1,1.661,1.6613,-0.3,True,True,,3,8,8,7,8,8,4,0.966,14 Sep 20:36,100 Metres Women,14 Sep 20:36,1,"x = 1199.44 + 600.40*t (n=2107 red lines, resid SD 0.28 px)",,https://media.aws.iaaf.org/competitiondocuments/waveform/7190593/W_100_sf_3.jpg,2026-09-29T07:03:24Z,WCH Tokyo25 DAY2 PM 14 Sep 20:36 | Race : (009) 100 Metres Women | Heat: 003 Attempt : 001 Ready Time : 1.661 sec
WCH2025-100mH-W-F-H1,WCH,2025,100mH,W,F,1,1,1.681,1.6804,0.6,True,True,,1,8,8,8,8,8,2,0.936,15 Sep 22:22,100 Metres HurdlesWomen,15 Sep 22:22,1,"x = 1199.44 + 600.40*t (n=2107 red lines, resid SD 0.28 px)",,https://media.aws.iaaf.org/competitiondocuments/waveform/7190593/W_100H_f_1.jpg,2026-09-29T06:54:58Z,WCH Tokyo25 DAY3 PM v2 15 Sep 22:22 | Race :(014) 100 Metres HurdlesWomen | Heat: 001 Attempt : 001 Ready Time : 1.681 sec
WCH2025-100mH-W-R1-H1,WCH,2025,100mH,W,R1,1,1,1.996,1.9944,1.6,True,True,,1,7,7,5,7,7,3,0.925,WCH Tokyo25 DAY2 AM,100 Metres Hurdles Women,14 Sep 11:06,1,"x = 1199.44 + 600.40*t (n=2107 red lines, resid SD 0.28 px)",,https://media.aws.iaaf.org/competitiondocuments/waveform/7190593/W_100H_h_1.jpg,2026-09-29T06:55:32Z,WCH Tokyo25 DAY2 AM 14 Sep 11:06 | Race :(004) 100 Metres Hurdles Women | Heat : 001 Attempt : 001 Ready Time : 1.996 sec
WCH2025-100mH-W-R1-H2,WCH,2025,100mH,W,R1,2,1,1.9,1.8986,1.4,True,True,,2,8,8,8,8,8,6,0.929,WCH Tokyo25 DAY2 AM,100 Metres Hurdles Women,14 Sep 11:13,1,"x = 1199.44 + 600.40*t (n=2107 red lines, resid SD 0.28 px)",,https://media.aws.iaaf.org/competitiondocuments/waveform/7190593/W_100H_h_2.jpg,2026-09-29T06:55:54Z,WCH Tokyo25 DAY2 AM 14 Sep 11:13 | Race :(004) 100 Metres Hurdles Women | Heat : 002 Attempt : 001 Ready Time : 1.900 sec
WCH2025-100mH-W-R1-H3,WCH,2025,100mH,W,R1,3,1,2.088,,,True,False,"hold > 2.0 s: 'set' marker outside the plot window, OCR value not cross-checked",3,7,7,8,8,7,5,0.957,14 Sep 11:20,100 Metres HurdlesWomen,14 Sep 11:20,0,"x = 1199.44 + 600.40*t (n=2107 red lines, resid SD 0.28 px)",,https://media.aws.iaaf.org/competitiondocuments/waveform/7190593/W_100H_h_3.jpg,2026-09-29T06:56:15Z,WCH Tokyo25 DAY2 AM 14 Sep 11:20 | Race :(004) 100 Metres HurdlesWomen | Heat : 003 Attempt : 001 Ready Time : 2.088 sec
WCH2025-100mH-W-R1-H4,WCH,2025,100mH,W,R1,4,1,1.856,1.8553,0.7,True,True,,4,8,8,8,8,8,2,0.969,14 Sep 11:27,100 Metres HurdlesWomen,14 Sep 11:27,1,"x = 1199.44 + 600.40*t (n=2107 red lines, resid SD 0.28 px)",,https://media.aws.iaaf.org/competitiondocuments/waveform/7190593/W_100H_h_4.jpg,2026-09-29T06:56:40Z,WCH Tokyo25 DAY2 AM 14 Sep 11:27 | Race :(004) 100 Metres HurdlesWomen | Heat: 004 Attempt : 001 Ready Time : 1.856 sec
WCH2025-100mH-W-R1-H5,WCH,2025,100mH,W,R1,5,1,1.349,1.3465,2.5,True,True,,5,7,7,5,7,7,8,0.936,WCH Tokyo25 DAY2 AM,100 Metres Hurdles Women,14 Sep 11:34,1,"x = 1199.44 + 600.40*t (n=2107 red lines, resid SD 0.28 px)",,https://media.aws.iaaf.org/competitiondocuments/waveform/7190593/W_100H_h_5.jpg,2026-09-29T06:57:12Z,WCH Tokyo25 DAY2 AM 14 Sep 11:34 | Race :(004) 100 Metres Hurdles Women | Heat : 005 Attempt : 001 Ready Time : 1.349 sec
WCH2025-100mH-W-R1-H6,WCH,2025,100mH,W,R1,6,1,1.661,1.6613,-0.3,True,True,,6,7,7,6,7,7,9,0.973,14Sep11:41,100 Metres HurdlesWomen,,1,"x = 1199.44 + 600.40*t (n=2107 red lines, resid SD 0.28 px)",,https://media.aws.iaaf.org/competitiondocuments/waveform/7190593/W_100H_h_6.jpg,2026-09-29T06:57:52Z,WCH Tokyo25 DAY2 AM 14Sep11:41 | Race :(004) 100 Metres HurdlesWomen | Heat: 006 Attempt : 001 Ready Time : 1.661 sec
WCH2025-100mH-W-SF-H1,WCH,2025,100mH,W,SF,1,2,1.668,1.6663,1.7,True,True,,1,7,7,7,8,7,3,0.925,15 Sep 21:08,100 Metres Hurdles Women,15 Sep 21:08,1,"x = 1199.44 + 600.40*t (n=2107 red lines, resid SD 0.28 px)",,https://media.aws.iaaf.org/competitiondocuments/waveform/7190593/W_100H_sf_1.jpg,2026-09-29T06:58:16Z,WCH Tokyo25 DAY3 AM 15 Sep 21:08 | Race : (011) 100 Metres Hurdles Women | Heat : 001 Attempt : 002 Ready Time : 1.668 sec
WCH2025-100mH-W-SF-H2,WCH,2025,100mH,W,SF,2,1,1.266,1.2657,0.3,True,True,,2,8,8,8,8,8,2,0.929,15 Sep 21:14,100 Metres Hurdles Women,15 Sep 21:14,1,"x = 1199.44 + 600.40*t (n=2107 red lines, resid SD 0.28 px)",,https://media.aws.iaaf.org/competitiondocuments/waveform/7190593/W_100H_sf_2.jpg,2026-09-29T06:58:32Z,WCH Tokyo25 DAY3 AM 15 Sep 21:14 | Race : (011) 100 Metres Hurdles Women | Heat : 002 Attempt : 001 Ready Time : 1.266 sec
WCH2025-100mH-W-SF-H3,WCH,2025,100mH,W,SF,3,1,1.578,1.5772,0.8,True,True,,3,8,8,7,8,8,5,0.957,15 Sep 21:21,100 Metres Hurdles Women,15 Sep 21:21,1,"x = 1199.44 + 600.40*t (n=2107 red lines, resid SD 0.28 px)",,https://media.aws.iaaf.org/competitiondocuments/waveform/7190593/W_100H_sf_3.jpg,2026-09-29T06:58:54Z,WCH Tokyo25 DAY3 AM 15 Sep 21:21 | Race : (011) 100 Metres Hurdles Women | Heat : 003 Attempt : 001 Ready Time : 1.578 sec
WCH2025-110mH-M-F-H1,WCH,2025,110mH,M,F,1,1,1.384,1.3823,1.7,True,True,,1,8,8,8,8,8,9,0.947,16 Sep 22:25,110 Metres Hurdles Men,16 Sep 22:25,1,"x = 1199.44 + 600.40*t (n=2107 red lines, resid SD 0.28 px)",,https://media.aws.iaaf.org/competitiondocuments/waveform/7190593/M_110H_f_1.jpg,2026-09-29T06:50:48Z,WCH Toky025 DAY4 PM v3 16 Sep 22:25 | Race:(009) 110 Metres Hurdles Men | Heat: 001 Attempt : 001 Ready Time : 1.384 sec
WCH2025-110mH-M-R1-H1,WCH,2025,110mH,M,R1,1,1,2.301,,,True,False,"hold > 2.0 s: 'set' marker outside the plot window, OCR value not cross-checked",1,8,8,6,7,8,5,0.925,15 Sep 20:24,110 Metres Hurdles Men,15 Sep 20:24,0,"x = 1199.44 + 600.40*t (n=2107 red lines, resid SD 0.28 px)",,https://media.aws.iaaf.org/competitiondocuments/waveform/7190593/M_110H_h_1.jpg,2026-09-29T06:51:11Z,WCH Tokyo25 DAY3 AM 15 Sep 20:24 | Race :(009) 110 Metres Hurdles Men | Heat : 001 Attempt : 001 Ready Time : 2.301 sec
WCH2025-110mH-M-R1-H2,WCH,2025,110mH,M,R1,2,1,1.681,1.6804,0.6,True,True,,2,8,8,7,8,8,8,0.97,15 Sep 20:31,110 Metres Hurdles Men,15 Sep 20:31,1,"x = 1199.44 + 600.40*t (n=2107 red lines, resid SD 0.28 px)",,https://media.aws.iaaf.org/competitiondocuments/waveform/7190593/M_110H_h_2.jpg,2026-09-29T06:51:46Z,WCH Tokyo25 DAY3 AM 15 Sep 20:31 | Race :(009) 110 Metres Hurdles Men | Heat:002 Attempt : 001 Ready Time : 1.681 sec
WCH2025-110mH-M-R1-H3,WCH,2025,110mH,M,R1,3,1,1.691,1.6904,0.6,True,True,,3,8,8,7,8,8,6,0.956,15 Sep 20:38,110 Metres Hurdles Men,15 Sep 20:38,1,"x = 1199.44 + 600.40*t (n=2107 red lines, resid SD 0.28 px)",,https://media.aws.iaaf.org/competitiondocuments/waveform/7190593/M_110H_h_3.jpg,2026-09-29T06:52:17Z,WCH Tokyo25 DAY3 AM 15 Sep 20:38 | Race :(009) 110 Metres Hurdles Men | Heat : 003 Attempt : 001 Ready Time : 1.691 sec
WCH2025-110mH-M-R1-H4,WCH,2025,110mH,M,R1,4,1,1.981,1.9794,1.6,True,True,,4,9,9,9,9,9,2,0.964,15 Sep20:46,110 Metres Hurdles Men,,1,"x = 1199.44 + 600.40*t (n=2107 red lines, resid SD 0.28 px)",,https://media.aws.iaaf.org/competitiondocuments/waveform/7190593/M_110H_h_4.jpg,2026-09-29T06:52:30Z,WCH Tokyo25 DAY3 AM 15 Sep20:46 | Race :(009) 110 Metres Hurdles Men | Heat: 004 Attempt : 001 Ready Time : 1.981 sec
WCH2025-110mH-M-R1-H5,WCH,2025,110mH,M,R1,5,1,1.621,1.6205,0.5,True,True,,5,9,9,9,9,9,5,0.936,15 Sep 20:54,110 Metres Hurdles Men,15 Sep 20:54,1,"x = 1199.44 + 600.40*t (n=2107 red lines, resid SD 0.28 px)",,https://media.aws.iaaf.org/competitiondocuments/waveform/7190593/M_110H_h_5.jpg,2026-09-29T06:52:49Z,WCH Tokyo25 DAY3 AM 15 Sep 20:54 | Race :(009) 110 Metres Hurdles Men | Heat : 005 Attempt : 001 Ready Time : 1.621 sec
WCH2025-110mH-M-SF-H1,WCH,2025,110mH,M,SF,1,1,1.984,1.9819,2.1,True,True,,1,8,8,7,7,8,2,0.947,16 Sep20:42,110 Metres Hurdles Men,,1,"x = 1199.44 + 600.40*t (n=2107 red lines, resid SD 0.28 px)",,https://media.aws.iaaf.org/competitiondocuments/waveform/7190593/M_110H_sf_1.jpg,2026-09-29T06:53:15Z,WCH Toky025 DAY4PM v1 16 Sep20:42 | Race:(004) 110 Metres Hurdles Men | Heat: 001 Attempt : 001 Ready Time : 1.984 sec
WCH2025-110mH-M-SF-H2,WCH,2025,110mH,M,SF,2,1,1.54,1.5389,1.1,True,True,,2,8,8,8,8,8,8,0.909,16 Sep 20:48,110 Metres Hurdles Men,16 Sep 20:48,1,"x = 1199.44 + 600.40*t (n=2107 red lines, resid SD 0.28 px)",,https://media.aws.iaaf.org/competitiondocuments/waveform/7190593/M_110H_sf_2.jpg,2026-09-29T06:53:44Z,WCH Toky025 DAY4PM v1 16 Sep 20:48 | Race:(004) 110 Metres Hurdles Men | Heat : 002 Attempt : 001 Ready Time : 1.540 sec
WCH2025-110mH-M-SF-H3,WCH,2025,110mH,M,SF,3,1,1.426,1.4256,0.4,True,True,,3,7,7,7,8,7,3,0.956,16Sep20:55,110 Metres Hurdles Men,,1,"x = 1199.44 + 600.40*t (n=2107 red lines, resid SD 0.28 px)",,https://media.aws.iaaf.org/competitiondocuments/waveform/7190593/M_110H_sf_3.jpg,2026-09-29T06:54:17Z,WCH Toky025 DAY4PM v1 16Sep20:55 | Race:(004) 110 Metres Hurdles Men | Heat : 003 Attempt : 001 Ready Time : 1.426 sec
WCH2025-200m-M-F-H1,WCH,2025,200m,M,F,1,1,1.256,1.2557,0.3,True,True,,1,8,8,0,0,8,9,0.918,19 Sep 22:08,200 Metres Men,19 Sep 22:08,1,"x = 1199.44 + 600.40*t (n=2107 red lines, resid SD 0.28 px)",,https://media.aws.iaaf.org/competitiondocuments/waveform/7190593/M_200_f_1.jpg,2026-09-29T08:57:25Z,WCH Tokyo25 DAY7 PM v2 19 Sep 22:08 | Race : (011) 200 Metres Men | Heat : 001 Attempt : 001 Ready Time : 1.256 sec
WCH2025-200m-M-R1-H1,WCH,2025,200m,M,R1,1,1,1.84,1.8387,1.3,True,True,,1,8,8,8,8,8,8,0.915,17 Sep 20:17,200 Metres Men,17 Sep 20:17,1,"x = 1199.44 + 600.40*t (n=2107 red lines, resid SD 0.28 px)",,https://media.aws.iaaf.org/competitiondocuments/waveform/7190593/M_200_h_1.jpg,2026-09-29T08:57:28Z,WCH Tokyo25 DAY5 PM v1 17 Sep 20:17 | Race : (005) 200 Metres Men | Heat : 001 Attempt : 001 Ready Time : 1.840 sec
WCH2025-200m-M-R1-H2,WCH,2025,200m,M,R1,2,1,1.904,1.902,2.0,True,True,,2,8,8,8,8,8,8,0.959,17 Sep 20:24,200 Metres Men,17 Sep 20:24,1,"x = 1199.44 + 600.40*t (n=2107 red lines, resid SD 0.28 px)",,https://media.aws.iaaf.org/competitiondocuments/waveform/7190593/M_200_h_2.jpg,2026-09-29T08:57:31Z,WCH Tokyo25 DAY5 PM v1 17 Sep 20:24 | Race : (005) 200 Metres Men | Heat: 002 Attempt : 001 Ready Time : 1.904 sec
WCH2025-200m-M-R1-H3,WCH,2025,200m,M,R1,3,2,1.768,1.7679,0.1,True,True,,3,9,9,9,9,9,2,0.981,17 Sep 20:33,200 Metres Men,17 Sep 20:33,1,"x = 1199.44 + 600.40*t (n=2107 red lines, resid SD 0.28 px)",,https://media.aws.iaaf.org/competitiondocuments/waveform/7190593/M_200_h_3.jpg,2026-09-29T08:57:34Z,WCH Tokyo25 DAY5 PM v1 17 Sep 20:33 | Race : (005) 200 Metres Men | Heat: 003 Attempt : 002 Ready Time : 1.768 sec
WCH2025-200m-M-R1-H4,WCH,2025,200m,M,R1,4,1,1.87,1.8687,1.3,True,True,,4,8,8,8,9,8,7,0.959,17 Sep 20:39,200 Metres Men,17 Sep 20:39,1,"x = 1199.44 + 600.40*t (n=2107 red lines, resid SD 0.28 px)",,https://media.aws.iaaf.org/competitiondocuments/waveform/7190593/M_200_h_4.jpg,2026-09-29T08:57:36Z,WCH Tokyo25 DAY5 PM v1 17 Sep 20:39 | Race : (005) 200 Metres Men | Heat: 004 Attempt : 001 Ready Time : 1.870 sec
WCH2025-200m-M-R1-H5,WCH,2025,200m,M,R1,5,1,1.473,1.4723,0.7,True,True,,5,9,9,8,9,9,8,0.978,17 Sep 20:45,200 Metres Men,17 Sep 20:45,1,"x = 1199.44 + 600.40*t (n=2107 red lines, resid SD 0.28 px)",,https://media.aws.iaaf.org/competitiondocuments/waveform/7190593/M_200_h_5.jpg,2026-09-29T08:57:39Z,WCH Tokyo25 DAY5 PM v1 17 Sep 20:45 | Race : (005) 200 Metres Men | Heat: 005 Attempt : 001 Ready Time : 1.473 sec
WCH2025-200m-M-R1-H6,WCH,2025,200m,M,R1,6,1,1.762,1.7604,1.6,True,True,,6,9,9,7,9,9,4,0.961,17 Sep 20:56,200 Metres Men,17 Sep 20:56,1,"x = 1199.44 + 600.40*t (n=2107 red lines, resid SD 0.28 px)",,https://media.aws.iaaf.org/competitiondocuments/waveform/7190593/M_200_h_6.jpg,2026-09-29T08:57:42Z,WCH Tokyo25 DAY5 PM v1 17 Sep 20:56 | Race : (005) 200 Metres Men | Heat: 006 Attempt : 001 Ready Time : 1.762 sec
WCH2025-200m-M-SF-H1,WCH,2025,200m,M,SF,1,1,1.72,1.7188,1.2,True,True,,1,8,8,8,8,8,8,0.915,18 Sep 21:04,200 Metres Men,18 Sep 21:04,1,"x = 1199.44 + 600.40*t (n=2107 red lines, resid SD 0.28 px)",,https://media.aws.iaaf.org/competitiondocuments/waveform/7190593/M_200_sf_1.jpg,2026-09-29T08:57:45Z,WCH Toky025 DAY6 PM v1 18 Sep 21:04 | Race : (006) 200 Metres Men | Heat : 001 Attempt : 001 Ready Time : 1.720 sec
WCH2025-200m-M-SF-H2,WCH,2025,200m,M,SF,2,1,1.829,1.8262,2.8,True,True,,2,8,8,8,8,8,9,0.959,18 Sep 21:10,200 Metres Men,18 Sep 21:10,1,"x = 1199.44 + 600.40*t (n=2107 red lines, resid SD 0.28 px)",,https://media.aws.iaaf.org/competitiondocuments/waveform/7190593/M_200_sf_2.jpg,2026-09-29T08:57:49Z,WCH Toky025 DAY6 PM v1 18 Sep 21:10 | Race : (006) 200 Metres Men | Heat: 002 Attempt : 001 Ready Time : 1.829 sec
WCH2025-200m-M-SF-H3,WCH,2025,200m,M,SF,3,1,1.665,1.6638,1.2,True,True,,3,8,8,8,8,8,5,0.957,18 Sep 21:18,200 Metres Men,18 Sep 21:18,1,"x = 1199.44 + 600.40*t (n=2107 red lines, resid SD 0.28 px)",,https://media.aws.iaaf.org/competitiondocuments/waveform/7190593/M_200_sf_3.jpg,2026-09-29T08:57:51Z,WCH Toky025 DAY6 PM v1 18 Sep 21:18 | Race : (006) 200 Metres Men | Heat: 003 Attempt : 001 Ready Time : 1.665 sec
WCH2025-200m-W-F-H1,WCH,2025,200m,W,F,1,2,1.674,1.6721,1.9,True,True,,1,8,8,0,0,8,9,0.952,19 Sep 22:26,200 Metres Women,19 Sep 22:26,1,"x = 1199.44 + 600.40*t (n=2107 red lines, resid SD 0.28 px)",,https://media.aws.iaaf.org/competitiondocuments/waveform/7190593/W_200_f_1.jpg,2026-09-29T08:57:55Z,WCH Tokyo25 DAY7 PM v2 19 Sep 22:26 | Race : (012) 200 Metres Women | Heat: 001 Attempt : 002 Ready Time : 1.674 sec
WCH2025-200m-W-R1-H1,WCH,2025,200m,W,R1,1,1,1.824,1.822,2.0,True,True,,1,8,8,7,8,8,8,0.951,17 Sep 19:32,200 Metres Women,17 Sep 19:32,1,"x = 1199.44 + 600.40*t (n=2107 red lines, resid SD 0.28 px)",,https://media.aws.iaaf.org/competitiondocuments/waveform/7190593/W_200_h_1.jpg,2026-09-29T08:57:57Z,WCH Tokyo25 DAY5 PM v1 17 Sep 19:32 | Race : (004) 200 Metres Women | Heat: 001 Attempt : 001 Ready Time : 1.824 sec
WCH2025-200m-W-R1-H2,WCH,2025,200m,W,R1,2,1,1.661,1.6613,-0.3,True,True,,2,8,8,8,8,8,2,0.914,17 Sep 19:39,200 Metres Women,17 Sep 19:39,1,"x = 1199.44 + 600.40*t (n=2107 red lines, resid SD 0.28 px)",,https://media.aws.iaaf.org/competitiondocuments/waveform/7190593/W_200_h_2.jpg,2026-09-29T08:58:00Z,WCH Tokyo25 DAY5 PM v1 17 Sep 19:39 | Race : (004) 200 Metres Women | Heat : 002 Attempt : 001 Ready Time : 1.661 sec
WCH2025-200m-W-R1-H3,WCH,2025,200m,W,R1,3,1,1.904,1.902,2.0,True,True,,3,7,7,7,7,7,6,0.963,17 Sep 19:46,200 Metres Women,17 Sep 19:46,1,"x = 1199.44 + 600.40*t (n=2107 red lines, resid SD 0.28 px)",,https://media.aws.iaaf.org/competitiondocuments/waveform/7190593/W_200_h_3.jpg,2026-09-29T08:58:02Z,WCH Tokyo25 DAY5 PM v1 17 Sep 19:46 | Race : (004) 200 Metres Women | Heat: 003 Attempt : 001 Ready Time : 1.904 sec
WCH2025-200m-W-R1-H4,WCH,2025,200m,W,R1,4,1,1.903,1.902,1.0,True,True,,4,8,8,8,8,8,6,0.964,17 Sep 19:53,200 Metres Women,17 Sep 19:53,1,"x = 1199.44 + 600.40*t (n=2107 red lines, resid SD 0.28 px)",,https://media.aws.iaaf.org/competitiondocuments/waveform/7190593/W_200_h_4.jpg,2026-09-29T08:58:04Z,WCH Tokyo25 DAY5 PM v1 17 Sep 19:53 | Race : (004) 200 Metres Women | Heat: 004 Attempt : 001 Ready Time : 1.903 sec
WCH2025-200m-W-R1-H5,WCH,2025,200m,W,R1,5,1,1.65,1.6488,1.2,True,True,,5,8,8,7,8,8,3,0.98,17 Sep 20:00,200 Metres Women,17 Sep 20:00,1,"x = 1199.44 + 600.40*t (n=2107 red lines, resid SD 0.28 px)",,https://media.aws.iaaf.org/competitiondocuments/waveform/7190593/W_200_h_5.jpg,2026-09-29T08:58:08Z,WCH Tokyo25 DAY5 PM v1 17 Sep 20:00 | Race : (004) 200 Metres Women | Heat: 005 Attempt : 001 Ready Time : 1.650 sec
WCH2025-200m-W-R1-H6,WCH,2025,200m,W,R1,6,1,2.128,,,True,False,"hold > 2.0 s: 'set' marker outside the plot window, OCR value not cross-checked",6,8,8,5,8,8,8,0.969,17 Sep 20:07,200 Metres Women,17 Sep 20:07,0,"x = 1199.44 + 600.40*t (n=2107 red lines, resid SD 0.28 px)",,https://media.aws.iaaf.org/competitiondocuments/waveform/7190593/W_200_h_6.jpg,2026-09-29T08:58:11Z,WCH Tokyo25 DAY5 PM v1 17 Sep 20:07 | Race : (004) 200 Metres Women | Heat: 006 Attempt : 001 Ready Time : 2.128 sec
WCH2025-200m-W-SF-H1,WCH,2025,200m,W,SF,1,1,1.609,1.608,1.0,True,True,,1,8,8,7,8,8,4,0.915,18 Sep 21:26,200 Metres Women,18 Sep 21:26,1,"x = 1199.44 + 600.40*t (n=2107 red lines, resid SD 0.28 px)",,https://media.aws.iaaf.org/competitiondocuments/waveform/7190593/W_200_sf_1.jpg,2026-09-29T08:58:12Z,WCH Toky025 DAY6 PM v1 18 Sep 21:26 | Race : (007) 200 Metres Women | Heat : 001 Attempt : 001 Ready Time : 1.609 sec
WCH2025-200m-W-SF-H2,WCH,2025,200m,W,SF,2,1,1.577,1.5755,1.5,True,True,,2,8,8,8,8,8,4,0.959,18 Sep 21:32,200 Metres Women,18 Sep 21:32,1,"x = 1199.44 + 600.40*t (n=2107 red lines, resid SD 0.28 px)",,https://media.aws.iaaf.org/competitiondocuments/waveform/7190593/W_200_sf_2.jpg,2026-09-29T08:58:17Z,WCH Toky025 DAY6 PM v1 18 Sep 21:32 | Race : (007) 200 Metres Women | Heat: 002 Attempt : 001 Ready Time : 1.577 sec
WCH2025-200m-W-SF-H3,WCH,2025,200m,W,SF,3,1,2.395,,,True,False,"hold > 2.0 s: 'set' marker outside the plot window, OCR value not cross-checked",3,8,8,7,8,8,6,0.966,18 Sep 21:40,200 Metres Women,18 Sep 21:40,0,"x = 1199.44 + 600.40*t (n=2107 red lines, resid SD 0.28 px)",,https://media.aws.iaaf.org/competitiondocuments/waveform/7190593/W_200_sf_3.jpg,2026-09-29T08:58:19Z,WCH Toky025 DAY6 PM v1 18 Sep 21:40 | Race : (007) 200 Metres Women | Heat: 003 Attempt : 001 Ready Time : 2.395 sec
WIC2024-60m-M-F-H1,WIC,2024,60m,M,F,1,1,1.271,1.2699,1.1,True,True,,1,8,8,8,8,8,4,0.926,WIC Glasgow 2024 Day1 PM,60 Metres Men,01 Mar 16:50,1,"x = 1199.44 + 600.40*t (n=2107 red lines, resid SD 0.28 px)",,https://media.aws.iaaf.org/competitiondocuments/waveform/7180312/M_60_f_1.jpg,2026-09-29T09:39:49Z,WIC Glasgow 2024 Day1 PM 01 Mar 16:50 | Race : (019) 60 Metres Men | Heat : 001 Attempt : 001 Ready Time : 1.271 sec
WIC2024-60m-M-R1-H1,WIC,2024,60m,M,R1,1,1,1.532,1.5305,1.5,True,True,,1,7,7,7,7,7,6,0.927,WIC Glasgow 2024 Day1,60 Metres Men,01 Mar 08:02,1,"x = 1199.44 + 600.40*t (n=2107 red lines, resid SD 0.28 px)",,https://media.aws.iaaf.org/competitiondocuments/waveform/7180312/M_60_h_1.jpg,2026-09-29T09:39:51Z,WIC Glasgow 2024 Day1 01 Mar 08:02 | Race : (008) 60 Metres Men | Heat : 001 Attempt : 001 Ready Time : 1.532 sec
WIC2024-60m-M-R1-H2,WIC,2024,60m,M,R1,2,1,1.726,1.7254,0.6,True,True,,2,8,8,7,8,8,6,0.939,WIC Glasgow 2024 Day1,60 Metres Men,01 Mar 08:10,1,"x = 1199.44 + 600.40*t (n=2107 red lines, resid SD 0.28 px)",,https://media.aws.iaaf.org/competitiondocuments/waveform/7180312/M_60_h_2.jpg,2026-09-29T09:39:54Z,WIC Glasgow 2024 Day1 01 Mar 08:10 | Race : (008) 60 Metres Men | Heat : 002 Attempt : 001 Ready Time : 1.726 sec
WIC2024-60m-M-R1-H3,WIC,2024,60m,M,R1,3,1,1.39,1.389,1.0,True,True,,3,6,6,6,7,6,5,0.953,WIC Glasgow 2024 Day1,60 Metres Men,01 Mar 08:18,1,"x = 1199.44 + 600.40*t (n=2107 red lines, resid SD 0.28 px)",,https://media.aws.iaaf.org/competitiondocuments/waveform/7180312/M_60_h_3.jpg,2026-09-29T09:39:57Z,WIC Glasgow 2024 Day1 01 Mar 08:18 | Race : (008) 60 Metres Men | Heat: 003 Attempt : 001 Ready Time : 1.390 sec
WIC2024-60m-M-R1-H4,WIC,2024,60m,M,R1,4,1,1.541,1.5405,0.5,True,True,,4,7,7,7,7,7,"2,6",0.961,WIC Glasgow 2024 Day1,60 Metres Men,01 Mar 08:26,1,"x = 1199.44 + 600.40*t (n=2107 red lines, resid SD 0.28 px)",,https://media.aws.iaaf.org/competitiondocuments/waveform/7180312/M_60_h_4.jpg,2026-09-29T09:39:59Z,WIC Glasgow 2024 Day1 01 Mar 08:26 | Race : (008) 60 Metres Men | Heat: 004 Attempt : 001 Ready Time : 1.541 sec
WIC2024-60m-M-R1-H5,WIC,2024,60m,M,R1,5,1,1.214,1.2124,1.6,True,True,,5,7,7,6,7,7,6,0.979,WIC Glasgow 2024 Day1,60 Metres Men,01 Mar 08:34,1,"x = 1199.44 + 600.40*t (n=2107 red lines, resid SD 0.28 px)",,https://media.aws.iaaf.org/competitiondocuments/waveform/7180312/M_60_h_5.jpg,2026-09-29T09:40:02Z,WIC Glasgow 2024 Day1 01 Mar 08:34 | Race : (008) 60 Metres Men | Heat: 005 Attempt : 001 Ready Time : 1.214 sec
WIC2024-60m-M-R1-H6,WIC,2024,60m,M,R1,6,1,0.0,-0.0001,0.1,False,True,ready time missing/out of range,6,7,7,7,7,7,4,0.957,WIC Glasgow 2024 Day1,60 Metres Men,01 Mar 08:42,1,"x = 1199.44 + 600.40*t (n=2107 red lines, resid SD 0.28 px)",,https://media.aws.iaaf.org/competitiondocuments/waveform/7180312/M_60_h_6.jpg,2026-09-29T09:40:05Z,WIC Glasgow 2024 Day1 01 Mar 08:42 | Race : (008) 60 Metres Men | Heat: 006 Attempt : 001 Ready Time : 0.000 sec
WIC2024-60m-M-R1-H7,WIC,2024,60m,M,R1,7,1,1.287,1.2857,1.3,True,True,,7,7,7,6,7,7,6,0.946,WIC Glasgow 2024 Day1,60 Metres Men,01 Mar 08:50,1,"x = 1199.44 + 600.40*t (n=2107 red lines, resid SD 0.28 px)",,https://media.aws.iaaf.org/competitiondocuments/waveform/7180312/M_60_h_7.jpg,2026-09-29T09:40:08Z,WIC Glasgow 2024 Day1 01 Mar 08:50 | Race : (008) 60 Metres Men | Heat : 007 Attempt : 001 Ready Time : 1.287 sec
WIC2024-60m-M-SF-H1,WIC,2024,60m,M,SF,1,1,1.368,1.3682,-0.2,True,True,,1,8,8,6,8,8,3,0.926,WIC Glasgow 2024 Day1 PM,60 Metres Men,01 Mar 14:49,1,"x = 1199.44 + 600.40*t (n=2107 red lines, resid SD 0.28 px)",,https://media.aws.iaaf.org/competitiondocuments/waveform/7180312/M_60_sf_1.jpg,2026-09-29T09:40:10Z,WIC Glasgow 2024 Day1 PM 01 Mar 14:49 | Race : (013) 60 Metres Men | Heat : 001 Attempt : 001 Ready Time : 1.368 sec
WIC2024-60m-M-SF-H2,WIC,2024,60m,M,SF,2,1,1.332,1.3307,1.3,True,True,,2,8,8,6,8,8,3,0.928,WIC Glasgow 2024 Day1 PM,60 Metres Men,01 Mar 14:57,1,"x = 1199.44 + 600.40*t (n=2107 red lines, resid SD 0.28 px)",,https://media.aws.iaaf.org/competitiondocuments/waveform/7180312/M_60_sf_2.jpg,2026-09-29T09:40:13Z,WIC Glasgow 2024 Day1 PM 01 Mar 14:57 | Race : (013) 60 Metres Men | Heat : 002 Attempt : 001 Ready Time : 1.332 sec
WIC2024-60m-M-SF-H3,WIC,2024,60m,M,SF,3,1,1.303,1.3024,0.6,True,True,,3,8,8,8,8,8,4,0.953,WIC Glasgow2024 Day1PM,60 Metres Men,,1,"x = 1199.44 + 600.40*t (n=2107 red lines, resid SD 0.28 px)",,https://media.aws.iaaf.org/competitiondocuments/waveform/7180312/M_60_sf_3.jpg,2026-09-29T09:40:16Z,WIC Glasgow2024 Day1PM 01 Mar15:05 | Race : (013) 60 Metres Men | Heat: 003 Attempt : 001 Ready Time : 1.303 sec
WIC2024-60m-W-F-H1,WIC,2024,60m,W,F,1,1,1.514,1.5122,1.8,True,True,,1,7,7,8,8,7,8,0.952,WIC Glasgow 2024 Day2 PM V2,60 Metres Women,02 Mar 16:53,1,"x = 1199.44 + 600.40*t (n=2107 red lines, resid SD 0.28 px)",,https://media.aws.iaaf.org/competitiondocuments/waveform/7180312/W_60_f_1.jpg,2026-09-29T09:40:46Z,WIC Glasgow 2024 Day2 PM V2 02 Mar 16:53 | Race : (019) 60 Metres Women | Heat: 001 Attempt : 001 Ready Time : 1.514 sec
WIC2024-60m-W-R1-H1,WIC,2024,60m,W,R1,1,1,1.262,1.2616,0.4,True,True,,1,8,8,5,7,8,5,0.92,WIC Glasgow 2024 Day2 AM,60 MetresWomen,02 Mar 06:24,1,"x = 1199.44 + 600.40*t (n=2107 red lines, resid SD 0.28 px)",,https://media.aws.iaaf.org/competitiondocuments/waveform/7180312/W_60_h_1.jpg,2026-09-29T09:40:49Z,WIC Glasgow 2024 Day2 AM 02 Mar 06:24 | Race :(004) 60 MetresWomen | Heat : 001 Attempt : 001 Ready Time : 1.262 sec
WIC2024-60m-W-R1-H2,WIC,2024,60m,W,R1,2,1,1.546,1.5455,0.5,True,True,,2,7,7,6,7,7,8,0.918,WIC Glasgow 2024 Day2 AM,60 MetresWomen,02 Mar 06:32,1,"x = 1199.44 + 600.40*t (n=2107 red lines, resid SD 0.28 px)",,https://media.aws.iaaf.org/competitiondocuments/waveform/7180312/W_60_h_2.jpg,2026-09-29T09:40:51Z,WIC Glasgow 2024 Day2 AM 02 Mar 06:32 | Race :(004) 60 MetresWomen | Heat : 002 Attempt : 001 Ready Time : 1.546 sec
WIC2024-60m-W-R1-H3,WIC,2024,60m,W,R1,3,1,1.552,1.5505,1.5,True,True,,3,7,7,6,7,7,7,0.968,WIC Glasgow 2024 Day2 AM,60 MetresWomen,02 Mar 06:38,1,"x = 1199.44 + 600.40*t (n=2107 red lines, resid SD 0.28 px)",,https://media.aws.iaaf.org/competitiondocuments/waveform/7180312/W_60_h_3.jpg,2026-09-29T09:40:54Z,WIC Glasgow 2024 Day2 AM 02 Mar 06:38 | Race :(004) 60 MetresWomen | Heat: 003 Attempt : 001 Ready Time : 1.552 sec
WIC2024-60m-W-R1-H4,WIC,2024,60m,W,R1,4,1,1.406,1.4056,0.4,True,True,,4,7,7,7,7,7,6,0.966,WIC Glasgow 2024 Day2 AM,60 MetresWomen,02 Mar 06:45,1,"x = 1199.44 + 600.40*t (n=2107 red lines, resid SD 0.28 px)",,https://media.aws.iaaf.org/competitiondocuments/waveform/7180312/W_60_h_4.jpg,2026-09-29T09:40:57Z,WIC Glasgow 2024 Day2 AM 02 Mar 06:45 | Race :(004) 60 MetresWomen | Heat: 004 Attempt : 001 Ready Time : 1.406 sec
WIC2024-60m-W-R1-H5,WIC,2024,60m,W,R1,5,1,1.405,1.4031,1.9,True,True,,5,8,8,7,8,8,3,0.98,WIC Glasgow 2024 Day2 AM,60 MetresWomen,02 Mar 06:55,1,"x = 1199.44 + 600.40*t (n=2107 red lines, resid SD 0.28 px)",,https://media.aws.iaaf.org/competitiondocuments/waveform/7180312/W_60_h_5.jpg,2026-09-29T09:41:00Z,WIC Glasgow 2024 Day2 AM 02 Mar 06:55 | Race :(004) 60 MetresWomen | Heat: 005 Attempt : 001 Ready Time : 1.405 sec
WIC2024-60m-W-R1-H6,WIC,2024,60m,W,R1,6,1,1.671,1.6696,1.4,True,True,,6,8,8,7,8,8,5,0.973,WIC Glasgow 2024 Day2 AM,60 MetresWomen,02 Mar 07:00,1,"x = 1199.44 + 600.40*t (n=2107 red lines, resid SD 0.28 px)",,https://media.aws.iaaf.org/competitiondocuments/waveform/7180312/W_60_h_6.jpg,2026-09-29T09:41:02Z,WIC Glasgow 2024 Day2 AM 02 Mar 07:00 | Race :(004) 60 MetresWomen | Heat: 006 Attempt : 001 Ready Time : 1.671 sec
WIC2024-60m-W-R1-H7,WIC,2024,60m,W,R1,7,1,1.601,1.6005,0.5,True,True,,7,8,8,5,8,8,7,0.932,WIC Glasgow 2024 Day2 AM,60 MetresWomen,02 Mar 07:06,1,"x = 1199.44 + 600.40*t (n=2107 red lines, resid SD 0.28 px)",,https://media.aws.iaaf.org/competitiondocuments/waveform/7180312/W_60_h_7.jpg,2026-09-29T09:41:05Z,WIC Glasgow 2024 Day2 AM 02 Mar 07:06 | Race :(004) 60 MetresWomen | Heat : 007 Attempt : 001 Ready Time : 1.601 sec
WIC2024-60m-W-SF-H1,WIC,2024,60m,W,SF,1,1,1.435,1.4339,1.1,True,True,,1,8,8,6,8,8,6,0.92,WIC Glasgow 2024 Day2 PM,60 Metres Women,02 Mar 14:49,1,"x = 1199.44 + 600.40*t (n=2107 red lines, resid SD 0.28 px)",,https://media.aws.iaaf.org/competitiondocuments/waveform/7180312/W_60_sf_1.jpg,2026-09-29T09:41:08Z,WIC Glasgow 2024 Day2 PM 02 Mar 14:49 | Race : (013) 60 Metres Women | Heat : 001 Attempt : 001 Ready Time : 1.435 sec
WIC2024-60m-W-SF-H2,WIC,2024,60m,W,SF,2,1,1.512,1.5097,2.3,True,True,,2,8,8,7,8,8,2,0.917,WIC Glasgow 2024 Day2 PM,60 Metres Women,02 Mar 14:57,1,"x = 1199.44 + 600.40*t (n=2107 red lines, resid SD 0.28 px)",,https://media.aws.iaaf.org/competitiondocuments/waveform/7180312/W_60_sf_2.jpg,2026-09-29T09:41:11Z,WIC Glasgow 2024 Day2 PM 02 Mar 14:57 | Race : (013) 60 Metres Women | Heat : 002 Attempt : 001 Ready Time : 1.512 sec
WIC2024-60m-W-SF-H3,WIC,2024,60m,W,SF,3,1,1.438,1.4373,0.7,True,True,,3,8,8,7,8,8,5,0.968,WIC Glasgow 2024 Day2 PM,60 Metres Women,02 Mar 15:05,1,"x = 1199.44 + 600.40*t (n=2107 red lines, resid SD 0.28 px)",,https://media.aws.iaaf.org/competitiondocuments/waveform/7180312/W_60_sf_3.jpg,2026-09-29T09:41:14Z,WIC Glasgow 2024 Day2 PM 02 Mar 15:05 | Race : (013) 60 Metres Women | Heat: 003 Attempt : 001 Ready Time : 1.438 sec
WIC2024-60mH-M-F-H1,WIC,2024,60mH,M,F,1,1,1.474,1.4723,1.7,True,True,,1,8,8,7,8,8,2,0.962,WIC Glasgow2024 Day2PM V2,60 Metres Hurdles Men,,1,"x = 1199.44 + 600.40*t (n=2107 red lines, resid SD 0.28 px)",,https://media.aws.iaaf.org/competitiondocuments/waveform/7180312/M_60H_f_1.jpg,2026-09-29T09:39:22Z,WIC Glasgow2024 Day2PM V2 02Mar 16:35 | Race : (018) 60 Metres Hurdles Men | Heat:001 Attempt : 001 Ready Time : 1.474 sec
WIC2024-60mH-M-R1-H1,WIC,2024,60mH,M,R1,1,1,1.819,1.817,2.0,True,True,,1,6,6,5,7,6,2,0.92,WIC Glasgow 2024 Day2 AM,60 Metres Hurdles Men,02 Mar 05:15,1,"x = 1199.44 + 600.40*t (n=2107 red lines, resid SD 0.28 px)",,https://media.aws.iaaf.org/competitiondocuments/waveform/7180312/M_60H_h_1.jpg,2026-09-29T09:39:24Z,WIC Glasgow 2024 Day2 AM 02 Mar 05:15 | Race : (002) 60 Metres Hurdles Men | Heat : 001 Attempt : 001 Ready Time : 1.819 sec
WIC2024-60mH-M-R1-H2,WIC,2024,60mH,M,R1,2,1,1.652,1.6505,1.5,True,True,,2,7,7,6,7,7,8,0.916,WIC Glasgow 2024 Day2 AM,60 Metres Hurdles Men,02 Mar 05:21,1,"x = 1199.44 + 600.40*t (n=2107 red lines, resid SD 0.28 px)",,https://media.aws.iaaf.org/competitiondocuments/waveform/7180312/M_60H_h_2.jpg,2026-09-29T09:39:27Z,WIC Glasgow 2024 Day2 AM 02 Mar 05:21 | Race : (002) 60 Metres Hurdles Men | Heat : 002 Attempt : 001 Ready Time : 1.652 sec
WIC2024-60mH-M-R1-H3,WIC,2024,60mH,M,R1,3,2,1.484,1.4822,1.8,True,True,,3,7,7,6,7,7,7,0.967,WIC Glasgow2024Day2 AM,60 Metres Hurdles Men,02 Mar 05:32,1,"x = 1199.44 + 600.40*t (n=2107 red lines, resid SD 0.28 px)",,https://media.aws.iaaf.org/competitiondocuments/waveform/7180312/M_60H_h_3.jpg,2026-09-29T09:39:30Z,WIC Glasgow2024Day2 AM 02 Mar 05:32 | Race : (002) 60 Metres Hurdles Men | Heat : 003 Attempt : 002 Ready Time : 1.484 sec
WIC2024-60mH-M-R1-H4,WIC,2024,60mH,M,R1,4,1,1.42,1.419,1.0,True,True,,4,7,7,6,7,7,4,0.967,WIC Glasgow2024Day2 AM,60 Metres Hurdles Men,02 Mar 05:37,1,"x = 1199.44 + 600.40*t (n=2107 red lines, resid SD 0.28 px)",,https://media.aws.iaaf.org/competitiondocuments/waveform/7180312/M_60H_h_4.jpg,2026-09-29T09:39:32Z,WIC Glasgow2024Day2 AM 02 Mar 05:37 | Race : (002) 60 Metres Hurdles Men | Heat: 004 Attempt : 001 Ready Time : 1.420 sec
WIC2024-60mH-M-R1-H5,WIC,2024,60mH,M,R1,5,1,1.401,1.3998,1.2,True,True,,5,7,7,6,7,7,2,0.98,WIC Glasgow 2024 Day2 AM,60 Metres Hurdles Men,02 Mar 05:43,1,"x = 1199.44 + 600.40*t (n=2107 red lines, resid SD 0.28 px)",,https://media.aws.iaaf.org/competitiondocuments/waveform/7180312/M_60H_h_5.jpg,2026-09-29T09:39:35Z,WIC Glasgow 2024 Day2 AM 02 Mar 05:43 | Race : (002) 60 Metres Hurdles Men | Heat: 005 Attempt : 001 Ready Time : 1.401 sec
WIC2024-60mH-M-R1-H6,WIC,2024,60mH,M,R1,6,1,1.656,1.6555,0.5,True,True,,6,7,7,5,7,7,2,0.973,WIC Glasgow2024Day2 AM,60 Metres Hurdles Men,02 Mar 05:49,1,"x = 1199.44 + 600.40*t (n=2107 red lines, resid SD 0.28 px)",,https://media.aws.iaaf.org/competitiondocuments/waveform/7180312/M_60H_h_6.jpg,2026-09-29T09:39:38Z,WIC Glasgow2024Day2 AM 02 Mar 05:49 | Race : (002) 60 Metres Hurdles Men | Heat: 006 Attempt : 001 Ready Time : 1.656 sec
WIC2024-60mH-M-SF-H1,WIC,2024,60mH,M,SF,1,2,1.381,1.3806,0.4,True,True,,1,8,8,0,0,8,1,0.922,WIC Glasgow 2024 Day2 PM,60 Metres Hurdles Men,02 Mar 14:18,1,"x = 1199.44 + 600.40*t (n=2107 red lines, resid SD 0.28 px)",,https://media.aws.iaaf.org/competitiondocuments/waveform/7180312/M_60H_sf_1.jpg,2026-09-29T09:39:40Z,WIC Glasgow 2024 Day2 PM 02 Mar 14:18 | Race : (002) 60 Metres Hurdles Men | Heat : 001 Attempt : 002 Ready Time : 1.381 sec
WIC2024-60mH-M-SF-H2,WIC,2024,60mH,M,SF,2,1,1.265,1.2641,0.9,True,True,,2,8,8,0,0,8,7,0.917,WIC Glasgow 2024 Day2 PM,60 Metres Hurdles Men,02 Mar 14:25,1,"x = 1199.44 + 600.40*t (n=2107 red lines, resid SD 0.28 px)",,https://media.aws.iaaf.org/competitiondocuments/waveform/7180312/M_60H_sf_2.jpg,2026-09-29T09:39:43Z,WIC Glasgow 2024 Day2 PM 02 Mar 14:25 | Race : (002) 60 Metres Hurdles Men | Heat : 002 Attempt : 001 Ready Time : 1.265 sec
WIC2024-60mH-M-SF-H3,WIC,2024,60mH,M,SF,3,2,1.661,1.6613,-0.3,True,True,,3,7,7,0,0,7,1,0.967,WIC Glasgow2024Day2PM,60 Metres Hurdles Men,02 Mar 14:33,1,"x = 1199.44 + 600.40*t (n=2107 red lines, resid SD 0.28 px)",,https://media.aws.iaaf.org/competitiondocuments/waveform/7180312/M_60H_sf_3.jpg,2026-09-29T09:39:46Z,WIC Glasgow2024Day2PM 02 Mar 14:33 | Race : (002) 60 Metres Hurdles Men | Heat : 003 Attempt : 002 Ready Time : 1.661 sec
WIC2024-60mH-W-F-H1,WIC,2024,60mH,W,F,1,1,1.397,1.3956,1.4,True,True,,1,8,8,6,8,8,7,0.964,WIC Glasgow 2024 Day3 Evening,60 Metres HurdlesWomen FI,,1,"x = 1199.44 + 600.40*t (n=2107 red lines, resid SD 0.28 px)",,https://media.aws.iaaf.org/competitiondocuments/waveform/7180312/W_60H_f_1.jpg,2026-09-29T09:40:19Z,WIC Glasgow 2024 Day3 Evening 03Mar16:06 | Race : (014) 60 Metres HurdlesWomen FI | Heat:001 Attempt : 001 Ready Time : 1.397 sec
WIC2024-60mH-W-R1-H1,WIC,2024,60mH,W,R1,1,1,1.453,1.4523,0.7,True,True,,1,7,7,5,7,7,7,0.92,WIC Glasgow2024 Day3 AM,60 Metres Hurdles Women,03 Mar 05:29,1,"x = 1199.44 + 600.40*t (n=2107 red lines, resid SD 0.28 px)",,https://media.aws.iaaf.org/competitiondocuments/waveform/7180312/W_60H_h_1.jpg,2026-09-29T09:40:21Z,WIC Glasgow2024 Day3 AM 03 Mar 05:29 | Race : (003) 60 Metres Hurdles Women | Heat : 001 Attempt : 001 Ready Time : 1.453 sec
WIC2024-60mH-W-R1-H2,WIC,2024,60mH,W,R1,2,1,1.484,1.4822,1.8,True,True,,2,7,7,6,7,7,2,0.959,WICGlasgow2024Day3AM,60 Metres Hurdles Women,,1,"x = 1199.44 + 600.40*t (n=2107 red lines, resid SD 0.28 px)",,https://media.aws.iaaf.org/competitiondocuments/waveform/7180312/W_60H_h_2.jpg,2026-09-29T09:40:24Z,WICGlasgow2024Day3AM 03Mar 05:36 | Race : (003) 60 Metres Hurdles Women | Heat:002 Attempt : 001 Ready Time : 1.484 sec
WIC2024-60mH-W-R1-H3,WIC,2024,60mH,W,R1,3,1,1.74,1.7387,1.3,True,True,,3,7,7,5,7,7,7,0.958,WICGlasgow2024Day3AM,60 Metres Hurdles Women,,1,"x = 1199.44 + 600.40*t (n=2107 red lines, resid SD 0.28 px)",,https://media.aws.iaaf.org/competitiondocuments/waveform/7180312/W_60H_h_3.jpg,2026-09-29T09:40:27Z,WICGlasgow2024Day3AM 03Mar 05:43 | Race : (003) 60 Metres Hurdles Women | Heat : 003 Attempt : 001 Ready Time : 1.740 sec
WIC2024-60mH-W-R1-H4,WIC,2024,60mH,W,R1,4,1,1.52,1.5189,1.1,True,True,,4,7,7,7,7,7,7,0.97,WICGlasgow2024Day3AM,60 Metres Hurdles Women,03 Mar 05:50,1,"x = 1199.44 + 600.40*t (n=2107 red lines, resid SD 0.28 px)",,https://media.aws.iaaf.org/competitiondocuments/waveform/7180312/W_60H_h_4.jpg,2026-09-29T09:40:29Z,WICGlasgow2024Day3AM 03 Mar 05:50 | Race : (003) 60 Metres Hurdles Women | Heat: 004 Attempt : 001 Ready Time : 1.520 sec
WIC2024-60mH-W-R1-H5,WIC,2024,60mH,W,R1,5,1,1.435,1.4339,1.1,True,True,,5,6,6,5,6,6,6,0.98,WIC Glasgow2024 Day3 AM,60 Metres Hurdles Women,03 Mar 05:57,1,"x = 1199.44 + 600.40*t (n=2107 red lines, resid SD 0.28 px)",,https://media.aws.iaaf.org/competitiondocuments/waveform/7180312/W_60H_h_5.jpg,2026-09-29T09:40:32Z,WIC Glasgow2024 Day3 AM 03 Mar 05:57 | Race : (003) 60 Metres Hurdles Women | Heat: 005 Attempt : 001 Ready Time : 1.435 sec
WIC2024-60mH-W-R1-H6,WIC,2024,60mH,W,R1,6,1,1.497,1.4956,1.4,True,True,,6,7,7,5,7,7,7,0.974,WICGlasgow2024Day3AM,60 Metres Hurdles Women,03 Mar 06:05,1,"x = 1199.44 + 600.40*t (n=2107 red lines, resid SD 0.28 px)",,https://media.aws.iaaf.org/competitiondocuments/waveform/7180312/W_60H_h_6.jpg,2026-09-29T09:40:35Z,WICGlasgow2024Day3AM 03 Mar 06:05 | Race : (003) 60 Metres Hurdles Women | Heat: 006 Attempt : 001 Ready Time : 1.497 sec
WIC2024-60mH-W-SF-H1,WIC,2024,60mH,W,SF,1,1,1.546,1.5455,0.5,True,True,,1,8,8,6,8,8,6,0.92,WIC Glasgow2024 Day3 AM,60 Metres Hurdles Women,03 Mar 14:44,1,"x = 1199.44 + 600.40*t (n=2107 red lines, resid SD 0.28 px)",,https://media.aws.iaaf.org/competitiondocuments/waveform/7180312/W_60H_sf_1.jpg,2026-09-29T09:40:38Z,WIC Glasgow2024 Day3 AM 03 Mar 14:44 | Race : (010) 60 Metres Hurdles Women | Heat : 001 Attempt : 001 Ready Time : 1.546 sec
WIC2024-60mH-W-SF-H2,WIC,2024,60mH,W,SF,2,1,1.403,1.4023,0.7,True,True,,2,8,8,4,8,8,"6,8",0.965,WICGlasgow2024Day3AM,60 Metres Hurdles Women,03 Mar 14:52,1,"x = 1199.44 + 600.40*t (n=2107 red lines, resid SD 0.28 px)",,https://media.aws.iaaf.org/competitiondocuments/waveform/7180312/W_60H_sf_2.jpg,2026-09-29T09:40:41Z,WICGlasgow2024Day3AM 03 Mar 14:52 | Race : (010) 60 Metres Hurdles Women | Heat:002 Attempt : 001 Ready Time : 1.403 sec
WIC2024-60mH-W-SF-H3,WIC,2024,60mH,W,SF,3,1,1.344,1.3423,1.7,True,True,,3,8,8,7,8,8,"3,8",0.958,WICGlasgow2024Day3AM,60 Metres Hurdles Women,03 Mar 15:00,1,"x = 1199.44 + 600.40*t (n=2107 red lines, resid SD 0.28 px)",,https://media.aws.iaaf.org/competitiondocuments/waveform/7180312/W_60H_sf_3.jpg,2026-09-29T09:40:44Z,WICGlasgow2024Day3AM 03 Mar 15:00 | Race : (010) 60 Metres Hurdles Women | Heat : 003 Attempt : 001 Ready Time : 1.344 sec
WIC2025-60m-M-F-H1,WIC,2025,60m,M,F,1,1,3.059,,,True,False,"hold > 2.0 s: 'set' marker outside the plot window, OCR value not cross-checked; unusually long hold (> 3.0 s); WIC2025 holds are systematically long (median ~3.2 s): the 'ready' trigger may differ at this meet; do not pool without checking",1,8,8,8,8,8,2,0.933,WIC Nanjing Day1 PM,60 Metres Men,21 Mar 21:27,0,"x = 1199.44 + 600.40*t (n=2107 red lines, resid SD 0.28 px)",,https://media.aws.iaaf.org/competitiondocuments/waveform/7136586/M_60_f_1.jpg,2026-09-29T09:37:55Z,WIC Nanjing Day1 PM 21 Mar 21:27 | Race : (018) 60 Metres Men | Heat : 001 Attempt : 001 Ready Time : 3.059 sec
WIC2025-60m-M-R1-H1,WIC,2025,60m,M,R1,1,2,2.881,,,True,False,"hold > 2.0 s: 'set' marker outside the plot window, OCR value not cross-checked; WIC2025 holds are systematically long (median ~3.2 s): the 'ready' trigger may differ at this meet; do not pool without checking",1,7,7,0,0,7,2,0.933,WIC Nanjing Day1 AM,60 Metres Men,21 Mar 13:02,0,"x = 1199.44 + 600.40*t (n=2107 red lines, resid SD 0.28 px)",,https://media.aws.iaaf.org/competitiondocuments/waveform/7136586/M_60_h_1.jpg,2026-09-29T09:37:58Z,WIC Nanjing Day1 AM 21 Mar 13:02 | Race : (007) 60 Metres Men | Heat : 001 Attempt : 002 Ready Time : 2.881 sec
WIC2025-60m-M-R1-H2,WIC,2025,60m,M,R1,2,1,1.898,1.897,1.0,True,True,WIC2025 holds are systematically long (median ~3.2 s): the 'ready' trigger may differ at this meet; do not pool without checking,2,8,8,0,0,8,6,0.947,WIC Nanjing Day1 AM,60 Metres Men,21 Mar 13:11,1,"x = 1199.44 + 600.40*t (n=2107 red lines, resid SD 0.28 px)",,https://media.aws.iaaf.org/competitiondocuments/waveform/7136586/M_60_h_2.jpg,2026-09-29T09:38:01Z,WIC Nanjing Day1 AM 21 Mar 13:11 | Race : (007) 60 Metres Men | Heat : 002 Attempt : 001 Ready Time : 1.898 sec
WIC2025-60m-M-R1-H3,WIC,2025,60m,M,R1,3,1,3.245,,,True,False,"hold > 2.0 s: 'set' marker outside the plot window, OCR value not cross-checked; unusually long hold (> 3.0 s); WIC2025 holds are systematically long (median ~3.2 s): the 'ready' trigger may differ at this meet; do not pool without checking",3,7,7,0,0,7,8,0.958,WIC Nanjing Day1 AM,60 Metres Men,21 Mar 13:16,0,"x = 1199.44 + 600.40*t (n=2107 red lines, resid SD 0.28 px)",,https://media.aws.iaaf.org/competitiondocuments/waveform/7136586/M_60_h_3.jpg,2026-09-29T09:38:04Z,WIC Nanjing Day1 AM 21 Mar 13:16 | Race : (007) 60 Metres Men | Heat: 003 Attempt : 001 Ready Time : 3.245 sec
WIC2025-60m-M-R1-H4,WIC,2025,60m,M,R1,4,1,4.08,,,True,False,"hold > 2.0 s: 'set' marker outside the plot window, OCR value not cross-checked; unusually long hold (> 3.0 s); WIC2025 holds are systematically long (median ~3.2 s): the 'ready' trigger may differ at this meet; do not pool without checking",4,7,7,0,0,7,8,0.966,WIC Nanjing Day1 AM,60 Metres Men,21 Mar 13:22,0,"x = 1199.44 + 600.40*t (n=2107 red lines, resid SD 0.28 px)",,https://media.aws.iaaf.org/competitiondocuments/waveform/7136586/M_60_h_4.jpg,2026-09-29T09:38:06Z,WIC Nanjing Day1 AM 21 Mar 13:22 | Race : (007) 60 Metres Men | Heat: 004 Attempt : 001 Ready Time : 4.080 sec
WIC2025-60m-M-R1-H5,WIC,2025,60m,M,R1,5,1,4.481,,,True,False,"hold > 2.0 s: 'set' marker outside the plot window, OCR value not cross-checked; unusually long hold (> 3.0 s); WIC2025 holds are systematically long (median ~3.2 s): the 'ready' trigger may differ at this meet; do not pool without checking",5,7,7,0,0,7,8,0.949,WIC Nanjing Day1 AM,60 Metres Men,21 Mar 13:30,0,"x = 1199.44 + 600.40*t (n=2107 red lines, resid SD 0.28 px)",,https://media.aws.iaaf.org/competitiondocuments/waveform/7136586/M_60_h_5.jpg,2026-09-29T09:38:09Z,WIC Nanjing Day1 AM 21 Mar 13:30 | Race : (007) 60 Metres Men | Heat : 005 Attempt : 001 Ready Time : 4.481 sec
WIC2025-60m-M-R1-H6,WIC,2025,60m,M,R1,6,1,2.933,,,True,False,"hold > 2.0 s: 'set' marker outside the plot window, OCR value not cross-checked; WIC2025 holds are systematically long (median ~3.2 s): the 'ready' trigger may differ at this meet; do not pool without checking",6,7,7,0,0,7,5,0.96,WIC Nanjing Day1 AM,60 Metres Men,21 Mar 13:37,0,"x = 1199.44 + 600.40*t (n=2107 red lines, resid SD 0.28 px)",,https://media.aws.iaaf.org/competitiondocuments/waveform/7136586/M_60_h_6.jpg,2026-09-29T09:38:12Z,WIC Nanjing Day1 AM 21 Mar 13:37 | Race : (007) 60 Metres Men | Heat: 006 Attempt : 001 Ready Time : 2.933 sec
WIC2025-60m-M-R1-H7,WIC,2025,60m,M,R1,7,1,2.855,,,True,False,"hold > 2.0 s: 'set' marker outside the plot window, OCR value not cross-checked; WIC2025 holds are systematically long (median ~3.2 s): the 'ready' trigger may differ at this meet; do not pool without checking",7,8,8,0,0,8,4,0.949,WIC Nanjing Day1 AM,60 Metres Men,21 Mar 13:44,0,"x = 1199.44 + 600.40*t (n=2107 red lines, resid SD 0.28 px)",,https://media.aws.iaaf.org/competitiondocuments/waveform/7136586/M_60_h_7.jpg,2026-09-29T09:38:15Z,WIC Nanjing Day1 AM 21 Mar 13:44 | Race : (007) 60 Metres Men | Heat : 007 Attempt : 001 Ready Time : 2.855 sec
WIC2025-60m-M-R1-H8,WIC,2025,60m,M,R1,8,1,3.109,,,True,False,"hold > 2.0 s: 'set' marker outside the plot window, OCR value not cross-checked; unusually long hold (> 3.0 s); WIC2025 holds are systematically long (median ~3.2 s): the 'ready' trigger may differ at this meet; do not pool without checking",8,7,7,0,0,7,5,0.956,WIC Nanjing Day1 AM,60 Metres Men,21 Mar 13:53,0,"x = 1199.44 + 600.40*t (n=2107 red lines, resid SD 0.28 px)",,https://media.aws.iaaf.org/competitiondocuments/waveform/7136586/M_60_h_8.jpg,2026-09-29T09:38:18Z,WIC Nanjing Day1 AM 21 Mar 13:53 | Race : (007) 60 Metres Men | Heat: 008 Attempt : 001 Ready Time : 3.109 sec
WIC2025-60m-M-SF-H1,WIC,2025,60m,M,SF,1,1,9.999,,,False,False,"ready time missing/out of range; hold > 2.0 s: 'set' marker outside the plot window, OCR value not cross-checked; WIC2025 holds are systematically long (median ~3.2 s): the 'ready' trigger may differ at this meet; do not pool without checking; lane RT OCR matched 0/1",1,0,1,8,8,1,,0.934,WIC Nanjing Day1 PM,60 Metres Men,21 Mar 20:02,0,"x = 1199.44 + 600.40*t (n=2107 red lines, resid SD 0.28 px)",,https://media.aws.iaaf.org/competitiondocuments/waveform/7136586/M_60_sf_1.jpg,2026-09-29T09:38:20Z,WIC Nanjing Day1 PM 21 Mar 20:02 | Race : (014) 60 Metres Men | Heat : 001 Attempt : 001 Ready Time : 9.999 sec
WIC2025-60m-M-SF-H2,WIC,2025,60m,M,SF,2,1,3.068,,,True,False,"hold > 2.0 s: 'set' marker outside the plot window, OCR value not cross-checked; unusually long hold (> 3.0 s); WIC2025 holds are systematically long (median ~3.2 s): the 'ready' trigger may differ at this meet; do not pool without checking",2,8,8,7,8,8,4,0.944,WIC Nanjing Day1 PM,60 Metres Men,21 Mar 20:14,0,"x = 1199.44 + 600.40*t (n=2107 red lines, resid SD 0.28 px)",,https://media.aws.iaaf.org/competitiondocuments/waveform/7136586/M_60_sf_2.jpg,2026-09-29T09:38:23Z,WIC Nanjing Day1 PM 21 Mar 20:14 | Race : (014) 60 Metres Men | Heat : 002 Attempt : 001 Ready Time : 3.068 sec
WIC2025-60m-M-SF-H3,WIC,2025,60m,M,SF,3,1,3.52,,,True,False,"hold > 2.0 s: 'set' marker outside the plot window, OCR value not cross-checked; unusually long hold (> 3.0 s); WIC2025 holds are systematically long (median ~3.2 s): the 'ready' trigger may differ at this meet; do not pool without checking",3,8,8,8,8,8,7,0.953,WIC Nanjing Day1 PM,60 Metres Men,21 Mar 20:21,0,"x = 1199.44 + 600.40*t (n=2107 red lines, resid SD 0.28 px)",,https://media.aws.iaaf.org/competitiondocuments/waveform/7136586/M_60_sf_3.jpg,2026-09-29T09:38:26Z,WIC Nanjing Day1 PM 21 Mar 20:21 | Race : (014) 60 Metres Men | Heat: 003 Attempt : 001 Ready Time : 3.520 sec
WIC2025-60m-W-F-H1,WIC,2025,60m,W,F,1,1,2.714,,,True,False,"hold > 2.0 s: 'set' marker outside the plot window, OCR value not cross-checked; WIC2025 holds are systematically long (median ~3.2 s): the 'ready' trigger may differ at this meet; do not pool without checking",1,8,8,8,8,8,4,0.95,WIC Nanjing Day2 PM,60 Metres Women,22 Mar 21:19,0,"x = 1199.44 + 600.40*t (n=2107 red lines, resid SD 0.28 px)",,https://media.aws.iaaf.org/competitiondocuments/waveform/7136586/W_60_f_1.jpg,2026-09-29T09:38:54Z,WIC Nanjing Day2 PM 22 Mar 21:19 | Race : (019) 60 Metres Women | Heat: 001 Attempt : 001 Ready Time : 2.714 sec
WIC2025-60m-W-R1-H1,WIC,2025,60m,W,R1,1,1,3.881,,,True,False,"hold > 2.0 s: 'set' marker outside the plot window, OCR value not cross-checked; unusually long hold (> 3.0 s); WIC2025 holds are systematically long (median ~3.2 s): the 'ready' trigger may differ at this meet; do not pool without checking",1,6,6,6,7,6,4,0.933,WIC Nanjing Day2 AM,60 Metres Women,22 Mar 11:17,0,"x = 1199.44 + 600.40*t (n=2107 red lines, resid SD 0.28 px)",,https://media.aws.iaaf.org/competitiondocuments/waveform/7136586/W_60_h_1.jpg,2026-09-29T09:38:57Z,WIC Nanjing Day2 AM 22 Mar 11:17 | Race : (005) 60 Metres Women | Heat : 001 Attempt : 001 Ready Time : 3.881 sec
WIC2025-60m-W-R1-H2,WIC,2025,60m,W,R1,2,1,3.704,,,True,False,"hold > 2.0 s: 'set' marker outside the plot window, OCR value not cross-checked; unusually long hold (> 3.0 s); WIC2025 holds are systematically long (median ~3.2 s): the 'ready' trigger may differ at this meet; do not pool without checking",2,7,7,7,7,7,"2,6",0.949,WIC Nanjing Day2 AM,60 Metres Women,22 Mar 11:24,0,"x = 1199.44 + 600.40*t (n=2107 red lines, resid SD 0.28 px)",,https://media.aws.iaaf.org/competitiondocuments/waveform/7136586/W_60_h_2.jpg,2026-09-29T09:39:00Z,WIC Nanjing Day2 AM 22 Mar 11:24 | Race : (005) 60 Metres Women | Heat: 002 Attempt : 001 Ready Time : 3.704 sec
WIC2025-60m-W-R1-H3,WIC,2025,60m,W,R1,3,1,3.21,,,True,False,"hold > 2.0 s: 'set' marker outside the plot window, OCR value not cross-checked; unusually long hold (> 3.0 s); WIC2025 holds are systematically long (median ~3.2 s): the 'ready' trigger may differ at this meet; do not pool without checking",3,7,7,6,7,7,3,0.965,WIC Nanjing Day2 AM,60 Metres Women,22 Mar 11:30,0,"x = 1199.44 + 600.40*t (n=2107 red lines, resid SD 0.28 px)",,https://media.aws.iaaf.org/competitiondocuments/waveform/7136586/W_60_h_3.jpg,2026-09-29T09:39:03Z,WIC Nanjing Day2 AM 22 Mar 11:30 | Race : (005) 60 Metres Women | Heat: 003 Attempt : 001 Ready Time : 3.210 sec
WIC2025-60m-W-R1-H4,WIC,2025,60m,W,R1,4,1,2.114,,,True,False,"hold > 2.0 s: 'set' marker outside the plot window, OCR value not cross-checked; WIC2025 holds are systematically long (median ~3.2 s): the 'ready' trigger may differ at this meet; do not pool without checking",4,7,7,6,7,7,"6,8",0.963,WIC Nanjing Day2 AM,60 Metres Women,22 Mar 11:37,0,"x = 1199.44 + 600.40*t (n=2107 red lines, resid SD 0.28 px)",,https://media.aws.iaaf.org/competitiondocuments/waveform/7136586/W_60_h_4.jpg,2026-09-29T09:39:06Z,WIC Nanjing Day2 AM 22 Mar 11:37 | Race : (005) 60 Metres Women | Heat: 004 Attempt : 001 Ready Time : 2.114 sec
WIC2025-60m-W-R1-H5,WIC,2025,60m,W,R1,5,1,3.307,,,True,False,"hold > 2.0 s: 'set' marker outside the plot window, OCR value not cross-checked; unusually long hold (> 3.0 s); WIC2025 holds are systematically long (median ~3.2 s): the 'ready' trigger may differ at this meet; do not pool without checking",5,7,7,7,7,7,4,0.949,WIC Nanjing Day2 AM,60 Metres Women,22 Mar 11:46,0,"x = 1199.44 + 600.40*t (n=2107 red lines, resid SD 0.28 px)",,https://media.aws.iaaf.org/competitiondocuments/waveform/7136586/W_60_h_5.jpg,2026-09-29T09:39:08Z,WIC Nanjing Day2 AM 22 Mar 11:46 | Race : (005) 60 Metres Women | Heat : 005 Attempt : 001 Ready Time : 3.307 sec
WIC2025-60m-W-R1-H6,WIC,2025,60m,W,R1,6,1,3.359,,,True,False,"hold > 2.0 s: 'set' marker outside the plot window, OCR value not cross-checked; unusually long hold (> 3.0 s); WIC2025 holds are systematically long (median ~3.2 s): the 'ready' trigger may differ at this meet; do not pool without checking",6,7,7,6,7,7,5,0.968,WIC Nanjing Day2 AM,60 Metres Women,22 Mar 11:51,0,"x = 1199.44 + 600.40*t (n=2107 red lines, resid SD 0.28 px)",,https://media.aws.iaaf.org/competitiondocuments/waveform/7136586/W_60_h_6.jpg,2026-09-29T09:39:11Z,WIC Nanjing Day2 AM 22 Mar 11:51 | Race : (005) 60 Metres Women | Heat: 006 Attempt : 001 Ready Time : 3.359 sec
WIC2025-60m-W-SF-H1,WIC,2025,60m,W,SF,1,1,3.844,,,True,False,"hold > 2.0 s: 'set' marker outside the plot window, OCR value not cross-checked; unusually long hold (> 3.0 s); WIC2025 holds are systematically long (median ~3.2 s): the 'ready' trigger may differ at this meet; do not pool without checking",1,8,8,8,8,8,"1,5",0.954,WIC Nanjing Day2 PM,60 Metres Women,22 Mar 20:18,0,"x = 1199.44 + 600.40*t (n=2107 red lines, resid SD 0.28 px)",,https://media.aws.iaaf.org/competitiondocuments/waveform/7136586/W_60_sf_1.jpg,2026-09-29T09:39:14Z,WIC Nanjing Day2 PM 22 Mar 20:18 | Race : (015) 60 Metres Women | Heat: 001 Attempt : 001 Ready Time : 3.844 sec
WIC2025-60m-W-SF-H2,WIC,2025,60m,W,SF,2,1,3.014,,,True,False,"hold > 2.0 s: 'set' marker outside the plot window, OCR value not cross-checked; unusually long hold (> 3.0 s); WIC2025 holds are systematically long (median ~3.2 s): the 'ready' trigger may differ at this meet; do not pool without checking",2,8,8,7,8,8,5,0.949,WIC Nanjing Day2 PM,60 Metres Women,22 Mar 20:25,0,"x = 1199.44 + 600.40*t (n=2107 red lines, resid SD 0.28 px)",,https://media.aws.iaaf.org/competitiondocuments/waveform/7136586/W_60_sf_2.jpg,2026-09-29T09:39:17Z,WIC Nanjing Day2 PM 22 Mar 20:25 | Race : (015) 60 Metres Women | Heat: 002 Attempt : 001 Ready Time : 3.014 sec
WIC2025-60m-W-SF-H3,WIC,2025,60m,W,SF,3,1,3.098,,,True,False,"hold > 2.0 s: 'set' marker outside the plot window, OCR value not cross-checked; unusually long hold (> 3.0 s); WIC2025 holds are systematically long (median ~3.2 s): the 'ready' trigger may differ at this meet; do not pool without checking",3,8,8,8,8,8,8,0.965,WIC Nanjing Day2 PM,60 Metres Women,22 Mar 20:33,0,"x = 1199.44 + 600.40*t (n=2107 red lines, resid SD 0.28 px)",,https://media.aws.iaaf.org/competitiondocuments/waveform/7136586/W_60_sf_3.jpg,2026-09-29T09:39:19Z,WIC Nanjing Day2 PM 22 Mar 20:33 | Race : (015) 60 Metres Women | Heat: 003 Attempt : 001 Ready Time : 3.098 sec
WIC2025-60mH-M-F-H1,WIC,2025,60mH,M,F,1,1,3.246,,,True,False,"hold > 2.0 s: 'set' marker outside the plot window, OCR value not cross-checked; unusually long hold (> 3.0 s); WIC2025 holds are systematically long (median ~3.2 s): the 'ready' trigger may differ at this meet; do not pool without checking",1,8,8,8,8,8,6,0.933,WIC Nanjing Day2 PM,60 Metres Hurdles Men,22 Mar 21:08,0,"x = 1199.44 + 600.40*t (n=2107 red lines, resid SD 0.28 px)",,https://media.aws.iaaf.org/competitiondocuments/waveform/7136586/M_60H_f_1.jpg,2026-09-29T09:37:32Z,WIC Nanjing Day2 PM 22 Mar 21:08 | Race : (018) 60 Metres Hurdles Men | Heat : 001 Attempt : 001 Ready Time : 3.246 sec
WIC2025-60mH-M-R1-H1,WIC,2025,60mH,M,R1,1,1,1.862,1.8603,1.7,True,True,WIC2025 holds are systematically long (median ~3.2 s): the 'ready' trigger may differ at this meet; do not pool without checking,1,6,6,6,7,6,4,0.933,WIC Nanjing Day2 AM,60 Metres Hurdles Men,22 Mar 10:27,1,"x = 1199.44 + 600.40*t (n=2107 red lines, resid SD 0.28 px)",,https://media.aws.iaaf.org/competitiondocuments/waveform/7136586/M_60H_h_1.jpg,2026-09-29T09:37:34Z,WIC Nanjing Day2 AM 22 Mar 10:27 | Race : (003) 60 Metres Hurdles Men | Heat : 001 Attempt : 001 Ready Time : 1.862 sec
WIC2025-60mH-M-R1-H2,WIC,2025,60mH,M,R1,2,1,3.197,,,True,False,"hold > 2.0 s: 'set' marker outside the plot window, OCR value not cross-checked; unusually long hold (> 3.0 s); WIC2025 holds are systematically long (median ~3.2 s): the 'ready' trigger may differ at this meet; do not pool without checking",2,6,6,6,6,6,7,0.947,WIC Nanjing Day2 AM,60 Metres Hurdles Men,22 Mar 10:36,0,"x = 1199.44 + 600.40*t (n=2107 red lines, resid SD 0.28 px)",,https://media.aws.iaaf.org/competitiondocuments/waveform/7136586/M_60H_h_2.jpg,2026-09-29T09:37:37Z,WIC Nanjing Day2 AM 22 Mar 10:36 | Race : (003) 60 Metres Hurdles Men | Heat : 002 Attempt : 001 Ready Time : 3.197 sec
WIC2025-60mH-M-R1-H3,WIC,2025,60mH,M,R1,3,1,4.063,,,False,False,"OCR heat 2 != 3; hold > 2.0 s: 'set' marker outside the plot window, OCR value not cross-checked; unusually long hold (> 3.0 s); WIC2025 holds are systematically long (median ~3.2 s): the 'ready' trigger may differ at this meet; do not pool without checking",2,6,6,0,0,6,2,0.947,WIC Nanjing Day2 AM,60 Metres Hurdles Men,22 Mar 10:45,0,"x = 1199.44 + 600.40*t (n=2107 red lines, resid SD 0.28 px)",,https://media.aws.iaaf.org/competitiondocuments/waveform/7136586/M_60H_h_3.jpg,2026-09-29T09:37:40Z,WIC Nanjing Day2 AM 22 Mar 10:45 | Race : (003) 60 Metres Hurdles Men | Heat : 002 Attempt : 001 Ready Time : 4.063 sec
WIC2025-60mH-M-R1-H4,WIC,2025,60mH,M,R1,4,1,2.91,,,True,False,"hold > 2.0 s: 'set' marker outside the plot window, OCR value not cross-checked; WIC2025 holds are systematically long (median ~3.2 s): the 'ready' trigger may differ at this meet; do not pool without checking",4,7,7,5,7,7,5,0.967,WIC Nanjing Day2 AM,60 Metres Hurdles Men,,0,"x = 1199.44 + 600.40*t (n=2107 red lines, resid SD 0.28 px)",,https://media.aws.iaaf.org/competitiondocuments/waveform/7136586/M_60H_h_4.jpg,2026-09-29T09:37:42Z,WIC Nanjing Day2 AM 22 Mar10:54 | Race : (003) 60 Metres Hurdles Men | Heat: 004 Attempt : 001 Ready Time : 2.910 sec
WIC2025-60mH-M-R1-H5,WIC,2025,60mH,M,R1,5,1,2.672,,,True,False,"hold > 2.0 s: 'set' marker outside the plot window, OCR value not cross-checked; WIC2025 holds are systematically long (median ~3.2 s): the 'ready' trigger may differ at this meet; do not pool without checking",5,8,8,5,7,8,5,0.949,WIC Nanjing Day2 AM,60 Metres Hurdles Men,22 Mar 11:07,0,"x = 1199.44 + 600.40*t (n=2107 red lines, resid SD 0.28 px)",,https://media.aws.iaaf.org/competitiondocuments/waveform/7136586/M_60H_h_5.jpg,2026-09-29T09:37:45Z,WIC Nanjing Day2 AM 22 Mar 11:07 | Race : (003) 60 Metres Hurdles Men | Heat : 005 Attempt : 001 Ready Time : 2.672 sec
WIC2025-60mH-M-SF-H1,WIC,2025,60mH,M,SF,1,1,2.314,,,True,False,"hold > 2.0 s: 'set' marker outside the plot window, OCR value not cross-checked; WIC2025 holds are systematically long (median ~3.2 s): the 'ready' trigger may differ at this meet; do not pool without checking",1,8,8,6,8,8,5,0.905,WIC Nanjing Day2 PM,60 Metres Hurdles Men,22 Mar 19:52,0,"x = 1199.44 + 600.40*t (n=2107 red lines, resid SD 0.28 px)",,https://media.aws.iaaf.org/competitiondocuments/waveform/7136586/M_60H_sf_1.jpg,2026-09-29T09:37:46Z,WIC Nanjing Day2 PM 22 Mar 19:52 | Race : (014) 60 Metres Hurdles Men | Heat : 001 Attempt : 001 Ready Time : 2.314 sec
WIC2025-60mH-M-SF-H2,WIC,2025,60mH,M,SF,2,1,3.098,,,True,False,"hold > 2.0 s: 'set' marker outside the plot window, OCR value not cross-checked; unusually long hold (> 3.0 s); WIC2025 holds are systematically long (median ~3.2 s): the 'ready' trigger may differ at this meet; do not pool without checking",2,8,8,8,8,8,5,0.947,WIC Nanjing Day2 PM,60 Metres Hurdles Men,22 Mar 19:59,0,"x = 1199.44 + 600.40*t (n=2107 red lines, resid SD 0.28 px)",,https://media.aws.iaaf.org/competitiondocuments/waveform/7136586/M_60H_sf_2.jpg,2026-09-29T09:37:50Z,WIC Nanjing Day2 PM 22 Mar 19:59 | Race : (014) 60 Metres Hurdles Men | Heat : 002 Attempt : 001 Ready Time : 3.098 sec
WIC2025-60mH-M-SF-H3,WIC,2025,60mH,M,SF,3,1,3.896,,,True,False,"hold > 2.0 s: 'set' marker outside the plot window, OCR value not cross-checked; unusually long hold (> 3.0 s); WIC2025 holds are systematically long (median ~3.2 s): the 'ready' trigger may differ at this meet; do not pool without checking",3,8,8,8,8,8,5,0.95,WIC Nanjing Day2 PM,60 Metres Hurdles Men,22 Mar 20:09,0,"x = 1199.44 + 600.40*t (n=2107 red lines, resid SD 0.28 px)",,https://media.aws.iaaf.org/competitiondocuments/waveform/7136586/M_60H_sf_3.jpg,2026-09-29T09:37:53Z,WIC Nanjing Day2 PM 22 Mar 20:09 | Race : (014) 60 Metres Hurdles Men | Heat : 003 Attempt : 001 Ready Time : 3.896 sec
WIC2025-60mH-W-F-H1,WIC,2025,60mH,W,F,1,1,3.437,,,True,False,"hold > 2.0 s: 'set' marker outside the plot window, OCR value not cross-checked; unusually long hold (> 3.0 s); WIC2025 holds are systematically long (median ~3.2 s): the 'ready' trigger may differ at this meet; do not pool without checking",1,8,8,8,8,8,7,0.932,WIC Nanjing Day3 PM,60 Metres Hurdles Women,23 Mar 21:03,0,"x = 1199.44 + 600.40*t (n=2107 red lines, resid SD 0.28 px)",,https://media.aws.iaaf.org/competitiondocuments/waveform/7136586/W_60H_f_1.jpg,2026-09-29T09:38:28Z,WIC Nanjing Day3 PM 23 Mar 21:03 | Race :(014) 60 Metres Hurdles Women | Heat : 001 Attempt : 001 Ready Time : 3.437 sec
WIC2025-60mH-W-R1-H1,WIC,2025,60mH,W,R1,1,1,3.608,,,True,False,"hold > 2.0 s: 'set' marker outside the plot window, OCR value not cross-checked; unusually long hold (> 3.0 s); WIC2025 holds are systematically long (median ~3.2 s): the 'ready' trigger may differ at this meet; do not pool without checking",1,7,7,6,7,7,8,0.933,WIC Nanjing Day3 AM,60 Metres Hurdles Women,23 Mar 10:26,0,"x = 1199.44 + 600.40*t (n=2107 red lines, resid SD 0.28 px)",,https://media.aws.iaaf.org/competitiondocuments/waveform/7136586/W_60H_h_1.jpg,2026-09-29T09:38:31Z,WIC Nanjing Day3 AM 23 Mar 10:26 | Race :(003) 60 Metres Hurdles Women | Heat : 001 Attempt : 001 Ready Time : 3.608 sec
WIC2025-60mH-W-R1-H2,WIC,2025,60mH,W,R1,2,1,3.962,,,True,False,"hold > 2.0 s: 'set' marker outside the plot window, OCR value not cross-checked; unusually long hold (> 3.0 s); WIC2025 holds are systematically long (median ~3.2 s): the 'ready' trigger may differ at this meet; do not pool without checking",2,7,7,7,7,7,2,0.947,WIC Nanjing Day3 AM,60 Metres Hurdles Women,23 Mar 10:34,0,"x = 1199.44 + 600.40*t (n=2107 red lines, resid SD 0.28 px)",,https://media.aws.iaaf.org/competitiondocuments/waveform/7136586/W_60H_h_2.jpg,2026-09-29T09:38:34Z,WIC Nanjing Day3 AM 23 Mar 10:34 | Race :(003) 60 Metres Hurdles Women | Heat : 002 Attempt : 001 Ready Time : 3.962 sec
WIC2025-60mH-W-R1-H3,WIC,2025,60mH,W,R1,3,1,4.239,,,True,False,"hold > 2.0 s: 'set' marker outside the plot window, OCR value not cross-checked; unusually long hold (> 3.0 s); WIC2025 holds are systematically long (median ~3.2 s): the 'ready' trigger may differ at this meet; do not pool without checking",3,7,7,5,7,7,7,0.958,WIC Nanjing Day3 AM,60 Metres Hurdles Women,,0,"x = 1199.44 + 600.40*t (n=2107 red lines, resid SD 0.28 px)",,https://media.aws.iaaf.org/competitiondocuments/waveform/7136586/W_60H_h_3.jpg,2026-09-29T09:38:36Z,WIC Nanjing Day3 AM 23 Mar10:44 | Race :(003) 60 Metres Hurdles Women | Heat : 003 Attempt : 001 Ready Time : 4.239 sec
WIC2025-60mH-W-R1-H4,WIC,2025,60mH,W,R1,4,1,3.678,,,True,False,"hold > 2.0 s: 'set' marker outside the plot window, OCR value not cross-checked; unusually long hold (> 3.0 s); WIC2025 holds are systematically long (median ~3.2 s): the 'ready' trigger may differ at this meet; do not pool without checking",4,7,7,5,7,7,7,0.97,WIC Nanjing Day3 AM,60 Metres Hurdles Women,,0,"x = 1199.44 + 600.40*t (n=2107 red lines, resid SD 0.28 px)",,https://media.aws.iaaf.org/competitiondocuments/waveform/7136586/W_60H_h_4.jpg,2026-09-29T09:38:40Z,WIC Nanjing Day3 AM 23 Mar10:50 | Race :(003) 60 Metres Hurdles Women | Heat: 004 Attempt : 001 Ready Time : 3.678 sec
WIC2025-60mH-W-R1-H5,WIC,2025,60mH,W,R1,5,1,3.865,,,True,False,"hold > 2.0 s: 'set' marker outside the plot window, OCR value not cross-checked; unusually long hold (> 3.0 s); WIC2025 holds are systematically long (median ~3.2 s): the 'ready' trigger may differ at this meet; do not pool without checking",5,7,7,7,7,7,4,0.949,WIC Nanjing Day3 AM,60 Metres Hurdles Women,23 Mar 10:59,0,"x = 1199.44 + 600.40*t (n=2107 red lines, resid SD 0.28 px)",,https://media.aws.iaaf.org/competitiondocuments/waveform/7136586/W_60H_h_5.jpg,2026-09-29T09:38:43Z,WIC Nanjing Day3 AM 23 Mar 10:59 | Race :(003) 60 Metres Hurdles Women | Heat : 005 Attempt : 001 Ready Time : 3.865 sec
WIC2025-60mH-W-SF-H1,WIC,2025,60mH,W,SF,1,1,3.268,,,True,False,"hold > 2.0 s: 'set' marker outside the plot window, OCR value not cross-checked; unusually long hold (> 3.0 s); WIC2025 holds are systematically long (median ~3.2 s): the 'ready' trigger may differ at this meet; do not pool without checking",1,8,8,7,8,8,6,0.933,WIC Nanjing Day3 PM,60 Metres Hurdles Women,23 Mar 19:36,0,"x = 1199.44 + 600.40*t (n=2107 red lines, resid SD 0.28 px)",,https://media.aws.iaaf.org/competitiondocuments/waveform/7136586/W_60H_sf_1.jpg,2026-09-29T09:38:46Z,WIC Nanjing Day3 PM 23 Mar 19:36 | Race : (006) 60 Metres Hurdles Women | Heat : 001 Attempt : 001 Ready Time : 3.268 sec
WIC2025-60mH-W-SF-H2,WIC,2025,60mH,W,SF,2,1,3.25,,,True,False,"hold > 2.0 s: 'set' marker outside the plot window, OCR value not cross-checked; unusually long hold (> 3.0 s); WIC2025 holds are systematically long (median ~3.2 s): the 'ready' trigger may differ at this meet; do not pool without checking",2,8,8,8,8,8,8,0.947,WIC Nanjing Day3 PM,60 Metres Hurdles Women,23 Mar 19:46,0,"x = 1199.44 + 600.40*t (n=2107 red lines, resid SD 0.28 px)",,https://media.aws.iaaf.org/competitiondocuments/waveform/7136586/W_60H_sf_2.jpg,2026-09-29T09:38:49Z,WIC Nanjing Day3 PM 23 Mar 19:46 | Race : (006) 60 Metres Hurdles Women | Heat : 002 Attempt : 001 Ready Time : 3.250 sec
WIC2025-60mH-W-SF-H3,WIC,2025,60mH,W,SF,3,1,3.523,,,True,False,"hold > 2.0 s: 'set' marker outside the plot window, OCR value not cross-checked; unusually long hold (> 3.0 s); WIC2025 holds are systematically long (median ~3.2 s): the 'ready' trigger may differ at this meet; do not pool without checking",3,8,8,7,8,8,1,0.954,WIC Nanjing Day3 PM,60 Metres Hurdles Women,,0,"x = 1199.44 + 600.40*t (n=2107 red lines, resid SD 0.28 px)",,https://media.aws.iaaf.org/competitiondocuments/waveform/7136586/W_60H_sf_3.jpg,2026-09-29T09:38:51Z,WIC Nanjing Day3 PM 23Mar 19:53 | Race : (006) 60 Metres Hurdles Women | Heat : 003 Attempt : 001 Ready Time : 3.523 sec
