TNRYDxRHfpA\t1062\tNA\tFull Men's 5000m Final | World Athletics Ultimate Championship
pqDDez5nfVg\t1158\tNA\tFull Women's 5000m Final | World Athletics Ultimate Championship
BDcFxKYkI0Q\t883\tNA\tFull Men's 400m Semi Finals & Final | World Athletics Ultimate Championship
Ma2mtj36TIc\t919\tNA\tFull Women's 400m Semi Finals & Final | World Athletics Ultimate Championship
OtZVo1gywdo\t1006\tNA\tFull Men's 800m Semi Finals & Final | World Athletics Ultimate Championship
O59zfi3u3Os\t1073\tNA\tFull Women's 800m Semi Finals & Final | World Athletics Ultimate Championship
UH4v0SEkKWo\t1099\tNA\tFull Men's 110m Hurdles Semi Finals & Final | World Athletics Ultimate Championship
2TSNm7ZrPlA\t898\tNA\tFull Men's 200m Semi Finals & Final | World Athletics Ultimate Championship
ir3vG1OCZB8\t983\tNA\tFull Women's 400m Hurdles Semi Finals & Final | World Athletics Ultimate Championship
2mnA8lOiu1s\t909\tNA\tFull Men's 400m Hurdles Semi Finals & Final | World Athletics Ultimate Championship
O8jPYCbTUog\t918\tNA\tFull Women's 200m Semi Finals & Final | World Athletics Ultimate Championship
xx1_5IlQVwM\t773\tNA\tFull Women's 100m Hurdles Semi Finals & Final | World Athletics Ultimate Championship
WZnndIdfmA0\t1114\tNA\tFull Men's 100m Semi Finals & Final | World Athletics Ultimate Championship
pzF2HH7VFXA\t1208\tNA\tFull Women's 100m Semi Finals & Final | World Athletics Ultimate Championship
YtoCjDtYTWw\t2844\tNA\tDay 2 Extended Highlights | World Road Running Championships Copenhagen 26
vLMOjfmkmFE\t3141\tNA\tFull Women's 400m Heats, Semi-finals & Finals | World Athletics U20 Championships 2024
flVwZFh4r6k\t2909\tNA\tDay 1 Extended Highlights | World Road Running Championships Copenhagen 26
wd9wPHQfQQY\t508\tNA\tDay 2 Full Highlights | World Road Running Championships Copenhagen 26
wM8YAVdIxzY\t256\tNA\tWomen's Half Marathon | World Road Running Championships Copenhagen 26
ikBPjiZ2nv0\t258\tNA\tMen's Half Marathon | World Road Running Championships Copenhagen 26
T6NEvehMCoE\t597\tNA\tDay 1 Full Highlights | World Road Running Championships Copenhagen 26
r1pR9SgiQhQ\t194\tNA\tMen's 5k Full Highlight | World Road Running Championships Copenhagen 26
dvSIjCBelAQ\t164\tNA\tWomen's 5km Full Highlight | World Road Running Championships Copenhagen 26
SMCv1bcu46M\t71\tNA\tWomen's Mile Full Highlight | World Road Running Championships Copenhagen 26
AMqsDjn-r7U\t71\tNA\tMen's Mile Full Highlight | World Road Running Championships Copenhagen 26
VGEP4NM60-c\t1039\tNA\tDay 3 Extended Highlights | World Athletics Ultimate Championship
1qZQ5akjdl4\t848\tNA\tDay 2 Extended Highlights | World Athletics Ultimate Championship
D2WgEVF4VVs\t21\tNA\tKenny Bednarek completes the sprint double with 19.52 | World Athletics Ultimate Championship
s4LUGlKrLf4\t21\tNA\tMelissa Jefferson-Wooden STORMS to 21.49 over 200m | World Athletics Ultimate Championship
YFxO9awTmu8\t170\tNA\tDay 3 Full Highlights | World Athletics Ultimate Championship
LdSUKjAG3-0\t185\tNA\tDay 2 Full Highlights | World Athletics Ultimate Championship
byiAoNmAy8k\t26\tNA\tWerro holds strong to win highlight anticipated 800m battle | World Athletics Ultimate Championship
Ly0Gyu6ZSLs\t26\tNA\tMelissa Jefferson-Wooden comes from behind to win in 10.62 | World Athletics Ultimate Championship
i77QQ197rnw\t26\tNA\tKenny Bednarek is the ultimate 100m champion in Budapest | World Athletics Ultimate Championship
Hcn8keWu6_s\t987\tNA\tDay 1 Extended Highlights - World Athletics Ultimate Championship
yaw5_mUtsLE\t198\tNA\tDay 1 Full Highlights | World Athletics Ultimate Championship
j3ZmIxPit1s\t31\tNA\tJa'Kobe Tharp outdips Cordell Tinch on the line for the win | World Athletics Ultimate Championship
HSsA4J3jSlc\t31\tNA\tMasai Russell is unbreakable over 100m hurdles in Budapest | World Athletics Ultimate Championship
chfV_VRM1Uk\t30\tNA\tJakob Ingebrigtsen surges in final metres to win 5000m gold | World Athletics Ultimate Championship
pwcZ8pbIOWw\t759\tNA\tMen's 200m Lane Draft - World Athletics Ultimate
AZYgerN75Q4\t695\tNA\tWomen's 200m Lane Draft - World Athletics Ultimate Championship
a2R6qxmIfYU\t3151\tNA\tFull Women's 100m Hurdles Heats, Semi-finals & Final | World Athletics Championships Tokyo 25
nylUSQZsx3c\t5717\tNA\tFull Men's Javelin Throw Final | World Athletics Championships Tokyo 25
NjJAn9hcsv8\t2763\tNA\tFull Men's 200m Heats, Semi-finals & Final | World Athletics Championships Tokyo 25
qZhtv8Y_IEg\t3030\tNA\tFull Women's 400m Hurdles Heats, Semi-finals & Final | World Athletics Championships Tokyo 25
ZhVl_gqnjxs\t2723\tNA\tIron Sharpens Iron: M11 Group Documentary
hYNn274km00\t2664\tNA\tFull Men's 400m Hurdles Heats, Semi-finals & Final | World Athletics Championships Tokyo 25
E6U7JJn7AHk\t10273\tNA\tFull Women's Pole Vault Final | World Athletics Championships Tokyo 25
aQAqJv1t9BM\t3639\tNA\tFull Men's 800m Heats, Semi-finals & Final | World Athletics Championships Tokyo 25
fBQrP17NHZg\t12841\tNA\tFull Men's Pole Vault Final | World Athletics Championships Tokyo 25
DVNn9o0UHX8\t5635\tNA\tFull Men's Hammer Throw Final | World Athletics Championships Tokyo 25
Hi3yMWh9q5A\t182\tNA\tMemorial Van Damme Highlights (Diamond League Final) | Wanda Diamond League
i8spi5W5Wyc\t4128\tNA\tFull Men's 100m Heats, Semi-finals & Final | World Athletics Championships Tokyo 25
2McuUM2729o\t3168\tNA\tFull Women's 100m Heats, Semi-finals & Final | World Athletics Championships Tokyo 25
7tWGTBR5N_A\t1064\tNA\tIron Sharpens Iron: Star Athletics Group Documentary
dWV-SNRwbZY\t2560\tNA\tFull Men's 110m Hurdles Heats, Semi-finals & Final | World Athletics Championships Tokyo 25
AXbIf9u_G70\t3818\tNA\tFull Women's 200m Heats, Semi-finals & Final | World Athletics Championships Tokyo 25
SdlCFUcY-JQ\t10311\tNA\tFull Women's High Jump Final | World Athletics Championships Tokyo 25
QzMpVGSIwQ0\t4849\tNA\tFull Men's 400m Heats, Semi-finals & Final | World Athletics Championships Tokyo 25
XBMxfdPelmg\t3059\tNA\tFull Men's 1500m Heats, Semi-finals & Final | World Athletics Championships Tokyo 25
y3muXeSehxo\t3531\tNA\tFull Women's 800m Heats, Semi-finals & Final | World Athletics Championships Tokyo 25
iK6vqMo609k\t183\tNA\tWeltklasse Zürich Highlights | Wanda Diamond League
68vS6HrHWhQ\t39\tNA\tWORLD RECORD for Masai Russell in the 100m hurdles with 12.09 in Zurich | Wanda Diamond League
n1GdpSdHbIw\t41\tNA\tJulien Alfred out dips Melissa Jefferson-Wooden by 0.005 seconds with 10.70 | Wanda Diamond League
A5f0zVpNAs4\t47\tNA\tWORLD RECORD for Alison Dos Santos over 400m hurdles with 45.80 #DiamondLeague
1O1I8KgsGYA\t2012\tNA\tIron Sharpens Iron: Papendal Training Group Documentary
JaEDU4msW60\t3308\tNA\tFull Men's 200m Heats, Semi-finals & Finals | World Athletics U20 Championships 2024
tvM5SzdvsG4\t1593\tNA\tFull Men's 5000m Final | World Athletics Championships Tokyo 25
ntbFe6G4aNk\t5596\tNA\tFull Women's Javelin Throw Final | World Athletics Championships Tokyo 25
CRoUgLN00os\t6237\tNA\tFull Men's Long Jump Final | World Athletics Championships Tokyo 25
i1k3ckPoLZk\t43\tNA\tStrand knocks out Olympic and world champions for 1500m win in Silesia | Wanda Diamond League
zAqefIdY3WY\t194\tNA\tMemoria Kamili Skolimowskie Highlights | Wanda Diamond League
jEVQplk_HCE\t44\tNA\tMelissa Jefferson-Wooden defends Silesia title in fierce head to head | Wanda Diamond League
uuRbGS_Lyqg\t43\tNA\tOblique Seville with the STARE DOWN clocks meeting record of 9.83 in Silesia | Wanda Diamond League
KSrOcyMbd9Q\t44\tNA\tTHAT WAS CLOSE - Ja’Kobe Tharp takes 110m hurdles win in Silesia thriller | Wanda Diamond League
3kuk9K-8cdQ\t44\tNA\tCollen Kebinatshipi dominates over 400m with meeting record of 43.59 | Wanda Diamond League
dtF3mj_AdnQ\t6447\tNA\tFull Women's Triple Jump Final | World Athletics Championships Tokyo 25
AhpVt3SuWdM\t2323\tNA\tFull Men's 10,0000m Final | World Athletics Championships Tokyo 25
PNYq6L3NzfE\t189\tNA\tAthletissima Highlights | Wanda Diamond League
2mxNSyzAQsc\t188\tNA\tMondo - Gold (Official Ultimate Anthem)
05L1HI2Wu1U\t6181\tNA\tFull Women's Long Jump Final | World Athletics Championships Tokyo 25
Mn6GZc0s6EM\t3443\tNA\tFull Men's 400m Heats, Semi-finals & Finals | World Athletics U20 Championships 2024
S6oqoDq5MbA\t708\tNA\tAudrey Werro | World Record Territory
5BsutLoc4bU\t2404\tNA\tDay 5 - Extended Highlights | World U20 Championships Oregon 26
b7E7HHTkadQ\t2414\tNA\tDay 4 - Extended Highlights | World U20 Championships Oregon 26
TIjJdpjPkdQ\t723\tNA\tDay 5 - Full Highlights | World U20 Championships Oregon 26
McnKzcpBBFI\t735\tNA\tDay 4 - Full Highlights | World U20 Championships Oregon 26
9gBzG9lyJBY\t2696\tNA\tDay 3 - Extended Highlights | World U20 Championships Oregon 26
Av8y2CPku90\t25\tNA\tWorld U20 record for Isaac Beacroft in the 5000m race walk | World U20 Championships Oregon 26
Jc9E64TOMqI\t156\tNA\tWorld record lights up day 4 morning sessions | World U20 Championships Oregon 26
p3gR3muZf7s\t651\tNA\tDay 3 - Full Highlights | World U20 Championships Oregon 26
lOAe9M4z9LE\t2653\tNA\tDay 2 - Extended Highlights | World U20 Championships Oregon 26
mn4Lqj4AoQI\t154\tNA\tU20 area record steals the show during day 3 morning session | World U20 Championships Oregon 26
1F5e53KjvbY\t625\tNA\tDay 2 - Full Highlights | World Athletics U20 Championships Eugene 26
XMDmKEZOTIU\t2582\tNA\tDay 1 - Extended Highlights | World U20 Championships Oregon 26
QVZmvpQTBP4\t156\tNA\tWorld record spices up day 2 morning session in Eugene | World U20 Championships Oregon 26
3UWczm20-Vs\t471\tNA\tDay 1 - Full Highlights | World U20 Championships Oregon 2026
va_3R1gvUYQ\t145\tNA\tFast times set the pace in Eugene | World U20 Championships Oregon 26
nvOmPS10F8c\t1229\tNA\tMutaz Barshim | Soaring
T3PniXgOd4o\t253\tNA\tSafeguarding for Athletes | World Athletics
wdj6ygV9g34\t3603\tNA\tFull Men's 100m Heats, Semi-finals & Finals | World Athletics U20 Championships 2024
yL9lxHwePeo\t578\tNA\tRaw Cut - Jamaican Championships 2026
xt_Yzty8FN8\t1125\tNA\tNoah Lyles: The journey to greatness 
xh9m3Yw0ycQ\t191\tNA\tLondon Athletics Meeting Highlights | Wanda Diamond League
wQ7uTKlg2Us\t48\tNA\tJosh Kerr smashes the men's mile world record at home | Wanda Diamond League
sdG-73O-o6A\t411\tNA\tGyulai István Memorial Extended Highlights | Continental Tour Gold 26
uDVWBwiq494\t221\tNA\tBig performances close out Conti Tour in Budapest | Continental Tour Gold 2026
WVrc0k1z0Uw\t211\tNA\tMeeting Herculis Highlights | Wanda Diamond League
bZuNB1J4uBE\t216\tNA\tPrefontaine Classic Highlights | Wanda Diamond League
WmnwHVoLgUU\t217\tNA\tMeeting de Paris Highlights | Wanda Diamond League
T4VxDZyDhjU\t445\tNA\t76th Boris Hanžekovi Memorial | Continental Tour Gold 26
fiipSdakjAM\t260\tNA\tWorld lead and smashed records light up Zagreb | Continental Tour Gold 26
pE9d4FjPhGI\t3037\tNA\tFull Women's 4x400m Heats & Final | World Athletics Relays Gaborone 26
5eg8MORmjRo\t2991\tNA\tFull Mixed 4x400m Heats & Final | World Athletics Relays Gaborone 26
WB0zjQcgqKY\t362\tNA\tFBK Games - Extended Highlights | Continental Tour Gold 26
OlZT-vTlFkQ\t246\tNA\tHengelo delivers as home soil stars light up the FBK Games 26 | Continental Tour Gold
0V__rtaOri8\t187\tNA\tMazzraty Doha Meeting Highlights | Wanda Diamond League
LZkIdMA_eZU\t47\tNA\tMarileidy Paulino shines again with 48.91 in Doha | Wanda Diamond League
rLxCB-rHlL4\t40\tNA\tDavisleydi Velazco joins the 15m club in Doha | Wanda Diamond League
ulKgBGvfvH8\t2065\tNA\tFull Men's 4x100m Heats & Final | World Athletics Relays Gaborone 26
9quHaZmKAQU\t373\tNA\tOstrava Golden Spike - Extended Highlights | Continental Tour Gold 26
Y2NNxpRJN3Q\t439\tNA\tUSATF Los Angeles Grand Prix - Extended Highlights | Continental Tour Gold 26
31EyfXw5eTU\t211\tNA\tWorld best and records fall in Ostrava | Continental Tour Gold 26
2FiIzZ5cfkA\t45\tNA\tNoah Lyles storms to a WORLD BEST of 14.67 over 150m | Continental Tour Gold 26
HWpQDs5Mb_M\t1951\tNA\tFull Women's 4x100m Heats & Final | World Athletics Relays Gaborone 26
HchuRcgkW0Y\t31\tNA\tSha'Carri Richardson is BACK with 10.99 win over 100m in LA | Continental Tour Gold 26
nOMqpXuly6s\t46\tNA\tTara Davis-Woohall FLIES to massive 7.20m world lead in Los Angeles | Continental Tour Gold 26
XvnPZKC_NGQ\t281\tNA\tBarriers broken and world leads shake the USATF Los Angeles Grand Prix | Continental Tour Gold 26
iYDgEmF3AYY\t3462\tNA\tFull Men's 4x400m Heats & Final | World Athletics Relays Gaborone 26
FzngQ-P7wgw\t192\tNA\tBislett Games Highlights | Wanda Diamond League
doG_A3cUUlo\t49\tNA\tCooper Lutkenhaus out dips Emmanuel Wanyonyi with 1:42.08 | Wanda Diamond League
yFnCjELCuGM\t2730\tNA\tFull Mixed 4x100m Heats & Final | World Athletics Relays Gaborone 26
vC13m8PfXwE\t548\tNA\tUSATF Lone Star Grand Prix - Extended Highlights | Continental Tour Gold 26
hYkSRjkO71Y\t40\tNA\tYared Nuguse wins the 1500m in 3:30.11 with a late kick in Stockholm | Wanda Diamond League
9CHt3gMh1uA\t43\tNA\tKurtis Marschall ends Mondo Duplantis’ 40-win streak in Stockholm | Wanda Diamond League
FV1323SzMTI\t41\tNA\tKaptcha wins the women's long jump by 1cm with 6.85m in Stockholm | Wanda Diamond League
MlmCOKAS5eY\t43\tNA\tKenny Bednarek storms to 19.87 to take the 200m win in Stockholm | Wanda Diamond League
UG0u0eoeswU\t45\tNA\tAudrey Werro breaks 1:54 in a historic 800m race | Wanda Diamond League
m132FZiHmIo\t38\tNA\tMelissa Jefferson-Wooden storms to 10.84 in the 100m to win in Stockholm | Wanda Diamond League
8buI-wFw_HA\t256\tNA\tWorld leads, photo finishes and drama under the Texas sun | Continental Tour Gold 26
8kdoysSgMZM\t43\tNA\tGeorgia Hunter-Bell storms to 3:58.63 with final sprint over 1500m | Wanda Diamond League
1stSUcS3dBo\t45\tNA\tNoah Lyles dominates the field in Rome with 9.88 | Wanda Diamond League
qYWwZOY8t_I\t43\tNA\tAlfred edges out Jefferson-Wooden in epic 200m showdown with 21.93 | Wanda Diamond League
UDSkCM4u-kQ\t45\tNA\tAmebaw shocks with final surge in 5000m to win in 14:18.41 | Wanda Diamond League
RBFK6Xd5vFc\t39\tNA\tHenriette Jæger streaks past field in 400m for late win with 49.60 | Wanda Diamond League
zmH_F_CyoVo\t438\tNA\tPaavo Nurmi Games - Extended Highlights | Continental Tour Gold 26
EeBA0s8t6_c\t275\tNA\tWorld lead, massive PBs and 6m cleared at the Paavo Nurmi Games 2026 | Continental Tour Gold 26
gqSKFw5f8J8\t1304\tNA\tBest of Australia | World Athletics Relays Gaborone 2026
FbJ3t9-uQ4Y\t50\tNA\tHome glory in the 3000m steeplechase for El Bakkali in Rabat | Wanda Diamond League
KwD8eAmSeUk\t38\tNA\tNina Kennedy is back on top in Rabat's pole vault | Wanda Diamond League
3feLFjeupF0\t43\tNA\tDouble world champion Anderson Peters powers to javelin win in Rabat | Wanda Diamond League
RZQqraV4GcI\t42\tNA\tMax Burgin clears the 800m field in Rabat | Wanda Diamond League
rE_rRHKtjqU\t42\tNA\tTina Clayton sets the track on fire taking the 100m win in 10.85 | Wanda Diamond League
e0-uqDaycmY\t43\tNA\tZapletalová stuns in the 400m hurdles with 52.82 national record in Rabat | Wanda Diamond League
vMhjyokSwN0\t475\tNA\t8th Irena Szewinska Memorial - Extended Highlights | Continental Tour Gold 26
ruCZxN9Zamw\t276\tNA\tA night of PBs, photo finishes and home wins at Irena Szewiska Memorial | Continental Tour Gold 26
RUNzWaOYmRo\t485\tNA\tFull Women's Pentathlon  | World Indoor Championships Kujawy Pomorze 26
TdXoJ9olQhs\t1033\tNA\tSimon Ehammer's Record Journey: The Athlete who can really do it all 
z8WcK7isNxo\t403\tNA\tFull Men's Heptathlon  | World Indoor Championships Kujawy Pomorze 26
Nqlh7AyuQGw\t38\tNA\tValarie Sion launches 68.45m for the win in Xiamen | Wanda Diamond League
SDMH0BfUANM\t43\tNA\tMasai Russell inches closer to 100m hurdles world record with 12.14 | Wanda Diamond League
v4GqdkNJjYo\t42\tNA\tOmanyala tears up the field in Xiamen with 9.94 over 100m | Wanda Diamond League
vOS7443_lQo\t42\tNA\tTentoglou clears the field with 8.46m long jump in Xiamen | Wanda Diamond League
PiMjFtq2Bj0\t42\tNA\tShericka Jackson continues 200m domination with 21.87 in Xiamen | Wanda Diamond League
cYyVKabMzEc\t47\tNA\tKebinatshipi is unstoppable over 400m in Xiamen with 43.92 world lead | Wanda Diamong League
bSjAdSE8bgw\t710\tNA\tFull Mixed 4x400m Final  | World Indoor Championships Kujawy Pomorze 26
kW0ZclQb278\t624\tNA\tFull Women's 4x400m Final  | World Indoor Championships Kujawy Pomorze 26
ms34554eJJo\t688\tNA\tFull Men's 4x400m Final  | World Indoor Championships Kujawy Pomorze 26
THAlWxVuzlY\t585\tNA\tFull Women's Pole Vault Final  | World Indoor Championships Kujawy Pomorze 26
309D1swU7Ds\t921\tNA\tA Nation’s Heroes | Botswana's Golden Relay Era 
UXt24M73En0\t1331\tNA\tBest of Canada | World Athletics Relays Gaborone 2026
TgKEvjx6-AQ\t620\tNA\tFull Men's Pole Vault Final  | World Indoor Championships Kujawy Pomorze 26
cfJlNn5kZog\t570\tNA\tFull Women's Long Jump Final  | World Indoor Championships Kujawy Pomorze 26
vog-uPHxxDg\t433\tNA\tSeiko Golden Grand Prix - Extended Highlights | Continental Tour Gold 26
jjPcC6LSSF8\t639\tNA\tFull Men's Long Jump Final  | World Indoor Championships Kujawy Pomorze 26
rV4sUa3Y3I4\t236\tNA\tBig wins and fast action at the Seiko Golden Grand Prix | Continental Tour Gold 26
ic7vkNDEFuI\t35\tNA\tOlympic champ Noah Lyles delivers in Tokyo with 9.95 over 100m | Continental Tour Gold 26
LizKU0ZUDds\t31\tNA\tJordan Anthony clocks smoothest 20.05 over 200m in Tokyo | Continental Tour Gold 26
jfxUhDadbv4\t635\tNA\tFull Women's 800m Final  | World Indoor Championships Kujawy Pomorze 26
UQ1Mvrb-g78\t48\tNA\tDos Santos outdips Warholm for 300m hurdles win with 33.01 world lead | Wanda Diamond League
4QOdf0gBuDA\t38\tNA\tMasai Russell fires to 12.25 100m hurdles in stacked Shanghai field | Wanda Diamond League
oD4VSo0x4Uc\t41\tNA\tShericka Jackson makes statement 200m win in Shanghai with 22.07 | Wanda Diamond League
npXjbiMgOzg\t41\tNA\tLeotlela storms to photo finish win in the 100m with 9.97 | Wanda Diamond League
go2RAA2tWww\t43\tNA\tKipyegon holds on in tight 5000m finish to win in Shanghai  | Wanda Diamond League
Fzaq_IBVq2w\t43\tNA\tDuplantis soars to meeting record of 6.12m in Shanghai | Wanda Diamond League
o1ztD5QsUf0\t597\tNA\tFull Men's 800m Final  | World Indoor Championships Kujawy Pomorze 26
k7EvgO5Mz4E\t528\tNA\tFull Women's 1500m Final  | World Indoor Championships Kujawy Pomorze 26
uUDeDzp1wPM\t36\tNA\tChina qualify for Beijing World Championships in men’s 4x100m | World Athletics Relays Gaborone 2026
LGWz74Jv_YQ\t1975\tNA\tAll finals | World Athletics Relays Gaborone 26
l3Jhe9CZxwo\t584\tNA\tFull Men's 1500m Final  | World Indoor Championships Kujawy Pomorze 26
PsKS7vsZumU\t778\tNA\tBest of Jamaica | World Athletics Relays Gaborone 2026
vH_HB9i9t2o\t35\tNA\tIreland dominate the 2nd round of women's 4x400m heats in Gaborone | World Athletics Relays 2026
GpLGLSi5RzU\t3842\tNA\tFull Women's 60m Hurdles Heats + Semis + Final  | World Indoor Championships Kujawy Pomorze 26
RvJTEuotzhc\t35\tNA\tChina secure Beijing qualification in women’s 4x100m | World Athletics Relays Gaborone 2026
6OeLLKS5EoA\t2453\tNA\tTop 10 Moments from the World Athletics Relays Gaborone 2026
n6ZXh5py-hA\t602\tNA\tFull Women's Shot Put Final  | World Indoor Championships Kujawy Pomorze 26
g9gPoCs0eZE\t149\tNA\t2nd World Record for Team Jamaica in the Mixed 4x100m | World Athletics Relays Gaborone 26
NQO6-aTRi18\t35\tNA\tMASSIVE COMEBACK for Canada in the mixed 4x400m | World Athletics Relays Gaborone 2026
fSs96a0orS8\t438\tNA\tFull Women's Triple Jump Final  | World Indoor Championships Kujawy Pomorze 26
ZaTATfiLqzc\t35\tNA\tJapan impress in men’s 4x400m heats for qualification | World Athletics Relays Gaborone 2026
OtkTaW2TqoI\t35\tNA\tDosso anchors Italy to qualification in the mixed 4x100m | World Athletics Relays Gaborone 2026
Q6rmQ1pnKKw\t645\tNA\tFull Men's Shot Put Final  | World Indoor Championships Kujawy Pomorze 26
-npQOvGN1bs\t35\tNA\tSpain vs USA duel lights up mixed 4x400m heats | World Athletics Relays Gaborone 2026
njz473T2QnA\t25\tNA\tSouth Africa lead men’s 4x400m battle to the line | World Athletics Relays Gaborone 2026
GwS9qm6WRiM\t650\tNA\tFull Men's 400m Final  | World Indoor Championships Kujawy Pomorze 26
xqFprTuRIMI\t36\tNA\tJamaica dominate women’s 4x100m in Gaborone | World Athletics Relays Gaborone 2026
TNcYrX_t014\t910\tNA\tFull Women's 3000m Final  | World Indoor Championships Kujawy Pomorze 26
5091bM7ftME\t36\tNA\tGreat Britain & NI set world lead in women’s 4x400m | World Athletics Relays Gaborone 2026
YOhk06BYU8E\t50\tNA\tAustralia deny Botswana a home win in men's 4x400m heats | World Athletics Realys Gaborone 26
XV8GEq9jOmc\t748\tNA\tFull Men's 3000m Final  | World Indoor Championships Kujawy Pomorze 26
peOmuLyv9os\t35\tNA\tDefending champ Canada set world record in mixed 4x100m heats | World Athletics Relays Gaborone 2026
5IbMye9MHSM\t41\tNA\tUSA win men’s 4x100m heats as Botswana light up home crowd | World Athletics Relays Gaborone 2026
15DYjDsVp9g\t35\tNA\tAkani Simbine anchors South Africa's 4x100m team to victory | World Athletics Relays Gaborone 2026
sBTkUteSdVo\t620\tNA\tFull Men's High Jump Final  | World Indoor Championships Kujawy Pomorze 26
7zV244onucM\t37\tNA\tGB & NI run 2nd-fastest mixed 4x400m in World Relays heats | World Athletics Relays Gaborone 2026
V9pP8x5G6vA\t36\tNA\tNorway edge out Spain in women’s 4x400m final for gold | World Athletics Relays Gaborone 2026
mHN7-3zLO_g\t2245\tNA\tFull Extended Highlights - Day 2 | World Athletics Relays Gaborone 26
PKTl0Xs6A74\t607\tNA\tFull Women's High Jump Final  | World Indoor Championships Kujawy Pomorze 26
3qfTKkoZ81k\t35\tNA\tAustralia nail dramatic women’s 4x100m finish in Gaborone | World Athletics Relays Gaborone 2026
E7GzCqjG4Ig\t35\tNA\tUSA clinch mixed 4x400m title with championship record | World Athletics Relays Gaborone 2026
yHCh3qho5uM\t2653\tNA\tFull Extended Highlights - Day 1| World Athletics Relays Gaborone 26
4Zt9W36UGKM\t390\tNA\tElectric showdowns light up Gaborone - Full Highlights Day 2 | World Athletics Gaborone Relays 26
LgS00x0bQeY\t35\tNA\tElaine Thompson-Herah anchors team Jamaica to 4x100m win | World Athletics Relays Gaborone 26
sUVDXM6GVm8\t41\tNA\tBotswana IGNIGHT home crowd with men's 4x400m relay gold | World Athletics Relays Gaborone 26
dF1LGQVp92E\t56\tNA\tJamaica break their own world record in the mixed 4x100m | World Athletics Relays Gaborone 26
hE6_ffPtrkc\t452\tNA\tPure relay emotion in Gaborone - Full Highlights Day 1 | World Athletics Gaborone Relays 26
34mHn7BaBAE\t126\tNA\tWORLD RECORD for team Jamaica in the mixed 4x100m with 39.99  | World Athletics Relays Gaborone 26
1FGkg6iF16w\t539\tNA\tFull Men's Triple Jump Final | World Indoor Championships Kujawy Pomorze 26
OCPfn4t16pU\t3797\tNA\tFull Men's 60m Hurdles Heats + Semis + Final | World Indoor Championships Kujawy Pomorze 26
e31p1vpwvtk\t710\tNA\tFull Mixed 4x400m Final  | World Indoor Championships Kujawy Pomorze 26
b-nz0N_PWxc\t590\tNA\tFull Women's 400m Final | World Indoor Championships Kujawy Pomorze 26
ifrkWFqSLuM\t490\tNA\tMaurie Plant Meet - Extended Highlights | Continental Tour Gold 26
Y7P0eo32UjI\t515\tNA\tKip Keino Classic - Extended Highlights | Continental Tour Gold 26
i1acXl4Q2Ng\t3446\tNA\tFull Women's 60m Heats + Semis + Final  | World Indoor Championships Kujawy Pomorze 26
9o--_TSqYIw\t265\tNA\tWorld leads and meeting records shake up Kip Keino Classic in Nairobi | Continental Tour Gold 26
ZIakChT7Mro\t3329\tNA\tFull Men's 60m Heats + Semis + Final  | World Indoor Championships Kujawy Pomorze 26
g5wBtf6zp8k\t3274\tNA\tFull Mixed 4x400m Heats & Final | World Athletics Relays Guangzhou 25
oNMbq7DfRvI\t3145\tNA\tFull Women's 4x400m Heats & Final | World Athletics Relays Guangzhou 25
G91xzBOkY-U\t3354\tNA\tFull Men's 4x400m Heats & Final | World Athletics Relays Guangzhou 25
eKioGHkUO4g\t2720\tNA\tFull Men's 4x100m Heats & Final | World Athletics Relays Guangzhou 25
7jKxdM3yXSw\t2202\tNA\tFull Women's 4x100m Heats & Final | World Athletics Relays Guangzhou 25
UQ4cHZjAiFQ\t1310\tNA\tFull Mixed 4x100m Heats & Final | World Athletics Relays Guangzhou 25
30esSZS93Iw\t887\tNA\tAkani Simbine - Inspiring the Next Generation | World Athletics Championships 25
MoLmv7TGdgI\t95\tNA\tPu Huajia dominates U20 10km with sub-40 walk | World Race Walking Team Championships Brasilia 26
VTqEQOSGSHA\t2723\tNA\tFull Extended Highlights - World Race Walking Team Championships Brasília 26
1jzj65qajb8\t124\tNA\tTorres delivers for team Ecuador win in marathon | World Race Walking Team Championships Brasilia 26
OI-ljquaHCo\t95\tNA\tChina secures minimal points for U20 10km gold | World Race Walking Team Championships Brasilia 26
E3TqjIgIJL8\t126\tNA\tKatsuki leads Japan to marathon gold | World Race Walking Team Championships Brasilia 26
0mS3QX0Hjm0\t592\tNA\tChampions delight in Brasilia - Full Highlights | World Race Walking Team Championships Brasilia 26
24ewW9jAhDY\t94\tNA\tGarcía León storms to gold once again | World Race Walking Team Championships Brasilia 26
UaQVtga3rsM\t96\tNA\tFortunato stuns in Brasilia to claim gold | World Race Walking Team Championships Brasilia 26
g_dryUiId3Q\t657\tNA\tComeback of the Triple Jump Queen - Yulimar Rojas
v2dkjl-XfkI\t208\tNA\tUrban Trail de Lille 10K - Extended Highlights
YdaszyyqfJo\t231\tNA\tUrban Trail de Lille 5K - Extended Highlights
vJwiZmJU-bQ\t708\tNA\tGlory, Setbacks and a Fighter's Mentality - Manolo Karalis' Story
1E3zmENr_S4\t293\tNA\tMondo Duplantis' Total Domination from Belgrade to Toru | World Indoor Championships Toru 26
oy5w9Ih_n5s\t625\tNA\tAll Italy Medals at the World Indoor Championships Toru 26
yJVDakLBYWg\t526\tNA\tAll Great Britain & Northern Ireland Medals at the World Indoor Championships Toru 26
mi2YfA1g9jQ\t1757\tNA\tAll USA Medals at the World Indoor Championships Toru 26
A9zIWdHwO1E\t339\tNA\tDevynne Charlton's Total Domination from Glasgow to Toru | World Indoor Championships Toru 26
iNjQMuqcoAM\t180\tNA\tUSA men's 4x400m relay run away win back-to-back golds | World Indoor Championships Toru 26
--61juGIv4E\t213\tNA\tUSA defends their women's 4x400m indoor title on the line | World Indoor Championships Toru 26
MNQfko1N08I\t153\tNA\tMariano García dominates the 1500m for world indoor gold | World Indoor Championships Toru 26
-HiJnnpt7XQ\t136\tNA\tGeorgia Hunter Bell claims first world title with 1500m win | World Indoor Championships Toru 26
kOETEBr5yHA\t574\tNA\tSofie Dokter beats out world champ Hall for pentathlon gold | World Indoor Championships Toru 26
SsqDYXo4hnk\t192\tNA\tMeeting records and rivalries renewed in Melbourne | Continental Tour Gold 26
zkVS-ylWu6g\t44\tNA\tKennedy storms to 20.38 200m to win in highly anticipated battle | Continental Tour Gold 26
Q05IyGM1_mo\t146\tNA\tKeely storms to first world championship gold | World Indoor Championships Toru 26
zlhx31uGWro\t116\tNA\tDevynne equals world record for three-peat world indoor titles | World Indoor Championships Toru 26
6O3m7-ezLV8\t140\tNA\tCooper Lutkenhaus becomes the youngest world champion ever | World Indoor Championships Toru 26
fdw0sdNAl3E\t191\tNA\tMolly Caudery is back and better for second gold indoor gold | World Indoor Championships Toru 26
8C-glE4fy4w\t60\tNA\tWorld Athletics Ultimate Championship | Follow the Ultimate Star journey to Budapest
gCWDL2QVTVk\t162\tNA\tNadia Battocletti is unstoppable over 3000m in Toru | World Indoor Championships Toru 26
VVqOmI0dhf8\t127\tNA\tChristopher Morales Williams chases down 400m gold | World Indoor Championships Toru 26
ChkxvKoqoK4\t142\tNA\tJosh Kerr takes back his 3000m title ahead of Hocker | World Indoor Championships Toru 26
lDb5XgDRPnA\t209\tNA\tLeyanis Pérez Hernández defends triple jump title with 14.95m | World Indoor Championships Toru 26
7EXmh99jMus\t142\tNA\tDosso finally wins long awaited world indoor 60m title | World Indoor Championships Toru 26
8QsiEykTIVE\t235\tNA\tLurdes Gloria Manuel can't believe first senior 400m title | | World Indoor Championships Toru 26
U29vjzD4jXo\t154\tNA\tJakub Szymaski clinches 60m hurdles title on home soil | World Indoor Championships Toru 26
J1VVCqrzApo\t246\tNA\tMondo flies to 4th consecutive pole vault world indoor title | World Indoor Championships Toru 26
rc6WLNPvzq4\t905\tNA\tTop 10 Moments from the World Indoor Championships Kujawy Pomorze 26
P846rbqqJdk\t328\tNA\tHuge jump brings Italy back to back golds | World Indoor Championships Toru 26
ilOWXA3F_1A\t240\tNA\tChase wins long awaited indoor gold | World Indoor Championships Toru 26
AN06WwDZFIM\t2666\tNA\tDay 3 Extended Highlights | World Indoor Championships Toru 26
FAHi_6RSK3s\t247\tNA\tYaroslava dominates the women's high jump once again | World Indoor Championships Toru 26
QDVNP5GMi9s\t221\tNA\tMen's 60m Final | World Indoor Championships Toru 26
WBpQvwztPd8\t711\tNA\tDay 3 Full Highlights | World Indoor Championships Toru 2026
PaOyfJKl1g0\t35\tNA\tDevynne Charlton equals world record for THIRD world title | World Indoor Championships Toru 26
vQ3dtBmIjFo\t2642\tNA\tDay 2 Extended Highlights | World Indoor Championships Toru 26
agrNyFfbMDU\t145\tNA\tDay 3 Morning Session Highlights | World Indoor Championships Toru 26
P-cW5lWW1aM\t859\tNA\tDay 2 Full Highlights | World Indoor Championships Toru 2026
e5ebkfamAhc\t35\tNA\tZaynab Dosso storms to 60m world indoor gold with 7.00 | World Indoor Championships Toru 26
pDfkmFayocM\t2642\tNA\tDay 1 Extended Highlights | World Indoor Championships Toru 26
z3Y9vaE2A5E\t148\tNA\tDay 2 Morning Session Highlights | World Indoor Championships Toru 26
Nj-opH804Ac\t952\tNA\tDay 1 Full Highlights | World Indoor Championships Toru 26
wlMPiwaGFJU\t66\tNA\tJordan Anthony STORMS to 60m gold on his international debut | World Indoor Championships Toru 26
Q9p1pe8FhlY\t149\tNA\tDay 1 Morning Session Highlights | World Indoor Championships Toru 26
Z9GaDaqPSH4\t535\tNA\tMen's 4x400m Final | World Indoor Championships Nanjing 25
oN57bTmmS0E\t660\tNA\tMen's Long Jump Final | World Indoor Championships Nanjing 25
f_-FNeII_yA\t549\tNA\tThe Pole Vault GOAT - How Mondo Duplantis and his 15 world records took pole vault to another level
51Z2uvrSx6Q\t634\tNA\tWomen's 4x400m Final | World Indoor Championships Nanjing 25
P4c4hQ11W24\t621\tNA\tWomen's High Jump Final | World Indoor Championships Nanjing 25
AsxON40AZ4c\t680\tNA\tTotal Domination: How Sydney McLaughlin-Levrone is redefining athletics
9XN1W6pZ1E8\t644\tNA\tWomen's Triple Jump Final | World Indoor Championships Nanjing 2025
UI8OeoP-9Nw\t492\tNA\tSteel-Hearted - A Shot Put Story | World Athletics Championships 25
SLewSNnUc3Y\t787\tNA\tWomen's Shot Put Final | World Indoor Championships Nanjing 2025
H1pJAZGZmxs\t784\tNA\tMen's 3000m Final | World Indoor Championships Nanjing 2025
K7FDYKiugaM\t622\tNA\tMen's Shot Put Final | World Indoor Championships Nanjing 2025
xBsNI952e1E\t537\tNA\tMen's 1500m Final | World Indoor Championships 2025
vCUmU_p1dyc\t682\tNA\tFrom Teenage Glory to Setbacks and a World Record: The Keely Hodgkinson Phenomenon
1y1q6S_aqyA\t141\tNA\tLarissa Iapichino FLIES to best of women's long jump | World Indoor Tour Gold 26
CmZ50AIriAI\t586\tNA\tTOP 10 moments from the 2026 World Indoor Tour Gold
TiFoVvqI97Q\t492\tNA\tWomen's 800m Final | World Indoor Championships Nanjing 2025
QYVt21xMGIk\t303\tNA\tDevynne Charlton DOMINATES best of the women's 60m hurdles | World Indoor Tour Gold
cICgGPXy85k\t389\tNA\tJosh Hoey's world record tops best of the men's 800m | World Indoor Tour Gold 26
6qVV9l0yHnM\t607\tNA\tMen's High Jump Final | World Indoor Championships Nanjing 2025
iGcDgT0Rrf8\t184\tNA\tDosso & Asher-Smith battle out the BEST of the women's 60m | World Indoor Tour Gold 26
XJk0mPIxa_Y\t161\tNA\tAckeem Blake tops BEST of the men's 60m | World Indoor Tour Gold 26
yZfhUsq_1IU\t732\tNA\tMen's Pole Vault Final | World Indoor Championships Nanjing 2025
1RcabsOVOi0\t484\tNA\tThe Rise: How Mattia Furlani had already conquered the world stage at just 20 years old
qYROy7H0Ijc\t229\tNA\tNational records, meeting records and much more in Toru | World Indoor Tour Gold 26
7qh-eRYgQKE\t62\tNA\tZaynab Dosso STORMS to 6.99 national record over 60m | World Indoor Tour Gold 26
htuUqq67zP0\t531\tNA\tWomen's 400m Final | World Indoor Championships Nanjing 2025
5YIHEoHMp_8\t269\tNA\tKeely Hodgkinson's 800m world record and more from Liévin | World Indoor Tour Gold 26
XCR0WPuyIME\t106\tNA\tKeely Hodgkinson SMASHES the 23 year old indoor 800m world record | World Indoor Tour Gold 26
NUQk-d14BAw\t500\tNA\tMen's 60m Hurdles Final | World Indoor Championships Nanjing 2025
L0-5nvSewA0\t489\tNA\tWomen's 60m Hurdles Final | World Indoor Championships Nanjing 2025
x2urDo0yOkc\t631\tNA\tChanging Lanes: Femke Bol's Switch & First 800m Race
6wdqdg_wCtE\t567\tNA\tMen's 60m final | World Indoor Championships Nanjing 2025
_wMOh0fzFgo\t246\tNA\tBig throws, fast laps, and long flights take centre stage in Belgrade | World Indoor Tour Gold 26
3Jb8qyMxQH4\t505\tNA\tWomen's 60m final | World Athletics Indoor Championships Nanjing 25
G49edHbS1jc\t679\tNA\tPride of the Nation - Letsile Tebogo
Rk79sGYc-TM\t187\tNA\tEpic jumps and world leads light up Karlsruhe | World Indoor Tour 26
qRIEiXAzUeE\t245\tNA\tHome favourites shine in Madrid with European records and more | World Indoor Tour Gold 26
kqgt6uDjyN4\t65\tNA\tMohamed Attaoui shatters the European record over 1000m indoors | World Indoor Tour 26
xe6_m80uMe0\t100\tNA\tMattia Furlani flies to 8.30m meeting record over Tentoglou in Ostrava | World Indoor Tour 26
kFN_ds07GLk\t35\tNA\tZaynab Dosso denies Patrizia Van der Weken with 7.09 60m victory | World Indoor Tour 26
bItOfJFG5g4\t94\tNA\tCam Myers clocks world-leading 3:47.57 to win the Wanamaker Mile | World Indoor Tour 26
1yiyt9lLKL0\t223\tNA\tEuropean record, national records, world leads and more from Ostrava | World Indoor Tour Gold 26
yxa2DWMRKls\t54\tNA\tAttila Molnár smashes area record with 45.01 in 400m | World Indoor Tour 26
bgvb8Qu5qTs\t50\tNA\tKlaver unstoppable in Ostrava, wins 4th straight 400m in 51.00 | World Indoor Tour 26
8vgJievFOV8\t92\tNA\tNikki Hiltz battles it out with Jess Hull for the Wanamaker Mile in 4:19.64 | World Indoor Tour 26
JkbPz3iVnRU\t275\tNA\tWorld leads, epic battles and more at the Millrose Games | World Indoor Tour 26
7j-mM-HJQsE\t99\tNA\tCole Hocker takes down the field over 2 miles in New York | World Indoor Tour 26
Hbd4Jw4eZg0\t125\tNA\tHoey's World Record & More at New Balance Indoor Grand Prix | World Indoor Tour 26 I Highlights
YB5XRkqpUNc\t30\tNA\tTrey Cunnigham storms to 7.48 equal world lead in the 60m hurdles | World Indoor Tour 26
9YZdBxvWpNQ\t27\tNA\tCameron Myers flies to an Australian record in the 3000m | World Indoor Tour 26
uh0YFP3o1cw\t30\tNA\tDina Asher-Smith fires to 7.08 over 60m to win in Boston | World Indoor Tour 26
9c9PGWkmZ9I\t53\tNA\tJereem Richards edges out Noah Lyles by 0.01 seconds over 300m | World Indoor Tour 26
4Ab1-KJtUZ4\t582\tNA\tWorld Cross Country Championships Tallahassee 26 Highlights
tzCJ_JFJerY\t113\tNA\tJess Hull anchors Australia to cross country gold | World Cross Country Championships Tallahassee 26
Jn4yBtsk1mA\t108\tNA\tAlemayo dominates the field to defend U20 title | World Cross Country Championships Tallahassee 26
dxgR1r8JUd8\t110\tNA\tFrankline Kibet heads Kenyan sweep for U20 title | World Cross Country Championships Tallahassee 26
yCYU0VQPwBk\t158\tNA\tAgnes Ngetich wins 10th straight title for Kenya | World Cross Country Championships Tallahassee 26
-LuheZ2XNz8\t170\tNA\tJacob Kiplimo storms to third consecutive title | World Cross Country Championships Tallahassee 26
ZxRrZfdrDJY\t334\tNA\tMarie-Julie Bonnin Relives her World Indoor Championships Gold in Nanjing  | Athletes React
Sk8M5wgyy0Y\t2720\tNA\tWorld Athletics Awards 2025 | Full replay
Lrryz-cPIKc\t1404\tNA\tThe Pole Vault Family - Manolo Karalis | World Athletics Championships Tokyo 25
73-X39NWEKM\t490\tNA\tYou will not believe how close these finishes got  | World Athletics Championships Tokyo 25
R-ILmt8ah-A\t859\tNA\tCamaraderie - Keely Hodgkinson & Georgia Hunter Bell | World Athletics Championships Tokyo 25
G0dWcFoVtqY\t500\tNA\tSpecial Celebrations | World Athletics Championships Tokyo 25
R8jrzYzqUlU\t1280\tNA\tFlight of the Kiwis - Geordie Beamish & Hamish Kerr | World Athletics Championships Tokyo 25
p3mZAqdvm3w\t797\tNA\tLast Gasp Field Feats | World Athletics Championships Tokyo 25
GnAyUfBIOmQ\t641\tNA\tThe Last Dance - Shelly-Ann Fraser-Pryce | World Athletics Championships Tokyo 25
7m_sUbHmWNQ\t845\tNA\tJamaica strikes again in the 100m 10 years after Usain Bolt | World Athletics Championships Tokyo 25
3aOjf3inFSQ\t1145\tNA\tThe Triple Crown - Melissa Jefferson-Wooden | World Athletics Championships Tokyo 25
Ac8dSOzPBpE\t919\tNA\tWomen's Top 10 Tokyo Performances  | World Athletics Championships Tokyo 25
vSk97E2nvrc\t759\tNA\tMen's Top 10 Tokyo Performances  | World Athletics Championships Tokyo 25
seveARUcfLo\t600\tNA\tLetsile Tebogo and Botswana defy MASSIVE RAINSTORM to make relay history | Top Performance Day 9
VRspu7VCEaQ\t591\tNA\tChebet beats BEST FRIEND Faith Kipyegon to seal distance double | Tokyo Top Performance Day 8
NDqL_3JQePU\t582\tNA\tUNSTOPPABLE Lyles and Jefferson-Wooden claim 200m crowns for USA | Tokyo Top Performance Day 7
ePibgZKvDkY\t894\tNA\tDay 9 Highlights | World Athletics Championships Tokyo 25
wZ9zUE9xfOU\t42\tNA\tStahl unleashes clutch throw of 70.47m for gold | World Athletics Championships Tokyo 25
mevXc0FF3qA\t182\tNA\tLeo Neugebauer scores 8804 points to claim gold | World Athletics Championships Tokyo 25
okH_bt9DJcU\t48\tNA\tOlyslagers claims gold in first ever 4-way podium | World Athletics Championships Tokyo 25
ia2iKD6JPyo\t81\tNA\tNoah Lyles brings it home for team USA in the 4x100m relay | World Athletics Championships Tokyo 25
VlIrdbRwQB8\t103\tNA\tRichardson anchors USA to third 4x100m title in a row | World Athletics Championships Tokyo 25
rJSvaK2xLVI\t83\tNA\tBotswana claims gold on the line in the men's 4x400m | World Athletics Championships Tokyo 25
p1t4Xpnu21w\t70\tNA\tOdira stuns with championship record 800m win | World Athletics Championships Tokyo 25
QCuYi-5ydEY\t63\tNA\tSydney McLaughlin-Levrone anchors Team USA to 4x400m gold | World Athletics Championships Tokyo 25
95s4DN8Krrk\t72\tNA\tCole Hocker with a late surge to grab the 5000m gold | World Athletics Championships Tokyo 25
eKfbKbohER0\t43\tNA\tNeugebauer throws 56.15m world decathlon best in discus | World Athletics Championships Tokyo 25
ENbn8xANY9c\t63\tNA\tUSA qualify for 4x400m final after post crash rerun | World Athletics Championships Tokyo 25
dex7kZOmIlg\t63\tNA\tSouth Africa 4x100m solo rerun after qualification crash | World Athletics Championships Tokyo 25
Q-LTItiFtNs\t817\tNA\tDay 8 Highlights | World Athletics Championships Tokyo 25
sCG07rM4mPk\t46\tNA\tAngulo grabs javelin gold with 65.12m national record | World Athletics Championships Tokyo 25
QBH6dgSwn4M\t496\tNA\tSydney McLaughlin-Levrone wins EPIC 400m final in 2nd fastest time ever | Top Performance Day 7
7tipHkKKPsM\t38\tNA\tSchilder comes in clutch with last 20.29m attempt for gold | World Athletics Championships Tokyo 25
8vdNYQ7627c\t76\tNA\tWanyonyi dips to 800m gold with 1:41.86 championship record | World Athletics Championships Tokyo 25
f41kWlvMSJ0\t47\tNA\tUSA storm to 41.60 in the 4x100m heats | World Athletics Championships Tokyo 25
664vtU8LSPU\t177\tNA\tAnna Hall grabs heptathlon gold with 6888 points | World Athletics Championships Tokyo 25
QBHaRuTJjtQ\t63\tNA\tBeatrice Chebet wins double gold after 14:54.36 5000m  | World Athletics Championships Tokyo 25
R-ix7S0oTYw\t143\tNA\tChaos and drama during the men's 4x100m heats | World Athletics Championships Tokyo 25
XDeItckgYdg\t76\tNA\tMaría Pérez storms to double double race walk win | World Athletics Championships Tokyo 25
btBCyBVLEUw\t28\tNA\tTaliyah Brooks flies to 6.79m PB in heptathlon long jump | World Athletics Championships Tokyo 25
gq1Nk04qWl0\t52\tNA\tMykolas and Martynas Alekna qualify for discus final | World Athletics Championships Tokyo 25
xElHNGHUPU8\t572\tNA\tIsaac Nader grabs gold in DRAMATIC 1500m photo finish | Tokyo Top Performance Day 5
k3RWcwKavj8\t131\tNA\tAnna Hall leads the way after day 1 with 4154 points | World Athletics Championships Tokyo 25
UfzGvd3dS9I\t640\tNA\tDay 7 Highlights | World Athletics Championships Tokyo 25
r65SCYdbOpc\t63\tNA\tPedro Pichardo leaps to second world title in final attempt | World Athletics Championships Tokyo 25
iDLX6XUDm_4\t111\tNA\tRai Benjamins powers to 400m hurdles gold in 46.52 | World Athletics Championships Tokyo 25
Zr6FcdzYeL4\t93\tNA\tFemke Bol retainss her 400m hurdles title with 51.51 | World Athletics Championships Tokyo 25
FrPLvJF8WvE\t96\tNA\tMelissa Jefferson-Wooden storms to sprint double in Tokyo | World Athletics Championships Tokyo 25
U_yYjfwy7z4\t81\tNA\tNoah Lyles wins his 4th consecutive 200m title | World Athletics Championships Tokyo 25
z9SHdApuvgo\t504\tNA\tUNBEATABLE Faith Kipyegon captures historic 4th world 1500m gold | Tokyo Top Performance Day 4
FUID-WQSRc0\t38\tNA\tJackson goes sub 22 to qualify fastest in 200m semis | World Athletics Championships 25
WJ7EonFzEPI\t38\tNA\tBednarek powers to 19.88 200m to qualify for the finals | World Athletics Championships Tokyo 25
AKBQBH8CY4E\t692\tNA\tDay 6 Highlights | World Athletics Championships Tokyo 25
TjvGdDAykyA\t38\tNA\tJefferson-Wooden powers to 22.00 200m in the semis | World Athletics Championships Tokyo 25
sP3wWpn94Ak\t38\tNA\tLevell and Tebogo dominate 200m semi final | World Athletics Championships Tokyo 25
iE-1Xyq_np4\t53\tNA\tKebpinatshipi claims 400m gold with 43.53 world lead | World Athletics Championships Tokyo 25
q95nUspLxKE\t48\tNA\tPérez-Hernández leaps 14.94m world lead for gold | World Athletics Championships Tokyo 25
4uQsG_dmgFU\t53\tNA\tWalcott grabs first world title with 88.16m | World Athletics Championships Tokyo 25
QQ5_wpeKUhw\t112\tNA\t47.78 championship record for Sydney McLaughlin-Levrone | World Athletics Championships Tokyo 25
MA8fX-RMEXg\t38\tNA\tLyles storms to 19.51 world lead in 200m semis | World Athletics Championships Tokyo 25
_RY7qUkrVPQ\t543\tNA\tDay 5 Highlights | World Athletics Championships Tokyo 25
7qGwsBlJXSY\t43\tNA\tBol qualifies for 400m hurdles final with fastest time | World Athletics Championships Tokyo 25
oLyWkJf5VFI\t45\tNA\tBenjamin cruises to the 400m hurdles final | World Athletics Championships Tokyo 25
zpxMHvgcj7E\t45\tNA\tWarholm qualifies safely for 400m hurdles final with 47.72 | World Athletics Championships Tokyo 25
HIB_hSnUpJI\t608\tNA\tRecord-breaker Mondo Duplantis soars to 3rd world title in EPIC final | Tokyo Top Performance Day 3
WLa48zn0HaI\t73\tNA\tNader shocks with 1500m win in Tokyo | World Athletics Championships Tokyo 25
gC0eB9q_w0g\t54\tNA\tFurlani becomes youngest long jump title winner with 8.39m | World Athletics Championships Tokyo 25
ZgZHj56lwg0\t73\tNA\tCherotich storms to 3000m steeplechase title | World Athletics Championships Tokyo 25
t4ex9bAt-Fo\t43\tNA\tTebogo celebrates his way to the 200m semifinals | World Athletics Championships Tokyo 25
RGZKLoiWS8U\t53\tNA\tMoon completes three-peat with 4.90m vault | World Athletics Championships Tokyo 25
GmQmRdiK9LE\t43\tNA\tLevell tops 200m heats with 19.84 | World Athletics Championships Tokyo 25
ekHyMSHo_As\t43\tNA\tJefferson-Wooden impresses in 200m heats with 22.24 | World Athletics Championships Tokyo 25
FM6HxBVeRUc\t555\tNA\tDay 4 Highlights | World Athletics Championships Tokyo 25
bc_q3-2T9hk\t43\tNA\tNdori storms to 44.21 400m in the semi finals | World Athletics Championships Tokyo 25
nOjWjGrjUCo\t564\tNA\tSuper Seville scorches to 100m glory | Tokyo Top Performance Day 2
vzfxnTDdY3s\t63\tNA\tKipyegon dominates 1500m to secure 4th world title | World Athletics Championships Tokyo 25
ZzvKlxXU6kE\t58\tNA\tKerr flies to 2.36m world lead for the gold | World Athletics Championships Tokyo 25
YI16xRw48xk\t33\tNA\tRojas makes statement comeback with 14.49m leap | World Athletics Championships Tokyo 25
6sAlxs7uNbM\t48\tNA\tTinch grabs 110m hurdles global title with 12.99 | World Athletics Championships Tokyo 25
J81FocHV8fE\t46\tNA\tMclaughlin-Levrone shatters 400m American record with 48.29 | World Athletics Championships Tokyo 25
4UC-E80ZZcg\t43\tNA\tKebinatshipi storms to 400m Botswana record and world lead | World Athletics Championships Tokyo 25
COgzPPHL0vY\t505\tNA\tBeatrice Chebet storms to 10,000m gold | Tokyo Top Performance Day 1
rdVjN3_tPUQ\t759\tNA\tDay 3 Highlights | World Athletics Championships Tokyo 25
G9KetZRzBt8\t63\tNA\tKambundji storms to first global gold against stacked field | World Athletics Championships Tokyo 25
7w-FDLulu2k\t68\tNA\t6.30m world record for Mondo Duplantis in Tokyo  | World Athletics Championships Tokyo 25
8VmZZvs3zlc\t33\tNA\tLaros comes out victorious of crowded finish in the 1500m | World Athletics Championships Tokyo 25
xaXwu2EW_h4\t38\tNA\tMonster area record for Rogers with 80.51m | World Athletics Championships Tokyo 25
jlTVQlSfgXQ\t63\tNA\tBeamish shocks with surprise win over El Bakkali  | World Athletics Championships Tokyo 25
mmRQppCtJGo\t43\tNA\tMason storms to fastest 110m hurdles qualifier with 13.17 | World Athletics Championships Tokyo 25
SVEYSAPBLVM\t33\tNA\tJones tops 400m hurdles qualifications with 53.18 | World Athletics Championships Tokyo 25
0KEufjn_CfU\t43\tNA\tKatzberg delivers in qualification with 81.85m throw | World Athletics Championships Tokyo 25
D6XCJveT3Jw\t38\tNA\tBol cruises to the 400m hurdles semi-final with 53.75 | World Athletics Championships Tokyo 25
ED_3d6f-Fxg\t83\tNA\tSimbu and Petros sprint to photo finish for marathon gold | World Athletics Championships Tokyo 25
mZYWiLxev8U\t635\tNA\tDay 2 Highlights | World Athletics Championships Tokyo 25
dpqki68hQcY\t43\tNA\tGressier stuns Kejelcha with final sprint for 10,000m gold | World Athletics Championships Tokyo 25
iI69XsVgksA\t53\tNA\tJefferson-Wooden shuts it down with 10.61 to win gold | World Athletics Championships Tokyo 25
ZyOOBsH7A4E\t53\tNA\tTara flies to first world title with 7.13m | World Athletics Championships Tokyo 25
YKnGbNBklvk\t43\tNA\tAllman secures first world title with 69.48m | World Athletics Championships Tokyo 25
pLaChEMnZFQ\t53\tNA\tSeville beats Thompson for 100m gold with 9.77 | World Athletics Championships Tokyo 25
aH267w70ImQ\t43\tNA\tSydney cruises through the 400m heats | World Athletics Championships Tokyo 25
9kAwpEKtrYw\t43\tNA\tPatterson powers to 43.90 400m in the heats | World Athletics Championships Tokyo 25
42MJMFK17Jk\t33\tNA\tDefending champ Williams tops the heats with 12.40 | World Athletics Championships Tokyo 25
vHOmJ9gqAO8\t38\tNA\tNordås and defending champion Kerr go 1-2 in 1500m heats | World Athletics Championships Tokyo 25
GOf86qggDDk\t38\tNA\tRussell safely through the heats with smooth 12.53 | World Athletics Championships Tokyo 25
b-FBUNMSnbM\t60\tNA\tJepchirchir wins sprint with Assefa to claim marathon gold | World Athletics Championships Tokyo 25
RCTYzIITZnA\t710\tNA\tDay 1 Highlights | World Athletics Championships Tokyo 25
RII4N32SbmU\t38\tNA\tUSA successfully defends mixed 4x400m relay gold | World Athletics Championships Tokyo 25
rrOJm250NZ0\t33\tNA\tCrouser claims 3rd world title in a row with monster 22.34m | World Athletics Championships Tokyo 25
DA76s3ddWWk\t43\tNA\tChebet kicks to 10,000m gold ahead of Nadia Battocletti | World Athletics Championships Tokyo 25
BNHJ-rL7og0\t33\tNA\tLeotlela stuns in the 100m heats with 9.87  | World Athletics Championships Tokyo 25
-izLPcBHUyA\t33\tNA\tDefending champion Noah Lyles clocks 9.95 in the heats | World Athletics Championships Tokyo 25
26qroeYCXMI\t33\tNA\tKishane Thompson impresses with easy 9.95 in the heats | World Athletics Championships Tokyo 25
QsY27Oqj_v0\t33\tNA\tTa Lou-Smith and Fraser-Pryce go 1-2 in the heats | World Athletics Championships Tokyo 25
vV98v8TQ4oI\t33\tNA\tAlfred powers to 10.93 despite easing up in final metres | World Athletics Championships Tokyo 25
HbYQN2doWbU\t28\tNA\tDavis-Woodhall dominates long jump qualis with 6.88m | World Athletics Championships Tokyo 25
nqrPykENzLo\t33\tNA\tJefferson-Wooden eases to 10.99 in the heats in Tokyo  | World Athletics Championships Tokyo 25
-6u3ytUmzfc\t70\tNA\tDunfee holds tight to secure his first global title | World Athletics Championships Tokyo 25
aHM6THcrKL0\t63\tNA\tPérez dominates 35km race walk to defend world title | World Athletics Championships Tokyo 25
FM0HKOv04RU\t42\tNA\tAllman cruises through qualification with 66.07m | World Athletics Championships Tokyo 25
VaHK6m9NGgI\t42\tNA\tCrouser throws 21.37m season opener to qualify in Tokyo | World Athletics Championships Tokyo 25
rtlw_97LNfo\t673\tNA\tRoad to Tokyo | Julien Alfred
0I2xqZs5xi8\t922\tNA\tBuilt for Speed | The Letsile Tebogo Story | No Looking Back
uMGh8SATb0w\t507\tNA\tRoad to Tokyo | Hamish Kerr
1mj2mcvbERk\t1604\tNA\tWomen's Hammer Throw Final | World Athletics Championships Budapest 2023
NPzzNFG210s\t2138\tNA\tWomen's Heptathlon | World Athletics Championships Budapest 2023
hLQDBeqGj1U\t2304\tNA\tMen's Decathlon | World Athletics Championships Budapest 2023
OEU-VJQ-UhY\t1471\tNA\t238th World Athletics Council press conference: Tuesday 9th September 2025
hs7ACT3umss\t943\tNA\tWomen's 3000m Steeplechase Final | World Athletics Championships Budapest 2023
ah4cuK8dxUo\t1840\tNA\tWomen's 35km Race Walk | World Athletics Championships Budapest 2023
B5YECTPMmSw\t1988\tNA\tMen's Marathon | World Athletics Championships Budapest 2023
6PtLDgFpxEA\t1831\tNA\tMen's 20km Race Walk  | World Athletics Championships Budapest 2023
467nhsv_PyM\t2011\tNA\tMen's 35km Race Walk | World Athletics Championships Budapest 2023
AJSiCQ0xUZ0\t187\tNA\tWorld Athletics Continental Tour - Beijing Highlights | Continental Tour Gold 2025
zheR8GOnQ3M\t53\tNA\tExtremely close finish in the men's 110m hurdles  | Continental Tour Gold 2025
PzLmzrir6zs\t50\tNA\tControlling victory for Khaleb McRae in Beijing   | Continental Tour Gold 2025
K96kjcRQVYE\t50\tNA\t's Mark English kicks to 800m glory in Beijing  | Continental Tour Gold 2025
dazpiP01_kQ\t50\tNA\tMaia McCoy rules the 100m in Beijing  | Continental Tour Gold 2025
qXlXciV0fwU\t1819\tNA\tWomen's Javelin Throw Final | World Athletics Championships Budapest 2023
daJPVAvh_mQ\t1249\tNA\tMen's 5000m Final | World Athletics Championships Budapest 2023
3MsLczSfFlI\t1961\tNA\tMen's Long Jump Final | World Athletics Championships Budapest 2023
6LFZ3XFAIHg\t2304\tNA\tMen's High Jump Final | World Athletics Championships Budapest 2023
FFYj5gMyrOA\t2226\tNA\tMen's 10,000m Final | World Athletics Championships Budapest 2023
UVz7H0LGTSA\t1957\tNA\tWomen's Marathon | World Athletics Championships Budapest 2023
QoY0zwvBg7I\t1916\tNA\tWomen's 20km Race Walk | World Athletics Championships Budapest 2023
Vg21hCtDVvM\t2478\tNA\tWomen's Pole Vault Final | World Athletics Championships Budapest 2023
NLh67qqvSWM\t1019\tNA\tMen's 3000m Steeplechase Final | World Athletics Championships 2023
tPM6UJFGkTs\t1082\tNA\tBuilt for Speed | The Letsile Tebogo Story | The Start Line
uXQvsDa96ME\t2176\tNA\tWomen's High Jump Final | World Athletics Championships Budapest 2023
X6AQEGKRCCw\t32\tNA\tWeber launches mega 91.51m world lead to win maiden Diamond League title | Wanda Diamond League
2Ra1LI-FJs4\t47\tNA\tNaser storms to 48.70 meeting record in Zurich | Wanda Diamond League
vyzMQtkFoFQ\t45\tNA\tWanyonyi holds strong in the final stretch of the 800m to win in Zurich | Wanda Diamond League
8ZNtZSHtyfQ\t48\tNA\tLyles edges out Olympic champ Tebogo to win the 200m | Wanda Diamond League
Yt6U1qkC-jE\t40\tNA\tAlfred storms to her second diamond league title in the 100m with 10.76 | Wanda Diamond League
F27nkVOeLfI\t39\tNA\tEhammer delights home crowd with 8.32m win | Wanda Diamond League
txEEYvdoqB8\t72\tNA\tBuilt for Speed |     | Trailer
V67S7pasuDU\t48\tNA\tPatterson stuns favourites Doom and Dobson with 44.05 400m win | Wanda Diamond League
uOIEsKKi6ck\t45\tNA\tWeber launches 89.65m javelin throw to win in Brussels | Wanda Diamond League
bx0wozYaDEA\t54\tNA\tYavi clocks fastest 1 mile steeplechase ever with 4:40.13 in Brussels | Wanda Diamond League
mfCLsHGe-8I\t45\tNA\tCockrell dominates the field with 53.66 400m hurdles | Wanda Diamond League
KRR1P15F9ls\t38\tNA\tJefferson-Wooden powers to 100m win with 10.76 in Brussels | Wanda Diamond League
dA3o2dwz774\t675\tNA\tWomen's 4x400m Relay Final | World Athletics Championships Budapest 2023
2X0Fttz2b4A\t778\tNA\tWomen's 1500m Final | World Athletics Championships Budapest 2023
lDs5j9rUBjo\t39\tNA\tVisser beats Olympic champ Russell in rain dance | Wanda Diamond League
S4t15BbIV8A\t52\tNA\tHoey upsets reigning global champions in star-studded 800m in Lausanne | Wanda Diamond League
A74CId5i1cw\t40\tNA\tKaralis hypes up Lausanne crowd with incredible 6.02m clearance | Wanda Diamond League
tYATjqxcNAA\t59\tNA\tHodgkinson smashes 800m meeting record in Lausanne  | Wanda Diamond League
GL56Ir2mCg4\t39\tNA\tOblique Seville takes down Olympic champ Noah Lyles in Lausanne | Wanda Diamond League
r09aghnup9E\t560\tNA\tMen's 4x400m Relay Final | World Athletics Championships Budapest 2023
T8BdNCcmzeM\t596\tNA\tMen's 400m Hurdles Final | World Athletics Championships Budapest 2023
Cm1yPynzw7M\t619\tNA\tWomen's 800m Final | World Athletics Championships Budapest 2023
iQ02gWPkNLU\t1271\tNA\tWomen's 5000m Final | World Athletics Championships Budapest 2023
JvMIh4bmjgg\t861\tNA\tMen's 200m Final | World Athletics Championships Budapest 2023
62V_YdY7d8I\t2101\tNA\tWomen's 10,000m Final | World Athletics Championships Budapest 2023
QhsmJJ2lz4E\t609\tNA\tWomen's 200m Final | World Athletics Championships Budapest 2023
3-YOXm6_yVI\t783\tNA\tWomen's 100m Final | World Athletics Championships Budapest 2023
j1T_9zx5iCY\t1962\tNA\tMen's Discus Throw Final | World Athletics Championships Budapest 2023
8J3QonqoGZo\t2010\tNA\tMen's Triple Jump Final | World Athletics Championships Budapest 2023
lY1pP7JqIhU\t2217\tNA\tMen's Hammer Throw Final | World Athletics Championships Budapest 2023
yZcV0V_Iq6A\t915\tNA\tRoad to Tokyo | Dalilah Muhammad
ZZHmMZBtC1A\t124\tNA\tNetherlands vs USA - World Athletics Championships Wins
pvwL10FELHw\t476\tNA\tWomen's 100m Hurdles Final | | World Athletics Championships Budapest 2023
zoLtDq5Js5w\t874\tNA\tRoad to Tokyo | Anna Hall
XWvoxcw1mAs\t2412\tNA\tMen's Pole Vault Final | World Athletics Championships Budapest 2023
6C12CmTuZok\t39\tNA\tRussell stuns with another sub-12.20 100m hurdles in Silesia | Wanda Diamond League
AQnpSjPkud4\t57\tNA\tKipyegon threatens 3000m world record with 8:07.04 in Silesia | Wanda Diamond League
QfbN5wOfFA8\t38\tNA\tKishane Thompson shocks Noah Lyles with 9.87 win in 100m | Wanda Diamond League
IATlBkgGIUs\t52\tNA\tBol powers to 51.91 400m hurdles world lead in Silesia | Wanda Diamond League
PPvThzK1xtI\t35\tNA\tDuplantis clears 6.10m in Silesia | Wanda Diamond League
Dd8JCKSGQRE\t38\tNA\tJefferson-Wooden explodes to 10.66 win in 100m | Wanda Diamond League
cG--cwwxTTs\t1831\tNA\tWomen's Shot Put Final | World Athletics Championships Budapest 2023
KrhLv8A6JDo\t107\tNA\tPatterson vs Mahuchikh - World Athletics Championships Wins
vfjphXMelKM\t99\tNA\tWorld Athletics Ultimate Championship | Follow the Ultimate Star journey to Budapest
3G4D4iSLTRg\t26\tNA\tHalasz takes down Olympic and world champ Katzberg on home soil  | Continental Tour Gold 2025
3OKkQiAyt-4\t30\tNA\tFemke Bol dominates the field in Budapest  | Continental Tour Gold 2025
q23FYpg0qp8\t35\tNA\tKishane Thompson glides to 9.95 in Budapest  | Continental Tour Gold 2025
ihkGd0W3D0E\t51\tNA\tMondo Duplantis flies to his 13th pole vault world record  | Continental Tour Gold 2025
LlBZsnWzje4\t36\tNA\tBryan Levell powers to 19.69 meet record in Budapest  | Continental Tour Gold 2025
C60bnWFxIwM\t595\tNA\tMen's 4x100m Relay Final | World Athletics Championships Budapest 2023
8FP-WS9G1v0\t1768\tNA\tWomen's Triple Jump Final | World Athletics Championships Budapest 2023
bG6AWUb4SzQ\t1656\tNA\tMen's Javelin Throw Final | World Athletics Championships Budapest 2023
wlujFaicTmA\t2174\tNA\tWomen's Discus Throw Final | World Athletics Championships Budapest 2023
i8hUII2ZvqU\t92\tNA\tPeters vs Chopra - World Athletics Championships Wins
aDa0WCKalvI\t856\tNA\tMixed 4x400m Relay Final | World Athletics Championships Budapest 2023
avJzZ7jVQyA\t152\tNA\tThiam vs Johnson-Thompson - World Athletics Championships Wins
-hbxs8ls390\t602\tNA\tMen's 800m Final | World Athletics Championships Budapest 2023
S7Ge1MyXjoI\t484\tNA\tWomen's 400m Final | World Athletics Championships Budapest 2023
rDSc9-w-mEc\t2234\tNA\tWomen's Long Jump Final | World Athletics Championships Budapest 2023
oz6TN14SOEY\t506\tNA\tMen's 400m Final | World Athletics Championships Budapest 2023
pVKEBJPFssc\t612\tNA\tMen's 110m Hurdles Final | World Athletics Championships Budapest 2023
-YCZ2MzsKeQ\t802\tNA\tWomen's 4x100m Relay Final | World Athletics Championships Budapest 2023
M1YQfXBsUFI\t2383\tNA\tMen's Shot Put Final | World Athletics Championships Budapest 2023
cT3GKcPjz_o\t716\tNA\tMen's 1500m Final | World Athletics Championships Budapest 2023
TDYBM79IJbw\t682\tNA\tWomen's 400m Hurdles Final | World Athletics Championships Budapest 2023
u0wI4FtyOtE\t573\tNA\tMen's 100m Final | World Athletics Championships Budapest 2023
hpcq3_HryEY\t461\tNA\tTrials | Cordell Tinch
OF2nyFRFI3A\t48\tNA\tBol dominates in London with 52.10 over 400m hurdles | Wanda Diamond League
2pTYk0eZQdE\t52\tNA\tKoech beats home favourite Kerr to win 1500m in 3:23.82 | Wanda Diamond League
1lJ-j-N0gqk\t39\tNA\tAlekna smashes diamond league record with 71.70m in London | Wanda Diamond League
vGzjyhKVK4s\t42\tNA\tAlfred stuns with 21.71 world lead in London | Wanda Diamond League
V3yxV7wKqro\t37\tNA\tSeville beats Olympic champ Noah Lyles in 100m | Wanda Diamond League
RT0rJiMnBcE\t49\tNA\tWanyonyi fights off Arop to win in London with 1:42.00 | Wanda Diamond League
JubQ6WHQwGo\t70\tNA\tAthlete Refugee Team Stories: Seyfu Jamaal Tahir
V1noqs3qUQ4\t42\tNA\tAlfred runs strong 10.79 to win in Monaco | Wanda Diamond League
GYBGZ-zB0Rs\t45\tNA\tWorld-leading 51.95 for Bol in the 400m hurdles  | Wanda Diamond League
DbXauLuswQQ\t52\tNA\tWanyonyi powers to 10th fastest 800m of all-time with 1:41.44 | Wanda Diamond League
lvbKGHNumdM\t39\tNA\tTapper defeats stacked 100m hurdles in Monaco with 12.34 | Wanda Diamond League
KSlOsealdgM\t48\tNA\tLyles edges out Tebogo to win 200m in Monaco | Wanda Diamond League
b8ZHqeyRrCI\t56\tNA\tKipyegon smashes 1500m world record again with 3:48.68 | Wanda Diamond League
u-Xx_TLAJW4\t41\tNA\tJefferson-Wooden edges out Alfred to win the 100m in Eugene | Wanda Diamond League
mdnlAjT0dII\t41\tNA\tMcLaughlin-Levrone dominates 400m with 49.43 in Eugene | Wanda Diamond League
b4duKaEiWPw\t41\tNA\tThompson cruises to 9.85 win in 100m | Wanda Diamond League
SWpEwdr28hc\t41\tNA\tDavis-Woodhall flies to 7.07m world lead in Eugene | Wanda Diamond League
CbBafo93D8I\t51\tNA\tChebet shatters 5000m world record in Eugene | Wanda Diamond League
zvYFoFixOW0\t400\tNA\tAthlete Refugee Team Stories: Emmanuel Kiruhura Ntagunga
N6n3tc8-PmQ\t305\tNA\tAthlete Refugee Team Stories: Seyd Taha Ghafari
UluMazrO3pU\t48\tNA\tTrials by Cordell Tinch | Trailer
gEkOp6DtJXQ\t156\tNA\t64th Ostrava Golden Spike Highlights | Continental Tour Gold 2025
FAMLOiBMhks\t35\tNA\tSekgodiso storms to 1:57.16 800m meeting record in Ostrava | Continental Tour Gold 2025
Ga-LGVElhnI\t28\tNA\tMondo Duplantis flies to meeting record in Ostrava  Continental Tour Gold 2025
8m2vn1EYnrQ\t67\tNA\tGout Gout storms to 20.02 area record in 200m  | Continental Tour Gold 2025
J2Q05ediY30\t41\tNA\tDavies powers to Liberian national record in 100m with 10.91 in Ostrava | Continental Tour Gold 2025
7ha-U665U2s\t26\tNA\tMohamed Attaoui returns from the depths on hell to win the 800m in Paris  | Wanda Diamond League
dFdfePGVkVE\t45\tNA\tGrace Stark storms to 100m hurdles meeeting record in Paris with 12.21  | Wanda Diamond League
AZzCHLEbcPE\t46\tNA\tPauilino holds off Naser in incredible 400m battle to the line | Wanda Diamond League
_kwMtzg1zwQ\t44\tNA\tTrey Cunningham equals PB on his way to 110m hurdles win in Paris  | Wanda Diamond League
QfJueTMYnD8\t49\tNA\tRai Benjamin clocks 400m hurdles meeting record in Paris  | Wanda Diamond League
1VaVCXvbPRA\t39\tNA\tNeeraj Chopra rules in Paris  | Wanda Diamond League
i7ApT_LBds4\t340\tNA\tAthlete Refugee Team Stories: Omar Hassan
lYRA2SManY4\t87\tNA\tAthlete Refugee Team Stories: Trailer
gT7QThLEzSg\t186\tNA\tPaavo Nurmi Games Highlights | Continental Tour Gold 2025
8yH8cny91LI\t46\tNA\tFurlani dominates long jump in Turku with 8.11m win | Continental Tour Gold 2025
GK7fLb4Ktgg\t51\tNA\tVekemans soars to 4.61m Belgian pole vault record in Turku | Continental Tour Gold 2025
8B2_yqa6f3s\t60\tNA\tGlave snatches 100m win in 10.08 against De Grasse and Jacobs | Continental Tour Gold 2025
211v56tWCrc\t46\tNA\tKambundji holds off Skrzyszowska in 12.66 to win 100m hurdles | Continental Tour Gold 2025
xcSydqhi8rY\t32\tNA\tAlfred clocks 10.75 meeting record in Stockholm | Wanda Diamond League
2SMpGAlKbG8\t32\tNA\tDavis-Woodhall flies to equal 7.05m meeting record in Stockholm | Wanda Diamond League
CjkISdfAShs\t48\tNA\tBenjamin runs 46.54 world lead to edge Warholm and Dos Santos in 400m hurdles | Wanda Diamond League
LUdbPAiaQ5c\t42\tNA\tBell steals 800m win from Mary Moraa with late sprint in 1:57.66 | Wanda Diamond League
30tqBinTnrc\t48\tNA\tDuplantis breaks world record with 6.28m at home in Stockholm | Wanda Diamond League
WgGft9w95t8\t38\tNA\tStark powers to 12.33 meeting record in 100m hurdles | Wanda Diamond League
VBgMIkT5jyA\t38\tNA\tAlfred takes strong 100m win in 10.89 | Wanda Diamond League
DtoRjL4jAx4\t48\tNA\tWanyonyi takes 800m win in 1:42.78 after thrilling close finish | Wanda Diamond League
mH79Cx1vC6E\t38\tNA\tDuplantis soars to 6.15m meeting record in Oslo | Wanda Diamond League
mDbd-lgF7xg\t46\tNA\tWarholm smashes 300m hurdles world best with 32.67 in Oslo | Wanda Diamond League
47HXvsWJdsI\t54\tNA\tYoung stuns the field with shock 5000m win in Oslo | Wanda Diamond League
txIODkq4ss8\t36\tNA\tNadine Visser wins 100m hurdles on home soil in Hengelo | Continental Tour Gold 2025
f204oP0QPIc\t186\tNA\tFBK Games Highlights | Continental Tour Gold 2025
HTRDyD2fSFY\t40\tNA\tMonster throw from world champ Chase Jackson  | Continental Tour Gold 2025
UiqQ1azOUHE\t33\tNA\tMark English smashes his own Irish 800m record in Hengelo  | Continental Tour Gold 2025
FSL9RuLKSHM\t61\tNA\tFemke Bol powers to 52.51 meeting record at FBK Games | Continental Tour Gold 2025
-dwKLCiOBgQ\t41\tNA\tWorld leader Tinch flies to 13.10 in Hengelo | Continental Tour Gold 2025
tkJtFciOhC0\t39\tNA\tAdcock soars to 8.34m long jump on last attempt | Wanda Diamond League
B3X0aYn1hXk\t41\tNA\tRicketts leaps to 14.64m triple jump victory in Rome | Wanda Diamond League
y4yA-43jpyE\t39\tNA\tBromell blasts 9.84 100m world lead in Rome  | Wanda Diamond League
4BE4rhnJsbA\t53\tNA\tChebet storms to 2nd fastest ever 5000m in 14:03.69 | Wanda Diamond League
fHEhp80YAe0\t49\tNA\tHall takes it on the line with 44.22 in the 400m | Wanda Diamond League
McBOYgOrZHM\t41\tNA\tJonah Koech for the win in the men's 800m | Continental Tour Gold 2025
-mmjNF2a0MQ\t40\tNA\tBattle to the line in the women's 800m  | Continental Tour Gold 2025
megXeLWHf5o\t64\tNA\t's Lachlan Kennedy storms to 9.98 100m PB in Nairobi  | Continental Tour Gold 2025
k5lYIfpsphw\t26\tNA\tWorld-leading 82.73m for Olympic champion Katzberg in Nairobi   | Continental Tour Gold 2025
oUkIIir_fAI\t36\tNA\tMcCoy with the comeback in the women's 100m | Continental Tour Gold 2025
kYgjM__VPy0\t186\tNA\tAbsa Kip Keino Classic Highlights | Continental Tour Gold 2025
JcKpH0XeWfw\t186\tNA\tIrena Szewinska Memorial Highlights | Continental Tour Gold 2025
lElUfT31k3E\t41\tNA\tMark English improves on Irish 800m record in Bydgoszcz   | Continental Tour Gold 2025
vwoDdwQJtJY\t71\tNA\tBuckowiecka rules the women's 400m on home soil in Bydgoszcz | Continental Tour Gold 2025
HpaKDEHgSlc\t46\tNA\tAudrey Werro powers to Swiss 800m record   | Continental Tour Gold 2025
RBfrbtNens0\t46\tNA\t1500m meeting record for Mohamed Attaoui in Bydgoszcz   | Continental Tour Gold 2025
9EVVN-q4Yss\t52\tNA\tChebet threatens 3000m world record with 8:11.56 | Wanda Diamond League
A9BF-fSeTKo\t41\tNA\tMoon soars to 4.73m pole vault win in Rabat | Wanda Diamond League
nGJcoxUzzy0\t47\tNA\tBol smashes 14-year-old meeting record in 400m hurdles | Wanda Diamond League
UNEVT7FICAc\t37\tNA\tSimbine comes out on top in stacked 100m field | Wanda Diamond League
Dy9C5w1HHH8\t54\tNA\tMasalela powers to 1:42.70 800m in Rabat | Wanda Diamond League
qmZkHUPcgKQ\t187\tNA\tBoris Hanžekovi Memorijal Highlights | Continental Tour Gold 2025
d3pD5Z_y4_U\t77\tNA\tTsegay breaks 1500m meeting record in Zagreb with 3:58.14 | Continental Tour Gold 2025
RrPPjE69EsY\t36\tNA\tCeh throws monster 72.34m, becomes 6th best discus thrower of all-time | Continental Tour Gold 2025
7TgqY12cyyk\t38\tNA\tWalaza powers to 9.94 100m PB in Zagreb  | Continental Tour Gold 2025
OxbjUrocD8c\t60\tNA\tAlfred dominates the 200m with easy 22.15 in Zagreb | Continental Tour Gold 2025
ajVqm5NkxJg\t166\tNA\tSeiko Golden Grand Prix Highlights | Continental Tour Gold 2025
5D_-txJ0o3g\t32\tNA\tIncredibly close finish in the men's 200m  | Continental Tour Gold 2025
KX2Bt7IL6X0\t46\tNA\tGriffith dominates the 1500m field in Tokyo  | Continental Tour Gold 2025
lj8Bj8eJk-Y\t25\tNA\tUpset victory for Rizzo in the women's 100m | Continental Tour Gold 2025
CCAVdkf640U\t26\tNA\tMahuchikh sails over 1.96m in Tokyo | Continental Tour Gold 2025
56zRo8Aj8Lk\t31\tNA\tMuratake powers to 13.16 in the 110m hurdles  | Continental Tour Gold 2025
ZT7sejMKRRM\t35\tNA\tOlympic champion Kitaguchi rules in Tokyo with 64.16m  | Continental Tour Gold 2025
es836WVaHh4\t39\tNA\tRicketts on another level in Doha  | Wanda Diamond League
lR0nqQUpfkQ\t52\tNA\tNaser equals 400m meeting record in Doha   | Wanda Diamond League
5a_sqHHuAuc\t41\tNA\tAnother win for Caudery in Doha | Wanda Diamond League
4TtGn1oMvzk\t54\tNA\tWeber throws massive javelin throw world lead in Doha  | Wanda Diamond League
YlF3fci2c8o\t39\tNA\tClayton powers to 10.92 world lead  | Wanda Diamond League
lgIJQcEbbas\t36\tNA\tNene runs 43.63 anchor leg to secure 4x400m win for RSA | World Athletics Relays Guangzhou 25
bqHu2kyKcjA\t36\tNA\tSpain sets new national record 4x400m in 3:24.13 | World Athletics Relays Guangzhou 25
i20oQ0Byko0\t36\tNA\tSouth Africa stuns USA in dominant 4x100m win | World Athletics Relays Guangzhou 25
bRg8Pwh0Cdc\t26\tNA\tUSA smashes championship record in mixed 4x400m | World Athletics Relays Guangzhou 25
4082j0prgXo\t36\tNA\tBritish team storm to 4x100m victory ahead of Jamaica and USA | World Athletics Relays Guangzhou 25
y909DDX9gdU\t31\tNA\tCanada takes control in mixed 4x100m final  | World Athletics Relays Guangzhou 25
s9tStvoQahw\t26\tNA\tBotswana clock 3:01.23 in the men’s 4x400m to win their heat | World Athletics Relays Guangzhou 25
zr-7rluOtd8\t26\tNA\tChina run 4x400m national record in front of home crowd | World Athletics Relays Guangzhou 25
VDTaNSg4qTY\t25\tNA\tJapan beat Olympic champions Canada in men's 4x100m | World Athletics Relays Guangzhou 25
dVnpbDpmbrw\t31\tNA\tSimbine anchors team South Africa to world-leading 37.84 | World Athletics Relays Guangzhou 25
ZLUQkvwY-v4\t31\tNA\tBelgium outrun team GB in 4x100m relay | World Athletics Relays Guangzhou 25
-P42wzl1oFU\t31\tNA\tSpain run 4x100m national record to beat Jamaica | World Athletics Relays Guangzhou 25
wI7rer6VcD8\t26\tNA\tNail biting finish for Jamaica in mixed 4x100m relay | World Athletics Relays Guangzhou 25
TEOfMgCnbPk\t33\tNA\tYaroslava Mahuchikh flies over 2.00m in Keqiao   | Wanda Diamond League
ieQ6TlryYAU\t33\tNA\tSimbine holds off Thompson in a very close 100m finish   | Wanda Diamond League
iPrdQAGmSGc\t54\tNA\tChris Bailey for the 400m win in Keqiao   | Wanda Diamond League
F9MgmbB2UUo\t35\tNA\tGrace Stark rules the 100m hurdles in Keqiao | Wanda Diamond League
Wj4aP-yu7mQ\t33\tNA\tMondo Duplantis flies over 6.11m in Keqiao  | Wanda Diamond League
rBzogGxX2dg\t272\tNA\tLetsile Tebogo | Kids’ Athletics ambassador
BBHhC_mLbQw\t40\tNA\tAnavia Battle in a league of her own in Xiamen   | Wanda Diamond League
9oIpCPHzjAk\t37\tNA\tWorld champ Williams wins the 100m hurdles in Xiamen | Wanda Diamond League
eM4Jw3v2rWI\t66\tNA\tKipyegon narrowly misses out on 1000m world record in Xiamen  | Wanda Diamond League
qDq7P8w6gbA\t49\tNA\tWarholm storms to 33.05 300m hurdles world best  | Wanda Diamond League
9DfNPPts99Q\t29\tNA\tValarie Allman rules in Xiamen with 68.95m | Wanda Diamond League
HN211W2LE7c\t186\tNA\tFNB Botswana Golden Grand Prix highlights | Continental Tour Gold 2025
AocEH1FG23c\t76\tNA\tTebogo cruises to 20.23 200m victory in Gaborone | Continental Tour Gold 2025
h3d1tCVDgTg\t63\tNA\tMuhammad on top in the 400m hurdles | Continental Tour Gold 2025
DjgGI_6jJtM\t54\tNA\tSimbine powers to 9.90 world lead in Gaborone | Continental Tour Gold 2025
rZDekkhlW4g\t40\tNA\tThe World Athletics Content Creator Programme is BACK in 2025 
GumJZRu2Rgc\t186\tNA\tMaurie Plant Meet Highlights | Continental Tour Gold 2025
xu-uI0VDeCQ\t80\tNA\tKennedy fights off Gout Gout for 200m win in Melbourne | Continental Tour Gold 2025
N57qjA5rycA\t48\tNA\tPatterson dominates women's high jump with 1.94m in Melbourne | Continental Tour Gold 2025
PMicqR_rl30\t65\tNA\tNdori powers to 45.14 400m win in Melbourne | Continental Tour Gold 2025
gql_EJtk_9c\t24\tNA\tWalsh launches 21.65m shot put throw for gold | World Indoor Championships Nanjing 25
8SEVoaea_Wg\t26\tNA\tSekgodiso powers to world-leading 1:58.40 | World Indoor Championships Nanjing 25
R9pzkOl5tZQ\t26\tNA\tFurlani soars to 8.30m for gold | World Indoor Championships Nanjing 25
TI6h-ppK1ls\t26\tNA\tHoey grabs 800m gold on the line | World Indoor Championships Nanjing 25
omzaf6MDozs\t31\tNA\tCharlton defends world indoor title | World Indoor Championships Nanjing 25
CCsWXed9ZJY\t28\tNA\tTsegay secures 1500m gold in 3:54.86 | World Indoor Championships Nanjing 25
7zNXD_IMroE\t26\tNA\tIngebrigtsen storms to first world indoor 1500m gold | World Indoor Championships Nanjing 25
0FZ2GS9khlk\t26\tNA\tStark powers to 7.73 60m hurdles win | World Indoor Championships Nanjing 25
5-pSclr6juo\t36\tNA\tRookie Claire Bryant flies to 6.96m in long jump | World Indoor Championships Nanjing 25
yfTB1raHALg\t36\tNA\tOlyslagers defends high jump title with 1.97m | World Indoor Championships Nanjing 25
6fQrMaEddIk\t31\tNA\tDuplantis defends pole vault title with 6.15m | World Indoor Championships Nanjing 25
JXanjMSWl-I\t47\tNA\tHolloway claims third 60m indoor title in a row in Nanjing | World Indoor Championships Nanjing 25
larVyeclhAU\t24\tNA\tHailu storms to first 3000m title in 8:37.21 | World Indoor Championships Nanjing 25
CF82cMdZnLA\t31\tNA\tKambundji reclaims 60m title in 7.04 | World Indoor Championships Nanjing 25
AP4vSkJ-aN4\t24\tNA\tAnning wins dramatic 400m final in 50.60 | World Indoor Championships Nanjing 25
RIlAqjYhBD4\t24\tNA\tPérez Hernández flies to 14.93m world lead | World Indoor Championships Nanjing 25
HjnYECQYmCs\t31\tNA\tIngebrigtsen powers to 7:46.09 3000m win in Nanjing | World Indoor Championships Nanjing 25
qBfclaf1xoU\t44\tNA\tBonnin soars over 4.75m to win first global title | World Indoor Championships Nanjing 25
j0eVSj-ki4M\t26\tNA\tSkotheim flies to 8.00m in heptathlon long jump | World Indoor Championships Nanjing 25
5aXed9foDOw\t26\tNA\tDosso dominates 60m heats in 7.09 | World Indoor Championships Nanjing 25
iBF5Ahh6cig\t30\tNA\tDominant win for Miller in the 800m  | World Indoor Championships Nanjing 25
o4nS6wuLqkQ\t31\tNA\t7.49 in the 60m hurdles heats for Holloway | World Indoor Championships Nanjing 25
vP4fwxp90jw\t26\tNA\tAnning cruises to 400m final in 50.79 | World Indoor Championships Nanjing 25
sNsaw-HtJpo\t56\tNA\tAzu storms to 60m world indoor title  | World Indoor Championships Nanjing 25
XXDNnHHxIUY\t31\tNA\tWoo flies to high jump gold with 2.31m | World Indoor Championships Nanjing 25
rzu2Ubu3Otw\t30\tNA\tMitton defends shot put World Indoor title with 20.48m | World Indoor Championships Nanjing 25
hqEoC-Uq4lI\t24\tNA\tZhu grabs first medal for the host nation with 17.33m | World Indoor Championships Nanjing 25
OaWOE-0x-e8\t36\tNA\t17.80m for Andy Díaz Hernández's first global title | World Indoor Championships 25
EnKqupiaOZI\t85\tNA\tBenitez tops 60m heats in 6.49 | World Indoor Championships Nanjing 25
NHAEixOUWL8\t43\tNA\tWorld Athletics Indoor Championships Nanjing 25
f322BYchPRI\t37\tNA\tRoad to Nanjing | Grant Holloway trailer
a6-YIlzOO5g\t35\tNA\tGrant Holloway on the road to Nanjing 25 - Trailer
66FD77bRWr4\t155\tNA\tYaroslava Mahuchikh | International Women's Day
i8Fem4c7Z7k\t164\tNA\tSydney McLaughlin-Levrone | International Women's Day
-6gAZmXszo4\t177\tNA\tSifan Hassan | International Women's Day
juI8hXEllKI\t613\tNA\tWomen's 4x400m final | World Athletics Indoor Championships Glasgow 24
QrBbRMLjayI\t186\tNA\tWorld Indoor Tour Gold Madrid 25 highlights | World Indoor Tour 2025
v4xrFDeLvr4\t45\tNA\tCaudery clears 4.85m to dominate in Madrid | World Indoor Tour 2025
DxsefgOhmTc\t62\tNA\tVan der Weken clocks 7.09 60m to win in Madrid | World Indoor Tour Gold 2025
Ivkn3vONYoQ\t59\tNA\tLlopis powers to 7.48 60m hurdles Spanish national record | World Indoor Tour 2025
M4J09MvSYlc\t37\tNA\tJackson throws 19.48m in Madrid to win the World Indoor Tour | World Indoor Tour 2025
LU8scJsa604\t312\tNA\tWomen's 60m semi-final | World Athletics Indoor Championships Glasgow 24
5JcMEsFbNkI\t576\tNA\tMen's 4x400m final | World Athletics Indoor Championships Glasgow 24
1SpChDnGnmA\t1231\tNA\tWomen's triple jump final | World Athletics Indoor Championships Glasgow 24
zC_qvKupyVs\t1209\tNA\tMen's high jump final | World Athletics Indoor Championships Glasgow 24
f0w9eSP0AV0\t632\tNA\tWomen's 1500m final | World Athletics Indoor Championships Glasgow 24
GojKt7y8uzg\t1173\tNA\tMen's pole vault final | World Athletics Indoor Championships Glasgow 24
sfDhcSkXA3Q\t1126\tNA\tMen's heptathlon  | World Athletics Indoor Championships Glasgow 24
NxkSUZxstXA\t1287\tNA\tWomen's long jump final | World Athletics Indoor Championships Glasgow 24
D536TetEe8U\t1179\tNA\tMen's triple jump final | World Athletics Indoor Championships Glasgow 24
uU47ZO4dypo\t184\tNA\tORLEN Copernicus Cup highlights | World Indoor Tour 2025
ESn32iqMTfM\t39\tNA\tDosso denies Swoboda 4th title in Toru | World Indoor Tour 2025
QMQmYX23JWg\t986\tNA\tWomen's 3000m final | World Athletics Indoor Championships Glasgow 24
Y5RJe8paV3Y\t538\tNA\tMen's 60m hurdles final | World Athletics Indoor Championships Glasgow 24
e2u1laQnZ2w\t65\tNA\tTsegay almost breaks 1500m world record in Toru | World Indoor Tour 2025
U9mZedsUd_8\t50\tNA\tFurlani leaps to 8.37m world lead in Toru | World Indoor Tour 2025
_X1FKeVZHy8\t46\tNA\tNorwegian national record and world lead for Jaeger in the 400m | World Indoor Tour 2025
shy-tfnV348\t799\tNA\tWomen's pentathlon | World Athletics Indoor Championships Glasgow 24
aqHbrh5Mibk\t186\tNA\tMeeting Hauts-de-France Pas-de-Calais Trophée EDF highlights | World Indoor Tour 2025
jmvlBdtd_P4\t45\tNA\tWelteji cruises to 1500m world lead in 3:58.89 in Liévin | World Indoor Tour 2025
6c2ha3rNZ_A\t559\tNA\tJakob Ingebrigtsen SMASHES indoor mile world record in Liévin  | World Indoor Tour 2025
86x58JPpY80\t53\tNA\tKlaver clocks 50.76 world lead over 400m in Liévin | World Indoor Tour 2025
hGxxtfgcg6s\t36\tNA\tNugent powers to 7.75 60m hurdles in Liévin | World Indoor Tour 2025
CuKtB4UV35g\t945\tNA\tMen's 3000m final | World Athletics Indoor Championships Glasgow 24
Ku3vNPOrNBY\t1230\tNA\tWomen's pole vault final | World Athletics Indoor Championships Glasgow 24
xAl5mlcPrcs\t391\tNA\tMen''s 800m final | World Athletics Indoor Championships Glasgow 24
sZCFOTZCuRQ\t416\tNA\tWomen's 60m hurdles final | World Athletics Indoor Championships Glasgow 24
a0F8AQAbQx4\t184\tNA\tMillrose Games highlights | World Indoor Tour 2025
oQUMBxu-JQM\t65\tNA\tJosh Hoey smashes American indoor 800m record at Millrose Games  | World Indoor Tour 2025
Us_g8-2kUjQ\t42\tNA\tOlympic champion Masai Russell blazes to 60m hurdles world lead   | World Indoor Tour 2025
jom_w4dXlB0\t47\tNA\tBeard clocks 7.38 60m hurdles world lead at Millrose Games | World Indoor Tour 2025 new york mov
MfQ--V6orhw\t48\tNA\tJacious Sears powers to fastest 60m of the year in New York  | World Indoor Tour 2025
8DXC5KLKk-I\t559\tNA\tYared Nuguse rules the Wanamaker Mile with an incredible world record  | World Indoor Tour 2025
A_t1G8m1lIw\t484\tNA\tGrant Fisher flies to indoor 3000m world record at Millrose Games  | World Indoor Tour 2025
72O05tJ6NYM\t31\tNA\tBiggest indoor shot put throw since 2013  | World Indoor Tour 2025
dQS1UQCnlAI\t46\tNA\tSouth African record for Prudence Sekgodiso  | World Indoor Tour 2025
gMDRicHCFdo\t26\tNA\tVan der Weken on a roll in Karlsruhe | World Indoor Tour 2025
CtUPaMKRxBQ\t36\tNA\tBelocian dominates 60m hurdles in Karlsruhe  | World Indoor Tour 2025
pDtKH1KUG6Y\t25\tNA\tCaudery flies over 4.75m in Karlsruhe | World Indoor Tour 2025
VuUk9bbPWTI\t186\tNA\tInit Indoor Meeting Karlsruhe highlights | World Indoor Tour 2025
ym4V45s_ZFE\t51\tNA\tMalaika Mihambo flies to long jump world lead in Karlsruhe | World Indoor Tour 2025
BGWRYIOooBE\t427\tNA\tMen's 60m semi-final | World Athletics Indoor Championships Glasgow 24
NJY4_au_Eac\t1186\tNA\tMen's long jump final | World Athletics Indoor Championships Glasgow 24
0uKSnQUfx2Q\t524\tNA\tWomen's 800m final | World Athletics Indoor Championships Glasgow 24
5VvsqJJKdeA\t393\tNA\tMen's 400m final | World Athletics Indoor Championships Glasgow 24
ZtDe7GHnPs8\t183\tNA\tCzech Indoor Gala highlights | World Indoor Tour 2025
xBIawuAaOUg\t39\tNA\tFurlani flies out to world-leading 8.23m | World Indoor Tour 2025
oUQnYk2G3Yk\t50\tNA\tVan der Weken holds off Swoboda in Ostrava | World Indoor Tour 2025
m9ZxD2JIWYY\t59\tNA\tKlaver opens season with 400m world lead  | World Indoor Tour 2025
7ZjC7TJHhsM\t50\tNA\tMolnar storms to 400m world lead in Ostrava | World Indoor Tour 2025
iyIeaTuRmmU\t1111\tNA\tWomen's shot put final | World Athletics Indoor Championships Glasgow 24
A7AqMBNsgK0\t310\tNA\tWomen's 60m semi-final | World Athletics Indoor Championships Glasgow 24
LuKyYYsRzUA\t568\tNA\tMen's 60m final | World Athletics Indoor Championships Glasgow 24
Rr_oym8U59w\t188\tNA\tNew Balance Indoor Grand Prix highlights | World Indoor Tour 2025
pGYTjSFtue0\t41\tNA\t4 wins in a row in Boston for Noah Lyles | World Indoor Tour 2025
Z6a6GQVenIE\t46\tNA\t's Holloway wins the 60m hurdles in Boston | World Indoor Tour 2025
SnoUAWi7Kr0\t67\tNA\tJulien Alfred powers to 36.16 win over 300m in Boston | World Indoor Tour 2025
HKFpIcXnl6c\t49\tNA\tRussell clocks dominant 7.80 in Boston | World Indoor Tour 2025
WtIWGLLpP9M\t1868\tNA\tWomen's high jump final | World Athletics Indoor Championships Glasgow 24
rWNGkialuzc\t640\tNA\tMen's 1500m final | World Athletics Indoor Championships Glasgow 24
wdZbaCPExTQ\t181\tNA\tBelgrade Indoor Meeting highlights | World Indoor Tour 2025
WKie_pTEsl4\t31\tNA\tMontler rules in Belgrade with 8.23m world lead | World Indoor Tour 2025
fi2xBGsjhwQ\t63\tNA\tVisser sets 60m hurdles meet record in 7.86 in Belgrade | World Indoor Tour 2025
kncs2XeNe8A\t54\tNA\tBaker blazes 6.53 to win 60m at Belgrade Indoor Meet | World Indoor Tour 2025
5wcA6P0P2V0\t52\tNA\tDosso powers to 7.12 60m win in Belgrade | World Indoor Tour 2025
1mZYraltVNI\t1233\tNA\tMen's shot put final | World Athletics Indoor Championships Glasgow 24
Gk7sj2O9eyY\t456\tNA\tWomen's 400m final | World Athletics Indoor Championships Glasgow 24
RK4gwoCGw4M\t651\tNA\tWomen's 60m final | World Athletics Indoor Championships Glasgow 24
q4fXnUvqOtU\t181\tNA\tAstana Indoor Meet for Amin Tuyakov Prizes highlights | World Indoor Tour 2025
S7Zg2cmQkLc\t37\tNA\t's Beard wins 60m hurdles in Astana with 7.58 | World Indoor Tour 2025
ldj2gp6Yiz8\t65\tNA\t's Alemayo clocks 3000m world U18 indoor best | World Indoor Tour 2025
uUSgo7p7z4k\t48\tNA\tTia Clayton powers to 60m meeting record in Astana | World Indoor Tour 2025
wghyVgsH80Y\t46\tNA\t's Kishane Thompson wins on his indoor debut | World Indoor Tour 2025
pMpF5w_hSl0\t77\tNA\tSifan Hassan accepts World Athlete of the Year Award | World Athletics Awards 2024
AEI9A2Xm7aM\t41\tNA\tWorld Athletics Ultimate Championship Trailer
lcM6xWAu1Hw\t297\tNA\tBecoming a Champion for a Better World: Athlete Messages for COP29
zYDHoDnquns\t116\tNA\tSPRINT Part 2 | Coming to Netflix on 13 November
x-A4bUavvKw\t185\tNA\tMemorial Borisa Hanžekovia Highlights | Continental Tour Gold 2024
asaWoEn5hnw\t36\tNA\tChepchirchir cruises to 1:57.00 800m win | Continental Tour Gold 2024
_iI5njag46I\t35\tNA\tWilliams runs 50.00 meeting record in Zagreb | Continental Tour Gold 2024
DXlPhMmENHA\t65\tNA\tBett sets 3000m steeplechase meeting record in 8:06.33 | Continental Tour Gold 24
C0QgDZDFkFE\t36\tNA\tKaralis soars to 5.88m win in Zagreb | Continental Tour Gold 2024
-FANaGYSDzk\t36\tNA\tLindsey storms to 100m win in Zagreb | Continental Tour Gold 2024
x70L9u2qHKM\t26\tNA\tSerem strikes gold in men's 3000m steeplechase | World Athletics U20 Championships Lima 2024
indzo2wF8Xs\t35\tNA\tShock finish as Fayisa  beats Myers  over 1500m | World Athletics U20 Championships Lima 2024
B-bDYR5v2Cg\t34\tNA\tJamaica  and GB  involved in dramatic 4x100m battle | World Athletics U20 Championships Lima 24
IQkUoEVS_X0\t31\tNA\tInsane finish in men's 400m hurdles | World Athletics U20 Championships Lima 2024
gDAf8GCy5oU\t26\tNA\tTopic comes back from broken foot to win high jump  | World Athletics U20 Championships Lima 2024
6fJ6IHOSXtQ\t31\tNA\tJamaica  rule women's 4x100m final | World Athletics U20 Championships Lima 2024
TO1VZjxlINE\t36\tNA\tUSA  dominate 4x400m relay final | World Athletics U20 Championships Lima 2024
23EyAqsAQZw\t31\tNA\tSarah Moraa   continues family tradition & wins 800m  | World Athletics U20 Championships Lima 24
f3doCbL-0fw\t26\tNA\t's Jarvinen smashes decathlon championship record | World Athletics U20 Championships Lima 24
pBC6n78ZPks\t31\tNA\tEpic 8.17m jump for Farkas in long jump final | World Athletics U20 Championships Lima 24
hKY2kZ7U7r8\t31\tNA\tTharp  dominates 110m hurdle final with 13.05 | World Athletics U20 Championships Lima 24
7lBm25trhVc\t31\tNA\tKerrica Hill  strikes gold in women's 100m hurdles | World Athletics U20 Championships Lima 24
ylpKloQWK5w\t31\tNA\tHodge  beats Lewis  in epic 200m showdown | World Athletics U20 Championships Lima 2024
M3wWo5qEtTg\t41\tNA\t's Bayanda Walaza completes iconic sprint double | World Athletics U20 Championships Lima 24
94eiKMtqs4A\t36\tNA\tBaima dominates the 10,000m race walk in Lima | World Athletics U20 Championships Lima 2024
FpDHJZSIBxY\t35\tNA\tGolden race walk glory for 's Cherni in Lima | World Athletics U20 Championships Lima 2024
IvpXvWYXaDc\t36\tNA\tIncredible comeback from Okon in 4x400m heats | World Athletics U20 Championships Lima 2024
1tjD6qI-p-0\t26\tNA\tPuribol Boonson leads Thailand to 4x100m final  | World Athletics U20 Championships Lima 2024
-acP5xvCT4k\t36\tNA\tAlana Reid brings Jamaica's 4x100m team home in heats | World Athletics U20 Championships Lima 2024
oigOTB0J7FM\t41\tNA\t's Okon times it to perfection in the 400m final  | World Athletics U20 Championships Lima 2024
lzaVf1BOC9E\t41\tNA\t's Manuel rules the women's 400m final in Lima | World Athletics U20 Championships Lima 2024
FeQz1B_UR44\t25\tNA\t's Almayew dominates 3000m steeplechase final | World Athletics U20 Championships Lima 2024
RtRZS4oboRQ\t32\tNA\t's Halvorsen sprints to 3000m glory in Lima | World Athletics U20 Championships Lima 2024
mG-vO2y5XqI\t31\tNA\tHistoric hammer throw gold for 's Kesidis | World Athletics U20 Championships Lima 2024
g9WWZAKgUv0\t31\tNA\tEthan Olivier flies to triple jump glory in Lima | World Athletics U20 Championships Lima 2024
558reE2D3xs\t26\tNA\t's Roko Farkaš flies to 8.15m national record | World Athletics U20 Championships Lima 2024
Abl63Qv6XCY\t55\tNA\tHodge and Lewis fly through the 200m heats | World Athletics U20 Championships Lima 2024
cJAm5KeErOQ\t26\tNA\t's Ja'Kobe Tharp leads 110m hurdles heats  | World Athletics U20 Championships Lima 2024
Uvr3hwgbRgg\t45\tNA\tKerrica Hill turns on the jets in 100m hurdles heats | World Athletics U20 Championships Lima 2024
HfHqAs2dzms\t27\tNA\t's Gout Gout flies to 20.77 in 200m heats | World Athletics U20 Championships Lima 2024
qB1MenPZNxw\t31\tNA\tBingyang Han secures U20 discus title for China  | World Athletics U20 Championships Lima 2024
x8Ulm8NuBQ4\t37\tNA\tJana Košak gets the heptathlon gold in Lima  | World Athletics U20 Championships Lima 2024
n3bo5HA5kGw\t41\tNA\t's Delta Amidzovski flies to long jump gold | World Athletics U20 Championships Lima 2024
rKd31chgYKA\t49\tNA\t's Bayanda Walaza  storms to 100m world U20 title | World Athletics U20 Championships Lima 2024
Q8lxCqYrNkA\t51\tNA\tJamaica's Alana Reid  powers to 100m world U20 title | World Athletics U20 Championships Lima 24
O96v9Xu-o74\t20\tNA\t's Yan easily qualifies for javelin throw final | World Athletics U20 Championships Lima 24
Y3RZUC6u78Q\t36\tNA\tNo-look hurdle from Sainio in the 400m hurdles heats  | World Athletics U20 Championships Lima 24
gq62aUFEwWA\t35\tNA\t's Ella Onojuvwevwo cruises through 400m heats | World Athletics U20 Championships Lima 24
h2FkAAkjrlY\t39\tNA\tAustralian team dominates mixed 4x400m relay final  | World Athletics U20 Championships Lima 24
jGQFJnoLF7U\t31\tNA\tDutch Delight for van Daalen in shot put final | World Athletics U20 Championships Lima 24
SAv1896iRv0\t40\tNA\tAlamisi kicks to Kenyan 5000m glory   | World Athletics U20 Championships Lima 24
J7Xp1URmaLs\t31\tNA\t's Eisa wins record-breaking back-to-back 5000m gold | World Athletics U20 Championships Lima 24
CvKPG-kS4p0\t64\tNA\tBradley Nkoana cruises to fastest time in 100m heats | World Athletics U20 Championships Lima 24
-cHqIXnwQVs\t45\tNA\tHodge and Reid impress during 100m heats | World Athletics U20 Championships Lima 24
UrVDCecMDs0\t3438\tNA\tLivestream World Athletics U20 Championships Lima 24 | Press Conference
2GjWwpF-DOc\t2654\tNA\tWorld Athletics Official Podcast | Paris 2024 Olympic Games – Episode 11
orCjaHbbWLc\t2795\tNA\tWorld Athletics Official Podcast | Paris 2024 Olympic Games – Episode 10
WvhqsZ7zUFw\t3011\tNA\tWorld Athletics Official Podcast | Paris 2024 Olympic Games – Episode 9
wZ5N9dWl_lE\t2833\tNA\tWorld Athletics Official Podcast | Paris 2024 Olympic Games – Episode 8
2XUVWRvxwBI\t3066\tNA\tWorld Athletics Official Podcast | Paris 2024 Olympic Games – Episode 7
FgRR1ZMtdDU\t2829\tNA\tWorld Athletics Official Podcast | Paris 2024 Olympic Games – Episode 6
AhPk-T42Un0\t3041\tNA\tWorld Athletics Official Podcast | Paris 2024 Olympic Games – Episode 5
f72tgdlQY1g\t2899\tNA\tWorld Athletics Official Podcast | Paris 2024 Olympic Games – Episode 4
tY5gpdjjaMc\t1954\tNA\tWorld Athletics Official Podcast | Paris 2024 Olympic Games – Episode 3
oj8s5RmbDGM\t1983\tNA\tWorld Athletics Official Podcast | Paris 2024 Olympic Games – Episode 2
0Kz615JNDn0\t2538\tNA\tWorld Athletics Official Podcast | Paris 2024 Olympic Games – Episode 1
FECHqkkcsyY\t313\tNA\tGrant Holloway - World Athletics Championships Wins
zBZHNRl4-HY\t276\tNA\tFaith Kipyegon | Motherhood
-ZBWRp_dVes\t328\tNA\tNoah Lyles - World Athletics Championships Wins
qNkMcGwT9bk\t854\tNA\tUsain Bolt | The world's fastest man
1pwHggxaIyM\t491\tNA\tMondo Duplantis | My great World Championships moment
_lJOlyLYq6U\t164\tNA\t"My mom is my biggest role model" | Noah Lyles plays On The Cards
ST5KIMIN8s8\t400\tNA\tSydney McLaughlin-Levrone | My great World Championships moment
HYnNzqtpbis\t537\tNA\tJoshua Cheptegei - World Athletics Championships Wins
8EAjAdJfmC4\t268\tNA\t"Motherhood has put me on another level" | Faith Kipyegon plays On The Cards
aQqLDjs01vE\t312\tNA\t"I think it's possible to jump over 6.30m" | Mondo Duplantis plays On The Cards
BSYD12Z2Khs\t570\tNA\tGudaf Tsegay | Purpose
-6EA0hdJGV4\t780\tNA\tTara Davis-Woodhall | Authenticity
5z0yhXuTGWo\t486\tNA\tEmmanuel Wanyonyi | The People's Champ
CeX_1eR1ucc\t157\tNA\tRichardson vs Fraser-Pryce - World Athletics Championships Wins
whd9JIPJd2o\t510\tNA\tMondo Duplantis and Renaud Lavillenie react to 6.22m pole vault world record  |  Athletes React
nqsh_L6-jZ0\t23\tNA\tStars of SPRINT feat. Shericka Jackson Trailer
6IJgAnukY8g\t54\tNA\tMutaz Barshim | Soaring Trailer
vpWB8JVIsJg\t219\tNA\tNoah Lyles reacts to 's 4x100m gold | Athletes React
DGgm1VH4chs\t181\tNA\tŠpanovi vs Mihambo - World Athletics Championships Wins
sYH8szfyCi8\t57\tNA\tNaomi in Paris: An Artistic Journey Trailer
NO2JhrXyf2Y\t640\tNA\tCarl Lewis reacts to 100m world record at Tokyo World Athletics Championships 1991 | Athletes React
MB38F4fHGXQ\t152\tNA\tTamberi vs Barshim - World Athletics Championships Wins
zf_Qqgx8Mhg\t242\tNA\tBol vs McLaughlin-Levrone - World Athletics Championships Wins
zv8XnKIkxRc\t29\tNA\tThe Stars of SPRINT feat. Fred Kerley Trailer
xl_76EKU6XY\t42\tNA\tAbdi Nageeye | Beyond Borders Trailer
BUQOLoS7GM8\t181\tNA\tUSA vs Canada - World Athletics Championships Wins
55-hczsf7pA\t230\tNA\tTsegay vs Kipyegon - World Athletics Championships Wins
Kk5BZNCvKiw\t70\tNA\tBehind the Scenes of WIC Glasgow 24
-3toxGfqRSA\t221\tNA\tDos Santos vs Warholm - World Athletics Championships Wins
sxK6ZHPnf6s\t26\tNA\tThe Stars of SPRINT feat. Sha'Carri Richardson Trailer
XZLDmnTZgsY\t186\tNA\tGyulai István Memorial Highlights | Continental Tour Gold 2024
zKcxT69vyEQ\t76\tNA\tAlfred cruises to 200m victory in 22.16 | Continental Tour Gold 2024
PC4V8FZR4GI\t76\tNA\tGardiner clocks 44.50 400m in at Gyulai István Memorial | Continental Tour Gold 2024
61ECdqJEi3c\t46\tNA\tThompson runs 9.91 to win in Székesfehérvár | Continental Tour Gold 2024
0P81j55_f7A\t28\tNA\tHow to Run Faster - With Carl Lewis and Daniel LaBelle
_ZL-3OgQI2Q\t189\tNA\tFBK Games Highlights | Continental Tour Gold 2024
bTdu_CXAzrc\t66\tNA\tKeely Hodgkinson cruises to 800m win in Hengelo | Continental Tour Gold 2024
3lw7Ix-poiQ\t66\tNA\tLaros kicks to 1000m world U20 record in front of home crowd | Continental Tour Gold 2024
FQ_ZnvLlubI\t36\tNA\tFerdinand Omanyala rules the 100m at the FBK Games | Continental Tour Gold 2024
74zahoMUpxw\t36\tNA\tCamacho-Quinn powers to the win in Hengelo | Continental Tour Gold 2024
ydIAKtwCdm8\t33\tNA\tAthletics Ignites Paris!
hUsvco2_cGc\t53\tNA\tThe Stars of SPRINT feat. Noah Lyles Trailer
Ns4kLnH5pdY\t49\tNA\tCarl Lewis | World Athletics Official Podcast
GKNjPhAOsEg\t91\tNA\tTara Davis-Woodhall | Authenticity Trailer
hdVKeZ01EVY\t87\tNA\tTrey Cunningham | Study of the Mind Trailer
pcQU2tKEPsg\t34\tNA\tBehind the scenes | SPRINT pre-screening trailer
Klo5g97NDFA\t186\tNA\tMemoria Ireny Szewiskiej Highlights | Continental Tour Gold 2024
EdeW4TNwJE0\t66\tNA\tKaczmarek runs 49.86 400m to win in Bydgoszcz | Continental Tour Gold 2024
0NxtBiyTJgA\t74\tNA\tKramer runs 1:44.08 to win 800m in Bydgoszcz | Continental Tour Gold 2024
0oKRoml7M8U\t66\tNA\tObiena jumps 5.97m to win pole vault thriller! | Continental Tour Gold 2024
XyOFd742mcU\t190\tNA\tPaavo Nuri Games Highlights | Continental Tour Gold 2024
S9jQLZmLgGo\t56\tNA\tNia Ali runs 12.48 in Turku ! | Continental Tour Gold 2024
xIRFQkQmHGY\t26\tNA\tElla Junnila sets 1.97m national high jump record on home soil  | Continental Tour Gold 2024
HRPgVBcY2BI\t36\tNA\tNina Kennedy soars to 4.80m season's best | Continental Tour Gold 2024
mRfXZroacnE\t36\tNA\tOlympic champ Neeraj Chopra rules in Turku ! | Continental Tour Gold 2024
snChxTHhRLY\t60\tNA\tMarcell Jacobs clocks 9.92 in Turku  | Continental Tour Gold 2024
ehzQFQAhhyM\t28\tNA\tSelemon Barega | Defiance Trailer
OT8-vBHLMwE\t197\tNA\tUSATF New York City Grand Prix Highlights | Continental Tour Gold 2024
cZeI8hVNMSo\t51\tNA\tGabby Thomas powers to 200m win in New York | Continental Tour Gold 2024
9weKeTUJ650\t51\tNA\tNoah Lyles is unstoppable in the 200m | Continental Tour Gold 2024
W4Qw2mdmSvo\t66\tNA\tSydney McLaughlin-Levrone storms to 400m world lead  | Continental Tour Gold 2024
OBcALmP4DQQ\t46\tNA\tTara Davis-Woodhall flies to 7.14m in New York  | Continental Tour Gold 2024
vFHZo0tIvq0\t125\tNA\tSPRINT | Coming to Netflix on 2 July
rL0kZeJ1v1U\t68\tNA\tDavid Rudisha | World Athletics Official Podcast
ImsEIPs-ATk\t41\tNA\tMic'd Up Bahamas 4x100m Trailer | World Athletics Relays Bahamas 24
BSlXLkJmlx8\t42\tNA\tGudaf Tsegay | Purpose Trailer
xNxxyiDPXAA\t86\tNA\tSedjati dominates 800m in Ostrava | Continental Tour Gold 2024
B2echCMCNpo\t185\tNA\tOstrava Golden Spike Highlights | Continental Tour Gold 2024
YlsieFSWHQo\t74\tNA\tGardiner vs Doom over 400m in Ostrava | Continental Tour Gold 2024
2ct9HkRZdhE\t35\tNA\tMolly Caudery clears world-leading 4.84m in Ostrava | Continental Tour Gold 2024
tN7kt0cCVYw\t39\tNA\tMic'd Up Team GB 4x400m Trailer | World Athletics Relays Bahamas 24
jeshckELCms\t37\tNA\tMic'd Up USA 4x400m Trailer | World Athletics Relays Bahamas 24
U8pVX6IBmCo\t186\tNA\tSeiko Golden Grand Prix Highlights | Continental Tour Gold 2024
bYb72BeyJEw\t81\tNA\tSarah Billings leads an Australian 1-2 | Continental Tour Gold 2024
AEBcf4fsOYk\t66\tNA\tToyoda dominates men's 400m hurdles | Continental Tour Gold 2024
bQzIaMRXY4I\t50\tNA\tHobbs on top over 100m in Tokyo | Continental Tour Gold 2024
MoX_NPEFFzs\t184\tNA\tUSATF Los Angeles Grand Prix Highlights | Continental Tour Gold 2024
guzzFSEMnvM\t24\tNA\tOlympic year off to a strong start for Joe Kovacs  | Continental Tour Gold 2024
eQ7U9wXuVbg\t59\tNA\tHalimah Nakaayi powers to Ugandan 800m record  | Continental Tour Gold 2024
3COhn2aDBDw\t52\tNA\tRai Benjamin clocks 9th fastest 400m hurdles in history  | Continental Tour Gold 2024
TCXLS6rrQiQ\t65\tNA\tSydney McLaughlin-Levrone smashes 200m PB in LA  | Continental Tour Gold 2024
0BGEyFVzCeI\t42\tNA\tJereem Richards | Small Islands, Big Dreams Trailer
A9t871Fvw1s\t23\tNA\tDoes Carl Lewis always get it right?  | World Athletics Official Podcast
isBXd63d1EE\t63\tNA\tEmmanuel Wanyonyi | The People's Champ Trailer
gu4YbNmQ7-M\t31\tNA\tBehind the Bahamas Trailer | World Athletics Relays Bahamas 24
l1LHebpMj1o\t36\tNA\tUS team gets it in the mixed 4x400m relay  | World Athletics Relays Bahamas 24
IwuzyJ8VKvE\t38\tNA\tNo one is stopping the US women in the 4x400m  | World Athletics Relays Bahamas 24
jJfnNFqmvgE\t43\tNA\tBotswana rule in the 4x400m final  | World Athletics Relays Bahamas 24
DW8YAc42Uik\t50\tNA\tNoah Lyles delivers for USA in the 4x100m | World Athletics Relays Bahamas 24
7DZZxBgaIRw\t41\tNA\tUS women dominate 4x100m final   | World Athletics Relays Bahamas 24
Wk0r43m3FO8\t41\tNA\tIncredible battle to the line in the men's 4x400m   | World Athletics Relays Bahamas 24
d5_JLDo9qHQ\t43\tNA\tNoah Lyles is unstoppable in the 4x100m | World Athletics Relays Bahamas 24
_8y7IuS6LD8\t42\tNA\tIreland leads women's 4x400m heats | World Athletics Relays Bahamas 24
QPWZzArPq9k\t45\tNA\tPoland upsets favourites in 4x100m heats | World Athletics Relays Bahamas 24
Bf8tCHu3Al4\t38\tNA\tFemke Bol makes it look easy in the mixed 4x400m relay | World Athletics Relays Bahamas 24
ksBl90Cfn8E\t60\tNA\tA Sound Mind | ASICS Chojo Camp Trailer
K9J0afMRg5A\t50\tNA\tItaly storm to Marathon Mixed Relay victory | World Athletics Race Walking Team Championships 24
jvlyfKLyPfM\t38\tNA\tGarcia Leon strikes gold in Antalya | World Athletics Race Walking Team Championships Antalya 24
dMUO40QquBk\t41\tNA\tDramatic finish in U20 men's 10km race walk | World Athletics Race Walking Team Championships 24
ePfhTzEPq8w\t40\tNA\tKing Perseus strikes again | World Athletics Race Walking Team Championships Antalya 24
LAcapHuh7MU\t35\tNA\tXizhen Yang wins U20 women's 10km race walk | World Athletics Race Walking Team Championships 24
HwKhzO5n4OM\t185\tNA\tKip Keino Classic Highlights | Continental Tour Gold 2024
CnXlqfIMumU\t86\tNA\tMary Moraa dominates women's 800m with world-leading time | Continental Tour Gold 2024
Tzcu3Hne2tU\t46\tNA\tLindsey beats Tebogo over 200m in 19.71 | Continental Tour Gold 2024
uYkea7ebB38\t45\tNA\tKatzberg throws 84.38m in men's hammer - longest since 2008 | Continental Tour Gold 2024
cT85N6wPzhA\t63\tNA\tThe Love of a Country - Benson Kipruto | Trailer
X75G7-pncEQ\t35\tNA\tAlemayo leads Ethiopia to podium sweep | World Athletics Cross Country Championships Belgrade 24
6FHdENIIdh0\t35\tNA\tKibathi gets it on the line  | World Athletics Cross Country Championships Belgrade 24
P7TCbC81xZQ\t45\tNA\tKenya dominates the Mixed Relay  | World Athletics Cross Country Championships Belgrade 24
39PeuqgMl_A\t40\tNA\tJacob Kiplimo rules in Belgrade  | World Athletics Cross Country Championships Belgrade 24
VLrq4Rlu1yY\t41\tNA\tBeatrice Chebet powers to golden glory | World Athletics Cross Country Championships Belgrade 24
b_jwuTswVZU\t89\tNA\tNoah Lyles: "I have that idea of 19.10 just constantly in my head"
-zJ40DGMYvw\t52\tNA\tBuilding a Legacy - Gotytom Gebreslase | Trailer
mqA36HlBtbM\t128\tNA\tThank you Glasgow  | World Athletics Indoor Championships Glasgow 24
pnxVcmrETdo\t39\tNA\tFast finishing Hailu strikes 1500m gold | World Athletics Indoor Championships Glasgow 24
GFmW3ODgfhI\t42\tNA\tBeamish kicks to 1500m gold   | World Athletics Indoor Championships Glasgow 24
sKU7xvhnkzs\t42\tNA\tMondo Duplantis retains pole vault title | World Athletics Indoor Championships Glasgow 24
4Q2S-x0xqFQ\t37\tNA\tNetherlands reign supreme in 4x400m | World Athletics Indoor Championships Glasgow 24
9tDnpCWKQA4\t50\tNA\tTara Davis-Woodhall flies to long jump gold  | World Athletics Indoor Championships Glasgow 24
SNyN_qmWZMQ\t37\tNA\tBelgian Tornados claim back-to-back 4x400m gold | World Athletics Indoor Championships Glasgow 24
TGEmXPOi7v4\t209\tNA\tDevynne Charlton flies to 7.65 WORLD RECORD | World Athletics Indoor Championships Glasgow 24
YNV0pLQ3r5U\t57\tNA\tDramatic women's 60m hurdles heats | World Athletics Indoor Championships Glasgow 24
-5ghqItDy44\t52\tNA\tWorld-leading 15.01m for Thea LaFond | World Athletics Indoor Championships Glasgow 24
8y2Hj7GDcwI\t52\tNA\t2.36m for Kerr as he claims high jump world title | World Athletics Indoor Championships Glasgow 24
tqMeRcqPRaE\t42\tNA\tElinor St. Pierre beats Gudaf Tsegay to 3000m world title | World Indoor Championships Glasgow 24
0_fj9s5migI\t42\tNA\tJosh Kerr  powers to 3000m world title | World Athletics Indoor Championships Glasgow 24
cnIK9x_D7fc\t40\tNA\tJulien Alfred storms to historic gold for Saint Lucia  | World Indoor Championships Glasgow 24
2yGaTOzaGIA\t37\tNA\tDoom upsets Warholm in the men's 400m final  | World Indoor Championships Glasgow 24
yWWXKhK7zfk\t161\tNA\tFemke Bol breaks 400m world indoor record 49.17 | World Athletics Indoor Championships Glasgow 24
bvmMWD8jP74\t42\tNA\tMolly Caudery flies to pole vault gold   | World Indoor Championships Glasgow 24
vWuOI_e-0BA\t56\tNA\tSwoboda and Alfred storm to 7.02 in heats  | World Indoor Championships Glasgow 24
DK6bKtXUE1c\t56\tNA\tTentoglou wins the long jump on countback  | World Indoor Championships Glasgow 24
Yj_KvetmVyg\t43\tNA\tFemke Bol dominates 400m semi-finals | World Indoor Championships Glasgow 24
kVTC1L6gCkA\t46\tNA\tGolden high jump glory for 's Olyslagers | World Indoor Championships Glasgow 24
hwq08yN0Znw\t49\tNA\tRyan Crouser dominates shot put final | World Indoor Championships Glasgow 24
d5MkPE-IawE\t73\tNA\tChristian Coleman storms to golden 60m glory  | World Indoor Championships Glasgow 24
tEx9qDbhPTI\t97\tNA\tColeman leads 60m qualifiers in 6.49 | World Indoor Championships Glasgow 24
o2LVrePrPHM\t62\tNA\tMitton grabs shot put gold   | World Indoor Championships Glasgow 24
vvB9l65qWfM\t183\tNA\tWorld Indoor Tour Gold Madrid Highlights | World Indoor Tour 2024
g8VEwGAPuvA\t62\tNA\tTecuceanu powers to 800m world lead | World Indoor Tour 2024
tLRbQfFm9io\t34\tNA\tSimonelli powers to national 60m hurdles record  | World Indoor Tour 2024
pcwKC1e1IkE\t68\tNA\tLast one, best one for Campbell  | World Indoor Tour 2024
lNM_REgUpog\t35\tNA\tCharlton powers to 7.68 meet record  | World Indoor Tour 2024
ZrdiMPJ-HuY\t2232\tNA\tWomen's triple jump final | World Indoor Championships Belgrade 2022
BZ-pSeL4qeo\t486\tNA\tRemembering Kelvin Kiptum and his world record-breaking legacy
u7NFQYkAjfU\t193\tNA\tMaurie Plant Meet Highlights | Continental Tour Gold Melbourne 2024
7bd3kZpYlr0\t72\tNA\tMcSweyn beats Wightman in Melbourne | Continental Tour Gold 2024
7gvGtn6tPsI\t84\tNA\tClaudia Hollingsworth breaks Australian 800m U20 record | Continental Tour Gold 2024
Tk7K7SGwzQY\t47\tNA\tZoe Hobbs storms to victory over 100m in Melbourne | Continental Tour Gold 2024
qeefjE74SXI\t2254\tNA\tMen's pole vault final | World Indoor Championships Belgrade 2022
1poDY90nse4\t166\tNA\tMillrose Games Highlights | World Indoor Tour 2024
SAsTHD__mFE\t189\tNA\tDevynne Charlton breaks 60m hurdles WORLD RECORD  | World Indoor Tour 2024
7tuF8AakRp0\t88\tNA\tJosh Kerr smashes 2 miles world best  | World Indoor Tour 2024
lQQ7cmAziVs\t46\tNA\tAlfred dips under 7 seconds in New York  | World Indoor Tour 2024
UwBXRucpfVQ\t173\tNA\tMeeting Hauts-de-France Pas-de-Calais Trophée EDF Highlights | World Indoor Tour 2024
QTzQlyMssBg\t76\tNA\tLamecha Girma comes tantalisingly close to world best  | World Indoor Tour 2024
82s-y9ubKHc\t31\tNA\tMcCartney soars to world-leading 4.84m  | World Indoor Tour 2024
H5FVe6nYHyk\t49\tNA\tGrant Holloway powers to 7.32 world lead   | World Indoor Tour 2024
7mCIlmSvLp4\t34\tNA\tErriyon Knighton storms to fastest indoor 200m debut in history  | World Indoor Tour 2024
DDZteRCP6z0\t2287\tNA\tWomen's long jump final | World Indoor Championships Belgrade 2022
hRwBro-JiM8\t185\tNA\tOrlen Copernicus Cup Torun Highlights | World Indoor Tour 2024
qm0n8hAJEcI\t30\tNA\t's Diaz flies out to world-leading triple jump | World Indoor Tour 2024
cQB_VEkg6PA\t64\tNA\t's Hailu runs to 3rd place on 1500m all-time list | World Indoor Tour 2024
yAeCnABWFQg\t40\tNA\tNadine Visser grabs big win in Torun | World Indoor Tour 2024
Yd-BgYZyPoA\t66\tNA\tEwa Swoboda powers to 7.01 world lead in Torun  | World Indoor Tour 2024
MxoFOil2TXo\t158\tNA\tNew Balance Indoor GP Boston Highlights | World Indoor Tour 2024
OG9ZBXZxfs4\t46\tNA\tNoah Lyles storms to 6.44 over 60m | World Indoor Tour 2024
cQ0MlMKlCCg\t66\tNA\tJessica Hull breaks national record to win women's 3000m | World Indoor Tour 2024
mv2iRLyDSrI\t31\tNA\tTara Davis wins long jump in Boston | World Indoor Tour 2024
T_kefgGLBow\t31\tNA\tGrant Holloway storms to 7.35 over 60m hurdles in Boston | World Indoor Tour 2024
BBte5ICm2UQ\t448\tNA\tMen's 60m hurdles final | World Indoor Championships Belgrade 2022
kZL9SfLfWn0\t193\tNA\tCzech Indoor Gala highlights | World Indoor Tour 2024
eKEXy5YE1pc\t42\tNA\tSwoboda storms to 7.07 60m meet record  | World Indoor Tour 2024
uz_O_SVc4i0\t69\tNA\tHailu shatters mile world lead and meeting record  | World Indoor Tour 2024
UU5nd-sSL1Y\t65\tNA\tKlaver powers to 400m world lead  | World Indoor Tour 2024
jBAPD0xwkYY\t32\tNA\t's Kiryu breaks 60m national record | World Indoor Tour 2024
zezVxMBvfYU\t70\tNA\tApplications Now Open: Content Creator Programme 2024
domkJIe93hU\t169\tNA\tAstana Indoor Meet for Amin Tuyakov Prizes highlights | World Indoor Tour 2024
PtmwoB_45Qg\t60\tNA\tStrachan storms to 60m victory in Astana | World Indoor Tour 2024
IRoW2abFHD4\t55\tNA\tKemp wins 60m with an incredible dip on the line  | World Indoor Tour 2024
zEUpxjNigX8\t65\tNA\tTobi Amusan powers to 7.77 area record  | World Indoor Tour 2024
280cwuyc5o8\t393\tNA\tWomen's 400m final | World Indoor Championships Belgrade 2022
IZ5ob0ny3G4\t630\tNA\tMen's 60m final | World Indoor Championships Belgrade 2022
_FeNtzOHaA0\t36\tNA\t's Kipyegon strikes 5000m gold after crazy last lap | World Athletics Championships Budapest 23
oNictdbLkIA\t519\tNA\tMy Favourite Photo - Gianmarco Tamberi
JPPus2NTSRE\t236\tNA\tUSAIN BOLT on struggles, world records and love for the fans
HDyqf2avqRA\t103\tNA\tLet ‘em run! Let ‘em jump! Let ‘em Throw! | World Athletics Holiday Song
tqdG_t4WbOE\t699\tNA\tRelentless | Femke Bol Interview
kXIINFMWXIA\t57\tNA\tWorld Athletics Awards 2023 | Highlight Reel
1C1uVBJ8l7M\t67\tNA\tFemale Rising Star of the Year | World Athletics Awards 2023
iurRw3OU64s\t65\tNA\tMale Rising Star of the Year | World Athletics Awards 2023
l4QaJ3YPUEg\t91\tNA\tWorld Athlete of the Year - Track Events | World Athletics Awards 2023
ryFLDpMP4ak\t79\tNA\tWorld Athlete of the Year - Out of Stadia Events | World Athletics Awards 2023
It3bApOTUng\t91\tNA\tWorld Athlete of the Year - Field Events | World Athletics Awards 2023
lAhIHE4j_DQ\t90\tNA\tWorld Athlete of the Year - Track Events | World Athletics Awards 2023
LuGkuOhRXwE\t46\tNA\tWorld Athlete of the Year - Out of Stadia Events | World Athletics Awards 2023
-BURzVG4mJI\t91\tNA\tWorld Athlete of the Year - Field Events | World Athletics Awards 2023
c2yINTCrON0\t145\tNA\tFair Play Award | World Athletics Awards 2023
5jUSGJmPH_k\t128\tNA\tPresident's Award | World Athletics Awards 2023
cDIIzY-4t4I\t129\tNA\tMember Federation Award | World Athletics Awards 2023
mdtoVuGDMj0\t271\tNA\tPhotograph of the Year Award | World Athletics Awards 2023
o9ZcTPG7OxA\t97\tNA\tWoman of the Year | World Athletics Awards 2023
tjRI3LBJIDg\t114\tNA\tCoaching Achievement Award | World Athletics Awards 2023
PLM3lbrkSAs\t91\tNA\tFINALISTS | Male Athlete of the Year 2023
e_AMiI_OLFI\t83\tNA\tFINALISTS | Female Athlete of the Year 2023
7OyWxdvRmFk\t305\tNA\tNOMINEES | Male Athlete of the Year 2023
gz_4E3iO3ag\t305\tNA\tNOMINEES | Female Athlete of the Year 2023
jEGir8Q64NM\t783\tNA\tRiga Podcast | World Athletics Road Running Championships Riga 23
4bkv57eFG2w\t71\tNA\tHobbs Kessler sprints to mile world record  | World Athletics Road Running Championships Riga 23
wM0qnP_1cBY\t64\tNA\tWelteji beats Kipyegon with road mile world record | World Athletics Road Running Championships Riga
-ELd7d7DAZo\t95\tNA\tSawe leads Kenya to men's half marathon sweep | World Athletics Road Running Championships Riga 23
8AMWOteHlIA\t95\tNA\tTriple half marathon crown for Jepchirchir | World Athletics Road Running Championships Riga 23
IzWFNWpOKiA\t91\tNA\tKenya's  Chebet cruises to 5km glory | World Athletics Road Running Championships Riga 23
G1EcWd2CW0Q\t92\tNA\tGebrhiwet brings home the gold in the 5km  | World Athletics Road Running Championships Riga 23
iBbepfFzAiM\t184\tNA\tThe best of Riga  | World Athletics Road Running Championships Riga 23
kg9o3QG5kEc\t152\tNA\t vs  - A Historic Rivalry | World Athletics Road Running Championships Riga 23
NwUtr_UkG_c\t45\tNA\tUnlock your exclusive livestream access   | World Athletics Road Running Championships Riga 23
LCEqGZ-7dy0\t83\tNA\tHorvat snatches 800m win after crazy home straight | Continental Tour Gold 2023
0EdK0P30GJg\t534\tNA\tTrack Chats with Alison dos Santos
xKKfJCfdKQU\t50\tNA\tNielsen powers to 400m victory | Continental Tour Gold 2023
2F6DcstCscU\t49\tNA\tCeh rules in Zagreb | Continental Tour Gold 2023
8m5BEpP-Kjk\t63\tNA\tGuerrero upsets favourites in 1500m | Continental Tour Gold 2023
a2qhv-jd57U\t28\tNA\tWalsh dominates shot put contest | Continental Tour Gold 2023
uxt_vaMfoDE\t68\tNA\tLobalu wins the 3000m in Zagreb | Continental Tour Gold 2023
LkugjXl_VtA\t512\tNA\tBoris Hanžekovi Memorial highlights  | Continental Tour Gold 2023
UqdGQOg0QBQ\t43\tNA\t's Omanyala clocks solid 9.94 in Zagreb | Continental Tour Gold 2023
8warQIN_CVA\t33\tNA\tOlympic champion eases to 100m hurdles victory | Continental Tour Gold 2023
u1U6myou6yI\t41\tNA\tRowden kicks to 800m glory in Zagreb | Continental Tour Gold 2023
xVQ5DASnbws\t37\tNA\tPerkovic wins the discus for the 11th time in Zagreb  | Continental Tour Gold 2023
EmNkWwHu9zA\t72\tNA\tChepkoech shatters 2000m steeplechase world best  | Continental Tour Gold 2023
uArm5oeHVf4\t591\tNA\tTrack Chats with Jazmin Sawyers
jTCObZXhQjg\t764\tNA\tFélix Sánchez reflects on 2001 and 2003 400m hurdles World Champs golds | One Moment in Time
HfhjJ4AQnaw\t178\tNA\tThank you Budapest  | World Athletics Championships Budapest 23
wxjrIOW7gEQ\t1016\tNA\tTrack Chats with Yulimar Rojas
B7W9Ybmi-d8\t385\tNA\tBudapest Podcast - Day 9  | World Athletics Championships Budapest 23
OB2ErcPC6ow\t585\tNA\tBudapest Podcast - Day 8  | World Athletics Championships Budapest 23
_Zwfpvj1Ig0\t179\tNA\tDay 9 Highlights | World Athletics Championships Budapest 23
KNi3MqdjAmw\t26\tNA\tYavi surges to world lead and steeplechase gold | World Athletics Championships Budapest 23
BOcHW8tH0a8\t26\tNA\tThird time's a charm for Mahuchikh in high jump final | World Athletics Championships Budapest 23
rfDymko8V4I\t36\tNA\tBenjamin brings 's 4x400m team home | World Athletics Championships Budapest 23
svwhAu9oDKU\t36\tNA\tBol returns from the depths of hell to win relay gold | World Athletics Championships Budapest 23
HxQq6nt7yUw\t31\tNA\tIngebrigtsen defends 5000m title | World Athletics Championships Budapest 23
0Tne6JjR-eQ\t41\tNA\t's Moraa sprints to 800m gold | World Athletics Championships Budapest 23
vsvZM9aGwDY\t26\tNA\tNeeraj Chopra wins historic javelin gold for India | World Athletics Championships Budapest 23
-lKuhUNlZi8\t135\tNA\tHistoric victory for Uganda's Kiplangat in marathon | World Athletics Championships Budapest 23
6iaU99IK58Y\t94\tNA\tThe Crown - Women's 800m | World Athletics Championships Budapest 23
f1SoO7CJ834\t182\tNA\tDay 8 Highlights | World Athletics Championships Budapest 23
B4W4q-qzT9E\t144\tNA\tPierce Lepage is the decathlon world champion  | World Athletics Championships Budapest 23
KBVcqMKGVow\t36\tNA\tUSA claims the 4x100m double  | World Athletics Championships Budapest 23
sbPuu19T76o\t27\tNA\tMondo Duplantis soars to consecutive pole vault gold | World Athletics Championships Budapest 23
IczwEySFtdE\t36\tNA\tNoah Lyles leads 's 4x100m to gold | World Athletics Championships Budapest 23
VgZwKncXHkU\t34\tNA\tChase Ealey defends shot put title | World Athletics Championships Budapest 23
I4brZpb0oco\t36\tNA\tArop kicks to the 800m gold | World Athletics Championships Budapest 23
GsO1HYIab7s\t29\tNA\tPB celebrations for Ogunleye in the shot put | World Athletics Championships Budapest 23
URHlbRroWr4\t79\tNA\t's Beriso Shankule runs to marathon glory | World Athletics Championships Budapest 23
IssLHQ-oaHM\t690\tNA\tBudapest Podcast - Day 7 | World Athletics Championships Budapest 23
tuVAP-QkQLc\t171\tNA\tDay 7 Highlights | World Athletics Championships Budapest 23
qUaBPYPGa9Y\t31\tNA\t's Kitaguchi wins the javelin on her final throw  | World Athletics Championships Budapest 23
56pFd3ANdZU\t46\tNA\tRojas wins 4th triple jump world title on her 6th jump  | World Athletics Championships Budapest 23
TOQqr0C-xDw\t56\tNA\tNoah Lyles completes magic sprint double  | World Athletics Championships Budapest 23
AmtrwqaaxC8\t56\tNA\tShericka Jackson  storms to championship record | World Athletics Championships Budapest 23
gqeIHUdwjyw\t364\tNA\tAlways There - Mothers | World Athletics Championships Budapest 23
L1_VUu7uZic\t637\tNA\tBudapest Podcast - Day 6 | World Athletics Championships Budapest 23
1WSveDnQV30\t36\tNA\tDamian Warner off to a flying start in the decathlon | World Athletics Championships Budapest 23
kkeTBxV37Io\t20\tNA\tHuge throw by Neeraj Chopra in javelin qualifying round | World Athletics Championships Budapest 23
cQ1nmQES8Dw\t35\tNA\tNeugebauer flies to 8.00m long jump in decathlon   | World Athletics Championships Budapest 23
kH7kHqsDq5Q\t185\tNA\tDay 6 Highlights | World Athletics Championships Budapest 23
HS8o86U24Bs\t48\tNA\tIncredible comeback from 's Watson in 400m final | World Athletics Championships Budapest 23
ZP37H2mcdkI\t44\tNA\t's  Danielle Williams runs to 100m hurdles gold | World Athletics Championships Budapest 23
Z7QuzVSqLwM\t46\tNA\tFemke Bol blazes to 400m hurdles gold | World Athletics Championships Budapest 23
hTc2BrL4BOw\t31\tNA\tRogers launches hammer to the gold | World Athletics Championships Budapest 23
qzZR2haiTBc\t30\tNA\t's Tentoglou flies to long jump gold on final attempt  | World Athletics Championships Budapest 23
ZrzuUV_1hJI\t595\tNA\tBudapest Podcast - Blockbuster Pole Vault Final - Day 5 | World Athletics Championships Budapest 23
tDGPLxMEl1M\t66\tNA\t's Álvaro Martín completes race walk double | World Athletics Championships Budapest 23
c-fzq-yknng\t74\tNA\tPérez storms to race walk double   | World Athletics Championships Budapest 23
562kzhv3BuU\t39\tNA\tRace walker proposes after finish  | World Athletics Championships Budapest 23
n_UQ5nrXpQ0\t176\tNA\tDay 5 Highlights | World Athletics Championships Budapest 23
5CtJnT3LLIc\t49\tNA\tKennedy and Moon share the pole vault gold  | World Athletics Championships Budapest 23
cMwaUbgf2Zs\t54\tNA\tJosh Kerr kicks to 1500m world title  | World Athletics Championships Budapest 23
gXlPn_63tng\t55\tNA\t's Warholm wins historic 3rd 400m hurdles gold | World Athletics Championships Budapest 23
G7uwjWtfUfQ\t36\tNA\tPaulino storms to golden 400m glory  | World Athletics Championships Budapest 23
hJLDoXpfx3w\t334\tNA\tA Higher Place - Faith Kipyegon | World Athletics Championships Budapest 23
r8_cDC3obg4\t517\tNA\tBudapest Podcast - 1500m of Faith - Day 4 | World Athletics Championships Budapest 23
2VgX5623vKw\t56\tNA\tMu and Hodgkinson ease through 800m heats | World Athletics Championships Budapest 23
ddrkkbYLFVI\t37\tNA\t's Tebogo does not break a sweat in the 200m heats | World Athletics Championships Budapest 23
qPp7uDGZSCc\t30\tNA\tHughes goes sub 20 in 200m heats  | World Athletics Championships Budapest 23
rVQCb-0mJQk\t28\tNA\tMondo Duplantis puts on a show | World Athletics Championships Budapest 23
r-IG8rsH1ng\t25\tNA\t's Pinnock flies out to huge world lead | World Athletics Championships Budapest 23
riGC1n7oIpg\t33\tNA\tSha'Carri Richardson cruises to 200m semi-finals | World Athletics Championships Budapest 23
OOh-hY8Y4xs\t170\tNA\tDay 4 Highlights | World Athletics Championships Budapest 23
0IDa9f0ZgSs\t36\tNA\tOlympic high jump champion becomes the world champion  | World Athletics Championships Budapest 23
0bPsTDwAEFQ\t41\tNA\tEl Bakkali dominates the 3000m steeplechase | World Athletics Championships Budapest 23
PIHiv_HL-fE\t36\tNA\tTausaga obliterates PB and wins discus gold | World Athletics Championships Budapest 23
KwR0-y8s45Y\t57\tNA\tKipyegon dashes to third 1500m gold | World Athletics Championships Budapest 23
s7zlMWwtVc8\t25\tNA\tHarrison clocks 4th fastest 100m hurdles ever | World Athletics Championships Budapest 23
vNv7NybWcGY\t203\tNA\tSha'Carri Richardson reacts to world 100m title | World Athletics Championships Budapest 23
w6HIqNiT3Vw\t421\tNA\tBudapest Podcast -  Day 3 | World Athletics Championships Budapest 23
UgobSkMc34M\t171\tNA\tDay 3 Highlights | World Athletics Championships Budapest 23
C7UvUpDEOa0\t71\tNA\tSha'Carri Richardson blazes to 100m gold   | World Athletics Championships Budapest 23
ReqdOS8IbY4\t52\tNA\tHolloway storms to third consecutive 110m hurdles  | World Athletics Championships Budapest 23
v6LZyIFjGHE\t31\tNA\tGolden final attempt for Stahl  | World Athletics Championships Budapest 23
sgpZ48P66dQ\t36\tNA\tZango completes medal collection  | World Athletics Championships Budapest 23
qoPrro8A-cQ\t285\tNA\tLast Chance (Inside the Call Room) | World Athletics Championships Budapest 23
lK_x_sJFIF4\t510\tNA\tBudapest Podcast -  An Immersive 100m Experience - Day 2 | World Athletics Championships Budapest 23
FHFCi6HPkg8\t26\tNA\t's Katzberg throws huge national record | World Athletics Championships Budapest 23
kTKbtb6RwD4\t153\tNA\tDay 2 Highlights | World Athletics Championships Budapest 23
yF1_YlWgDds\t41\tNA\tIvana Vuleta jumps to 7.14m to secure world title | World Athletics Championships Budapest 23
1iVs40pb9Sg\t178\tNA\tJohnson-Thompson wins another heptathlon  | World Athletics Championships Budapest 23
nUIKWxTljX4\t35\tNA\t's Cheptegei wins 3rd consecutive 10,000m gold | World Athletics Championships Budapest 23
IPw2j3wxgak\t62\tNA\tNoah Lyles storms to 100m gold medal in 9.83  | World Athletics Championships Budapest 23
NtCS-yZWrBU\t20\tNA\tSha'Carri Richardson storms to 10.92 in 100m heats | World Athletics Championships Budapest 23
rLPbSAagml0\t462\tNA\tBudapest Podcast -  Overcoming adversity - Day 1 | World Athletics Championships Budapest 23
4e1KUnO-1mo\t26\tNA\t's Fraser-Pryce eases to 100m semi-finals | World Athletics Championships Budapest 23
oFHlLrhVGQg\t26\tNA\tMiller-Uibo returns 4 months after becoming a mother | World Athletics Championships Budapest 23
S9unDg_FrZs\t34\tNA\t's Perez dominates the 20km race walk | World Athletics Championships Budapest 23
9__Y1_VcxRs\t177\tNA\tDay 1 Highlights | World Athletics Championships Budapest 23
Kwkw3xAU5TE\t53\tNA\tEthiopian sweep in the women's 10,000m  | World Athletics Championships Budapest 23
FRZpEccYFho\t20\tNA\tLyles and Omanyala battle it out in the 100m heats | World Athletics Championships Budapest 23
pTgunLZB4G8\t45\tNA\t's mixed 4x400m relay team smashes world record  | World Athletics Championships Budapest 23
F76SCq8wG4w\t24\tNA\tCrouser shatters championship record in shot put final | World Athletics Championships Budapest 23
CVQ401SroO8\t17\tNA\t's Seville storms to 9.86 in 100m heats | World Athletics Championships Budapest 23
165F04VhtDY\t26\tNA\tHassan embarks on triple journey with 1500m heat win | World Athletics Championships Budapest 23
wSBHbJMPBJw\t24\tNA\tKipyegon cruises to 1500m heat win | World Athletics Championships Budapest 23
UwqCbgjow70\t90\tNA\tThe Calm - Fred Kerley | World Athletics Championships Budapest 23
m9-QbSvScyA\t52\tNA\tDavis-Woodhall impresses in long jump qualification | World Athletics Championships Budapest 23
lQI2K9VzEPY\t49\tNA\t's Martín wins 20km race walk | World Athletics Championships Budapest 23
7GxKd38F86w\t521\tNA\t's Alison dos Santos reacts to record-breaking 400m hurdles gold medal | Athletes React
9WM9y8k4TKk\t441\tNA\tJamaica's  Shericka Jackson reacts to record-breaking 200m gold  | Athletes React
FAdkCTEI8Rg\t430\tNA\tMutaz Barshim reacts to iconic 2019 home crowd high jump gold medal | Athletes React
3SCRAYF93yo\t645\tNA\tAllen Johnson reflects on his 1995 World Championship 110m hurdles gold medal | One Moment in Time
tQLqfAclQec\t382\tNA\tKelsey-Lee Barber reacts to winning second javelin throw World Champs   | Athletes React
nQvIftFBywY\t125\tNA\t40 Years of the World Athletics Championships | Oregon 2022
70wwJJV1nJ4\t564\tNA\tTrack Chats with Jaydon Hibbert
aECbUrOFYKI\t186\tNA\tNothing feels better than moving with ASICS
TsKMms_gMZU\t233\tNA\t's Letsile Tebogo reacts to winning the 100m world U20   | Athletes React
I43vj1SL-oI\t590\tNA\tCathy Freeman reflects on her 1997 World Championships 400m gold medal | One Moment in Time
0eyXQOfTx5w\t178\tNA\t40 Years of the World Athletics Championships | Doha 2019
yentukWp-xM\t1074\tNA\tMichael Johnson reflects on his 1999 world record-breaking 400m | One Moment in Time
3dbNUieC1cM\t558\tNA\tJoshua Cheptegei reacts to winning his second 10,000m world championships  | Athletes React
XSyOASIRfEc\t187\tNA\t40 Years of the World Athletics Championships | London 2017
CsANDrA2HEg\t416\tNA\tTrack Chats with Nafi Thiam
TgjC1TuKtUk\t484\tNA\tFaith Kipyegon reacts to becoming 1500m world champion   | Athletes React
b12_n1SGFqU\t506\tNA\tGyulai István Memorial Highlights | Continental Tour Gold 2023
vRDGcbMglp8\t42\tNA\tRoberts beats Olympic champion Parchment in 110m hurdles | Continental Tour Gold 2023
K8PkkKDd8Fg\t70\tNA\tChepchirchir wins women's 1500m in Székesfehérvár | Continental Tour Gold 2023
2hg3tlyVx6w\t66\tNA\tClose 800m finish for Tual and Bol | Continental Tour Gold 2023
RfgeRG6O2RM\t39\tNA\tYohan Blake  wins 100m in Hungary | Continental Tour Gold 2023
yukxxWyp0KI\t50\tNA\tShericka Jackson powers to victory in women's 200m | Continental Tour Gold 2023
dPQITQ6q4hE\t128\tNA\t40 Years of the World Athletics Championships | Beijing 2015
k0pvCEAaM3g\t1063\tNA\tTOP 10 - 40 Greatest World Athletics Championships Moments | 10 - 1
KYr1A2PpZnI\t67\tNA\tSteven Gardiner runs world-leading 43.74 over 400m | Continental Tour Gold 2023
WyicPufuTjw\t45\tNA\tWorld champion Amusan on top in women's 100m hurdles | Continental Tour Gold 2023
3bW9o84O-TU\t43\tNA\tOgando beats Knighton in Székesfehérvár | Continental Tour Gold 2023
kvDkfCcugX8\t45\tNA\tJulien Alfred beats Sha'Carri Richardson in pro debut over 100m | Continental Tour Gold 2023
zn4HkBTwGCU\t640\tNA\tGrant Holloway reacts to second 110m hurdles World Athletics Championships  | Athletes React
QbskegkYP38\t107\tNA\t40 Years of the World Athletics Championships | Moscow 2013
PnW-pbejP0c\t260\tNA\tErwan Konate reacts to 2nd World U20 long jump gold | Athletes React
SZSAtkzfNBE\t863\tNA\t40 Greatest World Athletics Championships Moments | 20-11
f9g7HfBA8tE\t336\tNA\tTrack Chats with Kelsey-Lee Barber
X5dM21m63uY\t844\tNA\tJackie Joyner-Kersee reflects on her Rome 1987 championship records | One Moment in Time
7AJJCMAlfZk\t130\tNA\t40 Years of the World Athletics Championships | Daegu 2011
C1DKqJjTMus\t93\tNA\t40 Years of the World Athletics Championships | Berlin 2009
ZIwINYjX0pE\t92\tNA\t40 Years of the World Athletics Championships | Osaka 2007
41EsgZ3rCJA\t95\tNA\t40 Years of the World Athletics Championships | Helsinki 2005
cgVayM83Mbs\t117\tNA\t40 Years of the World Athletics Championships | Paris 2003
SX1XrsOMsIA\t74\tNA\t40 Years of the World Athletics Championships | Edmonton 2001
y3NqAqiE674\t152\tNA\t40 Years of the World Athletics Championships | Sevilla 1999
DFzU97S_o38\t90\tNA\t40 Years of the World Athletics Championships | Athens 1997
nm7WXajSOF4\t103\tNA\t40 Years of the World Athletics Championships | Stuttgart 1993
Tu1NnYBnzSs\t385\tNA\tKatie Moon reacts to winning the world title in front of a home crowd | Athletes React
nxfqSHgZaqI\t982\tNA\t40 Greatest World Athletics Championships Moments | 30-21
3TspXGC8LW4\t629\tNA\t40 Greatest World Athletics Championships Moments | 40-31
wws4FgsiwJU\t90\tNA\tWorld Athletics Championships Budapest23 | Witness the Wonder
HMYHHmJ8x7k\t96\tNA\tOrdóñez edges out Giles in 800m clash | Continental Tour Gold 2023
P1tIRpBny7o\t67\tNA\tCrouser dominates the shot put in Ostrava  | Continental Tour Gold 2023
6trtnry7bUk\t46\tNA\tSimbine storms to 9.98 at the 62nd Golden Spike  | Continental Tour Gold 2023
kAEdZ-zW8mA\t93\tNA\tIncredible comeback from Girma in Ostrava | Continental Tour Gold 2023
LzWGxqHidhs\t483\tNA\tMeeting records fall at 62nd Ostrava Golden Spike | Continental Tour Gold 2023
WjS66L-LA2Y\t94\tNA\tWelteji kicks to 1500m meeting record in Ostrava | Continental Tour Gold 2023
RucL0aJDU_Q\t58\tNA\tCamacho-Quinn wins 100m hurdles showdown | Continental Tour Gold 2023
ke6dXGgagUE\t50\tNA\tDuplantis flies over 6.12m in Ostrava  | Continental Tour Gold 2023
H-d5kU29a1E\t104\tNA\tHoppel takes the win over 800m in New York | Continental Tour Gold 2023
mwd_0gYsmvk\t37\tNA\tDaniel Roberts beats Devon Allen in NYC | Continental Tour Gold 2023
JmVUXPAy9X0\t53\tNA\tAbby Steiner dominates 200m in New York | Continental Tour Gold 2023
G1kCI3qfnh0\t88\tNA\tLyles equals Bolt's 200m record for most sub 20s | Continental Tour Gold 2023
yARKXSEOJes\t484\tNA\tUSATF NYC Grand Prix Highlights | Continental Tour Gold 2023
eR3UDJbpz8s\t44\tNA\tHobbs takes 100m win in NYC | Continental Tour Gold 2023
F3INRPe5dzQ\t56\tNA\tZharnel Hughes sets new British record and world lead in New York | Continental Tour Gold 2023
EmSktt7SzS4\t49\tNA\tHarrisons dips on the line to take down fast hurdles field in NYC | Continental Tour Gold 2023
gt-A0hE3y84\t44\tNA\tSydney McLaughlin-Levrone runs her fastest 400m yet in 49.51 | Continental Tour Gold 2023
ulhI-qZIZRw\t54\tNA\tAthing Mu opens her season with a smooth victory in New York | Continental Tour Gold 2023
ROAzowkJzxE\t528\tNA\tMen's 4x400m Relay | World Athletics Championships Oregon 2022
Lo3GOuUdCNA\t764\tNA\tWomen's 4x400m Final | World Athletics Championships Oregon 2022
-p05vn6eQoQ\t2190\tNA\tWomen's Long Jump Final | World Athletics Championships Oregon 2022
vMdYxkXjQFw\t34\tNA\tKambundji storms to 100m hurdles win | Continental Tour Gold 2023
ND05CaR3a1k\t36\tNA\tBritt gets it on the line  | Continental Tour Gold 2023
g8UiXbc19og\t2644\tNA\tMen's Decathlon | World Athletics Championships Oregon 2022
zTvc_uMxGD0\t75\tNA\tHealy holds on to 1500m victory in crazy finish | Continental Tour Gold 2023
-7kA7Eqft9s\t34\tNA\tSeme dominates the steeplechase in Turku | Continental Tour Gold 2023
WZ1HXSYwdr8\t61\tNA\tRobert rules the 800m | Continental Tour Gold 2023
ABiVHlJzAic\t58\tNA\tVaillant rules the 400m hurdles in Turku | Continental Tour Gold 2023
zSo07qicWnU\t29\tNA\tAndersen keeps her winning streak going  | Continental Tour Gold 2023
YcxwHhBFvOE\t27\tNA\tMurto delights home crowd with pole vault win | Continental Tour Gold 2023
xAJffsSPKYI\t512\tNA\tStahl and Vadlejch impress at Paavo Nurmi Games | Continental Tour Gold 2023
GpdNcHdPEpg\t2130\tNA\tMen's Pole Vault Final | World Athletics Championships Oregon 2022
ARTKNsXDKE0\t447\tNA\tTrack Chats with Anna Hall
xhG_yuua6DA\t61\tNA\tKnight times her 400m hurdles finish by perfection | Continental Tour Gold 2023
Z30PaK2nHkw\t38\tNA\tVadlejch throws world lead in Turku  | Continental Tour Gold 2023
l0mEEws7QH4\t38\tNA\tCharleston storms to 9.95 meeting record  | Continental Tour Gold 2023
VaK04G57_E4\t28\tNA\tOlyslagers on a roll in Turku | Continental Tour Gold 2023
O5WLhEFLJlc\t61\tNA\tStahl dances his way to discus throw victory | Continental Tour Gold 2023
8lkzDBDUzD0\t430\tNA\tWomen's 100m Hurdles Final | World Athletics Championships Oregon 2022
4_DeorLQ25w\t1043\tNA\tMen's 5000m Final | World Athletics Championships Oregon 2022
569ZSOVdLYU\t51\tNA\tNilsen on top in men's pole vault | Continental Tour Gold 2023
P2W_LjDJBDo\t79\tNA\tArese storms to 1500m win in Bydgoszcz | Continental Tour Gold 2023
1fwW3dHSqX8\t29\tNA\tWalsh dominates shot put in Bydgoszcz | Continental Tour Gold 2023
PM-bJjUmDYw\t62\tNA\tDramatic race in men's 110m hurdles | Continental Tour Gold 2023
0_NrzsnrTwY\t427\tNA\tIrena Szewinska Memorial - Bydgoszcz  highlights | Continental Tour Gold 2023
LN4SQDZUPC4\t63\tNA\tNeita dominates women's 200m in Bydgoszcz | Continental Tour Gold 2023
XewAKLwvLPI\t603\tNA\tMen's 800m Final | World Athletics Championships Oregon 2022
E_g0o1TFv9M\t395\tNA\tTrack Chats with Tara Davis-Woodhall
vt3yE2kXMq0\t1877\tNA\tMen's 35km Race Walk | World Athletics Championships Oregon 2022
y3Q4qrlaSTs\t67\tNA\tOregon hammer medallists reunite in Bydgoszcz | Continental Tour Gold 2023
6gPb8D7zrUA\t50\tNA\tErriyon Knighton supreme in Bydgoszcz | Continental Tour Gold 2023
lJ2Eh6q-cVA\t64\tNA\t12.41 - Alaysha Johnson is on fire  | Continental Tour Gold 2023
ZQIZx5Oqw88\t624\tNA\tMen's 4x100m Final | World Athletics Championships Oregon 2022
1Dx2uZiBZ2s\t509\tNA\tWomen's 4x100m Final | World Athletics Championships Oregon 2022
1LY01KU68Iw\t51\tNA\tWeber dominates the javelin throw | Continental Tour Gold 2023
DPkpCJkfVh0\t56\tNA\tPrescod claims 100m in Hengelo | Continental Tour Gold 2023
j3jbXg5_2-M\t40\tNA\t18-year-old Furlani flies out to huge PB and long jump win | Continental Tour Gold 2023
KVN9r1C-mPI\t53\tNA\tHolloway storms to 110m hurdles meeting record in Hengelo | Continental Tour Gold 2023
Ej7z5Xr1DxI\t53\tNA\tHemida clocks Egyptian 200m record | Continental Tour Gold 2023
AJalwPNG7Ls\t511\tNA\tFBK Games Hengelo highlights | Continental Tour Gold 2023
4f2WkFL0dhY\t38\tNA\tMahuchikh dominates the high jump | Continental Tour Gold 2023
xIJM5EvsQu0\t96\tNA\tBol sprints to 400m meeting record in front of home crowd | Continental Tour Gold 2023
bbhrRWXlxxU\t38\tNA\tDuplantis soars to 6.11m in Hengelo | Continental Tour Gold 2023
0aN2J-cElGc\t63\tNA\tHassan kicks to 1500m win in Hengelo | Continental Tour Gold 2023
V_ZsZMGD7ow\t497\tNA\tWomen's 800m Final | World Athletics Championships Oregon 2022
crRjkXkpV-M\t2142\tNA\tMen's Triple Jump Final | World Athletics Championships Oregon 2022
bdtVjQe5bpk\t1229\tNA\tWomen's 5000m Final | World Athletics Championships Oregon 2022
_o1BApr3JsE\t1835\tNA\tWomen's 35km Race Walk | World Athletics Championships Oregon 2022
x6BI53gB_uU\t503\tNA\tUSATF Los Angeles Invitational Highlights | Continental Tour Gold 2023
ZCYYzx4ZZs8\t70\tNA\tCJ Allen beats world medallist Bassitt over 400m hurdles in LA | Continental Tour Gold 2023
mAsUPIoISJE\t74\tNA\tTimothy Cheruiyot runs world-leading 1500m time of 3:31.47 in LA | Continental Tour Gold 2023
2yf4AqdODvU\t35\tNA\tAckeem Blake  beats Christian Coleman  in LA | Continental Tour Gold 2023
bEashFJ3uYM\t75\tNA\tWelteji powers to 3:57.84 over 1500m | Continental Tour Gold 2023
YTstJvOeYDE\t24\tNA\tEwen beats world champion Ealey in women's shot put | Continental Tour Gold 2023
9LOQOgm7Elc\t73\tNA\tJamaica's Sean Bailey   upsets Kirani James   over 400m | Continental Tour Gold 2023
mTDyNNN6pZ8\t46\tNA\tThe Olympic champion rules the 100m hurdles | Continental Tour Gold 2023
MVa9CpzUVaM\t72\tNA\tPaulino storms to 400m world lead | Continental Tour Gold 2023
isv0Tm0djMs\t78\tNA\tCrouser obliterates shot put world record  | Continental Tour Gold 2023
x8U8-HKFadk\t484\tNA\tWomen's 400m Final | World Athletics Championships Oregon 2022
rgte-gRnDow\t626\tNA\tMen's 400m Final | World Athletics Championships Oregon 2022
uu6ChxZJVmQ\t689\tNA\tWomen's 400m Hurdles Final | World Athletics Championships Oregon 2022
gwNHwvRUWN0\t396\tNA\tCamacho-Quinn, Davis-Woodhall and Gardiner breeze to wins in Bermuda | Continental Tour Gold 2023
dItQklFgm70\t73\tNA\tGardiner breezes to 400m win | Continental Tour Gold 2023
W_23G8dhSCo\t33\tNA\tBritt rules the 110m hurdles in Bermuda | Continental Tour Gold 2023
b4QCDY_YqTs\t50\tNA\tDavis for the win in the women's 100m | Continental Tour Gold 2023
AIOCd_mHdd8\t66\tNA\tSteiner storms to 200m victory | Continental Tour Gold 2023
kf_0mocDK8w\t598\tNA\tMen's 200m Final | World Athletics Championships Oregon 2022
KFFcx7ONrQo\t509\tNA\tKerley and local favourites shine in Yokohama  | Continental Tour Gold 2023
xm-X4yrqa8U\t644\tNA\tWomen's 200m Final | World Athletics Championships Oregon 2022
6Ax2LiIs1HE\t43\tNA\tLittle triumphs in the javelin throw | Continental Tour Gold 2023
qYYHCW4gHbM\t49\tNA\tTerada for the win in the women's 100m hurdles | Continental Tour Gold 2023
YTZyqgQG7QI\t102\tNA\tTanaka kicks to 1500m win | Continental Tour Gold 2023
sE0AlKzK_PM\t51\tNA\tHobbs on a roll in Yokohama | Continental Tour Gold 2023
EFoD9SHZBGo\t108\tNA\tMeeting record falls in men's 3000m | Continental Tour Gold 2023
T2PHutsuBdw\t58\tNA\tColeman beats Lyles over 100m | Continental Tour Gold 2023
vMcxzNEn8Gg\t52\tNA\t12.17w for Jasmine Camacho-Quinn in Bermuda | Continental Tour Gold 2023
t7BPuGptwR0\t95\tNA\tTara Davis vs Quanesha Burks - long jump showdown | Continental Tour Gold 2023
opRqkpTeRJM\t50\tNA\tYoshida defeats world champion Wang after a thrilling final | Continental Tour Gold 2023
8HOOLxVfVmU\t20\tNA\tWoo wins on countback in men's high jump | Continental Tour Gold 2023
JrFEv3kfhoI\t49\tNA\tIzumiya narrowly misses out on 110m hurdles national record | Continental Tour Gold 2023
6piDgWUVYKo\t91\tNA\tKerley makes a statement in Yokohama | Continental Tour Gold 2023
1tiVNZmQS5s\t685\tNA\tTrack Chats with Dina Asher-Smith
n5I53UvvTd8\t2010\tNA\tWomen's Discus Throw Final | World Athletics Championships Oregon 2022
aw2u7qP_a8A\t1830\tNA\tWomen's Javelin Throw Final | World Athletics Championships Oregon 2022
y4yrfe6y_b4\t489\tNA\tMen's 400m Hurdles Final | World Athletics Championships Oregon 2022
-NDou8qT140\t468\tNA\tMen's 1500m Final | World Athletics Championships Oregon 2022
mO_vrHTeXt0\t1693\tNA\tMen's Discus Throw Final | World Athletics Championships Oregon 22
NBwYhbYiKOg\t473\tNA\tMeeting records fall and surprise winners shine at Kip Keino Classic | Continental Tour Gold 2023
4re9aRs0hDI\t93\tNA\tMoraa in a league of her own in the women's 800m   | Continental Tour Gold 2023
jcxRXQQhbro\t71\tNA\tSamukonga storms to 400m meeting record | Continental Tour Gold 2023
CPyudaohj2A\t81\tNA\t3:32 world lead on altitude in the men's 1500m | Continental Tour Gold 2023
8bhRRDloOXY\t84\tNA\tKenyan sweep in the men's 800m   | Continental Tour Gold 2023
Z-d9ojjBhEg\t56\tNA\tOmanyala hypes up the home crowd with a swift 100m | Continental Tour Gold 2023
4clBJW5p7h0\t29\tNA\tTerry storms to the win in the women's 100m | Continental Tour Gold 2023
BAehw0zzteg\t34\tNA\tMahuchikh jumps world lead in her season opener | Continental Tour Gold 2023
pp4w9_17wv0\t64\tNA\tSha'Carri Richardson puts on a show in the women's 200m | Continental Tour Gold 2023
9thZVspzqjA\t1828\tNA\tWomen's High Jump Final | World Athletics Championships Oregon 2022
HzByqZMuYhQ\t2014\tNA\tWomen's Heptathlon | World Athletics Championships Oregon 2022
crfJACXkEV0\t442\tNA\tWomen's 1500m Final | World Athletics Championships Oregon 2022
nQORGM-IhfQ\t107\tNA\t40 Years of The World Athletics Championships | Gothenburg 1995
jOw7M6ui1T0\t782\tNA\tMen's 3000m Steeplechase Final | World Athletics Championships Oregon 2022
j4GnAnrIzks\t1956\tNA\tWomen's Triple Jump Final | World Athletics Championships Oregon 2022
UZhe_SVdXRc\t2147\tNA\tMen's High Jump Final | World Athletics Championships Oregon 2022
gZgcfmZroVk\t1794\tNA\tWomen's Marathon | World Athletics Championships Oregon 22
3553F-6Q044\t502\tNA\tWomen's 100m Final | World Athletics Championships Oregon 22
4cUfAmsTnLo\t652\tNA\tMen's 110m Hurdles Final | World Athletics Championships Oregon 2022
fLiVuxBEx3o\t95\tNA\tFast finish over 800m for Kipsang | Continental Tour Gold 2023
sl5mqAGKvqY\t1454\tNA\tMen's Shot Put Final | World Athletics Championships Oregon 2022
FyJPCm5oWR0\t500\tNA\tBotswana Golden Grand Prix | Continental Tour Gold 2023
U4C6z3edj2A\t60\tNA\tKayla White defeats Sha'Carri Richardson over 200m | Continental Tour Gold 2023
6yjht7-XZbg\t107\tNA\tAlemu emerges victorious over 800m | Continental Tour Gold 2023
I0VWac9d0jE\t91\tNA\tMary Moraa dominates over 400m in Botswana | Continental Tour Gold 2023
VoqpFc4Lh2M\t36\tNA\tTerry victorious over 100m in Botswana | Continental Tour Gold 2023
GbMlRIMiJ6E\t63\tNA\tSamukonga dips under 44 seconds in Gaborone | Continental Tour Gold 2023
52jBifnSV5U\t45\tNA\tOmanyala dominates the men's 100m | Continental Tour Gold 2023
s6m6bhodOLM\t42\tNA\tTebogo storms to 19.87 200m world lead in Gaborone | Continental Tour Gold 2023
Lbi-LLiAso8\t1791\tNA\tWomen's Pole Vault Final | World Athletics Championships Oregon 2022
H7cceguvYO4\t1904\tNA\tMen's 10,000m Final | World Athletics Championships Oregon 2022
4gBmyzzBa6w\t1891\tNA\tWomen's Hammer Throw Final | World Athletics Championships Oregon 2022
Ao6xelDuKdM\t159\tNA\t40 Years of The World Athletics Championships | Tokyo 1991
btpJ5Q7GvXI\t1965\tNA\tMen's Marathon | World Athletics Championships Oregon 2022
pC_d8t87A9A\t756\tNA\tMen's 100m Final | World Athletics Championships Oregon 2022
5Zs1QpOiM0w\t1708\tNA\tMen's Long Jump Final | World Athletics Championships Oregon 2022
gqIq2s7X0u0\t206\tNA\tInvest in our Planet  | Athlete Messages for Earth Day 2023
yoA4ed05Jbk\t1901\tNA\tWomen's Shot Put Final | World Athletics Championships Oregon 2022
ebYUDUeAvKk\t2104\tNA\tWomen's 10,000m final  | World Athletics Championships Oregon 2022
zVZsC15F1LE\t92\tNA\t40 Years of the World Athletics Championships | Rome 1987
XXafaQzKhuU\t1667\tNA\tMen's Hammer Throw Final | World Athletics Championships Oregon 2022
feu25DNNfvY\t61\tNA\t40 Years of the World Athletics Championships | Helsinki 1983
WTybwAabvr8\t311\tNA\t40 Years of the World Athletics Championships | A journey through athletics history 
t0myDnaEpwg\t1977\tNA\tYamanishi's  journey to gold in men's 20km race walk | World Athletics Championships Oregon 2022
UOmSKsS7rGo\t1767\tNA\tHistorical gold for Peru in the women's 20km race walk | World Athletics Championships Oregon 2022
sC3hx4Lsf5Y\t667\tNA\tThrilling finish in the 4x400m mixed relay final | World Athletics Championships Oregon 2022
Zt7BGywakQM\t100\tNA\tAdriana Vilagos reacts to her javelin throw world U20   | Athletes React
ufKFCaPAdRw\t230\tNA\tKimberly Garcia reacts to double race walk gold at Oregon World Champs | Athletes React
QrO5XBFqteo\t279\tNA\tFastest teenager ever reacts to his 200m semi-final and final at the World Champs | Athletes React
X7q8hiWGx1o\t205\tNA\tSoufiane El Bakkali reacts to 3000m steeplechase  | Athletes React
Ovoz6zCQrjw\t185\tNA\tSydney McLaughlin-Levrone reacts to WORLD RECORD  | Athletes React
baG4PHplHy4\t311\tNA\tCelebrating 40 Years of World Champs in 2023 
rFG7nvBUWiI\t301\tNA\tITNBusiness - Global Gamechangers - In the Studio with Donna Fraser
fJL3vW_O_2U\t643\tNA\tNoah Lyles reacts to 19.31 200m gold medal run   | Athletes React
K-kQwbKY13c\t194\tNA\tMondo Duplantis reacts to pole vault world record | Athletes React
NWHPuDd_xTw\t64\tNA\tMuir  dominates the women's 1000m in front of a home crowd | World Indoor Tour 2023
oh5asUfCOoA\t494\tNA\tBig performances at the Birmingham World Indoor Tour Final 2023  | World Indoor Tour 2023
8yntSUXJNIU\t70\tNA\tSo close  Tsegay  just misses out on 3000m indoor world record | World Indoor Tour 2023
FI63pEBoLeo\t56\tNA\tHuge final attempt from Dendy  in the men's long jump | World Indoor Tour 2023
w0A1KBdHMZk\t78\tNA\tWorld indoor champion Richards  for the win in the men's 400m  | World Indoor Tour 2023
a-xndFuLSzk\t53\tNA\tImpressive Gourley  breaks British 1500m record | World Indoor Tour 2023
24I6pnlxuTs\t26\tNA\tNewman  dominates the women's pole vault | World Indoor Tour 2023
b-dfum1TbDQ\t513\tNA\tMaurie Plant Meet highlights | Continental Tour Gold 2023
3lvxrtqAndQ\t40\tNA\tOn the line  Browning just gets 100m win on home soil  | Continental Tour Gold 2023
N74Okxj7ids\t104\tNA\tKipkirui  turns on the afterburners in final lap 3000m | Continental Tour Gold 2023
Hq2WmPxt7z8\t24\tNA\tDale  upstages Olympic finalists in long jump | Continental Tour Gold 2023
XUzOV5cZ-ok\t119\tNA\tGetachew  kicks to the 3000m victory | Continental Tour Gold 2023
7mErxkR1BFQ\t72\tNA\tHull and Caldwell dominate women's 1500m  | Continental Tour Gold 2023
jZw5oHZbupY\t175\tNA\tBirmingham World Indoor Tour Final 2023 highlights  | World Indoor Tour 2023
zFdeKJQYUHs\t74\tNA\tAnother national 60m record for Asher-Smith  | World Indoor Tour 2023
NdRi4W2smrM\t46\tNA\tHolloway  storms to 60m hurdles world lead  | World Indoor Tour 2023
DDd2cJkNlGo\t67\tNA\tHodgkinson  powers to national 800m record  | World Indoor Tour 2023
pI09GO693Pg\t32\tNA\tSeyni  storms to national record in the women's 60m | World Indoor Tour 2023
bu51_J1MexA\t116\tNA\tEnglish  and Ordoñez  victorious in the men's 800m | World Indoor Tour 2023
2J4pG5m7iGg\t56\tNA\tAmos Bett  wins his first indoor race ever  | World Indoor Tour 2023
HUrUF8HWg38\t91\tNA\tSo close  Tentoglou and Masso both jump 8.15m in Madrid | World Indoor Tour 2023
1iwkw6XWv94\t503\tNA\tLong highlights of the penultimate World Indoor Tour in Madrid  | World Indoor Tour 2023
GBPaalis3d8\t181\tNA\tMaurie Plant Meet delivers great performances   | Continental Tour Gold 2023
4QJQ0jYwlwA\t44\tNA\tHurdle masterclass from Jenneke   | Continental Tour Gold 2023
g8C1cAb7Tz8\t60\tNA\tOlyslagers  grabs home soil high jump win | Continental Tour Gold 2023
ER_Xvpwchpo\t79\tNA\tKerley  puts on a show in Melbourne  | Continental Tour Gold 2023
K51pz_-nK-g\t62\tNA\tNuguse  with a strong comeback in the men's 1500m | World Indoor Tour 2023
jY0AnEK1Y-w\t172\tNA\tWorld Indoor Tour Madrid highlights  | World Indoor Tour 2023
nAH2XPbParU\t28\tNA\tMitton  surprises Haley to win the women's shot put | World Indoor Tour 2023
QPPHiiEVi-o\t35\tNA\tPovea  reigns the triple jump once again   | World Indoor Tour 2023
6Cd_AXFzu-U\t67\tNA\tRoberts  dips under 7.40 in the men's 60m hurdles  | World Indoor Tour 2023
Tp3nSTbwUfE\t59\tNA\tHurske  storms to national record in the women's 60m hurdles  | World Indoor Tour 2023
s4W9YfsjWSA\t294\tNA\tMen's U20 Race | World Athletics Cross Country Championships Bathurst 2023
c48ZEvj1sq0\t422\tNA\tMixed Relay | World Athletics Cross Country Championships Bathurst 2023
VjxmlYORpi8\t397\tNA\tWomen's Race | World Athletics Cross Country Championships Bathurst 2023
cGkdySV8ZsY\t297\tNA\tWomen's U20 Race | World Athletics Cross Country Championships Bathurst 2023
xs9Ise_8vKY\t361\tNA\tMen's Race | World Athletics Cross Country Championships Bathurst 2023
uYbxwpfYp7o\t494\tNA\tMeeting Hauts-de-France Pas-de-Calais Lievin highlights | World Indoor Tour 2023
KYe2RLnGkxQ\t48\tNA\tGudaf Tsegay supreme over 1500m | World Indoor Tour
3HtckeVW5Yg\t53\tNA\tIngebrigtsen sets track on   | World Indoor Tour 2023
I0dF3002YJg\t53\tNA\tKeely Hodgkinson runs world-leading 800m | World Indoor Tour 2023
UJvB23VIycw\t122\tNA\t50.22 for Femke Bol in Lievin | World Indoor Tour 2023
q_7QRQ3T7Cg\t55\tNA\tWarholm rules 400m in Lievin | World Indoor Tour 2023
jOC8FOarqHY\t23\tNA\tOmanyala beats Jacobs in Lievin  | World Indoor Tour 2023
rMz--FamuIo\t53\tNA\tHolloway and Roberts in 60m hurdles battle | World Indoor Tour 2023
7wZOjjvgzfU\t164\tNA\tA night to remember in Lievin  | World Indoor Tour 2023
1HusqM-RQHM\t33\tNA\tHolloway supreme in men's 60m hurdles | World Indoor Tour 2023
JupAI8KGGPc\t17\tNA\tHUGE -  Tentoglou  triumphs in Lievin | World Indoor Tour 2023
lcAU6XoMlQU\t24\tNA\tKatie Moon shines in Lievin | World Indoor Tour 2023
OHf7C7qhvnw\t96\tNA\tGirma  breaks world indoor 3000m record | World Indoor Tour 2023
reJ8crGLEhc\t500\tNA\tWomen's Senior Race | World Athletics Cross Country Championships Aarhus 2019
g8fABuJ_evk\t446\tNA\tMen's Senior Race | World Athletics Cross Country Championships Aarhus 2019
Mqvpsym8auk\t64\tNA\tKibet  dips under 1:45 to smash the Kenyan 800m indoor U20 record | World Indoor Tour 2023
uy4w30q0G2o\t23\tNA\tMoon  flies to the win at the Millrose Games | World Indoor Tour 2023
4SpP9Wd8chc\t68\tNA\tStrong comeback from Muir  in the Wanamaker Mile | World Indoor Tour 2023
wXIUXabznzM\t442\tNA\tMillrose Games recap  | World Indoor Tour 2023
JUinSCYzCTU\t59\tNA\tNuguse  just misses out on the world record in the Wanamaker Mile  | World Indoor Tour 2023
Jum1hjuajE4\t56\tNA\tKerr  kicks to the victory in the men's 3000m  | World Indoor Tour 2023
nrSONNRAlwo\t380\tNA\tWomen's U20 Race | World Athletics Cross Country Championships Aarhus 2019
lpM6IfqXK8k\t399\tNA\tMen's U20 Race | World Athletics Cross Country Championships Aarhus 2019
1I-Qev-ynps\t185\tNA\tMillrose Games, New York highlights | World Indoor Tour 2023
TJjEokUB33A\t25\tNA\tCharlton  gets it on the line in the women's 60m hurdles  | World Indoor Tour 2023
4wu79Nsk1F0\t60\tNA\tSteiner  storms to 3th place on 300m all-time list  | World Indoor Tour 2023
wYR96hx_4yk\t49\tNA\tWorld lead shot put festival with Crouser and Ealey   | World Indoor Tour 2023
z53XUz7D_Xg\t67\tNA\tMonson  in a league of her own in the women's 3000m  | World Indoor Tour 2023
d0rAAUV7SGA\t39\tNA\tRoberts  holds off Iribarne  in the 60m hurdles  | World Indoor Tour 2023
ufB5WVPniyg\t442\tNA\tORLEN Copernicus Cup highlights | World Indoor Tour 2023
dOMabW2YIOg\t67\tNA\tHailu  wins her first ever 3000m thanks to an amazing kick  | World Indoor Tour 2023
cPJaQgJQU-s\t97\tNA\tTsegay  goes number 2 on the women's mile all-time list  | World Indoor Tour 2023
IFoRyU8tQV4\t36\tNA\tTentoglou  flies to world-leading 8.40m in the men's long jump  | World Indoor Tour 2023
5z9FsxZoBGs\t55\tNA\tKlaver  grabs dominant 400m win in Torun | World Indoor Tour 2023
jUg2jtgLsyc\t68\tNA\tKambundji beats Swoboda over 60m   | World Indoor Tour 2023
EKYSPXj0qqU\t35\tNA\tInsane finish in women's 60m hurdles | World Indoor Tour 2023
BrO6szWdKic\t73\tNA\t1:57  Keely Hodgkinson beats Mary Moraa and Noelie Yarigo. | World Indoor Tour Torun 2023
-zqtaH_mVhY\t93\tNA\tBLIMEY! The World Cross is here! -  days left until Bathurst 2023
v00ITYyVOv4\t1748\tNA\tHunters - World Athletics Cross Country Championships Aarhus 2019
bL0912KvQoc\t33\tNA\tUpset victory for Bridget Williams  in the women's pole vault  | World Indoor Tour 2023
Q4vhpBtxLqw\t57\tNA\tWoody Kincaid  produces an incredible kick in the men's 3000m | World Indoor Tour 2023
7S4wxFAFFYY\t75\tNA\tWhat a comeback from Neil Gourley  to win the men's mile  | World Indoor Tour 2023
IO9_8d2_v9c\t49\tNA\tGabby Thomas  opens up her season with a victory in the women's 300m | World Indoor Tour 2023
vC5GpQw9Q7w\t59\tNA\tLaura Muir  dominates the women's 3000m  | World Indoor Tour 2023
Gd3-JGprLrg\t71\tNA\tImpressive world indoor champion Mariano Garcia  wins the men's 800m | World Indoor Tour 2023
oXbTQkGpLz8\t34\tNA\tAleia Hobbs  flies to the victory in the women's 60m | World Indoor Tour 2023
fLqKHkzXAgk\t181\tNA\tNew Balance Indoor Grand Prix highlights  | World Indoor Tour 2023
7I-F39NAUS4\t38\tNA\tHeather MacLean  wins the women's mile after incredible last lap | World Indoor Tour 2023
1qIGf-tXeb0\t42\tNA\tGrant Holloway  storms to world-lead in the 60m hurdles  | World Indoor Tour 2023
quTeCn3SFdA\t65\tNA\tFemke Bol  destroys the world 500m indoor best  | World Indoor Tour 2023
polBGxwsE9I\t39\tNA\tNoah Lyles  beats Trayvon Bromell on the finish line of the men's 60m  | World Indoor Tour 2023
UyLJ0YJkeW4\t290\tNA\tWho Tweeted What? - Noah Lyles and Erriyon Knighton have a go at tweets instead of the 200m 
7WoUCz6eXoI\t27\tNA\tDongmo  gets the job done in the women's shot put | World Indoor Tour 2023
N7euduz7PWI\t88\tNA\tLightfoot  wins a very close pole vault contents in Karlsruhe  | World Indoor Tour 2023
RcMjgtbRzy0\t54\tNA\tWorld 3000m indoor champion Hailu  reigns in Karlsruhe | World Indoor Tour 2023
RlasETxAK_Y\t79\tNA\tMills  impresses in the men's 1500m | World Indoor Tour 2023
sSYCHvotVAo\t41\tNA\tPovea  flies to world-leading mark in the women's triple jump  | World Indoor Tour 2023
Gl7d07FHFGk\t72\tNA\tHorvat  edges out Hailu  on the finish line of the women's 800m  | World Indoor Tour 2023
pBkvbjcDCvc\t498\tNA\tKarlsruhe kicks off the 2023  #WorldIndoorTour in great style  | World Indoor Tour 2023
-n9i3R8wkDI\t65\tNA\tAsher-Smith  storms to 60m British record in Karlsruhe | World Indoor Tour 2023
UBOgprjlnoc\t30\tNA\tWorld-leading season opener for Vuleta  in Karlsruhe | World Indoor Tour 2023
tvk_WKvvj9I\t45\tNA\t17 year old Fayisa  wins his first ever indoor race in Karlsruhe | World Indoor Tour 2023
aH8NuByepJc\t38\tNA\tLlopis  grabs the win after a nail-biting 60M hurdles finish in Karlsruhe | World Indoor Tour 2023
EI-sz5Klnn0\t181\tNA\tHighlights - INIT INDOOR MEETING Karlsruhe | World Indoor Tour 2023
4Hdue5HYGNQ\t51\tNA\tWorld Athletics Content Creator Programme
vV1aWFi3QF8\t3431\tNA\tSustainability challenges: Is athletics on track?
hFBy5KCuLJQ\t66\tNA\t40 days left until #WorldCrossCountry in Bathurst 
6uIDgBtmjLw\t124\tNA\t100m queen  | Best of Shelly-Ann Fraser-Pryce in 2022
CA0QNTHLNe8\t524\tNA\tDocumentary of Seiko Timing Team in Oregon | World Athletics Championships Oregon 22
pXD0KunBixk\t86\tNA\tMondo Duplantis and Sydney McLaughlin-Levrone reactions | World Athletics Awards 22
4b42GAQDIys\t174\tNA\tMondo Duplantis  wins Male World Athlete of the Year | World Athletics Awards 2022
orFmNMMkufQ\t130\tNA\tSydney McLaughlin  wins Female Athlete of the Year | World Athletics Awards 2022
2a7pDFqTBF0\t187\tNA\tErriyon Knighton  wins Male Rising Star  | World Athletics Awards 2022
xy3MZpgwGpI\t150\tNA\tAdriana Vilagos   wins Female Rising Star | World Athletics Awards 2022
MoGuV6s1n40\t60\tNA\t2022 Awards winners so far | World Athletics Awards 2022
3kCd3GvDZ1g\t141\tNA\tMember Federations Award - Confederação Brasileira de Atletismo | World Athletics Awards 2022
sqJnG63TTvg\t338\tNA\tFair Play Award - Holly Bradshaw and Katie Nageotte | World Athletics Awards 2022
3u6NKxUvFe4\t864\tNA\tImpressive clash in men's javelin final | World Athletics Championships Berlin 2009
VDe81an741c\t74\tNA\tPhotograph of the Year Award winner | World Athletics Awards 2022
TcYc2XlmQnI\t363\tNA\tPresident's Award - Ukrainian Athletics Federation | World Athletics Awards 2022
Kwt54A7nC5E\t2145\tNA\tHistoric celebration in discus final | World Athletics Championships Berlin 2009
oszPtS2AmE0\t218\tNA\tWoman of the Year - Donna Fraser | World Athletics Awards 2022
lIpOBonWNZY\t467\tNA\tAllyson Felix storms to 200m world title  | World Athletics Championships Berlin 2009
__j5yqx27C0\t177\tNA\tCoaching Achievement Award winner - Gennadii Zuiev | World Athletics Awards 2022
pvaXLX4TUs4\t723\tNA\tUsain Bolt's 200m world record  | World Athletics Championships Berlin 2009
8L4H2b0A4Rk\t448\tNA\tEpic celebration in women's 400m hurdles final | World Athletics Championships Berlin 2009
r4nJDKI8154\t2404\tNA\tValerie Adams storms to shot put scenario | World Athletics Championships Berlin 2009
CDiLBM0FCHk\t157\tNA\t200m beast  | Best of Noah Lyles in 2022
zS4jBj5ATh8\t1799\tNA\tIdowu vs Evora in triple jump clash   | World Athletics Championships Berlin 2009
BfxoNp4yRtw\t1229\tNA\tJessica Ennis-Hill wins first world title | World Athletics Championships Berlin 2009
OhWcql6hSKo\t1344\tNA\tHooker  vs Lavillenie  fight for pole vault gold | World Athletics Championships Berlin 2009
iFWj6kPqj8k\t37\tNA\tBetter World Champion | Tobi Amusan 
0pv-nH3d_sk\t1142\tNA\tAnita's first hammer throw world record    | World Athletics Championships Berlin 2009
udEyfWvvAfc\t23\tNA\tBetter World Champion | Ernest John Obiena 
DiJKCQSkjOw\t1089\tNA\tUsain Bolt's 100m world record in Berlin   | World Athletics Championships Berlin 2009
gbUeLebhpG8\t607\tNA\tShelly-Ann Fraser-Pryce vs Kerron Stewart  | World Athletics Championships Berlin 2009
5yw4DpeES_8\t1937\tNA\tKenenisa Bekele  kicks to 10000m  | World Athletics Championships Berlin 2009
LrieCaKTPO0\t46\tNA\tBetter World Champion | Sam Mattis 
w4E9AbqNC6c\t33\tNA\tBetter World Champion | Hugues Zango 
LsldPU37Sjg\t50\tNA\tBetter World Champion | Eliza McCartney 
HABDhJxw9YU\t47\tNA\tBetter World Champion | Alison dos Santos 
NbiyGLbQyGU\t25\tNA\tBetter World Champion | Ajla Del Ponte 
I1qH50kGUoo\t449\tNA\tJamaica storm to 4x100m relay victory  | World Athletics Championships Berlin 2009
gKT6p0hrMEY\t400\tNA\t400m hurdles showdown in Berlin | World Athletics Championships Berlin 2009
I2QmlXfkpzc\t155\tNA\tBest of Mondo Duplantis in 2022 
n9wuiXuyp6E\t2314\tNA\tEpic high jump showdown - Vlasic vs Friedrich | World Athletics Championships Berlin 2009
-hcVSQq1n9c\t928\tNA\tKenenisa Bekele  vs Bernard Lagat  over 5000m | World Athletics Championships Berlin 2009
i_djy4eb00A\t35\tNA\tBetter World Champion | Kelsey-Lee Barber 
VUIcvYnpHLQ\t400\tNA\tSanya Richards-Ross  competes in epic 400m final | World Athletics Championships Berlin 2009
d79HQipM94c\t298\tNA\tNOMINEES | Male Athlete of the Year 2022
uW_jGYhioWQ\t297\tNA\tNOMINEES | Female Athlete of the Year
Jy2_owiU670\t509\tNA\tZagreb Highlights | Continental Tour Gold 2022
k1Vz7fLcJBY\t95\tNA\tKincaid takes 3000m photo finish victory | Continental Tour Gold 2022
3XQ9YWvd3Do\t105\tNA\tEl Bakkali clocks 3rd fastest time in history over 2000m SC | Continental Tour Gold 2022
YRX9F68lGe8\t116\tNA\tHall wins the first ever women's mile event in Zagreb | Continental Tour Gold 2022
i1-2Hp2bQHc\t54\tNA\tOregon podium repeat in the men's shot put | Continental Tour Gold 2022
xEvf979u4Qw\t19\tNA\teh throws 68.60m to take victory in Zagreb | Continental Tour Gold Zagreb 2022
JZI2egcf3wU\t344\tNA\tBest of race walking | World Athletics Championships Oregon 2022
jrZ_M3UbhvA\t170\tNA\tHighlights - Memorial Boris Hanžekovi | Continental Tour Gold Zagreb 2022
0qWcbpHHQmk\t54\tNA\tLiberia's Joseph Fahnbulleh takes home birthday 200m win | Continental Tour Gold 2022 Zagreb
lLJwlRX3D5g\t41\tNA\tLast round victory for local favourite Sandra Perkovic | Continental Tour Gold 2022 Zagreb
gSjpNphxYfE\t31\tNA\tMarvin Bracy cruises to 9.97 victory | Continental Tour Gold 2022 Zagreb
6Rke-IzMRsE\t25\tNA\tRyan Crouser bounces back with victory over stellar field | Continental Tour Gold 2022 Zagreb
G0di9Ut2DRA\t45\tNA\tGrant Holloway wraps up victorious season with win | Continental Tour Gold 2022 Zagreb
-a8WLA6RD_w\t159\tNA\tBest of relays | World Athletics Championships Oregon 2022
3Ktw0QXcmao\t302\tNA\tBest of distance running | World Athletics Championships Oregon 2022
JpMC0aG-EbY\t329\tNA\tBest of multis | World Athletics Championships Oregon 22
6n0ysBOyIhM\t186\tNA\tBest of marathons | World Athletics Championships Oregon 22
T9NeBZU6_H0\t218\tNA\tBest of hurdles | World Athletics Championships Oregon 22
XO-_Dtk7vj0\t307\tNA\tBest of throws at the World Athletics Championships
96wFmaCwZDg\t30\tNA\tKovacs shines in men's shot put | Continental Tour Gold 2022
X1MflJoZFHo\t70\tNA\tBroadbell  beats world champion Holloway in men's 110m hurdles | Continental Tour Gold 2022
AWEXQnRwWnc\t298\tNA\tBest of sprints | World Athletics Championships Oregon 22
ywSh9cmMjQ4\t400\tNA\tBest of the jumps | World Athletics Championships Oregon 22
tZ7EpjLBRDg\t516\tNA\tSzekesfehervar Highlights | Continental Tour Gold 2022
mRnknKEhnRc\t16\tNA\tBracy beats Bromell and Coleman over 100m | Continental Tour Gold
9r-z5l3NUQ8\t31\tNA\tShericka Jackson wins again in Székesfehérvár | Continental Tour Gold
UZCnJ9JKXwk\t37\tNA\tKnighton victorious in Hungary | Continental Tour Gold Székesfehérvár
1Nvn2UQs3UU\t27\tNA\tInsane 12.27w for Olympic champion Jasmine Camacho-Quinn | Continental Tour Gold
kkxwXYd2reg\t66\tNA\tSydney McLaughlin returns with incredible 51.68 clocking | Continental Tour Gold Székesfehérvár
i4gJzEseyGQ\t36\tNA\tUnstoppable Shelly-Ann Fraser-Pryce runs 10.67 | Continental Tour Gold Székesfehérvár
mEi2uUFJOiU\t26\tNA\tMori strikes hammer throw gold in 67.21m | World Athletics U20 Championships Cali 2022
iGHQTrB915c\t25\tNA\tFelfner secures javelin gold for Ukraine | World Athletics U20 Championships Cali 2022
pdlGW9Z6NgI\t32\tNA\tBruus clears 1.95m for high jump gold | World Athletics U20 Championships Cali 2022
HVSYaCQxXD0\t392\tNA\tDay 6 Highlights | World Athletics U20 Championships Cali 2022
_ehzgmPQF2w\t43\tNA\tTeam USA dominates the 4x400m relays | World Athletics U20 Championships Cali 2022
LqEKJ9_89_s\t31\tNA\tHill leads Jamaican 1-2 in the 100m hurdles | World Athletics U20 Championships Cali 2022
6tH9AQCG3Fk\t31\tNA\tDuguna and Firewu go 1-2 in the steeple | World Athletics U20 Championships Cali 2022
AL9guSRCwbs\t32\tNA\tEisa and Wudu go for 5000m gold and silver | World Athletics U20 Championships Cali 2022
6EidX-p-ma8\t25\tNA\tDavronova claims triple jump gold at 15 | World Athletics U20 Championships Cali 2022
MIZrDzZpEgg\t30\tNA\tHaylom breaks CR and strikes 1500m gold | World Athletics U20 Championships Cali 2022
CjWNv8tY3yg\t455\tNA\tDay 5 Highlights | World Athletics U20 Championships Cali 2022
JQiV04D9_n4\t50\tNA\tGoing the Distance with Gabby Thomas – 2/4
BbweCTLiQHM\t102\tNA\tGoing the Distance with Gabby Thomas – 4/4
PDnHpv9UnlQ\t104\tNA\tGoing the Distance with Gabby Thomas – 3/4
TZtP158FC1M\t81\tNA\tGoing the Distance with Gabby Thomas – 1/4
yX4NpTu7zpA\t57\tNA\tWORLD U20 RECORD FOR JAMAICA 4X100M | World Athletics U20 Championships Cali 2022
szAzIb4h5EM\t30\tNA\tLyston storms to 22.65 for 200m gold | World Athletics U20 Championships Cali 2022
8oCy3epgX88\t31\tNA\tMitkova jumps 6.66m and strikes long jump gold | World Athletics U20 Championships Cali 2022
9I_2EgSvBhs\t29\tNA\tNezir runs 48.84 for 400m hurdles gold | World Athletics U20 Championships Cali 2022
Bv-SArBbBh0\t26\tNA\tHibbert breaks CR for triple jump gold | World Athletics U20 Championships Cali 2022
2nW0-bRL3aY\t35\tNA\tTurkey goes 1-3 in the 10,000m race walk | World Athletics U20 Championships Cali 2022
W72IUmo_KKQ\t42\tNA\tKarla Ximena Serrano strikes 10,000m race walk gold | World Athletics U20 Championships Cali 2022
X3vAh9JTQE8\t342\tNA\tDay 4 Highlights | World Athletics U20 Championships Cali 2022
eMY7JAnikc8\t22\tNA\tAmmirati clears 5.75m to claim pole vault title | World Athletics U20 Championships Cali 2022
lZ0lHWzkV2s\t33\tNA\tYemi Mary John claims 400m crown in 51.50 | World Athletics U20 Championships Cali 2022
pxibNBeI1ZM\t37\tNA\tGarrett brings home the 400m hurdles gold in 56.16 | World Athletics U20 Championships Cali 2022
Xrtik57pAj8\t34\tNA\tPillay powers to 400m victory in 45.28 | World Athletics U20 Championships Cali 2022
cu-VnfBneeo\t45\tNA\tAfrifah surprises Tebogo to win 200m gold in 19.96 | World Athletics U20 Championships Cali 2022
TAyix3dK3iw\t107\tNA\tVanninen successfully defends her heptathlon title | World Athletics U20 Championships Cali 2022
tmhcJrmrlXA\t50\tNA\tBrahe-Pedersen and Lyston lead their 200m heats | World Athletics U20 Championships Cali 2022
1EYOQ0ToDo0\t22\tNA\tStrachan wins the men's javelin throw qualification | World Athletics U20 Championships Cali 2022
DcVBWWu4I6w\t26\tNA\tJames storms to 13.04 in the 100m hurdles heats | World Athletics U20 Championships Cali 2022
9WO-jJzJqKc\t59\tNA\tMoll strikes world U20 pole vault gold with 4.35m | World Athletics U20 Championships Cali 2022
fdyQVG64_D8\t64\tNA\tMeet Letsile Tebogo, world U20 100m record-holder | World Athletics U20 Championships Cali 2022
6LTIKm769fE\t347\tNA\tDay 3 Highlights | World Athletics U20 Championships Cali 2022
DeKjh9wUzwY\t34\tNA\tAndrews strikes 110m hurdles gold in WU20L | World Athletics U20 Championships Cali 2022
8k2TmnfxYjw\t32\tNA\t10.95 ! Tina Clayton breaks CR for 100m gold | World Athletics U20 Championships Cali 2022
hrn4lz1U-tY\t41\tNA\tWillis breaks championship record for 800m gold | World Athletics U20 Championships Cali 2022
McCwBH-I8UE\t43\tNA\tCheruiyot strikes 1500m gold for Kenya | World Athletics U20 Championships Cali 2022
s-OenH6dFcM\t27\tNA\tSralla throws 56.15m for world U20 discus gold | World Athletics U20 Championships Cali 2022
YLi49bff9V4\t44\tNA\tVazquez runs 50.66 and advances to 400m hurdles semis | World Athletics U20 Championships Cali 2022
3cMnosegsAo\t39\tNA\tLiñares & other favourites fly to long jump final | World Athletics U20 Championships Cali 2022
UtGNcDKVkv8\t38\tNA\t2002 Usain Bolt  2022 Letsile Tebogo
1_UW1YsakU0\t430\tNA\tDay 2 Highlights | World Athletics U20 Championships Cali 2022
FtsTwSDGdmg\t138\tNA\tEmmanuel scores 7860pts for decathlon gold | World Athletics U20 Championships Cali 2022
qdWkDDvgSqQ\t31\tNA\tKonaté repeats his world U20 long jump title | World Athletics U20 Championships Cali 2022
Sp7CghqutG0\t27\tNA\tVilagos breaks CR to repeat her world U20 javelin title | World Athletics U20 Championships Cali 22
3qyaD_Vjn_0\t24\tNA\tO'Hagan throws huge PB for world U20 shot put gold | World Athletics U20 Championships Cali 2022
QbWuXAjneq4\t24\tNA\tDe Klerk repeats her world U20 shot put title | World Athletics U20 Championships Cali 2022
-nmUmTt90DM\t44\tNA\tTeam USA breaks CR for gold in the mixed 4x400m relay | World Athletics U20 Championships Cali 2022
4gj8Zebqjd8\t43\tNA\t9.91  Tebogo breaks his own world U20 record | World Athletics U20 Championships Cali 2022
3UJ2YyzIsb4\t41\tNA\tPillay qualifies for 400m semis in 46.02 | World Athletics U20 Championships Cali 2022
zafEcJY_jKA\t36\tNA\tYemi Mary John clocks fastest time of the 400m heats | World Athletics U20 Championships Cali 2022
hAEWUiCB3KY\t29\tNA\tTina Clayton wins 100m heat in 11.38 | World Athletics U20 Championships Cali 2022
ngch9JXw2KQ\t31\tNA\tGodbless storms to national U20 100m record of 11.09 | World Athletics U20 Championships Cali 2022
SXAiCXoeio4\t302\tNA\tDay 1 Highlights | World Athletics U20 Championships Cali 2022
n1TzaLNhx3o\t42\tNA\tTeam USA breaks championship mixed 4x400m relay record | World Athletics U20 Championships Cali 2022
ALnVv3LDeL0\t37\tNA\tYihune battles hard for 5000m gold | World Athletics U20 Championships Cali 2022
9DKfVNsCOHQ\t44\tNA\tChelangat offers Kenya the first gold medal | World Athletics U20 Championships Cali 2022
FBfW8fk6yQ8\t73\tNA\tMatthew Sophia storms to world-leading 13.10 | World Athletics U20 Championships Cali 2022
Ss8eBiOyitg\t64\tNA\tLong jump final bound for Konaté, Furlani and Parada | World Athletics U20 Championships Cali 2022
qA0N8vQT7r0\t34\tNA\tMuhd Azeem Fahmi destroys the Malaysian 100m record | World Athletics Championships Cali 2022
6w08UGBTFrA\t22\tNA\tFinal bound for Miné De Klerk after just one throw | World Athletics U20 Championships Cali 2022
BCRWSs39rhY\t31\tNA\tLetsile Tebogo SMASHES championship 100m record | World Athletics U20 Championships Cali 2022
FjPCIyuYjGQ\t61\tNA\tWarm Up | World Athletics U20 Championships Cali 2022
8noc-vK-5DQ\t590\tNA\tMen's high jump press conference | World Athletics Championships Oregon 22
knwqV2s6Myw\t695\tNA\tMen's 400m hurdles press conference | World Athletics Championships Oregon 22
TQCUc9qJlHo\t587\tNA\tMen's 110m hurdles press conference | World Athletics Championships Oregon 22
OwFaS_O-8U0\t794\tNA\tMen's marathon press conference | World Athletics Championships Oregon 22
OzyHzDZOXJ8\t836\tNA\tWomen's marathon press conference | World Athletics Championships Oregon 22
JNO4iZP4mPs\t1064\tNA\tMen's 20 kilometre race walk press conference | World Athletics Championships Oregon 22
D15CU1D5XBU\t318\tNA\tMen's shot put press conference | World Athletics Championships Oregon 22
ppcLNhLxfiY\t360\tNA\tWomen's 1500m press conference | World Athletics Championships Oregon 22
0jLldVYaHZU\t419\tNA\tDay 10 Highlights | World Athletics Championships Oregon 22
JwnGIlEbi64\t33\tNA\tUSA secure 4x400m relay victory | World Athletics Championships Oregon 22
Oya8_wVA1ek\t181\tNA\tMayer storms to decathlon victory | World Athletics Championships Oregon 22
H6ng0aowmnM\t18\tNA\tMihambo secures second world title  | World Athletics Championships Oregon 22
PZx_IGGa0fI\t29\tNA\tJakob Ingebrigtsen wins first world title over 5000m | World Athletics Championships Oregon 22
o_FnI0kCX7w\t34\tNA\tWORLD RECORD - Mondo Duplantis clears 6.21m | World Athletics Championships Oregon 22
bY9DlgdrQM4\t44\tNA\tWORLD RECORD 12.12   - Amusan wins 100m hurdles | World Athletics Championships Oregon 22
P5fjmgY7v2I\t27\tNA\tMu holds of Hodgkinson to world title | World Athletics Championships Oregon 22
hKDcSSspHAk\t81\tNA\tOlympic champion Stanno wins world title   | World Athletics Championships Oregon 22
ZVfqdETmU3c\t769\tNA\tWorld Athletics Club - World Athletics Championships Oregon 22 Day Ten
nWgqr8rBnt0\t222\tNA\tDay 9 Highlights | World Athletics Championships Oregon 22
iS3MF6mCmBw\t31\tNA\tAnderson Peters beats Olympic champion Chopra in men's javelin | World Athletics Champs Oregon 22
NVLT4mIJObI\t18\tNA\tPichardo triple jumps to world lead | World Athletics Championships Oregon 22
EeRKCxeVpG0\t30\tNA\tCanada  beat USA  in men's 4x100m relay | World Athletics Championships Oregon 22
uisKhWAS8to\t39\tNA\tUSA  beats Jamaica  in dramatic women's 4x100m relay | World Athletics Championships Oregon 22
2fkgjcgXcVY\t1081\tNA\tMen's 200m final press conference | World Athletics Championships Oregon 22
UEApJ9APuos\t502\tNA\tWomen's high jump press conference | World Athletics Championships Oregon 22
0CU2y-9etjU\t830\tNA\tMen's 100m final press conference | World Athletics Championships Oregon 22
ed6VZT_3RD4\t1035\tNA\tWomen's 400m hurdles final press conference  | World Athletics Championships Oregon 22
6QRipicTL-E\t36\tNA\tGudaf Tsegay grabs gold in women's 5000m | World Athletics Championships Oregon 22
cjXUXx_xLN0\t36\tNA\tEmmanuel Korir storms to 800m world title | World Athletics Championships Oregon 22
S3VWRDIbWfI\t32\tNA\tAmusan breaks African record for 100m hurdles | World Athletics Championships Oregon 22
fet8KKcB73Q\t768\tNA\tWorld Athletics Club - World Athletics Championships Oregon 22 Day Nine
q-Y9mV4oIU8\t397\tNA\tDay 8 Highlights | World Athletics Championships Oregon 22
bv5JSdTuQNI\t43\tNA\tKelsey-Lee Barber successfully defends world title | World Athletics Championships Oregon 22
pZ0rlIR9nDc\t40\tNA\tIncredible Norman strikes 400m gold in Oregon | World Athletics Championships Oregon 22
zIhpBzwNhUE\t37\tNA\tShaunae Miller-Uibo secures first world title | World Athletics Championships Oregon 22
jV_8KfaIY14\t66\tNA\t50.68! SYDNEY SMASHES 400M HURDLES WORLD RECORD | World Athletics Championships Oregon 22
1cAkO4876jY\t181\tNA\tKimberly García León strikes double world race walk gold | World Athletics Championships Oregon22
MCd36ghSzyg\t727\tNA\tWorld Athletics Club - World Athletics Championships Oregon 22 Day Eight
ZmpFoSy5C9Q\t172\tNA\tDay 7 Highlights | World Athletics Championships Oregon 22
WRc6cSrat74\t59\tNA\tLYLES RUNS 19.31 - USA RECORD  | World Athletics Championships Oregon 22
CUGI6qYjeqY\t61\tNA\tJackson no.2 all-time with 21.45  | World Athletics Championships Oregon 22
WK8lHLEAHOQ\t21\tNA\tOlympic champion Chopra into the final | World Athletics Champs Oregon 22
jwMlqh8HyPE\t642\tNA\tWorld Athletics Club - World Athletics Championships Oregon 22 Day Seven
9jv1yLthNcA\t136\tNA\tDay 6 Highlights | World Athletics Championships Oregon 22
6ijizT5yjPE\t81\tNA\tJeruto runs third fastest steeplechase EVER | World Athletics Championships Oregon 22
Qc866It08dE\t46\tNA\tFeng Bin wins the women's discus | World Athletics Championships Oregon 22
PF7lE4926Yk\t94\tNA\tGoing the Distance with Athing Mu – 3/4
Ct_QISOvk4s\t86\tNA\tGoing the Distance with Athing Mu – 4/4
yPyz35XAzpk\t105\tNA\tGoing the Distance with Athing Mu – 1/4
UwlWE3KcADs\t97\tNA\tGoing the Distance with Athing Mu – 2/4
Ah9YPWzJnOw\t41\tNA\tHistoric 1500m win for Jake Wightman | World Athletics Championships Oregon 2022
YLDb72NCC9c\t773\tNA\tWorld Athletics Club - World Athletics Championships Oregon 22 Day Six
M-Ck8W3kyD0\t269\tNA\tDay 5 Highlights | World Athletics Championships Oregon 22
FT5zERJvsG4\t46\tNA\tCeh victorious in men's discus final | World Athletics Championships Oregon 22
QtFUyJ-lg3A\t52\tNA\tAustralia's Patterson strikes high jump gold | World Athletics Championships
s32Em_RESO0\t52\tNA\tINSANE RACE! Dos Santos wins 400m hurdles title  | World Athletics Championships Oregon 22
um1XQq1MHEo\t371\tNA\tDay 4 Highlights | World Athletics Championships Oregon 22
zW5OYh7-DxQ\t891\tNA\tWorld Athletics Club - World Athletics Championships Oregon 22 Day Five
n1vNpkkvl3o\t35\tNA\tFaith Kipyegon wins historic 1500m world title | World Athletics Championships Oregon 22
yY1UZaNX7-0\t44\tNA\tBarshim beats Woo in epic high jump battle | World Athletics Championships Oregon 22
1xdl8Dhxt4A\t50\tNA\tInsane final lap in 3000m steeplechase final | World Athletics Championships
3RQvgHLZs2U\t35\tNA\tRojas wins third triple jump world title | World Athletics Championships Oregon 22
2lgL2ONrMZU\t125\tNA\tThiam triumphs in heroic heptathlon battle | World Athletics Championships Oregon 22
nrl-BH_e3dE\t49\tNA\tKatie Nageotte beats Sandi Morris to pole vault world title | World Athletics Championships Oregon22
pcBUGyLQfVE\t126\tNA\tEthiopia  rule the marathon in Oregon | World Athletics Championships Oregon 2022
0BL7crd8YAw\t731\tNA\tWorld Athletics Club - World Athletics Championships Oregon 22 Day Four
C5I7F2sjsXs\t359\tNA\tDay 3 Highlights | World Athletics Championships Oregon 2022
m7jhM8aY3NQ\t35\tNA\tCrouser beats Kovacs to win first shot put world title | World Athletics Championships Oregon 2022
oIhB1wdXoBQ\t37\tNA\tHolloway defends world title and leads USA 1-2 in 110m hurdles | World Athletics Champs Oregon 22
Y6Dsv4Iazac\t48\tNA\tShelly-Ann Fraser-Pryce leads Jamaican 100m sweep  | World Athletics Championships Oregon 22
SwwE3gK1fPs\t44\tNA\tCheptegei defends world title in Oregon | World Athletics Championships Oregon 22
2lx8B4jGPpw\t38\tNA\tBrooke Anderson wins hammer throw title for USA   | World Athletics Championships Oregon 22
mTlX673pK2Q\t43\tNA\tTamirat destroys records to lead Ethiopian 1-2 in marathon | World Athletics Championships Oregon 22
vVgRd6BHaq8\t705\tNA\tWorld Athletics Club - World Athletics Championships Oregon 22 Day Three
N2ir_ve-KMg\t390\tNA\tDay 2 Highlights | World Athletics Championships Oregon 22
ZeegQNkt_ac\t53\tNA\tEmotional shot put victory for Ealey | World Athletics Championships Oregon 22
Y9eDDDZJBBQ\t48\tNA\tWang wins long jump in final round | World Athletics Championships Oregon 22
8KF9cmHSgd8\t61\tNA\tKerley leads USA 1-2-3 in men's 100m | World Athletics Championships Oregon 22
2GcNP9lharQ\t21\tNA\tShelly-Ann on fire in Oregon | World Athletics Championships Oregon22
ZGSLIJDz9-I\t21\tNA\tDina Asher-Smith leads qualifiers in 100m heats | World Athletics Championships Oregon 2022
EOZpSurVK5I\t96\tNA\tGoing the Distance with Aleia Hobbs – 4/4
NK_1moxukBc\t95\tNA\tGoing the Distance with Aleia Hobbs – 3/4
EAvW3Is1NHI\t89\tNA\tGoing the Distance with Aleia Hobbs – 2/4
v3WBkAQzxBg\t99\tNA\tGoing the Distance with Aleia Hobbs – 1/4
LZmwmAGaq0Y\t50\tNA\tAllen, Holloway and Cunningham advance | World Athletics Championships Oregon 22
yyUPyJPLqU0\t34\tNA\tFajdek wins 5th world title | World Athletics Championships Oregon 2022
8EgrKeHkkWE\t79\tNA\tGoing the Distance with Grant Holloway 5/5
7W-tNhEhjYE\t72\tNA\tGidey beats Hassan and Obiri to claim 10,000m gold | World Athletics Championships Oregon 22
S5GDRRxXbE0\t85\tNA\tGoing the Distance with Grant Holloway 4/5
JsQOtZGyNOw\t82\tNA\tGoing the Distance with Grant Holloway 3/5
3XW5jT24r4g\t101\tNA\tGoing the Distance with Grant Holloway 2/5
jwxvRvDF5RQ\t88\tNA\tGoing the Distance with Grant Holloway 1/5
L_904F0PNjk\t118\tNA\tGoing the Distance with Cooper Teare – 1/4
YEKaXe5tKlg\t104\tNA\tGoing the Distance with Cooper Teare – 3/4
9uJrDcXY50M\t119\tNA\tGoing the Distance with Cooper Teare – 2/4
VAm36UWF7Ks\t116\tNA\tGoing the Distance with Cooper Teare – 4/4
PyjAUmAvWHg\t393\tNA\tDay 1 Highlights | World Athletics Championships Oregon22
i_U_d94Oips\t815\tNA\tWorld Athletics Club - World Athletics Championships Oregon 22 Day Two
0TTpc1DCeBM\t37\tNA\tBromell on fire over 100m in Oregon | World Athletics Championships Oregon 22
82etYYBKK8s\t29\tNA\tKerley destroys field in 100m heats | World Athletics Championships Oregon 2022
Amhl81MyyFE\t27\tNA\tFastest teenager in history - 9.94 Letsile Tebogo | World Athletics Championships 2022
LKaxVciNra0\t81\tNA\tInsane finish for mixed 4x400m relay final | World Athletics Championships Oregon22
mYbmiKuTlwM\t82\tNA\tGoing the Distance with Ryan Crouser – 2/4
_dQVvqww1kY\t74\tNA\tGoing the Distance with Ryan Crouser – 1/4
aKjtq97ZlxI\t100\tNA\tGoing the Distance with Ryan Crouser – 4/4
axmhgVzfAGg\t78\tNA\tGoing the Distance with Ryan Crouser – 3/4
jUqMmtQuALk\t35\tNA\tYamanishi defends 20km race walk world title | World Athletics Championships Oregon22
bTA52wicN_g\t70\tNA\tGoing the Distance with Elle St Pierre – 1/4
Xvjidp182kQ\t93\tNA\tGoing the Distance with Elle St Pierre – 4/4
5IDELXedcLg\t105\tNA\tGoing the Distance with Elle St Pierre – 2/4
Ji6hJLvU_uE\t75\tNA\tGoing the Distance with Elle St Pierre – 3/4
1S5gzM4EfyY\t43\tNA\tKimberly García León wins historic world title for Peru | World Athletics Championships Oregon22
2wqA2rJDwyQ\t52\tNA\tUSA lead qualification for the mixed 4x400m relay | World Athletics Championships Oregon 22
HajFKajpUPg\t47\tNA\tDramatic high jump qualification for Tamberi | World Athletics Championships Oregon22
W-yi6Q0ujzM\t675\tNA\tWorld Athletics Club - World Athletics Championships Oregon 22 Day One
KNZ512JFQ7w\t296\tNA\tKings of the 400m | Last Three
PcGIofj54JA\t369\tNA\t4x100M Women's Last Three
vDfTBFxRws0\t306\tNA\tWomen's 200m world champions | Last Three
4eSy6BX1YuY\t475\tNA\tBest of Allyson Felix | Reloaded
WtAE-NQ5QNI\t284\tNA\tBest of Noah Lyles | Reloaded
HPIXi4sNpS8\t590\tNA\tBest of  Karsten Warholm | Reloaded
-o_1VdQNoJI\t455\tNA\tDramatic relay moments | Last Three
5H-R-4KwTAE\t309\tNA\tBest of Mondo Duplantis | Reloaded
sbEEsByG7Vg\t513\tNA\tBest of Yulimar Rojas | Reloaded
yzOAE_dN__E\t572\tNA\tMen's Shot Put World Champions | Last Three
dLNTVzRAne8\t48\tNA\tThe World Athletics Championships Heritage collection is out!
a8k00MJbC38\t485\tNA\tBest of Usain Bolt | Reloaded
E0r9iXYpO-0\t414\tNA\tBest of Shelly-Ann Fraser-Pryce | Reloaded
IgtxmVsnVd4\t73\tNA\t6.01m pole vault clearance for Mondo | Continental Tour Gold 2022 Hengelo
tkaSQ_GBcWo\t50\tNA\t100m win for Olympic finalist Neita | Continental Tour Gold 2022 Hengelo
xpmo36NGGPU\t105\tNA\t800m victory for Faith Kipyegon  | Continental Tour Gold 2022 Hengelo
QU6YNKYfcHM\t185\tNA\tHighlights - Paavo Nurmi Games | Continental Tour Gold Turku 2022
SGwsynUZYiw\t81\tNA\tBurgin destroys meeting record with a world-leading 1:43.52 | Continental Tour Gold Turku 2022
fnYlPH_KSaA\t51\tNA\tHelander beats Olympic champion Chopra with a massive 89.83m | Continental Tour Gold Turku 2022
Lndy0orzii4\t35\tNA\tAmusan beats Anderson on the line with 12.57 | Continental Tour Gold Turku 2022
XzQ_TBT2CaM\t35\tNA\tStahl destroys his own meeting record with 70.62m | Continental Tour Gold Turku 2022
Qj3U9X0jWXE\t514\tNA\tExtended Highlights – USATF NYC Grand Prix | Continental Tour Gold 2022
bogD8dS968c\t109\tNA\tAlaysha Johnson's breakthrough 100m hurdles in New York | Continental Tour Gold 2022 New York City
pnD-Q-bhol0\t66\tNA\tColeman beats Blake over 100m in New York | Continental Tour Gold 2022 New York City
u9le2GlDpeo\t85\tNA\tTHIRD FASTEST EVER - 12.84 Devon Allen | Continental Tour Gold 2022 New York City
c8gQ6DgneuU\t100\tNA\tNoah Lyles on fire   over 200m | Continental Tour Gold New York City 2022
ybdSqRPhxxE\t77\tNA\tAleia Hobbs beats Sha'Carri Richardson over 100m | Continental Tour Gold New York City 2022
rW44EMFSm0c\t104\tNA\tSha'Carri Richardson victorious over 200m in New York | Continental Tour Gold New York City 2022
Gy03-SevG9Y\t459\tNA\tRelive crowning moments of 400m hurdles stars | Last Three World Champions
-Jzs5lhF2o8\t26\tNA\tJamaica's Britany Anderson beats top hurdlers  | Continental Tour Gold Hengelo 2022
hgXGktS0FxM\t65\tNA\tBol powers to victory in windy Hengelo | Continental Tour Gold Hengelo 2022
mPEHYxAk4sw\t32\tNA\tWorld-leading shot put in Hengelo | Continental Tour Gold Hengelo 2022
gOX0dI0x1DE\t47\tNA\tAnderson Peters with another 90m + javelin | Continental Tour Gold Hengelo 2022
UE1zwGAEd90\t39\tNA\tEwa Swoboda returns over 100m in Chorzow | Continental Tour Gold Chorzow 2022
DdAowDHkVe4\t23\tNA\tTom Walsh beats Kovacs with shot put meeting record | Continental Tour Gold Chorzow 2022
QGeDjd083nU\t72\tNA\tNatalia Kaczmarek goes head to head with Allyson Felix over 400m | Continental Tour Gold Chorzow
Mt_dFNJjMfw\t57\tNA\t12.43 into -1.4 headwind for Jasmine Camacho-Quinn  | Continental Tour Gold Chorzow 2022
i8Ay-3DIzkA\t181\tNA\tHighlights | Continental Tour Gold Bydgoszcz 2022
wfqvg4kcLYw\t35\tNA\tAhye breaks meeting record with 11.17 | Continental Tour Gold Bydgoszcz 2022
f4XnDyH0CQ4\t67\tNA\tTony Van Diepen storms to 800m victory | Continental Tour Gold Bydgoszcz 2022
McL4h32DrMs\t29\tNA\tTom Walsh throws 21.80m for the win | Continental Tour Gold Bydgoszcz 2022
k22DzJmbjdA\t36\tNA\tSO CLOSE from a sub-10 for Elijah Hall | Continental Tour Gold Bydgoszcz 2022
oNCj3zBNEi8\t36\tNA\tTia Jones beats Tobi Amusan over 100m hurdles | Continental Tour Gold Bydgoszcz 2022
-nJh0O5RlqY\t28\tNA\tAnita Wodarczyk shows dominance with 74.13m | Continental Tour Gold Bydgoszcz 2022
iZ3OKsiFF_w\t517\tNA\tExtended Highlights – Golden Spike Ostrava | Continental Tour Gold Ostrava 2022
Qq-LRYuNk_8\t41\tNA\tAminatou Seyni beats Allyson Felix over 200m | Continental Tour Gold Ostrava 2022
CfiPNfw3yCc\t90\tNA\t17-year-old Wanyoni continues winning ways | Continental Tour Gold Ostrava 2022
4D_ZYXStv5k\t25\tNA\tKovacs King of consistency | Continental Tour Gold Ostrava 2022
p1j3uWMk2Hg\t87\tNA\t12th fastest steeplechase ever | Continental Tour Gold Ostrava 2022
gbylvl5pCTg\t41\tNA\tClose finish in women's 100m hurdles | Continental Tour Gold Ostrava 2022
Y89Aqv1LotU\t25\tNA\tAnderson Peters back at it again | Continental Tour Gold Ostrava 2022
X6vhaDT5qyI\t45\tNA\tIncredible sub-4 minute 1500m | Continental Tour Gold Ostrava 2022
C846NwpK6JY\t38\tNA\tJerome Blakes powers to victory over 200m | Continental Tour Gold Ostrava 2022
BeGvJTw3Kyk\t69\tNA\t#EveryBreath Counts - Join the race for clean air and sign the declaration!
AoySoFSF2So\t35\tNA\tPrescod  beats Blake  and Simbine  over 100m | Continental Tour Gold Ostrava 2022
XttJvW-K8tA\t27\tNA\tOlympic champion Tamberi back in action | Continental Tour Gold Ostrava 2022
Bu4MRq2td_U\t64\tNA\tNatalia Kaczmarek  beats Candice Mcleod over 400m | Continental Tour Gold Ostrava 2022
IvKgjsgwmOw\t66\tNA\tWORLD BEST for Femke Bol over 300m hurdles  | Continental Tour Gold Ostrava  2022
M6672H4n0Vc\t437\tNA\tWomen's 100m world champions  | Last Three World Champions
odzDImWFa8c\t583\tNA\tFast and furious relay racing in Doha | Men's 4x400m relay heats Doha 2019
F_I4bbUF8CY\t132\tNA\tWorld Athletics Championships Oregon22 | Where Dreams Come True
tbtt6OO7ntE\t597\tNA\tUSA lead qualifiers in Doha | Women's 4x400m relay heats Doha 2019
JnT0qBLsH6w\t403\tNA\tDramatic relay handoffs in Doha | Men's 4x100m relay heats Doha 2019
8iaK_HBhNRg\t309\tNA\tWomen's shot put world champions | Last Three
Jgd6CrYyXM8\t594\tNA\tNigeria's Tobi Amusan impresses | Women's 100m hurdles heats Doha 2019
qspb8YUYgFw\t352\tNA\tIconic javelin throw champions | Last Three World Champions
CFM72llMD9k\t330\tNA\tMen's Long Jump World Champions | Last Three
6LjYAuOi6-A\t595\tNA\tDina Asher-Smith in cruise control  | Women's 200m heats Doha 2019
8HZXKJ2P3Xc\t586\tNA\tWomen's 100m Hurdles World Champions | Last Three
KA4Uw87R5ho\t595\tNA\tOmar McLeod and Grant Holloway impress in Doha | Men's 110m Hurdles heats Doha 2019
OLwlO4LMGYQ\t513\tNA\tExtended Highlights – Kip Keino Classic | Continental Tour Gold 2022
IPdiU_7X_Lo\t34\tNA\tGebrzihair defies altitude to clock 14:49.98 over 5000m | Continental Tour Gold Nairobi 2022
vPWL7PkEIKg\t66\tNA\tFastest 3000m steeplechase in altitude | Continental Tour Gold Nairobi 2022
Iqi7ZotliLc\t69\tNA\tKejelcha wins the 1500m in a world-leading time of 4:01.51 | Continental Tour Gold Nairobi 2022
ALRCZaUgBsQ\t55\tNA\tKipsang dominates 1500m field in Nairobi | Continental Tour Gold Nairobi 2022
c5Gex3RrdCQ\t60\tNA\tIncredible 800m finish from Emmanuel Wanyonyi | Continental Tour Gold Nairobi 2022
BJV_5RoLT1Y\t65\tNA\tIncredible breakthrough from Sekgodiso with 1:58.41 on 800m | Continental Tour Gold Nairobi 2022
QGSKFyMazpY\t512\tNA\tExtended Highlights – Tokyo Seiko Golden Grand Prix | Continental Tour Gold 2022
Fi_1tzJf6AE\t71\tNA\tLynna Irby emerges victorious in Tokyo | Continental Tour Gold 2022
4Wu-o1Ae2G4\t50\tNA\tJapan's Rachid Muratake powers to victory in Tokyo   | Continental Tour Gold 2022
XOI1k61GgBg\t44\tNA\tYamakawa jumps to home victory in Tokyo | Continental Tour Gold 2022
6fWltvP7Abs\t82\tNA\tMichael Norman dominates 400m in Tokyo   | Continental Tour Gold 2022
wDWvUoZNsfY\t85\tNA\tRai Benjamin cruises to 48.61 victory | Continental Tour Gold Tokyo 2022
YLiw2L3ZNE0\t63\tNA\tGeorgia Griffith takes 1500m victory with 4:06.04 | Continental Tour Gold 2022
75Q8jn4b-t4\t35\tNA\tKendra Harrison takes 100m hurdles victory with 12.76 | Continental Tour Gold Tokyo 2022
mhmOeA9mxDQ\t37\tNA\tChristian Coleman opens his 100m season with a 10.09 victory | Continental Tour Gold Tokyo 2022
XZQS1YDykFU\t40\tNA\tSeyni dominates 200m in Nairobi | Continental Tour Gold 2022
owBgB-inOMc\t38\tNA\tAaron Brown vs Kyree King over 200m in Nairobi | Continental Tour Gold 2022
xRA9Tmd3Y6w\t26\tNA\tPoland dominate hammer throw in Nairobi | Continental Tour Gold 2022
qBvO0N4HLnw\t44\tNA\tOmanyala beats Kerley with 9.85 in Nairobi | Continental Tour Gold 2022
AzFW9U4X5jA\t53\tNA\tFraser-Pryce destroys field with 10.67   | Continental Tour Gold 2022
ELNSHnrjVlg\t603\tNA\tKirani James, Fred Kerley, Steven Gardiner in action in Doha | Men's 400m heats Doha 2019
XKKbt6b5MSE\t588\tNA\tExplosive 100m heats in Doha | Men's 100m heats Doha 2019
GcDGQOmQCmg\t600\tNA\tShaunae shines in 400m heats   | Women's 400m heats Doha 2019
rpmD77fdusA\t597\tNA\tShelly-Ann dominates with fastest 100m heat ever  | Women's 100m heats Doha 2019
tXhw-7CHPdc\t61\tNA\tNext Stop Oregon - Sara Hall
BEY-pWpfHs8\t462\tNA\tInterview with Elaine Thompson-Herah - The Fastest Woman Alive
3BmDieezrRk\t61\tNA\t100 days to go until Cali | World Athletics U20 Championships Cali 22
OWl01kPXsik\t516\tNA\tExtended Highlights - USATF Golden Games | Continental Tour Gold 2022
jJ9QBKdIB2s\t146\tNA\tBeach Clean-Up - World Athletics Race Walking Team Championships Muscat 22
DrvfRRE0ON8\t104\tNA\tIncredible 800m at USATF Golden Games | Continental Tour Gold 2022
j2R3xxNbDPc\t45\tNA\tTonea Marshall and Keni Harrison in epic 100m hurdles battle | Continental Tour Gold 2022
F6ay0yVpcD4\t37\tNA\tDevon Allen on track despite NFL switch   | Continental Tour Gold 2022
pi-ioQvnmqA\t80\tNA\tCherry beats Dos Santos & Bednarek in world-leading 44.28 over 400m | Continental Tour Gold 2022
IA08JjgTg1g\t48\tNA\tGabby Thomas beats Prandini and Brown over 200m  | Continental Tour Gold 2022
HP5w6o0aRGo\t46\tNA\tMicah Williams runs windy 9.83 to win USATF Golden Games | Continental Tour Gold
d2NaOp_LbNE\t35\tNA\tBriana Williams shocks with windy 10.91 at USATF Golden Games | Continental Tour Gold
tEyJxKCHO4w\t50\tNA\tKerley vs Norman over 200m | Continental Tour Gold 2022
j_CQ91TfBE4\t48\tNA\tTwanisha Terry powers to windy 10.77   | Continental Tour Gold 2022
5zwHEAqQiR4\t44\tNA\tOlympic champion Elaine Thompson-Herah returns over 100m | Continental Tour Gold 2022
eaGRgeLZrkY\t60\tNA\tNext Stop Oregon - Raevyn Rogers
T0o97fJQa-0\t60\tNA\tNext Stop Oregon - Devon Allen
NZWpuLd3Exw\t509\tNA\tExtended Highlights – USATF Bermuda Games | Continental Tour Gold 2022
EC93j3uF1NM\t36\tNA\tAnthonique Strachan closes strong to win 200m | Continental Tour Gold 2022
NoJxT00wsDk\t26\tNA\tShiann Salmon leads Jamaican sweep in 400m hurdles | Continental Tour Gold 2022
3nqKDQ2QsuA\t22\tNA\tTeahna Daniels outleans Gabby Thomas in windy 100m final | Continental Tour Gold 2022
CavD1PGuPTk\t20\tNA\tJerome Blake takes upset 100m victory over Knighton and Lyles | Continental Tour Gold 2022
rov8Nr_xtK8\t34\tNA\tEtiang holds off Bartelsmeyer in 1500m thriller to the line | Continental Tour Gold 2022
l-le17muQ5k\t33\tNA\tGardiner beats Richards in 200m showdown in Bermuda | Continental Tour Gold 2022
3N1zMG7wP6U\t16\tNA\tJasmine Camacho-Quinn storms to 12.67 100m hurdles world lead | Continental Tour Gold 2022
RlieD7dcDyg\t36\tNA\tKirani James reigns supreme in Bermuda 400m | Continental Tour Gold 2022
yRM-KGM1gUY\t183\tNA\tHighlights – USATF Bermuda Games | Continental Tour Gold 2022
XvPK6chcxTE\t161\tNA\tMOWA Exhibition | World Indoor Championships Belgrade 22
UzAODrzZj14\t61\tNA\tNext Stop Oregon - Taliyah Brooks
y2-13rZg9tg\t51\tNA\tThe Continental Tour Gold is back for 2022
ENVTtjGRl7Q\t889\tNA\tHighlights | World Indoor Championships Belgrade 22
yIQy0DmGGtI\t196\tNA\tDay 3 Highlights | World Indoor Championships Belgrade 22
jXOqd3fpA0o\t28\tNA\tJamaica wins women's 4x400m gold | World Indoor Championships Belgrade 22
BGfe2ljJRPw\t28\tNA\tBelgium wins men's 4x400m gold | World Indoor Championships Belgrade 22
X_kiMJqqpeg\t53\tNA\tGrant Holloway runs 7.29 (=WiR) & 7.39 for 60m hurdles gold | World Indoor Championships Belgrade 22
VgG4tLNPGoo\t69\tNA\t6.20M! Mondo Duplantis breaks pole vault world record | World Indoor Championships Belgrade 22
pvDG5xD_6es\t42\tNA\tIvana Vuleta jumps 7.06m for long jump title | World Indoor Championships Belgrade 22
XqZAt6X9Je0\t38\tNA\tSanghyeok Woo clears 2.34m for high jump title | World Indoor Championships Belgrade 22
SkuROrHlBlQ\t70\tNA\t15.74m! WORLD TRIPLE JUMP RECORD FOR ROJAS | World Indoor Championships Belgrade 22
4Q54vezV2Gw\t322\tNA\tDay 2 Highlights | World Indoor Championships Belgrade 22
x_u95LscLuc\t76\tNA\tDamian Warner scores 6489pts for heptathlon gold | World Indoor Championships Belgrade 22
oRtHs0yQDfQ\t31\tNA\tSandi Morris clears 4.80m to defend pole vault crown | World Indoor Championships Belgrade 22
QyFfYw3YEg8\t28\tNA\tTsegay leads Ethiopian 1500m 1-2-3 in Belgrade | World Indoor Championships Belgrade 22
ft33Dv8qa3s\t27\tNA\tMiller-Uibo beats Bol for 400m gold in 50.31 | World Indoor Championships Belgrade 22
knhOokfHv7g\t28\tNA\tCyréna Samba-Mayela runs 7.78 for 60m hurdles gold | World Indoor Championships Belgrade 22
U7i43NAfww0\t27\tNA\tRichards breaks championship record for 400m gold | World Indoor Championships Belgrade 22
mq2usrPRy8w\t37\tNA\tMarcell Jacobs beats Christian Coleman for 60m gold | World Indoor Championships Belgrade 22
3yj2Yp6m_Xs\t23\tNA\tBracy runs 6.46 to lead 60m heats | World Indoor Championships Belgrade 22
G7G-rKDdWho\t64\tNA\tMahuchikh clears 2.02m for high jump gold | World Indoor Championships Belgrade 22
W0AqjLLFbYQ\t226\tNA\tDay 1 Highlights | World Indoor Championships Belgrade 22
bSDlbozr4aY\t33\tNA\tLazaro Martinez jumps a WL 17.64m for triple jump gold | World Indoor Championships Belgrade 22
JRgCAgx56iM\t35\tNA\tDongmo defeats Ealey with 20.43m for shot put gold | World Indoor Championships Belgrade 22
SYHL1BJivDE\t66\tNA\tNoor Vidts wins pentathlon gold with 4929pts | World Indoor Championships Belgrade 22
viK7TdftZXY\t33\tNA\tHailu dominates with 8:41.82 for 3000m gold | World Indoor Championships Belgrade 22
XQbbJjyBAbQ\t23\tNA\tTentoglou jumps 8.55m for gold | World Indoor Championships Belgrade 22
wNtyqj6n9m0\t47\tNA\tKambundji beats Swoboda with 6.96 #4 all time | World Indoor Championships Belgrade 22
Hh6g48zBIbI\t32\tNA\tMikiah Brisco runs 7.03 to lead the women's 60m heats | World Indoor Championships Belgrade 22
ca0EvmHwUuY\t482\tNA\tSu Bingtian, Baker and Coleman dominate semis | Birmingham 2018 Reloaded
pS1dXAcPPFg\t475\tNA\tTa Lou, Thompson, Ahoure star in women's 60m semi-finals | Birmingham 2018 Reloaded
18N-tKWy7K4\t86\tNA\tWorld Indoor Championships Belgrade 22 (18-20 March) Trailer
03Qd9QJ6Cwg\t396\tNA\tWomen Behind The Scenes | International Women's Day 2022
CmDVWFuU7XU\t421\tNA\tRelive the best of Muscat 2022 | World Athletics Race Walking Team Championships
Roy-w_HwnKU\t77\tNA\tYamanishi win gold in the men's 20km | World Athletics Race Walking Team Championships
uoiKu4FFnvA\t60\tNA\tMorejón wins the women's 35km | World Athletics Race Walking Team Championships
tP3l5eufetM\t68\tNA\tKarlström wins gold in the men's 35km | World Athletics Race Walking Team Championships
fn6-SSZ-yZI\t67\tNA\tZhenxia wins China's 3rd individual Gold | World Athletics Race Walking Team Championships 2022
XRS-uKhHGS8\t65\tNA\tHongren wins U20 men's 10km | World Athletics Race Walking Team Championships 2022
gThIRJDtwz0\t59\tNA\tYunyan wins U20 women's 10km | World Athletics Race Walking Team Championships 2022
1YeBKxmKvpY\t99\tNA\tRojas attempts world indoor record EXTENDED | World Athletics Indoor Tour 2022
1CFDEdqTl5Y\t129\tNA\tBarega vs Girma 3000m in Madrid | World Indoor Tour Madrid 2022
0tfzxZcd_ko\t65\tNA\tWorld Athletics Race Walking Team Championships Trailer |  Muscat 2022
5eS4Mq-iWKs\t34\tNA\tYulimar Rojas jumps a world-leading 15.41m for victory | World Indoor Tour Gold Madrid 2022
2Hv-JZF_kDU\t1991\tNA\tCinque Mulini Cross Challenge | World Cross Country Tour Gold2022
l825D44fWBs\t3100\tNA\tSLOWLY (52 min) - The Movie from the World Athletics Indoor Championships 2018
HZShJRzBCvQ\t516\tNA\tTorun Copernicus Cup EXTENDED highlights | World Indoor Tour 2022
vGjRdIMnlsQ\t78\tNA\t7.48! Czykier shocks field to smash Polish record | World Indoor Tour Torun 2022
Wu7Ureudu0M\t116\tNA\tGudaf Tsegay attempts world indoor 1500m record | World Indoor Tour Torun 2022
kkNv_2vjU-g\t86\tNA\tFemke Bol beats Kaczmarek in world-leading 50.64
f5Tt0lQjl1o\t185\tNA\tTorun Copernicus Cup Highlights | World indoor Tour 2022
iLmZRnvjOxU\t46\tNA\tEwa Swoboda beats Elaine Thompson-Herah with 7.03 60m | World Indoor Tour Torun 2022
QiZXYmYDYaE\t516\tNA\tBirmingham Müller Indoor Grand Prix Highlights | World Indoor Tour
DsOch7ZNiXM\t29\tNA\tMontgomery wins and Faulds breaks European U20 record | World Indoor Tour Birmingham 2022
zmTWRRHT58A\t20\tNA\tMcPherson beats Klaver in Birmingham | World Indoor Tour Birmingham 2022
SV-x2oDOFDo\t32\tNA\tElaine Thompson-Herah beats Neita over 60m | World Indoor Tour Birmingham 2022
aMryyt07peU\t37\tNA\tLyles runs personal best in Birmingham | World Indoor Tour Birmingham 2022
Q3KdWwda0_0\t33\tNA\tRojas switches to long jump in Lievin | World Indoor Tour Lievin 2022
eypayd9quFo\t61\tNA\tSidorova beats Nageotte with world-leading 4.85m | World Indoor Tour Lievinb 2022
MvLUJ8WAJxU\t82\tNA\tGoule beats Nakaayi in Lievin | World Indoor Toue Lievin 2022
KELQuDNqQyM\t515\tNA\tMeeting Hauts-de-France Pas-de-Calais Highlights | World Indoor Tour 2022
e3h6wWQSGGk\t75\tNA\tMondo Duplantis agonisingly misses world record of 6.19m | World Indoor Tour Birmingham 2022
FdCc7fAirOU\t167\tNA\tKeely Hodgkinson runs 1:57.20 to smash British record | World Indoor Tour Birmingham 2022
U7Qlhbg21lk\t65\tNA\tHolloway storms to 7.35 in Lievin | World Indoor Tour Gold Lievin 2022
4xTSSB8V6Mg\t59\tNA\tOlympic 100m champion Marcell Jacobs wins in Lievin | World Indoor Tour Gold Lievin 2022
2XbhCOr90QA\t243\tNA\tJakob Ingebrigsten smashes world indoor record | Lievin World Indoor Tour GOld
9RdJFNjwK8o\t32\tNA\tMikiah Brisco clocks world-leading 7.07 to win 60m | World Indoor Tour Gold Staten Island 2022
jIMVx-KnQMg\t26\tNA\tLorraine Ugen jumps SB 6.71 for long jump victory | World Indoor Tour Gold Staten Island 2022
_jmJqEZV5fw\t41\tNA\tBromell beats Taylor to win 200m with 20.64 | World Indoor Tour Gold Staten Island 2022
GxWULA6jeOM\t102\tNA\tAndrew Coscoran clocks 3:53.64 PB to win the mile | World Indoor Tour Gold Staten Island 2022
7tvXNQH5MmQ\t54\tNA\tNoah Lyles claims first 60m pro win with 6.56 PB | World Indoor Tour Gold Staten Island 2022
kUID7faZ2So\t63\tNA\tGabby Thomas returns with 36.21 300m win | World Indoor Tour Gold Staten Island 2022
dVDLcJ-ch5U\t92\tNA\tGabriela Debues-Stafford wins 3000m with NR 8:33.92 | World Indoor Tour Gold Staten Island 2022
o6RAnSvY7UE\t100\tNA\tAdel Mechall breaks European 3000m record 7:30.82 | World Indoor Tour Gold Staten Island 2022
agx5Fz78gJQ\t49\tNA\tGrant Holloway storms to 60m hurdles victory with 7.37 | World Indoor Tour Gold Staten Island 2022
XfXX0CBLB18\t45\tNA\tBryce Hoppel returns with 800m win at Millrose Games | World Indoor Tour Gold Manhattan 2022
vZqdG_NI1Rw\t26\tNA\tPerez secures 60m win in Karlsruhe | World Indoor Tour Gold Karlsruhe 2022
lQDweIJMiNY\t22\tNA\tMontler leaps 8.02m in Karlsruhe | World Indoor Tour Gold Karlsruhe 2022
8OTYXn7yqlo\t75\tNA\tEpic 400m clash at Millrose | World Indoor Tour Gold Manhattan 2022
wnD-yrBpVYE\t28\tNA\tSandi Morris clears 4.75m at Millrose Games | World Indoor Tour Gold Manhattan 2022
toukKbxoc8o\t36\tNA\tWorld champion Nakaayi returns for 2022 | World Indoor Tour Gold 2022 Karlsruhe
jkxt7ZSPjAw\t27\tNA\tDevon Allen is back with a bang at Millrose Games | World Indoor Tour Gold Manhattan 2022
7iuOqKBC750\t53\tNA\tElliot Giles returns over 800m in Karlsruhe | World Indoor Tour Gold 2022 Karlsruhe
gh9V2VluFPA\t26\tNA\tBritany Anderson blazes to 60m hurdles win | World Indoor Tour Gold Manhattan 2022
FAx8603ePt4\t44\tNA\tAjee Wilson back with a bang at Millrose Games | World Indoor Tour Gold Manhattan 2022
LyKYBX4GxpI\t65\tNA\tWadeline Jonathas returns for Millrose Games | World Indoor Tour Gold Manhattan 2022
D_iVWU63QSs\t2051\tNA\tCampaccio Cross Challenge | World Cross Country Tour
zJrXL-cow70\t23\tNA\tAleia Hobbs is BACK after strong Millrose return | World Indoor Tour Gold Manhattan 2022
EcCnwufbN0M\t18\tNA\tTara Davis opens season at Millrose Games | World Indoor Tour Gold Manhattan 2022
cl91ZpCniLE\t44\tNA\tMen's Wanamaker Mile Millrose Games  | World Indoor Tour Gold Manhattan 2022
ImKm29Y74GE\t51\tNA\tElle Purrier takes Wanamaker Mile win | World Indoor Tour Gold Manhattan 2022
yrpybGRe6Hs\t514\tNA\tINIT Indoor Meeting Karlsruhe Highlights | World Indoor Tour Gold 2022
UHP6nnDoa7M\t516\tNA\tMillrose Games Highlights | World Indoor Tour Gold 2022
8fhpA0S5qMA\t32\tNA\tColeman beats Bromell over 60m at Millrose Games | World Indoor Tour Gold Manhattan 2022
OK_0geuL3rA\t50\tNA\tAlicia Monson breaks Millrose meeting record over 3000m | World Indoor Tour Gold Manhattan 2022
jhOvykg7-Vo\t60\tNA\tGeordie Beamish beats Cole Hocker & Cooper Teare at Millrose | World Indoor Tour Gold Manhattan 2022
Givj2KiN6Mc\t25\tNA\tBorthwick and Onnen share high jump victory | World Indoor Tour Gold Karlsruhe 2022
FenIb30IKWI\t58\tNA\tKiebasiska wins 400m with 51.92 WL | World Indoor Tour Gold Karlsruhe 2022
lEBA9m6i32Y\t18\tNA\tMartinot-Lagarde storms to 60m hurdles victory with 7.54 WL | World Indoor Tour Gold Karlsruhe 2022
r73sd_XBmu8\t22\tNA\tWilliams wins 60m hurdles with 7.84 PB | World Indoor Tour Gold Karlsruhe 2022
RA3uyAUV_Ek\t27\tNA\tDuplantis jumps WL 6.02m to break meeting record | World Indoor Tour Gold Karlsruhe 2022
DILuQ1KAlVM\t29\tNA\tAregawi runs 7:26.20 (5th fastest time ever) to win 3000m | World Indoor Tour Gold Karlsruhe 2022
uR_uWhsr9Fs\t38\tNA\tEthiopian 1-2-3 in the women's 1500m | World Indoor Tour Gold Karlsruhe 2022
ox187-Jkdps\t88\tNA\tThe World Indoor Tour is back for 2022!
swA1E93_bPM\t571\tNA\tNeeraj Chopra, Julius Yego and Steve Backley | Legends of the Javelin - World Athletics Podcast
UwIlckd0Nd0\t153\tNA\tTop 10 Moments from World Athletics U20 Championships | Nairobi 2021
4A8q2C5HmGE\t621\tNA\tWomen's 400m Hurdles Final | Tokyo Reflections with the Backstraight Boys (& Girl)
ziepXLoz4tU\t746\tNA\tMen's 400m Hurdles Final | Tokyo Reflections with the Backstraight Boys (& Girl)
b_EPLebN4xU\t723\tNA\tMen's High Jump Final | Tokyo Reflections with the BackStraight Boys (& Girl)
d-dg5hG10I0\t761\tNA\tLegends of the Heptathlon - World Athletics Podcast
RApIlhHgT80\t567\tNA\tWomen's Triple Jump Final | Tokyo Reflections with the Backstraight Boys (& Girl)
aA74AO8eVc4\t631\tNA\tMen's Javelin Final  | Tokyo Reflections with the Backstraight Boys (& Girl)
OoPpTNaX_Ds\t666\tNA\tMixed 4x400m Relay | Tokyo Reflections with the Backstraight Boys (& Girl)
2H05qk8_bMI\t38\tNA\tAkani Simbine wins 100m and 200m at Istvan Gyulai Memorial | Continental Tour Gold 2021
liJcll3hkVs\t747\tNA\tWorld Athletics Awards 2021 - Inspiration Award Interview
tjTQUniBlO0\t1931\tNA\tWorld Athletics Awards 2021 - Athletes of the Year Interview
Q_r5PbtrF9A\t2709\tNA\tWorld Athletics Awards 2021
R_myZr0Tgkk\t86\tNA\tBest Of Daniel Stahl on Continental Tour Gold (2020, 2021)
lYRT0iB4qHM\t46\tNA\tAll Fred Kerley's wins over 100m, 200m, and 400m | Continental Tour Gold
hsbrr09S2_o\t268\tNA\tWe can still fix this | Athlete Messages for COP26
u_H1Y3S207s\t1523\tNA\tCardiff Cross Challenge | World Cross Country Tour
hWIAdOmqJ9E\t1327\tNA\tJonathan Edwards reflects on his triple jump world record from Göteborg 1995 | One Moment in Time
X45_JtfFjLc\t506\tNA\tBoris Hanžekovi Memorial Highlights | Continental Tour Gold
i5J5kdSP6KU\t511\tNA\tHighlights - Continental Tour Gold Nairobi 2021
Sm0JE_eyzv4\t53\tNA\tChespol outruns experienced field to win steeplechase in 9:30.57 | Continental Tour Gold Nairobi
ivf_PxsNHlA\t31\tNA\tEl Bakkali wins steeplechase in 8:21.20 | Continental Tour Gold Nairobi
c1kXaKYoW1o\t39\tNA\tMboma wins 200m in 22.39 to cap off an incredible season | Continental Tour Gold Nairobi
pOlRBHjBhR8\t41\tNA\tKerley wins 200m in 19.76 (PB, SB and first sub-20 on Kenyan soil) | Continental Tour Gold Nairobi
0QoJ1QZp_n8\t42\tNA\tBromell clocks WL 9.76 to win 100m | Continental Tour Gold Nairobi
Rax7vwFj8ic\t186\tNA\tDay 2 Highlights | Continental Tour Gold Zagreb
AjJGTiK_yZI\t16\tNA\tRicketts jumps 14.77m for the win | Continental Tour Gold Zagreb
3OS8gDVWozU\t15\tNA\tKC Lightfoot breaks MR and sets PB 5.87m | Continental Tour Gold Zagreb
qsJwp5lh-9s\t24\tNA\tDevon Allen clocks 12.99 over 110m hurdles | Continental Tour Gold Zagreb
2nGNuf52Hbg\t24\tNA\tAllman dominates again and throws 69.63m | Continental Tour Gold Zagreb
WPnHCkYfBHY\t21\tNA\tMboma wins women's 200m in a meeting record time of 22.04 | Continental Tour Gold Zagreb
iMukIM2gYFo\t21\tNA\tTecuceanu takes 800m win in 1:44.93 | Continental Tour Gold Zagreb
jMYJst5GTEM\t15\tNA\tBracy wins men's 100m in 9.86 | Continental Tour Gold Zagreb
82Nc3YTXD0g\t64\tNA\tFrancine Niyonsaba breaks women's 2000m world record | Continental Tour Gold Zagreb
ctAqkZIdzrU\t55\tNA\tRyan Crouser beats own meeting record in Zagreb
ojavUwcMLgQ\t53\tNA\tNatalia Kaczmarek wins women's 400m in Silesia | Continental Tour Gold
Nhb-Ae9UbNs\t77\tNA\tOlympic champion Gianmarco Tamberi victorious in Silesia | Continental Tour Gold
-jke0k8Kme8\t50\tNA\tChris Nilsen wins men's pole vault in Silesia | Continental Tour Gold
RWSKKBLrtHI\t52\tNA\tRyan Crouser continues shot put dominance in Silesia | Continental Tour Gold
HZjTESgxx-g\t14\tNA\tTobi Amusan beats Megan Tapper in Silesia | Continental Tour Gold
D02kBzkCktI\t26\tNA\tClose finish in the men's 800m at the Kamila Skolimowska Memorial | Continental Tour Gold
avP4cdC0cg8\t27\tNA\tAndre De Grasse wins men's 200m in Silesia | Continental Tour Gold
T857vOI96ig\t68\tNA\tShelly-Ann Fraser-Pryce breaks Polish all-comers' record in Silesia | Continental Tour Gold
CMV2u_gd71k\t503\tNA\tKamila Skolimowska Memorial Highlights | Continental Tour Gold
xblV8D0gD1A\t47\tNA\tFrantišek Doubek is one to Czech out in future!
t9D0AxtFmNo\t197\tNA\tHighlights from the World Athletics U20 Nairobi 2021
Yb7t7W4QJP8\t46\tNA\tMen's 4x400m Final | World Athletics U20 Championships
Hxn18G0LQGI\t35\tNA\tMen's 800m Final | World Athletics U20 Championships
rAS5oe5xZ0A\t29\tNA\tMaja Askag Double Gold | World Athletics U20 Championships
Oa2lqnQMxJg\t59\tNA\tWorld U20 Record Women's 4x100m Relay Final | World Athletics U20 Championships
yoS-tHR4vlI\t57\tNA\tWorld U20 Record Men's 4x100m Relay Final | World Athletics U20 Championships
wy9j4BIg5l4\t37\tNA\tWomen's 200m Final | World Athletics U20 Championships
PFRi-MVmGOM\t39\tNA\tMen's 400m Final | World Athletics U20 Championships
JuYdF1CsZYc\t34\tNA\tMen's 200m Final | World Athletics U20 Championships
_RUjExOzGG8\t20\tNA\tWomens Hammer Final | World Athletics U20 Championships
JdEDJZFFJuw\t33\tNA\tWomen's 400m Final | World Athletics U20 Championships
gLTlyHFdHRU\t48\tNA\tSasha Zhoya World U20 Record (12.72) | World Athletics U20 Championships
z5cswB5B6kY\t47\tNA\tMen's Race Walk Final | World Athletics U20 Championships
oUFN69aotss\t43\tNA\tWomen's Race Walk Final | World Athletics U20 Championships
olsuPhBOxx4\t180\tNA\tRising high jump star Angelina Topic | World Athletics U20 Championships
T-t2IY8w5Lo\t39\tNA\tWomen's 3000m Steeplechase Final | World Athletics U20 Championships
by0GTicrfY8\t37\tNA\tMen's Long Jump Final | World Athletics U20 Championships
9xyA4ZH9FvM\t32\tNA\tSasha Zhoya World U20 Record | World Athletics U20 Championships
65_H2cqSgYc\t25\tNA\tWomen's Triple Jump Final | World Athletics U20 Championships
KZ5iMMfMjT8\t22\tNA\tMen's Pole Vault Final | World Athletics U20 Championships
TJ_IjfWay2g\t24\tNA\tWomen's Discus Final | World Athletics U20 Championships
-GcqNZGM260\t44\tNA\tHow Saga Vanninen won heptathlon gold in Nairobi | World Athletics U20 Championships
vKAlGfWwuAk\t34\tNA\tWomen's 3000m Final | World Athletics U20 Championships
koCva33jYNU\t32\tNA\tWomen's 100m Final | World Athletics U20 Championships
bJhvZonm7pA\t18\tNA\tWomen's Javelin Final | World Athletics U20 Championships
wkgg-zfxq40\t32\tNA\tMen's 5000m Final | World Athletics U20 Championships
g2ReHSkTD6s\t32\tNA\tMen's 100m Final | World Athletics U20 Championships
OoB4yl35BZ0\t1819\tNA\tMen's 10,000m Final - World Athletics U20 Championships Tampere 2018
-llgNuEXQTg\t41\tNA\tWomen's Pole Vault Final | World Athletics U20 Championships
E4jYsbqP9So\t68\tNA\tMixed 4x400 Relay Final | World Athletics U20 Championships
yihwmtzKTew\t39\tNA\tMen's 3000m Final | World Athletics U20 Championships
tQLTn75HQBI\t180\tNA\tSasha Zhoya: French Hurdles Hope | World Athletics U20 Championships
lKS3NMh97_Q\t817\tNA\tMen's 4x400m Relay Final - World Athletics U20 Championships Tampere 2018
G_hBnxjZ8hY\t775\tNA\tMen's 3000m Steeplechase Final - World Athletics U20 Championships Tampere 2018
TqU7Gh24o_8\t590\tNA\tWomen's 4x400m Relay Final - World Athletics U20 Championships Tampere 2018
RuEa9tj37Oo\t986\tNA\tWomen's Triple Jump Final - World Athletics U20 Championships Tampere 2018
M5qdzEuVl2c\t448\tNA\tMen's 800m Final - World Athletics U20 Championships Tampere 2018
Rsb1wuyMHuQ\t529\tNA\tWomen's 1500m Final - World Athletics U20 Championships Tampere 2018
TRy4qVdMddg\t609\tNA\tMen's Discus Throw Final - World Athletics U20 Championships Tampere 2018
tzcvXJ4kIEY\t1346\tNA\tWomen's 5000m Final - World Athletics U20 Championships Tampere 2018
tVtvelQQYhk\t374\tNA\tWomen's 100m Hurdles Final - World Athletics U20 Championships Tampere 2018
hCfC-t_wBUk\t634\tNA\tMen's 4x100m Relay Final - World Athletics U20 Championships Tampere 2018
xX8xN3dnVOM\t969\tNA\tWomen's High Jump Final - World Athletics U20 Championships Tampere 2018
Vm2XCIR2JgU\t405\tNA\tWomen's 4x100m Relay Final - World Athletics U20 Championships Tampere 2018
c8AbTxPMgz8\t384\tNA\tMen's 400m Hurdles Final - World Athletics U20 Championships Tampere 2018
8UxGzDeRIJk\t2507\tNA\tMen's 10,000m Race Walk Final - World Athletics U20 Championships Tampere 2018
N6mxUck6Iw0\t913\tNA\tMen's Triple Jump Final - World Athletics U20 Championships Tampere 2018
TwMzI-lXeIM\t2641\tNA\tWomen's 10,000m Race Walk Final - World Athletics U20 Championships Tampere 2018
VhvhoJ_fwVo\t929\tNA\tWomen's 3000m Steeplechase Final - World Athletics U20 Championships Tampere 2018
yrFOd8sHZ9U\t383\tNA\tMen's 200m Final - World Athletics U20 Championships Tampere 2018
2rg8xD0pwpk\t516\tNA\tWomen's 400m Final - World Athletics U20 Championships Tampere 2018
IU3wA6KaxJg\t424\tNA\tMen's 400m Final - World Athletics U20 Championships Tampere 2018
_w4idaGe6rQ\t274\tNA\tWomen's 400m Hurdles Final - World Athletics U20 Championships Tampere 2018
GipGQ3UQyyE\t1281\tNA\tWomen's Long Jump Final - World Athletics U20 Championships Tampere 2018
0Ihl-ThEMrE\t2159\tNA\tMen's Hammer Throw Final - World Athletics U20 Championships Tampere 2018
tRlpaIEMfb8\t1835\tNA\tMen's Pole Vault - World Athletics U20 Championships Tampere 2018
jhR4jj27V0U\t404\tNA\tWomen's 100m Final - World Athletics U20 Championships Tampere 2018
fI3u1sK1-vk\t375\tNA\tMen's 110m Hurdles Final - World Athletics U20 Championships Tampere 2018
H55tC6c0Q2o\t485\tNA\tWomen's 800m Final - World Athletics U20 Championships Tampere 2018
uByM8XSJjak\t708\tNA\tWomen's Discus Throw Final - World Athletics U20 Championships Tampere 2018
IoKeWhZoT7s\t2378\tNA\tWomen's Pole Vault Final - World Athletics U20 Championships Tampere 2018
gy8sl_--ZFw\t499\tNA\tWomen's 200m Final - World Athletics U20 Championships Tampere 2018
y8fdC6Cq7DI\t1342\tNA\tWomen's Javelin Throw Final - World Athletics U20 Championships Tampere 2018
BSrfkd-nG4Y\t554\tNA\tMen's 1500m Final - World Athletics U20 Championships Tampere 2018
0vOuQ6fZXis\t444\tNA\tMen's 100m Final - World Athletics U20 Championships Tampere 2018
XkWKyvhIPrY\t1916\tNA\tMen's Long Jump Final - World Athletics U20 Championships Tampere 2018
SwHt0mqBFz4\t1444\tNA\tWomen's Shot Put Final - World Athletics U20 Championships Tampere 2018
oOu6fE5OFLg\t843\tNA\tMen's 5000m Final - World Athletics U20 Championships Tampere 2018
ZkfGsKP3m70\t1515\tNA\tMen's Shot Put Final - World Athletics U20 Championships Tampere 2018
832jNKxDz98\t805\tNA\tWomen's 3000m Final - World Athletics U20 Championships Tampere 2018
774mBmJ0fpk\t192\tNA\tJuan Miguel Echevarria | In The Zone
twLSOogGVH4\t226\tNA\tYaroslava Mahuchikh | In The Zone
s8RV3bQbFl0\t227\tNA\tKaterina Stefanidi | In The Zone
UdGGzAKtxyk\t198\tNA\tJoshua Cheptegei | In The Zone
hScvGpTw3LM\t214\tNA\tJasmine Camacho-Quinn | In The Zone
IEEw1x94lnc\t218\tNA\tFedrick Dacres | In The Zone
fwupuRfji8Y\t187\tNA\tDina Asher Smith | In The Zone
iYW2PTMj_qY\t196\tNA\tBeatrice Chepkoech | In The Zone
HG-pODT7Kss\t750\tNA\tHaile Gebrselassie, Paul Tergat and Paula Radcliffe | Distance Running Podcast Special
8Qd7FbnA8js\t1111\tNA\tBlanka Vlasic reflects on Berlin 2009 World Championships High Jump Final  | One Moment in Time
xHOxwnuF8Dc\t405\tNA\tIrena Szewinska Memoria Highlights | Continental Tour Gold
roRxCiDiB4c\t477\tNA\tIstván Gyulai Memorial | Continental Tour Gold
75vxUj3u77g\t58\tNA\tSteven Gardiner wins hotly anticipated 400m clash | Istvan Gyulai Memorial
aODscYGQphc\t24\tNA\tAkani Simbine clocks 9.84, breaks African 100m record | Istvan Gyulai Memorial
1Yz1i1GK6c0\t26\tNA\tElaine Thompson clocks 10.71 in Szekesfehervar | Istvan Gyulai Memorial
NbVjS2DVuB8\t53\tNA\tChris Nilsen clears 5.92m in Bydgoszcz | Irena Szewinska Memorial Continental Tour Gold
tSvJjFCHtiE\t41\tNA\tPawel Fajdek dominates men's hammer with 82.77m | Irena Szewinska Memorial Continental Tour Gold
Uycyn28-VtE\t61\tNA\tAnita Wlodarczyk returns to form in Bydgoszcs | Irena Szewinska Memorial Continental Tour Gold
oPC7vc93vc0\t389\tNA\tPaavo Nurmi Games Highlights | Continental Tour Gold
4V_lqsa1qr4\t69\tNA\tCynthia Bolingo beats strong field in Hengelo | FBK Games Continental Tour Gold
QnEG09d9PiI\t796\tNA\tGrant Holloway, Aries Merritt, Allen Johnson and Renaldo Nehemiah | 110m Hurdles Podcast Special
fsvM8NSIlCI\t69\tNA\tFemke Bol wins in Hengelo | FBK Games Continental Tour Gold
SpJ7pFWy7B0\t37\tNA\tOmar McLeod wins in Hengelo | FBK Games Continental Tour Gold
wIMyWjDkWEw\t40\tNA\tJasmine Camacho Quinn powers to 12.44 | FBK Games Continental Tour Gold
airg-46Lxjc\t35\tNA\tDina Asher Smith wins over 100m in Hengelo | FBK Games Continental Tour Gold
HWgwuDUNZuc\t534\tNA\tFBK Games Hengelo Highlights | Continental Tour Gold
-0fYslC_BgQ\t33\tNA\tSenni Salminen jumps Finnish triple jump record 14.51m | Paavo Nurmi Games Turku
k-CfS_1Xlmg\t34\tNA\tMarcin Krukowski throws Polish javelin record of 89.55m | Paavo Nurmi Games Turku
9Smf43m0SS0\t43\tNA\tMondo Duplantis pole vaults world-leading 6.10m | FBK Games Hengelo
BK2Tb9YBaVk\t181\tNA\tSifan Hassan smashes 10,000m world record | FBK Games Hengelo
5z-T5z8EWv8\t458\tNA\tAdidas Boost Boston Games | Continental Tour Gold
7OTH7VmDIWI\t683\tNA\tMike Powell reflects on his long jump world record 30 years later  | One Moment in Time
Dn8da1gWOeQ\t699\tNA\tKevin Mayer, Ashton Eaton and Roman Šebrle | Decathlon Special - World Athletics Podcast
uMocDsjqg-s\t50\tNA\tPhoto finish for men's 200m in Boston | Continental Tour Gold
UMHURzECM5M\t32\tNA\tGrant Holloway powers to victory in Boston | Continental Tour Gold
ArBOQvuC9qo\t36\tNA\tIsiah young beats Noah Lyles over 100m in Boston | Continental Tour Gold
CQiq0Qmr7mg\t54\tNA\tLynna Irby wins 150m in Boston | Continental Tour Gold
9bw3pZVFr1Y\t138\tNA\tKeely Hodgkinson breaks European U20 800m record | Ostrava Golden Spike Continental Tour Gold
5rcKIZVTfeU\t60\tNA\tJacob Kiplimo runs 7th fastest 10,000m all-time | Ostrava Golden Spike Continental Tour Gold
VJcQedekqIM\t182\tNA\tMax Burgin breaks European U20 800m record | Ostrava Golden Spike Continental Tour Gold
DDmW0bdOjbo\t107\tNA\tFred Kerley beats De Grasse and Gatlin over 100m | Ostrava Golden Spike Continental Tour Gold
ptjffeS9muc\t948\tNA\tOstrava Golden Spike | Continental Tour Gold Highlights
RlRYUxMKb88\t147\tNA\tJohannes Vetter throws javelin world lead 94.20m | Ostrava Golden Spike Continental Tour Gold
mR-tGPY7EeU\t122\tNA\tKenny Bednarek storms to 200m victory in 19.93 | Ostrava Golden Spike Continental Tour Gold
N4EPjGLoz_s\t125\tNA\tSha'Carri Richardson wins 200m in 22.35 | Ostrava Golden Spike Continental Tour Gold
0vRPO18nIH8\t2959\tNA\tWorld Athletics Continental Tour Gold – Ostrava Golden Spike | Press Conference
3E05jBksWZM\t32\tNA\tNoah Lyles beats Kenneth Bednarek over 200m | USATF Golden Games Continental Tour Gold
sER1AnbzA7Y\t56\tNA\tMichael Norman wins in Mt SAC | USATF Golden Games Continental Tour Gold
ixgAOEDrXHk\t29\tNA\tKeni Harrison storms to 12.48 over 100m hurdles | USATF Golden Games Continental Tour Gold
aMSiME240ro\t356\tNA\tSelemon Barega's success, built on hard work and determination | Athlete Feature
_svYW95oMjo\t45\tNA\tDK Metcalf debuts over 100m | USATF Golden Games Continental Tour Gold
Xk5izdKT1fI\t35\tNA\tJemma Reekie beats Laura Muir over 800m with 1:58.27 PB | USATF Golden Games Continental Tour Gold
Nk9G5FTWfks\t53\tNA\tSha'Carri Richardson powers to 10.77 in Mt SAC | USATF Golden Games Continental Tour Gold
WbMtq9dCgvI\t447\tNA\tUSATF Golden Games Highlights | Mt SAC Continental Tour Gold
HC9gNgdW2Pc\t67\tNA\tElle Purrier breaks 4 minutes for 1500m | USATF Golden Games Continental Tour Gold
k7zy3ihQiSw\t432\tNA\tReady Steady Tokyo Highlights | Continental Tour Gold
3bXH4q-9G6I\t50\tNA\tGabby Thomas beats Allyson Felix over 200m | USATF Golden Games Continental Tour Gold
Z8GYYA1wkcg\t57\tNA\tRai Benjamin runs 47.13 in first 400m hurdles since 2019 | USATF Golden Games Continental Tour Gold
m-FNe-SNCkQ\t50\tNA\tKazuki Kurokawa smashes 400m hurdles PB | Ready Steady Tokyo Continental Tour Gold
sq3MN7HppqA\t26\tNA\tAsuka Terada goes sub-13 again | Ready Steady Tokyo Continental Tour Gold
ZJFf9dZa4L4\t25\tNA\tBarshim and Tobe tie for high jump win | Ready Steady Tokyo Continental Tour Gold
57dIORbXcPQ\t60\tNA\tHighlights | World Athletics Relays
O--yef0dDwM\t59\tNA\tDenmark qualifies for Olympics and makes history | World Athletics Relays
l2ae0FgjYfA\t42\tNA\tIreland book Olympic qualifier in mixed 4x400m relay | World Athletics Relays
yToOfhVL21E\t45\tNA\t4x400m triumph for Cuban quartet | World Athletics Relays
-nOpiB_WtYY\t45\tNA\tSouth Africa clinch 4x100m victory | World Athletics Relays
VE-JMxv7UZk\t234\tNA\tFeature: The secret behind Dutch relay success | World Athletics Relays
gvPscTcUTRs\t212\tNA\tFeature: Meet Japan's "New Generation Team" | World Athletics Relays
EksT7mjtw1I\t855\tNA\tMen's 4x400m Relay Final | World Athletics Relays Yokohama 2019
SARIgfyqaxU\t724\tNA\tMixed 4x400m Relay Final | World Athletics Relays Yokohama 2019
LqaSTy0swNE\t1859\tNA\tWomen's 4x100m Relay Heats | World Athletics Relays Yokohama 2019
O3IlU0XO4_w\t1756\tNA\tMen's 4x100m Relays Heats | World Athletics Relays Yokohama 2019
Xhv1JybqQTY\t736\tNA\tMixed 2x2x400m Relay | World Athletics Relays Yokohama 2019
g0ovgepKP6s\t600\tNA\tShuttle Hurdles Relay | World Athletics Relays Yokohama 2019
J28rlNfve0g\t34\tNA\tTravon Bromell holds off Noah Lyles in Eugene | USATF Grand Prix Continental Tour Gold
hxzizwUxwbM\t41\tNA\tBlessing Okagbare blasts to 10.97 in Eugene | USATF Grand Prix Continental Tour Gold
2vuR8PX5Cn0\t189\tNA\tImpressive distance races in Eugene | USATF Grand Prix Continental Tour Gold
MfbaFfNIDXY\t433\tNA\tUSATF Grand Prix Highlights | Eugene Continental Tour Gold 2021
cVtQYx8YVzw\t34\tNA\tJasmine Camacho-Quinn 12.46 | USATF Grand Prix Continental Tour Gold
kwv3s0kqFTU\t68\tNA\tMichael Norman vs Rai Benjamin | USATF Grand Prix Continental Tour Gold
hb9nvoyfdRI\t71\tNA\tShaunae Miller-Uibo 49.08 | USATF Grand Prix Continental Tour Gold
br8QAsM9g8k\t346\tNA\tRoza Dereje's dream of bringing marathon glory to Ethiopia  | Athlete Feature
2uXLhKa4OHg\t841\tNA\tWomen's 4x400m Relay Final | World Athletics Relays Yokohama 2019
qHOcqQ6U06o\t770\tNA\tWomen's 4x200m Relay Final | World Athletics Relays Yokohama 2019
CmzTJL43s2c\t80\tNA\tSeb Coe’s message – in celebration of Grete Waitz’s legacy
R9w80Q-qUvM\t782\tNA\tMen's 4x200m Relay Final | World Athletics Relays Yokohama 2019
CA042MqUJKs\t647\tNA\tWomen's 4x100m Relay Final | World Athletics Relays Yokohama 2019
-N-YWoT1Rbs\t802\tNA\tMen's 4x100m Relay Final | World Athletics Relays Yokohama 2019
3DAklaOWY44\t4227\tNA\tWomen's Pentathlon | World Indoor Championships Portland 2016
SB4NLADmT_k\t2307\tNA\tMen's Triple Jump Final | World Indoor Championships Portland 2016
S-7YIqxmVHg\t1921\tNA\tWomen's Triple Jump Final | World Indoor Championships Portland 2016
7SHu00dVVKg\t1424\tNA\tWomen's Shot Put Final | World Indoor Championships Portland 2016
spiFrVzXvBo\t1116\tNA\tMen's Long Jump Final | World Indoor Championships Portland 2016
KrCgxDGOIb0\t67\tNA\tI am Athletics - The Global Conversation
b83WG6lQ2UA\t879\tNA\tGail Devers, Sally Pearson, Joanna Hayes and Derval O'Rourke | World Athletics Podcast
qHgCrxrN9Zw\t3203\tNA\tWomen's Pole Vault Final | World Indoor Championships Portland 2016
UZrdRye2GZM\t6100\tNA\tMen's Pole Vault Final | World Indoor Championships Portland 2016
nUTLsvapsg8\t1306\tNA\tWomen's High Jump Final | World Indoor Championships Portland 2016
_ZQx8lR__pA\t2289\tNA\tMen's High Jump Final | World Indoor Championships Portland 2016
kKlhg2RkbY4\t511\tNA\tWomen's 60m Hurdles Final | World Indoor Championships Portland 2016
pavKVIj2f-c\t523\tNA\tMen's 60m Hurdles Final | World Indoor Championships Portland 2016
SDuiwzut_oY\t182\tNA\tMen's 60m Hurdles World Indoor Record - Grant Holloway | World Athletics Indoor Tour
vuigHg96YNs\t915\tNA\tWomen's 3000m Final | World Athletics Indoor Championships Portland 2016
TLdQPNxbzGI\t199\tNA\tElliot Giles 1:43.63 | World Athletics Indoor Tour
Z9TrPWNAyBQ\t485\tNA\tTorun Highlights | World Athletics Indoor Tour
hyUTrzEVV50\t782\tNA\tMen's 3000m Final | World Indoor Championships Portland 2016
IL_C7w_GLbM\t649\tNA\tWomen's 1500m Final | World Indoor Championships Portland 2016
zBS9Jmk7n08\t399\tNA\tBoston Highlights | World Athletics Indoor Tour
-cmGQAfDtvU\t493\tNA\tMen's 1500m Final | World Indoor Championships Portland 2016
BwcQ5bM5Oiw\t656\tNA\tMonaco Run 5km Herculis | Highlights
ngboLgEbPYc\t368\tNA\tWomen's 800m Final | World Indoor Championships Portland 2016
NLpKjEOZnxc\t316\tNA\tMen's 800m Final | World Indoor Champinships Portland 2016
IVp7C5V-MjU\t257\tNA\tWomen's 1500m World Indoor Record - Gudaf Tsegay | World Athletics Indoor Tour
XOePSTFjIDA\t514\tNA\tLievin Highlights | World Athletics Indoor Tour
IL982VkGIMc\t204\tNA\tYaroslava Mahuchikh 2.06m | World Athletics Indoor Tour
zjUcpukSBCk\t282\tNA\tMen's 400m Final | World Indoor Championships Portland 2016
eYfqlk4_gis\t187\tNA\tKarlsruhe Highlights | World Athletics Indoor Tour
qJMc8mirtl8\t321\tNA\tWomen's 400m Final | World Indoor Championships Portland 2016
_lFkZWXn7yc\t451\tNA\tWomen's 60m Final | World Indoor Championships Portland 2016
aycGJgbjy_A\t765\tNA\tMen's 60m Final | World Indoor Championships Portland 2016
9n1f9fvmU8U\t1002\tNA\tWCH 2017 London   Men’s 400m hurdles
HZxPrKd3eiQ\t1341\tNA\tWomen's 4x400m Relay Heats | World Athletics Championships London 2017
jYxM_fbeXog\t1152\tNA\tMen's 4x400m Relay Heats
Fkud5vYMu18\t1166\tNA\tMen's 4x100m Relay Heats | World Athletics Championships London 2017
FBl4xt1-uGc\t949\tNA\tWomen's 4x100m Relay Heats | World Athletics Championships London 2017
lnqSlrOX5AA\t947\tNA\tWomen's 400m Hurdles Semi-Finals | World Athletics Championships London 2017
VeoKEah5sw0\t934\tNA\tMen's 110m Hurdles Semi-Finals | World Athletics Championships London 2017
4_3jHBtcUFU\t1086\tNA\tWomen's 100m Hurdles Semi-Finals | World Athletics Championships London 2017
exJxxQw30sA\t839\tNA\tMen's 1500m Semi-Finals | World Athletics Championships London 2017
pc23cGfa-OI\t1137\tNA\tWomen's 1500m Semi-Finals | World Athletics Championships London 2017
eLLmNyd1tf8\t908\tNA\tMen's 800m Semi-Finals | World Athletics Championships London 2017
USlVbmqVk84\t1048\tNA\tWomen's 800m Semi-Finals | World Athletics Championships London 2017
4LFlIjOPghY\t1048\tNA\tMen's 400m Semi-Finals | World Athletics Championships London 2017
1ReMThlMslM\t1016\tNA\tWomen's 400m Semi-Finals | World Athletics Championships London 2017
rmYk2qI9Stc\t1093\tNA\tMen's 200m Semi-Finals | World Athletics Championships London 2017
mQMw2a6kJKg\t1290\tNA\tWomen's 200m Semi-Finals | World Athletics Championships London 2017
KNdeh5mqVU0\t1122\tNA\tWomen's 100m Semi-Finals | World Athletics Championships London 2017
mrpmet1dEpw\t1368\tNA\tIvona Dadic | World Athletics Podcast
kFg2LfDmX78\t1152\tNA\tMen's 100m Semi-Finals | World Athletics Championships London 2017
gW32t2AO_K4\t451\tNA\tWomen's Javelin | World Athletics Championships Tokyo 1991
3hQ7akPVdGA\t501\tNA\tMen's Javelin | World Athletics Championships Tokyo 1991
Jkew0rcVmCY\t1202\tNA\tWCH 1991 Tokyo   Triple Jump Men
adK76p_WAKE\t1925\tNA\tMen's 10,000m | World Championships Tokyo 1991
8qEAHheFb-o\t837\tNA\tMen's High Jump | World Athletics Championships Tokyo 1991
BJARZaF39jA\t617\tNA\tMen's 400m hurdles | World Championships Tokyo 1991
dJmkBYUZbBg\t838\tNA\tMen's 5000m | World Championships Tokyo 1991
vi76FCBa9vE\t536\tNA\tMen's 1500m | World Championships Tokyo 1991
3ga9IL-M8Jg\t495\tNA\tMen's 200m | World Championships Tokyo 1991
6GtNlzvXU7Q\t342\tNA\tMen's 800m | World Championships Tokyo 1991
ku_TRvCFk2A\t331\tNA\tYulimar Rojas | Female Athlete of the Year
AWM8AoXeAhg\t80\tNA\tSebastian Coe's Message: World Athletics Heritage Plaque to Fukuoka International Open Marathon
lPKdjvEJano\t61\tNA\tSebastian Coe’s Message World Athletics Heritage Plaque to Iten, Kenya - Home of Champions
8uWmXWQKNmw\t34\tNA\tWorld Athletics Heritage Plaque Ceremony, Fukuoka, Japan. Plaque awarded to Fukuoka Marathon
39ZaFB2Mbso\t1528\tNA\tThe Story Behind the 1968 Olympics Black Power Salute | World Athletics Awards
Uh_S60oF7iE\t1784\tNA\tSara Hall | World Athletics Podcast
rX2iuBqbiwo\t1826\tNA\tJohannes Vetter | World Athletics Podcast
Mp31_gK0BBs\t674\tNA\tYulimar Rojas | Unscripted
MEmJ_jxGVOU\t5887\tNA\tRio de Janiero 2008 | World Half Marathon Championships
vRrbRtQ1Loc\t6937\tNA\tBirmingham 2009 | World Half Marathon Championships
ENrf2Pok5Cs\t6362\tNA\tNanning 2010 | World Half Marathon Championships
1NATv9_qIa8\t6963\tNA\tKavarna 2012 | World Half Marathon Championships
xrYwjL7B3hM\t6688\tNA\tCopenhagen 2014 | World Half Marathon Championships
RhlnvxMvwYw\t183\tNA\tKip Keino Classic | Highlights
gyBpl3NBzUg\t7148\tNA\tCardiff 2016 | World Half Marathon Championships
ExXzWLTg48I\t8381\tNA\tValencia 2018 | World Half Marathon Championships
YQBXLUHfn40\t2189\tNA\tJessica Hull | World Athletics Podcast
bYhgpX_w8Do\t571\tNA\tSteve Cram | Unscripted
UCeRYPPPmLg\t982\tNA\tMen's 400m Hurdles Semi-Finals Beijing 2015 | World Athletics Championships Beijing 2015
38iLKsqu7Lw\t924\tNA\tWomen's 400m Hurdles Semi-Finals | World Athletics Championships Beijing 2015
TrUD2A4b-HY\t1334\tNA\tWomen's 100m Hurdles Semi-Finals | World Athletics Championships Beijing 2015
LLnqKCBjg3Y\t1027\tNA\tMen's 110m Hurdles Semi-Finals | World Athletics Championships Beijing 2015
wnRf06gFCXU\t1082\tNA\tWomen's 1500m Semi-Finals | World Athletics Championships Beijing 2015
W3Tufg-ubVM\t883\tNA\tMen's 1500m Semi-Finals | World Athletics Championships Beijing 2015
D2xHT9zBs4A\t1063\tNA\tWomen's 800m Semi-Finals | World Athletics Championships Beijing 2015
chYO7Tw49_M\t191\tNA\tGolden Spike, Ostrava | Highlights
uNuUZnToMvA\t1122\tNA\tMen's 800m Semi-Finals | World Athletics Championships Beijing 2015
shyjsneS24Y\t972\tNA\tWomen's 400m Semi-Finals | World Athletics Championships Beijing 2015
iu-VANtP78Q\t188\tNA\tKamila Skolimowska Memorial, Silesia | Highlights
OoIYF9urm6w\t1158\tNA\tMen's 200m Semi-Finals | World Athletics Championships Beijing 2015
fbFQyJez-Zs\t1098\tNA\tFemke Bol | World Athletics Podcast
w4lcF_I7esc\t965\tNA\tWomen's 100m Semi-Finals | World Athletics Championships Beijing 2015
EjWGIcZbIoQ\t1337\tNA\tMen's 100m Semi-Finals | World Athletics Championships Beijing 2015
jfIyNELwBuI\t1093\tNA\tMen's 400m Semi-Finals | World Athletics Championships Beijing 2015
gEmi6570ZNc\t516\tNA\tWomen's 400m Hurdles Final | World Athletics Championships Beijing 2015
lh_BmFRvZfA\t5770\tNA\tDecathlon Day 2 | World Athletics Championships Beijing 2015
fl6WOIJqcxc\t937\tNA\tWomen's 200m Semi-Finals | World Athletics Championships Beijing 2015
6ivSTApeflM\t6770\tNA\tDecathlon Day 1 | World Athletics Championships Beijing 2015
kJ_Z18_5DEU\t6750\tNA\tHeptathlon | World Athletics Championships Beijing 2015
jjKpwDNC_tA\t185\tNA\tSeiko Golden Grand Prix Tokyo | Highlights
27iTFBpGGrc\t9826\tNA\tWomen's Marathon | World Athletics Championships Beijing 2015
Swii5hxWCWw\t189\tNA\tGyulai István Memorial, Székesfehérvár | Highlights
fafgy_EklO8\t64\tNA\tSebastian Coe's message World Athletics Heritage Plaque awarded to Irena Szewinska
MNBG4TGntAY\t48\tNA\tWorld Athletics Heritage Plaque Ceremony19 August 2020, Bydgoszcz Plaque awarded to Irena Szewinska
tlmdpTMIV3o\t648\tNA\tMen's 3000m Steeplechase Final | World Athletics Championships Beijing 2015
I4ShZzdbXD4\t2029\tNA\tWomen's Javelin Final | World Athletics Championships Beijing 2015
vbLoAYBJ8tw\t8898\tNA\tMen's 50km Race Walk | World Athletics Championships Beijing 2015
P1sSCjkPoMg\t6905\tNA\tMen's Marathon | World Athletics Championships Beijing 2015
KVxhSwetYRk\t191\tNA\tPaavo Nurmi Games, Turku | Highlights
ChcnXK3q0bI\t111\tNA\tSebastian Coe's message, World Athletics Heritage Plaque to Paavo Nurmi & Paavo Nurmi Games, Turku
4B4rxrw6Zjw\t26\tNA\tWorld Athletics Heritage Plaque Ceremony, Plaque awarded to PAAVO NURMI & PAAVO NURMI GAMES
I3ADi2sPuUY\t647\tNA\tMen's 400m Final | World Athletics Championships Beijing 2015
0RxedclROYE\t226\tNA\tSteven Gardiner | Unscripted
0RGAamJvKC0\t742\tNA\tWomen's 4x400m Relay Final | World Athletics Championships Beijing 2015
F24HlrujXQE\t643\tNA\tMen's 4x400m Relay Final | World Athletics Championships Beijing 2015
Os4GVtFUgmM\t517\tNA\tMen's 800m Final | World Athletics Championships Beijing 2015
nSN6InUtD9k\t5206\tNA\tMen's 20km Race Walk | World Athletics Championships Beijing 2015
uTiARN1_oOo\t1912\tNA\tMen's 10,000m Final | World Athletics Championships Beijing 2015
D-D1Ceq1i8w\t704\tNA\tWomen's 100m Hurdles Final | World Athletics Championships Beijing 2015
wmeUDvT1xXs\t1056\tNA\tWomen's Hammer Throw Final | World Athletics Championships Beijing 2015
0WZRrvOjfvA\t1239\tNA\tMen's Long Jump Final | World Athletics Championships Beijing 2015
l2j5-vB--hk\t1966\tNA\tArmand Duplantis | World Athletics Podcast
lhBHIPUasjc\t479\tNA\tWomen's 400m Final | World Athletics Championships Beijing 2015
B-YAXsywM-8\t500\tNA\tMen's 400m Hurdles Final | World Athletics Championships Beijing 2015
XRWsp6J1cqs\t1843\tNA\tWomen's Long Jump Final | World Athletics Championships Beijing 2015
pMV4z8rXg4I\t1425\tNA\tWomen's 10,000m Final | World Athletics Championships Beijing 2015
sFi5y6Rn4hg\t174\tNA\tHellen Obiri | Unscripted
osLNbeFhn04\t1526\tNA\tMen's Hammer Throw Final | World Athletics Championships Beijing 2015
ZqRM2ZUHWxc\t947\tNA\tWomen's 3000m Steeplechase | World Athletics Championships Beijing 2015
MGIHiRcoJ50\t101\tNA\tContinental Tour Gold - Trailer
h9Q7WxseRQ8\t2491\tNA\tMen's Javelin Final | World Athletics Championships Beijing 2015
GSfZJ3xv5QI\t1379\tNA\tWomen's Triple Jump | World Athletics Championships Beijing 2015
NqV7SE-Id2I\t4050\tNA\tWomen's 20km Race Walk | World Athletics Championships Beijing 2015
V02WPtpR2jI\t907\tNA\tMen's 5000m Final | World Athletics Championships Beijing 2015
O9C1aD6de40\t1046\tNA\tWomen's Discus Final | World Athletics Championships Beijing 2015
96o9kxDJwmQ\t262\tNA\tYaroslava Mahuchikh | Unscripted
CgMWs2ETpIY\t1091\tNA\tMen's Pole Vault Final | World Athletics Championships Beijing 2015
MH-Go5oG_t8\t756\tNA\tMen's 110m Hurdles Final | World Athletics Championships Beijing 2015
4qc61lotw_U\t529\tNA\tWomen's 800m Final | World Athletics Championships Beijing 2015
AIXKFY4bGec\t1501\tNA\tMen's Triple Jump Final | World Athletics Championships Beijing 2015
BsSZb3Z6u0Y\t451\tNA\tAnderson Peters | World Athletics Podcast
w-V1AXBks_g\t721\tNA\tWomen's 200m Final | World Athletics Championships Beijing 2015
N4a2SLYvrgw\t775\tNA\tWomen's 4x100m Relay Final | World Athletics Championships Beijing 2015
YoKwaheDBn4\t850\tNA\tMen's Discus Final | World Athletics Championships Beijing 2015
E2cQjUX3clI\t994\tNA\tWomen's 5000m Final | World Athletics Championships Beijing 2015
avc0zVdGjik\t406\tNA\tChristian Taylor | Unscripted
pkDr3B2d7zc\t1009\tNA\tMen's 200m Final | World Athletics Championships Beijing 2015
fY9oQFxXVRE\t1262\tNA\tWomen's Pole Vault Final | World Athletics Championships Beijing 2015
M5Q9Ql6PUgs\t428\tNA\tMen's 1500m Final | World Athletics Championships Beijing 2015
qm9Ie9GXytc\t855\tNA\tWomen's 100m Final | World Athletics Championships Beijing 2015
r-c3BQJqf3o\t1269\tNA\tMen's 4x100m Relay Final | World Athletics Championships Beijing 2015
1VsbnJqpYyg\t1223\tNA\tWomen's Shot Put Final | World Athletics Championships Beijing 2015
zN-ANaOyveE\t1937\tNA\tMen's High Jump Final | World Athletics Championships Beijing 2015
hpv1MPMCL0k\t237\tNA\tDonavan Brazier | Unscripted
FQg6-XWdtlk\t300\tNA\tWorld Athletics Championships – 1983 to 2017 Highlights
Yzsx7SPsMU4\t551\tNA\tWomen's 1500m Final | World Athletics Championships Beijing 2015
ck-24IKXceo\t983\tNA\tMen's Shot Put Final | World Athletics Championships Beijing 2015
PvYtqxDjmvM\t3682\tNA\tWomen's High Jump Final | World Athletics Championships Beijing 2015
CpbfEDYXjc8\t1098\tNA\tMen's 100m Final | World Athletics Championships Beijing 2015
B6Ub8flCu9I\t1037\tNA\tMen's 400m Hurdles Semi-Finals | World Athletics Championships Doha 2019
JF-6_POltHs\t995\tNA\tWomen's 400m Hurdles Semi-Finals | World Athletics Championships Doha 2019
VXmgO6sXQ0g\t1076\tNA\tMen's 110m Hurdles Semi-Finals | World Athletics Championships Doha 2019
_FaNl21VoJw\t856\tNA\tWomen's 100m Hurdles Semi-Finals | World Athletics Championships Doha 2019
OzDsBXNn1Ak\t1014\tNA\tMen's 1500m Semi-Finals | World Athletics Championships Doha 2019
Hs2e8oFozp4\t393\tNA\tYaroslava Mahuchikh | World Athletics Podcast
jgGKuk9UTFE\t915\tNA\tWomen's 1500m Semi-Finals | World Athletics Championships Doha 2019
Mb72Sl0jA2M\t891\tNA\tMen's 800m Semi-Finals | World Athletics Championships Doha 2019
Uqf3tT5PNZU\t1131\tNA\tWomen's 800m Semi-Finals | World Athletics Championships Doha 2019
YBrfzgE3EUU\t957\tNA\tMen's 400m Semi-Finals | World Athletics Championships Doha 2019
zBGnxv4glSM\t988\tNA\tWomen's 400m Semi-Finals | World Athletics Championships Doha 2019
JjoOTTUKAss\t830\tNA\tMen's 200m Semi-Finals | World Athletics Championships Doha 2019
PmzljTcN0ZM\t684\tNA\tWomen's 200m Semi-Finals | World Athletics Championships Doha 2019
VGHWz1FLU8Y\t426\tNA\tDaniel Stahl | Unscripted
HH0KCEeVrkY\t1445\tNA\tMen's 100m Semi-Finals | World Athletics Championships Doha 2019
ozD0PqkTYek\t1018\tNA\tWomen's 100m Semi-Finals | World Athletics Championships Doha 2019.
1As9FPEBajM\t1397\tNA\tMen's and Women's 4x400m Relay Finals | World Athletics Championships Doha 2019
rUUWYOqxR84\t779\tNA\tMixed 4x400m Relay Final | World Athletics Championships Doha 2019
Z3rzwdBiho4\t17423\tNA\t50km Race Walk | World Athletics Championships Doha 2019
d5FV4ETKqbY\t109\tNA\tStefan Holm’s World Athlego Championships | Athletics@Home
e74uZHbbmGQ\t6395\tNA\tMen's 20km Race Walk | World Athletics Championships Doha 2019
4fExcIaDMGU\t6404\tNA\tWomen's 20km Race Walk |  World Athletics Championships Doha 2019
yHY0s3RE0S0\t9243\tNA\tMen's Marathon | World Athletics Championships Doha 2019
ZQxxwSYr_zA\t333\tNA\tBrigid Kosgei | Unscripted
wZRE8_VEODk\t10927\tNA\tWomen's Marathon | World Athletics Championships Doha 2019
X6X3-AiAN5k\t1789\tNA\tMen's Hammer Throw Final | World Athletics Championships Doha 2019
oKXHkxbjMPg\t1108\tNA\tWomen's Javelin Final | World Athletics Championships Doha 2019
61NghZAOR4I\t10452\tNA\tDecathlon Day 2 | World Athletics Championships Doha 2019
ZYL5vfGaXXY\t1053\tNA\tHome Fitness Class with Sanya Richards-Ross | Athletics@Home
V2zL400Apyc\t5413\tNA\tDecathlon Day 1 | World Athletics Championships Doha 2019
zl5kpwIma4k\t5243\tNA\tHeptathlon Day 2 | World Athletics Championships Doha 2019
Wq24OXv6qho\t4247\tNA\tHeptathlon Day 1 | World Athletics Championships Doha 2019
E3oDAAKA9_c\t612\tNA\tDonavan Brazier: World Athletics Podcast - NFL After Athletics
Hz1jQGYJqK4\t1376\tNA\tMen's Javelin Final | World Athletics Championships Doha 2019
RoOR4suTPLI\t1962\tNA\tWomen's Triple Jump Final | World Athletics Championships Doha 2019
Qn_kwu_CTx8\t584\tNA\tMen's 400m Hurdles Final | World Athletics Championships Doha 2019
e482-twoX0s\t2076\tNA\tWomen's Long Jump Final | World Athletics Championships Doha 2019
RAuHp6K-IL0\t842\tNA\tMen's Discus Final | World Athletics Championships Doha 2019
qtibu_VJb9Y\t521\tNA\tWomen's 100m Hurdles Final | World Athletics Championships Doha 2019
vH-XVsnbAME\t1718\tNA\tHome Fitness Class with Joanna Hayes | Athletics@Home
sJ2rge1ng4g\t5187\tNA\tMen's Pole Vault Final | World Athletics Championships Doha 2019
TNeM8LfCdHk\t367\tNA\tDalilah Muhammad | Unscripted
f_54sFCgbHA\t743\tNA\tWomen's 400m Final | World Athletics Championships
pPyQosEYwwE\t871\tNA\tMen's 110m Hurdles Final | World Athletics Championships Doha 2019
seBLm0_pMWA\t2075\tNA\tWomen's Shot Put Final | World Athletics Championships Doha 2019
L-rqg2ug7dE\t1683\tNA\tMen's 10,000m Final | World Athletics Championships Doha 2019
WLL4W1WMRkA\t561\tNA\tWomen's 200m Final | World Athletics Championships Doha 2019
zoYtaNBXjKc\t2830\tNA\tMen's Long Jump Final | World Athletics Championships Doha 2019
4W5hPHWTnog\t1255\tNA\tHome Fitness Class with Paula Radcliffe | Athletics@Home
-whCIXWprpM\t3178\tNA\tWomen's Pole Vault Final | World Athletics Championships Doha 2019
IQcTd4xZ44o\t488\tNA\tMen's 1500m Final | World Athletics Championships Doha 2019
VTL7ehdOSwc\t838\tNA\tWomen's 3000m Steeplechase Final | World Athletics Championships Doha 2019
8CpFewYp2dU\t1108\tNA\tMen's 5000m Final | World Athletics Championships Doha 2019
6YVaFVo7lnA\t2398\tNA\tWomen's High Jump Final | World Athletics Championships Doha 2019
OniE76TaOhE\t362\tNA\tMen's 800m Final | World Athletics Championships Doha 2019
sdr8LRvAtwI\t973\tNA\tWomen's 100m Final | World Athletics Championships Doha 2019
cV5IlHBu5zg\t1057\tNA\tHome Workout with Sally Pearson | Athletics@Home
C3-hPDlsKuI\t1478\tNA\tMen's Triple Jump Final | World Athletics Championships Doha 2019
FKpcFLTz7e4\t483\tNA\tAnderson Peters | Unscripted
zujxPTG54ZQ\t364\tNA\tWomen's 800m Final | World Athletics Championships Doha 2019
ddLqYqUjTNo\t641\tNA\tMen's 400m Final | World Athletics Championships Doha 2019
aKGfcIpaOn4\t1124\tNA\tWomen's 5000m Final | World Athletics Championships Doha 2019
x3yLI9uMjXA\t788\tNA\tMen's 4x100m Relay Final | World Athletics Championships Doha 2019
6uPsCam9s-8\t265\tNA\tReading with Shelly-Ann Fraser-Pryce | Athletics@Home
mR0CUNrsoCs\t2616\tNA\tWomen's Hammer Throw Final | World Athletics Championships Doha 2019
NIr65u3O2q0\t3206\tNA\tMen's High Jump Final | World Athletics Championships Doha 2019
dvGTa_ievWw\t485\tNA\tWomen's 4x100m Relay Final | World Athletics Championships Doha 2019
1DV4beUJXz0\t540\tNA\tSteven Gardiner: World Athletics Podcast - Rebuilding The Bahamas
gT_dZbbQEl4\t729\tNA\tMen's 200m Final | World Athletics Championships Doha 2019
2Kdthzsk2YM\t558\tNA\tWomen's 1500m Final | World Athletics Championships Doha 2019
hMDALOHv1fE\t742\tNA\tMen's 100m Final | World Athletics Championships Doha 2019
JD37yYSLiS0\t336\tNA\tWomen's 400m Hurdles Final - World Record | World Athletics Championships Doha 2019
SEFOEWCsq6Q\t1388\tNA\tMen's Shot Put Final | World Athletics Championships Doha 2019
S0YHQ1MC4gk\t501\tNA\tWomen's Discus Final | World Athletics Championships Doha 2019
AatporMbqhU\t593\tNA\tMen's 3000m Steeplechase Final | World Athletics Championships Doha 2019
NluPjuIYFm8\t1952\tNA\tWomen's 10,000m Final | World Athletics Championships Doha 2019
Qp7CcqpRLyE\t386\tNA\tLonah Salpeter | Unscripted
21SGvgMjRXw\t31\tNA\tMillrose Games - Heritage
ZII-03E4z3c\t15\tNA\tJon Ridgeon presents World Athletics Heritage Plaque to Indoor Meeting Karlsruhe
h07f_pazKvA\t200\tNA\tBadass Women | International Women's Day
nDUfWvKA6r0\t274\tNA\tShanieka Ricketts | Unscripted
WEDH_0P3qyE\t602\tNA\tSteve Cram: World Athletics Podcast - Life After Track
OFyACrCDCSA\t564\tNA\tMen's 4x400m Relay | World Indoor Championships Birmingham 2018
UZeRdMKrCTY\t588\tNA\tWomen's 4x400m Relay | World Indoor Championships Birmingham 2018
I_cFLzwYntg\t380\tNA\tKarsten Warholm | Unscripted
aeKnFJS8orA\t115\tNA\tArmand Duplantis | 6.17m Pole Vault World Record
ytM-KIejENU\t1805\tNA\tMen's Shot Put | World Indoor Championships Birmingham 2018
SYcp4pZusNc\t1269\tNA\tHeptathlon | World Indoor Championships Birmingham 2018
Fm2QgUzhRDM\t796\tNA\tWomen's Shot Put | World Indoor Championships Birmingham 2018
cE8PBDnoPKY\t916\tNA\tPentathlon | World Indoor Championships Birmingham
sLdLg_G0EUs\t631\tNA\tKarsten Warholm: World Athletics Podcast - Never Do Hurdles in a Kilt
YjBp_CXQZ8M\t1098\tNA\tWomen's 3000m | World Indoor Championships Birmingham 2018
UvTznSDcsqA\t804\tNA\tMen's 3000m | World Indoor Championships Birmingham 2018
AqJjeyxf3mM\t419\tNA\tWomen's 60m hurdles | World Indoor Championships Birmingham 2018
t0zF74w6GBs\t534\tNA\tMen's 60m hurdles | World Indoor Championships Birmingham 2018
2jLJ8QPYtZo\t535\tNA\tKemoy Campbell | Unscripted
miaqs0AOXro\t3126\tNA\tMen's Pole Vault | World Indoor Championships Birmingham 2018
zLKTk4sJN7M\t3003\tNA\tWomen's Pole Vault | World Indoor Championships Birmingham 2018
Lqu9smCQWZ4\t632\tNA\tWomen's 1500m | World Indoor Championships Birmingham 2018
UFQMMFD239I\t592\tNA\tMen's 1500m | World Indoor Championships Birmingham 2018
ICdhOu8D4LU\t376\tNA\tWomen's 800m | World Indoor Championships Birmingham 2018
ooxVkPhVaNY\t393\tNA\tMen's 800m | World Indoor Championships Birmingham 2018
-bUyEBxO0Ro\t989\tNA\tMen's Triple Jump | World Indoor Athletics Championships Birmingham 2018
srPQIka5CwY\t1877\tNA\tWomen's Triple Jump | World Indoor Athletics Championships Birmingham 2018
3pWvc059tAc\t1222\tNA\tWomen's Long Jump | World Indoor Athletics Championships Birmingham 2018
bZE4faCuw_I\t1783\tNA\tMen's Long Jump | World Indoor Championships Birmingham 2018
OTc9Ri9g924\t406\tNA\tMen's 60m | World Indoor Championships Birmingham 2018
YbauHBnbFoA\t499\tNA\tWomen's 60m | World Indoor Championships Birmingham 2018
5EsttiS4ZCc\t371\tNA\tWomen's 400m | World Indoor Championships Birmingham 2018
3vuCf--6cLM\t379\tNA\tMen's 400m | World Indoor Championships Birmingham 2018
Abk76Lv9Amc\t1131\tNA\tMen's Decathlon | World Championships Tokyo 1991
rBBaUFvvaTs\t2236\tNA\tWorld Athletics Club | End of Year Special
XXKMFfYYUB4\t682\tNA\tMen's 3000m Steeplechase | World Championships Tokyo 1991
uI4q8dFIPcc\t1128\tNA\tWomen's High Jump | World Championships Tokyo 1991
9a1r9NC_Po0\t598\tNA\tMen's 4x400m | World Championships Tokyo 1991
RfAmVZw1498\t386\tNA\tWomen's Long Jump | World Championships Tokyo 1991
-IIkE_UhKXk\t518\tNA\tMen's 110m hurdles | World Championships Tokyo 1991
SssyebbOR5I\t1436\tNA\tWomen's 10,000m | World Championships Tokyo 1991
5kd6SLgVqqI\t586\tNA\tMen's 100m | World Championships Tokyo 1991
WT9dhQVvgJc\t532\tNA\tWomen's 400m | World Championships Tokyo 1991
CFj6RzlWNtM\t1215\tNA\tMen's Long Jump | World Championships Tokyo 1991
zp5oMW4JIQ0\t827\tNA\tDalilah Muhammad: World Athletics Podcast - Does Achieving Your Goals Make You Happy?
s4l2_QQgKdU\t403\tNA\tWorld Athletics Heritage Mile Night | Plaque Announcement
ywfuvDWsIT8\t628\tNA\tWorld Athletics Awards 2019 | Highlights
1N1bMQAlTAg\t133\tNA\tWorld Athletics Heritage Mile Night | Highlights
iHS1w8L-xU8\t1133\tNA\tWorld Athletics Awards 2019 | World Athletics Club
IoTKY4taylY\t222\tNA\tHeritage Mile Night Historical Timeline
68U1QmIzCXE\t365\tNA\tIAAF Inside Athletics: Tianna Bartoletta - Extended Cut
yAopk90RW0A\t260\tNA\tIAAF Inside Athletics: Brandon Starc - Extended Cut
vxmFDyU82AQ\t788\tNA\tHighlights | World Athletics Championships Doha 2019 | Day 10
TCJgCofMokc\t39\tNA\tUSA Storm to 4x400m Gold | World Athletics Championships 2019 | Doha Moments
YEBxPPOipTM\t49\tNA\tUSA Take 4x400m Women's Gold | World Athletics Championships 2019 | Doha Moments
6u5HF8uEtNc\t13\tNA\tPeters Launches to Javelin Gold | World Athletics Championships 2019 | Doha Moments
lUAriDXAMlA\t20\tNA\tMihambo Leaps to Long Jump Gold | World Athletics Championships 2019 | Doha Moments
h8ptLkX5CPA\t21\tNA\tCheruiyot Charges to 1500m Gold | World Athletics Championships 2019 | Doha Moments
mzd6jhi0bk8\t24\tNA\tNia Ali Takes 100m Hurdles Gold | World Athletics Championships 2019 | Doha Moments
wp9P8kzW0G8\t32\tNA\tJoshua Cheptegei Wins 10,000m Gold | World Athletics Championships 2019 | Doha Moments
9wmajs4srIM\t314\tNA\tWomen's Triple Jump Interviews | World Athletics Championships Doha 2019
QZx3q4nBeCk\t270\tNA\tWomen's 4x100m Relay Interviews | World Athletics Championships Doha 2019
_SSizt17ZE0\t359\tNA\tMen's Shot Put Interviews | World Athletics Championships Doha 2019
cdLR4uiO3pI\t206\tNA\tMen's 4x100m Relay Interviews | World Athletics Championships Doha 2019
U0Z_B0TU0ng\t794\tNA\tHighlights | World Athletics Championships Doha 2019 | Day 9
5ZA03AotIpA\t340\tNA\tMen's High Jump Interviews | World Athletics Championships Doha 2019
W6j5StdV1Ok\t48\tNA\tUSA Win Men's 4x100m Gold | World Athletics Championships 2019 | Doha Moments
gcq_Qo_lBDw\t49\tNA\tJamaica Wins Women's 4x100m Gold | World Athletics Championships 2019 | Doha Moments
05kvdf007Eo\t18\tNA\tRojas Wins Back-to-Back Triple Jump Golds | World Athletics Championships 2019 | Doha Moments
1Ppb2uvYG7E\t24\tNA\tHellen Obiri Sets New 5000m Championship Record | World Athletics Championships 2019 | Doha Moments
UzWodt9hwWg\t34\tNA\tHassan Wins Unprecedented Double Gold | World Athletics Championships 2019 | Doha Moments
94-WruyUPnM\t29\tNA\tJoe Kovacs Wins Incredible Shot Put Gold | World Athletics Championships 2019 | Doha Moments
B8OWjAPlRYA\t85\tNA\tSandra Perkovic Interview | World Athletics Championships Doha 2019
I7mQzJISwIs\t225\tNA\tMen's 3000m Steeplechase Interviews | World Athletics Championships Doha 2019
kqOpE3NQelA\t277\tNA\tMen's 400m Interviews | World Athletics Championships Doha 2019
_qM_p_zM7mA\t519\tNA\tHighlights | World Athletics Championships Doha 2019 | Day 8
dZ9SgTrWsow\t303\tNA\tWomen's 400m Hurdles Interviews | World Athletics Championships Doha 2019
lmj1CpaQpcQ\t371\tNA\tAshton Eaton and Brianne Theisen-Eaton react to the Heptathlon and Decathlon
71Do649oEWI\t10\tNA\tYaime Perez Takes Discus Gold | World Athletics Championships 2019 | Doha Moments
9cRBJV0RcSo\t50\tNA\tGold for Gardiner in the 400m | World Athletics Championships 2019 | Doha Moments
zGxQLhXrMeU\t33\tNA\tKipruto Wins 3000m Steeplechase in Photo Finish | World Athletics Championships 2019 | Doha Moments
OmrhH1B_ugQ\t27\tNA\tBarshim Delights Home Crowd for High Jump Gold | World Athletics Championships 2019 | Doha Moments
8ICw5ah7gPk\t64\tNA\tDalilah Muhammad's 400m Hurdles World Record | World Athletics Championships 2019 | Doha Moments
_UJjEEQSrXk\t339\tNA\tMen's Decathlon Interviews | World Athletics Championships Doha 2019
UZqtX0nUpPs\t79\tNA\tWomen's Shot Put Interviews | World Athletics Championships Doha 2019
e39Ne1hHtes\t297\tNA\tWomen's 400m Interviews | World Athletics Championships Doha 2019
Cq596XArKJA\t326\tNA\tWomen's Heptathlon Interviews | World Athletics Championships Doha 2019
M_ONGQK8vHE\t487\tNA\tHighlights | World Athletics Championships Doha 2019 | Day 7
qaVALMYm7II\t412\tNA\tShelly-Ann Fraser-Pryce | The Athlete Journey | World Athletics Championships 2019 | Doha Moments
-PfuqHVzMrE\t104\tNA\tKaul Storms to Decathlon Gold | World Athletics Championships 2019 | Doha Moments
0wHgZOERDbs\t93\tNA\tJohnson-Thompson wins Heptathlon Gold | World Athletics Championships 2019 | Doha Moments
2bg7-tyP7es\t13\tNA\tGong Powers to Shot Put Gold | World Athletics Championships 2019 | Doha Moments
MMsZtOrE4YI\t64\tNA\tSalwa Eid Naser Storms to 400m Gold | World Athletics Championships 2019 | Doha Moments
uSlEtUDseJY\t332\tNA\tMen's Hammer Throw Interviews | World Athletics Championships Doha 2019
81DaJUren1k\t285\tNA\tWomen's 200m Interviews | World Athletics Championships Doha 2019
L3LBhJVjRik\t391\tNA\tMen's 110m Hurdles Interviews | World Athletics Championships Doha 2019
XXOcoJpAt2I\t744\tNA\tHighlights | World Athletics Championships Doha 2019 | Day 6
qBBZ0n17_UI\t20\tNA\tFajdek's Fourth Hammer Throw Gold | World Athletics Championships 2019 | Doha Moments
aTZ6gRN_6qE\t34\tNA\tGrant Holloway's Hurdles Gold | World Athletics Championships 2019 | Doha Moments
5brt3-GAotE\t35\tNA\tDina Asher-Smith dominates 200m final | World Athletics Championships 2019 | Doha Moments
pYFM6jrZo0U\t107\tNA\tAthlete Ambassadors visit the IAAF Heritage Exhibition in Doha
FI2L58eQir8\t98\tNA\tKelsey-Lee Barber Interview | World Athletics Championships Doha 2019
LDPPKMpQDdc\t220\tNA\tMen's 200m Interviews | World Athletics Championships Doha 2019
Zv3dlxjJncY\t291\tNA\tMen's Pole Vault Interviews | World Athletics Championships Doha 2019
atbU4hf_A3c\t241\tNA\tMen's 800m Interviews | World Athletics Championships Doha 2019
P9wXKyu5rgA\t517\tNA\tHighlights | World Athletics Championships Doha 2019 | Day 5
H8xsL7MAi4I\t24\tNA\tHistoric Women's Javelin Win for Barber | World Athletics Championships 2019 | Doha Moments
POfOlzGVG2w\t27\tNA\tChampionship Record for Brazier in 800m Win | World Athletics Championships 2019 | Doha Moments
BE5B_8uTQmY\t54\tNA\tSam Kendricks Soars to Pole Vault Gold | World Athletics Championships 2019 | Doha Moments
06Wpco4o9zs\t58\tNA\tNoah Lyles Sprints to 200m Gold | World Athletics Championships 2019 | Doha Moments
7TvmgKIXHVY\t1580\tNA\tWorld Athletics Club | World Athletics Championships Doha 2019 | Day 5
Pa7Z61CMQ_M\t151\tNA\tMen's 400m Hurdles Interviews | World Athletics Championships Doha 2019
Wup11Vp_YAs\t317\tNA\tWomen's 3000m Steeplechase Interviews | World Athletics Championships Doha 2019
0EPpovkRuIA\t448\tNA\tMen's 5000m Interviews | World Athletics Championships Doha 2019
M1phPbbYkQM\t301\tNA\tMen's Discus Interviews | World Athletics Championships Doha 2019
hfwykb78Lw4\t258\tNA\tWomen's High Jump Interviews | World Athletics Championships Doha 2019
vEKbMT1MX_4\t178\tNA\tWomen's 800m Interviews | World Athletics Championships Doha 2019
NHtQIBCmKmo\t26\tNA\tLasitskene Three-peats to High Jump Gold | World Athletics Championships 2019 | Doha Moments
gL1DohTj_Rs\t570\tNA\tHighlights | World Athletics Championships Doha 2019 | Day 4
C9cF2hsvAUg\t24\tNA\tNakaayi Claims 800m Gold | World Athletics Championships 2019 | Doha Moments
lQMqXftsx48\t32\tNA\tChepkoech Championship Record 3000m Steeplechase | World Athletics Championships 2019 | Doha Moments
jdp5GIbxFUU\t31\tNA\tEdris Retains 5000m Gold | World Athletics Championships 2019 | Doha Moments
BQzdgmAMgpI\t17\tNA\tStahl's Celebratory Sprint | World Athletics Championships 2019 | Doha Moments
DqVWvHC1STg\t63\tNA\tKing Karsten Reigns Supreme | World Athletics Championships 2019 | Doha Moments
JAZN9mDYg_g\t247\tNA\tWomen's 100m Interviews | World Athletics Championships Doha 2019
duGXyTZMlg8\t338\tNA\tWomen's Pole Vault Interviews | World Athletics Championships Doha 2019
Ld_yKS1Ex0w\t322\tNA\tMen's Triple Jump Interviews | World Athletics Championships Doha 2019
vmH1BVaC6Bk\t178\tNA\tMixed 4x400m Interviews | World Athletics Championships Doha 2019
qEX96XUZsH8\t207\tNA\tSifan Hassan Interview | World Athletics Championships Doha 2019
ofCS_pvTPJ4\t71\tNA\t20km three-peat for Liu | World Athletics Championships 2019 | Doha Moments
prbTRF4dPHo\t30\tNA\tShelly-Ann Fraser-Pryce 100m World Champion | World Athletics Championships 2019 | Doha Moments
GVmXJzY2Q9A\t33\tNA\tSidorova Soars to Pole Vault Gold | World Athletics Championships 2019 | Doha Moments
D6QADoI9GHs\t33\tNA\tTaylor's Triple Jump Quadruple | World Athletics Championships 2019 | Doha Moments
8eJPDtQ0icQ\t54\tNA\tWorld Record in the Mixed 4x400m | World Athletics Championships 2019 | Doha Moments
0fs5r7rySXs\t1127\tNA\tHighlights | World Athletics Championships Doha 2019 | Day 3
M0g13II1oUw\t746\tNA\tHighlights | World Athletics Championships Doha 2019 | Day 2
qDNKhlX7rHQ\t52\tNA\tJeff Henderson Interview | World Athletics Championships Doha 2019
ulA92KrEIfU\t40\tNA\tLetesenbet Gidey Interview | World Athletics Championships Doha 2019
QiljATcEAYo\t391\tNA\tWomen's Hammer Throw Interviews | World Athletics Championships Doha 2019
I2DU8UntdMc\t45\tNA\tLiang Wins 50km Race Walk Gold | World Athletics Championships 2019 | Doha Moments
_Sdrnzxx634\t38\tNA\tPrice's Historic Hammer Throw Gold | World Athletics Championships 2019 | Doha Moments
Ge38Eos5II8\t37\tNA\tGayle Leaps to Long Jump Gold | World Athletics Championships 2019 | Doha Moments
0DZbKRRE93o\t41\tNA\tColeman wins the 100m | World Athletics Championships 2019 | Doha Moments
O8EIdxwuqr0\t46\tNA\tSuzuki Strides to 50km Race Walk Gold | World Athletics Championships 2019 | Doha Moments
vU6kroEJpKI\t37\tNA\tHassan Wins 10,000m Gold | World Athletics Championships 2019 | Doha Moments
YwpgdDIn7K8\t115\tNA\tVisit of Seb Coe and Thomas Bach  to the Heritage Exhibition in Doha
-ii0PTUx3Pg\t290\tNA\tMen's 100m Interviews | World Athletics Championships Doha 2019
b-vOrcw0s5Q\t57\tNA\tDabo and Busby | World Athletics Championships 2019 | Doha Moments
sOXGiY4C9ds\t145\tNA\tHighlights | World Athletics Championships Doha 2019 | Day 1
GLTt_6dwOFI\t86\tNA\tIAAF Heritage World Athletics Championships  exhibition DOHA
8aRspYU276o\t1377\tNA\tIAAF Congress Press conference 2019 Doha
PdlYrC_T-sM\t224\tNA\tIAAF Inside Athletics: Abderrahman Samba
8jZPfC83EMc\t486\tNA\tIAAF Inside Athletics: Borlee Brothers -  Extended Cut
nCn0iUnC7gc\t395\tNA\tIAAF Inside Athletics: Sandra Perkovic - Extended Cut
If_4pkLxY6g\t2246\tNA\tDecathlon Final | IAAF World Championships London 2017
20gF2ZP3qsk\t1693\tNA\tHeptathlon Final | IAAF World Championships London 2017
mDZLRetAYsI\t579\tNA\tWomen's 800m Final | IAAF World Championships London 2017
CAOmWs09FXU\t961\tNA\tWomen's 4x400m Relay Final | World Athletics Championships London 2017
tlIIYbtZudQ\t1963\tNA\tWomen's Hammer Throw Final | IAAF World Championships London 2017
VRx8L57AL2s\t299\tNA\tIAAF Inside Athletics: Caterine Ibarguen - Extended Cut (English Subtitles)
e1L93ySj38s\t1448\tNA\tMen's Javelin Final | IAAF World Championships London 2017
yUq62lkAbvg\t839\tNA\tMen's 3000, Steeplechase Final | IAAF World Championships London 2017
nBcdm01qP-U\t927\tNA\tMen's 200m Final | World Athletics Championships London 2017
_pyyRW9MvFA\t723\tNA\tMen's 1500m Final | IAAF World Championships London 2017
UGHvh0PR5R4\t2217\tNA\tWomen's 10000m Final | IAAF World Championships London 2017
KYA3Z5Xqy40\t873\tNA\tMen's 400m Hurdles Final | IAAF World Championships London 2017
EJhTYlYjjj4\t1024\tNA\tMen's 4x100m Relay Final | IAAF World Championships London 2017
vFOpGSYppr8\t915\tNA\tMen's Shot Put Final | IAAF World Championships London 2017
Ol9eR-3daHg\t690\tNA\tWomen's 200m Final | World Athletics Championships London 2017
a1icl7rLXWw\t2523\tNA\tWomen's Pole Vault Final | IAAF World Championships London 2017
TxkiBy8BHQs\t255\tNA\tIAAF Inside Athletics: Juan Miguel Echevarria - Extended Cut
cIlPp2D8VYQ\t3309\tNA\tMen's Marathon Final | IAAF World Championships London 2017
RHvoWHs2MFI\t1953\tNA\tMen's High Jump Final | World Athletics Championships London 2017
XmdjKFwP1Oo\t705\tNA\tIAAF Inside Athletics: Jonathan Sacoor - Extended Cut
TFn_Y86bw64\t443\tNA\tWomen's 400m Hurdles Final | IAAF World Championships London 2017
NtK9nYGoOKw\t1635\tNA\tMen's Triple Jump Final | IAAF World Championships London 2017
0PFN7aW4JmA\t2033\tNA\tWomen's Javelin Final | IAAF World Championships London 2017
wqEXk1mwyDQ\t1296\tNA\tMen's 100m Final | World Athletics Championships London 2017
5zyPJe6tJBU\t2010\tNA\tWomen's Long Jump Final | IAAF World Championships London 2017
3idUIgQf0Vg\t572\tNA\tWomen's 100m Hurdles Final | IAAF World Championships London 2017
arJ_7Eyo0bE\t620\tNA\tMen's 800m Final | IAAF World Championships London 2017
s2nMjCKPE2M\t1879\tNA\tMen's Pole Vault Final | IAAF World Championships London 2017
QHAl8jpl53Q\t403\tNA\tIAAF Inside Athletics: Kevin Mayer - Extended Cut
2FIyxl_I__Q\t16321\tNA\t50km Race Walk Finals | IAAF World Championships London 2017
vr4EXSz2WPU\t725\tNA\tWomen's 4x100m Final | IAAF World Championships London 2017
IQdaGpVFa1g\t2679\tNA\tWomen's High Jump Final | World Athletics Championships London 2017
KS-gaz9-8a0\t610\tNA\tIAAF Inside Athletics: Elena Vallortigara - Extended Cut
SPOVvNvOCMs\t1764\tNA\tMen's Hammer Final | IAAF World Championships London 2017
D5G03O-gBXg\t1312\tNA\tWomen's 5000m Final | IAAF World Championships London 2017
Ie9aQQOh_1k\t401\tNA\tMen's 400m Final | IAAF World Championships London 2017
UCA9KBxxSkM\t1251\tNA\tMen's 5000m Final | IAAF World Championships London 2017
mn8_Xt7EYNw\t958\tNA\tWomen's 400m Final | IAAF World Championships London 2017
szCMmsPbHjo\t2290\tNA\tWomen's Triple Jump Final | IAAF World Championships London 2017
jTZopb8LJrY\t299\tNA\tIAAF Inside Athletics: Michael Norman -  Extended Cut
f4dCk4UYZEU\t920\tNA\tWomen's 3000m Steeplechase Final | IAAF World Championships London 2017
PzFB5Mw6pP4\t1166\tNA\tMen's Discus Final | IAAF World Championships London 2017
PobulzDl9oE\t975\tNA\tMen's 4x400m Relay Final | IAAF World Championships London 2017
4Aa8GA0D8JA\t166\tNA\tIAAF World Athletics heritage Plaque - IAAF World Relays 2019 Yokohama
u0kF3n6qaDs\t1016\tNA\tWorld Athletics Club - Yokohama
wgb9RlWKtuI\t1419\tNA\tWomen's Discus Final | IAAF World Championships London 2017
iJjeKxN8IGY\t909\tNA\tWomen's 1500m Final | IAAF World Championships London 2017
wNpA02SNgUg\t2142\tNA\tMen's Long Jump Final | IAAF World Championships London 2017
m1Er7fQwTY4\t462\tNA\tIAAF Inside Athletics: Shaunae Miller-Uibo and Maicel Uibo
EyaDyJZU75M\t513\tNA\tMen's 110m Hurdles Final | IAAF World Championships London 2017
FiW1IntIM48\t782\tNA\tWomen's 100m Final | World Athletics Championships London 2017
gTPHH880Cyc\t2500\tNA\tMen's 10000m Final | IAAF World Championships London 2017
DIFA14QoPhk\t306\tNA\tIAAF Inside Athletics: Eliud Kipchoge - Extended Cut
h5Fmnadcj7s\t882\tNA\tOpening Ceremony - IAAF Heritage World Athletics Championships Exhibition, Doha, Qatar
Wg8LSJOtd_s\t541\tNA\tIAAF Inside Athletics: Dawn Harper-Nelson - Extended Cut
fjbGH2UrklI\t90\tNA\tCoe & XC Legends visit the Heritage XC Display, Aarhus
ouZx0mB-XB4\t169\tNA\tIAAF Heritage - WXC History
8802xCf6aWE\t100\tNA\tWorld Athletics Heritage Plaque - design & 6 locations, Aarhus
X7Gjxu2usSI\t1997\tNA\tWorld Athletics Club - Aarhus
FfdCw9tblbc\t438\tNA\tIAAF Inside Athletics: Geoffrey Kamworor - Extended Cut
C-_6bK9JM3s\t649\tNA\tJoanna Hayes: International Women's Day
EM45ksuuiBo\t332\tNA\tInternational Women's Day at the IAAF
zY7C9DmgIyc\t335\tNA\tIAAF Inside Athletics: Ivana Spanovic - Extended Cut
wh-XayDANEc\t440\tNA\tIAAF Inside Athletics: Armand Duplantis - Extended Cut
L_htxDaVAVo\t382\tNA\tInside Athletics: Dame Valerie Adams - Extended Cut
Ajx7nSNbaJA\t52\tNA\tIAAF World Indoor Tour: Torun Preview
eUevyHICd5o\t52\tNA\tIAAF World Indoor Tour Karlsruhe Preview
eNDD5a4ICZE\t375\tNA\t215th IAAF Council Meeting - IAAF Press Briefing
jhRhxf-2R1w\t253\tNA\tHeritage Legends Reception 2018  - Highlights
7-9Se-LPkJQ\t261\tNA\tHeritage Legends Reception 2018 -  Sebastian Coe  announcing the award of the 12 inaugural plaques
65TmUtFo8lI\t106\tNA\tHeritage Legends Reception 2018  - Heritage Plaque
mi9KwAy5iQo\t139\tNA\tJonathan Edwards: Men's Triple Jump World Record
TuD2LyDQvec\t1148\tNA\tIAAF Inside Athletics: Andreas Thorkildsen
vILQtxgNVhU\t1071\tNA\tInside Athletics Paula Radcliffe
SqsCAPo1mlY\t135\tNA\tChristian Taylor: Three time world champion 2011,2015 & 2017
fK_LENdpE30\t72\tNA\t60 seconds: Mary Keitany
YqopEG4Or40\t78\tNA\tAto Boldon becomes T&T's first ever world champion. Athens 1997
BLTVmelb1K4\t73\tNA\t60 seconds 2018:  Luvo Manyonga
xD3iGfEhEKI\t848\tNA\tInside Athletics 2018 - Sergey Shubenkov
0AmzdyB5Jl4\t70\tNA\tHSH Prince Albert and Seb Coe at the air quality monitoring device installation
r4m-yMl1wD8\t109\tNA\tMichael Johnson Sevilla 1999: Men's 400m world record
L3csXjLdG9c\t158\tNA\tIAAF Continental Cup Highlights Compilation
eNHlTdUb_ps\t236\tNA\tConseslus Kipruto – King of the Steeple
hCwY1mN9-Rg\t178\tNA\t“I do dream big” - Salwa Eid Naser
yTx7AV4dM6U\t214\tNA\tRaven 'Hulk' Saunders
La6ItsWTzH0\t163\tNA\tKeeping up with the Ingebrigtsens
Yl9sALPODQc\t74\tNA\t60 seconds: Karsten Warholm
F8ow9_n53Bc\t36\tNA\tIAAF Continental Cup Ostrava 2018 - Mike Powell - Captain Team Americas
NmlXQ4b30xI\t59\tNA\tIAAF Continental Cup Ostrava 2018 - Team Americas 4x400m Relays Mixed
uESwk_n-zWI\t110\tNA\tIAAF Continental Cup Ostrava 2018 - Jakob Ingebrigtsen NOR 1500m Men
eR1AmNsiXps\t97\tNA\tIAAF Continental Cup Ostrava 2018 - Shawnacy Barber CAN Pole Vault Men
bls9bXlqgNg\t103\tNA\tIAAF Continental Cup Ostrava 2018 - Team Asia-Pacific 4x400m Relays Mixed
EF6YIEpaE_o\t64\tNA\tIAAF Continental Cup Ostrava 2018 - Christin Hussong GER Javelin Throw Women
9mLDEA0FFh8\t112\tNA\tIAAF Continental Cup Ostrava 2018 - Caterine Ibarguen COL Long Jump Women
PG9qFYQYtCU\t90\tNA\tIAAF Continental Cup Ostrava 2018 - Huihui Lyu CHN Javelin Throw Women
hN9N9Co7UOg\t101\tNA\tIAAF Continental Cup Ostrava 2018 - Sam Kendricks USA Pole Vault Men
tinanhZap3c\t141\tNA\tIAAF Continental Cup Ostrava 2018 - Noah Lyles USA 100m Men
xBJgVRiJ0Lk\t49\tNA\tIAAF Continental Cup Ostrava 2018 - Malaika Mihambo GER Long Jump Women
ZaKyLkGomss\t66\tNA\tIAAF Continental Cup Ostrava 2018 - Kara Winger USA Javelin Throw Women
F6yma6BDFfg\t51\tNA\tIAAF Continental Cup Ostrava 2018 - Akani Simbine RSA 100m Men
ka1In_-U1ck\t96\tNA\tIAAF Continental Cup Ostrava 2018 - Lijiao Gong CHN Shot Put Women
XOQm_BfRnXI\t84\tNA\tIAAF Continental Cup Ostrava 2018 - Brooke Stratton AUS Long Jump
SZbG-YP_ylE\t154\tNA\tIAAF Continental Cup Ostrava 2018 - Mohammed Ahmed CAN 3000m Men
PupT56kaN-I\t42\tNA\tIAAF Continental Cup Ostrava 2018 - Raven Saunders USA Shot Put Women
rKH8-imMmic\t64\tNA\tIAAF Continental Cup Ostrava 2018 - Bingtian Su CHN 100m Men
yQDFoB1huQg\t59\tNA\tIAAF Continental Cup Ostrava 2018 - Paul Chelimo USA 3000m Men
RSSBvdlDogc\t148\tNA\tIAAF Continental Cup Ostrava 2018 - Renaud Lavillenie FRA Pole Vault Men
lTQMJIpRiVg\t145\tNA\tIAAF Continental Cup Ostrava 2018 - Henrik Ingebrigtsen NOR 3000m Men
Q_pkYG0sasc\t144\tNA\tIAAF Continental Cup Ostrava 2018 - Marcin Lewandowski POL 1500m Men
aO-V8suAIt0\t45\tNA\tIAAF Continental Cup Ostrava 2018 - Thomas Rohler GER Javelin Throw Men
ZKAmsa8A7bc\t85\tNA\tIAAF Continental Cup Ostrava 2018 - Elijah Motonei Manangoi KEN 1500m Men
55SraIwTxYE\t87\tNA\tIAAF Continental Cup Ostrava 2018 - Chao-Tsun Cheng TPE Javelin Throw Men
p5u1J4ez0V8\t19\tNA\tIAAF Continental Cup Ostrava 2018 - Anderson Peters GRN Javelin Throw Men
K6xBZhRbgXc\t44\tNA\tIAAF Continental Cup Ostrava 2018 - Janieve Russell & Shamier Little Team Americas 400m Hurdles
3lah5HJmG7U\t81\tNA\tIAAF Continental Cup Ostrava 2018 - Anna Yaroshchuk-Ryzhykova UKR 400m Hurdles Women
3YufQpWU9Dg\t69\tNA\tIAAF Continental Cup Ostrava 2018 - Beatrice Chepkoech KEN 3000m Steeplechase Women
D8bgn81JFvM\t88\tNA\tIAAF Continental Cup Ostrava 2018 - Courtney Frerichs USA 3000m Steeplechase Women
tgqTrl71V-8\t44\tNA\tIAAF Continental Cup Ostrava 2018 - Natoya Goule & Ajee Wilson Team Americas 800m Women
o51P8uwDO44\t58\tNA\tIAAF Continental Cup Ostrava 2018 - Hugues Fabrice Zango BUR Triple Jump Men
VNlLnkgiyFY\t57\tNA\tIAAF Continental Cup Ostrava 2018 - Marie-Josee Ta Lou CIV 200m Women
7o1PKe5_s2o\t160\tNA\tIAAF Continental Cup Ostrava 2018 - Mariya Lasitskene ANA High Jump Women
sYkWjGqD5Jo\t137\tNA\tIAAF Continental Cup Ostrava 2018 - Svetlana Radzivil UZB High Jump Women
NtYbrcdFtX4\t73\tNA\tIAAF Continental Cup Ostrava 2018 - Baboloki Thebe BOT 400m Men
evkFPLUxwNI\t53\tNA\tIAAF Continental Cup Ostrava 2018 - Abdalelah Haroun QAT 400m Men
_s9tB-vvUiI\t55\tNA\tIAAF Continental Cup Ostrava 2018 - Nathan Strother USA 400m Men
-dKsQrddLNk\t59\tNA\tIAAF Continental Cup Ostrava 2018 - Erika Seyama SWZ High Jump Women
5w-A-sGEPAY\t65\tNA\tIAAF Continental Cup Ostrava 2018 - Shaunae Miller-Uibo BAH 200m Women
Sewny4DUnHk\t59\tNA\tIAAF Continental Cup Ostrava 2018 - Christian Taylor USA Triple Jump Men
TWDJUTBT6y0\t59\tNA\tIAAF Continental Cup Ostrava 2018 - Caster Semenya RSA 800m Women
DoMw5UB-MXM\t39\tNA\tIAAF Continental Cup Ostrava 2018 - Dilshod Nazarov TJK Hammer Throw Men
NoDoDZMpL4A\t44\tNA\tIAAF Continental Cup Ostrava 2018 - Mostafa Elgamel EGY Hammer Throw Men
8EOsV0yoL6U\t70\tNA\tIAAF Continental Cup Ostrava 2018 - Bence Halasz HUN Hammer Throw Men
zy0gDjxKmr0\t63\tNA\tIAAF Continental Cup Ostrava 2018 - Sergey Shubenkov ANA 110M Hurdles Men
XS_mHD8-Gho\t39\tNA\tIAAF Continental Cup Ostrava 2018 - Ronald Levy JAM 110M Hurdles Men
Mej7NQCtjUU\t58\tNA\tIAAF Continental Cup Ostrava 2018 - Pascal Martinot-Lagarde FRA 110M Hurdles Men
xMH-A7CgECY\t108\tNA\tIAAF Continental Cup Ostrava 2018 - Men's Team Europe 4x400m Relay
eib9_wSZ51A\t108\tNA\tIAAF Continental Cup Ostrava 2018 - Yaime Perez CUB Discus Throw
ID6eJnKwo1s\t87\tNA\tIAAF Continental Cup Ostrava 2018 - Ruswahl Samaai RSA Long Jump
BJwlxld5XjM\t102\tNA\tIAAF Continental Cup Ostrava 2018 - Women's Team Europe 4x100m Relay
9GfWIZbfvqE\t122\tNA\tIAAF Continental Cup Ostrava 2018 - Women's Team Americas 4x100m Relay
5vOlbi68jGc\t156\tNA\tIAAF Continental Cup Ostrava 2018 - Henry Frayne AUS Long Jump
fzPjTuknmx8\t113\tNA\tIAAF Continental Cup Ostrava 2018 - Darlan Romani BRA Shot Put
B14NfaPEXYk\t108\tNA\tIAAF Continental Cup Ostrava 2018 - Amos BOT & Korir KEN 800m
Tah2-3MOySQ\t64\tNA\tIAAF Continental Cup Ostrava 2018 - Jeff Henderson USA Long Jump
8nAd4kDGPu0\t116\tNA\tIAAF Continental Cup Ostrava 2018 - Ramil Guliyev TUR 200m
Jo0UJY2T1Gs\t88\tNA\tIAAF Continental Cup Ostrava 2018 - Shelby Houlihan USA 1500m
vKAaGPjskts\t52\tNA\tIAAF Continental Cup Ostrava 2018 - Winny Chebet KEN 1500m
IPM-ddeP7Cs\t97\tNA\tIAAF Continental Cup Ostrava 2018 - Ghazal SYR & Starc AUS High Jump
Q199pLu5rhc\t144\tNA\tIAAF Continental Cup Ostrava 2018 - Caster Semenya RSA 400m
ckjPJVm64HU\t94\tNA\tIAAF Continental Cup Ostrava 2018 - Caterine Ibarguen COL Triple Jump
ZnQDSIU15-M\t67\tNA\tIAAF Continental Cup Ostrava 2018 - Donald Thomas BAH High Jump
4UpTuZKXVm0\t126\tNA\tIAAF Continental Cup Ostrava 2018 - Fernando Carro ESP 3000m Steeple
GldELMhKEbw\t42\tNA\tIAAF Continental Cup Ostrava 2018 - Salwa Eid Naser BRN 400m
kEXHuxFfdUQ\t256\tNA\tIAAF Continental Cup Ostrava 2018 - Conseslus Kipruto KEN 3000m
73zf7s2md00\t167\tNA\tIAAF Continental Cup Ostrava 2018 - Matthew Hughes CAN 3000m Steeple
X-0akjHM8AE\t148\tNA\tIAAF Continental Cup Ostrava 2018 - Copello & Warholm EUR 400m Hurdles
sN8vAdrOrLU\t73\tNA\tIAAF Continental Cup Ostrava 2018 - Abderrahman Samba QAT 400m Hurdles
0jWve342RNo\t132\tNA\tIAAF Continental Cup Ostrava 2018 - Matthew Denny AUS Discus Throw
LxcOCP22wFE\t91\tNA\tIAAF Continental Cup Ostrava 2018 - Fredrick Dacres JAM Discus Throw
E6HsAIMreE4\t60\tNA\tICC Team Captains visit Heritage Exhibition in Ostrava
VEAk8eFDPZE\t727\tNA\tInside Athletics 2018: Phyllis Francis
bK2S8WFP_X8\t162\tNA\tKatarina Johnson-Thompson: IAAF Podcast
-0S4Ts3jxQI\t2939\tNA\t3rd IAAF  World U20 Coaches conference - What happens in the Brain during Exercise?
0Iyeo5SgzGU\t2368\tNA\t3rd IAAF U20 Coaches conference - Neuronal Variability Training (legs/arms/rotation) of U20 Athletes
d9FaceTqG5k\t2427\tNA\t3rd IAAF U20 Coaches conference - How To Prevent “Drop Out” in U20 Competitive Sport (T&F)
65eSjuYN37s\t2631\tNA\t3rd IAAF U20 Coaches conference - Age/Development Related Training of U20 Athletes
8bPlqsL_6pQ\t1331\tNA\tInside Athletics 2018 : Emma Coburn
47mAHx0HG9Y\t73\tNA\t60 seconds - Sydney McLaughlin
VEyYindMQso\t511\tNA\tInside Athletics 2018 Briana Williams
Ij2Ede7fKSw\t73\tNA\t60 seconds: Filippo Tortu
uCs4N6yECCg\t98\tNA\tHeritage Collection – CONSUDATLE Donation: 1900 to 1950
kkApCK7kVUE\t542\tNA\tTour of IAAF Heritage Exhibition in Ostrava
QVuZlPqlu34\t65\tNA\tVoice of YOG: Fabiana Murer women's pole vault
gz75YPI6qiQ\t80\tNA\tThe Voice of YOG Application: Felix Sanchez Men's 400m hurdles
zSeeFzDAqzE\t730\tNA\tInside Athletics 2018 - Gabriele Grunewald
vUtpvp-GK_Q\t321\tNA\tMondo Duplantis: IAAF Podcast Interview
rt4FyNVGWhs\t1487\tNA\t3rd IAAF WU20 Coaches Conf - Media Briefing
ECiaJVLo7BY\t113\tNA\tIAAF World U20 Tampere - Men Team GBR 4x400 Metres Relay Bronze
xmrz5cWIX5g\t67\tNA\tIAAF World U20 Tampere - Men Team ITA 4x400 Metres Relay Gold
Js_REiixFP0\t55\tNA\tIAAF World U20 Tampere - Men Team USA 4x400 Metres Relay Silver
uhWKPK_b6cA\t41\tNA\tIAAF World U20 Tampere - Davisleydi Velazco CUB Triple Jump Bronze
ZcvPug96sTQ\t106\tNA\tIAAF World U20 Tampere - Karyna Taranda BEL High Jump Gold
dDSmp5StxTA\t28\tNA\tIAAF World U20 Tampere - Mirieli Santos BRA Triple Jump Silver
TVhrhYiYyuo\t47\tNA\tIAAF World U20 Tampere - Aleksandra Nacheva BUL Triple Jump Gold
CcIa5ZnrmN4\t46\tNA\tIAAF World U20 Tampere - Sommer Lecky IRL High Jump Silver
HHtoG3EMl88\t38\tNA\tIAAF World U20 Tampere - Maria Fernanda Murillo COL High Jump Bronze
Hj7FzoSB0JM\t64\tNA\tIAAF World U20 Tampere - Eva Pepelnak SLO Triple Jump
KHSdFSMFamo\t68\tNA\tIAAF World U20 Tampere - Shelby Tyler USA High Jump
t_r8lAAmbC4\t83\tNA\tIAAF World U20 Tampere - Women Team USA 4x400 Metre Relay Gold
YMe2ruyAWrw\t83\tNA\tIAAF World U20 Tampere - Women Team JAM 4x400 Metre Relay Bronze
pkJAs_7YqWk\t80\tNA\tIAAF World U20 Tampere - Women Team AUS 4x400 Metre Relay Silver
Yt0UxU2t0n8\t44\tNA\tIAAF World U20 Tampere - Claudio Romero CHI Discus Bronze
eMXZCvXMuL0\t111\tNA\tIAAF World U20 Tampere - Kai Chang JAM Discus Gold
sAGP5Iwh66w\t81\tNA\tIAAF World U20 Tampere - Yauheni Bahutski BLR Discus Silver
jtAnoVPbGqo\t77\tNA\tIAAF World U20 Tampere - Oussama Cherrad ALG 800 Metres Bronze
ELBNZoePsXU\t153\tNA\tIAAF World U20 Tampere - Markhim Lonsdale GBR 800 Metres Final
3p8nZoOcEf4\t78\tNA\tIAAF World U20 Tampere - Solomon Lekuta KEN 800 Metres Gold
GSlwTz3u6_w\t74\tNA\tIAAF World U20 Tampere - Alex Botterill GBR 800 Metres Final
YfunUueCf7E\t94\tNA\tIAAF World U20 Tampere - Alemaz Samuel ETH 1500 Metres Gold
msIv2sIN3O8\t76\tNA\tIAAF World U20 Tampere - Erin Wallace GBR 1500 Metres Final
P1bEr15NeBk\t43\tNA\tIAAF World U20 Tampere - Miriam Cherop KEN 1500 Metres Silver
_wkQNO8DFAs\t104\tNA\tIAAF World U20 Tampere - Delia Sclabas SUI 1500 Metres Bronze
neMMwX3iQZc\t127\tNA\tIAAF World U20 Tampere - Getnet Wale ETH 3000M Steeple Bronze
IAwP6G4zokg\t74\tNA\tIAAF World U20 Tampere - Takele Nigate ETH 3000M Steeple Gold
4dYHMGlLhw8\t71\tNA\tIAAF World U20 Tampere - Leonard Bett KEN 3000M Steeple Silver
DK9l-IdjI9c\t31\tNA\tIAAF World U20 Tampere - Giovanni Gatto ITA 3000M Steeple Final
iBvu6WwV21E\t58\tNA\tIAAF World U20 Tampere - Britany Anderson JAM 100M Hurdles Silver
n8Uvgx4D3dM\t65\tNA\tIAAF World U20 Tampere - Tia Jones USA 100M Hurdles Gold
KvtqYnKX_c8\t46\tNA\tIAAF World U20 Tampere - Cyrena Samba-Mayela FRA 100M Hurdles Final
Y91RM_H9Be4\t120\tNA\tIAAF World U20 Tampere - Armand Duplantis SWE Pole Vault Gold
rOf248thD1c\t81\tNA\tIAAF World U20 Tampere - Jonathan Seremes FRA Triple Jump Bronze
zD_a1uGVYdk\t104\tNA\tIAAF World U20 Tampere - Jordan Diaz CUB Triple Jump Gold
khvpouxUUOc\t64\tNA\tIAAF World U20 Tampere - Zachery Bradford USA Pole Vault Silver
IHafTUoNxOY\t81\tNA\tIAAF World U20 Tampere - Martin Lamou FRA Triple Jump Silver
af9lvhwioPM\t146\tNA\tIAAF World U20 Tampere - Men Team GER 4x100 Metres Relay Bronze
ersAFk3H35Y\t100\tNA\tIAAF World U20 Tampere - Nash Lowis AUS Javelin Throw Gold
nZdsrsqOXJ0\t114\tNA\tIAAF World U20 Tampere - Tzuriel Pedigo USA Javelin Throw Silver
hsSY7ley4GY\t38\tNA\tIAAF World U20 Tampere - Masaki Ejima JAP Pole Vault Bronze
JmLBSRbdoNM\t44\tNA\tIAAF World U20 Tampere - Maurice Voigt GER Javelin Throw Bronze
Y3yJa2PI3BU\t112\tNA\tIAAF World U20 Tampere - Women Team GBR 4x100 Metres Relay Bronze
vPcDGus4Ze8\t75\tNA\tIAAF World U20 Tampere - Women Team GER 4x100 Metres Relay Gold
eQblnDjUals\t98\tNA\tIAAF World U20 Tampere - Women Team IRL 4x100 Metres Relay Silver
J8HV8aU_SG8\t68\tNA\tIAAF World U20 Tampere - Women Team FRA 4x100 Metres Relay Final
ykztNE9QIZ0\t42\tNA\tIAAF World U20 Tampere - Women Team AUS 4x100 Metres Relay Final
LNFHRtLLtf4\t84\tNA\tIAAF World U20 Tampere - Sokwakhana Zazini RSA 400M Hurdles Gold
kLy5dcuXxFs\t67\tNA\tIAAF World U20 Tampere - Bassem Hemeida QAT 400M Hurdles Silver
QKNA6Nc4_AE\t41\tNA\tIAAF World U20 Tampere - Alison Dos Santos BRA 400M Hurdles Bronze
8XvUTt9FqYY\t43\tNA\tIAAF World U20 Tampere - Alastair Chalmers GBR 400M Hurdles Final
RPr0CsnRVro\t100\tNA\tIAAF World U20 Tampere - Edward Zakayo Pingua KEN 5000 Metres Gold
kbWI6JigpFE\t60\tNA\tIAAF World U20 Tampere - Jakob Ingebrigtsen NOR 5000 Metres Bronze
Vkij6iXrBfM\t87\tNA\tIAAF World U20 Tampere - Stanley Waithaka Mburu KEN 5000 Metres Silver
lhRhyHeG1VM\t84\tNA\tIAAF World U20 Tampere - Cooper Teare USA 5000 Metres Final
ux9qFKZkjUk\t72\tNA\tIAAF World U20 Tampere - Briana Williams JAM 200 Metres Gold
3oB6iNCMjUU\t66\tNA\tIAAF World U20 Tampere - Lauren Rain Williams USA 200 Metres Silver
_9IXzNlb_00\t24\tNA\tIAAF World U20 Tampere - Martyna Kotwila POL 200 Metres Bronze
heKdKPvMjPM\t122\tNA\tIAAF World U20 Tampere - Markhim Lonsdale GBR 800 Metres Heat 2
rRlKSUCoKts\t83\tNA\tIAAF World U20 Tampere - Camryn Rogers CAN Hammer Throw Gold
0CRC9GFuU44\t45\tNA\tIAAF World U20 Tampere - Eliott Crestan BEL 800 Metres Heat 2
BA-OLxNK0UE\t53\tNA\tIAAF World U20 Tampere - Alyssa Wilson USA Hammer Throw Silver
EtdaLZCTVWE\t71\tNA\tIAAF World U20 Tampere - Alex Botterill GBR 800 Metres Heat 1
8o5ahj8DWz4\t53\tNA\tIAAF World U20 Tampere - Yaritza Martinez CUB Hammer Throw Bronze
E_FFx7vwBBs\t53\tNA\tIAAF World U20 Tampere - Britany Anderson JAM 100M Hurdles Heat 3
h53QPo-Y1go\t44\tNA\tIAAF World U20 Tampere - Sevval Ayaz TUR 100M Hurdles Heat 3
M0bV2TPho7s\t33\tNA\tIAAF World U20 Tampere - Tia Jones USA 100M Hurdles Heat 2
XHhe89JYTlc\t42\tNA\tIAAF World U20 Tampere - Cyrena Samba-Mayela FRA 100M Hurdles Heat 2
0FJ6fIWBPi8\t39\tNA\tIAAF World U20 Tampere - Cortney Jones 100M Hurdles Heat 1
r172p0pMrLc\t23\tNA\tIAAF World U20 Tampere - Sacha Alessandrini FRA 100M Hurdles Heat 1
2jvBD3rVTss\t59\tNA\tIAAF World U20 Tampere - JuVaughn Blake USA High Jump Joint-Bronze
TI8qOLX-kPw\t60\tNA\tIAAF World U20 Tampere - Breyton Poole RSA High Jump Joint-Bronze
k3vxWlq5L4Q\t84\tNA\tIAAF World U20 Tampere - Antonios Merlos GRE High Jump Joint-Gold
e0MTuSFmwVc\t59\tNA\tIAAF World U20 Tampere - Roberto Vilches MEX High Jump Joint-Gold
4oOKXumM0NQ\t74\tNA\tIAAF World U20 Tampere - Men Team USA 4x400 Metres Relay Heat 3
9K2xMBwJnr8\t60\tNA\tIAAF World U20 Tampere - Men Team FRA 4x400 Metres Relay Heat 3
Yf0KM5gRTK8\t65\tNA\tIAAF World U20 Tampere - Luca Meinke GER High Jump Final
n5wyHiB-Tq4\t117\tNA\tIAAF World U20 Tampere - Men Team AUS 4x400 Metres Relay Heat 2
SJBsuZ0Sdvs\t70\tNA\tIAAF World U20 Tampere - Men Team ITA 4x400 Metres Relay Heat 2
dy-DB_BqFdE\t73\tNA\tIAAF World U20 Tampere - Men Team GER 4x400 Metres Relay Heat 2
b4xMuj7_Lug\t75\tNA\tIAAF World U20 Tampere - Men Team JAM 4x400 Metres Relay Heat 1
1CA4zlRJ4jo\t99\tNA\tIAAF World U20 Tampere - Men Team GBR 4x400 Metres Relay Heat 1
Wkr0ZLZhFsM\t59\tNA\tIAAF World U20 Tampere - Women Team USA 4x400 Metres Relay Heat 3
GyNz0LRXodw\t53\tNA\tIAAF World U20 Tampere - Women Team DOM 4x400 Metres Relay Heat 3
1-ij4POnpi0\t89\tNA\tIAAF World U20 Tampere - Women Team CAN 4x400 Metres Relay Heat 2
ddp0mh8E51o\t147\tNA\tIAAF World U20 Tampere - Yao Zhang CHN 10,000M Race Walk Gold
bZ5MS-_mWp8\t36\tNA\tIAAF World U20 Tampere - David Hurtado ECU 10,000M Race Walk Silver
z1xJ8sukTqU\t115\tNA\tIAAF World U20 Tampere - Kyle Swan AUS 10,000M Race Walk
JSJLqPZfiD0\t51\tNA\tIAAF World U20 Tampere - Tim Ader GER Discus Throw Group B
3Rp63GQ2AfI\t68\tNA\tIAAF World U20 Tampere - Declan Tingay AUS 10,000M Race Walk
EwoCg1_9Igk\t33\tNA\tIAAF World U20 Tampere - Ada Koistinen FIN Triple Jump Group B
pZjyhjmkWPg\t35\tNA\tIAAF World U20 Tampere - Glenda Morejon ECU 10,000M Race Walk Bronze
Ikj1ujZcBvg\t24\tNA\tIAAF World U20 Tampere - Alegna Gonzalez 10,000M Race Walk Gold
HEvl7CD8AWc\t71\tNA\tIAAF World U20 Tampere - Meryem Bekmez TUR 10,000M Race Walk Silver
9ra_iEFdvEc\t41\tNA\tIAAF World U20 Tampere - Kai Chang JAM Discus Throw Group A
0471vCSkJFQ\t98\tNA\tIAAF World Under 20 Tampere -  Jona Efoloko GBR 200 Metres Gold
HKWhXZA2zAc\t116\tNA\tIAAF World Under 20 Tampere -  Eric Harrison USA 200 Metres Bronze
46T8mMCSetk\t75\tNA\tIAAF World Under 20 Tampere -  Charles Dobson GBR 200 Metres Silver
qG6AFgJkJ8c\t38\tNA\tIAAF World Under 20 Tampere -  Lea-Jasmin Riecke GER Long Jump Gold
bjfKmglFFTQ\t118\tNA\tIAAF World Under 20 Tampere -  Ayaka Kora JAP Long Jump Silver
vDVUbVlk8-c\t53\tNA\tIAAF World Under 20 Tampere -  Celliphine Chespol KEN 3000M Gold
rIiX0T3EGrU\t80\tNA\tIAAF World Under 20 Tampere -  Winfred Mutile Yavi AUS 3000m Bronze
FImVuQ46TEo\t53\tNA\tIAAF World Under 20 Tampere -  Peruth Chemutai UGA 3000M Silver
-2QmvMSSFWY\t25\tNA\tIAAF World Under 20 Tampere -  Brielle Erbacher AUS 3000m Steeplechase
LnfQHuNwWtY\t78\tNA\tIAAF World Under 20 Tampere - Jonathan Sacoor BEL 400 Metres Gold
3t0cNrjoc6Q\t49\tNA\tIAAF World Under 20 Tampere - Christopher Taylor JAM 400 Metres Silver
wjRX1t1aKyo\t71\tNA\tIAAF World Under 20 Tampere - Chantz Sawyers JAM 400 Metres Bronze
knS4A8P7vsk\t72\tNA\tIAAF World Under 20 Tampere - Zeney Van Der Walt RSA 400M Hurdles Gold
uQlY6DfKWtM\t75\tNA\tIAAF World Under 20 Tampere - Shiann Salmon JAM 400M Hurdles Silver
b9AE2huYlrg\t66\tNA\tIAAF World Under 20 Tampere - Yasmin Giger SUI 400M Hurdles Bronze
0XdEPbfbtbk\t40\tNA\tIAAF World Under 20 Tampere - Bassem Hemeida QAT 400M Hurdles Heat 1
jvA_FLG2chU\t34\tNA\tIAAF World Under 20 Tampere - Briana Williams JAM 200 Metres Heat 3
s2sRx2DtPoo\t38\tNA\tIAAF World Under 20 Tampere - Jayla Kirkland USA 200 Metres Heat 3
66onvZpKf2Y\t44\tNA\tIAAF World Under 20 Tampere - Malik James-King JAM 400M Hurdles Heat 2
dH0oceTQWc4\t44\tNA\tIAAF World Under 20 Tampere - Alex Knibbs GBR 400M Hurdles Heat 2
QlSUSJy8ReE\t23\tNA\tIAAF World Under 20 Tampere - Alison Dos Santos BRA 400M Hurdles 01
x25mRJMYIZY\t27\tNA\tIAAF World Under 20 Tampere - Lauren Rain Williams USA 200M Women 02
pOzshNoxvbA\t54\tNA\tIAAF World Under 20 Tampere - Polina Miller ANA 200M Women Heat 01
UQxFqhhU4dE\t33\tNA\tIAAF World Under 20 Tampere - Corinna Schwab GER 200M Women Heat 01
acqseV7-7SQ\t41\tNA\tIAAF World Under 20 Tampere - Alisha Rees GBR 200 Metres Women Heat 01
wiI-BMXBLBM\t83\tNA\tIAAF World Under 20 Tampere - Alastair Chalmers GBR 400 Hurdles 03
XNXGLqqK84M\t54\tNA\tIAAF World Under 20 Tampere - Leonardo Ledgister JAM 400 Hurdles 03
pS4gkLYE-ZA\t73\tNA\tIAAF World Under 20 Tampere - Sokwakhana Zazini RSA 400 Hurdles 03
c0Zx-DzhmSI\t126\tNA\tIAAF World Under 20 Tampere - Niamh Emerson GBR Heptathlon Women Gold
gfth5EDcfVs\t93\tNA\tIAAF World Under 20 Tampere - Sarah Lagger AUS Heptathlon Women Silver
Z7--wQIWj1U\t90\tNA\tIAAF World Under 20 Tampere - JPN 4X100 Metres Relay Men Heat 03
yr7_kZp7QIc\t30\tNA\tIAAF World Under 20 Tampere - Adriana Rodriguez CUB Heptathlon Heat 03
tF5u2IMCInk\t74\tNA\tIAAF World Under 20 Tampere - Jake Norris GBR Hammer Throw Men Gold
I7OY8BFD06Q\t74\tNA\tIAAF World Under 20 Tampere - Mykhaylo Kokhan UKR Hammer Men Silver
EqtWIwVY5Zg\t72\tNA\tIAAF World Under 20 Tampere - Mykhaylo Havryliuk UKR Hammer Men Bronze
l7DkXogbHQQ\t59\tNA\tIAAF World Under 20 Tampere - USA 4X100 Metres Relay Men Heat 03
rOw1cwXLMEY\t100\tNA\tIAAF World Under 20 - Tampere GER 4X100 Metres Relay Men Heat 02
iTadGArW9h4\t47\tNA\tIAAF World Under 20 - Tampere JAM 4X100 Metres Relay Men Heat 02
eGrdOpTflsQ\t61\tNA\tIAAF World Under 20 - Tampere ITA 4X100 Metres Relay Men Heat 01
kuvgU6nLo2s\t103\tNA\tIAAF World Under 20 - Tampere GBR 4X100 Metres Relay Men Heat 01
P0KwRi1v7Qc\t96\tNA\tIAAF World Under 20 - Tampere IRL 4X100 Metres Relay Women Heat 02
B61BNDsOd8E\t28\tNA\tIAAF World Under 20 - Tampere FRA 4X100 Metres Relay Women Heat 02
p1UmGRSa6E0\t29\tNA\tIAAF World Under 20 - Tampere ITA 4X100 Metres Relay Women Heat 02
XuI7XiliGnE\t55\tNA\tIAAF World U20 Tampere – Abby Ward GBR High Jump Qualification
o_CvodVNcjw\t58\tNA\tIAAF World U20 Tampere – Sarah Lagger AUT Heptathlon Women
ElnHpGLnMx0\t50\tNA\tIAAF World U20 Tampere – Niamh Emerson GBR Heptathlon Women
ar8s6HFAPWo\t54\tNA\tIAAF World U20 Tampere – Ciara Neville IRL 200 Metres Heat 4
PZ5KeVt6hzo\t38\tNA\tIAAF World U20 Tampere – Lauren Rain Williams USA 200 Metres Heat 4
Nc7yDlbxe68\t41\tNA\tIAAF World U20 Tampere – Briana Williams JAM 200 Metres Heat 3
ICF8PyjeF1E\t44\tNA\tIAAF World U20 Tampere – Corinna Schwab GER 200 Metres Heat 3
0n85JLvlrF0\t74\tNA\tIAAF World U20 Tampere – Alisha Rees GBR 200 Metres Heat 2
5XLpB2_sbsc\t49\tNA\tIAAF World U20 Tampere – Ashlan Best CAN 200 Metres Heat 2
IBN4kiiRCGM\t36\tNA\tIAAF World U20 Tampere – Jayla Kirkland USA 200 Metres Heat 1
EOO8mor1qZU\t28\tNA\tIAAF World U20 Tampere – Sara Francis FIN 200 Metres Heat 1
PeJUsvY3E0k\t44\tNA\tIAAF World U20 Tampere – Iantha Wright TTO 200 Metres Heat 1
oxKBkI3zpuI\t44\tNA\tIAAF World U20 Tampere – Iantha Wright TTO 200 Metres Heat 1
vn1JJbaCU8c\t46\tNA\tIAAF World U20 Tampere – Delia Sclabas SUI 1500 Metres Heat 2
R7gSJxTXC2I\t47\tNA\tIAAF World U20 Tampere – Katrina Robinson NZL 1500 Metres Heat 2
5W7euu-BJTc\t45\tNA\tIAAF World U20 Tampere – Miriam Cherop KEN 1500 Metres Heat 1
l56LOCwuI6U\t68\tNA\tIAAF World U20 Tampere – Erin Wallace GBR 1500 Metres Heat 1
xR_A1u79et8\t67\tNA\tIAAF World U20 Tampere – Nash Lowis AUS Javelin Throw Qualification
P4J7-oYWMHU\t50\tNA\tIAAF World U20 Tampere – Anro Van Eeden RSA Javelin Throw Qualification
wjejxt6CLJs\t131\tNA\tIAAF World U20 Tampere – Markhim Lonsdale GBR 800 Metres Heat 3
SwKCgqLLmok\t90\tNA\tIAAF World U20 Tampere – Rey Rivera USA 800 Metres Heat 4
sAgdVd2Uvyw\t80\tNA\tIAAF World U20 Tampere – Marino Bloudek CRO 800 Metres Heat 3
1qrd21lilzU\t43\tNA\tIAAF World U20 Tampere – Alex Botterill GBR 800 Metres Heat 2
OLgXvE04H-A\t43\tNA\tIAAF World U20 Tampere – Simone Barontini ITA 800 Metres Heat 2
lu-deQ7dzQU\t45\tNA\tIAAF World U20 Tampere – Eliott Crestan BEL 800 Metres Heat 1
iZLlc6P6Zh0\t35\tNA\tIAAF World U20 Tampere – Josh HOEY USA 800 Metres Heat 1
zbuoEdbR8U8\t50\tNA\tIAAF World U20 Tampere – Sven Cepus CRO 800 Metres Heat 1
MDv97Z6WGT4\t797\tNA\tIAAF World U20 Tampere – Lateisha Willis AUS 100M Hurdles Heat 6
5sab3vgwtag\t38\tNA\tIAAF World U20 Tampere – Tia Jones USA 100M Hurdles Heat 6
56oX1n9B3_E\t72\tNA\tIAAF World U20 Tampere – Cyréna Samba-Mayela FRA 100M Hurdles Heat 5
dz8frTygZeY\t31\tNA\tIAAF World U20 Tampere – evval Ayaz TUR 100M Hurdles Heat 5
QqrrqFoK7ZE\t52\tNA\tIAAF World U20 Tampere – Nika Glojnaric SLO 100M Hurdles Heat 4
UP88deD7sso\t60\tNA\tIAAF World U20 Tampere – Teemu Narvi FIN Javelin Throw Qualification
DlFyXdPUIlw\t64\tNA\tIAAF World U20 Tampere – Amoi Brown JAM 100M Hurdles Heat 3
pb6b_1e7puE\t36\tNA\tIAAF World U20 Tampere – Micaela De Mello BRA 100M Hurdles Heat 3
jNwCYD-VlnY\t53\tNA\tIAAF World U20 Tampere – Britany Anderson JAM 100M Hurdles Heat 2
dWVGyJQnDuI\t68\tNA\tIAAF World U20 Tampere – Kendra Leger CAN 100M Hurdles Heat 2
Zf8KryYdzlU\t43\tNA\tIAAF World U20 Tampere – Cortney Jones USA 100M Hurdles Heat 1
Y5WP9oUryVg\t18\tNA\tIAAF World U20 Tampere – Jiaru Yu CHN 100M Hurdles Heat 1
PSd4mvylfos\t76\tNA\tIAAF World U20 Tampere - Briana Williams JAM 100 Metres Gold
t7gkCNganBY\t39\tNA\tIAAF World U20 Tampere - Kristal Awuah GBR 100 Metres Bronze
V1_gcpBGAVE\t69\tNA\tIAAF World U20 Tampere - Twanisha Terry USA 100 Metres Silver
dJrQWHU4vRI\t73\tNA\tIAAF World U20 Tampere - Orlando Bennett JAM 110M Hurdles Silver
skTuYKqM7is\t70\tNA\tIAAF World U20 Tampere - Damion Thomas JAM 110M Hurdles Gold
HTD_Kz1zpjk\t83\tNA\tIAAF World U20 Tampere - Shunsuke Izumiya JPN 110M Hurdles Bronze
pLce09qbTCs\t59\tNA\tIAAF World U20 Tampere - Carley Thomas AUS 800 Metres Silver
VqmFx4ipT-0\t45\tNA\tIAAF World U20 Tampere - Diribe Welteji ETH 800 Metres Gold
NsutqJjmSjU\t62\tNA\tIAAF World U20 Tampere - Delia Sclabas SUI 800 Metres Bronze
nNMSFp20oWw\t51\tNA\tIAAF World U20 Tampere - Alexandra Emilianov MDA Discus Throw Gold
vZEOnc8fSCw\t85\tNA\tIAAF World U20 Tampere - Helena Leveelahti FIN Discus Throw Silver
z7wBqoHm7-k\t81\tNA\tIAAF World U20 Tampere - Silinda Oneisi Morales CUB Discus Throw Bronze
fKOu2OgD_18\t53\tNA\tIAAF World U20 Tampere - George Meitamei Manangoi KEN 1500 Metres Gold
SZuCgFW9nbo\t162\tNA\tIAAF World U20 Tampere - Lisa Gunnarsson SWE Pole Vault Silver
CQ6B8lbmh-M\t49\tNA\tIAAF World U20 Tampere - Justus Soget KEN 1500 Metres Bronze
68CDikMe8U8\t84\tNA\tIAAF World U20 Tampere - Alice Moindrot FRA Pole Vault Bronze
cf0P7KbwidA\t88\tNA\tIAAF World U20 Tampere - Jakob Ingebrigtsen NOR 1500 Metres Silver
7SiQFXRCO9U\t62\tNA\tHima Das' 400m Gold Medal Interview | IAAF World U20 Championships Tampere 2018
QWekn4vNxtM\t72\tNA\tIAAF World U20 Tampere - Taylor Manson USA 400 Metres Bronze
h-3KMxVQsgU\t78\tNA\tIAAF World U20 Tampere - Andrea Miklos ROU 400 Metres Silver
T3_XT5LuMoY\t33\tNA\tIAAF World U20 Tampere - Christopher Taylor JAM 400 Metres Heat 3
waItWBTN4zE\t44\tNA\tIAAF World U20 Tampere - Khamal Stewart-Baynes CAN 400 Metres Heat 3
GUZGtfpv6g8\t68\tNA\tIAAF World U20 Tampere - Edoardo Scotti ITA 400 Metres Heat 2
4tiMOLVsNzM\t71\tNA\tIAAF World U20 Tampere - Jonathan Jones BAR 400 Metres Heat 2
g0qx5V-2M_0\t88\tNA\tIAAF World U20 Tampere - Jonathan Sacoor BEL 400 Metres Heat 1
JPeJM7HqDXM\t42\tNA\tIAAF World U20 Tampere - Chantz Sawyers JAM 400 Metres Heat 1
mz61VEDmn_M\t86\tNA\tIAAF World U20 Tampere - Niamh Emerson GBR Heptathlon Heat 4
OgG09uicX_0\t53\tNA\tIAAF World U20 Tampere - Sarah Lagger AUT Heptathlon Heat 3
5DvIhRjIqJE\t69\tNA\tIAAF World U20 Tampere - Emma Zapletalova SVK 400M Hurdles Heat 3
Ts3BH3RYdr4\t68\tNA\tIAAF World U20 Tampere - Shiann Salmon JAM 400M Hurdles Heat 2
jFHk3chEaQM\t55\tNA\tIAAF World U20 Tampere - Zeney van der Walt RSA 400M Hurdles Heat 1
7qzIUI-aAjY\t42\tNA\tIAAF World U20 Tampere - Yasmin Giger 400M Hurdles Heat 2
kr6cvhgMr1Q\t53\tNA\tIAAF World U20 Tampere - Eric Harrison USA 200 Metres Heat 3
OF7pf5aJlE8\t66\tNA\tIAAF World U20 Tampere - Sara Gallego ESP 400M Hurdles Heat 1
6M9aFmSKfFc\t70\tNA\tIAAF World U20 Tampere - Jona Efoloko 200 Metres Heat 3
RfaH9byoz_8\t27\tNA\tIAAF World U20 Tampere - Khance Meyers USA 200 Metres Heat 2
EkKlGGDnyeA\t43\tNA\tIAAF World U20 Tampere - Pol Retamal ESP 200 Metres Heat 2
PlncJmcJLrM\t67\tNA\tIAAF World U20 Tampere - Charles Dobson GBR 200 Metres Heat 1
rZzo6EQeU4A\t50\tNA\tIAAF World U20 Tampere - Zane Branco AUS 200 Metres Heat 1
VINwMMbr3BU\t29\tNA\tIAAF World U20 Tampere - Daija Lampkin USA 100 Metres Heat 3
67mQYaDdJLw\t43\tNA\tIAAF World U20 Tampere - Gina Akpe-Moses IRL 100 Metres Heat 1
4ILFNNfioRk\t55\tNA\tIAAF World U20 Tampere - Twanisha Terry USA 100 Metres Heat 1
pEJSfleW_0I\t40\tNA\tIAAF World U20 Tampere - Keshia Beverly Kwadwo GER 100 Metres Heat 1
CBeO9XLOgaQ\t29\tNA\tIAAF World U20 Tampere - Kristal Awuah GBR 100 Metres Heat 3
5z6-jFAYCd8\t37\tNA\tIAAF World U20 Tampere - Briana Williams JAM 100 Metres Heat 2
Tj_O-dR_lvI\t64\tNA\tIAAF World U20 Tampere – Henrik Larsson SWE 200 Metres Heat 5
3JH6dFqSwRc\t42\tNA\tIAAF World U20 Tampere – Onyema Adigida NED 200 Metres Heat 5
BV1khDzAYVM\t72\tNA\tIAAF World U20 Tampere – Charles Dobson GBR 200 Metres Heat 4
DEDoaACBpvI\t33\tNA\tIAAF World U20 Tampere – Kasper Kadestal SWE 200 Metres Heat 4
XFTDI0z_IbM\t60\tNA\tIAAF World U20 Tampere – Zane Branco AUS 200 Metres Heat 3
GwgydusWH9Q\t52\tNA\tIAAF World U20 Tampere – Jona Efoloko GBR 200 Metres Heat 3
n7xVTTkKZuo\t44\tNA\tIAAF World U20 Tampere – Milo Skupin-Alfa GER 200 Metres Heat 3
DQF3_sy3Usw\t54\tNA\tIAAF World U20 Tampere – Eric Harrison USA 200 Metres Heat 2
_NABv4JsdEY\t55\tNA\tIAAF World U20 Tampere – Tara Davis USA Long Jump Qualification
qJx8rNxpjKs\t41\tNA\tIAAF World U20 Tampere – Malik James-King JAM 400M Hurdles Heat 6
f2hU3i0v5s4\t57\tNA\tIAAF World U20 Tampere – Khance Meyers USA 200 Metres Heat 1
PhnkQ2ndeU0\t17\tNA\tIAAF World U20 Tampere – Lorenzo Patta ITA 200 Metres Heat 2
Hq4dsDE1ROY\t41\tNA\tIAAF World U20 Tampere – Koki Ueyama JPN 200 Metres Heat 1
bIz9X0TVVmE\t39\tNA\tIAAF World U20 Tampere – Paul Tritenne FRA 200 Metres Heat 1
5XX4c6quzhE\t35\tNA\tIAAF World U20 Tampere – Yusuke Shirao JPN 400M Hurdles Heat 5
PDEZPwqJ5JA\t33\tNA\tIAAF World U20 Tampere – Alex Knibbs GBR 400M Hurdles Heat 5
ygTAZPaoi94\t40\tNA\tIAAF World U20 Tampere – Sokwakhana Zazini RSA 400M Hurdles Heat 5
z1urV_Q6Y28\t36\tNA\tIAAF World U20 Tampere – Carl Bengtstrom SWE 400M Hurdles Heat 4
nq3eyq092kU\t20\tNA\tIAAF World U20 Tampere – Alison Dos Santos BRA 400M Hurdles Heat 4
v21AhljV248\t67\tNA\tIAAF World U20 Tampere – Leonardo Ledgister JAM 400M Hurdles Heat 3
D5LIz_G4FU0\t31\tNA\tIAAF World U20 Tampere – Rasheeme Griffith BAR 400M Hurdles Heat 3
M6KaLLWEJew\t43\tNA\tIAAF World U20 Tampere – Quivell Jordan USA 400M Hurdles Heat 3
1EbLY2ZllP8\t59\tNA\tIAAF World U20 Tampere – Alastair Chalmers GBR 400M Hurdles Heat 2
ay0ldGwFHeo\t23\tNA\tIAAF World U20 Tampere – Julien Bonvin SUI 400M Hurdles Heat 2
iTiiTyx25QU\t41\tNA\tIAAF World U20 Tampere – Alessandro Sibilio ITA 400M Hurdles Heat 2
4rpzCAPARbY\t35\tNA\tIAAF World U20 Tampere – Jennifer Quick SWE Hammer Throw Qualification
23uW173lVlw\t41\tNA\tIAAF World U20 Tampere – Aziz Jdai TUN 3000M Steeplechase Heat 1
tbFqgqf3ntU\t55\tNA\tIAAF World U20 Tampere – Branson Rolle BAH 400 Metres Hurdles Heat 1
BZJ80JnEf8g\t138\tNA\tLalu Muhammed Zohri's 100m Gold Medal Interview | IAAF World U20 Championships Tampere 2018
-Vatr3ghXuA\t128\tNA\tIAAF World Under 20 Tampere - Eric Harrison USA 100 Metres Bronze
ad4UUEYMU3A\t72\tNA\tIAAF World Under 20 Tampere - Anthony Schwartz USA 100 Metres Silver
35LyBz6B3ww\t80\tNA\tIAAF World Under 20 Tampere - Alina Shukh UKR Javelin Throw Gold
dxzpKKL0kHw\t76\tNA\tIAAF World Under 20 Tampere - Tomoka Kuwazoe JPN Javelin Throw Silver
Ub_-sEfjBqU\t117\tNA\tIAAF World Under 20 Tampere - Gary Haasbroek AUS Decathlon Silver
KQi6oIgXi7U\t86\tNA\tIAAF World Under 20 Tampere - Simon Ehammer SUI Decathlon Bronze
II_WYfINhI4\t74\tNA\tIAAF World Under 20 Tampere - Kyle Garland USA Decathlon
5DqwtOQMQrA\t34\tNA\tIAAF World Under 20 Tampere - Maikel Y. Vidal JPN Long Jump Silver
BAIBXL1pY8g\t108\tNA\tIAAF World Under 20 Tampere - Nozomi Tanaka JPN 3000 Metres Gold
H0ejmUSMGXE\t32\tNA\tIAAF World Under 20 Tampere - Yuki Hashioka JPN Long Jump Gold
f604KY7Cz24\t71\tNA\tIAAF World Under 20 Tampere - Wayne Pinnock JAM Long Jump Bronze
F2MpnCsyRgc\t48\tNA\tIAAF World Under 20 Tampere - Yuna Wada JPN 3000 Metres
_gte6TEoKlk\t66\tNA\tIAAF World Under 20 Tampere - Rayvon Allen USA Long Jump
SAihOF1wqt4\t33\tNA\tIAAF World Under 20 Tampere - JuVaughn Blake USA Long Jump
1iOcn9j5B8U\t44\tNA\tIAAF World Under 20 Tampere - Ella Connolly AUS 400 Metres Heat 3
M0nXWSVgHms\t62\tNA\tIAAF World Under 20 Tampere - Armand Duplantis SWE Pole Vault Group A
aJEQfQS8TAc\t59\tNA\tIAAF World Under 20 Tampere - Taylor Manson USA 400 Metres Heat 2
tBLpUemd1Vk\t52\tNA\tIAAF World Under 20 Tampere - Ashlan Best CAN 400 Metres Heat 2
GWdg4y05_TM\t48\tNA\tIAAF World Under 20 Tampere - Hima Das IND 400 Metres Heat 1
Mi1rR99zMSI\t59\tNA\tIAAF World Under 20 Tampere - Andrea Miklos ROU 400 Metres Heat 1
qZHKL_SVzmQ\t64\tNA\tIAAF World Under 20 Tampere - Eric Harrison USA 100 Metres Heat 3
jzxWBB_eI28\t55\tNA\tIAAF World Under 20 Tampere - Thembo Monareng USA 100 Metres Heat 3
gUaSsmCuEBk\t64\tNA\tIAAF World Under 20 Tampere - Henrik Larsson SWE 100 Metres Heat 2
T-6mqxLRCx8\t45\tNA\tIAAF World Under 20 Tampere - Dominic Ashwell GBR 100 Metres Heat 2
vVjcTPGTcXo\t130\tNA\tIAAF World Under 20 Tampere - Jorinde Van Klinken NED Shot Put Bronze
AvYkrXKIGo0\t120\tNA\tIAAF World Under 20 Tampere - Linru Zhang CHN Shot Put Silver
qjvv_pP24Ws\t64\tNA\tIAAF World Under 20 Tampere - Madison-Lee Wesche NZL Shot Put Gold
AIFcAo1f8fY\t66\tNA\tIAAF World Under 20 Tampere - Selina Dantzler GER Shot Put
kHpZQ54iyu4\t59\tNA\tIAAF World Under 20 - Tampere - Gabriela Gajanova SVK 800 Metres Heat 3
ujmE8SIsT0I\t80\tNA\tIAAF World Under 20 - Tampere - Katy-Ann McDonald GBR 800 Metres Heat 2
JDkReuTie2c\t57\tNA\tIAAF World Under 20 - Tampere - Delia Sclabas SUI 800 Metres Heat 1
DHYtaFusPKM\t75\tNA\tIAAF World Under 20 - Tampere - Jason Nicholson GBR 100M Hurdles Heat 3
yL2r8Tcodxg\t40\tNA\tIAAF World Under 20 - Tampere - Damion Thomas JAM 110M Hurdles Heat 3
GsypQu94clQ\t58\tNA\tIAAF World Under 20 - Tampere - Michael Obasuyi BEL 110M Hurdles Heat 2
pKxUlBYCO5M\t44\tNA\tIAAF World Under 20 - Tampere - Orlando Bennett JAM 110M Hurdles Heat 2
LdzbL_dZ-YY\t53\tNA\tIAAF World Under 20 - Tampere - Anastas Eliopoulos CAN 110M Hurdles Heat 1
3cseytQ7kZc\t46\tNA\tIAAF World Under 20 - Tampere - Cory Poole USA 110M Hurdles Heat 1
RnNsp0d2rGI\t80\tNA\tIAAF World U20 Tampere – Gina Akpe-Moses IRL 100M Heat 5
GZhpcpEKgDY\t68\tNA\tIAAF World U20 Tampere – Daija Lampkin USA 100M Heat 5
vc0LVGd782k\t43\tNA\tIAAF World U20 Tampere – Jaida KNOWLES BAH 400M Heat 1
bJ6PBARBdlk\t74\tNA\tIAAF World U20 Tampere – Patricia Urquía ESP 100M Heat 3
zXHuOfFHRFI\t68\tNA\tIAAF World U20 Tampere – Twanisha Terry USA 100M Heat 2
MLr6NROWBEg\t66\tNA\tIAAF World U20 Tampere – Kristal Awuah GBR 100M Heat 4
Bn1uzy8SoXw\t75\tNA\tIAAF World U20 Tampere – Briana Williams JAM 100M Heat 3
u75-aaWUrv8\t72\tNA\tIAAF World U20 Tampere – Keshia Kwadwo GER 100M Heat 1
actQfw0asx8\t71\tNA\tIAAF World U20 Tampere – Umajesty Williams USA 400M Heat 7
JmMr7iqsKzc\t63\tNA\tIAAF World U20 Tampere – Edoardo Scotti ITA 400M Heat 6
mIqKvKQVHsE\t44\tNA\tIAAF World U20 Tampere – Christopher Taylor JAM 400M Heat 6
rbVuXNS32fY\t34\tNA\tIAAF World U20 Tampere – Onal MITCHELL TTO 400M Heat 5
5yqRinqXVkg\t40\tNA\tIAAF World U20 Tampere – Howard Fields USA 400M Heat 5
FYFJ_0ptTB0\t60\tNA\tIAAF World U20 Tampere – Chantz Sawyers JAM 400M Heat 4
kBTbzQy3kMk\t55\tNA\tIAAF World U20 Tampere – Gabriel LOUW RSA 400M Heat 4
xOyuHXRcBk0\t26\tNA\tIAAF World U20 Tampere – Bruno Silva BRA 400M Heat 3
jYqqvsPTvbk\t27\tNA\tIAAF World U20 Tampere – Jonathan Sacoor BEL 400M Heat 2
cOkiPjkTD_Q\t74\tNA\tIAAF World U20 Tampere – Jurnee Woodward USA 400M Hurdles Heat 6
bZTnWVHQAT8\t68\tNA\tIAAF World U20 Tampere – Sára Mátó HUN 400M Hurdles Heat 6
Jy7KhpkeRWU\t61\tNA\tIAAF World U20 Tampere – Nea Mattila FIN 400M Hurdles Heat 5
f53-FQq2CXw\t53\tNA\tIAAF World U20 Tampere – Shiann Salmon JAM 400M Hurdles Heat 5
op_x8DH73co\t36\tNA\tIAAF World U20 Tampere – Yasmin Giger SUI 400M Hurdles Heat 4
MN-rYsoo3wc\t25\tNA\tIAAF World U20 Tampere – Xahria Santiago CAN 400M Hurdles Heat 3
fkFXdP0YZ60\t14\tNA\tIAAF World U20 Tampere – Moeka Sekimoto JPN 400M Hurdles Heat 2
2WwbCWlACWk\t35\tNA\tIAAF World U20 Tampere – Zeney Van Der Walt RSA 400M Hurdles Heat 2
rZ1nnWDYn_c\t54\tNA\tIAAF World U20 Tampere – Sanique Walker JAM 400M Hurdles Heat 1
Kde4WaFiXdg\t55\tNA\tIAAF World U20 Tampere – Brooke Jaworski USA 400M Hurdles Heat 1
S9xH5WxYknE\t51\tNA\tIAAF World U20 Tampere – Cory Poole USA 110M Hurdles Heat 7
YSBYSlc2qIA\t18\tNA\tIAAF World U20 Tampere - Enrique Llopis ESP 110M Hurdles Heat 7
5_AfYGrG09E\t47\tNA\tIAAF World U20 Tampere – Anastas Eliopoulos CAN 110M Hurdles Heat 6
1W6ts-XOVuI\t21\tNA\tIAAF World U20 Tampere – Mattia Montini ITA 110M Hurdles Heat 6
0UnQLhnslWU\t44\tNA\tIAAF World U20 Tampere – Filip Jakob Demsar SLO 110M Hurdles Heat 5
65M_XBgXWHI\t17\tNA\tIAAF World U20 Tampere – Luis Salort ESP 110M Hurdles Heat 5
076WyFBBWAY\t66\tNA\tIAAF World U20 Tampere – Michael Obasuyi BEL 110M Hurdles Heat 4
8UGadxsr9n0\t71\tNA\tIAAF World U20 Tampere – Saoud Al Humaidi QAT 110M Hurdles Heat 4
TSweesfZvjo\t47\tNA\tIAAF World U20 Tampere – Joshua Zeller GBR 110M Hurdles Heat 3
esRA_hrzjEA\t39\tNA\tIAAF World U20 Tampere – Jeanice Laviolette FRA 110M Hurdles Heat 3
hxhamNWGhoI\t43\tNA\tIAAF World Under 20 Tampere – Orlando Bennett JAM 110M Hurdles Heat 2
-RuUIiRnvyY\t33\tNA\tIAAF World Under 20 Tampere – Stefan Volzer GER 110M Hurdles Heat 2
NKlRTYTq3ow\t56\tNA\tIAAF World U20 Tampere – Damion Thomas JAM 110M Hurdles Heat 1
Dw4dZ_GaQwU\t62\tNA\tIAAF World U20 Tampere – Jason Nicholson GBR 110M Hurdles Heat 1
RVB2unnM9xM\t102\tNA\tIAAF World Under 20 - Tampere - Odysseas Mouzenidis GRE Shot Put Men Bronze
dYF4es0gAok\t61\tNA\tIAAF World Under 20 - Tampere - Kyle Blignaut RSA Shot Put Men Gold
FS14YcV5eQA\t94\tNA\tIAAF World Under 20 - Tampere - Berihu Aregawi ETH 10,000 Metres Men Bronze
1H9gbN0jmOA\t64\tNA\tIAAF World Under 20 - Tampere - Adrian Piperi USA Shot Put Men Silver
g8wNkqO5iqI\t81\tNA\tIAAF World Under 20 - Tampere - Rhonex Kipruto KEN 10,000 Metres Men Gold
kHqQIO40cFA\t69\tNA\tIAAF World Under 20 - Tampere - Jacob Kiplimo UGA 10,000 Metres Men Silver
-v5WzGhQ2L0\t76\tNA\tIAAF World Under 20 - Tampere - Eero Ahola FIN Shot Put Men Bronze
P5qAtL7rNlQ\t52\tNA\tIAAF World Under 20 - Tampere - Helena Leveelahti FIN Discus Throw Women Group B
PdQfurSEJfc\t83\tNA\tIAAF World Under 20 - Tampere - Ashley Moloney AUS Decathlon Men Group A
GYhXVzuMC2g\t82\tNA\tIAAF World Under 20 - Tampere - Saga Andersson FIN Pole Vault Women Group A
ilyUNaUZtaI\t98\tNA\tIAAF World Under 20 - Tampere - Kyle Garland USA Decathlon Men Group A
pwLrTO6rc3s\t43\tNA\tIAAF World Under 20 - Tampere - Veronica Vancardo SUI 400 Metres Women Heat 5
0MCsRIk4vtM\t48\tNA\tIAAF World Under 20 - Tampere - Stacey-Ann Williams JAM 400 Metres Women Heat 4
LO5neCvovwU\t71\tNA\tIAAF World Under 20 - Tampere - Beatrice Chebet KEN 5000 Metres Women Gold
YtFNkKXxWsM\t67\tNA\tIAAF World Under 20 - Tampere - Ejgayehu Taye ETH 5000 Metres Women Silver
m6J2B7Dh5Ks\t41\tNA\tIAAF World Under 20 - Tampere - Ashlan Best CAN 400 Metres Women Heat 4
Nk7lAVWs4HI\t37\tNA\tIAAF World Under 20 - Tampere - Hima Das IND 400 Metres Women Heat 4
_fB01hj9rYw\t53\tNA\tIAAF World Under 20 - Tampere - Mette Baas FIN 400 Metres Heat 2
d23ur0LaWw4\t41\tNA\tIAAF World Under 20 - Tampere - Ella Connolly AUS 400 Metres Women Heat 3
6FiJXvTulWY\t13\tNA\tIAAF World Under 20 - Tampere - Roxana Gomez CUB 400 Metres Women Heat 3
P2aFkEOpaus\t52\tNA\tIAAF World Under 20 - Tampere - Andrea Miklos ROU 400 Metres Women Heat 2
roBlrd3hjTM\t32\tNA\tIAAF World Under 20 - Tampere - Taylor Manson USA 400 Metres Women Heat 1
drjdbwGPPUs\t27\tNA\tIAAF World Under 20 - Tampere - Aishath Himna Hassan MDV 400 Metres Women Heat 1
Pl85Tfahn18\t1070\tNA\tInside Athletics 2018 - Luvo Manyonga
wk6C24B1Cuw\t219\tNA\tHow well do you know your event? Mondo vs Kurtis
WD1ACoD7zzs\t48\tNA\tAries Merritt: IAAF Inside Athletics Podcast
vAfcMmxT-d0\t73\tNA\t60 Seconds  2018 - Nethaneel Mitchell-Blake
HJf4OBQOW1k\t1147\tNA\tInside Athletics 2018 - Sydney McLaughlin
x7ChvnZvaZw\t216\tNA\tIAAF WCH 1991 Tokyo  - Long Jump World Record
zT_Z51MYQ7k\t982\tNA\tInside Athletics 2018 - Kori Carter
_OfncoZyTcQ\t73\tNA\t60 Seconds 2018  - Noah Lyles
q4zX-pEQEdo\t70\tNA\tWCH 1991 Tokyo  - Long Jump World record
rzKHwxAvwNc\t172\tNA\tIAAF World / Continental Cup - 1977 to 2014 - History
qRNBHiL4gac\t113\tNA\tIAAF Run 24 1 - Seb Coe closing message
Kl04RG9tQX4\t121\tNA\tOpening of the IAAF Heritage World : Continental Cup  1977 To 2018
VccxqBW7ruE\t69\tNA\tIAAF partners with UN Environment on clean air campaign - message from Haile Gebrselassie
r1vGVzZ8Dgs\t70\tNA\tBreathe Life -  Paula Radcliffe
7CHDSIpUGDY\t74\tNA\t60 Seconds  2018 - Phyllis Francis
p641UM_-2w4\t38\tNA\tIAAF Run24:1 Team Captain Valerie Adams
ksrCM7UsTUo\t73\tNA\t60 Seconds  2018: Julian Reus
zk6y2F1NvDg\t73\tNA\t60 Seconds  2018: Pamela Dutkiewicz
y8VBZRkqVvM\t86\tNA\tWRWTC - Taicang 2018 - Kaihua Wang- CHN - Silver
JSCOuzKSahA\t19\tNA\tWRWTC - Taicang 2018 - Koki Ikeda - JPN - Gold
cbKBBbEHfEI\t36\tNA\tWRWTC - Taicang 2018 - Alegna Gonzalez - MEX - Gold
aaPk1ToKrtw\t169\tNA\tWRWTC - Taicang 2018 - Team Italy - Silver
iQRWiSH2eG8\t32\tNA\tWRWTC - Taicang 2018 - Jiayu Yang - CHN - Bronze
UdoT8cG9rZI\t35\tNA\tWRWTC - Taicang 2018 - Maria Guadalupe Gonzalez - MEX - Gold
mQfETtzcoWk\t62\tNA\tWRWTC - Taicang 2018 - Yao Zhang - CHN - Gold
tXeXcmdxw3o\t64\tNA\tWRWTC - Taicang 2018 - Rui Liang - CHN - Gold
8a7eBhYwRcM\t50\tNA\tWRWTC - Taicang 2018 - Claire Tallent - AUS - Bronze
XdpzRlHyCCE\t28\tNA\tWRWTC - Taicang 2018 - Hirooki Arai - JPN - Gold
eDZ5t4MvdiA\t73\tNA\t60 Seconds 2018:  Matej Toth
lcPCTCVBQxw\t66\tNA\tValerie Adams: IAAF Inside Athletics Podcast
T-24P1rlehE\t73\tNA\t60 Seconds 2018   Cindy Roleder
AvtKapvaQ_8\t1177\tNA\tInside Athletics 2018    Elijah Manangoi
4CdwzWy_Lgo\t73\tNA\t60 Seconds 2018    Sam Kendricks
CxV1_fuka7A\t1148\tNA\tInside Athletics 2018 Katerina Stefanidi
c4Z_EeSyR54\t73\tNA\t60 Seconds 2018    David Rudisha
eRo9PjMz_X0\t927\tNA\tInside Athletics 2018 - Nafi Thiam
lFYI45Yi4IM\t852\tNA\tIAAF Inside Athletics 2018 - Kurtis Marschall
YdfQ3qp-GKI\t74\tNA\t60 Seconds 2018 - Ekaterini Stefanidi
WRb1Hg22z7U\t73\tNA\t60 Seconds 2018 - Omar McLeaod
VMajKKfuUCg\t73\tNA\t60 Seconds 2018 - Sara Kolak
wk3ynAUuNiE\t73\tNA\t60 Seconds 2018 - Dafne Schippers
ZL5CpqpJgPs\t73\tNA\t60 Seconds 2018 - Sasha Gollish Master
U5iF4Wd0WDk\t73\tNA\t60 Seconds 2018 - Asbel Kiprop
RitjKYo_Lag\t73\tNA\t60 Seconds 2018 - Wayde van Niekerk
A0ISPGk1qc4\t73\tNA\t60 Seconds 2018 - Kendra Harrison
0yBjydj5swY\t73\tNA\t60 Seconds 2018 - Candace Hill
h_6XrgFl2Hc\t130\tNA\tStories of women working in Valencia
1WwN49owe1E\t75\tNA\tWhen four running legends discuss gender equality issues
UTuYdSbAScU\t121\tNA\tBehind the team – US medial staff
sR5vpa8j1gk\t79\tNA\tStacy Dragila – Pioneer and inspiration
ub6zVZBGsk0\t94\tNA\tTianna Bartoletta on making the right decisions
_ifLABkZ_oE\t97\tNA\tTegla Loroupe – President’s Award 2016
y2VbIQKQvYc\t90\tNA\tNaoko Takahashi – From Olympic champion to incluencial board member
q65Z3M3cAII\t82\tNA\tCherry Alexander – Women in Athletics Award 2017
g1PTmcDNCR4\t80\tNA\tAnna Botha – Coaches Achievement Award 2017
gLuEmg76MPI\t1793\tNA\tIAAF Trinidad Alfonso WHM Championships - press conference
wsPgcTl2n04\t642\tNA\tIAAF Inside Athletics 2018 - Yulimar Rojas
jGYX6rGgR_8\t130\tNA\tWomen behind the scenes – Birmingham 2018
kfZHTblmmok\t98\tNA\tHeritage Collection Launch  - Donation
iZMeuAXKnWA\t136\tNA\tHeritage Collection Launch  -  Opening Video
CPSZ3VkF0gY\t130\tNA\tHeritage Collection Launch,  Sebastien Coe - Sir Roger Bannister
B9WnCNnqXw8\t1029\tNA\tHeritage Collection Launch  -  Highlights
yWukVWvGDu8\t54\tNA\tWIC 2018 Birmingham - POL 4x400 Metres Relay Men Gold
6Euk3Kc0ptA\t72\tNA\tWIC 2018 Birmingham - BEL 4x400 Metres Relay Men Bronze
Wxv5Qb262x0\t57\tNA\tWIC 2018 Birmingham - Sam Kendricks USA Pole Vault Men Silver
JJo2h4dgm3s\t33\tNA\tWIC 2018 Birmingham - USA 4x400 Metres Relay Men Silver
N7IZCHyB0gI\t97\tNA\tWIC 2018 Birmingham - Renaud Lavillenie FRA Pole Vault Men Gold
_7Xi_Ng1guc\t71\tNA\tWIC 2018 Birmingham - GBR 4x400 Metres Relay Women Bronze
tk53q278O-I\t56\tNA\tWIC 2018 Birmingham - Melker Svard Jacobsson USA 60 Pole Vault Men Final
3BrqtfhyQn0\t57\tNA\tWIC 2018 Birmingham - Jarret Eaton USA 60 Metres Hurdles Men Silver
lORSHFJxmkc\t45\tNA\tWIC 2018 Birmingham - Raphael Holzdeppe GER Pole Vault Final
yVeZQIs4NKw\t78\tNA\tWIC 2018 Birmingham - GBR 4x400 Metres Relay Men Final
wPRQ8qYohOo\t61\tNA\tWIC 2018 Birmingham - Deon Lendore TTO 4x400 Metres Relay Men Final
YKxxo9bhOBc\t53\tNA\tWIC 2018 Birmingham - USA 4x400 Metres Relay Women Gold
E-Wy-nwQjLg\t82\tNA\tWIC 2018 Birmingham - Andrew Pozzi GBR 60 Metres Hurdles Men Gold
wG-DMys0cUE\t61\tNA\tWIC 2018 Birmingham - Aurel Manga FRA 60 Metres Hurdles Men Bronze
bfsEjAUBntw\t47\tNA\tWIC 2018 Birmingham - Jarret Eaton USA 60 Metres Hurdles Men Silver
HfFCKm3OeXw\t43\tNA\tWIC 2018 Birmingham - Aries Merritt USA 60 Metres Hurdles Men Final
iA2hCkyavPI\t67\tNA\tWIC 2018 Birmingham - POL 4x400 Metres Relay Women Silver
gtq8QMFubiM\t54\tNA\tWIC 2018 Birmingham - Ivana Spanovic SRB Long Jump Women Gold
duH8y80vO00\t71\tNA\tWIC 2018 Birmingham - Brittney Reese USA Long Jump Women Silver
8aKP2mxzv1c\t48\tNA\tWIC 2018 Birmingham - Sosthene Moguenara-Taroum GER Long Jump Women Bronze
jTnRRFMAJGY\t39\tNA\tWIC 2018 Birmingham - Ajee Wilson USA 800 Metres Women Silver
uzWoTXvLkoE\t59\tNA\tWIC 2018 Birmingham - GBR 4x400 Metres Relay Women Final Bronze
3NWHakTTxcY\t35\tNA\tWIC 2018 Birmingham - Shelayna Oskan-Clarke GBR 800 Metres Women Bronze
w2KDbklU6gE\t56\tNA\tWIC 2018 Birmingham - Samuel Tefera ETH 1500 Metres Men Gold
C-qZyBAFMU0\t33\tNA\tWIC 2018 Birmingham - Chris O'Hare GBR 1500 Metres Men Final
9yz18x-Z3uM\t43\tNA\tWIC 2018 Birmingham - Francine Niyonsaba BDI 800 Metres Women Gold
LXIooy3pOmg\t26\tNA\tWIC 2018 Birmingham - Selina Buchel SUI 800 Metres Women Final
Njwix8cA-ew\t35\tNA\tWIC 2018 Birmingham - Raevyn Rogers USA 800 Metres Women Final
JhYjQilllxw\t178\tNA\tWIC 2018 Birmingham - Yomif Kejelcha ETH 3000 Metres Men Gold
gDJof5u8XPQ\t40\tNA\tWIC 2018 Birmingham - Selemon Barega ETH 3000 Metres Men Silver
GGqoYelZx9g\t50\tNA\tWIC 2018 Birmingham - Bethwell Birgen KEN 3000 Metres Men Bronze
uP4luDfnckI\t70\tNA\tWIC 2018 Birmingham - Wenjun Xie CHN 60 Metres Hurdles Men Heat 3
JGyeUuyFWGk\t27\tNA\tWIC 2018 Birmingham - Milan Trajkovic CYP 60 Metres Hurdles Men Heat 3
F5Sx_EHiowk\t21\tNA\tWIC 2018 Birmingham - Roger Iribarne CUB 60 Metres Hurdles Men Heat 2
scDJUNyQwwA\t51\tNA\tWIC 2018 Birmingham - Nicholas Hough AUS 60 Metres Hurdles Men Heat 1
unsNPa7BNgQ\t135\tNA\tWIC 2018 Birmingham - Adam Kszczot POL 800 Metres Men Gold
tuXe9CXL4aE\t97\tNA\tWIC 2018 Birmingham - Drew Windle USA 800 Metres Men Silver
NuU6v3ONDR0\t73\tNA\tWIC 2018 Birmingham - Christian Coleman USA 60 Metres Men Gold
WY4gYr3kW4A\t114\tNA\tWIC 2018 Birmingham - Bingtian Su CHN 60 Metres Men Silver
_R5BXcu9-po\t75\tNA\tWIC 2018 Birmingham - Sandi Morris USA Pole Vault Gold
4vQwu5AxfyM\t59\tNA\tWIC 2018 Birmingham - Katerina Stefanidi GRE Pole Vault Bronze
Q6dDNZCn9Pw\t107\tNA\tWIC 2018 Birmingham - Kevin Mayer FRA Heptathlon Men Gold
99wIbZxHxkM\t23\tNA\tWIC 2018 Birmingham - Zhenye Xie CHN 60 Metres Men Final
KMM6xA3gy4U\t72\tNA\tWIC 2018 Birmingham - Christina Manning USA 60 Metres Hurdle Women Silver
cIMGPkggy6c\t50\tNA\tWIC 2018 Birmingham - Kendra Harrison USA 60 Metres Hurdle Women Gold
nanRAhwiFPY\t62\tNA\tWIC 2018 Birmingham - Nadine Visser NED 60 Metres Hurdle Women Bronze
jWOHmF4W6so\t33\tNA\tWIC 2018 Birmingham - Isabelle Pedersen NOR 60 Metres Hurdle Women Final
sdh1fxdRUVw\t131\tNA\tWIC 2018 Birmingham - Laura Muir GBR 1500 Metres Women Silver
T-AgV_LQgJU\t63\tNA\tWIC 2018 Birmingham - Michael Cherry USA 400 Metres Men Silver
e8d5_syRoIo\t125\tNA\tWIC 2018 Birmingham - Genzebe Dibaba ETH 1500 Metres Women Gold
lV4GcubPTE4\t55\tNA\tWIC 2018 Birmingham - Will Claye USA Triple Jump Men Gold
sXPqA3EAz-E\t68\tNA\tWIC 2018 Birmingham - Courtney Okolo USA 400 Metres Women Gold
d4aOs5wg3g4\t14\tNA\tWIC 2018 Birmingham - Eilidh Doyle GBR 400 Metres Women Bronze
CmPLuLZRkXI\t40\tNA\tWIC 2018 Birmingham - Shakima Wimbley USA 400 Metres Women Silver
sOKnaL33c5I\t64\tNA\tWIC 2018 Birmingham - Pavel Maslak CZE 400 Metres Men Gold
VD3GcWJGt3I\t67\tNA\tWIC 2018 Birmingham - Damian Warner CAN Heptathlon Silver
ffnXUUTiMos\t69\tNA\tWIC 2018 Birmingham - Maicel Uibo EST Heptathlon Bronze
A75hVOj4jbk\t127\tNA\tWIC 2018 Birmingham - Ruben Gado FRA Heptathlon Men Final
Eymh6YGyQYM\t51\tNA\tWIC 2018 Birmingham - Dominik Distelberger AUT Heptathlon Men Final
Z9aAqhlNhm0\t44\tNA\tWIC 2018 Birmingham - Yarisley Silva CUB Pole Vault Women Final
NhiC3UqW258\t96\tNA\tWIC 2018 Birmingham - Elliot Giles GBR 800 Metres Men Heat Final
lvHbc4VEx8E\t80\tNA\tWIC 2018 Birmingham - Jan Volko SVK 60 Metres Men Heat 3
PHWqYNgsH3Q\t54\tNA\tWIC 2018 Birmingham - Kimmari Roach JAM 60 Metres  Men Heat 2
gd4mPLlEdes\t55\tNA\tWIC 2018 Birmingham - Petr Svoboda USA 60 Metres Hurdles Men Heat 5
EBp7i5ZlpP8\t61\tNA\tWIC 2018 Birmingham - Pascal Martinot-Lagarde USA 60 Metres Hurdles Men Heat 5
aUwUY_ZRu30\t63\tNA\tWIC 2018 Birmingham - Aries Merritt USA 60 Metres Hurdles Men Heat 4
jqBgWI5ZOlQ\t44\tNA\tWIC 2018 Birmingham - Andrew Pozzi GBR 60 Metres Hurdles Men Heat 4
K8pPv4zT46I\t45\tNA\tWIC 2018 Birmingham - Jarret Eaton USA 60 Metres Hurdles Men Heat 2
-NFYHEb5pgo\t31\tNA\tWIC 2018 Birmingham - Roger Iribarne CUB 60 Metres Hurdles Men Heat 2
Lm5YO7sYV4I\t21\tNA\tWIC 2018 Birmingham - David King GBR 60 Metres Hurdles Men Heat 1
2CV66HDh2qw\t27\tNA\tWIC 2018 Birmingham - Koen Smet NED 60 Metres Hurdles Men Heat 1
CjtXzFCmFZ0\t24\tNA\tWIC 2018 Birmingham - Isabelle Pedersen NOR 60 Metres Hurdles Women Heat 3
NYZLVqltNw0\t44\tNA\tWIC 2018 Birmingham - Sharika Nelvis USA 60 Metres Hurdles Women Heat 3
mjHgjsoAQRU\t22\tNA\tWIC 2018 Birmingham - Sally Pearson AUS 60 Metres Hurdles Womens Heat 2
yOPPMoFJkYQ\t59\tNA\tWIC 2018 Birmingham - Christina Manning USA 60 Metres Hurdles Women Heat 1
XEBusvbd1F0\t32\tNA\tWIC 2018 Birmingham - Devynne Charlton BAH 60 Metres Hurdles Women Heat 1
9VBcUmDSo-s\t85\tNA\tWIC 2018 Birmingham - Yulimar Rojas VEN Triple Jump Women Gold
vD8DLbXiSPI\t52\tNA\tWIC 2018 Birmingham - Ana Peleteiro ESP Triple Jump Women Bronze
xY7sU2GnFqs\t21\tNA\tWIC 2018 Birmingham - CZE 4x400 Metres Relay Women
-W0ycugNaF0\t57\tNA\tWIC 2018 Birmingham - POL 4x400 Metres Relay Women
d0_t5mkBVbw\t40\tNA\tWIC 2018 Birmingham - JAM 4x400 Metres Relay Women
BXJF5xhKi3w\t49\tNA\tWIC 2018 Birmingham - GBR 4x400 Metres Relay Women
viV8lMQNxK8\t33\tNA\tWIC 2018 Birmingham - USA 4x400 Metres Relay Women
XpWiqhGpBHc\t84\tNA\tWIC 2018 Birmingham - Tomas Stanek Shot Put Men Bronze
kKxm1sJa83A\t56\tNA\tWIC 2018 Birmingham - Tomas Walsh NZL Shot Put Men Gold
vlNlICo-5OI\t48\tNA\tWIC 2018 Birmingham - David Storl GER Shot Put Men Silver
EWmtVd0Uxes\t51\tNA\tWIC 2018 Birmingham - USA 4x400 Metres Relay Men
Slv0OCpQy9o\t50\tNA\tWIC 2018 Birmingham - GBR 4x400 Metres Relay Men
o_YPYOa9eB8\t111\tNA\tWIC 2018 Birmingham - Kimberly Williams JAM Triple Jump Women Silver
eK5qFnfX8mc\t57\tNA\tWIC 2018 Birmingham - S. Oskan-Clarke GBR 800 Metres Women Heat 2
Gt1xSgRXYdc\t16\tNA\tWIC 2018 Birmingham - Francine Niyonsaba BDI 800 Metres Women Heat 3
fipE3TsAkHA\t65\tNA\tWIC 2018 Birmingham - Angelika Cichocka POL 800 Metres Women Heat 1
ihPduVOxje4\t26\tNA\tWIC 2018 Birmingham - Ajee Wilson USA 800 Metres Women Heat 1
j-LMRKLGPJE\t57\tNA\tWIC 2018 Birmingham - Jake Wightman 1500 Metres Men Heat 3
IH7hbAUnoz0\t33\tNA\tWIC 2018 Birmingham - Craig Engels USA 1500 Metres Men Heat 3
n6geAUlq40A\t25\tNA\tWIC 2018 Birmingham - Aman Wote ETH 1500 Metres Men Heat 1
nPDHEwNUBHY\t23\tNA\tWIC 2018 Birmingham - Abdelaati Iguider MAR 1500 Metres Men Heat 1
tSPdz3CVGfc\t31\tNA\tWIC 2018 Birmingham - Ronnie Baker USA 60 Metres Men Heat 7
DHIoBDLYdvc\t19\tNA\tWIC 2018 Birmingham - Everton Clarke JAM 60 Metres Men Heat 6
z8iRVhx6uLM\t36\tNA\tWIC 2018 Birmingham - Chijindu Ujah GBR 60 Metres Men Heat 5
kVmyOUhGPvI\t14\tNA\tWIC 2018 Birmingham - Andrew Robertson GBR 60 Metres Men Heat 4
GiHTjQQQcC0\t31\tNA\tWIC 2018 Birmingham - Hassan Taftian IRI 60 Metres Men Heat 3
gj96BYl6bJs\t44\tNA\tWIC 2018 Birmingham - Warren Fraser BAH 60 Metres Men Heat 2
8DnZukISCBo\t64\tNA\tWIC 2018 Birmingham - Kim Collins SKN 60 Metres Men Heat 1
hmwdxB57RDg\t29\tNA\tWIC 2018 Birmingham - Dafne Schippers NED 60 Metres Women Final
9HUanfbXbRs\t87\tNA\tWIC 2018 Birmingham - Anita Marton HUN Shot Put Women Gold
JsaL0_-Cd5g\t65\tNA\tWIC 2018 Birmingham - Luvo Manyonga RSA Long Jump Mens Silver
e56vpuAHblE\t78\tNA\tWIC 2018 Birmingham - Danniel Thomas-Dood JAM Shot Put Women Final
fcuq1hm4fsw\t47\tNA\tWIC 2018 Birmingham - Pavel Maslak CZE 400 Metres Men Heat 3
wSAL0PM5xyo\t27\tNA\tWIC 2018 Birmingham - Deon Lendore TTO 400 Metres Men Heat 3
ZL51PCC40YA\t14\tNA\tWIC 2018 Birmingham - Oscar Husillos ESP 400 Metres Men Heat 2
jRBYT42WpF8\t57\tNA\tWIC 2018 Birmingham - Rafal Omelko POL 400 Metres Men Heat 2
4GVKVuBIEDI\t33\tNA\tWIC 2018 Birmingham - Lee Thompson GBR 400 Metres Men Heat 2
moIVUhSzVIA\t32\tNA\tWIC 2018 Birmingham - Michael Cherry USA 400 Metres Men Heat 2
N655RFHXkGs\t63\tNA\tWIC 2018 Birmingham - Marquis Dendy USA Long Jump Final
syeRxr_gwpg\t20\tNA\tWIC 2018 Birmingham - Juan Miguel Echevarria CUB Long Jump Final
yKKV-emPCh0\t112\tNA\tWIC 2018 Birmingham - Kevin Mayer FRA Heptathlon Men Group A
dENntwRDrK8\t103\tNA\tWIC 2018 Birmingham - Jan Dolezal CZE Heptathlon Men Group B
gM_YJ0EOP4U\t15\tNA\tWIC 2018 Birmingham - Courtney Okolo USA 400 Metres Women Heat 3
VvhKNG4TP4k\t14\tNA\tWIC 2018 Birmingham - Justyna Swiety-Ersetic NED 400 Metres Heat 2
IHC72PSMjpk\t37\tNA\tWIC 2018 Birmingham - Shakima Wimbley USA 400 Metres Women Heat 1
BnUf6e8cYrQ\t65\tNA\tWIC 2018 Birmingham - Katarina Johnson-Thompson GBR Pentathlon Women
UBCyxATpxro\t27\tNA\tWIC 2018 Birmingham - Ivona Dadic AUT Pentathlon Women Final
Y2SM7hOBeYs\t26\tNA\tWIC 2018 Birmingham - Yorgelis Rodriguez CUB Pentathlon Women Final
q60r4jW-qGA\t34\tNA\tWIC 2018 Birmingham - Winny Chebet KEN 1500 Metres Women Heat 3
IZ7Q1iq09Kk\t42\tNA\tWIC 2018 Birmingham - Sifan Hassan NED 1500 Metres Women Heat 3
7I_kDhcztGw\t38\tNA\tWIC 2018 Birmingham - Van Buskirk CAN 1500 Metres Women Heat 2
CBspeNm1NKw\t71\tNA\tWIC 2018 Birmingham - Eilish McColgan GBR 1500 Metres Women Heat 2
5hJgqswRitY\t19\tNA\tWIC 2018 Birmingham - Laura Muir GBR 1500 Metres Women Heat 1
5vUoAK4fALo\t45\tNA\tWIC 2018 Birmingham - Adam Kszczot POL 800 Metres Men Heat 2
VgwjwI-XhZA\t13\tNA\tWIC 2018 Birmingham - Mujinga Kambundji SUI 60 Metres Women Heat 3
HMB9rN4xDYc\t58\tNA\tWIC 2018 Birmingham - Tatjana Pinto GER 60 Metres Women Heat 2
XZfNvafeYrg\t38\tNA\tWIC 2018 Birmingham - Murielle Ahoure CIV 60 Metres Women Heat 1
U1lROs2Z_2s\t36\tNA\tWIC 2018 Birmingham - Elaine Thompson JAM 60 Metres Women Heat 2
y75NDdDQVLg\t16\tNA\tWIC 2018 Birmingham - Oluwatobiloba Amusan NIG 60 Metres Hurdles Women Heat 5
Yhy-nUv9ZXI\t82\tNA\tWIC 2018 Birmingham - Murielle Ahoure CIV 60 Metres Women Gold
Z0I6xih1z68\t105\tNA\tWIC 2018 Birmingham - Marie-Josee Ta Lou CIV 60 Metres Women Silver
gUo3pHp6bko\t81\tNA\tWIC 2018 Birmingham - Mujinga Kambundji SUI 60 Metres Women Bronze
7p53EGgZOl8\t45\tNA\tWIC 2018 Birmingham - Kendra Harrison USA 60 Metres Hurdles Womens Heat 4
bruPQb4RUd8\t36\tNA\tWIC 2018 Birmingham - Devynne Charlton BAH 60 Metres Hurdles Women Heat 3
r8AY36mOWYc\t36\tNA\tWIC 2018 Birmingham - Cindy Roleder GER 60 Metres Hurdles Heat 3
7WWDUBgYz48\t55\tNA\tWIC 2018 Birmingham - Christina Manning USA 60 Metres Hurdles Heat 2
cWU-Ls6tiBU\t75\tNA\tWIC 2018 Birmingham - Isabelle Pedersen NOR 60 Metres Hurdles Heat 2
IAcbwaqGhUk\t24\tNA\tWIC 2018 Birmingham - Eilidh Doyle GBR 400 Metres Women Heat 5
iNu5677NSHo\t36\tNA\tWIC 2018 Birmingham - Courtney Okolo USA 400 Metres Women Heat 1
i2yjV-KNyBY\t69\tNA\tWIC 2018 Birmingham - Zoey Clark GBR 400 Metres Women Heat 3
FOlsUf6-j0A\t53\tNA\tWIC 2018 Birmingham - Lea Sprunger SUI 400 Metres Women Heat 2
apwRj9bsAdw\t62\tNA\tWIC 2018 Birmingham - Michael Cherry USA 400 Metres Men Heat 4
RXW2tX56-ss\t67\tNA\tWIC 2018 Birmingham - Erica Bougard USA Pentathlon Women
h_qJZHeaMDs\t131\tNA\tWIC 2018 Birmingham - Adel Mechaal ESP 3000 Metres Men Heat 1
Ow8IquDcd64\t32\tNA\tWIC 2018 Birmingham - Tovea Jenkins JAM 400 Metres Women Heat 6
wry50Zh6bYQ\t64\tNA\tWIC 2018 Birmingham - Eilidh Doyle GBR 400 Metres Women Heat 5
QoCapH3X6_k\t69\tNA\tWIC 2018 Birmingham - Phil Healy IRL 400 Metres Women Heat 5
LWUpyAskJ1c\t44\tNA\tWIC 2018 Birmingham - Shakima Wimbley USA 400 Metres Women Heat 4
kweWdLmmlqY\t64\tNA\tWIC 2018 Birmingham - Pavel Maslak CZE 400 Metres Men Heat 6
7cLLlvgPfps\t32\tNA\tWIC 2018 Birmingham - Aldrich Bailey Jr USA 400 Metres Men Heat 5
UCOkYvwQuW4\t101\tNA\tWIC 2018 Birmingham - Bralon Taplin GRN 400 Metres Men Heat 3
L0OS8qrfM_g\t63\tNA\tWIC 2018 Birmingham - Abdalleleh Haroun QAT 400 Metres Men Heat 3
r72cA5QJ9CE\t89\tNA\tWIC 2018 Birmingham - Deon Lendore TTO 400 Metres Men Heat 1
FFFDaq2SLi4\t45\tNA\tWIC 2018 Birmingham - Remona Burchell JAM 60 Metres Women Heat 6
uxgPPZxsCiw\t81\tNA\tWIC 2018 Birmingham - Asha Philip GBR 60 Metres Women Heat 5
xgjGIfHX55Q\t39\tNA\tWIC 2018 Birmingham - Destiny Carter USA 60 Metres Women Heat 5
qUwCWabDA8E\t38\tNA\tWIC 2018 Birmingham - Mujinga Kambundji SWI 60 Metres Women Heat 4
64mt3CvYIXs\t36\tNA\tWIC 2018 Birmingham - Rosangela Santos BRA 60 Metres Women Heat 2
NG3JXgw1Rjc\t39\tNA\tWIC 2018 Birmingham - Lorene Dorcas Bazolo POR 60 Metres Women Heat 3
o-p27HWJaLc\t50\tNA\tWIC 2018 Birmingham - Anna Kielbasinska POL 60 Metres Women Heat 2
FBMDeeCJ_sk\t33\tNA\tWIC 2018 Birmingham - Ezinne Okparaebo NOR 60 Metres Women Heat 1
keNxojs8KYA\t47\tNA\tWIC 2018 Birmingham - Javianne Oliver USA 60 Metres Women Heat 1
JRZxWDQJKJg\t27\tNA\tWIC 2018 Birmingham - Bianca Williams GBR 60 Metres Women Heat 1
urG_Yrvp6wA\t93\tNA\tWIC 2018 Birmingham - Genzebe Dibara ETH 3000 Metres Women
dF3APf8no1g\t65\tNA\tWIC 2018 Birmingham - Laura Muir GRB 3000 Metres Women
JFnKNIxbvPM\t73\tNA\tWIC 2018 Birmingham - Alessia Trost ITA High Jump Women
b8FdE3JhjhQ\t133\tNA\tWIC 2018 Birmingham - Danil Lysenko ANA High Jump Men
ZKqOiHBW9xY\t241\tNA\tWIC 2018 Birmingham - Mariya Lasitskene ANA High Jump Women
i5aDS8na_iU\t48\tNA\tWIC 2018 Birmingham - Vashti Cunningham High Jump Women
rIuvbytpMCA\t33\tNA\tWIC 2018 Birmingham - Hellen Obiri KEN 3000 Metres Women
XubnRJvahBs\t75\tNA\tWIC 2018 Birmingham - Konstanze Klosterhalfen GER 3000 Metres Women
vlUsmhmLgEM\t56\tNA\tWIC 2018 Birmingham - Morgan Lake GBR High Jump Women
-xTp3pDo9Zk\t56\tNA\tWIC 2018 Birmingham - Mutaz Essa Barshim QAT High Jump Men
UftziUGtMQA\t55\tNA\tWIC 2018 Birmingham - Erik Kynard USA High Jump Men
IMLRLRc0uNY\t62\tNA\tWIC 2018 Birmingham - Mateusz Przybylko GER High Jump Men
er7GdL76J-A\t44\tNA\tWIC 2018 Birmingham - Sofie Skoog SWE High Jump Women
PuNsXgEhko0\t30\tNA\tWIC 2018 Birmingham - Erika Kinsey SWE High Jump Women
RR4PBgqKAnI\t31\tNA\tWIC 2018 Birmingham - Jamal Wilson BAH High Jump Men
RQQkoqXmd5A\t813\tNA\tIAAF Inside Athletics 2018 - Christian Coleman.
Z_bdyO-6pG8\t72\tNA\t60 Seconds powered by IAAF  -  Mutaz Barshim
Ao_iAVAGzW8\t57\tNA\t50 Days to go IAAF World Indoor Championships Birmingham 2018
buwe6rdri40\t72\tNA\t60 Seconds Christian Taylor
eW8JCbSbPog\t1848\tNA\tIAAF 212th Council  - Press Conference highlights
Lu9va-0khA0\t3557\tNA\tIAAF Athletics Awards 2017
zpS6SaSdF5Q\t149\tNA\tWCH 2017 London– Team Great Britain 4X400 Metres relay Bronze
3OEiqHI7cus\t162\tNA\tWCH 2017 London– Team Trinidad & Tobago 4X400 Metres relay Gold
v9qugLuvUiA\t73\tNA\tWCH 2017 London– Team USA  4X400 Metres relay Silver
xx8YEQ72Bic\t108\tNA\tWCH 2017 London– Mutaz Essa Barshim QAT High jump Gold
1JH8nWvpxTU\t105\tNA\tWCH 2017 London– Team Great Britain 4X400 Metres relay Silver
y2y1UR8tlqQ\t75\tNA\tWCH 2017 London– Team USA 4X400 Metres relay Gold
mYO5v0jmFZI\t102\tNA\tWCH 2017 London– Filip Ingebrigtsen NOR 1500 Metres Bronze
VaKIecKNe0Y\t100\tNA\tWCH 2017 London – Team Spain 4x400 Metres final
wOo4IMpOXDM\t99\tNA\tWCH 2017 London – Sandra Perkovic CRO Discus throw Gold
enZ6-crEFys\t86\tNA\tWCH 2017 London – Caster Semenya RSA 800 Metres Gold
XOQBhQ7Saao\t70\tNA\tWCH 2017 London – Majd Eddin Ghazal SYR High jump Bronze
xkmgFnuqfvE\t52\tNA\tWCH 2017 London – Timothy Cheruiyot KEN 1500 Metres Silver
xRd7c8lpaW8\t72\tNA\tWCH 2017 London– Mélina Robert-Michon FRA Discus throw Bronze
PUN5v9Uqh8Q\t108\tNA\tWCH 2017 London– Dani Stevens AUS Discus throw Silver
2ICbvvJTeA0\t54\tNA\tWCH 2017 London – Asbel Kiprop KEN 1500 Metres final
6obrtI1H6vI\t65\tNA\tWCH 2017 London–Ajee Wilson USA 800 Metres Bronze
DS7IutwR0eE\t80\tNA\tWCH 2017 London–Francine Niyonsaba BDI 800 Metres Silver
O8zJMAL3IWc\t78\tNA\tWCH 2017 London–Hellen Onsando Obiri KEN 5000 Metres Gold
NRZ_iTyLASk\t98\tNA\tWCH 2017 London– Sifan Hassan NED 5000 Metres Bronze
C3iHCUZ_41c\t48\tNA\tWCH 2017 London– Laura Muir GBR 5000 Metres final
fuWfSb14ahg\t21\tNA\tWCH 2017 London - Bodycam
gQTUAlxWVRA\t74\tNA\tWCH London 2017 - 400m Hurdles - Women - Final - Kori Carter wins!
Qd-D5ALNtgw\t52\tNA\tWCH London 2017 - Triple Jump - Men - Final - Christian Taylor takes Gold!
1OtCUNxpVaQ\t61\tNA\tFinal in 60 seconds | Women's 200m | IAAF World Championships London 2017
1Sq42JpVNRg\t66\tNA\tWinning Moment | Women's 3000m Steeplechase | IAAF World Championships London 2017
89beg0cOgMs\t44\tNA\tWCH London 2017 Highlights - Hammer Throw - Men - Final - Fajdek wins!
4BZ1pK7iK6Q\t37\tNA\tWCH London 2017 Highlights - Long Jump - Women - Final - Reese wins!
rVFc2WnwwVE\t30\tNA\tWCH London 2017 Highlights - 100m Hurdles - Women - Final - Sally Pearson wins!
12UNVAkLlmY\t60\tNA\tWCH London 2017 - 4X100m - Men - Final - Usain Bolt injured, Great Britain team wins!
sx1FHRmh8h0\t55\tNA\tWinning Moment | Women's 4x100m | IAAF World Championships London 2017
NK1ySppE2cQ\t28\tNA\tWCH London 2017 Highlights - 5000m - Men - Final - Muktar Edris wins!
ir8F0KUd4II\t20\tNA\tWCH London 2017 Highlights - High Jump - Women - Final - Lasitskene wins!
toYPDSlJIyo\t31\tNA\tWCH London 2017 Highlights - Javelin Throw - Men - Final - Johannes Vetter wins!
ZihAx-5Cwbs\t124\tNA\tWCH 2017 London– Team Great Britain 4X100 Metres Gold
469A7Eju-Qs\t63\tNA\tWCH 2017 London– Team Japan 4X100 Metres Bronze
yHwR8YDbiWs\t106\tNA\tWCH 2017 London– Kevin Mayer FRA Decathlon Gold
N30P-UhCyrA\t70\tNA\tWCH 2017 London– Team USA 4X100 Metres Silver
0d6Jow-hbg0\t71\tNA\tWCH 2017 London– Team Great Britain 4X100 Metres Silver
9znnIIG3I3U\t54\tNA\tWCH 2017 London– Team USA 4X100 Metres Gold
0noV87NJ2ag\t64\tNA\tWCH 2017 London– Mo Farah GBR 5000 Metres Silver
fhk7crtJA0k\t95\tNA\tWCH 2017 London– Johannes Vetter GER Javelin throw Gold
3iQv5TUfeMU\t76\tNA\tWCH 2017 London– Petr Frydrych CZE Javelin throw Bronze
s_sn4fhTz58\t49\tNA\tWCH 2017 London– Jakub Vadlejch CZE Javelin throw Silver
u5s5e0Iz3lM\t64\tNA\tWCH 2017 London– Rico Freimuth & Kai Kazmirek GER Decathlon Silver & Bronze
Zs5vE3DJkg0\t69\tNA\tWCH 2017 London– Damian Warner CAN Decathlon
-Nz0tuyn0dQ\t66\tNA\tWCH 2017 London-  Kamila Licwinko POL High jump Bronze
3zXtN6f98aw\t12\tNA\tWCH 2017 London– Maria Lasitskene ANA High jump Gold
s3RJuUBLCX4\t70\tNA\tWCH 2017 London– Katarina Johnson-Thompson & Morgan Lake GBR High jump final
rm4x3XpzkkY\t14\tNA\tWCH 2017 London– Yuliia Levchenko UKR High jump Silver
Ctzpo69PJZQ\t124\tNA\tWCH 2017 London– Paul Kipkemoi Chelimo USA 5000 Metres Bronze
4fKCChZXg7Y\t72\tNA\tWCH 2017 London –Sally Pearson AUS 100 Metres Hurdles Gold
yW8-jCA5i1w\t60\tNA\tWCH 2017 London – Dawn Harper Nelson USA 100 Metres Hurdles Silver
qeFe8k7jRik\t70\tNA\tWCH 2017 London – Kendra Harrison USA 100 Metres Hurdles final
rDg55YVoMFU\t63\tNA\tWCH 2017 London – Pamela Dutkiewicz GER 100 Metres Hurdles Bronze
W5nJGhoKRk0\t80\tNA\tWCH 2017 London –Team Belgium 4X400 Metres relay Heat 2
Z4vZrKe9Tdw\t122\tNA\tWCH 2017 London –Team Spain 4X400 Metres relay Heat 1
YcJ1hZGQMZc\t36\tNA\tWCH 2017 London –Team Trinidad and Tobago 4X400 Metres relay Heat 2
KkwiTXb0mso\t56\tNA\tWCH 2017 London –Team Cuba 4X400 Metres relay Heat 1
kHv4bvzCNUY\t76\tNA\tWCH 2017 London –Team USA 4X400 Metres relay Heat 1
p_Rd25suLnM\t78\tNA\tWCH 2017 London –Team Great Britain 4X400 Metres relay Heat 1
lc8h9ahXdQU\t39\tNA\tWCH 2017 London –Team Botswana 4X400 Metres relay Heat 1
injXkGB1zrU\t35\tNA\tWCH 2017 London –Team France 4X100 Metres relay Heat 2
QC0jNoq_00I\t66\tNA\tWCH 2017 London –Team Great Britain and N.I 4X100 Metres relay Heat 1
B5Ct7a72G2Q\t70\tNA\tWCH 2017 London –Team Germany 4X100 Metres relay Heat 2
SLKPEqbbzsE\t42\tNA\tWCH 2017 London –Team Brazil 4X100 Metres relay Heat 2
a-FQMz1gZq0\t48\tNA\tWCH 2017 London –Team USA 4X100 Metres relay Heat 1
_GIFIkJp5YQ\t56\tNA\tWCH 2017 London – Dafne Schippers NED 200 Metres Gold
TJxYbt5RSkU\t100\tNA\tWCH 2017 London – Pawel Fajdek POL Hammer Throw Gold
O8nTU-MqY-4\t83\tNA\tWCH 2017 London – Wojciech Nowicki POL Hammer Throw Bronze
nnpswiNUr_o\t56\tNA\tWCH 2017 London – Brittney Reese USA Long Jump Gold
jM5Yb7XHAVc\t52\tNA\tWCH 2017 London – Shaunae Miller-Uibo BAH 200 Metres Bronze
KnJDIggmKLQ\t106\tNA\tWCH 2017 London – Emma Coburn USA 3000 Metres Steeplechase Gold
RPRqW1bQljI\t95\tNA\tWCH 2017 London - Dina Asher-Smith GBR 200 Metres Final
T2-2r2f4u5A\t79\tNA\tWCH 2017 London – Courtney Frerichs 3000 Metres Steeplechase Silver
th4HZMlLInk\t57\tNA\tWCH 2017 London – Hyvin Kiyeng Jepkemoi KEN 3000 Metres Steeplechase Bronze
9hlL8wxbt9c\t68\tNA\tWCH 2017 London – Damian Warner CAN Decathlon
1s9_C_-XG3M\t48\tNA\tWCH 2017 London – Karl Robert Saluri EST Decathlon
flaglPS1UjE\t51\tNA\tWCH 2017 London – Jorge Urena ESP Decathlon
XyIO5aS_RTc\t49\tNA\tWCH 2017 London – Trey Hardee USA Decathlon
x36PjOf4W0I\t80\tNA\tWCH 2017 London – Tianna Bartoletta USA Long Jump Bronze
gthovDXdcAg\t66\tNA\tWCH 2017 London – Kevin Mayer FRA Decathlon 400 Metres Heat 1
dnn_xmFEBCo\t101\tNA\tWCH 2017 London – Darya Klishina ANA Long Jump Silver
Ul0STyHyU5U\t46\tNA\tWCH 2017 London - Mihail Dudas SRB Decathlon 400 Metres Heat 1
SPlYFImoVgw\t60\tNA\tWCH 2017 London – Chris O’Hare GBR 1500 Metres Semi-Final Heat 2
5BM4fMrj9O8\t47\tNA\tWCH 2017 London – Asbel Kiprop KEN 1500 Metres Semi-Final Heat 1
sft4UM1UFxY\t51\tNA\tWCH 2017 London – Elijah Motonei Manangoi KEN 1500 Metres Semi-Final Heat 1
gNR-lTHJcnQ\t91\tNA\tWCH 2017 London – Angelika Cichocka POL 800 Metres Semi-Final Heat 2
xgo5ldwuAkA\t68\tNA\tWCH 2017 London – Charlene Lipsey & Ajee Wilson 800 Metres Semi-Final
goUWOGfYegA\t47\tNA\tWCH 2017 London – Melissa Bishop CAN 800 Metres Semi-Final Heat 1
6PqMo8zwjm8\t62\tNA\tWCH 2017 London – Pamela Dutkiewicz GER 100 Metres Hurdles Semi-Final
-W_p4k13XaM\t24\tNA\tWCH 2017 London – Christina Manning USA 100 Metres Hurdles Semi-Final
Oyu1g1n856s\t53\tNA\tWCH 2017 London – Sally Pearson AUS 100 Metres Hurdles Semi-Final
YoLXBYM0QdY\t68\tNA\tWCH 2017 London – Gianmarco Tamberi ITA High Jump Group B
BMz6Lqq4C1k\t66\tNA\tWCH 2017 London – Robert Grabarz GBR High Jump Group B
g9gkQpa1lWQ\t31\tNA\tWCH 2017 London – Mateusz Przybylko GER High Jump Group B
9xezIwFsLqc\t65\tNA\tWCH 2017 London – Mutaz Essa Barshim QAT High Jump Group A
EBjdCsz4P6M\t47\tNA\tWCH 2017 London – Bohdan Bondarenko UKR High Jump Group A
EmVPOod4TaU\t72\tNA\tWCH 2017 London – Nadine Muller GER Discus Throw Group B
PZYRAf1FDaw\t77\tNA\tWCH 2017 London – Melina Robert-Michon FRA Discus Throw Group B
wCH-ZK2G6uE\t60\tNA\tWCH 2017 London –  Dani Stevens AUS Discus Throw Group B
qPZ_iqbXBbo\t59\tNA\tWCH 2017 London – Nadine Visser NED 100 Metres Hurdles Heat 5
Z2jZfv4Vo9Q\t67\tNA\tWCH 2017 London – Christina Manning USA 100 Metres Hurdles Heat 5
y2agdrPzL5o\t51\tNA\tWCH 2017 London – Kendra Harrison USA 100 Metres Hurdles Heat 3
zvDaAmRJ1-8\t71\tNA\tWCH 2017 London – Yanique Thompson JAM 100 Metres Hurdles Heat 3
gKhnWNjYm3Q\t64\tNA\tWCH 2017 London – Denia Caballero CUB Discus Throw Group A
bY4QxAHg4Fs\t40\tNA\tWCH 2017 London – Nia Ali USA 100 Metres Hurdles Heat 2
nZBxEbera64\t83\tNA\tWCH 2017 London - Sandra Perkovic CRO Discus Throw Group A
1zJIOktgCgQ\t55\tNA\tWCH 2017 London – Danielle Williams JAM 100 Metres Hurdles Heat 1
Jrnbox_yq2c\t33\tNA\tWCH 2017 London – Andressa de Morais BRA Discus Throw Group A
nD6SxFatJrk\t116\tNA\tWCH 2017 London- Christian Taylor USA Triple jump Gold
969lZEaprX4\t110\tNA\tWCH 2017 London- Wayde Van Niekerk 200 Metres Silver
qNhNsLxUFxM\t82\tNA\tWCH 2017 London- Ramil Guliyev TUR 200 Metres Gold
Fm08yKOIing\t109\tNA\tWCH 2017 London- Will Claye USA Triple jump Silver
miJx4Fxmb4M\t70\tNA\tWCH 2017 London- Jereem Richards TTO 200 Metres Silver
DrS7CjilbKI\t46\tNA\tWCH 2017 London- Isaac Makwala BOT 200 Metres final
FhdT4MLuw5U\t66\tNA\tWCH 2017 London- Kori Carter 400 Metres hurdles Gold
fA3t832usss\t43\tNA\tWCH 2017 London- Nelson Evora Tripple jump Bronze
B1a1l7K9vIY\t56\tNA\tWCH 2017 London- Dalilah Muhammad USA 400 Metres Hurdles Silver
bshIl61bIYI\t61\tNA\tWCH 2017 London- Zuzana Hejnova 400 Metres hurdles final
ZoSI_-y_S0U\t36\tNA\tWCH 2017 London- Marie-Josée Ta Lou CIV 200 Metres Semi-final Heat 3
l0HtRHXa6PM\t42\tNA\tWCH 2017 London- Shaunae Miller-Uibo BAH 200 Metres Heat 2
Xbi-PvIWZLk\t66\tNA\tWCH 2017 London- Thomas Rohler GER Javelin throw qualification Group B
pV-BnNzfdQs\t44\tNA\tWCH 2017 London- Deajah Stevens USA 200 Metres Semi-final
kzOmWYAqr6A\t56\tNA\tWCH 2017 London- Ruth Beitia ESP High jump qualification Group B
v6C8tBBx2Lk\t42\tNA\tWCH 2017 London- Jake Wightman GBR 1500 Metres Heat 3
6ytd6fuvp7c\t76\tNA\tWCH 2017 London- Luke Mathews AUS 1500 Metres Heat 3
55k72sVmEV0\t49\tNA\tWCH 2017 London- Katarina Johnson-Thompson GBR High jump qualification Group A
IBLRIxjwg10\t33\tNA\tWCH 2017 London- Chris O'Hare GBR 1500 Metres Heat 2
vaQESxtAtUg\t53\tNA\tWCH 2017 London- Jakub Holusa CZE 15000 Metres Heat 2
sNlzs8jdmng\t91\tNA\tWCH 2017 London- Marcin Lewandowski POL 1500 Metres Heat 1
5hvzTE7bzVk\t64\tNA\tWCH 2017 London- Elijah Motonei Manangoi KEN 1500 Metres Heat 1
hWVNr8Gpb_0\t57\tNA\tWCH 2017 London- Adelle Tracey GBR 800 Metres Heat 6
zTC3B2sgYf4\t41\tNA\tWCH 2017 London- Francine Niyonsaba BDI 800 Metres Heat 6
XO0t8D1M4xo\t43\tNA\tWCH 2017 London- Charlene Lipsey USA 800 Metres Heat 5
aCLTZpfSDNU\t70\tNA\tWCH 2017 London- Marcin Krukowski POL Javelin throw qualification Group A
GLemdgD83V0\t49\tNA\tWCH 2017 London- Halima Nakaayi UGA 800 Metres Heat 4
PpCPnTBAWF4\t35\tNA\tWCH 2017 London- Margaret Nyairera Wambui KEN 800 Metres Heat 4
MR1lknCzSMs\t33\tNA\tWCH 2017 London- Caster Semenya RSA 800 Metres Heat 3
rypLTvMM0XM\t57\tNA\tWCH 2017 London- Johannes Vetter GER Javelin throw qualification Group A
zJuG7f6xCw4\t45\tNA\tWCH 2017 London- Shelayna Oskan-Clarke GBR 800 Metres Heat 2
cXGWZHXbV8I\t58\tNA\tWCH 2017 London- Ajee Wilson USA 800 Metres Heat 1
zgef0CQIxks\t113\tNA\tWCH 2017 London- Julius Yego KEN Javelin throw qualification Group A
LkNKxdqOKRo\t50\tNA\tWCH 2017 London- Ahmed Bader Magour QAT Javelin throw qualification Group A
KRp-FxhblbE\t38\tNA\tWCH 2017 London- Karoline Bjerkeli Grovdal NOR  5000 Metres Heat 2
KAzxtSe7JBQ\t56\tNA\tWCH 2017 London - Shelby Houlihan & Molly Huddle 5000 Metres Heat 2
jBwRR_9F_H4\t4282\tNA\t3rd IAAF Coaches World Conference Day 4 Part 2
Jna-mGk-Y8U\t92\tNA\tWCH 2017 London - Susan Krumins NED 5000 Metres Heat 1
ATVHvYFxbRQ\t61\tNA\tWCH 2017 London- Shannon Rowbury USA 5000 Metres Heat 1
0Hc7jJR1yDI\t59\tNA\tWCH 2017 London- Hellen Onsando Obiri KEN 5000 Metres Heat 1
NlV9cRhAA_A\t4450\tNA\t3rd IAAF Coaches World Conference Day 4 Part 1
1pn8zTjtE2c\t65\tNA\tWCH 2017 London - Karsten Warholm NOR 400 Metres hurdles Gold
eNqdFaUV2SU\t73\tNA\tWinning Moment | Women's 400m | World Athletics Championships London 2017
r-_y7n0PaQ4\t35\tNA\tWomen's Shot Put Final | IAAF World Championships London 2017
bEW4nNW1CV0\t69\tNA\tWinning Moment | Men's 400m Hurdles | IAAF World Championships London 2017
gZ8xsLGFfhU\t91\tNA\tWCH 2017 London- Phyllis Francis USA 400 Metres Gold
PHuGhuw3uEw\t99\tNA\tWCH 2017 London- Kerron Clement USA 400 Metres hurdles Bronze
-WkVK5OcfRs\t58\tNA\tWCH 2017 London- Michelle Carter USA Shot put Bronze
fNLtLUHptHo\t19\tNA\tWCH 2017 London- Lijiao Gong CHN Shot put Gold
LFHczKZAQKY\t84\tNA\tWCH 2017 London- Anita Marton HUN Shot put silver
mwIm1qs1gIg\t3858\tNA\t3rd IAAF World coaches Conference Day 3 part 1
SM8gybY-ztw\t32\tNA\tWCH 2017 London- Ameer Webb USA 200 Metres Semi final Heat 3
QkumXNeoxBs\t30\tNA\tWCH 2017 London- Jereem Richards TTO 200 Metres Semi final Heat 2
hPuXam9ooDo\t31\tNA\tWCH 2017 London- Yohan Blake JAM 200 Metres Semi final Heat 2
Jg7YwB6qK_g\t109\tNA\tWCH 2017 London- Isiah Young USA 200 Metres Semi final Heat 1
jxrTSvEssQA\t4288\tNA\t3rd IAAF World coaches Conference Day 3 part 2
AGiD61-vqC4\t64\tNA\tWCH 2017 London- Paul Kipkemoi Chelimo USA 5000 Metres Heat 2
A9I-eeQy-xI\t51\tNA\tWCH 2017 London-  Andrew Butchart GBR 5000 Metres Heat 2
losegMxqQcQ\t99\tNA\tWCH 2017 London- Tianna Bartoletta USA Long jump qualification Group A
SP2MqdT_6-M\t84\tNA\tWCH 2017 London- Justyn Knight CAN 5000 Metres Heat 1
frP6rzLsB2I\t53\tNA\tWCH 2017 London- Darya Klishina ANA Long jump qualification Group A
om9a-gVURKo\t149\tNA\tWCH 2017 London- Pawel Fajdek POL Hammer throw qualification Group A
ooVNZRmtGkY\t69\tNA\tWCH 2017 London- Belén Casetta ARG 3000 Metres Steeplechase Heat 3
VB5gj5-JdDY\t109\tNA\tWCH 2017 London- Genevieve Lacaze AUS 3000 Metres Steeplechase Heat 3
4aqdnxQA2XY\t70\tNA\tWCH 2017 London- Nick Miller GBR Hammer throw qualification Group A
Uop8x2WmYAE\t46\tNA\tWCH 2017 London- Courtney Frerichs USA 3000 Metres Steeplechase Heat 2
yu-A73Mky1A\t84\tNA\tWCH 2017 London- Felicitas Krause GER 3000 Metres Steeplechase Heat 1
LQndv9bdqfo\t35\tNA\tWCH 2017 London- Hyvin Kiyeng Jepkemoi KEN 3000 Metres Steeplechase Heat 1
AE-sQf7nX1E\t67\tNA\tWinning Moment | Men's 800m | IAAF World Championships London 2017
WXJGFkWTNwo\t30\tNA\tWCH London 2017 Highlights - 400m - Men - Final - Van Niekerk wins
SDns5ufhOY8\t60\tNA\tWCH London 2017 Highlights - 3000m Steeplechase - Men - Final - Kipruto wins
zKfbj9ngFO4\t34\tNA\tWCH London 2017 Highlights - Javelin Throw - Women - Final - Spotakova wins
BeLvGZi12-s\t27\tNA\tWCH London 2017 Highlights - Pole vault - Men - Final - Kendricks wins
89KDYg9zlpM\t887\tNA\tThe real reasons why Makwala couldn't run
mkcjh8mOq-k\t122\tNA\tWCH 2017 London- Sam Kendricks USA Pole Vault Gold
h_C3_bl2zCQ\t162\tNA\tWCH 2017 London- Renaud Lavillenie FRA Pole Vault Bronze
oC8EwNdlKVU\t183\tNA\tPierre-Ambroise Bosse Interview | IAAF World Championships London 2017
ohaiCtgKw0Q\t55\tNA\tWCH 2017 London- Piotr Lisek POL Pole Vault Silver
pqZfg2Kl4xo\t132\tNA\tWCH 2017 London- Evan Jager USA 3000 Metres Steeplechase Bronze
WgOBJEJp8F0\t53\tNA\tWCH 2017 London- Abdalelah Harounqat 400 Metres Bronze
eQ8IgId9sF8\t68\tNA\tWCH 2017 London- Kipyegon Bett KEN 800 Metres Bronze
jTxdEeUg9mw\t57\tNA\tWCH 2017 London- Adam Kszczot POL 800 Metres Silver
U3izVZBj3as\t59\tNA\tWCH 2017 London- Soufiane Elbakkali MAR 3000 Metres steeplechase silver
-cqRMtfvzuQ\t86\tNA\tWCH 2017 London- Conseslus Kipruto KEN 3000 Metres Steeplechase Gold
JD5zsnlDu_s\t79\tNA\tWCH 2017 London- Kyle Langford GBR 800 Metres final
-R3kB5lxrRI\t129\tNA\tWCH 2017 London- Barbora Spotakova CZE Javelin throw Gold
SKCj46SO9zo\t60\tNA\tWCH 2017 London- Eilidh Doyle GBR 400 Metres Hurdles Semi Final Heat 3
kk9_C7y1gFQ\t61\tNA\tWCH 2017 London- Huihui Lyu CHN Javelin throw bronze
z4RUvlophvs\t13\tNA\tWCH 2017 London- Lingwei Li CHN Javelin throw Silver
GQeERTUK-Hs\t57\tNA\tWCH 2017 London- Ristananna Tracey JAM 400 Metres Hurdles Semi Final Heat 2
naxayUsHOfQ\t82\tNA\tWCH 2017 London- Zuzana Hejnova CZE 400 Metres Semi Final Heat 1
bUrsHwptGM8\t30\tNA\tWCH 2017 London- Kori Carter USA 400 Metres Semi Final
EOUQNF4sbOg\t51\tNA\tWCH 2017 London- Sara Kolak CRO Javelin throw final
pBQBLDiWUtk\t71\tNA\tWCH 2017 London- Marie-Josée Ta Lou CIV 200 Metres Heat 6
FRbQQ__snBo\t43\tNA\tWCH 2017 London- Simone Facey JAM 200 Metres Heat 4
ucxLlRt557U\t42\tNA\tWCH 2017 London- Dina Asher-Smith GBR 200 Metres Heat 5
Y8-2tTjjeiU\t46\tNA\tWCH 2017 London- Estelle Raffai FRA 200 Metres Heat 5
aU5FlSQsi2o\t79\tNA\tWCH 2017 London- Estela Garcia 200 Metres Heat 3
ty9qpwAE5vc\t63\tNA\tWCH 2017 London- Ivet Lalova-Collio 200 Metres Heat 3
UXd-bwHWQck\t44\tNA\tWCH 2017 London- Sashalee Forbes 200 Metres Heat 3
gbKxMpCHTC4\t39\tNA\tWCH 2017 London- Mujinga Kambundji SUI 200 Metres Heat 2
8a6AX7zLpEY\t43\tNA\tWCH 2017 London- Vitoria Cristina Rosa BRA 200 Metres Heat 2
obJ_0uErgV8\t30\tNA\tWCH 2017 London- Dafne Schippers NED 200 Metres Heat 1
zx0sb7W-Mu0\t25\tNA\tWCH 2017 London Tynia Gaither BAH 200 Metres Heat 1
9mD826dDcxY\t4513\tNA\t3rd IAAF World Coaches Conference Day 2 Part 2
sMGU1YZTBL8\t2816\tNA\t3rd IAAF World Coaches Conference Day 2
FEYHthX1bO0\t59\tNA\tWCH London 2017 Highlights - Triple Jump - Women - Final - Yulimar Rojas wins
34HqkYG8UK8\t48\tNA\tWinning Moment | Women's 1500m | World Athletics Championships London 2017
jwSybkk_EWk\t33\tNA\tWCH London 2017 Highlights - Hammer Throw - Women - Final - Anita WODARCZYK wins
iQHinZ2_Y_A\t66\tNA\tWCH London 2017 Highlights - 110M Hurdles - Men - Final - Omar McLeod wins
QA3hgEgAZj8\t129\tNA\tWCH 2017 London - Yulimar Rojas VEN Triple Jump Gold
_gFSWUdlBOY\t54\tNA\tWCH 2017 London - Faith Chepngetich Kipyegon KEN 1500 Metres Gold
GMb53MiASVA\t77\tNA\tWCH 2017 London - Jennifer Simpson USA 1500 Metres Silver
gPahMbHpI_M\t38\tNA\tWCH 2017 London - Laura Muir GBR 1500 Metres Final
boJUl4F7z40\t80\tNA\tWCH 2017 London - Omar McLeod JAM 110 Metres Hurdles Gold
XrQ-wry_ghc\t47\tNA\tWCH 2017 London - Caterine Ibarguen COL Triple Jump Silver
m-Wk45d9J8k\t43\tNA\tWCH 2017 London - Aries Merritt USA 110 Metres Hurdles Final
MeHsuUrDyZE\t75\tNA\tWCH 2017 London - Sergey Shubenkov ANA 110 Metres Hurdles Silver
MJbmaH-ZgIc\t86\tNA\tWCH 2017 London - Balázs Baji HUN 110 Metres Hurdles Bronze
T5YDojHQHM0\t32\tNA\tWCH 2017 London - Orlando Ortega ESP 110 Metres Hurdles Final
jJrMqfCXVt8\t63\tNA\tWCH 2017 London - Phyllis Francis USA 400 Metres Heat 3
lGRpq-e9IzU\t42\tNA\tWCH 2017 London - Yasmani Copello 400 Metres Hurdles Heat 3
0nw2ZAy8Fgg\t86\tNA\tWCH 2017 London - Kariem Hussein SUI 400 Metres Hurdles Heat 2
hjudnedjkBQ\t23\tNA\tWCH 2017 London - Zheng WANG CHN Hammer Throw Silver
nGcj0m2VaxM\t31\tNA\tWCH 2017 London - Kerron Clement USA 400 Metres Hurdles Heat 1
WVhB9ALVKg8\t52\tNA\tWCH 2017 London - Sophie Hitchon GBR Hammer Throw Final
5SYjp3znKRM\t59\tNA\tWCH 2017 London - Eilidh Doyle GBR 400 Metres Hurdles Heat 4
QX1OiJ5fia0\t46\tNA\tWCH 2017 London - Wenda Nel RSA 400 Metres Hurdles Heat 4
JvGUl78ZDuY\t32\tNA\tWCH 2017 London - Shamier Little USA 400 Metres Hurdles Heat 3
b3daR7U42SI\t71\tNA\tWCH 2017 London - Zuzana Hejnová CZE 400 Metres Hurdles Heat 2
EN89uluqaB4\t80\tNA\tWCH 2017 London - Pablo Torrijos ESP Triple Jump Qualification
qmlkNpM2YDg\t52\tNA\tWCH 2017 London - Dalilah Muhammad USA 400 Metres Hurdles Heat 1
b76vHYu68zI\t30\tNA\tWCH 2017 London - Sparkle McKnight TTO 400 Metres Hurdles Heat 1
qO4K7KrNGb0\t45\tNA\tWCH 2017 London - Nethaneel Mitchell-Blake GBR 200 Metres Heat 7
mvxLsz_9mNc\t86\tNA\tWCH 2017 London - Christian Taylor USA Triple Jump Qualification
YH3HojklWu4\t47\tNA\tWCH 2017 London - Sydney Siame ZAM 200 Metres Heat 5
ggvBt2EAIvM\t74\tNA\tWCH 2017 London - Christophe Lemaitre FRA 200 Metres Heat 4
cHTxSx4oN4w\t68\tNA\tWCH 2017 London - Ramil Guliyev 200 Metres Heat 4
zgEGMgVZm3w\t25\tNA\tWCH 2017 London - Ameer WEBB USA 200 Metres Heat 4
7VK3JaT4sNc\t107\tNA\tWCH 2017 London - Tori Bowie USA 100 Metres Gold
QA2oYSCzkvI\t42\tNA\tWCH 2017 London - Jereem Richards TTO 200 Metres Heat 2
d-DTDtfjfzo\t28\tNA\tWCH 2017 London - Kyree King USA 200 Metres Heat 2
m8kWlRI44IQ\t33\tNA\tWCH 2017 London - Alex Wilson SUI 200 Metres Heat 1
IAvE0WFy0mg\t74\tNA\tWCH London 2017 Highlights - 10 000m - Men - Final - Farah wins
Ru1stNzMzuE\t39\tNA\tWCH London 2017 Highlights - 10 000m - Women - Final - Ayana wins
1baRJgEKJ64\t32\tNA\tWCH London 2017 Highlights - Pole vault - Men - Qualifications
WijCDAdIwNk\t63\tNA\tWinning Moment | Men's 100m | IAAF World Championships London 2017
dMQauN60zlk\t59\tNA\tWCH London 2017 Highlights - Long Jump - Men - Final - Manyonga wins
29gb4FdidBY\t80\tNA\tWCH London 2017 Highlights - 110m Hurdles - Men - Heat
xFKeRreP3aY\t62\tNA\tWCH London 2017 Highlights - Marathon - Men - Abel Kirui wins
LThqKajuQBs\t43\tNA\tWCH London 2017 Highlights - 400m - Women
84LrxcvsCic\t28\tNA\tWCH London 2017 Highlights - Pole vault - Women - Final - Stefanidi wins gold
E0yaQ7SU_A0\t73\tNA\tWinning Moment | Women's 100m | IAAF World Championships London 2017
ElQvoqk1RqQ\t34\tNA\tWCH London 2017 Highlights - Shot put - Men - Final - Tomas Walsh wins
NRjYfl1IVhw\t39\tNA\tWCH London 2017 Highlights - Heptahlon - Women - Nafissatou Thiam wins
zK-bX30knrg\t28\tNA\tWCH 2017 London - Pole vault Women
jK9YGQopxto\t94\tNA\tWCH 2017 London - Ekaterini Stefanidi GRE Pole Vault Gold
CdrQpH_MAtw\t30\tNA\tWCH 2017 London - Elaine Thompson JAM 100 Metres Final
KJF0WlZSEqU\t59\tNA\tWCH 2017 London - Dafne Schippers NED 100 Metres Bronze
LqIokDgOe9I\t78\tNA\tWCH 2017 London - Tomas Walsh NZL Shot Put Gold
_PYEwhazYEU\t86\tNA\tWCH 2017 London - Marie-Josee Ta Lou CIV 100 Metres Silver
IrTnTqxVfTk\t87\tNA\tWCH 2017 London - Sandi Morris USA Pole Vault Silver
c2AgfQgSWes\t113\tNA\tWCH 2017 London - Nafissatou Thiam BEL Heptathlon Gold
TZafK0sFJuE\t63\tNA\tWCH 2017 London - Stipe Zunic CRO Shot Put Bronze
WJI5quSvtFs\t28\tNA\tWCH 2017 London - Joe Kovacs USA Shot Put Silver
qUt7MsERruY\t45\tNA\tWCH 2017 London - Ryan Crouser USA Shot Put Final
FtcWrrF6ZOI\t45\tNA\tWCH 2017 London - Katarina Johnson-Thompson Heptathlon Day 2
N7KSnRPRDjs\t21\tNA\tWCH 2017 London - Carolin Schafer GER Heptathlon Silver
9lNdDRedBJU\t71\tNA\tWCH 2017 London - Anouk Vetter NED Heptathlon Bronze
2e799ySPDxY\t21\tNA\tWCH 2017 London - Geraldine Ruckstuhl SUI Heptathlon Day 2
9qTIEuFKm4k\t40\tNA\tWCH 2017 London - Erica Bougard USA Heptathlon Day 2
YkDGOjP_jOk\t60\tNA\tWCH 2017 London - Balazs Baji HUN 110 Metres Hurdles Semi Final 3
_5SqUdpyGg0\t30\tNA\tWCH 2017 London - Omar McLeod JAM 110 Metres Hurdles Semi Final 1
ZhrBemDSz3s\t24\tNA\tWCH 2017 London - Shane Brathwaite BAR 110 Metres Hurdles Semi Final 2
uhXYoHLrwCs\t54\tNA\tWCH 2017 London - Orlando Ortega ESP 110 Metres Hurdles Semi Final 1
naI5dz6MvbM\t31\tNA\tWCH 2017 London - Demish Gaye JAM 400 Metres Semi Final 3
tmQJPcJxzR8\t46\tNA\tWCH 2017 London - LaShawn Merritt USA 400 Metres Semi Final 2
MqzUjDu_lz4\t66\tNA\tWCH 2017 London - Oscar Husillos ESP 400 Metres Semi Final 1
z3U1IG0eiFA\t29\tNA\tWCH 2017 London - Orlando Ortega ESP 110 Metres Hurdles Heat 5
Rqn7cwZs3XU\t48\tNA\tWCH 2017 London - Aries Merritt USA 110 Metres Hurdles Heat 3
-dZYNujYlf8\t37\tNA\tWCH 2017 London - Shane Brathwaite BAR 110 Metres Hurdles Heat 3
RrEB9nYGY4Q\t105\tNA\tWCH 2017 London - Renaud Lavillenie FRA Pole Vault Qualification
Rk7_j70qOnc\t50\tNA\tWCH 2017 London - Yordan L. O'Farrill 110 Metres Hurdles Heat 1
tnJIWKbKZzE\t65\tNA\tWCH 2017 London - Pawel Wojciechowski POL Pole Vault Qualifiation
sfILKvsHKlU\t33\tNA\tWCH 2017 London - Patience Okon George NGR 400 Metres Heat 5
AgwUeqVTLHA\t64\tNA\tWCH 2017 London - Quanera Hayes USA 400 Metres Heat 5
0hKki189IZ8\t38\tNA\tWCH 2017 London - Phyllis Francis USA 400 Metres Heat 4
8BqEBetA3ms\t48\tNA\tWCH 2017 London - Kebange Mupopo ZAM 400 Metres Heat 3
sf0W9TXtLQY\t35\tNA\tWCH 2017 London - Allyson Felix USA 400 Metres Heat 1
tkrfSdbhrZk\t35\tNA\tWCH 2017 London - Ashley Kelly IVB 400 Metres Heat 1
UKWWyxAyaBQ\t79\tNA\tWCH 2017 London - Jack Green GBR 400 Metres Hurdles Heat 5
1mMCujetTb0\t44\tNA\tWCH 2017 London - Juander Santos DOM 400 Metres Hurdles Heat 4
YZvJgV7qANk\t94\tNA\tWCH 2017 London - Yasmani Copello TUR 400 Metres Hurdles Heat 3
zebxNavkS4c\t36\tNA\tWCH 2017 London - Jaheel Hyde JAM 400 Metres Hurdles Heat 2
hkpk-vA3DVk\t38\tNA\tWCH 2017 London - TJ Holmes USA 400 Metres Hurdles Heat 2
H0sVgaEdJWA\t71\tNA\tWCH 2017 London - Kerron Clement USA 400 Metres Hurdles Heat 1
bQrCGKjNxEg\t31\tNA\tWCH 2017 London - Kemar Mowatt JAM 400 Metres Hurdles Heat 1
81kFhBMT7Xk\t57\tNA\tWCH 2017 London - Altobeli Da Silva BRA 3000M Steeplechase Heat 3
QZXAQdWbigo\t49\tNA\tWCH 2017 London - Jonathan Romeo ESP 3000M Steeplechase Heat 3
SOyV0xuvQic\t68\tNA\tWCH 2017 London - Evan Jager USA 3000M Steeplechase Heat 2
tzIPbeaIOgs\t146\tNA\tWCH 2017 London - Leuan Thomas GBR 3000M Steeplechase Heat 2
tGJkvcJw2s0\t90\tNA\tWCH 2017 London - Yoann Kowal FRA 3000M Steeplechase Heat 2
QWQlHXMaF0A\t68\tNA\tWCH 2017 London - Zak Seddon GBR 3000M Steeplechase Heat 1
wjVSYOyixtc\t49\tNA\tWCH 2017 London - Mahiedine Mekhissi FRA 3000M Steeplechase Heat 1
HcosYQt_01g\t100\tNA\tUsain Bolt's 100m Bronze Medal Interview | IAAF World Championships London 2017
-mPtAurG0Uw\t60\tNA\tWCH 2017 London - Justin Gatlin USA 100 Metres Gold
MEtKLWeE_94\t66\tNA\tWCH 2017 London - Katarina Johnson-Thompson GBR Heptathlon Day 1
zamQIb3NNl0\t44\tNA\tWCH 2017 London - Carolin Schafer GER Heptathlon Day 1
n08yBoP2zNA\t92\tNA\tWCH 2017 London - Nafissatou Thiam BEL Heptathlon Day 1
UhMsM5ZH158\t44\tNA\tWCH 2017 London - Geraldine Ruckstuhl SUI Heptathlon Day 1
j-b3z60-Qfs\t55\tNA\tWCH 2017 London - Sharon Day-Monroe USA Heptathlon Day 1
dBQqb5vlye4\t46\tNA\tWCH 2017 London - Natasha Wodak CAN 10000 Metres Final
rjXdAe_2oyQ\t81\tNA\tWCH 2017 London - Andrius Gudzius LTU Discus Throw Gold
gh4InzTgVRw\t61\tNA\tWCH 2017 London - Mason Finley USA Discus Throw Bronze
1-zUaPVcC6o\t61\tNA\tWCH 2017 London - Daniel Stahl SWE Discus Throw Silver
E3kYRshe9vA\t80\tNA\tWCH 2017 London - Robert Harting GER Discus Throw Final
rDFAVBfhjCo\t36\tNA\tWCH 2017 London - Laura Weightman GBR 1500 Metres Semi Final 2
4RnIpwgtChM\t54\tNA\tWCH 2017 London - Jennifer Simpson USA 1500 Metres Semi Final 2
9BXS2mWz6Uc\t68\tNA\tWCH 2017 London - Jessica Judd GBR 1500 Metres Semi Final 1
qzAorQ_hLbw\t41\tNA\tWCH 2017 London - Hanna Klein GER 1500 Metres Semi Final 1
D4miSThpljQ\t52\tNA\tWCH 2017 London - Chijindu Ujah GBR 100 Metres Semi Final 3
Q70vw5G1Dzk\t48\tNA\tWCH 2017 London - Akani Simbine RSA 100 Metres Semi Final 1
WHZUuWPn4P0\t61\tNA\tWCH 2017 London - LaShawn Merritt USA 400 Metres Heat 5
ieUea3-Bzr8\t49\tNA\tWCH 2017 London - Jamal Walton CAY 400 Metres Heat 5
HVW-eSf2-Io\t48\tNA\tWCH 2017 London - David Storl GER Shot Put Qualification
taJfGnwUtJw\t50\tNA\tWCH 2017 London - Nijel Amos BOT 800 Metres Heat 5
03iiu4ogyhQ\t71\tNA\tWCH 2017 London - Ferguson Cheruiyot Rotich KEN 800 Metres Heat 3
B0HCWYCeS1I\t44\tNA\tWCH 2017 London - Marie-Josee Ta Lou CIV 100 Metres Heat 4
BODBc44qTyg\t42\tNA\tWCH 2017 London - Gil Roberts USA 400 Metres Heat 6
GTA-mCgaB10\t79\tNA\tWCH 2017 London - Isaac Makwala BOT 400 Metres Heat 5
zRfc4MYMvHc\t33\tNA\tWCH 2017 London - Ariana Washington USA 100 Metres Heat 2
GJKBuKvjdJk\t75\tNA\tWCH 2017 London - Dwayne Cowan GBR 400 Metres Heat 3
yU73lKIumEQ\t86\tNA\tWCH 2017 London - Machel Cedenio TTO 400 Metres Heat 2
FRv1vhWJwjs\t97\tNA\tWCH 2017 London - Tomas Stanek CZE Shot Put Qualification
U_QllCoYENc\t53\tNA\tWCH 2017 London - Lalonde Gordon TTO 400 Metres Heat 1
ddE1JFSgRmA\t54\tNA\tWCH 2017 London - Ryan Crouser USA Shot Put Qualification
w_0Y-e9lQKU\t64\tNA\tWCH 2017 London - Stipe Zunic CRO Shot Put Qualification
5GkAuj7_CiM\t80\tNA\tWCH 2017 London - Nery Brenes CRC 400 Metres Heat 2
06BlDdbiIOQ\t52\tNA\tWCH 2017 London - Kevin Borlee BEL 400 Metres Heat 1
-CMkI9u3D80\t46\tNA\tWCH 2017 London - Ryan Whiting USA Shot Put Qualification
-wCV4_XwhE0\t31\tNA\tWCH 2017 London - Demish Gaye JAM 400 Metres Heat 3
RzoMyYMwa3E\t50\tNA\tWCH 2017 London - Guy Learmonth GBR 800 Metres Heat 6
kdCMK1ez2PE\t30\tNA\tWCH 2017 London - Mohammed Aman ETH 800 Metres Heat 6
LegoLnMRvkQ\t52\tNA\tWCH 2017 London - Emmanuel Kipkurui Korir KEN 800 Metres Heat 4
AnFSmZeB12g\t34\tNA\tWCH 2017 London - Elliot Giles GBR 800 Metres Heat 3
ilPuGDwHFI4\t69\tNA\tWCH 2017 London - Kevin Lopez ESP 800 Metres Heat 2
XzabE27WIkg\t49\tNA\tWCH 2017 London - Jesus Tonatiu Lopez MEX 800 Metres Heat 2
dSERETqFOb8\t58\tNA\tWCH 2017 London - Andreas Kramer SWE 800 Metres Heat 1
Z_-hikk0Ejg\t76\tNA\tWCH 2017 London - Drew Windle USA 800 Metres Heat 1
9UwxESeLbss\t16\tNA\tWCH 2017 London - Joanna Fiodorow POL Hammer Throw Qualification
Inr1hcPLowA\t33\tNA\tWCH 2017 London - Deajah Stevens USA 100 Metres Heat 6
X0v3nVFAc3w\t31\tNA\tWCH 2017 London - Rosangela Santos BRA 100 Metres Heat 5
vsoeYWzkOCc\t63\tNA\tWCH 2017 London - Dafne Schippers NED 100 Metres Heat 4
pmS92R7Ezuc\t37\tNA\tWCH 2017 London - Carina Horn RSA 100 Metres Heat 4
AY3kL-URsQQ\t77\tNA\tWCH 2017 London - Gina LuckenKemper GER 100 Metres Heat 1
YQ6m8a2z0a8\t65\tNA\tWCH 2017 London - Caterine Ibarguen COL Triple Jump Qualification
K_69DCjC9xU\t97\tNA\tWCH 2017 London - Oscar Husillos ESP 400 Metres Heat 5
MSFD0bTUuR0\t46\tNA\tWCH 2017 London - Wilbert London III USA 400 Metres Heat 4
qhCXnY6Fn1k\t18\tNA\tWCH 2017 London - Zheng Wang CHN Hammer Throw Qualification
f5GN98NK98g\t66\tNA\tWCH 2017 London - 10.000m Final Mo Farah Gold
RD2SmeQHOMc\t120\tNA\tWCH 2017 London - Paul Kipngetic Tanui KEN 10000 Metres Bronze
wEas0xvSRhE\t110\tNA\tWCH 2017 London - Sandi Morris USA Pole Vault Qaulification
I8ajA0I05BQ\t91\tNA\tWCH 2017 London - Shadrack Kipchirchir USA 10000 Metres Final
Bnz6sGzSvD4\t57\tNA\tWCH 2017 London - Chijindu Ujah GBR 100 Metres Heat 4
Cl3VH62afJo\t59\tNA\tWCH 2017 London - Christopher Beltcher USA 100 Metres Heat 4
F_k_pvHSHCk\t32\tNA\tWCH 2017 London - Reece Prescod GBR 100 Metres Heat 3
ouz2WsbK6zo\t81\tNA\tWCH 2017 London - Christian Coleman USA 100 Metres Heat 1
Q6Ol8xMmB6s\t20\tNA\tWCH 2017 London - Cejhae Greene ANT 100 Metres Heat 1
RP_Pv2Xc3lQ\t44\tNA\tWCH 2017 London - Konstanze Klosterhalfen GER 1500 Metres Heat 3
-aRZ-sqgQx8\t71\tNA\tWCH 2017 London - Sifan Hassan NED 1500 Metres Heat 2
K6Z9290ru4o\t29\tNA\tWCH 2017 London - Hanna Klein GER 1500 Metres Heat 2
aufNjTUwh6A\t89\tNA\tWCH 2017 London - Jessica Judd GBR 1500 Metres Heat 1
kUNphsXco2E\t62\tNA\tWCH 2017 London - Marta Perez ESP 1500 Metres Heat 1
NAex1lMR2io\t40\tNA\tWCH 2017 London - Angelika Cichocka POL 1500 Metres Heat 1
MHKjWmCFELQ\t24\tNA\tWCH 2017 London - Winny Chebet KEN 1500 Metres Heat 1
Sv-Wno4ysuE\t87\tNA\tWCH 2017 London - Warren Fraser BAH 100 Metres Preliminary Round 4
rqMOxlHJTAE\t69\tNA\tWCH 2017 London - Jan Volko SVK 100 Metres Preliminary Round 3
IsFHqVNc46M\t62\tNA\tIAAF Athletics Connect 2017 Celebrating Athletics
7SXVmw-JEh4\t114\tNA\tIAAF Athletics Connect 2017 Inspiring
w166vWYwMYo\t66\tNA\tIAAF Athletics Connect 2017 The Athlete
poder19af7M\t114\tNA\tIAAF Athletics Connect 2017 Fun Athletics Facts
ipgmQ47eo5s\t67\tNA\tIAAF Athletics Connect 2017   The Making of film
7LRMaJQVlY4\t387\tNA\tIAAF President Sebastian Coe - Closing athletics connect 2017
i9MIk7rO4Ac\t870\tNA\tIAAF President Sebastian Coe - Opening Keynote athletics connect 2017
u8xYNz-lWKE\t108\tNA\t10 Days to go
xhsLcu2ogMg\t776\tNA\tInside Athletics 2017 Bahamas - Tianna Bartoletta
utetgAKDLYg\t40\tNA\tIAAF WU18 Mixed Zone - Mixed Relay Silver Jam
q79KffP7MG8\t60\tNA\tIAAF WU18 Mixed Zone - Mixed Relay Bronze RSA
HZIs04iWu4c\t39\tNA\tIAAF WU18 Mixed Zone - Mixed Relay Gold BRA
ydtvzlF_lUs\t62\tNA\tIAAF WU18 Mixed Zone   2000m SC Gold Leonard Kipkemoi BETT
v96MDBksKno\t59\tNA\tIAAF WU18 Mixed Zone   2000m SC Silver Cleophas Kandie MEYAN
SfztAutDZsQ\t76\tNA\tIAAF WU18 Mixed Zone   2000m SC Bronze Alemu KITESSA
EPL9RUfx8Kw\t31\tNA\tIAAF WU18 Mixed Zone   Long Jump Bronze Diane MOUILLAC
ouvowney_7g\t23\tNA\tIAAF WU18 Nairobi - Pole Vault Men Gold Matthias ORBAN
7nnWnpkBxEc\t34\tNA\tIAAF WU18 Nairobi - Pole Vault Men Bronze Illya KRAVCHENKO
h140hJcgUMA\t57\tNA\tIAAF WU18 Nairobi - Pole Vault Men Silver Christos TAMANIS
87q9ezNUFEQ\t42\tNA\tIAAF WU18 Nairobi - 100m Women Silver Cyrena SAMBA MAYELA
agXdq49_HiI\t60\tNA\tIAAF WU18 Nairobi - 100m Women Gold Britany ANDERSON
Fu4EGwnPFt4\t77\tNA\tIAAF WU18 Nairobi - 100m Women Bronze Daszay FREEMAN
ZlnfczRQ8ag\t91\tNA\tIAAF WU18 Nairobi - Javelin Women Gold Marisleisys DUARTHE
2D_a04UVyaw\t126\tNA\tIAAF WU18 Nairobi - 3000m Men Gold Selemon BAREGA
INUS30xQtEg\t78\tNA\tIAAF WU18 Nairobi - 3000m Men Silver Edward ZAKAYO
wzbF69bEk7Y\t57\tNA\tIAAF WU18 Nairobi - 3000m Men Bronze Stanley Mburu WAITHAKA
uoQX9RGqOKo\t67\tNA\tIAAF WU18 Nairobi - 200m Men Bronze Luis BRANDNER
xu6kagNeI5E\t41\tNA\tIAAF WU18 Nairobi - 200m Men Gold Retshidisitswe MLENGA
oEnbD9IMA1M\t60\tNA\tIAAF WU18 Nairobi - 800m Women Gold Jackline WAMBUI
O0mbO989giI\t23\tNA\tIAAF WU18 Nairobi - 800m Women Bronze Hirut MESHESHA
MucZ5_gxYDo\t57\tNA\tIAAF WU18 Nairobi - 800m Women Silver Lydia Jeruto LAGAT
04HcIXU33pI\t63\tNA\tIAAF WU18 Nairobi - 200m Men Silver Tshenolo LEMAO
_XNelUIcD-o\t26\tNA\tIAAF WU18 Nairobi - 200m Women Bronze Mizgin AY
FGBwLrkFUyU\t79\tNA\tIAAF WU18 Nairobi  - 200m Women Gold Talea PREPENS
vPCapZqrDEc\t68\tNA\tIAAF WU18 Nairobi - 200m Women Silver Jael BESTUE
hGSDna3F07o\t42\tNA\tIAAF WU18 Nairobi - Pole vault Women Silver Leni Freyja WILDGRUBE
mWvBhp8n-D8\t41\tNA\tIAAF WU18 Nairobi - Pole vault Women Bronze Anna AIRAULT
pFXQODGRboc\t59\tNA\tIAAF WU18 Nairobi - 800m Men Bronze Japhet Kibiwott TOROITICH
jf_cZIKZtmU\t35\tNA\tIAAF WU18 Nairobi - Discus Throw Men Bronze Morne BRANDON
zvLEc1K80Mk\t65\tNA\tIAAF WU18 Nairobi - Heptathlon Gold Maria VICENTE
oHvqm2EaFTg\t56\tNA\tIAAF WU18 Nairobi - Discus Throw Men Gold Claudio ROMERO
dc5l1dTdk0g\t67\tNA\tIAAF WU18 Nairobi - Heptathlon Silver Johanna SIEBLER
4jVrxDZ9g6o\t33\tNA\tIAAF WU18 Nairobi - 1500m Women Gold Lemlem HAILU
sm8nA4dq68k\t62\tNA\tIAAF WU18 Nairobi - 1500m Women Silver Sindu GIRMA
tOgc6EzJiJw\t26\tNA\tIAAF WU18 Nairobi - Triple Jump Bronze Zulia HERNANDEZ
s7K2NlcRJ5M\t35\tNA\tIAAF WU18 Nairobi - 400m Hurdless Women Bronze Gisele WENDER
ptHaOQhiIB8\t38\tNA\tIAAF WU18 Nairobi - 400m Hurdless Women Gold Zeney VAN DER WALT
pD5Oc5qFm5w\t19\tNA\tIAAF WU18 Nairobi - Triple Jump Gold Qiujiao TAN
oRY0Uo_ayXs\t57\tNA\tIAAF WU18 Nairobi - 400m Hurdless Men Gold Zazini SOKWAKHANA
i7oCAGzZuL0\t39\tNA\tIAAF WU18 Nairobi - 400m Hurdless Men Silver Moitalel Mpoke NAADOKILA
FfWhkNN_ulU\t116\tNA\tIAAF WU18 Nairobi - 400m Hurdless Men Bronze
4jkIYbZ06H0\t6\tNA\tIAAF WU18 Nairobi - Triple Jump Silver Aleksandra NACHEVA
-1mpU6EB23Y\t108\tNA\tIAAF WU18 Nairobi - Hammer throw Women Gold Amanda ALMENDÁRIZ
hIyyZdvCHYg\t10\tNA\tIAAF WU18 Nairobi - Hammer throw Women Bronze
6SrH59ctVzY\t46\tNA\tIAAF WU18 Nairobi - Hammer throw Women Silver Yaritza de la C. MARTÍNEZYaritza de la C. MARTÍNEZ
3yIpsLX-Jg0\t61\tNA\tIAAF WU18 Nairobi - High Jump Men Gold Breyton POOLE
qzYNi2SYbhE\t52\tNA\tIAAF WU18 Nairobi - High Jump Men Silver Chima IHENETU
hb0jUTtKeJQ\t58\tNA\tIAAF WU18 Nairobi - Mixed Relay Heat Kenya
FLEXtNN37rA\t28\tNA\tIAAF WU18 Nairobi - High Jump Men Bronze Vladyslav LAVSKYY
AfYS-IwdWIU\t110\tNA\tIAAF WU18 Nairobi   5K Race Walk Women Gold Glenda MOREJON
2sY14X9Wxwk\t18\tNA\tIAAF WU18 Nairobi   5K Race Walk Women Silver Meryem BEKMEZ
XguGXPzXBvc\t107\tNA\tIAAF WU18 Nairobi - 10K Race Walk Men Gold Yao ZHANG
KCZeb9Hi-CY\t67\tNA\tIAAF WU18 Nairobi - 10K Race Walk Men Bronze Dominic Samson NDINGITI
KezrIlT2Cj8\t82\tNA\tIAAF WU18 Nairobi - 110m Hurdles Men Bronze Thomas WANAVERBECQ
mWYM1o63Sog\t93\tNA\tIAAF WU18 Nairobi - Discus Women Bronze Quantong LIU
dMfwO5oQuoc\t68\tNA\tIAAF WU18 Nairobi - Discus Women Gold Silinda O  MORALES
SLvboOo4Hxg\t77\tNA\tIAAF WU18 Nairobi - Discus Women Silver Leia BRAUNAGEL
wV9JgkxFNxM\t29\tNA\tIAAF WU18 Nairobi - 2000m Women Gold Caren CHEBET
LgbhS-wmmm8\t35\tNA\tIAAF WU18 Nairobi - 400m Women Bronze Giovana Rosalia DOS SANTOS
5ZJV3wxFbPQ\t63\tNA\tIAAF WU18 Nairobi  - 400m Women Gold Barbora MALIKOVA
uXZ161yJb8o\t95\tNA\tIAAF WU18 Nairobi - High Jump Women Gold Yaroslava MAHUCHIKH
WSQJ9oSWb4o\t31\tNA\tIAAF WU18 Nairobi - 400m Women Silver Mary MORAA
MCilj5V33U0\t75\tNA\tIAAF WU18 Nairobi - High Jump Women Bronze Lavinja JURGENS
8At7bZFVG3s\t81\tNA\tIAAF WU18 Nairobi - 400m Men Bronze Colby JENNINGS
lCcGjfssw5Q\t39\tNA\tIAAF WU18 Nairobi  - Hammer throw men Gold Mykhaylo KOKHAN
S_w_O3OzyL0\t19\tNA\tIAAF WU18 Nairobi - Hammer throw men Silver Damneet SINGH
PdCk6Mw_-8U\t64\tNA\tIAAF WU18 Nairobi - Hammer Throw Men Bronze Raphael WINKELVOSS
N7Jl2-zA7BI\t93\tNA\tIAAF WU18 Nairobi  - 1500m men Gold George Meitamei MANANGOI
C8rerrXNcXw\t76\tNA\tIAAF WU18 Nairobi - Triple Jump Men Gold Jordan A.  DIAZ
NFuDpbftdrA\t61\tNA\tIAAF WU18 Nairobi - KARIBU
bIWYzFexme4\t113\tNA\tIAAF WU18 Nairobi - Javelin Throw men Gold Zhekai LIU
SzhTkwgu27c\t17\tNA\tIAAF WU18 Nairobi - 100m men Silver Magdalena STEFANOWICZ
gQJ3xOwVFPU\t33\tNA\tIAAF WU18 Nairobi  - Javelin Throw men Bronze Qingshu SONG
Osm2Lg-oxNM\t52\tNA\tIAAF WU18 Nairobi  - 100m men Gold Mizgin AY
izvHbgE7K6M\t123\tNA\tIAAF WU18 Nairobi  - Decathlon Men Gold Steven FAUVEL CLINCH
PwS7CXTq9OQ\t87\tNA\tIAAF WU18 Nairobi - Decathlon Men Bronze Leo NEUGEBAUER
9YEDXAEUMn4\t70\tNA\tIAAF WU18 Nairobi - Shot Put Men Bronze Jonathan DE LACEY LACEY
lEA80XObRms\t99\tNA\tIAAF WU18 Nairobi - Shot Put Men Gold Timo NORTHOFF
ta-K9-qJtz0\t54\tNA\tIAAF WU18 Nairobi - Shot Put Men Silver Mikhail SAMUSEU
Z5YEm9d1aIg\t107\tNA\tIAAF WU18 Nairobi - Long Jump Men Gold Medal Maikel Y. VIDAL
tbT0dc9yQVc\t40\tNA\tIAAF WU18 Nairobi - Long Jump Men Silver Medal Lester A. LESCAY
0Qfx5aqJiEI\t60\tNA\tCOE VISITS ATHLETE REFUGEE TEAM ON EVE OF IAAF WORLD U18 CHAMPIONSHIPS DEBUT
u1Y_nsuswqg\t82\tNA\tIAAF WU18 Mixed Zone - Shotput Women Final Gold Selina DANTZLER
2_L-op7RLdQ\t68\tNA\tIAAF WU18 Mixed Zone - Shotput Women Final Bronze Yue SUN
j7uO-NTGDYs\t68\tNA\tIAAF WU18 Mixed Zone - Shotput Women Final Silver Tianxiao YU
Pp9P7h1j-E0\t89\tNA\tIAAF WU18 Mixed Zone - 3000m Women Final Gold Abersh MINSEWO
nVVIFaVigjo\t65\tNA\tIAAF WU18 Mixed Zone - 3000m Women Final Bronze Yitayish MEKONENE
92hO8T2x9hI\t35\tNA\tIAAF WU18 Mixed Zone - 3000m Women Final Silver Emmaculate CHEPKIRUI
aCURnpKc_ms\t93\tNA\tIAAF WU18 Mixed Zone - 100m Men Final Gold Tshenolo LEMAO
OMorHy4g4vo\t71\tNA\tIAAF WU18 Mixed Zone - 100m Men Final Bronze Tyreke WILSON
YBhUVXnqbMk\t47\tNA\tIAAF WU18 Nairobi Mixed Zone - 100m Men Final Silver Retshidisitswe MLENGA
Mj5pxzIk4HQ\t134\tNA\tIAAF WU18 Nairobi - Warm up
QQ6y3F6Oh04\t710\tNA\tIAAF WU18 Nairobi - Press Conference Athletes
t98xRKyouUc\t593\tNA\tWorld U18 Nairobi -  Press Conference
MKsu0wqHzb4\t37\tNA\tIAAF World U18 Championships Nairobi - Preview
t68HdHXaomw\t793\tNA\tInside Athletics 2017 Bahamas  - Adam Gemili
5RtqdogegKE\t141\tNA\tNew IAAF YouTube channel
GpgqrII-XTM\t48\tNA\t30 Days to go WCH 2017 London
5yObDrCE8nM\t591\tNA\tInside Athletics 2017 Bahamas - Floria Guei
lhStMBYePNo\t647\tNA\tTop 5 100m Men at IAAF World Championships
GKztt0hZ4Ck\t812\tNA\tTop 5  Decathlon at IAAF World Championships
HDtgZKNUCwU\t207\tNA\tLegend Of Athletics - Sebastian Coe - Signature Edition
l_ueAbJ6XzQ\t212\tNA\tLegend Of Athletics - Sergey Bubka - Signature Edition
LICj-fXXYAI\t127\tNA\t50 Days to go - World Championships 2017 London
QabqZ06kj_A\t741\tNA\tIAAF Inside Athletics - Season 5 - Episode 9 - Thiago Braz da Silva
aigbgd0EkgA\t112\tNA\tIWR Bahamas 2017 -  4X400m Mixed Relay Musical
TSLcfDKVjPM\t895\tNA\tIAAF Inside Athletics - Season 5 - Episode 8 - Elaine Thompson
RTzyaTQfQ-I\t556\tNA\tIAAF Inside Athletics - Season 5 - Episode 7 Matej Toth
OiyZI0IJS3E\t686\tNA\tIAAF Inside Athletics - Season 5 - Thomas Rohler
WD4QO1gD_gg\t107\tNA\tIAAF/BTC World Relays Bahamas 2017 - 4X200m Men Team Bahamas 5th
8y9sCIjEiHw\t77\tNA\tIAAF/BTC World Relays Bahamas 201 - 4X200m Men Team Jamaica Bronze
aVNuldccbQw\t69\tNA\tIAAF/BTC World Relays Bahamas 2017 - 4X200m Men Team Canada Gold
2a8tveM3Rn0\t73\tNA\tIAAF/BTC World Relays Bahamas 2017 - 4X100m Women Team USA DNF
pv8E6orsXGA\t118\tNA\tIAAF/BTC World Relays Bahamas 2017 - 4X800m Men Refugee Team
sy215ldrQiE\t92\tNA\tIAAF/BTC World Relays Bahamas 2017 - 4X800m Men Team USA Gold
zizDFjMeR90\t66\tNA\tIAAF/BTC World Relays Bahamas 2017 - 4X400m Mixed Team Bahamas Gold
uUw0U8Y9aaY\t96\tNA\tIAAF/BTC World Relays Bahamas 2017 - 4X400m Women Poland Team Silver
TpMDSSx0WJ8\t81\tNA\tIAAF/BTC World Relays Bahamas 2017 - 4X100m Women Final B Team Canada 2nd
HEgGwTTUNpk\t85\tNA\tIAAF/BTC World Relays Bahamas 2017 - 4X400m Mixed Team USA Silver
ETmQmaYhVVA\t99\tNA\tIAAF/BTC World Relays Bahamas 2017 - 4X400m Men Team Botswana Silver
C3bzBejOAwM\t77\tNA\tIAAF/BTC World Relays Bahamas 2017 - 4X400m Men Final Team Brazil 7th
5BGakspac-E\t97\tNA\tIAAF/BTC World Relays Bahamas 2017 - 4X400m Women Final Team Great Britain
-aRhneQjGpU\t95\tNA\tIAAF/BTC World Relays Bahamas 2017 - 4X100m Women Team Germany Gold
yBPZhmZuv3M\t73\tNA\tIAAF/BTC World Relays Bahamas 2017 - 4X100m men Final Team Barbados Silver
vNWH1oUs8uE\t83\tNA\tIAAF/BTC World Relays Bahamas 2017 - 4X100m men B Final Team Trinidad and Tobago Winner
v9M3pGwsnZ4\t103\tNA\tIAAF/BTC World Relays Bahamas 2017   4X200m women Final Team Jamaica Gold
WxA_xiKsUMg\t94\tNA\tIAAF/BTC World Relays Bahamas 2017 - 4X800m Women Final Team USA Gold
4iqdmncVbBk\t72\tNA\tIAAF/BTC World Relays Bahamas 2017 - 4X100m men Final Team USA Gold
4FCBivtuEhs\t60\tNA\tIAAF/BTC World Relays Bahamas 2017 - 4X800m Women Final Team Australia Bronze
Dr2A8zlRMn8\t90\tNA\tIAAF/BTC World Relays Bahamas 2017 Watch the live action on your mobile, your tablet or laptop!
B-sxj4UIw5M\t90\tNA\tIAAF/BTC World Relays Bahamas 2017 Watch the live action on your mobile, tablet or computer!
AHsu-VjciQo\t151\tNA\tRefugee Team
euJYV59P0Us\t1334\tNA\tIAAF/BTC WORLD RELAYS BAHAMAS 2017 PREVIEW SHOW
YKapiia5vL4\t2449\tNA\tIAAF/BTC World Relays 2017 Press Conference
ohziH6Omvbo\t107\tNA\tA family Affair
dxPnx8HoQhk\t59\tNA\tG.B. Team
-ZEvMkAGhew\t47\tNA\tBAHAMAS Team
H9_g5AXzuWk\t723\tNA\tIAAF Inside Athletics - Season 5 - Episode 5 - Omar McLeod
91mVabNLJ3g\t340\tNA\tIAAF INSIDE ATHLETICS - Season 05  Almaz Ayana
JHPSw5bfL_M\t3964\tNA\tWXC Guiyang 2015 - Highlights
w6kjGuOwgw8\t3092\tNA\tWXC Bydgoszcz 2013 - Highlights
Lb0poyCbAqg\t3033\tNA\tWXC Punta Umbria 2011 - Highlights
p0Oj4dGsj0Y\t40\tNA\tWorld Cross country Kampala 2017 20 Days to Go
81sUFTRMETQ\t90\tNA\tWorld Relays Bahamas 2017 50 Days to Go
pdGiTDS3qSA\t664\tNA\tIAAF Inside Athletics - Season 5 - Episode 2 Kendra Harrison
4zM-ngUthJs\t406\tNA\tWXC Bydgoszcz 2010 - Highlights
Re9cI6_Vrxg\t2997\tNA\tWXC Amman 2009 - Highlights
d__jIZKBPSM\t626\tNA\tIAAF Inside Athletics - Season 5 - Episode 1 Haile Gebreselassie
M3ZAjoWRxr8\t2887\tNA\tWXC Edinburgh 2008 - Highlights
eTtxNkA5MEI\t3103\tNA\tWXC Mombasa 2007 - Highlights
kvbkIott-hA\t2701\tNA\tWXC Fukuoka 2006 - Highlights
pmqdRSqaTuY\t3038\tNA\tWXC Saint Galmier 2005 - Highlights
j-KNGL5tGPg\t2918\tNA\tWXC Brussels 2004 - Highlights
c3nnG0GBqKo\t2782\tNA\tWXC Lausanne 2003 - Highlights
4KB6xbHGXc4\t2680\tNA\tWXC Dublin 2002 - Highlights
YRKXWaygdAs\t3086\tNA\tWXC Ostend  2001 - Highlights
Q-GUgEcz6sA\t2969\tNA\tWXC Vilamoura 2000 - Highlights
-vs6XsdlNDk\t3178\tNA\tWXC Belfast 1999 - Highlights
BCE4sx7KI-s\t3088\tNA\tWXC Marrakech 1998 - Highlights
8lVZjEKmlb4\t3121\tNA\tWXC Turin 1997 - Highlights
uNIW8zPfwn8\t1274\tNA\tIAAF Inside Athletics - Season 4 - Episode 12 - Nia ALI
7FyrS4_8M34\t4094\tNA\tWXC Cape Town 1996 - Highlights
JllPWfv3OlI\t3168\tNA\tWXC Budapest 1994 - Highlights
y4sYOuNxSVY\t743\tNA\tIAAF Inside Athletics - Season 4 - Episode 11 - Noah LYLES
8U28B2rnCk8\t3114\tNA\tWXC Amorebieta 1993 - Highlights
6bNL0Lb8l2Q\t3097\tNA\tWXC Boston 1992 - Highlights
-t7GdqiI5P4\t640\tNA\tIAAF Inside Athletics - Season 4 - Episode 10 - Niklas KAUL
D1ogiudVnoY\t737\tNA\tIAAF Inside Athletics - Season 4 - Episode 09 - Candace Hill
jguzAA6gLrw\t235\tNA\tLegends Of Athletics - Barbora Spotakova - Signature Edition
y_sAmah8Sq0\t110\tNA\tLegends Of Athletics - Brianna Rollins - Signature Edition
e43pVToTc08\t448\tNA\tIAAF Inside Athletics - Season 4 - Episode 08 - Morgan Lake
uZSNPQIiXQ8\t86\tNA\tIAAF WU20 Championships Bydgoszcz 4X400m Men Gold USA
xSHGTbkMXxQ\t67\tNA\tIAAF WU20 Championships Bydgoszcz 4X400m Men Silver BOT
McuOOywf8Bg\t60\tNA\tIAAF WU20 Championships Bydgoszcz 4X400m Men Bronze JAM
fOXBFOCvtUI\t70\tNA\tIAAF WU20 Championships Bydgoszcz High Jump Women Silver Ximena Lizbeth ESQUIVEL MEX
iYA-eyvTQso\t42\tNA\tIAAF WU20 Championships Bydgoszcz High Jump Women Gold Michaela HRUBA CZE
Pt8VaHMniXY\t81\tNA\tIAAF WU20 Championships Bydgoszcz High Jump Women Bronze Yuliia LEVCHENKO UKR
kr9eHJA6kes\t74\tNA\tIAAF WU20 Championships Bydgoszcz 4X400m Women Silver JAM
LrP8L80eQpY\t83\tNA\tIAAF WU20 Championships Bydgoszcz 4X400m Women Gold USA
KDTv9_uTdaY\t69\tNA\tIAAF WU20 Championships Bydgoszcz 4X400m Women Bronze CAN
EFg7kAaxjKw\t70\tNA\tIAAF WU20 Championships Bydgoszcz Hammer Throw Men Gold Mohamed Ibrahim MOAAZ QAT
J_dCrhtXgOk\t95\tNA\tIAAF WU20 Championships Bydgoszcz Hammer Throw Men Bronze Hleb ZHUK BLR
vcY8UJwPphg\t91\tNA\tIAAF WU20 Championships Bydgoszcz 800m Men Final Robert HEPPENSTALL CAN
o-sBMGe9ZVc\t72\tNA\tIAAF WU20 Championships Bydgoszcz 800m Men Silver Willy Kiplimo TARBEI KEN
K4zk4W5W8lA\t51\tNA\tIAAF WU20 Championships Bydgoszcz 800m Men Gold Kipyegon BETT KEN
DKnsdDeiZdA\t86\tNA\tIAAF WU20 Championships Bydgoszcz 800m Men Bronze Mostafa SMAILI MAR
QueltBgJxp4\t63\tNA\tIAAF WU20 Championships Bydgoszcz 1500m Women Final Bobby CLAY GBR
o1inEfpRkkU\t93\tNA\tIAAF WU20 Championships Bydgoszcz 1500m Women Bronze Christina ARAGON USA
wZwW9kTVE3g\t50\tNA\tIAAF WU20 Championships Bydgoszcz 3000m SC Men Gold Amos KIRUI KEN
cLgRZxP3i-w\t86\tNA\tIAAF WU20 Championships Bydgoszcz 3000m SC Men Kai BENEDICT USA
DHBcdflXve4\t76\tNA\tIAAF WU20 Championships Bydgoszcz 3000m SC Men Silver Yemane HAILESELASSIE ERI
lRnlMUJNevc\t55\tNA\tIAAF WU20 Championships Bydgoszcz 100m Women Hurdles Silver Rushelle BURTON JAM
4AJQSzxpf7w\t44\tNA\tIAAF WU20 Championships Bydgoszcz 100m Women Hurdles Gold Elvira HERMAN BLR
y79uXxONBBo\t49\tNA\tIAAF WU20 Championships Bydgoszcz 100m Women Hurdles Final Alicia BARRETT GBR
zlKH1__qJn0\t30\tNA\tIAAF WU20 Championships Bydgoszcz 100m Women Hurdles Bronze Tia JONES USA
ZlZ5DHk3mfA\t72\tNA\tIAAF WU20 Championships Bydgoszcz 4X100m Women Gold USA
TsJDqaK6AHM\t118\tNA\tIAAF WU20 Championships Bydgoszcz Pole Vault Silver Kurtis MARSCHALL AUS
NvxcRT44YnY\t40\tNA\tIAAF WU20 Championships Bydgoszcz Pole Vault Bronze Armand DUPLANTIS SWE
sxjJpY6rx3o\t78\tNA\tIAAF WU20 Championships Bydgoszcz 4X100m Women Silver FRA
mAwJ0AkftFc\t20\tNA\tIAAF WU20 Championships Bydgoszcz 2016 200m Women Bronze Estelle RAFFAI FRA
jeNOBY9JASc\t61\tNA\tIAAF WU20 Championships Bydgoszcz Pole Vault Gold Deakin VOLZ USA
LuCoRXxEei4\t87\tNA\tIAAF WU20 Championships Bydgoszcz 4X100m Women Bronze GER
s2zCnASxTDk\t128\tNA\tNeeraj Chopra Wins Gold in Men's Javelin Throw at IAAF World U20 Championships in Bydgoszcz
aboQFOPYYUU\t115\tNA\tIAAF WU20 Championships Bydgoszcz 4X100m Men Gold USA
IOytWUrndPY\t108\tNA\tIAAF WU20 Championships Bydgoszcz 4X100m Men Silver JPN
PTYyBv22d6M\t89\tNA\tIAAF WU20 Championships Bydgoszcz 4X100m Men Bronze GER
sHJ20_tGIv0\t81\tNA\tIAAF WU20 Championships Bydgoszcz 4X100m Men Final JAM
hFbgw4MJAEA\t64\tNA\tIAAF WU20 Championships Bydgoszcz 5000m Men Silver Djamal A  DIREH DJI
kKgF5WV_VWI\t73\tNA\tIAAF WU20 Championships Bydgoszcz 5000m Men Gold Selemon BAREGA ETH
Vh_Q1fispyA\t83\tNA\tIAAF WU20 Championships Bydgoszcz 5000m Men Final Alexander YEE GBR
nN434zXQSgA\t60\tNA\tIAAF WU20 Championships Bydgoszcz 400m Hurdles Men Bronze Kyron MCMASTER IVB
aq744HprT_Y\t99\tNA\tIAAF WU20 Championships Bydgoszcz 400m Hurdles Men Gold Jaheel HYDE JAM
864hLDTJEdk\t67\tNA\tIAAF WU20 Championships Bydgoszcz 400m Hurdles Men Silver Taylor MCLAUGHLIN USA
HoI3OBa6rfM\t60\tNA\tIAAF WU20 Championships Bydgoszcz 5000m Men Bronze Wesley LEDAMA KEN
Vv--Tfcjr-s\t124\tNA\tIAAF WU20 Championships Bydgoszcz 2016 200m Women Silver Evelyn RIVERA COL
s0tbV-rm8hY\t85\tNA\tIAAF WU20 Championships Bydgoszcz 2016 Hammer Throw Women Silver Alexandra HULLEY AUS
eAkx8NL7XUQ\t84\tNA\tIAAF WU20 Championships Bydgoszcz 2016 Hammer Throw Women Gold Beatrice Nedberge LLANO NOR
Hmef43bV0L4\t76\tNA\tIAAF WU20 Championships Bydgoszcz 2016 Hammer Throw Women Bronze Suvi KOSKINEN FIN
yWR5750sP_M\t69\tNA\tIAAF WU20 Championships Bydgoszcz 2016 800m Men SF Willy Kiplimo TARBEI KEN
14oQ3omvsjI\t52\tNA\tIAAF WU20 Championships Bydgoszcz 2016 800m Men SF Kipyegon BETT KEN
dZlZW3AZ9K4\t51\tNA\tIAAF WU20 Championships Bydgoszcz 2016 800m Men SF Gorata GABANKITSE BOT
siIzDuee6ic\t55\tNA\tIAAF WU20 Championships Bydgoszcz 2016 800m Men SF Brian BELL USA
dzQk_nlgmNU\t24\tNA\tIAAF WU20 Championships Bydgoszcz 2016 100m Hurdles SF Tia JONES USA
3Gm4Xn2GXU8\t30\tNA\tIAAF WU20 Championships Bydgoszcz 2016 100m Hurdles SF Rushelle BURTON JAM
Zg64Z3YAl7s\t22\tNA\tIAAF WU20 Championships Bydgoszcz 2016 100m Hurdles SF Oluwatobiloba AMUSAN NGR
pcKyvQW873k\t19\tNA\tIAAF WU20 Championships Bydgoszcz 2016 100m Hurdles SF Laura VALETTE FRA
cbKBYVfh1H4\t42\tNA\tIAAF WU20 Championships Bydgoszcz 2016 100m Hurdles SF Jeanine WILLIAMS JAM
6yaOaTvSqcA\t33\tNA\tIAAF WU20 Championships Bydgoszcz 2016 100m Hurdles SF Elvira HERMAN BLR
Ow6GF9JVM8g\t32\tNA\tIAAF WU20 Championships Bydgoszcz 2016 100m Hurdles SF Alexis DUNCAN USA
WVEsw9QW2rE\t71\tNA\tIAAF WU20 Championships Bydgoszcz 2016 4X400m Qual Men USA
m8URHk-CfqQ\t56\tNA\tIAAF WU20 Championships Bydgoszcz 2016 4X400m Qual Women USA
lqP5lpAU2aQ\t76\tNA\tIAAF WU20 Championships Bydgoszcz 2016 Triple Jump Women Silver Konstadina ROMEOU GRE
gaJ-HgO966w\t83\tNA\tIAAF WU20 Championships Bydgoszcz 2016 Triple Jump Women Bronze Georgiana Iuliana ANITEI ROU
bErxPsau9yI\t56\tNA\tIAAF WU20 Championships Bydgoszcz 2016 Discus Throw Men Qual Konrad BUKOWIECKI POL
Slbf6DM_UFQ\t47\tNA\tIAAF WU20 Championships Bydgoszcz 2016 5000m Women Silver Emmaculate CHEPKIRUI KEN
SjL-7M8_4Sg\t80\tNA\tIAAF WU20 Championships Bydgoszcz 2016 4X400m Qual Men BOT
L01sdz_8MNw\t75\tNA\tIAAF WU20 Championships Bydgoszcz 2016 4X400m Qual Women JAM
2G_sgo6lhws\t67\tNA\tIAAF WU20 Championships Bydgoszcz 2016 5000m Women Gold Kalkidan FENTIE ETH
bva8KE7G2Ps\t103\tNA\tIAAF WU20 Championships Bydgoszcz 2016 Triple Jump Women Gold Ting CHEN CHN
zBkkPnduUS4\t33\tNA\tIAAF WU20 Championships Bydgoszcz 2016 10000m Walk Men Silver Jhonatan AMORES ECU
yaNeO8inq_g\t41\tNA\tIAAF WU20 Championships Bydgoszcz 2016 5000m Women Annabel MCDERMOTT AUS
qVGwBA9Ag2E\t41\tNA\tIAAF WU20 Championships Bydgoszcz 2016 10000m Walk Men Bronze Salih KORKMAZ TUR
G3Gvx_-s44M\t126\tNA\tIAAF WU20 Championships Bydgoszcz 2016 10000m Walk Men Gold Callum WILKINSON GBR
4jX4GovNmUc\t45\tNA\tIAAF WU20 2016 Bydgoszcz Hammer Throw Men Gold Bence HALASZ HUN
nnU0UVMN1nQ\t79\tNA\tIAAF WU20 2016 Bydgoszcz 200m Final Men Gold Michael NORMAN JR USA
b29ZNPCI098\t49\tNA\tIAAF WU20 2016 Bydgoszcz 400m Final Men Bronze Karabo SIBANDA BOT
knGfz48bryQ\t31\tNA\tIAAF WU20 2016 Bydgoszcz 200m Final Men Bronze Nigel ELLIS JAM
OM2VrGGTPMk\t59\tNA\tIAAF WU20 2016 Bydgoszcz 200m Final Men Silver Tlotliso LEOTLELA RSA
f9vpsP8zkRE\t32\tNA\tIAAF WU20 2016 Bydgoszcz 200m Women SF Jenae AMBROSE BAH
-JNL_RLyBXQ\t31\tNA\tIAAF WU20 2016 Bydgoszcz 200m Women SF Sada WILLIAMS BAR
39Xlw1FUewM\t66\tNA\tIAAF WU20 2016 Bydgoszcz High Jump Men Final Silver Darius CARBIN USA
r_d4wIQd5-k\t59\tNA\tIAAF WU20 2016 Bydgoszcz High Jump Men Final Bronze Mohamat Allamine HAMDI QAT
Z2VrrbezkVU\t82\tNA\tIAAF WU20 2016 Bydgoszcz High Jump Men Final Gold Luis Enrique ZAYAS CUB
W9AimQgzDh8\t93\tNA\tIAAF WU20 2016 Bydgoszcz 400m Hurdles Women Gold Anna COCKRELL USA
qE9TzIkHUng\t58\tNA\tIAAF WU20 2016 Bydgoszcz 400m Hurdles Women Bronze Xahria SANTIAGO CAN
DEryfi-sHmg\t64\tNA\tIAAF WU20 2016 Bydgoszcz 400m Hurdles Women Silver Shannon KALAWAN JAM
jQ0PbY9Mtyo\t44\tNA\tIAAF WU20 2016 Bydgoszcz Long Jump Women Gold Yanis DAVID FRA
ddIAOYgiQ2k\t65\tNA\tIAAF WU20 2016 Bydgoszcz 400m Final Men Gold Abdalelah HAROUN QAT
J3UZgbnMIn8\t67\tNA\tIAAF WU20 2016 Bydgoszcz 400m Final Men Silver Wilbert LONDON III USA
FxXfrjOeirw\t52\tNA\tIAAF WU20 2016 Bydgoszcz Long Jump Women Silver Sophie WEISSENBERG GER
B1YTdYP_Cxk\t63\tNA\tIAAF WU20 2016 Bydgoszcz 3000m SC Women Gold Celliphine Chepteek CHESPOL KEN
-qYQoIuZqJ8\t36\tNA\tIAAF WU20 2016 Bydgoszcz Long Jump Women Bronze Hilary KPATCHA FRA
iAfnFPcg2Zo\t55\tNA\tIAAF WU20 2016 Bydgoszcz 400M Hurdles SF Jaheel HYDE JAM
_RVVQgedzZ4\t42\tNA\tIAAF WU20 2016 Bydgoszcz 400M Hurdles SF Taylor MCLAUGHLIN USA
Z14FJfz-yoY\t36\tNA\tIAAF WU20 2016 Bydgoszcz 400M Hurdles SF Timor BARRETT JAM
LmcMNmnpNBo\t33\tNA\tIAAF WU20 2016 Bydgoszcz 400M Hurdles SF Kyron MCMASTER IVB
kfANqxnvte8\t68\tNA\tIAAF WU20 2016 Bydgoszcz 800m Heptathlon Gold Sarah LAGGER AUT
9cq8LRRVTqk\t64\tNA\tIAAF WU20 2016 Bydgoszcz 800m Heptathlon Silver Adriana RODRIGUEZ CUB
Uiud6xweIlc\t77\tNA\tIAAF WU20 2016 Bydgoszcz 800m Heptathlon Bronze Hanne MAUDENS BEL
trdcuikaUno\t63\tNA\tIAAF WU20 2016 Bydgoszcz 800m Heptathlon Karin STRAMETZ AUT
QRSbmM4uwGs\t67\tNA\tIAAF WU20 2016 Bydgoszcz 4X100m Men Qual JPN
C4wO5iaT7Oc\t52\tNA\tIAAF WU20 2016 Bydgoszcz 800m Heptathlon Amanda Marie FRØYNES NOR
7gVKX_q4YSQ\t61\tNA\tIAAF WU20 2016 Bydgoszcz 4X100m Men Qual JAM
j1fFIKU06y0\t69\tNA\tIAAF WU20 2016 Bydgoszcz 4X100m Men Qual GBR
s0xS2bMxIzQ\t49\tNA\tIAAF WU20 2016 Bydgoszcz 4X100m Women Qual FRA
ryS9pchTfYk\t52\tNA\tIAAF WU20 2016 Bydgoszcz 4X100m Women Qual NZL
jZRq6e1J5As\t63\tNA\tIAAF WU20 2016 Bydgoszcz 4X100m Women Qual JAM
x-KZAa-l1mo\t28\tNA\tIAAF WU20 2016 Bydgoszcz Triple Jump Women Qual Shanique WRIGHT JAM
8imkZtcjrVo\t63\tNA\tIAAF WU20 2016 Bydgoszcz Triple Jump Women Qual Bria MATTHEWS USA
xmjISAb51g4\t62\tNA\tIAAF WU20 2016 Bydgoszcz 200m Women Heat Maddison COATES AUS
ss_R-Ja4XE4\t49\tNA\tIAAF WU20 2016 Bydgoszcz 200m Women Heat Sharlene MAWDSLEY IRL
dIJX7G1gnVY\t37\tNA\tIAAF WU20 2016 Bydgoszcz 200m Women Heat Jenae AMBROSE BAH
aWbEwDh91SA\t39\tNA\tIAAF WU20 2016 Bydgoszcz 200m Women Heat Ashlan BEST CAN
Reob1Zhp6rk\t40\tNA\tIAAF WU20 2016 Bydgoszcz 200m Women Heat Cynthia LEDUC FRA
B3WWvwMKqvw\t50\tNA\tIAAF WU20 2016 Bydgoszcz 200m Women Heat Sada WILLIAMS BAR
8n7UIsbCh8s\t41\tNA\tIAAF WU20 2016 Bydgoszcz 200m Women Heat Shanice REID JAM
uqAIcDcCDFY\t52\tNA\tIAAF WU20 2016 Bydgoszcz Javelin Throw Men Qual Harry HUGHES GBR
sM-d2ogbHd4\t56\tNA\tIAAF WU20 2016 Bydgoszcz 1500m Women Heat Alexa EFRAIMSON USA
ghY6megSBeE\t55\tNA\tIAAF WU20 2016 Bydgoszcz 1500m Women Heat Christina ARAGON USA
c4y0zvBSPUI\t82\tNA\tIAAF WU20 2016 Bydgoszcz 1500m Women Heat Bobby CLAY GBR
j8wyj9qm79g\t56\tNA\tIAAF WU20 2016 Bydgoszcz 800m Men Heat Kipyegon BETT KEN
y04oFUb7FJQ\t49\tNA\tIAAF WU20 2016 Bydgoszcz 800m Men Heat James PRESTON NZL
MGzkxAie9h8\t41\tNA\tIAAF WU20 2016 Bydgoszcz 800m Men Heat Brian BELL USA
HdakmeQDixE\t76\tNA\tIAAF WU20 2016 Bydgoszcz 800m Men Heat Willy Kiplimo TARBEI KEN
dKR0JKFhsT4\t55\tNA\tIAAF WU20 2016 Bydgoszcz 800m Men Heat George KUSCHE RSA
RGq5X3GitOE\t74\tNA\tIAAF WU20 2016 Bydgoszcz 800m Men Heat Robert HEPPENSTALL CAN
P2Qg9rfovzY\t64\tNA\tIAAF WU20 2016 Bydgoszcz 800m Men Heat Beant SINGH IND
7_qH2N5RcpM\t62\tNA\tIAAF WU20 2016 Bydgoszcz 800m Men Heat Ayoub SNIBA MAR
m5U0qXuOZ1U\t32\tNA\tWU20 2016 Bydgoszcz 100m Hurdles Women heat Oluwatobiloba AMUSAN NGR
aWfNYGDBJfY\t19\tNA\tWU20 2016 Bydgoszcz 100m Hurdles Women heat Laura VALETTE FRA
B8kLL_0sdWw\t32\tNA\tWU20 2016 Bydgoszcz 100m Hurdles Women heat Danielle SHAW AUS
wnpgIDW4Ods\t37\tNA\tWU20 2016 Bydgoszcz 100m Hurdles Women heat Mollie COURTNEY GBR
qY3aRlLaof8\t44\tNA\tWU20 2016 Bydgoszcz 100m Hurdles Women heat Rushelle BURTON JAM
3Do8_CCrxVU\t30\tNA\tWU20 2016 Bydgoszcz 100m Hurdles Women heat Tia JONES USA
-7wDPbQBlsY\t33\tNA\tWU20 2016 Bydgoszcz 100m Hurdles Women heat Alicia BARRETT GBR
AzJfv3ZaJhQ\t45\tNA\tIAAF WU20 Championships Bydgoszcz 2016 Triple Jump Men Final Gold Lazaro MARTINEZ CUB
kKmR6t5EpqU\t55\tNA\tIAAF WU20 Championships Bydgoszcz 2016 100m Women Final Bronze Khalifa ST FORT TTO
be6jhaQfAJ8\t26\tNA\tIAAF WU20 Championships Bydgoszcz 2016 Triple Jump Men Final Bronze Melvin RAFFIN FRA
aZWpo6Ff2JE\t89\tNA\tIAAF WU20 Championships Bydgoszcz 2016 100m Women Final Silver Ewa SWOBODA POL
AyVL4mu2i60\t72\tNA\tIAAF WU20 Championships Bydgoszcz 2016 100m Women Final Gold Candace HILL USA
jRlwTf4aGcg\t41\tNA\tIAAF WU20 Championships Bydgoszcz 2016 Triple Jump Men Final Silver Cristian NAPOLES CUB
9S5X8Hw3YsI\t75\tNA\tIAAF WU20 Championships Bydgoszcz 2016 110m Hurdles Men Final Silver Amere LATTIN USA
CUmxjBhJkKc\t24\tNA\tIAAF WU20 Championships Bydgoszcz 2016 110m Hurdles Men Final Bronze Takumu FURUYA JPN
6vWFV_g018k\t64\tNA\tIAAF WU20 Championships Bydgoszcz 2016 110m Hurdles Men Final Gold Marcus KRAH USA
3S1saCW_vkY\t26\tNA\tIAAF WU20 Championships Bydgoszcz 2016 Pole Vault Women Final Silver Robeilys PEINADO VEN
l81TL6lTMf4\t27\tNA\tIAAF WU20 Championships Bydgoszcz 2016 Pole Vault Women Final Gold Angelica MOSER SUI
bQ7Q_S58V9I\t83\tNA\tIAAF WU20 Championships Bydgoszcz 2016 800m Women Final Silver Aaliyah MILLER USA
rUh6oOEnfsM\t31\tNA\tIAAF WU20 Championships Bydgoszcz 2016 Pole Vault Women Final Bronze Wilma MURTO FIN
g0dV_9Hwv7k\t11\tNA\tIAAF WU20 Championships Bydgoszcz 2016 1500m Final Silver Taresa TOLOSA ETH
YqxH7CFitNQ\t70\tNA\tIAAF WU20 Championships Bydgoszcz 2016 1500m Final Bronze Anthony KIPTOO KEN
X0dSSBT0OFw\t81\tNA\tIAAF WU20 Championships Bydgoszcz 2016 800m Women Final Gold Samantha WATSON USA
0cBfwzZ8OV4\t55\tNA\tIAAF WU20 Championships Bydgoszcz 2016 1500m Final Gold Kumari TAKI KEN
5cNebsDC8-0\t41\tNA\tIAAF WU20 Championships Bydgoszcz 2016 1500m Final Baptiste MISCHLER FRA
pFBHIGPf7OE\t63\tNA\tIAAF WU20 Championships Bydgoszcz 2016 400m Women Final Gold Tiffany JAMES JAM
PGH_OMg7auY\t46\tNA\tIAAF WU20 Championships Bydgoszcz 2016 400m Women Final Silver Lynna IRBY USA
w47kKSZkzbM\t28\tNA\tIAAF WU20 Championships Bydgoszcz 2016 400m Men SF Wilbert LONDON III USA
pni8rc4gns0\t93\tNA\tIAAF WU20 Championships Bydgoszcz 2016 Discus Throw Women Final Bronze Alexandra EMILIANOV MDA
oEUiOkHqVD8\t19\tNA\tIAAF WU20 Championships Bydgoszcz 2016 400m Women Final Jessica THORNTON AUS
hlFPLGpas7U\t56\tNA\tIAAF WU20 Championships Bydgoszcz 2016 400m Men SF Cameron CHALMERS GBR
ZAP5iAecl5k\t77\tNA\tIAAF WU20 Championships Bydgoszcz 2016 400m Men SF Baboloki THEBE BOT
EE6Mhqqq9ZE\t55\tNA\tIAAF WU20 Championships Bydgoszcz 2016 400m Women Final Bronze Junelle BROMFIELD JAM
my_5llAusec\t44\tNA\tIAAF WU20 Championships Bydgoszcz 2016 200m Heptathlon Alysha BURNETT AUS
JT2nDHDqBQY\t34\tNA\tIAAF WU20 Championships Bydgoszcz 2016 200m Heptathlon Karin STRAMETZ AUT
hj51itYNN4U\t47\tNA\tIAAF WU20 Championships Bydgoszcz 2016 Discus Throw Women Final Silver Kirsty WILLIAMS AUS
da7uONL-6hI\t40\tNA\tIAAF WU20 Championships Bydgoszcz 2016 200m Heptathlon Jessica RAUTELIN FIN
cubxJ3fDOtE\t22\tNA\tIAAF WU20 Championships Bydgoszcz 2016 200m Heptathlon Sarah LAGGER AUT
3oCXPj9ZTJM\t46\tNA\tIAAF WU20 Championships Bydgoszcz 2016 Discus Throw Women Final Gold Kristina RAKOCEVIC MNE
pm3O1M_Av6w\t64\tNA\tIAAF WU20 Championships Bydgoszcz 2016 400m Hurdles Women SF Eileen DEMES JAM
p8PNxQkGBc8\t62\tNA\tIAAF WU20 Championships Bydgoszcz 2016 400m Hurdles Women SF Anna COCKRELL USA
ifGauORzJI4\t36\tNA\tIAAF WU20 Championships Bydgoszcz 2016 200m Men SF Tlotliso LEOTLELA RSA
YnERthiQzh4\t35\tNA\tIAAF WU20 Championships Bydgoszcz 2016 400m Hurdles Women SF Mariam ABDUL RASHID CAN
GNwfq9Z0mxE\t63\tNA\tIAAF WU20 Championships Bydgoszcz 2016 400m Hurdles Women SF Anais SEILLER FRA
AnnVUAPHRC0\t42\tNA\tIAAF WU20 Championships Bydgoszcz 2016 200m Men SF Nigel ELLIS JAM
XTjrYpGyzwQ\t50\tNA\tIAAF WU20 Championships Bydgoszcz 2016 200m Men SF Michael NORMAN JR USA
3vvDBDhGKUI\t71\tNA\tIAAF WU20 Championships Bydgoszcz 2016 100m Women SF Lara GOMEZ ESP
yBke2lIJb8g\t29\tNA\tIAAF WU20 Championships Bydgoszcz 2016 100m Women SF Ned WEATHERLY AUS
sjex80sQgB4\t62\tNA\tIAAF WU20 Championships Bydgoszcz 2016 100m Women SF Vanesha PUSEY JAM
47BUROITEyM\t67\tNA\tIAAF WU20 Championships Bydgoszcz 2016 100m Women SF Tristan EVELYN BAR
3IlJzVII8tw\t48\tNA\tIAAF WU20 Championships Bydgoszcz 2016 200m Men SF Clarence MUNYAI RSA
0K_Car_2FgY\t32\tNA\tIAAF WU20 Championships Bydgoszcz 2016 200m Men SF Roger GURSKI GER
3aF_tFuZQZs\t40\tNA\tIAAF WU20 Championships Bydgoszcz 2016 200m Men Heat Tlotliso LEOTLELA RSA
kiMIY5HmS8E\t46\tNA\tIAAF WU20 Championships Bydgoszcz 2016 200m Men Heat Coull GRAHAM ANT
ak2Yg1dM9gA\t34\tNA\tIAAF WU20 Championships Bydgoszcz 2016 200m Men Heat Akanni HISLOP TTO
bfOvkwDmVn4\t42\tNA\tIAAF WU20 Championships Bydgoszcz 2016 200m Men Heat Clarence MUNYAI RSA
Hp2H1Lw3JlI\t51\tNA\tIAAF WU20 Championships Bydgoszcz 2016 200m Men Heat Michael NORMAN JR USA
9E5E1b6qIBk\t36\tNA\tIAAF WU20 Championships Bydgoszcz 2016 200m Men Heat Cameron TINDLE GBR
mWDO_0YNdPw\t86\tNA\tIAAF WU20 Championships Bydgoszcz 2016 Pole Vault Men Qual Kurtis MARSCHALL AUS
Mpo163ZhH_0\t87\tNA\tIAAF WU20 Championships Bydgoszcz 2016 Hammer Throw Women Qual Alexandra HULLEY AUS
EAz55SWU9xs\t41\tNA\tIAAF WU20 Championships Bydgoszcz 2016 200m Men Heat Ryan GORMAN GBR
yoymVZGDvxk\t40\tNA\tIAAF WU20 Championships Bydgoszcz 2016 200m Men Heat Nigel ELLIS JAM
p8cKxy50UtY\t43\tNA\tIAAF WU20 Championships Bydgoszcz 2016 200m Men Heat Micaiah HARRIS USA
whAEwPKi0aA\t52\tNA\tIAAF WU20 Championships Bydgoszcz 2016 400m Hurdles Men Heat Dominik HUFNAGL AUT
mSPCeaS8NWM\t57\tNA\tIAAF WU20 Championships Bydgoszcz 2016 400m Hurdles Men Heat Jaheel HYDE JAM
fMjBU0lOUOE\t71\tNA\tIAAF WU20 Championships Bydgoszcz 2016 400m Hurdles Men Heat Gabriele MONTEFALCONE ITA
1rQbTcpIGlg\t36\tNA\tIAAF WU20 Championships Bydgoszcz 2016 400m Hurdles Men Heat Rivaldo LEACOCK BAR
-tzyLt_XakA\t51\tNA\tIAAF WU20 Championships Bydgoszcz 2016 400m Hurdles Men Heat Ned Justeen AZEMIA SEY
-SEYY-7DeDs\t47\tNA\tIAAF WU20 Championships Bydgoszcz 2016 400m Hurdles Men Heat Ned Predea MANOUNOU FRA
HVaamXAKuOw\t49\tNA\tIAAF WU20 Championships Bydgoszcz 2016 3000m SC Men Qual Kidanemariam DESSIE ETH
n40txl4DM-E\t46\tNA\tIAAF WU20 Championships Bydgoszcz 2016 400m Hurdles Men Heat Kyron MCMASTER IVB
CGbhpWmhJbI\t81\tNA\tIAAF WU20 Championships Bydgoszcz 2016 400m Hurdles Men Heat Taylor MCLAUGHLIN USA
XlOXidBr920\t79\tNA\tIAAF WU20 Championships Bydgoszcz 2016 400m Hurdles Men Heat Kefilwe MOGAWANE RSA
yPSpeDYac_4\t106\tNA\tIAAF WU20 Championships Bydgoszcz 2016 3000m SC Men Qual Kai BENEDICT USA
dL4z_GfZ-fM\t75\tNA\tIAAF WU20 Championships Bydgoszcz 2016 400m Hurdles Men Heat Victor COROLLER FRA
HCjmCpTT5Mk\t48\tNA\tIAAF WU20 Championships Bydgoszcz 2016 400m Hurdles Men Heat Timor BARRETT JAM
ANjl5oP-T_Y\t51\tNA\tIAAF WU20 Championships Bydgoszcz 2016 Long Jump Qual Sophie WEISSENBERG GER
WAWWInB2J_4\t78\tNA\tIAAF WU20 Championships Bydgoszcz 2016 Long Jump Qual Kaiza KARLEN SWE
TUpsQvK3OQo\t23\tNA\tIAAF WU20 Championships Bydgoszcz 2016 100m Hurdles Heptathlon Jessica RAUTELIN FIN
yrMIlTsvbS8\t58\tNA\tIAAF WU20 Championships Bydgoszcz 2016 Long Jump Qual Jessicca NOBLE JAM
etxrRjp0-Tc\t30\tNA\tIAAF WU20 Championships Bydgoszcz 2016 100m Hurdles Heptathlon Sarah LAGGER AUT
e1nDaktMDg4\t39\tNA\tIAAF WU20 Championships Bydgoszcz 2016 3000m SC Men Qual Amos KIRUI KEN
X6K8TyvFgQc\t67\tNA\tIAAF WU20 Championships Bydgoszcz 2016 3000m SC Men Qual Vincent Kipyegon RUTO KEN
GbefaUViWfU\t44\tNA\tIAAF WU20 Championships Bydgoszcz 2016 100m Hurdles Heptathlon Karin STRAMETZ AUT
0U-Ool3HKnI\t47\tNA\tIAAF WU20 Championships Bydgoszcz 2016 100m Hurdles Heptathlon Alysha BURNETT AUS
nAEHBen9nI8\t91\tNA\tIAAF WU20 Championships Bydgoszcz 2016 Long Jump men Final Silver Miltiadis TENTOGLOU GRE
anb3nN1C1XA\t142\tNA\tIAAF WU20 Championships Bydgoszcz 2016 Long Jump men Final Bronze Darcy ROPER AUS
RPuAAA3ym3Y\t36\tNA\tIAAF WU20 Championships Bydgoszcz 2016 Long Jump men Final Gold Maykel MASSO CUB
WCh5i0ajOB4\t76\tNA\tIAAF WU20 Championships Bydgoszcz 2016 1500m Decathlon Bronze Johannes ERM EST
yn0MgYwqoOw\t66\tNA\tIAAF WU20 Championships Bydgoszcz 2016 1500m Decathlon Nathaniel MECHLER CAN
v_rEEHn-K0g\t79\tNA\tIAAF WU20 Championships Bydgoszcz 2016 1500m Decathlon Alec DIAMOND AUS
uDdXxSLQYxo\t80\tNA\tIAAF WU20 Championships Bydgoszcz 2016 3000m Women Bronze Konstanze KLOSTERHALFEN GER
l-X2uEpkok4\t23\tNA\tIAAF WU20 Championships Bydgoszcz 2016 3000m Women Gold Beyenu DEGEFA ETH
kiXYXdcV6W8\t86\tNA\tIAAF WU20 Championships Bydgoszcz 2016 Javelin Throw Final Women Silver Jo Ane VAN DYK RSA
XSYJ-f3Ymlc\t121\tNA\tIAAF WU20 Championships Bydgoszcz 2016 Javelin Throw Women Final Gold Klaudia MARUSZEWSKA POL
SkqTlE7WtQE\t64\tNA\tIAAF WU20 Championships Bydgoszcz 2016 1500m Decathlon Sebastian RUTHSTROM SWE
MNDFCZ9cJEU\t68\tNA\tIAAF WU20 Championships Bydgoszcz 2016 100M Final Men Gold Noah LYLES USA
DKW502lmBss\t84\tNA\tIAAF WU20 Championships Bydgoszcz 2016 1500m Decathlon Tuomas VALLE FIN
VNlODLnpmck\t53\tNA\tIAAF WU20 Championships Bydgoszcz 2016 100M Final Men Silver Filippo TORTU ITA
PwFDbxTEI2k\t22\tNA\tIAAF WU20 Championships Bydgoszcz 2016 1500m Decathlon GOLD Niklas KAUL GER
cXq0BTPEWRI\t33\tNA\tIAAF WU20 Championships Bydgoszcz 2016 400m Women SF Tiffany JAMES JAM
bUzJduml2tQ\t49\tNA\tIAAF WU20 Championships Bydgoszcz 2016 400m Women SF Natassha MCDONALD CAN
ESfp5ER5dPo\t35\tNA\tIAAF WU20 Championships Bydgoszcz 2016 400m Women SF Junelle BROMFIELD JAM
1nQ_Pqc7YIk\t34\tNA\tIAAF WU20 Championships Bydgoszcz 2016 400m Women SF Lynna IRBY USA
Y7SXpIOIpPM\t84\tNA\tIAAF WU20 Championships Bydgoszcz 2016 100m men SF Jhevaughn MATHERSON JAM
sxhETqqUNfU\t58\tNA\tIAAF WU20 Championships Bydgoszcz 2016 Shot Put Women Final GOLD Alina KENZEL GER
1NlArG87jLE\t65\tNA\tIAAF WU20 Championships Bydgoszcz 2016 Shot Put Women Final Bronze Alyssa WILSON USA
WzTqV0qrqW0\t32\tNA\tIAAF WU20 Championships Bydgoszcz 2016 800m Women SF Victoria TACHINSKI CAN
9OIaEq5zYq4\t31\tNA\tIAAF WU20 Championships Bydgoszcz 2016 800m Women SF Samantha WATSON USA
7-NIrYP4j80\t29\tNA\tIAAF WU20 Championships Bydgoszcz 2016 100m men SF Tlotliso LEOTLELA RSA
RwRbv3JO4dg\t57\tNA\tIAAF WU20 Championships Bydgoszcz 2016 800m Women SF Mareen KALIS GER
QgF7PXdOcuk\t40\tNA\tIAAF WU20 Championships Bydgoszcz 2016 800m Women SF Aaliyah MILLER USA
L-zEWnxKHIU\t34\tNA\tIAAF WU20 Championships Bydgoszcz 2016 110m Hurdles Men SF De'Jour RUSSELL JAM
hcs_a81WI9U\t54\tNA\tIAAF WU20 Championships Bydgoszcz 2016 110m Hurdles Men SF Matthew TRESTON GBR
uGlQ5ReWCF0\t47\tNA\tIAAF WU20 Championships Bydgoszcz 2016 110m Hurdles Men SF Marcus KRAH USA
N450M-61S0k\t36\tNA\tIAAF WU20 Championships Bydgoszcz 2016 110m Hurdles Men SF Damion THOMAS JAM
BOJxpPfy-hE\t36\tNA\tIAAF WU20 Championships Bydgoszcz 2016 110m Hurdles Men SF James WEAVER GBR
-ApITpfdPAw\t96\tNA\tIAAF WU20 Championships Bydgoszcz 2016 Hammer Throw men Qual Ned WEATHERLY AUS
Bd9TpTgi1GI\t53\tNA\tIAAF WU20 Championships Bydgoszcz 2016 Hammer Throw men Qual Adam KELLY USA
bkCZKzHV7Q4\t50\tNA\tIAAF WU20 Championships Bydgoszcz 2016 Hammer Throw men Qual Alberto GONZALEZ ESP
RvVPrzpVlVw\t55\tNA\tIAAF WU20 Championships Bydgoszcz 2016 100m Women Qual Zoe HOBBS NZL
aGH0tD5_y38\t53\tNA\tIAAF WU20 Championships Bydgoszcz 2016 100m Women Qual Helene RØNNINGEN NOR
Gh3EC-3pkGU\t42\tNA\tIAAF WU20 Championships Bydgoszcz 2016 100m Women Qual Basirah Sharifa NASIR BAR
0fi7VkdR198\t53\tNA\tIAAF WU20 Championships Bydgoszcz 2016 100m Women Qual Shyvonne ROXBOROUGH CAN
kTW3OkqApI8\t38\tNA\tIAAF WU20 Championships Bydgoszcz 2016 100m Women Qual Ewa SWOBODA POL
8bWLIdxeJ-4\t54\tNA\tIAAF WU20 Championships Bydgoszcz 2016 100m Women Qual Iman Isa JASSIM BRN
iTWw00v6f28\t77\tNA\tIAAF WU20 Championships Bydgoszcz 2016 100m Women Qual Lara GOMEZ ESP
SVkBWFbCqE8\t48\tNA\tIAAF WU20 Championships Bydgoszcz 2016 100m Women Qual Celera BARNES USA
TVWPtQ9mAK0\t97\tNA\tIAAF WU20 Championships Bydgoszcz 2016 Triple Jump Qual Men Pavlo BEZNIS UKR
g66msFq3flk\t78\tNA\tIAAF WU20 Championships Bydgoszcz 2016 100m Women Qual Chantal BUTZEK GER
YxLPWAiEh7c\t37\tNA\tIAAF WU20 Championships Bydgoszcz 2016 Triple Jump Qual Men Melvin RAFFIN FRA
PUdXOHIBUQ4\t65\tNA\tIAAF WU20 Championships Bydgoszcz 2016 100m Women Qual Candace HILL USA
K0eXDveqbZo\t44\tNA\tIAAF WU20 Championships Bydgoszcz 2016 100m Women Qual Tristan EVELYN BAR
5-CjqjUyEfM\t42\tNA\tIAAF WU20 Championships Bydgoszcz 2016 Triple Jump Qual Men Kristof PAP HUN
ufAuzo_4I14\t60\tNA\tIAAF WU20 Championships Bydgoszcz 2016 100m Women Qual Imani Lara LANSIQUOT GBR
W8cwtUgYA8c\t61\tNA\tIAAF WU20 Championships Bydgoszcz 2016 100m Qual Women Khalifa ST FORT TTO
nY3Dx5MjzLE\t49\tNA\tIAAF WU20 Championships Bydgoszcz 2016 100m Women Qual Hannah BRIER GBR
i1zJ-a270No\t42\tNA\tIAAF WU20 Championships Bydgoszcz 2016 Triple Jump Men Qual Philipp KRONSTEINER AUT
JNdaNRjli9g\t99\tNA\tIAAF WU20 Championships Bydgoszcz 2016 400m Men Vladimir ACETI ITA
XBTPqFDO5z4\t60\tNA\tIAAF WU20 Championships Bydgoszcz 2016 400m Men Sean BAILEY JAM
XM3OaVy-0m8\t64\tNA\tIAAF WU20 Championships Bydgoszcz 2016 400m Men Myles BANFIELD CAN
1ik59tCayig\t53\tNA\tIAAF WU20 Championships Bydgoszcz 2016 400m Men Karabo SIBANDA BOT
4_ZEsMLhatQ\t70\tNA\tIAAF WU20 Championships Bydgoszcz 2016 400m Men Cameron CHALMERS GBR
K4T2TwrEZik\t56\tNA\tIAAF WU20 Championships Bydgoszcz 2016 400m Men Jamal WALTON CAY
8HierA1Yhr8\t43\tNA\tIAAF WU20 Championships Bydgoszcz 2016 400m Men Kahmari MONTGOMERY USA
Fg-tVfGRKcU\t25\tNA\tIAAF WU20 Championships Bydgoszcz 2016 Triple Jump Men Qual Lázaro MARTÍNEZ CUB
GkZT26UUyqM\t51\tNA\tIAAF WU20 Championships Bydgoszcz 2016 400m Men Wilbert LONDON III GBR
zvDdwGmBMps\t66\tNA\tIAAF WU20 Championships Bydgoszcz 2016 400m Men Moussa Ali ISSA BAR
yaE1jzC-vx8\t59\tNA\tIAAF WU20 Championships Bydgoszcz 2016 400m Men Christopher TAYLOR JAM
lPJv6WeRstQ\t83\tNA\tIAAF WU20 Championships Bydgoszcz 2016 400m Men Baboloki THEBE BOT
i8haWy3tjcw\t35\tNA\tIAAF WU20 Championships Bydgoszcz 2016 400m Men Geoffrey KIPROTICH KEN
82Zzp38LpkQ\t48\tNA\tIAAF WU20 Championships Bydgoszcz 2016 400m Men Tymoteusz ZIMNY POL
7rZfAX0jMQU\t41\tNA\tIAAF WU20 Championships Bydgoszcz 2016 400m Hurdles Women Heat Shannon KALAWAN JAM
0Dr-uTkTdj8\t41\tNA\tIAAF WU20 Championships Bydgoszcz 2016 400m Hurdles Women Heat Mariam ABDUL RASHID CAN
NV4KWV9ft2U\t53\tNA\tIAAF WU20 Championships Bydgoszcz 2016 400m Men Abdalelah HAROUN QAT
7hAOM-oib3I\t62\tNA\tIAAF WU20 Championships Bydgoszcz 2016 400m Men Luis CHARLES DOM
3nWNdYODPQU\t44\tNA\tIAAF WU20 Championships Bydgoszcz 2016 400m Hurdles Women Heat Nicolee FOSTER JAM
fxZtyOlckTI\t89\tNA\tIAAF WU20 Championships Bydgoszcz 2016 400m Hurdles Women Heat Yana KHABINA UKR
aFXanofPU9E\t59\tNA\tIAAF WU20 Championships Bydgoszcz 2016 400m Hurdles Women Heat Eleonora MARCHIANDO ITA
rExtmk1M3R4\t54\tNA\tIAAF WU20 Championships Bydgoszcz 2016 110m Hurdles Men Heat Pap Demba HIRAMATSU JPN
oVl3_6BftoI\t81\tNA\tIAAF WU20 Championships Bydgoszcz 2016 400m Hurdles Women Heat Julie HOUNSINOU FRA
cdGTUHQ6s6g\t66\tNA\tIAAF WU20 Championships Bydgoszcz 2016 400m Hurdles Women Heat Eileen DEMES GER
3I2W8KxVJwc\t70\tNA\tIAAF WU20 Championships Bydgoszcz 2016 110m Hurdles Men Heat Bashiru ABDULLAHI NGR
ol4PM60Z1nY\t84\tNA\tIAAF WU20 Championships Bydgoszcz 2016 400m Hurdles Women Heat Haruko ISHIZUKA JPN
he3pDEiPXJc\t54\tNA\tIAAF WU20 Championships Bydgoszcz 2016 400m Hurdles Women Heat Anna COCKRELL USA
VAH_r2d0CIw\t42\tNA\tIAAF WU20 Championships Bydgoszcz 2016 400m Hurdles Women Heat Xahria SANTIAGO CAN
GrnYi7Ix6ME\t49\tNA\tIAAF WU20 Championships Bydgoszcz 2016 110m Hurdles Men Heat Marcus KRAH USA
7qjSDd2QbXQ\t35\tNA\tIAAF WU20 Championships Bydgoszcz 2016 110m Hurdles Men Heat James WEAVER GBR
2fcrEdZbOYM\t55\tNA\tIAAF WU20 Championships Bydgoszcz 2016 400m Hurdles Women Heat Karoline Maria SAUER GER
s7gRWocXSeg\t46\tNA\tIAAF WU20 Championships Bydgoszcz 2016 Shot Put Women Qual Alyssa WILSON USA
2bj5Iex-Xy8\t47\tNA\tIAAF WU20 Championships Bydgoszcz 2016 110m Hurdles Men Heat Thabo MAGANYELE RSA
NaRfE7lq9ig\t78\tNA\tIAAF WU20 Championships Bydgoszcz 2016 110m Hurdles Men Heat Amere LATTIN USA
KWvzVosp0hU\t69\tNA\tIAAF WU20 Championships Bydgoszcz 2016 110m Hurdles Men Heat Matthew TRESTON GBR
Iag1o5ESaTk\t48\tNA\tIAAF WU20 Championships Bydgoszcz 2016 110m Hurdles Men Heat Jacob MCCORRY AUS
GDN8VI1SY-E\t29\tNA\tIAAF WU20 Championships Bydgoszcz 2016 110m Hurdles Men Heat Amine BOUANANI ALG
uRsOuIrB9io\t49\tNA\tIAAF WU20 Championships Bydgoszcz 2016 110m Hurdles Men Heat De'Jour RUSSELL JAM
YDoPpr3Z9YQ\t51\tNA\tIAAF WU20 Championships Bydgoszcz 2016 110m Hurdles Men Heat Nicholas ANDREWS AUS
Uo4Ml6EF5tA\t64\tNA\tIAAF WU20 Championships Bydgoszcz 2016 110m Hurdles Men Heat Michael NICHOLLS BAR
1wzwXJKSnEg\t35\tNA\tIAAF WU20 Championships Bydgoszcz 2016 110m Hurdles Men Heat Joseph DANIELS CAN
s2x57yNhip4\t64\tNA\tIAAF WU20 Championships Bydgoszcz 2016 110m Hurdles Decathlon Alessandro VAN DE SANDE BEL
ketR8faPWl0\t33\tNA\tIAAF WU20 Championships Bydgoszcz 2016 110m Hurdles Decathlon Nathaniel MECHLER CAN
iXXwHgP4xn4\t47\tNA\tIAAF WU20 Championships Bydgoszcz 2016 110m Hurdles Decathlon Patryk BARAN POL
b6QHpp5jEJk\t62\tNA\tIAAF WU20 Championships Bydgoszcz 2016 110m Hurdles Decathlon Tristan Freyr JONSSON ISL
NcgxDp9i8Bk\t22\tNA\tIAAF WU20 Championships Bydgoszcz 2016 110m Hurdles Decathlon Maksim ANDRALOITS BLR
3RzppCaIim4\t38\tNA\tIAAF WU20 Championships Bydgoszcz 2016 100m Hurdles Men Heat Damion THOMAS JAM
boyvuSeM0gE\t47\tNA\tIAAF WU20 Championships Bydgoszcz 2016 10000m Men Final Bronze Jacob KIPLIMO UGA
vHunDKayHzY\t65\tNA\tIAAF WU20 Championships Bydgoszcz 2016 10000m Men Final Thomas POLLARD USA
qpJYJOK7SN0\t54\tNA\tIAAF WU20 Championships Bydgoszcz 2016 10000m Men Final GOLD Rodgers KWEMOI KEN
boaCsz6vYOc\t74\tNA\tIAAF WU20 Championships Bydgoszcz 2016 10000m Men Final Jean Marie MYASIRO RWA
DAzmV9vozL0\t61\tNA\tIAAF WU20 Championships Bydgoszcz 2016 Shot Put Men Final Bronson OSBORN Bronze USA
Uwt3CGpihkI\t48\tNA\tIAAF WU20 Championships Bydgoszcz 2016 400m Decathlon Nathaniel MECHLER CAN
Ck-_TKIn8gU\t21\tNA\tIAAF WU20 Championships Bydgoszcz 2016 Shot Put Men Final Konrad BUKOWIECKI POL Gold
fAZbfbDungQ\t66\tNA\tIAAF WU20 Championships Bydgoszcz 2016 Discus Throw Women Qual Elena BRUCKNER USA
33v5cz6L-5o\t66\tNA\tIAAF WU20 Championships Bydgoszcz 2016 400m Decathlon Hans Christian HAUSENBERG EST
8z9Z6hvbwEA\t64\tNA\tIAAF WU20 Championships Bydgoszcz 2016 400m Decathlon Tristan Freyr JONSSON ISL
AQz6q-pks3Q\t48\tNA\tIAAF WU20 Championships Bydgoszcz 2016 400m Women Qual Natalia KACZMAREK POL
EXcXfUoF2Y8\t45\tNA\tIAAF WU20 Championships Bydgoszcz 2016 400m Women Qual Jessica THORNTON AUS
pnoPlbuhYDk\t60\tNA\tIAAF WU20 Championships Bydgoszcz 2016 400m Women Qual Lynna IRBY USA
crd4qQGhGmI\t57\tNA\tIAAF WU20 Championships Bydgoszcz 2016 400m Women Qual Ashlan BEST CAN
MjgIKqhPZXQ\t39\tNA\tIAAF WU20 Championships Bydgoszcz 2016 400m Women Qual Haruko ISHIZUKA JPN
kalOULsMuP8\t52\tNA\tIAAF WU20 Championships Bydgoszcz 2016 Pole Vault Women Qual Lisa GUNNARSSON SWE
2vmSBNTl2tg\t49\tNA\tIAAF WU20 Championships Bydgoszcz 2016 Pole Vault Women Qual Klara MATTSSON SWE
HrlNp2GA7Sg\t84\tNA\tIAAF WU20 Championships Bydgoszcz 2016 Discus Throw Women Qual Kiana PHELPS USA
FpvtpVHpxaw\t42\tNA\tIAAF WU20 Championships Bydgoszcz 2016 400m Women Qual Tiffany JAMES JAM
BoR3y6VnLS4\t47\tNA\tIAAF WU20 Championships Bydgoszcz 2016 10000m race walk women Meaghan PODLASKI USA
e7Py4eJL7GI\t39\tNA\tIAAF WU20 Championships Bydgoszcz 2016 400m Women Qual Junelle BROMFIELD JAM
YvCxAmvYh2s\t57\tNA\tIAAF WU20 Championships Bydgoszcz 2016 400m Women Qual Hannah WILLIAMS GBR
1MTmHyhqhQw\t63\tNA\tIAAF WU20 Championships Bydgoszcz 2016 Javelin Women Qual Jo Ane VAN DYK RSA
h5DO1TSaEAo\t43\tNA\tIAAF WU20 Championships Bydgoszcz 2016 100m Men Heat Tlotliso LEOTLELA RSA
VDBR4P-c7M4\t44\tNA\tIAAF WU20 Championships Bydgoszcz 2016 100m Men Heat Filippo TORTU ITA
-wzjMMdQ1To\t46\tNA\tIAAF WU20 Championships Bydgoszcz 2016 100m Men Heat Raheem CHAMBERS JAM
LdNQoqHlBek\t42\tNA\tIAAF WU20 Championships Bydgoszcz 2016 100m Men Heat Mario BURKE BAR
DEW93yorq5U\t54\tNA\tIAAF WU20 Championships Bydgoszcz 2016 100m Men Heat Noah LYLES USA
3tqHiu8CdKM\t56\tNA\tIAAF WU20 Championships Bydgoszcz 2016 100m Men Heat Rechmial MILLER GBR
8_qHQMbiFBc\t50\tNA\tIAAF WU20 Championships Bydgoszcz 2016 100m Men Heat Oliver BROMBY GBR
trdCjxh70JQ\t50\tNA\tIAAF WU20 Championships Bydgoszcz 2016 100m Men Heat Jhevaughn MATHERSON JAM
epenV-59yDA\t36\tNA\tIAAF WU20 Championships Bydgoszcz 2016 100m Men Heat Jack HALE AUS
AUsDMhwLGko\t64\tNA\tIAAF WU20 Championships Bydgoszcz 2016 800m Women Heat Samantha WATSON USA
AwuhsoWOuYQ\t46\tNA\tIAAF WU20 Championships Bydgoszcz 2016 800m Women Heat Louise SHANAHAN IRL
4Xj70prxUE0\t53\tNA\tIAAF WU20 Championships Bydgoszcz 2016 800m Women Heat Alison ANDREWS PAUL NZL
v1-QrNsR5QU\t58\tNA\tIAAF WU20 Championships Bydgoszcz 2016 800m Women Heat Jazz SHUKLA CAN
b-VKi-hVleo\t45\tNA\tIAAF WU20 Championships Bydgoszcz 2016 800m Women Heat Sarah BILLINGS AUS
R1u71GetLOE\t39\tNA\tIAAF WU20 Championships Bydgoszcz 2016 800m Women Heat Victoria TACHINSKI CAN
44dACPbSeYc\t43\tNA\tIAAF WU20 Championships Bydgoszcz 2016 800m Women Heat Aaliyah MILLER USA
VaE1o4g8N8g\t55\tNA\tIAAF WU20 Championships Bydgoszcz 2016 1500m Qual Kumari TAKI KEN
S_2SHjDj9HQ\t72\tNA\tIAAF WU20 Championships Bydgoszcz 2016 1500m Qual Jakob INGEBRIGTSEN NOR
o3PTAfbV5tA\t33\tNA\tIAAF WU20 Championships Bydgoszcz 2016 1500m Qual Ayoub SNIBA MAR
YFoV6NbWORo\t60\tNA\tIAAF WU20 Championships Bydgoszcz 2016 1500m Qual Baptiste MISCHLER FRA
Qhd1I9d_Ulo\t53\tNA\tIAAF WU20 Championships Bydgoszcz 2016 1500m Heat 1 Josh KERR GBR
jfBK5OUWDLQ\t48\tNA\tIAAF WU20 Championships Bydgoszcz 2016 Shot Put Qual Konrad BUKOWIECKI POL
zUqyvvGwqak\t44\tNA\tIAAF WU20 Championships Bydgoszcz 2016 100m Decathlon Rik TAAM NED
KpM86l67A68\t53\tNA\tIAAF WU20 Championships Bydgoszcz 2016 100m Decathlon Toralv OPSAL NOR
7s6iWCE07Vo\t46\tNA\tIAAF WU20 Championships Bydgoszcz 2016 100m Decathlon Tristan Freyr JONSSON ISl
G5rS5BFYzik\t630\tNA\tIAAF Top 5 U20 Performances at IAAF World Championships
h_mYkDTdH3c\t104\tNA\tLegends Of Athletics - Allyson Felix - Signature Edition
Pi_omMlHcVQ\t759\tNA\tTop 10 From U18, U20 to Senior Success
U7CZXrMBh1M\t726\tNA\tTop 5 Shot Put Thrower at IAAF World Championships
6uuG3ebW6yo\t101\tNA\tLegends Of Athletics - Asbel Kiprop - Signature Edition
z3XEECuMsE4\t845\tNA\tTop 5 Hurdles Men at IAAF World Championships
dy9psHjSR74\t651\tNA\tIAAF Inside Athletics - Season 04 - Episode 07 - Dina Asher-Smith
7GrTMwfg0Hc\t1339\tNA\tTop 10 Hurdles Women at IAAF World Championships
AIC_-eO0z_A\t88\tNA\tLegends Of Athletics - Bogdan Bodarenko - Signature Edition
blUiEgIrTYA\t628\tNA\tTop 5 High Jumps Competitions at IAAF World Championships
7OZMGB_Yn44\t691\tNA\tTop 5 Horizontal Jump Competitions at IAAF World Championships
2K1EHZFsTfc\t368\tNA\tTop 5 Valerie Adams
zfjayDeTKbI\t169\tNA\tLegends Of Athletics - Valerie Adams - Signature Edition
5AuAjeVM4Qk\t517\tNA\tTop 5 Tirunesh Dibaba
4-wjU29j9dk\t554\tNA\tIAAF Inside Athletics - Season 04 - Episode 06 - Gianmarco Tamberi
4Q5iWYLggo8\t396\tNA\tTop 5 Lars Riedel
AF0dEO3a5DM\t166\tNA\tLegends Of Athletics - Aries Meritt - Signature Edition
iA5aJ1NuMdM\t384\tNA\tTop 5 | Allyson Felix Individual IAAF World Championships Gold Medals
5zg0mKiIKkw\t590\tNA\tTop 5  Race Walking Legend at IAAF World Championships
5WduSast9WI\t211\tNA\tLegends Of Athletics - Dwight Philips - Signature Edition
C-3uBpy3Ako\t473\tNA\tTop 5 | Usain Bolt Individual IAAF World Championships Gold Medals
JVFQSBpJA2U\t1077\tNA\tTop 10 | World Records set in IAAF World Championships
9J_QOmgrohg\t798\tNA\tIAAF Inside Athletics - Season 04 - Episode 05 - Pascal Martinot-Lagarde
kXLiBDu2IOE\t231\tNA\tLegends Of Athletics - Ato Boldon - Signature Edition
d4Xxtm_UWOQ\t1118\tNA\tTop 10 Beijing 2015 Best Moment
LWQXcsxLsDY\t38\tNA\tAsha PHILIP GBR 60m Women FINAL
e-A3asMZ-m8\t23\tNA\tYomif KEJELCHA ETH 3000m Men Final   GOLD
jvKHm6UcPJU\t2362\tNA\tWHM 2014 Copenhagen - Highlights
AoxDvnXyflY\t122\tNA\tLegends Of Athletics - Noureddine Morceli - Signature Edition
1glI7hGyJrw\t136\tNA\tIAAF WIC Portland 2016 - BAHAMAS 4X400m RELAY MEN SILVER
v6iiRN5xRZs\t86\tNA\tIAAF WIC Portland 2016 - USA 4X400m RELAY Women FINAL GOLD
nUxQFItBcpY\t36\tNA\tIAAF WIC Portland 2016 - Robby ANDREWS USA 1500m Men Final
mH5CUc2FyBE\t41\tNA\tIAAF WIC Portland 2016 - Meseret DEFAR ETH 3000m Women Final SILVER
iT5VlWdzc6c\t75\tNA\tIAAF WIC Portland 2016 - ROMANIA 4X400m RELAY Women FINAL BRONZE
i51qZFMHUVg\t41\tNA\tIAAF WIC Portland 2016 - Eddie LOVETT 60m HURDLES MEN FINAL
f69lVrJNcEI\t47\tNA\tIAAF WIC Portland 2016 - Jarret EATON USA 60m HURDLES MEN FINAL
cbqqaOaLkMA\t84\tNA\tIAAF WIC Portland 2016 - Shannon ROWBURY USA 3000m Women Final BRONZE
WWBNQu8ByuI\t101\tNA\tIAAF WIC Portland 2016 - Jakub HOLUSA CZE 1500m Men Final SILVER
VR2K6SgBYec\t90\tNA\tIAAF WIC Portland 2016 - Matthew CENTROWITZ USA 1500m Men Final GOLD
TRutVOc4TX4\t52\tNA\tIAAF WIC Portland 2016 - POLAND 4X400m RELAY Women FINAL SILVER
SgCiMt7habc\t70\tNA\tIAAF WIC Portland 2016 - Pascal MARTINOT LAGARDE FRA 60m HURDLES MEN FINAL SILVER
R-na6Lksc3A\t63\tNA\tIAAF WIC Portland 2016 - Dimitri BASCOU FRA 60m HURDLES MEN FINAL BRONZE
QNFKoeKkSMg\t35\tNA\tIAAF WIC Portland 2016 - Ruth BEITIA ESP HIGH JUMP Women FINAL SILVER
Pl7jsOIDh48\t51\tNA\tIAAF WIC Portland 2016 - Omar MCLEOD JAM 60m HURDLES MEN FINAL GOLD
PYzs1cYJlUQ\t100\tNA\tIAAF WIC Portland 2016 - USA 4X400m RELAY MEN GOLD
PQcL3GaA1nk\t44\tNA\tIAAF WIC Portland 2016 -  Shane BRATHWAITE BAR 60m HURDLES MEN FINAL
Hodg1aJmw8k\t51\tNA\tIAAF WIC Portland 2016 - Abbey D'AGOSTINO USA 3000m Women Final
HGD0qQIjuJw\t60\tNA\tIAAF WIC Portland 2016 - Maureen KOSTER NED 3000m Women Final
DZ0qo7njhrQ\t40\tNA\tIAAF WIC Portland 2016 - Chris O'HARE GBR 1500m Men Final
C2g_cGYdKvo\t48\tNA\tIAAF WIC Portland 2016 - Spencer ADAMS USA 60m HURDLES MEN FINAL
B3lZBpreN8M\t45\tNA\tIAAF WIC Portland 2016 - Nicholas WILLIS NZL 1500m Men Final BRONZE
AwEjJyAxCTY\t56\tNA\tIAAF WIC Portland 2016 - Stephanie TWELL GBR 3000m Women Final
94sBLvYxaH8\t50\tNA\tIAAF WIC Portland 2016 - Genzebe DIBABA ETH 3000m Women Final GOLD
7vJB9OrTg0M\t85\tNA\tIAAF WIC Portland 2016 - Marquis DENDY USA Long Jump Men FINAL GOLD
6Vr5hFIbsEI\t137\tNA\tIAAF WIC Portland 2016 - TRINIDAD & TOBAGO 4X400m RELAY MEN BRONZE
5EfQHNjDt6E\t52\tNA\tIAAF WIC Portland 2016 - Kamila LICWINKO POL HIGH JUMP Women FINAL BRONZE
4ymdGPKo4FA\t61\tNA\tIAAF WIC Portland 2016 - Fabrice LAPIERRE AUS Long Jump Men FINAL SILVER
18isEHhXaJw\t30\tNA\tIAAF WIC Portland 2016 - Vashti CUNNINGHAM USA HIGH JUMP Women FINAL GOLD
MkScV6-4T18\t69\tNA\tIAAF WIC Portland 2016 - Ajee WILSON USA 800m Women Final SILVER
WRHzrcwi3WA\t75\tNA\tIAAF WIC Portland 2016 - Augustine Kiprono CHOGE KEN 3000m Men Final   BRONZE
W3JbUxhOcOk\t46\tNA\tIAAF WIC Portland 2016 - Margaret Nyairera WAMBUI KEN 800m Women Final BRONZE
U_IMJaMZEOc\t56\tNA\tIAAF WIC Portland 2016 - Francine NIYONSABA BDI 800m Women Final GOLD
U-0EJexwYSU\t43\tNA\tIAAF WIC Portland 2016 - Paul Kipkemoi CHELIMO USA 3000m Men Final
QQrF5-9pFjY\t87\tNA\tIAAF WIC Portland 2016 - Ryan HILL USA 3000m Men Final   SILVER
CTUer7b-kC4\t41\tNA\tIAAF WIC Portland 2016 - Anita HINRIKSDOTTIR ISL 800m Women Final
9SVMcO8C1eY\t48\tNA\tIAAF WIC Portland 2016 - Mohammed AHMED CAN 3000m Men Final
8h9zoHRpHVw\t49\tNA\tIAAF WIC Portland 2016 - Laura ROESLER USA 800m Women Final
lvYuV_L3buE\t39\tNA\tIAAF WIC Portland 2016 - Omar MCLEOD JAM 60m Hurdles Men Semi Final
ld0gLm9Opyg\t44\tNA\tIAAF WIC Portland 2016 - Dimitri BASCOU FRA 60m Hurdles Men Semi Final
1J6ft6ZCnWs\t62\tNA\tIAAF WIC Portland 2016 - Jarret EATON USA 60m Hurdles Men Semi Final
Vy5DpEf1Mjk\t30\tNA\tIAAF WIC Portland 2016 - Shane BRATHWAITE BAR 60m Hurdles Men Semi Final
W2dek8Fk5Qc\t94\tNA\tIAAF WIC Portland 2016 - Gianmarco TAMBERI ITA HIGH JUMP MEN FINAL GOLD
qm0ej1DfLuE\t70\tNA\tIAAF WIC Portland 2016 - Erik KYNARD USA HIGH JUMP MEN FINAL BRONZE
VIhXdfMFRnw\t51\tNA\tIAAF WIC Portland 2016 - Mutaz Essa BARSHIM QAT HIGH JUMP MEN FINAL
2iLCggb4S24\t59\tNA\tIAAF WIC Portland 2016 - Robert GRABARZ GBR HIGH JUMP MEN FINAL SILVER
TqG_tfG4BS0\t37\tNA\tIAAF WIC Portland 2016 - Ashton EATON USA HEPTATHLON GOLD
6uCtHNIK5GQ\t39\tNA\tIAAF WIC Portland 2016 - Barbara PIERRE USA 60m Women FINAL GOLD
vAU8jQsv4_0\t33\tNA\tIAAF WIC Portland 2016 - Michelle Lee AHYE TTO 60m Women FINAL
lIsu0QIgTEU\t49\tNA\tIAAF WIC Portland 2016 - Dafne SCHIPPERS NED 60m Women FINAL SILVER
eiHv_S-kHXI\t51\tNA\tIAAF WIC Portland 2016 - Elaine THOMPSON JAM 60m Women FINAL BRONZE
W0aDOD8ekK0\t64\tNA\tIAAF WIC Portland 2016 - Oleksiy KASYANOV UKR HEPTATHLON SILVER
MJLDdhVhdLs\t64\tNA\tIAAF WIC Portland 2016 - Mathias BRUGGER GER HEPTATHLON BRONZE
578JtdMWDNU\t52\tNA\tIAAF WIC Portland 2016 - Tim NOWAK GER HEPTATHLON
FFEnmxRAEOI\t100\tNA\tIAAF WIC Portland 2016 - Sifan HASSAN NED 1500m Women Final GOLD
p0qJ999YB_c\t94\tNA\tIAAF WIC Portland 2016 - Melissa DUNCAN AUS 1500m Women Final
lvR_cEluR3I\t57\tNA\tIAAF WIC Portland 2016 - Brenda MARTINEZ USA 1500m Women Final
w7WuFG7VI3w\t52\tNA\tIAAF WIC Portland 2016 - Boris BERIAN 800m Men Final GOLD
uSS4oFGVN3c\t26\tNA\tIAAF WIC Portland 2016 - Mohammed AMAN ETH 800m Men Final
tKPK3duP-tk\t71\tNA\tIAAF WIC Portland 2016 - Oluwakemi ADEKOYA BRN 400m Women Final GOLD
sW0ABQL7v84\t53\tNA\tIAAF WIC Portland 2016 - Max HESS GER Triple Jump Men Final SILVER
pBLGIDTT7jQ\t56\tNA\tIAAF WIC Portland 2016 - Erik SOWINSKI USA 800m Men Final BRONZE
nmXnpPxh1PU\t65\tNA\tIAAF WIC Portland 2016 - Michelle CARTER USA Shot Put Women Final GOLD
k70RX53vMcM\t40\tNA\tIAAF WIC Portland 2016 - Valerie ADAMS NZL Shot Put Women Final BRONZE
XJB08mLShA8\t68\tNA\tIAAF WIC Portland 2016 - Ashley SPENCER USA 400m Women Final SILVER
W5s2vWvPYeo\t53\tNA\tIAAF WIC Portland 2016 - Quanera HAYES USA 400m Women Final BRONZE
Vgc24sCVXLA\t23\tNA\tIAAF WIC Portland 2016 - Bin DONG CHN Triple Jump Men Final GOLD
Eh-Ds8xt-TQ\t63\tNA\tIAAF WIC Portland 2016 - Antoine GAKEME BDI 800m Men Final SILVER
1fb7BerGJBw\t91\tNA\tIAAF WIC Portland 2016 - Benjamin COMPAORE FRA Triple Jump Men Final BRONZE
vDI5y_Dcp8k\t21\tNA\tIAAF WIC Portland 2016 - Tori BOWIE USA 60m Women Semi Final
uFfj9ePTXAQ\t30\tNA\tIAAF WIC Portland 2016 - Dina ASHER SMITH GBR 60m Women Semi Final
lfFSE_UclqA\t60\tNA\tIAAF WIC Portland 2016 - Eddie LOVETT ISV 60m Hurdles Men Round 1
gcoS0bXCM_A\t44\tNA\tIAAF WIC Portland 2016 - Spencer ADAMS USA 60m Hurdles Men Round 1
W3f2nvQJQns\t50\tNA\tIAAF WIC Portland 2016 - Shane BRATHWAITE BAR 60m Hurdles Men Round 1
MU-f6SrtXug\t41\tNA\tIAAF WIC Portland 2016 - Jarret EATON USA 60m Hurdles Men Round 1
ERlRwtU2ZBg\t49\tNA\tIAAF WIC Portland 2016 - Pascal MARTINOT LAGARDE FRA 60m Hurdles Men Round 1
E3xcRrJ5cH0\t61\tNA\tIAAF WIC Portland 2016 - Jamile SAMUEL NED 60m Women Semi Final
BgbegfnmUV0\t32\tNA\tIAAF WIC Portland 2016 - Elaine THOMPSON JAM 60m Women Semi Final
4dPg5bR_L5g\t26\tNA\tIAAF WIC Portland 2016 - Kelly Ann BAPTISTE TTO 60m Women Semi Final
-n9JPN2nZag\t29\tNA\tIAAF WIC Portland 2016 - Marie Josee TA LOU CIV 60m Women Semi Final
-EIJFmIYVbM\t22\tNA\tIAAF WIC Portland 2016 - Asha PHILIP GBR 60m Women Semi Final
dIRmLrWsC4A\t81\tNA\tIAAF WIC Portland 2016 - Yulimar ROJAS VEN TRIPLE JUMP W FINAL GOLD
MFFto-ew2Yk\t50\tNA\tIAAF WIC Portland 2016 - Kristin GIERISCH GER TRIPLE JUMP W FINAL SILVER
U9FBsN5JiPA\t53\tNA\tIAAF WIC Portland 2016 - Paraskevi PAPAHRISTOU GRE TRIPLE JUMP W FINAL BRONZE
udeqCuLMtK4\t43\tNA\tIAAF WIC Portland 2016 - Chris BROWN BAHAMAS 4x400m RELAY MEN ROUND 1
lWtEzgmuXYg\t68\tNA\tIAAF WIC Portland 2016 - JAMAICA 4x400m RELAY MEN ROUND 1
HGqoU3ZfU50\t74\tNA\tIAAF WIC Portland 2016 - USA 4x400m RELAY MEN ROUND 1
xfUA2_6DVsg\t35\tNA\tIAAF WIC Portland 2016 - Dina ASHER SMITH GBR 60m W ROUND 1
u5BGzczfEOg\t20\tNA\tIAAF WIC Portland 2016 - Gloria HOOPER ITA 60m W ROUND 1
n-ZxMgOPvMc\t26\tNA\tIAAF WIC Portland 2016 - Jamile SAMUEL NED 60m W ROUND 1
Kz5Mce7bZNo\t28\tNA\tIAAF WIC Portland 2016 - Maja MIHALINEC SLO 60m W ROUND 1
IuKxAJCvMok\t26\tNA\tIAAF WIC Portland 2016 - Rosangela SANTOS BRA 60m W ROUND 1
2DQ1JHULAbk\t43\tNA\tIAAF WIC Portland 2016 - Marie Josee TA LOU 60m W ROUND 1
212s0WTrLkU\t62\tNA\tIAAF WIC Portland 2016 - Barbara PIERRE USA 60m W ROUND 1
-mzAg-titd4\t38\tNA\tIAAF WIC Portland 2016 - Michelle Lee AHYE TTO 60m W ROUND 1
BVqcMBH7AGk\t34\tNA\tIAAF WIC Portland 2016 - Asha PHILIP GBR 60m W ROUND 1
AUkRVMMUgmg\t64\tNA\tIAAF WIC Portland 2016 - Kelly Ann BAPTISTE TTO 60m W ROUND 1
9i8t-gT5d2Y\t28\tNA\tIAAF WIC Portland 2016 - Crystal EMMANUEL GBR 60m W ROUND 1
FQqxO-lYuGk\t40\tNA\tIAAF WIC Portland 2016 - Dafne SCHIPPERS NED 60m W ROUND 1
pjMLBFpYBCE\t39\tNA\tIAAF WIC Portland 2016 - Simone FACEY JAM 60m W ROUND 1
ihEOAqygY6U\t36\tNA\tIAAF WIC Portland 2016 - Tori BOWIE USA 60m W ROUND 1
lMgKsgduQTg\t42\tNA\tIAAF WIC Portland 2016 - Francine NIYONSABA BDI 800m W ROUND 1
fnxra1xQxc4\t28\tNA\tIAAF WIC Portland 2016 - Lynsey SHARP GBR 800m W ROUND 1
anuH-JIyM48\t38\tNA\tIAAF WIC Portland 2016 - Ajee WILSON USA 800m W ROUND 1
NBH97YzWM74\t48\tNA\tIAAF WIC Portland 2016 - Adelle TRACEY GBR 800m W ROUND 1
s3hfovm8XO0\t52\tNA\tIAAF WIC Portland 2016 - Laura ROESLER USA 800m W ROUND 1
Y7AAApfb6KQ\t51\tNA\tIAAF WIC Portland 2016 - Anastasiya MOKHNYUK UKR   Pentathlon SILVER
zf58EGbyq0o\t49\tNA\tIAAF WIC Portland 2016 - Serita SOLOMON GBR   60m Hurdles W FINAL
yStlE6BmDRE\t61\tNA\tIAAF WIC Portland 2016 - Ramon GITTENS BAR   60m M FINAL BRONZE
svvs9rHKtEg\t48\tNA\tIAAF WIC Portland 2016 - Morgan LAKE GBR   Pentathlon
r-gAVWYn-I8\t46\tNA\tIAAF WIC Portland 2016 - Tiffany PORTER GBR   60m Hurdles W FINAL BRONZE
o8F3yRa6E74\t47\tNA\tIAAF WIC Portland 2016 - Brittney REESE USA   Women LONG JUMP FINAL GOLD
lNiROLygFXQ\t34\tNA\tIAAF WIC Portland 2016 - Brianna ROLLINS   60m Hurdles W FINAL SILVER
bLixWyj6EFU\t45\tNA\tIAAF WIC Portland 2016 - Asafa POWELL JAM   60m M FINAL SILVER
ZwpZYeHZHNM\t62\tNA\tIAAF WIC Portland 2016 - Trayvon BROMELL USA   60m M FINAL GOLD
LA899UoLjrM\t65\tNA\tIAAF WIC Portland 2016 - Brianne THEISEN EATON   Pentathlon GOLD
GhJIJqH1yfU\t68\tNA\tIAAF WIC Portland 2016 - Lorraine UGEN GBR   Women LONG JUMP FINAL BRONZE
FAzMPfaJj7s\t40\tNA\tIAAF WIC Portland 2016 - Nia ALI USA   60m Hurdles W FINAL GOLD
RmbyonviFnM\t45\tNA\tIAAF WIC Portland 2016 - Tomas WALSH NZL Men SHOT PUT FINAL   GOLD
FoJoX2QEXgU\t18\tNA\tIAAF WIC Portland 2016 - Andrei GAG ROU Men SHOT PUT FINAL   SILVER
s-dQcsS5AM8\t101\tNA\tIAAF WIC Portland 2016 - Deon LENDORE TTO & Bralon TAPLIN GRN 400m M Semi Final
_97j3gHWKiM\t42\tNA\tIAAF WIC Portland 2016 - Lalonde GORDON TTO 400m M Semi Final
SJSYzgM2vXw\t20\tNA\tIAAF WIC Portland 2016 - Pavel MASLAK CZE 400m M Semi Final
qvWIwzySjcg\t37\tNA\tIAAF WIC Portland 2016 - Ashley SPENCER USA 400m W Semi Final
QOXMMMQyB_0\t40\tNA\tIAAF WIC Portland 2016 - Oluwakemi ADEKOYA BRN 400m W Semi Final
td01CEaD7VM\t25\tNA\tIAAF WIC Portland 2016 - Quanera HAYES USA 400m W Semi Final
5JEy7qEQUqw\t29\tNA\tIAAF WIC Portland 2016 - Justyna SWIETY POL 400m W Semi Final
sODn9wIG2uo\t33\tNA\tIAAF WIC Portland 2016 - Jakub HOLUSA CZE 1500m M ROUND 1
pZYwpZwVdy8\t33\tNA\tIAAF WIC Portland 2016 - Ayanleh SOULEMAN DJI 1500m M ROUND 1
OVFSMyJKQSc\t38\tNA\tIAAF WIC Portland 2016 - Nicholas WILLIS NZL 1500m M ROUND 1
yK_EUZhCrkQ\t26\tNA\tIAAF WIC Portland 2016 - Mike RODGERS USA   60m M Semi Final
uYRc7EPfN48\t33\tNA\tIAAF WIC Portland 2016 - Marvin BRACY USA   60m M Semi Final
mvmU_rvwtfg\t26\tNA\tIAAF WIC Portland 2016 - Trayvon BROMMEL USA   60m M Semi Final
mN6amwD4cWo\t33\tNA\tIAAF WIC Portland 2016 - Ramon GITTENS BAR   60m M Semi Final
lUEueUixrSU\t50\tNA\tIAAF WIC Portland 2016 - Zhenye XIE CHN   60m M Semi Final
dHLtB_P1Z4E\t22\tNA\tIAAF WIC Portland 2016 - Kim COLLINS SKN   60m M Semi Final
B-LDbtL-l4w\t26\tNA\tIAAF WIC Portland 2016 - Bingtian SU CHN   60m M Semi Final
HrbgXUjyVmU\t40\tNA\tIAAF WIC Portland 2016 - Alina TALAY BLR   60m Hurdles W Round 1
FSK23LA02Dw\t32\tNA\tIAAF WIC Portland 2016 - Kendra HARRISON USA   60m Hurdles W Round 1
42oILMNUmws\t50\tNA\tIAAF WIC Portland 2016 - Nia ALI USA   60m Hurdles W Round 1
09xgcrUE0N4\t9\tNA\tIAAF WIC Portland 2016 - Andrea IVANCEVIC CRO   60m Hurdles W Round 1
T0H2aibkMSc\t23\tNA\tIAAF WIC Portland 2016 - Brianna ROLLINS USA   60m Hurdles W Round 1
jeQtjcyfBDo\t20\tNA\tIAAF WIC Portland 2016 - Tiffany PORTER GBR   60m Hurdles W Round 1
smavgkWpynE\t20\tNA\tIAAF WIC Portland 2016 - Mike RODGERS USA 60m M 1st ROUND
5aGbtvSKuk8\t26\tNA\tIAAF WIC Portland 2016 - Yoshihide KIRYU JPN 60m M 1st ROUND
-Zv7DU5us98\t27\tNA\tIAAF WIC Portland 2016 - Bruno HORTELANO ESP 60m M 1st ROUND
rGmMQsom_zo\t28\tNA\tIAAF WIC Portland 2016 - Rondel SORRILLO TTO 60m M 1st ROUND
NO_YygHMIbY\t27\tNA\tIAAF WIC Portland 2016 - Marvin BRACY USA 60m M 1st ROUND
nW_CxZQ2NOM\t49\tNA\tIAAF WIC Portland 2016 - Kim COLLINS SKN 60m M 1st ROUND
kyWAx_hliyI\t32\tNA\tIAAF WIC Portland 2016 - Churandy MARTINA NED 60m M 1st ROUND
Wb3af6ZdhIk\t31\tNA\tIAAF WIC Portland 2016 - Eric CRAY PHI 60m M 1st ROUND
N9sJhGNXu0c\t25\tNA\tIAAF WIC Portland 2016 - Abdullah Abkar MOHAMMED KSA 60m M 1st ROUND
JzOasG90i-E\t37\tNA\tIAAF WIC Portland 2016 - Trayvon BROMMEL USA 60m M 1st ROUND
DhIb9u78IV4\t38\tNA\tIAAF WIC Portland 2016 - Ramon GITTENS BAR 60m M 1st ROUND
4Heu9Sj03oQ\t34\tNA\tIAAF WIC Portland 2016 - Andrew ROBERTSON GBR 60m M 1st ROUND
_rrs3uqmxRA\t35\tNA\tIAAF WIC Portland 2016 - Antoine GAKEME BDI 800m M 1st ROUND
ptMj3-9zEOw\t38\tNA\tIAAF WIC Portland 2016 - Edward Kibet KEMBOI KEN 800m M 1st ROUND
ozCmm6vsGEY\t32\tNA\tIAAF WIC Portland 2016 - Erik SOWINSKI USA 800m M 1st ROUND
cGjcGWzKKJo\t47\tNA\tIAAF WIC Portland 2016 - Boris BERIAN USA 800m M 1st ROUND
oUOB44FE_8g\t26\tNA\tIAAF WIC Portland 2016 - Mostafa SMAILI MAR 800m M 1st ROUND
oM7kKaLzvvA\t31\tNA\tIAAF WIC Portland 2016 - Mohammed AMAN ETH 800m M 1st ROUND
xyr4zYK6QQk\t25\tNA\tIAAF WIC Portland 2016 - Brenda MARTINEZ USA 1500m W 1st ROUND
1D90r3xtHuY\t59\tNA\tIAAF WIC Portland 2016 - Cory MCGEE USA 1500m W 1st ROUND
HJK6GZCbm-c\t31\tNA\tIAAF WIC Portland 2016 - Renata PLIS POL 1500m W 1st ROUND
wdOFvUhJCu4\t29\tNA\tIAAF WIC Portland 2016 - Danuta URBANIK POL 1500m W 1st ROUND
cltjqcUoQOE\t21\tNA\tIAAF WIC Portland 2016 - Paul Kipkemoi CHELIMO USA 3000m M 1st ROUND
fv8Ln2yJvKU\t20\tNA\tIAAF WIC Portland 2016 - Lee EMANUEL GBR 3000m M 1st ROUND
Mtzun5q7NTA\t33\tNA\tIAAF WIC Portland 2016 - Ryan HILL USA 3000m M 1st ROUND
7gP8iC0k6io\t58\tNA\tIAAF WIC Portland 2016 - Cameron LEVINS CAN 3000m M 1st ROUND
wjXJC6SI-Vc\t29\tNA\tIAAF WIC Portland 2016 - Augustine Kiprono CHOGE KEN 3000m M 1st ROUND
4IYLdMdgQMU\t27\tNA\tIAAF WIC Portland 2016 - Malgorzata HOLUB POL 400m W 1st ROUND
xFBV_Y4LGm4\t33\tNA\tIAAF WIC Portland 2016 - Quanera HAYES USA 400m W 1st ROUND
wSj-qJntpPI\t31\tNA\tIAAF WIC Portland 2016 - Lisanne DE WITTE NED 400m W 1st ROUND
rOsLt-5qNTw\t26\tNA\tIAAF WIC Portland 2016 - Oluwakemi ADEKOYA BRN 400m W 1st ROUND
3uVuOpeqptg\t31\tNA\tIAAF WIC Portland 2016 - Kabange MUPOPO ZAM 400m W 1st ROUND
5xoSF1m4k9c\t21\tNA\tIAAF WIC Portland 2016 - Ashley SPENCER USA 400m W 1st ROUND
qkJD8hsdvdU\t16\tNA\tIAAF WIC Portland 2016 - Vernon NORWOOD USA 400m M 1st ROUND
nwq1MIeS74k\t22\tNA\tIAAF WIC Portland 2016 - Fitzroy DUNKLEY JAM 400m M 1st ROUND
kWqTfF4celk\t17\tNA\tIAAF WIC Portland 2016 - Bralon TAPLIN GRN 400m M 1st ROUND
ZwFW3ic4vqI\t26\tNA\tIAAF WIC Portland 2016 - Kyle CLEMONS USA 400m M 1st ROUND
Wmt_9oAh2YQ\t25\tNA\tIAAF WIC Portland 2016 - Lalonde GORDON TTO 400m M 1st ROUND
TVTNm9w7RbM\t20\tNA\tIAAF WIC Portland 2016 - Philip OSEI CAN 400m M 1st ROUND
TC76Z3BkR7Y\t24\tNA\tIAAF WIC Portland 2016 - Abdalelah HAROUN QAT 400m M 1st ROUND
G5V2kO6S9Zg\t22\tNA\tIAAF WIC Portland 2016 - Ricardo CHAMBERS JAM 400m M 1st ROUND
3P4_VFmzvIs\t22\tNA\tIAAF WIC Portland 2016 - Deon LENDORE TTO 400m M 1st ROUND
10t6kuVx-rU\t39\tNA\tIAAF WIC Portland 2016 - Lucas BUA ESP 400m M 1st ROUND
uNpu6-HmmAc\t69\tNA\tIAAF WIC PORTLAND 2016 - Sam KENDRICKS USA   SILVER
aA2uK2jF5eM\t39\tNA\tIAAF WIC PORTLAND 2016 - Piotr LISEK POL   BRONZE
YbsU9C6pNM4\t92\tNA\tIAAF WIC PORTLAND 2016 - Renaud LAVILLENIE FRA   GOLD
s4fxotx5r5w\t37\tNA\tIAAF WIC Portland 2016 - Shawnacy BARBER CAN
eb6CffdlDQQ\t47\tNA\tIAAF WIC Portland 2016 - Eliza MCCARTNEY NZL
k3KVPbJNAOU\t41\tNA\tIAAF WIC Portland 2016 - Fabiana MURER BRA
CX_hCkBJbTA\t80\tNA\tIAAF WIC 2016 - Jennifer SUHR USA   GOLD
7ibqRjaL0y0\t66\tNA\tIAAF WIC 2016 - Ekaterini STEFANIDI GRE - BRONZE
3V7f9V2orGw\t58\tNA\tIAAF WIC 2016 - Sandi MORRIS USA   SILVER
7q3If4vZr9o\t531\tNA\tIAAF Inside Athletics - Season 04 - Episode 04 - Mohammed Aman
r27hc6qhsp4\t2625\tNA\tVilamoura 2003 | World Half Marathon Championships
FRCWk-yYcsU\t62\tNA\tIAAF World Indoor Championships Portland 2016 Teaser
_reu58WmxQU\t242\tNA\tLegends Of Athletics - Steve Cram  - Signature Edition
mh5iioqzOEg\t3000\tNA\tBristol 2001 | World Half Marathon Championships
5cuvdO4iDAg\t999\tNA\tIAAF Inside Athletics - Season 04 - Episode 03 - Fabiana Murer
KhYSNub35Dc\t2727\tNA\tVeracruz 2000 | World Half Marathon Championships
364LLE5fkZo\t223\tNA\tLegends Of Athletics - Allen Johnson - Signature Edition
yKf_LLQ-P0I\t3085\tNA\tKosice 1997 | World Half Marathon Championships
d4THo8WERmw\t730\tNA\tIAAF Inside Athletics - Season 04 - Episode 02 - Dwight Phillips
7CXEW038gC0\t2557\tNA\tOslo 1994 | World Half Marathon Championships
ZZRu8y1MfXM\t2865\tNA\tNewcastle 1992 | World Half Marathon Championships
sKvg9F9umGE\t678\tNA\tIAAF Inside Athletics - Season 04 - Episode 01 - Angelo Taylor
LS2GdLI64gA\t161\tNA\tLegend Of Athletics - Wilson Kipketer - Signature Edition
su4mHwoJ4OY\t115\tNA\tLegend Of Athletics - Tatyana Lebedeva - Signature Edition
GbYEyn8239g\t207\tNA\tLegend Of Athletics - Sonia O'Sullivan - Signature Edition
0ZbZi7dcMR8\t181\tNA\tLegend Of Athletics - Robert Korzeniowski - Signature Edition
TKCiGFGLu48\t211\tNA\tLegend Of Athletics - Ralph Boston - Signature Edition
T5VrTYAvwdI\t206\tNA\tLegend Of Athletics - Peter Snell - Signature Edition
yGkW0pBeRds\t173\tNA\tLegend Of Athletics - Pauline Davis - Signature Edition
NqqWFtVK-Yk\t176\tNA\tLegend Of Athletics - Mike Powell - Signature Edition
adVDlyuVIys\t76\tNA\tAOTY 2015 - Finalist: Usain Bolt JAM
N4B1yZ5oKqA\t68\tNA\tAOTY 2015 - Finalist: Genzebe Dibaba ETH
qLXWWA9Jc7w\t68\tNA\tAOTY 2015 - Finalist: Dafne Schippers NED
LsFg6PJUkF0\t67\tNA\tAOTY 2015 - Finalist: Christian Taylor USA
xav1QY3xNXs\t62\tNA\tAOTY 2015 - Finalist: Ashton Eaton USA
j0e4UpVQvxU\t62\tNA\tAOTY 2015 - Finalist: Anita Wlodarczyk POL
VGg0ZVl8nds\t3113\tNA\tWXC 1989 Stavanger Highlights
wNVRuw3WRF8\t2295\tNA\tWXC 1986 Neuchatel Highlights
1B80ZslAtyc\t187\tNA\tLegend Of Athletics - Maurizio Damilano - Signature Edition
fTihdh17D_o\t178\tNA\tLegend Of Athletics - Koji Murofushi - Signature Edition
eRXX2jHKgGo\t184\tNA\tLegend Of Athletics - Kip Keino - Signature Edition
dhsUejydsGo\t159\tNA\tIAAF Inside Athletics - Season 3 - Episode 20 - Bloopers
BvWjNh3Cy6c\t226\tNA\tLegend Of Athletics - Kajsa Bergqvist - Signature Edition
9Skvsvcm490\t198\tNA\tLegend Of Athletics - Jonathan Edwards - Signature Edition
RWQ0Yc2Ebyo\t195\tNA\tLegend Of Athletics - Frankie Fredericks - Signature Edition
cXVa3EHX3nQ\t125\tNA\tBackstage - CANON PROFESSIONAL SERVICES
ipUAPqU-BQM\t195\tNA\tLegend Of Athletics - Donovan Bailey - Signature Edition
fYLJGOnzrQE\t779\tNA\tIAAF Inside Athletics - Season 3 - Episode 18 - Frank Fredericks
2htnOdFHHXo\t582\tNA\tIAAF Inside Athletics - Season 3 - Episode 19 - Heike Drechsler
rCazoQPXPPY\t182\tNA\tLegend Of Athletics - Dick Fosbury - Signature Edition
qCYKclq7xS8\t195\tNA\tLegend Of Athletics - Dan O'Brien - Signature Edition
8vNaUEfwkhI\t836\tNA\tIAAF Inside Athletics - Season 3 - Episode 17 - Michael Johnson
ZKaFHwrRuy8\t264\tNA\tLegend Of Athletics - Colin Jackson - Signature Edition
11XrgNxztto\t888\tNA\tIAAF Inside Athletics - Season 3 - Episode 16 - Hicham El Guerrouj
g3BIeI09gtg\t128\tNA\tWCH 2015 Beijing  - Wrap up
wNi4cI4TUNA\t96\tNA\tWCH 2015 Beijing - Team USA 4x400m Relay Men Final Gold
ssBq-95Ewr4\t112\tNA\tWCH 2015 Beijing - Team Great Britain & N I 4x400m Relay Men Final Bronze
wTkd7J5fyM4\t67\tNA\tWCH 2015 Beijing - Guowei Zhang CHN High Jump Final Bronze
MIxuAVK5yM4\t112\tNA\tWCH 2015 Beijing - Derek Drouin CAN High Jump Final Gold
Wr3SZ72CwXA\t35\tNA\tWCH 2015 Beijing - Bohdan Bondarenko UKR High Jump Final Silver
LcjIlb9dVDo\t72\tNA\tWCH 2015 Beijing - Team USA 4x400m Relay Women Final Silver
Cb6BRO88Zr8\t66\tNA\tWCH 2015 Beijing - Team Trinidad and Tobago 4x400 Relay Men Final Silver 1
8GHyNN5VkRI\t105\tNA\tWCH 2015 Beijing - Sunette Viljoen RSA Javelin Throw Final Bronze
zN4ghJXtpJs\t95\tNA\tWCH 2015 Beijing - Team Great Britain & N I 4x400m Relay Women Final Bronze
uvUqwbZSD6E\t92\tNA\tWCH 2015 Beijing - Jaroslav Baba CZE High Jump Final
pC6_0fyqxIQ\t66\tNA\tWCH 2015 Beijing - Mutaz Essa Barshim QAT High Jump Final 4th
TSzZB2Z_k7o\t97\tNA\tWCH 2015 Beijing - Eike Onnen GER High Jump Final 12th
7u0Nhh8h9P4\t100\tNA\tWCH 2015 Beijing - Barbora Spotakova CZE Javelin Throw Final 9th
3VpMZXkVPlM\t63\tNA\tWCH 2015 Beijing - Lingwei Li CHN Javelin Throw Final 5th
PG7kCqUBWaU\t45\tNA\tWCH 2015 Beijing - Kathrina Molitor GER Javelin Throw Final Gold
VfIhCfK1qZc\t45\tNA\tWCH 2015 Beijing - Huihui Lyu CHN Javelin Throw Final Silver
W2jAkmvggiY\t46\tNA\tWCH 2015 Beijing - Donald Thomas BAH High Jump Final 6th
4UGl1QLy6b0\t68\tNA\tWCH 2015 Beijing - Asbel Kiprop KEN 1500m Final Gold
DpQnvOwbiN0\t53\tNA\tWCH 2015 Beijing - Timothy Cheruiyot KEN 1500m Final 7th
rz30ussGn2o\t82\tNA\tWCH 2015 Beijing - Susan Kuijken NED 5000m Final 8th
JYILlXznigM\t72\tNA\tWCH 2015 Beijing - Konstadinos Baniotis GRE High Jump Final 4th
GK22alDOhIA\t52\tNA\tWCH 2015 Beijing - Nicholas Willis NZL 1500m Final 6th
tFkYE68fzL0\t51\tNA\tWCH 2015 Beijing - Elijah Motonel Manangoi KEN 1500m Final Silver
jirWV0yx2i4\t84\tNA\tWCH 2015 Beijing - Gianmarco Tamberi ITA High Jump Final 8th
5L_DtsiIeHs\t44\tNA\tWCH 2015 Beijing - Brittany Borman USA Javelin Throw Final 12th
p_Vp4LOmiHE\t82\tNA\tWCH 2015 Beijing - Sarah Klein AUS Marathon 23rd
FIUz5jFzFro\t169\tNA\tWCH 2015 Beijing - Mare Dibaba ETH Marathon Gold
YACaT8xRze4\t33\tNA\tWCH 2015 Beijing - Yu Fang Hsu TPE Marathon 45th
hSsztCBolBM\t45\tNA\tWCH 2015 Beijing - Serena Burla USA Marathon 10th
iAM_2J92JYw\t58\tNA\tWCH 2015 Beijing - Louise Wiker SWE Marathon 48th
UtPthosnYns\t54\tNA\tWCH 2015 Beijing - Changqin Ding CHN Marathon 16th
6JEsrdvZzgI\t97\tNA\tWCH 2015 Beijing - Helah Kiprop KEN Marathon Silver
5OH1Fk2xVcw\t67\tNA\tWCH 2015 Beijing - Eunice Jepkirui Kirwa BRN Marathon Bronze
2JBR-GNCX7M\t530\tNA\tWCH 2015 Beijing - BIG Final DAY 09
zU__7Y81eVs\t208\tNA\tTeam Jamaica 4x100m Relay Gold Medal Interview | World Athletics Championships Beijing 2015
Tio_8MuQju4\t184\tNA\tWCH 2015 Beijing - Team China 4x100m Relay Men Final Silver
33y9V8_Lo3U\t81\tNA\tWCH 2015 Beijing - Team Canada 4x100m Relay Men Final Bronze
TkjPEu3Rig0\t93\tNA\tWCH 2015 Beijing - Robert Urbanek POL Discus Throw Final Bronze
mPvTYf966ls\t91\tNA\tWCH 2015 Beijing - Ashton Eaton USA Decathlon Gold
gyyDQvmtR64\t96\tNA\tWCH 2015 Beijing - Gerd Kanter EST Discus Throw Final 4th
Eov9h8ZPGng\t52\tNA\tWCH 2015 Beijing - Team USA 4x100m Relay Women Final Silver
svy83ce6FXE\t73\tNA\tWCH 2015 Beijing - Team Trinidad and Tobago 4x100m Relay Women Final Bronze
QYFqUseSUQs\t96\tNA\tWCH 2015 Beijing - Ruth Beitia ESP High Jump Final 5th
qlmgpeijdZE\t33\tNA\tWCH 2015 Beijing - Eleanor Patterson AUS High Jump Final 8th
ODK-_OOvNt4\t127\tNA\tWCH 2015 Beijing - Damian Warner CAN Decathlon Silver
t0SQOLqsSK8\t57\tNA\tWCH 2015 Beijing - Ben True USA 5000m Final 6th
hl6NfGxLG_o\t65\tNA\tWCH 2015 Beijing - Blanka Vlasic CRO High Jump Final Silver
22iiPHVobjY\t93\tNA\tWCH 2015 Beijing - Mo Farah GBR 5000m Final Gold
kX26veL528w\t70\tNA\tWCH 2015 Beijing - Marie Laurence Jungfleisch GER High Jump Final 6th
-SOIHNuyNUc\t135\tNA\tWCH 2015 Beijing - Anna Chicherova RUS High Jump Final Bronze
XqBrAZ0xlqw\t65\tNA\tWCH 2015 Beijing - Maria Kuchina RUS High Jump Final Gold
qYsNjKCDrHQ\t71\tNA\tWCH 2015 Beijing - Shelayna Oskan Clarke GBR 800m Final 5th
ILJ4ThDxKlA\t65\tNA\tWCH 2015 Beijing - Ryan Hill USA 5000m Final 7th
sTH4CXfTov4\t72\tNA\tWCH 2015 Beijing - Melissa Bishop CAN 800m Final Silver
kAQcxjT-2WE\t71\tNA\tWCH 2015 Beijing - Marina Arzamasova BLR 800m Final Gold
Br1yj57CYAg\t151\tNA\tWCH 2015 Beijing - Caleb Mwangangi Ndiku KEN 5000m Final Silver
PWHx-mreTYo\t58\tNA\tWCH 2015 Beijing - Hagos Gebrhiwet ETH 5000m Final Bronze
QsavNafX1SE\t51\tNA\tWCH 2015 Beijing - Eunice Jepkoech Sum KEN 800m Final Bronze
yGSw67Pu_mw\t83\tNA\tWCH 2015 Beijing - Team USA 4x400m Relay Women Heat 2
zK7uh5JdZgU\t48\tNA\tWCH 2015 Beijing - Team Jamaica 4x400m Relay Men Heat 2
tOrboUD9cHU\t31\tNA\tWCH 2015 Beijing - Team Cuba 4x400m Relay Men Heat 2
slzieMPX47Y\t51\tNA\tWCH 2015 Beijing - Team Germany 4x100m Relay Men Heat 1
e2gLXlVkEEM\t84\tNA\tWCH 2015 Beijing - Robert Heffernan IRL 50km Race Walk 5th
dvF5S-upnsg\t50\tNA\tWCH 2015 Beijing - Team Germany 4x100m Relay Women Heat 1
TGPEl9reQSo\t87\tNA\tWCH 2015 Beijing - Team France 4x400m Relay Women Heat 2
DxUDLHVPE8o\t55\tNA\tWCH 2015 Beijing - Team Great Britain & N I 4x400m Relay Men Heat 1
D1qxF9DsKuo\t121\tNA\tWCH 2015 Beijing - Team China 4x400m Relay Women Heat 1
-UNyIrsMbd8\t60\tNA\tWCH 2015 Beijing - Team Canada 4x100m Relay Men Heat 2
DqMeUtw-rHs\t176\tNA\tWCH 2015 Beijing - Team China  4x100m Relay Men Heat 2
Fv090sA2hg4\t49\tNA\tWCH 2015 Beijing - Team Trinidad and Tobago 4x100m Relay Women Heat 2
3HC_FnZG16w\t64\tNA\tWCH 2015 Beijing - Team Netherlands 4x100m Relay Women Heat 2
SfwdBmDbuOE\t53\tNA\tWCH 2015 Beijing - Team Canada 4x100m Relay Women Heat 1
i0Old_WeSLI\t87\tNA\tWCH 2015 Beijing - Wei Yo CHN 50km Race Walk 7th
FiiJh7N9U8I\t65\tNA\tWCH 2015 Beijing - Team France 4x400m Relay Men Heat 1
FguZS50esbI\t209\tNA\tWCH 2015 Beijing - Matej Toth SVK  50K Race Walk Gold
7UpNmT3SIeQ\t83\tNA\tWCH 2015 Beijing - Team Brazil 4x400m Relay Men Heat 2
gLTj7345TyY\t58\tNA\tWCH 2015 Beijing - Takayuki Tanii JPN  50km Race Walk Bronze
_WYg9iUi46g\t129\tNA\tWCH 2015 Beijing - Jesus Angel Garcia ESP 50km Race Walk 9th
T4Rt88etlFo\t94\tNA\tWCH 2015 Beijing - Quentin Rew NZL 50km Race Walk 10th
NFxeDh703KM\t73\tNA\tWCH 2015 Beijing - Lin Zhang CHN 50km Race Walk 6th
Bk0VDpRhKCo\t88\tNA\tWCH 2015 Beijing - Jared Tallent AUS  50km Race Walk Silver
26ZpfjuhEBg\t110\tNA\tWCH 2015 Beijing - Andres Choco ECU 50km Race Walk 8th
sdUGjBPhgno\t104\tNA\tWCH 2015 Beijing - Team USA 4x400m Relay Mean Heat 2
Bym1GtOBraQ\t57\tNA\tWCH 2015 Beijing  - Team Nigeria 4x400m Relay Women Heat 1
CD37q00Z9xM\t59\tNA\tWCH 2015 Beijing - Team Trinidad and Tobago 4x400m Relay Men Heat 2
3V1jux4YUI0\t61\tNA\tWCH 2015 Beijing - Team Japan 4x400m Relay Women Heat 2
qmXWlGQU7IY\t60\tNA\tWCH 2015 Beijing - Team Great Britain & N I 4x400m Relay Men Heat 1
kPqYKdk4Eqk\t65\tNA\tWCH 2015 Beijing - Team Japan 4x400m Relay Men Heat 1
gXECvbgPznE\t29\tNA\tWCH 2015 Beijing - Team Bahamas 4x400m Relay Women Heat 2
fKf8ymRqA_M\t65\tNA\tWCH 2015 Beijing - Team Bahamas 4x400m Relay Men Heat 1
WMxabHBNHXA\t46\tNA\tWCH 2015 Beijing - Team Jamaica 4x400m Relay Women Heat 1
QxtmKjwMjoc\t54\tNA\tWCH 2015 Beijing - Team Belgium 4x400m Relay Men Heat 1
7TVJRPQVCgY\t80\tNA\tWCH 2015 Beijing - Team Great Britain & N I 4x400m Relay Women Heat 2
1FNdd_XqzFE\t202\tNA\tBackstage - Adidas: Only the Best for the Athlete
ejJFaOfPd9U\t533\tNA\tWCH 2015 Beijing - BIG Final DAY 08
MEdW7DAWVHY\t77\tNA\tWCH 2015 Beijing - Omar McLeod JAM 110m Hurdles Final 6th
tBNpkD5txVQ\t51\tNA\tWCH 2015 Beijing - Tiffany Porter GBR 100m Hurdles Final 5th
pA3c7IMP6l0\t96\tNA\tWCH 2015 Beijing - Elaine Thompson JAM 200m Final Silver
b90X1uFS72E\t91\tNA\tWCH 2015 Beijing - Aries Merritt USA 110m Hurdles Final Bronze
SW9uyDVibGM\t79\tNA\tWCH 2015 Beijing - Dimitri Bascou FRA 110m Hurdles Final 5th
a2Q2IAk1t-I\t50\tNA\tWCH 2015 Beijing - Brianna Rollins USA 100m Hurdles Final 4th
JrGMlroT3v0\t73\tNA\tWCH 2015 Beijing - Cindy Roleder GER 100m Hurdles Final Silver
dna-RFdfQZA\t32\tNA\tWCH 2015 Beijing   Matthew Centrowitz USA 1500m Semi Final
qVtE2orwVn4\t103\tNA\tWCH 2015 Beijing - Dina Asher Smith GBR 200m Final 5th
lqrxG2iPmCc\t71\tNA\tWCH 2015 Beijing - Elizabeth Gleadle CAN Javelin Throw Qualification
lbmb6RWApdM\t94\tNA\tWCH 2015 Beijing - Pascal Martinot Lagarde FRA 100m Hurdles Final 4th
hVDBu1gscvc\t144\tNA\tWCH 2015 Beijing - Sergey Schubenkov RUS 110m Hurdles Final Gold
g3aePCPgc78\t82\tNA\tWCH 2015 Beijing - Alina Talay BLR 100m Hurdles Final Bronze
dcoLetjVHgs\t106\tNA\tWCH 2015 Beijing - Danielle Williams JAM 100m Hurdles Final Gold
YyDL9s50wec\t102\tNA\tWCH 2015 Beijing - Hansle Parchment JAM 110m Hurdles Final Silver
VAUJAe1MqF4\t74\tNA\tWCH 2015 Beijing - Veronica Campbell Brown JAM 200m Final Bronze
USmbog18qEk\t88\tNA\tWCH 2015 Beijing - Barbora Spotakova CZE Javelin Throw Qualification
UOlKloiz1mM\t75\tNA\tWCH 2015 Beijing - Tianna Bartoletta USA Long Jump Final Gold
U8bnhRMHNe8\t51\tNA\tWCH 2015 Beijing - Brittany Borman USA Javelin Throw Qualification
QgnnHo_9xH8\t77\tNA\tWCH 2015 Beijing - Christin Hussong GER Javelin Throw Qualification
OgNqr_T2c54\t74\tNA\tWCH 2015 Beijing - Silas Kiplagat KEN 1500m Semi Final
MuwttwiCyc0\t25\tNA\tWCH 2015 Beijing - Brianna Rollins USA 100m Hurdles Semi Final
GeviPrmTBuU\t86\tNA\tWCH 2015 Beijing - Shara Proctor GBR Long Jump Final Silver
F3L_tZwkzt0\t45\tNA\tWCH 2015 Beijing - Michelle Jenneke AUS 100m Hurdles Semi Final
BpLsuYH0Adw\t45\tNA\tWCH 2015 Beijing  Zach Ziemek USA 400m Decathlon
9ce7EzWVD20\t99\tNA\tDafne Schippers' 200m Gold Medal Interview | IAAF World Championships Beijing 2015
37AcGYf3aeQ\t44\tNA\tWCH 2015 Beijing - Candyce McGrone USA 200m Final 4th
dnKFDWkyPGY\t68\tNA\tWCH 2015 Beijing - Abdalaati Iguider MAR 1500m Semi Final
ZWXqmXsFz6w\t82\tNA\tWCH 2015 Beijing - Charlie Grice GBR 1500m Semi Final
TVPbKYkCHu0\t139\tNA\tWCH 2015 Beijing - Christina Obergfoll & Kathrina Molitor GER Javelin Throw Qualification
QsXilygaoig\t48\tNA\tWCH 2015 Beijing - Pau Tonnesen ESP 400m Decathlon
BmWfD7HwS5U\t58\tNA\tWCH 2015 Beijing - Asbel Kiprop KEN 1500m Semi Final
MdOzOnaYWh8\t91\tNA\tWCH 2015 Beijing - Sunette Viljoen RSA Javelin Throw Qualification
bLj7PGUpOXQ\t84\tNA\tWCH 2015 Beijing - Shujiao Wu CHN 100m Hurdles Semi Final
rU3Ht81KLqc\t121\tNA\tWCH 2015 Beijing - Isabelle Pedersen NOR 100m Hurdles Semi Final
XgNIjN7EbJk\t47\tNA\tWCH 2015 Beijing - Li Zhang CHN Javelin Throw Qualification
m3jwGR4gNTY\t55\tNA\tWCH 2015 Beijing - Alina Talay BLR 100m Hurdles Semi Final
UHCixJt_BYg\t47\tNA\tWCH 2015 Beijing   Erik Kynard USA High Jump Qualification
ceyaEJdSKJs\t117\tNA\tWCH 2015 Beijing - Yu Wang CHN High Jump Qualification
KPilaDkhTvA\t90\tNA\tWCH 2015 Beijing - Khushbir Kaur IND 20k Race Walk 37th
mjGfZNYuRJw\t140\tNA\tWCH 2015 Beijing - Alana Barber NZL 20km Race Walk 18th
p1tC6Uo4m8g\t123\tNA\tWCH 2015 Beijing - Derek Drouin CAN High Jump Qualification
jCrjv_Rw0TA\t35\tNA\tWCH 2015 Beijing - Donald Thomas BAH High Jump Qualification
ML7HnDYmR7s\t34\tNA\tWCH 2015 Beijing - Jingjing Nie CHN 20km Race Walk 17th
63ipobrJwJg\t104\tNA\tWCH 2015 Beijing - Antonella Palmisano ITA 20km Race Walk 5th
Fpd4cfL1ntE\t66\tNA\tWCH 2015 Beijing - Brandon Starc AUS High Jump Qualification
vql0UJnMNyw\t44\tNA\tWCH 2015 Beijing - Anezka Drahotova CZE 20km Race Walk 8th
2nyp_oVClWk\t56\tNA\tWCH 2015 Beijing - Jaroslav Baba CZE High Jump Qualification
DkTD_wa7-1k\t30\tNA\tWCH 2015 Beijing - Ryan Ingraham BAH High Jump Qualification
hFaW6AgDdXM\t43\tNA\tWCH 2015 Beijing - Mutaz Essa Barshim QAT High Jump Qualification
doi8aux_6ck\t49\tNA\tWCH 2015 Beijing - Guowei Zhang CHN High Jump Qualification
AlZu5cz655I\t74\tNA\tWCH 2015 Beijing - Gianmarco Tamberi ITA High Jump Qualification
TW_CQ495A54\t41\tNA\tWCH 2015 Beijing - Bohdan Bondarenko UKR High Jump Qualification
p09RC6UFHp0\t125\tNA\tWCH 2015 Beijing - Lyudmyla Olyanovska UKR 20km Race Walk Bronze
KDkxQQQdbCs\t172\tNA\tWCH 2015 Beijing - Hong Liu CHN 20km Race Walk Gold
qMPLfYZcguU\t92\tNA\tWCH 2015 Beijing - Maria Jose Poves ESP 20km Race Walk 10th
pXhctvA0JjU\t46\tNA\tWCH 2015 Beijing - Xiuzhi Lu CHN 20km Race Walk Silver
61IWuJI5yVM\t52\tNA\tWCH 2015 Beijing - Ana Cabecinha POR 20km Race Walk 4th
pm01Zam3J6k\t91\tNA\tWCH 2015 Beijing - Erica De Sena BRA 20km Race Walk 6th
BwLMuqsjxHg\t299\tNA\tUsain Bolt's Golds | 200m | IAAF World Championships
e9lCI7ZjvqY\t89\tNA\tWCH 2015 Beijing - Zheng Wang CHN Hammer Throw Final 5th
XEih5daASk8\t81\tNA\tWCH 2015 Beijing - Wenxiu Zhang CHN Hammer Throw Final Silver
QUDZL22DVoY\t82\tNA\tWCH 2015 Beijing - Shericka Jackson JAM 400m Final Bronze
4-s4O1oLxB0\t83\tNA\tWCH 2015 Beijing  - Angie Petty NZL 800m Semi Final
6TcPdprGGEE\t47\tNA\tWCH 2015 Beijing - Omar Craddock USA Triple Jump Final 4th
boXWeZ989uU\t104\tNA\tUsain Bolt's 200m Gold Medal Interview | IAAF World Championships Beijing 2015
PJ1U-ZD5nIU\t120\tNA\tWCH 2015 Beijing - Shaunae Miller BAH 400m Final Silver
ZjTg7904cEY\t143\tNA\tWCH 2015 Beijing - Christian Taylor USA Triple Jump Final Gold
xfvBaiBSisU\t149\tNA\tWCH 2015 Beijing - Anaso Jobodwana RSA 200m Final Bronze
y_Y_ouoDECA\t81\tNA\tWCH 2015 Beijing - Allyson Felix USA 400m Final Gold
TkH_HLKr7fo\t91\tNA\tWCH 2015 Beijing - Wenjun Xie CHN 110m Hurdles Semi Final
ffDvE3AYE-I\t49\tNA\tWCH 2015 Beijing - Zharnel Hughes GBR 200m Final 5th
j38bXuwYhi0\t74\tNA\tWCH 2015 Beijing - Sophie Hitchon GBR Hammer Throw Final 4th
Vbmswf3m06U\t49\tNA\tWCH 2015 Beijing - Renelle Lamote FRA 800m Semi Final
j0eppz42Ez4\t95\tNA\tWCH 2015 Beijing - Nelson Evora POR Triple Jump Final Bronze
yz7MbwV8T8I\t48\tNA\tWCH 2015 Beijing - Garfield Darien FRA 110m Hurdles Semi Final
xAJbv_JhgRw\t59\tNA\tWCH 2015 Beijing - Marie Josee Ta Lou CIV 200m Semi Final
wXiRZLiOc9Q\t90\tNA\tWCH 2015 Beijing - Alonso Edward PAN 200m Final 4th
rklahwvN0-Q\t32\tNA\tWCH 2015 Beijing - Alexandra Tavernier FRA Hammer Throw Final Bronze
Pawb7g6psvk\t29\tNA\tWCH 2015 Beijing - Matthias Buhler GER 110m Hurdles Semi Final
FKFFNRQstvs\t56\tNA\tWCH 2015 Beijing - Christine Day JAM 400m Final 4th
E0j0pb_1zLY\t57\tNA\tWCH 2015 Beijing - Mujinga Kambundji SUI 200m Semi Final
0ga4OLj5X0w\t42\tNA\tWCH 2015 Beijing - Nataliia Lupu UKR 800m Semi Final
Zjs35Q0pT3o\t104\tNA\tWCH 2015 Beijing - Ivet Lalova Collio BUL 200m Semi Final
H6MEieOqzhI\t35\tNA\tWCH 2015 Beijing - Veronica Campbell Brown JAM 200m Semi Final
kMmPLAG_Ug4\t41\tNA\tWCH 2015 Beijing - Sherone Simpson JAM 200m Semi Final
jJjFBM1IsYk\t35\tNA\tWCH 2015 Beijing - Jeneba Tarmoh USA 200m Semi Final
alRg3qTZj5g\t41\tNA\tWCH 2015 Beijing - Dina Asher Smith GBR 200m Semi Final
QanjZYobI2M\t52\tNA\tWCH 2015 Beijing - Elaine Thompson JAM 200m Semi Final
HMRSdbgFbSo\t74\tNA\tWCH 2015 Beijing - Aries Merritt USA 110m Hurdles Semi Final
8giv9VDk85g\t132\tNA\tWCH 2015 Beijing - Dimitri Bascou FRA 110m Hurdles Semi Final
v7EhQUAxJLE\t112\tNA\tWCH 2015 Beijing - Wayde Van Niekerk RSA 400m Final Gold
1C64fprYdwI\t76\tNA\tWCH 2015 Beijing - Pascal Martinot Lagarde FRA 110m Hurdles Semi Final
EOex2KQ-bH8\t60\tNA\tWCH 2015 Beijing - Sergey Schubenkov RUS 110m Hurdles Semi Final
sfaeM6ftH7A\t32\tNA\tWCH 2015 Beijing - Hansle Parchment JAM 110m Hurdles Semi Final
ix790wj_AZc\t44\tNA\tWCH 2015 Beijing - David Oliver USA 110m Hurdles Semi Final
cNTSlH8lq8A\t238\tNA\tWCH 2015 Beijing - BIG Final DAY 07
xg_TMrXzj58\t141\tNA\tWCH 2015 Beijing - IAAF TV Commentary Team
-ufxHIXQTus\t40\tNA\tWCH 2015 Beijing - Tiffany Porter GBR 100m Hurdles Heat 5
iO0kJwMjjxA\t74\tNA\tWCH 2015 Beijing - Taoufik Makhlofi ALG 1500m Heat 1
PZaY53nJ69M\t79\tNA\tWCH 2015 Beijing - Silas Kiplagat KEN 1500m Heat 3
zX6sQQLFLRA\t50\tNA\tWCH 2015 Beijing - Mercy Cherono KEN 5000m Heat 1
wpQ5zVfhY0Q\t62\tNA\tWCH 2015 Beijing - Kierre Beckles BAR 100m Hurdles Heat 3
u5xiWL1FLzc\t111\tNA\tWCH 2015 Beijing - Shujiao Wu CHN 100m Hurdles Heat 5
mUPcpfhOrSA\t39\tNA\tWCH 2015 Beijing - Shermaine Williams JAM 100m Hurdles Heat 2
fN26Jy_Rqmw\t95\tNA\tWCH 2015 Beijing - Anna Chicherova RUS High Jump Qualification
dK6ULPe6Wqo\t81\tNA\tWCH 2015 Beijing - Asbel Kiprop KEN 1500m Heat 2
bNRA8ZmBXNE\t53\tNA\tWCH 2015 Beijing - Shara Proctor GBR Long Jump Qualification
WHFHioywWRU\t68\tNA\tWCH 2015 Beijing - Britney Reese USA Long Jump Qualification
TIjmfBhl1fE\t54\tNA\tWCH 2015 Beijing - Alina Talay BLR 100m Hurdles Heat 6
P0atbNqlv_c\t42\tNA\tWCH 2015 Beijing - Erica Jarder SWE Long Jump Qualification
7seCkEej1lE\t45\tNA\tWCH 2015 Beijing - Kendra Harrison USA 100m Hurdles Heat 1
6HRIBgyNqKQ\t52\tNA\tWCH 2015 Beijing - Ruth Beitia ESP High Jump Qualification
3vVZzdqcw_o\t48\tNA\tWCH 2015 Beijing - Cindy Ofili GBR 100m Hurdles Heat 4
SoVpVhsekJY\t55\tNA\tWCH 2015 Beijing - Christoph Harting GER Discus Throw Qualification
JthAicoovns\t93\tNA\tWCH 2015 Beijing - Minjia LU CHN Long Jump Qualification
6h6cMiOc-qQ\t38\tNA\tWCH 2015 Beijing - Noemi Zbaren SUI 100m Hurdles Heat 2
WeFhWIYvLP8\t59\tNA\tWCH 2015 Beijing - Leonel Manzano USA 1500m Heat 2
3u9o1iuro7E\t58\tNA\tWCH 2015 Beijing - Katarina Johnson Thompson GBR Long Jump Qualification
1EOlMNIOr7o\t57\tNA\tWCH 2015 Beijing - Michelle Jenneke AUS 100m Hurdles Heat 3
TAvkLLncPuI\t67\tNA\tWCH 2015 Beijing - Blanka Vlasic CRO High Jump Qualification
AFuzThvuUso\t26\tNA\tWCH 2015 Beijing - Danielle Williams JAM 100m Hurdles Heat 1
7orzz-XErJ0\t40\tNA\tWCH 2015 Beijing - Christabel Nettey CAN Long Jump Qualification
5FYIEPn9BbU\t75\tNA\tWCH 2015 Beijing   Matthew Centrowitz USA 1500m Heat 1
hTaXMBmdcI0\t109\tNA\tWCH 2015 Beijing - Susan Kuijken NED 5000m Heat 1
4UJhcZTsmVo\t35\tNA\tWCH 2015 Beijing - Xingjuan Zheng CHN High Jump Qualification
fIna1OY63EQ\t93\tNA\tWCH 2015 Beijing - Piotr Malachowski POL Discus Throw Qualification
fqBn3PzNMAE\t54\tNA\tWCH 2015 Beijing - Viola Jelagat Kibiwot KEN 5000m Heat 2
8DVvBheOVj4\t104\tNA\tWCH 2015 Beijing - Fedrick Dacres JAM Discus Throw Qualification
1KvXySKuMk0\t42\tNA\tWCH 2015 Beijing - Mimi Belete BRN 5000m Heat 1
tm2QAKBIGMM\t73\tNA\tWCH 2015 Beijing - Aman Wote ETH 1500m Heat 2
Vaa2T6yVWpc\t23\tNA\tWCH 2015 Beijing - Almaz Ayana ETH 5000m Heat 2
LWPtv0Dm_sA\t82\tNA\tWCH 2015 Beijing - Charlie Grice GBR 1500m Heat 1
IKcscL__XIY\t63\tNA\tWCH 2015 Beijing - Doreen Amata NGR High Jump Qualification
4to6ABc2ZXc\t56\tNA\tWCH 2015 Beijing - Ayuko Suzuki JPN 5000m Heat 2
36nvE9A_l70\t60\tNA\tWCH 2015 Beijing - Johan Cronje RSA 1500m Heat 1
IMSqR__XAmQ\t138\tNA\tWCH 2015 Beijing - Sara Slott Petersen DEN 400m Hurdles Final 4th
fyxoL_IhlZg\t106\tNA\tWCH 2015 Beijing - Tero Pitkamaki FIN Javelin Throw Final Bronze
IFibF9vnasc\t53\tNA\tWCH 2015 Beijing - Wenjun Xie CHN 110m Hurdles Heat 1
RanN0yCmaJY\t43\tNA\tWCH 2015 Beijing - Nercely Soto VEN 200m Heat 4
z2zv_a5yIvU\t62\tNA\tWCH 2015 Beijing - Isidora Jimenez CHI 200m Heat 3
scmBFu-DK6c\t50\tNA\tWCH 2015 Beijing - Rosangela Santos BRA 200m Heat 6
rkGspCH5WlQ\t38\tNA\tWCH 2015 Beijing - Julien Forte JAM 200m Semi Final
kAZspqkbmjM\t106\tNA\tWCH 2015 Beijing - Marie Josee Ta Lou CIV 200m Heat 2
jXXSkttgMio\t43\tNA\tWCH 2015 Beijing - Churandy Martina NED 200m Semi Final
fyjiDaBos-E\t71\tNA\tWCH 2015 Beijing - Christophe Lemaitre FRA 200m Semi Final
CtaYRKUslZk\t47\tNA\tWCH 2015 Beijing - Janieve Russell JAM 400m Hurdles Final 5th
A22I2nHCmCk\t48\tNA\tWCH 2015 Beijing - Nickel Ashmede JAM 200m Semi Final
5LbvE0rrXbc\t45\tNA\tWCH 2015 Beijing - Shuo Cao & Bin Dong CHN Triple Jump Qualification
1xPFnWkq0NI\t94\tNA\tWCH 2015 Beijing - Brian Toledo ARG Javelin Throw Final 10th
1EhNEAogbOQ\t72\tNA\tWCH 2015 Beijing - Cynthia Bolingo BEL 200m Heat 5
4NokD1iM1_k\t87\tNA\tWCH 2015 Beijing - Lalita Shivaji BABAR IND 3000m S:C 8th
j8w2OI0v0Ok\t59\tNA\tWCH 2015 Beijing - Luguelin SANTOS DOM 400m 4th
4letZ8lnAz0\t49\tNA\tWCH 2015 Beijing - Ramil GULIYEV TUR 200m Heat 3
xIB7FYsLwu0\t64\tNA\tWCH 2015 Beijing  - Emma COBURN USA 3000m S:C 5th
zvHLpCBhqu0\t60\tNA\tWCH 2015 Beijing  - Kirani JAMES GRN 400m Bronze
EaKq4Z4RXIw\t37\tNA\tWCH 2015 Beijing - Hyvin Kiyeng JEPKEMOI KEN 3000m S:C Gold
2Yv21K1vq4g\t158\tNA\tWCH 2015 Beijing - Nikoleta Kyriakopoulou GRE Pole Vault Final Bronze
0QEsnOorioQ\t140\tNA\tWCH 2015 Beijing - Yarisley Silva CUB Pole Vault Final Gold
Gnm2uCmtCJY\t136\tNA\tWCH 2015 Beijing - Fabiana Murer BRA Pole Vault Final Silver
z8JJnaLAL7A\t167\tNA\tWCH 2015 Beijing - Julius Yego KEN Javelin Throw Final Gold
nxePsZpPHIQ\t72\tNA\tWCH 2015 Beijing - Rabah Yousif GBR 400m Final 6th
cHnoHHqBt2w\t95\tNA\tWCH 2015 Beijing - Habiba Ghribi TUN 3000m Steeplechase Final Silver
lDsa5YOpXqY\t62\tNA\tWCH 2015 Beijing - Colleen Quigley USA 3000m Steeplechase Final 12th
RR1J8AKfk4w\t55\tNA\tWCH 2015 Beijing - Angelica Bengtsson SWE Pole Vault Final 4th
KOKXVsM4GtE\t86\tNA\tWCH 2015 Beijing - Gesa Felicitas Krause GER 3000m Steeplechase Final Bronze
loUcpgvhW7M\t88\tNA\tWCH 2015 Beijing - Zuzana Hejnova CZE  400m Hurdles Final Gold
wFwIL2-Qhig\t78\tNA\tWCH 2015 Beijing - Ihab Abdelrahman El Sayed EGY Javelin Throw Final Silver
PqZbGGEA4L4\t44\tNA\tWCH 2015 Beijing - Dafne Schippers NED 200m Heat 6
4Iag9nb29P0\t51\tNA\tWCH 2015 Beijing - Jeremy Dodson SAM 200m Semi Final
0KqJwFH7opo\t46\tNA\tWCH 2015 Beijing - Ivet Lalova Collio BUL 200m Heat 7
ZHE4U7kD3rc\t61\tNA\tWCH 2015 Beijing - Cassandra Tate USA 400m Hurdles Final Bronze
DAJGHxxXyOY\t58\tNA\tWCH 2015 Beijing - Alonso Edward PAN 200m Semi Final
CLBm8vha3r8\t58\tNA\tWCH 2015 Beijing - Anaso Jobodwana RSA 200m Semi Final
BZkTiDRvYqU\t51\tNA\tWCH 2015 Beijing - Antti Ruuskanen FIN Javelin Throw Final 5th
ShOam82_IXI\t26\tNA\tWCH 2015 Beijing - Usain Bolt JAM 200m Semi Final
AKjaj7evgEs\t72\tNA\tWCH 2015 Beijing - Ramona Papaioannou CYP 200m Heat 1
ywj_NYdFCdg\t57\tNA\tWCH 2015 Beijing - Jeneba Tarmoh USA 200m Heat 4
pD1QUEs9nos\t58\tNA\tWCH 2015 Beijing - Gloria Hooper ITA 200m Heat 3
XQFBpIjw89Q\t51\tNA\tWCH 2015 Beijing - Kimberly Hyacinthe CAN 200m Heat 3
SROgcEQkHqE\t31\tNA\tWCH 2015 Beijing  - Jenna Prandini USA 200m Heat 2
Nz1GqpNgzN0\t54\tNA\tWCH 2015 Beijing - Justine Palframan RSA 200m Heat 2
Ju-DfJ_3OcQ\t56\tNA\tWCH 2015 Beijing - Khamica Bingham CAN 200m Heat 4
wVvKAi_kP7I\t255\tNA\tWCH 2015 Beijing - BIG Final Day 06
uM4LoR9Ob2k\t94\tNA\tWCH 2015 Beijing - Bianca Williams GBR 200m Heat 4
LmBvxCBeMOE\t209\tNA\tWCH 2015 Beijing - Usain Bolt Special 100m
lcHMG-daBo0\t153\tNA\tWCH 2015 Beijing - Behind The Scene
oYBK3q5qqrc\t56\tNA\tWCH 2015 Beijing - Simoya Campbell JAM Heat 4
MzlOJGlrqS0\t36\tNA\tWCH 2015 Beijing - Rababe Arafi MAR 800m Heat 3
mJ9a8OSTD78\t41\tNA\tWCH 2015 Beijing - Olga Lyakhova UKR 800m Heat 2
emSjF0yl9jc\t44\tNA\tWCH 2015 Beijing - Melissa Bishop CAN 800m Heat 6
_sdZVSX1Bvo\t37\tNA\tWCH 2015 Beijing - Natoya Goule JAM 800m Heat 5
FiMAf3Bes_c\t113\tNA\tWCH 2015 Beijing - Mohamed Ahmed CAN 5000m Heat 2
j2g-Cpdl-dg\t64\tNA\tWCH 2015 Beijing - Matthias Buhler GER 110m Hurdles Heat 4
ueL8XLeGKd8\t69\tNA\tWCH 2015 Beijing - Brenda Martinez USA 800m Heat 3
raGW5T2BgOc\t49\tNA\tWCH 2015 Beijing - Andrew Riley JAM 110m Hurdles Heat 2
jpDDJvemWtU\t45\tNA\tWCH 2015 Beijing - Club France ITW
hGb03xH_BnQ\t86\tNA\tWCH 2015 Beijing - Fabienne Kohlmann GER 800m Heat 5
X3Xzri2MdCw\t59\tNA\tWCH 2015 Beijing - Aries Merritt USA 110m Hurdles Heat 5
UteXJPHN5e4\t127\tNA\tWCH 2015 Beijing - Dimitri Bascou FRA 110m Hurdles Heat 5
NNUw_ZWiFEM\t29\tNA\tWCH 2015 Beijing - Hagos Gebrhiwet ETH 5000m Heat 1
WrExRgYwvXw\t63\tNA\tWCH 2015 Beijing - Artur Noga POL 110m Hurdles Heat 2
VkhSqbK09c0\t58\tNA\tWCH 2015 Beijing - Ben True USA 5000m Heat 1
SwJ2X4CgSOg\t122\tNA\tWCH 2015 Beijing - Alexandra Tavernier FRA Hammer Throw Qualification
8qhuaq2EhXM\t45\tNA\tWCH 2015 Beijing - Aleec Harris USA 110m Hurdles Heat 4
on4bm8FNgvI\t54\tNA\tWCH 2015 Beijing - Shane Brathwaite BAR 110m Hurdles Heat 1
1veKD8leSrs\t85\tNA\tWCH 2015 Beijing - Pascal Martinot Lagarde FRA 110m Hurdles Heat 2
cr3-u7i_vy0\t77\tNA\tWCH 2015 Beijing - Omar McLeod JAM 110m Hurdles Heat 1
dx3r3ZmY64A\t54\tNA\tWCH 2015 Beijing - Jonathan Mendes BRA 110m Hurdles Heat 2
VFC0qb9uJgU\t48\tNA\tWCH 2015 Beijing - Hansle Parchment JAM 110m Hurdles Heat 4
SNaXHXg4eqc\t86\tNA\tWCH 2015 Beijing - Greggmar Swift BAR 110m Hurdles Heat 4
HnppFaBFNVc\t50\tNA\tWCH 2015 Beijing - Lawrence Clark GBR 110m Hurdles Heat 5
i8Nap7_xrtI\t80\tNA\tWCH 2015 Beijing - Eder Antonio Souza BRA 110m Hurdles Heat 1
48XdM8Tkr9o\t59\tNA\tWCH 2015 Beijing - Garfield Darien FRA 110m Hurdles Heat 3
Ps7UGMu89UI\t49\tNA\tWCH 2015 Beijing - David Oliver USA 110m Hurdles Heat 3
JzPHWodhG0w\t85\tNA\tWCH 2015 Beijing - Sofia Ennaoui POL 800m Heat 4
w-Mgin2cmYc\t79\tNA\tWCH 2015 Beijing - Sifan Hassan NED 800m Heat 2
IGCIsOAmn6E\t113\tNA\tWCH 2015 Beijing - Pedro Richardo CUB Triple Jump Qualification
T0yifp4Zhg4\t78\tNA\tWCH 2015 Beijing - Omar Craddock USA Triple Jump Qualification
1G1EEgEVNHg\t54\tNA\tWCH 2015 Beijing - Christian Taylor USA Triple Jump Qualification
xUkRgVxjS14\t77\tNA\tWCH 2015 Beijing - Benjamin Compaore FRA Triple Jump Qualification
QtY11B7KLLw\t113\tNA\tWCH 2015 Beijing - Tom Farrell GBR 5000m Heat 1
0FzpLFw44Hk\t53\tNA\tWCH 2015 Beijing - Rosa Rodriguez VEN Hammer Throw Qualification
zScbzW8fpQI\t69\tNA\tWCH 2015 Beijing - Eunice Jepkoech Sum KEN 800m Heat 2
uZKDo8uAi_s\t56\tNA\tWCH 2015 Beijing - Mo Farah GBR 5000m Heat 2
sEtULIbqhjs\t40\tNA\tWCH 2015 Beijing - Flavia De Lima BRA 800m Heat 2
qMBTzbTlaL8\t39\tNA\tWCH 2015 Beijing - Lynsey Sharp GBR 800m Heat 1
cRflrOgo7gw\t63\tNA\tWCH 2015 Beijing - Kathrin Klaas GER Hammer Throw Qualification
TvJ6NxcFAvY\t59\tNA\tWCH 2015 Beijing - Marina Arzamasova BLR 800m Heat 1
619HytbKH8s\t57\tNA\tWCH 2015 Beijing - Edwin Cheruiyot Soy KEN 5000m Heat 1
0XUREAlWcEE\t68\tNA\tWCH 2015 Beijing - Marian Oprea ROU Triple Jump Qualification
ytTQu3jbI8Y\t54\tNA\tWCH 2015 Beijing - Caleb Mwangangi Ndiku KEN 5000m Heat 2
OC_8pEobGF0\t93\tNA\tWCH 2015 Beijing - Anita Wlodarczyk POL Hammer Throw Qualification
DTBHAU2dWYs\t89\tNA\tWCH 2015 Beijing - Caster Semenya RSA 800m Heat 1
wpq1NDR809s\t84\tNA\tWCH 2015 Beijing - Patryk Dobek POL 400m Hurdles Final 7th
1Q7QZQbPG-s\t83\tNA\tWCH 2015 Beijing - Sibusiso Matsenjwa SWZ 200m Heat 5
nN1naF3DaCw\t49\tNA\tWCH 2015 Beijing - Laura Muir GBR 1500m Final 5th
k2OVYsDG50U\t86\tNA\tWCH 2015 Beijing - Dani Samuels AUS Discus Throw Final 6th
bct43DcDBJE\t29\tNA\tWCH 2015 Beijing - Carvin Nkanata KEN 200m Heat 4
anjjG8YE1qI\t39\tNA\tWCH 2015 Beijing - Femi Ogunode QAT 200m Heat 7
MtCHgISUv8E\t81\tNA\tWCH 2015 Beijing - Nadine Muller GER Discus Throw Final Bronze
EPo01f_iq0U\t79\tNA\tWCH 2015 Beijing - Marie Gayot FRA 400m Heat 2
9R8pjiIFQio\t84\tNA\tWCH 2015 Beijing - Daniel Talbot GBR 200m Heat 6
4pWV-Jrromw\t43\tNA\tWCH 2015 Beijing - Kabange Mupopo ZAM 400m Semi Final
2l4O1LTqotY\t39\tNA\tWCH 2015 Beijing - Jennifer Simpson USA 1500m Final 11th
1-u8rB5Q7K4\t64\tNA\tWCH 2015 Beijing - Beouch Ngirchongor NMI 200m Heat 2
_NKd3CmaDA0\t62\tNA\tWCH 2015 Beijing   Anyika Onuora GBR 400m Semi Final
JYjhQ8hWGgI\t106\tNA\tWCH 2015 Beijing   Adam Kszczot POL 800m Final Silver
AIZaIKeA8uQ\t32\tNA\tWCH 2015 Beijing   Ahmed Ali SUD 200m Heat 1
LN1rbgqtWo0\t64\tNA\tWCH 2015 Beijing   Abeba Aregawi SWE 1500m Final 6th
2J6kBeUa0o4\t149\tNA\tWCH 2015 Beijing - David Lekuta Rudisha KEN 800m Final Gold
HzGitTTJp6M\t91\tNA\tWCH 2015 Beijing - Greg Rutherford GBR Long Jump Final Gold
03w2XIs8qTk\t120\tNA\tWCH 2015 Beijing - Fabrice Lapierre AUS Long Jump Final Silver
o36m8RHE4HQ\t57\tNA\tWCH 2015 Beijing - Sifan Hassam NED 1500m Final Bronze
bK8nAXOfFT8\t45\tNA\tWCH 2015 Beijing - Nicholas Bett KEN 400m Hurdles Final Gold
HHBdza-sATc\t101\tNA\tGenzebe Dibaba's 1500m Gold Medal Interview | IAAF World Athletics Championships Beijing 2015
PNZRzFYpRQo\t51\tNA\tWCH 2015 Beijing - Kerron Clement USA 400m Hurdles Final 4th
pnkksG-B1UA\t47\tNA\tWCH 2015 Beijing - Jeffrey Gibson BAH 400m Hurdles Final Bronze
WPoN7XTOq8c\t84\tNA\tWCH 2015 Beijing - Amel Tuka BIH 800m Final Bronze
C-BWID5oFwU\t47\tNA\tWCH 2015 Beijing - Zharnel Hughes GBR 200m Heat 5
RLAs9w_dXaw\t38\tNA\tWCH 2015 Beijing - Warren Weir JAM 200m Heat 6
UY3m0rDBuUY\t46\tNA\tWCH 2015 Beijing - Sandra Perkovic CRO Discus Throw Final Silver
x7MLfO1-omw\t74\tNA\tWCH 2015 Beijing - Denia Caballero CUB Discus Throw Final Gold
bfw749_3wXI\t27\tNA\tWCH 2015 Beijing - Julian Forte JAM 200m Heat 5
A6hhYtuV498\t66\tNA\tWCH 2015 Beijing - Abdul Hakim Sani Brown JPN 200m Heat 4
9Cjdp8fPwv0\t28\tNA\tWCH 2015 Beijing - Brendan Rodney CAN 200m Heat 5
8YMGjayyCA8\t62\tNA\tWCH 2015 Beijing - Anaso Jobodwana RSA 200m Heat 7
64vhWOF4_nk\t241\tNA\tWCH 2015 Beijing - BIG Final Day 05
dSm3nLY96hA\t49\tNA\tWCH 2015 Beijing - Patience Okon George NGR 400m Semi Final
owRjXGg0ALk\t40\tNA\tWCH 2015 Beijing - Novlene Williams Mills JAM 400m Semi Final
i2Y0bFSqKa4\t30\tNA\tWCH 2015 Beijing - Ekaterina Renzhina RUS 400m Semi Final
c3IrS4vO8F8\t44\tNA\tWCH 2015 Beijing - Mike Mokamba Nyang'au 200m Heat 1
OD2GYd3p2-U\t39\tNA\tWCH 2015 Beijing - Churandy Martina NED 200m Heat 2
Ix9XzhgSwns\t67\tNA\tWCH 2015 Beijing - Christophe Lemaitre FRA 200m Heat 2
9yRRzxSrDT0\t43\tNA\tWCH 2015 Beijing - Kenji Fujimitsu JPN 200m Heat 1
-A-D8mx-GDs\t52\tNA\tWCH 2015 Beijing - Shericka Jackson JAM 400m Semi Final
j-Tvmsjllfs\t43\tNA\tWCH 2015 Beijing - Usain Bolt JAM 200m Heat 3
jsKATTQ52EM\t53\tNA\tWCH 2015 Beijing - Anneliese Rubie AUS 400m Semi Final
R-9UnPsTpRw\t59\tNA\tWCH 2015 Beijing - Alonso Edward PAN 200m Heat 2
HoAVSyHi0Uw\t95\tNA\tWCH 2015 Beijing   Emily Infield USA 10 000m Final Bronze
Dd_v_r0nOck\t82\tNA\tWCH 2015 Beijing   Gelete Burka ETH 10 000m Final Silver
enzOyszdWXE\t128\tNA\tShelly-Ann Fraser-Pryce's 100m Gold Medal Interview | IAAF World Championships Beijing 2015
Va83f3nDbEk\t68\tNA\tWCH 2015 Beijing - Tori Bowie USA 100m Final Bronze
RIJUYZaDxLU\t153\tNA\tWCH 2015 Beijing - Shawnacy Barber CAN Pole Vault Final Gold
g8gsfM7muvs\t92\tNA\tWCH 2015 Beijing - Renaud Lavillenie FRA Pole Vault Final Bronze
dT0elNy0k5c\t76\tNA\tWCH 2015 Beijing - Raphael Marcel Holdzeppe GER Pole Vault Final Silver
6kEszSOS3EY\t102\tNA\tWCH 2015 Beijing - Dafne Schippers NED 100m Final Silver
10eF75HDhco\t60\tNA\tWCH 2015 Beijing - Ezekiel Kemboi KEN 3000m Steeplechase Final Gold
8er--709s9c\t102\tNA\tWCH 2015 Beijing - Vivian Jepkemoi Cheruiyot KEN 10 000m Final Gold
I1x1DA8Mjqs\t28\tNA\tWCH 2015 Beijing - Olga Rypakova KAZ Triple Jump Final Bronze
zsAQyNBOwx8\t54\tNA\tWCH 2015 Beijing - Julius Yego KEN Javelin Throw Qualification
kK5sWKNqYk8\t33\tNA\tWCH 2015 Beijing - Kimberly Williams JAM Triple Jump Final 5th
8UMvDUGtXxU\t91\tNA\tWCH 2015 Beijing - Caterine Ibarguen COL Triple Jump Final Gold
6NNttAGlfJo\t64\tNA\tWCH 2015 Beijing - Daniel Huling USA 3000m Steeplechase Final 5th
1d1N5wYdvWE\t114\tNA\tWCH 2015 Beijing - Coach Glenn Mills
QDcVXjxq208\t44\tNA\tWCH 2015 Beijing - Brimin Kiprop Kipruto KEN 3000m Steeplechase Final Bronze
sHYgbx0QI0s\t88\tNA\tWCH 2015 Beijing - Andreas Hofmann GER Javelin Throw Qualification
cUx7wWmiulw\t42\tNA\tWCH 2015 Beijing - Yousef Ahmed Masrahi KSA 400m Semi Final
QY4lPOCPTDo\t55\tNA\tWCH 2015 Beijing - Kirani James GRN 400m Semi Final
2uZyaU4oofQ\t44\tNA\tWCH 2015 Beijing - Rabah Yousif GBR 400m Semi Final
0kOd0Y8xW48\t48\tNA\tWCH 2015 Beijing - LaShawn Merritt USA 400m Semi Final
lTivximN1gA\t75\tNA\tWCH 2015 Beijing - Peter Matthews JAM 400m Semi Final
w5hZTRLWif8\t54\tNA\tWCH 2015 Beijing - Keshorn Walcott TTO Javelin Throw Qualification
nQUuVh19pHo\t44\tNA\tWCH 2015 Beijing - Anti Ruuskanen FIN Javelin Throw Qualification
3ud0pZJGqIU\t44\tNA\tWCH 2015 Beijing - Jakub Vadlejch CZE Javelin Throw Qualification
RxvAPSOZdKY\t62\tNA\tWCH 2015 Beijing - Mujinga Kambundji SUI 100m Semi Final
jcvGrKM0MIg\t147\tNA\tWCH 2015 Beijing - Sara Slott Petersen DEN 400m Hurdles Semi Final
n8KjbRTOTcY\t79\tNA\tWCH 2015 Beijing - Zuzana Hejnova CZE 400m Hurdles Semi Final
w9Srm3_QGIw\t30\tNA\tWCH 2015 Beijing - Sparkle McKnight TTO 400m Hurdles Semi Final
sbXjw8CWQNw\t57\tNA\tWCH 2015 Beijing - Sage Watson CAN 400m Hurdles Semi Final
n34LRQ8J8LM\t68\tNA\tWCH 2015 Beijing - Wanda Nel RSA 400m Hurdles Semi Final
_qe8awM8-V0\t36\tNA\tWCH 2015 Beijing - Lea Sprunger SUI 400m Hurdles Semi Final
X8YFqdb6ttA\t40\tNA\tWCH 2015 Beijing - Kaliese Spencer JAM 400m Hurdles Semi Final
7m4WboJkK-c\t43\tNA\tWCH 2015 Beijing - Cassandra Tate USA 400m Hurdles Semi Final
qjk_3i433kc\t65\tNA\tWCH 2015 Beijing - Axelle Dauwens BEL 400m Hurdles Semi Final
38izabptd0g\t253\tNA\tWCH 2015 Beijing - BIG FINAL Day 04
2ncLYWlnKuw\t43\tNA\tWCH 2015 Beijing - Yaime Perez CUB Discus Throw Qualification
vP5LL-cH5Dg\t42\tNA\tWCH 2015 Beijing - Natasha Hastings USA 400m Heat 2
vHv_UAQhGRQ\t75\tNA\tWCH 2015 Beijing - Melina Robert Michon FRA Discus Throw Qualification
tzJPb7dppYo\t46\tNA\tWCH 2015 Beijing - Kafetien Gomis FRA Long Jump Qualification
tSFfpisTcHc\t38\tNA\tWCH 2015 Beijing - Kabange Mupopo ZAM 400m Heat 3
svbBTjwASII\t45\tNA\tWCH 2015 Beijing - Higor Alves BRA Long Jump Qualification
s5rSSL9uk-s\t36\tNA\tWCH 2015 Beijing - Ekaterina Renzhina RUS 400m Heat 6
rco4zDAPsAQ\t88\tNA\tWCH 2015 Beijing - Jeff Henderson USA Long Jump Qualification
kVIzEPJutPY\t26\tNA\tWCH 2015 Beijing - Natliia Pygyda UKR 400m Heat 1
dnBGLQtNxmM\t52\tNA\tWCH 2015 Beijing - Shanice Craft GER Discus Throw Qualification
XNBp3uEoaI4\t38\tNA\tWCH 2015 Beijing - Marquis Dendy USA Long Jump Qualification
Wbcq2u7fe4o\t52\tNA\tWCH 2015 Beijing - Dil Maya Karki NEP 400m Heat 4
KtEUonxgWds\t28\tNA\tWCH 2015 Beijing - Habiba Ghribi TUN 3000m Steeplechase Heat 2
KouWmfVrRE4\t43\tNA\tWCH 2015 Beijing - Novlene Williams Mills JAM 400m Heat 6
J1QBUYZDnUs\t119\tNA\tWCH 2015 Beijing - Gia Lewis Smallwood & Shelbi Vaughan USA Discus Throw Qualification
8TukzG6pWK4\t26\tNA\tWCH 2015 Beijing - Dani Samuels AUS Discus Throw Qualification
8KXcv9k3r80\t51\tNA\tWCH 2015 Beijing - Fadwa Sidi Madane MAR 3000m Steeplechase Heat 3
2qls2bQKOso\t58\tNA\tWCH 2015 Beijing - Floria Guei FRA 400m Heat 1
-rK1IiL4jcA\t35\tNA\tWCH 2015 Beijing - Patience Okon George NGR 400m Heat 5
Mt4Lt3C86FY\t21\tNA\tWCH 2015 Beijing - Andressa De Morais BRA Discus Throw Qualification
6jWwJK8cTv0\t71\tNA\tWCH 2015 Beijing - Yarisley Silva CUB Pole Vault Qualification
jwRfvmVdBqg\t98\tNA\tWCH 2015 Beijing - Nadine Muller GER Discus Throw Qualification
mLi7ts61608\t63\tNA\tWCH 2015 Beijing - Martina Strutz GER Pole Vault Qualification
kHAr6cf2mqE\t45\tNA\tWCH 2015 Beijing - Whitney Ashley USA Discus Throw Qualification
-qthVZPbMz4\t59\tNA\tWCH 2015 Beijing - Marie Gayot FRA 400m Heat 2
nMgq4I2ldMA\t97\tNA\tWCH 2015 Beijing - Greg Rutherford GBR Long Jump Qualification
Tn6Mn4UpUbA\t93\tNA\tWCH 2015 Beijing - Gesa Felicitas Krause GER 300m Steeplechase Heat 2
P28WzQogtsI\t76\tNA\tWCH 2015 Beijing - Julia Fischer GER Discus Throw Qualification
K7LSak1jS24\t16\tNA\tWCH 2015 Beijing - Godfrey Khotso Mokoena RSA Long Jump Qualification
FM9Sp9R-A-Y\t100\tNA\tWCH 2015 Beijing - Jennifer Suhr USA Pole Vault Qualification
3vjTJ-H_SSE\t51\tNA\tWCH 2015 Beijing - Hyvin Kiyeng Jepkemoi KEN 3000m Steeplechase Heat 3
CwMAzlIipTY\t121\tNA\tWCH 2015 Beijing - Emma Coburn USA 3000m Steeplechase Heat 3
6nEZuLsoEvQ\t58\tNA\tWCH 2015 Beijing - Fabiana Murer BRA Pole Vault Qualification
N-XW_XMBfcw\t75\tNA\tWCH 2015 Beijing - Colleen Quigley USA 3000m Steeplechase Heat 2
MoKZrsORYbQ\t48\tNA\tWCH 2015 Beijing - Denia Caballero CUB Discus Throw Qualification
3tGBLYMK-xo\t31\tNA\tWCH 2015 Beijing - Allyson Felix USA 400m Heat 1
IcIPykvuOFE\t197\tNA\tWHC 2015 Beijing - Bingtian Su CHN 100m Final 9th
iyyAkz2b-PU\t154\tNA\tWHC 2015 Beijing - Zhen Wang CHN 20km Race Walk Silver
PufVy9M41yY\t145\tNA\tWCH 2015 Beijing - Yanmei Li CHN Triple Jump Qualification
jlGwnWSj9lw\t46\tNA\tWCH 2015 Beijing - Tomas WALSH NZL Shot Put Final 4th
Oma-Fm3OsBQ\t62\tNA\tWCH 2015 Beijing - Musaeb Abdulrahman BALLA QAT 800 Semi Final 2
vIYExRi1aUY\t55\tNA\tWCH 2015 Beijing - Jennifer SIMPSON USA 1500m Semi Final 2
f_Fax1HFUpo\t47\tNA\tWCH 2015 Beijing - Abeba AREGAWI SWE 1500m Semi Final 1
l5N0TOGMkBw\t59\tNA\tWCH 2015 Beijing - David Storl GER Shot Put Silver
HtYpG3_5vHc\t73\tNA\tWCH 2015 Beijing - Jessica Ennis Hill GBR Heptathlon Gold
Ab-LnYzVXo0\t88\tNA\tUsain Bolt Gold Medal Interview | IAAF World Championships Beijing 2015
o7ZXiUgMQlo\t91\tNA\tWHC 2015 Beijing - Jimmy Vicaut FRA 100m Final 8th
XBLDqkMaQRs\t108\tNA\tWHC 2015 Beijing - Andre De Grasse CAN 100m Final Bronze
VljTGnQ_ouk\t67\tNA\tWHC 2015 Beijing - Tomasz Majewski POL Shot Put Final 6th
fIFTBgTU30Y\t74\tNA\tWHC 2015 Beijing - O'Dayne Richards JAM Shot Put Final Bronze
AoW0Ek1VIlo\t102\tNA\tWHC 2015 Beijing - Brianne Theisen Eaton CAN Heptathlon Silver
u8dnT-O75jM\t51\tNA\tWHC 2015 Beijing - Ferguson Cheruiyot Rotich KEN 800m Semi Final
sDdfo6VnwgU\t54\tNA\tWHC 2015 Beijing - Alfred Kipketer KEN 800m Semi Final
iCHEjw4YytQ\t51\tNA\tWHC 2015 Beijing - Nadine Broersen NED Heptathlon 4th
hm25rjVT1W4\t81\tNA\tWHC 2015 Beijing - Laura Ikauniece Admidina LAT Heptathlon Bronze
YDeKaxEYtnQ\t60\tNA\tWHC 2015 Beijing - Adam Kszczot POL 800m Semi Final
vsModiZc7Tg\t94\tNA\tWHC 2015 Beijing - Joe Kovacs USA Shot Put Final Gold
uY0BqdUX_g4\t135\tNA\tWHC 2015 Beijing - Pawel Fajdek POL Hammer Throw Final Gold
HCdZIm9WMV8\t52\tNA\tWHC 2015 Beijing - Wojciech Nowicki POL Hammer Throw Final Bronze
aybPXfM5NJY\t67\tNA\tWHC 2015 Beijing - Sergej Litvinov RUS Hammer Throw Final 5th
n1mK3UFC3XI\t55\tNA\tWHC 2015 Beijing - Ramon Gittens BAR 100m Semifinal 3
DKC4A1_4ml4\t79\tNA\tWHC 2015 Beijing - Patryk Dobek POL  400m Hurdles Semi Final 2
MxwAYc_stKk\t42\tNA\tWHC 2015 Beijing - Kerron Clement USA 400m Hurdles Semi Final 1
MWU08LRwPv8\t74\tNA\tWHC 2015 Beijing - Jeffrey Gibson BAH 400m Hurdles Semi Final 2
rrL4DAL2t5Y\t88\tNA\tWHC 2015 Beijing  - Churandy Martina NED 100m Semi Final 3
6AaHjMReqsE\t101\tNA\tWHC 2015 Beijing - Abdelmalik Lahoulou ALG 400m Hurdles Semi Final 1
6a5zrwiCOpU\t314\tNA\tWCH 2015 Beijing - BIG FINAL Day 03
q81RgRpdHME\t140\tNA\tWCH 2015 Beijing - Warm Up Area
sKm8si3yD0k\t37\tNA\tWHC 2015 Beijing - Martyn Rooney GBR 400m Heat 2
rnrRru5muRs\t45\tNA\tWHC 2015 Beijing - Jacko Gill NZA Shot Put Qualification
o9Z5Kix0onY\t28\tNA\tWHC 2015 Beijing - Sparke McKnight TTO 400m Hurdles Heat 1
nNrBr6YUuog\t31\tNA\tWHC 2015 Beijing - Mujinga Kambundji SUI 100m Heat 6
kGAF1C2JHrA\t54\tNA\tWHC 2015 Beijing - Caio Bonfim BRA 20km Race Walk 6th
hrQgFtwOGPs\t58\tNA\tWHC 2015 Beijing - Lea Sprunger SUI 400m Hurdles Heat 2
etPZiICqQ3Q\t40\tNA\tWHC 2015 Beijing  - Yousef Ahmed Masrahi KSA 400m Heat 2
eAJBPfF9dWQ\t62\tNA\tWHC 2015 Beijing - Lebogang Shange RSA 20km Race Walk 11th
_D8kaAYTFMQ\t34\tNA\tWHC 2015 Beijing - Steven Gardiner BAH 400m Heat 5
Z1nPhiiRhcc\t40\tNA\tWHC 2015 Beijing - Quentin Rew NZL 20km Race Walk 18th
VxePcK5i9pM\t38\tNA\tWHC 2015 Beijing - Bryshon Nellum USA 400m Heat 6
OY22b2AlsS4\t42\tNA\tWHC 2015 Beijing - Jared Tallent AUS 20km Race Walk 27th
MMqUfHndZ9A\t81\tNA\tWHC 2015 Beijing - Tomasz Majewski POL Shot Put Qualification
JgB-1st0dBQ\t45\tNA\tWHC 2015 Beijing - Lalonde Gordon TTO 400m Heat 4
JWIPVSobRp8\t26\tNA\tWHC 2015 Beijing - Luguelin Santos DOM 400m Heat 4
GjUMRREjAyM\t57\tNA\tWHC 2015 Beijing - Michelle Lee Ahye TTO 100m Heat 3
8H537OjSOlE\t38\tNA\tWHC 2015 Beijing - Renny Quow TTO 400m Heat 6
6KkFJ2Usp5c\t71\tNA\tWHC 2015 Beijing - Machel Cedenio TTO 400m Heat 1
t-YT1XfuGwQ\t60\tNA\tWHC 2015 Beijing - Cassandra Tate USA 400m Hurdles Heat 3
hyAikcBtCL0\t66\tNA\tWHC 2015 Beijing  - Nadine Broersen NED Heptathlon Javelin Throw
Ant9A25_ydo\t81\tNA\tWHC 2015 Beijing - Asha Philip GBR 100m Heat 1
O4G7vUQclD4\t37\tNA\tWHC 2015 Beijing - Liemarvin Bonevacia NED 400m Heat 2
zO9maSD3ptA\t34\tNA\tWHC 2015 Beijing - Murielle Ahoure CIV 100m Heat 3
fXG6g3Felh0\t55\tNA\tWHC 2015 Beijing - Ivet Lalova Collio BUL 100m Heat 3
XLXAqi4DtUk\t56\tNA\tWHC 2015 Beijing - Kelly Ann Baptiste TTO 100m Heat 6
R2k6WoTB4b8\t29\tNA\tWHC 2015 Beijing - Veronica Campbell Brown JAM 100m Heat 1
HefaqUt6ZrU\t35\tNA\tWHC 2015 Beijing - Natasha Morrison JAM 100m Heat 2
GiHYe7cF7iw\t24\tNA\tWHC 2015 Beijing - Tori Bowie USA 100m Heat 1
DHE7-mkCtTg\t13\tNA\tWHC 2015 Beijing - Viktoria Zyabina KAZ 100m Heat 2
zjemDXgDVZk\t18\tNA\tWHC 2015 Beijing - Chisato Fukushima JPN 100m Heat 7
dRiam0HcNtM\t38\tNA\tWHC 2015 Beijing - Marie Josee Ta Lou CIV 100m Heat 4
T3nGsirzta0\t80\tNA\tWHC 2015 Beijing - English Gardner USA 100m Heat 7
OoGT-Tb106E\t67\tNA\tWHC 2015 Beijing - Dafne Schippers NED 100m Heat 5
MPAuz0Uwcf8\t42\tNA\tWHC 2015 Beijing - Carina Horn RSA 100m Heat 4
9jSaGH-AWMs\t27\tNA\tWHC 2015 Beijing - Rosangela Santos BRA 100m Heat 7
4K44tM2_xXI\t43\tNA\tWHC 2015 Beijing - Blessing Okagbare NGR 100m Heat 2
48QYnWVga78\t42\tNA\tWHC 2015 Beijing - Jasmine Todd USA 100m Heat 5
R-zpsssTALk\t63\tNA\tWHC 2015 Beijing - Wayde Van Niekerk RSA 400m Heat 6
_gTkLaSttAE\t35\tNA\tWHC 2015 Beijing - Peter Matthews JAM 400m Heat 1
__IXYtH21Pc\t37\tNA\tWHC 2015 Beijing - Vernon Norwood USA 400m Heat 5
zx0SyKPMq2Q\t47\tNA\tWHC 2015 Beijing - Kevin Borlee BEL 400m Heat 3
zmnKRtaJlmQ\t143\tNA\tWHC 2015 Beijing - LaShawn Merritt USA 400m Heat 3
ta0Sl3VpElE\t26\tNA\tWHC 2015 Beijing - Rabah Yousif GBR 400m Heat 5
j8KbEbK7Jgg\t45\tNA\tWHC 2015 Beijing - Rusheen McDonald JAM 400m Heat 1
eG8dl5P3Va4\t81\tNA\tWHC 2015 Beijing - Javon Francis JAM 400m Heat 3
PMQbijKV4zc\t103\tNA\tWHC 2015 Beijing - Kirani James GRN 400m Heat 4
OnHyQqsXDDI\t39\tNA\tWHC 2015 Beijing - Shamier Little USA 400m Hurdles Heat 5
6GDrNbSqHmU\t70\tNA\tWHC 2015 Beijing - Jonathan Borlee BEL 400m Heat 1
ofVYkWKORm0\t76\tNA\tWHC 2015 Beijing - Isaac Makwala BOT 400m Heat 2
B7uEUPLS3O0\t16\tNA\tWHC 2015 Beijing - David Verburg USA 400m Heat 1
-xBzoaDUs-w\t52\tNA\tWHC 2015 Beijing - Chris Brown BAH 400m Heat 6
wb0dWsC5tB4\t63\tNA\tWHC 2015 Beijing - Zuzana Hejnova CZE 400m Hurdles Heat 2
LKf1pI1Dh7I\t63\tNA\tWHC 2015 Beijing - Wanda Nel RSA 400m Hurdles Heat 3
70y0AOvxBDQ\t73\tNA\tWHC 2015 Beijing - Sara Slott Petersen DEN 400m Hurdles Heat 4
qGqQohG0ts0\t74\tNA\tWHC 2015 Beijing - Vera Rudakova RUS 400m Hurdles Heat 4
jyK_JAjtSzE\t84\tNA\tWHC 2015 Beijing - Reese Hoffa USA Shot Put Qualification
ug9mZpX7hOc\t50\tNA\tWHC 2015 Beijing - Kaliese Spencer JAM 400m Hurdles Heat 1
uB5ZgWb7mis\t38\tNA\tWHC 2015 Beijing - Denisa Rosolova CZE 400m Hurdles Heat 5
U7bTW2Ch3uQ\t76\tNA\tWHC 2015 Beijing - David Storl GER Shot Put Qualification
AWdA6kHQjJ0\t42\tNA\tWHC 2015 Beijing - Kori Carter USA 400m Hurdles Heat 4
7N153C0M9RE\t51\tNA\tWHC 2015 Beijing - Christian Cantwell USA Shot Put Qualification
6i-BNF-L9u0\t65\tNA\tWHC 2015 Beijing - Eilidh Child GBR 400m Hurdles Heat 2
5y_oDGTIIXg\t96\tNA\tWHC 2015 Beijing - Anna Yaroschuk Ryzhykova UKR 400m Hurdles Heat 2
9H4OQnPzYWc\t149\tNA\tWHC 2015 Beijing - Miguel Angel Lopez ESP 20km Race Walk Gold
siIDH_Tkozk\t70\tNA\tWHC 2015 Beijing - Dane Bird Smith AUS 20km Race Walk 8th
PFZlyTPYCHY\t82\tNA\tWHC 2015 Beijing - Benjamin Thorne CAN 20km Race Walk Bronze
ZdEt3vAPO0M\t31\tNA\tWHC 2015 Beijing - Eider Arevalo COL 20km Race Walk 7th
oNehRNB4-6U\t113\tNA\tWCH 2015 Beijing - Team Kenya 10,000 Metres
d9iSiZNAE1M\t147\tNA\tWCH 2015 Beijing - Renaud Lavillenie FRA Pole Vault Qualification
OCNkao-TsQo\t74\tNA\tWCH 2015 Beijing - Mo Farah GBR 10 000 Meters Gold
DKnZAqAe63c\t102\tNA\tWCH 2015 Beijing - Raphael Holdzeppe GER Pole Vault Qualification
dV9bWCAQR14\t78\tNA\tWCH 2015 Beijing - Thomas BARR IRL 400m heat 4
QVfj6Zm-xSs\t42\tNA\tWCH 2015 Beijing - L J  VAN ZYL RSA 400m Heat 2
f_iAYCrcS5k\t76\tNA\tWCH 2015 Beijing - Jehue GORDON TTO 400m heat 2
N0GmzPLs6P4\t39\tNA\tWCH 2015 Beijing - Jak Ali HARVEY TUR 100m Heat 5
LgJjmMBJ1Ag\t30\tNA\tWCH 2015 Beijing - Julian REUS GER 100m Heat 4
jurNRh68E3Q\t39\tNA\tWCH 2015 Beijing - Kariem HUSSEIN SUI 400m Heat 3
HZaoc_xgINs\t25\tNA\tWCH 2015 Beijing - Aaron BROWN CAN 100m Heat 6
2NL6hy4LMdU\t42\tNA\tWCH 2015 Beijing - Richard Kilty GBR 100 Metres Heat 3
OH40Bb2B4aY\t57\tNA\tWCH 2015 Beijing - Nadine Visser NED Heptathlon 200 Metres Heat 4
z5lw8EPMYeU\t41\tNA\tWCH 2015 Beijing - Michelle Carter USA Shot Put Final Bronze
pLtuEgwInG0\t53\tNA\tWCH 2015 Beijing - Jessica Ennis Hill GBR  Heptathlon 200 Metres Heat 4
CNsKDQud_Xk\t56\tNA\tWCH 2015 Beijing - Christophe Lemaitre FRA 100 Metres Heat 2
15xGKDNhbWI\t58\tNA\tWCH 2015 Beijing - Katarina Johnson Thompson GBR  Heptathlon 200 Metres Heat 4
WceMaKm6AH8\t97\tNA\tWCH 2015 Beijing - Christina Schwanitz GER Shot Put Final Gold
fwjzYhYksAs\t70\tNA\tWCH 2015 Beijing - Rasmus Magi EST 400 Meters Hurdles Heat 4
MG48VIUrbQE\t53\tNA\tWCH 2015 Beijing - Trayvon Bromell USA 100 Metres Heat 4
xigYrffIFAs\t38\tNA\tWCH 2015 Beijing - Nadine Broersen NED Heptathlon 200 Metres Heat 1
tkpws_VhusE\t60\tNA\tWCH 2015 Beijing - Partryk Dobek 400 Metres Hurdles Heat 5
oxQxyIExcUc\t80\tNA\tWCH 2015 Beijing - Johnny Dutch USA 400 Metres Hurdles Heat 5
ogXMJ5n4bsY\t55\tNA\tWCH 2015 Beijing - Ben Youssef Meite CIV 100 Metres Heat 3
ie_ikL7Fyfk\t78\tNA\tWCH 2015 Beijing - Churandy Martina NED  100 Metres Heat 7
Yc3Bm_U-Vco\t21\tNA\tWCH 2015 Beijing - Jimmy Vicaut FRA 100 Metres Heat 5
SCUEVHoq7eE\t70\tNA\tWCH 2015 Beijing - Portia Bing NZL Heptathlon 200 Metres Heat 3
QC9dyQ0pW1w\t35\tNA\tWCH 2015 Beijing - Bershawn Jackson USA 400 Meters Hurdles Heat 4
Ow7IuzWUdqE\t14\tNA\tWCH 2015 Beijing - Usain Bolt JAM  100 Metres Heat 7
Dxyjc8SUfD4\t52\tNA\tWCH 2015 Beijing - Chijindu Ujah GBR 100 Metres Heat 4
B-KAgHWyOiU\t53\tNA\tWCH 2015 Beijing - Andre De Grasse CAN 100 Metres Heat 5
9eYM6rMfwl0\t33\tNA\tWCH 2015 Beijing - Nickel Ashmeade JAM 100 Metres Heat 2
91TPElJj2ws\t41\tNA\tWCH 2015 Beijing - Henricho Bruintjies RSA 100 Metres Heat 6
5I2q-J9ai7c\t36\tNA\tWCH 2015 Beijing - Mike Rodgers USA 100 Metres Heat 7
UTbGNErOXhw\t62\tNA\tWCH 2015 Beijing - Nafissatou Thiam BEL Heptathlon 200 Metres Heat 1
X8VMm2EDHQo\t53\tNA\tWCH 2015 Beijing - Yasmani Copello TUR 400 Meters Hurdles Heat 4
WB6RL4M6IQo\t57\tNA\tWCH 2015 Beijing - Nicholas Bett KEN 400 Meters Hurdles Heat 1
QyqIEYAVZmE\t67\tNA\tWCH 2015 Beijing - Niall Flannery GBR 400 Meters Hurdles Heat 3
eqZBR_z7l54\t66\tNA\tWCH 2015 Beijing - Kerron Clement USA 400 Meters Hurdles Heat 3
FVxMDZuw2ic\t26\tNA\tWCH 2015 Beijing - Michael Tinsley USA 400 Metres Hurdles Heat 2
1rMCU2df-WU\t54\tNA\tWCH 2015 Beijing - Jeffrey Gibson BAH 400 Metres Hurdles Heat 1
97wSz9ANW9M\t25\tNA\tWCH 2015 Beijing - Annsert Whyte JAM 400 Meters Hurdles Heat 3
eJNppHwUaCI\t254\tNA\tWCH 2015 Beijing - BIG FINAL Day 02
1Zp2j1i7Z5Y\t87\tNA\tWCH 2015 Beijing - Tsepo Mathibelle LES Marathon 14th
hElwYh1E530\t57\tNA\tWCH 2015 Beijing - Solonei Da Silva BRA Marathon 18th
_vZ9pki81v8\t49\tNA\tWCH 2015 Beijing - Tia Brooks USA Shot Put Qualification
KT_6BEWfo8c\t14\tNA\tWCH 2015 Beijing  - Yorgelis Rodriguez CUB 100 Metres Hurdles Heat 1
IoyvE5XJb8Y\t55\tNA\tWCH 2015 Beijing - Tadesse Abraham SUI Marathon 19th
D_u5H-dP9yU\t38\tNA\tWCH 2015 Beijing - Robin Schembra GER 800 Metres Heat 1
ovob6Xu8kxA\t50\tNA\tWCH 2015 Beijing - Portia Bing NZL 100 Metres Hurdles Heat 2
b1bKeLNc6Rs\t20\tNA\tWCH 2015 Beijing - Riste Pandev MKD 100 Metres Heat 2
bmb2D32gL_E\t53\tNA\tWCH 2015 Beijing - Michelle Carter USA Shot Put Qualification
Zo8NejK-A7o\t97\tNA\tWCH 2015 Beijing - Cleopatra Borel TTO Shot Put Qualification
0EDIQfv9Ayk\t67\tNA\tWCH 2015 Beijing - Maureen Koster NED 1500 Metres Heat 3
8Attgoi_vmU\t66\tNA\tWCH 2015 Beijing - Mahamat Goubaye Youssouf CHA 100 Metres Heat 3
vxFX_URbeFQ\t50\tNA\tWCH 2015 Beijing - Ferguson Rotich KEN 800 Metres Heat 4
aapj45Yb9Qs\t50\tNA\tWCH 2015 Beijing - Jeffrey Riseley AUS 800 Metres Heat 5
Rt-74AiRWdY\t35\tNA\tWCH 2015 Beijing - Jarius Birech KEN 3000 Meters Heat 2
RdNNSl2nxxs\t43\tNA\tWCH 2015 Beijing - Barakat Mubarak Al Harthi OMA 100 Metres Heat 2
NpIwP-Je4ys\t41\tNA\tWCH 2015 Beijing - Clatyon Murphy USA 800 Metres Heat 2
zi4W8J6XF9g\t167\tNA\tWCH 2015 Beijing - Brice Etes MON 800 Metres Heat 4
ri74aJE7gyw\t75\tNA\tWCH 2015 Beijing - Alfred Kipketer KEN 800 Metres Heat 5
ld0sxvgpgDA\t50\tNA\tWCH 2015 Beijing - Daniel Huling USA 3000 Metres Heat 3
j9d1MZJpRXw\t114\tNA\tWCH 2015 Beijing - Adam Kszczot POL 800 Metres Heat 5
qA_UEKd-91U\t231\tNA\tWCH 2015 Beijing - Team USA Press Conference
xIc889XpQts\t110\tNA\tWCH 2015 Beijing - Shara Proctor GBR ITW Before Competition
txEAO6y5QD8\t95\tNA\tWCH 2015 Beijing - Press Conference USTAF Christian Taylor USA
VTM3bPipBlE\t84\tNA\tWCH 2015 Beijing - Club France Renaud Lavillenie FRA ITW
hWZ-LAZaj5c\t88\tNA\tWCH 2015 Beijing - Press Conference USATF Allyson Felix USA ITW
J8u8O-akPE4\t105\tNA\tWCH 2015 Beijing - Martyn Rooney GBR ITW Before Competition
FJjG3wUVVkU\t161\tNA\tWCH 2015 Beijing - Tiffany Porter GBR ITW Before Competition
zMDYTEUjNIw\t116\tNA\tWCH 2015 Beijing - Pierre Ambroise Bosse FRA 800 Metres Heat 2
qSsVKidq1EE\t79\tNA\tWCH 2015 Beijing - Donald Cabral USA 3000 Metres Heat 2
Pdamcj_7U4M\t65\tNA\tWCH 2015 Beijing - Sifan Hassan NED 1500 Metres Heat 2
Ws-9e6bLBdw\t96\tNA\tWCH 2015 Beijing - Chiara Rosa ITA Shot Put Qualification
xlfrGXJ3K5k\t41\tNA\tWCH 2015 Beijing - Brimin Kipruto KEN 3000 Metres Heat 3
o693VSWPAUo\t57\tNA\tWCH 2015 Beijing -  Faith Kipyegon KEN 1500 Metres Heat 3
DWS751G1vu0\t52\tNA\tWCH 2015 Beijing  - Antoine Gakeme BDI 800 Metres Heat 1
7rIyHN5UxpQ\t68\tNA\tWCH 2015 Beijing - Nader Belhanbel MAR 800 Metres Heat 3
0_IbjbQRGnc\t42\tNA\tWCH 2015 Beijing - Abeba Aregawi SWE 1500 Metres Heat 2
-RETaUjEyqk\t40\tNA\tWCH 2015 Beijing - Mostafa Elgamel EGY Hammer Throw Qualification
XSlrkZ3NWao\t90\tNA\tWCH 2015 Beijing  - Amel Tuka BIH 800 Metres Heat 3
e_NdBFH7yBk\t55\tNA\tWCH 2015 Beijing - Stephen Kiprotich UGA Marathon Final 6th
5pPkfJV-MzM\t82\tNA\tWCH 2015 Beijing - Yemane Tsegay ETH Marathon Final SILVER
uT0a8E06CHk\t194\tNA\tWCH 2015 Beijing - Ghirmay Ghebreslassie ERI Marathon Final Gold
Tsc37kEnuXE\t58\tNA\tWCH 2015 Beijing - Shannon Rowbury USA 1500 Metres Heat 1
d94s6GoMJSQ\t76\tNA\tWCH 2015 Beijing - Rachid Kisri MAR Marathon Final 37th
OQgqhYWILAA\t83\tNA\tWCH 2015 Beijing - Matthew Hughes KAN 3000 Metres Heat 1
Niu-3DefjR8\t34\tNA\tWCH 2015 Beijing - Schumi Dechasa BRN Marathon Final 5th
L3PAibxw-Uc\t66\tNA\tWCH 2015 Beijing - Munyo Mutai UGA Marathon Final BRONZE
1-mdQBZxbzM\t60\tNA\tWCH 2015 Beijing - Krystian Zalewski POL 3000 Metres Heat 3
qzvS_0YzJpE\t89\tNA\tWCH 2015 Beijing - Fabiano Joseph TAN Marathon Final 42th
lHARqAgMIm0\t77\tNA\tWCH 2015 Beijing - Daniel Meucci ITA Marathon Final 8th
2QMuaov221U\t91\tNA\tWCH 2015 Beijing - Amanuel Mesel ERI Marathon Final 9th
q0A7jvWiKiU\t52\tNA\tWCH 2015 Beijing - Christina Schwanitz  GER Shotput Qualification
0eoje-OMfY8\t88\tNA\tWCH 2015 Beijing - Conseslus Kipruto KEN 3000 Metres Heat 1
5uYpXNF_CW4\t271\tNA\tWCH 2015 Beijing - BIG FINAL Day 01
6OxlQrO2vY8\t159\tNA\tWCH 2015 Beijing - Usain Bolt Press Conference
JIPGmyoiplc\t191\tNA\tWCH 2015 Beijing - ITW Head Coach Australian Team
WncpfNg3YLk\t180\tNA\tWCH 2015 Beijing - ITW Dani Samuels AUS before competition
fcHaA4sxqIA\t180\tNA\tWCH 2015 Beijing - Moscow Memories
xfvxwHIZVxg\t125\tNA\tWCH 2015 Beijing - Championships History Women
APyawmTYrfI\t128\tNA\tWCH 2015 Beijing  - Championships History Men
pw7GbjzlscI\t86\tNA\tWCH 2015 Beijing - New IAAF President Sebastian Coe - Press Conference
VO2yzP9jhUI\t656\tNA\tIAAF Inside Athletics - Season 3 - Episode 15 - Allyson Felix
54HLTxtCU8I\t726\tNA\tIAAF Inside Athletics - Season 3 - Episode 14 - Pedro Pablo Pichardo
tYzeXBd57hE\t833\tNA\tIAAF Inside Athletics | Usain Bolt | Season 03 | Episode 13
1qu8rI7v2bs\t163\tNA\tIAAF World Youth Championships Cali  2015 - Mixed Zone Day 05
1upyxUeHeeI\t242\tNA\tIAAF World Youth Championships Cali 2015 - Day 04 Mixed Zone Impressions
BNwscrqlUOQ\t163\tNA\tIAAF World Youth Championships Cali 2015 - Day 03 Mixed Zone Impressions
7se_NWe_0KY\t183\tNA\tIAAF World Youth Championships Cali 2015 - Words from the Medalists from Day 01 & Day 02
-3utSuZCt8Y\t880\tNA\tIAAF Inside Athletics - Season 3 - Episode 12 - David Oliver
NPBgOFGi9LE\t427\tNA\tIAAF Inside Athletics - Season 3 - Episode 11 - Bhodan Bondarenko
DqWk8-jbiwQ\t612\tNA\tIAAF Inside Athletics - Season 3 - Episode 10 - Novlene Williams Mills
8CV5qoju30I\t547\tNA\tIAAF Inside Athletics - Season 3 - Episode 09 - Jehue Gordon
qIbo2Pnvqz8\t494\tNA\tIAAF Inside Athletics - Season 3 - Episode 08 - Jessica Ennis-Hill
6LJlEh23PXk\t516\tNA\tIAAF Inside Athletics - Season 3 - Episode 07 - Ajee Wilson
oYUWZbPERtQ\t107\tNA\tIAAF World Relays Bahamas 2015 - 4 Laps Men Team USA Gold
_lsXi705wSE\t105\tNA\tIAAF World Relays Bahamas 2015 - 1 Lap Women Final Team USA Silver
P5MMwKoc-UQ\t49\tNA\tIAAF World Relays Bahamas 2015 - 1 Lap Women Final Team JAM Gold
OzC4FfD47f0\t81\tNA\tIAAF World Relays Bahamas 2015 - 1 Lap Women Final Team GBR Bronze
NDq-DL2GX_U\t159\tNA\tIAAF World Relays Bahamas 2015 - Distance Medley 10 Laps Men Team USA Gold
nYfCe3PVzFE\t70\tNA\tIAAF World Relays Bahamas 2015 - Distance Medley 10 Laps Men Team KEN Silver Medal
88YjfayK7L0\t77\tNA\tIAAF World Relays Bahamas 2015 - Distance Medley 10 Laps Men Team AUS Bronze Medal
u5n0AoKJxpw\t130\tNA\tIAAF World Relays Bahamas 2015 - 4 Laps Women Team USA Gold
FtunmofPEfc\t97\tNA\tIAAF World Relays Bahamas 2015 - 4 Laps Women Team JAM Silver
6-bgCetXqLk\t120\tNA\tIAAF World Relays Bahamas 2015 - 4 Laps Women Team GBR Bronze
sG8ihrCIerI\t102\tNA\tIAAF World Relays Bahamas 2015 - 8 Laps Women Team USA Gold
tS_8Z3lMWWU\t111\tNA\tIAAF World Relays Bahamas 2015 - 8 Laps Women Team POL  Silver Medal
MgGBbvajGaI\t115\tNA\tIAAF World Relays Bahamas 2015 - 8 Laps Women Team AUS Bronze
gOY3m7jwtpk\t93\tNA\tIAAF World Relays Bahamas 2015 - 1 Lap Women Heat Team GBR
Z0vZVuedB_Y\t83\tNA\tIAAF World Relays Bahamas 2015 - 2 Laps Men Heat Team NAM
xkUFZSi_i4g\t381\tNA\tIAAF World Relays Bahamas 2015 - Relaxing by the Pool after Day 01
T6ZB-ba76gU\t111\tNA\tIAAF World Relays Bahamas 2015 - 2 Laps Women Final - Team NIG Gold
B9R6bnQJcn8\t90\tNA\tIAAF World Relays Bahamas 2015 - 2 Laps Women Final - Team JAM Silver
GXH-xUo3yTg\t97\tNA\tIAAF World Relays Bahamas 2015 - 1 Lap Men Final - Team JAM Silver
tmKStd45aBI\t139\tNA\tIAAF World Relays Bahamas 2015 - Distance Medley 10 Laps Women Final - Team USA Gold
P10E5OaNoms\t124\tNA\tIAAF World Relays Bahamas 2015 - Distance Medley 10 Laps Women Final - Team POL Bronze
vohXwJSHQEE\t94\tNA\tIAAF World Relays Bahamas 2015 - Distance Medley 10 Laps Women Final - Team KEN Silver
LMonVAuvEvA\t87\tNA\tIAAF World Relays Bahamas 2015 - Distance Medley 10 Laps Women Final - Team AUS
l31XuZEwK9c\t73\tNA\tIAAF World Relays Bahamas 2015 - 4 Laps Heat Women - Team USA
FnR4lIG5bVk\t54\tNA\tIAAF World Relays Bahamas 2015 - 4 Laps Heat Women - Team JAM
n4--SzCgtdE\t72\tNA\tIAAF World Relays Bahamas 2015 - 4 Laps Heat Women - Team GBR
5O6phbmw4WI\t153\tNA\tIAAF World Relays Bahamas 2015 - 8 Laps Men Final - Team POL Silver
lx7wehZekcI\t154\tNA\tIAAF World Relays Bahamas 2015 - 8 Laps Men Final - Team USA Gold
AwmRUMLXM_U\t121\tNA\tIAAF World Relays Bahamas 2015 - 8 Laps Men Final - Team AUS Bronze
sE6HVmtxN-Q\t87\tNA\tIAAF World Relays Bahamas 2015 - 1 Lap Men Heat - Team BRA
b2Ortu44ngI\t39\tNA\tIAAF World Relays Bahamas 2015 - 1 Lap Men Heat - Team CAN
2D9XxgLsySg\t56\tNA\tIAAF World Relays Bahamas 2015 - 1 Lap Men Heat - Team SKN
J1cCmndrgeA\t41\tNA\tIAAF World Relays Bahamas 2015 - 4 Laps Men Heat - Team GBR
hLfm0kpKdMs\t43\tNA\tIAAF World Relays Bahamas 2015 - 4 Laps Men Heat - Team USA
4QLKbsN0a7s\t64\tNA\tIAAF World Relays Bahamas 2015 - 4 laps Men Heat - Team JAM
UpQWtHv_oF4\t410\tNA\tIAAF/BTC World Relays Bahamas 2015 - Big Final
ZgfQHgDCEeY\t146\tNA\tIAAF/BTC World Relays Bahamas 2015 - Team Interviews Part II
ckuQXHuwghM\t151\tNA\tIAAF/BTC World Relays Bahamas 2015 - Team Interviews Part I
HgzK7IngIjw\t94\tNA\tIAAF/BTC World Relays Bahamas 2015 - Bahamas Team Interviews
xQ4TguxgWlQ\t120\tNA\tIAAF/BTC World Relays Bahamas 2015 - Warm up Area Day 01
WgzAAmRsBsk\t1511\tNA\tIAAF Kid's Athletics Ait Iktel, Maroc 2014 - Version Française
ColY-HoI5RQ\t1511\tNA\tIAAF Kid's Athletics in Ait Iktel, Morocco 2014 - English Version
o-qrfDCxT_A\t80\tNA\tIAAF/BTC World Relays, Nassau Bahamas 2015 - Preview
kHvQTD91AOM\t607\tNA\tIAAF Inside Athletics - Season 3 - Episode 06 - Yohan Blake
bCYLMebcDXY\t148\tNA\tOn the Spot - Kid's Athletics - Peace & Sport - Monaco 2015
MdtzBbzR4gU\t239\tNA\tSINOLUBE is the official lubricant of the IAAF
T0E9fBGDoPc\t393\tNA\tIAAF Inside Athletics - Season 3 - Episode 05 - Wilhem Belocian
mga-gveOGTE\t477\tNA\tIAAF Inside Athletics - Season 3 - Episode 04 - Patrik Sjoberg
AAdxUoYkAAI\t677\tNA\tIAAF Inside Athletics - Season 3 - Episode 03 - Dick Fosbury
T-iD-kcT7RM\t115\tNA\tIAAF World Half Marathon Championships, Cardiff 2016 - Preview
wi4YqFXRRPs\t462\tNA\tIAAF Inside Athletics - Season 3 - Episode 02 - Javier Sotomayor
dBnKPm07xKc\t282\tNA\tIAAF Inside Athletics - Episode 28 - Tirunesh Dibaba
Onp16RgE14k\t654\tNA\tIAAF Inside Athletics - Episode 29 - Valerie Adams
bp1xqr2SA90\t672\tNA\tIAAF Inside Athletics - Episode 27 - Felix Sanchez
-Yqyht0BqFs\t656\tNA\tIAAF Inside Athletics - Episode 26 - Blanka Vlasic
BxYKQ7j-YNY\t288\tNA\tIAAF Inside Athletics - Episode 25 - Advices to the Young Athletes
nv950xm3WI0\t624\tNA\tIAAF Inside Athletics - Episode 24 - Aries Merritt
mplM_OjsLrk\t749\tNA\tIAAF Inside Athletics - Episode 23 - Christian Taylor
eSKrqHiQP9w\t641\tNA\tIAAF Inside Athletics - Episode 22 - Sally Pearson
lyBU1NwPaj8\t696\tNA\tIAAF Inside Athletics - Episode 21 - Dawn Harper-Nelson
7K-GOZdcaB8\t130\tNA\tIAAF Inside Athletics - Episode 20 - Nestle/IAAF Kid's Day
eUXLQKEW5II\t618\tNA\tIAAF Inside Athletics - Episode 19 - Mo Farah
LVk5gYu_ed4\t560\tNA\tIAAF Inside Athletics - Episode 18 - Lauryn Williams
lhcP78GjpGc\t865\tNA\tIAAF Inside Athletics - Episode 17  - Jamaica V United States
goP_f_HLdwg\t526\tNA\tIAAF Inside Athletics - Episode 16 - Kirani James
BnbUj_egXTc\t421\tNA\tIAAF Inside Athletics - Episode 15 - Veronica Campbell-Brown
49DMcZ1dYkI\t578\tNA\tIAAF Inside Athletics - Episode 14 - Christine Ohuruogu
rF1FZMxWKmU\t292\tNA\tIAAF Inside Athletics - Episode 13 - World Championships Moscow 2013 Preview
x4lNtwhpaU0\t537\tNA\tIAAF Inside Athletics - Episode 12  - John Godina
_xu4OHFhiwM\t546\tNA\tIAAF Inside Athletics - Episode 11 - Steven Hooker
FZUm5nj895w\t759\tNA\tIAAF Inside Athletics - Episode 10 - Greg Rutherford
yIi6d9WfBAI\t598\tNA\tIAAF Inside Athletics - Episode 09 - Video Mail Questions
2TbMASrpvkE\t469\tNA\tIAAF Inside Athletics - Episode 08 - Maurice Green
4fP_9aeTt6g\t723\tNA\tIAAF Inside Athletics - Episode 07 - Shelly-Ann Fraser-Pryce - Part 2
OoswOo6FIyA\t551\tNA\tIAAF Inside Athletics - Episode 06 - Shelly-Ann Fraser-Pryce - Part 1
pj_jcqv_z9I\t336\tNA\tIAAF Inside Athletics - Episode 05 - Kevin Young - Part 2
m0ekrhsgU_c\t405\tNA\tIAAF Inside Athletics - Episode 04 - Kevin Young - Part 1
4XADnk34hFI\t512\tNA\tIAAF Inside Athletics - Episode 03 - Jenn Suhr
0oyC5og3zVU\t343\tNA\tIAAF Inside Athletics - Episode 02 - Great Rivalries of 2013
n_z0QTJm9T8\t370\tNA\tIAAF Inside Athletics - Episode 01 - 100m World Record
sviRC6Thtik\t582\tNA\tIAAF Inside Athletics - Season 3 - Episode 01 - Mutaz Barshim
hWbzxIQV6Rs\t112\tNA\tWorkshop 2014 - ITW David Okeyo bidding wolrld youth Champ 2017 by Oscar Wasaw
uVotr0ifG0Q\t418\tNA\tWorkshop 2014 - ITW Tapani By Aline Ducoulombier
syvRJ8ubEfs\t182\tNA\tWorkshop 2014 - ITW Tegla Loroupe by Oscar Wasaw
IQN6KrfpwKI\t129\tNA\tWorkshop 2014 - ITW Valerie Adams By Jordyn McLean
icKkNYu5NcA\t75\tNA\tWorkshop 2014 - Qatar by Aimee Lewis
BoL_YtgtGfg\t178\tNA\tWorkshop 2014 - Kenya by Oscar Wasaw
tP1eRoSKZLk\t72\tNA\tWorkshop 2014 - Valerie Adams ITW by Vitor Viera
hnLgP_sf6CM\t354\tNA\tWorkshop 2014 - Feature by Rajay Murdock
bvP30ndApik\t75\tNA\tWorkshop 2014 - ITW Mutaz Barshim by Aimee Lewis
U8fZx44X52A\t121\tNA\tWorkshop 2014 - Edit Race Mercy Cherono 2007 to 2014 by Oscar Wasaw
vZ9O96HYYc0\t182\tNA\tWorkshop 2014 - Bidding Cities by Aline Ducoulombier
BF8cQb_fPTE\t96\tNA\tWorkshop 2014 - Conclusion
tANxzbCFbwA\t237\tNA\tWorkshop 2014 - Highlights of the Week
QMDUboLYdK4\t66\tNA\tWorkshop 2014 - Highlights Day 01
5pKwzd80nwU\t1036\tNA\tUncut - Hammer Throw Women Final Berlin 2009
wdtP1U2sK7w\t3163\tNA\tIAF GALA 2014
VmjWvYwNG1U\t229\tNA\tWorld Record - 20k Walk Men Paris 2003
0eMDUu7rXR4\t76\tNA\tWorld Record - Hammer Throw Women Berlin 2009
VL4vPXqMe0k\t553\tNA\tWorld Record | Men's 4X400m | World Athletics Championships Stuttgart 1993
R5_bu1wDKjk\t276\tNA\tWorld Record - 4X100m Men Stuttgart 1993
8j_RYt2cGgI\t553\tNA\tIAAF Inside Athletics Season 2 - Episode 13 - Shaunae Miller
8nwczFc1mLM\t1000\tNA\tIAAF Inside Athletics Season 2 - Episode 12 - Jackie Joyner Kersee
CaaaE5Nmaq4\t812\tNA\tIAAF Inside Athletics Season 2 - Episode 11 - Warren Weir
jjqIsnX4UsQ\t634\tNA\tIAAF Inside Athletics Season 2 - Episode 03 - Ashton Eaton
xxCYyUm8Y4o\t415\tNA\tIAAF Inside Athletics Season 2 - Episode 02 - Genzebe Dibaba
uLBG-Zvfc68\t495\tNA\tIAAF Inside Athletics Season 2 - Episode 07  - Kid's Athletics
aWMFIN1-k50\t872\tNA\tIAAF Inside Athletics Season 2 - Episode 10  - David Rudisha
VEQgRI9FPyM\t495\tNA\tIAAF Inside Athletics Season 2 - Episode 08 - Sanya Richards-Ross
P_SyOVt-bbI\t435\tNA\tIAAF Inside Athletics Season 2 - Episode 09  - Richard Kilty
zyE-AlPK9zM\t624\tNA\tIAAF Inside Athletics Season 2 - Episode 01 - Renaud Lavillenie
zSVXAwDipC0\t693\tNA\tIAAF Inside Athletics Season 2 - Episode 06 - Chris Brown
sI3BPqJC5_E\t494\tNA\tIAAF Inside Athletics Season 2 - Episode 05 - Bruny Surin
FzJ7QMKRvsQ\t739\tNA\tIAAF Inside Athletics Season 2 - Episode 04 - Allen Johnson
ecnCiVU_4OQ\t2219\tNA\tWCH 2019 - Eugene Bidding Presentation
5crq5qs55v0\t2138\tNA\tWCH 2019 - Barcelona Bidding Presentation
OcNwq1N_U3U\t2157\tNA\tWCH 2019 - Doha Bidding Presentation
lCIByNqdz3M\t377\tNA\tWCH Doha 2019 Annoucement - Press Conference
Mg6W0Ka_bKk\t125\tNA\tAthlete Of The Year 2014 Male Finalists
2A-kTAa9Xgs\t202\tNA\tAthlete Of The Year 2014 Female Finalists
XKtOIyooigA\t972\tNA\tIAAF Inside Athletics Season 2 - Episode 15 - Gail Devers
vaZecrM2DPs\t359\tNA\tUncut - Continental Cup Split  2010 - 800m Men Final
OgiAucDeNJY\t462\tNA\tUncut - Continental Cup Split  2010 - 400m Hurldes Men Final
4vXxB2GnuBI\t376\tNA\tUncut - Continental Cup Split  2010 - 110m Hurldes Men Final
BLosYkjjj_0\t491\tNA\tUncut  - Continental Cup Split 2010 - 100m Men Final
yfxvkrRB-gY\t108\tNA\tMoscow 2013 - Fun at the Stadium
2oOWoh-PfXQ\t87\tNA\tMoscow 2013 - Shelly-Ann Fraser-Pryce
OG5sNQBt2fw\t140\tNA\tDwight Phillips - Career Tribute
M7XmyPnFROo\t463\tNA\tUncut - Pole Vault Women Final Moscow 2013
7eZa0isW-i8\t263\tNA\tUncut - High Jump Women Final WJC Barcelona 2012
coz_kDFso90\t515\tNA\tUncut - 400m Women Final Daegu 2011
Khes8szCNlA\t169\tNA\tUncut - 200m Women Final Goteborg 1995
JChpybiaXlE\t388\tNA\tUncut - 110m Hurdles Men Final Moscow 2013
vLXx2SMgG0A\t490\tNA\tUncut - 100m Women Final WJC Barcelona 2012
23Yr1goBMCI\t390\tNA\tWomen's 100m Final | IAAF World Championships Moscow 2013
P7VG6tWWoGw\t170\tNA\tWorld Records - Pole Vault Women Final Sevilla 1999
OFjaL17JLHI\t166\tNA\tWorld Records - Javelin Throw women Final Helsinki 2005
bc6PEo26_is\t239\tNA\tWorld Records - 400m Hurdles Women Final Goteborg 1995
wkPcttRffz0\t194\tNA\tWorld Records - 400m Hurdles Women Final Stuttgart 1993
uCsLxXY03YI\t239\tNA\tUncut - 4x100 Men Final Stuttgart 1993
u2J-9D8eiNU\t954\tNA\tIAAF Inside Athletics Season 2 - Episode 14 - Joanna Hayes
Ef893_uwkCA\t141\tNA\tCombined events  Decastar 2014 Decathlon Mixed Zone ITW
PAFCqdkjGT8\t136\tNA\tCombined Events Decastar 2014 Heptathlon Mixed Zone Interviews
Gl0vXmcIPHk\t138\tNA\tCombined Events Decastar 2015 Day 02 Pole Vault DECA & Javelin HEPTA
oHzHngKPmGM\t91\tNA\tCombined Events Decastar 2014 Day 02 - Mid-Day
3eEiLC8Cdek\t137\tNA\tCombined Events Decastar 2014 - Day 01 Heptathlon Ambiance
66JsnzmzjGY\t94\tNA\tCombined Events Decastar 2014 Versus Decathlon Day 01 Conclusion
4EdoBpQu-aw\t79\tNA\tCombined Events Decastar 2014 After 3 Events Men
RB1nGnE6kAw\t49\tNA\tCombined events Decastar 2014 Presentation Heptathlon
lSM2cc5ei9A\t32\tNA\tCombined Events Decastar 2014 VERSUS for the win
fNisO-DT7hM\t73\tNA\tCombined Events Challenge, Décastar 2014 Presentation Decathlon
tiDbhmOB8Po\t31\tNA\tIAAF Continental Cup Marrakech 2014 Team Europe  Maria KUCHINA High Jump Women
LZt21M-enxk\t48\tNA\tIAAF Continental Cup Marrakech 2014 Team Americas Chaunte LOWE High Jump Women
BvAeWfgvMro\t62\tNA\tIAAF Continental Cup Marrakech 2014 Team Europe Eloyse LESUEUR Long Jump Women
D8OGk__xXMA\t42\tNA\tIAAF Continental Cup Marrakech 2014 Team Europe Ivana SPANOVIC Long Jump Women
sq-xgZorgIM\t88\tNA\tIAAF Continental Cup Marrakech 2014 Team Europe Renaud LAVILLENIE Pole Vault Men
OYIV0-RZbAQ\t41\tNA\tIAAF Continental Cup Marrakech 2014 Team Europe Joanne PAVEY 5000m Women
ISrBJrFkOB4\t25\tNA\tIAAF Continental Cup Marrakech 2014 Team Africa Eloyse LESUEUR 800m Men
EN0y323uVIU\t25\tNA\tIAAF Continental Cup Marrakech 2014 Team Africa Mohammed AMAN 800m Men
RAHCVl6dSD4\t55\tNA\tIAAF Continental Cup Marrakech 2014 Team Africa 4X400m Men
pzaH00oC8zo\t45\tNA\tIAAF Continental Cup Marrakech 2014 Team Americas Joanna ATKINS 200m Women
IZ8vKaWhQ1w\t52\tNA\tIAAF Continental Cup Marrakech 2014 Team Europe Gerd KANTER Discus Throw Men
m1a43tByWmM\t57\tNA\tIAAF Continental Cup Marrakech 2014 Team Africa Caleb Mwangangi NDIKU 3000m Men
55w1RB94i5M\t31\tNA\tIAAF Continental Cup Marrakech 2014 Team Americas Bernard LAGAT 3000m Men
gvN3s42xuNA\t65\tNA\tIAAF Continental Cup Marrakech 2014 Team Americas Michelle CARTER Shot Put
uTZw7nu2_78\t69\tNA\tIAAF Continental Cup Marrakech 2014 Team Europe Sifan HASSAN 1500m Women
lpWGofR5u9Y\t88\tNA\tIAAF Continental Cup Marrakech 2014 Team Europe Sergey SHUBENKOV & William SHARMAN 110m Hurdles Men
-bIn4QRfwZ0\t41\tNA\tIAAF Continental Cup Marrakech 2014 Team Europe Tiffany PORTER 100m Hurdles Women
ok2IcA7c_c8\t32\tNA\tIAAF Continental Cup Marrakech 2014 Team Americas Dawn HARPER NELSON 100m Hurdles W omen
_1b1t4ZTlkA\t46\tNA\tIAAF Continental Cup Marrakech 2014 Team Europe Benjamin COMPAORE Tripe Jump Men
eje24DAdKPI\t47\tNA\tIAAF Continental Cup Marrakech 2014 Team Americas Jairus Evan JAGER 3000m SC Men
QXBq9LUIsOY\t33\tNA\tIAAF Continental Cup Marrakech 2014 Team Africa Jairus Kipchoge BIRECH 3000m SC Men
Aq0Ao8zh18w\t55\tNA\tIAAF Continental Cup Marrakech 2014 Team Americas Amanda BINGSON Hammer Throw Women
wblS1n6Pc90\t73\tNA\tIAAF Continental Cup Marrakech 2014 Team Americas Emma COBURN 3000m SC Women
z4q_v4JP45o\t63\tNA\tIAAF Continental Cup Marrakech 2014 Team Americas 4X100m Women
cvjCoISKmgs\t28\tNA\tIAAF Continental Cup Marrakech 2014 Team Europe 4X100m Men
sdMynEZ5TMQ\t31\tNA\tIAAF Continental Cup Marrakech 2014 Team Americas 4X100m Men
ThQ9cbXLqLc\t22\tNA\tIAAF Continental Cup Marrakech 2014 Team Europe James DASAOLU 100m Men
l8HGEXcdlO4\t49\tNA\tIAAF Continental Cup Marrakech 2014 Team Europe Ignisious GAISAH Long Jump Men
kBc1cHZUJ3g\t30\tNA\tIAAF Continental Cup Marrakech 2014 Team Asia Pacific Ling LI Pole Vault Women
RVg0S-xHwEs\t38\tNA\tIAAF Continental Cup Marrakech 2014 Team Asia Pacific Dani SAMUELS Discus Throw Women
brHB7_mBMjI\t38\tNA\tIAAF Continental Cup Marrakech 2014 Team Americas Veronica CAMPBELL BROWN 100m Women
3Ofem1R42qo\t68\tNA\tIAAF Continental Cup Marrakech 2014 Team Americas LaShawn MERRITT 400m Men
sEyWZtLiXDo\t43\tNA\tIAAF Continental Cup Marrakech 2014 Team Americas Francena MCCORORY 400m Women
YuXpksQDJik\t34\tNA\tIAAF Continental Cup Marrakech 2014 Team Africa Genzebe DIBABA 3000m Women
Sh-Y9KNhYII\t30\tNA\tIAAF Continental Cup Marrakech 2014 Team Africa Isaac MAKWALA 400m Men
sQHdTGzow_o\t50\tNA\tIAAF Continental Cup Marrakech 2014 Team Africa Eunice Jepkoech SUM 800m Women
f-lwGindIbQ\t55\tNA\tIAAF Continental Cup Marrakech 2014 Team Africa Ayanleh SOULEIMAN & Asbel KIPROP 1500m Men
K7fiOKdTFVY\t63\tNA\tIAAF Continental Cup Marrakech 2014 TEAM EUROPA David STORL Shot Put men
g3SaCqwKMAs\t51\tNA\tIAAF Continental Cup Marrakech 2014  TEAM AMERICAS Novlene WILLIAMS MILLS 400m Women
2MY0Di9og9Y\t50\tNA\tIAAF Continental Cup Marrakech 2014  TEAM AMERICAS Joe KOVACS & O'Dayne RICHARDS Shot Put men
ceAqXA7msO8\t43\tNA\tIAAF Continental Cup Marrakech 2014 TEAM AMERICAS Francena MCCORORY 400m Women
6GHut9QY68c\t37\tNA\tIAAF Continental Cup Marrakech 2014  TEAM AMERICAS Ajee WILSON 800m Women
1j9-bf27nDI\t30\tNA\tIAAF Continental Cup Marrakech 2014 TEAM AFRICA Isaac MAKWALA 400m Men
Mc5Yx8872uY\t50\tNA\tIAAF Continental Cup Marrakech 2014 TEAM AFRICA Eunice Jepkoech SUM 800m Women
xR9R_TyV3gk\t32\tNA\tIAAF Continental Cup Marrakech 2014  TEAM ASIA-PACIFIC Zane ROBERTSON 5000m Men
mKwLqV4oJg0\t24\tNA\tIAAF Continental Cup Marrakech 2014 TEAM AFRICA Nguse AMLOSOM 5000m Men
6LK5bMwVKf8\t44\tNA\tIAAF Continental Cup Marrakech 2014 TEAM AFRICA Isiah Kiplangat KOECH 5000m Men
-0gso9XDjPA\t37\tNA\tIAAF Continental Cup Marrakech 2014 TEAM AMERICAS Caterine IBARGUEN Triple Jump Women
6G_CBnV8q5k\t43\tNA\tIAAF Continental Cup Marrakech 2014 TEAM EUROPE Eilidh CHILD 400m Hurdles Women
Z1MAJM59y5I\t44\tNA\tIAAF Continental Cup Marrakech 2014 TEAM AMERICAS Kaliese SPENCER 400m Hurdles Women
P0pzr7dNX3I\t50\tNA\tIAAF Continental Cup Marrakech 2014 TEAM EUROPE Kariem HUSSEIN 400m Hurdles Men
jGFM_Vz0l1c\t40\tNA\tIAAF Continental Cup Marrakech 2014 TEAM AFRICA Cornel FREDERICKS 400m Hurdles Men
u-TPLSzCu7w\t86\tNA\tIAAF Continental Cup Marrakech 2014 - TEAM ASIA-PACIFIC
lqazRvf12Zk\t87\tNA\tIAAF Continental Cup Marrakech 2014 - TEAM AMERICAS
hJ68ZRbR9_Y\t73\tNA\tIAAF Continental Cup Marrakech 2014 - TEAM AFRICA
Vob38byVb4w\t63\tNA\tIAAF Continental Cup Marrakech 2014 - TEAM EUROPE
3X7o7or6QmM\t126\tNA\tIAAF Continental Cup Marrakech 2014 - ITW Renaud Lavillenie EUROPE
gfLk7WJJV9U\t63\tNA\tIAAF Continental Cup Marrakech 2014 - ITW  Derek Drouin AMERICAS
UOfS-llx8kE\t108\tNA\tIAAF Continental Cup Marrakech 2014 - Press Conference Highlights Part 01
zQGDIQEPE4s\t93\tNA\tIAAF Continental Cup Marrakech 2014 - Bernard Lagat Preview
sdCwlcBAlwA\t388\tNA\tUncut - Continental Cup Split 2010 - 800m Women Final
f2z663bJky8\t293\tNA\tUncut - Continental Cup Split 2010 - Pole Vault Men Final
i44P2Fm87DY\t397\tNA\tUncut - Continental Cup Split 2010 - High Jump Women Final
URM7559gYYk\t57\tNA\tIAAF Continental Cup Marrakech 2014 - Valerie Adams Preview
HHZlpeW6PeI\t60\tNA\tIAAF Continental Cup Marrakech 2014 - Sally Pearson Preview
X17mJ4pnMJ8\t59\tNA\tIAAF Continental Cup Marrakech 2014 - Renaud Lavillenie Preview
Sum6hLCLXOA\t54\tNA\tIAAF Continental Cup Marrakech 2014 - David Oliver Preview
1N5ax_PcgXg\t53\tNA\tIAAF Continental Cup Marrakech 2014 - Christophe Lemaitre Preview
LEyPVsPbNB0\t481\tNA\tUncut - Continental Cup - Split 2010 - 100m Hurdles Women Final
JvgFHKktTDc\t326\tNA\tUncut - Continental Cup - Split 2010 - 200m Men Final
e1N0SbRJ76A\t80\tNA\tIAAF Continental Cup Marrakech 2014 - Preview
o_d4Q1fgPGE\t123\tNA\tMoscow 2013 - 100m Final Men SLO-MO Usain Bolt edit
e5WT5ad-iVM\t455\tNA\tUncut - 100m Men Final WJC Barcelona 2012
Sz6JQxDIuqE\t431\tNA\tUncut - 100m Hurdles Women Final WJC Barcelona 2012
hcmwEMXHep4\t624\tNA\tWomen's 4x100m Final | World Athletics Championships Moscow 2013
FofaekX9P0c\t79\tNA\tIAAF World Junior Championships 2014 - Michaela HRUBA CZE High Jump Women Silver
FE0caZH0TvQ\t91\tNA\tIAAF World Junior Championships 2014 - Andreas ALMGREN SWE 800M Men Bronze
6fDGUNwzACA\t66\tNA\tIAAF World Junior Championships 2014 - Andrian MARDARE MDA Javelin Throw Men Bronze
Js3izUs13c4\t121\tNA\tIAAF World Junior Championships 2014 - JPN Team 4X400M Men SILVER
pQ2A3886xVg\t98\tNA\tIAAF World Junior Championships 2014 - USA Team 4X400M Men Gold
q5lbVUP9vzI\t113\tNA\tIAAF World Junior Championships 2014 - USA Team 4X400M Women Gold
O8ZLwS6WcLw\t119\tNA\tIAAF World Junior Championships 2014 - JAM Team 4X400M Men Silver
ihBD-utp10Y\t155\tNA\tIAAF World Junior Championships 2014 - GBR Team 4X400M Women Silver
c7YoWDQCnqc\t82\tNA\tIAAF World Junior Championships 2014 - Irina ILIEVA RUS High Jump Women Bronze
dvwdSM2xnB0\t75\tNA\tIAAF World Junior Championships 2014 - Gatis CAKSS LAT Javelin Throw Men Gold
rxWaCR5lz74\t52\tNA\tIAAF World Junior Championships 2014 - Matija MUHAR SLO Javelin Throw Men Silver
Bo94f-ArAhk\t59\tNA\tIAAF World Junior Championships 2014 - Max HESS GER Triple Jump Men Silver
CFMhS8OtgwQ\t36\tNA\tIAAF World Junior Championships 2014 - Mateus DE SA BRA Triple Jump Men Bronze
6JVYZ9nzzWk\t35\tNA\tIAAF World Junior Championships 2014 - Lazaro MARTINEZ CUB Triple Jump Men Gold
fSHnLpMuLUc\t99\tNA\tIAAF World Junior Championships 2014 - Morgan Lake GBR High Jump Women Gold
5j7TESMxEGU\t146\tNA\tIAAF World Junior Championships 2014 - Alfred KIPKETER KEN 800m Men Gold
mrJtrTOO6DE\t51\tNA\tIAAF World Junior Championships 2014 - Kalle BERGLUND SWE 800m Men Final
i6oG-FAY3kI\t60\tNA\tIAAF World Junior Championships 2014 - Tre'Tez KINNAIRD USA 800m Men Final
1kSBV-AyMEU\t102\tNA\tIAAF World Junior Championships 2014 - Dawit SEYAUM & Gudaf TSEGAY ETH 1500m Women Gold & silver
kQRsrqZ30Vw\t86\tNA\tIAAF World Junior Championships 2014 - Bailey ROTH USA 3000m SC Men Final
ZJy6g9y8osY\t69\tNA\tIAAF World Junior Championships 2014 - Evans Rutto CHEMATOT BRN 3000m SC Men Bronze
2n8fa3NrczA\t71\tNA\tIAAF World Junior Championships 2014 - B. KIPYEGO & T KIBIEGO KEN 3000m SC Men Gold & Silver
Rpi4PEAbfpQ\t51\tNA\tIAAF World Junior Championships 2014 - Yohanes CHIAPPINELLI ITA 3000m SC Men Final
DaIq35HvIUU\t76\tNA\tIAAF World Junior Championships 2014 - Kendell WILLIAMS & Dior HALL USA 100m H W GOLD & SILVER
e3CfNRBFf04\t85\tNA\tIAAF World Junior Championships 2014 - Nadine VISSER NED 100m Hurdles Women Bronze
orqe22qDKso\t42\tNA\tIAAF World Junior Championships 2014 - Yasmin MILLER GBR 100m Hurdless Women Final
ye3R1BwneaE\t162\tNA\tIAAF World Junior Championships 2014 - Axel CHAPELLE FRA Pole Vault Gold
zmK7CDpoz1E\t133\tNA\tIAAF World Junior Championships 2014 - GER Team 4X100m Women Bronze
LwmrGaNEpj8\t126\tNA\tIAAF World Junior Championships 2014 - USA Team 4X100m Gold
WUm1oAODeAQ\t71\tNA\tIAAF World Junior Championships 2014 - SUI Team 4X100m Women Final
5TiwXhJLfC8\t126\tNA\tIAAF World Junior Championships 2014 - JAM Team 4X100m Bronze
Rfh2ceqoA5Y\t64\tNA\tIAAF World Junior Championships 2014 - Henning PRUFER GER Discus Throw Men Silver
IPhGM0DZp7Y\t106\tNA\tIAAF World Junior Championships 2014 - JPN Team 4X100m Men Silver
Ema4XYNi6JQ\t94\tNA\tIAAF World Junior Championships 2014 - Daniel KOTOV RUS Pole Vault Men Silver
STTUsogl5Qg\t76\tNA\tIAAF World Junior Championships 2014 - Oleg ZERNIKEL GER Pole Vault Men Bronze
33uNQkWfg30\t74\tNA\tIAAF World Junior Championships 2014 - Jamaica Team 4X100M Women Silver
JsIOhf5_Ewk\t72\tNA\tIAAF World Junior Championships 2014 - CHN TEAM 4X100m Men Final
J0xeyYkZrAU\t80\tNA\tIAAF World Junior Championships 2014 - USA Team 4X100M Women Gold
AcrAYhogm1Y\t46\tNA\tIAAF World Junior Championships 2014 - Martin MARKOVIC Discus Throw Men Gold
WdGYRIUKVQw\t78\tNA\tIAAF World Junior Championships 2014 - Sven Martin SKAGESTAD NOR Discus Throw Men Bronze
IcQ88m_bln8\t69\tNA\tIAAF World Junior Championships 2014 - Ruth JEBET BRN 3000m SC Women Gold
YcqCsCoFKXY\t72\tNA\tIAAF World Junior Championships 2014 - Rouguy DIALLO FRA Triple Jump Women Gold
Y8GqB-8yMRE\t11\tNA\tIAAF World Junior Championships 2014 - Xiaohong LI CHN Triple Jump Women Bronze
D5R4FmteOQs\t42\tNA\tIAAF World Junior Championships 2014 - Tre'tez KINNAIRD USA 800m Heat 3
cMaOMKQ3wFA\t50\tNA\tIAAF World Junior Championships 2014 - Liadagmis POVEA CUB Triple Jump Women Silver
VwkS7hIjF-Y\t90\tNA\tIAAF World Junior Championships 2014 -  Joshua MASIKONDE KEN 800m Men Heat 2
d9OrB8MhQ4k\t115\tNA\tIAAF World Junior Championships 2014 - Shamier LITTLE USA 400m Hurdles Women Gold
LGEhGNa4yCo\t71\tNA\tIAAF World Junior Championships 2014 - Andreas ALMGREN SWE 800m Heat 2
IpJ4pCOGEG0\t83\tNA\tIAAF World Junior Championships 2014 - Jade MILLER USA 400m Hurdles Women Bronze.
UUJns7P47Nw\t94\tNA\tIAAF World Junior Championships 2014 - Shona Richards GBR 400m Hurdles Women Silver
RRZpHROOCPU\t52\tNA\tIAAF World Junior Championships 2014 - Mariam ABDUL-RASHID CAN 400m Hurdles Women Final
MisSEPTII5E\t88\tNA\tIAAF World Junior Championships 2014 - GBR Team 4X400m Men Heat 3
JHbowTyI0pU\t99\tNA\tIAAF World Junior Championships 2014 - USA Team 4X400m Men Heat 1
KEtgR1bFzb0\t89\tNA\tIAAF World Junior Championships 2014 - JAM Team 4X400m Men Heat 2
FN48VGzqAzU\t117\tNA\tIAAF World Junior Championships 2014 - USA Team 4X400m Women Heat 2
vt9zMge0MTI\t65\tNA\tIAAF World Junior Championships 2014 -WJC 2014 Eugene Mixed Zone ITW - NGR Team 4X400m Women Heat 2
pOZMtHdPKZI\t95\tNA\tIAAF World Junior Championships 2014 - Team GBR 4X400m Women Heat 1
y9QUf_Ew-zk\t74\tNA\tIAAF World Junior Championships 2014 - Nadine VISSER NED 100M Hurdles Women Semi-Final 3
Thco_kSS_3Y\t46\tNA\tIAAF World Junior Championships 2014 - Sarah MISSINNE BEL 100M Hurdles Women Semi-Final 3
2hbSsn7kZKc\t66\tNA\tIAAF World Junior Championships 2014 - Genesis ROMERO VEN 100M Hurdles Women Semi-Final 2
jelprA9mXBE\t63\tNA\tIAAF World Junior Championships 2014 - Kendell WILLIAMS USA 100M Hurdles Women Semi-Final 2
p43Bp_m7tdU\t73\tNA\tIAAF World Junior Championships 2014 - Dior HALL USA 100M Hurdles Women Semi-Final 1
xS_7_sZl_BU\t150\tNA\tIAAF World Junior Championships 2014 - Navjeet Kaur DHILLON IND Discus Throw Women Bronze
cz3He_PojRU\t159\tNA\tIAAF World Junior Championships 2014 - Yomif KEJELCHA & Yasin HAJI ETH 5000m Men Gold & Silver
ka0jHJ6s7rc\t124\tNA\tIAAF World Junior Championships 2014 - Moses LETOYIE & Frederick KIPTOO KEN 5000m Men Bronze
4Axsm7b2iQk\t151\tNA\tIAAF World Junior Championships 2014 - Kendall BAISDEN & Olivia BAKER USA 400m Women Gold & Bronze
ElURVy4morw\t71\tNA\tIAAF World Junior Championships 2014 - Valerie ALLAM USA Discus Throw Women Silver
Tp9CpHOBIt8\t88\tNA\tIAAF World Junior Championships 2014 - Dmitri NABOKAU BLR High Jump Men Silver
FuUYId4cHSk\t24\tNA\tIAAF World Junior Championships 2014 - Izabela DA SILVA BRA Discus Throw Women Gold
AOkAcRrpkic\t63\tNA\tIAAF World Junior Championships 2014 - Mikhail AKIMENKO RUS High Jump Men Gold
qovPFPS8svU\t89\tNA\tIAAF World Junior Championships 2014 - jowvokoghene Divine ODUDURU NGR 200m Men Silver
QJcfkbyTX7w\t83\tNA\tIAAF World Junior Championships 2014 - Kaylin WHITNEY USA 200m Women Gold
MGA6g3jvK0s\t35\tNA\tIAAF World Junior Championships 2014 - Ali Khamis KHAMIS BRN 400m Hurdles Men Final Silver
nOJwjMKiWr8\t59\tNA\tIAAF World Junior Championships 2014 - Irene EKELUND SWE 200m Women Silver
W6Ywyolzr_0\t43\tNA\tIAAF World Junior Championships 2014 - Michael O'HARA JAM 200m Men Bronze
Hy6QI8xct-0\t46\tNA\tIAAF World Junior Championships 2014 - Trentavis FRIDAY USA 200m Men Gold
hZ4pTk77aBc\t90\tNA\tIAAF World Junior Championships 2014 - Ashraf Amgad ELSEIFY QAT Hammer Throw GOLD
kiu-kbtiGYY\t67\tNA\tIAAF World Junior Championships 2014 - Bence PASZTOR HUN Hammer Throw Silver
cWmrK9MWC54\t32\tNA\tIAAF World Junior Championships 2014 - Ilya TERENTYEV RUS Hammer Throw Bronze
vfUHn6F7vvE\t24\tNA\tIAAF World Junior Championships 2014 - Angela TENORIO ECU 200m Women Bronze
UNVS1gS_xCk\t34\tNA\tIAAF World Junior Championships 2014 - Shannon HYLTON GBR 200m Women Final
Mqnc8vsuzwM\t73\tNA\tIAAF World Junior Championships 2014 - Raven SAUNDERS USA Shot Put Women Final Silver
5FR9WplCRn8\t66\tNA\tIAAF World Junior Championships 2014 - Jaheel HYDE JAM 400m Hurdles Men Final Gold
uOpjRyr8UVc\t68\tNA\tIAAF World Junior Championships 2014 - Tim HOLMES USA 400m Hurdles Men Final Bronze
GkyMZfdBXNs\t71\tNA\tIAAF World Junior Championships 2014 - Shamier LITTLE USA 400m Hurdles Heat 3
RQWBe3uTkmA\t88\tNA\tIAAF World Junior Championships 2014 - 4X100m Men JAM Heat 3
pxjHMXAyYdQ\t63\tNA\tIAAF World Junior Championships 2014 - Jade MILLER USA 400m Hurdles Heat 2
Uor-Fu-bXyg\t63\tNA\tIAAF World Junior Championships 2014 - Shona RICHARDS GBR 400m Hurdles Heat 2
GwnUX4V_UAo\t88\tNA\tIAAF World Junior Championships 2014 - 4X100m Women JPN Heat 3
J6yAFS_0YBI\t65\tNA\tIAAF World Junior Championships 2014 - 4X100m Women TRI Heat 3
MBd2sa3gEIw\t35\tNA\tIAAF World Junior Championships 2014 - 4X100m Women JAM Heat 2
DkcKIQTgJtA\t65\tNA\tIAAF World Junior Championships 2014 - 4X100m Women Heat 1
jiqRbZOwkU8\t72\tNA\tIAAF World Junior Championships 2014 - Akela JONES BAR High Jump Women Qual
fM999UYjYtY\t45\tNA\tIAAF World Junior Championships 2014 - Erika FURLANI ITA High Jump Women Qual
U7vzdcJXy34\t90\tNA\tIAAF World Junior Championships 2014 - Nikolaus FRANZMAIR AUT 800m Men Heat 6
wLpez6afebc\t55\tNA\tIAAF World Junior Championships 2014 - Theo BLUNDELL GBR 800m Men Heat 6
neMEJQrMCGI\t57\tNA\tIAAF World Junior Championships 2014 - Thiago ANDRE BRA 800m Men Heat 5
juyLf9FmLfM\t68\tNA\tIAAF World Junior Championships 2014 - Dominik STADLMANN AUT 800m Men Heat 5
w8dOfU6gbZw\t83\tNA\tIAAF World Junior Championships 2014 - Alfred KIPKETER KEN 800m Men Heat 3
5CtlBcc7Yk0\t62\tNA\tIAAF World Junior Championships 2014 - Tre'tez KINNAIRD USA 800m Men Heat 3
30eqM1fCFdE\t29\tNA\tIAAF World Junior Championships 2014 - Andreas ALMGREN SWE 800m Men Heat 2
4oK1kryV7b8\t51\tNA\tIAAF World Junior Championships 2014 - Karl GRIFFIN IRL 800m Men Heat 2
GCGDPyX7WsY\t69\tNA\tIAAF World Junior Championships 2014 - Luke MATHEWS AUS 800m Men Heat 1
3FIIHZrlCvk\t57\tNA\tIAAF World Junior Championships 2014 -  Kalle BERGLUND SWE 800m Men Heat 1
U1gJKjNp6r8\t66\tNA\tIAAF World Junior Championships 2014 - Elise CRANNY USA 1500m Women Heat 2
xDfenn7MpZE\t53\tNA\tIAAF World Junior Championships 2014 - Alexa EFRAIMSON USA 1500m Women Heat 1
zcgAJm3gerg\t64\tNA\tIAAF World Junior Championships 2014 - Boby CLAY GBR 1500m Women Heat 1
72aV9gMX6LA\t70\tNA\tIAAF World Junior Championships 2014 - Titus Kipruto KIBIEGO KEN 3000m SC Men Heat 2
3QHs87tnu_M\t64\tNA\tIAAF World Junior Championships 2014 - Tumisans MONNATLALA RSA 3000m SC Men Heat 2
R8c9JYz7cP0\t56\tNA\tIAAF World Junior Championships 2014 - Ali MESSAOUDI ALG 3000m SC Men Heat 1
oKy4LgkFt94\t27\tNA\tIAAF World Junior Championships 2014 -  Yohanes CHIAPPINELLI ITA 3000m SC Men Heat 1
esBzcOEzsFA\t53\tNA\tIAAF World Junior Championships 2014 - Devynne CHARLTON BAH 100M Hurdles Women Heat 5
ZH_zLkD4If4\t60\tNA\tIAAF World Junior Championships 2014 - Dior HALL USA 100M Hurdles Women Heat 5
0D-kq8V6UhA\t54\tNA\tIAAF World Junior Championships 2014 - Manca SEPETAVC SLO 100M Hurdles Women Heat 4
hRXVE6IwHuA\t51\tNA\tIAAF World Junior Championships 2014 - Sarah MISSINNE BEL 100M Hurdles Women Heat 4
Dwfh2-h0gyo\t32\tNA\tIAAF World Junior Championships 2014 - Reetta HURSKE FIN 100M Hurdles Women Heat 3
rLRRssu30sY\t47\tNA\tIAAF World Junior Championships 2014 - Yasmin MILLER GBR 100M Hurdles Women Heat 3
4UxaggvuPLI\t35\tNA\tIAAF World Junior Championships 2014 - Elisa GIRARD_MONDOLONI FRA 100M Hurdles Women Heat 3
fjhVrm6T6yE\t50\tNA\tIAAF World Junior Championships 2014 - Kendell  WILLIAMS USA 100M Hurdles Women Heat 1
-OsF4JGKKU0\t38\tNA\tIAAF World Junior Championships 2014 - Nadine VISSER NED 100M Hurdles Women Heat 2
RYma3v9Z8g4\t53\tNA\tIAAF World Junior Championships 2014 - Katrina HUNT AUS 100M Hurdles Women Heat 1
IV7QHIsl6oc\t33\tNA\tIAAF World Junior Championships 2014 - Genesis ROMERO VEN 100M Hurdles Women Heat 2
qUDOEm3ryXM\t124\tNA\tIAAF World Junior Championships 2014 - Daisuke MATSUNAGA JPN 10k Walk Men Gold + Yuga YAMASHITA 4
6xRTdu0G0Jc\t55\tNA\tIAAF World Junior Championships 2014 - Diego Garcia SPN 10k Walk Men Silver
-pUyLad_YxY\t38\tNA\tIAAF World Junior Championships 2014 - Paolo YURIVILCA PER 10k Walk Men Bronze
dNfT25HPzzQ\t69\tNA\tIAAF World Junior Championships 2014 - Sahily DIAGO CUB 800m Women Silver
tBA8h7nP09A\t85\tNA\tIAAF World Junior Championships 2014 - Eliza MCCARTNEY NZL Pole Vault Women Bronze
ueth-swtm6M\t65\tNA\tIAAF World Junior Championships 2014 - Jonathan SAWE KEN 1500m Men Gold
wEtXvB84Fzs\t79\tNA\tIAAF World Junior Championships 2014 - Alena LUTKOVSKAYA RUS Pole Vaut Gold
j3DtrQdBwWY\t94\tNA\tIAAF World Junior Championships 2014 - Ekaterina STARYGINA RUS Javelin Throw Women GOLD
4iH_E_FPkUU\t58\tNA\tIAAF World Junior Championships 2014 - Valentina MATEIKO KEN 3000m Women Bronze
nxfG8w2w9FI\t41\tNA\tIAAF World Junior Championships 2014 - Sofi FLINK SWE Javelin Throw Silver
6G5nSNxE8uc\t56\tNA\tIAAF World Junior Championships 2014 - Abdi Wais MOUHYADIN DJI 1500m Silver
W-3RkR8zbbc\t121\tNA\tIAAF World Junior Championships 2014 - Mary CAIN USA 3000m Women Gold
4MH2OXCTmoY\t95\tNA\tIAAF World Junior Championships 2014 - Nozomi Musembi TAKAMATSU JPN 3000m Women Final
eqgGXb-jXlg\t60\tNA\tIAAF World Junior Championships 2014 - Sara Kolal CRO Javelin Throw Women Bronze
JFcqcXMAuyA\t47\tNA\tIAAF World Junior Championships 2014 - Desiree FREIER USA Pole Vault Women Silver
GLqKyD-M77c\t78\tNA\tIAAF World Junior Championships 2014 - Jessica HULL AUS 3000m Women Final
UEXR8RGE8_c\t112\tNA\tIAAF World Junior Championships 2014 - Georgia WASSALL AUS 800m Women BRONZE
sj_mdbczTyc\t63\tNA\tIAAF World Junior Championships 2014 - Georgia GRIFFITH AUS 800m Women Final
j4cIn6D_TP0\t57\tNA\tIAAF World Junior Championships 2014 - Nobuya KATO JPN 400m Men Final Silver
G8np-CUsVZA\t63\tNA\tIAAF World Junior Championships 2014 - Macheltri CEDENIO TTO 400m Men Final Gold
zdWt1eJ4Ivg\t151\tNA\tIAAF World Junior Championships 2014 - Wilhem BELOCIAN FRA 110m Hurdles Final Gold WJR
ewSscrbWxko\t71\tNA\tIAAF World Junior Championships 2014 - Welington ZAZA LBR 110m Hurdles Final
rKOYvhgrYRo\t45\tNA\tIAAF World Junior Championships 2014 - Ofonime ODIONG NGR 400m Semi-Final 3
1zo0lLq81eY\t47\tNA\tIAAF World Junior Championships 2014 - Konrad BUKOWIECKI POL Shot Put Gold
IhG8jbK10fs\t63\tNA\tIAAF World Junior Championships 2014 - Kendall BAISDEN USA 400m Women Semi-Final 2
OwbqMrdy1xM\t47\tNA\tIAAF World Junior Championships 2014 - Trentavis FRIDAY USA 200m Men Semi-Final 3
V1-1RaEBcQI\t28\tNA\tIAAF World Junior Championships 2014 - Olivia BAKER USA 400m Women Semi-Final 1
PKKKCSSErr4\t49\tNA\tIAAF World Junior Championships 2014 - Divine ODUDURU NGR 200m Men Semi-Final 2
gRC5YzdWRiM\t21\tNA\tIAAF World Junior Championships 2014 - Yuki KOIKE JPN 200m Men Semi-Final 3
mNdD94T-5xw\t42\tNA\tIAAF World Junior Championships 2014 - Steven GARDINER BAH 200m Men Semi-Final 3
NKa89RHNBR0\t52\tNA\tIAAF World Junior Championships 2014 - Michael O'HARA JAM 200m Men Semi-Final 2
acROV8-aby4\t42\tNA\tIAAF World Junior Championships 2014 - Zharnel HUGHES AIA 200m Men Semi-Final 1
yLCi8zp3sVE\t49\tNA\tIAAF World Junior Championships 2014 - Thomas SOMERS GBR 200m Men Semi-Final 1
sB1UlLxOh7A\t46\tNA\tIAAF World Junior Championships 2014 -  Kaylin WHITNEY USA 200m Women Semi-Final 3
RFdUEUYW92U\t22\tNA\tIAAF World Junior Championships 2014 - Arialis J.GANDULLA CUB 200m Women Semi-Final 3
8wiC6LaJMRo\t38\tNA\tIAAF World Junior Championships 2014 - Angela TENORI ECU 200m Women Semi-Final 2
YOrQOWIR9rA\t49\tNA\tIAAF World Junior Championships 2014 - Jada MARTIN USA 200m Women Semi-Final 2
-JwCCzrT-qQ\t66\tNA\tIAAF World Junior Championships 2014 - Shannon HYLTON GBR 200m Women Semi-Final 1
UcOAScAs7TI\t63\tNA\tIAAF World Junior Championships 2014 - Irene EKELUND SWE 200m Women Semi-Final 1
EdYwfqHB74Q\t67\tNA\tIAAF World Junior Championships 2014 - Dihia HADDAR ALG 400m Hurdles Women Heat 5
Lq_0njAXG1U\t90\tNA\tIAAF World Junior Championships 2014 - Shamier LITTLE USA 400m Hurdles Women Heat 5
if-k_2FuqKM\t30\tNA\tIAAF World Junior Championships 2014 - Jessica TURNER GBR 400m Hurdles Women Heat 5
oQqFRHY9ZMQ\t50\tNA\tIAAF World Junior Championships 2014 - Kaylin WHITNEY USA 200m Women Round 5
TScf9CE5Z0w\t34\tNA\tIAAF World Junior Championships 2014 - Sarah ATCHO SUI 200m Women Round 5
X_Pdljve38k\t45\tNA\tIAAF World Junior Championships 2014 - Tia-Adana BELLE BAR 400m Hurdles Women Heat 4
6HPRGr6UVw8\t36\tNA\tIAAF World Junior Championships 2014 - Jade Miller USA 400m Hurdles Women Heat 1
3XtIfvNzTjk\t55\tNA\tIAAF World Junior Championships 2014 - Marshay RYAN USA Triple Jump Qual
3q4jWqDHGxo\t47\tNA\tIAAF World Junior Championships 2014 - Ayomide FOLORUNSO ITA 400m Hurdles Women Heat 3
YRe6jo4cpdo\t82\tNA\tIAAF World Junior Championships 2014 - Shona RICHARDS GBR 400m Hurdles Women Heat 3
C0byunFT2Sk\t52\tNA\tIAAF World Junior Championships 2014 - Nenah DE CONINCK BEL 400m Hurdles Women Heat 2
WbCtVbDappc\t71\tNA\tIAAF World Junior Championships 2014 - Ruan MENTZ RSA 400m Hurdles Semi-Final 3
O1ot6JdqrCg\t41\tNA\tIAAF World Junior Championships 2014 - Jose Luis GASPAR CUB 400m Hurdles Semi-Final 2
33uOfafLXQc\t60\tNA\tIAAF World Junior Championships 2014 - Jaheel Hyde JAM 400m Hurdles Semi-Final 2
DoVoIOtZmTA\t77\tNA\tIAAF World Junior Championships 2014 - Oleg ZERNIKEL GER Pole Vault Men Qual
sV8iW4ORXzE\t61\tNA\tIAAF World Junior Championships 2014 - Tim Holmes USA 400m Hurdles Semi-Final 1
cB3YJ-3dzu8\t62\tNA\tIAAF World Junior Championships 2014 - Nataliah WHYTE JAM 200m Women Round 6
phyoXkPZtRA\t22\tNA\tIAAF World Junior Championships 2014 - Angela TENORIO ECU 200m Women Round 7
8BEF7Yk9Djc\t44\tNA\tIAAF World Junior Championships 2014 - Ana PELETEIRO ESP Triple Jump Qual
CMaeZVXF0YI\t49\tNA\tIAAF World Junior Championships 2014 - Carmiesha COX BAH 200m Women Round 4
-_EJDh7rAAc\t58\tNA\tIAAF World Junior Championships 2014 - Jada Martin USA 200m Women Round 4
C_wij-XBkEs\t36\tNA\tIAAF World Junior Championships 2014 - Arialis J.GANDULLA CUB 200m Women Round 3
kGoXw4r21jI\t51\tNA\tIAAF World Junior Championships 2014 - Praise IDAMADUDU NGR 200m Women Round 2
g-oaDWvnUsY\t54\tNA\tIAAF World Junior Championships 2014 - Maddison COATES AUS 200m Women Round 2
d0qYFLhNIMI\t64\tNA\tIAAF World Junior Championships 2014 - Shannon HYLTON GBR 200m Women Round 1
dA6MgcVcw4A\t49\tNA\tIAAF World Junior Championships 2014 - Irene EKELUND SWE 200m Women Round 1
pNR9UElc4rg\t67\tNA\tIAAF World Junior Championships 2014 - Thomas SOMERS GBR 200m Men Round 9
5ISfW5-dPts\t49\tNA\tIAAF World Junior Championships 2014 - Emmanuel DASOR GHA 200m Men Round 8
M6sdIv-OHzE\t48\tNA\tIAAF World Junior Championships 2014 - Jacopo SPAN ITA 200m Men Round 8
IlodRKrGQEE\t51\tNA\tIAAF World Junior Championships 2014 - Kendal WILLIAMS USA 200m Men Round 8
KB4TlZTXWto\t59\tNA\tIAAF World Junior Championships 2014 - Divine ODUDURU NGR 200m Men Round 7
VUDQzM1QZFI\t48\tNA\tIAAF World Junior Championships 2014 - Jonathan FARINHA TTO 200m Men Round 6
iGma06GZOfU\t52\tNA\tIAAF World Junior Championships 2014 - Michael SONGORE ZIM 200m Men Round 5
4WJoBwt-9b0\t42\tNA\tIAAF World Junior Championships 2014 - Jon SEELIGER RSA 200m Men Round 5
WEQuNVrs9i8\t34\tNA\tIAAF World Junior Championships 2014 - Reynier MENA CUB 200m Men Round 5
TM9MHF30DlQ\t43\tNA\tIAAF World Junior Championships 2014 - Andre AZONWANNA CAN 200m Men Round 4
fyNC6VJMmlc\t38\tNA\tIAAF World Junior Championships 2014 - Steven GARDINER BAH 200m Men Round 4
gbadXLga-Y4\t41\tNA\tIAAF World Junior Championships 2014 - Trentavis FRIDAY USA 200m Men Round 3
MXrWrGTKhro\t54\tNA\tIAAF World Junior Championships 2014 - Zharnel HUGHES AIA  200m Men Round 2
qVm16l_sC74\t54\tNA\tIAAF World Junior Championships 2014 - Yuki KOIKE JPN 200m Men Round 1
8OLnGppB0MI\t69\tNA\tIAAF World Junior Championships 2014 - Minttu HUKKA FIN 3000m SC Women Round 2
MFDKhEfkPRg\t46\tNA\tIAAF World Junior Championships 2014 - Ruth JEBET BRN 3000m SC Women Round 1
ksDsTJ4NiFQ\t124\tNA\tIAAF World Junior Championships 2014 - Trayvon BROMELL USA 100m Silver
pDdcst2c7t4\t107\tNA\tIAAF World Junior Championships 2014 - Cedric DUBLER AUS Decathlon Silver
dp5b-UMUKsQ\t110\tNA\tIAAF World Junior Championships 2014 - Jiri SYKORA CZE Decathlon Gold
KwlgUHT7jJc\t92\tNA\tIAAF World Junior Championships 2014 - Kendal WILLIAMS USA 100m Gold
hympvF2qy0I\t62\tNA\tIAAF World Junior Championships 2014 - Yoshihide KIRYU JPN 100m Bronze
c-uoVTqWJuc\t65\tNA\tIAAF World Junior Championships 2014 - Tim NOWAK GER Decathlon Bronze
kKO8tEyru7Q\t80\tNA\tIAAF World Junior Championships 2014 - Dina ASHER-SMITH GBR 100m Women GOLD
eC5aBfuJ97A\t62\tNA\tIAAF World Junior Championships 2014 - Angela TENORIO ECU 100m Women Silver
aGBIx2S1o44\t36\tNA\tIAAF World Junior Championships 2014 - Kaylin WHITNEY USA 100m Women Bronze
h2i83gVHklM\t110\tNA\tIAAF World Junior Championships 2014 - Alemitu HEROYE & Alemitu HAWI ETH 5000m Women GOLD & SILVER
OnOzO0LOg2k\t117\tNA\tIAAF World Junior Championships 2014 - Morgan Lake GBR Heptathlon Gold
NCLAGroAHaE\t76\tNA\tIAAF World Junior Championships 2014 - Yorgelis RODRIGUEZ CUB Heptathlon Silver
HiaXkaGWcII\t44\tNA\tIAAF World Junior Championships 2014 - Nadine VISSER NED Heptathlon Bronze
Mg0g03viook\t54\tNA\tIAAF World Junior Championships 2014 - Machel CEDENIO TTO 400m Men Semi-Final
PBofsjwRFHY\t33\tNA\tIAAF World Junior Championships 2014 - Nobuya Kato JPN 400m Men Semi-Final
eWR3eFw0rug\t32\tNA\tIAAF World Junior Championships 2014 - Réka GYURÁTZ HUN Hammer Throw Women Final SILVER
LuKbqCljc4A\t68\tNA\tIAAF World Junior Championships 2014 - Tyler BROWN USA 400m Men Semi-Final
agrUOYYrteI\t21\tNA\tIAAF World Junior Championships 2014 - Al'ona SHAMOTINA UKR Hammer Throw Women Final GOLD
3w-SCF5Slxc\t47\tNA\tIAAF World Junior Championships 2014 - Kendal WILLIAMS USA 100m Men Semi-Final
gG_ppMn7vTk\t50\tNA\tIAAF World Junior Championships 2014 - Cejhae GREENE ANT 100m Men Semi-Final
YDwMq7ePHp8\t36\tNA\tIAAF World Junior Championships 2014 - Trayvon BROMELL USA 100m Men Semi-Final
bVQ0RbIDBeM\t44\tNA\tIAAF World Junior Championships 2014 - Kaylin WHITNEY USA 100m Women Semi-Final
iRm2Pz-IFJE\t57\tNA\tIAAF World Junior Championships 2014 - David OMOREGIE GBR 110m Hurdles Semi-Final
-lXfYyoSFuY\t49\tNA\tIAAF World Junior Championships 2014 - Wilhem BELOCIAN FRA 110m Hurdles Semi-Final
3swJWYDbrB0\t50\tNA\tIAAF World Junior Championships 2014 - Dina ASHER-SMITH GBR 100m Women Semi-Final
aWE6IRyu0GQ\t45\tNA\tIAAF World Junior Championships 2014 - Tyler MASON JAM 110m Hurdles Semi-Final
lXEflNX4cLc\t107\tNA\tIAAF World Junior Championships 2014 - Ángela TENORIO ECU 100m
plWNiodc5-Y\t72\tNA\tIAAF World Junior Championships 2014 - Georgia WASSALL AUS 800m Women Semi-Final
urr-NIgybS8\t65\tNA\tIAAF World Junior Championships 2014 - Martin TUCEK CZE 400m Hurdles
nN94bI0ZsH4\t60\tNA\tIAAF World Junior Championships 2014 - Kenneth SELMON USA 400m Hurdles
-1OAmto5FZk\t22\tNA\tIAAF World Junior Championships 2014 - Jose Luis GASPAR CUB 400M hurdles
uMKBC76FYyo\t39\tNA\tIAAF World Junior Championships 2014 - Luca CACOPARDO ITA 400m Hurdles
AJKyahU-_2Y\t53\tNA\tIAAF World Junior Championships 2014 - Tim HOLMES USA 400m Hurdles
cmKJsU23S8Q\t39\tNA\tIAAF World Junior Championships 2014 - Jonas HANSSEN GER 400m Hurdles
mYquHc3hKjE\t60\tNA\tIAAF World Junior Championships 2014 - Olivia BAKER USA 400m
XtLSFsDUtXM\t55\tNA\tIAAF World Junior Championships 2014 - Ann-Kathrin KOPF GER 400m
-iD33OkkYNM\t93\tNA\tIAAF World Junior Championships 2014 - Anezka DRAHOTOVA CZE - 10k Walk Final WJR
jKFI2-yyzcU\t81\tNA\tIAAF World Junior Championships 2014 - Joshua Kiprui CHEPTEGEI UGA 10000m
6QOxW80PNsE\t41\tNA\tIAAF World Junior Championships 2014 - Evis Kipchoge CHEBOI & Nicholas Mboroto KOSIMBEI KEN 10000m
cu8ILQWn3pw\t84\tNA\tIAAF World Junior Championships 2014 - Cedric DUBLER AUS - Decathlon End Of day 1
f_VbHVLbxl4\t90\tNA\tIAAF World Junior Championships 2014 - Nadine VISSER NED - Heptathlon End of day 1
Qqe71aK754w\t73\tNA\tIAAF World Junior Championships 2014 - Morgan Lake GBR - Heptathlon End of day 1
Bkm5CFcU0FM\t92\tNA\tIAAF World Junior Championships 2014 -  Andrea Purica VEN 100m
BHRNrOgKGUk\t56\tNA\tIAAF World Junior Championships 2014 - Kaylin WHITNEY USA 100m
c3ktx2xc-_0\t47\tNA\tIAAF World Junior Championships 2014 - Dina ASHER-SMITH GBR 100m
JsgGQeXrE28\t70\tNA\tIAAF World Junior Championships 2014 - Desiree HENRY GBR 100m
52RictQXclY\t41\tNA\tIAAF World Junior Championships 2014 - Ewa SWOBODA POL 100m
9HoYlEr_6T8\t56\tNA\tIAAF World Junior Championships 2014 - Ariana WASHIGTON USA 100M
7W1oMgJdEAs\t36\tNA\tIAAF World Junior Championships 2014 - Berend KOEKEMOER RSA 400m
fpwQEnq8haA\t48\tNA\tIAAF World Junior Championships 2014 - Machel CEDENIO TTO 400m
zhSCarlosXE\t83\tNA\tIAAF World Junior Championships 2014 - Tyler BROWN USA 400m
-9sQwlEW8Lw\t24\tNA\tIAAF World Junior Championships 2014 - Abbas Abubakar ABBAS BRN 400m
hoOV8idbtNI\t108\tNA\tIAAF World Junior Championships 2014 - Nobuya KATO JPN 400m
bY8eeVlqjJQ\t70\tNA\tIAAF World Junior Championships 2014 - Kasei Yui JPN 400m
PSNRSM8F-Z0\t53\tNA\tIAAF World Junior Championships 2014 - Alexander Lerionka SAMPAO KEN - 400m
DZ-qn7Jjxh0\t60\tNA\tIAAF World Junior Championships 2014 - Margaret Nyairera WAMBUI KEN - 800m
uROawTkDLhM\t34\tNA\tIAAF World Junior Championships 2014 - Trayvon BROMELL USA - 100m
SljpF3qBrkk\t41\tNA\tIAAF World Junior Championships 2014 - Kendal WILLIAMS USA - 100m
WPDEtqvBR6s\t53\tNA\tIAAF World Junior Championships 2014 - Ojie EDOBURUN GBR - 100m
hO5H6GOFZ0U\t37\tNA\tIAAF World Junior Championships 2014 - Morgan Lake - Heptahlon Day 1 End of the morning session
75JcDi8J6uY\t54\tNA\tIAAF World Junior Championships 2014 - Cejhae GREENE ANT - 100m
tekKjPjGjQU\t30\tNA\tIAAF World Junior Championships 2014 - Maximila IMALI KEN - 800m
l1XoVYMpFWU\t56\tNA\tIAAF World Junior Championships 2014 - Georgia WASSALL AUS - 800m
5ddZ7TaeS6Q\t63\tNA\tIAAF World Junior Championships 2014 - Anita HINRIKSDOTTIR ISL - 800m
82GidRSZS6o\t46\tNA\tIAAF World Junior Championships 2014 - Abdi Waiss MOUHYADIN DJI - 1500m
LeGsXH1PfVE\t54\tNA\tIAAF World Junior Championships 2014 - Thiago ANDRE BRA 1500m
ao_Iz-cSGQI\t37\tNA\tIAAF World Junior Championships 2014 - Jonathan Kiplimo SAWE KEN - 1500m
qGgOGZdbL88\t51\tNA\tIAAF World Junior Championships 2014 - Marvin WILLIAMS JAM 110m hurdles
PvMwXpSKl7Q\t51\tNA\tIAAF World Junior Championships 2014 - Wilhem BELOCIAN FRA 110m Hurdles
fNY-Zvcq-IU\t68\tNA\tIAAF World Junior Championships 2014 - Nick ANDERSON USA - 110m hurdles
zod6PQhSKsY\t150\tNA\tIAAF World Junior Championships 2014 - ITW Mary Cain USA - Press Conference
wEA5pgj1lG8\t274\tNA\tIAAF World Junior Championships 2014 - ITW Matthew Denny AUS - Press Conference
fj3Hp8pec-w\t167\tNA\tIAAF World Junior Championships 2014 - ITW Trayvon Bromell USA - Press Conference
dyywW_g1KyE\t174\tNA\tIAAF World Junior Championships 2014 -  ITW Ana Peleteiro ESP - Press Conference
rpPclsa-mS0\t105\tNA\tIAAF World Junior Championships 2014 - press Conference
ne-C1vKaayk\t22\tNA\tIAAF World Junior Championships 2014 - Animated Opening
0I8qL1zuNo0\t18\tNA\tIAAF World Relays Bahamas 2014 - Mixed Zone 1 Lap Race Jamaica Men Winner
K7jBA_OUXBM\t84\tNA\tIAAF World Relays Bahamas 2014 - Mixed Zone 1 Lap Race Brazil Men
IP-mgRddJzg\t80\tNA\tIAAF World Relays Bahamas 2014 - Mixed Zone 2 Laps Race USA Women Winner
uYONUQYE_LA\t83\tNA\tIAAF World Relays Bahamas 2014 - Mixed Zone 2 Laps Race Bahamas Women
IuM0xtRdXfY\t121\tNA\tIAAF World Relays Bahamas 2014 - Mixed Zone 4 Laps Race USA Men Winner
SAvihe8nZls\t96\tNA\tIAAF World Relays Bahamas 2014 - Mixed Zone 4 Laps Race Cuba men
8LkmmSSk3NA\t144\tNA\tIAAF World Relays Bahamas 2014 - Mixed Zone 4 Laps Race Belgium men final B
zyTdh6sf5J0\t84\tNA\tIAAF World Relays Bahamas 2014 - Mixed Zone 8 Laps Race Kenya Women Final
7CDwXfUT8yU\t96\tNA\tIAAF World Relays Bahamas 2014 - Mixed Zone 8 Laps Race USA Women Winner
lgy__9eQvbc\t101\tNA\tIAAF World Relays Bahamas 2014 - Mixed Zone 8 Laps Race Mexico Women
tOVeO71MYN8\t131\tNA\tIAAF World Relays Bahamas 2014 - Mixed Zone 15 Laps Australia Men Final
ZDiUIn5xc9M\t133\tNA\tIAAF World Relays Bahamas 2014 - Mixed Zone 15 Laps Race Kenya Men Winner
iaMoJjK9SwM\t129\tNA\tIAAF World Relays Bahamas 2014 - Mixed Zone 4 Laps Race USA Women Winner
-DeyY8XvvJI\t38\tNA\tIAAF World Relays Bahamas 2014 - Mixed Zone 4 Laps Race Jamaica Women Final
DgjvFsa0Jro\t85\tNA\tIAAF World Relays Bahamas 2014 - Mixed Zone 4 Laps Race Italia Women Final
6sg4nb5oQ5E\t88\tNA\tIAAF World Relays Bahamas 2014 - Mixed Zone 4 Lap Race Autralia Women Final B
9RbcN7iIIp4\t61\tNA\tIAAF World Relays Bahamas 2014 - Mixed Zone 1 Lap Race Germany men Round
A8-Jlf-BiX4\t45\tNA\tIAAF World Relays Bahamas 2014 - Mixed Zone 1 Lap Race Jamaica men Round
iCrl_pRE-cI\t74\tNA\tIAAF World Relays Bahamas 2014 - Mixed Zone 1 Lap Race Cayman Islands men Round
eAOqmiBDOsY\t32\tNA\tIAAF World Relays Bahamas 2014 - Time Lapse Mixed Zone
v_7hUrLkv3k\t159\tNA\tIAAF World Relays Bahamas 2014 - BIG FINAL - 15 Laps Race Men
w1xbJIOVSgQ\t199\tNA\tIAAF World Relays Bahamas 2014 - BIG FINAL - 2 Laps Race Women & 4 Laps Race Women
n7BbTvlQ3eA\t127\tNA\tIAAF World Relays Bahamas 2014 - BIG FINAL - 8 Laps Race Women
epY856pzbII\t194\tNA\tIAAF World Relays Bahamas 2014 - BIG FINAL - 1 Lap Race Men & 4 Laps Race Men
CRAtJJ7VP_o\t131\tNA\tIAAF World Relays Bahamas 2014 - Mixed Zone 1 Lap Race USA Women Final Winner
XbC8X6QaZOw\t58\tNA\tIAAF World Relays Bahamas 2014 - Mixed Zone 1 Lap Race Bahamas Women Final B
qhGMpAtuSKE\t93\tNA\tIAAF World Relays Bahamas 2014 - Mixed Zone 15 Laps USA Women
pY2oROvEC30\t111\tNA\tIAAF World Relays Bahamas 2014 - Mixed Zone 15 Laps Kenya Women winner
IwEC1jCnrX4\t110\tNA\tIAAF World Relays Bahamas 2014 - Mixed Zone 2 Laps Race Saint Kitts And Nevis 2
tDPApzqQX20\t77\tNA\tIAAF World Relays Bahamas 2014 - Mixed Zone 2 Laps Race Jamaica WR
E-TQSrmW4jY\t61\tNA\tIAAF World Relays Bahamas 2014 - Mixed Zone 1 Lap Race Canada Women Final B
Kdcn-5KmU9M\t143\tNA\tIAAF World Relays Bahamas 2014 - Mixed Zone 1 Lap Race Puerto Rico women
ISnfvUE5bao\t65\tNA\tIAAF World Relays Bahamas 2014 - Mixed Zone 4 Laps Race Bahamas men
Xntf7PI2x04\t104\tNA\tIAAF World Relays Bahamas 2014 - Mixed Zone 8 Laps Race Australia men
koeBcnrlOOI\t112\tNA\tIAAF World Relays Bahamas 2014 - Mixed Zone 8 Laps Race USA men
Fng_Kh95nM4\t88\tNA\tIAAF World Relays Bahamas 2014 - Mixed Zone 1 Lap Race Canada Women
oCj2Yw-jmYo\t87\tNA\tIAAF World Relays Bahamas 2014 - Mixed Zone 4 Laps Race USA Women
jNwZyH8Ldlg\t68\tNA\tIAAF World Relays Bahamas 2014 - Mixed Zone 2 Laps Race Nigeria
Jf5L4AJy0x4\t58\tNA\tIAAF World Relays Bahamas 2014 - Mixed Zone 2 Laps Race Saint Kitts And Nevis
i1jQ_g-I5pQ\t59\tNA\tIAAF World Relays Bahamas 2014 - Mixed Zone 2 Laps Race Papua New Guinea
sh0JHAoBPWk\t37\tNA\tIAAF World Relays Bahamas 2014 - IAAF TV / IAAF RADIO
JpHamRfox1A\t162\tNA\tIAAF World Relays 2014 Bahamas - BIG FINAL - 1 Lap Race Women
ron-oOcQnos\t153\tNA\tIAAF World Relays 2014 Bahamas - BIG FINAL - 15 Laps Race Women
xSe_wrhU7to\t155\tNA\tIAAF World Relays 2014 Bahamas - BIG FINAL - 2 Laps Race Men
exzbsWucu7Q\t148\tNA\tIAAF World Relays 2014 Bahamas - BIG FINAL - 8 Laps Race Men
mKlTXr1DtC8\t64\tNA\tCopenhagen 2014 - Jessica DRASKAU-PETERSSON DEN
ND60aTJvugU\t31\tNA\tCopenhagen 2014 - Mary Wacera NGUGI KEN Silver medal
HPw5LuV1TIk\t24\tNA\tCopenhagen 2014 - Gladys CHERONO - Gold medal
EizQCWo7qHs\t43\tNA\tCopenhagen 2014 - Geoffrey KIpsang KAMWOROR KEN -  Gold medal
8bGjsPok8To\t44\tNA\tCopenhagen 2014 - Samuel TSEGAY ERI -  Silver medal
epnM2k64M9U\t18\tNA\tCopenhagen 2014 - Zersenay TADESE ERI
imPtqBKyCsE\t91\tNA\tIAAF World Relays Nassau, Bahamas 2014 - Lamine Diack
uQljySwl1SQ\t174\tNA\tIAAF World Relays -Nassau, Bahamas 2014 - Shaunae Miller & Chris Brown
dPWGfoAF1n8\t68\tNA\tCopenhagen 2014 - Zersenay Tadesse ERI - ITW
xevqEAPek4w\t124\tNA\tCopenhagen 2014 - Jessica Draskau-Petersson DEN - ITW
Gg6gQW-NiUw\t129\tNA\tCopenhagen 2014 - Wilson Kiprop KEN - ITW
vySrN4iXT58\t126\tNA\tCopenhagen 2014 - Press Conference
g5XNyK7PkpA\t299\tNA\tUncut - 1500m Men Final Stuttgart 1993
IM-lPws6ATs\t498\tNA\tMen's 200m Final | IAAF World Championships Moscow 2013
EWUgHoUxXos\t36\tNA\tSopot 2014 - GOODBYE SOPOT - ZEGNAMY SOPOT
lrmOsvh2ut8\t161\tNA\tSopot 2014 - USA Relay Team - Gold WIR - World Indoor Championships
QAAN7vpK2LA\t214\tNA\tSopot 2014 - GBR Relay Team - Silver - World Indoor Championships
0TZ_svvIbBc\t133\tNA\tSopot 2014 - JAM Relay Team - Bronze - World Indoor Championships
myhpjiHUzes\t111\tNA\tSopot 2014 - Garfield DARIEN - FRA - Bronze - World Indoor Championships
6BqXMSSYdFs\t116\tNA\tSopot 2014 - Pascal MARTINOT-LAGARDE - FRA - Silver - World Indoor Championships
koJ2oPB4e-U\t62\tNA\tSopot 2014 - Omo OSAGHAE - USA - Gold - World Indoor Championships
qTgwx2Ko0sg\t111\tNA\tSopot 2014 - Shelly-Ann FRASER-PRYCE - JAM - World Indoor Championships
HZn6g6VFZMQ\t36\tNA\tSopot 2014 - Tianna BARTOLETTA - USA - World Indoor Championships
27R5EENR5Ew\t120\tNA\tSopot 2014 - USA Team W  Gold - World Indoor Championships
boY8uYyYrmM\t61\tNA\tSopot 2014 - Mutaz Essa BARSHIM - QAT - World Indoor Championships
gyLImiINpXw\t25\tNA\tSopot 2014 - Michelle-Lee AHYE - TTO - World Indoor Championships
ueGibJgh4mI\t38\tNA\tSopot 2014 - Mohammed AMAN - ETH - World Indoor Championships
VX5NwCvwmv4\t204\tNA\tSopot 2014 - Genzebe DIBABA - ETH - World Indoor Championships
Je-zig_MG_Q\t161\tNA\tSopot 2014 - Yarisley SILVA - CUB - World Indoor Championships
FBR7rdMOsfo\t47\tNA\tSopot 2014 - Andrew OSAGIE - GBR - World Indoor Championships
q637y5Xp2wc\t150\tNA\tSopot 2014 - Angelika CICHOCKA - POL - World Indoor Championships
nugLHT2DNbU\t68\tNA\tSopot 2014 - Maryam Yusuf JAMAL - BRN - World Indoor Championships
Acf7i0os_lM\t62\tNA\tSopot 2014 - Chanelle PRICE - USA - World Indoor Championships
O7v_Ze50kqY\t39\tNA\tSopot 2014 - Selina BÜCHEL - SUI - World Indoor Championships
5GPgaYiBz0c\t53\tNA\tSopot 2014 - Marina ARZAMASOVA - BLR - World Indoor Championships
cafzlbf8DTM\t53\tNA\tSopot 2014 - Galen RUPP - USA - World Indoor Championships
wjOVQ-5AvXc\t65\tNA\tSopot 2014 - Dejen GEBREMESKEL - ETH - World Indoor Championships
356PSQ2YJTs\t82\tNA\tSopot 2014 - Caleb Mwangangi NDIKU - KEN - World Indoor Championships
nhHlbrGEQCQ\t79\tNA\tSopot 2014 - Bernard LAGAT - USA - World Indoor Championships
ikkbmzqEy2Y\t89\tNA\tSopot 2014 - Katarina JOHNSON-THOMPSON - GBR - World Indoor Championships
DYVK-u3I7yo\t45\tNA\tSopot 2014 - Éloyse LESUEUR - FRA - World Indoor Championships
2C7eBzZtyvQ\t39\tNA\tSopot 2014 - Ivana ŠPANOVIC - SRB - World Indoor Championships
cddPJLW2syA\t29\tNA\tSopot 2014 - Andrew POZZI - GBR - World Indoor Championships
bTgkhHpVNuo\t43\tNA\tSopot 2014 - Omo OSAGHAE - USA - World Indoor Championships
QTsrnU6xxJM\t37\tNA\tSopot 2014 - Michelle-Lee AHYE - TTO - World Indoor Championships
M0xvZpS7diA\t41\tNA\tSopot 2014 - Verena SAILER - GER - World Indoor Championships
38wRVDKMRSY\t38\tNA\tSopot 2014 - Gloria ASUMNU - NGR - World Indoor Championships
Z9m-3f8go7k\t98\tNA\tSopot 2014 - Malte MOHR - GER - World Indoor Championships
EUfnWLkuXg4\t41\tNA\tSopot 2014 - Femi OGUNODE - QAT - World Indoor Championships
peDvkw2ePMQ\t102\tNA\tSopot 2014 - Richard KILTY - GBR - GOLD - World Indoor Championships
cWUpHKoi1Xw\t83\tNA\tSopot 2014 - Michel TORNÉUS - SWE - World Indoor Championship
5Q-nvA33Y-0\t70\tNA\tSopot 2014 - Mauro Vinicius DA SILVA - BRA - World Indoor Championships
xCo22NaA-WQ\t89\tNA\tSopot 2014 - Sopot 2014 - Nia Ali - USA - World Indoor Championships
wgWDJc6VVJA\t85\tNA\tSopot 2014 - Jan KUDLICKA - CZE - World Indoor Championships
aEUBPpaaMHU\t53\tNA\tSopot 2014 - Gerald PHIRI - ZAM - World Indoor Championships
RvzLPQVkDwA\t118\tNA\tSopot 2014 - Kamila LICWINKO - POL - World Indoor Championships
rNVPz4wjig8\t54\tNA\tSopot 2014 - Tiffany PORTER - GBR - World Indoor Championships
tBqrDBO6fJM\t65\tNA\tSopot 2014 - Ruth BEITIA - ESP - World Indoor Championships
zkLRaYlECtw\t222\tNA\tSopot 2014 - Nicole SIFUENTES - CAN - World Indoor Championships
8f1mVCAGsWs\t92\tNA\tSopot 2014 - Pavel MASLÁK - CZE - World Indoor Championships
CKKKqNUHstQ\t137\tNA\tSopot 2014 - Robert SOBERA - POL - World Indoor Championships
KGMGqlVVxN4\t89\tNA\tSopot 2014 - Chris BROWN - BAH - World Indoor Championships
6_1ly6ajfYg\t30\tNA\tSopot 2014 - Francena MCCORORY - USA - World Indoor Championships
HDvRdwyjQHw\t142\tNA\tSopot 2014 - Christina SCHWANITZ - GER - World Indoor Championships
jjf1sL_MeQI\t229\tNA\tSopot 2014 - Aman WOTE - ETH - World Indoor Championships
P-lxHIr8AE0\t68\tNA\tSopot 2014 - Ayanleh SOULEIMAN - DJI - World Indoor Championships
KYQuMnUl2oM\t113\tNA\tSopot 2014 - Valerie ADAMS - NZL - World Indoor Championships
-cp_6cRpgGA\t116\tNA\tSopot 2014 - Ashton EATON - USA - World Indoor Championships
BIBHL0AOlZ4\t64\tNA\tSopot 2014 - Shaunae MILLER - BAH - World Indoor Championships
Qnt63WW3dPw\t91\tNA\tSopot 2014 - Abeba AREGAWI - SWE - World Indoor Championships
tSc9tmoiwlo\t191\tNA\tSopot 2014 - Pawel WOJCIECHOWSKI - POL - World Indoor Championships
-TFwS-dQfns\t98\tNA\tSopot 2014 - Kimberly WILLIAMS - JAM - World Indoor Championships
0hUGeZLw1Z0\t75\tNA\tSopot 2014 - Axumawit EMBAYE - ETH - World Indoor Championships
PYL9pbKvZmc\t49\tNA\tSopot 2014 - Marvin BRACY - USA - World Indoor Championships
kSkOKWCJFd8\t57\tNA\tSopot 2014 - Gerald PHIRI - ZAM - World Indoor Championships
h83NBvv2XiY\t45\tNA\tSopot 2014 - Richard KILTY - GBR - World Indoor Championships
B-QCBjwHr2k\t29\tNA\tSopot 2014 - Gabriel MVUMVURE - ZIM - World Indoor Championships
VC6uMEiZ_t8\t35\tNA\tSopot 2014 - Femi OGUNODE - QAT - World Indoor Championships
hh6BINqvTto\t56\tNA\tSopot 2014 - Nia ALI - USA - World Indoor Championships
jvL3d_lBOqw\t135\tNA\tSopot 2014 - USA Relay Team Women - World Indoor Championships
0IvzGqGnn8Y\t115\tNA\tSopot 2014 - POL Relay Team Women - World Indoor Championships
bXC1lpY9TaE\t135\tNA\tSopot 2014 - GBR Relay Team Women - World Indoor Championships
KXyowT7leno\t130\tNA\tSopot 2014 - USA Relay Team Men - World Indoor Championships
EYfAZoOxttc\t137\tNA\tSopot 2014 - POL Relay Team Men - World Indoor Championships
BNOR00KGT0M\t172\tNA\tSopot 2014 - GBR Relay Team Men - World Indoor Championships
sePd8Nsl804\t98\tNA\tSopot 2014 - Murielle AHOURÉ - CIV - World Indoor Championships
G8IUPodMU-c\t94\tNA\tSopot 2014 - Sophie PAPPS - GBR - World Indoor Championships
6RIgaCffwH0\t89\tNA\tSopot 2014 - Ruddy ZANG MILAMA - GAB - World Indoor Championships
jCbVHZD_jM0\t60\tNA\tSopot 2014 - LaKeisha LAWSON - USA - World Indoor Championships
KyXtzjQCAAI\t72\tNA\tSopot 2014 - Verena SAILER - GER - World Indoor Championships
UumjY238C3o\t68\tNA\tSopot 2014 - Tianna BARTOLETTA - USA - World Indoor Championships
qM6ewWbfd6U\t47\tNA\tSopot 2014 - Michelle-Lee AHYE - TTO - World Indoor Championships
6NPNjZDddsg\t46\tNA\tSopot 2014 - Ezinne OKPARAEBO - NOR - World Indoor championships
5pgjdQb8LR8\t103\tNA\tSopot 2014 - Karol HOFFMANN - POL - World Indoor Championships
rdjFe2sqcQA\t56\tNA\tSopot 2014 - Dafne SCHIPPERS - NED - World Indoor Championships
b6hV5kOJIJE\t50\tNA\tSopot 2014 - Asha PHILIP - GBR - World Indoor Championships
CV0zzK-NIq8\t104\tNA\tSopot 2014 - Dominik BOCHENEK - POL - World Indoor Championships
BfF5cDwY7xI\t56\tNA\tSopot 2014 - Garfield DARIEN - FRA - World Indoor Championships
y1mE2KshhMg\t56\tNA\tSopot 2014 - Andrew POZZI - GBR - World Indoor Championships
PMUjK_LUtKE\t109\tNA\tSopot 2014 - Pascal MARTINOT-LAGARDE - FRA - World Indoor Championships
YtQOYRBUpL8\t60\tNA\tSopot 2014 - Omo OSAGHAE - USA - World Indoor Championships
CpgwxVs9-oM\t93\tNA\tSopot 2014 - Dominic BERGER - USA - World Indoor Championships
mkRXk2Q57-c\t74\tNA\tSopot 2014 - David STORL - GER - World Indoor Championships
k3x5LyaS7Yc\t105\tNA\tSopot 2014 - Pavel MASLÁK - CZE - World Indoor Championships
4hzOzpy6m2c\t86\tNA\tSopot 2014 - Nery BRENES - CRC - World Indoor Championships
45pjsKdyU0Y\t46\tNA\tSopot 2014 - Francena MCCORORY - USA - World Indoor Championships
St8ODH2Y0Io\t68\tNA\tSopot 2014 - Chris BROWN - BAH - World Indoor Championships
48k644OvFW0\t57\tNA\tSopot 2014 - Edino STEELE - JAM - World Indoor Championships
A3-mBhwkNMg\t94\tNA\tSopot 2014 - Tomas WALSH - NZL - World Indoor Championships
2epLyczCKh0\t83\tNA\tSopot 2014 - Nadine BROERSEN - NED - World Indoor Championships
mcoFkK9EMIE\t65\tNA\tSopot 2014 - Bernard LAGAT - USA - World Indoor Championships
F3D72dVfrCU\t54\tNA\tSopot 2014 - Ashton EATON - USA - World Indoor Championships
q5m32SPaVo0\t38\tNA\tSopot 2014 - Treniere MOSER - USA - World Indoor Championships
B3m9lXDnNE4\t123\tNA\tSopot 2014 - Brianne THEISEN EATON - CAN - World Indoor Championships
feKxxlsvlf8\t35\tNA\tSopot 2014 - Luiza GEGA - ALB - World Indoor Championships
c47lGbFkjYs\t39\tNA\tSopot 2014 - Gavin SMELLIE - CAN - World Indoor Championships
InCLGzlGGkk\t40\tNA\tSopot 2014 - Abeba AREGAWI - SWE - World Indoor Championships
pfcizHVlrG4\t94\tNA\tSopot 2014 - Dariusz KUC - POL - World Indoor Championships
kDLJwfMLxKI\t61\tNA\tSopot 2014 - Lucas JAKUBCZYK - GER - World Indoor Championships
u4_i9hMBMHQ\t32\tNA\tSopot 2014 - Femi OGUNODE - QAT - World Indoor Championships
BQ_0hHtsA6Q\t30\tNA\tSopot 2014 - Adam HARRIS - GUY - World Indoor Championships
6Xlq4eIUioQ\t57\tNA\tSopot 2014 - Warren FRASER - BAH - World Indoor Championships
pUmMO_ypxjE\t113\tNA\tSopot 2014 - Urszula BHEBHE - POL - World Indoor Championships
2akL3dJdrjo\t31\tNA\tSopot 2014 - Trell KIMMONS - USA - World Indoor Championships
mJgQyuOR67k\t52\tNA\tSopot 2014 - Tiffany PORTER - GBR - World Indoor Championships
SohDg7ng8wk\t61\tNA\tSopot 2014 - Richard KILTY - GBR - World Indoor Championships
QTVMcs6rgG4\t79\tNA\tSopot 2014 - Marvin BRACY - USA - World Indoor Championships
ANjfNiC_i70\t28\tNA\tSopot 2014 - Kimmari ROACH - JAM - World Indoor Championships
bQUu23Mgx9c\t55\tNA\tSopot 2014 - Jason ROGERS - SKN - World Indoor Championships
-qYHlgpTU1U\t73\tNA\tSopot 2014 - Reza Ghasemi - IRI - World Indoor Championships
A_BTSPwMAMc\t53\tNA\tSopot 2014 - Gerald PHIRI - ZAM - World Indoor Championships
rHbCJhzNahk\t49\tNA\tSopot 2014 - Nia ALI - USA - World Indoor Championships
dVqUPInyaIo\t37\tNA\tSopot 2014 - Marzia CARAVELLI - ITA - World Indoor Championships
nt-QnXu1bQc\t42\tNA\tSopot 2014 - Yvette LEWIS - PAN - World Indoor Championships
xK7FwexBX8c\t44\tNA\tSopot 2014 - Eline BERINGS - BEL - World Indoor Championships
9sYS3t3E3Q4\t50\tNA\tSopot 2014 - Sally PEARSON - AUS - World Indoor Championships
IkJBP4c5LRk\t131\tNA\tSopot 2014 - Lisanne DE WITTE - NED - World Indoor Championships
eex5q6uLJ6I\t64\tNA\tSopot 2014 - Regina GEORGE - NGR - World Indoor Championships
OSfn8Um45_c\t41\tNA\tSopot 2014 - Kaliese SPENCER - JAM - World Indoor Championships
xj_ryJwTwx4\t68\tNA\tSopot 2014 - Justyna SWIETY - POL - World Indoor Championships
AMZMPW7DfJI\t69\tNA\tSopot 2014 - Andrew OSAGIE - GBR - World Indoor Championships
AlcFJY8C63g\t100\tNA\tSopot 2014 - Nick SYMMONDS - USA - World Indoor Championships
COjgBk0WSlk\t138\tNA\tSopot 2014 - Marcin LEWANDOWSKI - POL - World Indoor Championships
Kbqs3wU79Bs\t49\tNA\tSopot 2014 - André OLIVIER- RSA - World Indoor Championships
Fs8vk5HYhjA\t48\tNA\tSopot 2014 - Selina BÜCHEL - SUI - World Indoor Championships
BiYwcVFQNCY\t59\tNA\tSopot 2014 - Mohammed AMAN - ETH - World Indoor Championships
k9Z3XEkfA6I\t48\tNA\tSopot 2014 - Lenka MASNÁ - CZE - World Indoor Championships
gGa7xFh7NFE\t56\tNA\tSopot 2014 - Chanelle PRICE- USA - World Indoor Championships
WRj3Y64uIsw\t63\tNA\tSopot 2014 - Silas KIPLAGAT - KEN - World Indoor Championships
zWhgSZlBFkk\t77\tNA\tSopot 2014 - Bethwell BIRGEN - KEN - World Indoor Championships
qTG-zHZbDPY\t189\tNA\tSopot 2014 - Angelika CICHOCKA - POL - World Indoor Championships
QiNsuN81ki8\t26\tNA\tSopot 2014 - Nicholas WILLIS- NZL - World Indoor Championships
naewigd-2Jw\t98\tNA\tSopot 2014 - Mekonne GEBREMEDHIN - ETH - World Indoor Championships
E7BCAcKoE8c\t97\tNA\tSopot 2014 - Jakub HOLUŠA - CZE - World Indoor Championships
vSDHtnU6m8w\t83\tNA\tSopot 2014 - Hellen Onsando OBIRI - KEN - World Indoor Championships
nlkfEh9bhyg\t154\tNA\tSopot 2014 - Justyna KASPRZYCKA - POL - World Indoor Championships
V2XmLve8q8Y\t144\tNA\tSopot 2014 - Genzebe DIBABA - ETH - World Indoor Championships
S-ZcOjwOKEc\t63\tNA\tSopot 2014 - Blanka VLAŠIC - CRO - World Indoor Championships
f5mZ66clKbc\t58\tNA\tSopot 2014 - Margherita MAGNANI - ITA - World Indoor Championships
KEnasiK8olA\t78\tNA\tSopot 2014 - Tomasz MAJEWSKI - POL - World Indoor Championships
8vnLmF9k-xE\t97\tNA\tSopot 2014 - Rafal Omelko - POL - World Indoor Championships
EkZ4raTL6oA\t59\tNA\tSopot 2014 - Ryan WHITING - USA - World Indoor Championships
_2nX41-_FdQ\t57\tNA\tSopot 2014 - Chris Brown - BAH - World Indoor Championships
VOVcVwcWOwM\t99\tNA\tSopot 2014 - Malgorzata Holub - POL - World Indoor Championships
N3ohx9UVWPY\t57\tNA\tSopot 2014 - Lalonde Gordon - TTO - World Indoor Championships
VMAA3dVozgU\t80\tNA\tSopot 2014 - Edino Steele - JAM - World Indoor Championships
w5-sAkvl9NQ\t52\tNA\tSopot 2014 - Denisa Rosolva - CZE - World Indoor Championships
pmvDKwdYRTU\t71\tNA\tSopot 2014 - David Verburg - USA - World Indoor Championships
AbAmGFe9lm0\t260\tNA\tSopot 2014 - Genzebe Dibaba ETH - World Indoor Championships
xmzbcAjBidI\t31\tNA\tSopot 2014 - IAAF Radio Schedule
vCKkZVdJSSU\t220\tNA\tSopot 2014 - Sally Pearson - AUS - IAAF World Indoor Championships
POQGZrsG9Jc\t182\tNA\tSopot 2014 - Ashton Eaton - USA - IAAF World Indoor Championships
E10VlS6TzGE\t294\tNA\tSopot 2014 - Allen Johnson - USA - World Indoor Championships
c_wlY7letto\t25\tNA\tWelcome to Ergo Arena at the Sopot 2014 World Indoor Championships
hWOT19evMBE\t397\tNA\tUncut - 800m Men Final - World Indoor Championships Istanbul 2012
uEPQI299tvU\t341\tNA\tUncut - 60m Hurdles Men Final - World Indoor Championships Istanbul 2012
9AAA8DOC5rc\t225\tNA\tWorld Records - 4x100 Men Final Tokyo 1991
Gub8a4OSXdg\t351\tNA\tWorld Records - 4x100m Men Final Helsinki 1983
BH9zsAu6OMQ\t136\tNA\tWorld Records - Triple Jump Women Final Goteborg 1995
n9TuUTNpKwg\t89\tNA\tWorld Record - Triple Jump Women Final Stuttgart 1993
lIe-bvHcBzg\t2914\tNA\tIAF Gala 2013
163cjN-lTEQ\t79\tNA\tIAAF World Relays - Nassau, BAHAMAS 2014 - 24 MAY 2014 - 25 MAY 2014
78867EaVpKk\t548\tNA\tUncut - 1500m Men Final - Daegu 2011
LVYjaYPQdQs\t685\tNA\tUncut - 200m Men Final - Daegu 2011
Yf66w8l0O7Y\t69\tNA\tIAF Gala 2013 LIVE STREAM Teaser
y9KxAne7w58\t69\tNA\tIAF GALA 2013 LIVE STREAM Teaser
9cwaAyfNl0s\t562\tNA\tA look Back - Jenn Suhr
nwPgJBYhRaw\t539\tNA\tA look Back - Dani Samuels
VjloGEfOaL8\t625\tNA\tA look Back - Dawn Harper
yFCaz-nBWWc\t380\tNA\tA look Back - Aries Meritt
gP7uDc9gTZQ\t77\tNA\tMoscow 2013 - Henrik INGEBRIGTSEN NOR - 1500m Men - Heat 1
gaMEzVJBM-Q\t608\tNA\tA look Back - Dwight Philips
uaIu2yDmhNU\t44\tNA\tMoscow 2013 - Triple Jump Men - Final
dY0WMayd2ls\t39\tNA\tMoscow 2013 - 4X100m Men - Final
l2O5m6kNFBY\t25\tNA\tMoscow 2013 - 4X100m Women - Final
ztFxHQV1MXw\t28\tNA\tMoscow 2013 - 800m Women - Final
ooCXsPVu_fs\t24\tNA\tMoscow 2013 - 1500m Men - Final
QMHF20eV9N0\t35\tNA\tMoscow 2013 - Javelin Throw Women - Final
rIDCmOV_Kn8\t50\tNA\tMoscow 2013 - Many Thanks From Moscow 2013
SayDdtu1KBU\t61\tNA\tMoscow 2013 - Team USA - 4x100m Women - Final - Silver
axRd4aIYV3A\t54\tNA\tMoscow 2013 - Will CLAYE USA - Triple Jump Men - Final - Silver
M-_AJQHPxUQ\t72\tNA\tMoscow 2013 - Team USA - 4x100m Men - Final - Silver
J6FnqwJa4iE\t100\tNA\tMoscow 2013 - Team CAN - 4x100m Men - Final - Bronze
jd7w_V5DC7k\t108\tNA\tMoscow 2013 - Mariya SAVINOVA RUS - 800m Women - Final - Silver
dSOFF6LvSow\t65\tNA\tMoscow 2013 - Team GER - 4x100m Men - Final - 4th
zYNVr0roO-w\t56\tNA\tMoscow 2013 - Christina OBERGFOLL GER - Javelin Throw Women - Final - Gold
vZKbQ0j6kP4\t120\tNA\tMoscow 2013 - Team JAM - 4x100m Men - Final - Gold
t3_LrNAyyig\t46\tNA\tMoscow 2013 - Teddy TAMGHO FRA - Triple Jump Men - Final - Gold
v5JVGk_-1eE\t141\tNA\tMoscow 2013 - Maria ABAKUMOVA RUS - Javelin Throw Women - Final - Bronze
Y5ju9IHzuxY\t38\tNA\tMoscow 2013 - Christian TAYLOR USA - Triple Jump Men - Final - 4th
Kmz93AUUP_M\t42\tNA\tMoscow 2013 - Brenda MARTINEZ USA -800m Women - Final - Bronze
LFEIzrhP1FQ\t46\tNA\tMoscow 2013 - Eunice Jepkoech SUM  KEN - 800m Women - Final - Gold
6twVlFWFA3E\t71\tNA\tMoscow 2013 - Ajee WILSON USA - 800m Women - Final - 6th
GTTLCBH_V1I\t101\tNA\tMoscow 2013 - Victoriya SUDARUSHKINA - Javelin Throw Women - Final - 7th
h3IUpeFny8k\t64\tNA\tMoscow 2013 - Matthew CENTROWITZ USA - 1500m Men - Final - Silver
yd6eJFs6li4\t69\tNA\tMoscow 2013 - Linda STAHL GER - Javelin Throw Women - Final - 4th
iD2y3XpZ_Ks\t50\tNA\tMoscow 2013 - Asbel KIPROP KEN - 1500m Men - Final - Gold
nFeV0kje05Q\t109\tNA\tMoscow 2013 - Team UKR - 4x100m Men - Heat 2
2wrWF7QF9rU\t108\tNA\ter
Fi0I66AU95A\t86\tNA\tMoscow 2013 - Kimberley MICKLE AUS - Javelin Throw Women - Final - Silver
W3iMcc5m8iA\t52\tNA\tMoscow 2013 - Team KOR - 4x100m Men - Heat 1
DojqLpHaTgE\t61\tNA\tMoscow 2013 - Team ESP - 4x100m Men - Heat 1
9hGjeBkexNo\t59\tNA\tMoscow 2013 - Team BAR - 4x100m Men - Heat 2
iU8icrwKDc0\t44\tNA\tMoscow 2013 - Shannon ROWBURY USA - 5000m Women - Final - 7th
pYzdonujKIc\t82\tNA\tMoscow 2013 - Team SUI - 4x100m Women - Heat 2
PIwvNoue_1s\t92\tNA\tMoscow 2013 - Team NED - 4x100m Women - Heat 1
knC7Qas51GQ\t61\tNA\tMoscow 2013 - Team CAN - 4x100m Women - Heat 2
vAkTOfUD-ko\t146\tNA\tMoscow 2013 - Team UKR - 4x400m Women - Final - 5th
TBFQsvXB2z8\t194\tNA\tMoscow 2013 - Team FRA - 4x400m Women - Final - 4th
JXiVD-qoZw4\t81\tNA\tMoscow 2013 - Julius YEGO KEN - Javelin Throw Men - Final - 4th
pU-1bdUbRNk\t145\tNA\tMoscow 2013 - Emma GREEN TREGARO SWE - High Jump Women - Final - 5th
EpMQ3flRTa0\t45\tNA\tMoscow 2013 - 200m Men - Final
JUac4CXauNc\t26\tNA\tMoscow 2013 - 4X400m Women - Final
x1OKDwEWW2s\t26\tNA\tMoscow 2013 - Marathon Men
GU_8hjy79VQ\t25\tNA\tMoscow 2013 - Javelin Throw Men - Final
C-VL0wsk95w\t28\tNA\tMoscow 2013 - High Jump Women - Final
8LwSbkpYTB0\t19\tNA\tMoscow 2013 - 5000m Women - Final
wMWLF9OLvt0\t30\tNA\tMoscow 2013 - 100m Hurdles Women - Final
U5FnSqMp7cc\t58\tNA\tMoscow 2013 - Curtis MITCHELL USA - 200m Men - Final Bronze
HhBkOxBzL0o\t116\tNA\tMoscow 2013 - Warren WEIR JAM - 200m Men - Final - Silver
fAAKo4MSTj4\t47\tNA\tMoscow 2013 - Brianna ROLLINS USA - 100m Hurdles Women - Final Gold
Zu49fmym2kc\t72\tNA\tMoscow 2013 - Andreas THORKILDSEN NOR - Javelin Throw - Final
0wT_uwXA4BA\t78\tNA\tMoscow 2013 - Usain BOLT JAM - 200m Men Final
FTa4ezBB2ik\t105\tNA\tMoscow 2013 - Viteslav VESELY CZE - Javelin Throw men - Final - Gold
zlFaX9F6DtE\t182\tNA\tMoscow 2013 - Dmitri TARABIN RUS - Javelin Throw men - Final - Bronze
0Y4e0oSIVac\t81\tNA\tMoscow 2013 - Yuliya KONDAKOVA RUS - 100m Hurdles Women - Final
iiHRGexiLzU\t53\tNA\tMoscow 2013 - Ruth BEITIA ESP - High Jump Women - Final Bronze
qZiV9K1eBTI\t58\tNA\tMoscow 2013 - Sally PEARSON AUS - 100m Hurdles Women - Final Silver
ErynZbeuqVA\t59\tNA\tMoscow 2013 - Queen HARRISON USA - 100m Hurdles Women - Final
uTQdec33Tjg\t112\tNA\tMoscow 2013 - Anna CHICHEROVA RUS - High Jump Women - Final Bronze
SF6JKOXS3bY\t74\tNA\tMoscow 2013 - Tero PITKAMAKI FIN- Javelin Throw men - Final - Silver
ISCpVhMpl-s\t47\tNA\tMoscow 2013 - Tiffany PORTER GBR - 100m Hurdles Women - Final - Bronze
q6YDtc_5jnE\t112\tNA\tMoscow 2013 - Brigetta BARRETT USA - High Jump Women - Final - Silver
etWV_I0Q6Jw\t136\tNA\tMoscow 2013 - SVETLANA SHKOLINA RUS - High Jump Women - Final - Gold
VFb3Yw7qOAU\t104\tNA\tMoscow 2013 - Team GBR - 4x400m Women - Final - Bronze
qQztMNgiPFo\t74\tNA\tMoscow 2013 - Meseret DEFAR ETH - 5000m Women - Final - Gold
YPban0JyEyY\t45\tNA\tMoscow 2013 - Stephen KIPROTICH UGA - Men's Marathon - Gold
gKC2RT00VzY\t67\tNA\tMoscow 2013 - Peter Kimeli SOME KEN - Men's Marathon -11th
aVz7U-FKCFU\t64\tNA\tMoscow 2013 - Mercy CHERONO KEN - 5000m Women - Final - Silver
PPqb6n6vBHY\t180\tNA\tMoscow 2013 - Tsegay KEBEDE & Tadese TOLA ETH - Men's Marathon - 4th & 3rd
Dg7IfOLiwYQ\t52\tNA\tMoscow 2013 - Nooralotta NEZIRI FIN - 100m Hurdles Women - Semi-Final - Heat 1
hN4Z4u4pOjc\t68\tNA\tMoscow 2013 - The Big Final 4x100m Women - Preview
8Hdzq-rzCOw\t129\tNA\tMoscow 2013 - The Big Final 4x100m men - Preview
umlO2pC6jy4\t111\tNA\tMoscow 2013 - The Big Final 800m Women - Preview
VHqgfU6851g\t116\tNA\tMoscow 2013 - The Big Final 1500m Men - Preview
b0-TIZAgWWQ\t116\tNA\tMoscow 2013 - The Big Final Triple Jump Men - Preview
bITclaJIG28\t82\tNA\tMoscow 2013 - Reese HOFFA USA - Shot Put Men - Final - 4th
sijzUQuayW4\t72\tNA\tMoscow 2013 - Luis RIVERA MEX - Long Jump Men - Final - Bronze
uyeJZY6XKQE\t70\tNA\tMoscow 2013 - Ignisious GAISAH NED - Long Jump Men - Final - Silver
Ji-Kl0O1zPE\t179\tNA\tMoscow 2013 - Team RUS - 4x400m Men - Final - Bronze
dPKGdLNNKac\t36\tNA\tMoscow 2013 - David STORL GER - Shot Put Men - Final - Gold
wYDBAq7ADrA\t29\tNA\tMoscow 2013 - 5000m Men - Final
y3LlQBDXAHI\t38\tNA\tMoscow 2013 - Hammer Throw Women - Final
yolcFXDV6To\t42\tNA\tMoscow 2013 - Long Jump Men - Final
MdMFdBbLsWk\t29\tNA\tMoscow 2013 - 200m Women - Final
rOpj0iayXMc\t23\tNA\tMoscow 2013 - Shot Put Men - Final
m041NdMi9tI\t31\tNA\tMoscow 2013 - 200m Men - Semi-Final - Heat 2
9hzHlz87GSM\t133\tNA\tMoscow 2013 - The Big Final 200m Men - Preview
0ARAsFegDJg\t105\tNA\tMoscow 2013 - The Big Final Javelin Throw Women - Preview
DqS92OOwXc4\t114\tNA\tMoscow 2013 - The Big Final 100m Hurdles Women - Preview
s61zK9eZeEs\t160\tNA\tMoscow 2013 - Team JAM - 4x400m Men - Final - Silver
5UA1SNC18xI\t172\tNA\tMoscow 2013 - Shelly-Ann FRASER-PRYCE JAM - 200m Women - Final - Gold
vAHlJnSBbKI\t154\tNA\tMoscow 2013 - United States USA - 4x400m Men - Final Gold
yqq6X7PEivo\t72\tNA\tMoscow 2013 - Murielle AHOURE CIV - 200m Women - Final Silver
Oe9SFVQ-gms\t42\tNA\tMoscow 2013 - Ryan WHITING USA - Shot Put Men - Final - Silver
dJQ_mb-zWGs\t75\tNA\tMoscow 2013 - Dylan ARMSTRONG CAN - Shot Put Men - Final - Bronze
JJgP6pCtIFo\t61\tNA\tMoscow 2013 - Blessing OKAGBARE NGR - 200m Women - Final - Bronze
gNFSPLFjLzA\t55\tNA\tMoscow 2013 - Brenda MARTINEZ USA - 800m Women - Semi-Final Heat 1
dG2fvSRzkxc\t54\tNA\tMoscow 2013 - Hagos GEBRHIWET ETH - 5,000M Men - Final Silver
JOuWm42l87c\t30\tNA\tMoscow 2013 - Mohamed FARAH GBR - 5,000m Men - Final Gold
vIVGnRAMD-s\t89\tNA\tMoscow 2013 - Aleksandr MENKOV RUS - Long Jump - Final - Gold
ofq2aRQWBdQ\t57\tNA\tMoscow 2013 - Tatyana LYSENKO RUS - Hammer Throw - Final - Gold
XK-JBn9kXb8\t137\tNA\tMoscow 2013 - Nataliia LUPU UKR - 800m Women - Heat 1
qJmcJExpYsw\t48\tNA\tMoscow 2013 - Dwight  PHILLIPS USA - Long Jump - Final - 11th
WhTKJxiHOqg\t48\tNA\tMoscow 2013 - Ajee WILSON USA - 800m Women - Heat 2
crRb5vq9Fq0\t65\tNA\tMoscow 2013 - Churandy MARTINA NED - 200m Men - Semi-Final - Heat 3
ISc4rxuv4f8\t30\tNA\tMoscow 2013 - Usain BOLT JAM - 200m Men - Semi-Final - Heat 2
rmZdhhQvmoA\t61\tNA\tMoscow 2013 - Nixon Kiplimo CHEPSEBA KEN - 1500m Men - Semi-Final - Heat 2
kMlKbahg6FY\t63\tNA\tMoscow 2013 - Jaysuma SAIDY NDURE NOR - 200m Men - Semi-Final - Heat 1
aOhelMjWx-E\t57\tNA\tMoscow 2013 - Anaso JOBODWANA RSA - 200m Men - Semi-Final - Heat 1
V6Kvj2tHkt8\t67\tNA\tMoscow 2013 - Silas KIPLAGAT KEN - 1500m Men Semi-Final - Heat 1
Vd2cO-FkjIk\t36\tNA\tMoscow 2013 - Lopez LOMONG USA - 1500m Men Semi-Final - Heat 1
BABz-q_ByDo\t77\tNA\tMoscow 2013 - Henrik INGEBRIGTSEN NOR - 1500m Men Semi-Final - Heat 2
CMYRCLr_XRs\t61\tNA\tMoscow 2013 - Chris O'HARE GBR - 1500m Men Semi-Final - Heat 1
Z6hKiwXFCpk\t60\tNA\tMoscow 2013 - Asbel KIPROP KEN - 1500m Men Semi-Final - Heat 1
cEa2Ks5LQ2M\t307\tNA\tMoscow 2013 - Steve CRAM - ITW
0KjZzVkS-mY\t90\tNA\tMoscow 2013 - The Big Final 200m Women - Preview
EH6CiE1cspA\t97\tNA\tMoscow 2013 - The Big Final Shot Put Men - Preview
QSWOoF6xgV8\t138\tNA\tMoscow 2013 - The Big Final Long Jump Men - Preview
DJPTr1-q_jw\t112\tNA\tMoscow 2013 - The Big Final Hammer Throw Women - Preview
QlMCanirMTA\t43\tNA\tMoscow 2013 - Wallace SPEARMON USA - 200m Hurdles Men - Heat 5
822gkai3vZ8\t96\tNA\tMoscow 2013 - Viktoriya SUDARUŠHKINA RUS - Javelin Throw Women - Qual B
a-AW32Tlxro\t56\tNA\tMoscow 2013 - Winston GEORGE GUY - 200m Hurdles Men - Heat 6
fHnNddJQ1KE\t25\tNA\tMoscow 2013 - Tatjana JELACA SRB - Javelin Throw Women - Qual B
W_mNh56n-hs\t161\tNA\tMoscow 2013 - RUS Team - 4X400m Women - Heat 4
vAiYUlHQGbc\t54\tNA\tMoscow 2013 - USA Team - 4X400m Women - Heat 1
JoqnpCWPqlQ\t42\tNA\tMoscow 2013 - Shota IIZUKA JPN - 200m Men - Heat 6
eURI2LqPDM4\t49\tNA\tMoscow 2013 - Kimberley MICKLE AUS - Javelin Throw Women - Qual B
rPnh1JQb2nU\t42\tNA\tMoscow 2013 - ITA Team - 4X400m Women - Heat 1
m_AnWZ8ZXhY\t20\tNA\tMoscow 2013 - ROU Team - 4X400m Women - Heat 3
-6JBpBwym5I\t66\tNA\tMoscow 2013 - Regina GEORGE NGR - 4x400m Relay Women - Heat 2
VFXKKHHVpoQ\t49\tNA\tMoscow 2013 - Jason LIVERMORE JAM - 200m Men - Heat 5
t1CYAnoQLro\t49\tNA\tMoscow 2013 - Isiah YOUNG USA - 200m Men - Heat 6
UT3ZR-5ziPw\t90\tNA\tMoscow 2013 - Delanno WILLIAMS GBR - 200m Men Semi-Final - Heat 7
fCcIgJjDL4I\t63\tNA\tMoscow 2013 - GBR Team - 4X400m Women - Heat 2
u8B44BJ1D_g\t77\tNA\tMoscow 2013 - Christina OBERGFÖLL GER - Javelin Throw Women - Qual B
6-Xr_54Cv38\t57\tNA\tMoscow 2013 - Bruno HORTELANO ESP - 200m Hurdles Men - Heat 3
6GZR5Kc0pj4\t75\tNA\tMoscow 2013 - Antoine ADAMS SKN - 200m Hurdles Men - Heat 4
py_Zd-cfeY8\t93\tNA\tMoscow 2013 - Adam GEMILI GBR - 200m Men - Heat 6
UFWJttHxgRA\t45\tNA\tMoscow 2013 - 200m Men - Semi - Final - Heat 2
xIQFm63Y-P8\t35\tNA\tMoscow 2013 - 200m Men - Semi - Final - Heat 1
hYVPaSjogxE\t49\tNA\tMoscow 2013 - Javelin Throw Women - Qual A
iVkCl6xLXUk\t28\tNA\tMoscow 2013 - Triple Jump Men - Qual A
LQHse0B_9o8\t34\tNA\tMoscow 2013 - 100m Hurdles Women - Heat 2
rlWl9QzoWA8\t107\tNA\tMoscow 2013 - Yuliya KONDAKOVA RUS - 100m Hurdles Women - Heat 4
MKavX0C9LbY\t84\tNA\tMoscow 2013 - Yoann RAPINIER FRA - Triple Jump Men - Qual B
HIDvLXvLIyg\t84\tNA\tMoscow 2013 - Marian OPREA ROU - Triple Jump Men - Qual A
Vc4lcXSEOH0\t76\tNA\tMoscow 2013 - Christian TAYLOR USA - Triple Jump Men - Qual B
x5M-NSUK7I4\t69\tNA\tMoscow 2013 - Anaso JOBODWANA RSA - 100m Men - Heat 7
GaioI7mPr8E\t35\tNA\tMoscow 2013 - Brianna ROLLINS USA - 100m Hurdles Women - Heat 5
vk6RgDy4D-k\t57\tNA\tMoscow 2013 - Will CLAYE USA - Triple Jump Men - Qual A
TMqpVh5DAW8\t136\tNA\tMoscow 2013 - Teddy TAMGHO FRA - Triple Jump Men - Qual A
1-tKWJ2jXJQ\t58\tNA\tMoscow 2013 - Mosito LEHATA LES - 200m Men - Heat 2
ErYW1ipVzhE\t36\tNA\tMoscow 2013 - Jaysuma SAIDY NDURE NOR - 200m Men - Heat 1
Sh_uJRbvw_o\t27\tNA\tMoscow 2013 - Fabrizio SCHEMBRI ITA  - Triple Jump Men - Qual A
37OsXfQTF58\t40\tNA\tMoscow 2013 - Curtis MITCHELL USA - 200m Men - Heat 1
0xCRnZjy2Yw\t37\tNA\tMoscow 2013 - Shermaine WILLIAMS JAM - 100m Hurdles Women - Heat 5
b22G8zRaDVQ\t33\tNA\tMoscow 2013 - Reïna-Flor OKORI FRA - 100m Hurdles Women - Heat 4
MNzcpFvLKyU\t59\tNA\tMoscow 2013 - Aleesha BARBER TRI - 100m Hurdles Women - Heat 5
IV5KHO6cNhU\t84\tNA\tMoscow 2013 - Tatyana DEKTYAREVA RUS - 100m Hurdles Women - Heat 2
W1vkwIN95Yo\t53\tNA\tMoscow 2013 - Sally PEARSON AUS - 100m Hurdles Women - Heat 2
URweBU7aiCE\t101\tNA\tMoscow 2013 - Maria ABAKUMOVA RUS - Javelin Throw Women - Qual A
z-85tLLJw2M\t39\tNA\tMoscow 2013 - Nadine HILDEBRAND GER - 100m Hurdles Women - Heat 1
1SP82RVCwFg\t54\tNA\tMoscow 2013 - Linda STAHL GER - Javelin Throw Women - Qual A
fzaA8jWRk8c\t50\tNA\tMoscow 2013 - Kathryn MITCHELL AUS - Javelin Throw Women - Qual A
6azEEhivLh4\t59\tNA\tMoscow 2013 - Angela WHYTE CAN - 100m Hurdles Women - Heat 1
gEybmbn2kfY\t61\tNA\tMoscow 2013 - Sofi FLINCK SWE - Javelin Throw Women - Qual A
KXeC19OwPwE\t58\tNA\tMoscow 2013 - Nia ALI USA - 100m Hurdles Women - Heat 1
UEciIvXaKVQ\t34\tNA\tMoscow 2013 - Marzia CARAVELLI ITA - 100m Hurdles Women - Heat 1
3fC0Is3lIgQ\t46\tNA\tMoscow 2013 - Anne ZAGRE BEL - 100m Hurdles Women - Heat 2
qBYgSY0WMEA\t49\tNA\tMoscow 2013 - Cindy BILLAUD FRA - 100m Hurdles Women - Heat 2
gqdGSBNE2PM\t88\tNA\tMoscow 2013 - Alina TALAY BLR - 100m Hurdles Women - Heat 3
85DumZo8-ik\t19\tNA\tMoscow 2013 - Triple Jump Women - Final
qFktFVHNsdU\t41\tNA\tMoscow 2013 - High Jump Men - Final
1zv1uY0S0YA\t32\tNA\tMoscow 2013 - 3000m SteepleChase Men - Final
rWZsKIZoGs0\t28\tNA\tMoscow 2013 - 1500m Women - Final
i8GlvvMzcmg\t30\tNA\tMoscow 2013 - 400m Women Hurdles - Final
MC_9e-Fh9f8\t30\tNA\tMoscow 2013 - 400m Men Hurdles - Final
1VObhiMD9hQ\t71\tNA\tMoscow 2013 - Jehue GORDON TRI - 400m Hurdles Men - Final - Gold
fMB-1lhF-eA\t103\tNA\tMoscow 2013 - Emir BEKRIC SRB - 400m Hurdles Men - Final - Bronze
cRbVcAS6i6Q\t23\tNA\tMoscow 2013 - Bohdan BONDARENKO UKR - High Jump - Final - Gold
TqZulGcbOJU\t50\tNA\tMoscow 2013 - Mutaz ESSA BARSHIM QAT - High Jump - Final - Silver
dwVa0aYSEEA\t39\tNA\tMoscow 2013 - OLHA SALADUHA UKR - Triple Jump Women - Final - Bronze
ablBlsVRoPQ\t34\tNA\tMoscow 2013 - Kimberly WILLIAMS - Triple Jump Women - Final
kOfmWaGBnK8\t55\tNA\tMoscow 2013 - Hannah ENGLAND GBR - 1500m Women - Final - 4th
jAuplCfWg9s\t75\tNA\tMoscow 2013 - Abeba AREGAWI SWE - 1500m Women - Final - Gold
M8XmLU8D7QI\t85\tNA\tMoscow 2013 - Jennifer SIMPSON USA - 1,500m Women - Final Silver
h4ynH8OTQko\t83\tNA\tMoscow 2013 - Derek DROUIN CAN - High Jump Men - Final Bronze
7COflV5glMo\t56\tNA\tMoscow 2013 - Hellen Onsando OBIRI KEN - 1,500m Women - Final Bronze
aiyqyKpbfR8\t31\tNA\tMoscow 2013 - Caterine IBARGÜEN COL - Triple Jump Women - Final Gold
0Ua3b0FxB48\t58\tNA\tMoscow 2013 -Zuzana HEJNOVÁ CZE - 400m Hurdles Women - Final - Gold
AEGexdy8X40\t32\tNA\tMoscow 2013 - Lashinda DEMUS USA - 400m Hurdles Women - Final - Bronze
y0LShJqn80g\t42\tNA\tMoscow 2013 - Ezekiel KEMBOI KEN - 3000m Steeplechase - Final - Gold
zLeYSX-g7Ns\t37\tNA\tMoscow 2013 - Kerron CLEMENT USA - 400m Hurdles Men - Final
Y99RQ4V7J0w\t39\tNA\tMoscow 2013 - Dalilah MUHAMMAD USA - 400m Hurdles Women - Final - Silver
lPxQzlEAhd0\t53\tNA\tMoscow 2013 - Matthew HUGHES CAN - 30000m Steeplechase - Final
MTzCCjtOCis\t61\tNA\tMoscow 2013 - Ion LUCHIANOV MDA - 30000m SteepleChase - Final
meBziAxxykY\t67\tNA\tMoscow 2013 - United States USA - 4x400m Relay Men - Heat 2
ZuTAYTJ16Hw\t50\tNA\tMoscow 2013 - Shaunae MILLER BAH - 200m Women - Heat 1
XeN8eTqN0nU\t25\tNA\tMoscow 2013 - Allyson FELIX USA - 200m Women - Semi-Final 2
QlUH5WZ6vjQ\t63\tNA\tMoscow 2013 - Blessing OKAGBARE NGR - 200m Women - Semi-Final 2
UJzOlkTV1qc\t84\tNA\tMoscow 2013 - Mariya RYEMYEN UKR - 200m Women - Semi Final 3
JITHe7DSTwM\t37\tNA\tMoscow 2013 - Murielle AHOURE CIV - 200m Women - Semi-Final 1
iV3T0HTGkCU\t85\tNA\tMoscow 2013 - Relay Time RUS - 4X400m - Heat 3
tuIdABekgDE\t81\tNA\tMoscow 2013 - Relay Time TRI - 4X400m - Heat 2
DffpC1xGyyA\t68\tNA\tMoscow 2013 - Relay Time BEL - 4X400m - Heat 2
H0-Vja5ioLs\t47\tNA\tMoscow 2013 - Relay Time AUS - 4X400m - Heat 3
SzWIb6bgB2I\t75\tNA\tMoscow 2013 - Relay Team JAM - 4X400m - Heat 1
jV3NAZTRT_c\t55\tNA\tMoscow 2013 - Relay Time GBR - 4X400m - Heat 1
oQ6mP0Q4h5A\t94\tNA\tMoscow 2013 - The Big Final High Jump Men - Preview
zS0o9HldHcc\t103\tNA\tMoscow 2013 - The Big Final 400m Hurdles Women - Preview
TtBN9ni9nVI\t99\tNA\tMoscow 2013 - The Big Final 400m Hurdles Men - Preview
VGL0gT0ncsE\t35\tNA\tMoscow 2013 - High Jump Women - Qual A
vlZWm1Qz0U4\t41\tNA\tMoscow 2013 - Shot Put Men - Qual A
QPudf1zvfL0\t25\tNA\tMoscow 2013 - Javelin throw Men - Qual A
h0WXKckFI7c\t35\tNA\tMoscow 2013 - 800m Women - Heat 1
S2STmCSwYic\t29\tNA\tMoscow 2013 - 200m Women - Heat 6
U54VhhOt9Cg\t20\tNA\tMoscow 2013 - Myriam SOUMARÉ FRA - 200m Women - Heat 6
cUhwaR_43_8\t60\tNA\tMoscow 2013 - Leslie COPELAND FIJ - Javelin Throw Men - Qual B
m4rjmy72D5s\t53\tNA\tMoscow 2013 - Lenora GUION-FIRMIN FRA - 200m Women - Heat 5
mJlBj_6sK78\t74\tNA\tMoscow 2013 - Khrystyna STUY UKR - 200m Women - Heat 7
n-6LNq02g10\t116\tNA\tMoscow 2013 - Dmitri TARABIN - Javelin Throw Men - Qual B
EhUq5DYUuP4\t45\tNA\tMoscow 2013 - Anthonique STRACHAN BAH - 200m Women - Heat 5
QHNzcQJAbXE\t47\tNA\tMoscow 2013 - Shaunae MILLER BAH - 200m Women - Heat 3
BolOl0puZGw\t73\tNA\tMoscow 2013 - Risto MATAS EST - Javelin Throw Men - Qual B
DyPvgAcDYjk\t42\tNA\tMoscow 2013 - Ryan WHITING USA - Shot Put Men - Qual B
RPVw60jd_jA\t58\tNA\tMoscow 2013 - Mariya RYEMYEN UKR - 200m Women - Heat 5
pHuUJ0cB15Q\t39\tNA\tMoscow 2013 - Ladislav PRASIL CZE - Shot Put Men - Qual A
dOgrEICPeZ0\t49\tNA\tMoscow 2013 - Kimberlyn DUNCAN USA - 200m Women - Heat 1
rHFS0fyYses\t47\tNA\tMoscow 2013 - Jeneba TARMOH USA - 200m Women - Heat 7
UGKe3J6zyAk\t34\tNA\tMoscow 2013 - Johanna DANOIS FRA - 200m Women - Heat 1
JY7SwghiHWs\t101\tNA\tMoscow 2013 - Elyzaveta BRYZGINA UKR - 200m Women - Heat 4
-zfO_w7oTTs\t80\tNA\tMoscow 2013 - Antti RUUSKANEN FIN - Javelin Throw Men - Qual B
JkxPq5q5S1I\t42\tNA\tMoscow 2013 - Anneisha MCLAUGHLIN JAM - 200m Women - Heat 6
_3HnzLaPNAM\t79\tNA\tMoscow 2013 - Andreas THORKILDSEN NOR - Javelin Throw Men - Qual A
FZEk7ciBNys\t20\tNA\tMoscow 2013 - Allyson FELIX USA - 200m Women - Heat 6
VXoYtMMnxps\t70\tNA\tMoscow 2013 - Reese HOFFA USA - Shot Put Men - Qual A
c-Nvs3p4yEc\t43\tNA\tMoscow 2013 - Kai SELVON - 200m Women - Heat 4
u3PEYCtPoz4\t81\tNA\tMoscow 2013 - Hanna-Maari LATVALA FIN - 200m Women - Heat 1
4m3-Rf-tvOQ\t64\tNA\tMoscow 2013 - David STORL GER - Shot Put Men - Group B
E9-HpJ2CsH8\t112\tNA\tMoscow 2013 - Brigetta BARRETT USA - High Jump Women - Group B
XV_2bHfo6dg\t60\tNA\tMoscow 2013 - Marilyn OKORO GBR - 800m Women - Heat 1
VeRbIqazmj0\t72\tNA\tMoscow 2013 - Laura MUIR GBR - 800m Women - Heat 4
mpu1ciu0Hd4\t57\tNA\tMoscow 2013 - Julius YEGO KEN - Javelin Throw - Qual A
tig_zd6S6-c\t45\tNA\tMoscow 2013 - Ajee WILSON USA - 800m Women - Heat 2
4blslwf80FI\t93\tNA\tMoscow 2013 - Tero PITKAMAKI FIN - Javelin Throw Men - Qual A
4EyVf1SF-mU\t119\tNA\tMoscow 2013 - Nataliia LUPU UKR - 800m Women - Heat 2
yAz-Phxjom0\t38\tNA\tMoscow 2013 - Eunice Jepkoech SUM KEN - 800m Women - Heat 4
YQ15ATMnzZI\t104\tNA\tMoscow 2013 - Ekaterina POISTOGOVA RUS - 800m Women - Heat 3
YcYNsMmUQgA\t40\tNA\tMoscow 2013 - Alysia JOHNSON MONTANO USA  - 800m Women - Heat 2
LmOjP49hujQ\t36\tNA\tMoscow 2013 - Beauty Shots Slow Motion 01
33LOO6KqEqs\t81\tNA\tMoscow 2013 - Sebastian BAYER GER - Long Jump Men - Qual A
4LsKiu5mTuk\t151\tNA\tMoscow 2013 - Mohamed MOUSTAOUI MAR - 1,500m Men - Heat 3
g9jSqKk-Gdo\t93\tNA\tMoscow 2013 - Greg Rutherford GBR - Long Jump Men - Qual A
ph88WhRmYAE\t77\tNA\tMoscow 2013 - Oksana KONDRATEVA RUS - Hammer Throw Women - Qual B
8jpsULU7gxk\t90\tNA\tMoscow 2013 - Damar FORBES JAM - Long Jump Men - Qual A
tcPgpuMpNdc\t99\tNA\tMoscow 2013 - Amanda BINGSON USA - Hammer Throw Women - Qual B
fx4aGlM6P2c\t78\tNA\tMoscow 2013 - Aleksandr MENKOV RUS - Long Jump Men - Qual B
JAiFhDjpGug\t66\tNA\tMoscow 2013 - Dwight PHILLIPS USA - Long Jump Men - Qual A
5LCHCH8QZno\t54\tNA\tMoscow 2013 - Fabrice LAPIERRE AUS - Long Jump Men - Group B
ygpFYd9tDzk\t56\tNA\tMoscow 2013 - Nixon Kiplimo CHEPSEBA KEN - 5,000m Men - Heat 1
waIpWQlSfH4\t62\tNA\tMoscow 2013 - Johan CRONJE RSA - 1,500m Men - Heat 2
Hz0NeU5q-pA\t74\tNA\tMoscow 2013 - Omar Mohamed ABDI SOM - 1500m Men - Heat 2
mj4-TeragCg\t52\tNA\tMoscow 2013 - 50k Walk Men - Final
HaZJaOTIcLY\t36\tNA\tMoscow 2013 - 1500m Men - Heat 1
o3Jge4PRwsQ\t27\tNA\tMoscow 2013 - 5000m Women - Heat 2
xtAMq9qWdX8\t24\tNA\tMoscow 2013 - Hammer Throw Women - Qual B
tvosFpWgdjY\t31\tNA\tMoscow 2013 - Long Jump Men - Qual B
QH1UuXRuWIY\t144\tNA\tMoscow 2013 - Robert HEFFERNAN IRL - 50K Race Walk - Final - Gold
lDXf57Xdp70\t146\tNA\tMoscow 2013 - Jared Tallent AUS - 50K Race Walk - Final - Bronze
OdQgpghGswI\t56\tNA\tMoscow 2013 - Grzegorz SUDOL POL - 50K RaceWalk - Final - 6th
PM9kSYbGYRk\t74\tNA\tMoscow 2013 - Mauro VINICIUS DA SILVA BRA - LongJump Men - Qual A
7Xmt-ZbuGhw\t111\tNA\tMoscow 2013 - Meseret Defar ETH - 5000m Women - Heat 2
HzBhtkwAazM\t70\tNA\tMoscow 2013 - Viola Jelagat KIBIWOT KEN - 5,000m Women - Heat 2
a7FTKdUwCWM\t57\tNA\tMoscow 2013 - Mercy Cherono KEN - 5000m Women - Heat 1
k39c4LS1Kak\t62\tNA\tMoscow 2013 - Asbel Kiprop KEN - 1500m Men - Heat1
05BmOeIcraw\t26\tNA\tMoscow 2013 - Florian CARVALHO FRA - 1,500m Men - Heat 1
b004Raa-2DI\t92\tNA\tMoscow 2013 - Luis RIVERA MEX - LongJump Men - Qual A
2mLXEzJdz5E\t55\tNA\tMoscow 2013 - Matthew CENTROWITZ USA - 1500m Men - Semi Final - Heat 3
s63ywOAIENU\t113\tNA\tMoscow 2013 - Carsten SCHLANGEN GER - 1500m Men - Semi Final - Heat 2
Yc5JYzj6amE\t84\tNA\tMoscow 2013 - Natalya GORCHAKOVA RUS - 3,000m SteepleChase Women - Final
ThNPmEUqDFo\t53\tNA\tMoscow 2013 - Silas KIPLAGAT KEN - 1500m Men - Semi Final - Heat 2
OiDo7vXcvVw\t78\tNA\tMoscow 2013 - Lisa RYZIH GER - Pole Vault Women - Final
XSWwyztn0bE\t115\tNA\tMoscow 2013 - Brianne THEISEN EATON CAN - Hetpathlon Women - Final
nsvFq5ys98g\t50\tNA\tMoscow 2013 - Andrew OSAGIE GBR - 800m Men - Final
aAO3joELau0\t52\tNA\tMoscow 2013 - Ancuta BOBOCEL ROU - 3,000m Steeplechase Women - Final
4n-K5ll8p5U\t25\tNA\tMoscow 2013 - Abdulaziz Ladan MOHAMMED KSA - 800m Men - Final
oeRd5vYRJNs\t57\tNA\tMoscow 2013 - Mamadou BARRY GUY - 1500m Men - Semi Final - Heat 1
Uxy9YfUyy90\t69\tNA\tMoscow 2013 - Lopez LOMONG USA - 1500m Men - Semi Final - Heat 1
VghVEeZhT5M\t69\tNA\tMoscow 2013 - Ayanleh SOULEIMAN DJI - 1500m Men - Semi Final - Heat 1
GMxQhL1mHBA\t35\tNA\tMoscow 2013 - Victor HOGAN RSA - DiscusThrow Men - Final
uHeFXWVz0YQ\t26\tNA\tMoscow 2013 - Éva ORBAN HUN - Hammer Throw Women - Qual A
xAOar61TrPA\t32\tNA\tMoscow 2013 - Eliska KLUCINOVA  CZE - Heptathlon - Day 2 - 9th
ruLoypCUZ0E\t91\tNA\tMoscow 2013 - Elena NAGOVITSYNA RUS - 5000m Women - Heat 2
kWoT2bw3y9M\t67\tNA\tMoscow 2013 - Betty HEIDLER GER - Hammer Throw Women - Qual A
0MIalxPxy5s\t24\tNA\tMoscow 2013 - Zoe BUCKMAN AUS - 1,500m Women - Semi-Final
EZjLnsHyw-g\t72\tNA\tMoscow 2013 - Vikas GOWDA IND - Discus Throw Men - Final
YjKkGPoAs5E\t23\tNA\tMoscow 2013 - Yarisley SILVA CUB - Pole Vault Women - Final Bronze
Nkfe_egKS6c\t145\tNA\tMoscow 2013 - Timofey CHALYY RUS - 400m Hurdles Men - Semi-Final Heat 2
oiMfM0pIKHo\t112\tNA\tMoscow 2013 - Katarina JOHNSON-THOMPSON GBR - Hetpathlon Women - Final
KbNt-Ivagkg\t41\tNA\tMoscow 2013 - Javier CULSON PUR - 400m Hurdles Men - Semi-Final Heat 1
UDkEdPa3P3U\t55\tNA\tMoscow 2013 - David GREENE GBR - 400m Hurdles Men - Semi-Final Heat 3
BEyMMQL39Bs\t84\tNA\tMoscow 2013 - Anna TITIMETS UKR - 400m Hurdles Women - Semi-Final Heat 2
4Z33p53emQ0\t98\tNA\tMoscow 2013 - Tony MCQUAY USA - 400m Men - Final - Silver
3Rgtrurdk8s\t67\tNA\tMoscow 2013 - Milcah Chemos CHEYWA KEN - 3000m - SteepleChase Women - Final - Gold
MIpaqyL8FDY\t76\tNA\tMoscow 2013 - LaShawn MERRITT USA - 400m Men - Final - Gold
HzCKKaRLZ_o\t75\tNA\tMoscow 2013 - JENNIFER SUHR USA - Pole Vault Women - Final -Silver
IoML6ybK6W0\t61\tNA\tMoscow 2013 - Hyvin Kiyeng JEPKEMOI & Lidya CHEPKURUI KEN - 3000m SteepleChase Women - Final
Vxmfoe8H4ds\t47\tNA\tMoscow 2013 - Ayanleh SOULEIMAN DJI - 800m Men - Final - Bronze
_8xYo0w7YK8\t333\tNA\tWomen's Pole Vault Gold | World Athletics Championships Moscow 2013
UO_wFgR7ZMk\t36\tNA\tMoscow 2013 - Discus Throw Men - Final
jjdqj5ZpuQk\t18\tNA\tMoscow 2013 - Heptathlon - Afternoon Session Day 2
0YQHjVpqWD4\t30\tNA\tMoscow 2013 - 800m Men - Final
rCqaasxuzGc\t20\tNA\tMoscow 2013 - 3000m Steeplechase Women - Final
tQm22Sy42Es\t26\tNA\tMoscow 2013 - 400m Men - Final
5pXEmUhAAK4\t269\tNA\tMoscow 2013 - Elena ISINBAYEVA RUS - Pole Vault Women - Final Gold
bu5wQj2yKmw\t101\tNA\tMoscow 2013 - Nick SYMMONDS USA - 800m Men - Final - Silver
D2k9Xq5O_nQ\t58\tNA\tMoscow 2013 - Mohammed AMAN ETH - 800m Men - Final - Gold
z96xVtThn74\t29\tNA\tMoscow 2013 - Takayuki KISHIMOTO JAP - 400m Hurdles Men - Semi-Final - Heat 2
oPvMGW5Uc3Y\t48\tNA\tMoscow 2013 - Kerron CLEMENT USA - 400m Hurdles Men - Semi-Final - Heat 3
ZhWue87Vhts\t76\tNA\tMoscow 2013 - Robert HARTING GER - Discus Throw Men - Final - Gold
6Pb80b6mV28\t79\tNA\tMoscow 2013 - Gerd KANTER EST - Discus Throw Men - Final - Bronze
85tSnzMpLQM\t91\tNA\tMoscow 2013 - Ganna MELNICHENKO UKR - Heptathlon - Day 2 - Gold
itThSFBgbnA\t86\tNA\tMoscow 2013 - Elena KOROBKINA RUS - 1500m Women - Final
yM-F8REX9AE\t43\tNA\tMoscow 2013 - Dafne SCHIPPERS NED - Heptathlon - Day 2 - Bronze
rFLi3YHct84\t37\tNA\tMoscow 2013 - Michael TINSLEY USA - 400m Hurdles Men - Semi-Final - Heat 2
rStrtNE2ou4\t64\tNA\tMoscow 2013 - Emir BEKRIC SRB - 400m Hurdles Men - Semi-Final - Heat 2
inu7Db6Zzmw\t29\tNA\tMoscow 2013 - Perri SHAKES-DRAYTON GBR - 400m Hurdles Women - Semi-Final - Heat 2
yuvMfyl6tRs\t32\tNA\tMoscow 2013 - Lashinda DEMUS USA - 400m Hurdles Women - Semi-Final - Heat 2
CpSucvwARps\t38\tNA\tMoscow 2013 - Jehue GORDON TRI - 400m Hurdles Men - Semi-Final - Heat 1
ZGzDD67vOPU\t28\tNA\tMoscow 2013 - Zuzana HEJNOVÁ CZE - 400m Hurdles Women - Semi-Final - Heat 1
mmKqgQIzDzQ\t69\tNA\tMoscow 2013 - Eilidh CHILD GBR - 400m Hurdles Women - Semi-Final - Heat 1
JjxGuMv3Mag\t58\tNA\tMoscow 2013 - Dalilah MUHAMMAD USA - 400m Hurdles Women - Semi-Final - Heat 1
BnItrE4xmjI\t82\tNA\tMoscow 2013 - Fan Zone in Luzhniki
IR_47Kx_E68\t39\tNA\tMoscow 2013 - Yu Wang CHN - Hight Jump - Qual A
mcqr0MMIh28\t108\tNA\tMoscow 2013 - The Big Final Triple Jump Women - Preview
uW6IHm4uEqw\t105\tNA\tMoscow 2013 - The Big Final 5000m Men - Preview
Uur3QW9IWSQ\t138\tNA\tMoscow 2013 - The Big Final 3000m SteepleChase Men - Preview
narqrj9Bbqk\t66\tNA\tMoscow 2013 - Kimberly WILLIAMS JAM - Triple Jump Women - Qual A
J17rsa-QBms\t66\tNA\tMoscow 2013 - Donald THOMAS BAH - Hight Jump - Qual A
TsPkhP76nJ8\t73\tNA\tMoscow 2013 - Derek DROUIN CAN - Hight Jump - Qual B
zLwoEo1r76U\t38\tNA\tMoscow 2013 - Caterine IBARGUEN COL - Triple Jump Women - Qual B
_ybTMu6g9Go\t87\tNA\tMoscow 2013 - Anna PYATYKH  RUS - Triple Jump Women - Qual B
tK7EICbPd_g\t63\tNA\tMoscow 2013 - Heptathlon - Morning Session Day 2
_EW-UdYnuEw\t34\tNA\tMoscow 2013 - Triple Jump Women - Qual A
fNg8li8yJqM\t17\tNA\tMoscow 2013 - High Jump Men - Qual A
qtkcaTM4uzs\t40\tNA\tMoscow 2013 - 5000m Men - Heat 1
zhrjTlAQN64\t21\tNA\tMoscow 2013 - 20k Walk Women - Final
oynA6YFzU-U\t40\tNA\tMoscow 2013 - Robert GRABARZ GBR - High Jump Men - Qual A
7f0TR3UBx_0\t34\tNA\tMoscow 2013 - Jesse WILLIAMS USA - High Jump Men - Qual B
DFOqGPk2lMk\t26\tNA\tMoscow 2013 - Erik KYNARD USA - High Jump Men - Qual A
l6lIUrZj1tU\t95\tNA\tMoscow 2013 - Eleonora GIORGI ITA - Race Walk Women - Final
qcZlJ0miCA8\t78\tNA\tMoscow 2013 - Ekaterina KONEVA RUS - Triple Jump Women - Qual B
IhR8yxrm5Po\t89\tNA\tMoscow 2013 - Aleksandr SHUSTOV RUS - High Jump Men - Qual A
sZaNjHKeCJA\t65\tNA\tMoscow 2013 - Hong LIU CHI - Race Walk Women - Final Bronze
8osVBpX7-B8\t89\tNA\tMoscow 2013 - Elisa RIGAUDO ITA - 20K Race Walke Women - Gold & Silver
IFTnw-kA1qc\t145\tNA\tMoscow 2013 - Elena LASHMANOVA & Anisya KIRDYAPKINA RUS - 20K Race Walke Women - Gold & Silver
Oq3SSskqkfs\t86\tNA\tMoscow 2013 - Bernard LAGAT USA - 5,000m Men - Heat 1
r05vt1CMfPU\t45\tNA\tMoscow 2013 - Ben ST.LAWRENCE AUS - 5,000m Men - Heat 2
G7BdM5t9eCo\t110\tNA\tMoscow 2013 - Anežka DRAHOTOVÁ CZE - Race Walk Women - Final
vleGR_s-Xw4\t123\tNA\tMoscow 2013 - Edwin Cheruiyot SOI KEN - 5,000m Men - Heat 2
xt5gDhq6Ubo\t94\tNA\tMoscow 2013 - Ryan HILL USA - 5,000m Men - Heat 1
dI_4tgxRza8\t75\tNA\tMoscow 2013 - Laura POLLI & Marie POLLI  SUI - 20K Race Walke Women
2MEWwY_ddtk\t64\tNA\tMoscow 2013 - Galen RUPP USA - 5,000m Men - Heat 2
qH3k7Lp5bfw\t119\tNA\tMoscow 2013 - Beatriz PASCUAL ESP - 20K Race Walk Women
o7I-XXcaMZQ\t92\tNA\tMoscow 2013 - Antoinette NANA DJIMOU IDA FRA & Yasmina OMRANI ALG - Heptathlon - Day 1
9wZgd5xlagE\t69\tNA\tMoscow 2013 - Novlene WILLIAMS-MILLS JAM - 400m Women - Final
60uFg_XQHeY\t56\tNA\tMoscow 2013 - Murielle AHOURE CIV - 100m Women - Final - Silver
mou_a04qzyE\t32\tNA\tMoscow 2013 - Natasha HASTINGS USA - 400m Women - Final
c2PHK-WuTF8\t50\tNA\tMoscow 2013 - MICHELLE CARTER USA - Shot Put Women - Final
z8_F-IxqCx0\t46\tNA\tMoscow 2013 - Makeba ALCIDE LCA - Heptathlon - Day1
DCjkT0TZe3M\t104\tNA\tMoscow 2013 - Koji MUROFUSHI JPN- Hammer Throw - Final
Ij1VuiejFdU\t49\tNA\tMoscow 2013 - Erica BOUGARD USA - Heptathlon - Day 1
WQ5vhvBsQ1o\t64\tNA\tMoscow 2013 - English GARDNER USA - 100m Women - Final
1k2jYL9CEe4\t86\tNA\tMoscow 2013 - Evgeniia KOLODKO RUS - Shot Put Women - Final
95KrkTVeYLU\t55\tNA\tMoscow 2013 - Kseniya RYZHOVA RUS - 100m Women - Final
eZ3S_0f-FVM\t81\tNA\tMoscow 2013 - Sergej LITVINOV RUS - Hammer Throw Men - Final
EfbCz9ljK4E\t26\tNA\tMoscow 2013 - WCH Moscow 2013 - Shot Put Women - Final
qPVO2FedWYs\t19\tNA\tMoscow 2013 - WCH Moscow 2013 - Pole Vault Men - Final
J9TlEe9tcvE\t23\tNA\tMoscow 2013 - WCH Moscow 2013 - Hammer Throw Men - Final
rX9-3ikIr4U\t29\tNA\tMoscow 2013 - WCH Moscow 2013 - Heptathlon - Afternoon Session Day 1
qsHY4DfO4w0\t29\tNA\tMoscow 2013 - WCH Moscow 2013 - 400m Women - Final
wTyO4jgNLpI\t36\tNA\tMoscow 2013 - WCH Moscow 2013 - 110m Hurdles Men - Final
jmrc1MW97Uc\t32\tNA\tMoscow 2013 - WCH Moscow 2013 - 100m Women -Final
1yhaAo6JeGM\t44\tNA\tMoscow 2013 - Valerie ADAMS NZL - Shot Put Women - Final Gold
_TIX_dQx9Dw\t93\tNA\tMoscow 2013 - Shelly-Ann FRASER-PRYCE JAM - 100m Women - Final Gold
KJYPbLVsfoE\t61\tNA\tMoscow 2013 - Sergey SHUBENKOV RUS - 110m Men - Final Bronze
dz9kAmIF8dU\t83\tNA\tMoscow 2013 - Raphael  HOLZDEPPE GER - Pole vault - Final - Gold
TwqTbfSFiM8\t199\tNA\tMoscow 2013 - Christine OHURUOGO GBR - 400m Women - Final Gold
HK7n7hYBPdg\t30\tNA\tMoscow 2013 - Christina SCHWANITZ GER - Shot Put - Final - Silver
svsLuQxETz8\t21\tNA\tMoscow 2013 - Bjorn OTTO GER - Pole Vault - Final - Silver
V5Um6BjTAIQ\t95\tNA\tMoscow 2013 - Antonina KRIVOSHAPKA RUS - 400m Women - Final Bronze
1azZUMihDgA\t60\tNA\tMoscow 2013 - Pawel FAJDEK POL - Hammer Throw - Final - Gold
yFE9i06KGOg\t106\tNA\tMoscow 2013 - Ryan WILSON USA - 110m Hurdles Men - Final -Silver
EunR1JTjJus\t79\tNA\tMoscow 2013 - Renaud LAVILLENIE FRA - Pole Vault Men - Final - Silver
-dSPckzewws\t51\tNA\tMoscow 2013 - David OLIVER USA - 110m Hurdles Men - Final - Gold
JxfbYBw2bdE\t53\tNA\tMoscow 2013 - Nadine BROERSEN NED - Heptathlon - Day 1
1O1DZ8qy4Jk\t76\tNA\tMoscow 2013 - Kristina SAVITSKAYA RUS - Heptathlon - Day 1
-MX6EO9Zxjc\t46\tNA\tMoscow 2013 - Jonathan BORLÉE BEL - 400m Men -Heat 2
4L-vE5L9mQc\t65\tNA\tMoscow 2013 - Nafissatou THIAM BEL - Heptathlon Women - Heat 3
j0KHmomJl8E\t48\tNA\tMoscow 2013 - Deon LENDORE TRI - 400m Men - Semi-Final Heat 2
c-JF_vc8H-w\t59\tNA\tMoscow 2013 - Arman HALL USA - 400m Men - Semi-Final Heat 3
sZJAEdBWxOo\t61\tNA\tMoscow 2013 - Katarina JOHNSON-THOMPSON GBR - Heptathlon - Day 1
q7V8IELDdns\t33\tNA\tMoscow 2013 - Ida MARCUSSEN NOR - Heptathlon - Day 1
xxD3s8wQYP4\t44\tNA\tMoscow 2013 - Myriam SOUMARÉ FRA - 100m Women - Semi-Final Heat 3
iq5qIBmbS3Y\t47\tNA\tMoscow 2013 - Brian GREGAN IRL - 400m Men - Semi-Final Heat 3
OtTDn993Y8g\t31\tNA\tMoscow 2013 - Yuzo KANEMARU JPN - 400m Men - Semi-Final Heat 1
BrZS1FvQNaM\t31\tNA\tMoscow 2013 - Luguelín SANTOS DOM - 400m Men - Heat 3
Pe73ZP4vVBs\t68\tNA\tMoscow 2013 - Kirani JAMES GRN - 400m Men - Heat 3
q5RFfuaydrE\t32\tNA\tMoscow 2013 - Tony MCQUAY USA - 400m Men - Heat 1
9CnLCfUpDNg\t48\tNA\tMoscow 2013 - Kévin BORLÉE BEL - 400m Men - Heat 4
AOxiHDH0igo\t57\tNA\tMoscow 2013 - Javon FRANCIS JAM - 400M Men - Heat 1
Hqt1ePpCVHA\t42\tNA\tMoscow 2013 - Michelle-Lee AHYE TRI - 100m Women - Semi-Final - Heat 1
DBPB8LUqLDs\t37\tNA\tMoscow 2013 - Franciela KRASUCKI BRA - 100m Women Semi-Final - Heat 1
NOO649r6lLQ\t23\tNA\tMoscow 2013 - Andrew RILEY JAM -110m Hurdles Men - Semi-Final - Heat 2
0uYwPzyPCXM\t27\tNA\tMoscow 2013 - Thomas MARTINOT-LAGARDE FRA - 110m Hurdles Men - Semi-Final - Heat 1
x-qNhsRzVkc\t74\tNA\tMoscow 2013 - After the 100m Men Final
4Ni6XqfAb3s\t204\tNA\tMoscow 2013 - Mike Powell USA - Long Jump Men - Preview
c2X7JjB9A-A\t188\tNA\tMoscow 2013 - Edwin Moses USA - 400m Hurdles - Preview
7X-vBbBfCDw\t82\tNA\tMoscow 2013 - 3000m SteepleChase Women - Preview
X_ffroLpC3k\t89\tNA\tMoscow 2013 - Yoann KOWAL FRA - 3000m Steeplechase Men - Heat 3
jNSPoG7S70E\t55\tNA\tMoscow 2013 - Victor BUTENKO RUS - DiscusThrow - Qual B
1ZtDWnU5SNs\t56\tNA\tMoscow 2013 - Rasmus MÄGI EST - 400m Hurdles Men - Heat 5
-XhdLWDAR8g\t69\tNA\tMoscow 2013 - Mamadou Kasse HANNE SEN - 400m HUrdles Men - Heat 4
CsQ60FvOouo\t80\tNA\tMoscow 2013 - Felix SANCHEZ DOM - 400m Hurdles Men - Heat 1
iSWglwHbzh8\t63\tNA\tMoscow 2013 - Emir BEKRIC SRB - 400m Hurdles Men - Heat 1
mDNQtq2Xh_g\t36\tNA\tMoscow 2013 - Denisa ROSOLOVÁ CZE - 400m Hurdles Women - Heat 1
OVBb6U5aGlY\t27\tNA\tMoscow 2013 - Dalilah MUHAMMAD USA - 400M Hurdles Women - Heat 4
QBreYx33K98\t81\tNA\tMoscow 2013 - Anastasia OTT RUS - 400m Hurdles Women - Heat 5
PElkn-S4RBs\t93\tNA\tMoscow 2013 - Heptathlon - Morning Session Day 1
cBMi-cIbI2c\t21\tNA\tMoscow 2013 - Discus Throw Men - Qual A
N1hMr-r6Mp8\t39\tNA\tMoscow 2013 - 400m Women Hurdles - Heat 3
d2fRhvH5Uzs\t35\tNA\tMoscow 2013 - 400m Men Hurdles - Heat 3
G0FJf2AicRE\t85\tNA\tMoscow 2013 - Timofey CHALYY RUS - 400m Hurdles Men - Heat 1
y_e_mRkptF4\t82\tNA\tMoscow 2013 - Sebastian RODGER GBR - 400m Hurdles Men - Heat 1
dZv20E_mvWM\t100\tNA\tMoscow 2013 - Noureddine SMAÏL FRA - 3000m Steeplechase Men - Heat 2
ROzEf2hkKTU\t72\tNA\tMoscow 2013 - Matthew HUGHES CAN - 3000m Steeplechase Men - Heat 1
CkV3OEEJ6pA\t37\tNA\tMoscow 2013 - Cornel FREDERICKS RSA - 400m Hurdles Men - Heat 1
RV7ihK6RKvk\t28\tNA\tMoscow 2013 - Zuzana HEJNOVÁ CZE - 400m Hurdles Women - Heat 2
xDsCyI90hQI\t33\tNA\tMoscow 2013 - Meghan BEESLEY GBR - 400m Hurdles Women - Heat 1
bgt6e_BQI-s\t32\tNA\tMoscow 2013 - Nickiesha WILSON JAM - 400m Hurdles Women - Heat 2
xuQ33lh-0pM\t40\tNA\tMoscow 2013 - Julian WRUCK AUS - Discus Throw Men - Qual B
95st8tgQBsk\t38\tNA\tMoscow 2013 - Jehue GORDON TRI - 400m Hurdles Men - Heat 5
g4xmB7yU-tU\t30\tNA\tMoscow 2013 - Javier CULSON PUR - 400m Hurdles Men - Heat 2
VLW7YoPi_WI\t97\tNA\tMoscow 2013 - Irina DAVYDOVA RUS - 400m Hurdles Women - Heat 4
5tvIfXGAV4k\t32\tNA\tMoscow 2013 - Eilidh CHILD GBR - 400m Hurdles Women - Heat 4
wEkokP7c0z0\t33\tNA\tMoscow 2013 - Takayuki KISHIMOTO JPN - 400m Hurdles Men - Heat 2
L3SqMlTcM5w\t50\tNA\tMoscow 2013 - Mickaël FRANÇOIS FRA - 400m Hurdles Men - Heat 2
6DDSbzNQSGA\t29\tNA\tMoscow 2013 - Michael TINSLEY USA - 400m Hurdles Men - Heat 1
9gaZi41ONDU\t31\tNA\tMoscow 2013 - Kerron CLEMENT USA -  400m Hurdles Men - Heat 3
yMVrRv1B8Mc\t66\tNA\tMoscow 2013 - Bershawn JACKSON USA - 400m Hurdles Women - Heat 4
3OLHQmwAQu0\t48\tNA\tMoscow 2013 - Jacob ARAPTANY UGA - 3,000 Steeplechase Men - Heat 2
7Jh4769ERlI\t70\tNA\tMoscow 2013 - Ezekiel KEMBOI KEN - 3,000 Steeplechase Men - Heat 2
elooRfEUbuY\t45\tNA\tHamid Ezzine Interview | IAAF World Championships Moscow 2013
SoV5RSAzsrc\t39\tNA\tMoscow 2013 - Evan JAGER USA - 3,000 Steeplechase Men - Heat 3
MUHcww9OkJY\t59\tNA\tMoscow 2013 - Volha SUDARAVA BLR - Long  Jump Women - Final
IHWVltujgWo\t92\tNA\tMoscow 2013 - Damian WARNER CAN - Decathlon Men- Final Bronze Medal
fGUsYPJXVLI\t31\tNA\tMoscow 2013 - Francena MCCORORY USA - 400m Women - Semi-Final Heat 3
uMb8U9QJBwE\t42\tNA\tMoscow 2013 - Brittney REESE USA - Long Jump Women - Final
xlvyqIo31LU\t45\tNA\tMoscow 2013 - Blessing OKAGBARE NGR - Long Jump - Final
cBV-5AvS2HI\t69\tNA\tMoscow 2013 - Anastasia SAVCHENKO RUS - Pole Vault Women - Final
smw6ANCArz4\t33\tNA\tMoscow 2013 - 10,000m Women - Final
A3leDj36jIM\t28\tNA\tMoscow 2013 - Long Jump Women - Final
_wo35butdOc\t20\tNA\tMoscow 2013 - Discus Throw Women - Final
pxUxMfWU-IA\t23\tNA\tMoscow 2013 - 20k Walk Men - Final
yPXnUnoB1ds\t25\tNA\tMoscow 2013 - Decathlon - Afternoon Session Day 2
nK-CWbP7esA\t16\tNA\tMoscow 2013 - Pole Vault Women - Qual A
wesl2o1CDqI\t52\tNA\tMen's 100m Final | IAAF World Championships Moscow 2013
Ia8lz4WXK9E\t73\tNA\tUsain Bolt's 100m Gold Medal Interview | IAAF World Championships Moscow 2013
p91r-Un9SkU\t47\tNA\tMoscow 2013 - Nesta CARTER JAM - 100m Men Final - Bronze
TtovCoH-tQ8\t44\tNA\tMoscow 2013 - YARELYS BARRIOS CUB - Discus Throw Women Final - Bronze
xaiTFwQGXGU\t40\tNA\tMoscow 2013 - Sandra PERKOVIC CRO - Discus Throw Women Final - Gold
HdXHOnL2WiQ\t57\tNA\tMoscow 2013 - Melina ROBERT-MICHON FRA - Discus Throw Women Final - Silver
0oxEwRh__J8\t55\tNA\tMoscow 2013 - IVANA SPANOVIC SRB - Long Jump Women Final - Bronze
sR3u3WbyDQA\t42\tNA\tMoscow 2013 - Kevin MAYER FRA - Decathlon Final
7DWBQHp9pYk\t29\tNA\tMoscow 2013 - Michael SCHRADER GER - Decathlon - Silver
Jb0F0r7ElwE\t67\tNA\tMoscow 2013 - Ashton EATON USA - Decathlon - Gold
0mTWKN3curY\t67\tNA\tMoscow 2013 - Before the 100m Men Final
SP_JFYLjXdg\t66\tNA\tMoscow 2013 - Elena ISINBAEVA RUS - Pole Vault Women - Qual A
uB_B6IhNfUg\t34\tNA\tMoscow 2013 - Pierre-Ambroise BOSSE FRA - 800m Men SF - Heat 2
ETGvJ0YXUQA\t40\tNA\tMoscow 2013 - Nick SYMMONDS USA - 800m Men SF - Heat 3
0jyf7TBQGcE\t40\tNA\tMoscow 2013 - Jennifer SUHR USA - Pole Vault Women - Qual B
1hRSsdJ5LFA\t25\tNA\tMoscow 2013 - FABIANA MURER BRA- Pole Vault Women - Qual B
FQUY0xE2QRU\t64\tNA\tMoscow 2013 - Darya KLISHINA RUS - Long Jump Final
5tzSCUhOZro\t105\tNA\tMoscow 2013 - The Big Final Pole Vault Men - Preview
JIe8TZYIQYU\t128\tNA\tMoscow 2013 - The Big Final Hammer Throw Men - Preview
cYWn2dDcaiw\t36\tNA\tMoscow 2013 - Mohammed AMAN ETH - 800m Men SF - Heat 2
56Ky0QB_fbo\t32\tNA\tMoscow 2013 - Marcin LEWANDOWSKI POL - 800m Men SF - Heat 1
8r-zsnlJd_c\t49\tNA\tMoscow 2013 - Duane SOLOMON USA - 800m Men SF - Heat 1
YJZRPfN_uts\t95\tNA\tMoscow 2013 - Aleksandr IVANOV RUS - 20K Walk Men Final - Gold
HCB2DMPqvQY\t158\tNA\tMoscow 2013 - Denis STRELKOV RUS - 20K Walk Men Final
h952Ld23My0\t64\tNA\tMoscow 2013 - Miguel Ángel LÓPEZ ESP - 20K Walk Men Final - Bronze
y3yv-XrPcMg\t178\tNA\tMoscow 2013 - Roman SEBRLE - ITW
hi1-6bLn988\t18\tNA\tMoscow 2013 - Shot Put Women - Qual A
nSLA7EPZUK4\t54\tNA\tMoscow 2013 - Decathlon Men - Morning Session Day 2
ZrdO7GDtvmQ\t31\tNA\tMoscow 2013 - 1500m Women - Heat 3
w6UZ0lBbukc\t31\tNA\tMoscow 2013 - 400m Men - Heat 3
CdyqWP2qPqA\t33\tNA\tMoscow 2013 - 100m Women - Heat 3
9nAQDSbCvd4\t25\tNA\tMoscow 2013 - 110m Hurdles Men - Heat 3
2ZBcYxyXut8\t59\tNA\tMoscow 2013 - Verena SAILER GER - 100m Women - Heat 1
RI7Nl6zrbu0\t50\tNA\tMoscow 2013 - Sheri-Ann BROOKS JAM - 100m Women - Heat 3
Uorvdu0ioG0\t55\tNA\tMoscow 2013 - Sheniqua FERGUSON BAH - 100m Women - Heat 6
kVu7g2gs5ks\t35\tNA\tMoscow 2013 - Schillonie CALVERT JAM - 100m Women - Heat 5
nvf6tIv_RpY\t34\tNA\tMoscow 2013 - Murielle AHOURE CIV - 100m Women - Heat 6
cHKbjb9Fzmk\t29\tNA\tMoscow 2013 - Kerron STEWART JAM - 100m Women - Heat 2
Siuo-LNHhNc\t30\tNA\tMoscow 2013 - Ivet LALOVA BUL - 100m Women - Heat 3
pIbMHG8X4l8\t49\tNA\tMoscow 2013 - Ezinne OKPARAEBO NOR - 100m Women - Heat 1
jKgMxldkc4c\t36\tNA\tMoscow 2013 - English GARDNER USA - 100m Women - Heat 3
rekTfwxZL2A\t23\tNA\tMoscow 2013 - Asha PHILIP GBR - 100m Women - Heat 2
aFbEDtBXKj4\t9\tNA\tMoscow 2013 - Ana Claudia SILVA BRA - 100m Women - Heat 5
jqxNvxC1D8I\t43\tNA\tMoscow 2013 - Alexandria ANDERSON USA - 100m Women - Heat 2
lI-4Ab3KfXo\t58\tNA\tMoscow 2013 - Stella AKAKPO FRA -  - 100m Women - Heat 5
eRnWIHX4-_w\t84\tNA\tMoscow 2013 - Martina PERTELLI SMR - 100m Women - Heat 3
FJPrCACX1RM\t42\tNA\tMoscow 2013 - Rababe ARAFI MAR - 1,500m Women - Heat 2
h9Bu9HrVJRQ\t66\tNA\tMoscow 2013 - Natalia POHREBNIAK UKR - 100m Women - Heat 4
hK7GUYjLoKs\t67\tNA\tMoscow 2013 - Renata PLIS POL - 1,500m Women - Heat 1
BhgMUm4xdxg\t56\tNA\tMoscow 2013 - Natalia RODRÍGUEZ ESP - 1,500m Women - Heat 3
C5nYeZ0c5QQ\t39\tNA\tMoscow 2013 - Yoandys LESCAY CUB - 400m Men - Heat 1
Z0u9jOFcUww\t79\tNA\tMoscow 2013 - Matteo GALVAN ITA - 400m Men - Heat 2
ZXafl5WrIaQ\t39\tNA\tMoscow 2013 - LaShawn MERRITT USA - 400m Men - Heat 3
aoSkQA1jTQ0\t63\tNA\tMoscow 2013 - Diana SUJEW GER - 1,500m Women - Heat 3
4oy3j6lAE14\t44\tNA\tMoscow 2013 - José MELÉNDEZ VEN - 400m Men - Heat 3
22npkRLZmA0\t104\tNA\tMoscow 2013 - Jonathan BORLÉE BEL - 400m Men - Heat 1
-uDcVdtHRtE\t37\tNA\tMoscow 2013 - Arman HALL USA - 400m Men - Heat 2
xSlkGzz2WIE\t22\tNA\tMoscow 2013 - Vladimir KRASNOV RUS - 400m Men - Heat 3
wInaZNTH4s4\t23\tNA\tMoscow 2013 - Tony MCQUAY USA - 400m Men - Heat 1
LtfYgdUJwWw\t25\tNA\tMoscow 2013 - Nigel LEVINE GBR- 400m Men - Heat 4
Ols-Jx41PuM\t39\tNA\tMoscow 2013 - Nick EKELUND-ARENANDER DEN - 400m Men - Heat 1
U0RGruVZY2E\t26\tNA\tMoscow 2013 - Luguelín SANTOS - 400m Men - Heat 4
xdqfTYdpiiQ\t31\tNA\tMoscow 2013 - Kirani JAMES GRN - 400m Men - Heat 5
tQ2BELGOiks\t63\tNA\tMoscow 2013 - Kévin BORLÉE BEL - 400m Men - Heat 4
y9PAuiiUaow\t42\tNA\tMoscow 2013 - Javon FRANCIS JAM - 400m Men - Heat 2
A30XFmRanzU\t45\tNA\tMoscow 2013 - Jarrin SOLOMON TRI - 400m Men - Heat 5
siiTAoCnQUU\t51\tNA\tMoscow 2013 - Deon LENDORE TRI - 400m Men - Heat 3
O9wHr9FJmjY\t62\tNA\tMoscow 2013 - Zoe BUCKMAN AUS - 1500m Women  - Heat 2
Df0w_pWMAyw\t41\tNA\tMoscow 2013 - Nicole SIFUENTES CAN - 1500m Women  - Heat 3
QqYHr5jvGZU\t46\tNA\tMoscow 2013 - Nancy Jebet LANGAT KEN - 1500m Women  - Heat 1
OY4_wWKvK68\t39\tNA\tMoscow 2013 - Hannah ENGLAND GBR - 1500m Women  - Heat 3
ry3Vu_u-e9Y\t41\tNA\tMoscow 2013 - Elena KOROBKINA RUS - 1500m Women  - Heat 3
hSl3O8uRe6k\t86\tNA\tMoscow 2013 - Ekaterina SHARMINA RUS - 1500m Women  - Heat 2
LyqVKDbsRj8\t32\tNA\tMoscow 2013 - Aries MERRITT USA - 110m Hurdles Men - Heat 3
GBYiFnVyDL8\t69\tNA\tMoscow 2013 - William SHARMAN GBR - 110m Hurdles Men - Heat 2
-HNurKdQn1c\t46\tNA\tMoscow 2013 - Wayne C. DAVIS II TRI - 110m Hurdles Men - Heat 2
qxji3k_VbL4\t87\tNA\tMoscow 2013 - Ryan WILSON USA - 110m Hurdles Men - Heat 2
pGcd-VuzT7o\t35\tNA\tMoscow 2013 - Ryan BRATHWAITE BAR - 110m Hurdles Men - Heat 1
r1rJLiUjxhk\t114\tNA\tMoscow 2013 - Konstantin SHABANOV RUS - 110m Hurdles Men - Heat 1
-0P82MD-mtQ\t59\tNA\tMoscow 2013 - Thomas MARTINOT-LAGARDE FRA - 110m Hurdles Men - Heat 3
nrIrECJo9TM\t38\tNA\tMoscow 2013 - David OLIVER USA - 110m Hurdles Men - Heat 4
pAJiBce3XWQ\t72\tNA\tMoscow 2013 - Balázs BAJI HUN - 110m Hurdles Men - Heat 3
Sf-4VYpubCc\t59\tNA\tMoscow 2013 - Andrew RILEY JAM - 110m Hurdles Men - Heat 4
uI_42hemRMs\t36\tNA\tMoscow 2013 - Samuel FRANCIS QAT - 100m Men - Heat 5
ZgiPZx8Z10Q\t12\tNA\tMoscow 2013 - Nickel ASHMEADE JAM - 100m Men - Heat 6
1BLO4hois88\t42\tNA\tMoscow 2013 - Mike RODGERS USA - 100m Men - Heat 6
N5KVRPUZPkg\t73\tNA\tMoscow 2013 - Jimmy VICAUT FRA - 100m Men - Heat 5
jCmyaZwkKm0\t65\tNA\tMoscow 2013 - Harry AIKINES-ARYEETEY GBR - 100m Men - Heat 6
r0bftQUNiHo\t71\tNA\tMoscow 2013 - Anaso JOBODWANA RSA - 100m Men - Heat 7
DZu0J6DR330\t62\tNA\tMoscow 2013 - Aaron BROWN CAN - 100m Men - Heat 5
CL49Zaygv8g\t58\tNA\tMoscow 2013 - Ilya SHKURENEV RUS - Decathlon Afternoon Session - Day 1
0O7TkvgL4ds\t47\tNA\tMoscow 2013 - Shara PROCTOR GBR - Long Jump Women - Qual A
bEniWW9-YEQ\t83\tNA\tMoscow 2013 - Galen RUPP USA - 10,000m Men - Final
gxVEs42rzB4\t91\tNA\tMoscow 2013 - Brittney REESE USA - Long Jump Women - Qual A
N9cIZbX374g\t25\tNA\tMoscow 2013 - Blessing OKAGBARE NGR - Long Jump Women -Qual A
0gwR74IASUA\t39\tNA\tMoscow 2013 - Gavin SMELLIE CAN - 100m Men - Heat 2
0GGqrJsQHTc\t62\tNA\tMoscow 2013 - Sergej LITVINOV RUS - Hammer Throw Men - Qual B
AFGJbT5o5IM\t23\tNA\tMoscow 2013 - Christophe LEMAITRE FRA - 100m Men - Heat 1
Tlu1RmK700o\t16\tNA\tMoscow 2013 - Usain BOLT JAM - 100m Men - Heat 7
LtCueYnd9wY\t64\tNA\tMoscow 2013 - Gunnar NIXON USA - Decathlon  Afternoon Session- Day 1
FPeQsxIRZZI\t48\tNA\tMoscow 2013 - Ashton EATON USA - Decathlon Afternoon Session - Day 1
tRu4OqkwF7g\t55\tNA\tMoscow 2013 - Primoz KOZMUS SLO - Hammer Throw Men - Qual A
VjTQsv5zeHs\t33\tNA\tMoscow 2013 - Nicola VIZZONI ITA - Hammer Throw Men - Qual B
T4XTkWnmY7M\t48\tNA\tMoscow 2013 - Mohamed FARAH GBR - 10000m Men - Final - Gold
hFpsqK7Q0rM\t61\tNA\tMoscow 2013 - Ibrahim JEILAN ETH - 10000m Men - Final - Silver
s8iiZIBdf1w\t47\tNA\tMoscow 2013 - Dilshod NAZAROV TKJ - Hammer Throw Men - Qual A
i5YNBj3ifvc\t53\tNA\tMoscow 2013 - Marathon Women - Final
IZCozFVsbtw\t59\tNA\tMoscow 2013 - Decathlon - Afternoon Session Day 1
foApqOLPxLE\t39\tNA\tMoscow 2013 - 10,000m men - Final
HIrnVf2-39E\t37\tNA\tMoscow 2013 - 100m Men - Heat 7
RaR-2C89pFY\t99\tNA\tMoscow 2013 - Kseniya RYZHOVA RUS - 400m Women - Heat 4
UuCFZ3xkx5s\t44\tNA\tMoscow 2013 - Francena MCCORORY USA - 400m Women - Heat 3
eDeLVFgaWbU\t57\tNA\tMoscow 2013 - Caitlin SARGENT AUS - 400m Women - Heat 5
LaayK4DvKVk\t70\tNA\tMoscow 2013 - Bianca RAZOR ROU - 400m Women - Heat 4
TDZ7kW8MDV4\t73\tNA\tMoscow 2013 - Amy Mbacke THIAM SEN - 400m Women - Heat 2
1EWkSQ7FkaA\t50\tNA\tMoscow 2013 - Tori POLK USA - Long Jump Women - Group A
YVudICSG5Ts\t87\tNA\tMoscow 2013 - Szymon ZIÓLKOWSKI POL - Hammer Throw Men - Group A
wJGZpzvBWiM\t63\tNA\tMoscow 2013 - Richard THOMPSON TRI - 100m Men - Heat 4
fpWaGYNSORM\t65\tNA\tMoscow 2013 - Paul Kipsiele KOECH KEN - 10.000m Men
U-rh_728ijE\t81\tNA\tMoscow 2013 - Elena SOKOLOVA RUS - Long Jump Women - Group A.
T6WyQflpjBs\t74\tNA\tMoscow 2013 - Darya KLISHINA RUS - Long Jump Women - Qual B
cdG0OGphZ3E\t55\tNA\tMoscow 2013 - Churandy MARTINA NED - 100m Men - Heat 2
wDlI0unWDUM\t91\tNA\tMoscow 2013 - Valentyna ZHUDINA UKR - 3000 Stepplechase - Heat 1
C5sJSEDVBqA\t45\tNA\tMoscow 2013 - Regina GEORGE NGR - 400m Women - Heat 5
xgS6kEM12xU\t127\tNA\tMoscow 2013 - Nataliia PYGYDA UKR - 400m Women - Heat 4
UXKWFjAEzsk\t86\tNA\tMoscow 2013 - Nadezdha LEONTEVA RUS - Marathon Women
m0_Z_r5WZZg\t44\tNA\tMoscow 2013 - Ashley SPENCER USA - 100m Women - Heat 1
eAGuF6ItvDM\t33\tNA\tMoscow 2013 - Omolara OMOTOSO NGR - 400m Women - Heat 1
qkJA2w-LOfI\t94\tNA\tMoscow 2013 - Marie GAYOT FRA - 400m Women - Heat 1
o1DHSAykrKs\t41\tNA\tMoscow 2013 - Koji MUROFUSHI JPN - Hammer Throw Men -Qual A
x59BRc3rsSs\t43\tNA\tMoscow 2013 - Kineke ALEXANDER VIN - 400m Women - Heat 1
wcJRqoxk2Xs\t69\tNA\tMoscow 2013 - Antonina KRIVOSHAPKA RUS - 400m Women - Heat 1
SJOwEiTTrbI\t36\tNA\tMoscow 2013 - Kayoko Fukushi JPN - Marathon Women Final - Bronze
IfJJQ_f9LAo\t50\tNA\tMoscow 2013 - Lukàs MELICH CZE - Hammer Throw  Men - Qual A
Dib_JhurlTI\t28\tNA\tMoscow 2013 - Lidya CHEPKURUI KEN - 3000m Stepplechase Women - Round 1
faALKt6pLvw\t12\tNA\tMoscow 2013 - Antje MÖLDNER-SCHMIDT GER - 3000m Stepplechase Women - Round 2
kjuOGIwq3FE\t162\tNA\tMoscow 2013 - Edna Ngeringwony KIPLAGAT KEN - Marathon Women Final - Gold
dbnSKZAdRTc\t58\tNA\tMoscow 2013 - Valeria STRANEO ITA - Marathon Women - Final - Silver
M9jJz7MrTvo\t82\tNA\tMoscow 2013 - Emma QUAGLIA ITA - Marathon Women - Final
b6IM9yVHxdc\t119\tNA\tMoscow 2013 - Dwight Phillips ITW
b7z-GxFI7gg\t44\tNA\tMoscow 2013 - Tegla Loroupe ITW
weF6wYXtrxA\t131\tNA\tMoscow 2013 - Sergey KUCHERYANU RUS - Pole Vault Men - Group A
DsFe2AFYcds\t117\tNA\tMoscow 2013 - Aleksandr GRIPICH RUS - Pole Vault Men - Group B
xoePj7CTziQ\t112\tNA\tMoscow 2013 - Renaud Lavillenie FRA - Pole Vault Men - Qual B
bfSsGsfOSJc\t73\tNA\tMoscow 2013 - Taras BYLUK UKR - 800m Men - Heat 1
zya5D-dOhcg\t59\tNA\tMoscow 2013 - Nadine MULLER GER - Discus Throw  Women - Qual B
xR22jFHj5fY\t55\tNA\tMoscow 2013 - Leoman MOMOH NGR - 800m Men - Heat 1
6bC8lOwWp9Q\t51\tNA\tMoscow 2013 - Ilia MUKHIN KGZ - 800m Men - Heat 4
tc70Jhx6ThM\t56\tNA\tMoscow 2013 - Jozef REPCÌK SVK - 800m Men - Heat 5
aiIR6F5UMKE\t87\tNA\tMoscow 2013 - Giuseppe GIBILISCO ITA - Pole Vault Men - Qual B
p9HvJ3Wuneg\t65\tNA\tMoscow 2013 - Brandon JOHNSON USA - 800m Men - Heat 2
gX5O_u83y1M\t34\tNA\tMoscow 2013 - Brad WALKER USA - Pole Vault Men - Qual B
G0PpEDmhKZs\t39\tNA\tMoscow 2013 - Andrew OSAGIE GBR - 800m Men - Heat 3
Auw0BrvMJoI\t42\tNA\tMoscow 2013 - Pole Vault Men - Qual A
6pzGnk0TVJc\t24\tNA\tMoscow 2013 - Discus Throw Women - Qual A
VdWZEYYfV3E\t90\tNA\tMoscow 2013 - Decathlon Men - Morning Session Day 01
OZJEMUlkU8o\t30\tNA\tMoscow 2013 - 800m Men - Heat 5
cB1jemeRnic\t67\tNA\tMoscow 2013 - Nick SYMMONDS USA - 800m Men - Heat 4
FNTOGKlMXXw\t59\tNA\tMoscow 2013 - Duane SOLOMON USA - 800m Men - Heat 3
gIwR2Y7wjR0\t39\tNA\tMoscow 2013 - Dani SAMUELS AUS - Discus Throw Women - Qual B
xkWj3288y_0\t38\tNA\tMoscow 2013 - Ayanleh SOULEIMAN DJI - 800m men - Heat 6
EmFUxohY8W0\t68\tNA\tMoscow 2013 - Adam KSZCZOT POL - 800m Men - Heat 2
kNWYCzjTJwk\t35\tNA\tMoscow 2013 - Vera GANEEVA RUS - Discus Throw Women - Qual A
CNZLOc6MmEk\t41\tNA\tMoscow 2013 - Svetlana SAYKINA RUS - Discus Throw Women - Qual A
Yj1vOyHtPCQ\t40\tNA\tMoscow 2013 - Shernyl BURNS MNT - 100m Men - Preliminary H4
h7sn_N2G6SY\t29\tNA\tMoscow 2013 - Barakat Mubarak AL-HARTHI OMA - 100m Men - Preliminary H3
y3XwXBmIUOk\t38\tNA\tMoscow 2013 - Aleksandr BREDNEV RUS - 100m Men - Preliminary H2
xMIMYbDoSZU\t96\tNA\tMoscow 2013 - Ronald MUSAGALA UGA - 800m Men - Heat 1
E9A9d_9D8bY\t62\tNA\tMoscow 2013 - Ratu Banuve TABAKAUCORO FIJ - 100m Men - Preliminary H6
bjQJFXulQok\t26\tNA\tMoscow 2013 - Marcin LEWANDOWSKI  POL - 800m Men - Heat 1
2vm2pxykTLo\t38\tNA\tMoscow 2013 - Pierre-Ambroise BOSSE FRA - 800m Men - Heat 1
jdoJVnSVVYs\t42\tNA\tMoscow 2013 - Calvin KANG LI LOONG SIN - 100m Men - Preliminary H1
TzxubQ2tfVg\t18\tNA\tMoscow 2013 - Julia FISCHER GER- Discous Throw Women - Qual A
Mx3bZiD2cfI\t62\tNA\tMoscow 2013 - Daniel BAILEY ANT - 100m Men - Preliminary H1
oKoMrpwT_9c\t33\tNA\tMoscow 2013 - Innocent BOLOGO BUR - 100m Men - Preliminary H2
2Cim-Qh2rc0\t55\tNA\tMoscow 2013 - Holder DA SILVA GBS - 100m Men - Preliminary H1
-T8e_Wmv5Dg\t118\tNA\tMoscow 2013 - The Big Final - 10,000m Men Preview
ahiYWX1iOSs\t128\tNA\tMoscow 2013 - Christophe Lemaitre FRA - ITW
7xCZPL9pZCY\t157\tNA\tMoscow 2013 - Renaud Lavillenie FRA - ITW
_kztqN1WWpg\t163\tNA\tMoscow 2013 - Valentin Lavillenie FRA - ITW
QD5lnei5N3I\t60\tNA\tMoscow 2013 - Pierre-Ambroise Bosse FRA - ITW
tMrlL2_2jVU\t51\tNA\tMoscow 2013 - Yuriy Borzakovskiy RUS - ITW
zfeYT9thrYE\t58\tNA\tMoscow 2013 - IAAF / IOC Press Conference
cFQT9nBmTIg\t119\tNA\tMoscow 2013 - Jacques Rogge - ITW
xXl7xIN1Nus\t70\tNA\tMoscow 2013 - Press Conference FFA
ywLYq6U0kao\t85\tNA\tMoscow 2013 - Lamine Diack - ITW
Bt2EavGmjhU\t36\tNA\tMoscow 2013 - Vitaly Mutko (Minister Of Sport of the Russian Federation) - ITW
dODjkPt4j1o\t55\tNA\tMoscow 2013 -   !
g4LIGK54ofI\t68\tNA\tMoscow 2013 - Fabiana Murer BRA - ITW
lfQiPwu6xhc\t65\tNA\tMoscow 2013 - Asbel Kiprop KEN - ITW
iQNWxwGBzPA\t69\tNA\tMoscow 2013 - Koji Murofushi JPN - ITW
RTvuC3ZsvEM\t68\tNA\tMoscow 2013 - Kirani James GRN - ITW
nJzXZY605Lw\t336\tNA\tMoscow 2013 - Warren Weir JAM - ITW
S2k3FjL28_4\t237\tNA\tMoscow 2013 - Sally Pearson AUS - ITW
zNHLph_lkGQ\t77\tNA\tMoscow 2013 - Olga Kucherenko RUS - ITW
w8rp7A0qPkI\t185\tNA\tMoscow 2013 - Jennifer Suhr USA - ITW
NpUUpO0j1wU\t288\tNA\tMoscow 2013 - Michael Tinsley USA - ITW
Bsmus6C6iPY\t128\tNA\tMoscow 2013 - Francena McCorory USA - ITW
TAn7G1VoD5g\t227\tNA\tMoscow 2013 - Aries Merritt USA - ITW
u5YdoiLejp8\t106\tNA\tMoscow 2013 - Allyson Felix USA - ITW
s3pJFd1W-NI\t158\tNA\tMoscow 2013 - Ashton Eaton USA - ITW
Ntmo1x8NKRw\t163\tNA\tMoscow 2013 - Brittney Reese USA - ITW
FgOzyw51vOY\t34\tNA\tMoscow 2013 - IAAF Radio Promo
TOrHo6NqmOI\t199\tNA\tMoscow 2013 - Sergey Bubka UKR - WCH Preview
FT8ry6b2Zqk\t236\tNA\tMoscow 2013 - Zhaocai Du CHN - ITW
0GE-vO2ZxrI\t190\tNA\tMoscow 2013 - Valentin Balakhnichev & Aleksander Polinskiy - WCH preview
yPp0SHzSHLU\t288\tNA\tUncut - 400m Men Final Daegu 2011
oGP40krHo4w\t455\tNA\tUncut - High Jump Women Final - Daegu 2011
anjl5P6PuKw\t206\tNA\tMoscow 2013 - The Athletes of Moscow !
sjKWv_LDiAE\t204\tNA\tWorld Record - Heptathlon - WIC 2012
vkdPd6VeObA\t195\tNA\tWorld Record - Pentathlon - WIC 2012
e4c8J_HA5Zg\t310\tNA\tWorld Challenge: Fanny Blankers-Koen Games, Hengelo 2013
75eusJyyCtk\t257\tNA\tWorld Challenge: 31st Meeting Madrid 2013
sMA_9l5LB-Q\t289\tNA\tWorld Challenge: Moscow Challenge 2013
LkaNqdsAEdM\t313\tNA\tWorld Challenge: Meeting International Mohammed VI, Rabat 2013
ET7hEHp4dDc\t228\tNA\tWYC Donetsk 2013 - Medley Race Boys Final - Full Race
VnfrFZ5Bbm4\t282\tNA\tWYC Donetsk 2013 - Medley Race Girls Final - Full Race
BGVb0O5sRGA\t167\tNA\tWYC Donetsk 2013 - Sergey BUBKA - Conclusions
3ggMxiI86nk\t21\tNA\tWYC Donetsk 2013 - Medley Race Girls Final
OpAroaXZKA0\t20\tNA\tWYC Donetsk 2013 - Medley Race Boys Final
ro-PRVcaTzU\t18\tNA\tWYC Donetsk 2013 - Pole Vault Boys Final
kx66-bftKWU\t23\tNA\tWYC Donetsk 2013 - Long Jump Girls Final
_QGBpgJRJlo\t20\tNA\tWYC Donetsk 2013 - Javelin Throw Boys Final
X8Nn_I8szhU\t18\tNA\tWYC Donetsk 2013 - 3000m Boys Final
Qnw6IT6qtvw\t18\tNA\tWYC Donetsk 2013 - 2000m Steeple Chase Girls Final
gjBA4u4fsUg\t20\tNA\tWYC Donetsk 2013 - 1500m Boys Final
XLgzzQykfjM\t16\tNA\tWYC Donetsk 2013 - 800m Girls Final
CZwrgoukr4c\t20\tNA\tWYC Donetsk 2013 - 200m Girls Final
Xb-n0IJiLGM\t18\tNA\tWYC Donetsk 2013 - 200m Boys Final
Ij9HjTLhkEg\t74\tNA\tWYC Donetsk 2013 - Medley Relay Boys Final JAM - Gold
xJT1IM8DSm8\t29\tNA\tWYC Donetsk 2013 - Medley Relay Boys Final JAP - Bronze
8O0afJ-BL8Y\t44\tNA\tWYC Donetsk 2013 - Medley Relay Girls Final USA - Gold
0iCA9Y0VJzE\t76\tNA\tWYC Donetsk 2013 - Medley Relay Girls Final IVB - Silver
5-txvL9_3Rk\t84\tNA\tWYC Donetsk 2013 - Titus Kipruto KIBIEGO KEN - 1500m Boys Final - Bronze
NvFuxqU_11E\t111\tNA\tWYC Donetsk 2013 - Raevyn ROGERS USA - 800m Girls Final - Bronze
1Qcr2Bmakig\t49\tNA\tWYC Donetsk 2013 - Natalia CHACINSKA POL - Long Jump Girls final - Bronze
6E54mK9JAqU\t70\tNA\tWYC Donetsk 2013 - Matija MUHAR SLO - Javelin Throw Boys Final - Gold
BmtwW-CWOYI\t25\tNA\tWYC Donetsk 2013 - Lev SKORISH ISR - Pole vault Boys Final - Bronze
SLgQYkDYyCQ\t64\tNA\tWYC Donetsk 2013 - Keturah ORJI USA - Long Jump Girls Final - Silver
hr9Rnjlds38\t86\tNA\tWYC Donetsk 2013 - Harry COPPELL GBR -  Pole vault Boys final - Gold
r1UNQ61SGyQ\t76\tNA\tWYC Donetsk 2013 - Aníta HINRIKSDÓTTIR - 800m Girls Final - Gold
oTHy0KctS-c\t64\tNA\tWYC Donetsk 2013 - Dureti EDAO ETH - 800m Girls Final - Silver
P_Ndk0rJzIw\t37\tNA\tWYC Donetsk 2013 - Vítor Hugo DOS SANTOS BRA - 200m Boys Final - Silver
YNCozRGK67c\t113\tNA\tWYC Donetsk 2013 - Yomif KEJELCHA ETH - 3000m Boys Final - Gold
LqoFXQDs7_w\t51\tNA\tWYC Donetsk 2013 - Vedic KIPKOECH KEN - 3000m Boys Final - Silver
7YCQIwESARw\t77\tNA\tWYC Donetsk 2013 - Alexander Mutiso MUNYAO KEN - 3000m Boys Final - Bronze
XsTlJhpToDc\t83\tNA\tWYC Donetsk 2013 - Michael O'HARA JAM- 200m Boys Final - Gold
Bvs93WKdJb4\t32\tNA\tWYC Donetsk 2013 - Reynier MENA CUB - 200m Boys Final - Bronze
c4hN6Dlwb7k\t86\tNA\tWYC Donetsk 2013 - Iréne EKELUND SWE - 200m Girls Final - Gold
lWGMB8VLvAw\t30\tNA\tWYC Donetsk 2013 - Ángela TENORIO ECU - 200m Girls Final - Silver
yDbw9W80I7Y\t71\tNA\tWYC Donetsk 2013 - Ariana WASHINGTON USA - 200m Girls Final - Bronze
86nYN7JinXI\t128\tNA\tWYC Donetsk 2013 - Yaoqing FANG CHN - Triple jump Boys Final - Silver
Yr0g9T9IxeI\t33\tNA\tWYC Donetsk 2013 - Yang WANG CHN - 400m Hurldes Boys Final - Silver
4UNCGBnjak8\t111\tNA\tWYC Donetsk 2013 - Valeriia SEMENKOVA UKR - Hammer Throw Final Girls - Bronze
Sv4GPHpfvJs\t68\tNA\tWYC Donetsk 2013 - Tia-Adana BELLE BAR - 400m Hurldes Girls Final - Silver
9pbscRi6hxw\t30\tNA\tWYC Donetsk 2013 - Henning Prufer GER - Discus Throw Boys Final - Silver
s7HhAmpz9-Y\t46\tNA\tWYC Donetsk 2013 - Louisa GRAUVOGEL GER - Heptathlon - Bronze
Zl2mKjG6V9Q\t45\tNA\tWYC Donetsk 2013 - Lisa-Marie JACOBY GBR - 400m Hurldes Girls Final - Bronze
LWECdBrV37Q\t116\tNA\tWYC Donetsk 2013 - Kyle LANGFORD GBR - 800m Boys Final - Bronze
ziWYMNJWMnM\t29\tNA\tWYC Donetsk 2013 - Konstantin TOLOKONNIKOV RUS - 800m Boys Final - Silver
qO7gGk78xaI\t72\tNA\tWYC Donetsk 2013 - Jiaxu BAI CHN - hign jump Boys final - Silver
7hkk3uSW674\t38\tNA\tWYC Donetsk 2013 - Helga VOLGYI HUN - Hammer Throw Final Girls - Silver
eSPHErzmOn4\t73\tNA\tWYC Donetsk 2013 - Emma STENLÖF SWE - Heptathlon -Silver
gDEQpWE_u7Y\t56\tNA\tWYC Donetsk 2013 - Dimitri ANTONOV GER - Triple Jump Boys final - Bronze
XUbqSN-w4aQ\t86\tNA\tWYC Donetsk 2013 - Christoff BRYAN JAM - High Jump Boys Final - Bronze
VWV4oNEXZOg\t54\tNA\tWYC Donetsk 2013 - Alexa EFRAIMSON USA - 1500m Girls Final - Bronze
0uMBUjEgRBU\t13\tNA\tWYC Donetsk 2013 - Pole Vault Girls Final
1CsFhH1Hops\t21\tNA\tWYC Donetsk 2013 - High Jump Boys Final
UJmf5-FMpfo\t23\tNA\tWYC Donetsk 2013 - Heptathlon day2 afternoon session
xoUw_7s1rHI\t23\tNA\tWYC Donetsk 2013 - Hammer Throw Girls Final
yRnM5oD4oJk\t21\tNA\tWYC Donetsk 2013 - Discus Throw Boys Final
CpbUxvuNCx0\t23\tNA\tWYC Donetsk 2013 - 1500m Girls Final
qXx4_cjoVpQ\t23\tNA\tWYC Donetsk 2013 - 800 m Boys Final
8m1VyMmoaU4\t30\tNA\tWYC Donetsk 2013 - 400m Hurdles Girls Final
vnrKnjMg8Fo\t19\tNA\tWYC Donetsk 2013 - 400m Hurdles Boys Final
QVozPgjqM-I\t76\tNA\tWYC Donetsk 2013 - Sanghyeko WOO KOR - hign jump Boys final - Gold
37f5PRPlfW4\t19\tNA\tWYC Donetsk 2013 - Reynier MENA CUB - 200m Boys - Semi-final
xfYdc8SSaZ8\t65\tNA\tWYC Donetsk 2013 - Reka GYURATZ HUN - Hammer Throw Final Girls - GOLD
VR5R8BPt6T8\t54\tNA\tWYC Donetsk 2013 - Michael O'HARA JAM - 200m Boys - Semi-final
vSaGwyevNeI\t93\tNA\tWYC Donetsk 2013 - Matthew DENNY AUS - Discus Throw Boys Final - GOLD
AFFxPxMIzJI\t61\tNA\tWYC Donetsk 2013 - Marvin WILLIAMS JAM - 400m Hurldes Boys Final - Gold
Ch0qoSPuur4\t37\tNA\tWYC Donetsk 2013 - Lazaro MARTINEZ CUB - Triple Jump Boys final - Gold
swKwEgv8s2w\t77\tNA\tWYC Donetsk 2013 - Helene SWANEPOEL RSA - 400m Hurldes Girls Final - Gold
6V5Glm2KmU0\t46\tNA\tWYC Donetsk 2013 - Celina LEFFLER GER - Heptathlon - Gold
qFjWmZAoqvQ\t72\tNA\tWYC Donetsk 2013 - Alfred KIPKETER KEN - 800m Boys Final - Gold
DqNmMHZgjmc\t72\tNA\tWYC Donetsk 2013 - Thomas SOMERS GBR - 200m Boys - Semi-final
4LqFQVa3mz4\t56\tNA\tWYC Donetsk 2013 - Shannon HYLTON GBR - 200m Girls - Semi-final
-hHXMOTlZxA\t57\tNA\tWYC Donetsk 2013 - Irene EKELUND SWE - 200m Girls - Semi-final
ZYjwbVIpjus\t37\tNA\tWYC Donetsk 2013 - Hannah CUNLIFFE USA - 200m Girls - Semi-final
RRXoZw9_2YA\t63\tNA\tWYC Donetsk 2013 - Gina LUCKENKEMPER GER - 200m Girls - Semi-final
Z8KY-9OVwFs\t71\tNA\tMixed Zone | Divine Oduduru | IAAF World Youth Championships Donetsk 2013
4ZKr3OcqhGc\t70\tNA\tWYC Donetsk 2013 - Arianna WASHINGTON USA - 200m Girls - Semi-final
JC3pTs2juR8\t71\tNA\tWYC Donetsk 2013 - Celina LEFFLER GER - Heptathlon - day 2 morning session
LGpK-0SwAD0\t19\tNA\tWYC Donetsk 2013 - Medley Relay Boys JAM heat 4
CG8q6UdL34U\t86\tNA\tWYC Donetsk 2013 - Heptathlon Day 2 Morning Session
vGim2GL0Jmw\t26\tNA\tWYC Donetsk 2013 - Medley Relay Girls USA heat 3
Gv0wC33QYO0\t30\tNA\tWYC Donetsk 2013 - 10000m Walk Boys Final
zy3rC8UWoVk\t31\tNA\tWYC Donetsk 2013 - 5000m Walk Final Girls
hTecy_wxGRk\t69\tNA\tWYC Donetsk 2013 - Medley Relay Boys JAM
t4cLSIC6hgQ\t32\tNA\tWYC Donetsk 2013 - Medley Relay Boys USA
j2z-zAW605g\t70\tNA\tWYC Donetsk 2013 - Medley Relay Boys NGR
JO4CAKFwb0g\t26\tNA\tWYC Donetsk 2013 - Medley Relay Boys JPN
NiXFhE_D1DE\t78\tNA\tWYC Donetsk 2013 - Medley Relay Girls USA
WbPNO2_HKy8\t35\tNA\tWYC Donetsk 2013 - Toshikazu YAMANISHI JPN - 10000m Walk Boys - Gold
JSvlOTWM31E\t59\tNA\tWYC Donetsk 2013 - Medley Relay Girls JAM
lELoz2I6b6o\t44\tNA\tWYC Donetsk 2013 - Medley Relay Girls CAN
LFYzhaH3RVo\t49\tNA\tWYC Donetsk 2013 - Matthew DENNY AUS - Discus Throw Boys - Qualification
lBeBJjss-cU\t29\tNA\tWYC Donetsk 2013 - Maksim KRASNOV RUS - 10000m Walk Boys - Silver
K63zk1tY44k\t109\tNA\tWYC Donetsk 2013 - Diego GARCIA ESP - 10000m Walk Boys - Bronze
d_ZxqQao9rU\t130\tNA\tWYC Donetsk 2013 - Olga SHARGINA RUS - 5000m Walk Girls - Gold
ALL3xxWaLM8\t48\tNA\tWYC Donetsk 2013 - Noemi STELLA ITA - 5000m Walk Girls - Bronze
FPwCsaV42hs\t20\tNA\tWYC Donetsk 2013 - Momoko MIZOTA JPN - 5000m Walk Girls - Silver
7cnG6fFASVg\t34\tNA\tWYC Donetsk 2013 - Domantas POSKA LTU - Discus Throw Boys - Qualification
8ZWAPJKgoj8\t56\tNA\tWYC Donetsk 2013 - Tiffany JAMES JAM - 400m Girls Final - Bronze
kaU2Hr-mN3w\t78\tNA\tWYC Donetsk 2013 - Olivia BAKER USA - 400m Girls Final - Silver
ap2k1mLg910\t42\tNA\tWYC Donetsk 2013 - Keturah ORJI USA - Triple Jump Girls Final - Bronze
L3ok0mUCqvg\t60\tNA\tWYC Donetsk 2013 - Ryan CLARK USA - 400m Boys Final - Silver
M2NxzV315Fs\t50\tNA\tWYC Donetsk 2013 - Nicholas Kiptonui BETT KEN - 2000m Steeple Chase Final - Silver
f9aH1UGDGOw\t63\tNA\tWYC Donetsk 2013 - Matthew DENNY AUS - Hammer Throw Boys Final - Bronze
bO5iBKXpjvQ\t23\tNA\tWYC Donetsk 2013 - Pavel PALIAKOU BLR - Hammer Throw Boys FInal - Silver
uH_o1eiLp8M\t70\tNA\tWYC Donetsk 2013 - Yang LU CHN - 110m Hurdles Boys Final - Bronze
PByote2Qr2U\t59\tNA\tWYC Donetsk 2013 - Marlon HUMPHREY USA - 110m Hurdles Boys Final - Silver
Xxh3L-nHuC0\t20\tNA\tWYC Donetsk 2013 - Trilpe Jump Girls Final
SHxOV424erE\t16\tNA\tWYC Donetsk 2013 - High Jump Girls Final
4VI9roFZTLc\t32\tNA\tWYC Donetsk 2013 - Heptathlon Day1 Afternoon session
XnvaW1HQyg4\t28\tNA\tWYC Donetsk 2013 - Hammer Throw Boys Final
PJRjnSCI0v8\t31\tNA\tWYC Donetsk 2013 - 2000m Steeple chase Boys Final
1TBL-L_Q6-w\t26\tNA\tWYC Donetsk 2013 - 400m Girls Final
FmcomSHym0Y\t24\tNA\tWYC Donetsk 2013 - 400m Boys Final
kircA8XLapo\t23\tNA\tWYC Donetsk 2013 - 110m Hurdles Boys Final
VwNH2BbSlQg\t82\tNA\tWYC Donetsk 2013 - Sabrina BAKARE GBR - 400m Girls Final - Gold
Jp7UpFVQQU0\t64\tNA\tWYC Donetsk 2013 - Rhizlane SIBA MAR - High Jump Girls Final - Bronze
eu42O5IqF3g\t135\tNA\tWYC Donetsk 2013 - Meresa KAHSAY ETH - 2000m Steeple Chase Boys Final - Gold
MxQxabej1-I\t38\tNA\tWYC Donetsk 2013 - Matija GREGURIC CRO - Hammer Throw Boys Final - Gold
jy408KlS1F8\t72\tNA\tWYC Donetsk 2013 - Martin MANLEY JAM - 400m Boys Final - Gold
PCIZa58aUVM\t45\tNA\tWYC Donetsk 2013 - Julia DU PLESSIS RSA - High Jump Girls Final - Bronze
jV2IbzUBK1k\t115\tNA\tWYC Donetsk 2013 - Jaheel HYDE JAM - 110m Hurdles Boys Final - Gold
oSTF1Gca3bQ\t60\tNA\tWYC Donetsk 2013 - Eleanor PATTERSON AUS - High Jump Girls Final - Gold
3iAWcl-42rA\t65\tNA\tWYC Donetsk 2013 - Raevyn ROGERS USA - 800m Girls - SEMI-FINAL
M5J8muC6jOI\t47\tNA\tWYC Donetsk 2013 - Morgan LAKE GBR - Heptathlon - Day1 Afternoon
9ezdenABXuQ\t54\tNA\tWYC Donetsk 2013 - Georgia WASSALL AUS - 800m Girls SEMI-FINAL
_wo15Km65xc\t62\tNA\tWYC Donetsk 2013 - Emma STENLOF SWE - Heptathlon - Day1 Afternoon
scOaAZCrbpU\t74\tNA\tWYC Donetsk 2013 - Anita HINRIKSDOTTIR ISL - 800m Girls - SEMI-FINAL
PvJYLZJpjWE\t33\tNA\tWYC Donetsk 2013 - Isaiah MOORE USA - 110m H Boys - SEMI-FINAL
2Y5PWUam3Ow\t28\tNA\tWYC Donetsk 2013 - Pablo BUGALLO ESP - Javelin Throw - Qualification
5fwgpipsPXc\t60\tNA\tWYC Donetsk 2013 - Marlon HUMPHREY USA - 110m H Boys - SEMI-FINAL
qcQpWjLqO4Q\t59\tNA\tWYC Donetsk 2013 - Keandre BATES USA - Triple Jump Boys - Qualification
Be_UrUww1Zo\t63\tNA\tWYC Donetsk 2013 - Jaheel HYDE JAM - 110m H Boys - SEMI-FINAL
kDiTLIJxlCQ\t57\tNA\tWYC Donetsk 2013 - Christoph MULLER GER - Javelin Throw - Qualification
k5ymfoAjjH0\t51\tNA\tWYC Donetsk 2013 - 200m Girls Heat
y0oIPNV89qk\t58\tNA\tWYC Donetsk 2013 - Heptathlon morning session day 1
04Pptdw-3vQ\t43\tNA\tWYC Donetsk 2013 - 200m Boys Heat
JZXc7at-x50\t36\tNA\tWYC Donetsk 2013 - Pole Vault Boys Qualification
TO5ED2bLjBQ\t76\tNA\tWYC Donetsk 2013 - Morgan LAKE GBR - Heptathlon - Day1 morning
PSkUFzflmXk\t63\tNA\tWYC Donetsk 2013 - Ricardo FELICIANO PUR - 200m Boys - Heat
n6E1NqEkZ0I\t25\tNA\tWYC Donetsk 2013 - Reynier MENA CUB - 200m Boys - Heat
uKozHflmXyw\t56\tNA\tWYC Donetsk 2013 - Thomas SOMERS GBR - 200m Boys - Heat
m0LMLoHGzwo\t44\tNA\tWYC Donetsk 2013 - Michael O'HARA JAM - 200m Boys - Heat
uE6QA2pGfLQ\t73\tNA\tWYC Donetsk 2013 - Jonathan FARINHA TRI - 200m Boys - Heat
C62c86w6OnA\t41\tNA\tWYC Donetsk 2013 - Janeko CARTWRIGHT BAH - 200m Boys - Heat
8DIVFC6K3bI\t22\tNA\tWYC Donetsk 2013 - Helga VOLGYI HUN - Hammer Throw Girls - Qualification
Fi3KTVwp2Ds\t75\tNA\tWYC Donetsk 2013 - Ejowvokoghene Divine ODUDURU NGR - 200m Boys - Heat
H_m4ubzdkuk\t62\tNA\tWYC Donetsk 2013 - Reuberth BOYDE VIN - 200m Boys - Heat
cWZbJfyVnPM\t23\tNA\tWYC Donetsk 2013 - Nicole REINA ITA - 2000m Steeple Chase Girls - Qualification
O7sv1vNhLI0\t57\tNA\tWYC Donetsk 2013 - Harry COPPELL GBR - Pole Vault Boys - Qualification
K4P0TyBAqm8\t24\tNA\tWYC Donetsk 2013 - Arturo DELISER PAN - 200m Boys - Heat
I3aG4Ycn3Ig\t50\tNA\tWYC Donetsk 2013 - Shannon HYLTON GBR - 200m Girls - Heat
oJ8cPxu-D78\t60\tNA\tWYC Donetsk 2013 - Irene EKELUND SWE - 200m Girls - Heat
XzXjq-5PhnM\t63\tNA\tWYC Donetsk 2013 - Gina LUCKENKEMPER GER - 200m Girls - Heat
036gx8M26oA\t52\tNA\tWYC Donetsk 2013 - Audrey CIOFANI FRA - Hammer Throw Girls - Qualification
a5wMq7BL_C8\t30\tNA\tWYC Donetsk 2013 - Ariana WASHINGTON USA - 200m Girls - Heat
iuo4QZi1HSs\t23\tNA\tWYC Donetsk 2013 - Angela TENORIO ECU - 200m Girls - Heat
ad69cdh-coM\t53\tNA\tWYC Donetsk 2013 - Hannah CUNLIFFE USA - 200m Girls - Heat
Eu8vAvn1cng\t40\tNA\tWYC Donetsk 2013 - Yulenmis AGUILAR CUB - Javelin Throw Girls - Silver
g1wMMDSb13w\t87\tNA\tWYC Donetsk 2013 - Yaoging FANG CHN - LONG JUMP BOYS - SILVER
x7IYVE6u_4g\t63\tNA\tWYC Donetsk 2013 - Mikiah BRISCO USA - 100 m Hurdles Girls - BRONZE
2uUU4Aezak0\t66\tNA\tWYC Donetsk 2013 - Dior HALL USA - 100 m Hurdles Girls - SILVER
aQVvQU1IHtc\t52\tNA\tWYC Donetsk 2013 - Anete KOCINA LAT - Javelin Throw Girls - Bronze
7_uOft0gHng\t31\tNA\tWYC Donetsk 2013 - Octathlon Day 2 afternoon Session
HUlccTpGt0w\t78\tNA\tWYC Donetsk 2013 - Mo Youxue CHN - 100m Boys - GOLD
8NO64uf4HK0\t40\tNA\tWYC Donetsk 2013 - Yanique Thompson JAM - 100m Hurdles - GOLD
O51W7D_1J8I\t107\tNA\tWYC Donetsk 2013 - Mackenzie Little AUS - Javelin Girls - GOLD
Vpm7sTwszZE\t12\tNA\tWYC Donetsk 2013 - Anatoliy Ryapolov RUS - Long Jump - GOLD
9CK4TVUBsXA\t27\tNA\tWYC Donetsk 2013 - 100 m Boys FINAL
hX0cjKg1RfE\t28\tNA\tWYC Donetsk 2013 - 100 m Girls FINAL
kLPoRCohXCg\t36\tNA\tWYC Donetsk 2013 - 100 m Hurdles Girls FINAL
GkIXTANuvuM\t25\tNA\tWYC Donetsk 2013 - Javelin Throw Girls Final
E2nAOID5DLM\t29\tNA\tWYC Donetsk 2013 - Long Jump Boys Final
0RtZbfj2VGQ\t22\tNA\tWYC Donetsk 2013 - Shot Put Girls Final
LyhnW9_wZsY\t73\tNA\tWYC Donetsk 2013 - Karsten WARHOLM - OCTATHLON - GOLD
L_b8gTY5wrI\t17\tNA\tWYC Donetsk 2013 - Jan DOLEZAL CZE - OCTATHLON - BRONZE
kt1n-3lNzrs\t83\tNA\tWYC Donetsk 2013 - Ky WESTBROOK - 100m GIRLS - GOLD
35op5zz58pI\t58\tNA\tWYC Donetsk 2013 - Ariana WASHINGTON USA - 100m GIRLS - SILVER
8h5XIwJTVzM\t64\tNA\tWYC Donetsk 2013 - Yang WANG CHN - 400m H Boys - SEMI-FINAL
tsNL5-Jnx4w\t50\tNA\tWYC Donetsk 2013 - Tiffany JAMES JAM - 400m Girls - SEMI-FINAL
qCpZq31bKE8\t56\tNA\tWYC Donetsk 2013 - Sabrina BAKARE GBR - 400m Girls - SEMI-FINAL
nH_1_dmgACI\t77\tNA\tWYC Donetsk 2013 - Olivia BAKER USA - 400m Girls - SEMI-FINAL
xF2BZmesOas\t49\tNA\tWYC Donetsk 2013 - Okeen WILLIAMS JAM - 400m H Boys - SEMI-FINAL
0JFA6gKa0XE\t50\tNA\tWYC Donetsk 2013 - Marvin WILLIAMS JAM - 400m H Boys - SEMI-FINAL
EbO7byAEVsU\t25\tNA\tWYC Donetsk 2013 - Tiaan STEENKAMP RSA - High Jump Boys - Qualification
mzjjIX3zqUc\t44\tNA\tWYC Donetsk 2013 - Ojie EDOBURUN GBR - 100m Boys SEMI-FINAL
Jw31yBLh5d0\t64\tNA\tWYC Donetsk 2013 - Mario BURKE BAR - 100m Boys SEMI-FINAL
e7lywtQG5Y0\t33\tNA\tWYC Donetsk 2013 - Ashlie BLAKE USA - Shot Put Girls - Bronze
rzYt7WZ4cgE\t16\tNA\tWYC Donetsk 2013 - Reynier MENA CUB - 100m Boys SEMI-FINAL
D024FD3BJrc\t45\tNA\tWYC Donetsk 2013 - Patrick Kiprotich RONOH KEN - 800m SEMI-FINAL
dqnRg_Sa8S0\t33\tNA\tWYC Donetsk 2013 - Ky WESTBROOK USA 100m SEMI-FINAL
hGzDim6fu8Y\t20\tNA\tWYC Donetsk 2013 - Konstantin TOLOKONNIKOV RUS - 800m SEMI-FINAL
yUSNMhA5-wc\t39\tNA\tWYC Donetsk 2013 - Irene EKELUND SWE - 100m SEMI-FINAL
vRSvShc5a7U\t15\tNA\tWYC Donetsk 2013 - Angela TENORIO ECU - 100m SEMI-FINAL
4lMyRz3jKqg\t48\tNA\tWYC Donetsk 2013 - Alfred KIPKETER KEN - 800m SEMI-FINAL
LXpuOIEm-gE\t48\tNA\tWYC Donetsk 2013 - Ryan CLARK USA - 400m SEMI-FINAL
yLmKvdA2nCM\t29\tNA\tWYC Donetsk 2013 - Mohamed Nasir ABBAS QAT - 400m SEMI-FINAL
VUHVEikEj6E\t60\tNA\tWYC Donetsk 2013 - Martin MANLEY JAM - 400m SEMI-FINAL
yQ8f5kT4E40\t26\tNA\tWYC Donetsk 2013 - Ariana WASHIHGTON USA - 100m SEMI-FINAL
0wBVpWHOwn0\t68\tNA\tWYC Donetsk 2013 - Dior HALL USA - 100m Hurdles SEMI-FINAL
mziBw2-R5xI\t45\tNA\tWYC Donetsk 2013 - Yanique THOMPSON - 100m Hurdles SEMI-FINAL
wC1_Et_P_QY\t55\tNA\tWYC Donetsk 2013 - Rushelle BURTON JAM - 100m Hurdles SEMI-FINAL
WOzGzNUp5cI\t56\tNA\tWYC Donetsk 2013 - Chantal BUTZEK GER - 100m Hurdles SEMI-FINAL
kkD-seHbnIg\t42\tNA\tWYC Donetsk 2013 - Tia-Adana BELLE - 400m Hudles SEMI-FINAL
zFiuElU9nGE\t48\tNA\tWYC Donetsk 2013 - Zoe MCKINLEY USA - Pole Vault Qualification
8imfgnrT_dA\t31\tNA\tWYC Donetsk 2013 - Lisa-Marie JACOBY GER - 400m Hurdles SEMI-FINAL
UQRgtZOe4PE\t37\tNA\tWYC Donetsk 2013 - Lene Onsrud RETZIUS NOR - Pole Vault Qualification
uHQwiq5EBMM\t73\tNA\tWYC Donetsk 2013 - Karsten WARHOLM NOR - Octathlon Day 2 Morning
7Fc7gRN-Pz4\t62\tNA\tWYC Donetsk 2013 - Helene SWANEPOEL RSA - 400m SEMI-FINAL
6d1yFNFoHlA\t65\tNA\tWYC Donetsk 2013 - Georgia WASSALL AUS - 800m HEAT
lmLoqd-qGu0\t82\tNA\tWYC Donetsk 2013 - Eileen DEMES - 400m Hurdles SEMI-FINAL
dU-Av_eXOfU\t59\tNA\tWYC Donetsk 2013 - Blake HANEY USA - 1500 m HEAT
tDWZZs9c_hM\t51\tNA\tWYC Donetsk 2013 - Andrenette KNIGHT JAM - 400m Hurdles SEMI-FINAL
gmEvXPDG0w8\t59\tNA\tWYC Donetsk 2013 - 400 m Hurdles Girls - Semi-Final heat 3
qRCT0TsqQmE\t36\tNA\tWYC Donetsk 2013 - Shot Put Girls - Championships Record
zoPW_d4cl-Q\t52\tNA\tWYC Donetsk 2013 - Octathlon Boys - Morning Session Day 2
pIks2mGNwTg\t32\tNA\tWYC Donetsk 2013 - 110 m Hurdles Boys - Heat 5
5BMolz7GqHk\t52\tNA\tWYC Donetsk 2013 - Renee EYKENS BEL
qV_WC2S-_ew\t71\tNA\tWYC Donetsk 2013 - Raevyn ROGERS USA
4abMJF95wFE\t25\tNA\tWYC Donetsk 2013 - Naoya KAWAMURA JPN
_SAVsKs4ZUI\t64\tNA\tWYC Donetsk 2013 - Matthew BLOXHAM NZL
ExCOl5jOFV4\t37\tNA\tWYC Donetsk 2013 - Isaiah MOORE USA
7rsYbMZYaw8\t59\tNA\tWYC Donetsk 2013 - Marlon HUMPHREY USA
qOMK0Yx6jJg\t75\tNA\tWYC Donetsk 2013 - Jaheel HYDE JAM
8wOK-l5CBLA\t55\tNA\tWYC Donetsk 2013 - Ersula FARROW USA
hMhw4YNGV5s\t64\tNA\tWYC Donetsk 2013 - Gerard Mateu PORRAS ESP
Kk-UGiNIk4c\t84\tNA\tWYC Donetsk 2013 - Anita HINRIKSDOTTIR ISL
yeiN-omle9U\t25\tNA\tWYC Donetsk 2013 - Akos BODA HUN
mpWi2brOk8Y\t47\tNA\tWYC Donetsk 2013 - Takeshi OKADA JPN
NvD90l800Uw\t56\tNA\tWYC Donetsk 2013 - Matthew DENNY AUS
7pupT1xSnco\t24\tNA\tWYC Donetsk 2013 - Maksim ANDRALOITS BLR
y52ZdL58deI\t18\tNA\tWYC Donetsk 2013 - Emel DERELI TUR - Championship Record
4SPH__cNDo0\t55\tNA\tWYC Donetsk 2013 - Anika NEHLS GER
jpTOgWDlWzU\t147\tNA\tWYC Donetsk 2013 - Opening Ceremony Highlights
ChfiJD5Yte8\t62\tNA\tWYC Donetsk 2013 - Patrick Kiprotich RONOH KEN
i97_a6d9LWA\t93\tNA\tWYC Donetsk 2013 - Marc REUTHER GER
X0tYlfLBOrw\t71\tNA\tWYC Donetsk 2013 - Bailey ROTH USA
X6W6pmHFYjA\t55\tNA\tWYC Donetsk 2013 - Fabienne SCHONIG GER - Championships Record
S6a8QVGGVfE\t63\tNA\tWYC Donetsk 2013 - Ky WESTBROOK USA
_NAWytQPVMI\t45\tNA\tWYC Donetsk 2013 - Shot Put Boys Final
EpLRCz5dwb0\t32\tNA\tWYC Donetsk 2013 - Javelin Throw Girls Qualification
nuNAaSn6fwE\t36\tNA\tWYC Donetsk 2013 - Discus Throw Girls Final
z2I5oKUFgDg\t69\tNA\tWYC Donetsk 2013 - 3000m Girls Final
Zca0LlWSU9c\t86\tNA\tWYC Donetsk 2013 - Patrick MULLER GER - Shot Put - GOLD
RM-Dv8lQ8tQ\t15\tNA\tWYC Donetsk 2013 - Lilian kasait RENGERUK KEN - 3000m - GOLD
Q9yDNQTSbzQ\t69\tNA\tWYC Donetsk 2013 - Henning PRUFER GER Shot Put - SILVER
BdJQvO7sjO8\t60\tNA\tWYC Donetsk 2013 - Claudine VITA GER - Discus Throw - Silver
wl8mW1Pz5_s\t59\tNA\tWYC Donetsk 2013 - Jessie MADUKA GER
Bi1435GJVqU\t92\tNA\tWYC Donetsk 2013 - Karsten WARHOLM NOR
iO6RHpWHmgE\t59\tNA\tWYC Donetsk 2013 - Jonielle SMITH JAM
mSY88bLYnzg\t55\tNA\tWYC Donetsk 2013 - Irene EKELUND SWE
BZ2_U6dIlDU\t46\tNA\tEwa Swoboda Interview | IAAF World Youth Championships Donetsk 2013
5p3cdAvg4IM\t54\tNA\tWYC Donetsk 2013 - Annalisa SPADOTTO SCOTT ITA
lntCM8AIS0E\t45\tNA\tWYC Donetsk 2013 - Rai BENJAMIN ANT
m01CJEqJ_-k\t72\tNA\tWYC Donetsk 2013 - Okeen WILLIAMS JAM
hDPgx6f0BnY\t78\tNA\tWYC Donetsk 2013 - Matteo BERIA ITA
WWy9DiM6Z7A\t71\tNA\tWYC Donetsk 2013 - Marvin WILLIAMS JAM
Uc3zpnYzTvk\t61\tNA\tWYC Donetsk 2013 - Marlon HUMPHREY USA
GeFBNULi8ic\t84\tNA\tWYC Donetsk 2013 - Kenneth SELMON USA
KBnKbKRQG70\t58\tNA\tWYC Donetsk 2013 - Javier DELGADO ESP
TTfqWrszh0M\t54\tNA\tWYC Donetsk 2013 - Tia-adana BELLE BAR
ec7emm8uFgM\t43\tNA\tWYC Donetsk 2013 - Samantha GONZALEZ USA
bDuvzfVLB2s\t96\tNA\tWYC Donetsk 2013 - Helene SWANEPOEL RSA
k59rkyxVMgI\t69\tNA\tWYC Donetsk 2013 - Ewa OCHOCKA POL
Y87A_7rOttw\t56\tNA\tWYC Donetsk 2013 - Eileen DEMES GER
D2trHIE-A_c\t47\tNA\tWYC Donetsk 2013 - D'Jane KRIEDEMANN RSA
25EUcRUR3BM\t73\tNA\tWYC Donetsk 2013 - Waseem WILLIAMS JAM
J8VhuA96d0M\t50\tNA\tWYC Donetsk 2013 - Sean PENALVER GIB
M5j2v5maxS0\t62\tNA\tWYC Donetsk 2013 - Reuben ARTHUR GBR
4gIZ9G_ZYU4\t86\tNA\tWYC Donetsk 2013 - Ojie EDOBURUN GBR
qFkqghsv360\t49\tNA\tWYC Donetsk 2013 - Michael O'HARA JAM
kA6Ax3JMYiY\t36\tNA\tWYC Donetsk 2013 - Melissa GOMIS FRA
jaHv3AeLreE\t46\tNA\tWYC Donetsk 2013 - Mario BURKE BAR
niNsHo7wET8\t92\tNA\tWYC Donetsk 2013 - Lucanus ROBINSON CAN
G3m5D1UZTSM\t48\tNA\tWYC Donetsk 2013 - Anne Klebsch GER
4D07cyqYkpY\t48\tNA\tWYC Donetsk 2013 - Luca PALASTI HUN
qd86Ug-Acxw\t49\tNA\tWYC Donetsk 2013 - Kenzo COTTON USA
KZiuqaQT_TI\t37\tNA\tWYC Donetsk 2013 - Jaalen JONES USA
75QVeaSiSOg\t44\tNA\tWYC Donetsk 2013 - Ian KERR BAH
UVgQXu9roUU\t48\tNA\tWYC Donetsk 2013 - Ejowvokoghene Divine ODUDURU NGR
xwcv7u4jxqc\t39\tNA\tWYC Donetsk 2013 - Octathlon Boys morning day 1
0SgJmCRUjg0\t41\tNA\tWYC Donetsk 2013 - Discus Throw Girls Qualification
S7p28tNTMYU\t34\tNA\tWYC Donetsk 2013 - 1500 m Girls Heat 2
VnlkyXUYBO4\t39\tNA\tWYC Donetsk 2013 - 400 m Boys Heat 5
LU7vUMZMMSc\t40\tNA\tWYC Donetsk 2013 - 100 m Hurdles Girls Heat 1
qyGlPR1prA0\t60\tNA\tWYC Donetsk 2013 - Karsten WARHOLM NOR
E8Jm_Q3ndZ4\t41\tNA\tWYC Donetsk 2013  Gabriel MOORE USA
k-AEz6_4-o0\t55\tNA\tWYC Donetsk 2013 - Georgie TAYLOR GBR
63MrkbudoLY\t44\tNA\tWYC Donetsk 2013 - Lara KEMPKA GER
Q4e4WEnWbB4\t56\tNA\tWYC Donetsk 2013 - Alexa EFRAIMSON USA
Y2Don22edUM\t52\tNA\tWYC Donetsk 2013 - Alanna LALLY IRL
gZ43BuqKaxk\t60\tNA\tWYC Donetsk 2013 - Maria DIETZ GER
fl3s9IB241I\t74\tNA\tWYC Donetsk 2013 - Bobby CLAY GBR
YoUNXSA4z6o\t70\tNA\tWYC Donetsk 2013 - Jason YAW GUY
thglRmn2qrQ\t53\tNA\tWYC Donetsk 2013 - Martin MANLEY JAM
zKMSSw8pkDc\t54\tNA\tWYC Donetsk 2013 - Ryan CLARK USA
lKLHe4fWink\t40\tNA\tWYC Donetsk 2013 - Jordan JIMERSON USA
1kHWh5MLZl4\t41\tNA\tWYC Donetsk 2013 - Janeko CARTWRIGHT BAH
Duucp_RL0I4\t61\tNA\tWYC Donetsk 2013 - Eric MARTINSSON SWE
xDxbhOza5sQ\t70\tNA\tWYC Donetsk 2013 - Laurin WALTER GER
9XxJ8POL2WU\t51\tNA\tWYC Donetsk 2013 - Ian MUTUKU KEN
HZXfHgKb354\t71\tNA\tWYC Donetsk 2013 - Samuel BAIRD AUS
w4XOO3ICsvQ\t37\tNA\tWYC Donetsk 2013 - Eckhardt ROSSOUW RSA
hN-vN0Gt-iQ\t42\tNA\tWYC Donetsk 2013 - Lea FLEURY FRA
7hHkrIDowAM\t53\tNA\tWYC Donetsk 2013 - Siliane Van Cauwemberghe BEL
sZScxy0Rni4\t36\tNA\tWYC Donetsk 2013 - Yanique THOMPSON JAM
2vrXz-Du0VI\t47\tNA\tWYC Donetsk 2013 - Mikiah BRISCO USA
Xs0kPPcLdgk\t32\tNA\tWYC Donetsk 2013 - Rushelle Burton JAM
8S96-TatixA\t84\tNA\tWYC Donetsk 2013 - Moesha Howard GBR
e5R_wioAzQ4\t23\tNA\tWYC Donetsk 2013 - Emma Kosistinen FIN
9_2DIqXdxGE\t39\tNA\tWYC Donetsk 2013 - Chantal Butzek GER
7OqQ5E2qtkw\t37\tNA\tWYC Donetsk 2013 - Adriana Janic SWE
agjED-x4GTo\t35\tNA\tWYC Donetsk 2013 - Dior Hall USA
V5ez-L6DlY8\t230\tNA\tWYC Donetsk 2013 - Robeilys Peinado VEN - ITW
ssrRZwIcrZ0\t137\tNA\tWYC Donetsk 2013 - Morgan Lake GBR - ITW
QXNtHXg_r8g\t133\tNA\tWYC Donetsk 2013 - Ariana Washington USA - ITW
HGyqSp6hGbE\t142\tNA\tWYC Donetsk 2013 - One Day Before the Start!
THrQ1KyH2Oo\t249\tNA\tBackstage - SEIKO New Technologies
IbUft20FpfE\t76\tNA\tWCH Moscow 2013 - Dawn Harper - Preview
phoiWZxx3tk\t96\tNA\tWCH Moscow 2013 - Dwight Phillips - Preview
kdzeJzSanHg\t262\tNA\tWorld Challenge: 2013 IAAF World Challenge Beijing
OKYcMnc-44o\t268\tNA\tWorld Challenge: 7th Ponce Grand Prix 2013
d5rmdItYfSs\t208\tNA\tWorld Challenge: Grande Premio Brasil Caixa de Atletismo 2013
kKHPe849rNE\t291\tNA\tWorld Challenge: Seiko Golden Grand Prix 2013
QXV18OYhDMM\t306\tNA\tWorld Challenge: Melbourne World Challenge 2013
Z6LqBhzBtRc\t205\tNA\tRussian Champions at the past IAAF World Championships
fpJInlZOCsk\t172\tNA\tWCH Moscow 2013 - Trailer
hWFTgF50qBk\t173\tNA\tWYC Donetsk 2013 - Trailer
6EsnUj-vpxk\t583\tNA\tCombined Events  - TNT-Fortuna Meeting Kladno 2013
9Q7ucKPG2A0\t614\tNA\tCombined Events - Hypo-Meeting Gotzis 2013
2hU41KOrLiA\t298\tNA\tGold Label: BUPA Great Manchester Run 2013
-OaqOiIqjso\t299\tNA\tGold Label: Volkswagen Prague Marathon 2013
8_1jGYLjnhQ\t269\tNA\tRace Walking: Podebrady 2013
944CF7olB_U\t217\tNA\tRace Walking: 22º Grande Prémio Internacional de Rio Maior em Marcha Atlética
OO3rSwm_g_M\t249\tNA\tGold Label: Virgin London Marathon 2013
clWltwYxaEs\t435\tNA\tUncut - 110m Hurdles Men Final WJC Grosseto 2004
88vaihR8DnI\t737\tNA\tWorld Record | Men's 200m Final | World Athletics Championships Berlin 2009
1oFsMecrUe4\t554\tNA\tCombined Events - 26. Multistars Trofeo Zerneri Acciai - Firenze 2013
aYWaTEjrwNo\t286\tNA\tRace Walking - Coppa Città - Sesto San Giovanni 2013
kIPVMHGXs1Y\t297\tNA\tGold Label: Maratona di Roma Acea 2013
GiHCOSgpzYA\t85\tNA\tWorld Records - High Jump Women Final Rome 1987
D6znp0FzYPw\t334\tNA\tLegends of Athletics - Dick Fosbury - Part 03
rReVQMVuRTo\t333\tNA\tUncut - Pole Vault Men Final Stuttgart 1993
nK1qM3BFwEo\t468\tNA\tLegends of Athletics - Dick Fosbury - Part 02
0uaVNmA9PqY\t647\tNA\tLegends of Athletics - Dick Fosbury - Part 01
ywJC6u0VcnU\t315\tNA\tGold Label: Hervis Prague Half Marathon 2013
2DDb8jidy9o\t354\tNA\tGold Label: Seoul International Marathon 2013
fuiNv_4hx10\t353\tNA\tGold Label: Nagoya Women's Marathon 2013
3OegC0dcB3c\t660\tNA\tLegends of Athletics - Nawal El Moutawakel
rYIzBnI8Wbg\t271\tNA\tUncut - 800m Women Final Athens 1997
iJMcoz5rv2E\t194\tNA\tGold Label: EDP Half Marathon of Lisbon 2013
C5YeXhwvZHM\t301\tNA\tGold Label: 68th Lake Biwa Mainichi Marathon 2013
Epy0q290ydI\t309\tNA\tLegends of Athletics - Steve Cram
gcIA6cynX-U\t125\tNA\tUncut - 110m Hurdles Men Final Helsinki 1983
TCvs7uYhK6A\t438\tNA\tWomen's 200m Final | World Athletics Championships Helsinki 2005
CIRoQfY-EWs\t872\tNA\tLegends of Athletics - Tomas Dvorak
QNLQWtNrb3Y\t141\tNA\tA to X - Combined Events: Decathlon Heptathlon
Yqh6P07L8TE\t133\tNA\tA to X - Long Distance: Marathon
dYiuCiZ_IPk\t116\tNA\tA to X - Middle Distance: Steeplechase
Q0gKjDquz7Y\t123\tNA\tA to X - Sprint: 400m
cIrzOCaGJJk\t125\tNA\tA to X - Middle Distance: 1500m
TjEiCJb1NqE\t126\tNA\tA to X - Throw: Discus
Dn1-eF5n0nQ\t99\tNA\tA to X - Sprint: 4x400m Relays
NXbmQadT5k0\t134\tNA\tA to X - Sprint: 4x100m Relays
p02Arbz6UWw\t121\tNA\tA to X - Vertical Jump: High Jump
MrUMkIQ-oWk\t117\tNA\tA to X - Sprint: 200m
3iFkOEVRZOI\t123\tNA\tA to X - Horizontal Jumps: Triple Jump
AN1HOf5-II0\t132\tNA\tA to X - Sprint: Hurdles
Aer1OR2_8NA\t189\tNA\tWXC Bydgoszcz 2013 - Junior Men's Race
XSnBxR__-Mw\t188\tNA\tWXC Bydgoszcz 2013 - Junior Women's race
XxthJtmVYvg\t191\tNA\tWXC Bydgoszcz 2013 - Senior Women's Race
H7zbS7CvrBA\t189\tNA\tWXC Bydgoszcz 2013 - Senior Men's Race
ObTEFdgMgQM\t145\tNA\tWXC Bydgoszcz 2013 - Interview: Ben True USA
VKAER4QcTv0\t57\tNA\tWXC Bydgoszcz 2013 - Interview: Japhet Korir KEN
y4LiOAS1k8M\t193\tNA\tWXC Bydgoszcz - interview: Neely Spence USA
Jb-NMQ2OjNI\t162\tNA\tWXC Bydgoszcz - interview: Beleynesh Oljira ETH
-Z3sAFEVBX8\t90\tNA\tWXC Bydgoszcz 2013 - Interview: Emily Chebet KEN
VtIF6Solg5w\t109\tNA\tWXC Bydgoszcz 2013 - Interview: Leonard Barsoton KEN
vUH3hephL_o\t49\tNA\tWXC Bydgoszcz 2013 - Interview: Hagos Gebrhiwet ETH
dKGMmZ_9Zhg\t97\tNA\tWXC Bydgoszcz 2013 - Interview: Faith Kipyegon KEN
_LPTZ5YlP4s\t110\tNA\tWXC Bydgoszcz 2013 - Interview: Bobby Clay GBR
wvxmy9ERsfg\t121\tNA\tA to X - Throw: Hammer
UkMFmsjqOyE\t129\tNA\tA to X - Middle Distance: 800m
lad4GU2uQcQ\t109\tNA\tA to X - Throw: Shot Put
Pgl7hWaauIk\t133\tNA\tA to X - Long Distance: 10,000m
vnmyMwOvAaA\t134\tNA\tA to X - Long Distance: 5,000m
CRkWtLAJews\t133\tNA\tA to X - Vertical Jump: Pole Vault
ido48wGuRlg\t141\tNA\tA to X - Sprint: 400m Hurdles
Bw-mp_ei7WA\t82\tNA\tA to X - Throw: Javelin
6YZTVEBzqSY\t77\tNA\tA to X - Long Distance Walking: 50K
Alr_ccDy3vI\t153\tNA\tA to X - Horizontal Jump: Long Jump
xM__33rfJNA\t119\tNA\tA to X - Sprint: 100m
HZchQ9sh-LE\t268\tNA\tWorld Record | Women's 400m Final | IAAF World Championships Helsinki 1983
XxsGR-EfTUU\t200\tNA\tUncut - 200m Men Final Goteborg 1995
VLwKJE29Q5Y\t398\tNA\tLegends of Athletics - Mike Powell
khQbsHEp-AI\t590\tNA\tUncut - 3000m Steeplechase Men Final Goteborg 1995
tEvjais0-Kg\t306\tNA\tGold Label: Roma-Ostia Half Marathon 2013
gtGReVB7Q90\t554\tNA\tLegends of Athletics - Maurice Greene
GjSkL1MGWlY\t687\tNA\tUncut - 10,000m Men Final Goteborg 1995
AQERfFPncJk\t97\tNA\tWCH 2011 Daegu -Trailer
udlrRIYBUsw\t340\tNA\tWorld Record - 400m Men Final Sevilla 1999
JZdDT-xK5eE\t262\tNA\tUncut - 200m Men Final Athens 1997
UzrPuJYYNzM\t289\tNA\tGold Label: Xianmen International Marathon 2013
WcPl4Lrg7so\t487\tNA\tLegends of Athletics - Willie Banks
ZNOwJFi5u_c\t401\tNA\tUncut - 1500m Men Final Sevilla 1991 (World Indoor Championships)
3Ysqp8mPZic\t433\tNA\tWJC 2004 Grosseto - 4x400m Men Semi-Final Heat 2/3
wJAHqPaqvGA\t117\tNA\tWYC 1999 Bydgoszcz - 110m Hurdles Men Final
-i-ubgv2JB4\t279\tNA\tWJC 2004 Grosseto - 4x400m Men Semi-Final Heat 1/3
p3HJaX6wwqs\t716\tNA\tLegends of Athletics - Bob Beamon
nOM4V1RnB50\t136\tNA\tBackstage - Meet the Media
QQBF913pJh0\t242\tNA\tWorld Record - 110m Hurdles Men Final Stuttgart 1993
ExH10AdaEHQ\t201\tNA\tLegends of Athletics - Iwan Thomas
W9hy4ryMD90\t780\tNA\tUncut - 100m Men Final Daegu 2011
1639h3ftQIc\t370\tNA\tUncut - Marathon Men Berlin 2009
U-MKpg-ndTA\t105\tNA\tBackstage - 4x100m Men Final Medal Ceremony in Daegu 2011
oM22EXaH4AQ\t372\tNA\tWJC 2004 Grosseto - 4x400m Men Final
wkHu1BrDnKQ\t113\tNA\tBackstage - Medal Engraving Daegu
i1RqgzE1h08\t349\tNA\tUncut - 400m Hurdles Men Final Edmonton 2001
8gSOKcda-OQ\t626\tNA\tWorld Record - 100m Men Final Tokyo 1991
AxvDku19_IM\t261\tNA\tWorld Record - Long Jump Men Final Tokyo 1991
40IIbPaLZv8\t327\tNA\tUncut - 800m Men Final Athens 1997
ol9fiOAditk\t572\tNA\tWorld Record | Men's 100m Final | World Athletics Championships Berlin 2009
FPbnyX_jU-M\t269\tNA\tLegends Of Athletics - Don Quarrie
R7moUh0iC_0\t102\tNA\tBackstage - Usain Bolt Mania
yZdXqJiseMg\t180\tNA\tWorld Record - 50K Walk Men Paris 2003
U9CtDzObWWM\t759\tNA\tA look Back - Yohan Blake
wKX2jpJZIQc\t69\tNA\tFemale Athletes of the Year 2012
hxCpo6A4IZs\t96\tNA\tMale Athletes of the Year 2012
Jr2rm0IyhwQ\t69\tNA\tFemale Athlete of the Year 2012
hG3b0LZ_qo4\t96\tNA\tMale Athlete of the Year 2012
nHNW6tGIWdY\t405\tNA\tUncut - Javelin Women Final  Berlin 2009
ozMvLoNBM3Q\t133\tNA\tBackstage - Mixed Zone
507b-MQ67oI\t486\tNA\tUncut - 110m Hurdles Men Final Helsinki 2005
cSbkWvxfcto\t604\tNA\tA look Back - Tyson Gay
-An2M3y_5Ys\t344\tNA\tLegends of Athletics - Renaldo Nehemiah
6OLDzu5TmNc\t236\tNA\tWorld Record - Triple Jump Men Goteborg 1995
Q6eEkUjGowo\t450\tNA\tA Look Back - Usain Bolt
ARyIKu9N54Q\t385\tNA\tLegends of Athletics - Michael Johnson
v1QpjFP4Xm8\t291\tNA\tA look Back - Veronica Campbell-Brown
5SgecMzTJ60\t228\tNA\tBackstage - SEIKO: Timing Athletics
yagjzluOQMs\t164\tNA\tBackstage - TBS
Ibe_l7SlwhM\t316\tNA\tA look Back - David Rudisha
buhWWjTYMGA\t156\tNA\tOn the spot - IAAF Centenary Historic Exhibition
44GP0Co8IR0\t201\tNA\tMen's 4x100m Relay Final | IAAF World Championships Daegu 2011
u1iskst_ckw\t483\tNA\tMen's 1500m Final | IAAF World Championships Paris 2003
SDXVk8hsyZM\t324\tNA\tWomen's High Jump Final | IAAF World Championships Berlin 2009
1mcJHJcX2HY\t215\tNA\tWorld Record - Pole Vault Women Final Helsinki 2005
tSvO21Cpc4Q\t147\tNA\tIAAF TV Magazine
BLTOTjVYiuE\t19\tNA\tIstanbul 2012 Competition: Triple Jump Men - Will Claye USA
QacSWR8c-8Y\t17\tNA\tIstanbul 2012 Competition: PoleVault Women Final - Yelena Isinbaeva RUS
Ivq9_wPFNs4\t21\tNA\tIstanbul 2012 Competition: Long Jump Women Final - Brittney Reese USA
UZCqWrtuRXI\t15\tNA\tIstanbul 2012 Competition: High Jump Men Final - Dimitrios Chondrokoukis GRE
W-DuqwX5XXQ\t17\tNA\tIstanbul 2012 Competition: 3000m Women Final - Hellen Onsando Obiri KEN
JH2db7NWN7w\t15\tNA\tIstanbul 2012 Competition: 3000m Men Final - Bernard Lagat USA
Wz9xJ0BSGVc\t17\tNA\tIstanbul 2012 Competition: 800m Women Final - Pamela Jelimo KEN
9vJGS6RhOhU\t14\tNA\tIstanbul 2012 Competition: 800m Men Final - Mohammed Aman ETH
0_86oUqwVI0\t25\tNA\tIstanbul 2012 Competition: 60m Women Final - Veronica Campbell-Brown JAM
LmJQqZKdiYs\t25\tNA\tIstanbul 2012 Competition: 60m Hurdles Men Final - Aries Merritt USA
da9Kxv1F98M\t95\tNA\tIstanbul 2012 Mixed Zone: Veronica Campbell-Brown JAM
NFeCjTWbvPs\t72\tNA\tIstanbul 2012 Mixed Zone: Yelena Isinbayeva RUS
PnBQXYmU0Qk\t142\tNA\tIstanbul 2012 Mixed Zone: Aries Merritt USA
7N2vHB2EE2I\t83\tNA\tIstanbul 2012 Mixed Zone: Will Claye USA
rZ1XVw4bT50\t15\tNA\tIstanbul 2012 Mixed Zone: Dimítrios Chondrokoúkis GRE
EasSTy2glac\t50\tNA\tIstanbul 2012 Mixed Zone: Mohammed Aman ETH
uYzXGsdUXF8\t93\tNA\tIstanbul 2012 Mixed Zone: 4X400m Women Final - Great Britain
b7WZO7qJ6r8\t21\tNA\tIstanbul 2012 Mixed Zone: 4X400m Women Final - Sanya Richard USA
7MVmOfbEdrI\t90\tNA\tIstanbul 2012 Mixed Zone: Vanessa Boslak FRA
YAvJLpLQRig\t98\tNA\tIstanbul 2012 Mixed Zone: Holly Bleasedale GBR
NbRhOwNaadM\t75\tNA\tIstanbul 2012 Mixed Zone: Pamela Jelimo KEN
JEx0lMnHero\t44\tNA\tIstanbul 2012 Mixed Zone: Hellen Onsando Obiri KEN
vzVKrzoYax4\t50\tNA\tIstanbul 2012 Mixed Zone: Brittney Reese USA
nlU8glTm9wM\t28\tNA\tIstanbul 2012 Mixed Zone: Liu Xiang CHN
w2Tn_meC14g\t53\tNA\tIstanbul 2012 Mixed Zone: Pascal Martinot-Lagarde FRA
3M2mNRaYN1c\t45\tNA\tIstanbul 2012 Mixed Zone: Muriel Ahouré CIV
0LR3-5f7K0g\t53\tNA\tIstanbul 2012 Mixed Zone: Ivet Lalova BUL
0yY6G8sNoNg\t89\tNA\tIstanbul 2012 Mixed Zone: Bernard Lagat USA
kR2K8YFZOJY\t126\tNA\tIstanbul 2012 Mixed Zone: Augustine Kiprono Choge KEN
_d1YjMs1sic\t17\tNA\tIstanbul 2012 Competition: Heptathlon WR - Ashton Eaton USA
dm4sCMN5NMM\t18\tNA\tIstanbul 2012 Competition: Shot Put Women Final - Valérie Adams NZL
k36BtTgutCc\t16\tNA\tIstanbul 2012 Competition: PoleVault Men Final - Renaud Lavilenie FRA
YnhO9Gfsn8I\t20\tNA\tIstanbul 2012 Competition: Long Jump Men Final - Mauro Vinicius da Silva BRA
LQgtlN-qArc\t22\tNA\tIstanbul 2012 Competition: 1500m Women Final - Genzebe Dibaba ETH
pV3NObUtR7I\t12\tNA\tIstanbul 2012 Competition: High Jump Women Final - Chaunte Lowe USA
ko63xrYWTPg\t16\tNA\tIstanbul 2012 Competition: 1500m Men Final - Abdalaati Iguider MAR
Ah6Rgy1vnj4\t16\tNA\tIstanbul 2012 Competition: 400m Women Final - Sanya Richards-Ross USA
9pIDfV3klPE\t10\tNA\tIstanbul 2012 Competition: 400m Men Final - Nery Brenes CRC
FnnzwRCNBb8\t37\tNA\tIstanbul 2012 Competition: 60m hurdles Women Final - Sally Pearson
ubU3Hxvf__4\t135\tNA\tIstanbul 2012 Mixed Zone: Nery Brenes CRC
lF8rvU_afO4\t55\tNA\tIstanbul 2012 Mixed Zone: Mauro Vinicius Da Silva BRA
sJInaGqlng4\t101\tNA\tIstanbul 2012 Mixed Zone: Sally Pearson AUS
HNO8gEcxUg8\t49\tNA\tIstanbul 2012 Mixed Zone: Alina Talay BLR
MRTIJyI1qN8\t61\tNA\tIstanbul 2012 Mixed Zone: Chaunte Lowe USA
rOKwy9sYdak\t37\tNA\tIstanbul 2012 Mixed Zone: Antonietta Di Martino ITA
30petZo4bAY\t29\tNA\tIstanbul 2012 Mixed Zone: Kirani James GRN
McE3pa7RZyI\t50\tNA\tIstanbul 2012 Mixed Zone: Valerie Adams NZL
X44gWHZFmTA\t85\tNA\tIstanbul 2012 Mixed Zone: Renaud Lavilenie FRA
prtCzyocZo0\t66\tNA\tIstanbul 2012 Mixed Zone: Sanya Richards-Ross USA
6pxhWrgcCws\t33\tNA\tIstanbul 2012 Mixed Zone: Aleksandra Fedanva RUS
Bu5tYfuBkDo\t49\tNA\tIstanbul 2012 Mixed Zone: Abdalaah Iguider MAR
ZjOXT-qanu4\t28\tNA\tIstanbul 2012 Mixed Zone: Ilham Tani Ozbilen TUR
IZ8ea-AQxJg\t73\tNA\tIstanbul 2012 Mixed Zone: Ashton Eaton USA
6eQtMb5pNDI\t25\tNA\tIstanbul 2012 Mixed Zone: Artem Lukyanenko RUS
nkIzCGZznaw\t30\tNA\tIstanbul 2012 Mixed Zone: Olga Rypakova KAZ
VqkoaRSLIko\t33\tNA\tIstanbul 2012 Mixed Zone: Yarmilé Albama GBR
VdPxvgldU6E\t29\tNA\tIstanbul 2012 Mixed Zone: Asli Cakir Alptekin TUR
NTNYgs3aHTc\t9\tNA\tIstanbul 2012 Mixed Zone: Trell Kimmons USA
zdgYpJBgTXc\t111\tNA\tIstanbul 2012 Competition: Hephtatlon Day 02 Morning Session - Ashton Eaton USA
8zLOaIRpAT4\t30\tNA\tIstanbul 2012 Competition: 60m Women Qualification - Veronica Campbell-Brown JAM
2kaDaOwn57g\t29\tNA\tIstanbul 2012 Competition: 60m Hurdles Men Qualifications - Liu Xiang CHN
GsNQEywtg3g\t55\tNA\tIstanbul 2012 Mixed Zone: Mutaz Essa Barshim QAT
EoYKYsu-exk\t50\tNA\tIstanbul 2012 Mixed Zone: Andrey Silnov RUS
HDPx5kmf1Xk\t46\tNA\tIstanbul 2012 Mixed Zone: Brittney Reese USA
-tgNeE1Ci5E\t49\tNA\tIstanbul 2012 Mixed Zone: Shara Proctor GBR
LMYT9pgz8KA\t59\tNA\tIstanbul 2012 Mixed Zone: Mohammed Aman ETH
pKDJaPIFWJU\t66\tNA\tIstanbul 2012 Mixed Zone: Michael Rutt USA
rpr5RHkoPcI\t72\tNA\tIstanbul 2012 Mixed Zone: Veronica Campbell-Brown JAM
7ecY_TmYXHM\t76\tNA\tIstanbul 2012 Mixed Zone: Murielle Ahoure CIV
yTMK3JlXf_s\t37\tNA\tIstanbul 2012 Mixed Zone: Ivet Lalova BUL
Psq6rbxVm9w\t53\tNA\tIstanbul 2012 Mixed Zone: Barbara Pierre USA
WpMRy5pdSmo\t51\tNA\tIstanbul 2012 Mixed Zone: Gloria Asumnu NGR
GKK5TIAtfI8\t43\tNA\tIstanbul 2012 Mixed Zone: Audrey Alloh ITA
3wT8hExtD6M\t39\tNA\tIstanbul 2012 Mixed Zone: Ashton Eaton USA
7RafPsC-Fa8\t28\tNA\tIstanbul 2012 Mixed Zone: Christian Taylor USA
NAPJen1_wwE\t39\tNA\tIstanbul 2012 Mixed Zone: Aries Merritt USA
2oNBX-2PsSU\t34\tNA\tIstanbul 2012 Mixed Zone: Emanuele Abate ITA
oJ-pXd-MXI8\t27\tNA\tIstanbul 2012 Mixed Zone: Andrew Pozzi GBR
GELBObk839M\t99\tNA\tIstanbul 2012 Competition: Penthatlon - World Record - Natallia Dobrynska
fMKErX9m_Mw\t47\tNA\tIstanbul 2012 Competition:  Shot Put Men Final - Ryan Whiting USA
cGIgQ_Q9D5o\t78\tNA\tIstanbul 2012 Mixed Zone: Ryan Whiting USA
sXzx0YC22jA\t30\tNA\tIstanbul 2012 Competition: 60m Hurdles Women Qualification - Sally Pearson AUS
QTNmfr9rzAw\t46\tNA\tIstanbul 2012 Mixed Zone: David Storl GER
C4ZbSOsjLng\t73\tNA\tIstanbul 2012 Mixed Zone: Natallia Dobrynska UKR
TwF3USANk8g\t37\tNA\tIstanbul 2012 Mixed Zone: Jessica Ennis GBR
ZitpcYqFaKY\t170\tNA\tIstanbul 2012 Mixed Zone: Tatyana Chernova RUS
w-DTc25gse4\t40\tNA\tIstanbul 2012 Mixed Zone: Mauro Vinicius da Silva BRA
ACqTE48rjUI\t8\tNA\tIstanbul 2012 Mixed Zone: Mo Farah GBR
hIh8AQ8lu0A\t73\tNA\tIstanbul 2012 Mixed Zone: Graig Motram AUS
GlGLTxEjQWI\t110\tNA\tIstanbul 2012 Mixed Zone: Edwin Sui KEN
Vyjamjpo6Hc\t40\tNA\tIstanbul 2012 Mixed Zone: Trell Kimmons USA
BEPTyCMamtA\t71\tNA\tIstanbul 2012 Mixed Zone: Justyn Warner CAN
IJeWPAdMirE\t134\tNA\tIstanbul 2012 Mixed Zone: Emmanuel Biron FRA
naq5-20SPNQ\t22\tNA\tIstanbul 2012 Mixed Zone: Sally Pearson AUS
nfExz5BIt9M\t57\tNA\tIstanbul 2012 Mixed Zone: Marzia Caravelli ITA
fqx8Q-vR3zk\t33\tNA\tIstanbul 2012 Mixed Zone: Tiffany Porter GBR
_eaU7MC_QcY\t43\tNA\tIstanbul 2012 Mixed Zone: Alina Talay BLR
u5ZDFGQyXtI\t17\tNA\tIstanbul 2012 Competition: 400m Women Qualification - Sanya Richards USA
b4J8yEx4wSQ\t12\tNA\tIstanbul 2012 Competition: 400m Men Qualification - Kirani James GRN
ZJKwP17_gww\t31\tNA\tIstanbul 2012 Competition: Shot Put Men Qualification - David Storl GER
t300dUgsZg4\t70\tNA\tIstanbul 2012 Competition: Pentathlon Morning Session - Jessica Ennis GBR
4jiuaq9pTGk\t51\tNA\tIstanbul 2012 Competition: Heptathlon Morning Session - Ashton Eaton USA
Z2JXOn1CH_Q\t82\tNA\tIstanbul 2012 Mixed Zone: Chris Brown BAH
-COMy4wp4Pk\t16\tNA\tIstanbul 2012 Mixed Zone: Ilham Tanui Özbilen TUR
m2823ebIL80\t20\tNA\tIstanbul 2012 Mixed Zone: Kirani James GRN
6uNBLLGcEO4\t68\tNA\tIstanbul 2012 Mixed Zone: Tia Hellebault BEL
1DRlXA0rLe4\t60\tNA\tIstanbul 2012 Mixed Zone: Richard Buck GBR
Lm6pce-YV48\t26\tNA\tIstanbul 2012 Mixed Zone: Nigel Levine GBR
8tdunFNK7M4\t40\tNA\tIstanbul 2012 Mixed Zone: Gil Roberts USA
R7HEZTePXjA\t36\tNA\tIstanbul 2012 Mixed Zone: Demetrius Pinder BAH
KUvVeYQHLtw\t45\tNA\tIstanbul 2012 Mixed Zone: Meseret Defar ETH
P7EUokjzP2g\t117\tNA\tIstanbul 2012 Mixed Zone: Gelete Burka ETH
nNNn6y8LVoI\t66\tNA\tIstanbul 2012 Mixed Zone: Tomasz Majewski POL
rVkqfNrXSFk\t90\tNA\tIstanbul 2012 Mixed Zone: Timothy Kitum KEN
BDfdtULW1CQ\t80\tNA\tIstanbul 2012 Mixed Zone: Joe Thomas GBR
B6e8j-zo_tc\t118\tNA\tIstanbul 2012 Mixed Zone: Jakub Holuša CZE
NX97iT7LCLM\t98\tNA\tIstanbul 2012 Mixed Zone: Boaz Kiplagat Lalang KEN
OeGOTMTVjNc\t67\tNA\tIstanbul 2012 Mixed Zone: Reese Hoffa USA
cBhN0wabQ5w\t51\tNA\tIstanbul 2012 Mixed Zone: Sanya Richard-Ross USA
lNTEK7hEbF4\t32\tNA\tIstanbul 2012 Mixed Zone: Natasha Hastings USA
EADR-KK_J9s\t40\tNA\tIstanbul 2012 Mixed Zone: Shana Cox GBR
AHawBsYmrIY\t60\tNA\tIstanbul 2012 Mixed Zone: Antonio Manuel Reina ESP
e8gh5X3zEN8\t28\tNA\tIstanbul 2012 Preview: Tatyana Chernova RUS
0DE7yAF2NPE\t28\tNA\tIstanbul 2012 Preview: Mesert Defar ETH
dli8aIAkhvc\t48\tNA\tIstanbul 2012 Preview: Jesse Williams USA
_r-8heBqzYY\t22\tNA\tIstanbul 2012 Preview: Christian Taylor USA
2VuygLB-8XQ\t43\tNA\tIstanbul 2012 Preview: Brittney Reese USA
iHP56K5aE7s\t56\tNA\tIAAF World Indoor Championships Istanbul 2012 Preview
em4TqFUK6uY\t543\tNA\tIAF GALA 2011 - IAAF President Lamine DIACK - Usain BOLT - Sally PEARSON
Cw5d5Tk8X9I\t57\tNA\tFrom Daegu 2011 Mixed Zone: Jamaica Relay Team
kgFBOglZINM\t26\tNA\tFrom Daegu 2011 Mixed Zone: Mohamed Farah GBR
OL69_k85G8Y\t22\tNA\tFrom Daegu 2011 Mixed Zone: Mariya Savinova RUS
V54hVcaeG8M\t10\tNA\tFrom Daegu 2011 Mixed Zone: Christian Taylor USA
GfhZOYAqE0E\t18\tNA\tFrom Daegu 2011 Mixed Zone: Carmelita Jeter - 4X100m Women - USA
O0_PySrMzT4\t39\tNA\tFrom The Daegu 2011 Mixed Zone: Usain Bolt JAM
5oCIxFoDc2k\t56\tNA\tFrom The Daegu 2011 Mixed Zone: Christophe Lemaitre FRA
wwughyLQzSk\t26\tNA\tFrom The Daegu 2011 Mixed Zone: Sally Pearson AUS
2Tqc9cQ-jZ4\t24\tNA\tFrom The Daegu 2011 Mixed Zone: Matthias de Zordo GER
J_80g6FyYxk\t45\tNA\tFrom The Daegu 2011 Mixed Zone: Blanka Vlasic CRO
C47V70YDXpo\t30\tNA\tFrom The Daegu 2011 Mixed Zone: Danielle Carruthers USA
fT_Gg2jt4EU\t55\tNA\tFrom The Daegu 2011 Mixed Zone: Silas Kiplagat KEN
AG1cr_9EfuU\t24\tNA\tFrom The Daegu 2011 Mixed Zone: Asbel Kiprop KEN
4pLwwUjvYB4\t33\tNA\tFrom The Daegu 2011 Mixed Zone: Veronica campbell-brown JAM
6J5ag9TJfzI\t26\tNA\tFrom The Daegu 2011 Mixed Zone: Vivian jepkemoi Cheruiyot KEN
7PNjrQruAiw\t25\tNA\tFrom The Daegu 2011 Mixed Zone: Sylvia Kibet KEN
BVQ8wLHjf60\t41\tNA\tFrom The Daegu 2011 Mixed Zone: Sunette Viljoen RSA
mJYYYC9XnsY\t40\tNA\tFrom The Daegu 2011 Mixed Zone: Dwight Phillips USA
CFnTdArrHrE\t18\tNA\tFrom The Daegu 2011 Mixed Zone: Dylan Armstrong CAN
Giwv351HaWA\t90\tNA\tFrom The Daegu 2011 Mixed Zone: Barbora Spotakova CZE
F3tvnOIeEhc\t26\tNA\tFrom The Daegu 2011 Mixed Zone: Jennifer Meadows GBR
iQeV7Vr1wec\t10\tNA\tFrom The Daegu 2011 Mixed Zone: Usain Bolt JAM
CL5Sn9MbaVM\t35\tNA\tFrom The Daegu 2011 Mixed Zone: Christophe Lemaitre FRA
YQcx7UkNF9A\t16\tNA\tFrom The Daegu 2011 Mixed Zone: Jaysuma Saidy NOR
RvDkWZt47W8\t14\tNA\tFrom The Daegu 2011 Mixed Zone: Janeth Jepkosgei Busienei KEN
iRc1xggbd9Q\t27\tNA\tFrom The Daegu 2011 Mixed Zone:  Melaine Walker JAM
Qv2TQak3zSI\t22\tNA\tFrom The Daegu 2011 Mixed Zone: Lashinda Demus USA
EK1VSQwpA8U\t35\tNA\tFrom The Daegu 2011 Mixed Zone: Jesse Williams USA
eD0d0ghoaPk\t37\tNA\tFrom Daegu 2011 Mixed Zone: David Greene GBR
EHcF_QXFAiU\t23\tNA\tFrom Daegu 2011 Mixed Zone: Olga Rypakova KAZ
t8jjjuAt4wg\t16\tNA\tFrom Daegu 2011 Mixed Zone: Nataila Rodriguez ESP
3YzMfVUqbqg\t43\tNA\tFrom Daegu 2011 Mixed Zone:  Jennifer Barringer Simpson USA
JGK9oJNmygs\t25\tNA\tFrom Daegu 2011 Mixed Zone: Hanna England GBR
N6hZrsQNOGc\t18\tNA\tFrom Daegu 2011 Mixed Zone: Ezekiel Kemboi KEN
iDx2GcbLoNY\t32\tNA\tFrom the Daegu 2011 Mixed Zone: Silas Keplagat KEN
iHozjy8gQVQ\t12\tNA\tFrom the Daegu 2011 Mixed Zone: Shalonda Soloman USA
OCqjuqAbCHI\t33\tNA\tFrom the Daegu 2011 Mixed Zone: Andreas Thorkildsen NOR
UkvVqqJh3KM\t16\tNA\tFrom the Daegu 2011 Mixed Zone: Carmelita Jeter USA
yNXjX9OfNKc\t23\tNA\tFrom the Daegu 2011 Mixed Zone: Asbel Kiprop KEN
n3lPov57d9Q\t17\tNA\tFrom The Daegu 2011 Mixed Zone: Yelena Isinbayeva RUS
jl1zSwGA6qk\t17\tNA\tFrom The Daegu 2011 Mixed Zone: Jessica Ennis GBR
l2urLGMCbUg\t46\tNA\tFrom The Daegu 2011 Mixed Zone: Tatyana Chernova RUS
zPClF7kxc28\t23\tNA\tFrom The Daegu 2011 Mixed Zone: Svetlana Feofanova RUS
oKI4mhGbDBs\t20\tNA\tFrom The Daegu 2011 Mixed Zone: Robert Harting GER
NBM95uSffto\t40\tNA\tFrom The Daegu 2011 Mixed Zone: David Lekuta Rudisha KEN
4qjrO25slhM\t28\tNA\tFrom The Daegu 2011 Mixed Zone: Kirani James GRN
QHaZBWNe7C4\t42\tNA\tFrom The Daegu 2011 Mixed Zone: Fabiana MURER BRA
NOSbP_HOI_E\t28\tNA\tFrom The Daegu 2011 Mixed Zone: Melaine Walker JAM
9zJcoASwsyY\t42\tNA\tFrom The Daegu 2011 Mixed Zone: Angelo Taylor USA
dZhajUTMO-o\t20\tNA\tFrom The Daegu 2011 Mixed Zone: Lashinda Demus USA
AB5WuX5bY5w\t16\tNA\tFrom The Daegu 2011 Mixed Zone: David Greene GBR
BTBEOMc1wjQ\t20\tNA\tFrom The Daegu 2011 Mixed Zone: Bershawn Jackson USA
GxzdG8YpIvs\t23\tNA\tFrom The Daegu 2011 Mixed Zone: Silas Kiplagat KEN
kODwjMZrEYo\t18\tNA\tFrom The Daegu 2011 Mixed Zone: Mutaz Essa Barshim QAT
T-O8UwtKb1Q\t15\tNA\tFrom the Daegu 2011 Mixed Zone: Veronica Campbell Brown JAM
4fkDWPcizhQ\t12\tNA\tFrom the Daegu 2011 Mixed Zone: koji Murofushi JPN
vtfYHHil2_E\t43\tNA\tFrom the Daegu 2011 Mixed Zone: Valerie Adams NZL
mwx89GMPPm4\t23\tNA\tFrom the Daegu 2011 Mixed Zone: Pawel Wojciechowski POL
0XoiUWMlGjg\t10\tNA\tFrom the Daegu 2011 Mixed Zone: Kelly Ann Baptiste TRI
ZGfW2k4Nel8\t37\tNA\tFrom the Daegu 2011 Mixed Zone: Carmelita jeter USA
RgHzWEtF6D4\t15\tNA\tFrom the Daegu 2011 Mixed Zone: Allyson Felix USA
DoJ5XUstenY\t20\tNA\tFrom The Daegu 2011 Mixed Zone:  Jessica Ennis GBR
CLzuRyhgbTw\t17\tNA\tFrom The Daegu 2011 Mixed Zone: Jermaine Gonzales JAM
gYRSZmyOX2Q\t38\tNA\tFrom The Daegu 2011 Mixed Zone: Kevin Borlée BEL
zkDqPifzhaU\t22\tNA\tFrom The Daegu 2011 Mixed Zone: Jonathan Borlée BEL
urShuQAYsKM\t181\tNA\tDaegu 2011 Competition: Heptathlon Day 1 - Part 1
9BkRmoLPeOo\t92\tNA\tDaegu 2011 Competition: Decathlon Day 2 - Part 1
x_fL3l_Mkuo\t64\tNA\tDaegu 2011 Competition: 20 Kilometers Race Walk Final
AdkFdRmgGRU\t16\tNA\tFrom The Daegu 2011 Mixed Zone:Ashton Eaton USA
pqcADmKQAtY\t32\tNA\tFrom The Daegu 2011 Mixed Zone: Yohan Blake JAM
LiwoYLF3mV8\t48\tNA\tFrom The Daegu 2011 Mixed Zone: Trey Hardee USA
u6CKJTVg2nw\t31\tNA\tFrom The Daegu 2011 Mixed Zone: Kim Collins USA
_pCUPfG9I7o\t23\tNA\tFrom The Daegu 2011 Mixed Zone: Brittney Reese USA
ndPz5yzPkOU\t30\tNA\tDaegu 2011 Competition: Long Jump Women Final
XiJa3pJl8uM\t20\tNA\tDaegu 2011 Competition: Discus Throw Women Final
dXhy8oFQv5I\t45\tNA\tDaegu 2011 Competition: Decathlon Day 2
kiIDlaujtZc\t55\tNA\tMen's 100m Final | IAAF World Championships Daegu 2011
WRLrVlfdN7E\t30\tNA\tDaegu 2011 Competition: 10,000m Men Final
YUEglGNkANU\t19\tNA\tFrom the Daegu Mixed Zone: 400m Women Semi-Final - Sanya Richards-Ross USA
4w5Ha8t42vE\t49\tNA\tDaegu 2011 Competition - 100m Round 1 Heat 6 - Usain Bolt
u6sHrGMu2zw\t66\tNA\tWinning Moment | Women's 10,000m | IAAF World Championships Daegu 2011
uFytBDGcHlE\t56\tNA\tDaegu 2011 Competition: Decathlon Day 1 Part 2
P7Buy9V9Lok\t90\tNA\tDaegu 2011 Competition: Decathlon Day 1 - Part 1
NRNqyK7-r0E\t91\tNA\tDaegu 2011 Competition: Women's Marathon
WaGu2w7lEHY\t74\tNA\tFrom Daegu 2011: Maurice Green
gYgGI9XjpUQ\t31\tNA\tFrom the Daegu 2011 Mixed Zone: Long Jump - Carolina Kluft SWE
emMQf0nIAjo\t44\tNA\tFrom the Daegu 2011 Mixed Zone: Long Jump - Brittney Reese USA
xrc5Q6LaTII\t26\tNA\tFrom the Daegu 2011 Mixed Zone:  Decathon Day 1 - Trey Hardy USA
eczNKqCfYvY\t38\tNA\tFrom the Daegu 2011 Mixed Zone: 10 000m W Final - Vivian Jepkemoi Cheruiyot KEN
gCVnIt14Ax4\t24\tNA\tFrom the Daegu 2011 Mixed Zone: 100m M Heat 6 - Usain Bolt JAM
i75CRhOYKVM\t41\tNA\tFrom the Daegu 2011 Mixed Zone: 400m W Heat 5 - Sanya Richards USA
UWCjK-BMwII\t18\tNA\tFrom the Daegu 2011 Mixed Zone: 400m W Heat 5 - NOVELENE WILLIAMS-MILLS JAM
VH_57m47IYg\t22\tNA\tFrom the Daegu 2011 Mixed Zone: 400m W Heat 02 - Anastasiya Kapachinskaya RUS
92R-AJvTmGM\t11\tNA\tFrom the Daegu 2011 Mixed Zone: 400m W Heat 3 - Rosemarie Whyte JAM
cQSr2yUWPYk\t14\tNA\tFrom the Daegu 2011 Mixed Zone: 400m W Heat 01 - Novlene Williams-Mills JAM
Z5SovqZ604Q\t61\tNA\tDaegu 2011: Live Radio
AQbPcv9SrHo\t93\tNA\tFrom Daegu 2011: Jennifer Suhr
8OEL25_ikUA\t80\tNA\tFrom Daegu 2011: Jessica Ennis
O7IegYei5sc\t137\tNA\tFrom Daegu 2011: Tyson Gay
hk2yyGk6a6A\t52\tNA\tFrom Daegu 2011: Usain Bolt
ABWBlBciEok\t8\tNA\tUsain Bolt - IAAF World Championships Daegu 2011
sbVHT7Vhoh4\t11\tNA\tSilas Kiplagat - IAAF World Championships Daegu 2011
-J3vFYlNmaM\t14\tNA\tSally Pearson - IAAF World Championships Daegu 2011
k-Sva07Amlg\t7\tNA\tRenaud Lavillenie - IAAF World Championships Daegu 2011
BhWyaslwcLE\t4\tNA\tReese Hoffa - IAAF World Championships Daegu 2011
t5BIWYRQWoo\t14\tNA\tNovlene Williams Mills - IAAF World Championships Daegu 2011
HBTyXzpiuew\t6\tNA\tNadine Muller - IAAF World Championships Daegu 2011
tQPkgqF2gaU\t8\tNA\tMohammed Farah - IAAF World Championships Daegu 2011
YI198JKS9vI\t12\tNA\tMaryam Yusuf Jamal - IAAF World Championships Daegu 2011
Gptb78yAUuo\t24\tNA\tKerron Clement - IAAF World Championships Daegu 2011
gnI9RYHtHeQ\t9\tNA\tDylan Armstrong - IAAF World Championships Daegu 2011
G4Jeg9DPzOk\t19\tNA\tDebbie Ferguson McKenzie - IAAF World Championships Daegu 2011
AeDrkpGjRoA\t13\tNA\tDawn Harper - IAAF World Championships Daegu 2011
-go_6WWukmU\t9\tNA\tDavid Lekuta Rudisha - IAAF World Championships Daegu 2011
x4_HBI1LLso\t13\tNA\tCarolina Kluft - IAAF World Championships Daegu 2011
xAjAPFdKdQI\t7\tNA\tCarmelita Jeter - IAAF World Championships Daegu 2011
gCj-ZOcwSU8\t18\tNA\tBrittney Reese - IAAF World Championships Daegu 2011
lx9x6dMCzSI\t7\tNA\tBlanka Vlasic - IAAF World Championships Daegu 2011
N9dPzdD43nE\t7\tNA\tBernard Lagat - IAAF World Championships Daegu 2011
yHkJn3ahpB4\t29\tNA\tBarbora Spotakova - IAAF World Championships Daegu 2011
xw6pr44DA_4\t18\tNA\tAngelo Taylor - IAAF World Championships Daegu 2011
WjKxv4ZTsKo\t8\tNA\tAllyson Felix - IAAF World Championships Daegu 2011
VBP1IdSCX0I\t11\tNA\tAndreas Thorkildsen - IAAF World Championships Daegu 2011
DyUcSSU2zkE\t26\tNA\tGerd Kanter - IAAF World Championships Daegu 2011
osy3QosE6Cs\t16\tNA\tLouis Van Zyl - IAAF World Championships Daegu 2011
V_P-kbbBQz4\t25\tNA\tLinet Chepkwemoi Masai - IAAF World Championships Daegu 2011
ku4RYlfRSu4\t34\tNA\tVivian Cheruiyot - IAAF World Championships Daegu 2011
2dFAYV-Eqhg\t20\tNA\tAdam Nelson - IAAF World Championships Daegu 2011
EET00xdK9Xc\t18\tNA\tVeronica Campbell Brown - IAAF World Championships Daegu 2011
xQzhsauJpaU\t40\tNA\tBetty Heidler - IAAF World Championships Daegu 2011
DrMHr1Qt6bA\t10\tNA\tDeokhyeon Kim - IAAF World Championships Daegu 2011
eawbW7bAPHI\t16\tNA\tIAAF INTERNET RADIO - World Indoor Championships 12 - 13 - 14 March DOHA 2010
CjNFnOij8qc\t12\tNA\tDavid Oliver - IAAF World Indoor Championships Doha 2010
Vhur1XzjDfY\t7\tNA\tDayron Robles - IAAF World Indoor Championships Doha 2010
mITOlO0ZLEo\t11\tNA\tChristian Olsson - IAAF World Indoor Championships Doha 2010
WCBL1z4z7dk\t21\tNA\tBlanka Vlasic - IAAF World Indoor Championships in Doha 2010
m065HitgGtc\t29\tNA\tYelena Isinbayeva - IAAF World Indoor Championships Doha 2010
bfla9IcfrY4\t21\tNA\tUsain Bolt - IAAF World Indoor Championships Doha 2010
