comp_year,ce,event,sex,heat,date,time_local,lane,athlete,athlete_id,rt_s,mark,source_url,retrieved_at
WCH2025,decathlon,100m,M,1,2025-09-20,09:28,7,Johannes ERM,14604068,0.165,10.78,https://worldathletics.org/competitions/world-athletics-championships/world-athletics-championships-tokyo-2025-7190593/results/men/decathlon/100-metres/result,2026-09-30T22:59:27Z
WCH2025,decathlon,100m,M,1,2025-09-20,09:28,6,Makenson GLETTY,14676383,0.149,10.92,https://worldathletics.org/competitions/world-athletics-championships/world-athletics-championships-tokyo-2025-7190593/results/men/decathlon/100-metres/result,2026-09-30T22:59:27Z
WCH2025,decathlon,100m,M,1,2025-09-20,09:28,4,Karel TILGA,14665173,0.163,11.02,https://worldathletics.org/competitions/world-athletics-championships/world-athletics-championships-tokyo-2025-7190593/results/men/decathlon/100-metres/result,2026-09-30T22:59:27Z
WCH2025,decathlon,100m,M,1,2025-09-20,09:28,5,Xiang FEI,14885265,0.152,11.12,https://worldathletics.org/competitions/world-athletics-championships/world-athletics-championships-tokyo-2025-7190593/results/men/decathlon/100-metres/result,2026-09-30T22:59:27Z
WCH2025,decathlon,100m,M,1,2025-09-20,09:28,8,Janek ÕIGLANE,14430316,0.156,11.16,https://worldathletics.org/competitions/world-athletics-championships/world-athletics-championships-tokyo-2025-7190593/results/men/decathlon/100-metres/result,2026-09-30T22:59:27Z
WCH2025,decathlon,100m,M,1,2025-09-20,09:28,2,Ondřej KOPECKÝ,14653256,0.143,11.18,https://worldathletics.org/competitions/world-athletics-championships/world-athletics-championships-tokyo-2025-7190593/results/men/decathlon/100-metres/result,2026-09-30T22:59:27Z
WCH2025,decathlon,100m,M,1,2025-09-20,09:28,9,Antoine FERRANTI,14882253,0.154,11.19,https://worldathletics.org/competitions/world-athletics-championships/world-athletics-championships-tokyo-2025-7190593/results/men/decathlon/100-metres/result,2026-09-30T22:59:27Z
WCH2025,decathlon,100m,M,1,2025-09-20,09:28,3,Niklas KAUL,14603864,0.167,11.34,https://worldathletics.org/competitions/world-athletics-championships/world-athletics-championships-tokyo-2025-7190593/results/men/decathlon/100-metres/result,2026-09-30T22:59:27Z
WCH2025,decathlon,100m,M,2,2025-09-20,09:35,7,Sven ROOSEN,14758769,0.137,10.72,https://worldathletics.org/competitions/world-athletics-championships/world-athletics-championships-tokyo-2025-7190593/results/men/decathlon/100-metres/result,2026-09-30T22:59:27Z
WCH2025,decathlon,100m,M,2,2025-09-20,09:35,3,Leo NEUGEBAUER,14739745,0.134,10.80,https://worldathletics.org/competitions/world-athletics-championships/world-athletics-championships-tokyo-2025-7190593/results/men/decathlon/100-metres/result,2026-09-30T22:59:27Z
WCH2025,decathlon,100m,M,2,2025-09-20,09:35,2,Pierce LEPAGE,14541853,0.182,10.84,https://worldathletics.org/competitions/world-athletics-championships/world-athletics-championships-tokyo-2025-7190593/results/men/decathlon/100-metres/result,2026-09-30T22:59:27Z
WCH2025,decathlon,100m,M,2,2025-09-20,09:35,5,Vilém STRÁSKÝ,14666851,0.137,10.90,https://worldathletics.org/competitions/world-athletics-championships/world-athletics-championships-tokyo-2025-7190593/results/men/decathlon/100-metres/result,2026-09-30T22:59:27Z
WCH2025,decathlon,100m,M,2,2025-09-20,09:35,4,Sander SKOTHEIM,14834505,0.178,10.91,https://worldathletics.org/competitions/world-athletics-championships/world-athletics-championships-tokyo-2025-7190593/results/men/decathlon/100-metres/result,2026-09-30T22:59:27Z
WCH2025,decathlon,100m,M,2,2025-09-20,09:35,6,José Fernando FERREIRA,14755058,0.141,10.94,https://worldathletics.org/competitions/world-athletics-championships/world-athletics-championships-tokyo-2025-7190593/results/men/decathlon/100-metres/result,2026-09-30T22:59:27Z
WCH2025,decathlon,100m,M,2,2025-09-20,09:35,8,Heath BALDWIN,14846580,0.132,11.01,https://worldathletics.org/competitions/world-athletics-championships/world-athletics-championships-tokyo-2025-7190593/results/men/decathlon/100-metres/result,2026-09-30T22:59:27Z
WCH2025,decathlon,100m,M,2,2025-09-20,09:35,9,Till STEINFORTH,14777637,0.127,11.16,https://worldathletics.org/competitions/world-athletics-championships/world-athletics-championships-tokyo-2025-7190593/results/men/decathlon/100-metres/result,2026-09-30T22:59:27Z
WCH2025,decathlon,100m,M,3,2025-09-20,09:42,4,Ayden OWENS-DELERME,14715503,,10.31,https://worldathletics.org/competitions/world-athletics-championships/world-athletics-championships-tokyo-2025-7190593/results/men/decathlon/100-metres/result,2026-09-30T22:59:27Z
WCH2025,decathlon,100m,M,3,2025-09-20,09:42,7,Kyle GARLAND,14716563,,10.51,https://worldathletics.org/competitions/world-athletics-championships/world-athletics-championships-tokyo-2025-7190593/results/men/decathlon/100-metres/result,2026-09-30T22:59:27Z
WCH2025,decathlon,100m,M,3,2025-09-20,09:42,3,Lindon VICTOR,14631507,,10.60,https://worldathletics.org/competitions/world-athletics-championships/world-athletics-championships-tokyo-2025-7190593/results/men/decathlon/100-metres/result,2026-09-30T22:59:27Z
WCH2025,decathlon,100m,M,3,2025-09-20,09:42,5,Simon EHAMMER,14730721,,10.66,https://worldathletics.org/competitions/world-athletics-championships/world-athletics-championships-tokyo-2025-7190593/results/men/decathlon/100-metres/result,2026-09-30T22:59:27Z
WCH2025,decathlon,100m,M,3,2025-09-20,09:42,2,Kendrick THOMPSON,14714818,,10.67,https://worldathletics.org/competitions/world-athletics-championships/world-athletics-championships-tokyo-2025-7190593/results/men/decathlon/100-metres/result,2026-09-30T22:59:27Z
WCH2025,decathlon,100m,M,3,2025-09-20,09:42,8,Harrison WILLIAMS,14563272,,10.79,https://worldathletics.org/competitions/world-athletics-championships/world-athletics-championships-tokyo-2025-7190593/results/men/decathlon/100-metres/result,2026-09-30T22:59:27Z
WCH2025,decathlon,100m,M,3,2025-09-20,09:42,6,Jente HAUTTEKEETE,14811317,,10.85,https://worldathletics.org/competitions/world-athletics-championships/world-athletics-championships-tokyo-2025-7190593/results/men/decathlon/100-metres/result,2026-09-30T22:59:27Z
WCH2025,decathlon,100m,M,3,2025-09-20,09:42,9,Damian WARNER,14173337,,DNS,https://worldathletics.org/competitions/world-athletics-championships/world-athletics-championships-tokyo-2025-7190593/results/men/decathlon/100-metres/result,2026-09-30T22:59:27Z
WCH2025,decathlon,400m,M,1,2025-09-20,21:55,6,Karel TILGA,14665173,0.159,48.64,https://worldathletics.org/competitions/world-athletics-championships/world-athletics-championships-tokyo-2025-7190593/results/men/decathlon/400-metres/result,2026-09-30T22:59:42Z
WCH2025,decathlon,400m,M,1,2025-09-20,21:55,4,Lindon VICTOR,14631507,0.152,48.80,https://worldathletics.org/competitions/world-athletics-championships/world-athletics-championships-tokyo-2025-7190593/results/men/decathlon/400-metres/result,2026-09-30T22:59:42Z
WCH2025,decathlon,400m,M,1,2025-09-20,21:55,5,Ondřej KOPECKÝ,14653256,0.194,49.19,https://worldathletics.org/competitions/world-athletics-championships/world-athletics-championships-tokyo-2025-7190593/results/men/decathlon/400-metres/result,2026-09-30T22:59:42Z
WCH2025,decathlon,400m,M,1,2025-09-20,21:55,7,José Fernando FERREIRA,14755058,0.166,49.78,https://worldathletics.org/competitions/world-athletics-championships/world-athletics-championships-tokyo-2025-7190593/results/men/decathlon/400-metres/result,2026-09-30T22:59:42Z
WCH2025,decathlon,400m,M,1,2025-09-20,21:55,8,Makenson GLETTY,14676383,0.211,50.49,https://worldathletics.org/competitions/world-athletics-championships/world-athletics-championships-tokyo-2025-7190593/results/men/decathlon/400-metres/result,2026-09-30T22:59:42Z
WCH2025,decathlon,400m,M,1,2025-09-20,21:55,3,Pierce LEPAGE,14541853,,DNS,https://worldathletics.org/competitions/world-athletics-championships/world-athletics-championships-tokyo-2025-7190593/results/men/decathlon/400-metres/result,2026-09-30T22:59:42Z
WCH2025,decathlon,400m,M,1,2025-09-20,21:55,9,Sven ROOSEN,14758769,,DNS,https://worldathletics.org/competitions/world-athletics-championships/world-athletics-championships-tokyo-2025-7190593/results/men/decathlon/400-metres/result,2026-09-30T22:59:42Z
WCH2025,decathlon,400m,M,2,2025-09-20,22:03,7,Niklas KAUL,14603864,0.153,48.13,https://worldathletics.org/competitions/world-athletics-championships/world-athletics-championships-tokyo-2025-7190593/results/men/decathlon/400-metres/result,2026-09-30T22:59:42Z
WCH2025,decathlon,400m,M,2,2025-09-20,22:03,8,Heath BALDWIN,14846580,0.148,48.44,https://worldathletics.org/competitions/world-athletics-championships/world-athletics-championships-tokyo-2025-7190593/results/men/decathlon/400-metres/result,2026-09-30T22:59:42Z
WCH2025,decathlon,400m,M,2,2025-09-20,22:03,9,Antoine FERRANTI,14882253,0.162,48.64,https://worldathletics.org/competitions/world-athletics-championships/world-athletics-championships-tokyo-2025-7190593/results/men/decathlon/400-metres/result,2026-09-30T22:59:42Z
WCH2025,decathlon,400m,M,2,2025-09-20,22:03,4,Kyle GARLAND,14716563,0.165,48.73,https://worldathletics.org/competitions/world-athletics-championships/world-athletics-championships-tokyo-2025-7190593/results/men/decathlon/400-metres/result,2026-09-30T22:59:42Z
WCH2025,decathlon,400m,M,2,2025-09-20,22:03,6,Jente HAUTTEKEETE,14811317,0.149,49.36,https://worldathletics.org/competitions/world-athletics-championships/world-athletics-championships-tokyo-2025-7190593/results/men/decathlon/400-metres/result,2026-09-30T22:59:42Z
WCH2025,decathlon,400m,M,2,2025-09-20,22:03,5,Vilém STRÁSKÝ,14666851,0.144,49.43,https://worldathletics.org/competitions/world-athletics-championships/world-athletics-championships-tokyo-2025-7190593/results/men/decathlon/400-metres/result,2026-09-30T22:59:42Z
WCH2025,decathlon,400m,M,2,2025-09-20,22:03,3,Xiang FEI,14885265,0.168,50.19,https://worldathletics.org/competitions/world-athletics-championships/world-athletics-championships-tokyo-2025-7190593/results/men/decathlon/400-metres/result,2026-09-30T22:59:42Z
WCH2025,decathlon,400m,M,3,2025-09-20,22:11,5,Ayden OWENS-DELERME,14715503,0.162,46.46,https://worldathletics.org/competitions/world-athletics-championships/world-athletics-championships-tokyo-2025-7190593/results/men/decathlon/400-metres/result,2026-09-30T22:59:42Z
WCH2025,decathlon,400m,M,3,2025-09-20,22:11,7,Harrison WILLIAMS,14563272,0.22,46.88,https://worldathletics.org/competitions/world-athletics-championships/world-athletics-championships-tokyo-2025-7190593/results/men/decathlon/400-metres/result,2026-09-30T22:59:42Z
WCH2025,decathlon,400m,M,3,2025-09-20,22:11,3,Johannes ERM,14604068,0.168,47.51,https://worldathletics.org/competitions/world-athletics-championships/world-athletics-championships-tokyo-2025-7190593/results/men/decathlon/400-metres/result,2026-09-30T22:59:42Z
WCH2025,decathlon,400m,M,3,2025-09-20,22:11,4,Sander SKOTHEIM,14834505,0.178,47.86,https://worldathletics.org/competitions/world-athletics-championships/world-athletics-championships-tokyo-2025-7190593/results/men/decathlon/400-metres/result,2026-09-30T22:59:42Z
WCH2025,decathlon,400m,M,3,2025-09-20,22:11,8,Kendrick THOMPSON,14714818,0.193,47.93,https://worldathletics.org/competitions/world-athletics-championships/world-athletics-championships-tokyo-2025-7190593/results/men/decathlon/400-metres/result,2026-09-30T22:59:42Z
WCH2025,decathlon,400m,M,3,2025-09-20,22:11,9,Leo NEUGEBAUER,14739745,0.143,48.27,https://worldathletics.org/competitions/world-athletics-championships/world-athletics-championships-tokyo-2025-7190593/results/men/decathlon/400-metres/result,2026-09-30T22:59:42Z
WCH2025,decathlon,400m,M,3,2025-09-20,22:11,6,Simon EHAMMER,14730721,,DNS,https://worldathletics.org/competitions/world-athletics-championships/world-athletics-championships-tokyo-2025-7190593/results/men/decathlon/400-metres/result,2026-09-30T22:59:42Z
WCH2025,decathlon,110mH,M,1,2025-09-21,09:05,7,Niklas KAUL,14603864,0.152,14.45,https://worldathletics.org/competitions/world-athletics-championships/world-athletics-championships-tokyo-2025-7190593/results/men/decathlon/110-metres-hurdles/result,2026-09-30T22:59:46Z
WCH2025,decathlon,110mH,M,1,2025-09-21,09:05,5,Harrison WILLIAMS,14563272,0.117,14.56,https://worldathletics.org/competitions/world-athletics-championships/world-athletics-championships-tokyo-2025-7190593/results/men/decathlon/110-metres-hurdles/result,2026-09-30T22:59:46Z
WCH2025,decathlon,110mH,M,1,2025-09-21,09:05,8,Xiang FEI,14885265,0.159,14.71,https://worldathletics.org/competitions/world-athletics-championships/world-athletics-championships-tokyo-2025-7190593/results/men/decathlon/110-metres-hurdles/result,2026-09-30T22:59:46Z
WCH2025,decathlon,110mH,M,1,2025-09-21,09:05,6,Antoine FERRANTI,14882253,0.152,14.78,https://worldathletics.org/competitions/world-athletics-championships/world-athletics-championships-tokyo-2025-7190593/results/men/decathlon/110-metres-hurdles/result,2026-09-30T22:59:46Z
WCH2025,decathlon,110mH,M,1,2025-09-21,09:05,3,Lindon VICTOR,14631507,0.15,14.92,https://worldathletics.org/competitions/world-athletics-championships/world-athletics-championships-tokyo-2025-7190593/results/men/decathlon/110-metres-hurdles/result,2026-09-30T22:59:46Z
WCH2025,decathlon,110mH,M,1,2025-09-21,09:05,4,Karel TILGA,14665173,0.165,14.99,https://worldathletics.org/competitions/world-athletics-championships/world-athletics-championships-tokyo-2025-7190593/results/men/decathlon/110-metres-hurdles/result,2026-09-30T22:59:46Z
WCH2025,decathlon,110mH,M,2,2025-09-21,09:13,5,Makenson GLETTY,14676383,0.149,14.06,https://worldathletics.org/competitions/world-athletics-championships/world-athletics-championships-tokyo-2025-7190593/results/men/decathlon/110-metres-hurdles/result,2026-09-30T22:59:46Z
WCH2025,decathlon,110mH,M,2,2025-09-21,09:13,3,Kendrick THOMPSON,14714818,0.158,14.15,https://worldathletics.org/competitions/world-athletics-championships/world-athletics-championships-tokyo-2025-7190593/results/men/decathlon/110-metres-hurdles/result,2026-09-30T22:59:46Z
WCH2025,decathlon,110mH,M,2,2025-09-21,09:13,8,Ondřej KOPECKÝ,14653256,0.179,14.43,https://worldathletics.org/competitions/world-athletics-championships/world-athletics-championships-tokyo-2025-7190593/results/men/decathlon/110-metres-hurdles/result,2026-09-30T22:59:46Z
WCH2025,decathlon,110mH,M,2,2025-09-21,09:13,6,Johannes ERM,14604068,0.168,14.52,https://worldathletics.org/competitions/world-athletics-championships/world-athletics-championships-tokyo-2025-7190593/results/men/decathlon/110-metres-hurdles/result,2026-09-30T22:59:46Z
WCH2025,decathlon,110mH,M,2,2025-09-21,09:13,7,Leo NEUGEBAUER,14739745,0.125,14.80,https://worldathletics.org/competitions/world-athletics-championships/world-athletics-championships-tokyo-2025-7190593/results/men/decathlon/110-metres-hurdles/result,2026-09-30T22:59:46Z
WCH2025,decathlon,110mH,M,2,2025-09-21,09:13,4,Sander SKOTHEIM,14834505,0.171,DQ,https://worldathletics.org/competitions/world-athletics-championships/world-athletics-championships-tokyo-2025-7190593/results/men/decathlon/110-metres-hurdles/result,2026-09-30T22:59:46Z
WCH2025,decathlon,110mH,M,3,2025-09-21,09:21,3,Ayden OWENS-DELERME,14715503,0.141,13.65,https://worldathletics.org/competitions/world-athletics-championships/world-athletics-championships-tokyo-2025-7190593/results/men/decathlon/110-metres-hurdles/result,2026-09-30T22:59:46Z
WCH2025,decathlon,110mH,M,3,2025-09-21,09:21,5,José Fernando FERREIRA,14755058,0.14,13.85,https://worldathletics.org/competitions/world-athletics-championships/world-athletics-championships-tokyo-2025-7190593/results/men/decathlon/110-metres-hurdles/result,2026-09-30T22:59:46Z
WCH2025,decathlon,110mH,M,3,2025-09-21,09:21,6,Heath BALDWIN,14846580,0.118,14.16,https://worldathletics.org/competitions/world-athletics-championships/world-athletics-championships-tokyo-2025-7190593/results/men/decathlon/110-metres-hurdles/result,2026-09-30T22:59:46Z
WCH2025,decathlon,110mH,M,3,2025-09-21,09:21,7,Kyle GARLAND,14716563,0.138,14.30,https://worldathletics.org/competitions/world-athletics-championships/world-athletics-championships-tokyo-2025-7190593/results/men/decathlon/110-metres-hurdles/result,2026-09-30T22:59:46Z
WCH2025,decathlon,110mH,M,3,2025-09-21,09:21,4,Vilém STRÁSKÝ,14666851,0.134,14.40,https://worldathletics.org/competitions/world-athletics-championships/world-athletics-championships-tokyo-2025-7190593/results/men/decathlon/110-metres-hurdles/result,2026-09-30T22:59:46Z
WCH2025,decathlon,110mH,M,3,2025-09-21,09:21,8,Jente HAUTTEKEETE,14811317,0.131,14.49,https://worldathletics.org/competitions/world-athletics-championships/world-athletics-championships-tokyo-2025-7190593/results/men/decathlon/110-metres-hurdles/result,2026-09-30T22:59:46Z
WCH2025,heptathlon,100mH,W,1,2025-09-19,17:33,6,Jade O'DOWDA,14637207,0.197,13.34,https://worldathletics.org/competitions/world-athletics-championships/world-athletics-championships-tokyo-2025-7190593/results/women/heptathlon/100-metres-hurdles/result,2026-09-30T22:59:49Z
WCH2025,heptathlon,100mH,W,1,2025-09-19,17:33,3,Katarina JOHNSON-THOMPSON,14276543,0.149,13.44,https://worldathletics.org/competitions/world-athletics-championships/world-athletics-championships-tokyo-2025-7190593/results/women/heptathlon/100-metres-hurdles/result,2026-09-30T22:59:49Z
WCH2025,heptathlon,100mH,W,1,2025-09-19,17:33,8,Kate O'CONNOR,14759587,0.139,13.44,https://worldathletics.org/competitions/world-athletics-championships/world-athletics-championships-tokyo-2025-7190593/results/women/heptathlon/100-metres-hurdles/result,2026-09-30T22:59:49Z
WCH2025,heptathlon,100mH,W,1,2025-09-19,17:33,9,Sveva GEREVINI,14697662,0.148,13.52,https://worldathletics.org/competitions/world-athletics-championships/world-athletics-championships-tokyo-2025-7190593/results/women/heptathlon/100-metres-hurdles/result,2026-09-30T22:59:49Z
WCH2025,heptathlon,100mH,W,1,2025-09-19,17:33,4,Nafissatou THIAM,14428253,0.187,13.61,https://worldathletics.org/competitions/world-athletics-championships/world-athletics-championships-tokyo-2025-7190593/results/women/heptathlon/100-metres-hurdles/result,2026-09-30T22:59:49Z
WCH2025,heptathlon,100mH,W,1,2025-09-19,17:33,2,Vanessa GRIMM,14497556,0.137,13.74,https://worldathletics.org/competitions/world-athletics-championships/world-athletics-championships-tokyo-2025-7190593/results/women/heptathlon/100-metres-hurdles/result,2026-09-30T22:59:49Z
WCH2025,heptathlon,100mH,W,1,2025-09-19,17:33,5,Tori WEST,14514560,0.176,13.81,https://worldathletics.org/competitions/world-athletics-championships/world-athletics-championships-tokyo-2025-7190593/results/women/heptathlon/100-metres-hurdles/result,2026-09-30T22:59:49Z
WCH2025,heptathlon,100mH,W,1,2025-09-19,17:33,7,Pippi Lotta ENOK,14740515,0.121,13.86,https://worldathletics.org/competitions/world-athletics-championships/world-athletics-championships-tokyo-2025-7190593/results/women/heptathlon/100-metres-hurdles/result,2026-09-30T22:59:49Z
WCH2025,heptathlon,100mH,W,2,2025-09-19,17:40,6,Emma OOSTERWEGEL,14536023,0.183,13.28,https://worldathletics.org/competitions/world-athletics-championships/world-athletics-championships-tokyo-2025-7190593/results/women/heptathlon/100-metres-hurdles/result,2026-09-30T22:59:49Z
WCH2025,heptathlon,100mH,W,2,2025-09-19,17:40,7,Adrianna SUŁEK-SCHUBERT,14604425,0.183,13.47,https://worldathletics.org/competitions/world-athletics-championships/world-athletics-championships-tokyo-2025-7190593/results/women/heptathlon/100-metres-hurdles/result,2026-09-30T22:59:49Z
WCH2025,heptathlon,100mH,W,2,2025-09-19,17:40,9,Camryn NEWTON-SMITH,14560019,0.163,13.55,https://worldathletics.org/competitions/world-athletics-championships/world-athletics-championships-tokyo-2025-7190593/results/women/heptathlon/100-metres-hurdles/result,2026-09-30T22:59:49Z
WCH2025,heptathlon,100mH,W,2,2025-09-19,17:40,8,Sandrina SPRENGEL,14853060,0.136,13.60,https://worldathletics.org/competitions/world-athletics-championships/world-athletics-championships-tokyo-2025-7190593/results/women/heptathlon/100-metres-hurdles/result,2026-09-30T22:59:49Z
WCH2025,heptathlon,100mH,W,2,2025-09-19,17:40,4,Sofie DOKTER,14825097,0.15,13.62,https://worldathletics.org/competitions/world-athletics-championships/world-athletics-championships-tokyo-2025-7190593/results/women/heptathlon/100-metres-hurdles/result,2026-09-30T22:59:49Z
WCH2025,heptathlon,100mH,W,2,2025-09-19,17:40,5,María VICENTE,14648429,0.167,13.65,https://worldathletics.org/competitions/world-athletics-championships/world-athletics-championships-tokyo-2025-7190593/results/women/heptathlon/100-metres-hurdles/result,2026-09-30T22:59:49Z
WCH2025,heptathlon,100mH,W,2,2025-09-19,17:40,2,Auriana LAZRAQ-KHLASS,14685406,0.141,13.72,https://worldathletics.org/competitions/world-athletics-championships/world-athletics-championships-tokyo-2025-7190593/results/women/heptathlon/100-metres-hurdles/result,2026-09-30T22:59:49Z
WCH2025,heptathlon,100mH,W,2,2025-09-19,17:40,3,Timara CHAPMAN,14676497,0.136,13.74,https://worldathletics.org/competitions/world-athletics-championships/world-athletics-championships-tokyo-2025-7190593/results/women/heptathlon/100-metres-hurdles/result,2026-09-30T22:59:49Z
WCH2025,heptathlon,100mH,W,3,2025-09-19,17:47,5,Taliyah BROOKS,14437075,0.14,12.93,https://worldathletics.org/competitions/world-athletics-championships/world-athletics-championships-tokyo-2025-7190593/results/women/heptathlon/100-metres-hurdles/result,2026-09-30T22:59:49Z
WCH2025,heptathlon,100mH,W,3,2025-09-19,17:47,2,Beatričė JUŠKEVIČIŪTĖ,14632718,0.146,13.03,https://worldathletics.org/competitions/world-athletics-championships/world-athletics-championships-tokyo-2025-7190593/results/women/heptathlon/100-metres-hurdles/result,2026-09-30T22:59:49Z
WCH2025,heptathlon,100mH,W,3,2025-09-19,17:47,8,Anna HALL,14713272,0.17,13.05,https://worldathletics.org/competitions/world-athletics-championships/world-athletics-championships-tokyo-2025-7190593/results/women/heptathlon/100-metres-hurdles/result,2026-09-30T22:59:49Z
WCH2025,heptathlon,100mH,W,3,2025-09-19,17:47,3,Martha ARAUJO,14587338,0.163,13.13,https://worldathletics.org/competitions/world-athletics-championships/world-athletics-championships-tokyo-2025-7190593/results/women/heptathlon/100-metres-hurdles/result,2026-09-30T22:59:49Z
WCH2025,heptathlon,100mH,W,3,2025-09-19,17:47,7,Michelle ATHERLEY,14616355,0.153,13.22,https://worldathletics.org/competitions/world-athletics-championships/world-athletics-championships-tokyo-2025-7190593/results/women/heptathlon/100-metres-hurdles/result,2026-09-30T22:59:49Z
WCH2025,heptathlon,100mH,W,3,2025-09-19,17:47,6,Saga VANNINEN,14762841,0.156,13.44,https://worldathletics.org/competitions/world-athletics-championships/world-athletics-championships-tokyo-2025-7190593/results/women/heptathlon/100-metres-hurdles/result,2026-09-30T22:59:49Z
WCH2025,heptathlon,100mH,W,3,2025-09-19,17:47,4,Abigail PAWLETT,14774415,0.161,14.70,https://worldathletics.org/competitions/world-athletics-championships/world-athletics-championships-tokyo-2025-7190593/results/women/heptathlon/100-metres-hurdles/result,2026-09-30T22:59:49Z
WCH2025,heptathlon,100mH,W,3,2025-09-19,17:47,9,Annik KÄLIN,14680605,,DNS,https://worldathletics.org/competitions/world-athletics-championships/world-athletics-championships-tokyo-2025-7190593/results/women/heptathlon/100-metres-hurdles/result,2026-09-30T22:59:49Z
WCH2025,heptathlon,200m,W,1,2025-09-19,21:38,9,Emma OOSTERWEGEL,14536023,0.224,24.03,https://worldathletics.org/competitions/world-athletics-championships/world-athletics-championships-tokyo-2025-7190593/results/women/heptathlon/200-metres/result,2026-09-30T22:59:52Z
WCH2025,heptathlon,200m,W,1,2025-09-19,21:38,8,Kate O'CONNOR,14759587,0.135,24.07,https://worldathletics.org/competitions/world-athletics-championships/world-athletics-championships-tokyo-2025-7190593/results/women/heptathlon/200-metres/result,2026-09-30T22:59:52Z
WCH2025,heptathlon,200m,W,1,2025-09-19,21:38,5,Sveva GEREVINI,14697662,0.198,24.07,https://worldathletics.org/competitions/world-athletics-championships/world-athletics-championships-tokyo-2025-7190593/results/women/heptathlon/200-metres/result,2026-09-30T22:59:52Z
WCH2025,heptathlon,200m,W,1,2025-09-19,21:38,7,Sandrina SPRENGEL,14853060,0.183,24.36,https://worldathletics.org/competitions/world-athletics-championships/world-athletics-championships-tokyo-2025-7190593/results/women/heptathlon/200-metres/result,2026-09-30T22:59:52Z
WCH2025,heptathlon,200m,W,1,2025-09-19,21:38,6,Saga VANNINEN,14762841,0.159,24.78,https://worldathletics.org/competitions/world-athletics-championships/world-athletics-championships-tokyo-2025-7190593/results/women/heptathlon/200-metres/result,2026-09-30T22:59:52Z
WCH2025,heptathlon,200m,W,1,2025-09-19,21:38,4,Camryn NEWTON-SMITH,14560019,0.189,24.98,https://worldathletics.org/competitions/world-athletics-championships/world-athletics-championships-tokyo-2025-7190593/results/women/heptathlon/200-metres/result,2026-09-30T22:59:52Z
WCH2025,heptathlon,200m,W,1,2025-09-19,21:38,3,Jade O'DOWDA,14637207,0.219,25.07,https://worldathletics.org/competitions/world-athletics-championships/world-athletics-championships-tokyo-2025-7190593/results/women/heptathlon/200-metres/result,2026-09-30T22:59:52Z
WCH2025,heptathlon,200m,W,1,2025-09-19,21:38,2,Nafissatou THIAM,14428253,0.18,25.52,https://worldathletics.org/competitions/world-athletics-championships/world-athletics-championships-tokyo-2025-7190593/results/women/heptathlon/200-metres/result,2026-09-30T22:59:52Z
WCH2025,heptathlon,200m,W,2,2025-09-19,21:45,6,María VICENTE,14648429,0.161,23.96,https://worldathletics.org/competitions/world-athletics-championships/world-athletics-championships-tokyo-2025-7190593/results/women/heptathlon/200-metres/result,2026-09-30T22:59:52Z
WCH2025,heptathlon,200m,W,2,2025-09-19,21:45,4,Tori WEST,14514560,0.149,24.36,https://worldathletics.org/competitions/world-athletics-championships/world-athletics-championships-tokyo-2025-7190593/results/women/heptathlon/200-metres/result,2026-09-30T22:59:52Z
WCH2025,heptathlon,200m,W,2,2025-09-19,21:45,8,Adrianna SUŁEK-SCHUBERT,14604425,0.201,24.38,https://worldathletics.org/competitions/world-athletics-championships/world-athletics-championships-tokyo-2025-7190593/results/women/heptathlon/200-metres/result,2026-09-30T22:59:52Z
WCH2025,heptathlon,200m,W,2,2025-09-19,21:45,9,Martha ARAUJO,14587338,0.19,24.67,https://worldathletics.org/competitions/world-athletics-championships/world-athletics-championships-tokyo-2025-7190593/results/women/heptathlon/200-metres/result,2026-09-30T22:59:52Z
WCH2025,heptathlon,200m,W,2,2025-09-19,21:45,5,Pippi Lotta ENOK,14740515,0.148,24.71,https://worldathletics.org/competitions/world-athletics-championships/world-athletics-championships-tokyo-2025-7190593/results/women/heptathlon/200-metres/result,2026-09-30T22:59:52Z
WCH2025,heptathlon,200m,W,2,2025-09-19,21:45,7,Timara CHAPMAN,14676497,0.15,25.10,https://worldathletics.org/competitions/world-athletics-championships/world-athletics-championships-tokyo-2025-7190593/results/women/heptathlon/200-metres/result,2026-09-30T22:59:52Z
WCH2025,heptathlon,200m,W,2,2025-09-19,21:45,3,Auriana LAZRAQ-KHLASS,14685406,0.191,25.15,https://worldathletics.org/competitions/world-athletics-championships/world-athletics-championships-tokyo-2025-7190593/results/women/heptathlon/200-metres/result,2026-09-30T22:59:52Z
WCH2025,heptathlon,200m,W,2,2025-09-19,21:45,2,Vanessa GRIMM,14497556,,DNS,https://worldathletics.org/competitions/world-athletics-championships/world-athletics-championships-tokyo-2025-7190593/results/women/heptathlon/200-metres/result,2026-09-30T22:59:52Z
WCH2025,heptathlon,200m,W,3,2025-09-19,21:52,8,Abigail PAWLETT,14774415,0.169,23.25,https://worldathletics.org/competitions/world-athletics-championships/world-athletics-championships-tokyo-2025-7190593/results/women/heptathlon/200-metres/result,2026-09-30T22:59:52Z
WCH2025,heptathlon,200m,W,3,2025-09-19,21:52,7,Anna HALL,14713272,0.21,23.50,https://worldathletics.org/competitions/world-athletics-championships/world-athletics-championships-tokyo-2025-7190593/results/women/heptathlon/200-metres/result,2026-09-30T22:59:52Z
WCH2025,heptathlon,200m,W,3,2025-09-19,21:52,9,Katarina JOHNSON-THOMPSON,14276543,0.173,23.51,https://worldathletics.org/competitions/world-athletics-championships/world-athletics-championships-tokyo-2025-7190593/results/women/heptathlon/200-metres/result,2026-09-30T22:59:52Z
WCH2025,heptathlon,200m,W,3,2025-09-19,21:52,6,Sofie DOKTER,14825097,0.184,23.70,https://worldathletics.org/competitions/world-athletics-championships/world-athletics-championships-tokyo-2025-7190593/results/women/heptathlon/200-metres/result,2026-09-30T22:59:52Z
WCH2025,heptathlon,200m,W,3,2025-09-19,21:52,5,Beatričė JUŠKEVIČIŪTĖ,14632718,0.147,23.80,https://worldathletics.org/competitions/world-athletics-championships/world-athletics-championships-tokyo-2025-7190593/results/women/heptathlon/200-metres/result,2026-09-30T22:59:52Z
WCH2025,heptathlon,200m,W,3,2025-09-19,21:52,4,Michelle ATHERLEY,14616355,0.186,23.86,https://worldathletics.org/competitions/world-athletics-championships/world-athletics-championships-tokyo-2025-7190593/results/women/heptathlon/200-metres/result,2026-09-30T22:59:52Z
WCH2025,heptathlon,200m,W,3,2025-09-19,21:52,3,Taliyah BROOKS,14437075,0.153,24.18,https://worldathletics.org/competitions/world-athletics-championships/world-athletics-championships-tokyo-2025-7190593/results/women/heptathlon/200-metres/result,2026-09-30T22:59:52Z
WCH2023,decathlon,100m,M,1,2023-08-25,10:05,2,Johannes ERM,14604068,0.173,10.69,https://worldathletics.org/competitions/world-athletics-championships/world-athletics-championships-budapest-2023-7138987/results/men/decathlon/100-metres/result,2026-09-30T22:59:55Z
WCH2023,decathlon,100m,M,1,2023-08-25,10:05,8,Kevin MAYER,14334978,0.173,10.79,https://worldathletics.org/competitions/world-athletics-championships/world-athletics-championships-budapest-2023-7138987/results/men/decathlon/100-metres/result,2026-09-30T22:59:55Z
WCH2023,decathlon,100m,M,1,2023-08-25,10:05,5,Karel TILGA,14665173,0.149,10.84,https://worldathletics.org/competitions/world-athletics-championships/world-athletics-championships-budapest-2023-7138987/results/men/decathlon/100-metres/result,2026-09-30T22:59:55Z
WCH2023,decathlon,100m,M,1,2023-08-25,10:05,4,Janek ÕIGLANE,14430316,0.156,10.94,https://worldathletics.org/competitions/world-athletics-championships/world-athletics-championships-budapest-2023-7138987/results/men/decathlon/100-metres/result,2026-09-30T22:59:55Z
WCH2023,decathlon,100m,M,1,2023-08-25,10:05,9,Larbi BOURRADA,14180803,0.123,11.01,https://worldathletics.org/competitions/world-athletics-championships/world-athletics-championships-budapest-2023-7138987/results/men/decathlon/100-metres/result,2026-09-30T22:59:55Z
WCH2023,decathlon,100m,M,1,2023-08-25,10:05,6,Daniel GOLUBOVIC,14533629,0.157,11.10,https://worldathletics.org/competitions/world-athletics-championships/world-athletics-championships-budapest-2023-7138987/results/men/decathlon/100-metres/result,2026-09-30T22:59:55Z
WCH2023,decathlon,100m,M,1,2023-08-25,10:05,7,Niklas KAUL,14603864,0.153,11.20,https://worldathletics.org/competitions/world-athletics-championships/world-athletics-championships-budapest-2023-7138987/results/men/decathlon/100-metres/result,2026-09-30T22:59:55Z
WCH2023,decathlon,100m,M,1,2023-08-25,10:05,3,Marcus NILSSON,14377019,0.147,11.43,https://worldathletics.org/competitions/world-athletics-championships/world-athletics-championships-budapest-2023-7138987/results/men/decathlon/100-metres/result,2026-09-30T22:59:55Z
WCH2023,decathlon,100m,M,2,2023-08-25,10:12,7,Zachery ZIEMEK,14429901,0.143,10.58,https://worldathletics.org/competitions/world-athletics-championships/world-athletics-championships-budapest-2023-7138987/results/men/decathlon/100-metres/result,2026-09-30T22:59:55Z
WCH2023,decathlon,100m,M,2,2023-08-25,10:12,9,Lindon VICTOR,14631507,0.172,10.60,https://worldathletics.org/competitions/world-athletics-championships/world-athletics-championships-budapest-2023-7138987/results/men/decathlon/100-metres/result,2026-09-30T22:59:55Z
WCH2023,decathlon,100m,M,2,2023-08-25,10:12,4,Rik TAAM,14513303,0.143,10.64,https://worldathletics.org/competitions/world-athletics-championships/world-athletics-championships-budapest-2023-7138987/results/men/decathlon/100-metres/result,2026-09-30T22:59:55Z
WCH2023,decathlon,100m,M,2,2023-08-25,10:12,6,Jose Fernando FERREIRA SANTANA,14755058,0.138,10.77,https://worldathletics.org/competitions/world-athletics-championships/world-athletics-championships-budapest-2023-7138987/results/men/decathlon/100-metres/result,2026-09-30T22:59:55Z
WCH2023,decathlon,100m,M,2,2023-08-25,10:12,5,Cedric DUBLER,14446988,0.143,10.82,https://worldathletics.org/competitions/world-athletics-championships/world-athletics-championships-budapest-2023-7138987/results/men/decathlon/100-metres/result,2026-09-30T22:59:55Z
WCH2023,decathlon,100m,M,2,2023-08-25,10:12,8,Markus ROOTH,14783534,0.146,10.84,https://worldathletics.org/competitions/world-athletics-championships/world-athletics-championships-budapest-2023-7138987/results/men/decathlon/100-metres/result,2026-09-30T22:59:55Z
WCH2023,decathlon,100m,M,2,2023-08-25,10:12,3,Sander SKOTHEIM,14834505,0.177,10.89,https://worldathletics.org/competitions/world-athletics-championships/world-athletics-championships-budapest-2023-7138987/results/men/decathlon/100-metres/result,2026-09-30T22:59:55Z
WCH2023,decathlon,100m,M,2,2023-08-25,10:12,2,Yuma MARUYAMA,14755912,0.144,10.90,https://worldathletics.org/competitions/world-athletics-championships/world-athletics-championships-budapest-2023-7138987/results/men/decathlon/100-metres/result,2026-09-30T22:59:55Z
WCH2023,decathlon,100m,M,3,2023-08-25,10:19,6,Damian WARNER,14173337,0.142,10.32,https://worldathletics.org/competitions/world-athletics-championships/world-athletics-championships-budapest-2023-7138987/results/men/decathlon/100-metres/result,2026-09-30T22:59:55Z
WCH2023,decathlon,100m,M,3,2023-08-25,10:19,4,Ayden OWENS-DELERME,14715503,0.158,10.43,https://worldathletics.org/competitions/world-athletics-championships/world-athletics-championships-budapest-2023-7138987/results/men/decathlon/100-metres/result,2026-09-30T22:59:55Z
WCH2023,decathlon,100m,M,3,2023-08-25,10:19,5,Manuel EITEL,14566290,0.157,10.44,https://worldathletics.org/competitions/world-athletics-championships/world-athletics-championships-budapest-2023-7138987/results/men/decathlon/100-metres/result,2026-09-30T22:59:55Z
WCH2023,decathlon,100m,M,3,2023-08-25,10:19,3,Pierce LEPAGE,14541853,0.192,10.45,https://worldathletics.org/competitions/world-athletics-championships/world-athletics-championships-budapest-2023-7138987/results/men/decathlon/100-metres/result,2026-09-30T22:59:55Z
WCH2023,decathlon,100m,M,3,2023-08-25,10:19,2,Kyle GARLAND,14716563,0.141,10.59,https://worldathletics.org/competitions/world-athletics-championships/world-athletics-championships-budapest-2023-7138987/results/men/decathlon/100-metres/result,2026-09-30T22:59:55Z
WCH2023,decathlon,100m,M,3,2023-08-25,10:19,8,Ashley MOLONEY,14673644,0.142,10.60,https://worldathletics.org/competitions/world-athletics-championships/world-athletics-championships-budapest-2023-7138987/results/men/decathlon/100-metres/result,2026-09-30T22:59:55Z
WCH2023,decathlon,100m,M,3,2023-08-25,10:19,9,Leo NEUGEBAUER,14739745,0.161,10.69,https://worldathletics.org/competitions/world-athletics-championships/world-athletics-championships-budapest-2023-7138987/results/men/decathlon/100-metres/result,2026-09-30T22:59:55Z
WCH2023,decathlon,100m,M,3,2023-08-25,10:19,7,Harrison WILLIAMS,14563272,0.18,10.74,https://worldathletics.org/competitions/world-athletics-championships/world-athletics-championships-budapest-2023-7138987/results/men/decathlon/100-metres/result,2026-09-30T22:59:55Z
WCH2023,decathlon,400m,M,1,2023-08-25,21:08,7,Markus ROOTH,14783534,0.143,48.27,https://worldathletics.org/competitions/world-athletics-championships/world-athletics-championships-budapest-2023-7138987/results/men/decathlon/400-metres/result,2026-09-30T22:59:59Z
WCH2023,decathlon,400m,M,1,2023-08-25,21:08,2,Janek ÕIGLANE,14430316,0.163,48.41,https://worldathletics.org/competitions/world-athletics-championships/world-athletics-championships-budapest-2023-7138987/results/men/decathlon/400-metres/result,2026-09-30T22:59:59Z
WCH2023,decathlon,400m,M,1,2023-08-25,21:08,6,Jose Fernando FERREIRA SANTANA,14755058,0.147,49.31,https://worldathletics.org/competitions/world-athletics-championships/world-athletics-championships-budapest-2023-7138987/results/men/decathlon/400-metres/result,2026-09-30T22:59:59Z
WCH2023,decathlon,400m,M,1,2023-08-25,21:08,5,Yuma MARUYAMA,14755912,0.157,50.75,https://worldathletics.org/competitions/world-athletics-championships/world-athletics-championships-budapest-2023-7138987/results/men/decathlon/400-metres/result,2026-09-30T22:59:59Z
WCH2023,decathlon,400m,M,1,2023-08-25,21:08,3,Marcus NILSSON,14377019,0.204,51.36,https://worldathletics.org/competitions/world-athletics-championships/world-athletics-championships-budapest-2023-7138987/results/men/decathlon/400-metres/result,2026-09-30T22:59:59Z
WCH2023,decathlon,400m,M,1,2023-08-25,21:08,4,Kevin MAYER,14334978,,DNS,https://worldathletics.org/competitions/world-athletics-championships/world-athletics-championships-budapest-2023-7138987/results/men/decathlon/400-metres/result,2026-09-30T22:59:59Z
WCH2023,decathlon,400m,M,1,2023-08-25,21:08,8,Zachery ZIEMEK,14429901,,DNS,https://worldathletics.org/competitions/world-athletics-championships/world-athletics-championships-budapest-2023-7138987/results/men/decathlon/400-metres/result,2026-09-30T22:59:59Z
WCH2023,decathlon,400m,M,1,2023-08-25,21:08,9,Larbi BOURRADA,14180803,,DNS,https://worldathletics.org/competitions/world-athletics-championships/world-athletics-championships-budapest-2023-7138987/results/men/decathlon/400-metres/result,2026-09-30T22:59:59Z
WCH2023,decathlon,400m,M,2,2023-08-25,21:15,7,Pierce LEPAGE,14541853,0.189,47.21,https://worldathletics.org/competitions/world-athletics-championships/world-athletics-championships-budapest-2023-7138987/results/men/decathlon/400-metres/result,2026-09-30T22:59:59Z
WCH2023,decathlon,400m,M,2,2023-08-25,21:15,2,Lindon VICTOR,14631507,0.16,48.05,https://worldathletics.org/competitions/world-athletics-championships/world-athletics-championships-budapest-2023-7138987/results/men/decathlon/400-metres/result,2026-09-30T22:59:59Z
WCH2023,decathlon,400m,M,2,2023-08-25,21:15,4,Manuel EITEL,14566290,0.162,48.47,https://worldathletics.org/competitions/world-athletics-championships/world-athletics-championships-budapest-2023-7138987/results/men/decathlon/400-metres/result,2026-09-30T22:59:59Z
WCH2023,decathlon,400m,M,2,2023-08-25,21:15,9,Karel TILGA,14665173,0.178,48.58,https://worldathletics.org/competitions/world-athletics-championships/world-athletics-championships-budapest-2023-7138987/results/men/decathlon/400-metres/result,2026-09-30T22:59:59Z
WCH2023,decathlon,400m,M,2,2023-08-25,21:15,5,Kyle GARLAND,14716563,0.156,49.24,https://worldathletics.org/competitions/world-athletics-championships/world-athletics-championships-budapest-2023-7138987/results/men/decathlon/400-metres/result,2026-09-30T22:59:59Z
WCH2023,decathlon,400m,M,2,2023-08-25,21:15,3,Daniel GOLUBOVIC,14533629,0.18,49.87,https://worldathletics.org/competitions/world-athletics-championships/world-athletics-championships-budapest-2023-7138987/results/men/decathlon/400-metres/result,2026-09-30T22:59:59Z
WCH2023,decathlon,400m,M,2,2023-08-25,21:15,6,Cedric DUBLER,14446988,,DNS,https://worldathletics.org/competitions/world-athletics-championships/world-athletics-championships-budapest-2023-7138987/results/men/decathlon/400-metres/result,2026-09-30T22:59:59Z
WCH2023,decathlon,400m,M,2,2023-08-25,21:15,8,Niklas KAUL,14603864,,DNS,https://worldathletics.org/competitions/world-athletics-championships/world-athletics-championships-budapest-2023-7138987/results/men/decathlon/400-metres/result,2026-09-30T22:59:59Z
WCH2023,decathlon,400m,M,3,2023-08-25,21:22,7,Ayden OWENS-DELERME,14715503,0.162,46.44,https://worldathletics.org/competitions/world-athletics-championships/world-athletics-championships-budapest-2023-7138987/results/men/decathlon/400-metres/result,2026-09-30T22:59:59Z
WCH2023,decathlon,400m,M,3,2023-08-25,21:22,6,Harrison WILLIAMS,14563272,0.2,46.52,https://worldathletics.org/competitions/world-athletics-championships/world-athletics-championships-budapest-2023-7138987/results/men/decathlon/400-metres/result,2026-09-30T22:59:59Z
WCH2023,decathlon,400m,M,3,2023-08-25,21:22,5,Johannes ERM,14604068,0.199,47.05,https://worldathletics.org/competitions/world-athletics-championships/world-athletics-championships-budapest-2023-7138987/results/men/decathlon/400-metres/result,2026-09-30T22:59:59Z
WCH2023,decathlon,400m,M,3,2023-08-25,21:22,9,Rik TAAM,14513303,0.191,47.12,https://worldathletics.org/competitions/world-athletics-championships/world-athletics-championships-budapest-2023-7138987/results/men/decathlon/400-metres/result,2026-09-30T22:59:59Z
WCH2023,decathlon,400m,M,3,2023-08-25,21:22,3,Damian WARNER,14173337,0.153,47.86,https://worldathletics.org/competitions/world-athletics-championships/world-athletics-championships-budapest-2023-7138987/results/men/decathlon/400-metres/result,2026-09-30T22:59:59Z
WCH2023,decathlon,400m,M,3,2023-08-25,21:22,4,Leo NEUGEBAUER,14739745,0.204,47.99,https://worldathletics.org/competitions/world-athletics-championships/world-athletics-championships-budapest-2023-7138987/results/men/decathlon/400-metres/result,2026-09-30T22:59:59Z
WCH2023,decathlon,400m,M,3,2023-08-25,21:22,2,Sander SKOTHEIM,14834505,0.173,48.48,https://worldathletics.org/competitions/world-athletics-championships/world-athletics-championships-budapest-2023-7138987/results/men/decathlon/400-metres/result,2026-09-30T22:59:59Z
WCH2023,decathlon,400m,M,3,2023-08-25,21:22,8,Ashley MOLONEY,14673644,,DNS,https://worldathletics.org/competitions/world-athletics-championships/world-athletics-championships-budapest-2023-7138987/results/men/decathlon/400-metres/result,2026-09-30T22:59:59Z
WCH2023,decathlon,110mH,M,1,2023-08-26,10:05,7,Lindon VICTOR,14631507,0.149,14.47,https://worldathletics.org/competitions/world-athletics-championships/world-athletics-championships-budapest-2023-7138987/results/men/decathlon/110-metres-hurdles/result,2026-09-30T23:00:03Z
WCH2023,decathlon,110mH,M,1,2023-08-26,10:05,6,Janek ÕIGLANE,14430316,0.143,14.51,https://worldathletics.org/competitions/world-athletics-championships/world-athletics-championships-budapest-2023-7138987/results/men/decathlon/110-metres-hurdles/result,2026-09-30T23:00:03Z
WCH2023,decathlon,110mH,M,1,2023-08-26,10:05,8,Karel TILGA,14665173,0.166,14.68,https://worldathletics.org/competitions/world-athletics-championships/world-athletics-championships-budapest-2023-7138987/results/men/decathlon/110-metres-hurdles/result,2026-09-30T23:00:03Z
WCH2023,decathlon,110mH,M,1,2023-08-26,10:05,3,Rik TAAM,14513303,0.158,14.80,https://worldathletics.org/competitions/world-athletics-championships/world-athletics-championships-budapest-2023-7138987/results/men/decathlon/110-metres-hurdles/result,2026-09-30T23:00:03Z
WCH2023,decathlon,110mH,M,1,2023-08-26,10:05,4,Johannes ERM,14604068,0.179,14.90,https://worldathletics.org/competitions/world-athletics-championships/world-athletics-championships-budapest-2023-7138987/results/men/decathlon/110-metres-hurdles/result,2026-09-30T23:00:03Z
WCH2023,decathlon,110mH,M,1,2023-08-26,10:05,5,Marcus NILSSON,14377019,0.183,15.06,https://worldathletics.org/competitions/world-athletics-championships/world-athletics-championships-budapest-2023-7138987/results/men/decathlon/110-metres-hurdles/result,2026-09-30T23:00:03Z
WCH2023,decathlon,110mH,M,2,2023-08-26,10:13,4,Jose Fernando FERREIRA SANTANA,14755058,0.158,13.94,https://worldathletics.org/competitions/world-athletics-championships/world-athletics-championships-budapest-2023-7138987/results/men/decathlon/110-metres-hurdles/result,2026-09-30T23:00:03Z
WCH2023,decathlon,110mH,M,2,2023-08-26,10:13,6,Daniel GOLUBOVIC,14533629,0.178,14.18,https://worldathletics.org/competitions/world-athletics-championships/world-athletics-championships-budapest-2023-7138987/results/men/decathlon/110-metres-hurdles/result,2026-09-30T23:00:03Z
WCH2023,decathlon,110mH,M,2,2023-08-26,10:13,7,Yuma MARUYAMA,14755912,0.192,14.18,https://worldathletics.org/competitions/world-athletics-championships/world-athletics-championships-budapest-2023-7138987/results/men/decathlon/110-metres-hurdles/result,2026-09-30T23:00:03Z
WCH2023,decathlon,110mH,M,2,2023-08-26,10:13,3,Manuel EITEL,14566290,0.172,14.39,https://worldathletics.org/competitions/world-athletics-championships/world-athletics-championships-budapest-2023-7138987/results/men/decathlon/110-metres-hurdles/result,2026-09-30T23:00:03Z
WCH2023,decathlon,110mH,M,2,2023-08-26,10:13,8,Markus ROOTH,14783534,0.156,14.47,https://worldathletics.org/competitions/world-athletics-championships/world-athletics-championships-budapest-2023-7138987/results/men/decathlon/110-metres-hurdles/result,2026-09-30T23:00:03Z
WCH2023,decathlon,110mH,M,2,2023-08-26,10:13,5,Leo NEUGEBAUER,14739745,0.169,14.75,https://worldathletics.org/competitions/world-athletics-championships/world-athletics-championships-budapest-2023-7138987/results/men/decathlon/110-metres-hurdles/result,2026-09-30T23:00:03Z
WCH2023,decathlon,110mH,M,3,2023-08-26,10:21,4,Damian WARNER,14173337,0.151,13.67,https://worldathletics.org/competitions/world-athletics-championships/world-athletics-championships-budapest-2023-7138987/results/men/decathlon/110-metres-hurdles/result,2026-09-30T23:00:03Z
WCH2023,decathlon,110mH,M,3,2023-08-26,10:21,3,Pierce LEPAGE,14541853,0.183,13.77,https://worldathletics.org/competitions/world-athletics-championships/world-athletics-championships-budapest-2023-7138987/results/men/decathlon/110-metres-hurdles/result,2026-09-30T23:00:03Z
WCH2023,decathlon,110mH,M,3,2023-08-26,10:21,5,Kyle GARLAND,14716563,0.137,13.93,https://worldathletics.org/competitions/world-athletics-championships/world-athletics-championships-budapest-2023-7138987/results/men/decathlon/110-metres-hurdles/result,2026-09-30T23:00:03Z
WCH2023,decathlon,110mH,M,3,2023-08-26,10:21,7,Ayden OWENS-DELERME,14715503,0.073,14.04,https://worldathletics.org/competitions/world-athletics-championships/world-athletics-championships-budapest-2023-7138987/results/men/decathlon/110-metres-hurdles/result,2026-09-30T23:00:03Z
WCH2023,decathlon,110mH,M,3,2023-08-26,10:21,8,Harrison WILLIAMS,14563272,0.182,14.33,https://worldathletics.org/competitions/world-athletics-championships/world-athletics-championships-budapest-2023-7138987/results/men/decathlon/110-metres-hurdles/result,2026-09-30T23:00:03Z
WCH2023,decathlon,110mH,M,3,2023-08-26,10:21,6,Sander SKOTHEIM,14834505,0.169,14.96,https://worldathletics.org/competitions/world-athletics-championships/world-athletics-championships-budapest-2023-7138987/results/men/decathlon/110-metres-hurdles/result,2026-09-30T23:00:03Z
WCH2023,heptathlon,100mH,W,1,2023-08-19,11:35,4,Noor VIDTS,14450530,0.176,13.33,https://worldathletics.org/competitions/world-athletics-championships/world-athletics-championships-budapest-2023-7138987/results/women/heptathlon/100-metres-hurdles/result,2026-09-30T23:00:05Z
WCH2023,heptathlon,100mH,W,1,2023-08-19,11:35,8,Xénia KRIZSÁN,14362956,0.159,13.48,https://worldathletics.org/competitions/world-athletics-championships/world-athletics-championships-budapest-2023-7138987/results/women/heptathlon/100-metres-hurdles/result,2026-09-30T23:00:05Z
WCH2023,heptathlon,100mH,W,1,2023-08-19,11:35,7,Kate O'CONNOR,14759587,0.167,13.57,https://worldathletics.org/competitions/world-athletics-championships/world-athletics-championships-budapest-2023-7138987/results/women/heptathlon/100-metres-hurdles/result,2026-09-30T23:00:05Z
WCH2023,heptathlon,100mH,W,1,2023-08-19,11:35,3,Vanessa GRIMM,14497556,0.187,14.00,https://worldathletics.org/competitions/world-athletics-championships/world-athletics-championships-budapest-2023-7138987/results/women/heptathlon/100-metres-hurdles/result,2026-09-30T23:00:05Z
WCH2023,heptathlon,100mH,W,1,2023-08-19,11:35,6,Sarah LAGGER,14544322,0.243,14.21,https://worldathletics.org/competitions/world-athletics-championships/world-athletics-championships-budapest-2023-7138987/results/women/heptathlon/100-metres-hurdles/result,2026-09-30T23:00:05Z
WCH2023,heptathlon,100mH,W,1,2023-08-19,11:35,5,Paulina LIGARSKA,14549342,0.184,14.31,https://worldathletics.org/competitions/world-athletics-championships/world-athletics-championships-budapest-2023-7138987/results/women/heptathlon/100-metres-hurdles/result,2026-09-30T23:00:05Z
WCH2023,heptathlon,100mH,W,1,2023-08-19,11:35,2,Ekaterina VORONINA,14330186,0.172,14.77,https://worldathletics.org/competitions/world-athletics-championships/world-athletics-championships-budapest-2023-7138987/results/women/heptathlon/100-metres-hurdles/result,2026-09-30T23:00:05Z
WCH2023,heptathlon,100mH,W,2,2023-08-19,11:42,6,Annik KÄLIN,14680605,0.169,13.36,https://worldathletics.org/competitions/world-athletics-championships/world-athletics-championships-budapest-2023-7138987/results/women/heptathlon/100-metres-hurdles/result,2026-09-30T23:00:05Z
WCH2023,heptathlon,100mH,W,2,2023-08-19,11:42,5,Emma OOSTERWEGEL,14536023,0.181,13.38,https://worldathletics.org/competitions/world-athletics-championships/world-athletics-championships-budapest-2023-7138987/results/women/heptathlon/100-metres-hurdles/result,2026-09-30T23:00:05Z
WCH2023,heptathlon,100mH,W,2,2023-08-19,11:42,2,Léonie CAMBOURS,14734285,0.18,13.56,https://worldathletics.org/competitions/world-athletics-championships/world-athletics-championships-budapest-2023-7138987/results/women/heptathlon/100-metres-hurdles/result,2026-09-30T23:00:05Z
WCH2023,heptathlon,100mH,W,2,2023-08-19,11:42,3,Sophie WEIßENBERG,14534748,0.182,13.58,https://worldathletics.org/competitions/world-athletics-championships/world-athletics-championships-budapest-2023-7138987/results/women/heptathlon/100-metres-hurdles/result,2026-09-30T23:00:05Z
WCH2023,heptathlon,100mH,W,2,2023-08-19,11:42,4,Auriana LAZRAQ-KHLASS,14685406,0.156,13.62,https://worldathletics.org/competitions/world-athletics-championships/world-athletics-championships-budapest-2023-7138987/results/women/heptathlon/100-metres-hurdles/result,2026-09-30T23:00:05Z
WCH2023,heptathlon,100mH,W,2,2023-08-19,11:42,8,Rita NEMES,14282119,0.162,13.63,https://worldathletics.org/competitions/world-athletics-championships/world-athletics-championships-budapest-2023-7138987/results/women/heptathlon/100-metres-hurdles/result,2026-09-30T23:00:05Z
WCH2023,heptathlon,100mH,W,2,2023-08-19,11:42,9,Martha Valeria ARAUJO SINISTERRA,14587338,0.171,13.65,https://worldathletics.org/competitions/world-athletics-championships/world-athletics-championships-budapest-2023-7138987/results/women/heptathlon/100-metres-hurdles/result,2026-09-30T23:00:05Z
WCH2023,heptathlon,100mH,W,2,2023-08-19,11:42,7,Sofie DOKTER,14825097,0.158,13.82,https://worldathletics.org/competitions/world-athletics-championships/world-athletics-championships-budapest-2023-7138987/results/women/heptathlon/100-metres-hurdles/result,2026-09-30T23:00:05Z
WCH2023,heptathlon,100mH,W,3,2023-08-19,11:49,8,Taliyah BROOKS,14437075,0.177,12.78,https://worldathletics.org/competitions/world-athletics-championships/world-athletics-championships-budapest-2023-7138987/results/women/heptathlon/100-metres-hurdles/result,2026-09-30T23:00:05Z
WCH2023,heptathlon,100mH,W,3,2023-08-19,11:49,5,Anna HALL,14713272,0.187,12.97,https://worldathletics.org/competitions/world-athletics-championships/world-athletics-championships-budapest-2023-7138987/results/women/heptathlon/100-metres-hurdles/result,2026-09-30T23:00:05Z
WCH2023,heptathlon,100mH,W,3,2023-08-19,11:49,7,Chari HAWKINS,14441441,0.168,13.04,https://worldathletics.org/competitions/world-athletics-championships/world-athletics-championships-budapest-2023-7138987/results/women/heptathlon/100-metres-hurdles/result,2026-09-30T23:00:05Z
WCH2023,heptathlon,100mH,W,3,2023-08-19,11:49,3,Esther CONDE-TURPIN,14503271,0.172,13.24,https://worldathletics.org/competitions/world-athletics-championships/world-athletics-championships-budapest-2023-7138987/results/women/heptathlon/100-metres-hurdles/result,2026-09-30T23:00:05Z
WCH2023,heptathlon,100mH,W,3,2023-08-19,11:49,4,Anouk VETTER,14372340,0.153,13.42,https://worldathletics.org/competitions/world-athletics-championships/world-athletics-championships-budapest-2023-7138987/results/women/heptathlon/100-metres-hurdles/result,2026-09-30T23:00:05Z
WCH2023,heptathlon,100mH,W,3,2023-08-19,11:49,6,Katarina JOHNSON-THOMPSON,14276543,0.185,13.50,https://worldathletics.org/competitions/world-athletics-championships/world-athletics-championships-budapest-2023-7138987/results/women/heptathlon/100-metres-hurdles/result,2026-09-30T23:00:05Z
WCH2023,heptathlon,100mH,W,3,2023-08-19,11:49,9,Carolin SCHÄFER,14279515,0.151,13.60,https://worldathletics.org/competitions/world-athletics-championships/world-athletics-championships-budapest-2023-7138987/results/women/heptathlon/100-metres-hurdles/result,2026-09-30T23:00:05Z
WCH2023,heptathlon,100mH,W,3,2023-08-19,11:49,2,Saga VANNINEN,14762841,0.161,13.62,https://worldathletics.org/competitions/world-athletics-championships/world-athletics-championships-budapest-2023-7138987/results/women/heptathlon/100-metres-hurdles/result,2026-09-30T23:00:05Z
WCH2023,heptathlon,200m,W,1,2023-08-19,20:31,2,Noor VIDTS,14450530,0.21,24.23,https://worldathletics.org/competitions/world-athletics-championships/world-athletics-championships-budapest-2023-7138987/results/women/heptathlon/200-metres/result,2026-09-30T23:00:09Z
WCH2023,heptathlon,200m,W,1,2023-08-19,20:31,7,Léonie CAMBOURS,14734285,0.167,25.03,https://worldathletics.org/competitions/world-athletics-championships/world-athletics-championships-budapest-2023-7138987/results/women/heptathlon/200-metres/result,2026-09-30T23:00:09Z
WCH2023,heptathlon,200m,W,1,2023-08-19,20:31,4,Xénia KRIZSÁN,14362956,0.175,25.16,https://worldathletics.org/competitions/world-athletics-championships/world-athletics-championships-budapest-2023-7138987/results/women/heptathlon/200-metres/result,2026-09-30T23:00:09Z
WCH2023,heptathlon,200m,W,1,2023-08-19,20:31,6,Ekaterina VORONINA,14330186,0.153,25.48,https://worldathletics.org/competitions/world-athletics-championships/world-athletics-championships-budapest-2023-7138987/results/women/heptathlon/200-metres/result,2026-09-30T23:00:09Z
WCH2023,heptathlon,200m,W,1,2023-08-19,20:31,5,Martha Valeria ARAUJO SINISTERRA,14587338,0.184,25.67,https://worldathletics.org/competitions/world-athletics-championships/world-athletics-championships-budapest-2023-7138987/results/women/heptathlon/200-metres/result,2026-09-30T23:00:09Z
WCH2023,heptathlon,200m,W,1,2023-08-19,20:31,3,Sarah LAGGER,14544322,0.22,25.86,https://worldathletics.org/competitions/world-athletics-championships/world-athletics-championships-budapest-2023-7138987/results/women/heptathlon/200-metres/result,2026-09-30T23:00:09Z
WCH2023,heptathlon,200m,W,1,2023-08-19,20:31,8,Annik KÄLIN,14680605,,DNS,https://worldathletics.org/competitions/world-athletics-championships/world-athletics-championships-budapest-2023-7138987/results/women/heptathlon/200-metres/result,2026-09-30T23:00:09Z
WCH2023,heptathlon,200m,W,2,2023-08-19,20:40,8,Auriana LAZRAQ-KHLASS,14685406,0.186,24.02,https://worldathletics.org/competitions/world-athletics-championships/world-athletics-championships-budapest-2023-7138987/results/women/heptathlon/200-metres/result,2026-09-30T23:00:09Z
WCH2023,heptathlon,200m,W,2,2023-08-19,20:40,5,Emma OOSTERWEGEL,14536023,0.193,24.58,https://worldathletics.org/competitions/world-athletics-championships/world-athletics-championships-budapest-2023-7138987/results/women/heptathlon/200-metres/result,2026-09-30T23:00:09Z
WCH2023,heptathlon,200m,W,2,2023-08-19,20:40,6,Saga VANNINEN,14762841,0.175,24.71,https://worldathletics.org/competitions/world-athletics-championships/world-athletics-championships-budapest-2023-7138987/results/women/heptathlon/200-metres/result,2026-09-30T23:00:09Z
WCH2023,heptathlon,200m,W,2,2023-08-19,20:40,3,Kate O'CONNOR,14759587,0.129,24.78,https://worldathletics.org/competitions/world-athletics-championships/world-athletics-championships-budapest-2023-7138987/results/women/heptathlon/200-metres/result,2026-09-30T23:00:09Z
WCH2023,heptathlon,200m,W,2,2023-08-19,20:40,9,Vanessa GRIMM,14497556,0.205,24.91,https://worldathletics.org/competitions/world-athletics-championships/world-athletics-championships-budapest-2023-7138987/results/women/heptathlon/200-metres/result,2026-09-30T23:00:09Z
WCH2023,heptathlon,200m,W,2,2023-08-19,20:40,2,Esther CONDE-TURPIN,14503271,0.208,25.04,https://worldathletics.org/competitions/world-athletics-championships/world-athletics-championships-budapest-2023-7138987/results/women/heptathlon/200-metres/result,2026-09-30T23:00:09Z
WCH2023,heptathlon,200m,W,2,2023-08-19,20:40,4,Rita NEMES,14282119,0.15,25.04,https://worldathletics.org/competitions/world-athletics-championships/world-athletics-championships-budapest-2023-7138987/results/women/heptathlon/200-metres/result,2026-09-30T23:00:09Z
WCH2023,heptathlon,200m,W,2,2023-08-19,20:40,7,Paulina LIGARSKA,14549342,0.215,25.41,https://worldathletics.org/competitions/world-athletics-championships/world-athletics-championships-budapest-2023-7138987/results/women/heptathlon/200-metres/result,2026-09-30T23:00:09Z
WCH2023,heptathlon,200m,W,3,2023-08-19,20:47,6,Katarina JOHNSON-THOMPSON,14276543,0.184,23.48,https://worldathletics.org/competitions/world-athletics-championships/world-athletics-championships-budapest-2023-7138987/results/women/heptathlon/200-metres/result,2026-09-30T23:00:09Z
WCH2023,heptathlon,200m,W,3,2023-08-19,20:47,8,Anna HALL,14713272,0.208,23.56,https://worldathletics.org/competitions/world-athletics-championships/world-athletics-championships-budapest-2023-7138987/results/women/heptathlon/200-metres/result,2026-09-30T23:00:09Z
WCH2023,heptathlon,200m,W,3,2023-08-19,20:47,5,Taliyah BROOKS,14437075,0.144,23.85,https://worldathletics.org/competitions/world-athletics-championships/world-athletics-championships-budapest-2023-7138987/results/women/heptathlon/200-metres/result,2026-09-30T23:00:09Z
WCH2023,heptathlon,200m,W,3,2023-08-19,20:47,7,Sophie WEIßENBERG,14534748,0.193,23.88,https://worldathletics.org/competitions/world-athletics-championships/world-athletics-championships-budapest-2023-7138987/results/women/heptathlon/200-metres/result,2026-09-30T23:00:09Z
WCH2023,heptathlon,200m,W,3,2023-08-19,20:47,9,Sofie DOKTER,14825097,0.157,23.89,https://worldathletics.org/competitions/world-athletics-championships/world-athletics-championships-budapest-2023-7138987/results/women/heptathlon/200-metres/result,2026-09-30T23:00:09Z
WCH2023,heptathlon,200m,W,3,2023-08-19,20:47,4,Anouk VETTER,14372340,0.159,24.28,https://worldathletics.org/competitions/world-athletics-championships/world-athletics-championships-budapest-2023-7138987/results/women/heptathlon/200-metres/result,2026-09-30T23:00:09Z
WCH2023,heptathlon,200m,W,3,2023-08-19,20:47,3,Chari HAWKINS,14441441,0.167,24.38,https://worldathletics.org/competitions/world-athletics-championships/world-athletics-championships-budapest-2023-7138987/results/women/heptathlon/200-metres/result,2026-09-30T23:00:09Z
WCH2023,heptathlon,200m,W,3,2023-08-19,20:47,2,Carolin SCHÄFER,14279515,,DNS,https://worldathletics.org/competitions/world-athletics-championships/world-athletics-championships-budapest-2023-7138987/results/women/heptathlon/200-metres/result,2026-09-30T23:00:09Z
WCH2022,decathlon,100m,M,1,2022-07-23,09:50,3,Sander SKOTHEIM,14834505,0.127,10.88,https://worldathletics.org/competitions/world-athletics-championships/world-athletics-championships-oregon-2022-7137279/results/men/decathlon/100-metres/result,2026-09-30T23:00:12Z
WCH2022,decathlon,100m,M,1,2022-07-23,09:50,1,Daniel GOLUBOVIC,14533629,0.139,10.99,https://worldathletics.org/competitions/world-athletics-championships/world-athletics-championships-oregon-2022-7137279/results/men/decathlon/100-metres/result,2026-09-30T23:00:12Z
WCH2022,decathlon,100m,M,1,2022-07-23,09:50,4,Maicel UIBO,14375741,0.144,11.14,https://worldathletics.org/competitions/world-athletics-championships/world-athletics-championships-oregon-2022-7137279/results/men/decathlon/100-metres/result,2026-09-30T23:00:12Z
WCH2022,decathlon,100m,M,1,2022-07-23,09:50,2,Niklas KAUL,14603864,0.154,11.22,https://worldathletics.org/competitions/world-athletics-championships/world-athletics-championships-oregon-2022-7137279/results/men/decathlon/100-metres/result,2026-09-30T23:00:12Z
WCH2022,decathlon,100m,M,1,2022-07-23,09:50,5,Tim NOWAK,14452895,0.158,11.43,https://worldathletics.org/competitions/world-athletics-championships/world-athletics-championships-oregon-2022-7137279/results/men/decathlon/100-metres/result,2026-09-30T23:00:12Z
WCH2022,decathlon,100m,M,1,2022-07-23,09:50,7,Marcus NILSSON,14377019,0.134,11.46,https://worldathletics.org/competitions/world-athletics-championships/world-athletics-championships-oregon-2022-7137279/results/men/decathlon/100-metres/result,2026-09-30T23:00:12Z
WCH2022,decathlon,100m,M,1,2022-07-23,09:50,6,Andy PRECIADO,14646490,0.135,DNF,https://worldathletics.org/competitions/world-athletics-championships/world-athletics-championships-oregon-2022-7137279/results/men/decathlon/100-metres/result,2026-09-30T23:00:12Z
WCH2022,decathlon,100m,M,2,2022-07-23,09:58,2,Ken MULLINGS,14641921,0.144,10.83,https://worldathletics.org/competitions/world-athletics-championships/world-athletics-championships-oregon-2022-7137279/results/men/decathlon/100-metres/result,2026-09-30T23:00:12Z
WCH2022,decathlon,100m,M,2,2022-07-23,09:58,4,Cedric DUBLER,14446988,0.133,10.93,https://worldathletics.org/competitions/world-athletics-championships/world-athletics-championships-oregon-2022-7137279/results/men/decathlon/100-metres/result,2026-09-30T23:00:12Z
WCH2022,decathlon,100m,M,2,2022-07-23,09:58,5,Steven BASTIEN,14531009,0.133,10.93,https://worldathletics.org/competitions/world-athletics-championships/world-athletics-championships-oregon-2022-7137279/results/men/decathlon/100-metres/result,2026-09-30T23:00:12Z
WCH2022,decathlon,100m,M,2,2022-07-23,09:58,3,Johannes ERM,14604068,0.166,10.94,https://worldathletics.org/competitions/world-athletics-championships/world-athletics-championships-oregon-2022-7137279/results/men/decathlon/100-metres/result,2026-09-30T23:00:12Z
WCH2022,decathlon,100m,M,2,2022-07-23,09:58,7,Leo NEUGEBAUER,14739745,0.143,11.07,https://worldathletics.org/competitions/world-athletics-championships/world-athletics-championships-oregon-2022-7137279/results/men/decathlon/100-metres/result,2026-09-30T23:00:12Z
WCH2022,decathlon,100m,M,2,2022-07-23,09:58,8,Jiří SÝKORA,14456280,0.137,11.11,https://worldathletics.org/competitions/world-athletics-championships/world-athletics-championships-oregon-2022-7137279/results/men/decathlon/100-metres/result,2026-09-30T23:00:12Z
WCH2022,decathlon,100m,M,2,2022-07-23,09:58,1,Janek ÕIGLANE,14430316,0.116,11.12,https://worldathletics.org/competitions/world-athletics-championships/world-athletics-championships-oregon-2022-7137279/results/men/decathlon/100-metres/result,2026-09-30T23:00:12Z
WCH2022,decathlon,100m,M,2,2022-07-23,09:58,6,Kai KAZMIREK,14328075,0.117,11.19,https://worldathletics.org/competitions/world-athletics-championships/world-athletics-championships-oregon-2022-7137279/results/men/decathlon/100-metres/result,2026-09-30T23:00:12Z
WCH2022,decathlon,100m,M,3,2022-07-23,10:06,3,Damian WARNER,14173337,0.127,10.27,https://worldathletics.org/competitions/world-athletics-championships/world-athletics-championships-oregon-2022-7137279/results/men/decathlon/100-metres/result,2026-09-30T23:00:12Z
WCH2022,decathlon,100m,M,3,2022-07-23,10:06,1,Pierce LEPAGE,14541853,0.151,10.39,https://worldathletics.org/competitions/world-athletics-championships/world-athletics-championships-oregon-2022-7137279/results/men/decathlon/100-metres/result,2026-09-30T23:00:12Z
WCH2022,decathlon,100m,M,3,2022-07-23,10:06,6,Ashley MOLONEY,14673644,0.128,10.49,https://worldathletics.org/competitions/world-athletics-championships/world-athletics-championships-oregon-2022-7137279/results/men/decathlon/100-metres/result,2026-09-30T23:00:12Z
WCH2022,decathlon,100m,M,3,2022-07-23,10:06,8,Ayden OWENS-DELERME,14715503,0.184,10.52,https://worldathletics.org/competitions/world-athletics-championships/world-athletics-championships-oregon-2022-7137279/results/men/decathlon/100-metres/result,2026-09-30T23:00:12Z
WCH2022,decathlon,100m,M,3,2022-07-23,10:06,4,Zachery ZIEMEK,14429901,0.135,10.57,https://worldathletics.org/competitions/world-athletics-championships/world-athletics-championships-oregon-2022-7137279/results/men/decathlon/100-metres/result,2026-09-30T23:00:12Z
WCH2022,decathlon,100m,M,3,2022-07-23,10:06,2,Kevin MAYER,14334978,0.132,10.62,https://worldathletics.org/competitions/world-athletics-championships/world-athletics-championships-oregon-2022-7137279/results/men/decathlon/100-metres/result,2026-09-30T23:00:12Z
WCH2022,decathlon,100m,M,3,2022-07-23,10:06,7,Kyle GARLAND,14716563,0.141,10.69,https://worldathletics.org/competitions/world-athletics-championships/world-athletics-championships-oregon-2022-7137279/results/men/decathlon/100-metres/result,2026-09-30T23:00:12Z
WCH2022,decathlon,100m,M,3,2022-07-23,10:06,5,Lindon VICTOR,14631507,0.131,10.78,https://worldathletics.org/competitions/world-athletics-championships/world-athletics-championships-oregon-2022-7137279/results/men/decathlon/100-metres/result,2026-09-30T23:00:12Z
WCH2022,decathlon,400m,M,1,2022-07-23,18:55,8,Janek ÕIGLANE,14430316,0.148,49.16,https://worldathletics.org/competitions/world-athletics-championships/world-athletics-championships-oregon-2022-7137279/results/men/decathlon/400-metres/result,2026-09-30T23:00:16Z
WCH2022,decathlon,400m,M,1,2022-07-23,18:55,5,Ken MULLINGS,14641921,0.137,49.25,https://worldathletics.org/competitions/world-athletics-championships/world-athletics-championships-oregon-2022-7137279/results/men/decathlon/400-metres/result,2026-09-30T23:00:16Z
WCH2022,decathlon,400m,M,1,2022-07-23,18:55,4,Zachery ZIEMEK,14429901,0.185,49.56,https://worldathletics.org/competitions/world-athletics-championships/world-athletics-championships-oregon-2022-7137279/results/men/decathlon/400-metres/result,2026-09-30T23:00:16Z
WCH2022,decathlon,400m,M,1,2022-07-23,18:55,7,Maicel UIBO,14375741,0.197,50.38,https://worldathletics.org/competitions/world-athletics-championships/world-athletics-championships-oregon-2022-7137279/results/men/decathlon/400-metres/result,2026-09-30T23:00:16Z
WCH2022,decathlon,400m,M,1,2022-07-23,18:55,2,Tim NOWAK,14452895,0.161,50.94,https://worldathletics.org/competitions/world-athletics-championships/world-athletics-championships-oregon-2022-7137279/results/men/decathlon/400-metres/result,2026-09-30T23:00:16Z
WCH2022,decathlon,400m,M,1,2022-07-23,18:55,3,Andy PRECIADO,14646490,,DNS,https://worldathletics.org/competitions/world-athletics-championships/world-athletics-championships-oregon-2022-7137279/results/men/decathlon/400-metres/result,2026-09-30T23:00:16Z
WCH2022,decathlon,400m,M,1,2022-07-23,18:55,6,Marcus NILSSON,14377019,,DNS,https://worldathletics.org/competitions/world-athletics-championships/world-athletics-championships-oregon-2022-7137279/results/men/decathlon/400-metres/result,2026-09-30T23:00:16Z
WCH2022,decathlon,400m,M,2,2022-07-23,19:03,4,Niklas KAUL,14603864,0.158,48.39,https://worldathletics.org/competitions/world-athletics-championships/world-athletics-championships-oregon-2022-7137279/results/men/decathlon/400-metres/result,2026-09-30T23:00:16Z
WCH2022,decathlon,400m,M,2,2022-07-23,19:03,3,Lindon VICTOR,14631507,0.141,49.27,https://worldathletics.org/competitions/world-athletics-championships/world-athletics-championships-oregon-2022-7137279/results/men/decathlon/400-metres/result,2026-09-30T23:00:16Z
WCH2022,decathlon,400m,M,2,2022-07-23,19:03,1,Jiří SÝKORA,14456280,0.145,49.29,https://worldathletics.org/competitions/world-athletics-championships/world-athletics-championships-oregon-2022-7137279/results/men/decathlon/400-metres/result,2026-09-30T23:00:16Z
WCH2022,decathlon,400m,M,2,2022-07-23,19:03,7,Kai KAZMIREK,14328075,0.145,49.33,https://worldathletics.org/competitions/world-athletics-championships/world-athletics-championships-oregon-2022-7137279/results/men/decathlon/400-metres/result,2026-09-30T23:00:16Z
WCH2022,decathlon,400m,M,2,2022-07-23,19:03,6,Kevin MAYER,14334978,0.164,49.40,https://worldathletics.org/competitions/world-athletics-championships/world-athletics-championships-oregon-2022-7137279/results/men/decathlon/400-metres/result,2026-09-30T23:00:16Z
WCH2022,decathlon,400m,M,2,2022-07-23,19:03,2,Daniel GOLUBOVIC,14533629,0.149,49.44,https://worldathletics.org/competitions/world-athletics-championships/world-athletics-championships-oregon-2022-7137279/results/men/decathlon/400-metres/result,2026-09-30T23:00:16Z
WCH2022,decathlon,400m,M,2,2022-07-23,19:03,5,Kyle GARLAND,14716563,0.152,49.64,https://worldathletics.org/competitions/world-athletics-championships/world-athletics-championships-oregon-2022-7137279/results/men/decathlon/400-metres/result,2026-09-30T23:00:16Z
WCH2022,decathlon,400m,M,2,2022-07-23,19:03,8,Sander SKOTHEIM,14834505,0.154,49.80,https://worldathletics.org/competitions/world-athletics-championships/world-athletics-championships-oregon-2022-7137279/results/men/decathlon/400-metres/result,2026-09-30T23:00:16Z
WCH2022,decathlon,400m,M,3,2022-07-23,19:11,7,Ayden OWENS-DELERME,14715503,0.189,45.07,https://worldathletics.org/competitions/world-athletics-championships/world-athletics-championships-oregon-2022-7137279/results/men/decathlon/400-metres/result,2026-09-30T23:00:16Z
WCH2022,decathlon,400m,M,3,2022-07-23,19:11,4,Pierce LEPAGE,14541853,0.194,46.84,https://worldathletics.org/competitions/world-athletics-championships/world-athletics-championships-oregon-2022-7137279/results/men/decathlon/400-metres/result,2026-09-30T23:00:16Z
WCH2022,decathlon,400m,M,3,2022-07-23,19:11,3,Ashley MOLONEY,14673644,0.142,46.88,https://worldathletics.org/competitions/world-athletics-championships/world-athletics-championships-oregon-2022-7137279/results/men/decathlon/400-metres/result,2026-09-30T23:00:16Z
WCH2022,decathlon,400m,M,3,2022-07-23,19:11,8,Johannes ERM,14604068,0.169,47.02,https://worldathletics.org/competitions/world-athletics-championships/world-athletics-championships-oregon-2022-7137279/results/men/decathlon/400-metres/result,2026-09-30T23:00:16Z
WCH2022,decathlon,400m,M,3,2022-07-23,19:11,5,Cedric DUBLER,14446988,0.127,47.71,https://worldathletics.org/competitions/world-athletics-championships/world-athletics-championships-oregon-2022-7137279/results/men/decathlon/400-metres/result,2026-09-30T23:00:16Z
WCH2022,decathlon,400m,M,3,2022-07-23,19:11,2,Steven BASTIEN,14531009,0.148,47.95,https://worldathletics.org/competitions/world-athletics-championships/world-athletics-championships-oregon-2022-7137279/results/men/decathlon/400-metres/result,2026-09-30T23:00:16Z
WCH2022,decathlon,400m,M,3,2022-07-23,19:11,6,Leo NEUGEBAUER,14739745,0.151,48.34,https://worldathletics.org/competitions/world-athletics-championships/world-athletics-championships-oregon-2022-7137279/results/men/decathlon/400-metres/result,2026-09-30T23:00:16Z
WCH2022,decathlon,400m,M,3,2022-07-23,19:11,1,Damian WARNER,14173337,0.139,DNF,https://worldathletics.org/competitions/world-athletics-championships/world-athletics-championships-oregon-2022-7137279/results/men/decathlon/400-metres/result,2026-09-30T23:00:16Z
WCH2022,decathlon,110mH,M,1,2022-07-24,09:35,6,Johannes ERM,14604068,0.171,14.38,https://worldathletics.org/competitions/world-athletics-championships/world-athletics-championships-oregon-2022-7137279/results/men/decathlon/110-metres-hurdles/result,2026-09-30T23:00:19Z
WCH2022,decathlon,110mH,M,1,2022-07-24,09:35,3,Zachery ZIEMEK,14429901,0.116,14.47,https://worldathletics.org/competitions/world-athletics-championships/world-athletics-championships-oregon-2022-7137279/results/men/decathlon/110-metres-hurdles/result,2026-09-30T23:00:19Z
WCH2022,decathlon,110mH,M,1,2022-07-24,09:35,2,Maicel UIBO,14375741,0.166,14.49,https://worldathletics.org/competitions/world-athletics-championships/world-athletics-championships-oregon-2022-7137279/results/men/decathlon/110-metres-hurdles/result,2026-09-30T23:00:19Z
WCH2022,decathlon,110mH,M,1,2022-07-24,09:35,4,Lindon VICTOR,14631507,0.149,14.76,https://worldathletics.org/competitions/world-athletics-championships/world-athletics-championships-oregon-2022-7137279/results/men/decathlon/110-metres-hurdles/result,2026-09-30T23:00:19Z
WCH2022,decathlon,110mH,M,1,2022-07-24,09:35,8,Leo NEUGEBAUER,14739745,0.17,14.86,https://worldathletics.org/competitions/world-athletics-championships/world-athletics-championships-oregon-2022-7137279/results/men/decathlon/110-metres-hurdles/result,2026-09-30T23:00:19Z
WCH2022,decathlon,110mH,M,1,2022-07-24,09:35,5,Tim NOWAK,14452895,0.169,14.91,https://worldathletics.org/competitions/world-athletics-championships/world-athletics-championships-oregon-2022-7137279/results/men/decathlon/110-metres-hurdles/result,2026-09-30T23:00:19Z
WCH2022,decathlon,110mH,M,1,2022-07-24,09:35,7,Sander SKOTHEIM,14834505,0.138,15.05,https://worldathletics.org/competitions/world-athletics-championships/world-athletics-championships-oregon-2022-7137279/results/men/decathlon/110-metres-hurdles/result,2026-09-30T23:00:19Z
WCH2022,decathlon,110mH,M,2,2022-07-24,09:43,4,Ken MULLINGS,14641921,0.117,14.02,https://worldathletics.org/competitions/world-athletics-championships/world-athletics-championships-oregon-2022-7137279/results/men/decathlon/110-metres-hurdles/result,2026-09-30T23:00:19Z
WCH2022,decathlon,110mH,M,2,2022-07-24,09:43,7,Jiří SÝKORA,14456280,0.126,14.14,https://worldathletics.org/competitions/world-athletics-championships/world-athletics-championships-oregon-2022-7137279/results/men/decathlon/110-metres-hurdles/result,2026-09-30T23:00:19Z
WCH2022,decathlon,110mH,M,2,2022-07-24,09:43,8,Niklas KAUL,14603864,0.143,14.27,https://worldathletics.org/competitions/world-athletics-championships/world-athletics-championships-oregon-2022-7137279/results/men/decathlon/110-metres-hurdles/result,2026-09-30T23:00:19Z
WCH2022,decathlon,110mH,M,2,2022-07-24,09:43,3,Kai KAZMIREK,14328075,0.15,14.43,https://worldathletics.org/competitions/world-athletics-championships/world-athletics-championships-oregon-2022-7137279/results/men/decathlon/110-metres-hurdles/result,2026-09-30T23:00:19Z
WCH2022,decathlon,110mH,M,2,2022-07-24,09:43,5,Ashley MOLONEY,14673644,0.125,14.46,https://worldathletics.org/competitions/world-athletics-championships/world-athletics-championships-oregon-2022-7137279/results/men/decathlon/110-metres-hurdles/result,2026-09-30T23:00:19Z
WCH2022,decathlon,110mH,M,2,2022-07-24,09:43,6,Janek ÕIGLANE,14430316,0.181,14.69,https://worldathletics.org/competitions/world-athletics-championships/world-athletics-championships-oregon-2022-7137279/results/men/decathlon/110-metres-hurdles/result,2026-09-30T23:00:19Z
WCH2022,decathlon,110mH,M,2,2022-07-24,09:43,2,Steven BASTIEN,14531009,0.132,14.75,https://worldathletics.org/competitions/world-athletics-championships/world-athletics-championships-oregon-2022-7137279/results/men/decathlon/110-metres-hurdles/result,2026-09-30T23:00:19Z
WCH2022,decathlon,110mH,M,3,2022-07-24,09:51,5,Pierce LEPAGE,14541853,0.154,13.78,https://worldathletics.org/competitions/world-athletics-championships/world-athletics-championships-oregon-2022-7137279/results/men/decathlon/110-metres-hurdles/result,2026-09-30T23:00:19Z
WCH2022,decathlon,110mH,M,3,2022-07-24,09:51,7,Ayden OWENS-DELERME,14715503,0.133,13.88,https://worldathletics.org/competitions/world-athletics-championships/world-athletics-championships-oregon-2022-7137279/results/men/decathlon/110-metres-hurdles/result,2026-09-30T23:00:19Z
WCH2022,decathlon,110mH,M,3,2022-07-24,09:51,6,Daniel GOLUBOVIC,14533629,0.15,13.92,https://worldathletics.org/competitions/world-athletics-championships/world-athletics-championships-oregon-2022-7137279/results/men/decathlon/110-metres-hurdles/result,2026-09-30T23:00:19Z
WCH2022,decathlon,110mH,M,3,2022-07-24,09:51,4,Kevin MAYER,14334978,0.129,13.92,https://worldathletics.org/competitions/world-athletics-championships/world-athletics-championships-oregon-2022-7137279/results/men/decathlon/110-metres-hurdles/result,2026-09-30T23:00:19Z
WCH2022,decathlon,110mH,M,3,2022-07-24,09:51,2,Kyle GARLAND,14716563,0.141,14.18,https://worldathletics.org/competitions/world-athletics-championships/world-athletics-championships-oregon-2022-7137279/results/men/decathlon/110-metres-hurdles/result,2026-09-30T23:00:19Z
WCH2022,decathlon,110mH,M,3,2022-07-24,09:51,3,Cedric DUBLER,14446988,0.129,14.28,https://worldathletics.org/competitions/world-athletics-championships/world-athletics-championships-oregon-2022-7137279/results/men/decathlon/110-metres-hurdles/result,2026-09-30T23:00:19Z
WCH2022,decathlon,110mH,M,3,2022-07-24,09:51,8,Damian WARNER,14173337,,DNS,https://worldathletics.org/competitions/world-athletics-championships/world-athletics-championships-oregon-2022-7137279/results/men/decathlon/110-metres-hurdles/result,2026-09-30T23:00:19Z
WCH2022,heptathlon,100mH,W,1,2022-07-17,10:35,4,Nafissatou THIAM,14428253,0.119,13.21,https://worldathletics.org/competitions/world-athletics-championships/world-athletics-championships-oregon-2022-7137279/results/women/heptathlon/100-metres-hurdles/result,2026-09-30T23:00:21Z
WCH2022,heptathlon,100mH,W,1,2022-07-17,10:35,1,Emma OOSTERWEGEL,14536023,0.172,13.44,https://worldathletics.org/competitions/world-athletics-championships/world-athletics-championships-oregon-2022-7137279/results/women/heptathlon/100-metres-hurdles/result,2026-09-30T23:00:21Z
WCH2022,heptathlon,100mH,W,1,2022-07-17,10:35,8,Ashtin ZAMZOW-MAHLER,14519085,0.141,13.47,https://worldathletics.org/competitions/world-athletics-championships/world-athletics-championships-oregon-2022-7137279/results/women/heptathlon/100-metres-hurdles/result,2026-09-30T23:00:21Z
WCH2022,heptathlon,100mH,W,1,2022-07-17,10:35,6,Sophie WEIßENBERG,14534748,0.153,13.51,https://worldathletics.org/competitions/world-athletics-championships/world-athletics-championships-oregon-2022-7137279/results/women/heptathlon/100-metres-hurdles/result,2026-09-30T23:00:21Z
WCH2022,heptathlon,100mH,W,1,2022-07-17,10:35,2,Katarina JOHNSON-THOMPSON,14276543,0.101,13.55,https://worldathletics.org/competitions/world-athletics-championships/world-athletics-championships-oregon-2022-7137279/results/women/heptathlon/100-metres-hurdles/result,2026-09-30T23:00:21Z
WCH2022,heptathlon,100mH,W,1,2022-07-17,10:35,5,Claudia CONTE,14677468,0.136,13.65,https://worldathletics.org/competitions/world-athletics-championships/world-athletics-championships-oregon-2022-7137279/results/women/heptathlon/100-metres-hurdles/result,2026-09-30T23:00:21Z
WCH2022,heptathlon,100mH,W,1,2022-07-17,10:35,7,Paulina LIGARSKA,14549342,0.14,14.19,https://worldathletics.org/competitions/world-athletics-championships/world-athletics-championships-oregon-2022-7137279/results/women/heptathlon/100-metres-hurdles/result,2026-09-30T23:00:21Z
WCH2022,heptathlon,100mH,W,1,2022-07-17,10:35,3,Odile AHOUANWANOU,14532373,,DNS,https://worldathletics.org/competitions/world-athletics-championships/world-athletics-championships-oregon-2022-7137279/results/women/heptathlon/100-metres-hurdles/result,2026-09-30T23:00:21Z
WCH2022,heptathlon,100mH,W,2,2022-07-17,10:43,4,Michelle ATHERLEY,14616355,0.111,13.12,https://worldathletics.org/competitions/world-athletics-championships/world-athletics-championships-oregon-2022-7137279/results/women/heptathlon/100-metres-hurdles/result,2026-09-30T23:00:21Z
WCH2022,heptathlon,100mH,W,2,2022-07-17,10:43,1,Annik KÄLIN,14680605,0.162,13.17,https://worldathletics.org/competitions/world-athletics-championships/world-athletics-championships-oregon-2022-7137279/results/women/heptathlon/100-metres-hurdles/result,2026-09-30T23:00:21Z
WCH2022,heptathlon,100mH,W,2,2022-07-17,10:43,8,Anna HALL,14713272,0.15,13.20,https://worldathletics.org/competitions/world-athletics-championships/world-athletics-championships-oregon-2022-7137279/results/women/heptathlon/100-metres-hurdles/result,2026-09-30T23:00:21Z
WCH2022,heptathlon,100mH,W,2,2022-07-17,10:43,5,Noor VIDTS,14450530,0.143,13.20,https://worldathletics.org/competitions/world-athletics-championships/world-athletics-championships-oregon-2022-7137279/results/women/heptathlon/100-metres-hurdles/result,2026-09-30T23:00:21Z
WCH2022,heptathlon,100mH,W,2,2022-07-17,10:43,2,Adrianna SUŁEK,14604425,0.141,13.28,https://worldathletics.org/competitions/world-athletics-championships/world-athletics-championships-oregon-2022-7137279/results/women/heptathlon/100-metres-hurdles/result,2026-09-30T23:00:21Z
WCH2022,heptathlon,100mH,W,2,2022-07-17,10:43,7,Anouk VETTER,14372340,0.117,13.30,https://worldathletics.org/competitions/world-athletics-championships/world-athletics-championships-oregon-2022-7137279/results/women/heptathlon/100-metres-hurdles/result,2026-09-30T23:00:21Z
WCH2022,heptathlon,100mH,W,2,2022-07-17,10:43,3,Xénia KRIZSÁN,14362956,0.138,13.46,https://worldathletics.org/competitions/world-athletics-championships/world-athletics-championships-oregon-2022-7137279/results/women/heptathlon/100-metres-hurdles/result,2026-09-30T23:00:21Z
WCH2022,heptathlon,100mH,W,2,2022-07-17,10:43,6,Kendell WILLIAMS,14411362,0.139,13.54,https://worldathletics.org/competitions/world-athletics-championships/world-athletics-championships-oregon-2022-7137279/results/women/heptathlon/100-metres-hurdles/result,2026-09-30T23:00:21Z
WCH2022,heptathlon,200m,W,1,2022-07-17,18:38,8,Annik KÄLIN,14680605,0.142,24.05,https://worldathletics.org/competitions/world-athletics-championships/world-athletics-championships-oregon-2022-7137279/results/women/heptathlon/200-metres/result,2026-09-30T23:00:25Z
WCH2022,heptathlon,200m,W,1,2022-07-17,18:38,2,Nafissatou THIAM,14428253,0.138,24.39,https://worldathletics.org/competitions/world-athletics-championships/world-athletics-championships-oregon-2022-7137279/results/women/heptathlon/200-metres/result,2026-09-30T23:00:25Z
WCH2022,heptathlon,200m,W,1,2022-07-17,18:38,3,Emma OOSTERWEGEL,14536023,0.198,24.43,https://worldathletics.org/competitions/world-athletics-championships/world-athletics-championships-oregon-2022-7137279/results/women/heptathlon/200-metres/result,2026-09-30T23:00:25Z
WCH2022,heptathlon,200m,W,1,2022-07-17,18:38,5,Paulina LIGARSKA,14549342,0.159,24.65,https://worldathletics.org/competitions/world-athletics-championships/world-athletics-championships-oregon-2022-7137279/results/women/heptathlon/200-metres/result,2026-09-30T23:00:25Z
WCH2022,heptathlon,200m,W,1,2022-07-17,18:38,4,Claudia CONTE,14677468,0.163,24.77,https://worldathletics.org/competitions/world-athletics-championships/world-athletics-championships-oregon-2022-7137279/results/women/heptathlon/200-metres/result,2026-09-30T23:00:25Z
WCH2022,heptathlon,200m,W,1,2022-07-17,18:38,6,Xénia KRIZSÁN,14362956,0.143,24.82,https://worldathletics.org/competitions/world-athletics-championships/world-athletics-championships-oregon-2022-7137279/results/women/heptathlon/200-metres/result,2026-09-30T23:00:25Z
WCH2022,heptathlon,200m,W,1,2022-07-17,18:38,7,Ashtin ZAMZOW-MAHLER,14519085,0.17,25.15,https://worldathletics.org/competitions/world-athletics-championships/world-athletics-championships-oregon-2022-7137279/results/women/heptathlon/200-metres/result,2026-09-30T23:00:25Z
WCH2022,heptathlon,200m,W,2,2022-07-17,18:45,4,Anna HALL,14713272,0.147,23.08,https://worldathletics.org/competitions/world-athletics-championships/world-athletics-championships-oregon-2022-7137279/results/women/heptathlon/200-metres/result,2026-09-30T23:00:25Z
WCH2022,heptathlon,200m,W,2,2022-07-17,18:45,2,Katarina JOHNSON-THOMPSON,14276543,0.145,23.62,https://worldathletics.org/competitions/world-athletics-championships/world-athletics-championships-oregon-2022-7137279/results/women/heptathlon/200-metres/result,2026-09-30T23:00:25Z
WCH2022,heptathlon,200m,W,2,2022-07-17,18:45,8,Anouk VETTER,14372340,0.168,23.73,https://worldathletics.org/competitions/world-athletics-championships/world-athletics-championships-oregon-2022-7137279/results/women/heptathlon/200-metres/result,2026-09-30T23:00:25Z
WCH2022,heptathlon,200m,W,2,2022-07-17,18:45,5,Adrianna SUŁEK,14604425,0.167,23.77,https://worldathletics.org/competitions/world-athletics-championships/world-athletics-championships-oregon-2022-7137279/results/women/heptathlon/200-metres/result,2026-09-30T23:00:25Z
WCH2022,heptathlon,200m,W,2,2022-07-17,18:45,7,Noor VIDTS,14450530,0.166,23.92,https://worldathletics.org/competitions/world-athletics-championships/world-athletics-championships-oregon-2022-7137279/results/women/heptathlon/200-metres/result,2026-09-30T23:00:25Z
WCH2022,heptathlon,200m,W,2,2022-07-17,18:45,1,Michelle ATHERLEY,14616355,0.134,23.97,https://worldathletics.org/competitions/world-athletics-championships/world-athletics-championships-oregon-2022-7137279/results/women/heptathlon/200-metres/result,2026-09-30T23:00:25Z
WCH2022,heptathlon,200m,W,2,2022-07-17,18:45,3,Sophie WEIßENBERG,14534748,0.152,24.06,https://worldathletics.org/competitions/world-athletics-championships/world-athletics-championships-oregon-2022-7137279/results/women/heptathlon/200-metres/result,2026-09-30T23:00:25Z
WCH2022,heptathlon,200m,W,2,2022-07-17,18:45,6,Kendell WILLIAMS,14411362,0.153,25.27,https://worldathletics.org/competitions/world-athletics-championships/world-athletics-championships-oregon-2022-7137279/results/women/heptathlon/200-metres/result,2026-09-30T23:00:25Z
WCH2019,decathlon,100m,M,1,2019-10-02,16:35,5,Janek Õiglane,14430316,0.136,10.94,https://worldathletics.org/competitions/world-athletics-championships/iaaf-world-athletics-championships-doha-2019-7125365/results/men/decathlon/100-metres/result,2026-09-30T23:00:29Z
WCH2019,decathlon,100m,M,1,2019-10-02,16:35,4,Ilya Shkurenyov,14402428,0.162,11.02,https://worldathletics.org/competitions/world-athletics-championships/iaaf-world-athletics-championships-doha-2019-7125365/results/men/decathlon/100-metres/result,2026-09-30T23:00:29Z
WCH2019,decathlon,100m,M,1,2019-10-02,16:35,8,Maicel Uibo,14375741,0.153,11.10,https://worldathletics.org/competitions/world-athletics-championships/iaaf-world-athletics-championships-doha-2019-7125365/results/men/decathlon/100-metres/result,2026-09-30T23:00:29Z
WCH2019,decathlon,100m,M,1,2019-10-02,16:35,3,Tim Nowak,14452895,0.171,11.12,https://worldathletics.org/competitions/world-athletics-championships/iaaf-world-athletics-championships-doha-2019-7125365/results/men/decathlon/100-metres/result,2026-09-30T23:00:29Z
WCH2019,decathlon,100m,M,1,2019-10-02,16:35,2,Pieter Braun,14403336,0.142,11.16,https://worldathletics.org/competitions/world-athletics-championships/iaaf-world-athletics-championships-doha-2019-7125365/results/men/decathlon/100-metres/result,2026-09-30T23:00:29Z
WCH2019,decathlon,100m,M,1,2019-10-02,16:35,6,Niklas Kaul,14603864,0.15,11.27,https://worldathletics.org/competitions/world-athletics-championships/iaaf-world-athletics-championships-doha-2019-7125365/results/men/decathlon/100-metres/result,2026-09-30T23:00:29Z
WCH2019,decathlon,100m,M,1,2019-10-02,16:35,7,Thomas van der Plaetsen,14375128,0.147,11.38,https://worldathletics.org/competitions/world-athletics-championships/iaaf-world-athletics-championships-doha-2019-7125365/results/men/decathlon/100-metres/result,2026-09-30T23:00:29Z
WCH2019,decathlon,100m,M,1,2019-10-02,16:35,9,Keisuke Ushiro,14206640,0.18,11.44,https://worldathletics.org/competitions/world-athletics-championships/iaaf-world-athletics-championships-doha-2019-7125365/results/men/decathlon/100-metres/result,2026-09-30T23:00:29Z
WCH2019,decathlon,100m,M,2,2019-10-02,16:43,2,Paweł Wiesiołek,14459743,0.146,10.76,https://worldathletics.org/competitions/world-athletics-championships/iaaf-world-athletics-championships-doha-2019-7125365/results/men/decathlon/100-metres/result,2026-09-30T23:00:29Z
WCH2019,decathlon,100m,M,2,2019-10-02,16:43,4,Kai Kazmirek,14328075,0.151,10.82,https://worldathletics.org/competitions/world-athletics-championships/iaaf-world-athletics-championships-doha-2019-7125365/results/men/decathlon/100-metres/result,2026-09-30T23:00:29Z
WCH2019,decathlon,100m,M,2,2019-10-02,16:43,5,Devon Williams,14436228,0.135,10.84,https://worldathletics.org/competitions/world-athletics-championships/iaaf-world-athletics-championships-doha-2019-7125365/results/men/decathlon/100-metres/result,2026-09-30T23:00:29Z
WCH2019,decathlon,100m,M,2,2019-10-02,16:43,9,Georni Jaramillo,14256122,0.147,10.88,https://worldathletics.org/competitions/world-athletics-championships/iaaf-world-athletics-championships-doha-2019-7125365/results/men/decathlon/100-metres/result,2026-09-30T23:00:29Z
WCH2019,decathlon,100m,M,2,2019-10-02,16:43,3,Martin Roe,14375310,0.13,10.94,https://worldathletics.org/competitions/world-athletics-championships/iaaf-world-athletics-championships-doha-2019-7125365/results/men/decathlon/100-metres/result,2026-09-30T23:00:29Z
WCH2019,decathlon,100m,M,2,2019-10-02,16:43,8,Vitaliy Zhuk,14646669,0.136,10.95,https://worldathletics.org/competitions/world-athletics-championships/iaaf-world-athletics-championships-doha-2019-7125365/results/men/decathlon/100-metres/result,2026-09-30T23:00:29Z
WCH2019,decathlon,100m,M,2,2019-10-02,16:43,7,Fredrik Samuelsson,14487029,0.129,11.13,https://worldathletics.org/competitions/world-athletics-championships/iaaf-world-athletics-championships-doha-2019-7125365/results/men/decathlon/100-metres/result,2026-09-30T23:00:29Z
WCH2019,decathlon,100m,M,2,2019-10-02,16:43,6,Basile Rolnin,14410097,0.14,11.42,https://worldathletics.org/competitions/world-athletics-championships/iaaf-world-athletics-championships-doha-2019-7125365/results/men/decathlon/100-metres/result,2026-09-30T23:00:29Z
WCH2019,decathlon,100m,M,3,2019-10-02,16:51,2,Damian Warner,14173337,0.18,10.35,https://worldathletics.org/competitions/world-athletics-championships/iaaf-world-athletics-championships-doha-2019-7125365/results/men/decathlon/100-metres/result,2026-09-30T23:00:29Z
WCH2019,decathlon,100m,M,3,2019-10-02,16:51,6,Pierce LePage,14541853,0.188,10.36,https://worldathletics.org/competitions/world-athletics-championships/iaaf-world-athletics-championships-doha-2019-7125365/results/men/decathlon/100-metres/result,2026-09-30T23:00:29Z
WCH2019,decathlon,100m,M,3,2019-10-02,16:51,8,Kevin Mayer,14334978,0.142,10.50,https://worldathletics.org/competitions/world-athletics-championships/iaaf-world-athletics-championships-doha-2019-7125365/results/men/decathlon/100-metres/result,2026-09-30T23:00:29Z
WCH2019,decathlon,100m,M,3,2019-10-02,16:51,3,Lindon Victor,14631507,0.113,10.66,https://worldathletics.org/competitions/world-athletics-championships/iaaf-world-athletics-championships-doha-2019-7125365/results/men/decathlon/100-metres/result,2026-09-30T23:00:29Z
WCH2019,decathlon,100m,M,3,2019-10-02,16:51,7,Solomon Simmons,14733651,0.159,10.70,https://worldathletics.org/competitions/world-athletics-championships/iaaf-world-athletics-championships-doha-2019-7125365/results/men/decathlon/100-metres/result,2026-09-30T23:00:29Z
WCH2019,decathlon,100m,M,3,2019-10-02,16:51,5,Cedric Dubler,14446988,0.154,10.75,https://worldathletics.org/competitions/world-athletics-championships/iaaf-world-athletics-championships-doha-2019-7125365/results/men/decathlon/100-metres/result,2026-09-30T23:00:29Z
WCH2019,decathlon,100m,M,3,2019-10-02,16:51,9,Harrison Williams,14563272,0.176,10.76,https://worldathletics.org/competitions/world-athletics-championships/iaaf-world-athletics-championships-doha-2019-7125365/results/men/decathlon/100-metres/result,2026-09-30T23:00:29Z
WCH2019,decathlon,100m,M,3,2019-10-02,16:51,4,Timothy Duckworth,14572077,,DNS,https://worldathletics.org/competitions/world-athletics-championships/iaaf-world-athletics-championships-doha-2019-7125365/results/men/decathlon/100-metres/result,2026-09-30T23:00:29Z
WCH2019,decathlon,400m,M,1,2019-10-02,23:15,2,Janek Õiglane,14430316,0.14,49.14,https://worldathletics.org/competitions/world-athletics-championships/iaaf-world-athletics-championships-doha-2019-7125365/results/men/decathlon/400-metres/result,2026-09-30T23:00:31Z
WCH2019,decathlon,400m,M,1,2019-10-02,23:15,3,Ilya Shkurenyov,14402428,0.171,49.36,https://worldathletics.org/competitions/world-athletics-championships/iaaf-world-athletics-championships-doha-2019-7125365/results/men/decathlon/400-metres/result,2026-09-30T23:00:31Z
WCH2019,decathlon,400m,M,1,2019-10-02,23:15,8,Tim Nowak,14452895,0.171,49.60,https://worldathletics.org/competitions/world-athletics-championships/iaaf-world-athletics-championships-doha-2019-7125365/results/men/decathlon/400-metres/result,2026-09-30T23:00:31Z
WCH2019,decathlon,400m,M,1,2019-10-02,23:15,5,Maicel Uibo,14375741,0.186,50.44,https://worldathletics.org/competitions/world-athletics-championships/iaaf-world-athletics-championships-doha-2019-7125365/results/men/decathlon/400-metres/result,2026-09-30T23:00:31Z
WCH2019,decathlon,400m,M,1,2019-10-02,23:15,4,Thomas van der Plaetsen,14375128,0.142,50.89,https://worldathletics.org/competitions/world-athletics-championships/iaaf-world-athletics-championships-doha-2019-7125365/results/men/decathlon/400-metres/result,2026-09-30T23:00:31Z
WCH2019,decathlon,400m,M,1,2019-10-02,23:15,6,Keisuke Ushiro,14206640,0.196,51.42,https://worldathletics.org/competitions/world-athletics-championships/iaaf-world-athletics-championships-doha-2019-7125365/results/men/decathlon/400-metres/result,2026-09-30T23:00:31Z
WCH2019,decathlon,400m,M,1,2019-10-02,23:15,9,Martin Roe,14375310,0.166,DQ,https://worldathletics.org/competitions/world-athletics-championships/iaaf-world-athletics-championships-doha-2019-7125365/results/men/decathlon/400-metres/result,2026-09-30T23:00:31Z
WCH2019,decathlon,400m,M,1,2019-10-02,23:15,7,Basile Rolnin,14410097,,DNS,https://worldathletics.org/competitions/world-athletics-championships/iaaf-world-athletics-championships-doha-2019-7125365/results/men/decathlon/400-metres/result,2026-09-30T23:00:31Z
WCH2019,decathlon,400m,M,2,2019-10-02,23:23,4,Niklas Kaul,14603864,0.153,48.48,https://worldathletics.org/competitions/world-athletics-championships/iaaf-world-athletics-championships-doha-2019-7125365/results/men/decathlon/400-metres/result,2026-09-30T23:00:31Z
WCH2019,decathlon,400m,M,2,2019-10-02,23:23,8,Lindon Victor,14631507,0.115,48.55,https://worldathletics.org/competitions/world-athletics-championships/iaaf-world-athletics-championships-doha-2019-7125365/results/men/decathlon/400-metres/result,2026-09-30T23:00:31Z
WCH2019,decathlon,400m,M,2,2019-10-02,23:23,5,Georni Jaramillo,14256122,0.164,48.66,https://worldathletics.org/competitions/world-athletics-championships/iaaf-world-athletics-championships-doha-2019-7125365/results/men/decathlon/400-metres/result,2026-09-30T23:00:31Z
WCH2019,decathlon,400m,M,2,2019-10-02,23:23,3,Pieter Braun,14403336,0.158,48.79,https://worldathletics.org/competitions/world-athletics-championships/iaaf-world-athletics-championships-doha-2019-7125365/results/men/decathlon/400-metres/result,2026-09-30T23:00:31Z
WCH2019,decathlon,400m,M,2,2019-10-02,23:23,2,Solomon Simmons,14733651,0.165,49.31,https://worldathletics.org/competitions/world-athletics-championships/iaaf-world-athletics-championships-doha-2019-7125365/results/men/decathlon/400-metres/result,2026-09-30T23:00:31Z
WCH2019,decathlon,400m,M,2,2019-10-02,23:23,7,Paweł Wiesiołek,14459743,0.199,49.37,https://worldathletics.org/competitions/world-athletics-championships/iaaf-world-athletics-championships-doha-2019-7125365/results/men/decathlon/400-metres/result,2026-09-30T23:00:31Z
WCH2019,decathlon,400m,M,2,2019-10-02,23:23,9,Fredrik Samuelsson,14487029,0.139,50.08,https://worldathletics.org/competitions/world-athletics-championships/iaaf-world-athletics-championships-doha-2019-7125365/results/men/decathlon/400-metres/result,2026-09-30T23:00:31Z
WCH2019,decathlon,400m,M,2,2019-10-02,23:23,6,Timothy Duckworth,14572077,,DNS,https://worldathletics.org/competitions/world-athletics-championships/iaaf-world-athletics-championships-doha-2019-7125365/results/men/decathlon/400-metres/result,2026-09-30T23:00:31Z
WCH2019,decathlon,400m,M,3,2019-10-02,23:31,9,Pierce LePage,14541853,0.162,47.35,https://worldathletics.org/competitions/world-athletics-championships/iaaf-world-athletics-championships-doha-2019-7125365/results/men/decathlon/400-metres/result,2026-09-30T23:00:31Z
WCH2019,decathlon,400m,M,3,2019-10-02,23:31,7,Kai Kazmirek,14328075,0.143,47.35,https://worldathletics.org/competitions/world-athletics-championships/iaaf-world-athletics-championships-doha-2019-7125365/results/men/decathlon/400-metres/result,2026-09-30T23:00:31Z
WCH2019,decathlon,400m,M,3,2019-10-02,23:31,6,Harrison Williams,14563272,0.221,47.93,https://worldathletics.org/competitions/world-athletics-championships/iaaf-world-athletics-championships-doha-2019-7125365/results/men/decathlon/400-metres/result,2026-09-30T23:00:31Z
WCH2019,decathlon,400m,M,3,2019-10-02,23:31,3,Vitaliy Zhuk,14646669,0.13,48.08,https://worldathletics.org/competitions/world-athletics-championships/iaaf-world-athletics-championships-doha-2019-7125365/results/men/decathlon/400-metres/result,2026-09-30T23:00:31Z
WCH2019,decathlon,400m,M,3,2019-10-02,23:31,5,Damian Warner,14173337,0.143,48.12,https://worldathletics.org/competitions/world-athletics-championships/iaaf-world-athletics-championships-doha-2019-7125365/results/men/decathlon/400-metres/result,2026-09-30T23:00:31Z
WCH2019,decathlon,400m,M,3,2019-10-02,23:31,4,Devon Williams,14436228,0.143,48.37,https://worldathletics.org/competitions/world-athletics-championships/iaaf-world-athletics-championships-doha-2019-7125365/results/men/decathlon/400-metres/result,2026-09-30T23:00:31Z
WCH2019,decathlon,400m,M,3,2019-10-02,23:31,2,Cedric Dubler,14446988,0.146,48.41,https://worldathletics.org/competitions/world-athletics-championships/iaaf-world-athletics-championships-doha-2019-7125365/results/men/decathlon/400-metres/result,2026-09-30T23:00:31Z
WCH2019,decathlon,400m,M,3,2019-10-02,23:31,8,Kevin Mayer,14334978,0.181,48.99,https://worldathletics.org/competitions/world-athletics-championships/iaaf-world-athletics-championships-doha-2019-7125365/results/men/decathlon/400-metres/result,2026-09-30T23:00:31Z
WCH2019,decathlon,110mH,M,1,2019-10-03,16:35,7,Ilya Shkurenyov,14402428,0.161,14.28,https://worldathletics.org/competitions/world-athletics-championships/iaaf-world-athletics-championships-doha-2019-7125365/results/men/decathlon/110-metres-hurdles/result,2026-09-30T23:00:35Z
WCH2019,decathlon,110mH,M,1,2019-10-03,16:35,3,Maicel Uibo,14375741,0.169,14.43,https://worldathletics.org/competitions/world-athletics-championships/iaaf-world-athletics-championships-doha-2019-7125365/results/men/decathlon/110-metres-hurdles/result,2026-09-30T23:00:35Z
WCH2019,decathlon,110mH,M,1,2019-10-03,16:35,5,Tim Nowak,14452895,0.174,14.60,https://worldathletics.org/competitions/world-athletics-championships/iaaf-world-athletics-championships-doha-2019-7125365/results/men/decathlon/110-metres-hurdles/result,2026-09-30T23:00:35Z
WCH2019,decathlon,110mH,M,1,2019-10-03,16:35,6,Thomas van der Plaetsen,14375128,0.143,14.80,https://worldathletics.org/competitions/world-athletics-championships/iaaf-world-athletics-championships-doha-2019-7125365/results/men/decathlon/110-metres-hurdles/result,2026-09-30T23:00:35Z
WCH2019,decathlon,110mH,M,1,2019-10-03,16:35,4,Lindon Victor,14631507,0.155,14.82,https://worldathletics.org/competitions/world-athletics-championships/iaaf-world-athletics-championships-doha-2019-7125365/results/men/decathlon/110-metres-hurdles/result,2026-09-30T23:00:35Z
WCH2019,decathlon,110mH,M,1,2019-10-03,16:35,2,Keisuke Ushiro,14206640,0.157,15.26,https://worldathletics.org/competitions/world-athletics-championships/iaaf-world-athletics-championships-doha-2019-7125365/results/men/decathlon/110-metres-hurdles/result,2026-09-30T23:00:35Z
WCH2019,decathlon,110mH,M,1,2019-10-03,16:35,8,Martin Roe,14375310,0.156,15.86,https://worldathletics.org/competitions/world-athletics-championships/iaaf-world-athletics-championships-doha-2019-7125365/results/men/decathlon/110-metres-hurdles/result,2026-09-30T23:00:35Z
WCH2019,decathlon,110mH,M,2,2019-10-03,16:43,4,Harrison Williams,14563272,0.164,14.43,https://worldathletics.org/competitions/world-athletics-championships/iaaf-world-athletics-championships-doha-2019-7125365/results/men/decathlon/110-metres-hurdles/result,2026-09-30T23:00:35Z
WCH2019,decathlon,110mH,M,2,2019-10-03,16:43,7,Vitaliy Zhuk,14646669,0.135,14.49,https://worldathletics.org/competitions/world-athletics-championships/iaaf-world-athletics-championships-doha-2019-7125365/results/men/decathlon/110-metres-hurdles/result,2026-09-30T23:00:35Z
WCH2019,decathlon,110mH,M,2,2019-10-03,16:43,6,Niklas Kaul,14603864,0.157,14.64,https://worldathletics.org/competitions/world-athletics-championships/iaaf-world-athletics-championships-doha-2019-7125365/results/men/decathlon/110-metres-hurdles/result,2026-09-30T23:00:35Z
WCH2019,decathlon,110mH,M,2,2019-10-03,16:43,5,Paweł Wiesiołek,14459743,0.171,14.65,https://worldathletics.org/competitions/world-athletics-championships/iaaf-world-athletics-championships-doha-2019-7125365/results/men/decathlon/110-metres-hurdles/result,2026-09-30T23:00:35Z
WCH2019,decathlon,110mH,M,2,2019-10-03,16:43,8,Fredrik Samuelsson,14487029,0.124,14.78,https://worldathletics.org/competitions/world-athletics-championships/iaaf-world-athletics-championships-doha-2019-7125365/results/men/decathlon/110-metres-hurdles/result,2026-09-30T23:00:35Z
WCH2019,decathlon,110mH,M,2,2019-10-03,16:43,3,Janek Õiglane,14430316,0.154,15.13,https://worldathletics.org/competitions/world-athletics-championships/iaaf-world-athletics-championships-doha-2019-7125365/results/men/decathlon/110-metres-hurdles/result,2026-09-30T23:00:35Z
WCH2019,decathlon,110mH,M,2,2019-10-03,16:43,2,Kai Kazmirek,14328075,0.154,DNF,https://worldathletics.org/competitions/world-athletics-championships/iaaf-world-athletics-championships-doha-2019-7125365/results/men/decathlon/110-metres-hurdles/result,2026-09-30T23:00:35Z
WCH2019,decathlon,110mH,M,3,2019-10-03,16:51,5,Damian Warner,14173337,0.143,13.56,https://worldathletics.org/competitions/world-athletics-championships/iaaf-world-athletics-championships-doha-2019-7125365/results/men/decathlon/110-metres-hurdles/result,2026-09-30T23:00:35Z
WCH2019,decathlon,110mH,M,3,2019-10-03,16:51,2,Kevin Mayer,14334978,0.167,13.87,https://worldathletics.org/competitions/world-athletics-championships/iaaf-world-athletics-championships-doha-2019-7125365/results/men/decathlon/110-metres-hurdles/result,2026-09-30T23:00:35Z
WCH2019,decathlon,110mH,M,3,2019-10-03,16:51,6,Devon Williams,14436228,0.125,13.91,https://worldathletics.org/competitions/world-athletics-championships/iaaf-world-athletics-championships-doha-2019-7125365/results/men/decathlon/110-metres-hurdles/result,2026-09-30T23:00:35Z
WCH2019,decathlon,110mH,M,3,2019-10-03,16:51,4,Solomon Simmons,14733651,0.171,14.10,https://worldathletics.org/competitions/world-athletics-championships/iaaf-world-athletics-championships-doha-2019-7125365/results/men/decathlon/110-metres-hurdles/result,2026-09-30T23:00:35Z
WCH2019,decathlon,110mH,M,3,2019-10-03,16:51,3,Cedric Dubler,14446988,0.137,14.13,https://worldathletics.org/competitions/world-athletics-championships/iaaf-world-athletics-championships-doha-2019-7125365/results/men/decathlon/110-metres-hurdles/result,2026-09-30T23:00:35Z
WCH2019,decathlon,110mH,M,3,2019-10-03,16:51,8,Pierce LePage,14541853,0.199,14.19,https://worldathletics.org/competitions/world-athletics-championships/iaaf-world-athletics-championships-doha-2019-7125365/results/men/decathlon/110-metres-hurdles/result,2026-09-30T23:00:35Z
WCH2019,decathlon,110mH,M,3,2019-10-03,16:51,7,Georni Jaramillo,14256122,0.149,14.19,https://worldathletics.org/competitions/world-athletics-championships/iaaf-world-athletics-championships-doha-2019-7125365/results/men/decathlon/110-metres-hurdles/result,2026-09-30T23:00:35Z
WCH2019,decathlon,110mH,M,3,2019-10-03,16:51,9,Pieter Braun,14403336,0.15,14.59,https://worldathletics.org/competitions/world-athletics-championships/iaaf-world-athletics-championships-doha-2019-7125365/results/men/decathlon/110-metres-hurdles/result,2026-09-30T23:00:35Z
WCH2019,heptathlon,100mH,W,1,2019-10-02,17:05,5,Kateřina Cachová,14263206,0.143,13.47,https://worldathletics.org/competitions/world-athletics-championships/iaaf-world-athletics-championships-doha-2019-7125365/results/women/heptathlon/100-metres-hurdles/result,2026-09-30T23:00:38Z
WCH2019,heptathlon,100mH,W,1,2019-10-02,17:05,3,Anouk Vetter,14372340,0.12,13.55,https://worldathletics.org/competitions/world-athletics-championships/iaaf-world-athletics-championships-doha-2019-7125365/results/women/heptathlon/100-metres-hurdles/result,2026-09-30T23:00:38Z
WCH2019,heptathlon,100mH,W,1,2019-10-02,17:05,7,Emma Oosterwegel,14536023,0.175,13.65,https://worldathletics.org/competitions/world-athletics-championships/iaaf-world-athletics-championships-doha-2019-7125365/results/women/heptathlon/100-metres-hurdles/result,2026-09-30T23:00:38Z
WCH2019,heptathlon,100mH,W,1,2019-10-02,17:05,6,Géraldine Ruckstuhl,14544283,0.134,13.84,https://worldathletics.org/competitions/world-athletics-championships/iaaf-world-athletics-championships-doha-2019-7125365/results/women/heptathlon/100-metres-hurdles/result,2026-09-30T23:00:38Z
WCH2019,heptathlon,100mH,W,1,2019-10-02,17:05,4,Hanne Maudens,14450529,0.162,13.90,https://worldathletics.org/competitions/world-athletics-championships/iaaf-world-athletics-championships-doha-2019-7125365/results/women/heptathlon/100-metres-hurdles/result,2026-09-30T23:00:38Z
WCH2019,heptathlon,100mH,W,1,2019-10-02,17:05,8,Ekaterina Voronina,14330186,0.199,14.64,https://worldathletics.org/competitions/world-athletics-championships/iaaf-world-athletics-championships-doha-2019-7125365/results/women/heptathlon/100-metres-hurdles/result,2026-09-30T23:00:38Z
WCH2019,heptathlon,100mH,W,2,2019-10-02,17:13,6,Katarina Johnson-Thompson,14276543,0.163,13.09,https://worldathletics.org/competitions/world-athletics-championships/iaaf-world-athletics-championships-doha-2019-7125365/results/women/heptathlon/100-metres-hurdles/result,2026-09-30T23:00:38Z
WCH2019,heptathlon,100mH,W,2,2019-10-02,17:13,5,Verena Preiner,14425537,0.13,13.25,https://worldathletics.org/competitions/world-athletics-championships/iaaf-world-athletics-championships-doha-2019-7125365/results/women/heptathlon/100-metres-hurdles/result,2026-09-30T23:00:38Z
WCH2019,heptathlon,100mH,W,2,2019-10-02,17:13,8,Annie Kunz,14439362,0.154,13.27,https://worldathletics.org/competitions/world-athletics-championships/iaaf-world-athletics-championships-doha-2019-7125365/results/women/heptathlon/100-metres-hurdles/result,2026-09-30T23:00:38Z
WCH2019,heptathlon,100mH,W,2,2019-10-02,17:13,7,Nafissatou Thiam,14428253,0.162,13.36,https://worldathletics.org/competitions/world-athletics-championships/iaaf-world-athletics-championships-doha-2019-7125365/results/women/heptathlon/100-metres-hurdles/result,2026-09-30T23:00:38Z
WCH2019,heptathlon,100mH,W,2,2019-10-02,17:13,2,Noor Vidts,14450530,0.143,13.58,https://worldathletics.org/competitions/world-athletics-championships/iaaf-world-athletics-championships-doha-2019-7125365/results/women/heptathlon/100-metres-hurdles/result,2026-09-30T23:00:38Z
WCH2019,heptathlon,100mH,W,2,2019-10-02,17:13,4,Nadine Broersen,14291535,0.153,13.61,https://worldathletics.org/competitions/world-athletics-championships/iaaf-world-athletics-championships-doha-2019-7125365/results/women/heptathlon/100-metres-hurdles/result,2026-09-30T23:00:38Z
WCH2019,heptathlon,100mH,W,2,2019-10-02,17:13,3,Ivona Dadic,14375940,0.174,DQ,https://worldathletics.org/competitions/world-athletics-championships/iaaf-world-athletics-championships-doha-2019-7125365/results/women/heptathlon/100-metres-hurdles/result,2026-09-30T23:00:38Z
WCH2019,heptathlon,100mH,W,3,2019-10-02,17:21,7,Kendell Williams,14411362,0.146,12.58,https://worldathletics.org/competitions/world-athletics-championships/iaaf-world-athletics-championships-doha-2019-7125365/results/women/heptathlon/100-metres-hurdles/result,2026-09-30T23:00:38Z
WCH2019,heptathlon,100mH,W,3,2019-10-02,17:21,5,Solène Ndama,14625558,0.147,12.90,https://worldathletics.org/competitions/world-athletics-championships/iaaf-world-athletics-championships-doha-2019-7125365/results/women/heptathlon/100-metres-hurdles/result,2026-09-30T23:00:38Z
WCH2019,heptathlon,100mH,W,3,2019-10-02,17:21,3,Erica Bougard,14443534,0.202,13.01,https://worldathletics.org/competitions/world-athletics-championships/iaaf-world-athletics-championships-doha-2019-7125365/results/women/heptathlon/100-metres-hurdles/result,2026-09-30T23:00:38Z
WCH2019,heptathlon,100mH,W,3,2019-10-02,17:21,6,Marthe Koala,14426462,0.148,13.05,https://worldathletics.org/competitions/world-athletics-championships/iaaf-world-athletics-championships-doha-2019-7125365/results/women/heptathlon/100-metres-hurdles/result,2026-09-30T23:00:38Z
WCH2019,heptathlon,100mH,W,3,2019-10-02,17:21,8,Chari Hawkins,14441441,0.198,13.23,https://worldathletics.org/competitions/world-athletics-championships/iaaf-world-athletics-championships-doha-2019-7125365/results/women/heptathlon/100-metres-hurdles/result,2026-09-30T23:00:38Z
WCH2019,heptathlon,100mH,W,3,2019-10-02,17:21,4,Maria Huntington,14503657,0.225,13.32,https://worldathletics.org/competitions/world-athletics-championships/iaaf-world-athletics-championships-doha-2019-7125365/results/women/heptathlon/100-metres-hurdles/result,2026-09-30T23:00:38Z
WCH2019,heptathlon,100mH,W,3,2019-10-02,17:21,2,Odile Ahouanwanou,14532373,0.205,13.45,https://worldathletics.org/competitions/world-athletics-championships/iaaf-world-athletics-championships-doha-2019-7125365/results/women/heptathlon/100-metres-hurdles/result,2026-09-30T23:00:38Z
WCH2019,heptathlon,200m,W,1,2019-10-02,21:50,6,Nafissatou Thiam,14428253,0.17,24.60,https://worldathletics.org/competitions/world-athletics-championships/iaaf-world-athletics-championships-doha-2019-7125365/results/women/heptathlon/200-metres/result,2026-09-30T23:00:41Z
WCH2019,heptathlon,200m,W,1,2019-10-02,21:50,7,Kateřina Cachová,14263206,0.161,24.95,https://worldathletics.org/competitions/world-athletics-championships/iaaf-world-athletics-championships-doha-2019-7125365/results/women/heptathlon/200-metres/result,2026-09-30T23:00:41Z
WCH2019,heptathlon,200m,W,1,2019-10-02,21:50,4,Ekaterina Voronina,14330186,0.195,25.03,https://worldathletics.org/competitions/world-athletics-championships/iaaf-world-athletics-championships-doha-2019-7125365/results/women/heptathlon/200-metres/result,2026-09-30T23:00:41Z
WCH2019,heptathlon,200m,W,1,2019-10-02,21:50,8,Emma Oosterwegel,14536023,0.191,25.10,https://worldathletics.org/competitions/world-athletics-championships/iaaf-world-athletics-championships-doha-2019-7125365/results/women/heptathlon/200-metres/result,2026-09-30T23:00:41Z
WCH2019,heptathlon,200m,W,1,2019-10-02,21:50,5,Géraldine Ruckstuhl,14544283,0.153,25.21,https://worldathletics.org/competitions/world-athletics-championships/iaaf-world-athletics-championships-doha-2019-7125365/results/women/heptathlon/200-metres/result,2026-09-30T23:00:41Z
WCH2019,heptathlon,200m,W,1,2019-10-02,21:50,3,Nadine Broersen,14291535,0.16,25.28,https://worldathletics.org/competitions/world-athletics-championships/iaaf-world-athletics-championships-doha-2019-7125365/results/women/heptathlon/200-metres/result,2026-09-30T23:00:41Z
WCH2019,heptathlon,200m,W,2,2019-10-02,21:58,6,Hanne Maudens,14450529,0.177,23.81,https://worldathletics.org/competitions/world-athletics-championships/iaaf-world-athletics-championships-doha-2019-7125365/results/women/heptathlon/200-metres/result,2026-09-30T23:00:41Z
WCH2019,heptathlon,200m,W,2,2019-10-02,21:58,8,Solène Ndama,14625558,0.165,24.34,https://worldathletics.org/competitions/world-athletics-championships/iaaf-world-athletics-championships-doha-2019-7125365/results/women/heptathlon/200-metres/result,2026-09-30T23:00:41Z
WCH2019,heptathlon,200m,W,2,2019-10-02,21:58,5,Annie Kunz,14439362,0.194,24.37,https://worldathletics.org/competitions/world-athletics-championships/iaaf-world-athletics-championships-doha-2019-7125365/results/women/heptathlon/200-metres/result,2026-09-30T23:00:41Z
WCH2019,heptathlon,200m,W,2,2019-10-02,21:58,4,Anouk Vetter,14372340,0.157,24.43,https://worldathletics.org/competitions/world-athletics-championships/iaaf-world-athletics-championships-doha-2019-7125365/results/women/heptathlon/200-metres/result,2026-09-30T23:00:41Z
WCH2019,heptathlon,200m,W,2,2019-10-02,21:58,7,Noor Vidts,14450530,0.167,24.46,https://worldathletics.org/competitions/world-athletics-championships/iaaf-world-athletics-championships-doha-2019-7125365/results/women/heptathlon/200-metres/result,2026-09-30T23:00:41Z
WCH2019,heptathlon,200m,W,2,2019-10-02,21:58,2,Maria Huntington,14503657,0.209,24.72,https://worldathletics.org/competitions/world-athletics-championships/iaaf-world-athletics-championships-doha-2019-7125365/results/women/heptathlon/200-metres/result,2026-09-30T23:00:41Z
WCH2019,heptathlon,200m,W,2,2019-10-02,21:58,3,Chari Hawkins,14441441,0.198,24.81,https://worldathletics.org/competitions/world-athletics-championships/iaaf-world-athletics-championships-doha-2019-7125365/results/women/heptathlon/200-metres/result,2026-09-30T23:00:41Z
WCH2019,heptathlon,200m,W,3,2019-10-02,22:06,4,Katarina Johnson-Thompson,14276543,0.2,23.08,https://worldathletics.org/competitions/world-athletics-championships/iaaf-world-athletics-championships-doha-2019-7125365/results/women/heptathlon/200-metres/result,2026-09-30T23:00:41Z
WCH2019,heptathlon,200m,W,3,2019-10-02,22:06,3,Kendell Williams,14411362,0.192,23.62,https://worldathletics.org/competitions/world-athletics-championships/iaaf-world-athletics-championships-doha-2019-7125365/results/women/heptathlon/200-metres/result,2026-09-30T23:00:41Z
WCH2019,heptathlon,200m,W,3,2019-10-02,22:06,5,Erica Bougard,14443534,0.211,23.89,https://worldathletics.org/competitions/world-athletics-championships/iaaf-world-athletics-championships-doha-2019-7125365/results/women/heptathlon/200-metres/result,2026-09-30T23:00:41Z
WCH2019,heptathlon,200m,W,3,2019-10-02,22:06,6,Verena Preiner,14425537,0.206,23.96,https://worldathletics.org/competitions/world-athletics-championships/iaaf-world-athletics-championships-doha-2019-7125365/results/women/heptathlon/200-metres/result,2026-09-30T23:00:41Z
WCH2019,heptathlon,200m,W,3,2019-10-02,22:06,8,Odile Ahouanwanou,14532373,0.214,24.05,https://worldathletics.org/competitions/world-athletics-championships/iaaf-world-athletics-championships-doha-2019-7125365/results/women/heptathlon/200-metres/result,2026-09-30T23:00:41Z
WCH2019,heptathlon,200m,W,3,2019-10-02,22:06,7,Marthe Koala,14426462,0.201,24.29,https://worldathletics.org/competitions/world-athletics-championships/iaaf-world-athletics-championships-doha-2019-7125365/results/women/heptathlon/200-metres/result,2026-09-30T23:00:41Z
WCH2019,heptathlon,200m,W,3,2019-10-02,22:06,2,Ivona Dadic,14375940,,DNS,https://worldathletics.org/competitions/world-athletics-championships/iaaf-world-athletics-championships-doha-2019-7125365/results/women/heptathlon/200-metres/result,2026-09-30T23:00:41Z
