race_id,comp_year,event,sex,round,heat,date,time_local,lane,athlete,athlete_id,country,rt_raw,rt_s,mark,source_url,retrieved_at
WCH2019-400m-M-F-H1,WCH2019,400m,M,F,1,2019-10-04,22:20,4.0,Steven Gardiner,14578505,BAH,0.164,0.164,43.48,https://worldathletics.org/competitions/world-athletics-championships/iaaf-world-athletics-championships-doha-2019-7125365/results/men/400-metres/final/result,2026-09-30T22:56:49Z
WCH2019-400m-M-F-H1,WCH2019,400m,M,F,1,2019-10-04,22:20,8.0,Anthony José Zambrano,14662993,COL,0.182,0.182,44.15,https://worldathletics.org/competitions/world-athletics-championships/iaaf-world-athletics-championships-doha-2019-7125365/results/men/400-metres/final/result,2026-09-30T22:56:49Z
WCH2019-400m-M-F-H1,WCH2019,400m,M,F,1,2019-10-04,22:20,5.0,Fred Kerley,14504382,USA,0.144,0.144,44.17,https://worldathletics.org/competitions/world-athletics-championships/iaaf-world-athletics-championships-doha-2019-7125365/results/men/400-metres/final/result,2026-09-30T22:56:49Z
WCH2019-400m-M-F-H1,WCH2019,400m,M,F,1,2019-10-04,22:20,3.0,​Demish Gaye,14581991,JAM,0.171,0.171,44.46,https://worldathletics.org/competitions/world-athletics-championships/iaaf-world-athletics-championships-doha-2019-7125365/results/men/400-metres/final/result,2026-09-30T22:56:49Z
WCH2019-400m-M-F-H1,WCH2019,400m,M,F,1,2019-10-04,22:20,7.0,Kirani James,14195659,GRN,0.127,0.127,44.54,https://worldathletics.org/competitions/world-athletics-championships/iaaf-world-athletics-championships-doha-2019-7125365/results/men/400-metres/final/result,2026-09-30T22:56:49Z
WCH2019-400m-M-F-H1,WCH2019,400m,M,F,1,2019-10-04,22:20,9.0,Emmanuel Kipkurui Korir,14755084,KEN,0.160,0.16,44.94,https://worldathletics.org/competitions/world-athletics-championships/iaaf-world-athletics-championships-doha-2019-7125365/results/men/400-metres/final/result,2026-09-30T22:56:49Z
WCH2019-400m-M-F-H1,WCH2019,400m,M,F,1,2019-10-04,22:20,6.0,Machel Cedenio,14434527,TTO,0.221,0.221,45.30,https://worldathletics.org/competitions/world-athletics-championships/iaaf-world-athletics-championships-doha-2019-7125365/results/men/400-metres/final/result,2026-09-30T22:56:49Z
WCH2019-400m-M-F-H1,WCH2019,400m,M,F,1,2019-10-04,22:20,2.0,Akeem Bloomfield,14629292,JAM,0.196,0.196,45.36,https://worldathletics.org/competitions/world-athletics-championships/iaaf-world-athletics-championships-doha-2019-7125365/results/men/400-metres/final/result,2026-09-30T22:56:49Z
WCH2019-400mH-M-F-H1,WCH2019,400mH,M,F,1,2019-09-30,22:40,4.0,Karsten Warholm,14479487,NOR,0.164,0.164,47.42,https://worldathletics.org/competitions/world-athletics-championships/iaaf-world-athletics-championships-doha-2019-7125365/results/men/400-metres-hurdles/final/result,2026-09-30T22:57:08Z
WCH2019-400mH-M-F-H1,WCH2019,400mH,M,F,1,2019-09-30,22:40,7.0,Rai Benjamin,14574865,USA,0.205,0.205,47.66,https://worldathletics.org/competitions/world-athletics-championships/iaaf-world-athletics-championships-doha-2019-7125365/results/men/400-metres-hurdles/final/result,2026-09-30T22:57:08Z
WCH2019-400mH-M-F-H1,WCH2019,400mH,M,F,1,2019-09-30,22:40,9.0,Abderrahman Samba,14752208,QAT,0.198,0.198,48.03,https://worldathletics.org/competitions/world-athletics-championships/iaaf-world-athletics-championships-doha-2019-7125365/results/men/400-metres-hurdles/final/result,2026-09-30T22:57:08Z
WCH2019-400mH-M-F-H1,WCH2019,400mH,M,F,1,2019-09-30,22:40,2.0,Kyron McMaster,14532760,IVB,0.171,0.171,48.10,https://worldathletics.org/competitions/world-athletics-championships/iaaf-world-athletics-championships-doha-2019-7125365/results/men/400-metres-hurdles/final/result,2026-09-30T22:57:08Z
WCH2019-400mH-M-F-H1,WCH2019,400mH,M,F,1,2019-09-30,22:40,3.0,TJ Holmes,14536351,USA,0.193,0.193,48.20,https://worldathletics.org/competitions/world-athletics-championships/iaaf-world-athletics-championships-doha-2019-7125365/results/men/400-metres-hurdles/final/result,2026-09-30T22:57:08Z
WCH2019-400mH-M-F-H1,WCH2019,400mH,M,F,1,2019-09-30,22:40,6.0,Yasmani Copello,14169627,TUR,0.177,0.177,48.25,https://worldathletics.org/competitions/world-athletics-championships/iaaf-world-athletics-championships-doha-2019-7125365/results/men/400-metres-hurdles/final/result,2026-09-30T22:57:08Z
WCH2019-400mH-M-F-H1,WCH2019,400mH,M,F,1,2019-09-30,22:40,5.0,Alison dos Santos,14755064,BRA,0.208,0.208,48.28,https://worldathletics.org/competitions/world-athletics-championships/iaaf-world-athletics-championships-doha-2019-7125365/results/men/400-metres-hurdles/final/result,2026-09-30T22:57:08Z
WCH2019-400mH-M-F-H1,WCH2019,400mH,M,F,1,2019-09-30,22:40,8.0,Abdelmalik Lahoulou,14375720,ALG,0.187,0.187,49.46,https://worldathletics.org/competitions/world-athletics-championships/iaaf-world-athletics-championships-doha-2019-7125365/results/men/400-metres-hurdles/final/result,2026-09-30T22:57:08Z
WCH2019-400mH-M-R1-H1,WCH2019,400mH,M,R1,1,2019-09-27,20:35,4.0,Karsten Warholm,14479487,NOR,0.161,0.161,49.27,https://worldathletics.org/competitions/world-athletics-championships/iaaf-world-athletics-championships-doha-2019-7125365/results/men/400-metres-hurdles/round-1/result,2026-09-30T22:57:12Z
WCH2019-400mH-M-R1-H1,WCH2019,400mH,M,R1,1,2019-09-27,20:35,7.0,Thomas Barr,14440533,IRL,0.184,0.184,49.41,https://worldathletics.org/competitions/world-athletics-championships/iaaf-world-athletics-championships-doha-2019-7125365/results/men/400-metres-hurdles/round-1/result,2026-09-30T22:57:12Z
WCH2019-400mH-M-R1-H1,WCH2019,400mH,M,R1,1,2019-09-27,20:35,3.0,Jabir Madari Pillyalil,14675317,IND,0.186,0.186,49.62,https://worldathletics.org/competitions/world-athletics-championships/iaaf-world-athletics-championships-doha-2019-7125365/results/men/400-metres-hurdles/round-1/result,2026-09-30T22:57:12Z
WCH2019-400mH-M-R1-H1,WCH2019,400mH,M,R1,1,2019-09-27,20:35,9.0,Kemar Mowatt,14581545,JAM,0.182,0.182,49.63,https://worldathletics.org/competitions/world-athletics-championships/iaaf-world-athletics-championships-doha-2019-7125365/results/men/400-metres-hurdles/round-1/result,2026-09-30T22:57:12Z
WCH2019-400mH-M-R1-H1,WCH2019,400mH,M,R1,1,2019-09-27,20:35,5.0,Amere Lattin,14563822,USA,0.223,0.223,49.72,https://worldathletics.org/competitions/world-athletics-championships/iaaf-world-athletics-championships-doha-2019-7125365/results/men/400-metres-hurdles/round-1/result,2026-09-30T22:57:12Z
WCH2019-400mH-M-R1-H1,WCH2019,400mH,M,R1,1,2019-09-27,20:35,2.0,Fernando Vega,14635945,MEX,0.209,0.209,49.95,https://worldathletics.org/competitions/world-athletics-championships/iaaf-world-athletics-championships-doha-2019-7125365/results/men/400-metres-hurdles/round-1/result,2026-09-30T22:57:12Z
WCH2019-400mH-M-R1-H1,WCH2019,400mH,M,R1,1,2019-09-27,20:35,8.0,Mahdi Pirjahan,14811242,IRI,0.184,0.184,50.46,https://worldathletics.org/competitions/world-athletics-championships/iaaf-world-athletics-championships-doha-2019-7125365/results/men/400-metres-hurdles/round-1/result,2026-09-30T22:57:12Z
WCH2019-400mH-M-R1-H1,WCH2019,400mH,M,R1,1,2019-09-27,20:35,6.0,Artur Terezan,14373214,BRA,0.217,0.217,51.52,https://worldathletics.org/competitions/world-athletics-championships/iaaf-world-athletics-championships-doha-2019-7125365/results/men/400-metres-hurdles/round-1/result,2026-09-30T22:57:12Z
WCH2019-400mH-M-R1-H2,WCH2019,400mH,M,R1,2,2019-09-27,20:42,4.0,Kyron McMaster,14532760,IVB,0.212,0.212,49.60,https://worldathletics.org/competitions/world-athletics-championships/iaaf-world-athletics-championships-doha-2019-7125365/results/men/400-metres-hurdles/round-1/result,2026-09-30T22:57:12Z
WCH2019-400mH-M-R1-H2,WCH2019,400mH,M,R1,2,2019-09-27,20:42,8.0,Alison dos Santos,14755064,BRA,0.181,0.181,49.66,https://worldathletics.org/competitions/world-athletics-championships/iaaf-world-athletics-championships-doha-2019-7125365/results/men/400-metres-hurdles/round-1/result,2026-09-30T22:57:12Z
WCH2019-400mH-M-R1-H2,WCH2019,400mH,M,R1,2,2019-09-27,20:42,9.0,Chieh Chen,14228710,TPE,0.173,0.173,49.95,https://worldathletics.org/competitions/world-athletics-championships/iaaf-world-athletics-championships-doha-2019-7125365/results/men/400-metres-hurdles/round-1/result,2026-09-30T22:57:12Z
WCH2019-400mH-M-R1-H2,WCH2019,400mH,M,R1,2,2019-09-27,20:42,2.0,Luke Campbell,14484875,GER,0.142,0.142,50.20,https://worldathletics.org/competitions/world-athletics-championships/iaaf-world-athletics-championships-doha-2019-7125365/results/men/400-metres-hurdles/round-1/result,2026-09-30T22:57:12Z
WCH2019-400mH-M-R1-H2,WCH2019,400mH,M,R1,2,2019-09-27,20:42,5.0,Creve Armando Machava,14579475,MOZ,0.174,0.174,50.76,https://worldathletics.org/competitions/world-athletics-championships/iaaf-world-athletics-championships-doha-2019-7125365/results/men/400-metres-hurdles/round-1/result,2026-09-30T22:57:12Z
WCH2019-400mH-M-R1-H2,WCH2019,400mH,M,R1,2,2019-09-27,20:42,3.0,Lindsay Hanekom,14501688,RSA,0.169,0.169,51.71,https://worldathletics.org/competitions/world-athletics-championships/iaaf-world-athletics-championships-doha-2019-7125365/results/men/400-metres-hurdles/round-1/result,2026-09-30T22:57:12Z
WCH2019-400mH-M-R1-H2,WCH2019,400mH,M,R1,2,2019-09-27,20:42,6.0,Ned Justeen Azemia,14657313,SEY,0.198,0.198,52.58,https://worldathletics.org/competitions/world-athletics-championships/iaaf-world-athletics-championships-doha-2019-7125365/results/men/400-metres-hurdles/round-1/result,2026-09-30T22:57:12Z
WCH2019-400mH-M-R1-H2,WCH2019,400mH,M,R1,2,2019-09-27,20:42,7.0,Bienvenu Sawadogo,14480180,BUR,0.146,0.146,DQ,https://worldathletics.org/competitions/world-athletics-championships/iaaf-world-athletics-championships-doha-2019-7125365/results/men/400-metres-hurdles/round-1/result,2026-09-30T22:57:12Z
WCH2019-400mH-M-R1-H3,WCH2019,400mH,M,R1,3,2019-09-27,20:49,8.0,Abderrahman Samba,14752208,QAT,0.183,0.183,49.08,https://worldathletics.org/competitions/world-athletics-championships/iaaf-world-athletics-championships-doha-2019-7125365/results/men/400-metres-hurdles/round-1/result,2026-09-30T22:57:12Z
WCH2019-400mH-M-R1-H3,WCH2019,400mH,M,R1,3,2019-09-27,20:49,2.0,Takatoshi Abe,14334345,JPN,0.160,0.16,49.25,https://worldathletics.org/competitions/world-athletics-championships/iaaf-world-athletics-championships-doha-2019-7125365/results/men/400-metres-hurdles/round-1/result,2026-09-30T22:57:12Z
WCH2019-400mH-M-R1-H3,WCH2019,400mH,M,R1,3,2019-09-27,20:49,9.0,TJ Holmes,14536351,USA,0.274,0.274,49.50,https://worldathletics.org/competitions/world-athletics-championships/iaaf-world-athletics-championships-doha-2019-7125365/results/men/400-metres-hurdles/round-1/result,2026-09-30T22:57:12Z
WCH2019-400mH-M-R1-H3,WCH2019,400mH,M,R1,3,2019-09-27,20:49,4.0,Rilwan Alowonle,14493123,NGR,0.197,0.197,50.04,https://worldathletics.org/competitions/world-athletics-championships/iaaf-world-athletics-championships-doha-2019-7125365/results/men/400-metres-hurdles/round-1/result,2026-09-30T22:57:12Z
WCH2019-400mH-M-R1-H3,WCH2019,400mH,M,R1,3,2019-09-27,20:49,7.0,Nick Smidt,14564609,NED,0.171,0.171,50.54,https://worldathletics.org/competitions/world-athletics-championships/iaaf-world-athletics-championships-doha-2019-7125365/results/men/400-metres-hurdles/round-1/result,2026-09-30T22:57:12Z
WCH2019-400mH-M-R1-H3,WCH2019,400mH,M,R1,3,2019-09-27,20:49,3.0,Kariem Hussein,14376156,SUI,0.171,0.171,50.62,https://worldathletics.org/competitions/world-athletics-championships/iaaf-world-athletics-championships-doha-2019-7125365/results/men/400-metres-hurdles/round-1/result,2026-09-30T22:57:12Z
WCH2019-400mH-M-R1-H3,WCH2019,400mH,M,R1,3,2019-09-27,20:49,6.0,Wilfried Happio,14650750,FRA,0.163,0.163,51.25,https://worldathletics.org/competitions/world-athletics-championships/iaaf-world-athletics-championships-doha-2019-7125365/results/men/400-metres-hurdles/round-1/result,2026-09-30T22:57:12Z
WCH2019-400mH-M-R1-H3,WCH2019,400mH,M,R1,3,2019-09-27,20:49,5.0,Andrea Ercolani Volta,14480161,SMR,0.176,0.176,52.60,https://worldathletics.org/competitions/world-athletics-championships/iaaf-world-athletics-championships-doha-2019-7125365/results/men/400-metres-hurdles/round-1/result,2026-09-30T22:57:12Z
WCH2019-400mH-M-R1-H4,WCH2019,400mH,M,R1,4,2019-09-27,20:56,4.0,Rai Benjamin,14574865,USA,0.217,0.217,49.62,https://worldathletics.org/competitions/world-athletics-championships/iaaf-world-athletics-championships-doha-2019-7125365/results/men/400-metres-hurdles/round-1/result,2026-09-30T22:57:12Z
WCH2019-400mH-M-R1-H4,WCH2019,400mH,M,R1,4,2019-09-27,20:56,8.0,Mohamed Touati,14714388,TUN,0.178,0.178,49.76,https://worldathletics.org/competitions/world-athletics-championships/iaaf-world-athletics-championships-doha-2019-7125365/results/men/400-metres-hurdles/round-1/result,2026-09-30T22:57:12Z
WCH2019-400mH-M-R1-H4,WCH2019,400mH,M,R1,4,2019-09-27,20:56,6.0,Patryk Dobek,14389330,POL,0.147,0.147,49.89,https://worldathletics.org/competitions/world-athletics-championships/iaaf-world-athletics-championships-doha-2019-7125365/results/men/400-metres-hurdles/round-1/result,2026-09-30T22:57:12Z
WCH2019-400mH-M-R1-H4,WCH2019,400mH,M,R1,4,2019-09-27,20:56,5.0,Vít Müller,14589388,CZE,0.196,0.196,50.15,https://worldathletics.org/competitions/world-athletics-championships/iaaf-world-athletics-championships-doha-2019-7125365/results/men/400-metres-hurdles/round-1/result,2026-09-30T22:57:12Z
WCH2019-400mH-M-R1-H4,WCH2019,400mH,M,R1,4,2019-09-27,20:56,2.0,Masaki Toyoda,14714391,JPN,0.187,0.187,50.34,https://worldathletics.org/competitions/world-athletics-championships/iaaf-world-athletics-championships-doha-2019-7125365/results/men/400-metres-hurdles/round-1/result,2026-09-30T22:57:12Z
WCH2019-400mH-M-R1-H4,WCH2019,400mH,M,R1,4,2019-09-27,20:56,3.0,Sergio Fernández,14474482,ESP,0.142,0.142,50.71,https://worldathletics.org/competitions/world-athletics-championships/iaaf-world-athletics-championships-doha-2019-7125365/results/men/400-metres-hurdles/round-1/result,2026-09-30T22:57:12Z
WCH2019-400mH-M-R1-H4,WCH2019,400mH,M,R1,4,2019-09-27,20:56,7.0,Marcio Teles,14543428,BRA,0.141,0.141,51.02,https://worldathletics.org/competitions/world-athletics-championships/iaaf-world-athletics-championships-doha-2019-7125365/results/men/400-metres-hurdles/round-1/result,2026-09-30T22:57:12Z
WCH2019-400mH-M-R1-H5,WCH2019,400mH,M,R1,5,2019-09-27,21:03,6.0,Rasmus Mägi,14373195,EST,0.153,0.153,49.34,https://worldathletics.org/competitions/world-athletics-championships/iaaf-world-athletics-championships-doha-2019-7125365/results/men/400-metres-hurdles/round-1/result,2026-09-30T22:57:12Z
WCH2019-400mH-M-R1-H5,WCH2019,400mH,M,R1,5,2019-09-27,21:03,7.0,Ludvy Vaillant,14480831,FRA,0.204,0.204,49.49,https://worldathletics.org/competitions/world-athletics-championships/iaaf-world-athletics-championships-doha-2019-7125365/results/men/400-metres-hurdles/round-1/result,2026-09-30T22:57:12Z
WCH2019-400mH-M-R1-H5,WCH2019,400mH,M,R1,5,2019-09-27,21:03,8.0,Abdelmalik Lahoulou,14375720,ALG,0.190,0.19,49.54,https://worldathletics.org/competitions/world-athletics-championships/iaaf-world-athletics-championships-doha-2019-7125365/results/men/400-metres-hurdles/round-1/result,2026-09-30T22:57:12Z
WCH2019-400mH-M-R1-H5,WCH2019,400mH,M,R1,5,2019-09-27,21:03,3.0,Chris McAlister,14634257,GBR,0.168,0.168,49.73,https://worldathletics.org/competitions/world-athletics-championships/iaaf-world-athletics-championships-doha-2019-7125365/results/men/400-metres-hurdles/round-1/result,2026-09-30T22:57:12Z
WCH2019-400mH-M-R1-H5,WCH2019,400mH,M,R1,5,2019-09-27,21:03,9.0,Yasmani Copello,14169627,TUR,0.207,0.207,49.75,https://worldathletics.org/competitions/world-athletics-championships/iaaf-world-athletics-championships-doha-2019-7125365/results/men/400-metres-hurdles/round-1/result,2026-09-30T22:57:12Z
WCH2019-400mH-M-R1-H5,WCH2019,400mH,M,R1,5,2019-09-27,21:03,2.0,Dharun Ayyasamy,14613882,IND,0.170,0.17,50.55,https://worldathletics.org/competitions/world-athletics-championships/iaaf-world-athletics-championships-doha-2019-7125365/results/men/400-metres-hurdles/round-1/result,2026-09-30T22:57:12Z
WCH2019-400mH-M-R1-H5,WCH2019,400mH,M,R1,5,2019-09-27,21:03,5.0,Constantin Preis,14627400,GER,0.198,0.198,50.93,https://worldathletics.org/competitions/world-athletics-championships/iaaf-world-athletics-championships-doha-2019-7125365/results/men/400-metres-hurdles/round-1/result,2026-09-30T22:57:12Z
WCH2019-400mH-M-R1-H5,WCH2019,400mH,M,R1,5,2019-09-27,21:03,4.0,Malique Smith,14602846,ISV,0.167,0.167,59.45,https://worldathletics.org/competitions/world-athletics-championships/iaaf-world-athletics-championships-doha-2019-7125365/results/men/400-metres-hurdles/round-1/result,2026-09-30T22:57:12Z
WCH2019-400mH-M-SF-H1,WCH2019,400mH,M,SF,1,2019-09-28,18:05,6.0,Alison dos Santos,14755064,BRA,0.211,0.211,48.35,https://worldathletics.org/competitions/world-athletics-championships/iaaf-world-athletics-championships-doha-2019-7125365/results/men/400-metres-hurdles/semi-finals/result,2026-09-30T22:57:15Z
WCH2019-400mH-M-SF-H1,WCH2019,400mH,M,SF,1,2019-09-28,18:05,3.0,Yasmani Copello,14169627,TUR,0.232,0.232,48.39,https://worldathletics.org/competitions/world-athletics-championships/iaaf-world-athletics-championships-doha-2019-7125365/results/men/400-metres-hurdles/semi-finals/result,2026-09-30T22:57:15Z
WCH2019-400mH-M-SF-H1,WCH2019,400mH,M,SF,1,2019-09-28,18:05,5.0,Kyron McMaster,14532760,IVB,0.229,0.229,48.40,https://worldathletics.org/competitions/world-athletics-championships/iaaf-world-athletics-championships-doha-2019-7125365/results/men/400-metres-hurdles/semi-finals/result,2026-09-30T22:57:15Z
WCH2019-400mH-M-SF-H1,WCH2019,400mH,M,SF,1,2019-09-28,18:05,7.0,Rasmus Mägi,14373195,EST,0.140,0.14,48.93,https://worldathletics.org/competitions/world-athletics-championships/iaaf-world-athletics-championships-doha-2019-7125365/results/men/400-metres-hurdles/semi-finals/result,2026-09-30T22:57:15Z
WCH2019-400mH-M-SF-H1,WCH2019,400mH,M,SF,1,2019-09-28,18:05,4.0,Mohamed Touati,14714388,TUN,0.179,0.179,49.14,https://worldathletics.org/competitions/world-athletics-championships/iaaf-world-athletics-championships-doha-2019-7125365/results/men/400-metres-hurdles/semi-finals/result,2026-09-30T22:57:15Z
WCH2019-400mH-M-SF-H1,WCH2019,400mH,M,SF,1,2019-09-28,18:05,2.0,Amere Lattin,14563822,USA,0.152,0.152,49.20,https://worldathletics.org/competitions/world-athletics-championships/iaaf-world-athletics-championships-doha-2019-7125365/results/men/400-metres-hurdles/semi-finals/result,2026-09-30T22:57:15Z
WCH2019-400mH-M-SF-H1,WCH2019,400mH,M,SF,1,2019-09-28,18:05,8.0,Kemar Mowatt,14581545,JAM,0.163,0.163,49.32,https://worldathletics.org/competitions/world-athletics-championships/iaaf-world-athletics-championships-doha-2019-7125365/results/men/400-metres-hurdles/semi-finals/result,2026-09-30T22:57:15Z
WCH2019-400mH-M-SF-H1,WCH2019,400mH,M,SF,1,2019-09-28,18:05,9.0,Chieh Chen,14228710,TPE,0.181,0.181,50.00,https://worldathletics.org/competitions/world-athletics-championships/iaaf-world-athletics-championships-doha-2019-7125365/results/men/400-metres-hurdles/semi-finals/result,2026-09-30T22:57:15Z
WCH2019-400mH-M-SF-H2,WCH2019,400mH,M,SF,2,2019-09-28,18:15,4.0,Karsten Warholm,14479487,NOR,0.154,0.154,48.28,https://worldathletics.org/competitions/world-athletics-championships/iaaf-world-athletics-championships-doha-2019-7125365/results/men/400-metres-hurdles/semi-finals/result,2026-09-30T22:57:15Z
WCH2019-400mH-M-SF-H2,WCH2019,400mH,M,SF,2,2019-09-28,18:15,6.0,Abdelmalik Lahoulou,14375720,ALG,0.159,0.159,48.39,https://worldathletics.org/competitions/world-athletics-championships/iaaf-world-athletics-championships-doha-2019-7125365/results/men/400-metres-hurdles/semi-finals/result,2026-09-30T22:57:15Z
WCH2019-400mH-M-SF-H2,WCH2019,400mH,M,SF,2,2019-09-28,18:15,7.0,TJ Holmes,14536351,USA,0.258,0.258,48.67,https://worldathletics.org/competitions/world-athletics-championships/iaaf-world-athletics-championships-doha-2019-7125365/results/men/400-metres-hurdles/semi-finals/result,2026-09-30T22:57:15Z
WCH2019-400mH-M-SF-H2,WCH2019,400mH,M,SF,2,2019-09-28,18:15,5.0,Ludvy Vaillant,14480831,FRA,0.209,0.209,49.10,https://worldathletics.org/competitions/world-athletics-championships/iaaf-world-athletics-championships-doha-2019-7125365/results/men/400-metres-hurdles/semi-finals/result,2026-09-30T22:57:15Z
WCH2019-400mH-M-SF-H2,WCH2019,400mH,M,SF,2,2019-09-28,18:15,9.0,Chris McAlister,14634257,GBR,0.165,0.165,49.18,https://worldathletics.org/competitions/world-athletics-championships/iaaf-world-athletics-championships-doha-2019-7125365/results/men/400-metres-hurdles/semi-finals/result,2026-09-30T22:57:15Z
WCH2019-400mH-M-SF-H2,WCH2019,400mH,M,SF,2,2019-09-28,18:15,3.0,Luke Campbell,14484875,GER,0.146,0.146,50.00,https://worldathletics.org/competitions/world-athletics-championships/iaaf-world-athletics-championships-doha-2019-7125365/results/men/400-metres-hurdles/semi-finals/result,2026-09-30T22:57:15Z
WCH2019-400mH-M-SF-H2,WCH2019,400mH,M,SF,2,2019-09-28,18:15,8.0,Patryk Dobek,14389330,POL,0.174,0.174,50.18,https://worldathletics.org/competitions/world-athletics-championships/iaaf-world-athletics-championships-doha-2019-7125365/results/men/400-metres-hurdles/semi-finals/result,2026-09-30T22:57:15Z
WCH2019-400mH-M-SF-H2,WCH2019,400mH,M,SF,2,2019-09-28,18:15,2.0,Masaki Toyoda,14714391,JPN,0.207,0.207,50.30,https://worldathletics.org/competitions/world-athletics-championships/iaaf-world-athletics-championships-doha-2019-7125365/results/men/400-metres-hurdles/semi-finals/result,2026-09-30T22:57:15Z
WCH2019-400mH-M-SF-H3,WCH2019,400mH,M,SF,3,2019-09-28,18:25,6.0,Rai Benjamin,14574865,USA,0.215,0.215,48.52,https://worldathletics.org/competitions/world-athletics-championships/iaaf-world-athletics-championships-doha-2019-7125365/results/men/400-metres-hurdles/semi-finals/result,2026-09-30T22:57:15Z
WCH2019-400mH-M-SF-H3,WCH2019,400mH,M,SF,3,2019-09-28,18:25,5.0,Abderrahman Samba,14752208,QAT,0.220,0.22,48.72,https://worldathletics.org/competitions/world-athletics-championships/iaaf-world-athletics-championships-doha-2019-7125365/results/men/400-metres-hurdles/semi-finals/result,2026-09-30T22:57:15Z
WCH2019-400mH-M-SF-H3,WCH2019,400mH,M,SF,3,2019-09-28,18:25,4.0,Takatoshi Abe,14334345,JPN,0.161,0.161,48.97,https://worldathletics.org/competitions/world-athletics-championships/iaaf-world-athletics-championships-doha-2019-7125365/results/men/400-metres-hurdles/semi-finals/result,2026-09-30T22:57:15Z
WCH2019-400mH-M-SF-H3,WCH2019,400mH,M,SF,3,2019-09-28,18:25,7.0,Thomas Barr,14440533,IRL,0.131,0.131,49.02,https://worldathletics.org/competitions/world-athletics-championships/iaaf-world-athletics-championships-doha-2019-7125365/results/men/400-metres-hurdles/semi-finals/result,2026-09-30T22:57:15Z
WCH2019-400mH-M-SF-H3,WCH2019,400mH,M,SF,3,2019-09-28,18:25,9.0,Jabir Madari Pillyalil,14675317,IND,0.199,0.199,49.71,https://worldathletics.org/competitions/world-athletics-championships/iaaf-world-athletics-championships-doha-2019-7125365/results/men/400-metres-hurdles/semi-finals/result,2026-09-30T22:57:15Z
WCH2019-400mH-M-SF-H3,WCH2019,400mH,M,SF,3,2019-09-28,18:25,2.0,Fernando Vega,14635945,MEX,0.220,0.22,49.96,https://worldathletics.org/competitions/world-athletics-championships/iaaf-world-athletics-championships-doha-2019-7125365/results/men/400-metres-hurdles/semi-finals/result,2026-09-30T22:57:15Z
WCH2019-400mH-M-SF-H3,WCH2019,400mH,M,SF,3,2019-09-28,18:25,3.0,Vít Müller,14589388,CZE,0.178,0.178,49.97,https://worldathletics.org/competitions/world-athletics-championships/iaaf-world-athletics-championships-doha-2019-7125365/results/men/400-metres-hurdles/semi-finals/result,2026-09-30T22:57:15Z
WCH2019-400mH-M-SF-H3,WCH2019,400mH,M,SF,3,2019-09-28,18:25,8.0,Rilwan Alowonle,14493123,NGR,0.192,0.192,52.01,https://worldathletics.org/competitions/world-athletics-championships/iaaf-world-athletics-championships-doha-2019-7125365/results/men/400-metres-hurdles/semi-finals/result,2026-09-30T22:57:15Z
WCH2019-400m-M-R1-H1,WCH2019,400m,M,R1,1,2019-10-01,16:35,3.0,Machel Cedenio,14434527,TTO,0.211,0.211,45.26,https://worldathletics.org/competitions/world-athletics-championships/iaaf-world-athletics-championships-doha-2019-7125365/results/men/400-metres/round-1/result,2026-09-30T22:56:52Z
WCH2019-400m-M-R1-H1,WCH2019,400m,M,R1,1,2019-10-01,16:35,4.0,Akeem Bloomfield,14629292,JAM,0.195,0.195,45.34,https://worldathletics.org/competitions/world-athletics-championships/iaaf-world-athletics-championships-doha-2019-7125365/results/men/400-metres/round-1/result,2026-09-30T22:56:52Z
WCH2019-400m-M-R1-H1,WCH2019,400m,M,R1,1,2019-10-01,16:35,8.0,Thapelo Phora,14575281,RSA,0.178,0.178,45.45,https://worldathletics.org/competitions/world-athletics-championships/iaaf-world-athletics-championships-doha-2019-7125365/results/men/400-metres/round-1/result,2026-09-30T22:56:52Z
WCH2019-400m-M-R1-H1,WCH2019,400m,M,R1,1,2019-10-01,16:35,5.0,Alphas Leken Kishoyian,14431170,KEN,0.190,0.19,45.65,https://worldathletics.org/competitions/world-athletics-championships/iaaf-world-athletics-championships-doha-2019-7125365/results/men/400-metres/round-1/result,2026-09-30T22:56:52Z
WCH2019-400m-M-R1-H1,WCH2019,400m,M,R1,1,2019-10-01,16:35,6.0,Lucas Carvalho,14431784,BRA,0.170,0.17,46.01,https://worldathletics.org/competitions/world-athletics-championships/iaaf-world-athletics-championships-doha-2019-7125365/results/men/400-metres/round-1/result,2026-09-30T22:56:52Z
WCH2019-400m-M-R1-H1,WCH2019,400m,M,R1,1,2019-10-01,16:35,2.0,Abdalelah Haroun,14686631,QAT,0.194,0.194,47.76,https://worldathletics.org/competitions/world-athletics-championships/iaaf-world-athletics-championships-doha-2019-7125365/results/men/400-metres/round-1/result,2026-09-30T22:56:52Z
WCH2019-400m-M-R1-H1,WCH2019,400m,M,R1,1,2019-10-01,16:35,7.0,Matthew Hudson-Smith,14407278,GBR,0.152,0.152,DNF,https://worldathletics.org/competitions/world-athletics-championships/iaaf-world-athletics-championships-doha-2019-7125365/results/men/400-metres/round-1/result,2026-09-30T22:56:52Z
WCH2019-400m-M-R1-H2,WCH2019,400m,M,R1,2,2019-10-01,16:43,2.0,Kirani James,14195659,GRN,0.140,0.14,44.94,https://worldathletics.org/competitions/world-athletics-championships/iaaf-world-athletics-championships-doha-2019-7125365/results/men/400-metres/round-1/result,2026-09-30T22:56:52Z
WCH2019-400m-M-R1-H2,WCH2019,400m,M,R1,2,2019-10-01,16:43,8.0,Julian Jrummi Walsh,14657849,JPN,0.151,0.151,45.14,https://worldathletics.org/competitions/world-athletics-championships/iaaf-world-athletics-championships-doha-2019-7125365/results/men/400-metres/round-1/result,2026-09-30T22:56:52Z
WCH2019-400m-M-R1-H2,WCH2019,400m,M,R1,2,2019-10-01,16:43,3.0,Vernon Norwood,14490237,USA,0.181,0.181,45.59,https://worldathletics.org/competitions/world-athletics-championships/iaaf-world-athletics-championships-doha-2019-7125365/results/men/400-metres/round-1/result,2026-09-30T22:56:52Z
WCH2019-400m-M-R1-H2,WCH2019,400m,M,R1,2,2019-10-01,16:43,7.0,Steven Solomon,14386314,AUS,0.197,0.197,45.82,https://worldathletics.org/competitions/world-athletics-championships/iaaf-world-athletics-championships-doha-2019-7125365/results/men/400-metres/round-1/result,2026-09-30T22:56:52Z
WCH2019-400m-M-R1-H2,WCH2019,400m,M,R1,2,2019-10-01,16:43,6.0,Derrick Mokaleng,14694510,RSA,0.166,0.166,45.87,https://worldathletics.org/competitions/world-athletics-championships/iaaf-world-athletics-championships-doha-2019-7125365/results/men/400-metres/round-1/result,2026-09-30T22:56:52Z
WCH2019-400m-M-R1-H2,WCH2019,400m,M,R1,2,2019-10-01,16:43,4.0,Luka Janežič,14452237,SLO,0.194,0.194,46.84,https://worldathletics.org/competitions/world-athletics-championships/iaaf-world-athletics-championships-doha-2019-7125365/results/men/400-metres/round-1/result,2026-09-30T22:56:52Z
WCH2019-400m-M-R1-H2,WCH2019,400m,M,R1,2,2019-10-01,16:43,5.0,Tikie Terry Mael,14635869,VAN,0.176,0.176,48.52,https://worldathletics.org/competitions/world-athletics-championships/iaaf-world-athletics-championships-doha-2019-7125365/results/men/400-metres/round-1/result,2026-09-30T22:56:52Z
WCH2019-400m-M-R1-H3,WCH2019,400m,M,R1,3,2019-10-01,16:51,4.0,Davide Re,14375605,ITA,0.158,0.158,45.08,https://worldathletics.org/competitions/world-athletics-championships/iaaf-world-athletics-championships-doha-2019-7125365/results/men/400-metres/round-1/result,2026-09-30T22:56:52Z
WCH2019-400m-M-R1-H3,WCH2019,400m,M,R1,3,2019-10-01,16:51,3.0,Fred Kerley,14504382,USA,0.157,0.157,45.19,https://worldathletics.org/competitions/world-athletics-championships/iaaf-world-athletics-championships-doha-2019-7125365/results/men/400-metres/round-1/result,2026-09-30T22:56:52Z
WCH2019-400m-M-R1-H3,WCH2019,400m,M,R1,3,2019-10-01,16:51,7.0,Abbas Abubakar Abbas,14581977,BRN,0.209,0.209,45.47,https://worldathletics.org/competitions/world-athletics-championships/iaaf-world-athletics-championships-doha-2019-7125365/results/men/400-metres/round-1/result,2026-09-30T22:56:52Z
WCH2019-400m-M-R1-H3,WCH2019,400m,M,R1,3,2019-10-01,16:51,8.0,Mazen Al Yasen,14581976,KSA,0.168,0.168,45.70,https://worldathletics.org/competitions/world-athletics-championships/iaaf-world-athletics-championships-doha-2019-7125365/results/men/400-metres/round-1/result,2026-09-30T22:56:52Z
WCH2019-400m-M-R1-H3,WCH2019,400m,M,R1,3,2019-10-01,16:51,2.0,Mikhail Litvin,14595104,KAZ,0.172,0.172,46.28,https://worldathletics.org/competitions/world-athletics-championships/iaaf-world-athletics-championships-doha-2019-7125365/results/men/400-metres/round-1/result,2026-09-30T22:56:52Z
WCH2019-400m-M-R1-H3,WCH2019,400m,M,R1,3,2019-10-01,16:51,5.0,Bachir Mahamat,14603023,CHA,0.195,0.195,47.65,https://worldathletics.org/competitions/world-athletics-championships/iaaf-world-athletics-championships-doha-2019-7125365/results/men/400-metres/round-1/result,2026-09-30T22:56:52Z
WCH2019-400m-M-R1-H3,WCH2019,400m,M,R1,3,2019-10-01,16:51,6.0,Jovan Stojoski,14709519,MKD,0.178,0.178,47.92,https://worldathletics.org/competitions/world-athletics-championships/iaaf-world-athletics-championships-doha-2019-7125365/results/men/400-metres/round-1/result,2026-09-30T22:56:52Z
WCH2019-400m-M-R1-H4,WCH2019,400m,M,R1,4,2019-10-01,16:59,7.0,Michael Norman,14588244,USA,0.165,0.165,45.00,https://worldathletics.org/competitions/world-athletics-championships/iaaf-world-athletics-championships-doha-2019-7125365/results/men/400-metres/round-1/result,2026-09-30T22:56:52Z
WCH2019-400m-M-R1-H4,WCH2019,400m,M,R1,4,2019-10-01,16:59,5.0,​Demish Gaye,14581991,JAM,0.206,0.206,45.02,https://worldathletics.org/competitions/world-athletics-championships/iaaf-world-athletics-championships-doha-2019-7125365/results/men/400-metres/round-1/result,2026-09-30T22:56:52Z
WCH2019-400m-M-R1-H4,WCH2019,400m,M,R1,4,2019-10-01,16:59,3.0,Leungo Scotch,14643510,BOT,0.160,0.16,45.10,https://worldathletics.org/competitions/world-athletics-championships/iaaf-world-athletics-championships-doha-2019-7125365/results/men/400-metres/round-1/result,2026-09-30T22:56:52Z
WCH2019-400m-M-R1-H4,WCH2019,400m,M,R1,4,2019-10-01,16:59,4.0,Yousef Karam,14370397,KUW,0.150,0.15,45.74,https://worldathletics.org/competitions/world-athletics-championships/iaaf-world-athletics-championships-doha-2019-7125365/results/men/400-metres/round-1/result,2026-09-30T22:56:52Z
WCH2019-400m-M-R1-H4,WCH2019,400m,M,R1,4,2019-10-01,16:59,2.0,Alonzo Russell,14414605,BAH,0.181,0.181,45.91,https://worldathletics.org/competitions/world-athletics-championships/iaaf-world-athletics-championships-doha-2019-7125365/results/men/400-metres/round-1/result,2026-09-30T22:56:52Z
WCH2019-400m-M-R1-H4,WCH2019,400m,M,R1,4,2019-10-01,16:59,6.0,Todiasoa Franck Rabearison,14721777,MAD,0.185,0.185,46.80,https://worldathletics.org/competitions/world-athletics-championships/iaaf-world-athletics-championships-doha-2019-7125365/results/men/400-metres/round-1/result,2026-09-30T22:56:52Z
WCH2019-400m-M-R1-H4,WCH2019,400m,M,R1,4,2019-10-01,16:59,8.0,Moussa Zaroumeye,14603410,NIG,0.179,0.179,48.13,https://worldathletics.org/competitions/world-athletics-championships/iaaf-world-athletics-championships-doha-2019-7125365/results/men/400-metres/round-1/result,2026-09-30T22:56:52Z
WCH2019-400m-M-R1-H5,WCH2019,400m,M,R1,5,2019-10-01,17:07,3.0,Steven Gardiner,14578505,BAH,0.184,0.184,45.68,https://worldathletics.org/competitions/world-athletics-championships/iaaf-world-athletics-championships-doha-2019-7125365/results/men/400-metres/round-1/result,2026-09-30T22:56:52Z
WCH2019-400m-M-R1-H5,WCH2019,400m,M,R1,5,2019-10-01,17:07,5.0,Philip Osei,14377678,CAN,0.180,0.18,45.87,https://worldathletics.org/competitions/world-athletics-championships/iaaf-world-athletics-championships-doha-2019-7125365/results/men/400-metres/round-1/result,2026-09-30T22:56:52Z
WCH2019-400m-M-R1-H5,WCH2019,400m,M,R1,5,2019-10-01,17:07,6.0,Anthony José Zambrano,14662993,COL,0.178,0.178,45.93,https://worldathletics.org/competitions/world-athletics-championships/iaaf-world-athletics-championships-doha-2019-7125365/results/men/400-metres/round-1/result,2026-09-30T22:56:52Z
WCH2019-400m-M-R1-H5,WCH2019,400m,M,R1,5,2019-10-01,17:07,7.0,Ditiro Nzamani,14842269,BOT,0.226,0.226,46.19,https://worldathletics.org/competitions/world-athletics-championships/iaaf-world-athletics-championships-doha-2019-7125365/results/men/400-metres/round-1/result,2026-09-30T22:56:52Z
WCH2019-400m-M-R1-H5,WCH2019,400m,M,R1,5,2019-10-01,17:07,2.0,Rusheen McDonald,14468667,JAM,0.183,0.183,46.21,https://worldathletics.org/competitions/world-athletics-championships/iaaf-world-athletics-championships-doha-2019-7125365/results/men/400-metres/round-1/result,2026-09-30T22:56:52Z
WCH2019-400m-M-R1-H5,WCH2019,400m,M,R1,5,2019-10-01,17:07,4.0,Brandon Parris,14469963,VIN,0.148,0.148,47.39,https://worldathletics.org/competitions/world-athletics-championships/iaaf-world-athletics-championships-doha-2019-7125365/results/men/400-metres/round-1/result,2026-09-30T22:56:52Z
WCH2019-400m-M-R1-H5,WCH2019,400m,M,R1,5,2019-10-01,17:07,8.0,Mohammad Jahir Rayhan,14805740,BAN,0.172,0.172,48.48,https://worldathletics.org/competitions/world-athletics-championships/iaaf-world-athletics-championships-doha-2019-7125365/results/men/400-metres/round-1/result,2026-09-30T22:56:52Z
WCH2019-400m-M-R1-H6,WCH2019,400m,M,R1,6,2019-10-01,17:15,7.0,Emmanuel Kipkurui Korir,14755084,KEN,,,45.08,https://worldathletics.org/competitions/world-athletics-championships/iaaf-world-athletics-championships-doha-2019-7125365/results/men/400-metres/round-1/result,2026-09-30T22:56:52Z
WCH2019-400m-M-R1-H6,WCH2019,400m,M,R1,6,2019-10-01,17:15,6.0,Jonathan Sacoor,14676801,BEL,0.162,0.162,45.32,https://worldathletics.org/competitions/world-athletics-championships/iaaf-world-athletics-championships-doha-2019-7125365/results/men/400-metres/round-1/result,2026-09-30T22:56:52Z
WCH2019-400m-M-R1-H6,WCH2019,400m,M,R1,6,2019-10-01,17:15,5.0,Rabah Yousif,14225712,GBR,0.160,0.16,45.40,https://worldathletics.org/competitions/world-athletics-championships/iaaf-world-athletics-championships-doha-2019-7125365/results/men/400-metres/round-1/result,2026-09-30T22:56:52Z
WCH2019-400m-M-R1-H6,WCH2019,400m,M,R1,6,2019-10-01,17:15,8.0,Jhon Alejandro Perlaza,14471021,COL,0.175,0.175,45.62,https://worldathletics.org/competitions/world-athletics-championships/iaaf-world-athletics-championships-doha-2019-7125365/results/men/400-metres/round-1/result,2026-09-30T22:56:52Z
WCH2019-400m-M-R1-H6,WCH2019,400m,M,R1,6,2019-10-01,17:15,3.0,Nathan Strother,14543488,USA,0.164,0.164,45.71,https://worldathletics.org/competitions/world-athletics-championships/iaaf-world-athletics-championships-doha-2019-7125365/results/men/400-metres/round-1/result,2026-09-30T22:56:52Z
WCH2019-400m-M-R1-H6,WCH2019,400m,M,R1,6,2019-10-01,17:15,4.0,Taha Hussein Yaseen,14714355,IRQ,0.194,0.194,46.58,https://worldathletics.org/competitions/world-athletics-championships/iaaf-world-athletics-championships-doha-2019-7125365/results/men/400-metres/round-1/result,2026-09-30T22:56:52Z
WCH2019-400m-M-R1-H6,WCH2019,400m,M,R1,6,2019-10-01,17:15,2.0,Jessy Franco,14714431,GIB,0.138,0.138,47.41,https://worldathletics.org/competitions/world-athletics-championships/iaaf-world-athletics-championships-doha-2019-7125365/results/men/400-metres/round-1/result,2026-09-30T22:56:52Z
WCH2019-400m-M-SF-H1,WCH2019,400m,M,SF,1,2019-10-02,20:35,4.0,Fred Kerley,14504382,USA,0.152,0.152,44.25,https://worldathletics.org/competitions/world-athletics-championships/iaaf-world-athletics-championships-doha-2019-7125365/results/men/400-metres/semi-finals/result,2026-09-30T22:56:56Z
WCH2019-400m-M-SF-H1,WCH2019,400m,M,SF,1,2019-10-02,20:35,5.0,Emmanuel Kipkurui Korir,14755084,KEN,0.153,0.153,44.37,https://worldathletics.org/competitions/world-athletics-championships/iaaf-world-athletics-championships-doha-2019-7125365/results/men/400-metres/semi-finals/result,2026-09-30T22:56:56Z
WCH2019-400m-M-SF-H1,WCH2019,400m,M,SF,1,2019-10-02,20:35,7.0,Davide Re,14375605,ITA,0.186,0.186,44.85,https://worldathletics.org/competitions/world-athletics-championships/iaaf-world-athletics-championships-doha-2019-7125365/results/men/400-metres/semi-finals/result,2026-09-30T22:56:56Z
WCH2019-400m-M-SF-H1,WCH2019,400m,M,SF,1,2019-10-02,20:35,6.0,Jonathan Sacoor,14676801,BEL,0.152,0.152,45.03,https://worldathletics.org/competitions/world-athletics-championships/iaaf-world-athletics-championships-doha-2019-7125365/results/men/400-metres/semi-finals/result,2026-09-30T22:56:56Z
WCH2019-400m-M-SF-H1,WCH2019,400m,M,SF,1,2019-10-02,20:35,9.0,Thapelo Phora,14575281,RSA,0.182,0.182,45.24,https://worldathletics.org/competitions/world-athletics-championships/iaaf-world-athletics-championships-doha-2019-7125365/results/men/400-metres/semi-finals/result,2026-09-30T22:56:56Z
WCH2019-400m-M-SF-H1,WCH2019,400m,M,SF,1,2019-10-02,20:35,8.0,Abbas Abubakar Abbas,14581977,BRN,0.194,0.194,45.26,https://worldathletics.org/competitions/world-athletics-championships/iaaf-world-athletics-championships-doha-2019-7125365/results/men/400-metres/semi-finals/result,2026-09-30T22:56:56Z
WCH2019-400m-M-SF-H1,WCH2019,400m,M,SF,1,2019-10-02,20:35,2.0,Nathan Strother,14543488,USA,0.155,0.155,45.34,https://worldathletics.org/competitions/world-athletics-championships/iaaf-world-athletics-championships-doha-2019-7125365/results/men/400-metres/semi-finals/result,2026-09-30T22:56:56Z
WCH2019-400m-M-SF-H1,WCH2019,400m,M,SF,1,2019-10-02,20:35,3.0,Mazen Al Yasen,14581976,KSA,0.168,0.168,46.11,https://worldathletics.org/competitions/world-athletics-championships/iaaf-world-athletics-championships-doha-2019-7125365/results/men/400-metres/semi-finals/result,2026-09-30T22:56:56Z
WCH2019-400m-M-SF-H2,WCH2019,400m,M,SF,2,2019-10-02,20:43,6.0,Steven Gardiner,14578505,BAH,0.154,0.154,44.13,https://worldathletics.org/competitions/world-athletics-championships/iaaf-world-athletics-championships-doha-2019-7125365/results/men/400-metres/semi-finals/result,2026-09-30T22:56:56Z
WCH2019-400m-M-SF-H2,WCH2019,400m,M,SF,2,2019-10-02,20:43,5.0,Kirani James,14195659,GRN,0.119,0.119,44.23,https://worldathletics.org/competitions/world-athletics-championships/iaaf-world-athletics-championships-doha-2019-7125365/results/men/400-metres/semi-finals/result,2026-09-30T22:56:56Z
WCH2019-400m-M-SF-H2,WCH2019,400m,M,SF,2,2019-10-02,20:43,7.0,​Demish Gaye,14581991,JAM,0.188,0.188,44.66,https://worldathletics.org/competitions/world-athletics-championships/iaaf-world-athletics-championships-doha-2019-7125365/results/men/400-metres/semi-finals/result,2026-09-30T22:56:56Z
WCH2019-400m-M-SF-H2,WCH2019,400m,M,SF,2,2019-10-02,20:43,9.0,Vernon Norwood,14490237,USA,0.181,0.181,45.00,https://worldathletics.org/competitions/world-athletics-championships/iaaf-world-athletics-championships-doha-2019-7125365/results/men/400-metres/semi-finals/result,2026-09-30T22:56:56Z
WCH2019-400m-M-SF-H2,WCH2019,400m,M,SF,2,2019-10-02,20:43,8.0,Leungo Scotch,14643510,BOT,0.167,0.167,45.00,https://worldathletics.org/competitions/world-athletics-championships/iaaf-world-athletics-championships-doha-2019-7125365/results/men/400-metres/semi-finals/result,2026-09-30T22:56:56Z
WCH2019-400m-M-SF-H2,WCH2019,400m,M,SF,2,2019-10-02,20:43,3.0,Jhon Alejandro Perlaza,14471021,COL,0.160,0.16,45.17,https://worldathletics.org/competitions/world-athletics-championships/iaaf-world-athletics-championships-doha-2019-7125365/results/men/400-metres/semi-finals/result,2026-09-30T22:56:56Z
WCH2019-400m-M-SF-H2,WCH2019,400m,M,SF,2,2019-10-02,20:43,4.0,Philip Osei,14377678,CAN,0.172,0.172,45.44,https://worldathletics.org/competitions/world-athletics-championships/iaaf-world-athletics-championships-doha-2019-7125365/results/men/400-metres/semi-finals/result,2026-09-30T22:56:56Z
WCH2019-400m-M-SF-H2,WCH2019,400m,M,SF,2,2019-10-02,20:43,2.0,Steven Solomon,14386314,AUS,0.169,0.169,45.54,https://worldathletics.org/competitions/world-athletics-championships/iaaf-world-athletics-championships-doha-2019-7125365/results/men/400-metres/semi-finals/result,2026-09-30T22:56:56Z
WCH2019-400m-M-SF-H3,WCH2019,400m,M,SF,3,2019-10-02,20:51,7.0,Machel Cedenio,14434527,TTO,0.239,0.239,44.41,https://worldathletics.org/competitions/world-athletics-championships/iaaf-world-athletics-championships-doha-2019-7125365/results/men/400-metres/semi-finals/result,2026-09-30T22:56:56Z
WCH2019-400m-M-SF-H3,WCH2019,400m,M,SF,3,2019-10-02,20:51,8.0,Anthony José Zambrano,14662993,COL,0.183,0.183,44.55,https://worldathletics.org/competitions/world-athletics-championships/iaaf-world-athletics-championships-doha-2019-7125365/results/men/400-metres/semi-finals/result,2026-09-30T22:56:56Z
WCH2019-400m-M-SF-H3,WCH2019,400m,M,SF,3,2019-10-02,20:51,6.0,Akeem Bloomfield,14629292,JAM,0.207,0.207,44.77,https://worldathletics.org/competitions/world-athletics-championships/iaaf-world-athletics-championships-doha-2019-7125365/results/men/400-metres/semi-finals/result,2026-09-30T22:56:56Z
WCH2019-400m-M-SF-H3,WCH2019,400m,M,SF,3,2019-10-02,20:51,5.0,Julian Jrummi Walsh,14657849,JPN,0.132,0.132,45.13,https://worldathletics.org/competitions/world-athletics-championships/iaaf-world-athletics-championships-doha-2019-7125365/results/men/400-metres/semi-finals/result,2026-09-30T22:56:56Z
WCH2019-400m-M-SF-H3,WCH2019,400m,M,SF,3,2019-10-02,20:51,9.0,Rabah Yousif,14225712,GBR,0.160,0.16,45.15,https://worldathletics.org/competitions/world-athletics-championships/iaaf-world-athletics-championships-doha-2019-7125365/results/men/400-metres/semi-finals/result,2026-09-30T22:56:56Z
WCH2019-400m-M-SF-H3,WCH2019,400m,M,SF,3,2019-10-02,20:51,2.0,Alphas Leken Kishoyian,14431170,KEN,0.189,0.189,45.55,https://worldathletics.org/competitions/world-athletics-championships/iaaf-world-athletics-championships-doha-2019-7125365/results/men/400-metres/semi-finals/result,2026-09-30T22:56:56Z
WCH2019-400m-M-SF-H3,WCH2019,400m,M,SF,3,2019-10-02,20:51,4.0,Michael Norman,14588244,USA,0.176,0.176,45.94,https://worldathletics.org/competitions/world-athletics-championships/iaaf-world-athletics-championships-doha-2019-7125365/results/men/400-metres/semi-finals/result,2026-09-30T22:56:56Z
WCH2019-400m-M-SF-H3,WCH2019,400m,M,SF,3,2019-10-02,20:51,3.0,Yousef Karam,14370397,KUW,0.156,0.156,DNF,https://worldathletics.org/competitions/world-athletics-championships/iaaf-world-athletics-championships-doha-2019-7125365/results/men/400-metres/semi-finals/result,2026-09-30T22:56:56Z
WCH2019-4x100m-M-F-H1,WCH2019,4x100m,M,F,1,2019-10-05,22:15,8.0,United States,6,USA,0.149,0.149,37.10,https://worldathletics.org/competitions/world-athletics-championships/iaaf-world-athletics-championships-doha-2019-7125365/results/men/4x100-metres-relay/final/result,2026-09-30T22:57:27Z
WCH2019-4x100m-M-F-H1,WCH2019,4x100m,M,F,1,2019-10-05,22:15,7.0,Great Britain & NI,5,GBR,0.156,0.156,37.36,https://worldathletics.org/competitions/world-athletics-championships/iaaf-world-athletics-championships-doha-2019-7125365/results/men/4x100-metres-relay/final/result,2026-09-30T22:57:27Z
WCH2019-4x100m-M-F-H1,WCH2019,4x100m,M,F,1,2019-10-05,22:15,4.0,Japan,29,JPN,0.132,0.132,37.43,https://worldathletics.org/competitions/world-athletics-championships/iaaf-world-athletics-championships-doha-2019-7125365/results/men/4x100-metres-relay/final/result,2026-09-30T22:57:27Z
WCH2019-4x100m-M-F-H1,WCH2019,4x100m,M,F,1,2019-10-05,22:15,6.0,Brazil,21,BRA,0.157,0.157,37.72,https://worldathletics.org/competitions/world-athletics-championships/iaaf-world-athletics-championships-doha-2019-7125365/results/men/4x100-metres-relay/final/result,2026-09-30T22:57:27Z
WCH2019-4x100m-M-F-H1,WCH2019,4x100m,M,F,1,2019-10-05,22:15,5.0,South Africa,15,RSA,0.151,0.151,37.73,https://worldathletics.org/competitions/world-athletics-championships/iaaf-world-athletics-championships-doha-2019-7125365/results/men/4x100-metres-relay/final/result,2026-09-30T22:57:27Z
WCH2019-4x100m-M-F-H1,WCH2019,4x100m,M,F,1,2019-10-05,22:15,9.0,PR of China,62,CHN,0.142,0.142,38.07,https://worldathletics.org/competitions/world-athletics-championships/iaaf-world-athletics-championships-doha-2019-7125365/results/men/4x100-metres-relay/final/result,2026-09-30T22:57:27Z
WCH2019-4x100m-M-F-H1,WCH2019,4x100m,M,F,1,2019-10-05,22:15,3.0,Netherlands,55,NED,0.140,0.14,DQ,https://worldathletics.org/competitions/world-athletics-championships/iaaf-world-athletics-championships-doha-2019-7125365/results/men/4x100-metres-relay/final/result,2026-09-30T22:57:27Z
WCH2019-4x100m-M-F-H1,WCH2019,4x100m,M,F,1,2019-10-05,22:15,2.0,France,52,FRA,0.146,0.146,DNF,https://worldathletics.org/competitions/world-athletics-championships/iaaf-world-athletics-championships-doha-2019-7125365/results/men/4x100-metres-relay/final/result,2026-09-30T22:57:27Z
WCH2019-4x100m-M-R1-H1,WCH2019,4x100m,M,R1,1,2019-10-04,21:05,6.0,Great Britain & NI,5,GBR,0.143,0.143,37.56,https://worldathletics.org/competitions/world-athletics-championships/iaaf-world-athletics-championships-doha-2019-7125365/results/men/4x100-metres-relay/round-1/result,2026-09-30T22:57:31Z
WCH2019-4x100m-M-R1-H1,WCH2019,4x100m,M,R1,1,2019-10-04,21:05,2.0,Brazil,21,BRA,0.139,0.139,37.90,https://worldathletics.org/competitions/world-athletics-championships/iaaf-world-athletics-championships-doha-2019-7125365/results/men/4x100-metres-relay/round-1/result,2026-09-30T22:57:31Z
WCH2019-4x100m-M-R1-H1,WCH2019,4x100m,M,R1,1,2019-10-04,21:05,5.0,United States,6,USA,0.150,0.15,38.03,https://worldathletics.org/competitions/world-athletics-championships/iaaf-world-athletics-championships-doha-2019-7125365/results/men/4x100-metres-relay/round-1/result,2026-09-30T22:57:31Z
WCH2019-4x100m-M-R1-H1,WCH2019,4x100m,M,R1,1,2019-10-04,21:05,4.0,Italy,40,ITA,0.143,0.143,38.11,https://worldathletics.org/competitions/world-athletics-championships/iaaf-world-athletics-championships-doha-2019-7125365/results/men/4x100-metres-relay/round-1/result,2026-09-30T22:57:31Z
WCH2019-4x100m-M-R1-H1,WCH2019,4x100m,M,R1,1,2019-10-04,21:05,7.0,Jamaica,23,JAM,0.146,0.146,38.15,https://worldathletics.org/competitions/world-athletics-championships/iaaf-world-athletics-championships-doha-2019-7125365/results/men/4x100-metres-relay/round-1/result,2026-09-30T22:57:31Z
WCH2019-4x100m-M-R1-H1,WCH2019,4x100m,M,R1,1,2019-10-04,21:05,8.0,Ghana,53,GHA,0.137,0.137,38.24,https://worldathletics.org/competitions/world-athletics-championships/iaaf-world-athletics-championships-doha-2019-7125365/results/men/4x100-metres-relay/round-1/result,2026-09-30T22:57:31Z
WCH2019-4x100m-M-R1-H1,WCH2019,4x100m,M,R1,1,2019-10-04,21:05,3.0,Turkey,98,TUR,0.138,0.138,DQ,https://worldathletics.org/competitions/world-athletics-championships/iaaf-world-athletics-championships-doha-2019-7125365/results/men/4x100-metres-relay/round-1/result,2026-09-30T22:57:31Z
WCH2019-4x100m-M-R1-H1,WCH2019,4x100m,M,R1,1,2019-10-04,21:05,9.0,Qatar,31,QAT,,,DNS,https://worldathletics.org/competitions/world-athletics-championships/iaaf-world-athletics-championships-doha-2019-7125365/results/men/4x100-metres-relay/round-1/result,2026-09-30T22:57:31Z
WCH2019-4x100m-M-R1-H2,WCH2019,4x100m,M,R1,2,2019-10-04,21:14,4.0,South Africa,15,RSA,0.157,0.157,37.65,https://worldathletics.org/competitions/world-athletics-championships/iaaf-world-athletics-championships-doha-2019-7125365/results/men/4x100-metres-relay/round-1/result,2026-09-30T22:57:31Z
WCH2019-4x100m-M-R1-H2,WCH2019,4x100m,M,R1,2,2019-10-04,21:14,5.0,Japan,29,JPN,0.140,0.14,37.78,https://worldathletics.org/competitions/world-athletics-championships/iaaf-world-athletics-championships-doha-2019-7125365/results/men/4x100-metres-relay/round-1/result,2026-09-30T22:57:31Z
WCH2019-4x100m-M-R1-H2,WCH2019,4x100m,M,R1,2,2019-10-04,21:14,9.0,PR of China,62,CHN,0.146,0.146,37.79,https://worldathletics.org/competitions/world-athletics-championships/iaaf-world-athletics-championships-doha-2019-7125365/results/men/4x100-metres-relay/round-1/result,2026-09-30T22:57:31Z
WCH2019-4x100m-M-R1-H2,WCH2019,4x100m,M,R1,2,2019-10-04,21:14,6.0,France,52,FRA,0.141,0.141,37.88,https://worldathletics.org/competitions/world-athletics-championships/iaaf-world-athletics-championships-doha-2019-7125365/results/men/4x100-metres-relay/round-1/result,2026-09-30T22:57:31Z
WCH2019-4x100m-M-R1-H2,WCH2019,4x100m,M,R1,2,2019-10-04,21:14,3.0,Netherlands,55,NED,0.139,0.139,37.91,https://worldathletics.org/competitions/world-athletics-championships/iaaf-world-athletics-championships-doha-2019-7125365/results/men/4x100-metres-relay/round-1/result,2026-09-30T22:57:31Z
WCH2019-4x100m-M-R1-H2,WCH2019,4x100m,M,R1,2,2019-10-04,21:14,2.0,Canada,48,CAN,0.127,0.127,37.91,https://worldathletics.org/competitions/world-athletics-championships/iaaf-world-athletics-championships-doha-2019-7125365/results/men/4x100-metres-relay/round-1/result,2026-09-30T22:57:31Z
WCH2019-4x100m-M-R1-H2,WCH2019,4x100m,M,R1,2,2019-10-04,21:14,7.0,Germany,61,GER,0.148,0.148,38.24,https://worldathletics.org/competitions/world-athletics-championships/iaaf-world-athletics-championships-doha-2019-7125365/results/men/4x100-metres-relay/round-1/result,2026-09-30T22:57:31Z
WCH2019-4x100m-M-R1-H2,WCH2019,4x100m,M,R1,2,2019-10-04,21:14,8.0,Nigeria,14,NGR,0.160,0.16,DQ,https://worldathletics.org/competitions/world-athletics-championships/iaaf-world-athletics-championships-doha-2019-7125365/results/men/4x100-metres-relay/round-1/result,2026-09-30T22:57:31Z
WCH2019-4x400m-M-F-H1,WCH2019,4x400m,M,F,1,2019-10-06,21:30,4.0,United States,6,USA,0.164,0.164,2:56.69,https://worldathletics.org/competitions/world-athletics-championships/iaaf-world-athletics-championships-doha-2019-7125365/results/men/4x400-metres-relay/final/result,2026-09-30T22:57:40Z
WCH2019-4x400m-M-F-H1,WCH2019,4x400m,M,F,1,2019-10-06,21:30,5.0,Jamaica,23,JAM,0.206,0.206,2:57.90,https://worldathletics.org/competitions/world-athletics-championships/iaaf-world-athletics-championships-doha-2019-7125365/results/men/4x400-metres-relay/final/result,2026-09-30T22:57:40Z
WCH2019-4x400m-M-F-H1,WCH2019,4x400m,M,F,1,2019-10-06,21:30,7.0,Belgium,47,BEL,0.150,0.15,2:58.78,https://worldathletics.org/competitions/world-athletics-championships/iaaf-world-athletics-championships-doha-2019-7125365/results/men/4x400-metres-relay/final/result,2026-09-30T22:57:40Z
WCH2019-4x400m-M-F-H1,WCH2019,4x400m,M,F,1,2019-10-06,21:30,6.0,Colombia,49,COL,0.184,0.184,2:59.50,https://worldathletics.org/competitions/world-athletics-championships/iaaf-world-athletics-championships-doha-2019-7125365/results/men/4x400-metres-relay/final/result,2026-09-30T22:57:40Z
WCH2019-4x400m-M-F-H1,WCH2019,4x400m,M,F,1,2019-10-06,21:30,9.0,Trinidad and Tobago,59,TTO,0.177,0.177,3:00.74,https://worldathletics.org/competitions/world-athletics-championships/iaaf-world-athletics-championships-doha-2019-7125365/results/men/4x400-metres-relay/final/result,2026-09-30T22:57:40Z
WCH2019-4x400m-M-F-H1,WCH2019,4x400m,M,F,1,2019-10-06,21:30,8.0,Italy,40,ITA,0.185,0.185,3:02.78,https://worldathletics.org/competitions/world-athletics-championships/iaaf-world-athletics-championships-doha-2019-7125365/results/men/4x400-metres-relay/final/result,2026-09-30T22:57:40Z
WCH2019-4x400m-M-F-H1,WCH2019,4x400m,M,F,1,2019-10-06,21:30,3.0,France,52,FRA,0.190,0.19,3:03.06,https://worldathletics.org/competitions/world-athletics-championships/iaaf-world-athletics-championships-doha-2019-7125365/results/men/4x400-metres-relay/final/result,2026-09-30T22:57:40Z
WCH2019-4x400m-M-F-H1,WCH2019,4x400m,M,F,1,2019-10-06,21:30,2.0,Great Britain & NI,5,GBR,0.171,0.171,DNF,https://worldathletics.org/competitions/world-athletics-championships/iaaf-world-athletics-championships-doha-2019-7125365/results/men/4x400-metres-relay/final/result,2026-09-30T22:57:40Z
WCH2019-4x400m-M-R1-H1,WCH2019,4x400m,M,R1,1,2019-10-05,20:25,4.0,United States,6,USA,0.160,0.16,2:59.89,https://worldathletics.org/competitions/world-athletics-championships/iaaf-world-athletics-championships-doha-2019-7125365/results/men/4x400-metres-relay/round-1/result,2026-09-30T22:57:43Z
WCH2019-4x400m-M-R1-H1,WCH2019,4x400m,M,R1,1,2019-10-05,20:25,9.0,Colombia,49,COL,0.205,0.205,3:01.06,https://worldathletics.org/competitions/world-athletics-championships/iaaf-world-athletics-championships-doha-2019-7125365/results/men/4x400-metres-relay/round-1/result,2026-09-30T22:57:43Z
WCH2019-4x400m-M-R1-H1,WCH2019,4x400m,M,R1,1,2019-10-05,20:25,8.0,Italy,40,ITA,0.241,0.241,3:01.60,https://worldathletics.org/competitions/world-athletics-championships/iaaf-world-athletics-championships-doha-2019-7125365/results/men/4x400-metres-relay/round-1/result,2026-09-30T22:57:43Z
WCH2019-4x400m-M-R1-H1,WCH2019,4x400m,M,R1,1,2019-10-05,20:25,6.0,Great Britain & NI,5,GBR,0.185,0.185,3:01.96,https://worldathletics.org/competitions/world-athletics-championships/iaaf-world-athletics-championships-doha-2019-7125365/results/men/4x400-metres-relay/round-1/result,2026-09-30T22:57:43Z
WCH2019-4x400m-M-R1-H1,WCH2019,4x400m,M,R1,1,2019-10-05,20:25,7.0,Japan,29,JPN,,,3:02.05,https://worldathletics.org/competitions/world-athletics-championships/iaaf-world-athletics-championships-doha-2019-7125365/results/men/4x400-metres-relay/round-1/result,2026-09-30T22:57:43Z
WCH2019-4x400m-M-R1-H1,WCH2019,4x400m,M,R1,1,2019-10-05,20:25,3.0,Spain,88,ESP,0.142,0.142,3:04.27,https://worldathletics.org/competitions/world-athletics-championships/iaaf-world-athletics-championships-doha-2019-7125365/results/men/4x400-metres-relay/round-1/result,2026-09-30T22:57:43Z
WCH2019-4x400m-M-R1-H1,WCH2019,4x400m,M,R1,1,2019-10-05,20:25,2.0,Australia,22,AUS,0.156,0.156,3:05.49,https://worldathletics.org/competitions/world-athletics-championships/iaaf-world-athletics-championships-doha-2019-7125365/results/men/4x400-metres-relay/round-1/result,2026-09-30T22:57:43Z
WCH2019-4x400m-M-R1-H1,WCH2019,4x400m,M,R1,1,2019-10-05,20:25,5.0,Botswana,110,BOT,0.192,0.192,DQ,https://worldathletics.org/competitions/world-athletics-championships/iaaf-world-athletics-championships-doha-2019-7125365/results/men/4x400-metres-relay/round-1/result,2026-09-30T22:57:43Z
WCH2019-4x400m-M-R1-H2,WCH2019,4x400m,M,R1,2,2019-10-05,20:37,5.0,Jamaica,23,JAM,0.212,0.212,3:00.76,https://worldathletics.org/competitions/world-athletics-championships/iaaf-world-athletics-championships-doha-2019-7125365/results/men/4x400-metres-relay/round-1/result,2026-09-30T22:57:43Z
WCH2019-4x400m-M-R1-H2,WCH2019,4x400m,M,R1,2,2019-10-05,20:37,6.0,Belgium,47,BEL,0.162,0.162,3:00.87,https://worldathletics.org/competitions/world-athletics-championships/iaaf-world-athletics-championships-doha-2019-7125365/results/men/4x400-metres-relay/round-1/result,2026-09-30T22:57:43Z
WCH2019-4x400m-M-R1-H2,WCH2019,4x400m,M,R1,2,2019-10-05,20:37,8.0,Trinidad and Tobago,59,TTO,0.207,0.207,3:01.35,https://worldathletics.org/competitions/world-athletics-championships/iaaf-world-athletics-championships-doha-2019-7125365/results/men/4x400-metres-relay/round-1/result,2026-09-30T22:57:43Z
WCH2019-4x400m-M-R1-H2,WCH2019,4x400m,M,R1,2,2019-10-05,20:37,7.0,France,52,FRA,0.186,0.186,3:01.40,https://worldathletics.org/competitions/world-athletics-championships/iaaf-world-athletics-championships-doha-2019-7125365/results/men/4x400-metres-relay/round-1/result,2026-09-30T22:57:43Z
WCH2019-4x400m-M-R1-H2,WCH2019,4x400m,M,R1,2,2019-10-05,20:37,3.0,South Africa,15,RSA,0.192,0.192,3:02.06,https://worldathletics.org/competitions/world-athletics-championships/iaaf-world-athletics-championships-doha-2019-7125365/results/men/4x400-metres-relay/round-1/result,2026-09-30T22:57:43Z
WCH2019-4x400m-M-R1-H2,WCH2019,4x400m,M,R1,2,2019-10-05,20:37,9.0,Czech Republic,97,CZE,0.189,0.189,3:02.97,https://worldathletics.org/competitions/world-athletics-championships/iaaf-world-athletics-championships-doha-2019-7125365/results/men/4x400-metres-relay/round-1/result,2026-09-30T22:57:43Z
WCH2019-4x400m-M-R1-H2,WCH2019,4x400m,M,R1,2,2019-10-05,20:37,4.0,India,37,IND,0.164,0.164,3:03.09,https://worldathletics.org/competitions/world-athletics-championships/iaaf-world-athletics-championships-doha-2019-7125365/results/men/4x400-metres-relay/round-1/result,2026-09-30T22:57:43Z
WCH2019-4x400m-M-R1-H2,WCH2019,4x400m,M,R1,2,2019-10-05,20:37,2.0,Qatar,31,QAT,0.184,0.184,3:06.25,https://worldathletics.org/competitions/world-athletics-championships/iaaf-world-athletics-championships-doha-2019-7125365/results/men/4x400-metres-relay/round-1/result,2026-09-30T22:57:43Z
WCH2019-400m-W-F-H1,WCH2019,400m,W,F,1,2019-10-03,23:50,5.0,Salwa Eid Naser,14643442,BRN,0.186,0.186,48.14,https://worldathletics.org/competitions/world-athletics-championships/iaaf-world-athletics-championships-doha-2019-7125365/results/women/400-metres/final/result,2026-09-30T22:56:59Z
WCH2019-400m-W-F-H1,WCH2019,400m,W,F,1,2019-10-03,23:50,7.0,Shaunae Miller-Uibo,14368116,BAH,0.145,0.145,48.37,https://worldathletics.org/competitions/world-athletics-championships/iaaf-world-athletics-championships-doha-2019-7125365/results/women/400-metres/final/result,2026-09-30T22:56:59Z
WCH2019-400m-W-F-H1,WCH2019,400m,W,F,1,2019-10-03,23:50,3.0,Shericka Jackson,14325599,JAM,0.184,0.184,49.47,https://worldathletics.org/competitions/world-athletics-championships/iaaf-world-athletics-championships-doha-2019-7125365/results/women/400-metres/final/result,2026-09-30T22:56:59Z
WCH2019-400m-W-F-H1,WCH2019,400m,W,F,1,2019-10-03,23:50,6.0,Wadeline Jonathas,14756963,USA,0.181,0.181,49.60,https://worldathletics.org/competitions/world-athletics-championships/iaaf-world-athletics-championships-doha-2019-7125365/results/women/400-metres/final/result,2026-09-30T22:56:59Z
WCH2019-400m-W-F-H1,WCH2019,400m,W,F,1,2019-10-03,23:50,8.0,Phyllis Francis,14310414,USA,0.197,0.197,49.61,https://worldathletics.org/competitions/world-athletics-championships/iaaf-world-athletics-championships-doha-2019-7125365/results/women/400-metres/final/result,2026-09-30T22:56:59Z
WCH2019-400m-W-F-H1,WCH2019,400m,W,F,1,2019-10-03,23:50,4.0,Stephenie Ann McPherson,14285809,JAM,0.124,0.124,50.89,https://worldathletics.org/competitions/world-athletics-championships/iaaf-world-athletics-championships-doha-2019-7125365/results/women/400-metres/final/result,2026-09-30T22:56:59Z
WCH2019-400m-W-F-H1,WCH2019,400m,W,F,1,2019-10-03,23:50,9.0,Justyna Święty-Ersetic,14361154,POL,0.228,0.228,50.95,https://worldathletics.org/competitions/world-athletics-championships/iaaf-world-athletics-championships-doha-2019-7125365/results/women/400-metres/final/result,2026-09-30T22:56:59Z
WCH2019-400m-W-F-H1,WCH2019,400m,W,F,1,2019-10-03,23:50,2.0,Iga Baumgart-Witan,14293415,POL,0.187,0.187,51.29,https://worldathletics.org/competitions/world-athletics-championships/iaaf-world-athletics-championships-doha-2019-7125365/results/women/400-metres/final/result,2026-09-30T22:56:59Z
WCH2019-400mH-W-F-H1,WCH2019,400mH,W,F,1,2019-10-04,21:30,6.0,Dalilah Muhammad,14317560,USA,0.200,0.2,52.16,https://worldathletics.org/competitions/world-athletics-championships/iaaf-world-athletics-championships-doha-2019-7125365/results/women/400-metres-hurdles/final/result,2026-09-30T22:57:18Z
WCH2019-400mH-W-F-H1,WCH2019,400mH,W,F,1,2019-10-04,21:30,4.0,Sydney McLaughlin,14624749,USA,0.161,0.161,52.23,https://worldathletics.org/competitions/world-athletics-championships/iaaf-world-athletics-championships-doha-2019-7125365/results/women/400-metres-hurdles/final/result,2026-09-30T22:57:18Z
WCH2019-400mH-W-F-H1,WCH2019,400mH,W,F,1,2019-10-04,21:30,5.0,Rushell Clayton,14425208,JAM,0.137,0.137,53.74,https://worldathletics.org/competitions/world-athletics-championships/iaaf-world-athletics-championships-doha-2019-7125365/results/women/400-metres-hurdles/final/result,2026-09-30T22:57:18Z
WCH2019-400mH-W-F-H1,WCH2019,400mH,W,F,1,2019-10-04,21:30,9.0,Lea Sprunger,14301240,SUI,0.199,0.199,54.06,https://worldathletics.org/competitions/world-athletics-championships/iaaf-world-athletics-championships-doha-2019-7125365/results/women/400-metres-hurdles/final/result,2026-09-30T22:57:18Z
WCH2019-400mH-W-F-H1,WCH2019,400mH,W,F,1,2019-10-04,21:30,8.0,Zuzana Hejnová,14263088,CZE,0.141,0.141,54.23,https://worldathletics.org/competitions/world-athletics-championships/iaaf-world-athletics-championships-doha-2019-7125365/results/women/400-metres-hurdles/final/result,2026-09-30T22:57:18Z
WCH2019-400mH-W-F-H1,WCH2019,400mH,W,F,1,2019-10-04,21:30,2.0,Ashley Spencer,14476234,USA,0.163,0.163,54.45,https://worldathletics.org/competitions/world-athletics-championships/iaaf-world-athletics-championships-doha-2019-7125365/results/women/400-metres-hurdles/final/result,2026-09-30T22:57:18Z
WCH2019-400mH-W-F-H1,WCH2019,400mH,W,F,1,2019-10-04,21:30,3.0,Anna Ryzhykova,14304336,UKR,0.173,0.173,54.45,https://worldathletics.org/competitions/world-athletics-championships/iaaf-world-athletics-championships-doha-2019-7125365/results/women/400-metres-hurdles/final/result,2026-09-30T22:57:18Z
WCH2019-400mH-W-F-H1,WCH2019,400mH,W,F,1,2019-10-04,21:30,7.0,Sage Watson,14373955,CAN,0.186,0.186,54.82,https://worldathletics.org/competitions/world-athletics-championships/iaaf-world-athletics-championships-doha-2019-7125365/results/women/400-metres-hurdles/final/result,2026-09-30T22:57:18Z
WCH2019-400mH-W-R1-H1,WCH2019,400mH,W,R1,1,2019-10-01,17:30,8.0,Sydney McLaughlin,14624749,USA,0.176,0.176,54.45,https://worldathletics.org/competitions/world-athletics-championships/iaaf-world-athletics-championships-doha-2019-7125365/results/women/400-metres-hurdles/round-1/result,2026-09-30T22:57:21Z
WCH2019-400mH-W-R1-H1,WCH2019,400mH,W,R1,1,2019-10-01,17:30,4.0,Lea Sprunger,14301240,SUI,0.182,0.182,54.98,https://worldathletics.org/competitions/world-athletics-championships/iaaf-world-athletics-championships-doha-2019-7125365/results/women/400-metres-hurdles/round-1/result,2026-09-30T22:57:21Z
WCH2019-400mH-W-R1-H1,WCH2019,400mH,W,R1,1,2019-10-01,17:30,9.0,Shiann Salmon,14574022,JAM,0.196,0.196,55.20,https://worldathletics.org/competitions/world-athletics-championships/iaaf-world-athletics-championships-doha-2019-7125365/results/women/400-metres-hurdles/round-1/result,2026-09-30T22:57:21Z
WCH2019-400mH-W-R1-H1,WCH2019,400mH,W,R1,1,2019-10-01,17:30,5.0,Vera Rudakova,14330319,RUS,0.251,0.251,55.51,https://worldathletics.org/competitions/world-athletics-championships/iaaf-world-athletics-championships-doha-2019-7125365/results/women/400-metres-hurdles/round-1/result,2026-09-30T22:57:21Z
WCH2019-400mH-W-R1-H1,WCH2019,400mH,W,R1,1,2019-10-01,17:30,3.0,Lauren Boden,14272431,AUS,0.155,0.155,56.00,https://worldathletics.org/competitions/world-athletics-championships/iaaf-world-athletics-championships-doha-2019-7125365/results/women/400-metres-hurdles/round-1/result,2026-09-30T22:57:21Z
WCH2019-400mH-W-R1-H1,WCH2019,400mH,W,R1,1,2019-10-01,17:30,2.0,Jessica Moreira,14755060,BRA,0.189,0.189,57.66,https://worldathletics.org/competitions/world-athletics-championships/iaaf-world-athletics-championships-doha-2019-7125365/results/women/400-metres-hurdles/round-1/result,2026-09-30T22:57:21Z
WCH2019-400mH-W-R1-H1,WCH2019,400mH,W,R1,1,2019-10-01,17:30,7.0,Mariam Mamdouh Farid,14760443,QAT,0.230,0.23,1:09.49,https://worldathletics.org/competitions/world-athletics-championships/iaaf-world-athletics-championships-doha-2019-7125365/results/women/400-metres-hurdles/round-1/result,2026-09-30T22:57:21Z
WCH2019-400mH-W-R1-H1,WCH2019,400mH,W,R1,1,2019-10-01,17:30,6.0,Portia Bing,14384250,NZL,0.178,0.178,DQ,https://worldathletics.org/competitions/world-athletics-championships/iaaf-world-athletics-championships-doha-2019-7125365/results/women/400-metres-hurdles/round-1/result,2026-09-30T22:57:21Z
WCH2019-400mH-W-R1-H2,WCH2019,400mH,W,R1,2,2019-10-01,17:38,2.0,Anna Ryzhykova,14304336,UKR,0.167,0.167,55.11,https://worldathletics.org/competitions/world-athletics-championships/iaaf-world-athletics-championships-doha-2019-7125365/results/women/400-metres-hurdles/round-1/result,2026-09-30T22:57:21Z
WCH2019-400mH-W-R1-H2,WCH2019,400mH,W,R1,2,2019-10-01,17:38,9.0,Zuzana Hejnová,14263088,CZE,0.160,0.16,55.33,https://worldathletics.org/competitions/world-athletics-championships/iaaf-world-athletics-championships-doha-2019-7125365/results/women/400-metres-hurdles/round-1/result,2026-09-30T22:57:21Z
WCH2019-400mH-W-R1-H2,WCH2019,400mH,W,R1,2,2019-10-01,17:38,4.0,Jessica Turner,14470197,GBR,0.200,0.2,55.72,https://worldathletics.org/competitions/world-athletics-championships/iaaf-world-athletics-championships-doha-2019-7125365/results/women/400-metres-hurdles/round-1/result,2026-09-30T22:57:21Z
WCH2019-400mH-W-R1-H2,WCH2019,400mH,W,R1,2,2019-10-01,17:38,6.0,Yadisleidis Pedroso,14263443,ITA,0.211,0.211,55.78,https://worldathletics.org/competitions/world-athletics-championships/iaaf-world-athletics-championships-doha-2019-7125365/results/women/400-metres-hurdles/round-1/result,2026-09-30T22:57:21Z
WCH2019-400mH-W-R1-H2,WCH2019,400mH,W,R1,2,2019-10-01,17:38,3.0,Carolina Krafzik,14507606,GER,0.185,0.185,55.93,https://worldathletics.org/competitions/world-athletics-championships/iaaf-world-athletics-championships-doha-2019-7125365/results/women/400-metres-hurdles/round-1/result,2026-09-30T22:57:21Z
WCH2019-400mH-W-R1-H2,WCH2019,400mH,W,R1,2,2019-10-01,17:38,8.0,Ronda Whyte,14515305,JAM,0.184,0.184,56.37,https://worldathletics.org/competitions/world-athletics-championships/iaaf-world-athletics-championships-doha-2019-7125365/results/women/400-metres-hurdles/round-1/result,2026-09-30T22:57:21Z
WCH2019-400mH-W-R1-H2,WCH2019,400mH,W,R1,2,2019-10-01,17:38,5.0,Melissa Gonzalez,14480108,COL,0.161,0.161,56.49,https://worldathletics.org/competitions/world-athletics-championships/iaaf-world-athletics-championships-doha-2019-7125365/results/women/400-metres-hurdles/round-1/result,2026-09-30T22:57:21Z
WCH2019-400mH-W-R1-H2,WCH2019,400mH,W,R1,2,2019-10-01,17:38,7.0,Kori Carter,14307315,USA,0.181,0.181,DNF,https://worldathletics.org/competitions/world-athletics-championships/iaaf-world-athletics-championships-doha-2019-7125365/results/women/400-metres-hurdles/round-1/result,2026-09-30T22:57:21Z
WCH2019-400mH-W-R1-H3,WCH2019,400mH,W,R1,3,2019-10-01,17:46,5.0,Dalilah Muhammad,14317560,USA,0.194,0.194,54.87,https://worldathletics.org/competitions/world-athletics-championships/iaaf-world-athletics-championships-doha-2019-7125365/results/women/400-metres-hurdles/round-1/result,2026-09-30T22:57:21Z
WCH2019-400mH-W-R1-H3,WCH2019,400mH,W,R1,3,2019-10-01,17:46,4.0,Zurian Hechavarría,14465501,CUB,0.208,0.208,55.36,https://worldathletics.org/competitions/world-athletics-championships/iaaf-world-athletics-championships-doha-2019-7125365/results/women/400-metres-hurdles/round-1/result,2026-09-30T22:57:21Z
WCH2019-400mH-W-R1-H3,WCH2019,400mH,W,R1,3,2019-10-01,17:46,7.0,Joanna Linkiewicz,14294034,POL,0.177,0.177,55.97,https://worldathletics.org/competitions/world-athletics-championships/iaaf-world-athletics-championships-doha-2019-7125365/results/women/400-metres-hurdles/round-1/result,2026-09-30T22:57:21Z
WCH2019-400mH-W-R1-H3,WCH2019,400mH,W,R1,3,2019-10-01,17:46,3.0,Gianna Woodruff,14423522,PAN,0.257,0.257,56.07,https://worldathletics.org/competitions/world-athletics-championships/iaaf-world-athletics-championships-doha-2019-7125365/results/women/400-metres-hurdles/round-1/result,2026-09-30T22:57:21Z
WCH2019-400mH-W-R1-H3,WCH2019,400mH,W,R1,3,2019-10-01,17:46,6.0,Valeriya Andreyeva,14442654,RUS,0.170,0.17,56.79,https://worldathletics.org/competitions/world-athletics-championships/iaaf-world-athletics-championships-doha-2019-7125365/results/women/400-metres-hurdles/round-1/result,2026-09-30T22:57:21Z
WCH2019-400mH-W-R1-H3,WCH2019,400mH,W,R1,3,2019-10-01,17:46,8.0,Paulien Couckuyt,14508434,BEL,0.138,0.138,57.15,https://worldathletics.org/competitions/world-athletics-championships/iaaf-world-athletics-championships-doha-2019-7125365/results/women/400-metres-hurdles/round-1/result,2026-09-30T22:57:21Z
WCH2019-400mH-W-R1-H3,WCH2019,400mH,W,R1,3,2019-10-01,17:46,2.0,Sara Slott Petersen,14262456,DEN,0.176,0.176,DQ,https://worldathletics.org/competitions/world-athletics-championships/iaaf-world-athletics-championships-doha-2019-7125365/results/women/400-metres-hurdles/round-1/result,2026-09-30T22:57:21Z
WCH2019-400mH-W-R1-H4,WCH2019,400mH,W,R1,4,2019-10-01,17:54,5.0,Amalie Iuel,14481392,NOR,0.157,0.157,54.72,https://worldathletics.org/competitions/world-athletics-championships/iaaf-world-athletics-championships-doha-2019-7125365/results/women/400-metres-hurdles/round-1/result,2026-09-30T22:57:21Z
WCH2019-400mH-W-R1-H4,WCH2019,400mH,W,R1,4,2019-10-01,17:54,7.0,Aminat Jamal,14701082,BRN,0.221,0.221,55.13,https://worldathletics.org/competitions/world-athletics-championships/iaaf-world-athletics-championships-doha-2019-7125365/results/women/400-metres-hurdles/round-1/result,2026-09-30T22:57:21Z
WCH2019-400mH-W-R1-H4,WCH2019,400mH,W,R1,4,2019-10-01,17:54,6.0,Ayomide Folorunso,14484475,ITA,0.229,0.229,55.20,https://worldathletics.org/competitions/world-athletics-championships/iaaf-world-athletics-championships-doha-2019-7125365/results/women/400-metres-hurdles/round-1/result,2026-09-30T22:57:21Z
WCH2019-400mH-W-R1-H4,WCH2019,400mH,W,R1,4,2019-10-01,17:54,8.0,Ashley Spencer,14476234,USA,0.158,0.158,55.28,https://worldathletics.org/competitions/world-athletics-championships/iaaf-world-athletics-championships-doha-2019-7125365/results/women/400-metres-hurdles/round-1/result,2026-09-30T22:57:21Z
WCH2019-400mH-W-R1-H4,WCH2019,400mH,W,R1,4,2019-10-01,17:54,3.0,Femke  Bol,14707010,NED,0.206,0.206,55.32,https://worldathletics.org/competitions/world-athletics-championships/iaaf-world-athletics-championships-doha-2019-7125365/results/women/400-metres-hurdles/round-1/result,2026-09-30T22:57:21Z
WCH2019-400mH-W-R1-H4,WCH2019,400mH,W,R1,4,2019-10-01,17:54,9.0,Hanne Claes,14328036,BEL,0.159,0.159,55.68,https://worldathletics.org/competitions/world-athletics-championships/iaaf-world-athletics-championships-doha-2019-7125365/results/women/400-metres-hurdles/round-1/result,2026-09-30T22:57:21Z
WCH2019-400mH-W-R1-H4,WCH2019,400mH,W,R1,4,2019-10-01,17:54,4.0,Sara Klein,14411117,AUS,0.223,0.223,56.97,https://worldathletics.org/competitions/world-athletics-championships/iaaf-world-athletics-championships-doha-2019-7125365/results/women/400-metres-hurdles/round-1/result,2026-09-30T22:57:21Z
WCH2019-400mH-W-R1-H4,WCH2019,400mH,W,R1,4,2019-10-01,17:54,2.0,Yanique Haye-Smith,14365596,TKS,0.159,0.159,56.98,https://worldathletics.org/competitions/world-athletics-championships/iaaf-world-athletics-championships-doha-2019-7125365/results/women/400-metres-hurdles/round-1/result,2026-09-30T22:57:21Z
WCH2019-400mH-W-R1-H5,WCH2019,400mH,W,R1,5,2019-10-01,18:02,7.0,Rushell Clayton,14425208,JAM,0.176,0.176,55.23,https://worldathletics.org/competitions/world-athletics-championships/iaaf-world-athletics-championships-doha-2019-7125365/results/women/400-metres-hurdles/round-1/result,2026-09-30T22:57:21Z
WCH2019-400mH-W-R1-H5,WCH2019,400mH,W,R1,5,2019-10-01,18:02,9.0,Sage Watson,14373955,CAN,0.173,0.173,55.57,https://worldathletics.org/competitions/world-athletics-championships/iaaf-world-athletics-championships-doha-2019-7125365/results/women/400-metres-hurdles/round-1/result,2026-09-30T22:57:21Z
WCH2019-400mH-W-R1-H5,WCH2019,400mH,W,R1,5,2019-10-01,18:02,3.0,Meghan Beesley,14274466,GBR,0.166,0.166,55.97,https://worldathletics.org/competitions/world-athletics-championships/iaaf-world-athletics-championships-doha-2019-7125365/results/women/400-metres-hurdles/round-1/result,2026-09-30T22:57:21Z
WCH2019-400mH-W-R1-H5,WCH2019,400mH,W,R1,5,2019-10-01,18:02,4.0,Sarah Carli,14406120,AUS,0.243,0.243,56.37,https://worldathletics.org/competitions/world-athletics-championships/iaaf-world-athletics-championships-doha-2019-7125365/results/women/400-metres-hurdles/round-1/result,2026-09-30T22:57:21Z
WCH2019-400mH-W-R1-H5,WCH2019,400mH,W,R1,5,2019-10-01,18:02,6.0,Linda Olivieri,14627059,ITA,0.148,0.148,56.82,https://worldathletics.org/competitions/world-athletics-championships/iaaf-world-athletics-championships-doha-2019-7125365/results/women/400-metres-hurdles/round-1/result,2026-09-30T22:57:21Z
WCH2019-400mH-W-R1-H5,WCH2019,400mH,W,R1,5,2019-10-01,18:02,8.0,Zenéy Van Der Walt,14639191,RSA,0.182,0.182,57.11,https://worldathletics.org/competitions/world-athletics-championships/iaaf-world-athletics-championships-doha-2019-7125365/results/women/400-metres-hurdles/round-1/result,2026-09-30T22:57:21Z
WCH2019-400mH-W-R1-H5,WCH2019,400mH,W,R1,5,2019-10-01,18:02,2.0,Tia-Adana Belle,14469918,BAR,0.177,0.177,57.37,https://worldathletics.org/competitions/world-athletics-championships/iaaf-world-athletics-championships-doha-2019-7125365/results/women/400-metres-hurdles/round-1/result,2026-09-30T22:57:21Z
WCH2019-400mH-W-R1-H5,WCH2019,400mH,W,R1,5,2019-10-01,18:02,5.0,Lamiae Lhabz,14290715,MAR,0.227,0.227,58.44,https://worldathletics.org/competitions/world-athletics-championships/iaaf-world-athletics-championships-doha-2019-7125365/results/women/400-metres-hurdles/round-1/result,2026-09-30T22:57:21Z
WCH2019-400mH-W-SF-H1,WCH2019,400mH,W,SF,1,2019-10-02,21:05,5.0,Dalilah Muhammad,14317560,USA,0.167,0.167,53.91,https://worldathletics.org/competitions/world-athletics-championships/iaaf-world-athletics-championships-doha-2019-7125365/results/women/400-metres-hurdles/semi-finals/result,2026-09-30T22:57:24Z
WCH2019-400mH-W-SF-H1,WCH2019,400mH,W,SF,1,2019-10-02,21:05,4.0,Sage Watson,14373955,CAN,0.183,0.183,54.32,https://worldathletics.org/competitions/world-athletics-championships/iaaf-world-athletics-championships-doha-2019-7125365/results/women/400-metres-hurdles/semi-finals/result,2026-09-30T22:57:24Z
WCH2019-400mH-W-SF-H1,WCH2019,400mH,W,SF,1,2019-10-02,21:05,6.0,Anna Ryzhykova,14304336,UKR,0.171,0.171,54.45,https://worldathletics.org/competitions/world-athletics-championships/iaaf-world-athletics-championships-doha-2019-7125365/results/women/400-metres-hurdles/semi-finals/result,2026-09-30T22:57:24Z
WCH2019-400mH-W-SF-H1,WCH2019,400mH,W,SF,1,2019-10-02,21:05,7.0,Zurian Hechavarría,14465501,CUB,0.216,0.216,55.03,https://worldathletics.org/competitions/world-athletics-championships/iaaf-world-athletics-championships-doha-2019-7125365/results/women/400-metres-hurdles/semi-finals/result,2026-09-30T22:57:24Z
WCH2019-400mH-W-SF-H1,WCH2019,400mH,W,SF,1,2019-10-02,21:05,3.0,Hanne Claes,14328036,BEL,0.159,0.159,55.25,https://worldathletics.org/competitions/world-athletics-championships/iaaf-world-athletics-championships-doha-2019-7125365/results/women/400-metres-hurdles/semi-finals/result,2026-09-30T22:57:24Z
WCH2019-400mH-W-SF-H1,WCH2019,400mH,W,SF,1,2019-10-02,21:05,8.0,Vera Rudakova,14330319,RUS,0.246,0.246,55.57,https://worldathletics.org/competitions/world-athletics-championships/iaaf-world-athletics-championships-doha-2019-7125365/results/women/400-metres-hurdles/semi-finals/result,2026-09-30T22:57:24Z
WCH2019-400mH-W-SF-H1,WCH2019,400mH,W,SF,1,2019-10-02,21:05,2.0,Femke  Bol,14707010,NED,0.219,0.219,56.37,https://worldathletics.org/competitions/world-athletics-championships/iaaf-world-athletics-championships-doha-2019-7125365/results/women/400-metres-hurdles/semi-finals/result,2026-09-30T22:57:24Z
WCH2019-400mH-W-SF-H1,WCH2019,400mH,W,SF,1,2019-10-02,21:05,9.0,Meghan Beesley,14274466,GBR,0.173,0.173,56.89,https://worldathletics.org/competitions/world-athletics-championships/iaaf-world-athletics-championships-doha-2019-7125365/results/women/400-metres-hurdles/semi-finals/result,2026-09-30T22:57:24Z
WCH2019-400mH-W-SF-H2,WCH2019,400mH,W,SF,2,2019-10-02,21:15,7.0,Rushell Clayton,14425208,JAM,0.148,0.148,54.17,https://worldathletics.org/competitions/world-athletics-championships/iaaf-world-athletics-championships-doha-2019-7125365/results/women/400-metres-hurdles/semi-finals/result,2026-09-30T22:57:24Z
WCH2019-400mH-W-SF-H2,WCH2019,400mH,W,SF,2,2019-10-02,21:15,5.0,Zuzana Hejnová,14263088,CZE,0.162,0.162,54.41,https://worldathletics.org/competitions/world-athletics-championships/iaaf-world-athletics-championships-doha-2019-7125365/results/women/400-metres-hurdles/semi-finals/result,2026-09-30T22:57:24Z
WCH2019-400mH-W-SF-H2,WCH2019,400mH,W,SF,2,2019-10-02,21:15,8.0,Ashley Spencer,14476234,USA,0.171,0.171,54.42,https://worldathletics.org/competitions/world-athletics-championships/iaaf-world-athletics-championships-doha-2019-7125365/results/women/400-metres-hurdles/semi-finals/result,2026-09-30T22:57:24Z
WCH2019-400mH-W-SF-H2,WCH2019,400mH,W,SF,2,2019-10-02,21:15,4.0,Amalie Iuel,14481392,NOR,0.151,0.151,55.03,https://worldathletics.org/competitions/world-athletics-championships/iaaf-world-athletics-championships-doha-2019-7125365/results/women/400-metres-hurdles/semi-finals/result,2026-09-30T22:57:24Z
WCH2019-400mH-W-SF-H2,WCH2019,400mH,W,SF,2,2019-10-02,21:15,6.0,Ayomide Folorunso,14484475,ITA,0.198,0.198,55.36,https://worldathletics.org/competitions/world-athletics-championships/iaaf-world-athletics-championships-doha-2019-7125365/results/women/400-metres-hurdles/semi-finals/result,2026-09-30T22:57:24Z
WCH2019-400mH-W-SF-H2,WCH2019,400mH,W,SF,2,2019-10-02,21:15,9.0,Joanna Linkiewicz,14294034,POL,0.166,0.166,55.38,https://worldathletics.org/competitions/world-athletics-championships/iaaf-world-athletics-championships-doha-2019-7125365/results/women/400-metres-hurdles/semi-finals/result,2026-09-30T22:57:24Z
WCH2019-400mH-W-SF-H2,WCH2019,400mH,W,SF,2,2019-10-02,21:15,2.0,Sarah Carli,14406120,AUS,0.167,0.167,55.43,https://worldathletics.org/competitions/world-athletics-championships/iaaf-world-athletics-championships-doha-2019-7125365/results/women/400-metres-hurdles/semi-finals/result,2026-09-30T22:57:24Z
WCH2019-400mH-W-SF-H2,WCH2019,400mH,W,SF,2,2019-10-02,21:15,3.0,Carolina Krafzik,14507606,GER,0.191,0.191,56.41,https://worldathletics.org/competitions/world-athletics-championships/iaaf-world-athletics-championships-doha-2019-7125365/results/women/400-metres-hurdles/semi-finals/result,2026-09-30T22:57:24Z
WCH2019-400mH-W-SF-H3,WCH2019,400mH,W,SF,3,2019-10-02,21:25,5.0,Sydney McLaughlin,14624749,USA,0.170,0.17,53.81,https://worldathletics.org/competitions/world-athletics-championships/iaaf-world-athletics-championships-doha-2019-7125365/results/women/400-metres-hurdles/semi-finals/result,2026-09-30T22:57:24Z
WCH2019-400mH-W-SF-H3,WCH2019,400mH,W,SF,3,2019-10-02,21:25,6.0,Lea Sprunger,14301240,SUI,0.191,0.191,54.52,https://worldathletics.org/competitions/world-athletics-championships/iaaf-world-athletics-championships-doha-2019-7125365/results/women/400-metres-hurdles/semi-finals/result,2026-09-30T22:57:24Z
WCH2019-400mH-W-SF-H3,WCH2019,400mH,W,SF,3,2019-10-02,21:25,7.0,Shiann Salmon,14574022,JAM,0.186,0.186,55.16,https://worldathletics.org/competitions/world-athletics-championships/iaaf-world-athletics-championships-doha-2019-7125365/results/women/400-metres-hurdles/semi-finals/result,2026-09-30T22:57:24Z
WCH2019-400mH-W-SF-H3,WCH2019,400mH,W,SF,3,2019-10-02,21:25,8.0,Yadisleidis Pedroso,14263443,ITA,0.208,0.208,55.40,https://worldathletics.org/competitions/world-athletics-championships/iaaf-world-athletics-championships-doha-2019-7125365/results/women/400-metres-hurdles/semi-finals/result,2026-09-30T22:57:24Z
WCH2019-400mH-W-SF-H3,WCH2019,400mH,W,SF,3,2019-10-02,21:25,4.0,Aminat Jamal,14701082,BRN,0.210,0.21,55.54,https://worldathletics.org/competitions/world-athletics-championships/iaaf-world-athletics-championships-doha-2019-7125365/results/women/400-metres-hurdles/semi-finals/result,2026-09-30T22:57:24Z
WCH2019-400mH-W-SF-H3,WCH2019,400mH,W,SF,3,2019-10-02,21:25,2.0,Gianna Woodruff,14423522,PAN,0.223,0.223,55.61,https://worldathletics.org/competitions/world-athletics-championships/iaaf-world-athletics-championships-doha-2019-7125365/results/women/400-metres-hurdles/semi-finals/result,2026-09-30T22:57:24Z
WCH2019-400mH-W-SF-H3,WCH2019,400mH,W,SF,3,2019-10-02,21:25,9.0,Jessica Turner,14470197,GBR,0.189,0.189,55.87,https://worldathletics.org/competitions/world-athletics-championships/iaaf-world-athletics-championships-doha-2019-7125365/results/women/400-metres-hurdles/semi-finals/result,2026-09-30T22:57:24Z
WCH2019-400mH-W-SF-H3,WCH2019,400mH,W,SF,3,2019-10-02,21:25,3.0,Lauren Boden,14272431,AUS,0.173,0.173,55.94,https://worldathletics.org/competitions/world-athletics-championships/iaaf-world-athletics-championships-doha-2019-7125365/results/women/400-metres-hurdles/semi-finals/result,2026-09-30T22:57:24Z
WCH2019-400m-W-R1-H1,WCH2019,400m,W,R1,1,2019-09-30,18:20,2.0,Phyllis Francis,14310414,USA,0.203,0.203,50.77,https://worldathletics.org/competitions/world-athletics-championships/iaaf-world-athletics-championships-doha-2019-7125365/results/women/400-metres/round-1/result,2026-09-30T22:57:02Z
WCH2019-400m-W-R1-H1,WCH2019,400m,W,R1,1,2019-09-30,18:20,4.0,Sada Williams,14592846,BAR,0.163,0.163,52.14,https://worldathletics.org/competitions/world-athletics-championships/iaaf-world-athletics-championships-doha-2019-7125365/results/women/400-metres/round-1/result,2026-09-30T22:57:02Z
WCH2019-400m-W-R1-H1,WCH2019,400m,W,R1,1,2019-09-30,18:20,3.0,Lada Vondrová,14684777,CZE,0.208,0.208,52.23,https://worldathletics.org/competitions/world-athletics-championships/iaaf-world-athletics-championships-doha-2019-7125365/results/women/400-metres/round-1/result,2026-09-30T22:57:02Z
WCH2019-400m-W-R1-H1,WCH2019,400m,W,R1,1,2019-09-30,18:20,7.0,Anita Horvat,14472475,SLO,0.230,0.23,52.73,https://worldathletics.org/competitions/world-athletics-championships/iaaf-world-athletics-championships-doha-2019-7125365/results/women/400-metres/round-1/result,2026-09-30T22:57:02Z
WCH2019-400m-W-R1-H1,WCH2019,400m,W,R1,1,2019-09-30,18:20,6.0,Cátia Azevedo,14428268,POR,0.186,0.186,52.79,https://worldathletics.org/competitions/world-athletics-championships/iaaf-world-athletics-championships-doha-2019-7125365/results/women/400-metres/round-1/result,2026-09-30T22:57:02Z
WCH2019-400m-W-R1-H1,WCH2019,400m,W,R1,1,2019-09-30,18:20,8.0,Christine Botlogetswe,14472776,BOT,0.236,0.236,53.27,https://worldathletics.org/competitions/world-athletics-championships/iaaf-world-athletics-championships-doha-2019-7125365/results/women/400-metres/round-1/result,2026-09-30T22:57:02Z
WCH2019-400m-W-R1-H1,WCH2019,400m,W,R1,1,2019-09-30,18:20,5.0,Hellen Syombua,14590675,KEN,0.204,0.204,57.07,https://worldathletics.org/competitions/world-athletics-championships/iaaf-world-athletics-championships-doha-2019-7125365/results/women/400-metres/round-1/result,2026-09-30T22:57:02Z
WCH2019-400m-W-R1-H1,WCH2019,400m,W,R1,1,2019-09-30,18:20,9.0,Ingrid Yahocza Narváez Solis,14416333,NCA,0.207,0.207,DQ,https://worldathletics.org/competitions/world-athletics-championships/iaaf-world-athletics-championships-doha-2019-7125365/results/women/400-metres/round-1/result,2026-09-30T22:57:02Z
WCH2019-400m-W-R1-H2,WCH2019,400m,W,R1,2,2019-09-30,18:28,3.0,Wadeline Jonathas,14756963,HAI,0.170,0.17,50.57,https://worldathletics.org/competitions/world-athletics-championships/iaaf-world-athletics-championships-doha-2019-7125365/results/women/400-metres/round-1/result,2026-09-30T22:57:02Z
WCH2019-400m-W-R1-H2,WCH2019,400m,W,R1,2,2019-09-30,18:28,8.0,Shericka Jackson,14325599,JAM,0.201,0.201,51.13,https://worldathletics.org/competitions/world-athletics-championships/iaaf-world-athletics-championships-doha-2019-7125365/results/women/400-metres/round-1/result,2026-09-30T22:57:02Z
WCH2019-400m-W-R1-H2,WCH2019,400m,W,R1,2,2019-09-30,18:28,6.0,Bendere Oboya,14764890,AUS,0.216,0.216,51.21,https://worldathletics.org/competitions/world-athletics-championships/iaaf-world-athletics-championships-doha-2019-7125365/results/women/400-metres/round-1/result,2026-09-30T22:57:02Z
WCH2019-400m-W-R1-H2,WCH2019,400m,W,R1,2,2019-09-30,18:28,7.0,Lisanne de Witte,14361462,NED,0.188,0.188,51.31,https://worldathletics.org/competitions/world-athletics-championships/iaaf-world-athletics-championships-doha-2019-7125365/results/women/400-metres/round-1/result,2026-09-30T22:57:02Z
WCH2019-400m-W-R1-H2,WCH2019,400m,W,R1,2,2019-09-30,18:28,9.0,Emily Diamond,14274886,GBR,0.150,0.15,51.66,https://worldathletics.org/competitions/world-athletics-championships/iaaf-world-athletics-championships-doha-2019-7125365/results/women/400-metres/round-1/result,2026-09-30T22:57:02Z
WCH2019-400m-W-R1-H2,WCH2019,400m,W,R1,2,2019-09-30,18:28,5.0,Patience Okon George,14480009,NGR,0.205,0.205,51.77,https://worldathletics.org/competitions/world-athletics-championships/iaaf-world-athletics-championships-doha-2019-7125365/results/women/400-metres/round-1/result,2026-09-30T22:57:02Z
WCH2019-400m-W-R1-H2,WCH2019,400m,W,R1,2,2019-09-30,18:28,4.0,Eleni Artymata,14263333,CYP,0.262,0.262,51.90,https://worldathletics.org/competitions/world-athletics-championships/iaaf-world-athletics-championships-doha-2019-7125365/results/women/400-metres/round-1/result,2026-09-30T22:57:02Z
WCH2019-400m-W-R1-H2,WCH2019,400m,W,R1,2,2019-09-30,18:28,2.0,Alyona Mamina,14299515,RUS,0.197,0.197,52.15,https://worldathletics.org/competitions/world-athletics-championships/iaaf-world-athletics-championships-doha-2019-7125365/results/women/400-metres/round-1/result,2026-09-30T22:57:02Z
WCH2019-400m-W-R1-H3,WCH2019,400m,W,R1,3,2019-09-30,18:36,9.0,Shakima Wimbley,14467626,USA,0.235,0.235,51.17,https://worldathletics.org/competitions/world-athletics-championships/iaaf-world-athletics-championships-doha-2019-7125365/results/women/400-metres/round-1/result,2026-09-30T22:57:02Z
WCH2019-400m-W-R1-H3,WCH2019,400m,W,R1,3,2019-09-30,18:36,8.0,Iga Baumgart-Witan,14293415,POL,0.209,0.209,51.34,https://worldathletics.org/competitions/world-athletics-championships/iaaf-world-athletics-championships-doha-2019-7125365/results/women/400-metres/round-1/result,2026-09-30T22:57:02Z
WCH2019-400m-W-R1-H3,WCH2019,400m,W,R1,3,2019-09-30,18:36,2.0,Laviai Nielsen,14599229,GBR,0.172,0.172,51.52,https://worldathletics.org/competitions/world-athletics-championships/iaaf-world-athletics-championships-doha-2019-7125365/results/women/400-metres/round-1/result,2026-09-30T22:57:02Z
WCH2019-400m-W-R1-H3,WCH2019,400m,W,R1,3,2019-09-30,18:36,7.0,Tiffani Silva Marinho,14691803,BRA,0.232,0.232,51.96,https://worldathletics.org/competitions/world-athletics-championships/iaaf-world-athletics-championships-doha-2019-7125365/results/women/400-metres/round-1/result,2026-09-30T22:57:02Z
WCH2019-400m-W-R1-H3,WCH2019,400m,W,R1,3,2019-09-30,18:36,6.0,Aiyanna-Brigitte Stiverne,14464726,CAN,0.133,0.133,52.03,https://worldathletics.org/competitions/world-athletics-championships/iaaf-world-athletics-championships-doha-2019-7125365/results/women/400-metres/round-1/result,2026-09-30T22:57:02Z
WCH2019-400m-W-R1-H3,WCH2019,400m,W,R1,3,2019-09-30,18:36,3.0,Leni Shida,14636764,UGA,0.297,0.297,52.22,https://worldathletics.org/competitions/world-athletics-championships/iaaf-world-athletics-championships-doha-2019-7125365/results/women/400-metres/round-1/result,2026-09-30T22:57:02Z
WCH2019-400m-W-R1-H3,WCH2019,400m,W,R1,3,2019-09-30,18:36,5.0,Maria Benedicta Chigbolu,14371567,ITA,0.237,0.237,52.63,https://worldathletics.org/competitions/world-athletics-championships/iaaf-world-athletics-championships-doha-2019-7125365/results/women/400-metres/round-1/result,2026-09-30T22:57:02Z
WCH2019-400m-W-R1-H3,WCH2019,400m,W,R1,3,2019-09-30,18:36,4.0,Janet Richard,14583630,MLT,0.170,0.17,54.33,https://worldathletics.org/competitions/world-athletics-championships/iaaf-world-athletics-championships-doha-2019-7125365/results/women/400-metres/round-1/result,2026-09-30T22:57:02Z
WCH2019-400m-W-R1-H4,WCH2019,400m,W,R1,4,2019-09-30,18:44,2.0,Galefele Moroko,14579504,BOT,0.248,0.248,50.59,https://worldathletics.org/competitions/world-athletics-championships/iaaf-world-athletics-championships-doha-2019-7125365/results/women/400-metres/round-1/result,2026-09-30T22:57:02Z
WCH2019-400m-W-R1-H4,WCH2019,400m,W,R1,4,2019-09-30,18:44,3.0,Stephenie Ann McPherson,14285809,JAM,0.135,0.135,51.21,https://worldathletics.org/competitions/world-athletics-championships/iaaf-world-athletics-championships-doha-2019-7125365/results/women/400-metres/round-1/result,2026-09-30T22:57:02Z
WCH2019-400m-W-R1-H4,WCH2019,400m,W,R1,4,2019-09-30,18:44,5.0,Favour Ofili,14756075,NGR,0.189,0.189,51.51,https://worldathletics.org/competitions/world-athletics-championships/iaaf-world-athletics-championships-doha-2019-7125365/results/women/400-metres/round-1/result,2026-09-30T22:57:02Z
WCH2019-400m-W-R1-H4,WCH2019,400m,W,R1,4,2019-09-30,18:44,7.0,Aliyah Abrams,14447688,GUY,0.179,0.179,51.73,https://worldathletics.org/competitions/world-athletics-championships/iaaf-world-athletics-championships-doha-2019-7125365/results/women/400-metres/round-1/result,2026-09-30T22:57:02Z
WCH2019-400m-W-R1-H4,WCH2019,400m,W,R1,4,2019-09-30,18:44,8.0,Kendall Ellis,14443893,USA,0.211,0.211,51.82,https://worldathletics.org/competitions/world-athletics-championships/iaaf-world-athletics-championships-doha-2019-7125365/results/women/400-metres/round-1/result,2026-09-30T22:57:02Z
WCH2019-400m-W-R1-H4,WCH2019,400m,W,R1,4,2019-09-30,18:44,9.0,Roxana Gómez,14637147,CUB,0.189,0.189,51.85,https://worldathletics.org/competitions/world-athletics-championships/iaaf-world-athletics-championships-doha-2019-7125365/results/women/400-metres/round-1/result,2026-09-30T22:57:02Z
WCH2019-400m-W-R1-H4,WCH2019,400m,W,R1,4,2019-09-30,18:44,6.0,Maggie Barrie,14539999,SLE,0.146,0.146,52.16,https://worldathletics.org/competitions/world-athletics-championships/iaaf-world-athletics-championships-doha-2019-7125365/results/women/400-metres/round-1/result,2026-09-30T22:57:02Z
WCH2019-400m-W-R1-H4,WCH2019,400m,W,R1,4,2019-09-30,18:44,4.0,Gabriella O'Grady,14457763,AUS,0.156,0.156,54.99,https://worldathletics.org/competitions/world-athletics-championships/iaaf-world-athletics-championships-doha-2019-7125365/results/women/400-metres/round-1/result,2026-09-30T22:57:02Z
WCH2019-400m-W-R1-H5,WCH2019,400m,W,R1,5,2019-09-30,18:52,5.0,Shaunae Miller-Uibo,14368116,BAH,0.171,0.171,51.30,https://worldathletics.org/competitions/world-athletics-championships/iaaf-world-athletics-championships-doha-2019-7125365/results/women/400-metres/round-1/result,2026-09-30T22:57:02Z
WCH2019-400m-W-R1-H5,WCH2019,400m,W,R1,5,2019-09-30,18:52,6.0,Déborah Sananes,14474268,FRA,0.226,0.226,51.76,https://worldathletics.org/competitions/world-athletics-championships/iaaf-world-athletics-championships-doha-2019-7125365/results/women/400-metres/round-1/result,2026-09-30T22:57:02Z
WCH2019-400m-W-R1-H5,WCH2019,400m,W,R1,5,2019-09-30,18:52,8.0,Mary Moraa,14798209,KEN,0.283,0.283,51.85,https://worldathletics.org/competitions/world-athletics-championships/iaaf-world-athletics-championships-doha-2019-7125365/results/women/400-metres/round-1/result,2026-09-30T22:57:02Z
WCH2019-400m-W-R1-H5,WCH2019,400m,W,R1,5,2019-09-30,18:52,2.0,Polina Miller,14677015,ANA,0.198,0.198,51.96,https://worldathletics.org/competitions/world-athletics-championships/iaaf-world-athletics-championships-doha-2019-7125365/results/women/400-metres/round-1/result,2026-09-30T22:57:02Z
WCH2019-400m-W-R1-H5,WCH2019,400m,W,R1,5,2019-09-30,18:52,4.0,Anna Kiełbasińska,14293852,POL,0.172,0.172,52.25,https://worldathletics.org/competitions/world-athletics-championships/iaaf-world-athletics-championships-doha-2019-7125365/results/women/400-metres/round-1/result,2026-09-30T22:57:02Z
WCH2019-400m-W-R1-H5,WCH2019,400m,W,R1,5,2019-09-30,18:52,7.0,Anastasia Le-Roy,14285764,JAM,0.194,0.194,52.26,https://worldathletics.org/competitions/world-athletics-championships/iaaf-world-athletics-championships-doha-2019-7125365/results/women/400-metres/round-1/result,2026-09-30T22:57:02Z
WCH2019-400m-W-R1-H5,WCH2019,400m,W,R1,5,2019-09-30,18:52,9.0,Irini Vasiliou,14707602,GRE,0.214,0.214,52.31,https://worldathletics.org/competitions/world-athletics-championships/iaaf-world-athletics-championships-doha-2019-7125365/results/women/400-metres/round-1/result,2026-09-30T22:57:02Z
WCH2019-400m-W-R1-H5,WCH2019,400m,W,R1,5,2019-09-30,18:52,3.0,Kenza Sosse,14893167,QAT,0.171,0.171,1:06.76,https://worldathletics.org/competitions/world-athletics-championships/iaaf-world-athletics-championships-doha-2019-7125365/results/women/400-metres/round-1/result,2026-09-30T22:57:02Z
WCH2019-400m-W-R1-H6,WCH2019,400m,W,R1,6,2019-09-30,19:00,2.0,Salwa Eid Naser,14643442,BRN,0.192,0.192,50.74,https://worldathletics.org/competitions/world-athletics-championships/iaaf-world-athletics-championships-doha-2019-7125365/results/women/400-metres/round-1/result,2026-09-30T22:57:02Z
WCH2019-400m-W-R1-H6,WCH2019,400m,W,R1,6,2019-09-30,19:00,8.0,Justyna Święty-Ersetic,14361154,POL,0.218,0.218,51.34,https://worldathletics.org/competitions/world-athletics-championships/iaaf-world-athletics-championships-doha-2019-7125365/results/women/400-metres/round-1/result,2026-09-30T22:57:02Z
WCH2019-400m-W-R1-H6,WCH2019,400m,W,R1,6,2019-09-30,19:00,4.0,Paola Morán,14572815,MEX,0.250,0.25,51.58,https://worldathletics.org/competitions/world-athletics-championships/iaaf-world-athletics-championships-doha-2019-7125365/results/women/400-metres/round-1/result,2026-09-30T22:57:02Z
WCH2019-400m-W-R1-H6,WCH2019,400m,W,R1,6,2019-09-30,19:00,5.0,Kseniya Aksyonova,14299650,RUS,0.204,0.204,51.99,https://worldathletics.org/competitions/world-athletics-championships/iaaf-world-athletics-championships-doha-2019-7125365/results/women/400-metres/round-1/result,2026-09-30T22:57:02Z
WCH2019-400m-W-R1-H6,WCH2019,400m,W,R1,6,2019-09-30,19:00,3.0,Madeline Price,14489179,CAN,0.194,0.194,52.24,https://worldathletics.org/competitions/world-athletics-championships/iaaf-world-athletics-championships-doha-2019-7125365/results/women/400-metres/round-1/result,2026-09-30T22:57:02Z
WCH2019-400m-W-R1-H6,WCH2019,400m,W,R1,6,2019-09-30,19:00,7.0,Anjali Devi,14818485,IND,0.239,0.239,52.33,https://worldathletics.org/competitions/world-athletics-championships/iaaf-world-athletics-championships-doha-2019-7125365/results/women/400-metres/round-1/result,2026-09-30T22:57:02Z
WCH2019-400m-W-R1-H6,WCH2019,400m,W,R1,6,2019-09-30,19:00,6.0,Amandine Brossier,14678934,FRA,0.194,0.194,52.81,https://worldathletics.org/competitions/world-athletics-championships/iaaf-world-athletics-championships-doha-2019-7125365/results/women/400-metres/round-1/result,2026-09-30T22:57:02Z
WCH2019-400m-W-R1-H6,WCH2019,400m,W,R1,6,2019-09-30,19:00,9.0,Aishath Himna Hassan,14847142,MDV,0.189,0.189,59.91,https://worldathletics.org/competitions/world-athletics-championships/iaaf-world-athletics-championships-doha-2019-7125365/results/women/400-metres/round-1/result,2026-09-30T22:57:02Z
WCH2019-400m-W-SF-H1,WCH2019,400m,W,SF,1,2019-10-01,20:50,7.0,Salwa Eid Naser,14643442,BRN,0.185,0.185,49.79,https://worldathletics.org/competitions/world-athletics-championships/iaaf-world-athletics-championships-doha-2019-7125365/results/women/400-metres/semi-finals/result,2026-09-30T22:57:05Z
WCH2019-400m-W-SF-H1,WCH2019,400m,W,SF,1,2019-10-01,20:50,5.0,Phyllis Francis,14310414,USA,0.218,0.218,50.22,https://worldathletics.org/competitions/world-athletics-championships/iaaf-world-athletics-championships-doha-2019-7125365/results/women/400-metres/semi-finals/result,2026-09-30T22:57:05Z
WCH2019-400m-W-SF-H1,WCH2019,400m,W,SF,1,2019-10-01,20:50,6.0,Iga Baumgart-Witan,14293415,POL,0.192,0.192,51.02,https://worldathletics.org/competitions/world-athletics-championships/iaaf-world-athletics-championships-doha-2019-7125365/results/women/400-metres/semi-finals/result,2026-09-30T22:57:05Z
WCH2019-400m-W-SF-H1,WCH2019,400m,W,SF,1,2019-10-01,20:50,8.0,Paola Morán,14572815,MEX,0.233,0.233,51.08,https://worldathletics.org/competitions/world-athletics-championships/iaaf-world-athletics-championships-doha-2019-7125365/results/women/400-metres/semi-finals/result,2026-09-30T22:57:05Z
WCH2019-400m-W-SF-H1,WCH2019,400m,W,SF,1,2019-10-01,20:50,3.0,Aliyah Abrams,14447688,GUY,0.156,0.156,51.71,https://worldathletics.org/competitions/world-athletics-championships/iaaf-world-athletics-championships-doha-2019-7125365/results/women/400-metres/semi-finals/result,2026-09-30T22:57:05Z
WCH2019-400m-W-SF-H1,WCH2019,400m,W,SF,1,2019-10-01,20:50,2.0,Patience Okon George,14480009,NGR,0.167,0.167,51.89,https://worldathletics.org/competitions/world-athletics-championships/iaaf-world-athletics-championships-doha-2019-7125365/results/women/400-metres/semi-finals/result,2026-09-30T22:57:05Z
WCH2019-400m-W-SF-H1,WCH2019,400m,W,SF,1,2019-10-01,20:50,4.0,Déborah Sananes,14474268,FRA,0.210,0.21,52.24,https://worldathletics.org/competitions/world-athletics-championships/iaaf-world-athletics-championships-doha-2019-7125365/results/women/400-metres/semi-finals/result,2026-09-30T22:57:05Z
WCH2019-400m-W-SF-H1,WCH2019,400m,W,SF,1,2019-10-01,20:50,9.0,Laviai Nielsen,14599229,GBR,0.166,0.166,52.94,https://worldathletics.org/competitions/world-athletics-championships/iaaf-world-athletics-championships-doha-2019-7125365/results/women/400-metres/semi-finals/result,2026-09-30T22:57:05Z
WCH2019-400m-W-SF-H2,WCH2019,400m,W,SF,2,2019-10-01,21:00,6.0,Shaunae Miller-Uibo,14368116,BAH,0.144,0.144,49.66,https://worldathletics.org/competitions/world-athletics-championships/iaaf-world-athletics-championships-doha-2019-7125365/results/women/400-metres/semi-finals/result,2026-09-30T22:57:05Z
WCH2019-400m-W-SF-H2,WCH2019,400m,W,SF,2,2019-10-01,21:00,4.0,Wadeline Jonathas,14756963,USA,0.202,0.202,50.07,https://worldathletics.org/competitions/world-athletics-championships/iaaf-world-athletics-championships-doha-2019-7125365/results/women/400-metres/semi-finals/result,2026-09-30T22:57:05Z
WCH2019-400m-W-SF-H2,WCH2019,400m,W,SF,2,2019-10-01,21:00,7.0,Shericka Jackson,14325599,JAM,0.181,0.181,50.10,https://worldathletics.org/competitions/world-athletics-championships/iaaf-world-athletics-championships-doha-2019-7125365/results/women/400-metres/semi-finals/result,2026-09-30T22:57:05Z
WCH2019-400m-W-SF-H2,WCH2019,400m,W,SF,2,2019-10-01,21:00,5.0,Sada Williams,14592846,BAR,0.171,0.171,51.31,https://worldathletics.org/competitions/world-athletics-championships/iaaf-world-athletics-championships-doha-2019-7125365/results/women/400-metres/semi-finals/result,2026-09-30T22:57:05Z
WCH2019-400m-W-SF-H2,WCH2019,400m,W,SF,2,2019-10-01,21:00,2.0,Lisanne de Witte,14361462,NED,0.197,0.197,51.41,https://worldathletics.org/competitions/world-athletics-championships/iaaf-world-athletics-championships-doha-2019-7125365/results/women/400-metres/semi-finals/result,2026-09-30T22:57:05Z
WCH2019-400m-W-SF-H2,WCH2019,400m,W,SF,2,2019-10-01,21:00,3.0,Roxana Gómez,14637147,CUB,0.191,0.191,51.56,https://worldathletics.org/competitions/world-athletics-championships/iaaf-world-athletics-championships-doha-2019-7125365/results/women/400-metres/semi-finals/result,2026-09-30T22:57:05Z
WCH2019-400m-W-SF-H2,WCH2019,400m,W,SF,2,2019-10-01,21:00,9.0,Bendere Oboya,14764890,AUS,0.215,0.215,51.58,https://worldathletics.org/competitions/world-athletics-championships/iaaf-world-athletics-championships-doha-2019-7125365/results/women/400-metres/semi-finals/result,2026-09-30T22:57:05Z
WCH2019-400m-W-SF-H2,WCH2019,400m,W,SF,2,2019-10-01,21:00,8.0,Lada Vondrová,14684777,CZE,0.219,0.219,52.25,https://worldathletics.org/competitions/world-athletics-championships/iaaf-world-athletics-championships-doha-2019-7125365/results/women/400-metres/semi-finals/result,2026-09-30T22:57:05Z
WCH2019-400m-W-SF-H3,WCH2019,400m,W,SF,3,2019-10-01,21:10,6.0,Stephenie Ann McPherson,14285809,JAM,0.134,0.134,50.70,https://worldathletics.org/competitions/world-athletics-championships/iaaf-world-athletics-championships-doha-2019-7125365/results/women/400-metres/semi-finals/result,2026-09-30T22:57:05Z
WCH2019-400m-W-SF-H3,WCH2019,400m,W,SF,3,2019-10-01,21:10,5.0,Justyna Święty-Ersetic,14361154,POL,0.213,0.213,50.96,https://worldathletics.org/competitions/world-athletics-championships/iaaf-world-athletics-championships-doha-2019-7125365/results/women/400-metres/semi-finals/result,2026-09-30T22:57:05Z
WCH2019-400m-W-SF-H3,WCH2019,400m,W,SF,3,2019-10-01,21:10,3.0,Kendall Ellis,14443893,USA,0.202,0.202,51.58,https://worldathletics.org/competitions/world-athletics-championships/iaaf-world-athletics-championships-doha-2019-7125365/results/women/400-metres/semi-finals/result,2026-09-30T22:57:05Z
WCH2019-400m-W-SF-H3,WCH2019,400m,W,SF,3,2019-10-01,21:10,2.0,Emily Diamond,14274886,GBR,0.129,0.129,51.62,https://worldathletics.org/competitions/world-athletics-championships/iaaf-world-athletics-championships-doha-2019-7125365/results/women/400-metres/semi-finals/result,2026-09-30T22:57:05Z
WCH2019-400m-W-SF-H3,WCH2019,400m,W,SF,3,2019-10-01,21:10,9.0,Mary Moraa,14798209,KEN,0.276,0.276,52.11,https://worldathletics.org/competitions/world-athletics-championships/iaaf-world-athletics-championships-doha-2019-7125365/results/women/400-metres/semi-finals/result,2026-09-30T22:57:05Z
WCH2019-400m-W-SF-H3,WCH2019,400m,W,SF,3,2019-10-01,21:10,8.0,Favour Ofili,14756075,NGR,0.185,0.185,52.58,https://worldathletics.org/competitions/world-athletics-championships/iaaf-world-athletics-championships-doha-2019-7125365/results/women/400-metres/semi-finals/result,2026-09-30T22:57:05Z
WCH2019-400m-W-SF-H3,WCH2019,400m,W,SF,3,2019-10-01,21:10,7.0,Shakima Wimbley,14467626,USA,0.201,0.201,1:13.55,https://worldathletics.org/competitions/world-athletics-championships/iaaf-world-athletics-championships-doha-2019-7125365/results/women/400-metres/semi-finals/result,2026-09-30T22:57:05Z
WCH2019-400m-W-SF-H3,WCH2019,400m,W,SF,3,2019-10-01,21:10,4.0,Galefele Moroko,14579504,BOT,0.214,0.214,DNF,https://worldathletics.org/competitions/world-athletics-championships/iaaf-world-athletics-championships-doha-2019-7125365/results/women/400-metres/semi-finals/result,2026-09-30T22:57:05Z
WCH2019-4x100m-W-F-H1,WCH2019,4x100m,W,F,1,2019-10-05,22:05,4.0,Jamaica,23,JAM,0.147,0.147,41.44,https://worldathletics.org/competitions/world-athletics-championships/iaaf-world-athletics-championships-doha-2019-7125365/results/women/4x100-metres-relay/final/result,2026-09-30T22:57:34Z
WCH2019-4x100m-W-F-H1,WCH2019,4x100m,W,F,1,2019-10-05,22:05,6.0,Great Britain & NI,5,GBR,0.127,0.127,41.85,https://worldathletics.org/competitions/world-athletics-championships/iaaf-world-athletics-championships-doha-2019-7125365/results/women/4x100-metres-relay/final/result,2026-09-30T22:57:34Z
WCH2019-4x100m-W-F-H1,WCH2019,4x100m,W,F,1,2019-10-05,22:05,7.0,United States,6,USA,0.161,0.161,42.10,https://worldathletics.org/competitions/world-athletics-championships/iaaf-world-athletics-championships-doha-2019-7125365/results/women/4x100-metres-relay/final/result,2026-09-30T22:57:34Z
WCH2019-4x100m-W-F-H1,WCH2019,4x100m,W,F,1,2019-10-05,22:05,9.0,Switzerland,58,SUI,0.141,0.141,42.18,https://worldathletics.org/competitions/world-athletics-championships/iaaf-world-athletics-championships-doha-2019-7125365/results/women/4x100-metres-relay/final/result,2026-09-30T22:57:34Z
WCH2019-4x100m-W-F-H1,WCH2019,4x100m,W,F,1,2019-10-05,22:05,2.0,Germany,61,GER,0.171,0.171,42.48,https://worldathletics.org/competitions/world-athletics-championships/iaaf-world-athletics-championships-doha-2019-7125365/results/women/4x100-metres-relay/final/result,2026-09-30T22:57:34Z
WCH2019-4x100m-W-F-H1,WCH2019,4x100m,W,F,1,2019-10-05,22:05,5.0,Trinidad and Tobago,59,TTO,0.173,0.173,42.71,https://worldathletics.org/competitions/world-athletics-championships/iaaf-world-athletics-championships-doha-2019-7125365/results/women/4x100-metres-relay/final/result,2026-09-30T22:57:34Z
WCH2019-4x100m-W-F-H1,WCH2019,4x100m,W,F,1,2019-10-05,22:05,3.0,Italy,40,ITA,0.154,0.154,42.98,https://worldathletics.org/competitions/world-athletics-championships/iaaf-world-athletics-championships-doha-2019-7125365/results/women/4x100-metres-relay/final/result,2026-09-30T22:57:34Z
WCH2019-4x100m-W-F-H1,WCH2019,4x100m,W,F,1,2019-10-05,22:05,8.0,PR of China,62,CHN,0.169,0.169,DQ,https://worldathletics.org/competitions/world-athletics-championships/iaaf-world-athletics-championships-doha-2019-7125365/results/women/4x100-metres-relay/final/result,2026-09-30T22:57:34Z
WCH2019-4x100m-W-R1-H1,WCH2019,4x100m,W,R1,1,2019-10-04,20:40,3.0,United States,6,USA,,,42.46,https://worldathletics.org/competitions/world-athletics-championships/iaaf-world-athletics-championships-doha-2019-7125365/results/women/4x100-metres-relay/round-1/result,2026-09-30T22:57:37Z
WCH2019-4x100m-W-R1-H1,WCH2019,4x100m,W,R1,1,2019-10-04,20:40,4.0,Trinidad and Tobago,59,TTO,,,42.75,https://worldathletics.org/competitions/world-athletics-championships/iaaf-world-athletics-championships-doha-2019-7125365/results/women/4x100-metres-relay/round-1/result,2026-09-30T22:57:37Z
WCH2019-4x100m-W-R1-H1,WCH2019,4x100m,W,R1,1,2019-10-04,20:40,7.0,Switzerland,58,SUI,,,42.82,https://worldathletics.org/competitions/world-athletics-championships/iaaf-world-athletics-championships-doha-2019-7125365/results/women/4x100-metres-relay/round-1/result,2026-09-30T22:57:37Z
WCH2019-4x100m-W-R1-H1,WCH2019,4x100m,W,R1,1,2019-10-04,20:40,2.0,Netherlands,55,NED,,,43.01,https://worldathletics.org/competitions/world-athletics-championships/iaaf-world-athletics-championships-doha-2019-7125365/results/women/4x100-metres-relay/round-1/result,2026-09-30T22:57:37Z
WCH2019-4x100m-W-R1-H1,WCH2019,4x100m,W,R1,1,2019-10-04,20:40,5.0,Kazakhstan,69,KAZ,,,43.79,https://worldathletics.org/competitions/world-athletics-championships/iaaf-world-athletics-championships-doha-2019-7125365/results/women/4x100-metres-relay/round-1/result,2026-09-30T22:57:37Z
WCH2019-4x100m-W-R1-H1,WCH2019,4x100m,W,R1,1,2019-10-04,20:40,9.0,Denmark,578,DEN,,,43.92,https://worldathletics.org/competitions/world-athletics-championships/iaaf-world-athletics-championships-doha-2019-7125365/results/women/4x100-metres-relay/round-1/result,2026-09-30T22:57:37Z
WCH2019-4x100m-W-R1-H1,WCH2019,4x100m,W,R1,1,2019-10-04,20:40,8.0,France,52,FRA,,,DQ,https://worldathletics.org/competitions/world-athletics-championships/iaaf-world-athletics-championships-doha-2019-7125365/results/women/4x100-metres-relay/round-1/result,2026-09-30T22:57:37Z
WCH2019-4x100m-W-R1-H1,WCH2019,4x100m,W,R1,1,2019-10-04,20:40,6.0,Australia,22,AUS,,,DNF,https://worldathletics.org/competitions/world-athletics-championships/iaaf-world-athletics-championships-doha-2019-7125365/results/women/4x100-metres-relay/round-1/result,2026-09-30T22:57:37Z
WCH2019-4x100m-W-R1-H2,WCH2019,4x100m,W,R1,2,2019-10-04,20:49,8.0,Jamaica,23,JAM,0.172,0.172,42.11,https://worldathletics.org/competitions/world-athletics-championships/iaaf-world-athletics-championships-doha-2019-7125365/results/women/4x100-metres-relay/round-1/result,2026-09-30T22:57:37Z
WCH2019-4x100m-W-R1-H2,WCH2019,4x100m,W,R1,2,2019-10-04,20:49,4.0,Great Britain & NI,5,GBR,0.130,0.13,42.25,https://worldathletics.org/competitions/world-athletics-championships/iaaf-world-athletics-championships-doha-2019-7125365/results/women/4x100-metres-relay/round-1/result,2026-09-30T22:57:37Z
WCH2019-4x100m-W-R1-H2,WCH2019,4x100m,W,R1,2,2019-10-04,20:49,6.0,PR of China,62,CHN,0.155,0.155,42.36,https://worldathletics.org/competitions/world-athletics-championships/iaaf-world-athletics-championships-doha-2019-7125365/results/women/4x100-metres-relay/round-1/result,2026-09-30T22:57:37Z
WCH2019-4x100m-W-R1-H2,WCH2019,4x100m,W,R1,2,2019-10-04,20:49,2.0,Germany,61,GER,0.158,0.158,42.82,https://worldathletics.org/competitions/world-athletics-championships/iaaf-world-athletics-championships-doha-2019-7125365/results/women/4x100-metres-relay/round-1/result,2026-09-30T22:57:37Z
WCH2019-4x100m-W-R1-H2,WCH2019,4x100m,W,R1,2,2019-10-04,20:49,7.0,Italy,40,ITA,0.154,0.154,42.90,https://worldathletics.org/competitions/world-athletics-championships/iaaf-world-athletics-championships-doha-2019-7125365/results/women/4x100-metres-relay/round-1/result,2026-09-30T22:57:37Z
WCH2019-4x100m-W-R1-H2,WCH2019,4x100m,W,R1,2,2019-10-04,20:49,3.0,Nigeria,14,NGR,0.171,0.171,43.05,https://worldathletics.org/competitions/world-athletics-championships/iaaf-world-athletics-championships-doha-2019-7125365/results/women/4x100-metres-relay/round-1/result,2026-09-30T22:57:37Z
WCH2019-4x100m-W-R1-H2,WCH2019,4x100m,W,R1,2,2019-10-04,20:49,5.0,Ghana,53,GHA,0.143,0.143,43.62,https://worldathletics.org/competitions/world-athletics-championships/iaaf-world-athletics-championships-doha-2019-7125365/results/women/4x100-metres-relay/round-1/result,2026-09-30T22:57:37Z
WCH2019-4x100m-W-R1-H2,WCH2019,4x100m,W,R1,2,2019-10-04,20:49,9.0,Brazil,21,BRA,0.139,0.139,DQ,https://worldathletics.org/competitions/world-athletics-championships/iaaf-world-athletics-championships-doha-2019-7125365/results/women/4x100-metres-relay/round-1/result,2026-09-30T22:57:37Z
WCH2019-4x400m-W-F-H1,WCH2019,4x400m,W,F,1,2019-10-06,21:15,7.0,United States,6,USA,0.253,0.253,3:18.92,https://worldathletics.org/competitions/world-athletics-championships/iaaf-world-athletics-championships-doha-2019-7125365/results/women/4x400-metres-relay/final/result,2026-09-30T22:57:47Z
WCH2019-4x400m-W-F-H1,WCH2019,4x400m,W,F,1,2019-10-06,21:15,6.0,Poland,8,POL,0.167,0.167,3:21.89,https://worldathletics.org/competitions/world-athletics-championships/iaaf-world-athletics-championships-doha-2019-7125365/results/women/4x400-metres-relay/final/result,2026-09-30T22:57:47Z
WCH2019-4x400m-W-F-H1,WCH2019,4x400m,W,F,1,2019-10-06,21:15,4.0,Jamaica,23,JAM,0.183,0.183,3:22.37,https://worldathletics.org/competitions/world-athletics-championships/iaaf-world-athletics-championships-doha-2019-7125365/results/women/4x400-metres-relay/final/result,2026-09-30T22:57:47Z
WCH2019-4x400m-W-F-H1,WCH2019,4x400m,W,F,1,2019-10-06,21:15,5.0,Great Britain & NI,5,GBR,0.165,0.165,3:23.02,https://worldathletics.org/competitions/world-athletics-championships/iaaf-world-athletics-championships-doha-2019-7125365/results/women/4x400-metres-relay/final/result,2026-09-30T22:57:47Z
WCH2019-4x400m-W-F-H1,WCH2019,4x400m,W,F,1,2019-10-06,21:15,2.0,Belgium,47,BEL,0.172,0.172,3:27.15,https://worldathletics.org/competitions/world-athletics-championships/iaaf-world-athletics-championships-doha-2019-7125365/results/women/4x400-metres-relay/final/result,2026-09-30T22:57:47Z
WCH2019-4x400m-W-F-H1,WCH2019,4x400m,W,F,1,2019-10-06,21:15,8.0,Ukraine,60,UKR,0.212,0.212,3:27.48,https://worldathletics.org/competitions/world-athletics-championships/iaaf-world-athletics-championships-doha-2019-7125365/results/women/4x400-metres-relay/final/result,2026-09-30T22:57:47Z
WCH2019-4x400m-W-F-H1,WCH2019,4x400m,W,F,1,2019-10-06,21:15,3.0,Netherlands,55,NED,0.152,0.152,3:27.89,https://worldathletics.org/competitions/world-athletics-championships/iaaf-world-athletics-championships-doha-2019-7125365/results/women/4x400-metres-relay/final/result,2026-09-30T22:57:47Z
WCH2019-4x400m-W-F-H1,WCH2019,4x400m,W,F,1,2019-10-06,21:15,9.0,Canada,48,CAN,0.210,0.21,DQ,https://worldathletics.org/competitions/world-athletics-championships/iaaf-world-athletics-championships-doha-2019-7125365/results/women/4x400-metres-relay/final/result,2026-09-30T22:57:47Z
WCH2019-4x400m-W-R1-H1,WCH2019,4x400m,W,R1,1,2019-10-05,19:55,7.0,Jamaica,23,JAM,0.208,0.208,3:23.64,https://worldathletics.org/competitions/world-athletics-championships/iaaf-world-athletics-championships-doha-2019-7125365/results/women/4x400-metres-relay/round-1/result,2026-09-30T22:57:50Z
WCH2019-4x400m-W-R1-H1,WCH2019,4x400m,W,R1,1,2019-10-05,19:55,4.0,Poland,8,POL,0.171,0.171,3:25.78,https://worldathletics.org/competitions/world-athletics-championships/iaaf-world-athletics-championships-doha-2019-7125365/results/women/4x400-metres-relay/round-1/result,2026-09-30T22:57:50Z
WCH2019-4x400m-W-R1-H1,WCH2019,4x400m,W,R1,1,2019-10-05,19:55,8.0,Canada,48,CAN,0.191,0.191,3:25.86,https://worldathletics.org/competitions/world-athletics-championships/iaaf-world-athletics-championships-doha-2019-7125365/results/women/4x400-metres-relay/round-1/result,2026-09-30T22:57:50Z
WCH2019-4x400m-W-R1-H1,WCH2019,4x400m,W,R1,1,2019-10-05,19:55,3.0,Netherlands,55,NED,0.183,0.183,3:27.40,https://worldathletics.org/competitions/world-athletics-championships/iaaf-world-athletics-championships-doha-2019-7125365/results/women/4x400-metres-relay/round-1/result,2026-09-30T22:57:50Z
WCH2019-4x400m-W-R1-H1,WCH2019,4x400m,W,R1,1,2019-10-05,19:55,5.0,Australia,22,AUS,0.234,0.234,3:28.64,https://worldathletics.org/competitions/world-athletics-championships/iaaf-world-athletics-championships-doha-2019-7125365/results/women/4x400-metres-relay/round-1/result,2026-09-30T22:57:50Z
WCH2019-4x400m-W-R1-H1,WCH2019,4x400m,W,R1,1,2019-10-05,19:55,6.0,India,37,IND,0.198,0.198,3:29.42,https://worldathletics.org/competitions/world-athletics-championships/iaaf-world-athletics-championships-doha-2019-7125365/results/women/4x400-metres-relay/round-1/result,2026-09-30T22:57:50Z
WCH2019-4x400m-W-R1-H1,WCH2019,4x400m,W,R1,1,2019-10-05,19:55,9.0,France,52,FRA,0.199,0.199,3:29.66,https://worldathletics.org/competitions/world-athletics-championships/iaaf-world-athletics-championships-doha-2019-7125365/results/women/4x400-metres-relay/round-1/result,2026-09-30T22:57:50Z
WCH2019-4x400m-W-R1-H1,WCH2019,4x400m,W,R1,1,2019-10-05,19:55,2.0,Nigeria,14,NGR,0.193,0.193,3:35.90,https://worldathletics.org/competitions/world-athletics-championships/iaaf-world-athletics-championships-doha-2019-7125365/results/women/4x400-metres-relay/round-1/result,2026-09-30T22:57:50Z
WCH2019-4x400m-W-R1-H2,WCH2019,4x400m,W,R1,2,2019-10-05,20:07,6.0,United States,6,USA,0.250,0.25,3:22.96,https://worldathletics.org/competitions/world-athletics-championships/iaaf-world-athletics-championships-doha-2019-7125365/results/women/4x400-metres-relay/round-1/result,2026-09-30T22:57:50Z
WCH2019-4x400m-W-R1-H2,WCH2019,4x400m,W,R1,2,2019-10-05,20:07,3.0,Great Britain & NI,5,GBR,0.172,0.172,3:24.99,https://worldathletics.org/competitions/world-athletics-championships/iaaf-world-athletics-championships-doha-2019-7125365/results/women/4x400-metres-relay/round-1/result,2026-09-30T22:57:50Z
WCH2019-4x400m-W-R1-H2,WCH2019,4x400m,W,R1,2,2019-10-05,20:07,2.0,Ukraine,60,UKR,0.170,0.17,3:26.57,https://worldathletics.org/competitions/world-athletics-championships/iaaf-world-athletics-championships-doha-2019-7125365/results/women/4x400-metres-relay/round-1/result,2026-09-30T22:57:50Z
WCH2019-4x400m-W-R1-H2,WCH2019,4x400m,W,R1,2,2019-10-05,20:07,4.0,Belgium,47,BEL,0.166,0.166,3:26.58,https://worldathletics.org/competitions/world-athletics-championships/iaaf-world-athletics-championships-doha-2019-7125365/results/women/4x400-metres-relay/round-1/result,2026-09-30T22:57:50Z
WCH2019-4x400m-W-R1-H2,WCH2019,4x400m,W,R1,2,2019-10-05,20:07,9.0,Italy,40,ITA,0.218,0.218,3:27.57,https://worldathletics.org/competitions/world-athletics-championships/iaaf-world-athletics-championships-doha-2019-7125365/results/women/4x400-metres-relay/round-1/result,2026-09-30T22:57:50Z
WCH2019-4x400m-W-R1-H2,WCH2019,4x400m,W,R1,2,2019-10-05,20:07,5.0,Cuba,50,CUB,0.202,0.202,3:29.84,https://worldathletics.org/competitions/world-athletics-championships/iaaf-world-athletics-championships-doha-2019-7125365/results/women/4x400-metres-relay/round-1/result,2026-09-30T22:57:50Z
WCH2019-4x400m-W-R1-H2,WCH2019,4x400m,W,R1,2,2019-10-05,20:07,8.0,Switzerland,58,SUI,0.216,0.216,3:30.63,https://worldathletics.org/competitions/world-athletics-championships/iaaf-world-athletics-championships-doha-2019-7125365/results/women/4x400-metres-relay/round-1/result,2026-09-30T22:57:50Z
WCH2019-4x400m-W-R1-H2,WCH2019,4x400m,W,R1,2,2019-10-05,20:07,7.0,Botswana,110,BOT,,,DNS,https://worldathletics.org/competitions/world-athletics-championships/iaaf-world-athletics-championships-doha-2019-7125365/results/women/4x400-metres-relay/round-1/result,2026-09-30T22:57:50Z
WCH2022-400m-M-F-H1,WCH2022,400m,M,F,1,2022-07-22,19:35,4.0,Michael NORMAN,14588244,USA,0.140,0.14,44.29,https://worldathletics.org/competitions/world-athletics-championships/world-athletics-championships-oregon-2022-7137279/results/men/400-metres/final/result,2026-09-30T22:55:41Z
WCH2022-400m-M-F-H1,WCH2022,400m,M,F,1,2022-07-22,19:35,3.0,Kirani JAMES,14195659,GRN,0.140,0.14,44.48,https://worldathletics.org/competitions/world-athletics-championships/world-athletics-championships-oregon-2022-7137279/results/men/400-metres/final/result,2026-09-30T22:55:41Z
WCH2022-400m-M-F-H1,WCH2022,400m,M,F,1,2022-07-22,19:35,5.0,Matthew HUDSON-SMITH,14407278,GBR,0.169,0.169,44.66,https://worldathletics.org/competitions/world-athletics-championships/world-athletics-championships-oregon-2022-7137279/results/men/400-metres/final/result,2026-09-30T22:55:41Z
WCH2022-400m-M-F-H1,WCH2022,400m,M,F,1,2022-07-22,19:35,6.0,Champion ALLISON,14597537,USA,0.148,0.148,44.77,https://worldathletics.org/competitions/world-athletics-championships/world-athletics-championships-oregon-2022-7137279/results/men/400-metres/final/result,2026-09-30T22:55:41Z
WCH2022-400m-M-F-H1,WCH2022,400m,M,F,1,2022-07-22,19:35,7.0,Wayde VAN NIEKERK,14417677,RSA,0.248,0.248,44.97,https://worldathletics.org/competitions/world-athletics-championships/world-athletics-championships-oregon-2022-7137279/results/men/400-metres/final/result,2026-09-30T22:55:41Z
WCH2022-400m-M-F-H1,WCH2022,400m,M,F,1,2022-07-22,19:35,8.0,Bayapo NDORI,14847443,BOT,0.137,0.137,45.29,https://worldathletics.org/competitions/world-athletics-championships/world-athletics-championships-oregon-2022-7137279/results/men/400-metres/final/result,2026-09-30T22:55:41Z
WCH2022-400m-M-F-H1,WCH2022,400m,M,F,1,2022-07-22,19:35,1.0,Christopher TAYLOR,14635736,JAM,0.169,0.169,45.30,https://worldathletics.org/competitions/world-athletics-championships/world-athletics-championships-oregon-2022-7137279/results/men/400-metres/final/result,2026-09-30T22:55:41Z
WCH2022-400m-M-F-H1,WCH2022,400m,M,F,1,2022-07-22,19:35,2.0,Jonathan JONES,14689553,BAR,0.155,0.155,46.13,https://worldathletics.org/competitions/world-athletics-championships/world-athletics-championships-oregon-2022-7137279/results/men/400-metres/final/result,2026-09-30T22:55:41Z
WCH2022-400mH-M-F-H1,WCH2022,400mH,M,F,1,2022-07-19,19:50,6.0,Alison DOS SANTOS,14755064,BRA,0.141,0.141,46.29,https://worldathletics.org/competitions/world-athletics-championships/world-athletics-championships-oregon-2022-7137279/results/men/400-metres-hurdles/final/result,2026-09-30T22:56:00Z
WCH2022-400mH-M-F-H1,WCH2022,400mH,M,F,1,2022-07-19,19:50,3.0,Rai BENJAMIN,14574865,USA,0.157,0.157,46.89,https://worldathletics.org/competitions/world-athletics-championships/world-athletics-championships-oregon-2022-7137279/results/men/400-metres-hurdles/final/result,2026-09-30T22:56:00Z
WCH2022-400mH-M-F-H1,WCH2022,400mH,M,F,1,2022-07-19,19:50,8.0,Trevor BASSITT,14719193,USA,0.147,0.147,47.39,https://worldathletics.org/competitions/world-athletics-championships/world-athletics-championships-oregon-2022-7137279/results/men/400-metres-hurdles/final/result,2026-09-30T22:56:00Z
WCH2022-400mH-M-F-H1,WCH2022,400mH,M,F,1,2022-07-19,19:50,5.0,Wilfried HAPPIO,14650750,FRA,0.134,0.134,47.41,https://worldathletics.org/competitions/world-athletics-championships/world-athletics-championships-oregon-2022-7137279/results/men/400-metres-hurdles/final/result,2026-09-30T22:56:00Z
WCH2022-400mH-M-F-H1,WCH2022,400mH,M,F,1,2022-07-19,19:50,1.0,Khallifah ROSSER,14520653,USA,0.176,0.176,47.88,https://worldathletics.org/competitions/world-athletics-championships/world-athletics-championships-oregon-2022-7137279/results/men/400-metres-hurdles/final/result,2026-09-30T22:56:00Z
WCH2022-400mH-M-F-H1,WCH2022,400mH,M,F,1,2022-07-19,19:50,7.0,Jaheel HYDE,14520436,JAM,0.149,0.149,48.03,https://worldathletics.org/competitions/world-athletics-championships/world-athletics-championships-oregon-2022-7137279/results/men/400-metres-hurdles/final/result,2026-09-30T22:56:00Z
WCH2022-400mH-M-F-H1,WCH2022,400mH,M,F,1,2022-07-19,19:50,4.0,Karsten WARHOLM,14479487,NOR,0.140,0.14,48.42,https://worldathletics.org/competitions/world-athletics-championships/world-athletics-championships-oregon-2022-7137279/results/men/400-metres-hurdles/final/result,2026-09-30T22:56:00Z
WCH2022-400mH-M-F-H1,WCH2022,400mH,M,F,1,2022-07-19,19:50,2.0,Rasmus MÄGI,14373195,EST,0.140,0.14,48.92,https://worldathletics.org/competitions/world-athletics-championships/world-athletics-championships-oregon-2022-7137279/results/men/400-metres-hurdles/final/result,2026-09-30T22:56:00Z
WCH2022-400mH-M-R1-H1,WCH2022,400mH,M,R1,1,2022-07-16,13:20,4.0,Rai BENJAMIN,14574865,USA,0.156,0.156,49.06,https://worldathletics.org/competitions/world-athletics-championships/world-athletics-championships-oregon-2022-7137279/results/men/400-metres-hurdles/round-1/result,2026-09-30T22:56:04Z
WCH2022-400mH-M-R1-H1,WCH2022,400mH,M,R1,1,2022-07-16,13:20,6.0,Abdelmalik LAHOULOU,14375720,ALG,0.171,0.171,49.58,https://worldathletics.org/competitions/world-athletics-championships/world-athletics-championships-oregon-2022-7137279/results/men/400-metres-hurdles/round-1/result,2026-09-30T22:56:04Z
WCH2022-400mH-M-R1-H1,WCH2022,400mH,M,R1,1,2022-07-16,13:20,1.0,Ezekiel NATHANIEL,14960533,NGR,0.135,0.135,49.64,https://worldathletics.org/competitions/world-athletics-championships/world-athletics-championships-oregon-2022-7137279/results/men/400-metres-hurdles/round-1/result,2026-09-30T22:56:04Z
WCH2022-400mH-M-R1-H1,WCH2022,400mH,M,R1,1,2022-07-16,13:20,3.0,Kazuki KUROKAWA,14854957,JPN,0.142,0.142,50.02,https://worldathletics.org/competitions/world-athletics-championships/world-athletics-championships-oregon-2022-7137279/results/men/400-metres-hurdles/round-1/result,2026-09-30T22:56:04Z
WCH2022-400mH-M-R1-H1,WCH2022,400mH,M,R1,1,2022-07-16,13:20,8.0,Chieh CHEN,14228710,TPE,0.158,0.158,50.28,https://worldathletics.org/competitions/world-athletics-championships/world-athletics-championships-oregon-2022-7137279/results/men/400-metres-hurdles/round-1/result,2026-09-30T22:56:04Z
WCH2022-400mH-M-R1-H1,WCH2022,400mH,M,R1,1,2022-07-16,13:20,5.0,Chris MCALISTER,14634257,GBR,0.158,0.158,51.55,https://worldathletics.org/competitions/world-athletics-championships/world-athletics-championships-oregon-2022-7137279/results/men/400-metres-hurdles/round-1/result,2026-09-30T22:56:04Z
WCH2022-400mH-M-R1-H1,WCH2022,400mH,M,R1,1,2022-07-16,13:20,2.0,Jordin ANDRADE,14462333,CPV,0.160,0.16,DNF,https://worldathletics.org/competitions/world-athletics-championships/world-athletics-championships-oregon-2022-7137279/results/men/400-metres-hurdles/round-1/result,2026-09-30T22:56:04Z
WCH2022-400mH-M-R1-H1,WCH2022,400mH,M,R1,1,2022-07-16,13:20,7.0,Dany BRAND,14513352,SUI,,,DNS,https://worldathletics.org/competitions/world-athletics-championships/world-athletics-championships-oregon-2022-7137279/results/men/400-metres-hurdles/round-1/result,2026-09-30T22:56:04Z
WCH2022-400mH-M-R1-H2,WCH2022,400mH,M,R1,2,2022-07-16,13:28,5.0,Alison DOS SANTOS,14755064,BRA,0.157,0.157,49.41,https://worldathletics.org/competitions/world-athletics-championships/world-athletics-championships-oregon-2022-7137279/results/men/400-metres-hurdles/round-1/result,2026-09-30T22:56:04Z
WCH2022-400mH-M-R1-H2,WCH2022,400mH,M,R1,2,2022-07-16,13:28,7.0,Kemar MOWATT,14581545,JAM,0.146,0.146,49.44,https://worldathletics.org/competitions/world-athletics-championships/world-athletics-championships-oregon-2022-7137279/results/men/400-metres-hurdles/round-1/result,2026-09-30T22:56:04Z
WCH2022-400mH-M-R1-H2,WCH2022,400mH,M,R1,2,2022-07-16,13:28,6.0,Wilfried HAPPIO,14650750,FRA,0.308,0.308,49.60,https://worldathletics.org/competitions/world-athletics-championships/world-athletics-championships-oregon-2022-7137279/results/men/400-metres-hurdles/round-1/result,2026-09-30T22:56:04Z
WCH2022-400mH-M-R1-H2,WCH2022,400mH,M,R1,2,2022-07-16,13:28,8.0,Nick SMIDT,14564609,NED,0.180,0.18,49.80,https://worldathletics.org/competitions/world-athletics-championships/world-athletics-championships-oregon-2022-7137279/results/men/400-metres-hurdles/round-1/result,2026-09-30T22:56:04Z
WCH2022-400mH-M-R1-H2,WCH2022,400mH,M,R1,2,2022-07-16,13:28,4.0,Sokwakhana ZAZINI,14741332,RSA,0.148,0.148,50.09,https://worldathletics.org/competitions/world-athletics-championships/world-athletics-championships-oregon-2022-7137279/results/men/400-metres-hurdles/round-1/result,2026-09-30T22:56:04Z
WCH2022-400mH-M-R1-H2,WCH2022,400mH,M,R1,2,2022-07-16,13:28,2.0,Takayuki KISHIMOTO,14334340,JPN,0.117,0.117,50.66,https://worldathletics.org/competitions/world-athletics-championships/world-athletics-championships-oregon-2022-7137279/results/men/400-metres-hurdles/round-1/result,2026-09-30T22:56:04Z
WCH2022-400mH-M-R1-H2,WCH2022,400mH,M,R1,2,2022-07-16,13:28,3.0,Jabir MADARI PALLIYALIL,14675317,IND,0.188,0.188,50.76,https://worldathletics.org/competitions/world-athletics-championships/world-athletics-championships-oregon-2022-7137279/results/men/400-metres-hurdles/round-1/result,2026-09-30T22:56:04Z
WCH2022-400mH-M-R1-H3,WCH2022,400mH,M,R1,3,2022-07-16,13:36,3.0,Karsten WARHOLM,14479487,NOR,0.164,0.164,49.34,https://worldathletics.org/competitions/world-athletics-championships/world-athletics-championships-oregon-2022-7137279/results/men/400-metres-hurdles/round-1/result,2026-09-30T22:56:04Z
WCH2022-400mH-M-R1-H3,WCH2022,400mH,M,R1,3,2022-07-16,13:36,5.0,Julien WATRIN,14329160,BEL,0.199,0.199,49.83,https://worldathletics.org/competitions/world-athletics-championships/world-athletics-championships-oregon-2022-7137279/results/men/400-metres-hurdles/round-1/result,2026-09-30T22:56:04Z
WCH2022-400mH-M-R1-H3,WCH2022,400mH,M,R1,3,2022-07-16,13:36,6.0,Jaheel HYDE,14520436,JAM,0.187,0.187,50.03,https://worldathletics.org/competitions/world-athletics-championships/world-athletics-championships-oregon-2022-7137279/results/men/400-metres-hurdles/round-1/result,2026-09-30T22:56:04Z
WCH2022-400mH-M-R1-H3,WCH2022,400mH,M,R1,3,2022-07-16,13:36,8.0,Moitalel Mpoke NAADOKILA,14802650,KEN,0.177,0.177,50.19,https://worldathletics.org/competitions/world-athletics-championships/world-athletics-championships-oregon-2022-7137279/results/men/400-metres-hurdles/round-1/result,2026-09-30T22:56:04Z
WCH2022-400mH-M-R1-H3,WCH2022,400mH,M,R1,3,2022-07-16,13:36,2.0,Julien BONVIN,14683945,SUI,0.158,0.158,50.40,https://worldathletics.org/competitions/world-athletics-championships/world-athletics-championships-oregon-2022-7137279/results/men/400-metres-hurdles/round-1/result,2026-09-30T22:56:04Z
WCH2022-400mH-M-R1-H3,WCH2022,400mH,M,R1,3,2022-07-16,13:36,4.0,Ned AZEMIA,14657313,SEY,0.186,0.186,53.07,https://worldathletics.org/competitions/world-athletics-championships/world-athletics-championships-oregon-2022-7137279/results/men/400-metres-hurdles/round-1/result,2026-09-30T22:56:04Z
WCH2022-400mH-M-R1-H3,WCH2022,400mH,M,R1,3,2022-07-16,13:36,7.0,Juander SANTOS,14637649,DOM,0.185,0.185,58.80,https://worldathletics.org/competitions/world-athletics-championships/world-athletics-championships-oregon-2022-7137279/results/men/400-metres-hurdles/round-1/result,2026-09-30T22:56:04Z
WCH2022-400mH-M-R1-H4,WCH2022,400mH,M,R1,4,2022-07-16,13:44,5.0,Rasmus MÄGI,14373195,EST,0.169,0.169,48.78,https://worldathletics.org/competitions/world-athletics-championships/world-athletics-championships-oregon-2022-7137279/results/men/400-metres-hurdles/round-1/result,2026-09-30T22:56:04Z
WCH2022-400mH-M-R1-H4,WCH2022,400mH,M,R1,4,2022-07-16,13:44,8.0,Thomas BARR,14440533,IRL,0.160,0.16,49.15,https://worldathletics.org/competitions/world-athletics-championships/world-athletics-championships-oregon-2022-7137279/results/men/400-metres-hurdles/round-1/result,2026-09-30T22:56:04Z
WCH2022-400mH-M-R1-H4,WCH2022,400mH,M,R1,4,2022-07-16,13:44,2.0,Gerald DRUMMOND,14414628,CRC,0.195,0.195,49.16,https://worldathletics.org/competitions/world-athletics-championships/world-athletics-championships-oregon-2022-7137279/results/men/400-metres-hurdles/round-1/result,2026-09-30T22:56:04Z
WCH2022-400mH-M-R1-H4,WCH2022,400mH,M,R1,4,2022-07-16,13:44,3.0,Trevor BASSITT,14719193,USA,0.146,0.146,49.17,https://worldathletics.org/competitions/world-athletics-championships/world-athletics-championships-oregon-2022-7137279/results/men/400-metres-hurdles/round-1/result,2026-09-30T22:56:04Z
WCH2022-400mH-M-R1-H4,WCH2022,400mH,M,R1,4,2022-07-16,13:44,1.0,Alastair CHALMERS,14720465,GBR,0.134,0.134,49.37,https://worldathletics.org/competitions/world-athletics-championships/world-athletics-championships-oregon-2022-7137279/results/men/400-metres-hurdles/round-1/result,2026-09-30T22:56:04Z
WCH2022-400mH-M-R1-H4,WCH2022,400mH,M,R1,4,2022-07-16,13:44,6.0,Shawn ROWE,14540137,JAM,0.156,0.156,49.51,https://worldathletics.org/competitions/world-athletics-championships/world-athletics-championships-oregon-2022-7137279/results/men/400-metres-hurdles/round-1/result,2026-09-30T22:56:04Z
WCH2022-400mH-M-R1-H4,WCH2022,400mH,M,R1,4,2022-07-16,13:44,7.0,Yasmani COPELLO,14169627,TUR,0.183,0.183,49.83,https://worldathletics.org/competitions/world-athletics-championships/world-athletics-championships-oregon-2022-7137279/results/men/400-metres-hurdles/round-1/result,2026-09-30T22:56:04Z
WCH2022-400mH-M-R1-H4,WCH2022,400mH,M,R1,4,2022-07-16,13:44,4.0,Mahau SUGUIMATI,14175200,BRA,0.125,0.125,52.43,https://worldathletics.org/competitions/world-athletics-championships/world-athletics-championships-oregon-2022-7137279/results/men/400-metres-hurdles/round-1/result,2026-09-30T22:56:04Z
WCH2022-400mH-M-R1-H5,WCH2022,400mH,M,R1,5,2022-07-16,13:52,2.0,Khallifah ROSSER,14520653,USA,0.168,0.168,48.62,https://worldathletics.org/competitions/world-athletics-championships/world-athletics-championships-oregon-2022-7137279/results/men/400-metres-hurdles/round-1/result,2026-09-30T22:56:04Z
WCH2022-400mH-M-R1-H5,WCH2022,400mH,M,R1,5,2022-07-16,13:52,3.0,Ramsey ANGELA,14709423,NED,0.182,0.182,49.62,https://worldathletics.org/competitions/world-athletics-championships/world-athletics-championships-oregon-2022-7137279/results/men/400-metres-hurdles/round-1/result,2026-09-30T22:56:04Z
WCH2022-400mH-M-R1-H5,WCH2022,400mH,M,R1,5,2022-07-16,13:52,8.0,Carl BENGTSTRÖM,14713427,SWE,0.169,0.169,49.64,https://worldathletics.org/competitions/world-athletics-championships/world-athletics-championships-oregon-2022-7137279/results/men/400-metres-hurdles/round-1/result,2026-09-30T22:56:04Z
WCH2022-400mH-M-R1-H5,WCH2022,400mH,M,R1,5,2022-07-16,13:52,4.0,Kyron MCMASTER,14532760,IVB,0.157,0.157,49.98,https://worldathletics.org/competitions/world-athletics-championships/world-athletics-championships-oregon-2022-7137279/results/men/400-metres-hurdles/round-1/result,2026-09-30T22:56:04Z
WCH2022-400mH-M-R1-H5,WCH2022,400mH,M,R1,5,2022-07-16,13:52,5.0,Pablo Andres IBAÑEZ GUEVARA,14651649,ESA,0.146,0.146,50.18,https://worldathletics.org/competitions/world-athletics-championships/world-athletics-championships-oregon-2022-7137279/results/men/400-metres-hurdles/round-1/result,2026-09-30T22:56:04Z
WCH2022-400mH-M-R1-H5,WCH2022,400mH,M,R1,5,2022-07-16,13:52,7.0,Mario LAMBRUGHI,14420532,ITA,0.144,0.144,50.18,https://worldathletics.org/competitions/world-athletics-championships/world-athletics-championships-oregon-2022-7137279/results/men/400-metres-hurdles/round-1/result,2026-09-30T22:56:04Z
WCH2022-400mH-M-R1-H5,WCH2022,400mH,M,R1,5,2022-07-16,13:52,6.0,Vít MÜLLER,14589388,CZE,0.173,0.173,50.71,https://worldathletics.org/competitions/world-athletics-championships/world-athletics-championships-oregon-2022-7137279/results/men/400-metres-hurdles/round-1/result,2026-09-30T22:56:04Z
WCH2022-400mH-M-SF-H1,WCH2022,400mH,M,SF,1,2022-07-17,18:03,6.0,Rai BENJAMIN,14574865,USA,0.181,0.181,48.44,https://worldathletics.org/competitions/world-athletics-championships/world-athletics-championships-oregon-2022-7137279/results/men/400-metres-hurdles/semi-finals/result,2026-09-30T22:56:07Z
WCH2022-400mH-M-SF-H1,WCH2022,400mH,M,SF,1,2022-07-17,18:03,8.0,Jaheel HYDE,14520436,JAM,0.149,0.149,49.09,https://worldathletics.org/competitions/world-athletics-championships/world-athletics-championships-oregon-2022-7137279/results/men/400-metres-hurdles/semi-finals/result,2026-09-30T22:56:07Z
WCH2022-400mH-M-SF-H1,WCH2022,400mH,M,SF,1,2022-07-17,18:03,3.0,Julien WATRIN,14329160,BEL,0.186,0.186,49.52,https://worldathletics.org/competitions/world-athletics-championships/world-athletics-championships-oregon-2022-7137279/results/men/400-metres-hurdles/semi-finals/result,2026-09-30T22:56:07Z
WCH2022-400mH-M-SF-H1,WCH2022,400mH,M,SF,1,2022-07-17,18:03,4.0,Ramsey ANGELA,14709423,NED,0.155,0.155,49.77,https://worldathletics.org/competitions/world-athletics-championships/world-athletics-championships-oregon-2022-7137279/results/men/400-metres-hurdles/semi-finals/result,2026-09-30T22:56:07Z
WCH2022-400mH-M-SF-H1,WCH2022,400mH,M,SF,1,2022-07-17,18:03,5.0,Thomas BARR,14440533,IRL,0.157,0.157,50.08,https://worldathletics.org/competitions/world-athletics-championships/world-athletics-championships-oregon-2022-7137279/results/men/400-metres-hurdles/semi-finals/result,2026-09-30T22:56:07Z
WCH2022-400mH-M-SF-H1,WCH2022,400mH,M,SF,1,2022-07-17,18:03,1.0,Alastair CHALMERS,14720465,GBR,0.157,0.157,50.54,https://worldathletics.org/competitions/world-athletics-championships/world-athletics-championships-oregon-2022-7137279/results/men/400-metres-hurdles/semi-finals/result,2026-09-30T22:56:07Z
WCH2022-400mH-M-SF-H1,WCH2022,400mH,M,SF,1,2022-07-17,18:03,2.0,Yasmani COPELLO,14169627,TUR,0.166,0.166,51.49,https://worldathletics.org/competitions/world-athletics-championships/world-athletics-championships-oregon-2022-7137279/results/men/400-metres-hurdles/semi-finals/result,2026-09-30T22:56:07Z
WCH2022-400mH-M-SF-H1,WCH2022,400mH,M,SF,1,2022-07-17,18:03,7.0,Kyron MCMASTER,14532760,IVB,,,DNS,https://worldathletics.org/competitions/world-athletics-championships/world-athletics-championships-oregon-2022-7137279/results/men/400-metres-hurdles/semi-finals/result,2026-09-30T22:56:07Z
WCH2022-400mH-M-SF-H2,WCH2022,400mH,M,SF,2,2022-07-17,18:12,5.0,Alison DOS SANTOS,14755064,BRA,0.166,0.166,47.85,https://worldathletics.org/competitions/world-athletics-championships/world-athletics-championships-oregon-2022-7137279/results/men/400-metres-hurdles/semi-finals/result,2026-09-30T22:56:07Z
WCH2022-400mH-M-SF-H2,WCH2022,400mH,M,SF,2,2022-07-17,18:12,7.0,Trevor BASSITT,14719193,USA,0.144,0.144,48.17,https://worldathletics.org/competitions/world-athletics-championships/world-athletics-championships-oregon-2022-7137279/results/men/400-metres-hurdles/semi-finals/result,2026-09-30T22:56:07Z
WCH2022-400mH-M-SF-H2,WCH2022,400mH,M,SF,2,2022-07-17,18:12,4.0,Rasmus MÄGI,14373195,EST,0.137,0.137,48.40,https://worldathletics.org/competitions/world-athletics-championships/world-athletics-championships-oregon-2022-7137279/results/men/400-metres-hurdles/semi-finals/result,2026-09-30T22:56:07Z
WCH2022-400mH-M-SF-H2,WCH2022,400mH,M,SF,2,2022-07-17,18:12,8.0,Carl BENGTSTRÖM,14713427,SWE,0.161,0.161,48.75,https://worldathletics.org/competitions/world-athletics-championships/world-athletics-championships-oregon-2022-7137279/results/men/400-metres-hurdles/semi-finals/result,2026-09-30T22:56:07Z
WCH2022-400mH-M-SF-H2,WCH2022,400mH,M,SF,2,2022-07-17,18:12,3.0,Abdelmalik LAHOULOU,14375720,ALG,0.157,0.157,48.90,https://worldathletics.org/competitions/world-athletics-championships/world-athletics-championships-oregon-2022-7137279/results/men/400-metres-hurdles/semi-finals/result,2026-09-30T22:56:07Z
WCH2022-400mH-M-SF-H2,WCH2022,400mH,M,SF,2,2022-07-17,18:12,1.0,Moitalel Mpoke NAADOKILA,14802650,KEN,0.149,0.149,49.34,https://worldathletics.org/competitions/world-athletics-championships/world-athletics-championships-oregon-2022-7137279/results/men/400-metres-hurdles/semi-finals/result,2026-09-30T22:56:07Z
WCH2022-400mH-M-SF-H2,WCH2022,400mH,M,SF,2,2022-07-17,18:12,6.0,Gerald DRUMMOND,14414628,CRC,0.188,0.188,49.37,https://worldathletics.org/competitions/world-athletics-championships/world-athletics-championships-oregon-2022-7137279/results/men/400-metres-hurdles/semi-finals/result,2026-09-30T22:56:07Z
WCH2022-400mH-M-SF-H2,WCH2022,400mH,M,SF,2,2022-07-17,18:12,2.0,Shawn ROWE,14540137,JAM,0.158,0.158,49.80,https://worldathletics.org/competitions/world-athletics-championships/world-athletics-championships-oregon-2022-7137279/results/men/400-metres-hurdles/semi-finals/result,2026-09-30T22:56:07Z
WCH2022-400mH-M-SF-H3,WCH2022,400mH,M,SF,3,2022-07-17,18:21,5.0,Karsten WARHOLM,14479487,NOR,0.169,0.169,48.00,https://worldathletics.org/competitions/world-athletics-championships/world-athletics-championships-oregon-2022-7137279/results/men/400-metres-hurdles/semi-finals/result,2026-09-30T22:56:07Z
WCH2022-400mH-M-SF-H3,WCH2022,400mH,M,SF,3,2022-07-17,18:21,6.0,Wilfried HAPPIO,14650750,FRA,0.136,0.136,48.14,https://worldathletics.org/competitions/world-athletics-championships/world-athletics-championships-oregon-2022-7137279/results/men/400-metres-hurdles/semi-finals/result,2026-09-30T22:56:07Z
WCH2022-400mH-M-SF-H3,WCH2022,400mH,M,SF,3,2022-07-17,18:21,3.0,Khallifah ROSSER,14520653,USA,0.141,0.141,48.34,https://worldathletics.org/competitions/world-athletics-championships/world-athletics-championships-oregon-2022-7137279/results/men/400-metres-hurdles/semi-finals/result,2026-09-30T22:56:07Z
WCH2022-400mH-M-SF-H3,WCH2022,400mH,M,SF,3,2022-07-17,18:21,4.0,Kemar MOWATT,14581545,JAM,0.143,0.143,48.59,https://worldathletics.org/competitions/world-athletics-championships/world-athletics-championships-oregon-2022-7137279/results/men/400-metres-hurdles/semi-finals/result,2026-09-30T22:56:07Z
WCH2022-400mH-M-SF-H3,WCH2022,400mH,M,SF,3,2022-07-17,18:21,8.0,Nick SMIDT,14564609,NED,0.145,0.145,49.56,https://worldathletics.org/competitions/world-athletics-championships/world-athletics-championships-oregon-2022-7137279/results/men/400-metres-hurdles/semi-finals/result,2026-09-30T22:56:07Z
WCH2022-400mH-M-SF-H3,WCH2022,400mH,M,SF,3,2022-07-17,18:21,1.0,Kazuki KUROKAWA,14854957,JPN,0.136,0.136,49.69,https://worldathletics.org/competitions/world-athletics-championships/world-athletics-championships-oregon-2022-7137279/results/men/400-metres-hurdles/semi-finals/result,2026-09-30T22:56:07Z
WCH2022-400mH-M-SF-H3,WCH2022,400mH,M,SF,3,2022-07-17,18:21,2.0,Sokwakhana ZAZINI,14741332,RSA,0.153,0.153,50.22,https://worldathletics.org/competitions/world-athletics-championships/world-athletics-championships-oregon-2022-7137279/results/men/400-metres-hurdles/semi-finals/result,2026-09-30T22:56:07Z
WCH2022-400mH-M-SF-H3,WCH2022,400mH,M,SF,3,2022-07-17,18:21,7.0,Ezekiel NATHANIEL,14960533,NGR,0.176,0.176,54.18,https://worldathletics.org/competitions/world-athletics-championships/world-athletics-championships-oregon-2022-7137279/results/men/400-metres-hurdles/semi-finals/result,2026-09-30T22:56:07Z
WCH2022-400m-M-R1-H1,WCH2022,400m,M,R1,1,2022-07-17,11:05,6.0,Wayde VAN NIEKERK,14417677,RSA,0.200,0.2,45.18,https://worldathletics.org/competitions/world-athletics-championships/world-athletics-championships-oregon-2022-7137279/results/men/400-metres/round-1/result,2026-09-30T22:55:44Z
WCH2022-400m-M-R1-H1,WCH2022,400m,M,R1,1,2022-07-17,11:05,3.0,Jonathan JONES,14689553,BAR,0.169,0.169,45.46,https://worldathletics.org/competitions/world-athletics-championships/world-athletics-championships-oregon-2022-7137279/results/men/400-metres/round-1/result,2026-09-30T22:55:44Z
WCH2022-400m-M-R1-H1,WCH2022,400m,M,R1,1,2022-07-17,11:05,7.0,Alex HAYDOCK-WILSON,14735578,GBR,0.156,0.156,45.62,https://worldathletics.org/competitions/world-athletics-championships/world-athletics-championships-oregon-2022-7137279/results/men/400-metres/round-1/result,2026-09-30T22:55:44Z
WCH2022-400m-M-R1-H1,WCH2022,400m,M,R1,1,2022-07-17,11:05,2.0,Julian Jrummi WALSH,14657849,JPN,0.126,0.126,45.90,https://worldathletics.org/competitions/world-athletics-championships/world-athletics-championships-oregon-2022-7137279/results/men/400-metres/round-1/result,2026-09-30T22:55:44Z
WCH2022-400m-M-R1-H1,WCH2022,400m,M,R1,1,2022-07-17,11:05,4.0,Patrik ŠORM,14405777,CZE,0.174,0.174,46.07,https://worldathletics.org/competitions/world-athletics-championships/world-athletics-championships-oregon-2022-7137279/results/men/400-metres/round-1/result,2026-09-30T22:55:44Z
WCH2022-400m-M-R1-H1,WCH2022,400m,M,R1,1,2022-07-17,11:05,5.0,Steven SOLOMON,14386314,AUS,0.152,0.152,46.87,https://worldathletics.org/competitions/world-athletics-championships/world-athletics-championships-oregon-2022-7137279/results/men/400-metres/round-1/result,2026-09-30T22:55:44Z
WCH2022-400m-M-R1-H2,WCH2022,400m,M,R1,2,2022-07-17,11:13,3.0,Michael NORMAN,14588244,USA,0.140,0.14,45.37,https://worldathletics.org/competitions/world-athletics-championships/world-athletics-championships-oregon-2022-7137279/results/men/400-metres/round-1/result,2026-09-30T22:55:44Z
WCH2022-400m-M-R1-H2,WCH2022,400m,M,R1,2,2022-07-17,11:13,4.0,Christopher TAYLOR,14635736,JAM,0.167,0.167,45.68,https://worldathletics.org/competitions/world-athletics-championships/world-athletics-championships-oregon-2022-7137279/results/men/400-metres/round-1/result,2026-09-30T22:55:44Z
WCH2022-400m-M-R1-H2,WCH2022,400m,M,R1,2,2022-07-17,11:13,7.0,Zakhiti NENE,14696997,RSA,0.123,0.123,45.69,https://worldathletics.org/competitions/world-athletics-championships/world-athletics-championships-oregon-2022-7137279/results/men/400-metres/round-1/result,2026-09-30T22:55:44Z
WCH2022-400m-M-R1-H2,WCH2022,400m,M,R1,2,2022-07-17,11:13,8.0,Kevin BORLÉE,14177713,BEL,0.132,0.132,45.72,https://worldathletics.org/competitions/world-athletics-championships/world-athletics-championships-oregon-2022-7137279/results/men/400-metres/round-1/result,2026-09-30T22:55:44Z
WCH2022-400m-M-R1-H2,WCH2022,400m,M,R1,2,2022-07-17,11:13,5.0,Benjamin Lobo VEDEL,14515054,DEN,0.134,0.134,46.27,https://worldathletics.org/competitions/world-athletics-championships/world-athletics-championships-oregon-2022-7137279/results/men/400-metres/round-1/result,2026-09-30T22:55:44Z
WCH2022-400m-M-R1-H2,WCH2022,400m,M,R1,2,2022-07-17,11:13,2.0,Luis AVILÉS FERREIRO,14782944,MEX,0.140,0.14,46.47,https://worldathletics.org/competitions/world-athletics-championships/world-athletics-championships-oregon-2022-7137279/results/men/400-metres/round-1/result,2026-09-30T22:55:44Z
WCH2022-400m-M-R1-H2,WCH2022,400m,M,R1,2,2022-07-17,11:13,6.0,Kajetan DUSZYŃSKI,14526253,POL,0.132,0.132,46.57,https://worldathletics.org/competitions/world-athletics-championships/world-athletics-championships-oregon-2022-7137279/results/men/400-metres/round-1/result,2026-09-30T22:55:44Z
WCH2022-400m-M-R1-H3,WCH2022,400m,M,R1,3,2022-07-17,11:21,3.0,Michael CHERRY,14490322,USA,0.137,0.137,45.81,https://worldathletics.org/competitions/world-athletics-championships/world-athletics-championships-oregon-2022-7137279/results/men/400-metres/round-1/result,2026-09-30T22:55:44Z
WCH2022-400m-M-R1-H3,WCH2022,400m,M,R1,3,2022-07-17,11:21,7.0,Muzala SAMUKONGA,14930603,ZAM,0.180,0.18,45.82,https://worldathletics.org/competitions/world-athletics-championships/world-athletics-championships-oregon-2022-7137279/results/men/400-metres/round-1/result,2026-09-30T22:55:44Z
WCH2022-400m-M-R1-H3,WCH2022,400m,M,R1,3,2022-07-17,11:21,8.0,Alexander DOOM,14548983,BEL,0.153,0.153,46.18,https://worldathletics.org/competitions/world-athletics-championships/world-athletics-championships-oregon-2022-7137279/results/men/400-metres/round-1/result,2026-09-30T22:55:44Z
WCH2022-400m-M-R1-H3,WCH2022,400m,M,R1,3,2022-07-17,11:21,6.0,Jevaughn POWELL,14738008,JAM,0.142,0.142,46.42,https://worldathletics.org/competitions/world-athletics-championships/world-athletics-championships-oregon-2022-7137279/results/men/400-metres/round-1/result,2026-09-30T22:55:44Z
WCH2022-400m-M-R1-H3,WCH2022,400m,M,R1,3,2022-07-17,11:21,5.0,Ricky PETRUCCIANI,14742772,SUI,0.165,0.165,46.60,https://worldathletics.org/competitions/world-athletics-championships/world-athletics-championships-oregon-2022-7137279/results/men/400-metres/round-1/result,2026-09-30T22:55:44Z
WCH2022-400m-M-R1-H3,WCH2022,400m,M,R1,3,2022-07-17,11:21,2.0,Anthony PESELA,14933273,BOT,0.135,0.135,47.36,https://worldathletics.org/competitions/world-athletics-championships/world-athletics-championships-oregon-2022-7137279/results/men/400-metres/round-1/result,2026-09-30T22:55:44Z
WCH2022-400m-M-R1-H3,WCH2022,400m,M,R1,3,2022-07-17,11:21,4.0,Obediah TIMBACI,14857438,VAN,0.209,0.209,53.32,https://worldathletics.org/competitions/world-athletics-championships/world-athletics-championships-oregon-2022-7137279/results/men/400-metres/round-1/result,2026-09-30T22:55:44Z
WCH2022-400m-M-R1-H4,WCH2022,400m,M,R1,4,2022-07-17,11:29,3.0,Champion ALLISON,14597537,USA,0.146,0.146,45.56,https://worldathletics.org/competitions/world-athletics-championships/world-athletics-championships-oregon-2022-7137279/results/men/400-metres/round-1/result,2026-09-30T22:55:44Z
WCH2022-400m-M-R1-H4,WCH2022,400m,M,R1,4,2022-07-17,11:29,7.0,Dylan BORLÉE,14419938,BEL,0.148,0.148,45.70,https://worldathletics.org/competitions/world-athletics-championships/world-athletics-championships-oregon-2022-7137279/results/men/400-metres/round-1/result,2026-09-30T22:55:44Z
WCH2022-400m-M-R1-H4,WCH2022,400m,M,R1,4,2022-07-17,11:29,2.0,Isaac MAKWALA,14176330,BOT,0.193,0.193,45.93,https://worldathletics.org/competitions/world-athletics-championships/world-athletics-championships-oregon-2022-7137279/results/men/400-metres/round-1/result,2026-09-30T22:55:44Z
WCH2022-400m-M-R1-H4,WCH2022,400m,M,R1,4,2022-07-17,11:29,8.0,Mikhail LITVIN,14595104,KAZ,0.206,0.206,46.00,https://worldathletics.org/competitions/world-athletics-championships/world-athletics-championships-oregon-2022-7137279/results/men/400-metres/round-1/result,2026-09-30T22:55:44Z
WCH2022-400m-M-R1-H4,WCH2022,400m,M,R1,4,2022-07-17,11:29,4.0,Davide RE,14375605,ITA,0.148,0.148,46.49,https://worldathletics.org/competitions/world-athletics-championships/world-athletics-championships-oregon-2022-7137279/results/men/400-metres/round-1/result,2026-09-30T22:55:44Z
WCH2022-400m-M-R1-H4,WCH2022,400m,M,R1,4,2022-07-17,11:29,5.0,Dwight ST. HILLAIRE,14590653,TTO,0.166,0.166,46.60,https://worldathletics.org/competitions/world-athletics-championships/world-athletics-championships-oregon-2022-7137279/results/men/400-metres/round-1/result,2026-09-30T22:55:44Z
WCH2022-400m-M-R1-H4,WCH2022,400m,M,R1,4,2022-07-17,11:29,6.0,Boško KIJANOVIĆ,14756489,SRB,0.131,0.131,46.85,https://worldathletics.org/competitions/world-athletics-championships/world-athletics-championships-oregon-2022-7137279/results/men/400-metres/round-1/result,2026-09-30T22:55:44Z
WCH2022-400m-M-R1-H5,WCH2022,400m,M,R1,5,2022-07-17,11:37,8.0,Bayapo NDORI,14847443,BOT,0.140,0.14,44.87,https://worldathletics.org/competitions/world-athletics-championships/world-athletics-championships-oregon-2022-7137279/results/men/400-metres/round-1/result,2026-09-30T22:55:44Z
WCH2022-400m-M-R1-H5,WCH2022,400m,M,R1,5,2022-07-17,11:37,4.0,Kirani JAMES,14195659,GRN,0.152,0.152,45.29,https://worldathletics.org/competitions/world-athletics-championships/world-athletics-championships-oregon-2022-7137279/results/men/400-metres/round-1/result,2026-09-30T22:55:44Z
WCH2022-400m-M-R1-H5,WCH2022,400m,M,R1,5,2022-07-17,11:37,3.0,Nathon ALLEN,14540106,JAM,0.142,0.142,45.61,https://worldathletics.org/competitions/world-athletics-championships/world-athletics-championships-oregon-2022-7137279/results/men/400-metres/round-1/result,2026-09-30T22:55:44Z
WCH2022-400m-M-R1-H5,WCH2022,400m,M,R1,5,2022-07-17,11:37,5.0,Fuga SATO,14766515,JPN,0.178,0.178,45.88,https://worldathletics.org/competitions/world-athletics-championships/world-athletics-championships-oregon-2022-7137279/results/men/400-metres/round-1/result,2026-09-30T22:55:44Z
WCH2022-400m-M-R1-H5,WCH2022,400m,M,R1,5,2022-07-17,11:37,6.0,Alex BECK,14360445,AUS,0.170,0.17,45.99,https://worldathletics.org/competitions/world-athletics-championships/world-athletics-championships-oregon-2022-7137279/results/men/400-metres/round-1/result,2026-09-30T22:55:44Z
WCH2022-400m-M-R1-H5,WCH2022,400m,M,R1,5,2022-07-17,11:37,7.0,Edoardo SCOTTI,14741773,ITA,0.170,0.17,46.46,https://worldathletics.org/competitions/world-athletics-championships/world-athletics-championships-oregon-2022-7137279/results/men/400-metres/round-1/result,2026-09-30T22:55:44Z
WCH2022-400m-M-R1-H5,WCH2022,400m,M,R1,5,2022-07-17,11:37,2.0,Dexter MAYORGA,14762794,NCA,0.232,0.232,48.40,https://worldathletics.org/competitions/world-athletics-championships/world-athletics-championships-oregon-2022-7137279/results/men/400-metres/round-1/result,2026-09-30T22:55:44Z
WCH2022-400m-M-R1-H6,WCH2022,400m,M,R1,6,2022-07-17,11:45,2.0,Matthew HUDSON-SMITH,14407278,GBR,0.160,0.16,45.49,https://worldathletics.org/competitions/world-athletics-championships/world-athletics-championships-oregon-2022-7137279/results/men/400-metres/round-1/result,2026-09-30T22:55:44Z
WCH2022-400m-M-R1-H6,WCH2022,400m,M,R1,6,2022-07-17,11:45,6.0,Liemarvin BONEVACIA,14427350,NED,0.158,0.158,45.82,https://worldathletics.org/competitions/world-athletics-championships/world-athletics-championships-oregon-2022-7137279/results/men/400-metres/round-1/result,2026-09-30T22:55:44Z
WCH2022-400m-M-R1-H6,WCH2022,400m,M,R1,6,2022-07-17,11:45,5.0,Lidio Andres FELIZ,14829806,DOM,0.257,0.257,45.87,https://worldathletics.org/competitions/world-athletics-championships/world-athletics-championships-oregon-2022-7137279/results/men/400-metres/round-1/result,2026-09-30T22:55:44Z
WCH2022-400m-M-R1-H6,WCH2022,400m,M,R1,6,2022-07-17,11:45,8.0,Christopher O'DONNELL,14638113,IRL,0.133,0.133,46.01,https://worldathletics.org/competitions/world-athletics-championships/world-athletics-championships-oregon-2022-7137279/results/men/400-metres/round-1/result,2026-09-30T22:55:44Z
WCH2022-400m-M-R1-H6,WCH2022,400m,M,R1,6,2022-07-17,11:45,4.0,Kaito KAWABATA,14766996,JPN,0.128,0.128,46.34,https://worldathletics.org/competitions/world-athletics-championships/world-athletics-championships-oregon-2022-7137279/results/men/400-metres/round-1/result,2026-09-30T22:55:44Z
WCH2022-400m-M-R1-H6,WCH2022,400m,M,R1,6,2022-07-17,11:45,7.0,Lucas CARVALHO,14431784,BRA,0.162,0.162,47.53,https://worldathletics.org/competitions/world-athletics-championships/world-athletics-championships-oregon-2022-7137279/results/men/400-metres/round-1/result,2026-09-30T22:55:44Z
WCH2022-400m-M-R1-H6,WCH2022,400m,M,R1,6,2022-07-17,11:45,3.0,Aiden HAZZARD,14783541,AIA,0.128,0.128,51.44,https://worldathletics.org/competitions/world-athletics-championships/world-athletics-championships-oregon-2022-7137279/results/men/400-metres/round-1/result,2026-09-30T22:55:44Z
WCH2022-400m-M-SF-H1,WCH2022,400m,M,SF,1,2022-07-20,19:15,6.0,Michael NORMAN,14588244,USA,0.127,0.127,44.30,https://worldathletics.org/competitions/world-athletics-championships/world-athletics-championships-oregon-2022-7137279/results/men/400-metres/semi-finals/result,2026-09-30T22:55:47Z
WCH2022-400m-M-SF-H1,WCH2022,400m,M,SF,1,2022-07-20,19:15,5.0,Matthew HUDSON-SMITH,14407278,GBR,0.160,0.16,44.38,https://worldathletics.org/competitions/world-athletics-championships/world-athletics-championships-oregon-2022-7137279/results/men/400-metres/semi-finals/result,2026-09-30T22:55:47Z
WCH2022-400m-M-SF-H1,WCH2022,400m,M,SF,1,2022-07-20,19:15,3.0,Christopher TAYLOR,14635736,JAM,0.173,0.173,44.97,https://worldathletics.org/competitions/world-athletics-championships/world-athletics-championships-oregon-2022-7137279/results/men/400-metres/semi-finals/result,2026-09-30T22:55:47Z
WCH2022-400m-M-SF-H1,WCH2022,400m,M,SF,1,2022-07-20,19:15,7.0,Zakhiti NENE,14696997,RSA,0.121,0.121,45.24,https://worldathletics.org/competitions/world-athletics-championships/world-athletics-championships-oregon-2022-7137279/results/men/400-metres/semi-finals/result,2026-09-30T22:55:47Z
WCH2022-400m-M-SF-H1,WCH2022,400m,M,SF,1,2022-07-20,19:15,4.0,Dylan BORLÉE,14419938,BEL,0.163,0.163,45.41,https://worldathletics.org/competitions/world-athletics-championships/world-athletics-championships-oregon-2022-7137279/results/men/400-metres/semi-finals/result,2026-09-30T22:55:47Z
WCH2022-400m-M-SF-H1,WCH2022,400m,M,SF,1,2022-07-20,19:15,1.0,Julian Jrummi WALSH,14657849,JPN,0.134,0.134,45.75,https://worldathletics.org/competitions/world-athletics-championships/world-athletics-championships-oregon-2022-7137279/results/men/400-metres/semi-finals/result,2026-09-30T22:55:47Z
WCH2022-400m-M-SF-H1,WCH2022,400m,M,SF,1,2022-07-20,19:15,8.0,Lidio Andres FELIZ,14829806,DOM,0.192,0.192,46.19,https://worldathletics.org/competitions/world-athletics-championships/world-athletics-championships-oregon-2022-7137279/results/men/400-metres/semi-finals/result,2026-09-30T22:55:47Z
WCH2022-400m-M-SF-H1,WCH2022,400m,M,SF,1,2022-07-20,19:15,2.0,Alex BECK,14360445,AUS,0.140,0.14,46.21,https://worldathletics.org/competitions/world-athletics-championships/world-athletics-championships-oregon-2022-7137279/results/men/400-metres/semi-finals/result,2026-09-30T22:55:47Z
WCH2022-400m-M-SF-H2,WCH2022,400m,M,SF,2,2022-07-20,19:23,3.0,Kirani JAMES,14195659,GRN,0.148,0.148,44.74,https://worldathletics.org/competitions/world-athletics-championships/world-athletics-championships-oregon-2022-7137279/results/men/400-metres/semi-finals/result,2026-09-30T22:55:47Z
WCH2022-400m-M-SF-H2,WCH2022,400m,M,SF,2,2022-07-20,19:23,4.0,Bayapo NDORI,14847443,BOT,0.141,0.141,44.94,https://worldathletics.org/competitions/world-athletics-championships/world-athletics-championships-oregon-2022-7137279/results/men/400-metres/semi-finals/result,2026-09-30T22:55:47Z
WCH2022-400m-M-SF-H2,WCH2022,400m,M,SF,2,2022-07-20,19:23,6.0,Muzala SAMUKONGA,14930603,ZAM,0.196,0.196,45.02,https://worldathletics.org/competitions/world-athletics-championships/world-athletics-championships-oregon-2022-7137279/results/men/400-metres/semi-finals/result,2026-09-30T22:55:47Z
WCH2022-400m-M-SF-H2,WCH2022,400m,M,SF,2,2022-07-20,19:23,5.0,Michael CHERRY,14490322,USA,0.143,0.143,45.28,https://worldathletics.org/competitions/world-athletics-championships/world-athletics-championships-oregon-2022-7137279/results/men/400-metres/semi-finals/result,2026-09-30T22:55:47Z
WCH2022-400m-M-SF-H2,WCH2022,400m,M,SF,2,2022-07-20,19:23,1.0,Fuga SATO,14766515,JPN,0.175,0.175,45.71,https://worldathletics.org/competitions/world-athletics-championships/world-athletics-championships-oregon-2022-7137279/results/men/400-metres/semi-finals/result,2026-09-30T22:55:47Z
WCH2022-400m-M-SF-H2,WCH2022,400m,M,SF,2,2022-07-20,19:23,7.0,Alexander DOOM,14548983,BEL,0.170,0.17,45.80,https://worldathletics.org/competitions/world-athletics-championships/world-athletics-championships-oregon-2022-7137279/results/men/400-metres/semi-finals/result,2026-09-30T22:55:47Z
WCH2022-400m-M-SF-H2,WCH2022,400m,M,SF,2,2022-07-20,19:23,2.0,Christopher O'DONNELL,14638113,IRL,0.162,0.162,46.01,https://worldathletics.org/competitions/world-athletics-championships/world-athletics-championships-oregon-2022-7137279/results/men/400-metres/semi-finals/result,2026-09-30T22:55:47Z
WCH2022-400m-M-SF-H2,WCH2022,400m,M,SF,2,2022-07-20,19:23,8.0,Nathon ALLEN,14540106,JAM,0.182,0.182,DNF,https://worldathletics.org/competitions/world-athletics-championships/world-athletics-championships-oregon-2022-7137279/results/men/400-metres/semi-finals/result,2026-09-30T22:55:47Z
WCH2022-400m-M-SF-H3,WCH2022,400m,M,SF,3,2022-07-20,19:31,6.0,Champion ALLISON,14597537,USA,0.155,0.155,44.71,https://worldathletics.org/competitions/world-athletics-championships/world-athletics-championships-oregon-2022-7137279/results/men/400-metres/semi-finals/result,2026-09-30T22:55:47Z
WCH2022-400m-M-SF-H3,WCH2022,400m,M,SF,3,2022-07-20,19:31,4.0,Wayde VAN NIEKERK,14417677,RSA,0.168,0.168,44.75,https://worldathletics.org/competitions/world-athletics-championships/world-athletics-championships-oregon-2022-7137279/results/men/400-metres/semi-finals/result,2026-09-30T22:55:47Z
WCH2022-400m-M-SF-H3,WCH2022,400m,M,SF,3,2022-07-20,19:31,3.0,Jonathan JONES,14689553,BAR,0.149,0.149,44.78,https://worldathletics.org/competitions/world-athletics-championships/world-athletics-championships-oregon-2022-7137279/results/men/400-metres/semi-finals/result,2026-09-30T22:55:47Z
WCH2022-400m-M-SF-H3,WCH2022,400m,M,SF,3,2022-07-20,19:31,8.0,Alex HAYDOCK-WILSON,14735578,GBR,0.141,0.141,45.08,https://worldathletics.org/competitions/world-athletics-championships/world-athletics-championships-oregon-2022-7137279/results/men/400-metres/semi-finals/result,2026-09-30T22:55:47Z
WCH2022-400m-M-SF-H3,WCH2022,400m,M,SF,3,2022-07-20,19:31,2.0,Kevin BORLÉE,14177713,BEL,0.139,0.139,45.26,https://worldathletics.org/competitions/world-athletics-championships/world-athletics-championships-oregon-2022-7137279/results/men/400-metres/semi-finals/result,2026-09-30T22:55:47Z
WCH2022-400m-M-SF-H3,WCH2022,400m,M,SF,3,2022-07-20,19:31,5.0,Liemarvin BONEVACIA,14427350,NED,0.159,0.159,45.50,https://worldathletics.org/competitions/world-athletics-championships/world-athletics-championships-oregon-2022-7137279/results/men/400-metres/semi-finals/result,2026-09-30T22:55:47Z
WCH2022-400m-M-SF-H3,WCH2022,400m,M,SF,3,2022-07-20,19:31,1.0,Mikhail LITVIN,14595104,KAZ,0.189,0.189,45.63,https://worldathletics.org/competitions/world-athletics-championships/world-athletics-championships-oregon-2022-7137279/results/men/400-metres/semi-finals/result,2026-09-30T22:55:47Z
WCH2022-400m-M-SF-H3,WCH2022,400m,M,SF,3,2022-07-20,19:31,7.0,Isaac MAKWALA,14176330,BOT,0.158,0.158,46.04,https://worldathletics.org/competitions/world-athletics-championships/world-athletics-championships-oregon-2022-7137279/results/men/400-metres/semi-finals/result,2026-09-30T22:55:47Z
WCH2022-4x100m-M-F-H1,WCH2022,4x100m,M,F,1,2022-07-23,19:50,4.0,Canada,48,CAN,0.147,0.147,37.48,https://worldathletics.org/competitions/world-athletics-championships/world-athletics-championships-oregon-2022-7137279/results/men/4x100-metres-relay/final/result,2026-09-30T22:56:20Z
WCH2022-4x100m-M-F-H1,WCH2022,4x100m,M,F,1,2022-07-23,19:50,3.0,United States,6,USA,0.112,0.112,37.55,https://worldathletics.org/competitions/world-athletics-championships/world-athletics-championships-oregon-2022-7137279/results/men/4x100-metres-relay/final/result,2026-09-30T22:56:20Z
WCH2022-4x100m-M-F-H1,WCH2022,4x100m,M,F,1,2022-07-23,19:50,6.0,Great Britain & NI,5,GBR,0.170,0.17,37.83,https://worldathletics.org/competitions/world-athletics-championships/world-athletics-championships-oregon-2022-7137279/results/men/4x100-metres-relay/final/result,2026-09-30T22:56:20Z
WCH2022-4x100m-M-F-H1,WCH2022,4x100m,M,F,1,2022-07-23,19:50,2.0,Jamaica,23,JAM,0.141,0.141,38.06,https://worldathletics.org/competitions/world-athletics-championships/world-athletics-championships-oregon-2022-7137279/results/men/4x100-metres-relay/final/result,2026-09-30T22:56:20Z
WCH2022-4x100m-M-F-H1,WCH2022,4x100m,M,F,1,2022-07-23,19:50,8.0,Ghana,53,GHA,0.127,0.127,38.07,https://worldathletics.org/competitions/world-athletics-championships/world-athletics-championships-oregon-2022-7137279/results/men/4x100-metres-relay/final/result,2026-09-30T22:56:20Z
WCH2022-4x100m-M-F-H1,WCH2022,4x100m,M,F,1,2022-07-23,19:50,7.0,South Africa,15,RSA,0.179,0.179,38.10,https://worldathletics.org/competitions/world-athletics-championships/world-athletics-championships-oregon-2022-7137279/results/men/4x100-metres-relay/final/result,2026-09-30T22:56:20Z
WCH2022-4x100m-M-F-H1,WCH2022,4x100m,M,F,1,2022-07-23,19:50,1.0,Brazil,21,BRA,0.122,0.122,38.25,https://worldathletics.org/competitions/world-athletics-championships/world-athletics-championships-oregon-2022-7137279/results/men/4x100-metres-relay/final/result,2026-09-30T22:56:20Z
WCH2022-4x100m-M-F-H1,WCH2022,4x100m,M,F,1,2022-07-23,19:50,5.0,France,52,FRA,0.120,0.12,DQ,https://worldathletics.org/competitions/world-athletics-championships/world-athletics-championships-oregon-2022-7137279/results/men/4x100-metres-relay/final/result,2026-09-30T22:56:20Z
WCH2022-4x100m-M-R1-H1,WCH2022,4x100m,M,R1,1,2022-07-22,18:05,7.0,United States,6,USA,0.135,0.135,37.87,https://worldathletics.org/competitions/world-athletics-championships/world-athletics-championships-oregon-2022-7137279/results/men/4x100-metres-relay/round-1/result,2026-09-30T22:56:23Z
WCH2022-4x100m-M-R1-H1,WCH2022,4x100m,M,R1,1,2022-07-22,18:05,4.0,Great Britain & NI,5,GBR,0.162,0.162,38.49,https://worldathletics.org/competitions/world-athletics-championships/world-athletics-championships-oregon-2022-7137279/results/men/4x100-metres-relay/round-1/result,2026-09-30T22:56:23Z
WCH2022-4x100m-M-R1-H1,WCH2022,4x100m,M,R1,1,2022-07-22,18:05,8.0,Ghana,53,GHA,0.134,0.134,38.58,https://worldathletics.org/competitions/world-athletics-championships/world-athletics-championships-oregon-2022-7137279/results/men/4x100-metres-relay/round-1/result,2026-09-30T22:56:23Z
WCH2022-4x100m-M-R1-H1,WCH2022,4x100m,M,R1,1,2022-07-22,18:05,1.0,Germany,61,GER,0.147,0.147,38.83,https://worldathletics.org/competitions/world-athletics-championships/world-athletics-championships-oregon-2022-7137279/results/men/4x100-metres-relay/round-1/result,2026-09-30T22:56:23Z
WCH2022-4x100m-M-R1-H1,WCH2022,4x100m,M,R1,1,2022-07-22,18:05,5.0,PR of China,62,CHN,0.138,0.138,38.83,https://worldathletics.org/competitions/world-athletics-championships/world-athletics-championships-oregon-2022-7137279/results/men/4x100-metres-relay/round-1/result,2026-09-30T22:56:23Z
WCH2022-4x100m-M-R1-H1,WCH2022,4x100m,M,R1,1,2022-07-22,18:05,6.0,Netherlands,55,NED,0.260,0.26,39.07,https://worldathletics.org/competitions/world-athletics-championships/world-athletics-championships-oregon-2022-7137279/results/men/4x100-metres-relay/round-1/result,2026-09-30T22:56:23Z
WCH2022-4x100m-M-R1-H1,WCH2022,4x100m,M,R1,1,2022-07-22,18:05,2.0,Nigeria,14,NGR,0.123,0.123,DQ,https://worldathletics.org/competitions/world-athletics-championships/world-athletics-championships-oregon-2022-7137279/results/men/4x100-metres-relay/round-1/result,2026-09-30T22:56:23Z
WCH2022-4x100m-M-R1-H1,WCH2022,4x100m,M,R1,1,2022-07-22,18:05,3.0,Japan,29,JPN,0.112,0.112,DQ,https://worldathletics.org/competitions/world-athletics-championships/world-athletics-championships-oregon-2022-7137279/results/men/4x100-metres-relay/round-1/result,2026-09-30T22:56:23Z
WCH2022-4x100m-M-R1-H2,WCH2022,4x100m,M,R1,2,2022-07-22,18:14,5.0,France,52,FRA,0.128,0.128,38.09,https://worldathletics.org/competitions/world-athletics-championships/world-athletics-championships-oregon-2022-7137279/results/men/4x100-metres-relay/round-1/result,2026-09-30T22:56:23Z
WCH2022-4x100m-M-R1-H2,WCH2022,4x100m,M,R1,2,2022-07-22,18:14,7.0,Canada,48,CAN,0.148,0.148,38.10,https://worldathletics.org/competitions/world-athletics-championships/world-athletics-championships-oregon-2022-7137279/results/men/4x100-metres-relay/round-1/result,2026-09-30T22:56:23Z
WCH2022-4x100m-M-R1-H2,WCH2022,4x100m,M,R1,2,2022-07-22,18:14,2.0,South Africa,15,RSA,0.135,0.135,38.31,https://worldathletics.org/competitions/world-athletics-championships/world-athletics-championships-oregon-2022-7137279/results/men/4x100-metres-relay/round-1/result,2026-09-30T22:56:23Z
WCH2022-4x100m-M-R1-H2,WCH2022,4x100m,M,R1,2,2022-07-22,18:14,8.0,Jamaica,23,JAM,0.135,0.135,38.33,https://worldathletics.org/competitions/world-athletics-championships/world-athletics-championships-oregon-2022-7137279/results/men/4x100-metres-relay/round-1/result,2026-09-30T22:56:23Z
WCH2022-4x100m-M-R1-H2,WCH2022,4x100m,M,R1,2,2022-07-22,18:14,3.0,Brazil,21,BRA,0.110,0.11,38.41,https://worldathletics.org/competitions/world-athletics-championships/world-athletics-championships-oregon-2022-7137279/results/men/4x100-metres-relay/round-1/result,2026-09-30T22:56:23Z
WCH2022-4x100m-M-R1-H2,WCH2022,4x100m,M,R1,2,2022-07-22,18:14,6.0,Spain,88,ESP,0.122,0.122,38.70,https://worldathletics.org/competitions/world-athletics-championships/world-athletics-championships-oregon-2022-7137279/results/men/4x100-metres-relay/round-1/result,2026-09-30T22:56:23Z
WCH2022-4x100m-M-R1-H2,WCH2022,4x100m,M,R1,2,2022-07-22,18:14,4.0,Italy,40,ITA,0.134,0.134,38.74,https://worldathletics.org/competitions/world-athletics-championships/world-athletics-championships-oregon-2022-7137279/results/men/4x100-metres-relay/round-1/result,2026-09-30T22:56:23Z
WCH2022-4x100m-M-R1-H2,WCH2022,4x100m,M,R1,2,2022-07-22,18:14,1.0,Denmark,578,DEN,0.121,0.121,DNF,https://worldathletics.org/competitions/world-athletics-championships/world-athletics-championships-oregon-2022-7137279/results/men/4x100-metres-relay/round-1/result,2026-09-30T22:56:23Z
WCH2022-4x400m-M-F-H1,WCH2022,4x400m,M,F,1,2022-07-24,19:35,6.0,United States,6,USA,0.179,0.179,2:56.17,https://worldathletics.org/competitions/world-athletics-championships/world-athletics-championships-oregon-2022-7137279/results/men/4x400-metres-relay/final/result,2026-09-30T22:56:33Z
WCH2022-4x400m-M-F-H1,WCH2022,4x400m,M,F,1,2022-07-24,19:35,8.0,Jamaica,23,JAM,0.190,0.19,2:58.58,https://worldathletics.org/competitions/world-athletics-championships/world-athletics-championships-oregon-2022-7137279/results/men/4x400-metres-relay/final/result,2026-09-30T22:56:33Z
WCH2022-4x400m-M-F-H1,WCH2022,4x400m,M,F,1,2022-07-24,19:35,5.0,Belgium,47,BEL,0.145,0.145,2:58.72,https://worldathletics.org/competitions/world-athletics-championships/world-athletics-championships-oregon-2022-7137279/results/men/4x400-metres-relay/final/result,2026-09-30T22:56:33Z
WCH2022-4x400m-M-F-H1,WCH2022,4x400m,M,F,1,2022-07-24,19:35,3.0,Japan,29,JPN,0.165,0.165,2:59.51,https://worldathletics.org/competitions/world-athletics-championships/world-athletics-championships-oregon-2022-7137279/results/men/4x400-metres-relay/final/result,2026-09-30T22:56:33Z
WCH2022-4x400m-M-F-H1,WCH2022,4x400m,M,F,1,2022-07-24,19:35,9.0,Trinidad and Tobago,59,TTO,0.165,0.165,3:00.03,https://worldathletics.org/competitions/world-athletics-championships/world-athletics-championships-oregon-2022-7137279/results/men/4x400-metres-relay/final/result,2026-09-30T22:56:33Z
WCH2022-4x400m-M-F-H1,WCH2022,4x400m,M,F,1,2022-07-24,19:35,1.0,Botswana,110,BOT,0.165,0.165,3:00.14,https://worldathletics.org/competitions/world-athletics-championships/world-athletics-championships-oregon-2022-7137279/results/men/4x400-metres-relay/final/result,2026-09-30T22:56:33Z
WCH2022-4x400m-M-F-H1,WCH2022,4x400m,M,F,1,2022-07-24,19:35,2.0,France,52,FRA,0.136,0.136,3:01.35,https://worldathletics.org/competitions/world-athletics-championships/world-athletics-championships-oregon-2022-7137279/results/men/4x400-metres-relay/final/result,2026-09-30T22:56:33Z
WCH2022-4x400m-M-F-H1,WCH2022,4x400m,M,F,1,2022-07-24,19:35,4.0,Czech Republic,97,CZE,0.124,0.124,3:01.63,https://worldathletics.org/competitions/world-athletics-championships/world-athletics-championships-oregon-2022-7137279/results/men/4x400-metres-relay/final/result,2026-09-30T22:56:33Z
WCH2022-4x400m-M-F-H1,WCH2022,4x400m,M,F,1,2022-07-24,19:35,7.0,Poland,8,POL,0.162,0.162,3:02.51,https://worldathletics.org/competitions/world-athletics-championships/world-athletics-championships-oregon-2022-7137279/results/men/4x400-metres-relay/final/result,2026-09-30T22:56:33Z
WCH2022-4x400m-M-R1-H1,WCH2022,4x400m,M,R1,1,2022-07-23,17:40,6.0,United States,6,USA,0.164,0.164,2:58.96,https://worldathletics.org/competitions/world-athletics-championships/world-athletics-championships-oregon-2022-7137279/results/men/4x400-metres-relay/round-1/result,2026-09-30T22:56:36Z
WCH2022-4x400m-M-R1-H1,WCH2022,4x400m,M,R1,1,2022-07-23,17:40,5.0,Japan,29,JPN,0.172,0.172,3:01.53,https://worldathletics.org/competitions/world-athletics-championships/world-athletics-championships-oregon-2022-7137279/results/men/4x400-metres-relay/round-1/result,2026-09-30T22:56:36Z
WCH2022-4x400m-M-R1-H1,WCH2022,4x400m,M,R1,1,2022-07-23,17:40,3.0,Jamaica,23,JAM,0.222,0.222,3:01.59,https://worldathletics.org/competitions/world-athletics-championships/world-athletics-championships-oregon-2022-7137279/results/men/4x400-metres-relay/round-1/result,2026-09-30T22:56:36Z
WCH2022-4x400m-M-R1-H1,WCH2022,4x400m,M,R1,1,2022-07-23,17:40,2.0,Trinidad and Tobago,59,TTO,0.141,0.141,3:02.75,https://worldathletics.org/competitions/world-athletics-championships/world-athletics-championships-oregon-2022-7137279/results/men/4x400-metres-relay/round-1/result,2026-09-30T22:56:36Z
WCH2022-4x400m-M-R1-H1,WCH2022,4x400m,M,R1,1,2022-07-23,17:40,7.0,Netherlands,55,NED,0.138,0.138,3:03.14,https://worldathletics.org/competitions/world-athletics-championships/world-athletics-championships-oregon-2022-7137279/results/men/4x400-metres-relay/round-1/result,2026-09-30T22:56:36Z
WCH2022-4x400m-M-R1-H1,WCH2022,4x400m,M,R1,1,2022-07-23,17:40,8.0,India,37,IND,0.153,0.153,3:07.29,https://worldathletics.org/competitions/world-athletics-championships/world-athletics-championships-oregon-2022-7137279/results/men/4x400-metres-relay/round-1/result,2026-09-30T22:56:36Z
WCH2022-4x400m-M-R1-H1,WCH2022,4x400m,M,R1,1,2022-07-23,17:40,4.0,South Africa,15,RSA,,,DNS,https://worldathletics.org/competitions/world-athletics-championships/world-athletics-championships-oregon-2022-7137279/results/men/4x400-metres-relay/round-1/result,2026-09-30T22:56:36Z
WCH2022-4x400m-M-R1-H2,WCH2022,4x400m,M,R1,2,2022-07-23,17:52,4.0,Belgium,47,BEL,0.192,0.192,3:01.96,https://worldathletics.org/competitions/world-athletics-championships/world-athletics-championships-oregon-2022-7137279/results/men/4x400-metres-relay/round-1/result,2026-09-30T22:56:36Z
WCH2022-4x400m-M-R1-H2,WCH2022,4x400m,M,R1,2,2022-07-23,17:52,5.0,Czech Republic,97,CZE,0.120,0.12,3:02.42,https://worldathletics.org/competitions/world-athletics-championships/world-athletics-championships-oregon-2022-7137279/results/men/4x400-metres-relay/round-1/result,2026-09-30T22:56:36Z
WCH2022-4x400m-M-R1-H2,WCH2022,4x400m,M,R1,2,2022-07-23,17:52,1.0,Poland,8,POL,0.176,0.176,3:02.51,https://worldathletics.org/competitions/world-athletics-championships/world-athletics-championships-oregon-2022-7137279/results/men/4x400-metres-relay/round-1/result,2026-09-30T22:56:36Z
WCH2022-4x400m-M-R1-H2,WCH2022,4x400m,M,R1,2,2022-07-23,17:52,8.0,France,52,FRA,0.163,0.163,3:03.13,https://worldathletics.org/competitions/world-athletics-championships/world-athletics-championships-oregon-2022-7137279/results/men/4x400-metres-relay/round-1/result,2026-09-30T22:56:36Z
WCH2022-4x400m-M-R1-H2,WCH2022,4x400m,M,R1,2,2022-07-23,17:52,3.0,Italy,40,ITA,0.155,0.155,3:03.43,https://worldathletics.org/competitions/world-athletics-championships/world-athletics-championships-oregon-2022-7137279/results/men/4x400-metres-relay/round-1/result,2026-09-30T22:56:36Z
WCH2022-4x400m-M-R1-H2,WCH2022,4x400m,M,R1,2,2022-07-23,17:52,6.0,Germany,61,GER,0.161,0.161,3:04.21,https://worldathletics.org/competitions/world-athletics-championships/world-athletics-championships-oregon-2022-7137279/results/men/4x400-metres-relay/round-1/result,2026-09-30T22:56:36Z
WCH2022-4x400m-M-R1-H2,WCH2022,4x400m,M,R1,2,2022-07-23,17:52,7.0,Botswana,110,BOT,0.176,0.176,3:07.32,https://worldathletics.org/competitions/world-athletics-championships/world-athletics-championships-oregon-2022-7137279/results/men/4x400-metres-relay/round-1/result,2026-09-30T22:56:36Z
WCH2022-4x400m-M-R1-H2,WCH2022,4x400m,M,R1,2,2022-07-23,17:52,2.0,Dominican Republic,51,DOM,,,DNS,https://worldathletics.org/competitions/world-athletics-championships/world-athletics-championships-oregon-2022-7137279/results/men/4x400-metres-relay/round-1/result,2026-09-30T22:56:36Z
WCH2022-400m-W-F-H1,WCH2022,400m,W,F,1,2022-07-22,19:15,3.0,Shaunae MILLER-UIBO,14368116,BAH,0.123,0.123,49.11,https://worldathletics.org/competitions/world-athletics-championships/world-athletics-championships-oregon-2022-7137279/results/women/400-metres/final/result,2026-09-30T22:55:51Z
WCH2022-400m-W-F-H1,WCH2022,400m,W,F,1,2022-07-22,19:15,6.0,Marileidy PAULINO,14749613,DOM,0.189,0.189,49.60,https://worldathletics.org/competitions/world-athletics-championships/world-athletics-championships-oregon-2022-7137279/results/women/400-metres/final/result,2026-09-30T22:55:51Z
WCH2022-400m-W-F-H1,WCH2022,400m,W,F,1,2022-07-22,19:15,7.0,Sada WILLIAMS,14592846,BAR,0.181,0.181,49.75,https://worldathletics.org/competitions/world-athletics-championships/world-athletics-championships-oregon-2022-7137279/results/women/400-metres/final/result,2026-09-30T22:55:51Z
WCH2022-400m-W-F-H1,WCH2022,400m,W,F,1,2022-07-22,19:15,8.0,Lieke KLAVER,14560483,NED,0.107,0.107,50.33,https://worldathletics.org/competitions/world-athletics-championships/world-athletics-championships-oregon-2022-7137279/results/women/400-metres/final/result,2026-09-30T22:55:51Z
WCH2022-400m-W-F-H1,WCH2022,400m,W,F,1,2022-07-22,19:15,2.0,Stephenie Ann MCPHERSON,14285809,JAM,0.131,0.131,50.36,https://worldathletics.org/competitions/world-athletics-championships/world-athletics-championships-oregon-2022-7137279/results/women/400-metres/final/result,2026-09-30T22:55:51Z
WCH2022-400m-W-F-H1,WCH2022,400m,W,F,1,2022-07-22,19:15,4.0,Fiordaliza COFIL,14839902,DOM,0.173,0.173,50.57,https://worldathletics.org/competitions/world-athletics-championships/world-athletics-championships-oregon-2022-7137279/results/women/400-metres/final/result,2026-09-30T22:55:51Z
WCH2022-400m-W-F-H1,WCH2022,400m,W,F,1,2022-07-22,19:15,5.0,Candice MCLEOD,14587165,JAM,0.159,0.159,50.78,https://worldathletics.org/competitions/world-athletics-championships/world-athletics-championships-oregon-2022-7137279/results/women/400-metres/final/result,2026-09-30T22:55:51Z
WCH2022-400m-W-F-H1,WCH2022,400m,W,F,1,2022-07-22,19:15,1.0,Anna KIEŁBASIŃSKA,14293852,POL,0.147,0.147,50.81,https://worldathletics.org/competitions/world-athletics-championships/world-athletics-championships-oregon-2022-7137279/results/women/400-metres/final/result,2026-09-30T22:55:51Z
WCH2022-400mH-W-F-H1,WCH2022,400mH,W,F,1,2022-07-22,19:50,5.0,Sydney MCLAUGHLIN,14624749,USA,0.158,0.158,50.68,https://worldathletics.org/competitions/world-athletics-championships/world-athletics-championships-oregon-2022-7137279/results/women/400-metres-hurdles/final/result,2026-09-30T22:56:10Z
WCH2022-400mH-W-F-H1,WCH2022,400mH,W,F,1,2022-07-22,19:50,4.0,Femke BOL,14707010,NED,0.179,0.179,52.27,https://worldathletics.org/competitions/world-athletics-championships/world-athletics-championships-oregon-2022-7137279/results/women/400-metres-hurdles/final/result,2026-09-30T22:56:10Z
WCH2022-400mH-W-F-H1,WCH2022,400mH,W,F,1,2022-07-22,19:50,6.0,Dalilah MUHAMMAD,14317560,USA,0.162,0.162,53.13,https://worldathletics.org/competitions/world-athletics-championships/world-athletics-championships-oregon-2022-7137279/results/women/400-metres-hurdles/final/result,2026-09-30T22:56:10Z
WCH2022-400mH-W-F-H1,WCH2022,400mH,W,F,1,2022-07-22,19:50,3.0,Shamier LITTLE,14443767,USA,0.147,0.147,53.76,https://worldathletics.org/competitions/world-athletics-championships/world-athletics-championships-oregon-2022-7137279/results/women/400-metres-hurdles/final/result,2026-09-30T22:56:10Z
WCH2022-400mH-W-F-H1,WCH2022,400mH,W,F,1,2022-07-22,19:50,1.0,Britton WILSON,14716862,USA,0.141,0.141,54.02,https://worldathletics.org/competitions/world-athletics-championships/world-athletics-championships-oregon-2022-7137279/results/women/400-metres-hurdles/final/result,2026-09-30T22:56:10Z
WCH2022-400mH-W-F-H1,WCH2022,400mH,W,F,1,2022-07-22,19:50,2.0,Rushell CLAYTON,14425208,JAM,0.145,0.145,54.36,https://worldathletics.org/competitions/world-athletics-championships/world-athletics-championships-oregon-2022-7137279/results/women/400-metres-hurdles/final/result,2026-09-30T22:56:10Z
WCH2022-400mH-W-F-H1,WCH2022,400mH,W,F,1,2022-07-22,19:50,7.0,Gianna WOODRUFF,14423522,PAN,0.177,0.177,54.75,https://worldathletics.org/competitions/world-athletics-championships/world-athletics-championships-oregon-2022-7137279/results/women/400-metres-hurdles/final/result,2026-09-30T22:56:10Z
WCH2022-400mH-W-F-H1,WCH2022,400mH,W,F,1,2022-07-22,19:50,8.0,Anna RYZHYKOVA,14304336,UKR,0.167,0.167,54.93,https://worldathletics.org/competitions/world-athletics-championships/world-athletics-championships-oregon-2022-7137279/results/women/400-metres-hurdles/final/result,2026-09-30T22:56:10Z
WCH2022-400mH-W-R1-H1,WCH2022,400mH,W,R1,1,2022-07-19,17:15,8.0,Sydney MCLAUGHLIN-LEVRONE,14624749,USA,0.168,0.168,53.95,https://worldathletics.org/competitions/world-athletics-championships/world-athletics-championships-oregon-2022-7137279/results/women/400-metres-hurdles/round-1/result,2026-09-30T22:56:14Z
WCH2022-400mH-W-R1-H1,WCH2022,400mH,W,R1,1,2022-07-19,17:15,2.0,Anna RYZHYKOVA,14304336,UKR,0.139,0.139,54.93,https://worldathletics.org/competitions/world-athletics-championships/world-athletics-championships-oregon-2022-7137279/results/women/400-metres-hurdles/round-1/result,2026-09-30T22:56:14Z
WCH2022-400mH-W-R1-H1,WCH2022,400mH,W,R1,1,2022-07-19,17:15,7.0,Sara GALLEGO,14692008,ESP,0.125,0.125,55.09,https://worldathletics.org/competitions/world-athletics-championships/world-athletics-championships-oregon-2022-7137279/results/women/400-metres-hurdles/round-1/result,2026-09-30T22:56:14Z
WCH2022-400mH-W-R1-H1,WCH2022,400mH,W,R1,1,2022-07-19,17:15,5.0,Paulien COUCKUYT,14508434,BEL,0.168,0.168,55.42,https://worldathletics.org/competitions/world-athletics-championships/world-athletics-championships-oregon-2022-7137279/results/women/400-metres-hurdles/round-1/result,2026-09-30T22:56:14Z
WCH2022-400mH-W-R1-H1,WCH2022,400mH,W,R1,1,2022-07-19,17:15,6.0,Yasmin GIGER,14573915,SUI,0.149,0.149,55.90,https://worldathletics.org/competitions/world-athletics-championships/world-athletics-championships-oregon-2022-7137279/results/women/400-metres-hurdles/round-1/result,2026-09-30T22:56:14Z
WCH2022-400mH-W-R1-H1,WCH2022,400mH,W,R1,1,2022-07-19,17:15,4.0,Grace CLAXTON,14414638,PUR,0.185,0.185,56.40,https://worldathletics.org/competitions/world-athletics-championships/world-athletics-championships-oregon-2022-7137279/results/women/400-metres-hurdles/round-1/result,2026-09-30T22:56:14Z
WCH2022-400mH-W-R1-H1,WCH2022,400mH,W,R1,1,2022-07-19,17:15,3.0,Chayenne DA SILVA,14717813,BRA,0.154,0.154,59.46,https://worldathletics.org/competitions/world-athletics-championships/world-athletics-championships-oregon-2022-7137279/results/women/400-metres-hurdles/round-1/result,2026-09-30T22:56:14Z
WCH2022-400mH-W-R1-H2,WCH2022,400mH,W,R1,2,2022-07-19,17:22,5.0,Janieve RUSSELL,14334022,JAM,0.124,0.124,54.52,https://worldathletics.org/competitions/world-athletics-championships/world-athletics-championships-oregon-2022-7137279/results/women/400-metres-hurdles/round-1/result,2026-09-30T22:56:14Z
WCH2022-400mH-W-R1-H2,WCH2022,400mH,W,R1,2,2022-07-19,17:22,8.0,Shamier LITTLE,14443767,USA,0.165,0.165,54.77,https://worldathletics.org/competitions/world-athletics-championships/world-athletics-championships-oregon-2022-7137279/results/women/400-metres-hurdles/round-1/result,2026-09-30T22:56:14Z
WCH2022-400mH-W-R1-H2,WCH2022,400mH,W,R1,2,2022-07-19,17:22,3.0,Viivi LEHIKOINEN,14527527,FIN,0.165,0.165,54.95,https://worldathletics.org/competitions/world-athletics-championships/world-athletics-championships-oregon-2022-7137279/results/women/400-metres-hurdles/round-1/result,2026-09-30T22:56:14Z
WCH2022-400mH-W-R1-H2,WCH2022,400mH,W,R1,2,2022-07-19,17:22,2.0,Viktoriya TKACHUK,14426923,UKR,0.199,0.199,55.27,https://worldathletics.org/competitions/world-athletics-championships/world-athletics-championships-oregon-2022-7137279/results/women/400-metres-hurdles/round-1/result,2026-09-30T22:56:14Z
WCH2022-400mH-W-R1-H2,WCH2022,400mH,W,R1,2,2022-07-19,17:22,7.0,Portia BING,14384250,NZL,0.150,0.15,55.72,https://worldathletics.org/competitions/world-athletics-championships/world-athletics-championships-oregon-2022-7137279/results/women/400-metres-hurdles/round-1/result,2026-09-30T22:56:14Z
WCH2022-400mH-W-R1-H2,WCH2022,400mH,W,R1,2,2022-07-19,17:22,6.0,Linda OLIVIERI,14627059,ITA,0.152,0.152,56.09,https://worldathletics.org/competitions/world-athletics-championships/world-athletics-championships-oregon-2022-7137279/results/women/400-metres-hurdles/round-1/result,2026-09-30T22:56:14Z
WCH2022-400mH-W-R1-H2,WCH2022,400mH,W,R1,2,2022-07-19,17:22,4.0,Aminat JAMAL,14701082,BRN,0.227,0.227,56.78,https://worldathletics.org/competitions/world-athletics-championships/world-athletics-championships-oregon-2022-7137279/results/women/400-metres-hurdles/round-1/result,2026-09-30T22:56:14Z
WCH2022-400mH-W-R1-H2,WCH2022,400mH,W,R1,2,2022-07-19,17:22,1.0,Yanique HAYE-SMITH,14365596,TKS,0.205,0.205,57.99,https://worldathletics.org/competitions/world-athletics-championships/world-athletics-championships-oregon-2022-7137279/results/women/400-metres-hurdles/round-1/result,2026-09-30T22:56:14Z
WCH2022-400mH-W-R1-H3,WCH2022,400mH,W,R1,3,2022-07-19,17:29,8.0,Femke BOL,14707010,NED,0.191,0.191,53.90,https://worldathletics.org/competitions/world-athletics-championships/world-athletics-championships-oregon-2022-7137279/results/women/400-metres-hurdles/round-1/result,2026-09-30T22:56:14Z
WCH2022-400mH-W-R1-H3,WCH2022,400mH,W,R1,3,2022-07-19,17:29,7.0,Zenéy VAN DER WALT,14639191,RSA,0.160,0.16,55.05,https://worldathletics.org/competitions/world-athletics-championships/world-athletics-championships-oregon-2022-7137279/results/women/400-metres-hurdles/round-1/result,2026-09-30T22:56:14Z
WCH2022-400mH-W-R1-H3,WCH2022,400mH,W,R1,3,2022-07-19,17:29,6.0,Gianna WOODRUFF,14423522,PAN,0.185,0.185,55.21,https://worldathletics.org/competitions/world-athletics-championships/world-athletics-championships-oregon-2022-7137279/results/women/400-metres-hurdles/round-1/result,2026-09-30T22:56:14Z
WCH2022-400mH-W-R1-H3,WCH2022,400mH,W,R1,3,2022-07-19,17:29,2.0,Jessie KNIGHT,14430428,GBR,0.144,0.144,55.48,https://worldathletics.org/competitions/world-athletics-championships/world-athletics-championships-oregon-2022-7137279/results/women/400-metres-hurdles/round-1/result,2026-09-30T22:56:14Z
WCH2022-400mH-W-R1-H3,WCH2022,400mH,W,R1,3,2022-07-19,17:29,4.0,Rebecca SARTORI,14567410,ITA,0.184,0.184,55.72,https://worldathletics.org/competitions/world-athletics-championships/world-athletics-championships-oregon-2022-7137279/results/women/400-metres-hurdles/round-1/result,2026-09-30T22:56:14Z
WCH2022-400mH-W-R1-H3,WCH2022,400mH,W,R1,3,2022-07-19,17:29,5.0,Thi Lan QUACH,14483951,VIE,0.186,0.186,DQ,https://worldathletics.org/competitions/world-athletics-championships/world-athletics-championships-oregon-2022-7137279/results/women/400-metres-hurdles/round-1/result,2026-09-30T22:56:14Z
WCH2022-400mH-W-R1-H3,WCH2022,400mH,W,R1,3,2022-07-19,17:29,3.0,Daniela LEDECKÁ,14559616,SVK,0.138,0.138,DNF,https://worldathletics.org/competitions/world-athletics-championships/world-athletics-championships-oregon-2022-7137279/results/women/400-metres-hurdles/round-1/result,2026-09-30T22:56:14Z
WCH2022-400mH-W-R1-H4,WCH2022,400mH,W,R1,4,2022-07-19,17:36,3.0,Dalilah MUHAMMAD,14317560,USA,0.169,0.169,54.45,https://worldathletics.org/competitions/world-athletics-championships/world-athletics-championships-oregon-2022-7137279/results/women/400-metres-hurdles/round-1/result,2026-09-30T22:56:14Z
WCH2022-400mH-W-R1-H4,WCH2022,400mH,W,R1,4,2022-07-19,17:36,2.0,Shiann SALMON,14574022,JAM,0.176,0.176,54.91,https://worldathletics.org/competitions/world-athletics-championships/world-athletics-championships-oregon-2022-7137279/results/women/400-metres-hurdles/round-1/result,2026-09-30T22:56:14Z
WCH2022-400mH-W-R1-H4,WCH2022,400mH,W,R1,4,2022-07-19,17:36,4.0,Sarah CARLI,14406120,AUS,0.279,0.279,55.89,https://worldathletics.org/competitions/world-athletics-championships/world-athletics-championships-oregon-2022-7137279/results/women/400-metres-hurdles/round-1/result,2026-09-30T22:56:14Z
WCH2022-400mH-W-R1-H4,WCH2022,400mH,W,R1,4,2022-07-19,17:36,5.0,Melissa GONZALEZ,14480108,COL,0.143,0.143,56.24,https://worldathletics.org/competitions/world-athletics-championships/world-athletics-championships-oregon-2022-7137279/results/women/400-metres-hurdles/round-1/result,2026-09-30T22:56:14Z
WCH2022-400mH-W-R1-H4,WCH2022,400mH,W,R1,4,2022-07-19,17:36,6.0,Kristiina HALONEN,14461736,FIN,0.136,0.136,56.68,https://worldathletics.org/competitions/world-athletics-championships/world-athletics-championships-oregon-2022-7137279/results/women/400-metres-hurdles/round-1/result,2026-09-30T22:56:14Z
WCH2022-400mH-W-R1-H4,WCH2022,400mH,W,R1,4,2022-07-19,17:36,1.0,Jiadie MO,14744957,CHN,0.181,0.181,57.01,https://worldathletics.org/competitions/world-athletics-championships/world-athletics-championships-oregon-2022-7137279/results/women/400-metres-hurdles/round-1/result,2026-09-30T22:56:14Z
WCH2022-400mH-W-R1-H4,WCH2022,400mH,W,R1,4,2022-07-19,17:36,7.0,Agata ZUPIN,14546281,SLO,0.193,0.193,57.12,https://worldathletics.org/competitions/world-athletics-championships/world-athletics-championships-oregon-2022-7137279/results/women/400-metres-hurdles/round-1/result,2026-09-30T22:56:14Z
WCH2022-400mH-W-R1-H4,WCH2022,400mH,W,R1,4,2022-07-19,17:36,8.0,Lina NIELSEN,14594317,GBR,0.176,0.176,57.42,https://worldathletics.org/competitions/world-athletics-championships/world-athletics-championships-oregon-2022-7137279/results/women/400-metres-hurdles/round-1/result,2026-09-30T22:56:14Z
WCH2022-400mH-W-R1-H5,WCH2022,400mH,W,R1,5,2022-07-19,17:43,4.0,Britton WILSON,14716862,USA,0.154,0.154,54.54,https://worldathletics.org/competitions/world-athletics-championships/world-athletics-championships-oregon-2022-7137279/results/women/400-metres-hurdles/round-1/result,2026-09-30T22:56:14Z
WCH2022-400mH-W-R1-H5,WCH2022,400mH,W,R1,5,2022-07-19,17:43,5.0,Ayomide FOLORUNSO,14484475,ITA,0.176,0.176,54.69,https://worldathletics.org/competitions/world-athletics-championships/world-athletics-championships-oregon-2022-7137279/results/women/400-metres-hurdles/round-1/result,2026-09-30T22:56:14Z
WCH2022-400mH-W-R1-H5,WCH2022,400mH,W,R1,5,2022-07-19,17:43,7.0,Amalie IUEL,14481392,NOR,0.140,0.14,54.70,https://worldathletics.org/competitions/world-athletics-championships/world-athletics-championships-oregon-2022-7137279/results/women/400-metres-hurdles/round-1/result,2026-09-30T22:56:14Z
WCH2022-400mH-W-R1-H5,WCH2022,400mH,W,R1,5,2022-07-19,17:43,2.0,Rushell CLAYTON,14425208,JAM,0.157,0.157,54.99,https://worldathletics.org/competitions/world-athletics-championships/world-athletics-championships-oregon-2022-7137279/results/women/400-metres-hurdles/round-1/result,2026-09-30T22:56:14Z
WCH2022-400mH-W-R1-H5,WCH2022,400mH,W,R1,5,2022-07-19,17:43,3.0,Carolina KRAFZIK,14507606,GER,0.179,0.179,56.24,https://worldathletics.org/competitions/world-athletics-championships/world-athletics-championships-oregon-2022-7137279/results/women/400-metres-hurdles/round-1/result,2026-09-30T22:56:14Z
WCH2022-400mH-W-R1-H5,WCH2022,400mH,W,R1,5,2022-07-19,17:43,6.0,Taylon BIELDT,14630870,RSA,0.157,0.157,56.67,https://worldathletics.org/competitions/world-athletics-championships/world-athletics-championships-oregon-2022-7137279/results/women/400-metres-hurdles/round-1/result,2026-09-30T22:56:14Z
WCH2022-400mH-W-R1-H5,WCH2022,400mH,W,R1,5,2022-07-19,17:43,8.0,Vera BARBOSA,14263886,POR,0.214,0.214,56.79,https://worldathletics.org/competitions/world-athletics-championships/world-athletics-championships-oregon-2022-7137279/results/women/400-metres-hurdles/round-1/result,2026-09-30T22:56:14Z
WCH2022-400mH-W-SF-H1,WCH2022,400mH,W,SF,1,2022-07-20,18:15,4.0,Dalilah MUHAMMAD,14317560,USA,0.224,0.224,53.28,https://worldathletics.org/competitions/world-athletics-championships/world-athletics-championships-oregon-2022-7137279/results/women/400-metres-hurdles/semi-finals/result,2026-09-30T22:56:17Z
WCH2022-400mH-W-SF-H1,WCH2022,400mH,W,SF,1,2022-07-20,18:15,5.0,Anna RYZHYKOVA,14304336,UKR,0.175,0.175,54.51,https://worldathletics.org/competitions/world-athletics-championships/world-athletics-championships-oregon-2022-7137279/results/women/400-metres-hurdles/semi-finals/result,2026-09-30T22:56:17Z
WCH2022-400mH-W-SF-H1,WCH2022,400mH,W,SF,1,2022-07-20,18:15,6.0,Janieve RUSSELL,14334022,JAM,0.130,0.13,54.66,https://worldathletics.org/competitions/world-athletics-championships/world-athletics-championships-oregon-2022-7137279/results/women/400-metres-hurdles/semi-finals/result,2026-09-30T22:56:17Z
WCH2022-400mH-W-SF-H1,WCH2022,400mH,W,SF,1,2022-07-20,18:15,3.0,Zenéy VAN DER WALT,14639191,RSA,0.162,0.162,54.81,https://worldathletics.org/competitions/world-athletics-championships/world-athletics-championships-oregon-2022-7137279/results/women/400-metres-hurdles/semi-finals/result,2026-09-30T22:56:17Z
WCH2022-400mH-W-SF-H1,WCH2022,400mH,W,SF,1,2022-07-20,18:15,8.0,Paulien COUCKUYT,14508434,BEL,0.201,0.201,55.42,https://worldathletics.org/competitions/world-athletics-championships/world-athletics-championships-oregon-2022-7137279/results/women/400-metres-hurdles/semi-finals/result,2026-09-30T22:56:17Z
WCH2022-400mH-W-SF-H1,WCH2022,400mH,W,SF,1,2022-07-20,18:15,1.0,Portia BING,14384250,NZL,0.191,0.191,55.53,https://worldathletics.org/competitions/world-athletics-championships/world-athletics-championships-oregon-2022-7137279/results/women/400-metres-hurdles/semi-finals/result,2026-09-30T22:56:17Z
WCH2022-400mH-W-SF-H1,WCH2022,400mH,W,SF,1,2022-07-20,18:15,7.0,Sarah CARLI,14406120,AUS,0.257,0.257,55.57,https://worldathletics.org/competitions/world-athletics-championships/world-athletics-championships-oregon-2022-7137279/results/women/400-metres-hurdles/semi-finals/result,2026-09-30T22:56:17Z
WCH2022-400mH-W-SF-H1,WCH2022,400mH,W,SF,1,2022-07-20,18:15,2.0,Rebecca SARTORI,14567410,ITA,0.199,0.199,55.90,https://worldathletics.org/competitions/world-athletics-championships/world-athletics-championships-oregon-2022-7137279/results/women/400-metres-hurdles/semi-finals/result,2026-09-30T22:56:17Z
WCH2022-400mH-W-SF-H2,WCH2022,400mH,W,SF,2,2022-07-20,18:24,3.0,Femke BOL,14707010,NED,0.171,0.171,52.84,https://worldathletics.org/competitions/world-athletics-championships/world-athletics-championships-oregon-2022-7137279/results/women/400-metres-hurdles/semi-finals/result,2026-09-30T22:56:17Z
WCH2022-400mH-W-SF-H2,WCH2022,400mH,W,SF,2,2022-07-20,18:24,6.0,Shamier LITTLE,14443767,USA,0.178,0.178,53.61,https://worldathletics.org/competitions/world-athletics-championships/world-athletics-championships-oregon-2022-7137279/results/women/400-metres-hurdles/semi-finals/result,2026-09-30T22:56:17Z
WCH2022-400mH-W-SF-H2,WCH2022,400mH,W,SF,2,2022-07-20,18:24,8.0,Rushell CLAYTON,14425208,JAM,0.169,0.169,53.63,https://worldathletics.org/competitions/world-athletics-championships/world-athletics-championships-oregon-2022-7137279/results/women/400-metres-hurdles/semi-finals/result,2026-09-30T22:56:17Z
WCH2022-400mH-W-SF-H2,WCH2022,400mH,W,SF,2,2022-07-20,18:24,5.0,Britton WILSON,14716862,USA,0.159,0.159,53.72,https://worldathletics.org/competitions/world-athletics-championships/world-athletics-championships-oregon-2022-7137279/results/women/400-metres-hurdles/semi-finals/result,2026-09-30T22:56:17Z
WCH2022-400mH-W-SF-H2,WCH2022,400mH,W,SF,2,2022-07-20,18:24,7.0,Sara GALLEGO,14692008,ESP,0.136,0.136,54.49,https://worldathletics.org/competitions/world-athletics-championships/world-athletics-championships-oregon-2022-7137279/results/women/400-metres-hurdles/semi-finals/result,2026-09-30T22:56:17Z
WCH2022-400mH-W-SF-H2,WCH2022,400mH,W,SF,2,2022-07-20,18:24,4.0,Viivi LEHIKOINEN,14527527,FIN,0.168,0.168,54.60,https://worldathletics.org/competitions/world-athletics-championships/world-athletics-championships-oregon-2022-7137279/results/women/400-metres-hurdles/semi-finals/result,2026-09-30T22:56:17Z
WCH2022-400mH-W-SF-H2,WCH2022,400mH,W,SF,2,2022-07-20,18:24,2.0,Jessie KNIGHT,14430428,GBR,0.148,0.148,55.39,https://worldathletics.org/competitions/world-athletics-championships/world-athletics-championships-oregon-2022-7137279/results/women/400-metres-hurdles/semi-finals/result,2026-09-30T22:56:17Z
WCH2022-400mH-W-SF-H2,WCH2022,400mH,W,SF,2,2022-07-20,18:24,1.0,Linda OLIVIERI,14627059,ITA,0.135,0.135,56.04,https://worldathletics.org/competitions/world-athletics-championships/world-athletics-championships-oregon-2022-7137279/results/women/400-metres-hurdles/semi-finals/result,2026-09-30T22:56:17Z
WCH2022-400mH-W-SF-H3,WCH2022,400mH,W,SF,3,2022-07-20,18:33,6.0,Sydney MCLAUGHLIN,14624749,USA,0.174,0.174,52.17,https://worldathletics.org/competitions/world-athletics-championships/world-athletics-championships-oregon-2022-7137279/results/women/400-metres-hurdles/semi-finals/result,2026-09-30T22:56:17Z
WCH2022-400mH-W-SF-H3,WCH2022,400mH,W,SF,3,2022-07-20,18:33,7.0,Gianna WOODRUFF,14423522,PAN,0.211,0.211,53.69,https://worldathletics.org/competitions/world-athletics-championships/world-athletics-championships-oregon-2022-7137279/results/women/400-metres-hurdles/semi-finals/result,2026-09-30T22:56:17Z
WCH2022-400mH-W-SF-H3,WCH2022,400mH,W,SF,3,2022-07-20,18:33,3.0,Shiann SALMON,14574022,JAM,0.187,0.187,54.16,https://worldathletics.org/competitions/world-athletics-championships/world-athletics-championships-oregon-2022-7137279/results/women/400-metres-hurdles/semi-finals/result,2026-09-30T22:56:17Z
WCH2022-400mH-W-SF-H3,WCH2022,400mH,W,SF,3,2022-07-20,18:33,8.0,Viktoriya TKACHUK,14426923,UKR,0.212,0.212,54.24,https://worldathletics.org/competitions/world-athletics-championships/world-athletics-championships-oregon-2022-7137279/results/women/400-metres-hurdles/semi-finals/result,2026-09-30T22:56:17Z
WCH2022-400mH-W-SF-H3,WCH2022,400mH,W,SF,3,2022-07-20,18:33,5.0,Ayomide Temilade FOLORUNSO,14484475,ITA,0.188,0.188,54.34,https://worldathletics.org/competitions/world-athletics-championships/world-athletics-championships-oregon-2022-7137279/results/women/400-metres-hurdles/semi-finals/result,2026-09-30T22:56:17Z
WCH2022-400mH-W-SF-H3,WCH2022,400mH,W,SF,3,2022-07-20,18:33,4.0,Amalie IUEL,14481392,NOR,0.123,0.123,54.81,https://worldathletics.org/competitions/world-athletics-championships/world-athletics-championships-oregon-2022-7137279/results/women/400-metres-hurdles/semi-finals/result,2026-09-30T22:56:17Z
WCH2022-400mH-W-SF-H3,WCH2022,400mH,W,SF,3,2022-07-20,18:33,1.0,Melissa GONZALEZ,14480108,COL,0.143,0.143,55.13,https://worldathletics.org/competitions/world-athletics-championships/world-athletics-championships-oregon-2022-7137279/results/women/400-metres-hurdles/semi-finals/result,2026-09-30T22:56:17Z
WCH2022-400mH-W-SF-H3,WCH2022,400mH,W,SF,3,2022-07-20,18:33,2.0,Yasmin GIGER,14573915,SUI,0.154,0.154,56.31,https://worldathletics.org/competitions/world-athletics-championships/world-athletics-championships-oregon-2022-7137279/results/women/400-metres-hurdles/semi-finals/result,2026-09-30T22:56:17Z
WCH2022-400m-W-R1-H1,WCH2022,400m,W,R1,1,2022-07-17,12:00,7.0,Shaunae MILLER-UIBO,14368116,BAH,0.123,0.123,51.10,https://worldathletics.org/competitions/world-athletics-championships/world-athletics-championships-oregon-2022-7137279/results/women/400-metres/round-1/result,2026-09-30T22:55:55Z
WCH2022-400m-W-R1-H1,WCH2022,400m,W,R1,1,2022-07-17,12:00,6.0,Aliyah ABRAMS,14447688,GUY,0.148,0.148,51.98,https://worldathletics.org/competitions/world-athletics-championships/world-athletics-championships-oregon-2022-7137279/results/women/400-metres/round-1/result,2026-09-30T22:55:55Z
WCH2022-400m-W-R1-H1,WCH2022,400m,W,R1,1,2022-07-17,12:00,4.0,Gabby SCOTT,14696762,PUR,0.182,0.182,52.05,https://worldathletics.org/competitions/world-athletics-championships/world-athletics-championships-oregon-2022-7137279/results/women/400-metres/round-1/result,2026-09-30T22:55:55Z
WCH2022-400m-W-R1-H1,WCH2022,400m,W,R1,1,2022-07-17,12:00,3.0,Susanne WALLI,14446721,AUT,0.170,0.17,52.18,https://worldathletics.org/competitions/world-athletics-championships/world-athletics-championships-oregon-2022-7137279/results/women/400-metres/round-1/result,2026-09-30T22:55:55Z
WCH2022-400m-W-R1-H1,WCH2022,400m,W,R1,1,2022-07-17,12:00,5.0,Paola MORÁN,14572815,MEX,0.190,0.19,52.28,https://worldathletics.org/competitions/world-athletics-championships/world-athletics-championships-oregon-2022-7137279/results/women/400-metres/round-1/result,2026-09-30T22:55:55Z
WCH2022-400m-W-R1-H1,WCH2022,400m,W,R1,1,2022-07-17,12:00,8.0,Kendall ELLIS,14443893,USA,0.187,0.187,52.55,https://worldathletics.org/competitions/world-athletics-championships/world-athletics-championships-oregon-2022-7137279/results/women/400-metres/round-1/result,2026-09-30T22:55:55Z
WCH2022-400m-W-R1-H1,WCH2022,400m,W,R1,1,2022-07-17,12:00,2.0,Miranda Charlene COETZEE,14930222,RSA,0.137,0.137,53.30,https://worldathletics.org/competitions/world-athletics-championships/world-athletics-championships-oregon-2022-7137279/results/women/400-metres/round-1/result,2026-09-30T22:55:55Z
WCH2022-400m-W-R1-H2,WCH2022,400m,W,R1,2,2022-07-17,12:08,4.0,Stephenie Ann MCPHERSON,14285809,JAM,0.123,0.123,50.15,https://worldathletics.org/competitions/world-athletics-championships/world-athletics-championships-oregon-2022-7137279/results/women/400-metres/round-1/result,2026-09-30T22:55:55Z
WCH2022-400m-W-R1-H2,WCH2022,400m,W,R1,2,2022-07-17,12:08,8.0,Natalia KACZMAREK,14642563,POL,0.152,0.152,50.21,https://worldathletics.org/competitions/world-athletics-championships/world-athletics-championships-oregon-2022-7137279/results/women/400-metres/round-1/result,2026-09-30T22:55:55Z
WCH2022-400m-W-R1-H2,WCH2022,400m,W,R1,2,2022-07-17,12:08,2.0,Lieke KLAVER,14560483,NED,0.161,0.161,50.24,https://worldathletics.org/competitions/world-athletics-championships/world-athletics-championships-oregon-2022-7137279/results/women/400-metres/round-1/result,2026-09-30T22:55:55Z
WCH2022-400m-W-R1-H2,WCH2022,400m,W,R1,2,2022-07-17,12:08,7.0,Nicole YEARGIN,14745764,GBR,0.150,0.15,51.17,https://worldathletics.org/competitions/world-athletics-championships/world-athletics-championships-oregon-2022-7137279/results/women/400-metres/round-1/result,2026-09-30T22:55:55Z
WCH2022-400m-W-R1-H2,WCH2022,400m,W,R1,2,2022-07-17,12:08,6.0,Cátia AZEVEDO,14428268,POR,0.181,0.181,51.55,https://worldathletics.org/competitions/world-athletics-championships/world-athletics-championships-oregon-2022-7137279/results/women/400-metres/round-1/result,2026-09-30T22:55:55Z
WCH2022-400m-W-R1-H2,WCH2022,400m,W,R1,2,2022-07-17,12:08,3.0,Tabata VITORINO,14496376,BRA,0.158,0.158,52.17,https://worldathletics.org/competitions/world-athletics-championships/world-athletics-championships-oregon-2022-7137279/results/women/400-metres/round-1/result,2026-09-30T22:55:55Z
WCH2022-400m-W-R1-H2,WCH2022,400m,W,R1,2,2022-07-17,12:08,5.0,Niddy MINGILISHI,14789136,ZAM,0.163,0.163,52.84,https://worldathletics.org/competitions/world-athletics-championships/world-athletics-championships-oregon-2022-7137279/results/women/400-metres/round-1/result,2026-09-30T22:55:55Z
WCH2022-400m-W-R1-H3,WCH2022,400m,W,R1,3,2022-07-17,12:16,6.0,Sada WILLIAMS,14592846,BAR,0.169,0.169,51.05,https://worldathletics.org/competitions/world-athletics-championships/world-athletics-championships-oregon-2022-7137279/results/women/400-metres/round-1/result,2026-09-30T22:55:55Z
WCH2022-400m-W-R1-H3,WCH2022,400m,W,R1,3,2022-07-17,12:16,5.0,Modesta Justė MORAUSKAITĖ,14448335,LTU,0.136,0.136,51.27,https://worldathletics.org/competitions/world-athletics-championships/world-athletics-championships-oregon-2022-7137279/results/women/400-metres/round-1/result,2026-09-30T22:55:55Z
WCH2022-400m-W-R1-H3,WCH2022,400m,W,R1,3,2022-07-17,12:16,7.0,Ama PIPI,14479776,GBR,0.171,0.171,51.32,https://worldathletics.org/competitions/world-athletics-championships/world-athletics-championships-oregon-2022-7137279/results/women/400-metres/round-1/result,2026-09-30T22:55:55Z
WCH2022-400m-W-R1-H3,WCH2022,400m,W,R1,3,2022-07-17,12:16,4.0,Charokee YOUNG,14738839,JAM,0.199,0.199,51.84,https://worldathletics.org/competitions/world-athletics-championships/world-athletics-championships-oregon-2022-7137279/results/women/400-metres/round-1/result,2026-09-30T22:55:55Z
WCH2022-400m-W-R1-H3,WCH2022,400m,W,R1,3,2022-07-17,12:16,8.0,Sophie BECKER,14594406,IRL,0.151,0.151,52.24,https://worldathletics.org/competitions/world-athletics-championships/world-athletics-championships-oregon-2022-7137279/results/women/400-metres/round-1/result,2026-09-30T22:55:55Z
WCH2022-400m-W-R1-H3,WCH2022,400m,W,R1,3,2022-07-17,12:16,3.0,Camille LAUS,14363849,BEL,0.185,0.185,52.56,https://worldathletics.org/competitions/world-athletics-championships/world-athletics-championships-oregon-2022-7137279/results/women/400-metres/round-1/result,2026-09-30T22:55:55Z
WCH2022-400m-W-R1-H3,WCH2022,400m,W,R1,3,2022-07-17,12:16,2.0,Eveline SAALBERG,14561420,NED,0.190,0.19,52.59,https://worldathletics.org/competitions/world-athletics-championships/world-athletics-championships-oregon-2022-7137279/results/women/400-metres/round-1/result,2026-09-30T22:55:55Z
WCH2022-400m-W-R1-H4,WCH2022,400m,W,R1,4,2022-07-17,12:24,4.0,Marileidy PAULINO,14749613,DOM,0.173,0.173,50.76,https://worldathletics.org/competitions/world-athletics-championships/world-athletics-championships-oregon-2022-7137279/results/women/400-metres/round-1/result,2026-09-30T22:55:55Z
WCH2022-400m-W-R1-H4,WCH2022,400m,W,R1,4,2022-07-17,12:24,2.0,Rhasidat ADELEKE,14745252,IRL,0.151,0.151,51.59,https://worldathletics.org/competitions/world-athletics-championships/world-athletics-championships-oregon-2022-7137279/results/women/400-metres/round-1/result,2026-09-30T22:55:55Z
WCH2022-400m-W-R1-H4,WCH2022,400m,W,R1,4,2022-07-17,12:24,6.0,Lynna IRBY,14486888,USA,0.178,0.178,51.78,https://worldathletics.org/competitions/world-athletics-championships/world-athletics-championships-oregon-2022-7137279/results/women/400-metres/round-1/result,2026-09-30T22:55:55Z
WCH2022-400m-W-R1-H4,WCH2022,400m,W,R1,4,2022-07-17,12:24,3.0,Gunta VAIČULE,14475580,LAT,0.176,0.176,52.21,https://worldathletics.org/competitions/world-athletics-championships/world-athletics-championships-oregon-2022-7137279/results/women/400-metres/round-1/result,2026-09-30T22:55:55Z
WCH2022-400m-W-R1-H4,WCH2022,400m,W,R1,4,2022-07-17,12:24,5.0,Lauren GALE,14571874,CAN,0.157,0.157,52.46,https://worldathletics.org/competitions/world-athletics-championships/world-athletics-championships-oregon-2022-7137279/results/women/400-metres/round-1/result,2026-09-30T22:55:55Z
WCH2022-400m-W-R1-H4,WCH2022,400m,W,R1,4,2022-07-17,12:24,7.0,Anita HORVAT,14472475,SLO,0.192,0.192,52.67,https://worldathletics.org/competitions/world-athletics-championships/world-athletics-championships-oregon-2022-7137279/results/women/400-metres/round-1/result,2026-09-30T22:55:55Z
WCH2022-400m-W-R1-H4,WCH2022,400m,W,R1,4,2022-07-17,12:24,8.0,Imaobong Nse UKO,14873576,NGR,0.203,0.203,52.80,https://worldathletics.org/competitions/world-athletics-championships/world-athletics-championships-oregon-2022-7137279/results/women/400-metres/round-1/result,2026-09-30T22:55:55Z
WCH2022-400m-W-R1-H5,WCH2022,400m,W,R1,5,2022-07-17,12:32,7.0,Fiordaliza COFIL,14839902,DOM,0.214,0.214,51.19,https://worldathletics.org/competitions/world-athletics-championships/world-athletics-championships-oregon-2022-7137279/results/women/400-metres/round-1/result,2026-09-30T22:55:55Z
WCH2022-400m-W-R1-H5,WCH2022,400m,W,R1,5,2022-07-17,12:32,3.0,Talitha DIGGS,14773307,USA,0.133,0.133,51.54,https://worldathletics.org/competitions/world-athletics-championships/world-athletics-championships-oregon-2022-7137279/results/women/400-metres/round-1/result,2026-09-30T22:55:55Z
WCH2022-400m-W-R1-H5,WCH2022,400m,W,R1,5,2022-07-17,12:32,6.0,Roxana GÓMEZ,14637147,CUB,0.190,0.19,51.85,https://worldathletics.org/competitions/world-athletics-championships/world-athletics-championships-oregon-2022-7137279/results/women/400-metres/round-1/result,2026-09-30T22:55:55Z
WCH2022-400m-W-R1-H5,WCH2022,400m,W,R1,5,2022-07-17,12:32,8.0,Alice MANGIONE,14594823,ITA,0.205,0.205,52.72,https://worldathletics.org/competitions/world-athletics-championships/world-athletics-championships-oregon-2022-7137279/results/women/400-metres/round-1/result,2026-09-30T22:55:55Z
WCH2022-400m-W-R1-H5,WCH2022,400m,W,R1,5,2022-07-17,12:32,5.0,Silke LEMMENS,14570205,SUI,0.160,0.16,52.86,https://worldathletics.org/competitions/world-athletics-championships/world-athletics-championships-oregon-2022-7137279/results/women/400-metres/round-1/result,2026-09-30T22:55:55Z
WCH2022-400m-W-R1-H5,WCH2022,400m,W,R1,5,2022-07-17,12:32,4.0,Aiyanna STIVERNE,14464726,CAN,0.115,0.115,53.07,https://worldathletics.org/competitions/world-athletics-championships/world-athletics-championships-oregon-2022-7137279/results/women/400-metres/round-1/result,2026-09-30T22:55:55Z
WCH2022-400m-W-R1-H5,WCH2022,400m,W,R1,5,2022-07-17,12:32,2.0,Naomi VAN DEN BROECK,14538249,BEL,0.111,0.111,53.16,https://worldathletics.org/competitions/world-athletics-championships/world-athletics-championships-oregon-2022-7137279/results/women/400-metres/round-1/result,2026-09-30T22:55:55Z
WCH2022-400m-W-R1-H6,WCH2022,400m,W,R1,6,2022-07-17,12:40,7.0,Anna KIEŁBASIŃSKA,14293852,POL,0.151,0.151,50.63,https://worldathletics.org/competitions/world-athletics-championships/world-athletics-championships-oregon-2022-7137279/results/women/400-metres/round-1/result,2026-09-30T22:55:55Z
WCH2022-400m-W-R1-H6,WCH2022,400m,W,R1,6,2022-07-17,12:40,1.0,Candice MCLEOD,14587165,JAM,0.160,0.16,50.76,https://worldathletics.org/competitions/world-athletics-championships/world-athletics-championships-oregon-2022-7137279/results/women/400-metres/round-1/result,2026-09-30T22:55:55Z
WCH2022-400m-W-R1-H6,WCH2022,400m,W,R1,6,2022-07-17,12:40,6.0,Victoria OHURUOGU,14359991,GBR,0.190,0.19,51.07,https://worldathletics.org/competitions/world-athletics-championships/world-athletics-championships-oregon-2022-7137279/results/women/400-metres/round-1/result,2026-09-30T22:55:55Z
WCH2022-400m-W-R1-H6,WCH2022,400m,W,R1,6,2022-07-17,12:40,8.0,Lada VONDROVÁ,14684777,CZE,0.199,0.199,51.55,https://worldathletics.org/competitions/world-athletics-championships/world-athletics-championships-oregon-2022-7137279/results/women/400-metres/round-1/result,2026-09-30T22:55:55Z
WCH2022-400m-W-R1-H6,WCH2022,400m,W,R1,6,2022-07-17,12:40,5.0,Natassha MCDONALD,14607058,CAN,0.169,0.169,52.41,https://worldathletics.org/competitions/world-athletics-championships/world-athletics-championships-oregon-2022-7137279/results/women/400-metres/round-1/result,2026-09-30T22:55:55Z
WCH2022-400m-W-R1-H6,WCH2022,400m,W,R1,6,2022-07-17,12:40,3.0,Tiffani MARINHO,14691803,BRA,0.188,0.188,52.80,https://worldathletics.org/competitions/world-athletics-championships/world-athletics-championships-oregon-2022-7137279/results/women/400-metres/round-1/result,2026-09-30T22:55:55Z
WCH2022-400m-W-R1-H6,WCH2022,400m,W,R1,6,2022-07-17,12:40,2.0,Shereen VALLABOUY,14651484,MAS,0.190,0.19,53.57,https://worldathletics.org/competitions/world-athletics-championships/world-athletics-championships-oregon-2022-7137279/results/women/400-metres/round-1/result,2026-09-30T22:55:55Z
WCH2022-400m-W-R1-H6,WCH2022,400m,W,R1,6,2022-07-17,12:40,4.0,Rosie ELLIOTT,14518908,NZL,0.147,0.147,54.92,https://worldathletics.org/competitions/world-athletics-championships/world-athletics-championships-oregon-2022-7137279/results/women/400-metres/round-1/result,2026-09-30T22:55:55Z
WCH2022-400m-W-SF-H1,WCH2022,400m,W,SF,1,2022-07-20,18:45,6.0,Shaunae MILLER-UIBO,14368116,BAH,0.129,0.129,49.55,https://worldathletics.org/competitions/world-athletics-championships/world-athletics-championships-oregon-2022-7137279/results/women/400-metres/semi-finals/result,2026-09-30T22:55:57Z
WCH2022-400m-W-SF-H1,WCH2022,400m,W,SF,1,2022-07-20,18:45,3.0,Candice MCLEOD,14587165,JAM,0.149,0.149,50.05,https://worldathletics.org/competitions/world-athletics-championships/world-athletics-championships-oregon-2022-7137279/results/women/400-metres/semi-finals/result,2026-09-30T22:55:57Z
WCH2022-400m-W-SF-H1,WCH2022,400m,W,SF,1,2022-07-20,18:45,4.0,Anna KIEŁBASIŃSKA,14293852,POL,0.158,0.158,50.65,https://worldathletics.org/competitions/world-athletics-championships/world-athletics-championships-oregon-2022-7137279/results/women/400-metres/semi-finals/result,2026-09-30T22:55:57Z
WCH2022-400m-W-SF-H1,WCH2022,400m,W,SF,1,2022-07-20,18:45,5.0,Rhasidat ADELEKE,14745252,IRL,0.178,0.178,50.81,https://worldathletics.org/competitions/world-athletics-championships/world-athletics-championships-oregon-2022-7137279/results/women/400-metres/semi-finals/result,2026-09-30T22:55:57Z
WCH2022-400m-W-SF-H1,WCH2022,400m,W,SF,1,2022-07-20,18:45,8.0,Victoria OHURUOGU,14359991,GBR,0.178,0.178,50.99,https://worldathletics.org/competitions/world-athletics-championships/world-athletics-championships-oregon-2022-7137279/results/women/400-metres/semi-finals/result,2026-09-30T22:55:57Z
WCH2022-400m-W-SF-H1,WCH2022,400m,W,SF,1,2022-07-20,18:45,7.0,Lynna IRBY,14486888,USA,0.184,0.184,51.00,https://worldathletics.org/competitions/world-athletics-championships/world-athletics-championships-oregon-2022-7137279/results/women/400-metres/semi-finals/result,2026-09-30T22:55:57Z
WCH2022-400m-W-SF-H1,WCH2022,400m,W,SF,1,2022-07-20,18:45,1.0,Cátia AZEVEDO,14428268,POR,0.169,0.169,51.79,https://worldathletics.org/competitions/world-athletics-championships/world-athletics-championships-oregon-2022-7137279/results/women/400-metres/semi-finals/result,2026-09-30T22:55:57Z
WCH2022-400m-W-SF-H1,WCH2022,400m,W,SF,1,2022-07-20,18:45,2.0,Tabata VITORINO,14496376,BRA,0.203,0.203,52.42,https://worldathletics.org/competitions/world-athletics-championships/world-athletics-championships-oregon-2022-7137279/results/women/400-metres/semi-finals/result,2026-09-30T22:55:57Z
WCH2022-400m-W-SF-H2,WCH2022,400m,W,SF,2,2022-07-20,18:53,5.0,Fiordaliza COFIL,14839902,DOM,0.158,0.158,50.14,https://worldathletics.org/competitions/world-athletics-championships/world-athletics-championships-oregon-2022-7137279/results/women/400-metres/semi-finals/result,2026-09-30T22:55:57Z
WCH2022-400m-W-SF-H2,WCH2022,400m,W,SF,2,2022-07-20,18:53,8.0,Lieke KLAVER,14560483,NED,0.140,0.14,50.18,https://worldathletics.org/competitions/world-athletics-championships/world-athletics-championships-oregon-2022-7137279/results/women/400-metres/semi-finals/result,2026-09-30T22:55:57Z
WCH2022-400m-W-SF-H2,WCH2022,400m,W,SF,2,2022-07-20,18:53,3.0,Stephenie Ann MCPHERSON,14285809,JAM,0.133,0.133,50.56,https://worldathletics.org/competitions/world-athletics-championships/world-athletics-championships-oregon-2022-7137279/results/women/400-metres/semi-finals/result,2026-09-30T22:55:57Z
WCH2022-400m-W-SF-H2,WCH2022,400m,W,SF,2,2022-07-20,18:53,2.0,Nicole YEARGIN,14745764,GBR,0.156,0.156,51.22,https://worldathletics.org/competitions/world-athletics-championships/world-athletics-championships-oregon-2022-7137279/results/women/400-metres/semi-finals/result,2026-09-30T22:55:57Z
WCH2022-400m-W-SF-H2,WCH2022,400m,W,SF,2,2022-07-20,18:53,4.0,Natalia KACZMAREK,14642563,POL,0.141,0.141,51.34,https://worldathletics.org/competitions/world-athletics-championships/world-athletics-championships-oregon-2022-7137279/results/women/400-metres/semi-finals/result,2026-09-30T22:55:57Z
WCH2022-400m-W-SF-H2,WCH2022,400m,W,SF,2,2022-07-20,18:53,6.0,Aliyah ABRAMS,14447688,GUY,0.157,0.157,51.79,https://worldathletics.org/competitions/world-athletics-championships/world-athletics-championships-oregon-2022-7137279/results/women/400-metres/semi-finals/result,2026-09-30T22:55:57Z
WCH2022-400m-W-SF-H2,WCH2022,400m,W,SF,2,2022-07-20,18:53,7.0,Gabby SCOTT,14696762,PUR,0.215,0.215,51.97,https://worldathletics.org/competitions/world-athletics-championships/world-athletics-championships-oregon-2022-7137279/results/women/400-metres/semi-finals/result,2026-09-30T22:55:57Z
WCH2022-400m-W-SF-H2,WCH2022,400m,W,SF,2,2022-07-20,18:53,1.0,Susanne WALLI,14446721,AUT,0.157,0.157,52.37,https://worldathletics.org/competitions/world-athletics-championships/world-athletics-championships-oregon-2022-7137279/results/women/400-metres/semi-finals/result,2026-09-30T22:55:57Z
WCH2022-400m-W-SF-H3,WCH2022,400m,W,SF,3,2022-07-20,19:01,3.0,Marileidy PAULINO,14749613,DOM,0.171,0.171,49.98,https://worldathletics.org/competitions/world-athletics-championships/world-athletics-championships-oregon-2022-7137279/results/women/400-metres/semi-finals/result,2026-09-30T22:55:57Z
WCH2022-400m-W-SF-H3,WCH2022,400m,W,SF,3,2022-07-20,19:01,5.0,Sada WILLIAMS,14592846,BAR,0.168,0.168,50.12,https://worldathletics.org/competitions/world-athletics-championships/world-athletics-championships-oregon-2022-7137279/results/women/400-metres/semi-finals/result,2026-09-30T22:55:57Z
WCH2022-400m-W-SF-H3,WCH2022,400m,W,SF,3,2022-07-20,19:01,6.0,Talitha DIGGS,14773307,USA,0.147,0.147,50.84,https://worldathletics.org/competitions/world-athletics-championships/world-athletics-championships-oregon-2022-7137279/results/women/400-metres/semi-finals/result,2026-09-30T22:55:57Z
WCH2022-400m-W-SF-H3,WCH2022,400m,W,SF,3,2022-07-20,19:01,7.0,Roxana GÓMEZ,14637147,CUB,0.192,0.192,51.12,https://worldathletics.org/competitions/world-athletics-championships/world-athletics-championships-oregon-2022-7137279/results/women/400-metres/semi-finals/result,2026-09-30T22:55:57Z
WCH2022-400m-W-SF-H3,WCH2022,400m,W,SF,3,2022-07-20,19:01,2.0,Charokee YOUNG,14738839,JAM,0.175,0.175,51.41,https://worldathletics.org/competitions/world-athletics-championships/world-athletics-championships-oregon-2022-7137279/results/women/400-metres/semi-finals/result,2026-09-30T22:55:57Z
WCH2022-400m-W-SF-H3,WCH2022,400m,W,SF,3,2022-07-20,19:01,1.0,Lada VONDROVÁ,14684777,CZE,0.199,0.199,51.47,https://worldathletics.org/competitions/world-athletics-championships/world-athletics-championships-oregon-2022-7137279/results/women/400-metres/semi-finals/result,2026-09-30T22:55:57Z
WCH2022-400m-W-SF-H3,WCH2022,400m,W,SF,3,2022-07-20,19:01,4.0,Modesta Justė MORAUSKAITĖ,14448335,LTU,0.176,0.176,52.19,https://worldathletics.org/competitions/world-athletics-championships/world-athletics-championships-oregon-2022-7137279/results/women/400-metres/semi-finals/result,2026-09-30T22:55:57Z
WCH2022-400m-W-SF-H3,WCH2022,400m,W,SF,3,2022-07-20,19:01,8.0,Ama PIPI,14479776,GBR,0.174,0.174,52.28,https://worldathletics.org/competitions/world-athletics-championships/world-athletics-championships-oregon-2022-7137279/results/women/400-metres/semi-finals/result,2026-09-30T22:55:57Z
WCH2022-4x100m-W-F-H1,WCH2022,4x100m,W,F,1,2022-07-23,19:30,3.0,United States,6,USA,0.171,0.171,41.14,https://worldathletics.org/competitions/world-athletics-championships/world-athletics-championships-oregon-2022-7137279/results/women/4x100-metres-relay/final/result,2026-09-30T22:56:26Z
WCH2022-4x100m-W-F-H1,WCH2022,4x100m,W,F,1,2022-07-23,19:30,5.0,Jamaica,23,JAM,0.177,0.177,41.18,https://worldathletics.org/competitions/world-athletics-championships/world-athletics-championships-oregon-2022-7137279/results/women/4x100-metres-relay/final/result,2026-09-30T22:56:26Z
WCH2022-4x100m-W-F-H1,WCH2022,4x100m,W,F,1,2022-07-23,19:30,7.0,Germany,61,GER,0.144,0.144,42.03,https://worldathletics.org/competitions/world-athletics-championships/world-athletics-championships-oregon-2022-7137279/results/women/4x100-metres-relay/final/result,2026-09-30T22:56:26Z
WCH2022-4x100m-W-F-H1,WCH2022,4x100m,W,F,1,2022-07-23,19:30,8.0,Nigeria,14,NGR,0.149,0.149,42.22,https://worldathletics.org/competitions/world-athletics-championships/world-athletics-championships-oregon-2022-7137279/results/women/4x100-metres-relay/final/result,2026-09-30T22:56:26Z
WCH2022-4x100m-W-F-H1,WCH2022,4x100m,W,F,1,2022-07-23,19:30,4.0,Spain,88,ESP,0.189,0.189,42.58,https://worldathletics.org/competitions/world-athletics-championships/world-athletics-championships-oregon-2022-7137279/results/women/4x100-metres-relay/final/result,2026-09-30T22:56:26Z
WCH2022-4x100m-W-F-H1,WCH2022,4x100m,W,F,1,2022-07-23,19:30,6.0,Great Britain & NI,5,GBR,0.134,0.134,42.75,https://worldathletics.org/competitions/world-athletics-championships/world-athletics-championships-oregon-2022-7137279/results/women/4x100-metres-relay/final/result,2026-09-30T22:56:26Z
WCH2022-4x100m-W-F-H1,WCH2022,4x100m,W,F,1,2022-07-23,19:30,1.0,Switzerland,58,SUI,0.144,0.144,42.81,https://worldathletics.org/competitions/world-athletics-championships/world-athletics-championships-oregon-2022-7137279/results/women/4x100-metres-relay/final/result,2026-09-30T22:56:26Z
WCH2022-4x100m-W-F-H1,WCH2022,4x100m,W,F,1,2022-07-23,19:30,2.0,Italy,40,ITA,0.144,0.144,42.92,https://worldathletics.org/competitions/world-athletics-championships/world-athletics-championships-oregon-2022-7137279/results/women/4x100-metres-relay/final/result,2026-09-30T22:56:26Z
WCH2022-4x100m-W-R1-H1,WCH2022,4x100m,W,R1,1,2022-07-22,17:40,4.0,Great Britain & NI,5,GBR,0.121,0.121,41.99,https://worldathletics.org/competitions/world-athletics-championships/world-athletics-championships-oregon-2022-7137279/results/women/4x100-metres-relay/round-1/result,2026-09-30T22:56:30Z
WCH2022-4x100m-W-R1-H1,WCH2022,4x100m,W,R1,1,2022-07-22,17:40,8.0,Jamaica,23,JAM,0.154,0.154,42.37,https://worldathletics.org/competitions/world-athletics-championships/world-athletics-championships-oregon-2022-7137279/results/women/4x100-metres-relay/round-1/result,2026-09-30T22:56:30Z
WCH2022-4x100m-W-R1-H1,WCH2022,4x100m,W,R1,1,2022-07-22,17:40,3.0,Germany,61,GER,0.142,0.142,42.44,https://worldathletics.org/competitions/world-athletics-championships/world-athletics-championships-oregon-2022-7137279/results/women/4x100-metres-relay/round-1/result,2026-09-30T22:56:30Z
WCH2022-4x100m-W-R1-H1,WCH2022,4x100m,W,R1,1,2022-07-22,17:40,7.0,PR of China,62,CHN,0.150,0.15,42.93,https://worldathletics.org/competitions/world-athletics-championships/world-athletics-championships-oregon-2022-7137279/results/women/4x100-metres-relay/round-1/result,2026-09-30T22:56:30Z
WCH2022-4x100m-W-R1-H1,WCH2022,4x100m,W,R1,1,2022-07-22,17:40,1.0,Canada,48,CAN,0.132,0.132,43.09,https://worldathletics.org/competitions/world-athletics-championships/world-athletics-championships-oregon-2022-7137279/results/women/4x100-metres-relay/round-1/result,2026-09-30T22:56:30Z
WCH2022-4x100m-W-R1-H1,WCH2022,4x100m,W,R1,1,2022-07-22,17:40,6.0,Poland,8,POL,0.145,0.145,43.19,https://worldathletics.org/competitions/world-athletics-championships/world-athletics-championships-oregon-2022-7137279/results/women/4x100-metres-relay/round-1/result,2026-09-30T22:56:30Z
WCH2022-4x100m-W-R1-H1,WCH2022,4x100m,W,R1,1,2022-07-22,17:40,5.0,Japan,29,JPN,0.153,0.153,43.33,https://worldathletics.org/competitions/world-athletics-championships/world-athletics-championships-oregon-2022-7137279/results/women/4x100-metres-relay/round-1/result,2026-09-30T22:56:30Z
WCH2022-4x100m-W-R1-H1,WCH2022,4x100m,W,R1,1,2022-07-22,17:40,2.0,Ireland,96,IRL,0.183,0.183,44.48,https://worldathletics.org/competitions/world-athletics-championships/world-athletics-championships-oregon-2022-7137279/results/women/4x100-metres-relay/round-1/result,2026-09-30T22:56:30Z
WCH2022-4x100m-W-R1-H2,WCH2022,4x100m,W,R1,2,2022-07-22,17:49,2.0,United States,6,USA,0.134,0.134,41.56,https://worldathletics.org/competitions/world-athletics-championships/world-athletics-championships-oregon-2022-7137279/results/women/4x100-metres-relay/round-1/result,2026-09-30T22:56:30Z
WCH2022-4x100m-W-R1-H2,WCH2022,4x100m,W,R1,2,2022-07-22,17:49,8.0,Spain,88,ESP,0.163,0.163,42.61,https://worldathletics.org/competitions/world-athletics-championships/world-athletics-championships-oregon-2022-7137279/results/women/4x100-metres-relay/round-1/result,2026-09-30T22:56:30Z
WCH2022-4x100m-W-R1-H2,WCH2022,4x100m,W,R1,2,2022-07-22,17:49,1.0,Nigeria,14,NGR,0.143,0.143,42.68,https://worldathletics.org/competitions/world-athletics-championships/world-athletics-championships-oregon-2022-7137279/results/women/4x100-metres-relay/round-1/result,2026-09-30T22:56:30Z
WCH2022-4x100m-W-R1-H2,WCH2022,4x100m,W,R1,2,2022-07-22,17:49,4.0,Italy,40,ITA,0.160,0.16,42.71,https://worldathletics.org/competitions/world-athletics-championships/world-athletics-championships-oregon-2022-7137279/results/women/4x100-metres-relay/round-1/result,2026-09-30T22:56:30Z
WCH2022-4x100m-W-R1-H2,WCH2022,4x100m,W,R1,2,2022-07-22,17:49,7.0,Switzerland,58,SUI,0.151,0.151,42.73,https://worldathletics.org/competitions/world-athletics-championships/world-athletics-championships-oregon-2022-7137279/results/women/4x100-metres-relay/round-1/result,2026-09-30T22:56:30Z
WCH2022-4x100m-W-R1-H2,WCH2022,4x100m,W,R1,2,2022-07-22,17:49,5.0,Netherlands,55,NED,0.205,0.205,43.46,https://worldathletics.org/competitions/world-athletics-championships/world-athletics-championships-oregon-2022-7137279/results/women/4x100-metres-relay/round-1/result,2026-09-30T22:56:30Z
WCH2022-4x100m-W-R1-H2,WCH2022,4x100m,W,R1,2,2022-07-22,17:49,6.0,Denmark,578,DEN,0.147,0.147,43.46,https://worldathletics.org/competitions/world-athletics-championships/world-athletics-championships-oregon-2022-7137279/results/women/4x100-metres-relay/round-1/result,2026-09-30T22:56:30Z
WCH2022-4x100m-W-R1-H2,WCH2022,4x100m,W,R1,2,2022-07-22,17:49,3.0,Ecuador,135,ECU,0.172,0.172,44.17,https://worldathletics.org/competitions/world-athletics-championships/world-athletics-championships-oregon-2022-7137279/results/women/4x100-metres-relay/round-1/result,2026-09-30T22:56:30Z
WCH2022-4x400m-W-F-H1,WCH2022,4x400m,W,F,1,2022-07-24,19:50,5.0,United States,6,USA,0.141,0.141,3:17.79,https://worldathletics.org/competitions/world-athletics-championships/world-athletics-championships-oregon-2022-7137279/results/women/4x400-metres-relay/final/result,2026-09-30T22:56:39Z
WCH2022-4x400m-W-F-H1,WCH2022,4x400m,W,F,1,2022-07-24,19:50,4.0,Jamaica,23,JAM,0.157,0.157,3:20.74,https://worldathletics.org/competitions/world-athletics-championships/world-athletics-championships-oregon-2022-7137279/results/women/4x400-metres-relay/final/result,2026-09-30T22:56:39Z
WCH2022-4x400m-W-F-H1,WCH2022,4x400m,W,F,1,2022-07-24,19:50,6.0,Great Britain & NI,5,GBR,0.247,0.247,3:22.64,https://worldathletics.org/competitions/world-athletics-championships/world-athletics-championships-oregon-2022-7137279/results/women/4x400-metres-relay/final/result,2026-09-30T22:56:39Z
WCH2022-4x400m-W-F-H1,WCH2022,4x400m,W,F,1,2022-07-24,19:50,7.0,Canada,48,CAN,0.171,0.171,3:25.18,https://worldathletics.org/competitions/world-athletics-championships/world-athletics-championships-oregon-2022-7137279/results/women/4x400-metres-relay/final/result,2026-09-30T22:56:39Z
WCH2022-4x400m-W-F-H1,WCH2022,4x400m,W,F,1,2022-07-24,19:50,8.0,France,52,FRA,0.244,0.244,3:25.81,https://worldathletics.org/competitions/world-athletics-championships/world-athletics-championships-oregon-2022-7137279/results/women/4x400-metres-relay/final/result,2026-09-30T22:56:39Z
WCH2022-4x400m-W-F-H1,WCH2022,4x400m,W,F,1,2022-07-24,19:50,3.0,Belgium,47,BEL,0.178,0.178,3:26.29,https://worldathletics.org/competitions/world-athletics-championships/world-athletics-championships-oregon-2022-7137279/results/women/4x400-metres-relay/final/result,2026-09-30T22:56:39Z
WCH2022-4x400m-W-F-H1,WCH2022,4x400m,W,F,1,2022-07-24,19:50,2.0,Italy,40,ITA,0.140,0.14,3:26.45,https://worldathletics.org/competitions/world-athletics-championships/world-athletics-championships-oregon-2022-7137279/results/women/4x400-metres-relay/final/result,2026-09-30T22:56:39Z
WCH2022-4x400m-W-F-H1,WCH2022,4x400m,W,F,1,2022-07-24,19:50,1.0,Switzerland,58,SUI,0.169,0.169,3:27.81,https://worldathletics.org/competitions/world-athletics-championships/world-athletics-championships-oregon-2022-7137279/results/women/4x400-metres-relay/final/result,2026-09-30T22:56:39Z
WCH2022-4x400m-W-R1-H1,WCH2022,4x400m,W,R1,1,2022-07-23,17:10,2.0,United States,6,USA,0.129,0.129,3:23.38,https://worldathletics.org/competitions/world-athletics-championships/world-athletics-championships-oregon-2022-7137279/results/women/4x400-metres-relay/round-1/result,2026-09-30T22:56:42Z
WCH2022-4x400m-W-R1-H1,WCH2022,4x400m,W,R1,1,2022-07-23,17:10,1.0,Great Britain & NI,5,GBR,0.207,0.207,3:23.92,https://worldathletics.org/competitions/world-athletics-championships/world-athletics-championships-oregon-2022-7137279/results/women/4x400-metres-relay/round-1/result,2026-09-30T22:56:42Z
WCH2022-4x400m-W-R1-H1,WCH2022,4x400m,W,R1,1,2022-07-23,17:10,3.0,France,52,FRA,0.269,0.269,3:28.89,https://worldathletics.org/competitions/world-athletics-championships/world-athletics-championships-oregon-2022-7137279/results/women/4x400-metres-relay/round-1/result,2026-09-30T22:56:42Z
WCH2022-4x400m-W-R1-H1,WCH2022,4x400m,W,R1,1,2022-07-23,17:10,8.0,Switzerland,58,SUI,0.157,0.157,3:29.11,https://worldathletics.org/competitions/world-athletics-championships/world-athletics-championships-oregon-2022-7137279/results/women/4x400-metres-relay/round-1/result,2026-09-30T22:56:42Z
WCH2022-4x400m-W-R1-H1,WCH2022,4x400m,W,R1,1,2022-07-23,17:10,7.0,Ukraine,60,UKR,0.170,0.17,3:29.25,https://worldathletics.org/competitions/world-athletics-championships/world-athletics-championships-oregon-2022-7137279/results/women/4x400-metres-relay/round-1/result,2026-09-30T22:56:42Z
WCH2022-4x400m-W-R1-H1,WCH2022,4x400m,W,R1,1,2022-07-23,17:10,4.0,Germany,61,GER,0.197,0.197,3:30.48,https://worldathletics.org/competitions/world-athletics-championships/world-athletics-championships-oregon-2022-7137279/results/women/4x400-metres-relay/round-1/result,2026-09-30T22:56:42Z
WCH2022-4x400m-W-R1-H1,WCH2022,4x400m,W,R1,1,2022-07-23,17:10,5.0,South Africa,15,RSA,0.228,0.228,3:34.68,https://worldathletics.org/competitions/world-athletics-championships/world-athletics-championships-oregon-2022-7137279/results/women/4x400-metres-relay/round-1/result,2026-09-30T22:56:42Z
WCH2022-4x400m-W-R1-H1,WCH2022,4x400m,W,R1,1,2022-07-23,17:10,6.0,Netherlands,55,NED,0.158,0.158,DQ,https://worldathletics.org/competitions/world-athletics-championships/world-athletics-championships-oregon-2022-7137279/results/women/4x400-metres-relay/round-1/result,2026-09-30T22:56:42Z
WCH2022-4x400m-W-R1-H2,WCH2022,4x400m,W,R1,2,2022-07-23,17:22,8.0,Jamaica,23,JAM,0.161,0.161,3:24.23,https://worldathletics.org/competitions/world-athletics-championships/world-athletics-championships-oregon-2022-7137279/results/women/4x400-metres-relay/round-1/result,2026-09-30T22:56:42Z
WCH2022-4x400m-W-R1-H2,WCH2022,4x400m,W,R1,2,2022-07-23,17:22,2.0,Belgium,47,BEL,0.160,0.16,3:28.02,https://worldathletics.org/competitions/world-athletics-championships/world-athletics-championships-oregon-2022-7137279/results/women/4x400-metres-relay/round-1/result,2026-09-30T22:56:42Z
WCH2022-4x400m-W-R1-H2,WCH2022,4x400m,W,R1,2,2022-07-23,17:22,6.0,Canada,48,CAN,0.171,0.171,3:28.49,https://worldathletics.org/competitions/world-athletics-championships/world-athletics-championships-oregon-2022-7137279/results/women/4x400-metres-relay/round-1/result,2026-09-30T22:56:42Z
WCH2022-4x400m-W-R1-H2,WCH2022,4x400m,W,R1,2,2022-07-23,17:22,4.0,Italy,40,ITA,0.134,0.134,3:28.72,https://worldathletics.org/competitions/world-athletics-championships/world-athletics-championships-oregon-2022-7137279/results/women/4x400-metres-relay/round-1/result,2026-09-30T22:56:42Z
WCH2022-4x400m-W-R1-H2,WCH2022,4x400m,W,R1,2,2022-07-23,17:22,7.0,Poland,8,POL,0.212,0.212,3:29.34,https://worldathletics.org/competitions/world-athletics-championships/world-athletics-championships-oregon-2022-7137279/results/women/4x400-metres-relay/round-1/result,2026-09-30T22:56:42Z
WCH2022-4x400m-W-R1-H2,WCH2022,4x400m,W,R1,2,2022-07-23,17:22,1.0,Norway,94,NOR,0.161,0.161,3:32.00,https://worldathletics.org/competitions/world-athletics-championships/world-athletics-championships-oregon-2022-7137279/results/women/4x400-metres-relay/round-1/result,2026-09-30T22:56:42Z
WCH2022-4x400m-W-R1-H2,WCH2022,4x400m,W,R1,2,2022-07-23,17:22,3.0,Spain,88,ESP,0.186,0.186,3:32.87,https://worldathletics.org/competitions/world-athletics-championships/world-athletics-championships-oregon-2022-7137279/results/women/4x400-metres-relay/round-1/result,2026-09-30T22:56:42Z
WCH2022-4x400m-W-R1-H2,WCH2022,4x400m,W,R1,2,2022-07-23,17:22,5.0,Bahamas,45,BAH,,,DNS,https://worldathletics.org/competitions/world-athletics-championships/world-athletics-championships-oregon-2022-7137279/results/women/4x400-metres-relay/round-1/result,2026-09-30T22:56:42Z
WCH2023-400m-M-F-H1,WCH2023,400m,M,F,1,2023-08-24,21:35,7.0,Antonio WATSON,14737996,JAM,0.165,0.165,44.22,https://worldathletics.org/competitions/world-athletics-championships/world-athletics-championships-budapest-2023-7138987/results/men/400-metres/final/result,2026-09-30T22:54:31Z
WCH2023-400m-M-F-H1,WCH2023,400m,M,F,1,2023-08-24,21:35,5.0,Matthew HUDSON-SMITH,14407278,GBR,0.151,0.151,44.31,https://worldathletics.org/competitions/world-athletics-championships/world-athletics-championships-budapest-2023-7138987/results/men/400-metres/final/result,2026-09-30T22:54:31Z
WCH2023-400m-M-F-H1,WCH2023,400m,M,F,1,2023-08-24,21:35,6.0,Quincy HALL,14597236,USA,0.192,0.192,44.37,https://worldathletics.org/competitions/world-athletics-championships/world-athletics-championships-budapest-2023-7138987/results/men/400-metres/final/result,2026-09-30T22:54:31Z
WCH2023-400m-M-F-H1,WCH2023,400m,M,F,1,2023-08-24,21:35,8.0,Vernon NORWOOD,14490237,USA,0.163,0.163,44.39,https://worldathletics.org/competitions/world-athletics-championships/world-athletics-championships-budapest-2023-7138987/results/men/400-metres/final/result,2026-09-30T22:54:31Z
WCH2023-400m-M-F-H1,WCH2023,400m,M,F,1,2023-08-24,21:35,9.0,Sean BAILEY,14574678,JAM,0.169,0.169,44.96,https://worldathletics.org/competitions/world-athletics-championships/world-athletics-championships-budapest-2023-7138987/results/men/400-metres/final/result,2026-09-30T22:54:31Z
WCH2023-400m-M-F-H1,WCH2023,400m,M,F,1,2023-08-24,21:35,3.0,Håvard Bentdal INGVALDSEN,14908015,NOR,0.199,0.199,45.08,https://worldathletics.org/competitions/world-athletics-championships/world-athletics-championships-budapest-2023-7138987/results/men/400-metres/final/result,2026-09-30T22:54:31Z
WCH2023-400m-M-F-H1,WCH2023,400m,M,F,1,2023-08-24,21:35,2.0,Wayde VAN NIEKERK,14417677,RSA,0.171,0.171,45.11,https://worldathletics.org/competitions/world-athletics-championships/world-athletics-championships-budapest-2023-7138987/results/men/400-metres/final/result,2026-09-30T22:54:31Z
WCH2023-400m-M-F-H1,WCH2023,400m,M,F,1,2023-08-24,21:35,4.0,Kirani JAMES,14195659,GRN,0.133,0.133,DQ,https://worldathletics.org/competitions/world-athletics-championships/world-athletics-championships-budapest-2023-7138987/results/men/400-metres/final/result,2026-09-30T22:54:31Z
WCH2023-400mH-M-F-H1,WCH2023,400mH,M,F,1,2023-08-23,21:50,7.0,Karsten WARHOLM,14479487,NOR,0.171,0.171,46.89,https://worldathletics.org/competitions/world-athletics-championships/world-athletics-championships-budapest-2023-7138987/results/men/400-metres-hurdles/final/result,2026-09-30T22:54:51Z
WCH2023-400mH-M-F-H1,WCH2023,400mH,M,F,1,2023-08-23,21:50,8.0,Kyron MCMASTER,14532760,IVB,0.151,0.151,47.34,https://worldathletics.org/competitions/world-athletics-championships/world-athletics-championships-budapest-2023-7138987/results/men/400-metres-hurdles/final/result,2026-09-30T22:54:51Z
WCH2023-400mH-M-F-H1,WCH2023,400mH,M,F,1,2023-08-23,21:50,6.0,Rai BENJAMIN,14574865,USA,0.168,0.168,47.56,https://worldathletics.org/competitions/world-athletics-championships/world-athletics-championships-budapest-2023-7138987/results/men/400-metres-hurdles/final/result,2026-09-30T22:54:51Z
WCH2023-400mH-M-F-H1,WCH2023,400mH,M,F,1,2023-08-23,21:50,5.0,Roshawn CLARKE,14931525,JAM,0.164,0.164,48.07,https://worldathletics.org/competitions/world-athletics-championships/world-athletics-championships-budapest-2023-7138987/results/men/400-metres-hurdles/final/result,2026-09-30T22:54:51Z
WCH2023-400mH-M-F-H1,WCH2023,400mH,M,F,1,2023-08-23,21:50,9.0,Alison DOS SANTOS,14755064,BRA,0.164,0.164,48.10,https://worldathletics.org/competitions/world-athletics-championships/world-athletics-championships-budapest-2023-7138987/results/men/400-metres-hurdles/final/result,2026-09-30T22:54:51Z
WCH2023-400mH-M-F-H1,WCH2023,400mH,M,F,1,2023-08-23,21:50,3.0,Trevor BASSITT,14719193,USA,0.164,0.164,48.22,https://worldathletics.org/competitions/world-athletics-championships/world-athletics-championships-budapest-2023-7138987/results/men/400-metres-hurdles/final/result,2026-09-30T22:54:51Z
WCH2023-400mH-M-F-H1,WCH2023,400mH,M,F,1,2023-08-23,21:50,4.0,Rasmus MÄGI,14373195,EST,0.161,0.161,48.33,https://worldathletics.org/competitions/world-athletics-championships/world-athletics-championships-budapest-2023-7138987/results/men/400-metres-hurdles/final/result,2026-09-30T22:54:51Z
WCH2023-400mH-M-F-H1,WCH2023,400mH,M,F,1,2023-08-23,21:50,2.0,Joshua ABUAKU,14536209,GER,0.156,0.156,48.53,https://worldathletics.org/competitions/world-athletics-championships/world-athletics-championships-budapest-2023-7138987/results/men/400-metres-hurdles/final/result,2026-09-30T22:54:51Z
WCH2023-400mH-M-R1-H1,WCH2023,400mH,M,R1,1,2023-08-20,11:25,2.0,Alison DOS SANTOS,14755064,BRA,0.167,0.167,48.12,https://worldathletics.org/competitions/world-athletics-championships/world-athletics-championships-budapest-2023-7138987/results/men/400-metres-hurdles/round-1/result,2026-09-30T22:54:54Z
WCH2023-400mH-M-R1-H1,WCH2023,400mH,M,R1,1,2023-08-20,11:25,3.0,Ludvy VAILLANT,14480831,FRA,0.182,0.182,48.27,https://worldathletics.org/competitions/world-athletics-championships/world-athletics-championships-budapest-2023-7138987/results/men/400-metres-hurdles/round-1/result,2026-09-30T22:54:54Z
WCH2023-400mH-M-R1-H1,WCH2023,400mH,M,R1,1,2023-08-20,11:25,5.0,Julien BONVIN,14683945,SUI,0.188,0.188,49.19,https://worldathletics.org/competitions/world-athletics-championships/world-athletics-championships-budapest-2023-7138987/results/men/400-metres-hurdles/round-1/result,2026-09-30T22:54:54Z
WCH2023-400mH-M-R1-H1,WCH2023,400mH,M,R1,1,2023-08-20,11:25,8.0,Zhiyu XIE,14885717,CHN,0.207,0.207,49.25,https://worldathletics.org/competitions/world-athletics-championships/world-athletics-championships-budapest-2023-7138987/results/men/400-metres-hurdles/round-1/result,2026-09-30T22:54:54Z
WCH2023-400mH-M-R1-H1,WCH2023,400mH,M,R1,1,2023-08-20,11:25,6.0,Matic Ian GUČEK,14874438,SLO,0.147,0.147,49.40,https://worldathletics.org/competitions/world-athletics-championships/world-athletics-championships-budapest-2023-7138987/results/men/400-metres-hurdles/round-1/result,2026-09-30T22:54:54Z
WCH2023-400mH-M-R1-H1,WCH2023,400mH,M,R1,1,2023-08-20,11:25,4.0,Constantin PREIS,14627400,GER,0.192,0.192,49.45,https://worldathletics.org/competitions/world-athletics-championships/world-athletics-championships-budapest-2023-7138987/results/men/400-metres-hurdles/round-1/result,2026-09-30T22:54:54Z
WCH2023-400mH-M-R1-H1,WCH2023,400mH,M,R1,1,2023-08-20,11:25,7.0,Assinie WILSON,14836145,JAM,0.222,0.222,DNF,https://worldathletics.org/competitions/world-athletics-championships/world-athletics-championships-budapest-2023-7138987/results/men/400-metres-hurdles/round-1/result,2026-09-30T22:54:54Z
WCH2023-400mH-M-R1-H1,WCH2023,400mH,M,R1,1,2023-08-20,11:25,9.0,Abdelmalik LAHOULOU,14375720,ALG,0.174,0.174,DNF,https://worldathletics.org/competitions/world-athletics-championships/world-athletics-championships-budapest-2023-7138987/results/men/400-metres-hurdles/round-1/result,2026-09-30T22:54:54Z
WCH2023-400mH-M-R1-H2,WCH2023,400mH,M,R1,2,2023-08-20,11:33,4.0,Kyron MCMASTER,14532760,IVB,0.156,0.156,48.47,https://worldathletics.org/competitions/world-athletics-championships/world-athletics-championships-budapest-2023-7138987/results/men/400-metres-hurdles/round-1/result,2026-09-30T22:54:54Z
WCH2023-400mH-M-R1-H2,WCH2023,400mH,M,R1,2,2023-08-20,11:33,7.0,Rasmus MÄGI,14373195,EST,0.205,0.205,48.58,https://worldathletics.org/competitions/world-athletics-championships/world-athletics-championships-budapest-2023-7138987/results/men/400-metres-hurdles/round-1/result,2026-09-30T22:54:54Z
WCH2023-400mH-M-R1-H2,WCH2023,400mH,M,R1,2,2023-08-20,11:33,8.0,Trevor BASSITT,14719193,USA,0.164,0.164,48.73,https://worldathletics.org/competitions/world-athletics-championships/world-athletics-championships-budapest-2023-7138987/results/men/400-metres-hurdles/round-1/result,2026-09-30T22:54:54Z
WCH2023-400mH-M-R1-H2,WCH2023,400mH,M,R1,2,2023-08-20,11:33,1.0,Wiseman Were MUKHOBE,14802612,KEN,0.199,0.199,49.10,https://worldathletics.org/competitions/world-athletics-championships/world-athletics-championships-budapest-2023-7138987/results/men/400-metres-hurdles/round-1/result,2026-09-30T22:54:54Z
WCH2023-400mH-M-R1-H2,WCH2023,400mH,M,R1,2,2023-08-20,11:33,5.0,Sergio FERNÁNDEZ,14474482,ESP,0.169,0.169,49.26,https://worldathletics.org/competitions/world-athletics-championships/world-athletics-championships-budapest-2023-7138987/results/men/400-metres-hurdles/round-1/result,2026-09-30T22:54:54Z
WCH2023-400mH-M-R1-H2,WCH2023,400mH,M,R1,2,2023-08-20,11:33,2.0,İsmail NEZIR,14928872,TUR,0.177,0.177,49.92,https://worldathletics.org/competitions/world-athletics-championships/world-athletics-championships-budapest-2023-7138987/results/men/400-metres-hurdles/round-1/result,2026-09-30T22:54:54Z
WCH2023-400mH-M-R1-H2,WCH2023,400mH,M,R1,2,2023-08-20,11:33,6.0,Eric CRAY,14326210,PHI,0.144,0.144,50.27,https://worldathletics.org/competitions/world-athletics-championships/world-athletics-championships-budapest-2023-7138987/results/men/400-metres-hurdles/round-1/result,2026-09-30T22:54:54Z
WCH2023-400mH-M-R1-H2,WCH2023,400mH,M,R1,2,2023-08-20,11:33,9.0,Takayuki KISHIMOTO,14334340,JPN,0.135,0.135,50.90,https://worldathletics.org/competitions/world-athletics-championships/world-athletics-championships-budapest-2023-7138987/results/men/400-metres-hurdles/round-1/result,2026-09-30T22:54:54Z
WCH2023-400mH-M-R1-H2,WCH2023,400mH,M,R1,2,2023-08-20,11:33,3.0,Andrea ERCOLANI VOLTA,14480161,SMR,0.181,0.181,52.69,https://worldathletics.org/competitions/world-athletics-championships/world-athletics-championships-budapest-2023-7138987/results/men/400-metres-hurdles/round-1/result,2026-09-30T22:54:54Z
WCH2023-400mH-M-R1-H3,WCH2023,400mH,M,R1,3,2023-08-20,11:41,4.0,Wilfried HAPPIO,14650750,FRA,0.172,0.172,48.63,https://worldathletics.org/competitions/world-athletics-championships/world-athletics-championships-budapest-2023-7138987/results/men/400-metres-hurdles/round-1/result,2026-09-30T22:54:54Z
WCH2023-400mH-M-R1-H3,WCH2023,400mH,M,R1,3,2023-08-20,11:41,3.0,Karsten WARHOLM,14479487,NOR,0.166,0.166,48.76,https://worldathletics.org/competitions/world-athletics-championships/world-athletics-championships-budapest-2023-7138987/results/men/400-metres-hurdles/round-1/result,2026-09-30T22:54:54Z
WCH2023-400mH-M-R1-H3,WCH2023,400mH,M,R1,3,2023-08-20,11:41,2.0,Bassem HEMEIDA,14827001,QAT,0.156,0.156,49.50,https://worldathletics.org/competitions/world-athletics-championships/world-athletics-championships-budapest-2023-7138987/results/men/400-metres-hurdles/round-1/result,2026-09-30T22:54:54Z
WCH2023-400mH-M-R1-H3,WCH2023,400mH,M,R1,3,2023-08-20,11:41,5.0,Alessandro SIBILIO,14699358,ITA,0.178,0.178,49.50,https://worldathletics.org/competitions/world-athletics-championships/world-athletics-championships-budapest-2023-7138987/results/men/400-metres-hurdles/round-1/result,2026-09-30T22:54:54Z
WCH2023-400mH-M-R1-H3,WCH2023,400mH,M,R1,3,2023-08-20,11:41,6.0,Dany BRAND,14513352,SUI,0.183,0.183,49.69,https://worldathletics.org/competitions/world-athletics-championships/world-athletics-championships-budapest-2023-7138987/results/men/400-metres-hurdles/round-1/result,2026-09-30T22:54:54Z
WCH2023-400mH-M-R1-H3,WCH2023,400mH,M,R1,3,2023-08-20,11:41,7.0,Pablo Andres IBAÑEZ GUEVARA,14651649,ESA,0.184,0.184,50.01,https://worldathletics.org/competitions/world-athletics-championships/world-athletics-championships-budapest-2023-7138987/results/men/400-metres-hurdles/round-1/result,2026-09-30T22:54:54Z
WCH2023-400mH-M-R1-H3,WCH2023,400mH,M,R1,3,2023-08-20,11:41,9.0,Santhosh Kumar TAMILARASAN,14675336,IND,0.228,0.228,50.46,https://worldathletics.org/competitions/world-athletics-championships/world-athletics-championships-budapest-2023-7138987/results/men/400-metres-hurdles/round-1/result,2026-09-30T22:54:54Z
WCH2023-400mH-M-R1-H3,WCH2023,400mH,M,R1,3,2023-08-20,11:41,1.0,Marc Anthony IBRAHIM,14980995,LBN,0.182,0.182,50.62,https://worldathletics.org/competitions/world-athletics-championships/world-athletics-championships-budapest-2023-7138987/results/men/400-metres-hurdles/round-1/result,2026-09-30T22:54:54Z
WCH2023-400mH-M-R1-H3,WCH2023,400mH,M,R1,3,2023-08-20,11:41,8.0,Malique SMITH,14602846,ISV,0.175,0.175,50.86,https://worldathletics.org/competitions/world-athletics-championships/world-athletics-championships-budapest-2023-7138987/results/men/400-metres-hurdles/round-1/result,2026-09-30T22:54:54Z
WCH2023-400mH-M-R1-H4,WCH2023,400mH,M,R1,4,2023-08-20,11:49,9.0,Joshua ABUAKU,14536209,GER,0.207,0.207,48.32,https://worldathletics.org/competitions/world-athletics-championships/world-athletics-championships-budapest-2023-7138987/results/men/400-metres-hurdles/round-1/result,2026-09-30T22:54:54Z
WCH2023-400mH-M-R1-H4,WCH2023,400mH,M,R1,4,2023-08-20,11:49,8.0,CJ ALLEN,14627624,USA,0.167,0.167,48.36,https://worldathletics.org/competitions/world-athletics-championships/world-athletics-championships-budapest-2023-7138987/results/men/400-metres-hurdles/round-1/result,2026-09-30T22:54:54Z
WCH2023-400mH-M-R1-H4,WCH2023,400mH,M,R1,4,2023-08-20,11:49,7.0,Roshawn CLARKE,14931525,JAM,0.183,0.183,48.39,https://worldathletics.org/competitions/world-athletics-championships/world-athletics-championships-budapest-2023-7138987/results/men/400-metres-hurdles/round-1/result,2026-09-30T22:54:54Z
WCH2023-400mH-M-R1-H4,WCH2023,400mH,M,R1,4,2023-08-20,11:49,6.0,Ezekiel NATHANIEL,14960533,NGR,0.210,0.21,48.47,https://worldathletics.org/competitions/world-athletics-championships/world-athletics-championships-budapest-2023-7138987/results/men/400-metres-hurdles/round-1/result,2026-09-30T22:54:54Z
WCH2023-400mH-M-R1-H4,WCH2023,400mH,M,R1,4,2023-08-20,11:49,4.0,Julien WATRIN,14329160,BEL,0.230,0.23,48.72,https://worldathletics.org/competitions/world-athletics-championships/world-athletics-championships-budapest-2023-7138987/results/men/400-metres-hurdles/round-1/result,2026-09-30T22:54:54Z
WCH2023-400mH-M-R1-H4,WCH2023,400mH,M,R1,4,2023-08-20,11:49,5.0,Mario LAMBRUGHI,14420532,ITA,0.129,0.129,49.05,https://worldathletics.org/competitions/world-athletics-championships/world-athletics-championships-budapest-2023-7138987/results/men/400-metres-hurdles/round-1/result,2026-09-30T22:54:54Z
WCH2023-400mH-M-R1-H4,WCH2023,400mH,M,R1,4,2023-08-20,11:49,3.0,Vít MÜLLER,14589388,CZE,0.186,0.186,49.37,https://worldathletics.org/competitions/world-athletics-championships/world-athletics-championships-budapest-2023-7138987/results/men/400-metres-hurdles/round-1/result,2026-09-30T22:54:54Z
WCH2023-400mH-M-R1-H4,WCH2023,400mH,M,R1,4,2023-08-20,11:49,2.0,Yusaku KODAMA,14860384,JPN,0.166,0.166,50.18,https://worldathletics.org/competitions/world-athletics-championships/world-athletics-championships-budapest-2023-7138987/results/men/400-metres-hurdles/round-1/result,2026-09-30T22:54:54Z
WCH2023-400mH-M-R1-H5,WCH2023,400mH,M,R1,5,2023-08-20,11:57,5.0,Rai BENJAMIN,14574865,USA,0.176,0.176,48.35,https://worldathletics.org/competitions/world-athletics-championships/world-athletics-championships-budapest-2023-7138987/results/men/400-metres-hurdles/round-1/result,2026-09-30T22:54:54Z
WCH2023-400mH-M-R1-H5,WCH2023,400mH,M,R1,5,2023-08-20,11:57,9.0,Jaheel HYDE,14520436,JAM,0.182,0.182,48.63,https://worldathletics.org/competitions/world-athletics-championships/world-athletics-championships-budapest-2023-7138987/results/men/400-metres-hurdles/round-1/result,2026-09-30T22:54:54Z
WCH2023-400mH-M-R1-H5,WCH2023,400mH,M,R1,5,2023-08-20,11:57,3.0,Kazuki KUROKAWA,14854957,JPN,0.158,0.158,48.71,https://worldathletics.org/competitions/world-athletics-championships/world-athletics-championships-budapest-2023-7138987/results/men/400-metres-hurdles/round-1/result,2026-09-30T22:54:54Z
WCH2023-400mH-M-R1-H5,WCH2023,400mH,M,R1,5,2023-08-20,11:57,8.0,Gerald DRUMMOND,14414628,CRC,0.220,0.22,48.73,https://worldathletics.org/competitions/world-athletics-championships/world-athletics-championships-budapest-2023-7138987/results/men/400-metres-hurdles/round-1/result,2026-09-30T22:54:54Z
WCH2023-400mH-M-R1-H5,WCH2023,400mH,M,R1,5,2023-08-20,11:57,6.0,Yasmani COPELLO,14169627,TUR,0.244,0.244,48.92,https://worldathletics.org/competitions/world-athletics-championships/world-athletics-championships-budapest-2023-7138987/results/men/400-metres-hurdles/round-1/result,2026-09-30T22:54:54Z
WCH2023-400mH-M-R1-H5,WCH2023,400mH,M,R1,5,2023-08-20,11:57,1.0,Emil AGYEKUM,14679384,GER,0.232,0.232,49.00,https://worldathletics.org/competitions/world-athletics-championships/world-athletics-championships-budapest-2023-7138987/results/men/400-metres-hurdles/round-1/result,2026-09-30T22:54:54Z
WCH2023-400mH-M-R1-H5,WCH2023,400mH,M,R1,5,2023-08-20,11:57,4.0,Shakeem HALL-SMITH,14745293,BAH,0.172,0.172,49.61,https://worldathletics.org/competitions/world-athletics-championships/world-athletics-championships-budapest-2023-7138987/results/men/400-metres-hurdles/round-1/result,2026-09-30T22:54:54Z
WCH2023-400mH-M-R1-H5,WCH2023,400mH,M,R1,5,2023-08-20,11:57,7.0,Árpád BÁNÓCZY,14683634,HUN,0.224,0.224,50.31,https://worldathletics.org/competitions/world-athletics-championships/world-athletics-championships-budapest-2023-7138987/results/men/400-metres-hurdles/round-1/result,2026-09-30T22:54:54Z
WCH2023-400mH-M-R1-H5,WCH2023,400mH,M,R1,5,2023-08-20,11:57,2.0,Jun Jie Calvin QUEK,14594892,SGP,0.190,0.19,50.53,https://worldathletics.org/competitions/world-athletics-championships/world-athletics-championships-budapest-2023-7138987/results/men/400-metres-hurdles/round-1/result,2026-09-30T22:54:54Z
WCH2023-400mH-M-SF-H1,WCH2023,400mH,M,SF,1,2023-08-21,19:33,8.0,Kyron MCMASTER,14532760,IVB,0.168,0.168,47.72,https://worldathletics.org/competitions/world-athletics-championships/world-athletics-championships-budapest-2023-7138987/results/men/400-metres-hurdles/semi-finals/result,2026-09-30T22:54:58Z
WCH2023-400mH-M-SF-H1,WCH2023,400mH,M,SF,1,2023-08-21,19:33,7.0,Rasmus MÄGI,14373195,EST,0.180,0.18,48.30,https://worldathletics.org/competitions/world-athletics-championships/world-athletics-championships-budapest-2023-7138987/results/men/400-metres-hurdles/semi-finals/result,2026-09-30T22:54:58Z
WCH2023-400mH-M-SF-H1,WCH2023,400mH,M,SF,1,2023-08-21,19:33,6.0,CJ ALLEN,14627624,USA,0.152,0.152,48.44,https://worldathletics.org/competitions/world-athletics-championships/world-athletics-championships-budapest-2023-7138987/results/men/400-metres-hurdles/semi-finals/result,2026-09-30T22:54:58Z
WCH2023-400mH-M-SF-H1,WCH2023,400mH,M,SF,1,2023-08-21,19:33,5.0,Jaheel HYDE,14520436,JAM,0.150,0.15,48.49,https://worldathletics.org/competitions/world-athletics-championships/world-athletics-championships-budapest-2023-7138987/results/men/400-metres-hurdles/semi-finals/result,2026-09-30T22:54:58Z
WCH2023-400mH-M-SF-H1,WCH2023,400mH,M,SF,1,2023-08-21,19:33,3.0,Julien WATRIN,14329160,BEL,0.205,0.205,48.94,https://worldathletics.org/competitions/world-athletics-championships/world-athletics-championships-budapest-2023-7138987/results/men/400-metres-hurdles/semi-finals/result,2026-09-30T22:54:58Z
WCH2023-400mH-M-SF-H1,WCH2023,400mH,M,SF,1,2023-08-21,19:33,9.0,Ezekiel NATHANIEL,14960533,NGR,0.209,0.209,49.22,https://worldathletics.org/competitions/world-athletics-championships/world-athletics-championships-budapest-2023-7138987/results/men/400-metres-hurdles/semi-finals/result,2026-09-30T22:54:58Z
WCH2023-400mH-M-SF-H1,WCH2023,400mH,M,SF,1,2023-08-21,19:33,4.0,Bassem HEMEIDA,14827001,QAT,0.172,0.172,49.50,https://worldathletics.org/competitions/world-athletics-championships/world-athletics-championships-budapest-2023-7138987/results/men/400-metres-hurdles/semi-finals/result,2026-09-30T22:54:58Z
WCH2023-400mH-M-SF-H1,WCH2023,400mH,M,SF,1,2023-08-21,19:33,2.0,Mario LAMBRUGHI,14420532,ITA,-0.017,-0.017,DQ,https://worldathletics.org/competitions/world-athletics-championships/world-athletics-championships-budapest-2023-7138987/results/men/400-metres-hurdles/semi-finals/result,2026-09-30T22:54:58Z
WCH2023-400mH-M-SF-H2,WCH2023,400mH,M,SF,2,2023-08-21,19:43,7.0,Rai BENJAMIN,14574865,USA,0.169,0.169,47.24,https://worldathletics.org/competitions/world-athletics-championships/world-athletics-championships-budapest-2023-7138987/results/men/400-metres-hurdles/semi-finals/result,2026-09-30T22:54:58Z
WCH2023-400mH-M-SF-H2,WCH2023,400mH,M,SF,2,2023-08-21,19:43,8.0,Alison DOS SANTOS,14755064,BRA,0.182,0.182,47.38,https://worldathletics.org/competitions/world-athletics-championships/world-athletics-championships-budapest-2023-7138987/results/men/400-metres-hurdles/semi-finals/result,2026-09-30T22:54:58Z
WCH2023-400mH-M-SF-H2,WCH2023,400mH,M,SF,2,2023-08-21,19:43,6.0,Ludvy VAILLANT,14480831,FRA,0.194,0.194,48.48,https://worldathletics.org/competitions/world-athletics-championships/world-athletics-championships-budapest-2023-7138987/results/men/400-metres-hurdles/semi-finals/result,2026-09-30T22:54:58Z
WCH2023-400mH-M-SF-H2,WCH2023,400mH,M,SF,2,2023-08-21,19:43,5.0,Kazuki KUROKAWA,14854957,JPN,0.144,0.144,48.58,https://worldathletics.org/competitions/world-athletics-championships/world-athletics-championships-budapest-2023-7138987/results/men/400-metres-hurdles/semi-finals/result,2026-09-30T22:54:58Z
WCH2023-400mH-M-SF-H2,WCH2023,400mH,M,SF,2,2023-08-21,19:43,3.0,Emil AGYEKUM,14679384,GER,0.196,0.196,48.71,https://worldathletics.org/competitions/world-athletics-championships/world-athletics-championships-budapest-2023-7138987/results/men/400-metres-hurdles/semi-finals/result,2026-09-30T22:54:58Z
WCH2023-400mH-M-SF-H2,WCH2023,400mH,M,SF,2,2023-08-21,19:43,9.0,Wiseman Were MUKHOBE,14802612,KEN,0.196,0.196,49.40,https://worldathletics.org/competitions/world-athletics-championships/world-athletics-championships-budapest-2023-7138987/results/men/400-metres-hurdles/semi-finals/result,2026-09-30T22:54:58Z
WCH2023-400mH-M-SF-H2,WCH2023,400mH,M,SF,2,2023-08-21,19:43,2.0,Zhiyu XIE,14885717,CHN,0.189,0.189,49.57,https://worldathletics.org/competitions/world-athletics-championships/world-athletics-championships-budapest-2023-7138987/results/men/400-metres-hurdles/semi-finals/result,2026-09-30T22:54:58Z
WCH2023-400mH-M-SF-H2,WCH2023,400mH,M,SF,2,2023-08-21,19:43,4.0,Julien BONVIN,14683945,SUI,0.175,0.175,49.75,https://worldathletics.org/competitions/world-athletics-championships/world-athletics-championships-budapest-2023-7138987/results/men/400-metres-hurdles/semi-finals/result,2026-09-30T22:54:58Z
WCH2023-400mH-M-SF-H3,WCH2023,400mH,M,SF,3,2023-08-21,19:53,5.0,Karsten WARHOLM,14479487,NOR,0.162,0.162,47.09,https://worldathletics.org/competitions/world-athletics-championships/world-athletics-championships-budapest-2023-7138987/results/men/400-metres-hurdles/semi-finals/result,2026-09-30T22:54:58Z
WCH2023-400mH-M-SF-H3,WCH2023,400mH,M,SF,3,2023-08-21,19:53,7.0,Roshawn CLARKE,14931525,JAM,0.198,0.198,47.34,https://worldathletics.org/competitions/world-athletics-championships/world-athletics-championships-budapest-2023-7138987/results/men/400-metres-hurdles/semi-finals/result,2026-09-30T22:54:58Z
WCH2023-400mH-M-SF-H3,WCH2023,400mH,M,SF,3,2023-08-21,19:53,9.0,Trevor BASSITT,14719193,USA,0.187,0.187,47.38,https://worldathletics.org/competitions/world-athletics-championships/world-athletics-championships-budapest-2023-7138987/results/men/400-metres-hurdles/semi-finals/result,2026-09-30T22:54:58Z
WCH2023-400mH-M-SF-H3,WCH2023,400mH,M,SF,3,2023-08-21,19:53,8.0,Joshua ABUAKU,14536209,GER,0.179,0.179,48.39,https://worldathletics.org/competitions/world-athletics-championships/world-athletics-championships-budapest-2023-7138987/results/men/400-metres-hurdles/semi-finals/result,2026-09-30T22:54:58Z
WCH2023-400mH-M-SF-H3,WCH2023,400mH,M,SF,3,2023-08-21,19:53,2.0,Alessandro SIBILIO,14699358,ITA,0.152,0.152,48.43,https://worldathletics.org/competitions/world-athletics-championships/world-athletics-championships-budapest-2023-7138987/results/men/400-metres-hurdles/semi-finals/result,2026-09-30T22:54:58Z
WCH2023-400mH-M-SF-H3,WCH2023,400mH,M,SF,3,2023-08-21,19:53,3.0,Yasmani COPELLO,14169627,TUR,0.220,0.22,48.66,https://worldathletics.org/competitions/world-athletics-championships/world-athletics-championships-budapest-2023-7138987/results/men/400-metres-hurdles/semi-finals/result,2026-09-30T22:54:58Z
WCH2023-400mH-M-SF-H3,WCH2023,400mH,M,SF,3,2023-08-21,19:53,6.0,Wilfried HAPPIO,14650750,FRA,0.176,0.176,48.83,https://worldathletics.org/competitions/world-athletics-championships/world-athletics-championships-budapest-2023-7138987/results/men/400-metres-hurdles/semi-finals/result,2026-09-30T22:54:58Z
WCH2023-400mH-M-SF-H3,WCH2023,400mH,M,SF,3,2023-08-21,19:53,4.0,Gerald DRUMMOND,14414628,CRC,0.169,0.169,49.31,https://worldathletics.org/competitions/world-athletics-championships/world-athletics-championships-budapest-2023-7138987/results/men/400-metres-hurdles/semi-finals/result,2026-09-30T22:54:58Z
WCH2023-400m-M-R1-H1,WCH2023,400m,M,R1,1,2023-08-20,10:25,7.0,Steven GARDINER,14578505,BAH,0.197,0.197,44.65,https://worldathletics.org/competitions/world-athletics-championships/world-athletics-championships-budapest-2023-7138987/results/men/400-metres/round-1/result,2026-09-30T22:54:35Z
WCH2023-400m-M-R1-H1,WCH2023,400m,M,R1,1,2023-08-20,10:25,6.0,Kentaro SATO,14698120,JPN,0.172,0.172,44.77,https://worldathletics.org/competitions/world-athletics-championships/world-athletics-championships-budapest-2023-7138987/results/men/400-metres/round-1/result,2026-09-30T22:54:35Z
WCH2023-400m-M-R1-H1,WCH2023,400m,M,R1,1,2023-08-20,10:25,9.0,Attila MOLNÁR,14712930,HUN,0.172,0.172,44.84,https://worldathletics.org/competitions/world-athletics-championships/world-athletics-championships-budapest-2023-7138987/results/men/400-metres/round-1/result,2026-09-30T22:54:35Z
WCH2023-400m-M-R1-H1,WCH2023,400m,M,R1,1,2023-08-20,10:25,8.0,Zakithi NENE,14696997,RSA,0.145,0.145,44.88,https://worldathletics.org/competitions/world-athletics-championships/world-athletics-championships-budapest-2023-7138987/results/men/400-metres/round-1/result,2026-09-30T22:54:35Z
WCH2023-400m-M-R1-H1,WCH2023,400m,M,R1,1,2023-08-20,10:25,5.0,Michael JOSEPH,14969138,LCA,0.153,0.153,45.04,https://worldathletics.org/competitions/world-athletics-championships/world-athletics-championships-budapest-2023-7138987/results/men/400-metres/round-1/result,2026-09-30T22:54:35Z
WCH2023-400m-M-R1-H1,WCH2023,400m,M,R1,1,2023-08-20,10:25,4.0,Aruna DHARSHANA,14756029,SRI,0.214,0.214,45.70,https://worldathletics.org/competitions/world-athletics-championships/world-athletics-championships-budapest-2023-7138987/results/men/400-metres/round-1/result,2026-09-30T22:54:35Z
WCH2023-400m-M-R1-H1,WCH2023,400m,M,R1,1,2023-08-20,10:25,3.0,Bonface Ontuga MWERESA,14479183,KEN,0.190,0.19,45.91,https://worldathletics.org/competitions/world-athletics-championships/world-athletics-championships-budapest-2023-7138987/results/men/400-metres/round-1/result,2026-09-30T22:54:35Z
WCH2023-400m-M-R1-H2,WCH2023,400m,M,R1,2,2023-08-20,10:33,4.0,Wayde VAN NIEKERK,14417677,RSA,0.185,0.185,44.57,https://worldathletics.org/competitions/world-athletics-championships/world-athletics-championships-budapest-2023-7138987/results/men/400-metres/round-1/result,2026-09-30T22:54:35Z
WCH2023-400m-M-R1-H2,WCH2023,400m,M,R1,2,2023-08-20,10:33,3.0,Matthew HUDSON-SMITH,14407278,GBR,0.177,0.177,44.69,https://worldathletics.org/competitions/world-athletics-championships/world-athletics-championships-budapest-2023-7138987/results/men/400-metres/round-1/result,2026-09-30T22:54:35Z
WCH2023-400m-M-R1-H2,WCH2023,400m,M,R1,2,2023-08-20,10:33,7.0,Liemarvin BONEVACIA,14427350,NED,0.186,0.186,44.78,https://worldathletics.org/competitions/world-athletics-championships/world-athletics-championships-budapest-2023-7138987/results/men/400-metres/round-1/result,2026-09-30T22:54:35Z
WCH2023-400m-M-R1-H2,WCH2023,400m,M,R1,2,2023-08-20,10:33,6.0,Busang Collen KEBINATSHIPI,14935809,BOT,0.155,0.155,44.80,https://worldathletics.org/competitions/world-athletics-championships/world-athletics-championships-budapest-2023-7138987/results/men/400-metres/round-1/result,2026-09-30T22:54:35Z
WCH2023-400m-M-R1-H2,WCH2023,400m,M,R1,2,2023-08-20,10:33,8.0,Elián LARREGINA,14805747,ARG,0.181,0.181,45.42,https://worldathletics.org/competitions/world-athletics-championships/world-athletics-championships-budapest-2023-7138987/results/men/400-metres/round-1/result,2026-09-30T22:54:35Z
WCH2023-400m-M-R1-H2,WCH2023,400m,M,R1,2,2023-08-20,10:33,5.0,Alonzo RUSSELL,14414605,BAH,0.188,0.188,46.95,https://worldathletics.org/competitions/world-athletics-championships/world-athletics-championships-budapest-2023-7138987/results/men/400-metres/round-1/result,2026-09-30T22:54:35Z
WCH2023-400m-M-R1-H2,WCH2023,400m,M,R1,2,2023-08-20,10:33,9.0,Anthony José ZAMBRANO,14662993,COL,0.223,0.223,DQ,https://worldathletics.org/competitions/world-athletics-championships/world-athletics-championships-budapest-2023-7138987/results/men/400-metres/round-1/result,2026-09-30T22:54:35Z
WCH2023-400m-M-R1-H3,WCH2023,400m,M,R1,3,2023-08-20,10:41,8.0,Håvard Bentdal INGVALDSEN,14908015,NOR,0.218,0.218,44.39,https://worldathletics.org/competitions/world-athletics-championships/world-athletics-championships-budapest-2023-7138987/results/men/400-metres/round-1/result,2026-09-30T22:54:35Z
WCH2023-400m-M-R1-H3,WCH2023,400m,M,R1,3,2023-08-20,10:41,4.0,Vernon NORWOOD,14490237,USA,0.194,0.194,44.87,https://worldathletics.org/competitions/world-athletics-championships/world-athletics-championships-budapest-2023-7138987/results/men/400-metres/round-1/result,2026-09-30T22:54:35Z
WCH2023-400m-M-R1-H3,WCH2023,400m,M,R1,3,2023-08-20,10:41,2.0,Jereem RICHARDS,14434521,TTO,0.153,0.153,45.15,https://worldathletics.org/competitions/world-athletics-championships/world-athletics-championships-budapest-2023-7138987/results/men/400-metres/round-1/result,2026-09-30T22:54:35Z
WCH2023-400m-M-R1-H3,WCH2023,400m,M,R1,3,2023-08-20,10:41,6.0,Dylan BORLÉE,14419938,BEL,0.160,0.16,45.24,https://worldathletics.org/competitions/world-athletics-championships/world-athletics-championships-budapest-2023-7138987/results/men/400-metres/round-1/result,2026-09-30T22:54:35Z
WCH2023-400m-M-R1-H3,WCH2023,400m,M,R1,3,2023-08-20,10:41,3.0,Oleksandr POHORILKO,14849032,UKR,0.233,0.233,45.37,https://worldathletics.org/competitions/world-athletics-championships/world-athletics-championships-budapest-2023-7138987/results/men/400-metres/round-1/result,2026-09-30T22:54:35Z
WCH2023-400m-M-R1-H3,WCH2023,400m,M,R1,3,2023-08-20,10:41,9.0,João COELHO,14822316,POR,0.273,0.273,45.38,https://worldathletics.org/competitions/world-athletics-championships/world-athletics-championships-budapest-2023-7138987/results/men/400-metres/round-1/result,2026-09-30T22:54:35Z
WCH2023-400m-M-R1-H3,WCH2023,400m,M,R1,3,2023-08-20,10:41,7.0,Jonathan JONES,14689553,BAR,0.156,0.156,46.03,https://worldathletics.org/competitions/world-athletics-championships/world-athletics-championships-budapest-2023-7138987/results/men/400-metres/round-1/result,2026-09-30T22:54:35Z
WCH2023-400m-M-R1-H3,WCH2023,400m,M,R1,3,2023-08-20,10:41,5.0,Ricky PETRUCCIANI,14742772,SUI,,,DNS,https://worldathletics.org/competitions/world-athletics-championships/world-athletics-championships-budapest-2023-7138987/results/men/400-metres/round-1/result,2026-09-30T22:54:35Z
WCH2023-400m-M-R1-H4,WCH2023,400m,M,R1,4,2023-08-20,10:49,6.0,Kirani JAMES,14195659,GRN,0.166,0.166,44.91,https://worldathletics.org/competitions/world-athletics-championships/world-athletics-championships-budapest-2023-7138987/results/men/400-metres/round-1/result,2026-09-30T22:54:35Z
WCH2023-400m-M-R1-H4,WCH2023,400m,M,R1,4,2023-08-20,10:49,5.0,Fuga SATO,14766515,JPN,0.167,0.167,44.97,https://worldathletics.org/competitions/world-athletics-championships/world-athletics-championships-budapest-2023-7138987/results/men/400-metres/round-1/result,2026-09-30T22:54:35Z
WCH2023-400m-M-R1-H4,WCH2023,400m,M,R1,4,2023-08-20,10:49,3.0,Sean BAILEY,14574678,JAM,0.183,0.183,44.98,https://worldathletics.org/competitions/world-athletics-championships/world-athletics-championships-budapest-2023-7138987/results/men/400-metres/round-1/result,2026-09-30T22:54:35Z
WCH2023-400m-M-R1-H4,WCH2023,400m,M,R1,4,2023-08-20,10:49,4.0,Davide RE,14375605,ITA,0.153,0.153,45.07,https://worldathletics.org/competitions/world-athletics-championships/world-athletics-championships-budapest-2023-7138987/results/men/400-metres/round-1/result,2026-09-30T22:54:35Z
WCH2023-400m-M-R1-H4,WCH2023,400m,M,R1,4,2023-08-20,10:49,2.0,Leungo SCOTCH,14643510,BOT,0.169,0.169,45.20,https://worldathletics.org/competitions/world-athletics-championships/world-athletics-championships-budapest-2023-7138987/results/men/400-metres/round-1/result,2026-09-30T22:54:35Z
WCH2023-400m-M-R1-H4,WCH2023,400m,M,R1,4,2023-08-20,10:49,9.0,Dubem NWACHUKWU,14836794,NGR,0.190,0.19,45.60,https://worldathletics.org/competitions/world-athletics-championships/world-athletics-championships-budapest-2023-7138987/results/men/400-metres/round-1/result,2026-09-30T22:54:35Z
WCH2023-400m-M-R1-H4,WCH2023,400m,M,R1,4,2023-08-20,10:49,,Gustav Lundholm NIELSEN,14717805,DEN,0.176,0.176,45.66,https://worldathletics.org/competitions/world-athletics-championships/world-athletics-championships-budapest-2023-7138987/results/men/400-metres/round-1/result,2026-09-30T22:54:35Z
WCH2023-400m-M-R1-H4,WCH2023,400m,M,R1,4,2023-08-20,10:49,8.0,Carl BENGTSTRÖM,14713427,SWE,0.191,0.191,DQ,https://worldathletics.org/competitions/world-athletics-championships/world-athletics-championships-budapest-2023-7138987/results/men/400-metres/round-1/result,2026-09-30T22:54:35Z
WCH2023-400m-M-R1-H5,WCH2023,400m,M,R1,5,2023-08-20,10:57,3.0,Antonio WATSON,14737996,JAM,0.169,0.169,44.77,https://worldathletics.org/competitions/world-athletics-championships/world-athletics-championships-budapest-2023-7138987/results/men/400-metres/round-1/result,2026-09-30T22:54:35Z
WCH2023-400m-M-R1-H5,WCH2023,400m,M,R1,5,2023-08-20,10:57,5.0,Quincy HALL,14597236,USA,0.181,0.181,44.86,https://worldathletics.org/competitions/world-athletics-championships/world-athletics-championships-budapest-2023-7138987/results/men/400-metres/round-1/result,2026-09-30T22:54:35Z
WCH2023-400m-M-R1-H5,WCH2023,400m,M,R1,5,2023-08-20,10:57,4.0,Yuki Joseph NAKAJIMA,14915400,JPN,0.181,0.181,45.15,https://worldathletics.org/competitions/world-athletics-championships/world-athletics-championships-budapest-2023-7138987/results/men/400-metres/round-1/result,2026-09-30T22:54:35Z
WCH2023-400m-M-R1-H5,WCH2023,400m,M,R1,5,2023-08-20,10:57,7.0,Lythe PILLAY,14789653,RSA,0.161,0.161,45.58,https://worldathletics.org/competitions/world-athletics-championships/world-athletics-championships-budapest-2023-7138987/results/men/400-metres/round-1/result,2026-09-30T22:54:35Z
WCH2023-400m-M-R1-H5,WCH2023,400m,M,R1,5,2023-08-20,10:57,9.0,Lionel SPITZ,14794967,SUI,0.180,0.18,45.69,https://worldathletics.org/competitions/world-athletics-championships/world-athletics-championships-budapest-2023-7138987/results/men/400-metres/round-1/result,2026-09-30T22:54:35Z
WCH2023-400m-M-R1-H5,WCH2023,400m,M,R1,5,2023-08-20,10:57,2.0,Karol ZALEWSKI,14403529,POL,0.168,0.168,46.53,https://worldathletics.org/competitions/world-athletics-championships/world-athletics-championships-budapest-2023-7138987/results/men/400-metres/round-1/result,2026-09-30T22:54:35Z
WCH2023-400m-M-R1-H5,WCH2023,400m,M,R1,5,2023-08-20,10:57,6.0,Christopher O'DONNELL,14638113,IRL,0.159,0.159,46.76,https://worldathletics.org/competitions/world-athletics-championships/world-athletics-championships-budapest-2023-7138987/results/men/400-metres/round-1/result,2026-09-30T22:54:35Z
WCH2023-400m-M-R1-H5,WCH2023,400m,M,R1,5,2023-08-20,10:57,8.0,Desean Anju L BOYCE,14988397,BAR,0.168,0.168,DNF,https://worldathletics.org/competitions/world-athletics-championships/world-athletics-championships-budapest-2023-7138987/results/men/400-metres/round-1/result,2026-09-30T22:54:35Z
WCH2023-400m-M-R1-H6,WCH2023,400m,M,R1,6,2023-08-20,11:05,8.0,Bayapo NDORI,14847443,BOT,0.155,0.155,44.72,https://worldathletics.org/competitions/world-athletics-championships/world-athletics-championships-budapest-2023-7138987/results/men/400-metres/round-1/result,2026-09-30T22:54:35Z
WCH2023-400m-M-R1-H6,WCH2023,400m,M,R1,6,2023-08-20,11:05,5.0,Alexander DOOM,14548983,BEL,0.171,0.171,44.92,https://worldathletics.org/competitions/world-athletics-championships/world-athletics-championships-budapest-2023-7138987/results/men/400-metres/round-1/result,2026-09-30T22:54:35Z
WCH2023-400m-M-R1-H6,WCH2023,400m,M,R1,6,2023-08-20,11:05,9.0,Zandrion BARNES,14875542,JAM,0.186,0.186,45.05,https://worldathletics.org/competitions/world-athletics-championships/world-athletics-championships-budapest-2023-7138987/results/men/400-metres/round-1/result,2026-09-30T22:54:35Z
WCH2023-400m-M-R1-H6,WCH2023,400m,M,R1,6,2023-08-20,11:05,6.0,Manuel SANDERS,14704769,GER,0.187,0.187,45.34,https://worldathletics.org/competitions/world-athletics-championships/world-athletics-championships-budapest-2023-7138987/results/men/400-metres/round-1/result,2026-09-30T22:54:35Z
WCH2023-400m-M-R1-H6,WCH2023,400m,M,R1,6,2023-08-20,11:05,7.0,Lucas CARVALHO,14431784,BRA,0.175,0.175,45.34,https://worldathletics.org/competitions/world-athletics-championships/world-athletics-championships-budapest-2023-7138987/results/men/400-metres/round-1/result,2026-09-30T22:54:35Z
WCH2023-400m-M-R1-H6,WCH2023,400m,M,R1,6,2023-08-20,11:05,3.0,Matěj KRSEK,14632798,CZE,0.147,0.147,45.99,https://worldathletics.org/competitions/world-athletics-championships/world-athletics-championships-budapest-2023-7138987/results/men/400-metres/round-1/result,2026-09-30T22:54:35Z
WCH2023-400m-M-R1-H6,WCH2023,400m,M,R1,6,2023-08-20,11:05,4.0,Bryce DEADMON,14596460,USA,0.170,0.17,46.20,https://worldathletics.org/competitions/world-athletics-championships/world-athletics-championships-budapest-2023-7138987/results/men/400-metres/round-1/result,2026-09-30T22:54:35Z
WCH2023-400m-M-SF-H1,WCH2023,400m,M,SF,1,2023-08-22,21:00,5.0,Antonio WATSON,14737996,JAM,0.158,0.158,44.13,https://worldathletics.org/competitions/world-athletics-championships/world-athletics-championships-budapest-2023-7138987/results/men/400-metres/semi-finals/result,2026-09-30T22:54:38Z
WCH2023-400m-M-SF-H1,WCH2023,400m,M,SF,1,2023-08-22,21:00,7.0,Vernon NORWOOD,14490237,USA,0.181,0.181,44.26,https://worldathletics.org/competitions/world-athletics-championships/world-athletics-championships-budapest-2023-7138987/results/men/400-metres/semi-finals/result,2026-09-30T22:54:38Z
WCH2023-400m-M-SF-H1,WCH2023,400m,M,SF,1,2023-08-22,21:00,8.0,Wayde VAN NIEKERK,14417677,RSA,0.178,0.178,44.65,https://worldathletics.org/competitions/world-athletics-championships/world-athletics-championships-budapest-2023-7138987/results/men/400-metres/semi-finals/result,2026-09-30T22:54:38Z
WCH2023-400m-M-SF-H1,WCH2023,400m,M,SF,1,2023-08-22,21:00,4.0,Jereem RICHARDS,14434521,TTO,0.160,0.16,44.76,https://worldathletics.org/competitions/world-athletics-championships/world-athletics-championships-budapest-2023-7138987/results/men/400-metres/semi-finals/result,2026-09-30T22:54:38Z
WCH2023-400m-M-SF-H1,WCH2023,400m,M,SF,1,2023-08-22,21:00,6.0,Kentaro SATO,14698120,JPN,0.180,0.18,44.99,https://worldathletics.org/competitions/world-athletics-championships/world-athletics-championships-budapest-2023-7138987/results/men/400-metres/semi-finals/result,2026-09-30T22:54:38Z
WCH2023-400m-M-SF-H1,WCH2023,400m,M,SF,1,2023-08-22,21:00,9.0,Attila MOLNÁR,14712930,HUN,0.156,0.156,45.02,https://worldathletics.org/competitions/world-athletics-championships/world-athletics-championships-budapest-2023-7138987/results/men/400-metres/semi-finals/result,2026-09-30T22:54:38Z
WCH2023-400m-M-SF-H1,WCH2023,400m,M,SF,1,2023-08-22,21:00,2.0,Michael JOSEPH,14969138,LCA,0.161,0.161,45.50,https://worldathletics.org/competitions/world-athletics-championships/world-athletics-championships-budapest-2023-7138987/results/men/400-metres/semi-finals/result,2026-09-30T22:54:38Z
WCH2023-400m-M-SF-H1,WCH2023,400m,M,SF,1,2023-08-22,21:00,3.0,Leungo SCOTCH,14643510,BOT,0.162,0.162,45.96,https://worldathletics.org/competitions/world-athletics-championships/world-athletics-championships-budapest-2023-7138987/results/men/400-metres/semi-finals/result,2026-09-30T22:54:38Z
WCH2023-400m-M-SF-H2,WCH2023,400m,M,SF,2,2023-08-22,21:08,7.0,Matthew HUDSON-SMITH,14407278,GBR,0.167,0.167,44.26,https://worldathletics.org/competitions/world-athletics-championships/world-athletics-championships-budapest-2023-7138987/results/men/400-metres/semi-finals/result,2026-09-30T22:54:38Z
WCH2023-400m-M-SF-H2,WCH2023,400m,M,SF,2,2023-08-22,21:08,5.0,Kirani JAMES,14195659,GRN,0.147,0.147,44.58,https://worldathletics.org/competitions/world-athletics-championships/world-athletics-championships-budapest-2023-7138987/results/men/400-metres/semi-finals/result,2026-09-30T22:54:38Z
WCH2023-400m-M-SF-H2,WCH2023,400m,M,SF,2,2023-08-22,21:08,8.0,Håvard Bentdal INGVALDSEN,14908015,NOR,0.190,0.19,44.70,https://worldathletics.org/competitions/world-athletics-championships/world-athletics-championships-budapest-2023-7138987/results/men/400-metres/semi-finals/result,2026-09-30T22:54:38Z
WCH2023-400m-M-SF-H2,WCH2023,400m,M,SF,2,2023-08-22,21:08,6.0,Fuga SATO,14766515,JPN,0.150,0.15,44.88,https://worldathletics.org/competitions/world-athletics-championships/world-athletics-championships-budapest-2023-7138987/results/men/400-metres/semi-finals/result,2026-09-30T22:54:38Z
WCH2023-400m-M-SF-H2,WCH2023,400m,M,SF,2,2023-08-22,21:08,4.0,Liemarvin BONEVACIA,14427350,NED,0.175,0.175,45.23,https://worldathletics.org/competitions/world-athletics-championships/world-athletics-championships-budapest-2023-7138987/results/men/400-metres/semi-finals/result,2026-09-30T22:54:38Z
WCH2023-400m-M-SF-H2,WCH2023,400m,M,SF,2,2023-08-22,21:08,9.0,Zandrion BARNES,14875542,JAM,0.171,0.171,45.38,https://worldathletics.org/competitions/world-athletics-championships/world-athletics-championships-budapest-2023-7138987/results/men/400-metres/semi-finals/result,2026-09-30T22:54:38Z
WCH2023-400m-M-SF-H2,WCH2023,400m,M,SF,2,2023-08-22,21:08,3.0,Dylan BORLÉE,14419938,BEL,0.153,0.153,45.59,https://worldathletics.org/competitions/world-athletics-championships/world-athletics-championships-budapest-2023-7138987/results/men/400-metres/semi-finals/result,2026-09-30T22:54:38Z
WCH2023-400m-M-SF-H2,WCH2023,400m,M,SF,2,2023-08-22,21:08,2.0,Busang Collen KEBINATSHIPI,14935809,BOT,0.168,0.168,46.39,https://worldathletics.org/competitions/world-athletics-championships/world-athletics-championships-budapest-2023-7138987/results/men/400-metres/semi-finals/result,2026-09-30T22:54:38Z
WCH2023-400m-M-SF-H3,WCH2023,400m,M,SF,3,2023-08-22,21:16,7.0,Quincy HALL,14597236,USA,0.176,0.176,44.43,https://worldathletics.org/competitions/world-athletics-championships/world-athletics-championships-budapest-2023-7138987/results/men/400-metres/semi-finals/result,2026-09-30T22:54:38Z
WCH2023-400m-M-SF-H3,WCH2023,400m,M,SF,3,2023-08-22,21:16,4.0,Sean BAILEY,14574678,JAM,0.165,0.165,44.94,https://worldathletics.org/competitions/world-athletics-championships/world-athletics-championships-budapest-2023-7138987/results/men/400-metres/semi-finals/result,2026-09-30T22:54:38Z
WCH2023-400m-M-SF-H3,WCH2023,400m,M,SF,3,2023-08-22,21:16,9.0,Yuki Joseph NAKAJIMA,14915400,JPN,0.215,0.215,45.04,https://worldathletics.org/competitions/world-athletics-championships/world-athletics-championships-budapest-2023-7138987/results/men/400-metres/semi-finals/result,2026-09-30T22:54:38Z
WCH2023-400m-M-SF-H3,WCH2023,400m,M,SF,3,2023-08-22,21:16,3.0,Davide RE,14375605,ITA,0.165,0.165,45.29,https://worldathletics.org/competitions/world-athletics-championships/world-athletics-championships-budapest-2023-7138987/results/men/400-metres/semi-finals/result,2026-09-30T22:54:38Z
WCH2023-400m-M-SF-H3,WCH2023,400m,M,SF,3,2023-08-22,21:16,5.0,Alexander DOOM,14548983,BEL,0.168,0.168,45.57,https://worldathletics.org/competitions/world-athletics-championships/world-athletics-championships-budapest-2023-7138987/results/men/400-metres/semi-finals/result,2026-09-30T22:54:38Z
WCH2023-400m-M-SF-H3,WCH2023,400m,M,SF,3,2023-08-22,21:16,2.0,Zakithi NENE,14696997,RSA,0.151,0.151,45.64,https://worldathletics.org/competitions/world-athletics-championships/world-athletics-championships-budapest-2023-7138987/results/men/400-metres/semi-finals/result,2026-09-30T22:54:38Z
WCH2023-400m-M-SF-H3,WCH2023,400m,M,SF,3,2023-08-22,21:16,6.0,Steven GARDINER,14578505,BAH,0.221,0.221,DNF,https://worldathletics.org/competitions/world-athletics-championships/world-athletics-championships-budapest-2023-7138987/results/men/400-metres/semi-finals/result,2026-09-30T22:54:38Z
WCH2023-400m-M-SF-H3,WCH2023,400m,M,SF,3,2023-08-22,21:16,8.0,Bayapo NDORI,14847443,BOT,0.159,0.159,DNF,https://worldathletics.org/competitions/world-athletics-championships/world-athletics-championships-budapest-2023-7138987/results/men/400-metres/semi-finals/result,2026-09-30T22:54:38Z
WCH2023-4x100m-M-F-H1,WCH2023,4x100m,M,F,1,2023-08-26,21:40,8.0,United States,6,USA,0.146,0.146,37.38,https://worldathletics.org/competitions/world-athletics-championships/world-athletics-championships-budapest-2023-7138987/results/men/4x100-metres-relay/final/result,2026-09-30T22:55:11Z
WCH2023-4x100m-M-F-H1,WCH2023,4x100m,M,F,1,2023-08-26,21:40,5.0,Italy,40,ITA,0.148,0.148,37.62,https://worldathletics.org/competitions/world-athletics-championships/world-athletics-championships-budapest-2023-7138987/results/men/4x100-metres-relay/final/result,2026-09-30T22:55:11Z
WCH2023-4x100m-M-F-H1,WCH2023,4x100m,M,F,1,2023-08-26,21:40,6.0,Jamaica,23,JAM,0.168,0.168,37.76,https://worldathletics.org/competitions/world-athletics-championships/world-athletics-championships-budapest-2023-7138987/results/men/4x100-metres-relay/final/result,2026-09-30T22:55:11Z
WCH2023-4x100m-M-F-H1,WCH2023,4x100m,M,F,1,2023-08-26,21:40,4.0,Great Britain & NI,5,GBR,0.148,0.148,37.80,https://worldathletics.org/competitions/world-athletics-championships/world-athletics-championships-budapest-2023-7138987/results/men/4x100-metres-relay/final/result,2026-09-30T22:55:11Z
WCH2023-4x100m-M-F-H1,WCH2023,4x100m,M,F,1,2023-08-26,21:40,9.0,Japan,29,JPN,0.164,0.164,37.83,https://worldathletics.org/competitions/world-athletics-championships/world-athletics-championships-budapest-2023-7138987/results/men/4x100-metres-relay/final/result,2026-09-30T22:55:11Z
WCH2023-4x100m-M-F-H1,WCH2023,4x100m,M,F,1,2023-08-26,21:40,2.0,Brazil,21,BRA,0.150,0.15,DQ,https://worldathletics.org/competitions/world-athletics-championships/world-athletics-championships-budapest-2023-7138987/results/men/4x100-metres-relay/final/result,2026-09-30T22:55:11Z
WCH2023-4x100m-M-F-H1,WCH2023,4x100m,M,F,1,2023-08-26,21:40,3.0,France,52,FRA,0.156,0.156,DQ,https://worldathletics.org/competitions/world-athletics-championships/world-athletics-championships-budapest-2023-7138987/results/men/4x100-metres-relay/final/result,2026-09-30T22:55:11Z
WCH2023-4x100m-M-F-H1,WCH2023,4x100m,M,F,1,2023-08-26,21:40,7.0,South Africa,15,RSA,0.172,0.172,DNF,https://worldathletics.org/competitions/world-athletics-championships/world-athletics-championships-budapest-2023-7138987/results/men/4x100-metres-relay/final/result,2026-09-30T22:55:11Z
WCH2023-4x100m-M-R1-H1,WCH2023,4x100m,M,R1,1,2023-08-25,19:32,8.0,United States,6,USA,0.134,0.134,37.67,https://worldathletics.org/competitions/world-athletics-championships/world-athletics-championships-budapest-2023-7138987/results/men/4x100-metres-relay/round-1/result,2026-09-30T22:55:14Z
WCH2023-4x100m-M-R1-H1,WCH2023,4x100m,M,R1,1,2023-08-25,19:32,7.0,Jamaica,23,JAM,0.174,0.174,37.68,https://worldathletics.org/competitions/world-athletics-championships/world-athletics-championships-budapest-2023-7138987/results/men/4x100-metres-relay/round-1/result,2026-09-30T22:55:14Z
WCH2023-4x100m-M-R1-H1,WCH2023,4x100m,M,R1,1,2023-08-25,19:32,5.0,Japan,29,JPN,0.150,0.15,37.71,https://worldathletics.org/competitions/world-athletics-championships/world-athletics-championships-budapest-2023-7138987/results/men/4x100-metres-relay/round-1/result,2026-09-30T22:55:14Z
WCH2023-4x100m-M-R1-H1,WCH2023,4x100m,M,R1,1,2023-08-25,19:32,4.0,Trinidad and Tobago,59,TTO,0.139,0.139,38.89,https://worldathletics.org/competitions/world-athletics-championships/world-athletics-championships-budapest-2023-7138987/results/men/4x100-metres-relay/round-1/result,2026-09-30T22:55:14Z
WCH2023-4x100m-M-R1-H1,WCH2023,4x100m,M,R1,1,2023-08-25,19:32,6.0,Hungary,2,HUN,0.180,0.18,39.55,https://worldathletics.org/competitions/world-athletics-championships/world-athletics-championships-budapest-2023-7138987/results/men/4x100-metres-relay/round-1/result,2026-09-30T22:55:14Z
WCH2023-4x100m-M-R1-H1,WCH2023,4x100m,M,R1,1,2023-08-25,19:32,3.0,France,52,FRA,0.150,0.15,DQ,https://worldathletics.org/competitions/world-athletics-championships/world-athletics-championships-budapest-2023-7138987/results/men/4x100-metres-relay/round-1/result,2026-09-30T22:55:14Z
WCH2023-4x100m-M-R1-H1,WCH2023,4x100m,M,R1,1,2023-08-25,19:32,9.0,Germany,61,GER,0.171,0.171,DNF,https://worldathletics.org/competitions/world-athletics-championships/world-athletics-championships-budapest-2023-7138987/results/men/4x100-metres-relay/round-1/result,2026-09-30T22:55:14Z
WCH2023-4x100m-M-R1-H1,WCH2023,4x100m,M,R1,1,2023-08-25,19:32,2.0,Netherlands,55,NED,0.146,0.146,DNF,https://worldathletics.org/competitions/world-athletics-championships/world-athletics-championships-budapest-2023-7138987/results/men/4x100-metres-relay/round-1/result,2026-09-30T22:55:14Z
WCH2023-4x100m-M-R1-H2,WCH2023,4x100m,M,R1,2,2023-08-25,19:41,5.0,Italy,40,ITA,0.115,0.115,37.65,https://worldathletics.org/competitions/world-athletics-championships/world-athletics-championships-budapest-2023-7138987/results/men/4x100-metres-relay/round-1/result,2026-09-30T22:55:14Z
WCH2023-4x100m-M-R1-H2,WCH2023,4x100m,M,R1,2,2023-08-25,19:41,2.0,South Africa,15,RSA,0.157,0.157,37.72,https://worldathletics.org/competitions/world-athletics-championships/world-athletics-championships-budapest-2023-7138987/results/men/4x100-metres-relay/round-1/result,2026-09-30T22:55:14Z
WCH2023-4x100m-M-R1-H2,WCH2023,4x100m,M,R1,2,2023-08-25,19:41,7.0,Great Britain & NI,5,GBR,0.157,0.157,38.01,https://worldathletics.org/competitions/world-athletics-championships/world-athletics-championships-budapest-2023-7138987/results/men/4x100-metres-relay/round-1/result,2026-09-30T22:55:14Z
WCH2023-4x100m-M-R1-H2,WCH2023,4x100m,M,R1,2,2023-08-25,19:41,4.0,Brazil,21,BRA,0.147,0.147,38.19,https://worldathletics.org/competitions/world-athletics-championships/world-athletics-championships-budapest-2023-7138987/results/men/4x100-metres-relay/round-1/result,2026-09-30T22:55:14Z
WCH2023-4x100m-M-R1-H2,WCH2023,4x100m,M,R1,2,2023-08-25,19:41,3.0,Nigeria,14,NGR,0.142,0.142,38.20,https://worldathletics.org/competitions/world-athletics-championships/world-athletics-championships-budapest-2023-7138987/results/men/4x100-metres-relay/round-1/result,2026-09-30T22:55:14Z
WCH2023-4x100m-M-R1-H2,WCH2023,4x100m,M,R1,2,2023-08-25,19:41,9.0,Canada,48,CAN,0.148,0.148,38.25,https://worldathletics.org/competitions/world-athletics-championships/world-athletics-championships-budapest-2023-7138987/results/men/4x100-metres-relay/round-1/result,2026-09-30T22:55:14Z
WCH2023-4x100m-M-R1-H2,WCH2023,4x100m,M,R1,2,2023-08-25,19:41,6.0,Switzerland,58,SUI,0.142,0.142,38.65,https://worldathletics.org/competitions/world-athletics-championships/world-athletics-championships-budapest-2023-7138987/results/men/4x100-metres-relay/round-1/result,2026-09-30T22:55:14Z
WCH2023-4x100m-M-R1-H2,WCH2023,4x100m,M,R1,2,2023-08-25,19:41,8.0,Poland,8,POL,0.165,0.165,DNF,https://worldathletics.org/competitions/world-athletics-championships/world-athletics-championships-budapest-2023-7138987/results/men/4x100-metres-relay/round-1/result,2026-09-30T22:55:14Z
WCH2023-4x400m-M-F-H1,WCH2023,4x400m,M,F,1,2023-08-27,21:37,8.0,United States,6,USA,0.197,0.197,2:57.31,https://worldathletics.org/competitions/world-athletics-championships/world-athletics-championships-budapest-2023-7138987/results/men/4x400-metres-relay/final/result,2026-09-30T22:55:25Z
WCH2023-4x400m-M-F-H1,WCH2023,4x400m,M,F,1,2023-08-27,21:37,7.0,France,52,FRA,0.208,0.208,2:58.45,https://worldathletics.org/competitions/world-athletics-championships/world-athletics-championships-budapest-2023-7138987/results/men/4x400-metres-relay/final/result,2026-09-30T22:55:25Z
WCH2023-4x400m-M-F-H1,WCH2023,4x400m,M,F,1,2023-08-27,21:37,9.0,Great Britain & NI,5,GBR,0.193,0.193,2:58.71,https://worldathletics.org/competitions/world-athletics-championships/world-athletics-championships-budapest-2023-7138987/results/men/4x400-metres-relay/final/result,2026-09-30T22:55:25Z
WCH2023-4x400m-M-F-H1,WCH2023,4x400m,M,F,1,2023-08-27,21:37,6.0,Jamaica,23,JAM,0.214,0.214,2:59.34,https://worldathletics.org/competitions/world-athletics-championships/world-athletics-championships-budapest-2023-7138987/results/men/4x400-metres-relay/final/result,2026-09-30T22:55:25Z
WCH2023-4x400m-M-F-H1,WCH2023,4x400m,M,F,1,2023-08-27,21:37,5.0,India,37,IND,0.184,0.184,2:59.92,https://worldathletics.org/competitions/world-athletics-championships/world-athletics-championships-budapest-2023-7138987/results/men/4x400-metres-relay/final/result,2026-09-30T22:55:25Z
WCH2023-4x400m-M-F-H1,WCH2023,4x400m,M,F,1,2023-08-27,21:37,3.0,Netherlands,55,NED,0.189,0.189,3:00.40,https://worldathletics.org/competitions/world-athletics-championships/world-athletics-championships-budapest-2023-7138987/results/men/4x400-metres-relay/final/result,2026-09-30T22:55:25Z
WCH2023-4x400m-M-F-H1,WCH2023,4x400m,M,F,1,2023-08-27,21:37,4.0,Italy,40,ITA,0.190,0.19,3:01.23,https://worldathletics.org/competitions/world-athletics-championships/world-athletics-championships-budapest-2023-7138987/results/men/4x400-metres-relay/final/result,2026-09-30T22:55:25Z
WCH2023-4x400m-M-F-H1,WCH2023,4x400m,M,F,1,2023-08-27,21:37,2.0,Botswana,110,BOT,0.203,0.203,DQ,https://worldathletics.org/competitions/world-athletics-championships/world-athletics-championships-budapest-2023-7138987/results/men/4x400-metres-relay/final/result,2026-09-30T22:55:25Z
WCH2023-4x400m-M-R1-H1,WCH2023,4x400m,M,R1,1,2023-08-26,19:30,9.0,United States,6,USA,0.179,0.179,2:58.47,https://worldathletics.org/competitions/world-athletics-championships/world-athletics-championships-budapest-2023-7138987/results/men/4x400-metres-relay/round-1/result,2026-09-30T22:55:28Z
WCH2023-4x400m-M-R1-H1,WCH2023,4x400m,M,R1,1,2023-08-26,19:30,4.0,India,37,IND,0.169,0.169,2:59.05,https://worldathletics.org/competitions/world-athletics-championships/world-athletics-championships-budapest-2023-7138987/results/men/4x400-metres-relay/round-1/result,2026-09-30T22:55:28Z
WCH2023-4x400m-M-R1-H1,WCH2023,4x400m,M,R1,1,2023-08-26,19:30,3.0,Great Britain & NI,5,GBR,0.164,0.164,2:59.42,https://worldathletics.org/competitions/world-athletics-championships/world-athletics-championships-budapest-2023-7138987/results/men/4x400-metres-relay/round-1/result,2026-09-30T22:55:28Z
WCH2023-4x400m-M-R1-H1,WCH2023,4x400m,M,R1,1,2023-08-26,19:30,2.0,Japan,29,JPN,0.177,0.177,3:00.39,https://worldathletics.org/competitions/world-athletics-championships/world-athletics-championships-budapest-2023-7138987/results/men/4x400-metres-relay/round-1/result,2026-09-30T22:55:28Z
WCH2023-4x400m-M-R1-H1,WCH2023,4x400m,M,R1,1,2023-08-26,19:30,6.0,Czech Republic,97,CZE,0.143,0.143,3:00.99,https://worldathletics.org/competitions/world-athletics-championships/world-athletics-championships-budapest-2023-7138987/results/men/4x400-metres-relay/round-1/result,2026-09-30T22:55:28Z
WCH2023-4x400m-M-R1-H1,WCH2023,4x400m,M,R1,1,2023-08-26,19:30,8.0,Trinidad and Tobago,59,TTO,0.264,0.264,3:01.54,https://worldathletics.org/competitions/world-athletics-championships/world-athletics-championships-budapest-2023-7138987/results/men/4x400-metres-relay/round-1/result,2026-09-30T22:55:28Z
WCH2023-4x400m-M-R1-H1,WCH2023,4x400m,M,R1,1,2023-08-26,19:30,5.0,Spain,88,ESP,0.146,0.146,3:02.64,https://worldathletics.org/competitions/world-athletics-championships/world-athletics-championships-budapest-2023-7138987/results/men/4x400-metres-relay/round-1/result,2026-09-30T22:55:28Z
WCH2023-4x400m-M-R1-H1,WCH2023,4x400m,M,R1,1,2023-08-26,19:30,7.0,Hungary,2,HUN,0.178,0.178,3:02.65,https://worldathletics.org/competitions/world-athletics-championships/world-athletics-championships-budapest-2023-7138987/results/men/4x400-metres-relay/round-1/result,2026-09-30T22:55:28Z
WCH2023-4x400m-M-R1-H1,WCH2023,4x400m,M,R1,1,2023-08-26,19:30,1.0,Botswana,110,BOT,0.192,0.192,DQ,https://worldathletics.org/competitions/world-athletics-championships/world-athletics-championships-budapest-2023-7138987/results/men/4x400-metres-relay/round-1/result,2026-09-30T22:55:28Z
WCH2023-4x400m-M-R1-H2,WCH2023,4x400m,M,R1,2,2023-08-26,19:42,3.0,Jamaica,23,JAM,0.234,0.234,2:59.82,https://worldathletics.org/competitions/world-athletics-championships/world-athletics-championships-budapest-2023-7138987/results/men/4x400-metres-relay/round-1/result,2026-09-30T22:55:28Z
WCH2023-4x400m-M-R1-H2,WCH2023,4x400m,M,R1,2,2023-08-26,19:42,6.0,France,52,FRA,0.211,0.211,3:00.05,https://worldathletics.org/competitions/world-athletics-championships/world-athletics-championships-budapest-2023-7138987/results/men/4x400-metres-relay/round-1/result,2026-09-30T22:55:28Z
WCH2023-4x400m-M-R1-H2,WCH2023,4x400m,M,R1,2,2023-08-26,19:42,5.0,Italy,40,ITA,0.192,0.192,3:00.14,https://worldathletics.org/competitions/world-athletics-championships/world-athletics-championships-budapest-2023-7138987/results/men/4x400-metres-relay/round-1/result,2026-09-30T22:55:28Z
WCH2023-4x400m-M-R1-H2,WCH2023,4x400m,M,R1,2,2023-08-26,19:42,2.0,Netherlands,55,NED,0.183,0.183,3:00.23,https://worldathletics.org/competitions/world-athletics-championships/world-athletics-championships-budapest-2023-7138987/results/men/4x400-metres-relay/round-1/result,2026-09-30T22:55:28Z
WCH2023-4x400m-M-R1-H2,WCH2023,4x400m,M,R1,2,2023-08-26,19:42,4.0,Belgium,47,BEL,0.212,0.212,3:00.33,https://worldathletics.org/competitions/world-athletics-championships/world-athletics-championships-budapest-2023-7138987/results/men/4x400-metres-relay/round-1/result,2026-09-30T22:55:28Z
WCH2023-4x400m-M-R1-H2,WCH2023,4x400m,M,R1,2,2023-08-26,19:42,9.0,Germany,61,GER,0.184,0.184,3:00.67,https://worldathletics.org/competitions/world-athletics-championships/world-athletics-championships-budapest-2023-7138987/results/men/4x400-metres-relay/round-1/result,2026-09-30T22:55:28Z
WCH2023-4x400m-M-R1-H2,WCH2023,4x400m,M,R1,2,2023-08-26,19:42,8.0,Kenya,16,KEN,0.260,0.26,3:01.41,https://worldathletics.org/competitions/world-athletics-championships/world-athletics-championships-budapest-2023-7138987/results/men/4x400-metres-relay/round-1/result,2026-09-30T22:55:28Z
WCH2023-4x400m-M-R1-H2,WCH2023,4x400m,M,R1,2,2023-08-26,19:42,7.0,Sri Lanka,84,SRI,0.230,0.23,3:03.25,https://worldathletics.org/competitions/world-athletics-championships/world-athletics-championships-budapest-2023-7138987/results/men/4x400-metres-relay/round-1/result,2026-09-30T22:55:28Z
WCH2023-400m-W-F-H1,WCH2023,400m,W,F,1,2023-08-23,21:35,7.0,Marileidy PAULINO,14749613,DOM,0.200,0.2,48.76,https://worldathletics.org/competitions/world-athletics-championships/world-athletics-championships-budapest-2023-7138987/results/women/400-metres/final/result,2026-09-30T22:54:41Z
WCH2023-400m-W-F-H1,WCH2023,400m,W,F,1,2023-08-23,21:35,6.0,Natalia KACZMAREK,14642563,POL,0.168,0.168,49.57,https://worldathletics.org/competitions/world-athletics-championships/world-athletics-championships-budapest-2023-7138987/results/women/400-metres/final/result,2026-09-30T22:54:41Z
WCH2023-400m-W-F-H1,WCH2023,400m,W,F,1,2023-08-23,21:35,8.0,Sada WILLIAMS,14592846,BAR,0.183,0.183,49.60,https://worldathletics.org/competitions/world-athletics-championships/world-athletics-championships-budapest-2023-7138987/results/women/400-metres/final/result,2026-09-30T22:54:41Z
WCH2023-400m-W-F-H1,WCH2023,400m,W,F,1,2023-08-23,21:35,4.0,Rhasidat ADELEKE,14745252,IRL,0.181,0.181,50.13,https://worldathletics.org/competitions/world-athletics-championships/world-athletics-championships-budapest-2023-7138987/results/women/400-metres/final/result,2026-09-30T22:54:41Z
WCH2023-400m-W-F-H1,WCH2023,400m,W,F,1,2023-08-23,21:35,2.0,Cynthia BOLINGO,14360768,BEL,0.190,0.19,50.33,https://worldathletics.org/competitions/world-athletics-championships/world-athletics-championships-budapest-2023-7138987/results/women/400-metres/final/result,2026-09-30T22:54:41Z
WCH2023-400m-W-F-H1,WCH2023,400m,W,F,1,2023-08-23,21:35,5.0,Lieke KLAVER,14560483,NED,0.145,0.145,50.33,https://worldathletics.org/competitions/world-athletics-championships/world-athletics-championships-budapest-2023-7138987/results/women/400-metres/final/result,2026-09-30T22:54:41Z
WCH2023-400m-W-F-H1,WCH2023,400m,W,F,1,2023-08-23,21:35,3.0,Candice MCLEOD,14587165,JAM,0.167,0.167,51.08,https://worldathletics.org/competitions/world-athletics-championships/world-athletics-championships-budapest-2023-7138987/results/women/400-metres/final/result,2026-09-30T22:54:41Z
WCH2023-400m-W-F-H1,WCH2023,400m,W,F,1,2023-08-23,21:35,9.0,Talitha DIGGS,14773307,USA,0.167,0.167,51.25,https://worldathletics.org/competitions/world-athletics-championships/world-athletics-championships-budapest-2023-7138987/results/women/400-metres/final/result,2026-09-30T22:54:41Z
WCH2023-400mH-W-F-H1,WCH2023,400mH,W,F,1,2023-08-24,21:50,6.0,Femke BOL,14707010,NED,0.202,0.202,51.70,https://worldathletics.org/competitions/world-athletics-championships/world-athletics-championships-budapest-2023-7138987/results/women/400-metres-hurdles/final/result,2026-09-30T22:55:01Z
WCH2023-400mH-W-F-H1,WCH2023,400mH,W,F,1,2023-08-24,21:50,5.0,Shamier LITTLE,14443767,USA,0.181,0.181,52.80,https://worldathletics.org/competitions/world-athletics-championships/world-athletics-championships-budapest-2023-7138987/results/women/400-metres-hurdles/final/result,2026-09-30T22:55:01Z
WCH2023-400mH-W-F-H1,WCH2023,400mH,W,F,1,2023-08-24,21:50,8.0,Rushell CLAYTON,14425208,JAM,0.147,0.147,52.81,https://worldathletics.org/competitions/world-athletics-championships/world-athletics-championships-budapest-2023-7138987/results/women/400-metres-hurdles/final/result,2026-09-30T22:55:01Z
WCH2023-400mH-W-F-H1,WCH2023,400mH,W,F,1,2023-08-24,21:50,7.0,Kemi ADEKOYA,14419510,BRN,0.207,0.207,53.09,https://worldathletics.org/competitions/world-athletics-championships/world-athletics-championships-budapest-2023-7138987/results/women/400-metres-hurdles/final/result,2026-09-30T22:55:01Z
WCH2023-400mH-W-F-H1,WCH2023,400mH,W,F,1,2023-08-24,21:50,9.0,Anna COCKRELL,14486939,USA,0.189,0.189,53.34,https://worldathletics.org/competitions/world-athletics-championships/world-athletics-championships-budapest-2023-7138987/results/women/400-metres-hurdles/final/result,2026-09-30T22:55:01Z
WCH2023-400mH-W-F-H1,WCH2023,400mH,W,F,1,2023-08-24,21:50,2.0,Ayomide FOLORUNSO,14484475,ITA,0.192,0.192,54.19,https://worldathletics.org/competitions/world-athletics-championships/world-athletics-championships-budapest-2023-7138987/results/women/400-metres-hurdles/final/result,2026-09-30T22:55:01Z
WCH2023-400mH-W-F-H1,WCH2023,400mH,W,F,1,2023-08-24,21:50,3.0,Janieve RUSSELL,14334022,JAM,0.152,0.152,54.28,https://worldathletics.org/competitions/world-athletics-championships/world-athletics-championships-budapest-2023-7138987/results/women/400-metres-hurdles/final/result,2026-09-30T22:55:01Z
WCH2023-400mH-W-F-H1,WCH2023,400mH,W,F,1,2023-08-24,21:50,4.0,Andrenette KNIGHT,14512625,JAM,0.158,0.158,55.20,https://worldathletics.org/competitions/world-athletics-championships/world-athletics-championships-budapest-2023-7138987/results/women/400-metres-hurdles/final/result,2026-09-30T22:55:01Z
WCH2023-400mH-W-R1-H1,WCH2023,400mH,W,R1,1,2023-08-21,18:50,3.0,Rushell CLAYTON,14425208,JAM,0.156,0.156,53.97,https://worldathletics.org/competitions/world-athletics-championships/world-athletics-championships-budapest-2023-7138987/results/women/400-metres-hurdles/round-1/result,2026-09-30T22:55:05Z
WCH2023-400mH-W-R1-H1,WCH2023,400mH,W,R1,1,2023-08-21,18:50,5.0,Dalilah MUHAMMAD,14317560,USA,0.156,0.156,54.21,https://worldathletics.org/competitions/world-athletics-championships/world-athletics-championships-budapest-2023-7138987/results/women/400-metres-hurdles/round-1/result,2026-09-30T22:55:05Z
WCH2023-400mH-W-R1-H1,WCH2023,400mH,W,R1,1,2023-08-21,18:50,8.0,Carolina KRAFZIK,14507606,GER,0.190,0.19,54.53,https://worldathletics.org/competitions/world-athletics-championships/world-athletics-championships-budapest-2023-7138987/results/women/400-metres-hurdles/round-1/result,2026-09-30T22:55:05Z
WCH2023-400mH-W-R1-H1,WCH2023,400mH,W,R1,1,2023-08-21,18:50,2.0,Viivi LEHIKOINEN,14527527,FIN,0.181,0.181,54.65,https://worldathletics.org/competitions/world-athletics-championships/world-athletics-championships-budapest-2023-7138987/results/women/400-metres-hurdles/round-1/result,2026-09-30T22:55:05Z
WCH2023-400mH-W-R1-H1,WCH2023,400mH,W,R1,1,2023-08-21,18:50,4.0,Rebecca SARTORI,14567410,ITA,0.203,0.203,54.82,https://worldathletics.org/competitions/world-athletics-championships/world-athletics-championships-budapest-2023-7138987/results/women/400-metres-hurdles/round-1/result,2026-09-30T22:55:05Z
WCH2023-400mH-W-R1-H1,WCH2023,400mH,W,R1,1,2023-08-21,18:50,6.0,Yasmin GIGER,14573915,SUI,0.157,0.157,56.16,https://worldathletics.org/competitions/world-athletics-championships/world-athletics-championships-budapest-2023-7138987/results/women/400-metres-hurdles/round-1/result,2026-09-30T22:55:05Z
WCH2023-400mH-W-R1-H1,WCH2023,400mH,W,R1,1,2023-08-21,18:50,9.0,Janka MOLNÁR,14633383,HUN,0.214,0.214,56.21,https://worldathletics.org/competitions/world-athletics-championships/world-athletics-championships-budapest-2023-7138987/results/women/400-metres-hurdles/round-1/result,2026-09-30T22:55:05Z
WCH2023-400mH-W-R1-H1,WCH2023,400mH,W,R1,1,2023-08-21,18:50,7.0,Portia BING,14384250,NZL,0.186,0.186,1:06.97,https://worldathletics.org/competitions/world-athletics-championships/world-athletics-championships-budapest-2023-7138987/results/women/400-metres-hurdles/round-1/result,2026-09-30T22:55:05Z
WCH2023-400mH-W-R1-H2,WCH2023,400mH,W,R1,2,2023-08-21,18:58,4.0,Janieve RUSSELL,14334022,JAM,0.164,0.164,54.53,https://worldathletics.org/competitions/world-athletics-championships/world-athletics-championships-budapest-2023-7138987/results/women/400-metres-hurdles/round-1/result,2026-09-30T22:55:05Z
WCH2023-400mH-W-R1-H2,WCH2023,400mH,W,R1,2,2023-08-21,18:58,9.0,Anna COCKRELL,14486939,USA,0.211,0.211,54.68,https://worldathletics.org/competitions/world-athletics-championships/world-athletics-championships-budapest-2023-7138987/results/women/400-metres-hurdles/round-1/result,2026-09-30T22:55:05Z
WCH2023-400mH-W-R1-H2,WCH2023,400mH,W,R1,2,2023-08-21,18:58,2.0,Gianna WOODRUFF,14423522,PAN,0.171,0.171,55.31,https://worldathletics.org/competitions/world-athletics-championships/world-athletics-championships-budapest-2023-7138987/results/women/400-metres-hurdles/round-1/result,2026-09-30T22:55:05Z
WCH2023-400mH-W-R1-H2,WCH2023,400mH,W,R1,2,2023-08-21,18:58,5.0,Savannah SUTHERLAND,14771436,CAN,0.227,0.227,55.85,https://worldathletics.org/competitions/world-athletics-championships/world-athletics-championships-budapest-2023-7138987/results/women/400-metres-hurdles/round-1/result,2026-09-30T22:55:05Z
WCH2023-400mH-W-R1-H2,WCH2023,400mH,W,R1,2,2023-08-21,18:58,3.0,Chayenne DA SILVA,14717813,BRA,0.170,0.17,56.25,https://worldathletics.org/competitions/world-athletics-championships/world-athletics-championships-budapest-2023-7138987/results/women/400-metres-hurdles/round-1/result,2026-09-30T22:55:05Z
WCH2023-400mH-W-R1-H2,WCH2023,400mH,W,R1,2,2023-08-21,18:58,6.0,Eleonora MARCHIANDO,14567565,ITA,0.181,0.181,56.27,https://worldathletics.org/competitions/world-athletics-championships/world-athletics-championships-budapest-2023-7138987/results/women/400-metres-hurdles/round-1/result,2026-09-30T22:55:05Z
WCH2023-400mH-W-R1-H2,WCH2023,400mH,W,R1,2,2023-08-21,18:58,8.0,Robyn BROWN,14893469,PHI,0.170,0.17,56.83,https://worldathletics.org/competitions/world-athletics-championships/world-athletics-championships-budapest-2023-7138987/results/women/400-metres-hurdles/round-1/result,2026-09-30T22:55:05Z
WCH2023-400mH-W-R1-H2,WCH2023,400mH,W,R1,2,2023-08-21,18:58,7.0,Ami YAMAMOTO,14861142,JPN,0.195,0.195,57.76,https://worldathletics.org/competitions/world-athletics-championships/world-athletics-championships-budapest-2023-7138987/results/women/400-metres-hurdles/round-1/result,2026-09-30T22:55:05Z
WCH2023-400mH-W-R1-H3,WCH2023,400mH,W,R1,3,2023-08-21,19:06,8.0,Kemi ADEKOYA,14419510,BRN,0.191,0.191,53.56,https://worldathletics.org/competitions/world-athletics-championships/world-athletics-championships-budapest-2023-7138987/results/women/400-metres-hurdles/round-1/result,2026-09-30T22:55:05Z
WCH2023-400mH-W-R1-H3,WCH2023,400mH,W,R1,3,2023-08-21,19:06,5.0,Andrenette KNIGHT,14512625,JAM,0.165,0.165,54.21,https://worldathletics.org/competitions/world-athletics-championships/world-athletics-championships-budapest-2023-7138987/results/women/400-metres-hurdles/round-1/result,2026-09-30T22:55:05Z
WCH2023-400mH-W-R1-H3,WCH2023,400mH,W,R1,3,2023-08-21,19:06,9.0,Ayomide FOLORUNSO,14484475,ITA,0.189,0.189,54.30,https://worldathletics.org/competitions/world-athletics-championships/world-athletics-championships-budapest-2023-7138987/results/women/400-metres-hurdles/round-1/result,2026-09-30T22:55:05Z
WCH2023-400mH-W-R1-H3,WCH2023,400mH,W,R1,3,2023-08-21,19:06,2.0,Cathelijn PEETERS,14561471,NED,0.247,0.247,54.95,https://worldathletics.org/competitions/world-athletics-championships/world-athletics-championships-budapest-2023-7138987/results/women/400-metres-hurdles/round-1/result,2026-09-30T22:55:05Z
WCH2023-400mH-W-R1-H3,WCH2023,400mH,W,R1,3,2023-08-21,19:06,7.0,Zenéy VAN DER WALT,14639191,RSA,0.203,0.203,55.21,https://worldathletics.org/competitions/world-athletics-championships/world-athletics-championships-budapest-2023-7138987/results/women/400-metres-hurdles/round-1/result,2026-09-30T22:55:05Z
WCH2023-400mH-W-R1-H3,WCH2023,400mH,W,R1,3,2023-08-21,19:06,6.0,Zurian HECHAVARRÍA,14465501,CUB,0.184,0.184,56.43,https://worldathletics.org/competitions/world-athletics-championships/world-athletics-championships-budapest-2023-7138987/results/women/400-metres-hurdles/round-1/result,2026-09-30T22:55:05Z
WCH2023-400mH-W-R1-H3,WCH2023,400mH,W,R1,3,2023-08-21,19:06,4.0,Moa GRANAT,14849869,SWE,0.153,0.153,56.61,https://worldathletics.org/competitions/world-athletics-championships/world-athletics-championships-budapest-2023-7138987/results/women/400-metres-hurdles/round-1/result,2026-09-30T22:55:05Z
WCH2023-400mH-W-R1-H3,WCH2023,400mH,W,R1,3,2023-08-21,19:06,3.0,Lena PRESSLER,14736974,AUT,0.139,0.139,57.90,https://worldathletics.org/competitions/world-athletics-championships/world-athletics-championships-budapest-2023-7138987/results/women/400-metres-hurdles/round-1/result,2026-09-30T22:55:05Z
WCH2023-400mH-W-R1-H4,WCH2023,400mH,W,R1,4,2023-08-21,19:14,4.0,Femke BOL,14707010,NED,0.206,0.206,53.39,https://worldathletics.org/competitions/world-athletics-championships/world-athletics-championships-budapest-2023-7138987/results/women/400-metres-hurdles/round-1/result,2026-09-30T22:55:05Z
WCH2023-400mH-W-R1-H4,WCH2023,400mH,W,R1,4,2023-08-21,19:14,6.0,Viktoriya TKACHUK,14426923,UKR,0.201,0.201,55.05,https://worldathletics.org/competitions/world-athletics-championships/world-athletics-championships-budapest-2023-7138987/results/women/400-metres-hurdles/round-1/result,2026-09-30T22:55:05Z
WCH2023-400mH-W-R1-H4,WCH2023,400mH,W,R1,4,2023-08-21,19:14,1.0,Hanne CLAES,14328036,BEL,0.193,0.193,55.13,https://worldathletics.org/competitions/world-athletics-championships/world-athletics-championships-budapest-2023-7138987/results/women/400-metres-hurdles/round-1/result,2026-09-30T22:55:05Z
WCH2023-400mH-W-R1-H4,WCH2023,400mH,W,R1,4,2023-08-21,19:14,9.0,Line KLOSTER,14364310,NOR,0.170,0.17,55.23,https://worldathletics.org/competitions/world-athletics-championships/world-athletics-championships-budapest-2023-7138987/results/women/400-metres-hurdles/round-1/result,2026-09-30T22:55:05Z
WCH2023-400mH-W-R1-H4,WCH2023,400mH,W,R1,4,2023-08-21,19:14,5.0,Eileen DEMES,14506023,GER,0.169,0.169,55.29,https://worldathletics.org/competitions/world-athletics-championships/world-athletics-championships-budapest-2023-7138987/results/women/400-metres-hurdles/round-1/result,2026-09-30T22:55:05Z
WCH2023-400mH-W-R1-H4,WCH2023,400mH,W,R1,4,2023-08-21,19:14,8.0,Sarah CARLI,14406120,AUS,0.305,0.305,55.76,https://worldathletics.org/competitions/world-athletics-championships/world-athletics-championships-budapest-2023-7138987/results/women/400-metres-hurdles/round-1/result,2026-09-30T22:55:05Z
WCH2023-400mH-W-R1-H4,WCH2023,400mH,W,R1,4,2023-08-21,19:14,7.0,Fatoumata Binta DIALLO,14708730,POR,0.170,0.17,56.03,https://worldathletics.org/competitions/world-athletics-championships/world-athletics-championships-budapest-2023-7138987/results/women/400-metres-hurdles/round-1/result,2026-09-30T22:55:05Z
WCH2023-400mH-W-R1-H4,WCH2023,400mH,W,R1,4,2023-08-21,19:14,2.0,Eri UTSUNOMIYA,14664132,JPN,0.176,0.176,57.98,https://worldathletics.org/competitions/world-athletics-championships/world-athletics-championships-budapest-2023-7138987/results/women/400-metres-hurdles/round-1/result,2026-09-30T22:55:05Z
WCH2023-400mH-W-R1-H4,WCH2023,400mH,W,R1,4,2023-08-21,19:14,3.0,Yanique HAYE-SMITH,14365596,TKS,0.173,0.173,1:00.08,https://worldathletics.org/competitions/world-athletics-championships/world-athletics-championships-budapest-2023-7138987/results/women/400-metres-hurdles/round-1/result,2026-09-30T22:55:05Z
WCH2023-400mH-W-R1-H5,WCH2023,400mH,W,R1,5,2023-08-21,19:22,8.0,Jessie KNIGHT,14430428,GBR,0.161,0.161,54.27,https://worldathletics.org/competitions/world-athletics-championships/world-athletics-championships-budapest-2023-7138987/results/women/400-metres-hurdles/round-1/result,2026-09-30T22:55:05Z
WCH2023-400mH-W-R1-H5,WCH2023,400mH,W,R1,5,2023-08-21,19:22,4.0,Shamier LITTLE,14443767,USA,0.215,0.215,54.40,https://worldathletics.org/competitions/world-athletics-championships/world-athletics-championships-budapest-2023-7138987/results/women/400-metres-hurdles/round-1/result,2026-09-30T22:55:05Z
WCH2023-400mH-W-R1-H5,WCH2023,400mH,W,R1,5,2023-08-21,19:22,7.0,Anna RYZHYKOVA,14304336,UKR,0.186,0.186,54.70,https://worldathletics.org/competitions/world-athletics-championships/world-athletics-championships-budapest-2023-7138987/results/women/400-metres-hurdles/round-1/result,2026-09-30T22:55:05Z
WCH2023-400mH-W-R1-H5,WCH2023,400mH,W,R1,5,2023-08-21,19:22,3.0,Nikoleta JÍCHOVÁ,14681122,CZE,0.206,0.206,55.10,https://worldathletics.org/competitions/world-athletics-championships/world-athletics-championships-budapest-2023-7138987/results/women/400-metres-hurdles/round-1/result,2026-09-30T22:55:05Z
WCH2023-400mH-W-R1-H5,WCH2023,400mH,W,R1,5,2023-08-21,19:22,2.0,Noura ENNADI,14793929,MAR,0.178,0.178,55.21,https://worldathletics.org/competitions/world-athletics-championships/world-athletics-championships-budapest-2023-7138987/results/women/400-metres-hurdles/round-1/result,2026-09-30T22:55:05Z
WCH2023-400mH-W-R1-H5,WCH2023,400mH,W,R1,5,2023-08-21,19:22,9.0,Dimitra GNAFAKI,14589524,GRE,0.171,0.171,56.18,https://worldathletics.org/competitions/world-athletics-championships/world-athletics-championships-budapest-2023-7138987/results/women/400-metres-hurdles/round-1/result,2026-09-30T22:55:05Z
WCH2023-400mH-W-R1-H5,WCH2023,400mH,W,R1,5,2023-08-21,19:22,5.0,Brooke OVERHOLT,14732824,CAN,0.208,0.208,56.20,https://worldathletics.org/competitions/world-athletics-championships/world-athletics-championships-budapest-2023-7138987/results/women/400-metres-hurdles/round-1/result,2026-09-30T22:55:05Z
WCH2023-400mH-W-R1-H5,WCH2023,400mH,W,R1,5,2023-08-21,19:22,6.0,Agata ZUPIN,14546281,SLO,0.170,0.17,57.62,https://worldathletics.org/competitions/world-athletics-championships/world-athletics-championships-budapest-2023-7138987/results/women/400-metres-hurdles/round-1/result,2026-09-30T22:55:05Z
WCH2023-400mH-W-SF-H1,WCH2023,400mH,W,SF,1,2023-08-22,20:25,5.0,Rushell CLAYTON,14425208,JAM,0.190,0.19,53.30,https://worldathletics.org/competitions/world-athletics-championships/world-athletics-championships-budapest-2023-7138987/results/women/400-metres-hurdles/semi-finals/result,2026-09-30T22:55:08Z
WCH2023-400mH-W-SF-H1,WCH2023,400mH,W,SF,1,2023-08-22,20:25,7.0,Anna COCKRELL,14486939,USA,0.199,0.199,53.63,https://worldathletics.org/competitions/world-athletics-championships/world-athletics-championships-budapest-2023-7138987/results/women/400-metres-hurdles/semi-finals/result,2026-09-30T22:55:08Z
WCH2023-400mH-W-SF-H1,WCH2023,400mH,W,SF,1,2023-08-22,20:25,4.0,Viivi LEHIKOINEN,14527527,FIN,0.200,0.2,54.48,https://worldathletics.org/competitions/world-athletics-championships/world-athletics-championships-budapest-2023-7138987/results/women/400-metres-hurdles/semi-finals/result,2026-09-30T22:55:08Z
WCH2023-400mH-W-SF-H1,WCH2023,400mH,W,SF,1,2023-08-22,20:25,8.0,Jessie KNIGHT,14430428,GBR,0.187,0.187,54.51,https://worldathletics.org/competitions/world-athletics-championships/world-athletics-championships-budapest-2023-7138987/results/women/400-metres-hurdles/semi-finals/result,2026-09-30T22:55:08Z
WCH2023-400mH-W-SF-H1,WCH2023,400mH,W,SF,1,2023-08-22,20:25,9.0,Gianna WOODRUFF,14423522,PAN,0.208,0.208,54.71,https://worldathletics.org/competitions/world-athletics-championships/world-athletics-championships-budapest-2023-7138987/results/women/400-metres-hurdles/semi-finals/result,2026-09-30T22:55:08Z
WCH2023-400mH-W-SF-H1,WCH2023,400mH,W,SF,1,2023-08-22,20:25,2.0,Noura ENNADI,14793929,MAR,0.184,0.184,55.15,https://worldathletics.org/competitions/world-athletics-championships/world-athletics-championships-budapest-2023-7138987/results/women/400-metres-hurdles/semi-finals/result,2026-09-30T22:55:08Z
WCH2023-400mH-W-SF-H1,WCH2023,400mH,W,SF,1,2023-08-22,20:25,6.0,Viktoriya TKACHUK,14426923,UKR,0.209,0.209,55.43,https://worldathletics.org/competitions/world-athletics-championships/world-athletics-championships-budapest-2023-7138987/results/women/400-metres-hurdles/semi-finals/result,2026-09-30T22:55:08Z
WCH2023-400mH-W-SF-H1,WCH2023,400mH,W,SF,1,2023-08-22,20:25,3.0,Rebecca SARTORI,14567410,ITA,0.213,0.213,55.98,https://worldathletics.org/competitions/world-athletics-championships/world-athletics-championships-budapest-2023-7138987/results/women/400-metres-hurdles/semi-finals/result,2026-09-30T22:55:08Z
WCH2023-400mH-W-SF-H2,WCH2023,400mH,W,SF,2,2023-08-22,20:34,8.0,Femke BOL,14707010,NED,0.199,0.199,52.95,https://worldathletics.org/competitions/world-athletics-championships/world-athletics-championships-budapest-2023-7138987/results/women/400-metres-hurdles/semi-finals/result,2026-09-30T22:55:08Z
WCH2023-400mH-W-SF-H2,WCH2023,400mH,W,SF,2,2023-08-22,20:34,7.0,Andrenette KNIGHT,14512625,JAM,0.163,0.163,53.72,https://worldathletics.org/competitions/world-athletics-championships/world-athletics-championships-budapest-2023-7138987/results/women/400-metres-hurdles/semi-finals/result,2026-09-30T22:55:08Z
WCH2023-400mH-W-SF-H2,WCH2023,400mH,W,SF,2,2023-08-22,20:34,6.0,Dalilah MUHAMMAD,14317560,USA,0.169,0.169,54.19,https://worldathletics.org/competitions/world-athletics-championships/world-athletics-championships-budapest-2023-7138987/results/women/400-metres-hurdles/semi-finals/result,2026-09-30T22:55:08Z
WCH2023-400mH-W-SF-H2,WCH2023,400mH,W,SF,2,2023-08-22,20:34,9.0,Anna RYZHYKOVA,14304336,UKR,0.186,0.186,54.42,https://worldathletics.org/competitions/world-athletics-championships/world-athletics-championships-budapest-2023-7138987/results/women/400-metres-hurdles/semi-finals/result,2026-09-30T22:55:08Z
WCH2023-400mH-W-SF-H2,WCH2023,400mH,W,SF,2,2023-08-22,20:34,5.0,Carolina KRAFZIK,14507606,GER,0.192,0.192,54.58,https://worldathletics.org/competitions/world-athletics-championships/world-athletics-championships-budapest-2023-7138987/results/women/400-metres-hurdles/semi-finals/result,2026-09-30T22:55:08Z
WCH2023-400mH-W-SF-H2,WCH2023,400mH,W,SF,2,2023-08-22,20:34,4.0,Nikoleta JÍCHOVÁ,14681122,CZE,0.229,0.229,55.01,https://worldathletics.org/competitions/world-athletics-championships/world-athletics-championships-budapest-2023-7138987/results/women/400-metres-hurdles/semi-finals/result,2026-09-30T22:55:08Z
WCH2023-400mH-W-SF-H2,WCH2023,400mH,W,SF,2,2023-08-22,20:34,2.0,Line KLOSTER,14364310,NOR,0.152,0.152,55.43,https://worldathletics.org/competitions/world-athletics-championships/world-athletics-championships-budapest-2023-7138987/results/women/400-metres-hurdles/semi-finals/result,2026-09-30T22:55:08Z
WCH2023-400mH-W-SF-H2,WCH2023,400mH,W,SF,2,2023-08-22,20:34,3.0,Zenéy VAN DER WALT,14639191,RSA,0.212,0.212,55.49,https://worldathletics.org/competitions/world-athletics-championships/world-athletics-championships-budapest-2023-7138987/results/women/400-metres-hurdles/semi-finals/result,2026-09-30T22:55:08Z
WCH2023-400mH-W-SF-H3,WCH2023,400mH,W,SF,3,2023-08-22,20:43,8.0,Shamier LITTLE,14443767,USA,0.212,0.212,52.81,https://worldathletics.org/competitions/world-athletics-championships/world-athletics-championships-budapest-2023-7138987/results/women/400-metres-hurdles/semi-finals/result,2026-09-30T22:55:08Z
WCH2023-400mH-W-SF-H3,WCH2023,400mH,W,SF,3,2023-08-22,20:43,6.0,Kemi ADEKOYA,14419510,BRN,0.195,0.195,53.39,https://worldathletics.org/competitions/world-athletics-championships/world-athletics-championships-budapest-2023-7138987/results/women/400-metres-hurdles/semi-finals/result,2026-09-30T22:55:08Z
WCH2023-400mH-W-SF-H3,WCH2023,400mH,W,SF,3,2023-08-22,20:43,7.0,Janieve RUSSELL,14334022,JAM,0.180,0.18,53.69,https://worldathletics.org/competitions/world-athletics-championships/world-athletics-championships-budapest-2023-7138987/results/women/400-metres-hurdles/semi-finals/result,2026-09-30T22:55:08Z
WCH2023-400mH-W-SF-H3,WCH2023,400mH,W,SF,3,2023-08-22,20:43,5.0,Ayomide FOLORUNSO,14484475,ITA,0.190,0.19,53.89,https://worldathletics.org/competitions/world-athletics-championships/world-athletics-championships-budapest-2023-7138987/results/women/400-metres-hurdles/semi-finals/result,2026-09-30T22:55:08Z
WCH2023-400mH-W-SF-H3,WCH2023,400mH,W,SF,3,2023-08-22,20:43,4.0,Cathelijn PEETERS,14561471,NED,0.248,0.248,54.63,https://worldathletics.org/competitions/world-athletics-championships/world-athletics-championships-budapest-2023-7138987/results/women/400-metres-hurdles/semi-finals/result,2026-09-30T22:55:08Z
WCH2023-400mH-W-SF-H3,WCH2023,400mH,W,SF,3,2023-08-22,20:43,2.0,Savannah SUTHERLAND,14771436,CAN,0.214,0.214,54.99,https://worldathletics.org/competitions/world-athletics-championships/world-athletics-championships-budapest-2023-7138987/results/women/400-metres-hurdles/semi-finals/result,2026-09-30T22:55:08Z
WCH2023-400mH-W-SF-H3,WCH2023,400mH,W,SF,3,2023-08-22,20:43,9.0,Hanne CLAES,14328036,BEL,0.208,0.208,56.06,https://worldathletics.org/competitions/world-athletics-championships/world-athletics-championships-budapest-2023-7138987/results/women/400-metres-hurdles/semi-finals/result,2026-09-30T22:55:08Z
WCH2023-400mH-W-SF-H3,WCH2023,400mH,W,SF,3,2023-08-22,20:43,3.0,Eileen DEMES,14506023,GER,0.166,0.166,56.71,https://worldathletics.org/competitions/world-athletics-championships/world-athletics-championships-budapest-2023-7138987/results/women/400-metres-hurdles/semi-finals/result,2026-09-30T22:55:08Z
WCH2023-400m-W-R1-H1,WCH2023,400m,W,R1,1,2023-08-20,09:35,7.0,Natalia KACZMAREK,14642563,POL,0.179,0.179,50.02,https://worldathletics.org/competitions/world-athletics-championships/world-athletics-championships-budapest-2023-7138987/results/women/400-metres/round-1/result,2026-09-30T22:54:45Z
WCH2023-400m-W-R1-H1,WCH2023,400m,W,R1,1,2023-08-20,09:35,2.0,Cynthia BOLINGO,14360768,BEL,0.187,0.187,50.29,https://worldathletics.org/competitions/world-athletics-championships/world-athletics-championships-budapest-2023-7138987/results/women/400-metres/round-1/result,2026-09-30T22:54:45Z
WCH2023-400m-W-R1-H1,WCH2023,400m,W,R1,1,2023-08-20,09:35,4.0,Candice MCLEOD,14587165,JAM,0.191,0.191,50.37,https://worldathletics.org/competitions/world-athletics-championships/world-athletics-championships-budapest-2023-7138987/results/women/400-metres/round-1/result,2026-09-30T22:54:45Z
WCH2023-400m-W-R1-H1,WCH2023,400m,W,R1,1,2023-08-20,09:35,5.0,Sharlene MAWDSLEY,14589082,IRL,0.169,0.169,51.17,https://worldathletics.org/competitions/world-athletics-championships/world-athletics-championships-budapest-2023-7138987/results/women/400-metres/round-1/result,2026-09-30T22:54:45Z
WCH2023-400m-W-R1-H1,WCH2023,400m,W,R1,1,2023-08-20,09:35,6.0,Gunta VAIČULE,14475580,LAT,0.192,0.192,51.36,https://worldathletics.org/competitions/world-athletics-championships/world-athletics-championships-budapest-2023-7138987/results/women/400-metres/round-1/result,2026-09-30T22:54:45Z
WCH2023-400m-W-R1-H1,WCH2023,400m,W,R1,1,2023-08-20,09:35,8.0,Alice MANGIONE,14594823,ITA,0.189,0.189,51.57,https://worldathletics.org/competitions/world-athletics-championships/world-athletics-championships-budapest-2023-7138987/results/women/400-metres/round-1/result,2026-09-30T22:54:45Z
WCH2023-400m-W-R1-H1,WCH2023,400m,W,R1,1,2023-08-20,09:35,3.0,Miranda Charlene COETZEE,14930222,RSA,0.184,0.184,52.30,https://worldathletics.org/competitions/world-athletics-championships/world-athletics-championships-budapest-2023-7138987/results/women/400-metres/round-1/result,2026-09-30T22:54:45Z
WCH2023-400m-W-R1-H1,WCH2023,400m,W,R1,1,2023-08-20,09:35,9.0,Kateryna KARPIUK,14426865,UKR,0.198,0.198,52.66,https://worldathletics.org/competitions/world-athletics-championships/world-athletics-championships-budapest-2023-7138987/results/women/400-metres/round-1/result,2026-09-30T22:54:45Z
WCH2023-400m-W-R1-H2,WCH2023,400m,W,R1,2,2023-08-20,09:43,6.0,Lieke KLAVER,14560483,NED,0.203,0.203,50.52,https://worldathletics.org/competitions/world-athletics-championships/world-athletics-championships-budapest-2023-7138987/results/women/400-metres/round-1/result,2026-09-30T22:54:45Z
WCH2023-400m-W-R1-H2,WCH2023,400m,W,R1,2,2023-08-20,09:43,9.0,Ama PIPI,14479776,GBR,0.168,0.168,50.81,https://worldathletics.org/competitions/world-athletics-championships/world-athletics-championships-budapest-2023-7138987/results/women/400-metres/round-1/result,2026-09-30T22:54:45Z
WCH2023-400m-W-R1-H2,WCH2023,400m,W,R1,2,2023-08-20,09:43,7.0,Lynna IRBY-JACKSON,14486888,USA,0.187,0.187,50.81,https://worldathletics.org/competitions/world-athletics-championships/world-athletics-championships-budapest-2023-7138987/results/women/400-metres/round-1/result,2026-09-30T22:54:45Z
WCH2023-400m-W-R1-H2,WCH2023,400m,W,R1,2,2023-08-20,09:43,4.0,Susanne GOGL-WALLI,14446721,AUT,0.173,0.173,51.00,https://worldathletics.org/competitions/world-athletics-championships/world-athletics-championships-budapest-2023-7138987/results/women/400-metres/round-1/result,2026-09-30T22:54:45Z
WCH2023-400m-W-R1-H2,WCH2023,400m,W,R1,2,2023-08-20,09:43,2.0,Evelis Jazmin AGUILAR,14369345,COL,0.163,0.163,51.27,https://worldathletics.org/competitions/world-athletics-championships/world-athletics-championships-budapest-2023-7138987/results/women/400-metres/round-1/result,2026-09-30T22:54:45Z
WCH2023-400m-W-R1-H2,WCH2023,400m,W,R1,2,2023-08-20,09:43,8.0,Kyra CONSTANTINE,14575476,CAN,0.171,0.171,52.28,https://worldathletics.org/competitions/world-athletics-championships/world-athletics-championships-budapest-2023-7138987/results/women/400-metres/round-1/result,2026-09-30T22:54:45Z
WCH2023-400m-W-R1-H2,WCH2023,400m,W,R1,2,2023-08-20,09:43,3.0,Nicole CAICEDO,14762639,ECU,0.227,0.227,52.82,https://worldathletics.org/competitions/world-athletics-championships/world-athletics-championships-budapest-2023-7138987/results/women/400-metres/round-1/result,2026-09-30T22:54:45Z
WCH2023-400m-W-R1-H2,WCH2023,400m,W,R1,2,2023-08-20,09:43,5.0,Janet RICHARD,14583630,MLT,0.172,0.172,54.50,https://worldathletics.org/competitions/world-athletics-championships/world-athletics-championships-budapest-2023-7138987/results/women/400-metres/round-1/result,2026-09-30T22:54:45Z
WCH2023-400m-W-R1-H3,WCH2023,400m,W,R1,3,2023-08-20,09:51,9.0,Sada WILLIAMS,14592846,BAR,0.172,0.172,50.78,https://worldathletics.org/competitions/world-athletics-championships/world-athletics-championships-budapest-2023-7138987/results/women/400-metres/round-1/result,2026-09-30T22:54:45Z
WCH2023-400m-W-R1-H3,WCH2023,400m,W,R1,3,2023-08-20,09:51,6.0,Paola MORÁN,14572815,MEX,0.189,0.189,51.59,https://worldathletics.org/competitions/world-athletics-championships/world-athletics-championships-budapest-2023-7138987/results/women/400-metres/round-1/result,2026-09-30T22:54:45Z
WCH2023-400m-W-R1-H3,WCH2023,400m,W,R1,3,2023-08-20,09:51,4.0,Zenéy VAN DER WALT,14639191,RSA,0.215,0.215,51.76,https://worldathletics.org/competitions/world-athletics-championships/world-athletics-championships-budapest-2023-7138987/results/women/400-metres/round-1/result,2026-09-30T22:54:45Z
WCH2023-400m-W-R1-H3,WCH2023,400m,W,R1,3,2023-08-20,09:51,5.0,Cátia AZEVEDO,14428268,POR,0.191,0.191,51.93,https://worldathletics.org/competitions/world-athletics-championships/world-athletics-championships-budapest-2023-7138987/results/women/400-metres/round-1/result,2026-09-30T22:54:45Z
WCH2023-400m-W-R1-H3,WCH2023,400m,W,R1,3,2023-08-20,09:51,7.0,Amandine BROSSIER,14678934,FRA,0.183,0.183,51.98,https://worldathletics.org/competitions/world-athletics-championships/world-athletics-championships-budapest-2023-7138987/results/women/400-metres/round-1/result,2026-09-30T22:54:45Z
WCH2023-400m-W-R1-H3,WCH2023,400m,W,R1,3,2023-08-20,09:51,2.0,Imaobong Nse UKO,14873576,NGR,0.206,0.206,52.24,https://worldathletics.org/competitions/world-athletics-championships/world-athletics-championships-budapest-2023-7138987/results/women/400-metres/round-1/result,2026-09-30T22:54:45Z
WCH2023-400m-W-R1-H3,WCH2023,400m,W,R1,3,2023-08-20,09:51,8.0,Shaunae MILLER-UIBO,14368116,BAH,0.151,0.151,52.65,https://worldathletics.org/competitions/world-athletics-championships/world-athletics-championships-budapest-2023-7138987/results/women/400-metres/round-1/result,2026-09-30T22:54:45Z
WCH2023-400m-W-R1-H3,WCH2023,400m,W,R1,3,2023-08-20,09:51,3.0,Rosie ELLIOTT,14518908,NZL,0.167,0.167,52.88,https://worldathletics.org/competitions/world-athletics-championships/world-athletics-championships-budapest-2023-7138987/results/women/400-metres/round-1/result,2026-09-30T22:54:45Z
WCH2023-400m-W-R1-H4,WCH2023,400m,W,R1,4,2023-08-20,09:59,9.0,Nickisha PRYCE,14685519,JAM,0.210,0.21,50.38,https://worldathletics.org/competitions/world-athletics-championships/world-athletics-championships-budapest-2023-7138987/results/women/400-metres/round-1/result,2026-09-30T22:54:45Z
WCH2023-400m-W-R1-H4,WCH2023,400m,W,R1,4,2023-08-20,09:59,6.0,Roxana GÓMEZ,14637147,CUB,0.207,0.207,50.86,https://worldathletics.org/competitions/world-athletics-championships/world-athletics-championships-budapest-2023-7138987/results/women/400-metres/round-1/result,2026-09-30T22:54:45Z
WCH2023-400m-W-R1-H4,WCH2023,400m,W,R1,4,2023-08-20,09:59,7.0,Gabby SCOTT,14696762,PUR,0.171,0.171,51.07,https://worldathletics.org/competitions/world-athletics-championships/world-athletics-championships-budapest-2023-7138987/results/women/400-metres/round-1/result,2026-09-30T22:54:45Z
WCH2023-400m-W-R1-H4,WCH2023,400m,W,R1,4,2023-08-20,09:59,3.0,Martina WEIL,14748703,CHI,0.159,0.159,51.35,https://worldathletics.org/competitions/world-athletics-championships/world-athletics-championships-budapest-2023-7138987/results/women/400-metres/round-1/result,2026-09-30T22:54:45Z
WCH2023-400m-W-R1-H4,WCH2023,400m,W,R1,4,2023-08-20,09:59,8.0,Grace KONRAD,14731788,CAN,0.193,0.193,51.60,https://worldathletics.org/competitions/world-athletics-championships/world-athletics-championships-budapest-2023-7138987/results/women/400-metres/round-1/result,2026-09-30T22:54:45Z
WCH2023-400m-W-R1-H4,WCH2023,400m,W,R1,4,2023-08-20,09:59,5.0,Giulia SENN,14752201,SUI,0.157,0.157,52.66,https://worldathletics.org/competitions/world-athletics-championships/world-athletics-championships-budapest-2023-7138987/results/women/400-metres/round-1/result,2026-09-30T22:54:45Z
WCH2023-400m-W-R1-H4,WCH2023,400m,W,R1,4,2023-08-20,09:59,2.0,Fanni RAPAI,14592782,HUN,0.177,0.177,52.73,https://worldathletics.org/competitions/world-athletics-championships/world-athletics-championships-budapest-2023-7138987/results/women/400-metres/round-1/result,2026-09-30T22:54:45Z
WCH2023-400m-W-R1-H4,WCH2023,400m,W,R1,4,2023-08-20,09:59,4.0,Britton WILSON,14716862,USA,0.190,0.19,53.87,https://worldathletics.org/competitions/world-athletics-championships/world-athletics-championships-budapest-2023-7138987/results/women/400-metres/round-1/result,2026-09-30T22:54:45Z
WCH2023-400m-W-R1-H5,WCH2023,400m,W,R1,5,2023-08-20,10:07,5.0,Rhasidat ADELEKE,14745252,IRL,0.163,0.163,50.80,https://worldathletics.org/competitions/world-athletics-championships/world-athletics-championships-budapest-2023-7138987/results/women/400-metres/round-1/result,2026-09-30T22:54:45Z
WCH2023-400m-W-R1-H5,WCH2023,400m,W,R1,5,2023-08-20,10:07,4.0,Andrea MIKLÓS,14573639,ROU,0.192,0.192,51.24,https://worldathletics.org/competitions/world-athletics-championships/world-athletics-championships-budapest-2023-7138987/results/women/400-metres/round-1/result,2026-09-30T22:54:45Z
WCH2023-400m-W-R1-H5,WCH2023,400m,W,R1,5,2023-08-20,10:07,6.0,Tereza PETRŽILKOVÁ,14721360,CZE,0.152,0.152,51.30,https://worldathletics.org/competitions/world-athletics-championships/world-athletics-championships-budapest-2023-7138987/results/women/400-metres/round-1/result,2026-09-30T22:54:45Z
WCH2023-400m-W-R1-H5,WCH2023,400m,W,R1,5,2023-08-20,10:07,8.0,Henriette JÆGER,14780807,NOR,0.164,0.164,51.33,https://worldathletics.org/competitions/world-athletics-championships/world-athletics-championships-budapest-2023-7138987/results/women/400-metres/round-1/result,2026-09-30T22:54:45Z
WCH2023-400m-W-R1-H5,WCH2023,400m,W,R1,5,2023-08-20,10:07,3.0,Aliyah ABRAMS,14447688,GUY,0.229,0.229,51.44,https://worldathletics.org/competitions/world-athletics-championships/world-athletics-championships-budapest-2023-7138987/results/women/400-metres/round-1/result,2026-09-30T22:54:45Z
WCH2023-400m-W-R1-H5,WCH2023,400m,W,R1,5,2023-08-20,10:07,9.0,Helena PONETTE,14659039,BEL,0.212,0.212,51.52,https://worldathletics.org/competitions/world-athletics-championships/world-athletics-championships-budapest-2023-7138987/results/women/400-metres/round-1/result,2026-09-30T22:54:45Z
WCH2023-400m-W-R1-H5,WCH2023,400m,W,R1,5,2023-08-20,10:07,7.0,Mette BAAS,14572038,FIN,0.135,0.135,52.74,https://worldathletics.org/competitions/world-athletics-championships/world-athletics-championships-budapest-2023-7138987/results/women/400-metres/round-1/result,2026-09-30T22:54:45Z
WCH2023-400m-W-R1-H5,WCH2023,400m,W,R1,5,2023-08-20,10:07,2.0,Tabata VITORINO,14496376,BRA,0.181,0.181,54.15,https://worldathletics.org/competitions/world-athletics-championships/world-athletics-championships-budapest-2023-7138987/results/women/400-metres/round-1/result,2026-09-30T22:54:45Z
WCH2023-400m-W-R1-H6,WCH2023,400m,W,R1,6,2023-08-20,10:15,5.0,Marileidy PAULINO,14749613,DOM,0.207,0.207,49.90,https://worldathletics.org/competitions/world-athletics-championships/world-athletics-championships-budapest-2023-7138987/results/women/400-metres/round-1/result,2026-09-30T22:54:45Z
WCH2023-400m-W-R1-H6,WCH2023,400m,W,R1,6,2023-08-20,10:15,2.0,Victoria OHURUOGU,14359991,GBR,0.181,0.181,50.60,https://worldathletics.org/competitions/world-athletics-championships/world-athletics-championships-budapest-2023-7138987/results/women/400-metres/round-1/result,2026-09-30T22:54:45Z
WCH2023-400m-W-R1-H6,WCH2023,400m,W,R1,6,2023-08-20,10:15,9.0,Talitha DIGGS,14773307,USA,0.175,0.175,50.87,https://worldathletics.org/competitions/world-athletics-championships/world-athletics-championships-budapest-2023-7138987/results/women/400-metres/round-1/result,2026-09-30T22:54:45Z
WCH2023-400m-W-R1-H6,WCH2023,400m,W,R1,6,2023-08-20,10:15,3.0,Lada VONDROVÁ,14684777,CZE,0.232,0.232,50.92,https://worldathletics.org/competitions/world-athletics-championships/world-athletics-championships-budapest-2023-7138987/results/women/400-metres/round-1/result,2026-09-30T22:54:45Z
WCH2023-400m-W-R1-H6,WCH2023,400m,W,R1,6,2023-08-20,10:15,7.0,Modesta Justė MORAUSKAITĖ,14448335,LTU,0.159,0.159,51.06,https://worldathletics.org/competitions/world-athletics-championships/world-athletics-championships-budapest-2023-7138987/results/women/400-metres/round-1/result,2026-09-30T22:54:45Z
WCH2023-400m-W-R1-H6,WCH2023,400m,W,R1,6,2023-08-20,10:15,8.0,Charokee YOUNG,14738839,JAM,0.222,0.222,51.24,https://worldathletics.org/competitions/world-athletics-championships/world-athletics-championships-budapest-2023-7138987/results/women/400-metres/round-1/result,2026-09-30T22:54:45Z
WCH2023-400m-W-R1-H6,WCH2023,400m,W,R1,6,2023-08-20,10:15,6.0,Tiffani MARINHO,14691803,BRA,0.184,0.184,53.12,https://worldathletics.org/competitions/world-athletics-championships/world-athletics-championships-budapest-2023-7138987/results/women/400-metres/round-1/result,2026-09-30T22:54:45Z
WCH2023-400m-W-R1-H6,WCH2023,400m,W,R1,6,2023-08-20,10:15,4.0,Marlie VILJOEN,14693043,RSA,0.189,0.189,53.73,https://worldathletics.org/competitions/world-athletics-championships/world-athletics-championships-budapest-2023-7138987/results/women/400-metres/round-1/result,2026-09-30T22:54:45Z
WCH2023-400m-W-SF-H1,WCH2023,400m,W,SF,1,2023-08-21,21:12,7.0,Marileidy PAULINO,14749613,DOM,0.187,0.187,49.54,https://worldathletics.org/competitions/world-athletics-championships/world-athletics-championships-budapest-2023-7138987/results/women/400-metres/semi-finals/result,2026-09-30T22:54:48Z
WCH2023-400m-W-SF-H1,WCH2023,400m,W,SF,1,2023-08-21,21:12,5.0,Rhasidat ADELEKE,14745252,IRL,0.161,0.161,49.87,https://worldathletics.org/competitions/world-athletics-championships/world-athletics-championships-budapest-2023-7138987/results/women/400-metres/semi-finals/result,2026-09-30T22:54:48Z
WCH2023-400m-W-SF-H1,WCH2023,400m,W,SF,1,2023-08-21,21:12,8.0,Cynthia BOLINGO,14360768,BEL,0.184,0.184,49.96,https://worldathletics.org/competitions/world-athletics-championships/world-athletics-championships-budapest-2023-7138987/results/women/400-metres/semi-finals/result,2026-09-30T22:54:48Z
WCH2023-400m-W-SF-H1,WCH2023,400m,W,SF,1,2023-08-21,21:12,9.0,Candice MCLEOD,14587165,JAM,0.206,0.206,50.62,https://worldathletics.org/competitions/world-athletics-championships/world-athletics-championships-budapest-2023-7138987/results/women/400-metres/semi-finals/result,2026-09-30T22:54:48Z
WCH2023-400m-W-SF-H1,WCH2023,400m,W,SF,1,2023-08-21,21:12,2.0,Evelis Jazmin AGUILAR,14369345,COL,0.157,0.157,51.07,https://worldathletics.org/competitions/world-athletics-championships/world-athletics-championships-budapest-2023-7138987/results/women/400-metres/semi-finals/result,2026-09-30T22:54:48Z
WCH2023-400m-W-SF-H1,WCH2023,400m,W,SF,1,2023-08-21,21:12,6.0,Paola MORÁN,14572815,MEX,0.215,0.215,51.46,https://worldathletics.org/competitions/world-athletics-championships/world-athletics-championships-budapest-2023-7138987/results/women/400-metres/semi-finals/result,2026-09-30T22:54:48Z
WCH2023-400m-W-SF-H1,WCH2023,400m,W,SF,1,2023-08-21,21:12,3.0,Lada VONDROVÁ,14684777,CZE,0.196,0.196,51.50,https://worldathletics.org/competitions/world-athletics-championships/world-athletics-championships-budapest-2023-7138987/results/women/400-metres/semi-finals/result,2026-09-30T22:54:48Z
WCH2023-400m-W-SF-H1,WCH2023,400m,W,SF,1,2023-08-21,21:12,4.0,Zenéy VAN DER WALT,14639191,RSA,0.202,0.202,51.54,https://worldathletics.org/competitions/world-athletics-championships/world-athletics-championships-budapest-2023-7138987/results/women/400-metres/semi-finals/result,2026-09-30T22:54:48Z
WCH2023-400m-W-SF-H2,WCH2023,400m,W,SF,2,2023-08-21,21:20,6.0,Lieke KLAVER,14560483,NED,0.177,0.177,49.87,https://worldathletics.org/competitions/world-athletics-championships/world-athletics-championships-budapest-2023-7138987/results/women/400-metres/semi-finals/result,2026-09-30T22:54:48Z
WCH2023-400m-W-SF-H2,WCH2023,400m,W,SF,2,2023-08-21,21:20,9.0,Talitha DIGGS,14773307,USA,0.174,0.174,50.86,https://worldathletics.org/competitions/world-athletics-championships/world-athletics-championships-budapest-2023-7138987/results/women/400-metres/semi-finals/result,2026-09-30T22:54:48Z
WCH2023-400m-W-SF-H2,WCH2023,400m,W,SF,2,2023-08-21,21:20,7.0,Roxana GÓMEZ,14637147,CUB,0.227,0.227,51.07,https://worldathletics.org/competitions/world-athletics-championships/world-athletics-championships-budapest-2023-7138987/results/women/400-metres/semi-finals/result,2026-09-30T22:54:48Z
WCH2023-400m-W-SF-H2,WCH2023,400m,W,SF,2,2023-08-21,21:20,5.0,Ama PIPI,14479776,GBR,0.173,0.173,51.17,https://worldathletics.org/competitions/world-athletics-championships/world-athletics-championships-budapest-2023-7138987/results/women/400-metres/semi-finals/result,2026-09-30T22:54:48Z
WCH2023-400m-W-SF-H2,WCH2023,400m,W,SF,2,2023-08-21,21:20,8.0,Nickisha PRYCE,14685519,JAM,0.186,0.186,51.24,https://worldathletics.org/competitions/world-athletics-championships/world-athletics-championships-budapest-2023-7138987/results/women/400-metres/semi-finals/result,2026-09-30T22:54:48Z
WCH2023-400m-W-SF-H2,WCH2023,400m,W,SF,2,2023-08-21,21:20,4.0,Gabby SCOTT,14696762,PUR,0.177,0.177,51.52,https://worldathletics.org/competitions/world-athletics-championships/world-athletics-championships-budapest-2023-7138987/results/women/400-metres/semi-finals/result,2026-09-30T22:54:48Z
WCH2023-400m-W-SF-H2,WCH2023,400m,W,SF,2,2023-08-21,21:20,2.0,Sharlene MAWDSLEY,14589082,IRL,0.177,0.177,51.78,https://worldathletics.org/competitions/world-athletics-championships/world-athletics-championships-budapest-2023-7138987/results/women/400-metres/semi-finals/result,2026-09-30T22:54:48Z
WCH2023-400m-W-SF-H2,WCH2023,400m,W,SF,2,2023-08-21,21:20,3.0,Modesta Justė MORAUSKAITĖ,14448335,LTU,0.160,0.16,52.15,https://worldathletics.org/competitions/world-athletics-championships/world-athletics-championships-budapest-2023-7138987/results/women/400-metres/semi-finals/result,2026-09-30T22:54:48Z
WCH2023-400m-W-SF-H3,WCH2023,400m,W,SF,3,2023-08-21,21:28,5.0,Natalia KACZMAREK,14642563,POL,0.173,0.173,49.50,https://worldathletics.org/competitions/world-athletics-championships/world-athletics-championships-budapest-2023-7138987/results/women/400-metres/semi-finals/result,2026-09-30T22:54:48Z
WCH2023-400m-W-SF-H3,WCH2023,400m,W,SF,3,2023-08-21,21:28,7.0,Sada WILLIAMS,14592846,BAR,0.191,0.191,49.58,https://worldathletics.org/competitions/world-athletics-championships/world-athletics-championships-budapest-2023-7138987/results/women/400-metres/semi-finals/result,2026-09-30T22:54:48Z
WCH2023-400m-W-SF-H3,WCH2023,400m,W,SF,3,2023-08-21,21:28,4.0,Lynna IRBY-JACKSON,14486888,USA,0.173,0.173,50.71,https://worldathletics.org/competitions/world-athletics-championships/world-athletics-championships-budapest-2023-7138987/results/women/400-metres/semi-finals/result,2026-09-30T22:54:48Z
WCH2023-400m-W-SF-H3,WCH2023,400m,W,SF,3,2023-08-21,21:28,8.0,Victoria OHURUOGU,14359991,GBR,0.238,0.238,50.74,https://worldathletics.org/competitions/world-athletics-championships/world-athletics-championships-budapest-2023-7138987/results/women/400-metres/semi-finals/result,2026-09-30T22:54:48Z
WCH2023-400m-W-SF-H3,WCH2023,400m,W,SF,3,2023-08-21,21:28,6.0,Andrea MIKLÓS,14573639,ROU,0.178,0.178,50.77,https://worldathletics.org/competitions/world-athletics-championships/world-athletics-championships-budapest-2023-7138987/results/women/400-metres/semi-finals/result,2026-09-30T22:54:48Z
WCH2023-400m-W-SF-H3,WCH2023,400m,W,SF,3,2023-08-21,21:28,3.0,Charokee YOUNG,14738839,JAM,0.207,0.207,51.40,https://worldathletics.org/competitions/world-athletics-championships/world-athletics-championships-budapest-2023-7138987/results/women/400-metres/semi-finals/result,2026-09-30T22:54:48Z
WCH2023-400m-W-SF-H3,WCH2023,400m,W,SF,3,2023-08-21,21:28,2.0,Susanne GOGL-WALLI,14446721,AUT,0.168,0.168,51.50,https://worldathletics.org/competitions/world-athletics-championships/world-athletics-championships-budapest-2023-7138987/results/women/400-metres/semi-finals/result,2026-09-30T22:54:48Z
WCH2023-400m-W-SF-H3,WCH2023,400m,W,SF,3,2023-08-21,21:28,9.0,Tereza PETRŽILKOVÁ,14721360,CZE,0.192,0.192,51.94,https://worldathletics.org/competitions/world-athletics-championships/world-athletics-championships-budapest-2023-7138987/results/women/400-metres/semi-finals/result,2026-09-30T22:54:48Z
WCH2023-4x100m-W-F-H1,WCH2023,4x100m,W,F,1,2023-08-26,21:53,6.0,United States,6,USA,0.145,0.145,41.03,https://worldathletics.org/competitions/world-athletics-championships/world-athletics-championships-budapest-2023-7138987/results/women/4x100-metres-relay/final/result,2026-09-30T22:55:18Z
WCH2023-4x100m-W-F-H1,WCH2023,4x100m,W,F,1,2023-08-26,21:53,7.0,Jamaica,23,JAM,0.196,0.196,41.21,https://worldathletics.org/competitions/world-athletics-championships/world-athletics-championships-budapest-2023-7138987/results/women/4x100-metres-relay/final/result,2026-09-30T22:55:18Z
WCH2023-4x100m-W-F-H1,WCH2023,4x100m,W,F,1,2023-08-26,21:53,8.0,Great Britain & NI,5,GBR,0.144,0.144,41.97,https://worldathletics.org/competitions/world-athletics-championships/world-athletics-championships-budapest-2023-7138987/results/women/4x100-metres-relay/final/result,2026-09-30T22:55:18Z
WCH2023-4x100m-W-F-H1,WCH2023,4x100m,W,F,1,2023-08-26,21:53,4.0,Italy,40,ITA,0.184,0.184,42.49,https://worldathletics.org/competitions/world-athletics-championships/world-athletics-championships-budapest-2023-7138987/results/women/4x100-metres-relay/final/result,2026-09-30T22:55:18Z
WCH2023-4x100m-W-F-H1,WCH2023,4x100m,W,F,1,2023-08-26,21:53,3.0,Poland,8,POL,0.153,0.153,42.66,https://worldathletics.org/competitions/world-athletics-championships/world-athletics-championships-budapest-2023-7138987/results/women/4x100-metres-relay/final/result,2026-09-30T22:55:18Z
WCH2023-4x100m-W-F-H1,WCH2023,4x100m,W,F,1,2023-08-26,21:53,1.0,Germany,61,GER,0.153,0.153,42.98,https://worldathletics.org/competitions/world-athletics-championships/world-athletics-championships-budapest-2023-7138987/results/women/4x100-metres-relay/final/result,2026-09-30T22:55:18Z
WCH2023-4x100m-W-F-H1,WCH2023,4x100m,W,F,1,2023-08-26,21:53,2.0,Netherlands,55,NED,0.167,0.167,DNF,https://worldathletics.org/competitions/world-athletics-championships/world-athletics-championships-budapest-2023-7138987/results/women/4x100-metres-relay/final/result,2026-09-30T22:55:18Z
WCH2023-4x100m-W-F-H1,WCH2023,4x100m,W,F,1,2023-08-26,21:53,5.0,Côte d’Ivoire,127,CIV,0.169,0.169,DNF,https://worldathletics.org/competitions/world-athletics-championships/world-athletics-championships-budapest-2023-7138987/results/women/4x100-metres-relay/final/result,2026-09-30T22:55:18Z
WCH2023-4x100m-W-F-H1,WCH2023,4x100m,W,F,1,2023-08-26,21:53,9.0,Switzerland,58,SUI,0.200,0.2,DQ,https://worldathletics.org/competitions/world-athletics-championships/world-athletics-championships-budapest-2023-7138987/results/women/4x100-metres-relay/final/result,2026-09-30T22:55:18Z
WCH2023-4x100m-W-R1-H1,WCH2023,4x100m,W,R1,1,2023-08-25,20:00,2.0,Jamaica,23,JAM,0.171,0.171,41.70,https://worldathletics.org/competitions/world-athletics-championships/world-athletics-championships-budapest-2023-7138987/results/women/4x100-metres-relay/round-1/result,2026-09-30T22:55:21Z
WCH2023-4x100m-W-R1-H1,WCH2023,4x100m,W,R1,1,2023-08-25,20:00,5.0,Great Britain & NI,5,GBR,0.132,0.132,42.33,https://worldathletics.org/competitions/world-athletics-championships/world-athletics-championships-budapest-2023-7138987/results/women/4x100-metres-relay/round-1/result,2026-09-30T22:55:21Z
WCH2023-4x100m-W-R1-H1,WCH2023,4x100m,W,R1,1,2023-08-25,20:00,4.0,Switzerland,58,SUI,0.169,0.169,42.64,https://worldathletics.org/competitions/world-athletics-championships/world-athletics-championships-budapest-2023-7138987/results/women/4x100-metres-relay/round-1/result,2026-09-30T22:55:21Z
WCH2023-4x100m-W-R1-H1,WCH2023,4x100m,W,R1,1,2023-08-25,20:00,7.0,Germany,61,GER,0.174,0.174,42.78,https://worldathletics.org/competitions/world-athletics-championships/world-athletics-championships-budapest-2023-7138987/results/women/4x100-metres-relay/round-1/result,2026-09-30T22:55:21Z
WCH2023-4x100m-W-R1-H1,WCH2023,4x100m,W,R1,1,2023-08-25,20:00,8.0,Trinidad and Tobago,59,TTO,0.186,0.186,42.85,https://worldathletics.org/competitions/world-athletics-championships/world-athletics-championships-budapest-2023-7138987/results/women/4x100-metres-relay/round-1/result,2026-09-30T22:55:21Z
WCH2023-4x100m-W-R1-H1,WCH2023,4x100m,W,R1,1,2023-08-25,20:00,9.0,Spain,88,ESP,0.166,0.166,42.96,https://worldathletics.org/competitions/world-athletics-championships/world-athletics-championships-budapest-2023-7138987/results/women/4x100-metres-relay/round-1/result,2026-09-30T22:55:21Z
WCH2023-4x100m-W-R1-H1,WCH2023,4x100m,W,R1,1,2023-08-25,20:00,3.0,France,52,FRA,0.156,0.156,43.12,https://worldathletics.org/competitions/world-athletics-championships/world-athletics-championships-budapest-2023-7138987/results/women/4x100-metres-relay/round-1/result,2026-09-30T22:55:21Z
WCH2023-4x100m-W-R1-H1,WCH2023,4x100m,W,R1,1,2023-08-25,20:00,6.0,Australia,22,AUS,0.161,0.161,DNF,https://worldathletics.org/competitions/world-athletics-championships/world-athletics-championships-budapest-2023-7138987/results/women/4x100-metres-relay/round-1/result,2026-09-30T22:55:21Z
WCH2023-4x100m-W-R1-H2,WCH2023,4x100m,W,R1,2,2023-08-25,20:09,6.0,United States,6,USA,0.148,0.148,41.59,https://worldathletics.org/competitions/world-athletics-championships/world-athletics-championships-budapest-2023-7138987/results/women/4x100-metres-relay/round-1/result,2026-09-30T22:55:21Z
WCH2023-4x100m-W-R1-H2,WCH2023,4x100m,W,R1,2,2023-08-25,20:09,8.0,Côte d’Ivoire,127,CIV,0.142,0.142,41.90,https://worldathletics.org/competitions/world-athletics-championships/world-athletics-championships-budapest-2023-7138987/results/women/4x100-metres-relay/round-1/result,2026-09-30T22:55:21Z
WCH2023-4x100m-W-R1-H2,WCH2023,4x100m,W,R1,2,2023-08-25,20:09,4.0,Italy,40,ITA,0.156,0.156,42.14,https://worldathletics.org/competitions/world-athletics-championships/world-athletics-championships-budapest-2023-7138987/results/women/4x100-metres-relay/round-1/result,2026-09-30T22:55:21Z
WCH2023-4x100m-W-R1-H2,WCH2023,4x100m,W,R1,2,2023-08-25,20:09,3.0,Netherlands,55,NED,0.155,0.155,42.53,https://worldathletics.org/competitions/world-athletics-championships/world-athletics-championships-budapest-2023-7138987/results/women/4x100-metres-relay/round-1/result,2026-09-30T22:55:21Z
WCH2023-4x100m-W-R1-H2,WCH2023,4x100m,W,R1,2,2023-08-25,20:09,5.0,Poland,8,POL,0.163,0.163,42.65,https://worldathletics.org/competitions/world-athletics-championships/world-athletics-championships-budapest-2023-7138987/results/women/4x100-metres-relay/round-1/result,2026-09-30T22:55:21Z
WCH2023-4x100m-W-R1-H2,WCH2023,4x100m,W,R1,2,2023-08-25,20:09,9.0,Cuba,50,CUB,0.150,0.15,43.17,https://worldathletics.org/competitions/world-athletics-championships/world-athletics-championships-budapest-2023-7138987/results/women/4x100-metres-relay/round-1/result,2026-09-30T22:55:21Z
WCH2023-4x100m-W-R1-H2,WCH2023,4x100m,W,R1,2,2023-08-25,20:09,1.0,Hungary,2,HUN,0.142,0.142,43.38,https://worldathletics.org/competitions/world-athletics-championships/world-athletics-championships-budapest-2023-7138987/results/women/4x100-metres-relay/round-1/result,2026-09-30T22:55:21Z
WCH2023-4x100m-W-R1-H2,WCH2023,4x100m,W,R1,2,2023-08-25,20:09,2.0,Brazil,21,BRA,0.171,0.171,43.46,https://worldathletics.org/competitions/world-athletics-championships/world-athletics-championships-budapest-2023-7138987/results/women/4x100-metres-relay/round-1/result,2026-09-30T22:55:21Z
WCH2023-4x100m-W-R1-H2,WCH2023,4x100m,W,R1,2,2023-08-25,20:09,7.0,Nigeria,14,NGR,0.164,0.164,DNF,https://worldathletics.org/competitions/world-athletics-championships/world-athletics-championships-budapest-2023-7138987/results/women/4x100-metres-relay/round-1/result,2026-09-30T22:55:21Z
WCH2023-4x400m-W-F-H1,WCH2023,4x400m,W,F,1,2023-08-27,21:50,9.0,Netherlands,55,NED,0.223,0.223,3:20.72,https://worldathletics.org/competitions/world-athletics-championships/world-athletics-championships-budapest-2023-7138987/results/women/4x400-metres-relay/final/result,2026-09-30T22:55:31Z
WCH2023-4x400m-W-F-H1,WCH2023,4x400m,W,F,1,2023-08-27,21:50,8.0,Jamaica,23,JAM,0.204,0.204,3:20.88,https://worldathletics.org/competitions/world-athletics-championships/world-athletics-championships-budapest-2023-7138987/results/women/4x400-metres-relay/final/result,2026-09-30T22:55:31Z
WCH2023-4x400m-W-F-H1,WCH2023,4x400m,W,F,1,2023-08-27,21:50,7.0,Great Britain & NI,5,GBR,0.175,0.175,3:21.04,https://worldathletics.org/competitions/world-athletics-championships/world-athletics-championships-budapest-2023-7138987/results/women/4x400-metres-relay/final/result,2026-09-30T22:55:31Z
WCH2023-4x400m-W-F-H1,WCH2023,4x400m,W,F,1,2023-08-27,21:50,5.0,Canada,48,CAN,0.176,0.176,3:22.42,https://worldathletics.org/competitions/world-athletics-championships/world-athletics-championships-budapest-2023-7138987/results/women/4x400-metres-relay/final/result,2026-09-30T22:55:31Z
WCH2023-4x400m-W-F-H1,WCH2023,4x400m,W,F,1,2023-08-27,21:50,6.0,Belgium,47,BEL,0.238,0.238,3:22.84,https://worldathletics.org/competitions/world-athletics-championships/world-athletics-championships-budapest-2023-7138987/results/women/4x400-metres-relay/final/result,2026-09-30T22:55:31Z
WCH2023-4x400m-W-F-H1,WCH2023,4x400m,W,F,1,2023-08-27,21:50,2.0,Poland,8,POL,0.251,0.251,3:24.93,https://worldathletics.org/competitions/world-athletics-championships/world-athletics-championships-budapest-2023-7138987/results/women/4x400-metres-relay/final/result,2026-09-30T22:55:31Z
WCH2023-4x400m-W-F-H1,WCH2023,4x400m,W,F,1,2023-08-27,21:50,4.0,Italy,40,ITA,0.224,0.224,3:24.98,https://worldathletics.org/competitions/world-athletics-championships/world-athletics-championships-budapest-2023-7138987/results/women/4x400-metres-relay/final/result,2026-09-30T22:55:31Z
WCH2023-4x400m-W-F-H1,WCH2023,4x400m,W,F,1,2023-08-27,21:50,3.0,Ireland,96,IRL,0.223,0.223,3:27.08,https://worldathletics.org/competitions/world-athletics-championships/world-athletics-championships-budapest-2023-7138987/results/women/4x400-metres-relay/final/result,2026-09-30T22:55:31Z
WCH2023-4x400m-W-F-H1,WCH2023,4x400m,W,F,1,2023-08-27,21:50,1.0,France,52,FRA,0.191,0.191,3:28.35,https://worldathletics.org/competitions/world-athletics-championships/world-athletics-championships-budapest-2023-7138987/results/women/4x400-metres-relay/final/result,2026-09-30T22:55:31Z
WCH2023-4x400m-W-R1-H1,WCH2023,4x400m,W,R1,1,2023-08-26,19:55,8.0,Jamaica,23,JAM,0.283,0.283,3:22.74,https://worldathletics.org/competitions/world-athletics-championships/world-athletics-championships-budapest-2023-7138987/results/women/4x400-metres-relay/round-1/result,2026-09-30T22:55:34Z
WCH2023-4x400m-W-R1-H1,WCH2023,4x400m,W,R1,1,2023-08-26,19:55,6.0,Canada,48,CAN,0.189,0.189,3:23.29,https://worldathletics.org/competitions/world-athletics-championships/world-athletics-championships-budapest-2023-7138987/results/women/4x400-metres-relay/round-1/result,2026-09-30T22:55:34Z
WCH2023-4x400m-W-R1-H1,WCH2023,4x400m,W,R1,1,2023-08-26,19:55,3.0,Netherlands,55,NED,0.203,0.203,3:23.75,https://worldathletics.org/competitions/world-athletics-championships/world-athletics-championships-budapest-2023-7138987/results/women/4x400-metres-relay/round-1/result,2026-09-30T22:55:34Z
WCH2023-4x400m-W-R1-H1,WCH2023,4x400m,W,R1,1,2023-08-26,19:55,2.0,Poland,8,POL,0.219,0.219,3:24.05,https://worldathletics.org/competitions/world-athletics-championships/world-athletics-championships-budapest-2023-7138987/results/women/4x400-metres-relay/round-1/result,2026-09-30T22:55:34Z
WCH2023-4x400m-W-R1-H1,WCH2023,4x400m,W,R1,1,2023-08-26,19:55,5.0,France,52,FRA,0.189,0.189,3:27.50,https://worldathletics.org/competitions/world-athletics-championships/world-athletics-championships-budapest-2023-7138987/results/women/4x400-metres-relay/round-1/result,2026-09-30T22:55:34Z
WCH2023-4x400m-W-R1-H1,WCH2023,4x400m,W,R1,1,2023-08-26,19:55,4.0,Germany,61,GER,0.203,0.203,3:27.74,https://worldathletics.org/competitions/world-athletics-championships/world-athletics-championships-budapest-2023-7138987/results/women/4x400-metres-relay/round-1/result,2026-09-30T22:55:34Z
WCH2023-4x400m-W-R1-H1,WCH2023,4x400m,W,R1,1,2023-08-26,19:55,9.0,Spain,88,ESP,0.254,0.254,3:31.91,https://worldathletics.org/competitions/world-athletics-championships/world-athletics-championships-budapest-2023-7138987/results/women/4x400-metres-relay/round-1/result,2026-09-30T22:55:34Z
WCH2023-4x400m-W-R1-H1,WCH2023,4x400m,W,R1,1,2023-08-26,19:55,7.0,Nigeria,14,NGR,0.387,0.387,DQ,https://worldathletics.org/competitions/world-athletics-championships/world-athletics-championships-budapest-2023-7138987/results/women/4x400-metres-relay/round-1/result,2026-09-30T22:55:34Z
WCH2023-4x400m-W-R1-H2,WCH2023,4x400m,W,R1,2,2023-08-26,20:07,3.0,Great Britain & NI,5,GBR,0.174,0.174,3:23.33,https://worldathletics.org/competitions/world-athletics-championships/world-athletics-championships-budapest-2023-7138987/results/women/4x400-metres-relay/round-1/result,2026-09-30T22:55:34Z
WCH2023-4x400m-W-R1-H2,WCH2023,4x400m,W,R1,2,2023-08-26,20:07,5.0,Belgium,47,BEL,0.160,0.16,3:23.63,https://worldathletics.org/competitions/world-athletics-championships/world-athletics-championships-budapest-2023-7138987/results/women/4x400-metres-relay/round-1/result,2026-09-30T22:55:34Z
WCH2023-4x400m-W-R1-H2,WCH2023,4x400m,W,R1,2,2023-08-26,20:07,4.0,Italy,40,ITA,0.186,0.186,3:23.86,https://worldathletics.org/competitions/world-athletics-championships/world-athletics-championships-budapest-2023-7138987/results/women/4x400-metres-relay/round-1/result,2026-09-30T22:55:34Z
WCH2023-4x400m-W-R1-H2,WCH2023,4x400m,W,R1,2,2023-08-26,20:07,6.0,Ireland,96,IRL,0.203,0.203,3:26.18,https://worldathletics.org/competitions/world-athletics-championships/world-athletics-championships-budapest-2023-7138987/results/women/4x400-metres-relay/round-1/result,2026-09-30T22:55:34Z
WCH2023-4x400m-W-R1-H2,WCH2023,4x400m,W,R1,2,2023-08-26,20:07,2.0,Hungary,2,HUN,0.167,0.167,3:27.79,https://worldathletics.org/competitions/world-athletics-championships/world-athletics-championships-budapest-2023-7138987/results/women/4x400-metres-relay/round-1/result,2026-09-30T22:55:34Z
WCH2023-4x400m-W-R1-H2,WCH2023,4x400m,W,R1,2,2023-08-26,20:07,9.0,Switzerland,58,SUI,0.199,0.199,3:29.07,https://worldathletics.org/competitions/world-athletics-championships/world-athletics-championships-budapest-2023-7138987/results/women/4x400-metres-relay/round-1/result,2026-09-30T22:55:34Z
WCH2023-4x400m-W-R1-H2,WCH2023,4x400m,W,R1,2,2023-08-26,20:07,1.0,Cuba,50,CUB,0.223,0.223,3:29.70,https://worldathletics.org/competitions/world-athletics-championships/world-athletics-championships-budapest-2023-7138987/results/women/4x400-metres-relay/round-1/result,2026-09-30T22:55:34Z
WCH2023-4x400m-W-R1-H2,WCH2023,4x400m,W,R1,2,2023-08-26,20:07,8.0,Botswana,110,BOT,0.325,0.325,3:31.85,https://worldathletics.org/competitions/world-athletics-championships/world-athletics-championships-budapest-2023-7138987/results/women/4x400-metres-relay/round-1/result,2026-09-30T22:55:34Z
WCH2023-4x400m-W-R1-H2,WCH2023,4x400m,W,R1,2,2023-08-26,20:07,7.0,United States,6,USA,0.192,0.192,DQ,https://worldathletics.org/competitions/world-athletics-championships/world-athletics-championships-budapest-2023-7138987/results/women/4x400-metres-relay/round-1/result,2026-09-30T22:55:34Z
WCH2025-400m-M-F-H1,WCH2025,400m,M,F,1,2025-09-18,22:10,5.0,Busang Collen KEBINATSHIPI,14935809,BOT,0.134,0.134,43.53,https://worldathletics.org/competitions/world-athletics-championships/world-athletics-championships-tokyo-2025-7190593/results/men/400-metres/final/result,2026-09-30T22:53:20Z
WCH2025-400m-M-F-H1,WCH2025,400m,M,F,1,2025-09-18,22:10,2.0,Jereem RICHARDS,14434521,TTO,0.145,0.145,43.72,https://worldathletics.org/competitions/world-athletics-championships/world-athletics-championships-tokyo-2025-7190593/results/men/400-metres/final/result,2026-09-30T22:53:20Z
WCH2025-400m-M-F-H1,WCH2025,400m,M,F,1,2025-09-18,22:10,8.0,Bayapo NDORI,14847443,BOT,0.144,0.144,44.20,https://worldathletics.org/competitions/world-athletics-championships/world-athletics-championships-tokyo-2025-7190593/results/men/400-metres/final/result,2026-09-30T22:53:20Z
WCH2025-400m-M-F-H1,WCH2025,400m,M,F,1,2025-09-18,22:10,6.0,Rusheen MCDONALD,14468667,JAM,0.201,0.201,44.28,https://worldathletics.org/competitions/world-athletics-championships/world-athletics-championships-tokyo-2025-7190593/results/men/400-metres/final/result,2026-09-30T22:53:20Z
WCH2025-400m-M-F-H1,WCH2025,400m,M,F,1,2025-09-18,22:10,7.0,Zakithi NENE,14696997,RSA,0.139,0.139,44.55,https://worldathletics.org/competitions/world-athletics-championships/world-athletics-championships-tokyo-2025-7190593/results/men/400-metres/final/result,2026-09-30T22:53:20Z
WCH2025-400m-M-F-H1,WCH2025,400m,M,F,1,2025-09-18,22:10,9.0,Yuki Joseph NAKAJIMA,14915400,JPN,0.201,0.201,44.62,https://worldathletics.org/competitions/world-athletics-championships/world-athletics-championships-tokyo-2025-7190593/results/men/400-metres/final/result,2026-09-30T22:53:20Z
WCH2025-400m-M-F-H1,WCH2025,400m,M,F,1,2025-09-18,22:10,3.0,Jacory PATTERSON,14715097,USA,0.141,0.141,44.70,https://worldathletics.org/competitions/world-athletics-championships/world-athletics-championships-tokyo-2025-7190593/results/men/400-metres/final/result,2026-09-30T22:53:20Z
WCH2025-400m-M-F-H1,WCH2025,400m,M,F,1,2025-09-18,22:10,4.0,Lee Bhekempilo EPPIE,14804565,BOT,0.151,0.151,44.77,https://worldathletics.org/competitions/world-athletics-championships/world-athletics-championships-tokyo-2025-7190593/results/men/400-metres/final/result,2026-09-30T22:53:20Z
WCH2025-400mH-M-F-H1,WCH2025,400mH,M,F,1,2025-09-19,21:15,7.0,Rai BENJAMIN,14574865,USA,0.150,0.15,46.52,https://worldathletics.org/competitions/world-athletics-championships/world-athletics-championships-tokyo-2025-7190593/results/men/400-metres-hurdles/final/result,2026-09-30T22:53:41Z
WCH2025-400mH-M-F-H1,WCH2025,400mH,M,F,1,2025-09-19,21:15,9.0,Alison DOS SANTOS,14755064,BRA,0.159,0.159,46.84,https://worldathletics.org/competitions/world-athletics-championships/world-athletics-championships-tokyo-2025-7190593/results/men/400-metres-hurdles/final/result,2026-09-30T22:53:41Z
WCH2025-400mH-M-F-H1,WCH2025,400mH,M,F,1,2025-09-19,21:15,5.0,Abderrahman SAMBA,14752208,QAT,0.182,0.182,47.06,https://worldathletics.org/competitions/world-athletics-championships/world-athletics-championships-tokyo-2025-7190593/results/men/400-metres-hurdles/final/result,2026-09-30T22:53:41Z
WCH2025-400mH-M-F-H1,WCH2025,400mH,M,F,1,2025-09-19,21:15,6.0,Ezekiel NATHANIEL,14960533,NGR,0.169,0.169,47.11,https://worldathletics.org/competitions/world-athletics-championships/world-athletics-championships-tokyo-2025-7190593/results/men/400-metres-hurdles/final/result,2026-09-30T22:53:41Z
WCH2025-400mH-M-F-H1,WCH2025,400mH,M,F,1,2025-09-19,21:15,4.0,Karsten WARHOLM,14479487,NOR,0.150,0.15,47.58,https://worldathletics.org/competitions/world-athletics-championships/world-athletics-championships-tokyo-2025-7190593/results/men/400-metres-hurdles/final/result,2026-09-30T22:53:41Z
WCH2025-400mH-M-F-H1,WCH2025,400mH,M,F,1,2025-09-19,21:15,3.0,Emil AGYEKUM,14679384,GER,0.186,0.186,47.98,https://worldathletics.org/competitions/world-athletics-championships/world-athletics-championships-tokyo-2025-7190593/results/men/400-metres-hurdles/final/result,2026-09-30T22:53:41Z
WCH2025-400mH-M-F-H1,WCH2025,400mH,M,F,1,2025-09-19,21:15,2.0,Caleb DEAN,14865900,USA,0.147,0.147,48.20,https://worldathletics.org/competitions/world-athletics-championships/world-athletics-championships-tokyo-2025-7190593/results/men/400-metres-hurdles/final/result,2026-09-30T22:53:41Z
WCH2025-400mH-M-F-H1,WCH2025,400mH,M,F,1,2025-09-19,21:15,8.0,Ismail Doudai ABAKAR,14973411,QAT,0.167,0.167,49.82,https://worldathletics.org/competitions/world-athletics-championships/world-athletics-championships-tokyo-2025-7190593/results/men/400-metres-hurdles/final/result,2026-09-30T22:53:41Z
WCH2025-400mH-M-R1-H1,WCH2025,400mH,M,R1,1,2025-09-15,19:35,7.0,Abderrahman SAMBA,14752208,QAT,0.231,0.231,48.03,https://worldathletics.org/competitions/world-athletics-championships/world-athletics-championships-tokyo-2025-7190593/results/men/400-metres-hurdles/round-1/result,2026-09-30T22:53:45Z
WCH2025-400mH-M-R1-H1,WCH2025,400mH,M,R1,1,2025-09-15,19:35,6.0,Tyri DONOVAN,14769293,GBR,0.166,0.166,48.26,https://worldathletics.org/competitions/world-athletics-championships/world-athletics-championships-tokyo-2025-7190593/results/men/400-metres-hurdles/round-1/result,2026-09-30T22:53:45Z
WCH2025-400mH-M-R1-H1,WCH2025,400mH,M,R1,1,2025-09-15,19:35,3.0,Chris ROBINSON,14969871,USA,0.140,0.14,48.27,https://worldathletics.org/competitions/world-athletics-championships/world-athletics-championships-tokyo-2025-7190593/results/men/400-metres-hurdles/round-1/result,2026-09-30T22:53:45Z
WCH2025-400mH-M-R1-H1,WCH2025,400mH,M,R1,1,2025-09-15,19:35,8.0,Malik JAMES-KING,14744387,JAM,0.195,0.195,48.27,https://worldathletics.org/competitions/world-athletics-championships/world-athletics-championships-tokyo-2025-7190593/results/men/400-metres-hurdles/round-1/result,2026-09-30T22:53:45Z
WCH2025-400mH-M-R1-H1,WCH2025,400mH,M,R1,1,2025-09-15,19:35,2.0,Wiseman Were MUKHOBE,14802612,KEN,0.183,0.183,48.27,https://worldathletics.org/competitions/world-athletics-championships/world-athletics-championships-tokyo-2025-7190593/results/men/400-metres-hurdles/round-1/result,2026-09-30T22:53:45Z
WCH2025-400mH-M-R1-H1,WCH2025,400mH,M,R1,1,2025-09-15,19:35,4.0,Oskar EDLUND,14882511,SWE,0.173,0.173,48.52,https://worldathletics.org/competitions/world-athletics-championships/world-athletics-championships-tokyo-2025-7190593/results/men/400-metres-hurdles/round-1/result,2026-09-30T22:53:45Z
WCH2025-400mH-M-R1-H1,WCH2025,400mH,M,R1,1,2025-09-15,19:35,1.0,Jesús David DELGADO,14757952,ESP,0.189,0.189,48.98,https://worldathletics.org/competitions/world-athletics-championships/world-athletics-championships-tokyo-2025-7190593/results/men/400-metres-hurdles/round-1/result,2026-09-30T22:53:45Z
WCH2025-400mH-M-R1-H1,WCH2025,400mH,M,R1,1,2025-09-15,19:35,5.0,Shunta INOUE,14998155,JPN,0.230,0.23,49.73,https://worldathletics.org/competitions/world-athletics-championships/world-athletics-championships-tokyo-2025-7190593/results/men/400-metres-hurdles/round-1/result,2026-09-30T22:53:45Z
WCH2025-400mH-M-R1-H1,WCH2025,400mH,M,R1,1,2025-09-15,19:35,9.0,Chi Chong CHEONG,15052186,MAC,0.216,0.216,52.76,https://worldathletics.org/competitions/world-athletics-championships/world-athletics-championships-tokyo-2025-7190593/results/men/400-metres-hurdles/round-1/result,2026-09-30T22:53:45Z
WCH2025-400mH-M-R1-H2,WCH2025,400mH,M,R1,2,2025-09-15,19:43,9.0,Bassem HEMEIDA,14827001,QAT,0.179,0.179,48.43,https://worldathletics.org/competitions/world-athletics-championships/world-athletics-championships-tokyo-2025-7190593/results/men/400-metres-hurdles/round-1/result,2026-09-30T22:53:45Z
WCH2025-400mH-M-R1-H2,WCH2025,400mH,M,R1,2,2025-09-15,19:43,4.0,Alison DOS SANTOS,14755064,BRA,0.171,0.171,48.48,https://worldathletics.org/competitions/world-athletics-championships/world-athletics-championships-tokyo-2025-7190593/results/men/400-metres-hurdles/round-1/result,2026-09-30T22:53:45Z
WCH2025-400mH-M-R1-H2,WCH2025,400mH,M,R1,2,2025-09-15,19:43,6.0,Owe FISCHER-BREIHOLZ,14984693,GER,0.207,0.207,48.81,https://worldathletics.org/competitions/world-athletics-championships/world-athletics-championships-tokyo-2025-7190593/results/men/400-metres-hurdles/round-1/result,2026-09-30T22:53:45Z
WCH2025-400mH-M-R1-H2,WCH2025,400mH,M,R1,2,2025-09-15,19:43,1.0,Matic Ian GUČEK,14874438,SLO,0.149,0.149,48.92,https://worldathletics.org/competitions/world-athletics-championships/world-athletics-championships-tokyo-2025-7190593/results/men/400-metres-hurdles/round-1/result,2026-09-30T22:53:45Z
WCH2025-400mH-M-R1-H2,WCH2025,400mH,M,R1,2,2025-09-15,19:43,3.0,Kyron MCMASTER,14532760,IVB,0.151,0.151,49.89,https://worldathletics.org/competitions/world-athletics-championships/world-athletics-championships-tokyo-2025-7190593/results/men/400-metres-hurdles/round-1/result,2026-09-30T22:53:45Z
WCH2025-400mH-M-R1-H2,WCH2025,400mH,M,R1,2,2025-09-15,19:43,2.0,Daiki OGAWA,14956478,JPN,0.163,0.163,50.08,https://worldathletics.org/competitions/world-athletics-championships/world-athletics-championships-tokyo-2025-7190593/results/men/400-metres-hurdles/round-1/result,2026-09-30T22:53:45Z
WCH2025-400mH-M-R1-H2,WCH2025,400mH,M,R1,2,2025-09-15,19:43,5.0,Marc Anthony IBRAHIM,14980995,LBN,0.188,0.188,50.20,https://worldathletics.org/competitions/world-athletics-championships/world-athletics-championships-tokyo-2025-7190593/results/men/400-metres-hurdles/round-1/result,2026-09-30T22:53:45Z
WCH2025-400mH-M-R1-H2,WCH2025,400mH,M,R1,2,2025-09-15,19:43,8.0,Akanye FRANCIS,15026292,SKN,0.189,0.189,53.26,https://worldathletics.org/competitions/world-athletics-championships/world-athletics-championships-tokyo-2025-7190593/results/men/400-metres-hurdles/round-1/result,2026-09-30T22:53:45Z
WCH2025-400mH-M-R1-H2,WCH2025,400mH,M,R1,2,2025-09-15,19:43,7.0,Alessandro SIBILIO,14699358,ITA,0.157,0.157,DNF,https://worldathletics.org/competitions/world-athletics-championships/world-athletics-championships-tokyo-2025-7190593/results/men/400-metres-hurdles/round-1/result,2026-09-30T22:53:45Z
WCH2025-400mH-M-R1-H3,WCH2025,400mH,M,R1,3,2025-09-15,19:51,2.0,Matheus LIMA,14918836,BRA,0.187,0.187,48.15,https://worldathletics.org/competitions/world-athletics-championships/world-athletics-championships-tokyo-2025-7190593/results/men/400-metres-hurdles/round-1/result,2026-09-30T22:53:45Z
WCH2025-400mH-M-R1-H3,WCH2025,400mH,M,R1,3,2025-09-15,19:51,6.0,Ismail Doudai ABAKAR,14973411,QAT,0.180,0.18,48.34,https://worldathletics.org/competitions/world-athletics-championships/world-athletics-championships-tokyo-2025-7190593/results/men/400-metres-hurdles/round-1/result,2026-09-30T22:53:45Z
WCH2025-400mH-M-R1-H3,WCH2025,400mH,M,R1,3,2025-09-15,19:51,9.0,Karsten WARHOLM,14479487,NOR,0.197,0.197,48.56,https://worldathletics.org/competitions/world-athletics-championships/world-athletics-championships-tokyo-2025-7190593/results/men/400-metres-hurdles/round-1/result,2026-09-30T22:53:45Z
WCH2025-400mH-M-R1-H3,WCH2025,400mH,M,R1,3,2025-09-15,19:51,4.0,Berke AKÇAM,14797505,TUR,0.175,0.175,48.68,https://worldathletics.org/competitions/world-athletics-championships/world-athletics-championships-tokyo-2025-7190593/results/men/400-metres-hurdles/round-1/result,2026-09-30T22:53:45Z
WCH2025-400mH-M-R1-H3,WCH2025,400mH,M,R1,3,2025-09-15,19:51,7.0,Kemorena TISANG,14754324,BOT,0.207,0.207,48.72,https://worldathletics.org/competitions/world-athletics-championships/world-athletics-championships-tokyo-2025-7190593/results/men/400-metres-hurdles/round-1/result,2026-09-30T22:53:45Z
WCH2025-400mH-M-R1-H3,WCH2025,400mH,M,R1,3,2025-09-15,19:51,8.0,Joshua ABUAKU,14536209,GER,0.192,0.192,49.41,https://worldathletics.org/competitions/world-athletics-championships/world-athletics-championships-tokyo-2025-7190593/results/men/400-metres-hurdles/round-1/result,2026-09-30T22:53:45Z
WCH2025-400mH-M-R1-H3,WCH2025,400mH,M,R1,3,2025-09-15,19:51,1.0,Carl BENGTSTRÖM,14713427,SWE,0.174,0.174,49.74,https://worldathletics.org/competitions/world-athletics-championships/world-athletics-championships-tokyo-2025-7190593/results/men/400-metres-hurdles/round-1/result,2026-09-30T22:53:45Z
WCH2025-400mH-M-R1-H3,WCH2025,400mH,M,R1,3,2025-09-15,19:51,3.0,Assinie WILSON,14836145,JAM,0.166,0.166,49.91,https://worldathletics.org/competitions/world-athletics-championships/world-athletics-championships-tokyo-2025-7190593/results/men/400-metres-hurdles/round-1/result,2026-09-30T22:53:45Z
WCH2025-400mH-M-R1-H3,WCH2025,400mH,M,R1,3,2025-09-15,19:51,5.0,Jun Jie Calvin QUEK,14594892,SGP,0.194,0.194,50.17,https://worldathletics.org/competitions/world-athletics-championships/world-athletics-championships-tokyo-2025-7190593/results/men/400-metres-hurdles/round-1/result,2026-09-30T22:53:45Z
WCH2025-400mH-M-R1-H4,WCH2025,400mH,M,R1,4,2025-09-15,19:59,9.0,Rai BENJAMIN,14574865,USA,0.187,0.187,48.15,https://worldathletics.org/competitions/world-athletics-championships/world-athletics-championships-tokyo-2025-7190593/results/men/400-metres-hurdles/round-1/result,2026-09-30T22:53:45Z
WCH2025-400mH-M-R1-H4,WCH2025,400mH,M,R1,4,2025-09-15,19:59,3.0,Emil AGYEKUM,14679384,GER,0.181,0.181,48.33,https://worldathletics.org/competitions/world-athletics-championships/world-athletics-championships-tokyo-2025-7190593/results/men/400-metres-hurdles/round-1/result,2026-09-30T22:53:45Z
WCH2025-400mH-M-R1-H4,WCH2025,400mH,M,R1,4,2025-09-15,19:59,1.0,Victor NTWENG,14824532,BOT,0.155,0.155,48.54,https://worldathletics.org/competitions/world-athletics-championships/world-athletics-championships-tokyo-2025-7190593/results/men/400-metres-hurdles/round-1/result,2026-09-30T22:53:45Z
WCH2025-400mH-M-R1-H4,WCH2025,400mH,M,R1,4,2025-09-15,19:59,8.0,Gerald DRUMMOND,14414628,CRC,0.196,0.196,48.81,https://worldathletics.org/competitions/world-athletics-championships/world-athletics-championships-tokyo-2025-7190593/results/men/400-metres-hurdles/round-1/result,2026-09-30T22:53:45Z
WCH2025-400mH-M-R1-H4,WCH2025,400mH,M,R1,4,2025-09-15,19:59,7.0,Roshawn CLARKE,14931525,JAM,0.188,0.188,48.83,https://worldathletics.org/competitions/world-athletics-championships/world-athletics-championships-tokyo-2025-7190593/results/men/400-metres-hurdles/round-1/result,2026-09-30T22:53:45Z
WCH2025-400mH-M-R1-H4,WCH2025,400mH,M,R1,4,2025-09-15,19:59,2.0,Vít MÜLLER,14589388,CZE,0.180,0.18,49.02,https://worldathletics.org/competitions/world-athletics-championships/world-athletics-championships-tokyo-2025-7190593/results/men/400-metres-hurdles/round-1/result,2026-09-30T22:53:45Z
WCH2025-400mH-M-R1-H4,WCH2025,400mH,M,R1,4,2025-09-15,19:59,4.0,Seamus DERBYSHIRE,14759096,GBR,0.158,0.158,49.20,https://worldathletics.org/competitions/world-athletics-championships/world-athletics-championships-tokyo-2025-7190593/results/men/400-metres-hurdles/round-1/result,2026-09-30T22:53:45Z
WCH2025-400mH-M-R1-H4,WCH2025,400mH,M,R1,4,2025-09-15,19:59,5.0,Dennick LUKE,14893596,DMA,0.203,0.203,49.32,https://worldathletics.org/competitions/world-athletics-championships/world-athletics-championships-tokyo-2025-7190593/results/men/400-metres-hurdles/round-1/result,2026-09-30T22:53:45Z
WCH2025-400mH-M-R1-H4,WCH2025,400mH,M,R1,4,2025-09-15,19:59,6.0,Julien BONVIN,14683945,SUI,0.184,0.184,49.53,https://worldathletics.org/competitions/world-athletics-championships/world-athletics-championships-tokyo-2025-7190593/results/men/400-metres-hurdles/round-1/result,2026-09-30T22:53:45Z
WCH2025-400mH-M-R1-H5,WCH2025,400mH,M,R1,5,2025-09-15,20:07,7.0,Ezekiel NATHANIEL,14960533,NGR,0.198,0.198,48.37,https://worldathletics.org/competitions/world-athletics-championships/world-athletics-championships-tokyo-2025-7190593/results/men/400-metres-hurdles/round-1/result,2026-09-30T22:53:45Z
WCH2025-400mH-M-R1-H5,WCH2025,400mH,M,R1,5,2025-09-15,20:07,5.0,Caleb DEAN,14865900,USA,0.159,0.159,48.67,https://worldathletics.org/competitions/world-athletics-championships/world-athletics-championships-tokyo-2025-7190593/results/men/400-metres-hurdles/round-1/result,2026-09-30T22:53:45Z
WCH2025-400mH-M-R1-H5,WCH2025,400mH,M,R1,5,2025-09-15,20:07,3.0,Francisco Guilherme DOS REIS VIANA,14768511,BRA,0.166,0.166,48.69,https://worldathletics.org/competitions/world-athletics-championships/world-athletics-championships-tokyo-2025-7190593/results/men/400-metres-hurdles/round-1/result,2026-09-30T22:53:45Z
WCH2025-400mH-M-R1-H5,WCH2025,400mH,M,R1,5,2025-09-15,20:07,4.0,Alastair CHALMERS,14720465,GBR,0.158,0.158,48.86,https://worldathletics.org/competitions/world-athletics-championships/world-athletics-championships-tokyo-2025-7190593/results/men/400-metres-hurdles/round-1/result,2026-09-30T22:53:45Z
WCH2025-400mH-M-R1-H5,WCH2025,400mH,M,R1,5,2025-09-15,20:07,8.0,Sabelo DHLAMINI,14830123,RSA,0.203,0.203,49.50,https://worldathletics.org/competitions/world-athletics-championships/world-athletics-championships-tokyo-2025-7190593/results/men/400-metres-hurdles/round-1/result,2026-09-30T22:53:45Z
WCH2025-400mH-M-R1-H5,WCH2025,400mH,M,R1,5,2025-09-15,20:07,1.0,İsmail NEZIR,14928872,TUR,0.174,0.174,49.66,https://worldathletics.org/competitions/world-athletics-championships/world-athletics-championships-tokyo-2025-7190593/results/men/400-metres-hurdles/round-1/result,2026-09-30T22:53:45Z
WCH2025-400mH-M-R1-H5,WCH2025,400mH,M,R1,5,2025-09-15,20:07,9.0,Patrik DÖMÖTÖR,14723633,SVK,0.171,0.171,49.91,https://worldathletics.org/competitions/world-athletics-championships/world-athletics-championships-tokyo-2025-7190593/results/men/400-metres-hurdles/round-1/result,2026-09-30T22:53:45Z
WCH2025-400mH-M-R1-H5,WCH2025,400mH,M,R1,5,2025-09-15,20:07,6.0,Ken TOYODA,14900979,JPN,0.196,0.196,51.80,https://worldathletics.org/competitions/world-athletics-championships/world-athletics-championships-tokyo-2025-7190593/results/men/400-metres-hurdles/round-1/result,2026-09-30T22:53:45Z
WCH2025-400mH-M-R1-H5,WCH2025,400mH,M,R1,5,2025-09-15,20:07,2.0,Najimul Hossain RONI,15067465,BAN,0.210,0.21,52.47,https://worldathletics.org/competitions/world-athletics-championships/world-athletics-championships-tokyo-2025-7190593/results/men/400-metres-hurdles/round-1/result,2026-09-30T22:53:45Z
WCH2025-400mH-M-SF-H1,WCH2025,400mH,M,SF,1,2025-09-17,21:30,8.0,Abderrahman SAMBA,14752208,QAT,0.216,0.216,47.63,https://worldathletics.org/competitions/world-athletics-championships/world-athletics-championships-tokyo-2025-7190593/results/men/400-metres-hurdles/semi-finals/result,2026-09-30T22:53:48Z
WCH2025-400mH-M-SF-H1,WCH2025,400mH,M,SF,1,2025-09-17,21:30,4.0,Karsten WARHOLM,14479487,NOR,0.157,0.157,47.72,https://worldathletics.org/competitions/world-athletics-championships/world-athletics-championships-tokyo-2025-7190593/results/men/400-metres-hurdles/semi-finals/result,2026-09-30T22:53:48Z
WCH2025-400mH-M-SF-H1,WCH2025,400mH,M,SF,1,2025-09-17,21:30,5.0,Emil AGYEKUM,14679384,GER,0.201,0.201,47.83,https://worldathletics.org/competitions/world-athletics-championships/world-athletics-championships-tokyo-2025-7190593/results/men/400-metres-hurdles/semi-finals/result,2026-09-30T22:53:48Z
WCH2025-400mH-M-SF-H1,WCH2025,400mH,M,SF,1,2025-09-17,21:30,7.0,Tyri DONOVAN,14769293,GBR,0.164,0.164,48.21,https://worldathletics.org/competitions/world-athletics-championships/world-athletics-championships-tokyo-2025-7190593/results/men/400-metres-hurdles/semi-finals/result,2026-09-30T22:53:48Z
WCH2025-400mH-M-SF-H1,WCH2025,400mH,M,SF,1,2025-09-17,21:30,2.0,Matic Ian GUČEK,14874438,SLO,0.166,0.166,48.51,https://worldathletics.org/competitions/world-athletics-championships/world-athletics-championships-tokyo-2025-7190593/results/men/400-metres-hurdles/semi-finals/result,2026-09-30T22:53:48Z
WCH2025-400mH-M-SF-H1,WCH2025,400mH,M,SF,1,2025-09-17,21:30,9.0,Francisco Guilherme DOS REIS VIANA,14768511,BRA,0.190,0.19,49.01,https://worldathletics.org/competitions/world-athletics-championships/world-athletics-championships-tokyo-2025-7190593/results/men/400-metres-hurdles/semi-finals/result,2026-09-30T22:53:48Z
WCH2025-400mH-M-SF-H1,WCH2025,400mH,M,SF,1,2025-09-17,21:30,6.0,Chris ROBINSON,14969871,USA,0.148,0.148,DNF,https://worldathletics.org/competitions/world-athletics-championships/world-athletics-championships-tokyo-2025-7190593/results/men/400-metres-hurdles/semi-finals/result,2026-09-30T22:53:48Z
WCH2025-400mH-M-SF-H1,WCH2025,400mH,M,SF,1,2025-09-17,21:30,3.0,Kemorena TISANG,14754324,BOT,0.197,0.197,DQ,https://worldathletics.org/competitions/world-athletics-championships/world-athletics-championships-tokyo-2025-7190593/results/men/400-metres-hurdles/semi-finals/result,2026-09-30T22:53:48Z
WCH2025-400mH-M-SF-H2,WCH2025,400mH,M,SF,2,2025-09-17,21:38,8.0,Ezekiel NATHANIEL,14960533,NGR,0.212,0.212,47.47,https://worldathletics.org/competitions/world-athletics-championships/world-athletics-championships-tokyo-2025-7190593/results/men/400-metres-hurdles/semi-finals/result,2026-09-30T22:53:48Z
WCH2025-400mH-M-SF-H2,WCH2025,400mH,M,SF,2,2025-09-17,21:38,6.0,Ismail Doudai ABAKAR,14973411,QAT,0.185,0.185,47.61,https://worldathletics.org/competitions/world-athletics-championships/world-athletics-championships-tokyo-2025-7190593/results/men/400-metres-hurdles/semi-finals/result,2026-09-30T22:53:48Z
WCH2025-400mH-M-SF-H2,WCH2025,400mH,M,SF,2,2025-09-17,21:38,5.0,Caleb DEAN,14865900,USA,0.155,0.155,47.85,https://worldathletics.org/competitions/world-athletics-championships/world-athletics-championships-tokyo-2025-7190593/results/men/400-metres-hurdles/semi-finals/result,2026-09-30T22:53:48Z
WCH2025-400mH-M-SF-H2,WCH2025,400mH,M,SF,2,2025-09-17,21:38,4.0,Malik JAMES-KING,14744387,JAM,0.182,0.182,48.01,https://worldathletics.org/competitions/world-athletics-championships/world-athletics-championships-tokyo-2025-7190593/results/men/400-metres-hurdles/semi-finals/result,2026-09-30T22:53:48Z
WCH2025-400mH-M-SF-H2,WCH2025,400mH,M,SF,2,2025-09-17,21:38,7.0,Matheus LIMA,14918836,BRA,0.182,0.182,48.16,https://worldathletics.org/competitions/world-athletics-championships/world-athletics-championships-tokyo-2025-7190593/results/men/400-metres-hurdles/semi-finals/result,2026-09-30T22:53:48Z
WCH2025-400mH-M-SF-H2,WCH2025,400mH,M,SF,2,2025-09-17,21:38,3.0,Wiseman Were MUKHOBE,14802612,KEN,0.155,0.155,48.65,https://worldathletics.org/competitions/world-athletics-championships/world-athletics-championships-tokyo-2025-7190593/results/men/400-metres-hurdles/semi-finals/result,2026-09-30T22:53:48Z
WCH2025-400mH-M-SF-H2,WCH2025,400mH,M,SF,2,2025-09-17,21:38,2.0,Oskar EDLUND,14882511,SWE,0.172,0.172,48.81,https://worldathletics.org/competitions/world-athletics-championships/world-athletics-championships-tokyo-2025-7190593/results/men/400-metres-hurdles/semi-finals/result,2026-09-30T22:53:48Z
WCH2025-400mH-M-SF-H2,WCH2025,400mH,M,SF,2,2025-09-17,21:38,9.0,Jesús David DELGADO,14757952,ESP,0.225,0.225,49.41,https://worldathletics.org/competitions/world-athletics-championships/world-athletics-championships-tokyo-2025-7190593/results/men/400-metres-hurdles/semi-finals/result,2026-09-30T22:53:48Z
WCH2025-400mH-M-SF-H3,WCH2025,400mH,M,SF,3,2025-09-17,21:46,5.0,Rai BENJAMIN,14574865,USA,0.167,0.167,47.95,https://worldathletics.org/competitions/world-athletics-championships/world-athletics-championships-tokyo-2025-7190593/results/men/400-metres-hurdles/semi-finals/result,2026-09-30T22:53:48Z
WCH2025-400mH-M-SF-H3,WCH2025,400mH,M,SF,3,2025-09-17,21:46,6.0,Alison DOS SANTOS,14755064,BRA,0.185,0.185,48.16,https://worldathletics.org/competitions/world-athletics-championships/world-athletics-championships-tokyo-2025-7190593/results/men/400-metres-hurdles/semi-finals/result,2026-09-30T22:53:48Z
WCH2025-400mH-M-SF-H3,WCH2025,400mH,M,SF,3,2025-09-17,21:46,7.0,Bassem HEMEIDA,14827001,QAT,0.159,0.159,48.29,https://worldathletics.org/competitions/world-athletics-championships/world-athletics-championships-tokyo-2025-7190593/results/men/400-metres-hurdles/semi-finals/result,2026-09-30T22:53:48Z
WCH2025-400mH-M-SF-H3,WCH2025,400mH,M,SF,3,2025-09-17,21:46,2.0,Roshawn CLARKE,14931525,JAM,0.201,0.201,48.37,https://worldathletics.org/competitions/world-athletics-championships/world-athletics-championships-tokyo-2025-7190593/results/men/400-metres-hurdles/semi-finals/result,2026-09-30T22:53:48Z
WCH2025-400mH-M-SF-H3,WCH2025,400mH,M,SF,3,2025-09-17,21:46,9.0,Berke AKÇAM,14797505,TUR,0.193,0.193,49.10,https://worldathletics.org/competitions/world-athletics-championships/world-athletics-championships-tokyo-2025-7190593/results/men/400-metres-hurdles/semi-finals/result,2026-09-30T22:53:48Z
WCH2025-400mH-M-SF-H3,WCH2025,400mH,M,SF,3,2025-09-17,21:46,3.0,Alastair CHALMERS,14720465,GBR,0.160,0.16,49.49,https://worldathletics.org/competitions/world-athletics-championships/world-athletics-championships-tokyo-2025-7190593/results/men/400-metres-hurdles/semi-finals/result,2026-09-30T22:53:48Z
WCH2025-400mH-M-SF-H3,WCH2025,400mH,M,SF,3,2025-09-17,21:46,4.0,Gerald DRUMMOND,14414628,CRC,0.185,0.185,49.58,https://worldathletics.org/competitions/world-athletics-championships/world-athletics-championships-tokyo-2025-7190593/results/men/400-metres-hurdles/semi-finals/result,2026-09-30T22:53:48Z
WCH2025-400mH-M-SF-H3,WCH2025,400mH,M,SF,3,2025-09-17,21:46,8.0,Victor NTWENG,14824532,BOT,0.176,0.176,49.61,https://worldathletics.org/competitions/world-athletics-championships/world-athletics-championships-tokyo-2025-7190593/results/men/400-metres-hurdles/semi-finals/result,2026-09-30T22:53:48Z
WCH2025-400m-M-R1-H1,WCH2025,400m,M,R1,1,2025-09-14,18:35,7.0,Jereem RICHARDS,14434521,TTO,0.169,0.169,44.64,https://worldathletics.org/competitions/world-athletics-championships/world-athletics-championships-tokyo-2025-7190593/results/men/400-metres/round-1/result,2026-09-30T22:53:27Z
WCH2025-400m-M-R1-H1,WCH2025,400m,M,R1,1,2025-09-14,18:35,4.0,Lythe PILLAY,14789653,RSA,0.166,0.166,44.73,https://worldathletics.org/competitions/world-athletics-championships/world-athletics-championships-tokyo-2025-7190593/results/men/400-metres/round-1/result,2026-09-30T22:53:27Z
WCH2025-400m-M-R1-H1,WCH2025,400m,M,R1,1,2025-09-14,18:35,5.0,Charles DOBSON,14762871,GBR,0.153,0.153,44.85,https://worldathletics.org/competitions/world-athletics-championships/world-athletics-championships-tokyo-2025-7190593/results/men/400-metres/round-1/result,2026-09-30T22:53:27Z
WCH2025-400m-M-R1-H1,WCH2025,400m,M,R1,1,2025-09-14,18:35,8.0,Daniel SEGERS,14691581,BEL,0.186,0.186,45.04,https://worldathletics.org/competitions/world-athletics-championships/world-athletics-championships-tokyo-2025-7190593/results/men/400-metres/round-1/result,2026-09-30T22:53:27Z
WCH2025-400m-M-R1-H1,WCH2025,400m,M,R1,1,2025-09-14,18:35,2.0,Fuga SATO,14766515,JPN,0.170,0.17,45.10,https://worldathletics.org/competitions/world-athletics-championships/world-athletics-championships-tokyo-2025-7190593/results/men/400-metres/round-1/result,2026-09-30T22:53:27Z
WCH2025-400m-M-R1-H1,WCH2025,400m,M,R1,1,2025-09-14,18:35,6.0,Brian Onyari TINEGA,14892131,KEN,0.209,0.209,45.13,https://worldathletics.org/competitions/world-athletics-championships/world-athletics-championships-tokyo-2025-7190593/results/men/400-metres/round-1/result,2026-09-30T22:53:27Z
WCH2025-400m-M-R1-H1,WCH2025,400m,M,R1,1,2025-09-14,18:35,9.0,Oleksandr POHORILKO,14849032,UKR,0.215,0.215,45.44,https://worldathletics.org/competitions/world-athletics-championships/world-athletics-championships-tokyo-2025-7190593/results/men/400-metres/round-1/result,2026-09-30T22:53:27Z
WCH2025-400m-M-R1-H1,WCH2025,400m,M,R1,1,2025-09-14,18:35,3.0,Maksymilian SZWED,14945080,POL,0.163,0.163,45.67,https://worldathletics.org/competitions/world-athletics-championships/world-athletics-championships-tokyo-2025-7190593/results/men/400-metres/round-1/result,2026-09-30T22:53:27Z
WCH2025-400m-M-R1-H2,WCH2025,400m,M,R1,2,2025-09-14,18:43,5.0,Bayapo NDORI,14847443,BOT,0.156,0.156,44.36,https://worldathletics.org/competitions/world-athletics-championships/world-athletics-championships-tokyo-2025-7190593/results/men/400-metres/round-1/result,2026-09-30T22:53:27Z
WCH2025-400m-M-R1-H2,WCH2025,400m,M,R1,2,2025-09-14,18:43,4.0,Yuki Joseph NAKAJIMA,14915400,JPN,0.175,0.175,44.44,https://worldathletics.org/competitions/world-athletics-championships/world-athletics-championships-tokyo-2025-7190593/results/men/400-metres/round-1/result,2026-09-30T22:53:27Z
WCH2025-400m-M-R1-H2,WCH2025,400m,M,R1,2,2025-09-14,18:43,9.0,Bovel MCPHERSON,14776943,JAM,0.205,0.205,44.51,https://worldathletics.org/competitions/world-athletics-championships/world-athletics-championships-tokyo-2025-7190593/results/men/400-metres/round-1/result,2026-09-30T22:53:27Z
WCH2025-400m-M-R1-H2,WCH2025,400m,M,R1,2,2025-09-14,18:43,6.0,Matthew HUDSON-SMITH,14407278,GBR,0.164,0.164,44.68,https://worldathletics.org/competitions/world-athletics-championships/world-athletics-championships-tokyo-2025-7190593/results/men/400-metres/round-1/result,2026-09-30T22:53:27Z
WCH2025-400m-M-R1-H2,WCH2025,400m,M,R1,2,2025-09-14,18:43,8.0,Elián LARREGINA,14805747,ARG,0.179,0.179,44.97,https://worldathletics.org/competitions/world-athletics-championships/world-athletics-championships-tokyo-2025-7190593/results/men/400-metres/round-1/result,2026-09-30T22:53:27Z
WCH2025-400m-M-R1-H2,WCH2025,400m,M,R1,2,2025-09-14,18:43,7.0,Alexander DOOM,14548983,BEL,0.174,0.174,45.10,https://worldathletics.org/competitions/world-athletics-championships/world-athletics-championships-tokyo-2025-7190593/results/men/400-metres/round-1/result,2026-09-30T22:53:27Z
WCH2025-400m-M-R1-H2,WCH2025,400m,M,R1,2,2025-09-14,18:43,3.0,Cooper SHERMAN,14920488,AUS,0.152,0.152,45.53,https://worldathletics.org/competitions/world-athletics-championships/world-athletics-championships-tokyo-2025-7190593/results/men/400-metres/round-1/result,2026-09-30T22:53:27Z
WCH2025-400m-M-R1-H2,WCH2025,400m,M,R1,2,2025-09-14,18:43,2.0,Chidi OKEZIE,14463827,NGR,0.174,0.174,45.66,https://worldathletics.org/competitions/world-athletics-championships/world-athletics-championships-tokyo-2025-7190593/results/men/400-metres/round-1/result,2026-09-30T22:53:27Z
WCH2025-400m-M-R1-H3,WCH2025,400m,M,R1,3,2025-09-14,18:51,8.0,Jacory PATTERSON,14715097,USA,0.185,0.185,43.90,https://worldathletics.org/competitions/world-athletics-championships/world-athletics-championships-tokyo-2025-7190593/results/men/400-metres/round-1/result,2026-09-30T22:53:27Z
WCH2025-400m-M-R1-H3,WCH2025,400m,M,R1,3,2025-09-14,18:51,4.0,Rusheen MCDONALD,14468667,JAM,0.210,0.21,44.38,https://worldathletics.org/competitions/world-athletics-championships/world-athletics-championships-tokyo-2025-7190593/results/men/400-metres/round-1/result,2026-09-30T22:53:27Z
WCH2025-400m-M-R1-H3,WCH2025,400m,M,R1,3,2025-09-14,18:51,9.0,Edoardo SCOTTI,14741773,ITA,0.206,0.206,44.45,https://worldathletics.org/competitions/world-athletics-championships/world-athletics-championships-tokyo-2025-7190593/results/men/400-metres/round-1/result,2026-09-30T22:53:27Z
WCH2025-400m-M-R1-H3,WCH2025,400m,M,R1,3,2025-09-14,18:51,6.0,Busang Collen KEBINATSHIPI,14935809,BOT,0.206,0.206,44.48,https://worldathletics.org/competitions/world-athletics-championships/world-athletics-championships-tokyo-2025-7190593/results/men/400-metres/round-1/result,2026-09-30T22:53:27Z
WCH2025-400m-M-R1-H3,WCH2025,400m,M,R1,3,2025-09-14,18:51,5.0,Samuel OGAZI,14978353,NGR,0.310,0.31,45.97,https://worldathletics.org/competitions/world-athletics-championships/world-athletics-championships-tokyo-2025-7190593/results/men/400-metres/round-1/result,2026-09-30T22:53:27Z
WCH2025-400m-M-R1-H3,WCH2025,400m,M,R1,3,2025-09-14,18:51,2.0,Jean Paul BREDAU,14771929,GER,0.201,0.201,46.05,https://worldathletics.org/competitions/world-athletics-championships/world-athletics-championships-tokyo-2025-7190593/results/men/400-metres/round-1/result,2026-09-30T22:53:27Z
WCH2025-400m-M-R1-H3,WCH2025,400m,M,R1,3,2025-09-14,18:51,7.0,Jonas PHIJFFERS,14988474,NED,0.208,0.208,46.26,https://worldathletics.org/competitions/world-athletics-championships/world-athletics-championships-tokyo-2025-7190593/results/men/400-metres/round-1/result,2026-09-30T22:53:27Z
WCH2025-400m-M-R1-H3,WCH2025,400m,M,R1,3,2025-09-14,18:51,3.0,Umar OSMAN,15024852,MAS,0.169,0.169,46.43,https://worldathletics.org/competitions/world-athletics-championships/world-athletics-championships-tokyo-2025-7190593/results/men/400-metres/round-1/result,2026-09-30T22:53:27Z
WCH2025-400m-M-R1-H4,WCH2025,400m,M,R1,4,2025-09-14,18:59,7.0,Christopher BAILEY,14850487,USA,0.188,0.188,44.49,https://worldathletics.org/competitions/world-athletics-championships/world-athletics-championships-tokyo-2025-7190593/results/men/400-metres/round-1/result,2026-09-30T22:53:27Z
WCH2025-400m-M-R1-H4,WCH2025,400m,M,R1,4,2025-09-14,18:59,5.0,Reece HOLDER,14820122,AUS,0.161,0.161,44.54,https://worldathletics.org/competitions/world-athletics-championships/world-athletics-championships-tokyo-2025-7190593/results/men/400-metres/round-1/result,2026-09-30T22:53:27Z
WCH2025-400m-M-R1-H4,WCH2025,400m,M,R1,4,2025-09-14,18:59,6.0,Muzala SAMUKONGA,14930603,ZAM,0.187,0.187,44.56,https://worldathletics.org/competitions/world-athletics-championships/world-athletics-championships-tokyo-2025-7190593/results/men/400-metres/round-1/result,2026-09-30T22:53:27Z
WCH2025-400m-M-R1-H4,WCH2025,400m,M,R1,4,2025-09-14,18:59,8.0,Samuel REARDON,14950130,GBR,0.206,0.206,44.70,https://worldathletics.org/competitions/world-athletics-championships/world-athletics-championships-tokyo-2025-7190593/results/men/400-metres/round-1/result,2026-09-30T22:53:27Z
WCH2025-400m-M-R1-H4,WCH2025,400m,M,R1,4,2025-09-14,18:59,9.0,Patrik Simon ENYINGI,14879721,HUN,0.200,0.2,45.25,https://worldathletics.org/competitions/world-athletics-championships/world-athletics-championships-tokyo-2025-7190593/results/men/400-metres/round-1/result,2026-09-30T22:53:27Z
WCH2025-400m-M-R1-H4,WCH2025,400m,M,R1,4,2025-09-14,18:59,4.0,Kevin KIPKORIR,14916339,KEN,0.230,0.23,45.39,https://worldathletics.org/competitions/world-athletics-championships/world-athletics-championships-tokyo-2025-7190593/results/men/400-metres/round-1/result,2026-09-30T22:53:27Z
WCH2025-400m-M-R1-H4,WCH2025,400m,M,R1,4,2025-09-14,18:59,2.0,Lionel SPITZ,14794967,SUI,0.158,0.158,45.57,https://worldathletics.org/competitions/world-athletics-championships/world-athletics-championships-tokyo-2025-7190593/results/men/400-metres/round-1/result,2026-09-30T22:53:27Z
WCH2025-400m-M-R1-H4,WCH2025,400m,M,R1,4,2025-09-14,18:59,3.0,Eugene OMALLA,14833321,NED,0.167,0.167,45.97,https://worldathletics.org/competitions/world-athletics-championships/world-athletics-championships-tokyo-2025-7190593/results/men/400-metres/round-1/result,2026-09-30T22:53:27Z
WCH2025-400m-M-R1-H5,WCH2025,400m,M,R1,5,2025-09-14,19:07,7.0,Zakithi NENE,14696997,RSA,0.156,0.156,44.34,https://worldathletics.org/competitions/world-athletics-championships/world-athletics-championships-tokyo-2025-7190593/results/men/400-metres/round-1/result,2026-09-30T22:53:27Z
WCH2025-400m-M-R1-H5,WCH2025,400m,M,R1,5,2025-09-14,19:07,5.0,Vernon NORWOOD,14490237,USA,0.203,0.203,44.55,https://worldathletics.org/competitions/world-athletics-championships/world-athletics-championships-tokyo-2025-7190593/results/men/400-metres/round-1/result,2026-09-30T22:53:27Z
WCH2025-400m-M-R1-H5,WCH2025,400m,M,R1,5,2025-09-14,19:07,8.0,Attila MOLNÁR,14712930,HUN,0.180,0.18,44.55,https://worldathletics.org/competitions/world-athletics-championships/world-athletics-championships-tokyo-2025-7190593/results/men/400-metres/round-1/result,2026-09-30T22:53:27Z
WCH2025-400m-M-R1-H5,WCH2025,400m,M,R1,5,2025-09-14,19:07,2.0,Ammar Ismail YAHIA IBRAHIM,14951608,QAT,0.171,0.171,44.63,https://worldathletics.org/competitions/world-athletics-championships/world-athletics-championships-tokyo-2025-7190593/results/men/400-metres/round-1/result,2026-09-30T22:53:27Z
WCH2025-400m-M-R1-H5,WCH2025,400m,M,R1,5,2025-09-14,19:07,6.0,Rok FERLAN,14646195,SLO,0.188,0.188,44.91,https://worldathletics.org/competitions/world-athletics-championships/world-athletics-championships-tokyo-2025-7190593/results/men/400-metres/round-1/result,2026-09-30T22:53:27Z
WCH2025-400m-M-R1-H5,WCH2025,400m,M,R1,5,2025-09-14,19:07,9.0,Mihai Sorin DRINGO,14969057,ROU,0.207,0.207,45.21,https://worldathletics.org/competitions/world-athletics-championships/world-athletics-championships-tokyo-2025-7190593/results/men/400-metres/round-1/result,2026-09-30T22:53:27Z
WCH2025-400m-M-R1-H5,WCH2025,400m,M,R1,5,2025-09-14,19:07,3.0,Luca SITO,14953777,ITA,0.150,0.15,46.22,https://worldathletics.org/competitions/world-athletics-championships/world-athletics-championships-tokyo-2025-7190593/results/men/400-metres/round-1/result,2026-09-30T22:53:27Z
WCH2025-400m-M-R1-H5,WCH2025,400m,M,R1,5,2025-09-14,19:07,4.0,Antonio WATSON,14737996,JAM,0.146,0.146,46.23,https://worldathletics.org/competitions/world-athletics-championships/world-athletics-championships-tokyo-2025-7190593/results/men/400-metres/round-1/result,2026-09-30T22:53:27Z
WCH2025-400m-M-R1-H6,WCH2025,400m,M,R1,6,2025-09-14,19:15,8.0,Khaleb MCRAE,14797010,USA,0.190,0.19,44.25,https://worldathletics.org/competitions/world-athletics-championships/world-athletics-championships-tokyo-2025-7190593/results/men/400-metres/round-1/result,2026-09-30T22:53:27Z
WCH2025-400m-M-R1-H6,WCH2025,400m,M,R1,6,2025-09-14,19:15,6.0,Lee Bhekempilo EPPIE,14804565,BOT,0.169,0.169,44.44,https://worldathletics.org/competitions/world-athletics-championships/world-athletics-championships-tokyo-2025-7190593/results/men/400-metres/round-1/result,2026-09-30T22:53:27Z
WCH2025-400m-M-R1-H6,WCH2025,400m,M,R1,6,2025-09-14,19:15,5.0,Kirani JAMES,14195659,GRN,0.166,0.166,44.66,https://worldathletics.org/competitions/world-athletics-championships/world-athletics-championships-tokyo-2025-7190593/results/men/400-metres/round-1/result,2026-09-30T22:53:27Z
WCH2025-400m-M-R1-H6,WCH2025,400m,M,R1,6,2025-09-14,19:15,3.0,Delano KENNEDY,14934489,JAM,0.208,0.208,44.74,https://worldathletics.org/competitions/world-athletics-championships/world-athletics-championships-tokyo-2025-7190593/results/men/400-metres/round-1/result,2026-09-30T22:53:27Z
WCH2025-400m-M-R1-H6,WCH2025,400m,M,R1,6,2025-09-14,19:15,7.0,George MUTINDA,15129458,KEN,0.202,0.202,45.07,https://worldathletics.org/competitions/world-athletics-championships/world-athletics-championships-tokyo-2025-7190593/results/men/400-metres/round-1/result,2026-09-30T22:53:27Z
WCH2025-400m-M-R1-H6,WCH2025,400m,M,R1,6,2025-09-14,19:15,9.0,Christopher MORALES WILLIAMS,14876627,CAN,0.226,0.226,45.26,https://worldathletics.org/competitions/world-athletics-championships/world-athletics-championships-tokyo-2025-7190593/results/men/400-metres/round-1/result,2026-09-30T22:53:27Z
WCH2025-400m-M-R1-H6,WCH2025,400m,M,R1,6,2025-09-14,19:15,4.0,Alexander OGANDO,14912251,DOM,0.165,0.165,45.59,https://worldathletics.org/competitions/world-athletics-championships/world-athletics-championships-tokyo-2025-7190593/results/men/400-metres/round-1/result,2026-09-30T22:53:27Z
WCH2025-400m-M-R1-H6,WCH2025,400m,M,R1,6,2025-09-14,19:15,2.0,Isaya KLEIN IKKINK,14878135,NED,0.180,0.18,46.32,https://worldathletics.org/competitions/world-athletics-championships/world-athletics-championships-tokyo-2025-7190593/results/men/400-metres/round-1/result,2026-09-30T22:53:27Z
WCH2025-400m-M-SF-H1,WCH2025,400m,M,SF,1,2025-09-16,21:35,7.0,Zakithi NENE,14696997,RSA,0.159,0.159,44.20,https://worldathletics.org/competitions/world-athletics-championships/world-athletics-championships-tokyo-2025-7190593/results/men/400-metres/semi-finals/result,2026-09-30T22:53:29Z
WCH2025-400m-M-SF-H1,WCH2025,400m,M,SF,1,2025-09-16,21:35,6.0,Lee Bhekempilo EPPIE,14804565,BOT,0.174,0.174,44.51,https://worldathletics.org/competitions/world-athletics-championships/world-athletics-championships-tokyo-2025-7190593/results/men/400-metres/semi-finals/result,2026-09-30T22:53:29Z
WCH2025-400m-M-SF-H1,WCH2025,400m,M,SF,1,2025-09-16,21:35,8.0,Reece HOLDER,14820122,AUS,0.186,0.186,44.63,https://worldathletics.org/competitions/world-athletics-championships/world-athletics-championships-tokyo-2025-7190593/results/men/400-metres/semi-finals/result,2026-09-30T22:53:29Z
WCH2025-400m-M-SF-H1,WCH2025,400m,M,SF,1,2025-09-16,21:35,2.0,Ammar Ismail YAHIA IBRAHIM,14951608,QAT,0.206,0.206,44.74,https://worldathletics.org/competitions/world-athletics-championships/world-athletics-championships-tokyo-2025-7190593/results/men/400-metres/semi-finals/result,2026-09-30T22:53:29Z
WCH2025-400m-M-SF-H1,WCH2025,400m,M,SF,1,2025-09-16,21:35,4.0,Attila MOLNÁR,14712930,HUN,0.173,0.173,44.94,https://worldathletics.org/competitions/world-athletics-championships/world-athletics-championships-tokyo-2025-7190593/results/men/400-metres/semi-finals/result,2026-09-30T22:53:29Z
WCH2025-400m-M-SF-H1,WCH2025,400m,M,SF,1,2025-09-16,21:35,9.0,Bovel MCPHERSON,14776943,JAM,0.187,0.187,44.99,https://worldathletics.org/competitions/world-athletics-championships/world-athletics-championships-tokyo-2025-7190593/results/men/400-metres/semi-finals/result,2026-09-30T22:53:29Z
WCH2025-400m-M-SF-H1,WCH2025,400m,M,SF,1,2025-09-16,21:35,5.0,Christopher BAILEY,14850487,USA,0.178,0.178,45.05,https://worldathletics.org/competitions/world-athletics-championships/world-athletics-championships-tokyo-2025-7190593/results/men/400-metres/semi-finals/result,2026-09-30T22:53:29Z
WCH2025-400m-M-SF-H1,WCH2025,400m,M,SF,1,2025-09-16,21:35,3.0,Samuel REARDON,14950130,GBR,0.165,0.165,45.10,https://worldathletics.org/competitions/world-athletics-championships/world-athletics-championships-tokyo-2025-7190593/results/men/400-metres/semi-finals/result,2026-09-30T22:53:29Z
WCH2025-400m-M-SF-H2,WCH2025,400m,M,SF,2,2025-09-16,21:43,3.0,Busang Collen KEBINATSHIPI,14935809,BOT,0.145,0.145,43.61,https://worldathletics.org/competitions/world-athletics-championships/world-athletics-championships-tokyo-2025-7190593/results/men/400-metres/semi-finals/result,2026-09-30T22:53:29Z
WCH2025-400m-M-SF-H2,WCH2025,400m,M,SF,2,2025-09-16,21:43,7.0,Rusheen MCDONALD,14468667,JAM,0.207,0.207,44.04,https://worldathletics.org/competitions/world-athletics-championships/world-athletics-championships-tokyo-2025-7190593/results/men/400-metres/semi-finals/result,2026-09-30T22:53:29Z
WCH2025-400m-M-SF-H2,WCH2025,400m,M,SF,2,2025-09-16,21:43,6.0,Jereem RICHARDS,14434521,TTO,0.169,0.169,44.12,https://worldathletics.org/competitions/world-athletics-championships/world-athletics-championships-tokyo-2025-7190593/results/men/400-metres/semi-finals/result,2026-09-30T22:53:29Z
WCH2025-400m-M-SF-H2,WCH2025,400m,M,SF,2,2025-09-16,21:43,5.0,Jacory PATTERSON,14715097,USA,0.174,0.174,44.19,https://worldathletics.org/competitions/world-athletics-championships/world-athletics-championships-tokyo-2025-7190593/results/men/400-metres/semi-finals/result,2026-09-30T22:53:29Z
WCH2025-400m-M-SF-H2,WCH2025,400m,M,SF,2,2025-09-16,21:43,9.0,Edoardo SCOTTI,14741773,ITA,0.189,0.189,44.77,https://worldathletics.org/competitions/world-athletics-championships/world-athletics-championships-tokyo-2025-7190593/results/men/400-metres/semi-finals/result,2026-09-30T22:53:29Z
WCH2025-400m-M-SF-H2,WCH2025,400m,M,SF,2,2025-09-16,21:43,8.0,Lythe PILLAY,14789653,RSA,0.172,0.172,44.82,https://worldathletics.org/competitions/world-athletics-championships/world-athletics-championships-tokyo-2025-7190593/results/men/400-metres/semi-finals/result,2026-09-30T22:53:29Z
WCH2025-400m-M-SF-H2,WCH2025,400m,M,SF,2,2025-09-16,21:43,4.0,Charles DOBSON,14762871,GBR,0.149,0.149,44.85,https://worldathletics.org/competitions/world-athletics-championships/world-athletics-championships-tokyo-2025-7190593/results/men/400-metres/semi-finals/result,2026-09-30T22:53:29Z
WCH2025-400m-M-SF-H2,WCH2025,400m,M,SF,2,2025-09-16,21:43,2.0,Rok FERLAN,14646195,SLO,0.195,0.195,45.71,https://worldathletics.org/competitions/world-athletics-championships/world-athletics-championships-tokyo-2025-7190593/results/men/400-metres/semi-finals/result,2026-09-30T22:53:29Z
WCH2025-400m-M-SF-H3,WCH2025,400m,M,SF,3,2025-09-16,21:51,5.0,Bayapo NDORI,14847443,BOT,0.147,0.147,44.21,https://worldathletics.org/competitions/world-athletics-championships/world-athletics-championships-tokyo-2025-7190593/results/men/400-metres/semi-finals/result,2026-09-30T22:53:29Z
WCH2025-400m-M-SF-H3,WCH2025,400m,M,SF,3,2025-09-16,21:51,7.0,Yuki Joseph NAKAJIMA,14915400,JPN,0.195,0.195,44.53,https://worldathletics.org/competitions/world-athletics-championships/world-athletics-championships-tokyo-2025-7190593/results/men/400-metres/semi-finals/result,2026-09-30T22:53:29Z
WCH2025-400m-M-SF-H3,WCH2025,400m,M,SF,3,2025-09-16,21:51,9.0,Muzala SAMUKONGA,14930603,ZAM,0.193,0.193,44.60,https://worldathletics.org/competitions/world-athletics-championships/world-athletics-championships-tokyo-2025-7190593/results/men/400-metres/semi-finals/result,2026-09-30T22:53:29Z
WCH2025-400m-M-SF-H3,WCH2025,400m,M,SF,3,2025-09-16,21:51,6.0,Khaleb MCRAE,14797010,USA,0.184,0.184,44.82,https://worldathletics.org/competitions/world-athletics-championships/world-athletics-championships-tokyo-2025-7190593/results/men/400-metres/semi-finals/result,2026-09-30T22:53:29Z
WCH2025-400m-M-SF-H3,WCH2025,400m,M,SF,3,2025-09-16,21:51,8.0,Vernon NORWOOD,14490237,USA,0.192,0.192,44.83,https://worldathletics.org/competitions/world-athletics-championships/world-athletics-championships-tokyo-2025-7190593/results/men/400-metres/semi-finals/result,2026-09-30T22:53:29Z
WCH2025-400m-M-SF-H3,WCH2025,400m,M,SF,3,2025-09-16,21:51,2.0,Matthew HUDSON-SMITH,14407278,GBR,0.173,0.173,44.95,https://worldathletics.org/competitions/world-athletics-championships/world-athletics-championships-tokyo-2025-7190593/results/men/400-metres/semi-finals/result,2026-09-30T22:53:29Z
WCH2025-400m-M-SF-H3,WCH2025,400m,M,SF,3,2025-09-16,21:51,3.0,Delano KENNEDY,14934489,JAM,0.184,0.184,44.97,https://worldathletics.org/competitions/world-athletics-championships/world-athletics-championships-tokyo-2025-7190593/results/men/400-metres/semi-finals/result,2026-09-30T22:53:29Z
WCH2025-400m-M-SF-H3,WCH2025,400m,M,SF,3,2025-09-16,21:51,4.0,Kirani JAMES,14195659,GRN,0.149,0.149,44.97,https://worldathletics.org/competitions/world-athletics-championships/world-athletics-championships-tokyo-2025-7190593/results/men/400-metres/semi-finals/result,2026-09-30T22:53:29Z
WCH2025-4x100m-M-F-H1,WCH2025,4x100m,M,F,1,2025-09-21,21:20,7.0,United States,6,USA,0.141,0.141,37.29,https://worldathletics.org/competitions/world-athletics-championships/world-athletics-championships-tokyo-2025-7190593/results/men/4x100-metres-relay/final/result,2026-09-30T22:54:02Z
WCH2025-4x100m-M-F-H1,WCH2025,4x100m,M,F,1,2025-09-21,21:20,5.0,Canada,48,CAN,0.146,0.146,37.55,https://worldathletics.org/competitions/world-athletics-championships/world-athletics-championships-tokyo-2025-7190593/results/men/4x100-metres-relay/final/result,2026-09-30T22:54:02Z
WCH2025-4x100m-M-F-H1,WCH2025,4x100m,M,F,1,2025-09-21,21:20,8.0,Netherlands,55,NED,0.145,0.145,37.81,https://worldathletics.org/competitions/world-athletics-championships/world-athletics-championships-tokyo-2025-7190593/results/men/4x100-metres-relay/final/result,2026-09-30T22:54:02Z
WCH2025-4x100m-M-F-H1,WCH2025,4x100m,M,F,1,2025-09-21,21:20,6.0,Ghana,53,GHA,0.160,0.16,37.93,https://worldathletics.org/competitions/world-athletics-championships/world-athletics-championships-tokyo-2025-7190593/results/men/4x100-metres-relay/final/result,2026-09-30T22:54:02Z
WCH2025-4x100m-M-F-H1,WCH2025,4x100m,M,F,1,2025-09-21,21:20,9.0,Germany,61,GER,0.151,0.151,38.29,https://worldathletics.org/competitions/world-athletics-championships/world-athletics-championships-tokyo-2025-7190593/results/men/4x100-metres-relay/final/result,2026-09-30T22:54:02Z
WCH2025-4x100m-M-F-H1,WCH2025,4x100m,M,F,1,2025-09-21,21:20,4.0,Japan,29,JPN,0.162,0.162,38.35,https://worldathletics.org/competitions/world-athletics-championships/world-athletics-championships-tokyo-2025-7190593/results/men/4x100-metres-relay/final/result,2026-09-30T22:54:02Z
WCH2025-4x100m-M-F-H1,WCH2025,4x100m,M,F,1,2025-09-21,21:20,2.0,France,52,FRA,0.147,0.147,38.58,https://worldathletics.org/competitions/world-athletics-championships/world-athletics-championships-tokyo-2025-7190593/results/men/4x100-metres-relay/final/result,2026-09-30T22:54:02Z
WCH2025-4x100m-M-F-H1,WCH2025,4x100m,M,F,1,2025-09-21,21:20,3.0,Australia,22,AUS,0.150,0.15,DNF,https://worldathletics.org/competitions/world-athletics-championships/world-athletics-championships-tokyo-2025-7190593/results/men/4x100-metres-relay/final/result,2026-09-30T22:54:02Z
WCH2025-4x100m-M-R1-H1,WCH2025,4x100m,M,R1,1,2025-09-20,20:25,5.0,Canada,48,CAN,0.146,0.146,37.85,https://worldathletics.org/competitions/world-athletics-championships/world-athletics-championships-tokyo-2025-7190593/results/men/4x100-metres-relay/round-1/result,2026-09-30T22:54:05Z
WCH2025-4x100m-M-R1-H1,WCH2025,4x100m,M,R1,1,2025-09-20,20:25,8.0,United States,6,USA,0.129,0.129,37.98,https://worldathletics.org/competitions/world-athletics-championships/world-athletics-championships-tokyo-2025-7190593/results/men/4x100-metres-relay/round-1/result,2026-09-30T22:54:05Z
WCH2025-4x100m-M-R1-H1,WCH2025,4x100m,M,R1,1,2025-09-20,20:25,7.0,Germany,61,GER,0.130,0.13,38.12,https://worldathletics.org/competitions/world-athletics-championships/world-athletics-championships-tokyo-2025-7190593/results/men/4x100-metres-relay/round-1/result,2026-09-30T22:54:05Z
WCH2025-4x100m-M-R1-H1,WCH2025,4x100m,M,R1,1,2025-09-20,20:25,4.0,France,52,FRA,0.144,0.144,38.34,https://worldathletics.org/competitions/world-athletics-championships/world-athletics-championships-tokyo-2025-7190593/results/men/4x100-metres-relay/round-1/result,2026-09-30T22:54:05Z
WCH2025-4x100m-M-R1-H1,WCH2025,4x100m,M,R1,1,2025-09-20,20:25,9.0,Belgium,47,BEL,0.130,0.13,38.46,https://worldathletics.org/competitions/world-athletics-championships/world-athletics-championships-tokyo-2025-7190593/results/men/4x100-metres-relay/round-1/result,2026-09-30T22:54:05Z
WCH2025-4x100m-M-R1-H1,WCH2025,4x100m,M,R1,1,2025-09-20,20:25,2.0,Kenya,16,KEN,0.188,0.188,38.56,https://worldathletics.org/competitions/world-athletics-championships/world-athletics-championships-tokyo-2025-7190593/results/men/4x100-metres-relay/round-1/result,2026-09-30T22:54:05Z
WCH2025-4x100m-M-R1-H1,WCH2025,4x100m,M,R1,1,2025-09-20,20:25,6.0,Poland,8,POL,0.152,0.152,38.59,https://worldathletics.org/competitions/world-athletics-championships/world-athletics-championships-tokyo-2025-7190593/results/men/4x100-metres-relay/round-1/result,2026-09-30T22:54:05Z
WCH2025-4x100m-M-R1-H1,WCH2025,4x100m,M,R1,1,2025-09-20,20:25,3.0,Jamaica,23,JAM,0.167,0.167,DNF,https://worldathletics.org/competitions/world-athletics-championships/world-athletics-championships-tokyo-2025-7190593/results/men/4x100-metres-relay/round-1/result,2026-09-30T22:54:05Z
WCH2025-4x100m-M-R1-H2,WCH2025,4x100m,M,R1,2,2025-09-20,20:34,2.0,Ghana,53,GHA,0.186,0.186,37.79,https://worldathletics.org/competitions/world-athletics-championships/world-athletics-championships-tokyo-2025-7190593/results/men/4x100-metres-relay/round-1/result,2026-09-30T22:54:05Z
WCH2025-4x100m-M-R1-H2,WCH2025,4x100m,M,R1,2,2025-09-20,20:34,3.0,Netherlands,55,NED,0.136,0.136,37.95,https://worldathletics.org/competitions/world-athletics-championships/world-athletics-championships-tokyo-2025-7190593/results/men/4x100-metres-relay/round-1/result,2026-09-30T22:54:05Z
WCH2025-4x100m-M-R1-H2,WCH2025,4x100m,M,R1,2,2025-09-20,20:34,8.0,Japan,29,JPN,0.173,0.173,38.07,https://worldathletics.org/competitions/world-athletics-championships/world-athletics-championships-tokyo-2025-7190593/results/men/4x100-metres-relay/round-1/result,2026-09-30T22:54:05Z
WCH2025-4x100m-M-R1-H2,WCH2025,4x100m,M,R1,2,2025-09-20,20:34,9.0,Australia,22,AUS,0.158,0.158,38.21,https://worldathletics.org/competitions/world-athletics-championships/world-athletics-championships-tokyo-2025-7190593/results/men/4x100-metres-relay/round-1/result,2026-09-30T22:54:05Z
WCH2025-4x100m-M-R1-H2,WCH2025,4x100m,M,R1,2,2025-09-20,20:34,4.0,PR of China,62,CHN,0.154,0.154,38.38,https://worldathletics.org/competitions/world-athletics-championships/world-athletics-championships-tokyo-2025-7190593/results/men/4x100-metres-relay/round-1/result,2026-09-30T22:54:05Z
WCH2025-4x100m-M-R1-H2,WCH2025,4x100m,M,R1,2,2025-09-20,20:34,5.0,Italy,40,ITA,0.235,0.235,38.52,https://worldathletics.org/competitions/world-athletics-championships/world-athletics-championships-tokyo-2025-7190593/results/men/4x100-metres-relay/round-1/result,2026-09-30T22:54:05Z
WCH2025-4x100m-M-R1-H2,WCH2025,4x100m,M,R1,2,2025-09-20,20:34,6.0,South Africa,15,RSA,0.139,0.139,DNF,https://worldathletics.org/competitions/world-athletics-championships/world-athletics-championships-tokyo-2025-7190593/results/men/4x100-metres-relay/round-1/result,2026-09-30T22:54:05Z
WCH2025-4x100m-M-R1-H2,WCH2025,4x100m,M,R1,2,2025-09-20,20:34,7.0,Great Britain & NI,5,GBR,0.148,0.148,DNF,https://worldathletics.org/competitions/world-athletics-championships/world-athletics-championships-tokyo-2025-7190593/results/men/4x100-metres-relay/round-1/result,2026-09-30T22:54:05Z
WCH2025-4x100m-M-R1-H3,WCH2025,4x100m,M,R1,3,2025-09-21,10:33,6.0,South Africa,15,RSA,0.150,0.15,38.64,https://worldathletics.org/competitions/world-athletics-championships/world-athletics-championships-tokyo-2025-7190593/results/men/4x100-metres-relay/round-1/result,2026-09-30T22:54:05Z
WCH2025-4x400m-M-F-H1,WCH2025,4x400m,M,F,1,2025-09-21,20:20,5.0,Botswana,110,BOT,0.168,0.168,2:57.76,https://worldathletics.org/competitions/world-athletics-championships/world-athletics-championships-tokyo-2025-7190593/results/men/4x400-metres-relay/final/result,2026-09-30T22:54:15Z
WCH2025-4x400m-M-F-H1,WCH2025,4x400m,M,F,1,2025-09-21,20:20,1.0,United States,6,USA,0.171,0.171,2:57.83,https://worldathletics.org/competitions/world-athletics-championships/world-athletics-championships-tokyo-2025-7190593/results/men/4x400-metres-relay/final/result,2026-09-30T22:54:15Z
WCH2025-4x400m-M-F-H1,WCH2025,4x400m,M,F,1,2025-09-21,20:20,8.0,South Africa,15,RSA,0.147,0.147,2:57.83,https://worldathletics.org/competitions/world-athletics-championships/world-athletics-championships-tokyo-2025-7190593/results/men/4x400-metres-relay/final/result,2026-09-30T22:54:15Z
WCH2025-4x400m-M-F-H1,WCH2025,4x400m,M,F,1,2025-09-21,20:20,7.0,Belgium,47,BEL,0.133,0.133,2:59.48,https://worldathletics.org/competitions/world-athletics-championships/world-athletics-championships-tokyo-2025-7190593/results/men/4x400-metres-relay/final/result,2026-09-30T22:54:15Z
WCH2025-4x400m-M-F-H1,WCH2025,4x400m,M,F,1,2025-09-21,20:20,6.0,Qatar,31,QAT,0.183,0.183,3:01.64,https://worldathletics.org/competitions/world-athletics-championships/world-athletics-championships-tokyo-2025-7190593/results/men/4x400-metres-relay/final/result,2026-09-30T22:54:15Z
WCH2025-4x400m-M-F-H1,WCH2025,4x400m,M,F,1,2025-09-21,20:20,9.0,Great Britain & NI,5,GBR,0.225,0.225,3:03.05,https://worldathletics.org/competitions/world-athletics-championships/world-athletics-championships-tokyo-2025-7190593/results/men/4x400-metres-relay/final/result,2026-09-30T22:54:15Z
WCH2025-4x400m-M-F-H1,WCH2025,4x400m,M,F,1,2025-09-21,20:20,3.0,Jamaica,23,JAM,0.208,0.208,3:03.46,https://worldathletics.org/competitions/world-athletics-championships/world-athletics-championships-tokyo-2025-7190593/results/men/4x400-metres-relay/final/result,2026-09-30T22:54:15Z
WCH2025-4x400m-M-F-H1,WCH2025,4x400m,M,F,1,2025-09-21,20:20,4.0,Netherlands,55,NED,0.183,0.183,3:04.84,https://worldathletics.org/competitions/world-athletics-championships/world-athletics-championships-tokyo-2025-7190593/results/men/4x400-metres-relay/final/result,2026-09-30T22:54:15Z
WCH2025-4x400m-M-F-H1,WCH2025,4x400m,M,F,1,2025-09-21,20:20,2.0,Portugal,56,POR,0.156,0.156,3:09.06,https://worldathletics.org/competitions/world-athletics-championships/world-athletics-championships-tokyo-2025-7190593/results/men/4x400-metres-relay/final/result,2026-09-30T22:54:15Z
WCH2025-4x400m-M-R1-H1,WCH2025,4x400m,M,R1,1,2025-09-20,19:35,6.0,South Africa,15,RSA,0.149,0.149,2:58.81,https://worldathletics.org/competitions/world-athletics-championships/world-athletics-championships-tokyo-2025-7190593/results/men/4x400-metres-relay/round-1/result,2026-09-30T22:54:19Z
WCH2025-4x400m-M-R1-H1,WCH2025,4x400m,M,R1,1,2025-09-20,19:35,3.0,Qatar,31,QAT,0.199,0.199,3:00.15,https://worldathletics.org/competitions/world-athletics-championships/world-athletics-championships-tokyo-2025-7190593/results/men/4x400-metres-relay/round-1/result,2026-09-30T22:54:19Z
WCH2025-4x400m-M-R1-H1,WCH2025,4x400m,M,R1,1,2025-09-20,19:35,9.0,Netherlands,55,NED,0.152,0.152,3:00.23,https://worldathletics.org/competitions/world-athletics-championships/world-athletics-championships-tokyo-2025-7190593/results/men/4x400-metres-relay/round-1/result,2026-09-30T22:54:19Z
WCH2025-4x400m-M-R1-H1,WCH2025,4x400m,M,R1,1,2025-09-20,19:35,7.0,Kenya,16,KEN,0.185,0.185,3:00.76,https://worldathletics.org/competitions/world-athletics-championships/world-athletics-championships-tokyo-2025-7190593/results/men/4x400-metres-relay/round-1/result,2026-09-30T22:54:19Z
WCH2025-4x400m-M-R1-H1,WCH2025,4x400m,M,R1,1,2025-09-20,19:35,8.0,PR of China,62,CHN,0.142,0.142,3:00.77,https://worldathletics.org/competitions/world-athletics-championships/world-athletics-championships-tokyo-2025-7190593/results/men/4x400-metres-relay/round-1/result,2026-09-30T22:54:19Z
WCH2025-4x400m-M-R1-H1,WCH2025,4x400m,M,R1,1,2025-09-20,19:35,4.0,United States,6,USA,0.166,0.166,3:01.06,https://worldathletics.org/competitions/world-athletics-championships/world-athletics-championships-tokyo-2025-7190593/results/men/4x400-metres-relay/round-1/result,2026-09-30T22:54:19Z
WCH2025-4x400m-M-R1-H1,WCH2025,4x400m,M,R1,1,2025-09-20,19:35,5.0,France,52,FRA,0.175,0.175,3:01.64,https://worldathletics.org/competitions/world-athletics-championships/world-athletics-championships-tokyo-2025-7190593/results/men/4x400-metres-relay/round-1/result,2026-09-30T22:54:19Z
WCH2025-4x400m-M-R1-H1,WCH2025,4x400m,M,R1,1,2025-09-20,19:35,2.0,Zambia,989,ZAM,0.142,0.142,DQ,https://worldathletics.org/competitions/world-athletics-championships/world-athletics-championships-tokyo-2025-7190593/results/men/4x400-metres-relay/round-1/result,2026-09-30T22:54:19Z
WCH2025-4x400m-M-R1-H2,WCH2025,4x400m,M,R1,2,2025-09-20,19:46,8.0,Botswana,110,BOT,0.163,0.163,2:57.68,https://worldathletics.org/competitions/world-athletics-championships/world-athletics-championships-tokyo-2025-7190593/results/men/4x400-metres-relay/round-1/result,2026-09-30T22:54:19Z
WCH2025-4x400m-M-R1-H2,WCH2025,4x400m,M,R1,2,2025-09-20,19:46,6.0,Belgium,47,BEL,0.140,0.14,2:57.98,https://worldathletics.org/competitions/world-athletics-championships/world-athletics-championships-tokyo-2025-7190593/results/men/4x400-metres-relay/round-1/result,2026-09-30T22:54:19Z
WCH2025-4x400m-M-R1-H2,WCH2025,4x400m,M,R1,2,2025-09-20,19:46,5.0,Great Britain & NI,5,GBR,0.217,0.217,2:58.11,https://worldathletics.org/competitions/world-athletics-championships/world-athletics-championships-tokyo-2025-7190593/results/men/4x400-metres-relay/round-1/result,2026-09-30T22:54:19Z
WCH2025-4x400m-M-R1-H2,WCH2025,4x400m,M,R1,2,2025-09-20,19:46,2.0,Jamaica,23,JAM,0.168,0.168,2:59.13,https://worldathletics.org/competitions/world-athletics-championships/world-athletics-championships-tokyo-2025-7190593/results/men/4x400-metres-relay/round-1/result,2026-09-30T22:54:19Z
WCH2025-4x400m-M-R1-H2,WCH2025,4x400m,M,R1,2,2025-09-20,19:46,7.0,Portugal,56,POR,0.158,0.158,2:59.70,https://worldathletics.org/competitions/world-athletics-championships/world-athletics-championships-tokyo-2025-7190593/results/men/4x400-metres-relay/round-1/result,2026-09-30T22:54:19Z
WCH2025-4x400m-M-R1-H2,WCH2025,4x400m,M,R1,2,2025-09-20,19:46,3.0,Japan,29,JPN,0.186,0.186,2:59.74,https://worldathletics.org/competitions/world-athletics-championships/world-athletics-championships-tokyo-2025-7190593/results/men/4x400-metres-relay/round-1/result,2026-09-30T22:54:19Z
WCH2025-4x400m-M-R1-H2,WCH2025,4x400m,M,R1,2,2025-09-20,19:46,4.0,Brazil,21,BRA,0.182,0.182,DQ,https://worldathletics.org/competitions/world-athletics-championships/world-athletics-championships-tokyo-2025-7190593/results/men/4x400-metres-relay/round-1/result,2026-09-30T22:54:19Z
WCH2025-4x400m-M-R1-H2,WCH2025,4x400m,M,R1,2,2025-09-20,19:46,9.0,Australia,22,AUS,0.149,0.149,DQ,https://worldathletics.org/competitions/world-athletics-championships/world-athletics-championships-tokyo-2025-7190593/results/men/4x400-metres-relay/round-1/result,2026-09-30T22:54:19Z
WCH2025-4x400m-M-R1-H3,WCH2025,4x400m,M,R1,3,2025-09-21,10:40,4.0,United States,6,USA,0.164,0.164,2:58.48,https://worldathletics.org/competitions/world-athletics-championships/world-athletics-championships-tokyo-2025-7190593/results/men/4x400-metres-relay/round-1/result,2026-09-30T22:54:19Z
WCH2025-4x400m-M-R1-H3,WCH2025,4x400m,M,R1,3,2025-09-21,10:40,7.0,Kenya,16,KEN,0.177,0.177,3:00.39,https://worldathletics.org/competitions/world-athletics-championships/world-athletics-championships-tokyo-2025-7190593/results/men/4x400-metres-relay/round-1/result,2026-09-30T22:54:19Z
WCH2025-400m-W-F-H1,WCH2025,400m,W,F,1,2025-09-18,22:24,5.0,Sydney MCLAUGHLIN-LEVRONE,14624749,USA,0.171,0.171,47.78,https://worldathletics.org/competitions/world-athletics-championships/world-athletics-championships-tokyo-2025-7190593/results/women/400-metres/final/result,2026-09-30T22:53:32Z
WCH2025-400m-W-F-H1,WCH2025,400m,W,F,1,2025-09-18,22:24,9.0,Marileidy PAULINO,14749613,DOM,0.183,0.183,47.98,https://worldathletics.org/competitions/world-athletics-championships/world-athletics-championships-tokyo-2025-7190593/results/women/400-metres/final/result,2026-09-30T22:53:32Z
WCH2025-400m-W-F-H1,WCH2025,400m,W,F,1,2025-09-18,22:24,7.0,Salwa Eid NASER,14643442,BRN,0.189,0.189,48.19,https://worldathletics.org/competitions/world-athletics-championships/world-athletics-championships-tokyo-2025-7190593/results/women/400-metres/final/result,2026-09-30T22:53:32Z
WCH2025-400m-W-F-H1,WCH2025,400m,W,F,1,2025-09-18,22:24,8.0,Natalia BUKOWIECKA,14642563,POL,0.168,0.168,49.27,https://worldathletics.org/competitions/world-athletics-championships/world-athletics-championships-tokyo-2025-7190593/results/women/400-metres/final/result,2026-09-30T22:53:32Z
WCH2025-400m-W-F-H1,WCH2025,400m,W,F,1,2025-09-18,22:24,6.0,Amber ANNING,14632781,GBR,0.175,0.175,49.36,https://worldathletics.org/competitions/world-athletics-championships/world-athletics-championships-tokyo-2025-7190593/results/women/400-metres/final/result,2026-09-30T22:53:32Z
WCH2025-400m-W-F-H1,WCH2025,400m,W,F,1,2025-09-18,22:24,4.0,Roxana GÓMEZ,14637147,CUB,0.195,0.195,49.48,https://worldathletics.org/competitions/world-athletics-championships/world-athletics-championships-tokyo-2025-7190593/results/women/400-metres/final/result,2026-09-30T22:53:32Z
WCH2025-400m-W-F-H1,WCH2025,400m,W,F,1,2025-09-18,22:24,3.0,Henriette JÆGER,14780807,NOR,0.148,0.148,49.74,https://worldathletics.org/competitions/world-athletics-championships/world-athletics-championships-tokyo-2025-7190593/results/women/400-metres/final/result,2026-09-30T22:53:32Z
WCH2025-400m-W-F-H1,WCH2025,400m,W,F,1,2025-09-18,22:24,2.0,Nickisha PRYCE,14685519,JAM,0.158,0.158,49.97,https://worldathletics.org/competitions/world-athletics-championships/world-athletics-championships-tokyo-2025-7190593/results/women/400-metres/final/result,2026-09-30T22:53:32Z
WCH2025-400mH-W-F-H1,WCH2025,400mH,W,F,1,2025-09-19,21:27,5.0,Femke BOL,14707010,NED,0.197,0.197,51.54,https://worldathletics.org/competitions/world-athletics-championships/world-athletics-championships-tokyo-2025-7190593/results/women/400-metres-hurdles/final/result,2026-09-30T22:53:52Z
WCH2025-400mH-W-F-H1,WCH2025,400mH,W,F,1,2025-09-19,21:27,7.0,Jasmine JONES,14715835,USA,0.174,0.174,52.08,https://worldathletics.org/competitions/world-athletics-championships/world-athletics-championships-tokyo-2025-7190593/results/women/400-metres-hurdles/final/result,2026-09-30T22:53:52Z
WCH2025-400mH-W-F-H1,WCH2025,400mH,W,F,1,2025-09-19,21:27,2.0,Emma ZAPLETALOVÁ,14647721,SVK,0.175,0.175,53.00,https://worldathletics.org/competitions/world-athletics-championships/world-athletics-championships-tokyo-2025-7190593/results/women/400-metres-hurdles/final/result,2026-09-30T22:53:52Z
WCH2025-400mH-W-F-H1,WCH2025,400mH,W,F,1,2025-09-19,21:27,6.0,Anna COCKRELL,14486939,USA,0.159,0.159,53.13,https://worldathletics.org/competitions/world-athletics-championships/world-athletics-championships-tokyo-2025-7190593/results/women/400-metres-hurdles/final/result,2026-09-30T22:53:52Z
WCH2025-400mH-W-F-H1,WCH2025,400mH,W,F,1,2025-09-19,21:27,8.0,Gianna WOODRUFF,14423522,PAN,0.187,0.187,53.34,https://worldathletics.org/competitions/world-athletics-championships/world-athletics-championships-tokyo-2025-7190593/results/women/400-metres-hurdles/final/result,2026-09-30T22:53:52Z
WCH2025-400mH-W-F-H1,WCH2025,400mH,W,F,1,2025-09-19,21:27,3.0,Naomi VAN DEN BROECK,14538249,BEL,0.176,0.176,53.70,https://worldathletics.org/competitions/world-athletics-championships/world-athletics-championships-tokyo-2025-7190593/results/women/400-metres-hurdles/final/result,2026-09-30T22:53:52Z
WCH2025-400mH-W-F-H1,WCH2025,400mH,W,F,1,2025-09-19,21:27,9.0,Dalilah MUHAMMAD,14317560,USA,0.149,0.149,54.82,https://worldathletics.org/competitions/world-athletics-championships/world-athletics-championships-tokyo-2025-7190593/results/women/400-metres-hurdles/final/result,2026-09-30T22:53:52Z
WCH2025-400mH-W-F-H1,WCH2025,400mH,W,F,1,2025-09-19,21:27,4.0,Shiann SALMON,14574022,JAM,0.203,0.203,56.27,https://worldathletics.org/competitions/world-athletics-championships/world-athletics-championships-tokyo-2025-7190593/results/women/400-metres-hurdles/final/result,2026-09-30T22:53:52Z
WCH2025-400mH-W-R1-H1,WCH2025,400mH,W,R1,1,2025-09-15,11:20,7.0,Femke BOL,14707010,NED,0.239,0.239,53.75,https://worldathletics.org/competitions/world-athletics-championships/world-athletics-championships-tokyo-2025-7190593/results/women/400-metres-hurdles/round-1/result,2026-09-30T22:53:55Z
WCH2025-400mH-W-R1-H1,WCH2025,400mH,W,R1,1,2025-09-15,11:20,2.0,Ayomide FOLORUNSO,14484475,ITA,0.224,0.224,54.67,https://worldathletics.org/competitions/world-athletics-championships/world-athletics-championships-tokyo-2025-7190593/results/women/400-metres-hurdles/round-1/result,2026-09-30T22:53:55Z
WCH2025-400mH-W-R1-H1,WCH2025,400mH,W,R1,1,2025-09-15,11:20,4.0,Naomi VAN DEN BROECK,14538249,BEL,0.188,0.188,54.70,https://worldathletics.org/competitions/world-athletics-championships/world-athletics-championships-tokyo-2025-7190593/results/women/400-metres-hurdles/round-1/result,2026-09-30T22:53:55Z
WCH2025-400mH-W-R1-H1,WCH2025,400mH,W,R1,1,2025-09-15,11:20,3.0,Kemi ADEKOYA,14419510,BRN,0.186,0.186,55.15,https://worldathletics.org/competitions/world-athletics-championships/world-athletics-championships-tokyo-2025-7190593/results/women/400-metres-hurdles/round-1/result,2026-09-30T22:53:55Z
WCH2025-400mH-W-R1-H1,WCH2025,400mH,W,R1,1,2025-09-15,11:20,9.0,Hilla UUSIMÄKI,14503895,FIN,0.194,0.194,55.52,https://worldathletics.org/competitions/world-athletics-championships/world-athletics-championships-tokyo-2025-7190593/results/women/400-metres-hurdles/round-1/result,2026-09-30T22:53:55Z
WCH2025-400mH-W-R1-H1,WCH2025,400mH,W,R1,1,2025-09-15,11:20,1.0,Michelle SMITH,14971964,ISV,0.127,0.127,56.00,https://worldathletics.org/competitions/world-athletics-championships/world-athletics-championships-tokyo-2025-7190593/results/women/400-metres-hurdles/round-1/result,2026-09-30T22:53:55Z
WCH2025-400mH-W-R1-H1,WCH2025,400mH,W,R1,1,2025-09-15,11:20,5.0,Rogail JOSEPH,14744999,RSA,0.207,0.207,56.20,https://worldathletics.org/competitions/world-athletics-championships/world-athletics-championships-tokyo-2025-7190593/results/women/400-metres-hurdles/round-1/result,2026-09-30T22:53:55Z
WCH2025-400mH-W-R1-H1,WCH2025,400mH,W,R1,1,2025-09-15,11:20,8.0,Alanah YUKICH,14514549,AUS,0.192,0.192,56.68,https://worldathletics.org/competitions/world-athletics-championships/world-athletics-championships-tokyo-2025-7190593/results/women/400-metres-hurdles/round-1/result,2026-09-30T22:53:55Z
WCH2025-400mH-W-R1-H1,WCH2025,400mH,W,R1,1,2025-09-15,11:20,6.0,Robyn BROWN,14893469,PHI,0.212,0.212,57.03,https://worldathletics.org/competitions/world-athletics-championships/world-athletics-championships-tokyo-2025-7190593/results/women/400-metres-hurdles/round-1/result,2026-09-30T22:53:55Z
WCH2025-400mH-W-R1-H2,WCH2025,400mH,W,R1,2,2025-09-15,11:28,6.0,Anna COCKRELL,14486939,USA,0.202,0.202,53.63,https://worldathletics.org/competitions/world-athletics-championships/world-athletics-championships-tokyo-2025-7190593/results/women/400-metres-hurdles/round-1/result,2026-09-30T22:53:55Z
WCH2025-400mH-W-R1-H2,WCH2025,400mH,W,R1,2,2025-09-15,11:28,7.0,Andrenette KNIGHT,14512625,JAM,0.196,0.196,53.74,https://worldathletics.org/competitions/world-athletics-championships/world-athletics-championships-tokyo-2025-7190593/results/women/400-metres-hurdles/round-1/result,2026-09-30T22:53:55Z
WCH2025-400mH-W-R1-H2,WCH2025,400mH,W,R1,2,2025-09-15,11:28,4.0,Fatoumata Binta DIALLO,14708730,POR,0.166,0.166,54.54,https://worldathletics.org/competitions/world-athletics-championships/world-athletics-championships-tokyo-2025-7190593/results/women/400-metres-hurdles/round-1/result,2026-09-30T22:53:55Z
WCH2025-400mH-W-R1-H2,WCH2025,400mH,W,R1,2,2025-09-15,11:28,5.0,Daniela LEDECKÁ,14559616,SVK,0.174,0.174,54.86,https://worldathletics.org/competitions/world-athletics-championships/world-athletics-championships-tokyo-2025-7190593/results/women/400-metres-hurdles/round-1/result,2026-09-30T22:53:55Z
WCH2025-400mH-W-R1-H2,WCH2025,400mH,W,R1,2,2025-09-15,11:28,8.0,Eileen DEMES,14506023,GER,0.183,0.183,55.03,https://worldathletics.org/competitions/world-athletics-championships/world-athletics-championships-tokyo-2025-7190593/results/women/400-metres-hurdles/round-1/result,2026-09-30T22:53:55Z
WCH2025-400mH-W-R1-H2,WCH2025,400mH,W,R1,2,2025-09-15,11:28,3.0,Tia-Adana BELLE,14469918,BAR,0.171,0.171,55.27,https://worldathletics.org/competitions/world-athletics-championships/world-athletics-championships-tokyo-2025-7190593/results/women/400-metres-hurdles/round-1/result,2026-09-30T22:53:55Z
WCH2025-400mH-W-R1-H2,WCH2025,400mH,W,R1,2,2025-09-15,11:28,9.0,Grace CLAXTON,14414638,PUR,0.224,0.224,56.14,https://worldathletics.org/competitions/world-athletics-championships/world-athletics-championships-tokyo-2025-7190593/results/women/400-metres-hurdles/round-1/result,2026-09-30T22:53:55Z
WCH2025-400mH-W-R1-H2,WCH2025,400mH,W,R1,2,2025-09-15,11:28,2.0,Moa GRANAT,14849869,SWE,0.171,0.171,56.32,https://worldathletics.org/competitions/world-athletics-championships/world-athletics-championships-tokyo-2025-7190593/results/women/400-metres-hurdles/round-1/result,2026-09-30T22:53:55Z
WCH2025-400mH-W-R1-H3,WCH2025,400mH,W,R1,3,2025-09-15,11:36,5.0,Jasmine JONES,14715835,USA,0.190,0.19,53.18,https://worldathletics.org/competitions/world-athletics-championships/world-athletics-championships-tokyo-2025-7190593/results/women/400-metres-hurdles/round-1/result,2026-09-30T22:53:55Z
WCH2025-400mH-W-R1-H3,WCH2025,400mH,W,R1,3,2025-09-15,11:36,9.0,Emma ZAPLETALOVÁ,14647721,SVK,0.186,0.186,54.15,https://worldathletics.org/competitions/world-athletics-championships/world-athletics-championships-tokyo-2025-7190593/results/women/400-metres-hurdles/round-1/result,2026-09-30T22:53:55Z
WCH2025-400mH-W-R1-H3,WCH2025,400mH,W,R1,3,2025-09-15,11:36,4.0,Amalie IUEL,14481392,NOR,0.146,0.146,54.65,https://worldathletics.org/competitions/world-athletics-championships/world-athletics-championships-tokyo-2025-7190593/results/women/400-metres-hurdles/round-1/result,2026-09-30T22:53:55Z
WCH2025-400mH-W-R1-H3,WCH2025,400mH,W,R1,3,2025-09-15,11:36,3.0,Elena KELETY,14584926,GER,0.213,0.213,54.74,https://worldathletics.org/competitions/world-athletics-championships/world-athletics-championships-tokyo-2025-7190593/results/women/400-metres-hurdles/round-1/result,2026-09-30T22:53:55Z
WCH2025-400mH-W-R1-H3,WCH2025,400mH,W,R1,3,2025-09-15,11:36,6.0,Paulien COUCKUYT,14508434,BEL,0.213,0.213,55.08,https://worldathletics.org/competitions/world-athletics-championships/world-athletics-championships-tokyo-2025-7190593/results/women/400-metres-hurdles/round-1/result,2026-09-30T22:53:55Z
WCH2025-400mH-W-R1-H3,WCH2025,400mH,W,R1,3,2025-09-15,11:36,7.0,Kristiina HALONEN,14461736,FIN,0.175,0.175,55.42,https://worldathletics.org/competitions/world-athletics-championships/world-athletics-championships-tokyo-2025-7190593/results/women/400-metres-hurdles/round-1/result,2026-09-30T22:53:55Z
WCH2025-400mH-W-R1-H3,WCH2025,400mH,W,R1,3,2025-09-15,11:36,2.0,Sára MÁTÓ,14566738,HUN,0.256,0.256,56.11,https://worldathletics.org/competitions/world-athletics-championships/world-athletics-championships-tokyo-2025-7190593/results/women/400-metres-hurdles/round-1/result,2026-09-30T22:53:55Z
WCH2025-400mH-W-R1-H3,WCH2025,400mH,W,R1,3,2025-09-15,11:36,8.0,Daniela FRA,14785105,ESP,0.187,0.187,56.88,https://worldathletics.org/competitions/world-athletics-championships/world-athletics-championships-tokyo-2025-7190593/results/women/400-metres-hurdles/round-1/result,2026-09-30T22:53:55Z
WCH2025-400mH-W-R1-H4,WCH2025,400mH,W,R1,4,2025-09-15,11:44,4.0,Dalilah MUHAMMAD,14317560,USA,0.162,0.162,53.80,https://worldathletics.org/competitions/world-athletics-championships/world-athletics-championships-tokyo-2025-7190593/results/women/400-metres-hurdles/round-1/result,2026-09-30T22:53:55Z
WCH2025-400mH-W-R1-H4,WCH2025,400mH,W,R1,4,2025-09-15,11:44,3.0,Shiann SALMON,14574022,JAM,0.184,0.184,54.21,https://worldathletics.org/competitions/world-athletics-championships/world-athletics-championships-tokyo-2025-7190593/results/women/400-metres-hurdles/round-1/result,2026-09-30T22:53:55Z
WCH2025-400mH-W-R1-H4,WCH2025,400mH,W,R1,4,2025-09-15,11:44,5.0,Gianna WOODRUFF,14423522,PAN,0.215,0.215,54.60,https://worldathletics.org/competitions/world-athletics-championships/world-athletics-championships-tokyo-2025-7190593/results/women/400-metres-hurdles/round-1/result,2026-09-30T22:53:55Z
WCH2025-400mH-W-R1-H4,WCH2025,400mH,W,R1,4,2025-09-15,11:44,9.0,Rebecca SARTORI,14567410,ITA,0.214,0.214,55.11,https://worldathletics.org/competitions/world-athletics-championships/world-athletics-championships-tokyo-2025-7190593/results/women/400-metres-hurdles/round-1/result,2026-09-30T22:53:55Z
WCH2025-400mH-W-R1-H4,WCH2025,400mH,W,R1,4,2025-09-15,11:44,7.0,Sarah CARLI,14406120,AUS,0.323,0.323,55.24,https://worldathletics.org/competitions/world-athletics-championships/world-athletics-championships-tokyo-2025-7190593/results/women/400-metres-hurdles/round-1/result,2026-09-30T22:53:55Z
WCH2025-400mH-W-R1-H4,WCH2025,400mH,W,R1,4,2025-09-15,11:44,6.0,Lina NIELSEN,14594317,GBR,0.187,0.187,55.82,https://worldathletics.org/competitions/world-athletics-championships/world-athletics-championships-tokyo-2025-7190593/results/women/400-metres-hurdles/round-1/result,2026-09-30T22:53:55Z
WCH2025-400mH-W-R1-H4,WCH2025,400mH,W,R1,4,2025-09-15,11:44,8.0,Daniela ROJAS GUTIERREZ,14597700,CRC,0.262,0.262,56.08,https://worldathletics.org/competitions/world-athletics-championships/world-athletics-championships-tokyo-2025-7190593/results/women/400-metres-hurdles/round-1/result,2026-09-30T22:53:55Z
WCH2025-400mH-W-R1-H4,WCH2025,400mH,W,R1,4,2025-09-15,11:44,2.0,Ashley MILLER,14481824,ZIM,0.192,0.192,56.35,https://worldathletics.org/competitions/world-athletics-championships/world-athletics-championships-tokyo-2025-7190593/results/women/400-metres-hurdles/round-1/result,2026-09-30T22:53:55Z
WCH2025-400mH-W-R1-H5,WCH2025,400mH,W,R1,5,2025-09-15,11:52,3.0,Alice MURARO,14736174,ITA,0.171,0.171,54.36,https://worldathletics.org/competitions/world-athletics-championships/world-athletics-championships-tokyo-2025-7190593/results/women/400-metres-hurdles/round-1/result,2026-09-30T22:53:55Z
WCH2025-400mH-W-R1-H5,WCH2025,400mH,W,R1,5,2025-09-15,11:52,7.0,Emily NEWNHAM,14899734,GBR,0.204,0.204,54.59,https://worldathletics.org/competitions/world-athletics-championships/world-athletics-championships-tokyo-2025-7190593/results/women/400-metres-hurdles/round-1/result,2026-09-30T22:53:55Z
WCH2025-400mH-W-R1-H5,WCH2025,400mH,W,R1,5,2025-09-15,11:52,8.0,Jiadie MO,14744957,CHN,0.184,0.184,54.63,https://worldathletics.org/competitions/world-athletics-championships/world-athletics-championships-tokyo-2025-7190593/results/women/400-metres-hurdles/round-1/result,2026-09-30T22:53:55Z
WCH2025-400mH-W-R1-H5,WCH2025,400mH,W,R1,5,2025-09-15,11:52,9.0,Zenéy VAN DER WALT,14639191,RSA,0.194,0.194,55.32,https://worldathletics.org/competitions/world-athletics-championships/world-athletics-championships-tokyo-2025-7190593/results/women/400-metres-hurdles/round-1/result,2026-09-30T22:53:55Z
WCH2025-400mH-W-R1-H5,WCH2025,400mH,W,R1,5,2025-09-15,11:52,4.0,Savannah SUTHERLAND,14771436,CAN,0.197,0.197,55.68,https://worldathletics.org/competitions/world-athletics-championships/world-athletics-championships-tokyo-2025-7190593/results/women/400-metres-hurdles/round-1/result,2026-09-30T22:53:55Z
WCH2025-400mH-W-R1-H5,WCH2025,400mH,W,R1,5,2025-09-15,11:52,5.0,Anna GRYC,14762003,POL,0.191,0.191,55.73,https://worldathletics.org/competitions/world-athletics-championships/world-athletics-championships-tokyo-2025-7190593/results/women/400-metres-hurdles/round-1/result,2026-09-30T22:53:55Z
WCH2025-400mH-W-R1-H5,WCH2025,400mH,W,R1,5,2025-09-15,11:52,2.0,Louise MARAVAL,14750701,FRA,0.195,0.195,55.84,https://worldathletics.org/competitions/world-athletics-championships/world-athletics-championships-tokyo-2025-7190593/results/women/400-metres-hurdles/round-1/result,2026-09-30T22:53:55Z
WCH2025-400mH-W-R1-H5,WCH2025,400mH,W,R1,5,2025-09-15,11:52,6.0,Yanique HAYE-SMITH,14365596,TKS,0.197,0.197,58.48,https://worldathletics.org/competitions/world-athletics-championships/world-athletics-championships-tokyo-2025-7190593/results/women/400-metres-hurdles/round-1/result,2026-09-30T22:53:55Z
WCH2025-400mH-W-SF-H1,WCH2025,400mH,W,SF,1,2025-09-17,21:03,6.0,Gianna WOODRUFF,14423522,PAN,0.186,0.186,52.66,https://worldathletics.org/competitions/world-athletics-championships/world-athletics-championships-tokyo-2025-7190593/results/women/400-metres-hurdles/semi-finals/result,2026-09-30T22:53:59Z
WCH2025-400mH-W-SF-H1,WCH2025,400mH,W,SF,1,2025-09-17,21:03,8.0,Jasmine JONES,14715835,USA,0.204,0.204,53.01,https://worldathletics.org/competitions/world-athletics-championships/world-athletics-championships-tokyo-2025-7190593/results/women/400-metres-hurdles/semi-finals/result,2026-09-30T22:53:59Z
WCH2025-400mH-W-SF-H1,WCH2025,400mH,W,SF,1,2025-09-17,21:03,5.0,Emma ZAPLETALOVÁ,14647721,SVK,0.161,0.161,53.22,https://worldathletics.org/competitions/world-athletics-championships/world-athletics-championships-tokyo-2025-7190593/results/women/400-metres-hurdles/semi-finals/result,2026-09-30T22:53:59Z
WCH2025-400mH-W-SF-H1,WCH2025,400mH,W,SF,1,2025-09-17,21:03,2.0,Kemi ADEKOYA,14419510,BRN,0.213,0.213,54.04,https://worldathletics.org/competitions/world-athletics-championships/world-athletics-championships-tokyo-2025-7190593/results/women/400-metres-hurdles/semi-finals/result,2026-09-30T22:53:59Z
WCH2025-400mH-W-SF-H1,WCH2025,400mH,W,SF,1,2025-09-17,21:03,7.0,Andrenette KNIGHT,14512625,JAM,0.183,0.183,54.35,https://worldathletics.org/competitions/world-athletics-championships/world-athletics-championships-tokyo-2025-7190593/results/women/400-metres-hurdles/semi-finals/result,2026-09-30T22:53:59Z
WCH2025-400mH-W-SF-H1,WCH2025,400mH,W,SF,1,2025-09-17,21:03,3.0,Paulien COUCKUYT,14508434,BEL,0.201,0.201,54.69,https://worldathletics.org/competitions/world-athletics-championships/world-athletics-championships-tokyo-2025-7190593/results/women/400-metres-hurdles/semi-finals/result,2026-09-30T22:53:59Z
WCH2025-400mH-W-SF-H1,WCH2025,400mH,W,SF,1,2025-09-17,21:03,9.0,Jiadie MO,14744957,CHN,0.209,0.209,55.11,https://worldathletics.org/competitions/world-athletics-championships/world-athletics-championships-tokyo-2025-7190593/results/women/400-metres-hurdles/semi-finals/result,2026-09-30T22:53:59Z
WCH2025-400mH-W-SF-H1,WCH2025,400mH,W,SF,1,2025-09-17,21:03,4.0,Rebecca SARTORI,14567410,ITA,0.200,0.2,55.34,https://worldathletics.org/competitions/world-athletics-championships/world-athletics-championships-tokyo-2025-7190593/results/women/400-metres-hurdles/semi-finals/result,2026-09-30T22:53:59Z
WCH2025-400mH-W-SF-H2,WCH2025,400mH,W,SF,2,2025-09-17,21:11,6.0,Femke BOL,14707010,NED,0.215,0.215,52.31,https://worldathletics.org/competitions/world-athletics-championships/world-athletics-championships-tokyo-2025-7190593/results/women/400-metres-hurdles/semi-finals/result,2026-09-30T22:53:59Z
WCH2025-400mH-W-SF-H2,WCH2025,400mH,W,SF,2,2025-09-17,21:11,7.0,Dalilah MUHAMMAD,14317560,USA,0.169,0.169,53.14,https://worldathletics.org/competitions/world-athletics-championships/world-athletics-championships-tokyo-2025-7190593/results/women/400-metres-hurdles/semi-finals/result,2026-09-30T22:53:59Z
WCH2025-400mH-W-SF-H2,WCH2025,400mH,W,SF,2,2025-09-17,21:11,4.0,Naomi VAN DEN BROECK,14538249,BEL,0.163,0.163,53.65,https://worldathletics.org/competitions/world-athletics-championships/world-athletics-championships-tokyo-2025-7190593/results/women/400-metres-hurdles/semi-finals/result,2026-09-30T22:53:59Z
WCH2025-400mH-W-SF-H2,WCH2025,400mH,W,SF,2,2025-09-17,21:11,5.0,Ayomide FOLORUNSO,14484475,ITA,0.209,0.209,54.37,https://worldathletics.org/competitions/world-athletics-championships/world-athletics-championships-tokyo-2025-7190593/results/women/400-metres-hurdles/semi-finals/result,2026-09-30T22:53:59Z
WCH2025-400mH-W-SF-H2,WCH2025,400mH,W,SF,2,2025-09-17,21:11,9.0,Elena KELETY,14584926,GER,0.241,0.241,54.61,https://worldathletics.org/competitions/world-athletics-championships/world-athletics-championships-tokyo-2025-7190593/results/women/400-metres-hurdles/semi-finals/result,2026-09-30T22:53:59Z
WCH2025-400mH-W-SF-H2,WCH2025,400mH,W,SF,2,2025-09-17,21:11,8.0,Emily NEWNHAM,14899734,GBR,0.207,0.207,54.64,https://worldathletics.org/competitions/world-athletics-championships/world-athletics-championships-tokyo-2025-7190593/results/women/400-metres-hurdles/semi-finals/result,2026-09-30T22:53:59Z
WCH2025-400mH-W-SF-H2,WCH2025,400mH,W,SF,2,2025-09-17,21:11,3.0,Sarah CARLI,14406120,AUS,0.263,0.263,55.02,https://worldathletics.org/competitions/world-athletics-championships/world-athletics-championships-tokyo-2025-7190593/results/women/400-metres-hurdles/semi-finals/result,2026-09-30T22:53:59Z
WCH2025-400mH-W-SF-H2,WCH2025,400mH,W,SF,2,2025-09-17,21:11,2.0,Tia-Adana BELLE,14469918,BAR,0.192,0.192,55.83,https://worldathletics.org/competitions/world-athletics-championships/world-athletics-championships-tokyo-2025-7190593/results/women/400-metres-hurdles/semi-finals/result,2026-09-30T22:53:59Z
WCH2025-400mH-W-SF-H3,WCH2025,400mH,W,SF,3,2025-09-17,21:19,8.0,Anna COCKRELL,14486939,USA,0.199,0.199,53.28,https://worldathletics.org/competitions/world-athletics-championships/world-athletics-championships-tokyo-2025-7190593/results/women/400-metres-hurdles/semi-finals/result,2026-09-30T22:53:59Z
WCH2025-400mH-W-SF-H3,WCH2025,400mH,W,SF,3,2025-09-17,21:19,7.0,Shiann SALMON,14574022,JAM,0.204,0.204,54.03,https://worldathletics.org/competitions/world-athletics-championships/world-athletics-championships-tokyo-2025-7190593/results/women/400-metres-hurdles/semi-finals/result,2026-09-30T22:53:59Z
WCH2025-400mH-W-SF-H3,WCH2025,400mH,W,SF,3,2025-09-17,21:19,9.0,Amalie IUEL,14481392,NOR,0.180,0.18,54.28,https://worldathletics.org/competitions/world-athletics-championships/world-athletics-championships-tokyo-2025-7190593/results/women/400-metres-hurdles/semi-finals/result,2026-09-30T22:53:59Z
WCH2025-400mH-W-SF-H3,WCH2025,400mH,W,SF,3,2025-09-17,21:19,5.0,Fatoumata Binta DIALLO,14708730,POR,0.172,0.172,54.45,https://worldathletics.org/competitions/world-athletics-championships/world-athletics-championships-tokyo-2025-7190593/results/women/400-metres-hurdles/semi-finals/result,2026-09-30T22:53:59Z
WCH2025-400mH-W-SF-H3,WCH2025,400mH,W,SF,3,2025-09-17,21:19,6.0,Alice MURARO,14736174,ITA,0.198,0.198,54.50,https://worldathletics.org/competitions/world-athletics-championships/world-athletics-championships-tokyo-2025-7190593/results/women/400-metres-hurdles/semi-finals/result,2026-09-30T22:53:59Z
WCH2025-400mH-W-SF-H3,WCH2025,400mH,W,SF,3,2025-09-17,21:19,4.0,Daniela LEDECKÁ,14559616,SVK,0.159,0.159,54.94,https://worldathletics.org/competitions/world-athletics-championships/world-athletics-championships-tokyo-2025-7190593/results/women/400-metres-hurdles/semi-finals/result,2026-09-30T22:53:59Z
WCH2025-400mH-W-SF-H3,WCH2025,400mH,W,SF,3,2025-09-17,21:19,3.0,Zenéy VAN DER WALT,14639191,RSA,0.175,0.175,55.06,https://worldathletics.org/competitions/world-athletics-championships/world-athletics-championships-tokyo-2025-7190593/results/women/400-metres-hurdles/semi-finals/result,2026-09-30T22:53:59Z
WCH2025-400mH-W-SF-H3,WCH2025,400mH,W,SF,3,2025-09-17,21:19,2.0,Eileen DEMES,14506023,GER,0.204,0.204,55.98,https://worldathletics.org/competitions/world-athletics-championships/world-athletics-championships-tokyo-2025-7190593/results/women/400-metres-hurdles/semi-finals/result,2026-09-30T22:53:59Z
WCH2025-400m-W-R1-H1,WCH2025,400m,W,R1,1,2025-09-14,19:25,5.0,Lieke KLAVER,14560483,NED,0.194,0.194,50.32,https://worldathletics.org/competitions/world-athletics-championships/world-athletics-championships-tokyo-2025-7190593/results/women/400-metres/round-1/result,2026-09-30T22:53:36Z
WCH2025-400m-W-R1-H1,WCH2025,400m,W,R1,1,2025-09-14,19:25,8.0,Isabella WHITTAKER,14846088,USA,0.185,0.185,50.82,https://worldathletics.org/competitions/world-athletics-championships/world-athletics-championships-tokyo-2025-7190593/results/women/400-metres/round-1/result,2026-09-30T22:53:36Z
WCH2025-400m-W-R1-H1,WCH2025,400m,W,R1,1,2025-09-14,19:25,6.0,Dejanea OAKLEY,14836164,JAM,0.165,0.165,51.07,https://worldathletics.org/competitions/world-athletics-championships/world-athletics-championships-tokyo-2025-7190593/results/women/400-metres/round-1/result,2026-09-30T22:53:36Z
WCH2025-400m-W-R1-H1,WCH2025,400m,W,R1,1,2025-09-14,19:25,4.0,Lauren GALE,14571874,CAN,0.203,0.203,51.56,https://worldathletics.org/competitions/world-athletics-championships/world-athletics-championships-tokyo-2025-7190593/results/women/400-metres/round-1/result,2026-09-30T22:53:36Z
WCH2025-400m-W-R1-H1,WCH2025,400m,W,R1,1,2025-09-14,19:25,9.0,Alice MANGIONE,14594823,ITA,0.162,0.162,51.70,https://worldathletics.org/competitions/world-athletics-championships/world-athletics-championships-tokyo-2025-7190593/results/women/400-metres/round-1/result,2026-09-30T22:53:36Z
WCH2025-400m-W-R1-H1,WCH2025,400m,W,R1,1,2025-09-14,19:25,2.0,Mette BAAS,14572038,FIN,0.179,0.179,51.92,https://worldathletics.org/competitions/world-athletics-championships/world-athletics-championships-tokyo-2025-7190593/results/women/400-metres/round-1/result,2026-09-30T22:53:36Z
WCH2025-400m-W-R1-H1,WCH2025,400m,W,R1,1,2025-09-14,19:25,7.0,Vimbayi MAISVOREWA,14805823,ZIM,0.260,0.26,52.28,https://worldathletics.org/competitions/world-athletics-championships/world-athletics-championships-tokyo-2025-7190593/results/women/400-metres/round-1/result,2026-09-30T22:53:36Z
WCH2025-400m-W-R1-H1,WCH2025,400m,W,R1,1,2025-09-14,19:25,3.0,Ellie BEER,14768392,AUS,0.201,0.201,52.31,https://worldathletics.org/competitions/world-athletics-championships/world-athletics-championships-tokyo-2025-7190593/results/women/400-metres/round-1/result,2026-09-30T22:53:36Z
WCH2025-400m-W-R1-H2,WCH2025,400m,W,R1,2,2025-09-14,19:33,8.0,Wadeline VENLOGH,14756963,HAI,0.202,0.202,49.91,https://worldathletics.org/competitions/world-athletics-championships/world-athletics-championships-tokyo-2025-7190593/results/women/400-metres/round-1/result,2026-09-30T22:53:36Z
WCH2025-400m-W-R1-H2,WCH2025,400m,W,R1,2,2025-09-14,19:33,5.0,Natalia BUKOWIECKA,14642563,POL,0.196,0.196,50.16,https://worldathletics.org/competitions/world-athletics-championships/world-athletics-championships-tokyo-2025-7190593/results/women/400-metres/round-1/result,2026-09-30T22:53:36Z
WCH2025-400m-W-R1-H2,WCH2025,400m,W,R1,2,2025-09-14,19:33,6.0,Aaliyah BUTLER,14715880,USA,0.186,0.186,50.44,https://worldathletics.org/competitions/world-athletics-championships/world-athletics-championships-tokyo-2025-7190593/results/women/400-metres/round-1/result,2026-09-30T22:53:36Z
WCH2025-400m-W-R1-H2,WCH2025,400m,W,R1,2,2025-09-14,19:33,7.0,Sada WILLIAMS,14592846,BAR,0.216,0.216,50.93,https://worldathletics.org/competitions/world-athletics-championships/world-athletics-championships-tokyo-2025-7190593/results/women/400-metres/round-1/result,2026-09-30T22:53:36Z
WCH2025-400m-W-R1-H2,WCH2025,400m,W,R1,2,2025-09-14,19:33,4.0,Leni SHIDA,14636764,UGA,0.261,0.261,51.61,https://worldathletics.org/competitions/world-athletics-championships/world-athletics-championships-tokyo-2025-7190593/results/women/400-metres/round-1/result,2026-09-30T22:53:36Z
WCH2025-400m-W-R1-H2,WCH2025,400m,W,R1,2,2025-09-14,19:33,2.0,Zoe SHERAR,14631553,CAN,0.185,0.185,52.19,https://worldathletics.org/competitions/world-athletics-championships/world-athletics-championships-tokyo-2025-7190593/results/women/400-metres/round-1/result,2026-09-30T22:53:36Z
WCH2025-400m-W-R1-H2,WCH2025,400m,W,R1,2,2025-09-14,19:33,3.0,Myrte VAN DER SCHOOT,14865892,NED,0.208,0.208,52.19,https://worldathletics.org/competitions/world-athletics-championships/world-athletics-championships-tokyo-2025-7190593/results/women/400-metres/round-1/result,2026-09-30T22:53:36Z
WCH2025-400m-W-R1-H2,WCH2025,400m,W,R1,2,2025-09-14,19:33,9.0,Miranda Charlene COETZEE,14930222,RSA,0.194,0.194,57.78,https://worldathletics.org/competitions/world-athletics-championships/world-athletics-championships-tokyo-2025-7190593/results/women/400-metres/round-1/result,2026-09-30T22:53:36Z
WCH2025-400m-W-R1-H3,WCH2025,400m,W,R1,3,2025-09-14,19:41,6.0,Sydney MCLAUGHLIN-LEVRONE,14624749,USA,0.199,0.199,49.41,https://worldathletics.org/competitions/world-athletics-championships/world-athletics-championships-tokyo-2025-7190593/results/women/400-metres/round-1/result,2026-09-30T22:53:36Z
WCH2025-400m-W-R1-H3,WCH2025,400m,W,R1,3,2025-09-14,19:41,7.0,Martina WEIL,14748703,CHI,0.185,0.185,50.61,https://worldathletics.org/competitions/world-athletics-championships/world-athletics-championships-tokyo-2025-7190593/results/women/400-metres/round-1/result,2026-09-30T22:53:36Z
WCH2025-400m-W-R1-H3,WCH2025,400m,W,R1,3,2025-09-14,19:41,8.0,Mercy Adongo OKETCH,14894311,KEN,0.202,0.202,50.76,https://worldathletics.org/competitions/world-athletics-championships/world-athletics-championships-tokyo-2025-7190593/results/women/400-metres/round-1/result,2026-09-30T22:53:36Z
WCH2025-400m-W-R1-H3,WCH2025,400m,W,R1,3,2025-09-14,19:41,9.0,Sharlene MAWDSLEY,14589082,IRL,0.184,0.184,51.04,https://worldathletics.org/competitions/world-athletics-championships/world-athletics-championships-tokyo-2025-7190593/results/women/400-metres/round-1/result,2026-09-30T22:53:36Z
WCH2025-400m-W-R1-H3,WCH2025,400m,W,R1,3,2025-09-14,19:41,4.0,Caitlyn BOBB,14845770,BER,0.207,0.207,51.72,https://worldathletics.org/competitions/world-athletics-championships/world-athletics-championships-tokyo-2025-7190593/results/women/400-metres/round-1/result,2026-09-30T22:53:36Z
WCH2025-400m-W-R1-H3,WCH2025,400m,W,R1,3,2025-09-14,19:41,3.0,Eveline SAALBERG,14561420,NED,0.205,0.205,51.73,https://worldathletics.org/competitions/world-athletics-championships/world-athletics-championships-tokyo-2025-7190593/results/women/400-metres/round-1/result,2026-09-30T22:53:36Z
WCH2025-400m-W-R1-H3,WCH2025,400m,W,R1,3,2025-09-14,19:41,5.0,Javonya VALCOURT,14778951,BAH,0.201,0.201,52.00,https://worldathletics.org/competitions/world-athletics-championships/world-athletics-championships-tokyo-2025-7190593/results/women/400-metres/round-1/result,2026-09-30T22:53:36Z
WCH2025-400m-W-R1-H3,WCH2025,400m,W,R1,3,2025-09-14,19:41,2.0,Tiffani MARINHO,14691803,BRA,0.249,0.249,53.34,https://worldathletics.org/competitions/world-athletics-championships/world-athletics-championships-tokyo-2025-7190593/results/women/400-metres/round-1/result,2026-09-30T22:53:36Z
WCH2025-400m-W-R1-H3,WCH2025,400m,W,R1,3,2025-09-14,19:41,1.0,Esther MAYADJIM MINGUEYAM,15225974,CHA,0.268,0.268,56.35,https://worldathletics.org/competitions/world-athletics-championships/world-athletics-championships-tokyo-2025-7190593/results/women/400-metres/round-1/result,2026-09-30T22:53:36Z
WCH2025-400m-W-R1-H4,WCH2025,400m,W,R1,4,2025-09-14,19:49,6.0,Nickisha PRYCE,14685519,JAM,0.201,0.201,49.91,https://worldathletics.org/competitions/world-athletics-championships/world-athletics-championships-tokyo-2025-7190593/results/women/400-metres/round-1/result,2026-09-30T22:53:36Z
WCH2025-400m-W-R1-H4,WCH2025,400m,W,R1,4,2025-09-14,19:49,7.0,Henriette JÆGER,14780807,NOR,0.159,0.159,50.12,https://worldathletics.org/competitions/world-athletics-championships/world-athletics-championships-tokyo-2025-7190593/results/women/400-metres/round-1/result,2026-09-30T22:53:36Z
WCH2025-400m-W-R1-H4,WCH2025,400m,W,R1,4,2025-09-14,19:49,5.0,Roxana GÓMEZ,14637147,CUB,0.191,0.191,50.35,https://worldathletics.org/competitions/world-athletics-championships/world-athletics-championships-tokyo-2025-7190593/results/women/400-metres/round-1/result,2026-09-30T22:53:36Z
WCH2025-400m-W-R1-H4,WCH2025,400m,W,R1,4,2025-09-14,19:49,9.0,Printassia JOHNSON,14387755,BAH,0.186,0.186,50.53,https://worldathletics.org/competitions/world-athletics-championships/world-athletics-championships-tokyo-2025-7190593/results/women/400-metres/round-1/result,2026-09-30T22:53:36Z
WCH2025-400m-W-R1-H4,WCH2025,400m,W,R1,4,2025-09-14,19:49,8.0,Yemi Mary JOHN,14928278,GBR,0.202,0.202,50.71,https://worldathletics.org/competitions/world-athletics-championships/world-athletics-championships-tokyo-2025-7190593/results/women/400-metres/round-1/result,2026-09-30T22:53:36Z
WCH2025-400m-W-R1-H4,WCH2025,400m,W,R1,4,2025-09-14,19:49,2.0,Lada VONDROVÁ,14684777,CZE,0.243,0.243,51.90,https://worldathletics.org/competitions/world-athletics-championships/world-athletics-championships-tokyo-2025-7190593/results/women/400-metres/round-1/result,2026-09-30T22:53:36Z
WCH2025-400m-W-R1-H4,WCH2025,400m,W,R1,4,2025-09-14,19:49,3.0,Dianna PROCTOR,14911291,CAN,0.187,0.187,51.98,https://worldathletics.org/competitions/world-athletics-championships/world-athletics-championships-tokyo-2025-7190593/results/women/400-metres/round-1/result,2026-09-30T22:53:36Z
WCH2025-400m-W-R1-H4,WCH2025,400m,W,R1,4,2025-09-14,19:49,4.0,Gabby SCOTT,14696762,PUR,0.172,0.172,52.55,https://worldathletics.org/competitions/world-athletics-championships/world-athletics-championships-tokyo-2025-7190593/results/women/400-metres/round-1/result,2026-09-30T22:53:36Z
WCH2025-400m-W-R1-H5,WCH2025,400m,W,R1,5,2025-09-14,19:57,5.0,Salwa Eid NASER,14643442,BRN,0.190,0.19,49.13,https://worldathletics.org/competitions/world-athletics-championships/world-athletics-championships-tokyo-2025-7190593/results/women/400-metres/round-1/result,2026-09-30T22:53:36Z
WCH2025-400m-W-R1-H5,WCH2025,400m,W,R1,5,2025-09-14,19:57,7.0,Stacey Ann WILLIAMS,14630564,JAM,0.181,0.181,49.59,https://worldathletics.org/competitions/world-athletics-championships/world-athletics-championships-tokyo-2025-7190593/results/women/400-metres/round-1/result,2026-09-30T22:53:36Z
WCH2025-400m-W-R1-H5,WCH2025,400m,W,R1,5,2025-09-14,19:57,4.0,Andrea MIKLÓS,14573639,ROU,0.175,0.175,50.96,https://worldathletics.org/competitions/world-athletics-championships/world-athletics-championships-tokyo-2025-7190593/results/women/400-metres/round-1/result,2026-09-30T22:53:36Z
WCH2025-400m-W-R1-H5,WCH2025,400m,W,R1,5,2025-09-14,19:57,9.0,Victoria OHURUOGU,14359991,GBR,0.226,0.226,51.37,https://worldathletics.org/competitions/world-athletics-championships/world-athletics-championships-tokyo-2025-7190593/results/women/400-metres/round-1/result,2026-09-30T22:53:36Z
WCH2025-400m-W-R1-H5,WCH2025,400m,W,R1,5,2025-09-14,19:57,6.0,Anna POLINARI,14699307,ITA,0.164,0.164,51.55,https://worldathletics.org/competitions/world-athletics-championships/world-athletics-championships-tokyo-2025-7190593/results/women/400-metres/round-1/result,2026-09-30T22:53:36Z
WCH2025-400m-W-R1-H5,WCH2025,400m,W,R1,5,2025-09-14,19:57,3.0,Shirley NEKHUBUI,14932729,RSA,0.174,0.174,51.82,https://worldathletics.org/competitions/world-athletics-championships/world-athletics-championships-tokyo-2025-7190593/results/women/400-metres/round-1/result,2026-09-30T22:53:36Z
WCH2025-400m-W-R1-H5,WCH2025,400m,W,R1,5,2025-09-14,19:57,1.0,Nanako MATSUMOTO,14547918,JPN,0.211,0.211,52.41,https://worldathletics.org/competitions/world-athletics-championships/world-athletics-championships-tokyo-2025-7190593/results/women/400-metres/round-1/result,2026-09-30T22:53:36Z
WCH2025-400m-W-R1-H5,WCH2025,400m,W,R1,5,2025-09-14,19:57,2.0,Nadeesha RAMANAYAKE,14613892,SRI,0.230,0.23,53.63,https://worldathletics.org/competitions/world-athletics-championships/world-athletics-championships-tokyo-2025-7190593/results/women/400-metres/round-1/result,2026-09-30T22:53:36Z
WCH2025-400m-W-R1-H5,WCH2025,400m,W,R1,5,2025-09-14,19:57,8.0,Evelis AGUILAR,14369345,COL,0.187,0.187,53.82,https://worldathletics.org/competitions/world-athletics-championships/world-athletics-championships-tokyo-2025-7190593/results/women/400-metres/round-1/result,2026-09-30T22:53:36Z
WCH2025-400m-W-R1-H6,WCH2025,400m,W,R1,6,2025-09-14,20:05,6.0,Marileidy PAULINO,14749613,DOM,0.213,0.213,49.85,https://worldathletics.org/competitions/world-athletics-championships/world-athletics-championships-tokyo-2025-7190593/results/women/400-metres/round-1/result,2026-09-30T22:53:36Z
WCH2025-400m-W-R1-H6,WCH2025,400m,W,R1,6,2025-09-14,20:05,5.0,Amber ANNING,14632781,GBR,0.186,0.186,49.96,https://worldathletics.org/competitions/world-athletics-championships/world-athletics-championships-tokyo-2025-7190593/results/women/400-metres/round-1/result,2026-09-30T22:53:36Z
WCH2025-400m-W-R1-H6,WCH2025,400m,W,R1,6,2025-09-14,20:05,8.0,Bassant HEMIDA,14755412,EGY,0.191,0.191,50.36,https://worldathletics.org/competitions/world-athletics-championships/world-athletics-championships-tokyo-2025-7190593/results/women/400-metres/round-1/result,2026-09-30T22:53:36Z
WCH2025-400m-W-R1-H6,WCH2025,400m,W,R1,6,2025-09-14,20:05,7.0,Paula SEVILLA,14595639,ESP,0.172,0.172,50.69,https://worldathletics.org/competitions/world-athletics-championships/world-athletics-championships-tokyo-2025-7190593/results/women/400-metres/round-1/result,2026-09-30T22:53:36Z
WCH2025-400m-W-R1-H6,WCH2025,400m,W,R1,6,2025-09-14,20:05,3.0,Justyna ŚWIĘTY-ERSETIC,14361154,POL,0.218,0.218,51.80,https://worldathletics.org/competitions/world-athletics-championships/world-athletics-championships-tokyo-2025-7190593/results/women/400-metres/round-1/result,2026-09-30T22:53:36Z
WCH2025-400m-W-R1-H6,WCH2025,400m,W,R1,6,2025-09-14,20:05,2.0,Sophie BECKER,14594406,IRL,0.209,0.209,52.19,https://worldathletics.org/competitions/world-athletics-championships/world-athletics-championships-tokyo-2025-7190593/results/women/400-metres/round-1/result,2026-09-30T22:53:36Z
WCH2025-400m-W-R1-H6,WCH2025,400m,W,R1,6,2025-09-14,20:05,9.0,Veronika DRLJAČIĆ,14755727,CRO,0.315,0.315,52.67,https://worldathletics.org/competitions/world-athletics-championships/world-athletics-championships-tokyo-2025-7190593/results/women/400-metres/round-1/result,2026-09-30T22:53:36Z
WCH2025-400m-W-R1-H6,WCH2025,400m,W,R1,6,2025-09-14,20:05,4.0,Susanne GOGL-WALLI,14446721,AUT,0.195,0.195,52.92,https://worldathletics.org/competitions/world-athletics-championships/world-athletics-championships-tokyo-2025-7190593/results/women/400-metres/round-1/result,2026-09-30T22:53:36Z
WCH2025-400m-W-R1-H6,WCH2025,400m,W,R1,6,2025-09-14,20:05,1.0,Samira AWALI BOUBACAR,14913243,NIG,0.309,0.309,52.99,https://worldathletics.org/competitions/world-athletics-championships/world-athletics-championships-tokyo-2025-7190593/results/women/400-metres/round-1/result,2026-09-30T22:53:36Z
WCH2025-400m-W-SF-H1,WCH2025,400m,W,SF,1,2025-09-16,21:07,5.0,Natalia BUKOWIECKA,14642563,POL,0.203,0.203,49.67,https://worldathletics.org/competitions/world-athletics-championships/world-athletics-championships-tokyo-2025-7190593/results/women/400-metres/semi-finals/result,2026-09-30T22:53:39Z
WCH2025-400m-W-SF-H1,WCH2025,400m,W,SF,1,2025-09-16,21:07,6.0,Marileidy PAULINO,14749613,DOM,0.210,0.21,49.82,https://worldathletics.org/competitions/world-athletics-championships/world-athletics-championships-tokyo-2025-7190593/results/women/400-metres/semi-finals/result,2026-09-30T22:53:39Z
WCH2025-400m-W-SF-H1,WCH2025,400m,W,SF,1,2025-09-16,21:07,7.0,Henriette JÆGER,14780807,NOR,0.176,0.176,49.87,https://worldathletics.org/competitions/world-athletics-championships/world-athletics-championships-tokyo-2025-7190593/results/women/400-metres/semi-finals/result,2026-09-30T22:53:39Z
WCH2025-400m-W-SF-H1,WCH2025,400m,W,SF,1,2025-09-16,21:07,3.0,Sada WILLIAMS,14592846,BAR,0.185,0.185,50.39,https://worldathletics.org/competitions/world-athletics-championships/world-athletics-championships-tokyo-2025-7190593/results/women/400-metres/semi-finals/result,2026-09-30T22:53:39Z
WCH2025-400m-W-SF-H1,WCH2025,400m,W,SF,1,2025-09-16,21:07,4.0,Aaliyah BUTLER,14715880,USA,0.161,0.161,50.63,https://worldathletics.org/competitions/world-athletics-championships/world-athletics-championships-tokyo-2025-7190593/results/women/400-metres/semi-finals/result,2026-09-30T22:53:39Z
WCH2025-400m-W-SF-H1,WCH2025,400m,W,SF,1,2025-09-16,21:07,8.0,Wadeline VENLOGH,14756963,HAI,0.202,0.202,50.67,https://worldathletics.org/competitions/world-athletics-championships/world-athletics-championships-tokyo-2025-7190593/results/women/400-metres/semi-finals/result,2026-09-30T22:53:39Z
WCH2025-400m-W-SF-H1,WCH2025,400m,W,SF,1,2025-09-16,21:07,9.0,Dejanea OAKLEY,14836164,JAM,0.179,0.179,51.42,https://worldathletics.org/competitions/world-athletics-championships/world-athletics-championships-tokyo-2025-7190593/results/women/400-metres/semi-finals/result,2026-09-30T22:53:39Z
WCH2025-400m-W-SF-H1,WCH2025,400m,W,SF,1,2025-09-16,21:07,2.0,Yemi Mary JOHN,14928278,GBR,0.236,0.236,51.51,https://worldathletics.org/competitions/world-athletics-championships/world-athletics-championships-tokyo-2025-7190593/results/women/400-metres/semi-finals/result,2026-09-30T22:53:39Z
WCH2025-400m-W-SF-H2,WCH2025,400m,W,SF,2,2025-09-16,21:15,5.0,Salwa Eid NASER,14643442,BRN,0.199,0.199,49.47,https://worldathletics.org/competitions/world-athletics-championships/world-athletics-championships-tokyo-2025-7190593/results/women/400-metres/semi-finals/result,2026-09-30T22:53:39Z
WCH2025-400m-W-SF-H2,WCH2025,400m,W,SF,2,2025-09-16,21:15,9.0,Roxana GÓMEZ,14637147,CUB,0.223,0.223,49.78,https://worldathletics.org/competitions/world-athletics-championships/world-athletics-championships-tokyo-2025-7190593/results/women/400-metres/semi-finals/result,2026-09-30T22:53:39Z
WCH2025-400m-W-SF-H2,WCH2025,400m,W,SF,2,2025-09-16,21:15,6.0,Isabella WHITTAKER,14846088,USA,0.194,0.194,50.20,https://worldathletics.org/competitions/world-athletics-championships/world-athletics-championships-tokyo-2025-7190593/results/women/400-metres/semi-finals/result,2026-09-30T22:53:39Z
WCH2025-400m-W-SF-H2,WCH2025,400m,W,SF,2,2025-09-16,21:15,8.0,Lieke KLAVER,14560483,NED,0.243,0.243,50.25,https://worldathletics.org/competitions/world-athletics-championships/world-athletics-championships-tokyo-2025-7190593/results/women/400-metres/semi-finals/result,2026-09-30T22:53:39Z
WCH2025-400m-W-SF-H2,WCH2025,400m,W,SF,2,2025-09-16,21:15,7.0,Stacey Ann WILLIAMS,14630564,JAM,0.191,0.191,50.39,https://worldathletics.org/competitions/world-athletics-championships/world-athletics-championships-tokyo-2025-7190593/results/women/400-metres/semi-finals/result,2026-09-30T22:53:39Z
WCH2025-400m-W-SF-H2,WCH2025,400m,W,SF,2,2025-09-16,21:15,3.0,Printassia JOHNSON,14387755,BAH,0.184,0.184,50.81,https://worldathletics.org/competitions/world-athletics-championships/world-athletics-championships-tokyo-2025-7190593/results/women/400-metres/semi-finals/result,2026-09-30T22:53:39Z
WCH2025-400m-W-SF-H2,WCH2025,400m,W,SF,2,2025-09-16,21:15,4.0,Mercy Adongo OKETCH,14894311,KEN,0.251,0.251,51.36,https://worldathletics.org/competitions/world-athletics-championships/world-athletics-championships-tokyo-2025-7190593/results/women/400-metres/semi-finals/result,2026-09-30T22:53:39Z
WCH2025-400m-W-SF-H2,WCH2025,400m,W,SF,2,2025-09-16,21:15,2.0,Victoria OHURUOGU,14359991,GBR,0.232,0.232,51.65,https://worldathletics.org/competitions/world-athletics-championships/world-athletics-championships-tokyo-2025-7190593/results/women/400-metres/semi-finals/result,2026-09-30T22:53:39Z
WCH2025-400m-W-SF-H3,WCH2025,400m,W,SF,3,2025-09-16,21:23,8.0,Sydney MCLAUGHLIN-LEVRONE,14624749,USA,0.212,0.212,48.29,https://worldathletics.org/competitions/world-athletics-championships/world-athletics-championships-tokyo-2025-7190593/results/women/400-metres/semi-finals/result,2026-09-30T22:53:39Z
WCH2025-400m-W-SF-H3,WCH2025,400m,W,SF,3,2025-09-16,21:23,6.0,Amber ANNING,14632781,GBR,0.195,0.195,49.38,https://worldathletics.org/competitions/world-athletics-championships/world-athletics-championships-tokyo-2025-7190593/results/women/400-metres/semi-finals/result,2026-09-30T22:53:39Z
WCH2025-400m-W-SF-H3,WCH2025,400m,W,SF,3,2025-09-16,21:23,7.0,Nickisha PRYCE,14685519,JAM,0.191,0.191,49.46,https://worldathletics.org/competitions/world-athletics-championships/world-athletics-championships-tokyo-2025-7190593/results/women/400-metres/semi-finals/result,2026-09-30T22:53:39Z
WCH2025-400m-W-SF-H3,WCH2025,400m,W,SF,3,2025-09-16,21:23,5.0,Martina WEIL,14748703,CHI,0.197,0.197,49.88,https://worldathletics.org/competitions/world-athletics-championships/world-athletics-championships-tokyo-2025-7190593/results/women/400-metres/semi-finals/result,2026-09-30T22:53:39Z
WCH2025-400m-W-SF-H3,WCH2025,400m,W,SF,3,2025-09-16,21:23,9.0,Bassant HEMIDA,14755412,EGY,0.196,0.196,50.69,https://worldathletics.org/competitions/world-athletics-championships/world-athletics-championships-tokyo-2025-7190593/results/women/400-metres/semi-finals/result,2026-09-30T22:53:39Z
WCH2025-400m-W-SF-H3,WCH2025,400m,W,SF,3,2025-09-16,21:23,4.0,Andrea MIKLÓS,14573639,ROU,0.167,0.167,50.90,https://worldathletics.org/competitions/world-athletics-championships/world-athletics-championships-tokyo-2025-7190593/results/women/400-metres/semi-finals/result,2026-09-30T22:53:39Z
WCH2025-400m-W-SF-H3,WCH2025,400m,W,SF,3,2025-09-16,21:23,2.0,Paula SEVILLA,14595639,ESP,0.180,0.18,50.97,https://worldathletics.org/competitions/world-athletics-championships/world-athletics-championships-tokyo-2025-7190593/results/women/400-metres/semi-finals/result,2026-09-30T22:53:39Z
WCH2025-400m-W-SF-H3,WCH2025,400m,W,SF,3,2025-09-16,21:23,3.0,Sharlene MAWDSLEY,14589082,IRL,0.200,0.2,51.22,https://worldathletics.org/competitions/world-athletics-championships/world-athletics-championships-tokyo-2025-7190593/results/women/400-metres/semi-finals/result,2026-09-30T22:53:39Z
WCH2025-4x100m-W-F-H1,WCH2025,4x100m,W,F,1,2025-09-21,21:06,5.0,United States,6,USA,0.154,0.154,41.75,https://worldathletics.org/competitions/world-athletics-championships/world-athletics-championships-tokyo-2025-7190593/results/women/4x100-metres-relay/final/result,2026-09-30T22:54:09Z
WCH2025-4x100m-W-F-H1,WCH2025,4x100m,W,F,1,2025-09-21,21:06,6.0,Jamaica,23,JAM,0.140,0.14,41.79,https://worldathletics.org/competitions/world-athletics-championships/world-athletics-championships-tokyo-2025-7190593/results/women/4x100-metres-relay/final/result,2026-09-30T22:54:09Z
WCH2025-4x100m-W-F-H1,WCH2025,4x100m,W,F,1,2025-09-21,21:06,8.0,Germany,61,GER,0.151,0.151,41.87,https://worldathletics.org/competitions/world-athletics-championships/world-athletics-championships-tokyo-2025-7190593/results/women/4x100-metres-relay/final/result,2026-09-30T22:54:09Z
WCH2025-4x100m-W-F-H1,WCH2025,4x100m,W,F,1,2025-09-21,21:06,4.0,Great Britain & NI,5,GBR,0.140,0.14,42.07,https://worldathletics.org/competitions/world-athletics-championships/world-athletics-championships-tokyo-2025-7190593/results/women/4x100-metres-relay/final/result,2026-09-30T22:54:09Z
WCH2025-4x100m-W-F-H1,WCH2025,4x100m,W,F,1,2025-09-21,21:06,7.0,Spain,88,ESP,0.133,0.133,42.47,https://worldathletics.org/competitions/world-athletics-championships/world-athletics-championships-tokyo-2025-7190593/results/women/4x100-metres-relay/final/result,2026-09-30T22:54:09Z
WCH2025-4x100m-W-F-H1,WCH2025,4x100m,W,F,1,2025-09-21,21:06,9.0,France,52,FRA,0.175,0.175,42.81,https://worldathletics.org/competitions/world-athletics-championships/world-athletics-championships-tokyo-2025-7190593/results/women/4x100-metres-relay/final/result,2026-09-30T22:54:09Z
WCH2025-4x100m-W-F-H1,WCH2025,4x100m,W,F,1,2025-09-21,21:06,2.0,Canada,48,CAN,0.150,0.15,42.82,https://worldathletics.org/competitions/world-athletics-championships/world-athletics-championships-tokyo-2025-7190593/results/women/4x100-metres-relay/final/result,2026-09-30T22:54:09Z
WCH2025-4x100m-W-F-H1,WCH2025,4x100m,W,F,1,2025-09-21,21:06,3.0,Poland,8,POL,0.154,0.154,DQ,https://worldathletics.org/competitions/world-athletics-championships/world-athletics-championships-tokyo-2025-7190593/results/women/4x100-metres-relay/final/result,2026-09-30T22:54:09Z
WCH2025-4x100m-W-R1-H1,WCH2025,4x100m,W,R1,1,2025-09-20,20:45,7.0,Jamaica,23,JAM,0.159,0.159,41.80,https://worldathletics.org/competitions/world-athletics-championships/world-athletics-championships-tokyo-2025-7190593/results/women/4x100-metres-relay/round-1/result,2026-09-30T22:54:12Z
WCH2025-4x100m-W-R1-H1,WCH2025,4x100m,W,R1,1,2025-09-20,20:45,5.0,Spain,88,ESP,0.127,0.127,42.53,https://worldathletics.org/competitions/world-athletics-championships/world-athletics-championships-tokyo-2025-7190593/results/women/4x100-metres-relay/round-1/result,2026-09-30T22:54:12Z
WCH2025-4x100m-W-R1-H1,WCH2025,4x100m,W,R1,1,2025-09-20,20:45,9.0,France,52,FRA,0.195,0.195,42.71,https://worldathletics.org/competitions/world-athletics-championships/world-athletics-championships-tokyo-2025-7190593/results/women/4x100-metres-relay/round-1/result,2026-09-30T22:54:12Z
WCH2025-4x100m-W-R1-H1,WCH2025,4x100m,W,R1,1,2025-09-20,20:45,6.0,Netherlands,55,NED,0.177,0.177,43.62,https://worldathletics.org/competitions/world-athletics-championships/world-athletics-championships-tokyo-2025-7190593/results/women/4x100-metres-relay/round-1/result,2026-09-30T22:54:12Z
WCH2025-4x100m-W-R1-H1,WCH2025,4x100m,W,R1,1,2025-09-20,20:45,2.0,Chile,331,CHI,0.178,0.178,44.07,https://worldathletics.org/competitions/world-athletics-championships/world-athletics-championships-tokyo-2025-7190593/results/women/4x100-metres-relay/round-1/result,2026-09-30T22:54:12Z
WCH2025-4x100m-W-R1-H1,WCH2025,4x100m,W,R1,1,2025-09-20,20:45,4.0,Italy,40,ITA,0.189,0.189,49.41,https://worldathletics.org/competitions/world-athletics-championships/world-athletics-championships-tokyo-2025-7190593/results/women/4x100-metres-relay/round-1/result,2026-09-30T22:54:12Z
WCH2025-4x100m-W-R1-H1,WCH2025,4x100m,W,R1,1,2025-09-20,20:45,3.0,Australia,22,AUS,0.145,0.145,DNF,https://worldathletics.org/competitions/world-athletics-championships/world-athletics-championships-tokyo-2025-7190593/results/women/4x100-metres-relay/round-1/result,2026-09-30T22:54:12Z
WCH2025-4x100m-W-R1-H1,WCH2025,4x100m,W,R1,1,2025-09-20,20:45,8.0,Belgium,47,BEL,0.162,0.162,DQ,https://worldathletics.org/competitions/world-athletics-championships/world-athletics-championships-tokyo-2025-7190593/results/women/4x100-metres-relay/round-1/result,2026-09-30T22:54:12Z
WCH2025-4x100m-W-R1-H2,WCH2025,4x100m,W,R1,2,2025-09-20,20:54,5.0,United States,6,USA,0.165,0.165,41.60,https://worldathletics.org/competitions/world-athletics-championships/world-athletics-championships-tokyo-2025-7190593/results/women/4x100-metres-relay/round-1/result,2026-09-30T22:54:12Z
WCH2025-4x100m-W-R1-H2,WCH2025,4x100m,W,R1,2,2025-09-20,20:54,8.0,Germany,61,GER,0.145,0.145,41.86,https://worldathletics.org/competitions/world-athletics-championships/world-athletics-championships-tokyo-2025-7190593/results/women/4x100-metres-relay/round-1/result,2026-09-30T22:54:12Z
WCH2025-4x100m-W-R1-H2,WCH2025,4x100m,W,R1,2,2025-09-20,20:54,7.0,Great Britain & NI,5,GBR,0.139,0.139,41.88,https://worldathletics.org/competitions/world-athletics-championships/world-athletics-championships-tokyo-2025-7190593/results/women/4x100-metres-relay/round-1/result,2026-09-30T22:54:12Z
WCH2025-4x100m-W-R1-H2,WCH2025,4x100m,W,R1,2,2025-09-20,20:54,6.0,Canada,48,CAN,0.134,0.134,42.38,https://worldathletics.org/competitions/world-athletics-championships/world-athletics-championships-tokyo-2025-7190593/results/women/4x100-metres-relay/round-1/result,2026-09-30T22:54:12Z
WCH2025-4x100m-W-R1-H2,WCH2025,4x100m,W,R1,2,2025-09-20,20:54,3.0,Poland,8,POL,0.165,0.165,42.83,https://worldathletics.org/competitions/world-athletics-championships/world-athletics-championships-tokyo-2025-7190593/results/women/4x100-metres-relay/round-1/result,2026-09-30T22:54:12Z
WCH2025-4x100m-W-R1-H2,WCH2025,4x100m,W,R1,2,2025-09-20,20:54,4.0,PR of China,62,CHN,0.152,0.152,42.94,https://worldathletics.org/competitions/world-athletics-championships/world-athletics-championships-tokyo-2025-7190593/results/women/4x100-metres-relay/round-1/result,2026-09-30T22:54:12Z
WCH2025-4x100m-W-R1-H2,WCH2025,4x100m,W,R1,2,2025-09-20,20:54,2.0,Côte d’Ivoire,127,CIV,0.155,0.155,44.64,https://worldathletics.org/competitions/world-athletics-championships/world-athletics-championships-tokyo-2025-7190593/results/women/4x100-metres-relay/round-1/result,2026-09-30T22:54:12Z
WCH2025-4x100m-W-R1-H2,WCH2025,4x100m,W,R1,2,2025-09-20,20:54,9.0,Switzerland,58,SUI,0.151,0.151,DNF,https://worldathletics.org/competitions/world-athletics-championships/world-athletics-championships-tokyo-2025-7190593/results/women/4x100-metres-relay/round-1/result,2026-09-30T22:54:12Z
WCH2025-4x400m-W-F-H1,WCH2025,4x400m,W,F,1,2025-09-21,20:35,5.0,United States,6,USA,0.163,0.163,3:16.61,https://worldathletics.org/competitions/world-athletics-championships/world-athletics-championships-tokyo-2025-7190593/results/women/4x400-metres-relay/final/result,2026-09-30T22:54:22Z
WCH2025-4x400m-W-F-H1,WCH2025,4x400m,W,F,1,2025-09-21,20:35,6.0,Jamaica,23,JAM,0.146,0.146,3:19.25,https://worldathletics.org/competitions/world-athletics-championships/world-athletics-championships-tokyo-2025-7190593/results/women/4x400-metres-relay/final/result,2026-09-30T22:54:22Z
WCH2025-4x400m-W-F-H1,WCH2025,4x400m,W,F,1,2025-09-21,20:35,9.0,Netherlands,55,NED,0.217,0.217,3:20.18,https://worldathletics.org/competitions/world-athletics-championships/world-athletics-championships-tokyo-2025-7190593/results/women/4x400-metres-relay/final/result,2026-09-30T22:54:22Z
WCH2025-4x400m-W-F-H1,WCH2025,4x400m,W,F,1,2025-09-21,20:35,8.0,Belgium,47,BEL,0.160,0.16,3:22.15,https://worldathletics.org/competitions/world-athletics-championships/world-athletics-championships-tokyo-2025-7190593/results/women/4x400-metres-relay/final/result,2026-09-30T22:54:22Z
WCH2025-4x400m-W-F-H1,WCH2025,4x400m,W,F,1,2025-09-21,20:35,4.0,Poland,8,POL,0.198,0.198,3:22.91,https://worldathletics.org/competitions/world-athletics-championships/world-athletics-championships-tokyo-2025-7190593/results/women/4x400-metres-relay/final/result,2026-09-30T22:54:22Z
WCH2025-4x400m-W-F-H1,WCH2025,4x400m,W,F,1,2025-09-21,20:35,7.0,Norway,94,NOR,0.169,0.169,3:23.71,https://worldathletics.org/competitions/world-athletics-championships/world-athletics-championships-tokyo-2025-7190593/results/women/4x400-metres-relay/final/result,2026-09-30T22:54:22Z
WCH2025-4x400m-W-F-H1,WCH2025,4x400m,W,F,1,2025-09-21,20:35,2.0,France,52,FRA,0.183,0.183,3:24.08,https://worldathletics.org/competitions/world-athletics-championships/world-athletics-championships-tokyo-2025-7190593/results/women/4x400-metres-relay/final/result,2026-09-30T22:54:22Z
WCH2025-4x400m-W-F-H1,WCH2025,4x400m,W,F,1,2025-09-21,20:35,3.0,Italy,40,ITA,0.144,0.144,3:25.00,https://worldathletics.org/competitions/world-athletics-championships/world-athletics-championships-tokyo-2025-7190593/results/women/4x400-metres-relay/final/result,2026-09-30T22:54:22Z
WCH2025-4x400m-W-R1-H1,WCH2025,4x400m,W,R1,1,2025-09-20,20:00,2.0,Jamaica,23,JAM,0.137,0.137,3:22.77,https://worldathletics.org/competitions/world-athletics-championships/world-athletics-championships-tokyo-2025-7190593/results/women/4x400-metres-relay/round-1/result,2026-09-30T22:54:26Z
WCH2025-4x400m-W-R1-H1,WCH2025,4x400m,W,R1,1,2025-09-20,20:00,5.0,Norway,94,NOR,0.163,0.163,3:23.84,https://worldathletics.org/competitions/world-athletics-championships/world-athletics-championships-tokyo-2025-7190593/results/women/4x400-metres-relay/round-1/result,2026-09-30T22:54:26Z
WCH2025-4x400m-W-R1-H1,WCH2025,4x400m,W,R1,1,2025-09-20,20:00,3.0,Poland,8,POL,0.179,0.179,3:24.39,https://worldathletics.org/competitions/world-athletics-championships/world-athletics-championships-tokyo-2025-7190593/results/women/4x400-metres-relay/round-1/result,2026-09-30T22:54:26Z
WCH2025-4x400m-W-R1-H1,WCH2025,4x400m,W,R1,1,2025-09-20,20:00,6.0,Italy,40,ITA,0.139,0.139,3:24.71,https://worldathletics.org/competitions/world-athletics-championships/world-athletics-championships-tokyo-2025-7190593/results/women/4x400-metres-relay/round-1/result,2026-09-30T22:54:26Z
WCH2025-4x400m-W-R1-H1,WCH2025,4x400m,W,R1,1,2025-09-20,20:00,7.0,Spain,88,ESP,0.198,0.198,3:24.76,https://worldathletics.org/competitions/world-athletics-championships/world-athletics-championships-tokyo-2025-7190593/results/women/4x400-metres-relay/round-1/result,2026-09-30T22:54:26Z
WCH2025-4x400m-W-R1-H1,WCH2025,4x400m,W,R1,1,2025-09-20,20:00,8.0,Germany,61,GER,0.195,0.195,3:25.33,https://worldathletics.org/competitions/world-athletics-championships/world-athletics-championships-tokyo-2025-7190593/results/women/4x400-metres-relay/round-1/result,2026-09-30T22:54:26Z
WCH2025-4x400m-W-R1-H1,WCH2025,4x400m,W,R1,1,2025-09-20,20:00,9.0,Australia,22,AUS,0.165,0.165,3:25.43,https://worldathletics.org/competitions/world-athletics-championships/world-athletics-championships-tokyo-2025-7190593/results/women/4x400-metres-relay/round-1/result,2026-09-30T22:54:26Z
WCH2025-4x400m-W-R1-H1,WCH2025,4x400m,W,R1,1,2025-09-20,20:00,4.0,Great Britain & NI,5,GBR,0.222,0.222,3:25.84,https://worldathletics.org/competitions/world-athletics-championships/world-athletics-championships-tokyo-2025-7190593/results/women/4x400-metres-relay/round-1/result,2026-09-30T22:54:26Z
WCH2025-4x400m-W-R1-H2,WCH2025,4x400m,W,R1,2,2025-09-20,20:11,5.0,United States,6,USA,0.146,0.146,3:22.53,https://worldathletics.org/competitions/world-athletics-championships/world-athletics-championships-tokyo-2025-7190593/results/women/4x400-metres-relay/round-1/result,2026-09-30T22:54:26Z
WCH2025-4x400m-W-R1-H2,WCH2025,4x400m,W,R1,2,2025-09-20,20:11,4.0,Belgium,47,BEL,0.208,0.208,3:23.96,https://worldathletics.org/competitions/world-athletics-championships/world-athletics-championships-tokyo-2025-7190593/results/women/4x400-metres-relay/round-1/result,2026-09-30T22:54:26Z
WCH2025-4x400m-W-R1-H2,WCH2025,4x400m,W,R1,2,2025-09-20,20:11,3.0,Netherlands,55,NED,0.197,0.197,3:24.03,https://worldathletics.org/competitions/world-athletics-championships/world-athletics-championships-tokyo-2025-7190593/results/women/4x400-metres-relay/round-1/result,2026-09-30T22:54:26Z
WCH2025-4x400m-W-R1-H2,WCH2025,4x400m,W,R1,2,2025-09-20,20:11,7.0,France,52,FRA,0.170,0.17,3:24.33,https://worldathletics.org/competitions/world-athletics-championships/world-athletics-championships-tokyo-2025-7190593/results/women/4x400-metres-relay/round-1/result,2026-09-30T22:54:26Z
WCH2025-4x400m-W-R1-H2,WCH2025,4x400m,W,R1,2,2025-09-20,20:11,6.0,Canada,48,CAN,0.158,0.158,3:26.33,https://worldathletics.org/competitions/world-athletics-championships/world-athletics-championships-tokyo-2025-7190593/results/women/4x400-metres-relay/round-1/result,2026-09-30T22:54:26Z
WCH2025-4x400m-W-R1-H2,WCH2025,4x400m,W,R1,2,2025-09-20,20:11,2.0,Switzerland,58,SUI,0.133,0.133,3:27.46,https://worldathletics.org/competitions/world-athletics-championships/world-athletics-championships-tokyo-2025-7190593/results/women/4x400-metres-relay/round-1/result,2026-09-30T22:54:26Z
WCH2025-4x400m-W-R1-H2,WCH2025,4x400m,W,R1,2,2025-09-20,20:11,8.0,South Africa,15,RSA,0.194,0.194,3:28.14,https://worldathletics.org/competitions/world-athletics-championships/world-athletics-championships-tokyo-2025-7190593/results/women/4x400-metres-relay/round-1/result,2026-09-30T22:54:26Z
WCH2025-4x400m-W-R1-H2,WCH2025,4x400m,W,R1,2,2025-09-20,20:11,9.0,Ireland,96,IRL,0.200,0.2,3:29.27,https://worldathletics.org/competitions/world-athletics-championships/world-athletics-championships-tokyo-2025-7190593/results/women/4x400-metres-relay/round-1/result,2026-09-30T22:54:26Z
