record_id,year,title,doi,venue,sources,n_hits,has_abstract,stage1,decision,reason,study_id,access_reached,note,chase
t:ashorttermneuralactivationprogramanditseffectonimp-37fe23,,"A short-term neural activation program and its effect on improving reaction time , block clearance, and early acceleration among sprint runners in Kirkuk",,,gs,1,1,to_stage2,exclude,E-LAB,,,,
t:relationshipbetweenauditoryreactiontimeandrunningt-16b575,,RELATIONSHIP BETWEEN AUDITORY REACTION TIME AND RUNNING TIME OF SPRINTERS OF OBAFEMI AWOLOWO UNIVERSITY ATHLETICS TEAM,,,gs,1,1,to_stage2,exclude,E-NA,,search-engine snippet,venue and design not established; snippet mentions IAAF WCH 2003-2009 data,
doi:10.1002/cne.920180503,1908,The relation of strength of stimulus to rapidity of habit‐formation,10.1002/cne.920180503,Journal of Comparative Neurology and Psychology,chase,1,0,to_stage2,exclude,E-OFF,,title/abstract,"stage 2 (reviewer): not an analysis of official championship sprint RTs (cognitive/clinical RT, lab biomechanics or training, non-RT race analysis)",backward:Mukai2020
doi:10.1038/1431047a0,1939,Experimental Psychology,10.1038/1431047a0,Nature,chase,1,0,to_stage2,exclude,E-OFF,,title/abstract,"stage 2 (reviewer): not an analysis of official championship sprint RTs (cognitive/clinical RT, lab biomechanics or training, non-RT race analysis)",backward:Haugen2013
doi:10.1037/h0042317,1956,Time uncertainty in simple reaction time.,10.1037/h0042317,Journal of Experimental Psychology,chase,1,0,to_stage2,exclude,E-OFF,,title/abstract,"stage 2 (reviewer): not an analysis of official championship sprint RTs (cognitive/clinical RT, lab biomechanics or training, non-RT race analysis)",backward:Haugen2013
doi:10.1037/h0049152,1959,Reaction time as a function of foreperiod duration and variability.,10.1037/h0049152,Journal of Experimental Psychology,chase,1,0,to_stage2,exclude,E-OFF,,title/abstract,"stage 2 (reviewer): not an analysis of official championship sprint RTs (cognitive/clinical RT, lab biomechanics or training, non-RT race analysis)",backward:Han2025;backward:Haugen2013
doi:10.1121/1.1907739,1959,Latency of Action Potentials in the Cochlea of the Guinea Pig,10.1121/1.1907739,The Journal of the Acoustical Society of America,chase,1,1,exclude_auto,exclude,E-OFF-auto,,,stage 1: no athletics term,backward:Brown2008
doi:10.1121/1.1930170,1959,Latency of Action Potentials in the Cochlea of Guinea Pig,10.1121/1.1930170,The Journal of the Acoustical Society of America,chase,1,1,exclude_auto,exclude,E-OFF-auto,,,stage 1: no athletics term,backward:Brown2008
doi:10.1152/jappl.1961.16.1.157,1961,Some factors modifying the expression of human strength,10.1152/jappl.1961.16.1.157,Journal of Applied Physiology,chase,1,1,exclude_auto,exclude,E-OFF-auto,,,stage 1: no athletics term,backward:Brown2008
doi:10.1080/10671188.1963.10613242,1963,Reaction Time and Speed of Movement in Males and Females of Various Ages,10.1080/10671188.1963.10613242,Research Quarterly American Association for Health Physical Education and Recreation,chase,1,1,exclude_auto,exclude,E-OFF-auto,,,stage 1: no athletics term,backward:Mitasik2020
doi:10.1037/h0023328,1966,Simple reaction time as a function of the relative frequency of the preparatory interval.,10.1037/h0023328,Journal of Experimental Psychology,chase,1,0,to_stage2,exclude,E-OFF,,title/abstract,"stage 2 (reviewer): not an analysis of official championship sprint RTs (cognitive/clinical RT, lab biomechanics or training, non-RT race analysis)",backward:Haugen2013;backward:Milloz2021_review
doi:10.1080/00221325.1966.10532776,1966,Components of Reaction Time in Relation to Age and Sex,10.1080/00221325.1966.10532776,The Journal of Genetic Psychology,chase,1,1,exclude_auto,exclude,E-OFF-auto,,,stage 1: no athletics term,backward:Mitasik2021;backward:Mitasik2022
doi:10.1037/h0026740,1968,Anticipation and timing in human motor performance.,10.1037/h0026740,Psychological Bulletin,chase,1,1,exclude_auto,exclude,E-OFF-auto,,,stage 1: no athletics term,backward:Haugen2013
doi:10.1152/jn.1968.31.1.44,1968,Interplay of excitation and inhibition in the cat medial geniculate body.,10.1152/jn.1968.31.1.44,Journal of Neurophysiology,chase,1,0,to_stage2,exclude,E-OFF,,title/abstract,"stage 2 (reviewer): not an analysis of official championship sprint RTs (cognitive/clinical RT, lab biomechanics or training, non-RT race analysis)",backward:Brown2008
doi:10.1152/jn.1969.32.6.1005,1969,Sensitivity of single neurons in auditory cortex of cat to binaural tonal stimulation; effects of varying interaural time and intensity.,10.1152/jn.1969.32.6.1005,Journal of Neurophysiology,chase,1,0,to_stage2,exclude,E-OFF,,title/abstract,"stage 2 (reviewer): not an analysis of official championship sprint RTs (cognitive/clinical RT, lab biomechanics or training, non-RT race analysis)",backward:Brown2008
doi:10.1016/b978-0-12-102850-3.x5001-4,1970,Physiological Correlates of Emotion,10.1016/b978-0-12-102850-3.x5001-4,Elsevier eBooks,chase,1,0,to_stage2,exclude,E-OFF,,title/abstract,"stage 2 (reviewer): not an analysis of official championship sprint RTs (cognitive/clinical RT, lab biomechanics or training, non-RT race analysis)",backward:Collet1999
doi:10.1152/jn.1970.33.3.421,1970,Tonotopic organization and discharge characteristics of single neurons in nuclei of the lateral lemniscus of the cat.,10.1152/jn.1970.33.3.421,Journal of Neurophysiology,chase,1,0,to_stage2,exclude,E-OFF,,title/abstract,"stage 2 (reviewer): not an analysis of official championship sprint RTs (cognitive/clinical RT, lab biomechanics or training, non-RT race analysis)",backward:Brown2008
doi:10.1016/0006-8993(73)90169-8,1973,Discharge charateristics of neurons in anteroventral and dorsal cochlear nuclei of cat,10.1016/0006-8993(73)90169-8,Brain Research,chase,1,0,to_stage2,exclude,E-OFF,,title/abstract,"stage 2 (reviewer): not an analysis of official championship sprint RTs (cognitive/clinical RT, lab biomechanics or training, non-RT race analysis)",backward:Brown2008
doi:10.1037/h0034147,1973,Reaction time of young and elderly subjects in relation to perceptual deprivation and signal-on versus signal-off conditions.,10.1037/h0034147,Developmental Psychology,chase,1,0,to_stage2,exclude,E-OFF,,title/abstract,"stage 2 (reviewer): not an analysis of official championship sprint RTs (cognitive/clinical RT, lab biomechanics or training, non-RT race analysis)",backward:Milloz2021_review
doi:10.1080/14640747308400338,1973,Input-Output Relations in Simple Reaction Time Experiments,10.1080/14640747308400338,Quarterly Journal of Experimental Psychology,chase,1,1,exclude_auto,exclude,E-OFF-auto,,,stage 1: no athletics term,backward:Brown2008
doi:10.3758/bf03207243,1973,Simple reaction time as a race between signal detection and time estimation: A paradigm and model,10.3758/bf03207243,Perception & Psychophysics,chase,1,0,to_stage2,exclude,E-OFF,,title/abstract,"stage 2 (reviewer): not an analysis of official championship sprint RTs (cognitive/clinical RT, lab biomechanics or training, non-RT race analysis)",backward:Haugen2013
doi:10.1111/j.1469-8986.1976.tb00091.x,1976,Reaction Time and Heart Rate Between the GET SET and GO of Simulated Races,10.1111/j.1469-8986.1976.tb00091.x,Psychophysiology,chase,1,1,to_stage2,exclude,E-LAB,,,simulated races,backward:Collet1999
doi:10.1152/jappl.1976.40.2.149,1976,Skeletal muscle enzymes and fiber composition in male and female track athletes,10.1152/jappl.1976.40.2.149,Journal of Applied Physiology,chase,1,1,to_stage2,exclude,E-OFF,,title/abstract,"stage 2 (reviewer): not an analysis of official championship sprint RTs (cognitive/clinical RT, lab biomechanics or training, non-RT race analysis)",backward:Tonnessen2013
doi:10.1080/00222895.1977.10735099,1977,"Errors in Motor Responding, “Rapid” Corrections, and False Anticipations",10.1080/00222895.1977.10735099,Journal of Motor Behavior,chase,1,1,exclude_auto,exclude,E-OFF-auto,,,stage 1: no athletics term,backward:Collet1999
doi:10.1016/0013-4694(78)90157-8,1978,Bereitschaftspotential during the acquisition of a skilled motor task,10.1016/0013-4694(78)90157-8,Electroencephalography and Clinical Neurophysiology,chase,1,0,to_stage2,exclude,E-OFF,,title/abstract,"stage 2 (reviewer): not an analysis of official championship sprint RTs (cognitive/clinical RT, lab biomechanics or training, non-RT race analysis)",backward:Collet1999
doi:10.1111/j.1748-1716.1978.tb06208.x,1978,"Skeletal muscle fibre types, enzyme activities and physical performance in young males and females",10.1111/j.1748-1716.1978.tb06208.x,Acta Physiologica Scandinavica,chase,1,1,exclude_auto,exclude,E-OFF-auto,,,stage 1: no athletics term,backward:Pilianidis2012IJPAS
doi:10.1152/jn.1978.41.5.1165,1978,Initial discharge latency and threshold considerations for some neurons in cochlear nuclear complex of the cat.,10.1152/jn.1978.41.5.1165,Journal of Neurophysiology,chase,1,0,to_stage2,exclude,E-OFF,,title/abstract,"stage 2 (reviewer): not an analysis of official championship sprint RTs (cognitive/clinical RT, lab biomechanics or training, non-RT race analysis)",backward:Brown2008
doi:10.1016/b978-0-12-688980-2.50038-2,1980,The Specific Role of Heart Rate in Sensorimotor Integration,10.1016/b978-0-12-688980-2.50038-2,Elsevier eBooks,chase,1,0,to_stage2,exclude,E-OFF,,title/abstract,"stage 2 (reviewer): not an analysis of official championship sprint RTs (cognitive/clinical RT, lab biomechanics or training, non-RT race analysis)",backward:Collet1999
doi:10.3758/bf03207370,1981,Loudness and reaction time: I,10.3758/bf03207370,Perception & Psychophysics,chase,1,0,to_stage2,exclude,E-OFF,,title/abstract,"stage 2 (reviewer): not an analysis of official championship sprint RTs (cognitive/clinical RT, lab biomechanics or training, non-RT race analysis)",backward:Brown2008;backward:Milloz2021_review
doi:10.1016/0013-4694(86)90075-1,1986,Midlatency auditory evoked responses: Differential recovery cycle characteristics,10.1016/0013-4694(86)90075-1,Electroencephalography and Clinical Neurophysiology,chase,1,0,to_stage2,exclude,E-OFF,,title/abstract,"stage 2 (reviewer): not an analysis of official championship sprint RTs (cognitive/clinical RT, lab biomechanics or training, non-RT race analysis)",backward:Milloz2021_review
doi:10.1249/00005768-198602000-00007,1986,Electro-mechanical response times and rate of force development in males and females,10.1249/00005768-198602000-00007,Medicine & Science in Sports & Exercise,chase,1,1,exclude_auto,exclude,E-OFF-auto,,,stage 1: no athletics term,backward:Han2025;backward:MirshamsShahshahani2018
doi:10.1007/bf02700432,1988,Activitas nervosa superior,10.1007/bf02700432,Pavlovian Journal of Biological Science,chase,1,0,to_stage2,exclude,E-OFF,,title/abstract,"stage 2 (reviewer): not an analysis of official championship sprint RTs (cognitive/clinical RT, lab biomechanics or training, non-RT race analysis)",backward:Collet1999
doi:10.1016/0378-5955(88)90088-3,1988,"The relative importance of head size, gender and age on the auditory brainstem response",10.1016/0378-5955(88)90088-3,Hearing Research,chase,1,0,to_stage2,exclude,E-OFF,,title/abstract,"stage 2 (reviewer): not an analysis of official championship sprint RTs (cognitive/clinical RT, lab biomechanics or training, non-RT race analysis)",backward:Lipps2011;backward:MirshamsShahshahani2018
doi:10.1523/jneurosci.08-02-00682.1988,1988,The ontogeny of inhibition and excitation in the gerbil lateral superior olive,10.1523/jneurosci.08-02-00682.1988,Journal of Neuroscience,chase,1,1,exclude_auto,exclude,E-OFF-auto,,,stage 1: no athletics term,backward:Brown2008
doi:10.3758/bf03202603,1988,Fitting the ex-Gaussian equation to reaction time distributions,10.3758/bf03202603,"Behavior Research Methods, Instruments, & Computers",chase,1,0,to_stage2,exclude,E-OFF,,title/abstract,"stage 2 (reviewer): not an analysis of official championship sprint RTs (cognitive/clinical RT, lab biomechanics or training, non-RT race analysis)",backward:Brosnan2017
doi:10.1016/s0987-7053(89)80051-6,1989,Reactivite Corticale Au Cours d'Epreuves De Temps De Reaction Chez Les Springers,10.1016/s0987-7053(89)80051-6,Neurophysiologie Clinique,chase,1,0,to_stage2,exclude,E-LAB,,,,backward:Collet1999
doi:10.2307/2290095,1989,Statistical Power Analysis for the Behavioral Sciences (2nd ed.).,10.2307/2290095,Journal of the American Statistical Association,chase,1,0,to_stage2,exclude,E-OFF,,title/abstract,"stage 2 (reviewer): not an analysis of official championship sprint RTs (cognitive/clinical RT, lab biomechanics or training, non-RT race analysis)",backward:Matic2023
t:motorskillacquisitioninfluencesbrainresponsiveness-b4cee2,1989,Motor skill acquisition influences brain responsiveness in sprinters.,,PubMed,chase,1,1,to_stage2,exclude,E-OFF,,title/abstract,"stage 2 (reviewer): not an analysis of official championship sprint RTs (cognitive/clinical RT, lab biomechanics or training, non-RT race analysis)",backward:Collet1999
t:therelationshipbetweenmusclestrengthandsprintkinem-429069,1989,The relationship between muscle strength and sprint kinematics in elite sprinters.,,PubMed,chase,1,1,to_stage2,exclude,E-OFF,,title/abstract,"stage 2 (reviewer): not an analysis of official championship sprint RTs (cognitive/clinical RT, lab biomechanics or training, non-RT race analysis)",backward:Lipps2011
doi:10.1007/bf00236697,1990,Reaction time and electromyographic activity during a sprint start,10.1007/bf00236697,European Journal of Applied Physiology,chase;gs,2,1,to_stage2,exclude,E-LAB,,abstract,Mero & Komi 1990,backward:Brosnan2017;backward:Collet1999;backward:Fiore2025;backward:Han2025;backward:Lipps2011;backward:Milloz2021_review;backward:Tonnessen2013;backward:Zhang2021
doi:10.1152/jn.1990.63.3.570,1990,Binaural interaction in high-frequency neurons in inferior colliculus of the cat: effects of variations in sound pressure level on sensitivity to interaural intensity differences,10.1152/jn.1990.63.3.570,Journal of Neurophysiology,chase,1,1,exclude_auto,exclude,E-OFF-auto,,,stage 1: no athletics term,backward:Brown2008
t:forcetimedataacquisitionsystemforsprintstarting-d57274,1990,Force-time data acquisition system for sprint starting.,,PubMed,chase,1,1,to_stage2,exclude,E-OFF,,title/abstract,"stage 2 (reviewer): not an analysis of official championship sprint RTs (cognitive/clinical RT, lab biomechanics or training, non-RT race analysis)",backward:Milloz2021_review
doi:10.1016/0031-9384(92)90327-x,1992,Event-related potentials in professional city drivers: Heightened sensitivity to cognitively relevant visual signals,10.1016/0031-9384(92)90327-x,Physiology & Behavior,chase,1,0,to_stage2,exclude,E-OFF,,title/abstract,"stage 2 (reviewer): not an analysis of official championship sprint RTs (cognitive/clinical RT, lab biomechanics or training, non-RT race analysis)",backward:Collet1999
doi:10.1080/02701367.1992.10607573,1992,A Biomechanical Analysis of Four Sprint Start Positions,10.1080/02701367.1992.10607573,Research Quarterly for Exercise and Sport,chase,1,1,to_stage2,exclude,E-OFF,,title/abstract,"stage 2 (reviewer): not an analysis of official championship sprint RTs (cognitive/clinical RT, lab biomechanics or training, non-RT race analysis)",backward:Ntolaptsis2021
doi:10.1093/brain/115.4.1181,1992,THE AUDITORY STARTLE RESPONSE IN THE STEELE-RICHARDSON-OLSZEWSKI SYNDROME AND PARKINSON'S DISEASE,10.1093/brain/115.4.1181,Brain,chase,1,1,exclude_auto,exclude,E-OFF-auto,,,stage 1: no athletics term,backward:Brown2008
doi:10.2165/00007256-199213060-00002,1992,Biomechanics of Sprint Running,10.2165/00007256-199213060-00002,Sports Medicine,chase,1,0,to_stage2,exclude,E-REV,,,review,backward:Brown2008;backward:Collet1999;backward:Haugen2013;backward:Milloz2021_review;backward:Tonnessen2013
doi:10.1080/02640419308729959,1993,Training of the sprint start technique with biomechanical feedback,10.1080/02640419308729959,Journal of Sports Sciences,chase,1,1,to_stage2,exclude,E-OFF,,title/abstract,"stage 2 (reviewer): not an analysis of official championship sprint RTs (cognitive/clinical RT, lab biomechanics or training, non-RT race analysis)",backward:Milloz2021_review
doi:10.1121/1.407485,1993,Gender differences in cochlear response time: An explanation for gender amplitude differences in the unmasked auditory brain-stem response,10.1121/1.407485,The Journal of the Acoustical Society of America,chase,1,1,exclude_auto,exclude,E-OFF-auto,,,stage 1: no athletics term,backward:Lipps2011;backward:Milloz2021_review;backward:MirshamsShahshahani2018
doi:10.1093/geronj/49.4.p179,1994,Age Differences and Changes in Reaction Time: The Baltimore Longitudinal Study of Aging,10.1093/geronj/49.4.p179,Journal of Gerontology,chase,1,1,exclude_auto,exclude,E-OFF-auto,,,stage 1: no athletics term,backward:Mitasik2021;backward:Mitasik2022
doi:10.1109/19.310180,1994,Sprint start instrumentation,10.1109/19.310180,IEEE Transactions on Instrumentation and Measurement,chase,1,1,to_stage2,exclude,E-OFF,,title/abstract,"stage 2 (reviewer): not an analysis of official championship sprint RTs (cognitive/clinical RT, lab biomechanics or training, non-RT race analysis)",backward:Milloz2021_review
t:nozakikaneko1994jspe45thcongressabstracttokyo1991h-ed320d,1994,Nozaki Kaneko 1994 JSPE 45th congress abstract (Tokyo 1991 hand-timed holds),,JSPE congress abstracts,repo,1,0,to_stage2,exclude,E-TYPE,,per lit/novelty-final-check.md,"JSPE congress abstract; hand-timed holds only, no RT analysis (not coded)",
doi:10.1016/0304-3940(94)11790-p,1995,Reaction time and acoustic startle in normal human subjects,10.1016/0304-3940(94)11790-p,Neuroscience Letters,chase,1,0,to_stage2,exclude,E-OFF,,title/abstract,"stage 2 (reviewer): not an analysis of official championship sprint RTs (cognitive/clinical RT, lab biomechanics or training, non-RT race analysis)",backward:Brown2008
doi:10.2466/pms.1995.81.1.299,1995,Observation of Response Strategies in Cycling Time Trials,10.2466/pms.1995.81.1.299,Perceptual and Motor Skills,chase,1,1,to_stage2,exclude,E-SPORT,,title/abstract,stage 2 (reviewer): other sport,backward:Collet1999
doi:10.55782/ane-1995-1061,1995,The effect of stimulus intensity on force output in simple reaction time task in humans,10.55782/ane-1995-1061,Acta Neurobiologiae Experimentalis,chase,1,1,exclude_auto,exclude,E-OFF-auto,,,stage 1: no athletics term,backward:Brown2008
t:martinandbuoncristiani1995reactiontimeolympicfinal-64e954,1995,Martin and Buoncristiani 1995 reaction time Olympic finals,,unknown,repo,1,0,to_stage2,include,INC,MartinBuoncristiani1995,secondary only (Milloz 2021 reference list: New Stud Athl 1995;10:67-9; content via Milloz 2021 and the Paradisis 2004/2006 abstracts),"repo placeholder title; true title ""Influence of reaction time on athletic performance""",
t:physiologicalcharacteristicsoffemale100metresprint-2e596d,1995,Physiological characteristics of female 100 metre sprinters of different performance levels.,,PubMed,chase,1,1,to_stage2,exclude,E-OFF,,title/abstract,"stage 2 (reviewer): not an analysis of official championship sprint RTs (cognitive/clinical RT, lab biomechanics or training, non-RT race analysis)",backward:Tonnessen2013
doi:10.1002/mds.870110213,1996,Rhythmic auditory stimulation in gait training for Parkinson's disease patients,10.1002/mds.870110213,Movement Disorders,chase,1,1,exclude_auto,exclude,E-OFF-auto,,,stage 1: no athletics term,backward:Brown2008
doi:10.1016/s0921-884x(96)95190-5,1996,A comparison of computer-based methods for the determination of onset of muscle contraction using electromyography,10.1016/s0921-884x(96)95190-5,Electroencephalography and Clinical Neurophysiology/Electromyography and Motor Control,chase,1,0,to_stage2,exclude,E-OFF,,title/abstract,"stage 2 (reviewer): not an analysis of official championship sprint RTs (cognitive/clinical RT, lab biomechanics or training, non-RT race analysis)",backward:Milloz2021_review
doi:10.1080/10618600.1996.10474708,1996,Randomized Quantile Residuals,10.1080/10618600.1996.10474708,Journal of Computational and Graphical Statistics,chase,1,1,exclude_auto,exclude,E-OFF-auto,,,stage 1: no athletics term,backward:Fiore2025
doi:10.1093/gerona/51a.5.m226,1996,Effects of Age on Rapid Ankle Torque Development,10.1093/gerona/51a.5.m226,The Journals of Gerontology Series A,chase,1,1,exclude_auto,exclude,E-OFF-auto,,,stage 1: no athletics term,backward:Lipps2011;backward:MirshamsShahshahani2018
doi:10.1016/s0167-9473(97)84761-5,1997,A Guide to Chi-Squared Testing,10.1016/s0167-9473(97)84761-5,Computational Statistics & Data Analysis,chase,1,0,to_stage2,exclude,E-OFF,,title/abstract,"stage 2 (reviewer): not an analysis of official championship sprint RTs (cognitive/clinical RT, lab biomechanics or training, non-RT race analysis)",backward:Brosnan2017
doi:10.1080/08964289.1997.10543549,1997,Psychosocial Influences on Central and Peripheral Vision and Reaction Time During Demanding Tasks,10.1080/08964289.1997.10543549,Behavioral Medicine,chase,1,1,exclude_auto,exclude,E-OFF-auto,,,stage 1: no athletics term,backward:Han2025
doi:10.20693/jspeconf.48.0_498,1997,Problems in false-start judging: differences between false-start devices with different detection methods,10.20693/jspeconf.48.0_498,JSPE congress abstracts,repo,1,0,to_stage2,exclude,E-TYPE,G_Nozaki1997,"full text (J-STAGE scan, per lit/novelty-final-check.md)",JSPE congress abstract,
doi:10.2165/00007256-199723010-00002,1997,Biomechanics of the Sprint Start,10.2165/00007256-199723010-00002,Sports Medicine,chase,1,0,to_stage2,exclude,E-REV,,,review,backward:Milloz2021_review;backward:Ntolaptsis2021
doi:10.2466/pms.1997.85.3.1019,1997,Influence of Physical Exercise on Simple Reaction Time: Effect of Physical Fitness,10.2466/pms.1997.85.3.1019,Perceptual and Motor Skills,chase,1,1,exclude_auto,exclude,E-OFF-auto,,,stage 1: no athletics term,backward:Mitasik2021;backward:Mitasik2022
doi:10.1007/s001060050346,1998,Schalldruckspitzenpegel von Schüssen aus Schreckschußwaffen,10.1007/s001060050346,HNO,chase,1,0,to_stage2,exclude,E-OFF,,title/abstract,"stage 2 (reviewer): not an analysis of official championship sprint RTs (cognitive/clinical RT, lab biomechanics or training, non-RT race analysis)",backward:Brown2008
doi:10.1136/bjsm.32.1.39,1998,A five year physiological case study of an Olympic runner.,10.1136/bjsm.32.1.39,British Journal of Sports Medicine,chase,1,1,exclude_auto,exclude,E-OFF-auto,,,stage 1: no athletics term,backward:Tonnessen2013
doi:10.1212/wnl.51.5.1315,1998,Effects of a startling acoustic stimulus on reaction time in different parkinsonian syndromes,10.1212/wnl.51.5.1315,Neurology,chase,1,1,exclude_auto,exclude,E-OFF-auto,,,stage 1: no athletics term,backward:Brown2008
t:evaluationofarunnersphysiologicalparametersusingdi-4d6a90,1998,EVALUATION OF A RUNNER’S PHYSIOLOGICAL PARAMETERS USING DIFFERENT SPRINT MODELS,,ISBS - Conference Proceedings Archive,openalex;s2,2,1,to_stage2,exclude,E-OFF,,title/abstract,"stage 2 (reviewer): not an analysis of official championship sprint RTs (cognitive/clinical RT, lab biomechanics or training, non-RT race analysis)",
t:kinematicandkineticparametersofthesprintstartandst-084245,1998,Kinematic and kinetic parameters of the sprint start and start acceleration model of top sprinters,,,gs,1,1,to_stage2,exclude,E-OFF,,title/abstract,"stage 2 (reviewer): not an analysis of official championship sprint RTs (cognitive/clinical RT, lab biomechanics or training, non-RT race analysis)",
doi:10.1007/s004210050616,1999,Twitch contractile properties of plantar flexor muscles in power and endurance trained athletes,10.1007/s004210050616,European Journal of Applied Physiology and Occupational Physiology,chase,1,0,to_stage2,exclude,E-OFF,,title/abstract,"stage 2 (reviewer): not an analysis of official championship sprint RTs (cognitive/clinical RT, lab biomechanics or training, non-RT race analysis)",backward:Lipps2011
doi:10.1016/s1350-4533(99)00067-3,1999,Objective motor response onset detection in surface myoelectric signals,10.1016/s1350-4533(99)00067-3,Medical Engineering & Physics,chase,1,1,exclude_auto,exclude,E-OFF-auto,,,stage 1: no athletics term,backward:Milloz2021_review
doi:10.1023/a:1018863909149,1999,Gender Differences in Cheating Attitudes and Classroom Cheating Behavior: A Meta-Analysis,10.1023/a:1018863909149,Sex Roles,chase,1,0,to_stage2,exclude,E-OFF,,title/abstract,"stage 2 (reviewer): not an analysis of official championship sprint RTs (cognitive/clinical RT, lab biomechanics or training, non-RT race analysis)",backward:Brosnan2017
doi:10.1080/001401399185685,1999,Gender differences in choice reaction time: evidence for differential strategies,10.1080/001401399185685,Ergonomics,chase,1,1,exclude_auto,exclude,E-OFF-auto,,,stage 1: no athletics term,backward:Mitasik2020;backward:Tonnessen2013
doi:10.1097/00005768-199903000-00018,1999,Design and analysis of research on sport performance enhancement,10.1097/00005768-199903000-00018,Medicine & Science in Sports & Exercise,chase,1,1,exclude_auto,exclude,E-OFF-auto,,,stage 1: no athletics term,backward:Haugen2013
doi:10.1111/j.1469-7793.1999.0931u.x,1999,Patterned ballistic movements triggered by a startle in healthy humans,10.1111/j.1469-7793.1999.0931u.x,The Journal of Physiology,chase,1,1,exclude_auto,exclude,E-OFF-auto,,,stage 1: no athletics term,backward:Brown2008
doi:10.2466/pms.1999.88.1.65,1999,Strategic Aspects of Reaction Time in World-Class Sprinters,10.2466/pms.1999.88.1.65,Perceptual and Motor Skills,chase;gs;openalex;pubmed;repo;s2,8,1,to_stage2,include,INC,Collet1999,abstract (PubMed),,backward:Brosnan2017;backward:Fiore2025;backward:Haugen2013;backward:Lipps2011;backward:Matic2023;backward:Milloz2021_review;backward:Ntolaptsis2021;backward:Tonnessen2013
doi:10.1016/s0378-5955(00)00146-5,2000,Latency as a function of intensity in auditory neurons: influences of central processing,10.1016/s0378-5955(00)00146-5,Hearing Research,chase,1,0,to_stage2,exclude,E-OFF,,title/abstract,"stage 2 (reviewer): not an analysis of official championship sprint RTs (cognitive/clinical RT, lab biomechanics or training, non-RT race analysis)",backward:Brown2008
doi:10.1152/jappl.2000.89.1.81,2000,Skeletal muscle mass and distribution in 468 men and women aged 18–88 yr,10.1152/jappl.2000.89.1.81,Journal of Applied Physiology,chase,1,1,exclude_auto,exclude,E-OFF-auto,,,stage 1: no athletics term,backward:Lipps2011
doi:10.20693/jspeconf.51.0_438,2000,Nozaki Yokokura 2000 JSPE 51st congress abstract (Seville 1999 Seiko block-force waveforms),10.20693/jspeconf.51.0_438,JSPE congress abstracts,repo,1,0,to_stage2,exclude,E-TYPE,G_NozakiYokokura2000,"full text (page image, per lit/novelty-final-check.md)",JSPE congress abstract; Seville 1999 waveforms reviewed for false-start rulings,
doi:10.9746/sicetr1965.36.159,2000,A New Detection of a Start Action in the Track and Field,10.9746/sicetr1965.36.159,Transactions of the Society of Instrument and Control Engineers,gs;openalex,2,1,to_stage2,exclude,E-LAB,,abstract,Yokokura 2000; detector design,
doi:10.1016/s0160-2896(00)00049-0,2001,Preattentive processing and cognitive ability,10.1016/s0160-2896(00)00049-0,Intelligence,chase,1,0,to_stage2,exclude,E-OFF,,title/abstract,"stage 2 (reviewer): not an analysis of official championship sprint RTs (cognitive/clinical RT, lab biomechanics or training, non-RT race analysis)",backward:Mitasik2020
doi:10.1097/00005768-200104000-00015,2001,Gender differences in adult foot shape: implications for shoe design,10.1097/00005768-200104000-00015,Medicine & Science in Sports & Exercise,chase,1,1,exclude_auto,exclude,E-OFF-auto,,,stage 1: no athletics term,backward:Lipps2011
doi:10.20693/jspeconf.52.0_514,2001,Nozaki Yokokura Kajiwara 2001 JSPE 52nd congress abstract (Seville 1999 vs Sydney 2000 RT),10.20693/jspeconf.52.0_514,JSPE congress abstracts,repo,1,0,to_stage2,exclude,E-TYPE,G_Nozaki2001,"full text (J-STAGE scan, per lit/novelty-final-check.md)",JSPE congress abstract,
t:breakthroughpointsofrecreatingworldrecordofmens100-3aa405,2001,Breakthrough points of recreating world record of men's 100 meter run,,Wuhan Ti-Yuan xuebao,chase,1,1,to_stage2,exclude,E-LANG,,"abstract (English, OpenAlex)",Chinese-language journal (Wuhan Institute of PE); WCH 1991/1997 parameters,backward:Zhang2021
t:sprintperformancetimesrelatedtoblocktimeinolympics-ad6951,2001,Sprint performance times related to block time in Olympic swimmers.,,,gs,1,1,to_stage2,exclude,E-SPORT,,title/abstract,stage 2 (reviewer): other sport,
doi:10.1093/gerona/57.4.m246,2002,"Effects of Age, Step Direction, and Reaction Condition on the Ability to Step Quickly",10.1093/gerona/57.4.m246,The Journals of Gerontology Series A,chase,1,1,exclude_auto,exclude,E-OFF-auto,,,stage 1: no athletics term,backward:Mitasik2020;backward:Mitasik2021;backward:Mitasik2022
doi:10.1093/geronb/57.2.p101,2002,Variability in Reaction Time Performance of Younger and Older Adults,10.1093/geronb/57.2.p101,The Journals of Gerontology Series B,chase,1,1,exclude_auto,exclude,E-OFF-auto,,,stage 1: no athletics term,backward:Mitasik2021;backward:Mitasik2022
doi:10.1111/1467-8624.00391,2002,A Longitudinal Study of Visual Expectation and Reaction Time in the First Year of Life,10.1111/1467-8624.00391,Child Development,chase,1,1,exclude_auto,exclude,E-OFF-auto,,,stage 1: no athletics term,backward:Mitasik2021;backward:Mitasik2022
doi:10.20693/jspeconf.53.0_516,2002,Nozaki Yokokura Kajiwara Ito 2002 JSPE 53rd congress abstract (Sydney 2000 vs Edmonton 2001 RT),10.20693/jspeconf.53.0_516,JSPE congress abstracts,repo,1,0,to_stage2,exclude,E-TYPE,G_Nozaki2002,per lit/novelty-final-check.md (read by forks),JSPE congress abstract,
t:antiagingmedicinehypehopeandreality-9393ac,2002,"Anti-Aging Medicine: Hype, Hope, and Reality",,Generations,openalex;s2,2,1,to_stage2,exclude,E-OFF,,title/abstract,"stage 2 (reviewer): not an analysis of official championship sprint RTs (cognitive/clinical RT, lab biomechanics or training, non-RT race analysis)",
doi:10.1016/s0966-6362(03)00065-1,2003,Sensory cueing effects on maximal speed gait initiation in persons with Parkinson's disease and healthy elders,10.1016/s0966-6362(03)00065-1,Gait & Posture,chase,1,0,to_stage2,exclude,E-OFF,,title/abstract,"stage 2 (reviewer): not an analysis of official championship sprint RTs (cognitive/clinical RT, lab biomechanics or training, non-RT race analysis)",backward:Brown2008
doi:10.1016/s1050-6411(03)00019-1,2003,Trunk muscle onset detection technique for EMG signals with ECG artefact,10.1016/s1050-6411(03)00019-1,Journal of Electromyography and Kinesiology,chase,1,0,to_stage2,exclude,E-OFF,,title/abstract,"stage 2 (reviewer): not an analysis of official championship sprint RTs (cognitive/clinical RT, lab biomechanics or training, non-RT race analysis)",backward:Milloz2021_review
doi:10.1086/377590,2003,ACTN3 Genotype Is Associated with Human Elite Athletic Performance,10.1086/377590,The American Journal of Human Genetics,chase,1,0,to_stage2,exclude,E-OFF,,title/abstract,"stage 2 (reviewer): not an analysis of official championship sprint RTs (cognitive/clinical RT, lab biomechanics or training, non-RT race analysis)",backward:Mukai2020
doi:10.1152/jn.00852.2002,2003,Altered Triggering of a Prepared Movement by a Startling Stimulus,10.1152/jn.00852.2002,Journal of Neurophysiology,chase,1,1,exclude_auto,exclude,E-OFF-auto,,,stage 1: no athletics term,backward:Brown2008
doi:10.1163/156856803322467527,2003,Statistical decision theory and trade-offs in the control of motor response,10.1163/156856803322467527,Spatial Vision,chase,1,1,exclude_auto,exclude,E-OFF-auto,,,stage 1: no athletics term,backward:Mukai2020
doi:10.1249/01.mss.0000079080.15333.ca,2003,Age-Related Differences in 100-m Sprint Performance in Male and Female Master Runners,10.1249/01.mss.0000079080.15333.ca,Medicine & Science in Sports & Exercise,chase,1,1,to_stage2,exclude,E-OFF,,title/abstract,"stage 2 (reviewer): not an analysis of official championship sprint RTs (cognitive/clinical RT, lab biomechanics or training, non-RT race analysis)",backward:Han2025
doi:10.20693/jspeconf.54.0_542,2003,Nozaki Yokokura Kajiwara Ito 2003 JSPE 54th congress abstract (Olympic vs World Championship RT by device),10.20693/jspeconf.54.0_542,JSPE congress abstracts,repo,1,0,to_stage2,exclude,E-TYPE,G_Nozaki2003,"full text (J-STAGE page image, per lit/policy_mechanism.md)",JSPE congress abstract,
t:identifyingreactiontimesinsprintstartsacomparisono-28d9ef,2003,Identifying reaction times in sprint starts: a comparison of wavelet analysis and custom algorithms,,,gs,1,1,to_stage2,exclude,E-LAB,,,onset algorithms,
t:sprintersatthe1996olympicgamesinatlantadidnotheart-630647,2003,Sprinters at the 1996 Olympic Games in Atlanta did not hear the starter's gun through the loudspeakers on the starting blocks,,New Stud Athl 18:23-27,repo,1,0,to_stage2,include,INC,JulinDapena2003,secondary only (title via the Milloz 2021 reference list; content via Brown 2008 and Pain & Hibbs 2007),,
doi:10.1007/s00221-004-1866-5,2004,Ballistic reactions under different motor sets,10.1007/s00221-004-1866-5,Experimental Brain Research,chase,1,0,to_stage2,exclude,E-OFF,,title/abstract,"stage 2 (reviewer): not an analysis of official championship sprint RTs (cognitive/clinical RT, lab biomechanics or training, non-RT race analysis)",forward:Collet1999
doi:10.1007/s00221-004-1924-z,2004,Can prepared responses be stored subcortically?,10.1007/s00221-004-1924-z,Experimental Brain Research,chase,1,0,to_stage2,exclude,E-OFF,,title/abstract,"stage 2 (reviewer): not an analysis of official championship sprint RTs (cognitive/clinical RT, lab biomechanics or training, non-RT race analysis)",backward:Brown2008;backward:Milloz2021_review
doi:10.1016/j.neubiorev.2004.09.007,2004,Systems-level integration of interval timing and reaction time,10.1016/j.neubiorev.2004.09.007,Neuroscience & Biobehavioral Reviews,chase,1,0,to_stage2,exclude,E-OFF,,title/abstract,"stage 2 (reviewer): not an analysis of official championship sprint RTs (cognitive/clinical RT, lab biomechanics or training, non-RT race analysis)",backward:Han2025;backward:Milloz2021_review
doi:10.1016/s1567-424x(09)70394-0,2004,Chapter 58 Contribution of subcortical motor pathways to the execution of ballistic movements,10.1016/s1567-424x(09)70394-0,Supplements to Clinical neurophysiology,chase,1,0,to_stage2,exclude,E-OFF,,title/abstract,"stage 2 (reviewer): not an analysis of official championship sprint RTs (cognitive/clinical RT, lab biomechanics or training, non-RT race analysis)",backward:Brown2008
doi:10.1080/02640410310001641601,2004,Independence of reaction time and response force control during isometric leg extension,10.1080/02640410310001641601,Journal of Sports Sciences,chase,1,1,exclude_auto,exclude,E-OFF-auto,,,stage 1: no athletics term,forward:Collet1999
doi:10.1080/13576500342000158,2004,Aiming in adults: Sex and laterality effects,10.1080/13576500342000158,Laterality Asymmetries of Body Brain and Cognition,chase,1,1,exclude_auto,exclude,E-OFF-auto,,,stage 1: no athletics term,backward:Mitasik2020
doi:10.1097/00005768-200405001-01487,2004,Correlation of Reaction Time and Performance in 60 and 200m Sprint Running,10.1097/00005768-200405001-01487,Medicine & Science in Sports & Exercise,gs;openalex,3,1,to_stage2,exclude,E-TYPE,G_Paradisis2004,abstract (MSSE supplement),ACSM conference abstract,
t:hasthenewfalsestartruleaffectedthereactiontimeofel-a2d859,2004,Has the new false start rule affected the reaction time of elite sprinters ?,,New Stud Athl 19(1):13-19,gs;repo,2,1,to_stage2,include,INC,Ditroilo2004,search-engine snippet; German abstract via BISp per lit/notes/lit_notes_sports.md,,
doi:10.1007/s10162-004-5043-0,2005,Auditory-Nerve Rate Responses are Inconsistent with Common Hypotheses for the Neural Correlates of Loudness Recruitment,10.1007/s10162-004-5043-0,Journal of the Association for Research in Otolaryngology,chase,1,0,to_stage2,exclude,E-OFF,,title/abstract,"stage 2 (reviewer): not an analysis of official championship sprint RTs (cognitive/clinical RT, lab biomechanics or training, non-RT race analysis)",backward:Milloz2021_review
doi:10.1016/j.csm.2004.12.006,2005,Seasonal Allergy and Seasonal Decrements in Athletic Performance,10.1016/j.csm.2004.12.006,Clinics in Sports Medicine,openalex,1,0,to_stage2,exclude,E-OFF,,title/abstract,"stage 2 (reviewer): not an analysis of official championship sprint RTs (cognitive/clinical RT, lab biomechanics or training, non-RT race analysis)",
doi:10.1016/j.tins.2005.05.004,2005,Mechanisms for selection of basic motor programs – roles for the striatum and pallidum,10.1016/j.tins.2005.05.004,Trends in Neurosciences,chase,1,0,to_stage2,exclude,E-OFF,,title/abstract,"stage 2 (reviewer): not an analysis of official championship sprint RTs (cognitive/clinical RT, lab biomechanics or training, non-RT race analysis)",backward:Brown2008
doi:10.1080/02640410500131753,2005,Effects of muscle – tendon length on joint moment and power during sprint starts,10.1080/02640410500131753,Journal of Sports Sciences,chase,1,1,to_stage2,exclude,E-OFF,,title/abstract,"stage 2 (reviewer): not an analysis of official championship sprint RTs (cognitive/clinical RT, lab biomechanics or training, non-RT race analysis)",backward:Lipps2011;backward:Ntolaptsis2021
doi:10.1097/01.csmr.0000306073.52143.32,2005,The Female Athlete,10.1097/01.csmr.0000306073.52143.32,Current Sports Medicine Reports,openalex,1,1,to_stage2,exclude,E-OFF,,title/abstract,"stage 2 (reviewer): not an analysis of official championship sprint RTs (cognitive/clinical RT, lab biomechanics or training, non-RT race analysis)",
doi:10.1111/j.1467-9876.2005.00510.x,2005,"Generalized Additive Models for Location, Scale and Shape",10.1111/j.1467-9876.2005.00510.x,Journal of the Royal Statistical Society Series C (Applied Statistics),chase,1,1,exclude_auto,exclude,E-OFF-auto,,,stage 1: no athletics term,backward:Fiore2025
doi:10.1111/j.1469-8986.2005.00271.x,2005,Committee report: Guidelines for human startle eyeblink electromyographic studies,10.1111/j.1469-8986.2005.00271.x,Psychophysiology,chase,1,1,exclude_auto,exclude,E-OFF-auto,,,stage 1: no athletics term,backward:Brown2008
doi:10.1152/japplphysiol.00216.2005,2005,Improved muscular efficiency displayed as Tour de France champion matures,10.1152/japplphysiol.00216.2005,Journal of Applied Physiology,chase,1,1,exclude_auto,exclude,E-OFF-auto,,,stage 1: no athletics term,backward:Tonnessen2013
doi:10.1152/japplphysiol.01370.2004,2005,Signs of muscle thixotropy during human ballistic wrist joint movements,10.1152/japplphysiol.01370.2004,Journal of Applied Physiology,chase,1,1,exclude_auto,exclude,E-OFF-auto,,,stage 1: no athletics term,forward:Collet1999
doi:10.1198/016214504000001583,2005,Rank-Sum Tests for Clustered Data,10.1198/016214504000001583,Journal of the American Statistical Association,chase,1,1,exclude_auto,exclude,E-OFF-auto,,,stage 1: no athletics term,backward:Fiore2025
doi:10.1249/01.mss.0000150076.36706.b2,2005,Contributions of Selected Fundamental Factors to Wheelchair Basketball Performance,10.1249/01.mss.0000150076.36706.b2,Medicine & Science in Sports & Exercise,chase,1,1,exclude_auto,exclude,E-OFF-auto,,,stage 1: no athletics term,forward:Collet1999
doi:10.3200/jmbr.37.1.35-51,2005,The Excitator as a Minimal Model for the Coordination Dynamics of Discrete and Rhythmic Movement Generation,10.3200/jmbr.37.1.35-51,Journal of Motor Behavior,chase,1,1,to_stage2,exclude,E-OFF,,title/abstract,"stage 2 (reviewer): not an analysis of official championship sprint RTs (cognitive/clinical RT, lab biomechanics or training, non-RT race analysis)",forward:Collet1999
t:anthropometriccomparisonofworldclasssprintersandno-b240c8,2005,Anthropometric comparison of world-class sprinters and normal populations.,,PubMed,chase,1,1,to_stage2,exclude,E-OFF,,title/abstract,"stage 2 (reviewer): not an analysis of official championship sprint RTs (cognitive/clinical RT, lab biomechanics or training, non-RT race analysis)",backward:Lipps2011;backward:Milloz2021_review;backward:MirshamsShahshahani2018
t:startingblockperformanceinsprintersastatisticalmet-6ae095,2005,Starting block performance in sprinters : a statistical method for identifying discriminative parameters of the performance and an analysis of the effect of providing …,,,gs,1,1,to_stage2,exclude,E-OFF,,title/abstract,"stage 2 (reviewer): not an analysis of official championship sprint RTs (cognitive/clinical RT, lab biomechanics or training, non-RT race analysis)",
t:startingblockperformanceinsprintersastatisticalmet-d5473c,2005,Starting Block Performance in Sprinters: A Statistical Method for Identifying Discriminative Parameters of the Performance and an Analysis of the Effect of Providing Feedback over a 6-Week Period.,,PubMed,chase,1,1,to_stage2,exclude,E-OFF,,title/abstract,"stage 2 (reviewer): not an analysis of official championship sprint RTs (cognitive/clinical RT, lab biomechanics or training, non-RT race analysis)",backward:Milloz2021_review
t:theloudgunstartingsystemcurrentlyusedattheolympicg-1b46a1,2005,"THE ""LOUD GUN"" STARTING SYSTEM CURRENTLY USED AT THE OLYMPIC GAMES DOES NOT WORK PROPERLY",,web report (Dapena),chase;repo,2,1,to_stage2,exclude,E-TYPE,G_Dapena2005,"secondary (lit/policy_mechanism.md s3.2, fork-read Wayback copy)",web report,backward:Haugen2013
doi:10.1007/s00221-006-0610-8,2006,Startle produces early response latencies that are distinct from stimulus intensity effects,10.1007/s00221-006-0610-8,Experimental Brain Research,chase,1,0,to_stage2,exclude,E-OFF,,title/abstract,"stage 2 (reviewer): not an analysis of official championship sprint RTs (cognitive/clinical RT, lab biomechanics or training, non-RT race analysis)",backward:Brown2008
doi:10.1007/s11199-006-8869-6,2006,Sex Differences in Simple Visual Reaction Time: A Historical Meta-Analysis,10.1007/s11199-006-8869-6,Sex Roles,chase,1,0,to_stage2,exclude,E-OFF,,title/abstract,"stage 2 (reviewer): not an analysis of official championship sprint RTs (cognitive/clinical RT, lab biomechanics or training, non-RT race analysis)",backward:Milloz2021_review
doi:10.1016/j.brainres.2006.09.004,2006,Correcting for false alarms in a simple reaction time task,10.1016/j.brainres.2006.09.004,Brain Research,chase,1,0,to_stage2,exclude,E-OFF,,title/abstract,"stage 2 (reviewer): not an analysis of official championship sprint RTs (cognitive/clinical RT, lab biomechanics or training, non-RT race analysis)",forward:Collet1999
doi:10.1016/s1567-424x(09)70071-6,2006,"Chapter 18 The startle reflex, voluntary movement, and the reticulospinal tract",10.1016/s1567-424x(09)70071-6,Supplements to Clinical neurophysiology,chase,1,0,to_stage2,exclude,E-OFF,,title/abstract,"stage 2 (reviewer): not an analysis of official championship sprint RTs (cognitive/clinical RT, lab biomechanics or training, non-RT race analysis)",backward:Brown2008
doi:10.1037/0882-7974.21.1.62,2006,Age and sex differences in reaction time in adulthood: Results from the United Kingdom Health and Lifestyle Survey.,10.1037/0882-7974.21.1.62,Psychology and Aging,chase,1,1,exclude_auto,exclude,E-OFF-auto,,,stage 1: no athletics term,backward:Brosnan2017;backward:Lipps2011;backward:Matic2023;backward:Milloz2021_review;backward:Mitasik2021;backward:Mitasik2022
doi:10.1123/jab.22.3.194,2006,The Effect of Muscular Pre-Tensing on the Sprint Start,10.1123/jab.22.3.194,Journal of Applied Biomechanics,chase,1,1,to_stage2,exclude,E-OFF,,title/abstract,"stage 2 (reviewer): not an analysis of official championship sprint RTs (cognitive/clinical RT, lab biomechanics or training, non-RT race analysis)",backward:Matic2023;backward:Pilianidis2012IJPAS
doi:10.1249/00005768-200605001-03037,2006,Correlation of Reaction Time and Performance in 100 m Sprint Running,10.1249/00005768-200605001-03037,Medicine & Science in Sports & Exercise,chase;openalex,2,1,to_stage2,exclude,E-TYPE,G_Paradisis2006,abstract (MSSE supplement),ACSM conference abstract,backward:Zhang2021
doi:10.2466/pms.102.2.589-599,2006,Performance on a Simple Reaction Time Task While Sleep Deprived,10.2466/pms.102.2.589-599,Perceptual and Motor Skills,chase,1,1,exclude_auto,exclude,E-OFF-auto,,,stage 1: no athletics term,backward:Mitasik2020
doi:10.4103/0973-3930.32170,2006,"Auditory and visual reaction time in athletes, healthy controls, and patients of type 1 diabetes mellitus: A comparative study",10.4103/0973-3930.32170,International Journal of Diabetes in Developing Countries,chase,1,0,to_stage2,exclude,E-OFF,,title/abstract,"stage 2 (reviewer): not an analysis of official championship sprint RTs (cognitive/clinical RT, lab biomechanics or training, non-RT race analysis)",backward:Han2025;backward:Milloz2021_review
t:ananalysisofmotorcoordinationinfitversuslessfityou-ff2760,2006,An analysis of motor coordination in fit versus less fit young adult males,,Digital Collections - Ithaca College Library (Ithaca College),chase,1,1,exclude_auto,exclude,E-OFF-auto,,,stage 1: no athletics term,forward:Collet1999
t:longitudinalmonitoringofsportsefficiencyinmens110m-8e27a1,2006,Longitudinal Monitoring of Sports Efficiency in Menś 110 m Hurdles Running in the Top World Competitions,,Digital Repository (National Repository of Grey Literature),openalex,1,1,to_stage2,exclude,E-LANG,,abstract (English),Czech diploma thesis; WCH 1983-2005 110 mH finalists incl. RT,
t:thebiomechanicalmodelofthesprintstartandblockaccel-433e69,2006,The biomechanical model of the sprint start and block acceleration.,,,gs,1,1,to_stage2,exclude,E-OFF,,title/abstract,"stage 2 (reviewer): not an analysis of official championship sprint RTs (cognitive/clinical RT, lab biomechanics or training, non-RT race analysis)",
doi:10.1016/j.actpsy.2007.09.002,2007,Starting with the “right” foot minimizes sprint start time,10.1016/j.actpsy.2007.09.002,Acta Psychologica,chase,1,0,to_stage2,exclude,E-OFF,,title/abstract,"stage 2 (reviewer): not an analysis of official championship sprint RTs (cognitive/clinical RT, lab biomechanics or training, non-RT race analysis)",backward:Milloz2021_review
doi:10.1080/02640410600718004,2007,Sprint starts and the minimum auditory reaction time,10.1080/02640410600718004,Journal of Sports Sciences,chase;gs,2,1,to_stage2,exclude,E-LAB,,full text (per lit/review.md),Pain & Hibbs 2007,backward:Brosnan2017;backward:Brown2008;backward:Fiore2025;backward:Han2025;backward:Haugen2013;backward:Lipps2011;backward:Milloz2021_review;backward:MirshamsShahshahani2018;backward:Tonnessen2013
doi:10.1080/14763140701324818,2007,Validation of an integrated experimental set-up for kinetic and kinematic three-dimensional analyses in a training environment,10.1080/14763140701324818,Sports Biomechanics,chase,1,1,to_stage2,exclude,E-OFF,,title/abstract,"stage 2 (reviewer): not an analysis of official championship sprint RTs (cognitive/clinical RT, lab biomechanics or training, non-RT race analysis)",backward:Zhang2021
doi:10.1136/jnnp.200x.097923,2007,Cueing training in the home improves gait-related mobility in Parkinson's disease: the RESCUE trial,10.1136/jnnp.200x.097923,Journal of Neurology Neurosurgery & Psychiatry,chase,1,1,exclude_auto,exclude,E-OFF-auto,,,stage 1: no athletics term,backward:Brown2008
doi:10.1167/7.5.10,2007,"Trading off speed and accuracy in rapid, goal-directed movements",10.1167/7.5.10,Journal of Vision,chase,1,1,exclude_auto,exclude,E-OFF-auto,,,stage 1: no athletics term,backward:Mukai2020
doi:10.18637/jss.v023.i07,2007,Generalized Additive Models for Location Scale and Shape (GAMLSS) in R,10.18637/jss.v023.i07,Journal of Statistical Software,chase,1,1,exclude_auto,exclude,E-OFF-auto,,,stage 1: no athletics term,backward:Fiore2025
doi:10.2466/pms.104.2.547-561,2007,Perceptual Visual Skills in Young Highly Skilled Basketball Players,10.2466/pms.104.2.547-561,Perceptual and Motor Skills,chase,1,1,exclude_auto,exclude,E-OFF-auto,,,stage 1: no athletics term,forward:Collet1999
doi:10.3200/jmbr.39.5.381-394,2007,"Performing Under Pressure: The Effects of Physiological Arousal, Cognitive Anxiety, and Gaze Control in Biathlon",10.3200/jmbr.39.5.381-394,Journal of Motor Behavior,chase,1,1,exclude_auto,exclude,E-OFF-auto,,,stage 1: no athletics term,backward:Tonnessen2013
doi:10.1016/j.tics.2008.04.010,2008,"Decision making, movement planning and statistical decision theory",10.1016/j.tics.2008.04.010,Trends in Cognitive Sciences,chase,1,0,to_stage2,exclude,E-OFF,,title/abstract,"stage 2 (reviewer): not an analysis of official championship sprint RTs (cognitive/clinical RT, lab biomechanics or training, non-RT race analysis)",backward:Mukai2020
doi:10.1038/news.2008.917,2008,Olympic starter's gun 'unfair',10.1038/news.2008.917,Nature,chase;s2,2,0,to_stage2,exclude,E-TYPE,,,Nature news item on Brown et al. 2008 (not coded),forward:Brown2008
doi:10.1080/24748668.2008.11868436,2008,Reaction time and sprint results in athletics,10.1080/24748668.2008.11868436,International Journal of Performance Analysis in Sport,chase;gs;openalex;s2,4,1,to_stage2,include,INC,Delalija2008,abstract (OpenAlex),,backward:Mitasik2020;backward:Ntolaptsis2021;backward:Tonnessen2013;backward:Zhang2021
doi:10.1093/biostatistics/kxn042,2008,Microarray background correction: maximum likelihood estimation for the normal-exponential convolution,10.1093/biostatistics/kxn042,Biostatistics,chase,1,1,exclude_auto,exclude,E-OFF-auto,,,stage 1: no athletics term,backward:Brosnan2017
doi:10.1249/mss.0b013e31816770e1,2008,"""Go"" Signal Intensity Influences the Sprint Start",10.1249/mss.0b013e31816770e1,Medicine & Science in Sports & Exercise,chase;gs;openalex;pubmed;repo;s2,6,1,to_stage2,include,INC,Brown2008,"full text (author PDF, per lit/review.md)",Athens 2004 lane analysis; the lab arm is context,backward:Brosnan2017;backward:Han2025;backward:Lipps2011;backward:Milloz2021_review;backward:Ntolaptsis2021;backward:Tonnessen2013
doi:10.1519/jsc.0b013e31815f57ad,2008,"The Effects of Plyometric, Tennis-Drills, and Combined Training on Reaction, Lateral and Linear Speed, Power, and Strength in Novice Tennis Players",10.1519/jsc.0b013e31815f57ad,The Journal of Strength and Conditioning Research,chase,1,1,to_stage2,exclude,E-SPORT,,title/abstract,stage 2 (reviewer): other sport,backward:Tonnessen2013;forward:Collet1999
doi:10.2466/pr0.102.2.532-538,2008,Cognitive Demands of Error Processing,10.2466/pr0.102.2.532-538,Psychological Reports,chase,1,1,exclude_auto,exclude,E-OFF-auto,,,stage 1: no athletics term,backward:Mitasik2020
t:midphasemovementsoftysongayandasafapowellinthe100m-2749a4,2008,Mid-phase movements of Tyson Gay and Asafa Powell in the 100 metres at the 2007 World Championships in Athletics,,,s2,1,0,to_stage2,exclude,E-OFF,,title/abstract,"stage 2 (reviewer): not an analysis of official championship sprint RTs (cognitive/clinical RT, lab biomechanics or training, non-RT race analysis)",
t:physicalfitnessandperformancegosignalintensityinfl-b09db0,2008,Physical Fitness and Performance ‘ ‘ Go ’ ’ Signal Intensity Influences the Sprint Start,,,s2,1,0,to_stage2,exclude,E-DUP,,,Semantic Scholar variant record of Brown et al. 2008,
t:reactiontimeandsprintresultinathletics-c9a39b,2008,Reaction time and sprint result in athletics,,,openalex,1,1,to_stage2,exclude,E-DUP,,abstract,"same 250 women, events and competitive levels as Babic & Delalija 2009 NSA 24(1):49-57 (earlier version)",
t:relationshipbetweenreactiontimesprintraceresultand-a3949f,2008,"Relationship between reaction time, sprint race result and age for male sprinters at 2004 Olimpic Games in Athens",,,gs;openalex;s2,3,1,to_stage2,exclude,E-TYPE,G_Babic2008,abstract (World Congress of Performance Analysis of Sport VIII proceedings),conference proceedings; peer review not verified,
t:stereotypethreatinsportanexplanationofblackandwhit-ff265c,2008,STEREOTYPE THREAT IN SPORT: AN EXPLANATION OF BLACK AND WHITE DIFFERENCES,,,s2,1,0,to_stage2,exclude,E-OFF,,title/abstract,"stage 2 (reviewer): not an analysis of official championship sprint RTs (cognitive/clinical RT, lab biomechanics or training, non-RT race analysis)",
t:strengthpowerparametersaspredictorsofsprintingperf-0484a9,2008,Strength-power parameters as predictors of sprinting performance.,,PubMed,chase,1,1,to_stage2,exclude,E-OFF,,title/abstract,"stage 2 (reviewer): not an analysis of official championship sprint RTs (cognitive/clinical RT, lab biomechanics or training, non-RT race analysis)",backward:Milloz2021_review;backward:Tonnessen2013
doi:10.1007/s00221-009-1979-y,2009,"Music performance anxiety in skilled pianists: effects of social-evaluative performance situation on subjective, autonomic, and electromyographic reactions",10.1007/s00221-009-1979-y,Experimental Brain Research,chase,1,0,to_stage2,exclude,E-OFF,,title/abstract,"stage 2 (reviewer): not an analysis of official championship sprint RTs (cognitive/clinical RT, lab biomechanics or training, non-RT race analysis)",backward:Mukai2020
doi:10.1017/s0952523808080905,2009,Bayesian decision theory as a model of human visual perception: Testing Bayesian transfer,10.1017/s0952523808080905,Visual Neuroscience,chase,1,1,exclude_auto,exclude,E-OFF-auto,,,stage 1: no athletics term,backward:Mukai2020
doi:10.1073/pnas.0900102106,2009,Economic decision-making compared with an equivalent motor task,10.1073/pnas.0900102106,Proceedings of the National Academy of Sciences,chase,1,1,exclude_auto,exclude,E-OFF-auto,,,stage 1: no athletics term,backward:Mukai2020
doi:10.3906/sag-0809-44,2009,Athletes have faster eye-hand visual reaction times and higher scores on visuospatial intelligence than nonathletes,10.3906/sag-0809-44,TURKISH JOURNAL OF MEDICAL SCIENCES,chase,1,1,exclude_auto,exclude,E-OFF-auto,,,stage 1: no athletics term,backward:Han2025;backward:Milloz2021_review
t:biomechanicalanalysisofthesprintandhurdleseventsat-80cf91,2009,Biomechanical analysis of the sprint and hurdles events at the 2009 IAAF World Championships in Athletics,,,gs,1,1,to_stage2,exclude,E-DESC,,"full text (NSA 26(1/2):19-53, PDF)",RT tabulated per finalist and used for split times; no RT comparison or test,
t:ongenderdifferencesinthereactiontimesofsprintersat-f23374,2009,ON GENDER DIFFERENCES IN THE REACTION TIMES OF SPRINTERS AT THE 2008 BEIJING OLYMPICS,,,gs;s2,2,1,to_stage2,exclude,E-DUP,,search snippet,ASB 2009 conference version of Lipps et al. 2011 (same data and finding),
t:reactiontimetrendsinthesprintandhurdleeventsatthe2-8a0a81,2009,Reaction Time Trends in the Sprint and Hurdle Events at the 2004 Olympic Games: Differences Between Male and Female Athletes,,New Stud Athl 24(1):59-68,chase;gs;openalex;repo;s2,5,1,to_stage2,include,INC,BabicDelalija2009sex,"full text (WA NSA download, per lit/systematic_forensics.md)",,backward:Fiore2025;backward:Matic2023;backward:Milloz2021_review;backward:Ntolaptsis2021
t:reactiontimetrendsinthewomenssprintandhurdleevents-65c129,2009,Reaction Time Trends in the Women’ s Sprint and Hurdle Events at the 2004 Olympic Games,,New Stud Athl 24(1):49-57,chase;openalex;repo;s2,4,1,to_stage2,include,INC,BabicDelalija2009women,abstract (OpenAlex),,backward:Milloz2021_review;backward:Zhang2021
doi:10.1016/j.jbiomech.2010.01.044,2010,Segment-interaction in sprint start: Analysis of 3D angular velocity and kinetic energy in elite sprinters,10.1016/j.jbiomech.2010.01.044,Journal of Biomechanics,chase,1,0,to_stage2,exclude,E-OFF,,title/abstract,"stage 2 (reviewer): not an analysis of official championship sprint RTs (cognitive/clinical RT, lab biomechanics or training, non-RT race analysis)",backward:Milloz2021_review
doi:10.1016/j.proeng.2010.04.188,2010,"Poster Session II, July 14th 2010 — Abstracts",10.1016/j.proeng.2010.04.188,Procedia Engineering,openalex;s2,2,1,to_stage2,exclude,E-TYPE,,,conference abstract collection (not coded),
doi:10.1080/14763141.2010.538713,2010,Choice of sprint start performance measure affects the performance-based ranking within a group of sprinters: which is the most appropriate measure?,10.1080/14763141.2010.538713,Sports Biomechanics,chase,1,1,to_stage2,exclude,E-OFF,,title/abstract,"stage 2 (reviewer): not an analysis of official championship sprint RTs (cognitive/clinical RT, lab biomechanics or training, non-RT race analysis)",backward:Milloz2021_review
doi:10.1097/jsm.0b013e3181fc0a98,2010,Decision Making Processes in Sports and in Medicine: Refereeing the Game,10.1097/jsm.0b013e3181fc0a98,Clinical Journal of Sport Medicine,chase,1,1,to_stage2,exclude,E-OFF,,title/abstract,"stage 2 (reviewer): not an analysis of official championship sprint RTs (cognitive/clinical RT, lab biomechanics or training, non-RT race analysis)",forward:Collet1999
doi:10.1249/mss.0b013e3181be9c7e,2010,Neuromuscular Performance of Explosive Power Athletes versus Untrained Individuals,10.1249/mss.0b013e3181be9c7e,Medicine & Science in Sports & Exercise,chase,1,1,exclude_auto,exclude,E-OFF-auto,,,stage 1: no athletics term,backward:Milloz2021_review
doi:10.1249/mss.0b013e3181f1cc51,2010,Can a Clinical Test of Reaction Time Predict a Functional Head-Protective Response?,10.1249/mss.0b013e3181f1cc51,Medicine & Science in Sports & Exercise,chase,1,1,exclude_auto,exclude,E-OFF-auto,,,stage 1: no athletics term,forward:Brown2008
doi:10.1519/jsc.0b013e3181ad3448,2010,Kinematic and Kinetic Comparisons of Elite and Well-Trained Sprinters During Sprint Start,10.1519/jsc.0b013e3181ad3448,The Journal of Strength and Conditioning Research,chase;gs,2,1,to_stage2,exclude,E-OFF,,title/abstract,"stage 2 (reviewer): not an analysis of official championship sprint RTs (cognitive/clinical RT, lab biomechanics or training, non-RT race analysis)",backward:Milloz2021_review
doi:10.1519/jsc.0b013e3181c7c536,2010,Gender Influence on Response Time to Sensory Stimuli,10.1519/jsc.0b013e3181c7c536,The Journal of Strength and Conditioning Research,chase,1,1,exclude_auto,exclude,E-OFF-auto,,,stage 1: no athletics term,backward:Milloz2021_review;backward:Tonnessen2013
doi:10.1519/jsc.0b013e3181d09e4c,2010,Response Time to Stimuli in Division I Soccer Players,10.1519/jsc.0b013e3181d09e4c,The Journal of Strength and Conditioning Research,chase,1,1,to_stage2,exclude,E-SPORT,,title/abstract,stage 2 (reviewer): other sport,backward:Tonnessen2013
doi:10.4236/nm.2010.11004,2010,Comparison between Auditory and Visual Simple Reaction Times,10.4236/nm.2010.11004,Neuroscience &amp Medicine,chase,1,1,exclude_auto,exclude,E-OFF-auto,,,stage 1: no athletics term,backward:Milloz2021_review
t:acomparativestudyonsprintersstartreactiontimeinthe-cdab44,2010,A Comparative Study on Sprinters' Start Reaction Time in the 29th Olympic Games,,Journal of Zhaoqing University,openalex;s2,2,1,to_stage2,exclude,E-LANG,,abstract (English),Chinese-language journal; Beijing 2008 RT by event and level,
t:comparativeanalysisofthestartreactiontimesinsprint-bae390,2010,COMPARATIVE ANALYSIS OF THE START REACTION TIMES IN SPRINT OR HURDLES EVENTS IN VARIOUS AGE GROUPS,,,openalex;s2,2,1,to_stage2,exclude,E-NA,,abstract truncated before results,Romanian national competitions (Alge StartJudge); venue not identified,
t:motorlearningandcontrolfromtheorytopractice-139f95,2010,Motor Learning and Control: From Theory to Practice,,Medical Entomology and Zoology,chase,1,1,exclude_auto,exclude,E-OFF-auto,,,stage 1: no athletics term,backward:Milloz2021_review
t:racepatternof60mhurdlesinworldclasssprinthurdlersa-9a7710,2010,RACE PATTERN OF 60-M HURDLES IN WORLD-CLASS SPRINT HURDLERS: A BIOMECHANICAL ANALYSIS OF WORLD INDOOR CHAMPIONSHIPS 2010,,ISBS - Conference Proceedings Archive,chase,1,1,to_stage2,exclude,E-OFF,,title/abstract,"stage 2 (reviewer): not an analysis of official championship sprint RTs (cognitive/clinical RT, lab biomechanics or training, non-RT race analysis)",backward:Ntolaptsis2021
doi:10.1037/a0023225,2011,"Anxiety, movement kinematics, and visual attention in elite-level performers.",10.1037/a0023225,Emotion,chase,1,1,to_stage2,exclude,E-OFF,,title/abstract,"stage 2 (reviewer): not an analysis of official championship sprint RTs (cognitive/clinical RT, lab biomechanics or training, non-RT race analysis)",backward:Tonnessen2013
doi:10.1080/17461391.2011.552640,2011,Environmental and venue‐related factors affecting the performance of elite male track athletes,10.1080/17461391.2011.552640,European Journal of Sport Science,chase;openalex;s2,3,1,to_stage2,exclude,E-OFF,,title/abstract,"stage 2 (reviewer): not an analysis of official championship sprint RTs (cognitive/clinical RT, lab biomechanics or training, non-RT race analysis)",backward:Han2025
doi:10.1260/1747-9541.6.3.479,2011,The Science of Speed: Determinants of Performance in the 100 m Sprint,10.1260/1747-9541.6.3.479,International Journal of Sports Science & Coaching,chase;gs,2,1,to_stage2,exclude,E-REV,,,review,backward:Ntolaptsis2021;forward:Brown2008
doi:10.1371/journal.pone.0026141,2011,On the Implications of a Sex Difference in the Reaction Times of Sprinters at the Beijing Olympics,10.1371/journal.pone.0026141,PLoS ONE,chase;gs;openalex;pubmed;repo;s2,6,1,to_stage2,include,INC,Lipps2011,full text (PMC),,backward:Brosnan2017;backward:Fiore2025;backward:Han2025;backward:Milloz2021_review;backward:MirshamsShahshahani2018;backward:Ntolaptsis2021;backward:Zhang2021;forward:Brown2008;forward:Collet1999
t:biofeedbackreactiontimetrainingtowardolympicgold-24add2,2011,Biofeedback reaction - time training: Toward Olympic gold,,,gs,1,1,to_stage2,exclude,E-LAB,,,,
t:dropoutrateanddropoutreasonsamongpromisingnorwegia-828c24,2011,Drop-out rate and drop-out reasons among promising Norwegian track and field athletes: a 25 year study.,,BIBSYS Brage (BIBSYS (Norway)),chase,1,1,to_stage2,exclude,E-OFF,,title/abstract,"stage 2 (reviewer): not an analysis of official championship sprint RTs (cognitive/clinical RT, lab biomechanics or training, non-RT race analysis)",backward:Tonnessen2013
t:effectoffalsestartrulechangeonstartreactiontimeofw-484c39,2011,Effect of False Start Rule Change on Start Reaction Time of World Championships in Athletics,,,gs,1,1,to_stage2,exclude,E-TYPE,G_Yokokura2011,search-engine snippet (proceedings PDF on academia.edu),conference proceedings (Cairo); peer review not verified,
t:researchonthedifferentstartreactiontimeofthemalean-da2d89,2011,Research on the Different Start Reaction Time of the Male and Female Athletes in the 100m Dash of the 16th Asian Games,,Sport Science and Technology,chase,1,1,to_stage2,exclude,E-LANG,,abstract (English),Chinese-language journal; Asian Games 2010 sex difference and a proposed 25 kg threshold for women,backward:Zhang2021
t:sprinterskotrcanjedjecepredskolskeimlaeskolskedobi-6ee644,2011,Sprintersko trčanje djece predškolske i mlađe školske dobi,,Hrčak Portal of scientific journals of Croatia (University Computing Centre),openalex,1,1,to_stage2,exclude,E-LANG,,,Croatian article on children (off-topic),
t:startreactiontimeandperformancetimeinwomenssprinta-4b57cd,2011,Start reaction time and performance time in women’s sprint at the world championships in athletics,,Studies in physical Culture &Tourism,chase;gs;openalex;repo;s2,5,1,to_stage2,include,INC,Pilianidis2011,abstract (OpenAlex),,backward:Milloz2021_review
doi:10.1016/j.conb.2012.05.003,2012,Motor control is decision-making,10.1016/j.conb.2012.05.003,Current Opinion in Neurobiology,chase,1,0,to_stage2,exclude,E-OFF,,title/abstract,"stage 2 (reviewer): not an analysis of official championship sprint RTs (cognitive/clinical RT, lab biomechanics or training, non-RT race analysis)",backward:Mukai2020
doi:10.1055/s-0032-1304587,2012,"3D Kinematic of Bunched, Medium and Elongated Sprint Start",10.1055/s-0032-1304587,International Journal of Sports Medicine,chase,1,1,to_stage2,exclude,E-OFF,,title/abstract,"stage 2 (reviewer): not an analysis of official championship sprint RTs (cognitive/clinical RT, lab biomechanics or training, non-RT race analysis)",backward:Milloz2021_review
doi:10.1055/s-0032-1306283,2012,Spring Mass Characteristics of the Fastest Men on Earth,10.1055/s-0032-1306283,International Journal of Sports Medicine,chase,1,1,to_stage2,exclude,E-OFF,,title/abstract,"stage 2 (reviewer): not an analysis of official championship sprint RTs (cognitive/clinical RT, lab biomechanics or training, non-RT race analysis)",backward:Han2025
doi:10.1080/02640414.2012.746724,2012,The effect of different starting procedures on sprinters’ reaction time,10.1080/02640414.2012.746724,Journal of Sports Sciences,chase;gs;openalex;pubmed;repo;s2,6,1,to_stage2,include,INC,Haugen2013,abstract (PubMed); design reconstruction lit/systematic_forensics.md s1,,backward:Brosnan2017;backward:Fiore2025;backward:Han2025;backward:Matic2023;backward:Milloz2021_review;backward:Mitasik2020;backward:Ntolaptsis2021;forward:Collet1999;forward:Tonnessen2013
doi:10.1080/02640414.2012.746726,2012,How gender and task difficulty affect a sport-protective response in young adults,10.1080/02640414.2012.746726,Journal of Sports Sciences,chase,1,1,exclude_auto,exclude,E-OFF-auto,,,stage 1: no athletics term,forward:Lipps2011
doi:10.1080/17461391.2010.536580,2012,Comparison of anthropometric characteristics and sprint start performance between elite adolescent and adult sprint athletes,10.1080/17461391.2010.536580,European Journal of Sport Science,chase;gs,2,1,to_stage2,exclude,E-OFF,,title/abstract,"stage 2 (reviewer): not an analysis of official championship sprint RTs (cognitive/clinical RT, lab biomechanics or training, non-RT race analysis)",backward:Milloz2021_review
doi:10.1080/17461391.2012.738712,2012,Reaction time and anticipatory skill of athletes in open and closed skill‐dominated sport,10.1080/17461391.2012.738712,European Journal of Sport Science,chase,1,1,to_stage2,exclude,E-OFF,,title/abstract,"stage 2 (reviewer): not an analysis of official championship sprint RTs (cognitive/clinical RT, lab biomechanics or training, non-RT race analysis)",backward:Milloz2021_review;forward:Collet1999
doi:10.1080/24748668.2012.11868587,2012,Start reaction time and performance at the sprint events in World Athletic Championships,10.1080/24748668.2012.11868587,International Journal of Performance Analysis in Sport,chase;gs;openalex;repo;s2,5,1,to_stage2,include,INC,Pilianidis2012WCH,abstract (OpenAlex),abstract says World Indoor but lists outdoor WCH 1997-2009,backward:Han2025;backward:Mitasik2020;backward:Ntolaptsis2021;backward:Zhang2021
doi:10.1519/jsc.0b013e318226030b,2012,The Difference Is in the Start: Impact of Timing and Start Procedure on Sprint Running Performance,10.1519/jsc.0b013e318226030b,The Journal of Strength and Conditioning Research,chase;gs,2,1,to_stage2,exclude,E-OFF,,title/abstract,"stage 2 (reviewer): not an analysis of official championship sprint RTs (cognitive/clinical RT, lab biomechanics or training, non-RT race analysis)",backward:Haugen2013
doi:10.1519/jsc.0b013e31826520c3,2012,Reaction Time Aspects of Elite Sprinters in Athletic World Championships,10.1519/jsc.0b013e31826520c3,The Journal of Strength and Conditioning Research,chase;gs;openalex;pubmed;repo;s2,6,1,to_stage2,include,INC,Tonnessen2013,abstract (PubMed); design via Pushkar et al. 2014 (full text),,backward:Brosnan2017;backward:Fiore2025;backward:Haugen2013;backward:Matic2023;backward:Milloz2021_review;backward:Mitasik2021;backward:Mitasik2022;backward:Mukai2020;backward:Ntolaptsis2021;forward:Brown2008;forward:Collet1999
t:comparativestudyofathletesreactiontimeandperforman-8b873e,2012,Comparative Study of Athletes Reaction Time and Performance at the Sprint Events in World Indoor Athletics Championships,,,s2,1,0,to_stage2,exclude,E-NA,,title only (Semantic Scholar),no abstract or venue; Semantic Scholar rate-limited,
t:exploringthepossibilityofliuxiangswinninginthe2012-2a814c,2012,Exploring the Possibility of Liu Xiang's Winning in the 2012 London Olympic Games——An illustration on the Technical Analysis of Liu Xiang and Robles in the 60 Meters Hurdles Finals in Birmingham,,Hubei Sports Science,openalex;s2,2,1,to_stage2,exclude,E-LANG,,abstract (English),Chinese-language journal,
t:researchonthefeaturesofprestartbackkicktimepressur-01cab3,2012,Research on the Features of Pre-start Back Kick Time-pressure Curve of Sprint——Based on the Sample of the 100-metre Male Sprinters in the 16th Asian Games,,Beijing Tiyu Daxue xuebao,chase,1,1,to_stage2,exclude,E-LANG,,abstract (English),Chinese-language journal; Asian Games 2010 block-force curves,backward:Zhang2021
t:startreactiontimeandperformanceatthesprinteventsin-aae0ce,2012,Start reaction time and performance at the sprint events in the Olympic Games,,Kinesiology,gs;repo,2,1,to_stage2,include,INC,Pilianidis2012OG,abstract (OpenAlex record with Croatian title; Kinesiology),,
t:staticstretchingversusdynamicwarmuptheeffectonchoi-b0e3ab,2012,Static Stretching versus Dynamic Warm Up: The Effect on Choice Reaction Time as Measured by the Makoto Arena II,,The Sport Journal,chase,1,1,to_stage2,exclude,E-OFF,,title/abstract,"stage 2 (reviewer): not an analysis of official championship sprint RTs (cognitive/clinical RT, lab biomechanics or training, non-RT race analysis)",backward:Mitasik2021
t:studyregardingtherelationbetweentheaccumulationofp-b0520a,2012,"Study regarding the relation between the accumulation of psycho-motor experience in the practice of sprint events, and the value of the start reaction time",,,gs,1,1,to_stage2,exclude,E-NA,,search-engine snippet,Gymnasium (Bacau) 2012; journal site timed out; design not established,
t:vrijemestartnereakcijeirezultattrcanjausprinterski-4189c7,2012,VRIJEME STARTNE REAKCIJE I REZULTAT TRČANJA U SPRINTERSKIM DISCIPLINAMA NA OLIMPIJSKIM IGRAMA,,,chase;openalex;s2,3,1,to_stage2,exclude,E-DUP,,abstract,Croatian-title record of Pilianidis et al. 2012 (Kinesiology; English article; its English abstract was used for coding),backward:Milloz2021_review;backward:Ntolaptsis2021;forward:Collet1999
doi:10.1007/s00221-013-3648-4,2013,A model of motor performance during surface penetration: from physics to voluntary control,10.1007/s00221-013-3648-4,Experimental Brain Research,chase,1,0,to_stage2,exclude,E-OFF,,title/abstract,"stage 2 (reviewer): not an analysis of official championship sprint RTs (cognitive/clinical RT, lab biomechanics or training, non-RT race analysis)",forward:Lipps2011
doi:10.1016/j.proeng.2013.07.073,2013,A Novel Method for the Evaluation and Certification of false Start Apparatus in Sprint Running,10.1016/j.proeng.2013.07.073,Procedia Engineering,chase;gs,2,1,to_stage2,exclude,E-LAB,,abstract,Willwacher et al. 2013 (start robot),backward:Fiore2025;backward:Han2025;backward:Milloz2021_review;backward:MirshamsShahshahani2018
doi:10.1080/00222895.2012.746283,2013,The Gunslinger Effect: Why Are Movements Made Faster When Responding to Versus Initiating an Action?,10.1080/00222895.2012.746283,Journal of Motor Behavior,chase,1,1,exclude_auto,exclude,E-OFF-auto,,,stage 1: no athletics term,forward:Brown2008
doi:10.1080/02640414.2013.797097,2013,Attentional focus effects on sprint start performance as a function of skill level,10.1080/02640414.2013.797097,Journal of Sports Sciences,chase,1,1,to_stage2,exclude,E-OFF,,title/abstract,"stage 2 (reviewer): not an analysis of official championship sprint RTs (cognitive/clinical RT, lab biomechanics or training, non-RT race analysis)",backward:Ntolaptsis2021
doi:10.1080/24748668.2013.11868663,2013,European Judo Championships: impact of the new rule changes on points and penalties,10.1080/24748668.2013.11868663,International Journal of Performance Analysis in Sport,chase,1,1,exclude_auto,exclude,E-OFF-auto,,,stage 1: no athletics term,backward:Han2025
doi:10.1109/bibe.2013.6701701,2013,Bonferroni correction hides significant motif combinations,10.1109/bibe.2013.6701701,,chase,1,1,exclude_auto,exclude,E-OFF-auto,,,stage 1: no athletics term,backward:Han2025
doi:10.1249/01.mss.0000433642.67566.6b,2013,B-33 Free Communication/Poster - Soccer,10.1249/01.mss.0000433642.67566.6b,Medicine & Science in Sports & Exercise,openalex,1,1,to_stage2,exclude,E-SPORT,,title/abstract,stage 2 (reviewer): other sport,
doi:10.1249/01.mss.0000433664.45616.f1,2013,C-26 Free Communication/Poster - Caffeine and other Stimulants,10.1249/01.mss.0000433664.45616.f1,Medicine & Science in Sports & Exercise,openalex,1,1,to_stage2,exclude,E-OFF,,title/abstract,"stage 2 (reviewer): not an analysis of official championship sprint RTs (cognitive/clinical RT, lab biomechanics or training, non-RT race analysis)",
doi:10.1249/mss.0000000000000140,2013,Effect of Acute Exercise on Clinically Measured Reaction Time in Collegiate Athletes,10.1249/mss.0000000000000140,Medicine & Science in Sports & Exercise,chase,1,1,to_stage2,exclude,E-OFF,,title/abstract,"stage 2 (reviewer): not an analysis of official championship sprint RTs (cognitive/clinical RT, lab biomechanics or training, non-RT race analysis)",forward:Brown2008
doi:10.1371/journal.pone.0076707,2013,A Comparison of Blue Light and Caffeine Effects on Cognitive Function and Alertness in Humans,10.1371/journal.pone.0076707,PLoS ONE,chase,1,1,exclude_auto,exclude,E-OFF-auto,,,stage 1: no athletics term,forward:Tonnessen2013
doi:10.3109/14992027.2012.745650,2013,Impulse noise generated by starter pistols,10.3109/14992027.2012.745650,International Journal of Audiology,chase,1,1,exclude_auto,exclude,E-OFF-auto,,,stage 1: no athletics term,forward:Brown2008
doi:10.3920/cep13003,2013,Performance analysis in equestrian sport,10.3920/cep13003,Comparative Exercise Physiology,chase,1,1,exclude_auto,exclude,E-OFF-auto,,,stage 1: no athletics term,forward:Pilianidis2012IJPAS
doi:10.4324/9780203771587,2013,Statistical Power Analysis for the Behavioral Sciences,10.4324/9780203771587,,chase,1,1,exclude_auto,exclude,E-OFF-auto,,,stage 1: no athletics term,backward:Han2025
doi:10.5297/ser.1504.007,2013,Effect of Step Hurdle Agility Training on Total Response Time of Block in Volleyball Players,10.5297/ser.1504.007,Sports & Exercise Research,openalex;s2,2,1,to_stage2,exclude,E-SPORT,,title/abstract,stage 2 (reviewer): other sport,
t:500m-409cfa,2013,스피드 스케이팅 스타트 가속구간과 500m 기록과의 상관관계,,한국스포츠학회지,openalex,1,1,to_stage2,exclude,E-OFF,,title/abstract,"stage 2 (reviewer): not an analysis of official championship sprint RTs (cognitive/clinical RT, lab biomechanics or training, non-RT race analysis)",
t:differencesinthetimeofstartreactionandachievedresu-92c8c6,2013,DIFFERENCES IN THE TIME OF START REACTION AND ACHIEVED RESULTS IN THE SPRINT DISCIPLINES IN THE FINALS OF THE WORLD CHAMPIONSHIP IN MOSCOW UDC 796.42.12:2,,,chase;openalex;s2,3,1,to_stage2,exclude,E-DUP,,,duplicate record of Pavlovic et al. 2013,forward:Collet1999
t:differencesinthetimeofstartreactionandachievedresu-ccee06,2013,Differences in the time of start reaction and achieved results in the sprint disciplines in the finals of the world championship in Moscow,,Facta Universitatis Series Physical Education and Sport,chase;openalex,2,1,to_stage2,include,INC,Pavlovic2013,abstract (OpenAlex),record without the UDC suffix kept,backward:Matic2023
t:effectofnofalseruleonthestartreactiontimeofelitesp-4b1463,2013,Effect of no false rule on the start reaction time of elite sprinters,,Journal of Anhui Polytechnic University,openalex;s2,2,1,to_stage2,exclude,E-LANG,,abstract (English),Chinese-language journal; Berlin 2009 vs Daegu 2011 rule contrast (would be class E),
t:instrumentacaoparaavaliacaododesempenhodoguardared-77fbaa,2013,Instrumentação para avaliação do desempenho do guarda-redes de andebol,,,chase,1,1,exclude_auto,exclude,E-OFF-auto,,,stage 1: no athletics term,forward:Brown2008;forward:Lipps2011
t:reactiontimeandperformanceintheshortsprints-2a466c,2013,Reaction Time and Performance in the Short Sprints,,New Stud Athl 28(1/2):95-103,gs;repo;s2,3,1,to_stage2,include,INC,Paradisis2013,search-engine snippet of the full text (Google Scholar),abstract not reachable,
t:relationshipbetweenfinalperformanceandblocktimeswi-c4d77a,2013,Relationship between final performance and block times with the traditional and the new starting platforms with a back plate in international swimming championship 50-m and 100-m freestyle events.,,PubMed,chase,1,1,to_stage2,exclude,E-SPORT,,title/abstract,stage 2 (reviewer): other sport,forward:Brown2008;forward:Collet1999
t:relationshipbetweenfinalperformanceandblocktimeswi-f49d16,2013,Relationship between final performance and block times with the traditional and the new starting platforms with a back plate in international swimming championship …,,,gs,1,1,to_stage2,exclude,E-SPORT,,title/abstract,stage 2 (reviewer): other sport,
t:yokokurafuwakajiwarakuragano100mfinalreactiontimes-b19739,2013,Yokokura Fuwa Kajiwara Kuragano 100 m final reaction times at World Championships 1999-2011,,Bull Meisei Univ (Informatics) 21:11-16,repo,1,0,to_stage2,exclude,E-TYPE,G_Yokokura2013,"full text (Meisei repository, per lit/novelty-final-check.md)",departmental bulletin,
doi:10.1007/s10683-013-9387-3,2014,Software for continuous game experiments,10.1007/s10683-013-9387-3,Experimental Economics,chase,1,1,exclude_auto,exclude,E-OFF-auto,,,stage 1: no athletics term,forward:Lipps2011
doi:10.1080/17461391.2014.928915,2014,Relationships between lower‐limb kinematics and block phase performance in a cross section of sprinters,10.1080/17461391.2014.928915,European Journal of Sport Science,chase,1,1,to_stage2,exclude,E-OFF,,title/abstract,"stage 2 (reviewer): not an analysis of official championship sprint RTs (cognitive/clinical RT, lab biomechanics or training, non-RT race analysis)",backward:Zhang2021
doi:10.1111/opo.12131,2014,When to use the B onferroni correction,10.1111/opo.12131,Ophthalmic and Physiological Optics,chase,1,0,to_stage2,exclude,E-OFF,,title/abstract,"stage 2 (reviewer): not an analysis of official championship sprint RTs (cognitive/clinical RT, lab biomechanics or training, non-RT race analysis)",backward:Han2025
doi:10.1123/jab.2013-0017,2014,Effect of Expertise on 3D Force Application During the Starting Block Phase and Subsequent Steps in Sprint Running,10.1123/jab.2013-0017,Journal of Applied Biomechanics,chase,1,1,to_stage2,exclude,E-OFF,,title/abstract,"stage 2 (reviewer): not an analysis of official championship sprint RTs (cognitive/clinical RT, lab biomechanics or training, non-RT race analysis)",backward:Milloz2021_review
doi:10.1123/jsep.2014-0029,2014,The Effect of Ego Depletion on Sprint Start Reaction Time,10.1123/jsep.2014-0029,Journal of Sport and Exercise Psychology,chase;gs,2,1,to_stage2,exclude,E-LAB,,,,backward:Han2025;backward:Mitasik2020;backward:Zhang2021
doi:10.1134/s0362119714020078,2014,Relationship between inertial features of the upper extremity and simple reaction time in boys and girls aged 17–18,10.1134/s0362119714020078,Human Physiology,chase,1,1,exclude_auto,exclude,E-OFF-auto,,,stage 1: no athletics term,forward:Collet1999
doi:10.1177/0363546513516922,2014,Big D,10.1177/0363546513516922,American Journal of Sports Medicine,s2,1,0,to_stage2,exclude,E-OFF,,title/abstract,"stage 2 (reviewer): not an analysis of official championship sprint RTs (cognitive/clinical RT, lab biomechanics or training, non-RT race analysis)",
doi:10.1371/journal.pone.0113563,2014,The Time Course of Corticospinal Excitability during a Simple Reaction Time Task,10.1371/journal.pone.0113563,PLoS ONE,chase,1,1,exclude_auto,exclude,E-OFF-auto,,,stage 1: no athletics term,backward:Milloz2021_review
doi:10.1523/jneurosci.3063-13.2014,2014,Rapid Online Selection between Multiple Motor Plans,10.1523/jneurosci.3063-13.2014,Journal of Neuroscience,chase,1,1,to_stage2,exclude,E-OFF,,title/abstract,"stage 2 (reviewer): not an analysis of official championship sprint RTs (cognitive/clinical RT, lab biomechanics or training, non-RT race analysis)",backward:Matic2023
doi:10.2478/hukin-2014-0075,2014,A Single-Unit Design Structure and Gender Differences in the Swimming World Championships,10.2478/hukin-2014-0075,Journal of Human Kinetics,chase,1,1,exclude_auto,exclude,E-OFF-auto,,,stage 1: no athletics term,forward:Brown2008;forward:Tonnessen2013
doi:10.34961/6361,2014,Sprinting performance and resistance based training interventions: a systematic review with meta-analysis,10.34961/6361,University of Limerick Institutional Repository (University of Limerick),chase,1,1,to_stage2,exclude,E-OFF,,title/abstract,"stage 2 (reviewer): not an analysis of official championship sprint RTs (cognitive/clinical RT, lab biomechanics or training, non-RT race analysis)",forward:Tonnessen2013
doi:10.5277/abb140103,2014,Analyses the dynamics of changes between individual men's events in front crawl during the XIX Olympic Games in Beijing 2008,10.5277/abb140103,PubMed,openalex;s2,2,1,to_stage2,exclude,E-SPORT,,title/abstract,stage 2 (reviewer): other sport,
doi:10.7251/ssh1401005p,2014,Razlike u vremenu startne reakcije i postignutom rezultatu u sprinterskim disciplinama u finalu olimpijskih igara u Londonu // Differences in Time of Start Reaction and Achieved Result in the Sprint Disciplines in the Finals of The Olympic Games in London,10.7251/ssh1401005p,Спортске науке и здравље - АПЕИРОН,openalex;s2,2,1,to_stage2,exclude,E-LANG,,abstract (Serbian/English),Serbian-language article; London 2012 finalists,
t:100m-33bc29,2014,"육상 100m 국제대회 결승진출자와 한국대회 결승진출자의 기록, 보수, 보폭, 평균보속, 피치 및 반응시간 비교연구",,한국스포츠학회지,openalex,1,1,to_stage2,exclude,E-OFF,,title/abstract,"stage 2 (reviewer): not an analysis of official championship sprint RTs (cognitive/clinical RT, lab biomechanics or training, non-RT race analysis)",
t:analysesofthedynamicsofchangesbetweenindividualmen-487662,2014,Analyses of the dynamics of changes between individual men's events in front crawl during the XIX Olympic Games in Beijing 2008.,,Acta of bioengineering and biomechanics,pubmed,1,1,to_stage2,exclude,E-SPORT,,title/abstract,stage 2 (reviewer): other sport,
t:biomechanicalstructureofsprintstartandeffectofbiol-22b8a0,2014,Biomechanical structure of sprint start and effect of biological feedback methods on sprint start performance,,,gs,1,1,to_stage2,exclude,E-OFF,,title/abstract,"stage 2 (reviewer): not an analysis of official championship sprint RTs (cognitive/clinical RT, lab biomechanics or training, non-RT race analysis)",
t:comparingresearchof100mplayersonstridestepstridele-7f77b3,2014,"Comparing research of 100m players on stride step, stride length, stride mean velocity, stride frequency and reaction time in the international and korea national championship sprinter final",,The Korean Journal of Sport,openalex;s2,2,0,to_stage2,exclude,E-OFF,,title/abstract,"stage 2 (reviewer): not an analysis of official championship sprint RTs (cognitive/clinical RT, lab biomechanics or training, non-RT race analysis)",
t:contributionofthearmsinthesprintstartandtheirinflu-23c6a9,2014,CONTRIBUTION OF THE ARMS IN THE SPRINT START AND THEIR INFLUENCE ON FORCE AND VELOCITY CHARACTERISTICS,,ISBS - Conference Proceedings Archive,chase,1,1,to_stage2,exclude,E-OFF,,title/abstract,"stage 2 (reviewer): not an analysis of official championship sprint RTs (cognitive/clinical RT, lab biomechanics or training, non-RT race analysis)",backward:Milloz2021_review
t:differencesintimeofstartreactioninthesprintdiscipl-e66e1e,2014,"DIFFERENCES IN TIME OF START REACTION IN THE SPRINT DISCIPLINES IN THE FINALS OF THE OLYMPIC GAMES (ATHENS, 2004 - LONDON, 2012)",,,chase;gs;openalex;s2,4,1,to_stage2,include,INC,Pavlovic2014,abstract (OpenAlex),,backward:Milloz2021_review;forward:Collet1999
t:hearingandsportsabidirectionalinteractionaudiciony-670f84,2014,Hearing and sports: a bidirectional interaction. [Audición y Control motor: Una relación recíproca].,,DOAJ (DOAJ: Directory of Open Access Journals),chase;s2,2,1,exclude_auto,exclude,E-OFF-auto,,,stage 1: no athletics term,forward:Brown2008
t:physiologicalprofileofiranianmennationaltaekwondot-410b05,2014,Physiological Profile of Iranian Men National Taekwondo Team,,,openalex;s2,2,1,to_stage2,exclude,E-SPORT,,title/abstract,stage 2 (reviewer): other sport,
t:theinfluenceofsprintblockstartelementsoninitialvel-8c8ee9,2014,The Influence of Sprint Block Start Elements on Initial Velocity of 100 Metre Race,,DOAJ (DOAJ: Directory of Open Access Journals),chase;gs;openalex;s2,4,1,to_stage2,exclude,E-OFF,,title/abstract,"stage 2 (reviewer): not an analysis of official championship sprint RTs (cognitive/clinical RT, lab biomechanics or training, non-RT race analysis)",backward:Milloz2021_review
doi:10.1007/s12541-015-0007-3,2015,A development of a starting block with strain gauges for a study of the relationship between initial speed and the forces at the starting moment for sprinters,10.1007/s12541-015-0007-3,International Journal of Precision Engineering and Manufacturing,chase,1,0,to_stage2,exclude,E-OFF,,title/abstract,"stage 2 (reviewer): not an analysis of official championship sprint RTs (cognitive/clinical RT, lab biomechanics or training, non-RT race analysis)",backward:Han2025
doi:10.1016/b978-0-12-397025-1.00263-3,2015,Motor Decision-Making,10.1016/b978-0-12-397025-1.00263-3,Elsevier eBooks,chase,1,0,to_stage2,exclude,E-OFF,,title/abstract,"stage 2 (reviewer): not an analysis of official championship sprint RTs (cognitive/clinical RT, lab biomechanics or training, non-RT race analysis)",backward:Mukai2020
doi:10.1016/j.clinbiomech.2015.01.005,2015,Sensorimotor function of the cervical spine in healthy volunteers,10.1016/j.clinbiomech.2015.01.005,Clinical Biomechanics,chase,1,1,exclude_auto,exclude,E-OFF-auto,,,stage 1: no athletics term,forward:Tonnessen2013
doi:10.1016/j.cub.2014.12.036,2015,The Impact of Circadian Phenotype and Time since Awakening on Diurnal Performance in Athletes,10.1016/j.cub.2014.12.036,Current Biology,chase,1,0,to_stage2,exclude,E-OFF,,title/abstract,"stage 2 (reviewer): not an analysis of official championship sprint RTs (cognitive/clinical RT, lab biomechanics or training, non-RT race analysis)",backward:Han2025
doi:10.1080/00222895.2015.1020356,2015,Monaural Auditory Cue Affects the Process of Choosing the Initial Swing Leg in Gait Initiation,10.1080/00222895.2015.1020356,Journal of Motor Behavior,chase,1,1,exclude_auto,exclude,E-OFF-auto,,,stage 1: no athletics term,forward:Brown2008
doi:10.1093/bjaed/mkv055,2015,Anaesthetic implications of performance-enhancing drugs,10.1093/bjaed/mkv055,BJA Education,openalex,1,0,to_stage2,exclude,E-OFF,,title/abstract,"stage 2 (reviewer): not an analysis of official championship sprint RTs (cognitive/clinical RT, lab biomechanics or training, non-RT race analysis)",
doi:10.1186/s40648-014-0024-5,2015,The robot that can achieve card magic,10.1186/s40648-014-0024-5,ROBOMECH Journal,chase,1,1,exclude_auto,exclude,E-OFF-auto,,,stage 1: no athletics term,forward:Lipps2011
doi:10.1249/jes.0000000000000066,2015,Rationality in Human Movement,10.1249/jes.0000000000000066,Exercise and Sport Sciences Reviews,chase,1,1,exclude_auto,exclude,E-OFF-auto,,,stage 1: no athletics term,backward:Mukai2020
doi:10.1371/journal.pone.0142230,2015,Effect of a Wide Stance on Block Start Performance in Sprint Running,10.1371/journal.pone.0142230,PLoS ONE,chase,1,1,to_stage2,exclude,E-OFF,,title/abstract,"stage 2 (reviewer): not an analysis of official championship sprint RTs (cognitive/clinical RT, lab biomechanics or training, non-RT race analysis)",backward:Milloz2021_review
doi:10.14486/ijscs398,2015,Comparison and Description Of Fitness Level? Physiological And Anthropometric Profiles Of Selected Versus Non Selected Iranian National Team Table Tennis Players,10.14486/ijscs398,International Journal of Sport Culture and Science,openalex,1,1,to_stage2,exclude,E-SPORT,,title/abstract,stage 2 (reviewer): other sport,
doi:10.3389/fncom.2015.00088,2015,Motor planning under temporal uncertainty is suboptimal when the gain function is asymmetric,10.3389/fncom.2015.00088,Frontiers in Computational Neuroscience,chase,1,1,exclude_auto,exclude,E-OFF-auto,,,stage 1: no athletics term,backward:Mukai2020
doi:10.3389/fpsyg.2015.01207,2015,The influence of ego depletion on sprint start performance in athletes without track and field experience,10.3389/fpsyg.2015.01207,Frontiers in Psychology,chase;gs,2,1,to_stage2,exclude,E-LAB,,,,forward:Collet1999
doi:10.3389/fpsyg.2015.01618,2015,"Life is unfair, and so are racing sports: some athletes can randomly benefit from alerting effects due to inconsistent starting procedures",10.3389/fpsyg.2015.01618,Frontiers in Psychology,chase,1,1,exclude_auto,exclude,E-OFF-auto,,,stage 1: no athletics term,forward:Haugen2013
doi:10.4103/2229-516x.157168,2015,A comparative study of visual and auditory reaction times on the basis of gender and physical activity levels of medical first year students,10.4103/2229-516x.157168,International Journal of Applied and Basic Medical Research,chase,1,1,exclude_auto,exclude,E-OFF-auto,,,stage 1: no athletics term,backward:Milloz2021_review;backward:Mitasik2021;backward:Mitasik2022
doi:10.4172/2329-9096.1000268,2015,Relationship between Information Processing and Postural Stability in Collegiate Division I NCAA Athletes: Does Concussion History Matter?,10.4172/2329-9096.1000268,International Journal of Physical Medicine & Rehabilitation,chase,1,1,exclude_auto,exclude,E-OFF-auto,,,stage 1: no athletics term,forward:Tonnessen2013
doi:10.5937/gfsfv1521043j,2015,Comparative analysis of reaction time of elite sprinters at the world championships in 2013 and 2015,10.5937/gfsfv1521043j,Godisnjak Fakulteta sporta i fizickog vaspitanja,chase;openalex;repo;s2,4,1,to_stage2,include,INC,Juhas2015,abstract (OpenAlex),,backward:Ntolaptsis2021;forward:Collet1999;forward:Tonnessen2013
t:analysisofthewomens100mhurdlesworldexcellentathlet-893abd,2015,Analysis of the Women's 100 m Hurdles World Excellent Athletes Run Technical Characteristic,,,openalex;s2,2,1,to_stage2,exclude,E-NA,,abstract (English),venue not identified (probably Chinese-language); WCH 1997/2009 hurdles finals,
t:choicereactiontimeisnotrelatedtocompetitionsuccess-f6ced1,2015,Choice reaction time is not related to competition success in karate combat,,Dialnet (Universidad de la Rioja),chase,1,1,exclude_auto,exclude,E-OFF-auto,,,stage 1: no athletics term,forward:Lipps2011
t:differencesintimeofstartreactionandachievedresulti-506bac,2015,Differences in time of start reaction and achieved result in the sprint disciplines in the finals of the Olympic Games in London and the World Championship in Moscow,,SportSPA 12(1),gs;repo,2,1,to_stage2,include,INC,Pavlovic2015,abstract (journal landing page),,
t:evaluaciondeltiempodereaccionenvelocistascondiscap-639d51,2015,EVALUACION DEL TIEMPO DE REACCION EN VELOCISTAS CON DISCAPACIDAD AUDITIVA: ESTUDIO PILOTO,,Acceda (Universidad de Las Palmas de Gran Canaria),chase,1,1,exclude_auto,exclude,E-OFF-auto,,,stage 1: no athletics term,forward:Collet1999
t:prestartpsychophysiologicalprofileofa200mcanoeathl-405a9d,2015,Prestart psychophysiological profile of a 200-m canoe athlete: A comparison of best and worst reaction times,,,gs,1,1,to_stage2,exclude,E-SPORT,,title/abstract,stage 2 (reviewer): other sport,
t:thedeterminantsofreactiontimesinfluenceofstimulusi-e7ccd5,2015,The Determinants of Reaction Times: Influence of Stimulus Intensity,,UWSpace (University of Waterloo),chase,1,1,exclude_auto,exclude,E-OFF-auto,,,stage 1: no athletics term,backward:Matic2023
t:visualsearchstrategiesandexecutivefunctioninginsou-ea4c71,2015,Visual search strategies and executive functioning in South African sailors,,SUNScholar (Stellenbosch University),chase,1,1,exclude_auto,exclude,E-OFF-auto,,,stage 1: no athletics term,forward:Collet1999
doi:10.1007/s10072-016-2693-8,2016,Differences in corticospinal system activity and reaction response between karate athletes and non-athletes,10.1007/s10072-016-2693-8,Neurological Sciences,chase,1,0,to_stage2,exclude,E-SPORT,,title/abstract,stage 2 (reviewer): other sport,forward:Collet1999
doi:10.1007/s40279-015-0446-0,2016,Sprint Running Performance Monitoring: Methodological and Practical Considerations,10.1007/s40279-015-0446-0,Sports Medicine,chase;gs,2,1,to_stage2,exclude,E-REV,,,review,backward:Ntolaptsis2021;forward:Brown2008;forward:Haugen2013
doi:10.1080/02640414.2016.1194525,2016,Mechanics of standing and crouching sprint starts,10.1080/02640414.2016.1194525,Journal of Sports Sciences,chase,1,1,to_stage2,exclude,E-OFF,,title/abstract,"stage 2 (reviewer): not an analysis of official championship sprint RTs (cognitive/clinical RT, lab biomechanics or training, non-RT race analysis)",backward:Han2025
doi:10.1080/02640414.2016.1201213,2016,Effects of false-start disqualification rules on response-times of elite-standard sprinters,10.1080/02640414.2016.1201213,Journal of Sports Sciences,chase;gs;openalex;pubmed;repo;s2,6,1,to_stage2,include,INC,Brosnan2017,abstract (PubMed); method lines secondary (lit/systematic_forensics.md s2),,backward:Fiore2025;backward:Han2025;backward:Matic2023;backward:Milloz2021_review;backward:MirshamsShahshahani2018;backward:Mitasik2020;backward:Mitasik2022;backward:Ntolaptsis2021;backward:Zhang2021;forward:Brown2008;forward:Collet1999;forward:Haugen2013;forward:Lipps2011;forward:Tonnessen2013
doi:10.1080/02640414.2016.1227465,2016,Lower limb joint kinetics in the starting blocks and first stance in athletic sprinting,10.1080/02640414.2016.1227465,Journal of Sports Sciences,chase,1,1,to_stage2,exclude,E-OFF,,title/abstract,"stage 2 (reviewer): not an analysis of official championship sprint RTs (cognitive/clinical RT, lab biomechanics or training, non-RT race analysis)",backward:Milloz2021_review
doi:10.1080/14763141.2016.1217347,2016,"Effect of fatigue on reaction time, response time, performance time, and kick impact in taekwondo roundhouse kick",10.1080/14763141.2016.1217347,Sports Biomechanics,chase,1,1,exclude_auto,exclude,E-OFF-auto,,,stage 1: no athletics term,backward:Matic2023
doi:10.1080/17588928.2016.1205575,2016,Is reaction time an index of white matter connectivity during training?,10.1080/17588928.2016.1205575,Cognitive Neuroscience,chase,1,1,exclude_auto,exclude,E-OFF-auto,,,stage 1: no athletics term,backward:Matic2023
doi:10.11606/t.39.2016.tde-06012016-085041,2016,Corridas de alta velocidade e curta duração: uma abordagem biomecânica para o entendimento dos fatores determinantes de desempenho,10.11606/t.39.2016.tde-06012016-085041,,chase,1,1,exclude_auto,exclude,E-OFF-auto,,,stage 1: no athletics term,forward:Brown2008
doi:10.1371/journal.pone.0166219,2016,Sprint Start Kinetics of Amputee and Non-Amputee Sprinters,10.1371/journal.pone.0166219,PLoS ONE,chase;gs,2,1,to_stage2,exclude,E-OFF,,title/abstract,"stage 2 (reviewer): not an analysis of official championship sprint RTs (cognitive/clinical RT, lab biomechanics or training, non-RT race analysis)",backward:Milloz2021_review
doi:10.1515/humo-2016-0013,2016,Differential contribution of reaction time and movement velocity to the agility performance reflects sport-specific demands,10.1515/humo-2016-0013,Human Movement,chase,1,1,exclude_auto,exclude,E-OFF-auto,,,stage 1: no athletics term,backward:Zhang2021
doi:10.20868/upm.thesis.39691,2016,Evaluación del tiempo de reacción en velocistas con y sin discapacidad auditiva: aplicaciones para la inclusión,10.20868/upm.thesis.39691,,openalex,1,1,to_stage2,exclude,E-LANG,,abstract,Spanish thesis; lab RT of deaf and hearing sprinters,
doi:10.7752/jpes.2016.03140,2016,,10.7752/jpes.2016.03140,Journal of Physical Education and Sport,chase,1,1,to_stage2,exclude,E-OFF,,title/abstract,"stage 2 (reviewer): not an analysis of official championship sprint RTs (cognitive/clinical RT, lab biomechanics or training, non-RT race analysis)",forward:Brown2008
doi:10.7752/jpes.2016.s1099,2016,,10.7752/jpes.2016.s1099,Journal of Physical Education and Sport,chase,1,1,to_stage2,exclude,E-OFF,,title/abstract,"stage 2 (reviewer): not an analysis of official championship sprint RTs (cognitive/clinical RT, lab biomechanics or training, non-RT race analysis)",forward:Brown2008
t:effectofsaqdrillsonswimmingperformance-e11bec,2016,EFFECT OF SAQ DRILLS ON SWIMMING PERFORMANCE,,,s2,1,0,to_stage2,exclude,E-SPORT,,title/abstract,stage 2 (reviewer): other sport,
t:magnitudeandtechnicalcharacteristicsofexternalforc-c8147c,2016,MAGNITUDE AND TECHNICAL CHARACTERISTICS OF EXTERNAL FORCE PRODUCTION IN THE STARTING BLOCKS: RELATIONSHIP WITH PERFORMANCE,,Pure (University of Bath),chase,1,1,to_stage2,exclude,E-OFF,,title/abstract,"stage 2 (reviewer): not an analysis of official championship sprint RTs (cognitive/clinical RT, lab biomechanics or training, non-RT race analysis)",backward:Milloz2021_review
t:physicalandphysiologicalprofileofeliteiraniankarat-a6938b,2016,Physical and Physiological Profile of Elite Iranian Karate Athletes,,International Journal of Applied Exercise Physiology,openalex;s2,2,1,to_stage2,exclude,E-SPORT,,title/abstract,stage 2 (reviewer): other sport,
t:theeffectsofhilltrainingtoimprovethespeedaccelerat-d6612d,2016,"The Effects of Hill Training To Improve the Speed, Acceleration and Stride Rate among Under 17 Athletics Trainee Indian High School Dubai",,,s2,1,0,to_stage2,exclude,E-OFF,,title/abstract,"stage 2 (reviewer): not an analysis of official championship sprint RTs (cognitive/clinical RT, lab biomechanics or training, non-RT race analysis)",
t:theeffectsofhilltrainingtoimprovethespeedofunder17-201caf,2016,The Effects of Hill Training To Improve the Speed of Under 17 Yr. Male and Female Athletics,,,s2,1,0,to_stage2,exclude,E-OFF,,title/abstract,"stage 2 (reviewer): not an analysis of official championship sprint RTs (cognitive/clinical RT, lab biomechanics or training, non-RT race analysis)",
doi:10.1007/s00421-017-3659-0,2017,Effects of bright and blue light on acoustic reaction time and maximum handgrip strength in male athletes: a randomized controlled trial,10.1007/s00421-017-3659-0,European Journal of Applied Physiology,chase,1,0,to_stage2,exclude,E-OFF,,title/abstract,"stage 2 (reviewer): not an analysis of official championship sprint RTs (cognitive/clinical RT, lab biomechanics or training, non-RT race analysis)",forward:Tonnessen2013
doi:10.1007/s41465-017-0038-z,2017,Stroboscopic Visual Training: a Pilot Study with Three Elite Youth Football Goalkeepers,10.1007/s41465-017-0038-z,Journal of Cognitive Enhancement,chase,1,1,exclude_auto,exclude,E-OFF-auto,,,stage 1: no athletics term,forward:Tonnessen2013
doi:10.1016/j.psychsport.2017.04.005,2017,The contribution of early auditory and visual information to the discrimination of shot power in ball sports,10.1016/j.psychsport.2017.04.005,Psychology of sport and exercise,chase,1,0,to_stage2,exclude,E-OFF,,title/abstract,"stage 2 (reviewer): not an analysis of official championship sprint RTs (cognitive/clinical RT, lab biomechanics or training, non-RT race analysis)",forward:Brown2008
doi:10.1080/02640414.2017.1303188,2017,The influence of gate start position on physical performance and anxiety perception in expert BMX athletes,10.1080/02640414.2017.1303188,Journal of Sports Sciences,chase,1,1,to_stage2,exclude,E-SPORT,,title/abstract,stage 2 (reviewer): other sport,forward:Collet1999
doi:10.1080/02640414.2017.1409608,2017,Joint kinetic determinants of starting block performance in athletic sprinting,10.1080/02640414.2017.1409608,Journal of Sports Sciences,chase,1,1,to_stage2,exclude,E-OFF,,title/abstract,"stage 2 (reviewer): not an analysis of official championship sprint RTs (cognitive/clinical RT, lab biomechanics or training, non-RT race analysis)",backward:Milloz2021_review
doi:10.1080/14763141.2016.1252790,2017,Muscle activity in sprinting: a review,10.1080/14763141.2016.1252790,Sports Biomechanics,chase,1,1,to_stage2,exclude,E-OFF,,title/abstract,"stage 2 (reviewer): not an analysis of official championship sprint RTs (cognitive/clinical RT, lab biomechanics or training, non-RT race analysis)",backward:Han2025
doi:10.1080/24748668.2017.1331573,2017,Relationship between swim start wall contact time and final performance in backstroke events in international swimming championships,10.1080/24748668.2017.1331573,International Journal of Performance Analysis in Sport,chase,1,1,to_stage2,exclude,E-SPORT,,title/abstract,stage 2 (reviewer): other sport,forward:Collet1999
doi:10.1109/cvpr.2017.143,2017,Realtime Multi-person 2D Pose Estimation Using Part Affinity Fields,10.1109/cvpr.2017.143,,chase,1,1,exclude_auto,exclude,E-OFF-auto,,,stage 1: no athletics term,backward:Mukai2020
doi:10.1111/cpf.12443,2017,Nicotine effects on exercise performance and physiological responses in nicotine‐naïve individuals: a systematic review,10.1111/cpf.12443,Clinical Physiology and Functional Imaging,chase,1,1,exclude_auto,exclude,E-OFF-auto,,,stage 1: no athletics term,forward:Tonnessen2013
doi:10.1123/jsr.2017-0017,2017,Effect of Acute Static Stretching on Lower Limb Movement Performance Using STABL Virtual Reality System,10.1123/jsr.2017-0017,Journal of Sport Rehabilitation,chase,1,1,exclude_auto,exclude,E-OFF-auto,,,stage 1: no athletics term,forward:Lipps2011
doi:10.11606/1807-5509201700030543,2017,Eight steps’ paradigm shift in men’s 110 metres hurdles: an 89 years retrospective study,10.11606/1807-5509201700030543,Revista Brasileira de Educação Física e Esporte,chase,1,1,to_stage2,exclude,E-OFF,,title/abstract,"stage 2 (reviewer): not an analysis of official championship sprint RTs (cognitive/clinical RT, lab biomechanics or training, non-RT race analysis)",forward:Haugen2013;forward:Lipps2011
doi:10.1177/2378023117712599,2017,Gender and Weight among Thoroughbred Jockeys: Underrepresented Women and Underweight Men,10.1177/2378023117712599,Socius Sociological Research for a Dynamic World,chase,1,1,exclude_auto,exclude,E-OFF-auto,,,stage 1: no athletics term,forward:Lipps2011
doi:10.1515/hukin-2017-0020,2017,Biomechanical Differences in the Sprint Start Between Faster and Slower High-Level Sprinters,10.1515/hukin-2017-0020,Journal of Human Kinetics,chase,1,1,to_stage2,exclude,E-OFF,,title/abstract,"stage 2 (reviewer): not an analysis of official championship sprint RTs (cognitive/clinical RT, lab biomechanics or training, non-RT race analysis)",backward:Milloz2021_review
doi:10.1519/jsc.0000000000002196,2017,Predictive Factors of Elite Sprint Performance: Influences of Muscle Mechanical Properties and Functional Parameters,10.1519/jsc.0000000000002196,The Journal of Strength and Conditioning Research,chase,1,1,to_stage2,exclude,E-OFF,,title/abstract,"stage 2 (reviewer): not an analysis of official championship sprint RTs (cognitive/clinical RT, lab biomechanics or training, non-RT race analysis)",forward:Brown2008
doi:10.1523/jneurosci.3129-16.2017,2017,Individual Differences in Resting Corticospinal Excitability Are Correlated with Reaction Time and GABA Content in Motor Cortex,10.1523/jneurosci.3129-16.2017,Journal of Neuroscience,chase,1,1,exclude_auto,exclude,E-OFF-auto,,,stage 1: no athletics term,backward:Matic2023
doi:10.19106/jmedsci004901201701,2017,"Simple reaction time: how it relates to body mass index (BMI), gender and handedness in Ghanaian students.",10.19106/jmedsci004901201701,Journal of the Medical Sciences (Berkala Ilmu Kedokteran),chase,1,1,exclude_auto,exclude,E-OFF-auto,,,stage 1: no athletics term,forward:Tonnessen2013
doi:10.24912/jitiuntar.v3i1.506,2017,ANALISIS HUBUNGAN AKTIVITAS DAN KARAKTERISTIK FISIK TERHADAP WAKTU REAKSI,10.24912/jitiuntar.v3i1.506,Jurnal Ilmiah Teknik Industri,chase,1,1,exclude_auto,exclude,E-OFF-auto,,,stage 1: no athletics term,forward:Brown2008
doi:10.29081/gsjesh.2016.17.2.18,2017,DETERMINATION OF FEMALE TABLE TENNIS SPORT PERFORMANCE BY SENZOR MOTORIC REACTION TIME,10.29081/gsjesh.2016.17.2.18,GYMNASIUM,chase,1,1,exclude_auto,exclude,E-OFF-auto,,,stage 1: no athletics term,forward:Tonnessen2013
doi:10.3389/fpsyg.2017.00810,2017,Timing of Gun Fire Influences Sprinters’ Multiple Joint Reaction Times of Whole Body in Block Start,10.3389/fpsyg.2017.00810,Frontiers in Psychology,chase;gs;repo,3,1,to_stage2,exclude,E-LAB,,full text (PMC),Otsuka et al. 2017; field arm measured broadcast holds only,backward:Milloz2021_review;forward:Brown2008;forward:Lipps2011;forward:Tonnessen2013
doi:10.34142/hsr.2017.03.03.08,2017,Методологические основы индивидуализации подготовки спортсмненов и комплектации команд в спортивной аэробике,10.34142/hsr.2017.03.03.08,Health sport rehabilitation,chase,1,1,exclude_auto,exclude,E-OFF-auto,,,stage 1: no athletics term,forward:Lipps2011
doi:10.7752/jpes.2017.02097,2017,,10.7752/jpes.2017.02097,Journal of Physical Education and Sport,chase,1,1,exclude_auto,exclude,E-OFF-auto,,,stage 1: no athletics term,forward:Lipps2011
t:comparativestudyonreactiontimeofolympicsmalesprint-4df164,2017,COMPARATIVE STUDY ON REACTION TIME OF OLYMPICS MALE SPRINTERS,,,gs,1,1,to_stage2,exclude,E-TYPE,G_Ghosh2017,search-engine snippet (Google Books),edited-book chapter,
t:investigationofsomephysicalandphysiologicalfeature-f27876,2017,INVESTIGATION OF SOME PHYSICAL AND PHYSIOLOGICAL FEATURES OF INDIVIDUAL ATHLETS THAT PARTIPACED UNIVERSITIES CHAMPIONSHIPS,,DergiPark (Istanbul University),openalex,1,1,to_stage2,exclude,E-OFF,,title/abstract,"stage 2 (reviewer): not an analysis of official championship sprint RTs (cognitive/clinical RT, lab biomechanics or training, non-RT race analysis)",
t:kineticdeterminantsofathleticssprintstartperforman-a7cf12,2017,Kinetic determinants of athletics sprint start performance,,The University of Bath Online Publications Store (The University of Bath),chase,1,1,to_stage2,exclude,E-OFF,,title/abstract,"stage 2 (reviewer): not an analysis of official championship sprint RTs (cognitive/clinical RT, lab biomechanics or training, non-RT race analysis)",backward:Milloz2021_review
t:sprintstartkinematicsduringcompetitionineliteandwo-e8c65b,2017,Sprint start kinematics during competition in elite and world-class male and female sprinters,,,gs,1,1,to_stage2,exclude,E-OFF,,title/abstract,"stage 2 (reviewer): not an analysis of official championship sprint RTs (cognitive/clinical RT, lab biomechanics or training, non-RT race analysis)",
t:thecomparisonofsprintreactiontimeandanaerobicpower-2ba878,2017,"The comparison of sprint reaction time and anaerobic power of young football players, volleyball players and wrestlers",,,gs,1,1,to_stage2,exclude,E-SPORT,,title/abstract,stage 2 (reviewer): other sport,
doi:10.1007/978-3-030-01692-0_23,2018,Considerations for Developing Sound in Golf Putting Experiments,10.1007/978-3-030-01692-0_23,Lecture notes in computer science,chase,1,0,to_stage2,exclude,E-SPORT,,title/abstract,stage 2 (reviewer): other sport,forward:Brown2008
doi:10.1007/s10683-017-9550-3,2018,A minimum effort coordination game experiment in continuous time,10.1007/s10683-017-9550-3,Experimental Economics,chase,1,1,exclude_auto,exclude,E-OFF-auto,,,stage 1: no athletics term,forward:Lipps2011
doi:10.1016/j.jbankfin.2018.12.003,2018,Ultra-fast activity and intraday market quality,10.1016/j.jbankfin.2018.12.003,Journal of Banking & Finance,chase,1,0,to_stage2,exclude,E-OFF,,title/abstract,"stage 2 (reviewer): not an analysis of official championship sprint RTs (cognitive/clinical RT, lab biomechanics or training, non-RT race analysis)",forward:Brosnan2017
doi:10.1016/j.scispo.2018.11.002,2018,Time structure and EMG parameters during the sprint start depending on the sprinters’ physical preparation,10.1016/j.scispo.2018.11.002,Science & Sports,chase,1,0,to_stage2,exclude,E-OFF,,title/abstract,"stage 2 (reviewer): not an analysis of official championship sprint RTs (cognitive/clinical RT, lab biomechanics or training, non-RT race analysis)",forward:Collet1999
doi:10.1038/s41593-018-0209-y,2018,DeepLabCut: markerless pose estimation of user-defined body parts with deep learning,10.1038/s41593-018-0209-y,Nature Neuroscience,chase,1,0,to_stage2,exclude,E-OFF,,title/abstract,"stage 2 (reviewer): not an analysis of official championship sprint RTs (cognitive/clinical RT, lab biomechanics or training, non-RT race analysis)",backward:Mukai2020
doi:10.1080/02640414.2018.1521713,2018,Understanding the track and field sprint start through a functional analysis of the external force features which contribute to higher levels of block phase performance,10.1080/02640414.2018.1521713,Journal of Sports Sciences,chase,1,1,to_stage2,exclude,E-OFF,,title/abstract,"stage 2 (reviewer): not an analysis of official championship sprint RTs (cognitive/clinical RT, lab biomechanics or training, non-RT race analysis)",backward:Milloz2021_review
doi:10.1080/07420528.2018.1459660,2018,Effect of bright light therapy on delayed sleep/wake cycle and reaction time of athletes participating in the Rio 2016 Olympic Games,10.1080/07420528.2018.1459660,Chronobiology International,chase,1,1,exclude_auto,exclude,E-OFF-auto,,,stage 1: no athletics term,backward:Han2025
doi:10.1371/journal.pone.0198633,2018,On the apparent decrease in Olympic sprinter reaction times,10.1371/journal.pone.0198633,PLoS ONE,chase;gs;openalex;pubmed;repo;s2,6,1,to_stage2,include,INC,Mirshams2018,full text (PMC),,backward:Milloz2021_review;forward:Brosnan2017;forward:Lipps2011
doi:10.1371/journal.pone.0208174,2018,Predicting the length of volleyball serves: The role of early auditory and visual information,10.1371/journal.pone.0208174,PLoS ONE,chase,1,1,exclude_auto,exclude,E-OFF-auto,,,stage 1: no athletics term,forward:Brown2008
doi:10.14198/jhse.2018.133.03,2018,Analysis of the start to the first hurdle in 110 m hurdles at the IAAF World Athletics Championships Beijing 2015,10.14198/jhse.2018.133.03,Journal of Human Sport and Exercise,chase;gs;openalex;s2,5,1,to_stage2,include,INC,LopezdelAmo2018,abstract (OpenAlex),,backward:Ntolaptsis2021
doi:10.1515/hukin-2017-0193,2018,The Impact of Rule Modifications on Elite Basketball Teams’ Performance,10.1515/hukin-2017-0193,Journal of Human Kinetics,chase,1,1,exclude_auto,exclude,E-OFF-auto,,,stage 1: no athletics term,backward:Han2025
doi:10.1519/ssc.0000000000000391,2018,Role of Arm Mechanics During Sprint Running: A Review of the Literature and Practical Applications,10.1519/ssc.0000000000000391,Strength and conditioning journal,chase,1,1,to_stage2,exclude,E-OFF,,title/abstract,"stage 2 (reviewer): not an analysis of official championship sprint RTs (cognitive/clinical RT, lab biomechanics or training, non-RT race analysis)",backward:Milloz2021_review
doi:10.21846/tst.2017.3.1,2018,Use of psychophysiological computer tests during the process of sportsmen’s preparation,10.21846/tst.2017.3.1,Testnevelés Sport Tudomány,chase,1,1,exclude_auto,exclude,E-OFF-auto,,,stage 1: no athletics term,forward:Tonnessen2013
doi:10.26582/k.50.2.10,2018,Kinematics of Usain Bolt’s maximal sprint velocity,10.26582/k.50.2.10,Kinesiology,openalex,1,1,to_stage2,exclude,E-OFF,,title/abstract,"stage 2 (reviewer): not an analysis of official championship sprint RTs (cognitive/clinical RT, lab biomechanics or training, non-RT race analysis)",
doi:10.29252/ijwph.10.1.15,2018,Effect of a period of Selected SMR/Theta Neurofeedback Training on Visual and Auditory Reaction Time in Veterans and Disabled Athletes,10.29252/ijwph.10.1.15,مجله طب جانباز,chase,1,1,exclude_auto,exclude,E-OFF-auto,,,stage 1: no athletics term,backward:Han2025
doi:10.3233/wor-182790,2018,"The relationship between emotional intelligence, reaction time, aerobic capacity and performance in female track and field athletes at the Universities of Tehran",10.3233/wor-182790,Work,chase;gs,2,1,to_stage2,exclude,E-OFF,,title/abstract,"stage 2 (reviewer): not an analysis of official championship sprint RTs (cognitive/clinical RT, lab biomechanics or training, non-RT race analysis)",forward:Tonnessen2013
doi:10.33607/bjshs.v1i88.147,2018,Peculiarities of Sports Injures of Sprint and Throwing Cohorts in Track and Field Athletics,10.33607/bjshs.v1i88.147,Baltic Journal of Sport and Health Sciences,openalex,1,1,to_stage2,exclude,E-OFF,,title/abstract,"stage 2 (reviewer): not an analysis of official championship sprint RTs (cognitive/clinical RT, lab biomechanics or training, non-RT race analysis)",
doi:10.33607/bjshs.v3i57.636,2018,Alteration of Sport Performance of High Performance Heptathlon Athlete over Olympic Cycle,10.33607/bjshs.v3i57.636,Baltic Journal of Sport and Health Sciences,openalex;s2,2,1,to_stage2,exclude,E-OFF,,title/abstract,"stage 2 (reviewer): not an analysis of official championship sprint RTs (cognitive/clinical RT, lab biomechanics or training, non-RT race analysis)",
doi:10.3389/fphys.2018.01138,2018,Coordination Aspects of an Effective Sprint Start,10.3389/fphys.2018.01138,Frontiers in Physiology,chase;gs,2,1,to_stage2,exclude,E-OFF,,title/abstract,"stage 2 (reviewer): not an analysis of official championship sprint RTs (cognitive/clinical RT, lab biomechanics or training, non-RT race analysis)",backward:Milloz2021_review;forward:Brown2008;forward:Collet1999;forward:Tonnessen2013
doi:10.3389/fpsyg.2018.00590,2018,In dubio pro silentio – Even Loud Music Does Not Facilitate Strenuous Ergometer Exercise,10.3389/fpsyg.2018.00590,Frontiers in Psychology,chase,1,1,exclude_auto,exclude,E-OFF-auto,,,stage 1: no athletics term,forward:Brown2008
doi:10.3390/sports6040120,2018,Thinking Outside the Block: External Focus of Attention Improves Reaction Times and Movement Preparation Times in Collegiate Track Sprinters,10.3390/sports6040120,Sports,chase;gs,2,1,to_stage2,exclude,E-LAB,,,,backward:Milloz2021_review
doi:10.34142/hsr.2018.04.02.09,2018,Особенности психофизиологических функций у фехтовальщиков по сравнению с представителями циклических и игровых видов спорта,10.34142/hsr.2018.04.02.09,Health sport rehabilitation,chase,1,1,exclude_auto,exclude,E-OFF-auto,,,stage 1: no athletics term,forward:Lipps2011
doi:10.34142/hsr.2018.04.02.13,2018,Принципы формирования команд и подбора соревновательных программ на основе индивидуальных особенностей спортсменов в эстетических видах спорта,10.34142/hsr.2018.04.02.13,Health sport rehabilitation,chase,1,1,exclude_auto,exclude,E-OFF-auto,,,stage 1: no athletics term,forward:Lipps2011
doi:10.34961/4242,2018,Influence of triceps surae electromechanical delay on movement responses in the sprint start event,10.34961/4242,University of Limerick Institutional Repository (University of Limerick),chase,1,1,to_stage2,exclude,E-LAB,,,Limerick thesis,forward:Brosnan2017
doi:10.34961/4245,2018,A method comparison study of accelarometer based block response times in sprinting,10.34961/4245,University of Limerick Institutional Repository (University of Limerick),chase;gs,2,1,to_stage2,exclude,E-LAB,,,Limerick lab,forward:Brosnan2017
doi:10.34961/4261,2018,A comparison of hand force and starting block-based response times in the sprint start,10.34961/4261,University of Limerick Institutional Repository (University of Limerick),chase;gs,2,1,to_stage2,exclude,E-LAB,,,Limerick thesis/lab,forward:Brosnan2017;forward:Lipps2011
doi:10.4127/jbe.2018.0136,2018,Race pattern of Men’s 110-M Hurdles: Time analysis of Olympic Hurdle Performnce,10.4127/jbe.2018.0136,biology of exercise,chase,1,0,to_stage2,exclude,E-NA,,title only,no abstract; RT content unknown,backward:Ntolaptsis2021
doi:10.5114/biolsport.2018.78056,2018,Association between physical fitness and cognitive performance in 19-24 year old males,10.5114/biolsport.2018.78056,Biology of Sport,chase,1,1,exclude_auto,exclude,E-OFF-auto,,,stage 1: no athletics term,forward:Collet1999;forward:Tonnessen2013
doi:10.5220/0006898300270033,2018,Imagery Improves Reaction Time in Elite Sprinters,10.5220/0006898300270033,,chase;gs,2,1,to_stage2,exclude,E-LAB,,,,forward:Collet1999
doi:10.5281/zenodo.1468335,2018,Influence Of Psycho-Physiological Indicators On The Result Of Running On 200 M For High-Qualified Sprinters With Visual Impairment On The Example Of Elite Sportswoman,10.5281/zenodo.1468335,Zenodo (CERN European Organization for Nuclear Research),openalex;s2,3,1,to_stage2,exclude,E-LAB,,,,
t:determinantsofexpertiseofolympicstyletaekwondoperf-b243c4,2018,Determinants of expertise of Olympic style Taekwondo performance,,HKBU Institutional Repository (Hong Kong Baptist University),openalex,1,1,to_stage2,exclude,E-SPORT,,title/abstract,stage 2 (reviewer): other sport,
t:thedevelopmentofmicrocontrollerbasedreactiontimeme-c2c147,2018,The Development of Microcontroller-based Reaction Time Measuring Instrument for Sprinter,,,gs,1,1,to_stage2,exclude,E-LAB,,,,
t:thinkingoutsidetheblockexternalfocusofattentionsho-5b99d3,2018,Thinking outside the block: External focus of attention shortens reaction times in collegiate track sprinters,,,gs,1,0,to_stage2,exclude,E-OFF,,title/abstract,"stage 2 (reviewer): not an analysis of official championship sprint RTs (cognitive/clinical RT, lab biomechanics or training, non-RT race analysis)",
doi:10.1007/s12283-019-0310-9,2019,Measuring temporal and spatial accuracy in trampolining,10.1007/s12283-019-0310-9,Sports Engineering,chase,1,0,to_stage2,exclude,E-OFF,,title/abstract,"stage 2 (reviewer): not an analysis of official championship sprint RTs (cognitive/clinical RT, lab biomechanics or training, non-RT race analysis)",forward:Lipps2011
doi:10.1007/s40279-019-01138-1,2019,The Biomechanics of the Track and Field Sprint Start: A Narrative Review,10.1007/s40279-019-01138-1,Sports Medicine,chase,1,1,to_stage2,exclude,E-REV,,,review,backward:Milloz2021_review;backward:Ntolaptsis2021;backward:Zhang2021;forward:Brosnan2017;forward:Brown2008;forward:Collet1999;forward:Haugen2013
doi:10.1016/b978-0-08-102582-6.00014-9,2019,Design and Materials in Athletics,10.1016/b978-0-08-102582-6.00014-9,Elsevier eBooks,chase,1,0,to_stage2,exclude,E-OFF,,title/abstract,"stage 2 (reviewer): not an analysis of official championship sprint RTs (cognitive/clinical RT, lab biomechanics or training, non-RT race analysis)",forward:Lipps2011
doi:10.1016/j.brainres.2019.146559,2019,Increased auditory stimulus intensity results in an earlier and faster rise in corticospinal excitability,10.1016/j.brainres.2019.146559,Brain Research,chase,1,0,to_stage2,exclude,E-OFF,,title/abstract,"stage 2 (reviewer): not an analysis of official championship sprint RTs (cognitive/clinical RT, lab biomechanics or training, non-RT race analysis)",backward:Milloz2021_review;backward:Mitasik2021;backward:Mitasik2022
doi:10.1016/j.jshs.2019.10.002,2019,Profiling elite male 100-m sprint performance: The role of maximum velocity and relative acceleration,10.1016/j.jshs.2019.10.002,Journal of sport and health science/Journal of Sport and Health Science,chase,1,1,to_stage2,exclude,E-OFF,,title/abstract,"stage 2 (reviewer): not an analysis of official championship sprint RTs (cognitive/clinical RT, lab biomechanics or training, non-RT race analysis)",forward:Brosnan2017;forward:Tonnessen2013
doi:10.1038/s41598-019-48052-0,2019,Risk aversion in the adjustment of speed-accuracy tradeoff depending on time constraints,10.1038/s41598-019-48052-0,Scientific Reports,chase,1,1,exclude_auto,exclude,E-OFF-auto,,,stage 1: no athletics term,backward:Mukai2020
doi:10.1080/14763141.2017.1409260,2019,The effect of auditory stimulus training on swimming start reaction time,10.1080/14763141.2017.1409260,Sports Biomechanics,chase;gs,2,1,exclude_auto,exclude,E-OFF-auto,,,stage 1: no athletics term,backward:Han2025;backward:Milloz2021_review
doi:10.1080/14763141.2019.1593497,2019,Validity of block start performance without arm forces or by kinematics-only methods,10.1080/14763141.2019.1593497,Sports Biomechanics,chase,1,1,to_stage2,exclude,E-OFF,,title/abstract,"stage 2 (reviewer): not an analysis of official championship sprint RTs (cognitive/clinical RT, lab biomechanics or training, non-RT race analysis)",backward:Milloz2021_review;forward:Brown2008
doi:10.1080/14763141.2019.1657932,2019,Sprint start performance: the potential influence of triceps surae electromechanical delay,10.1080/14763141.2019.1657932,Sports Biomechanics,chase;gs;openalex;pubmed;s2,5,1,to_stage2,exclude,E-LAB,,abstract,Crotty et al.,forward:Brosnan2017;forward:Brown2008;forward:Lipps2011
doi:10.1098/rspb.2019.0297,2019,"The decision to move: response times, neuronal circuits and sensory memory in a simple vertebrate",10.1098/rspb.2019.0297,Proceedings of the Royal Society B Biological Sciences,chase,1,1,exclude_auto,exclude,E-OFF-auto,,,stage 1: no athletics term,forward:Pilianidis2012IJPAS
doi:10.11114/jets.v6i12a.3931,2019,The Relationship Between Reaction Time and 60 m Performance in Elite Athletes,10.11114/jets.v6i12a.3931,Journal of Education and Training Studies,chase;gs;openalex;repo;s2,5,1,to_stage2,include,INC,Gurses2018,abstract (OpenAlex),years 2010-2018 per Milloz et al. 2021 [S],backward:Matic2023;backward:Milloz2021_review;backward:Ntolaptsis2021;forward:Collet1999;forward:Pilianidis2012IJPAS;forward:Tonnessen2013
doi:10.11648/j.ajss.20190703.16,2019,Reaction Time and Spatiotemporal Variables as Markers of Sprint Start Performance,10.11648/j.ajss.20190703.16,American Journal of Sports Science,chase;gs,2,1,to_stage2,exclude,E-LAB,,,,backward:Milloz2021_review;forward:Tonnessen2013
doi:10.1177/0081246319871391,2019,The effects of video gaming on visual selective attention,10.1177/0081246319871391,South African Journal of Psychology,chase,1,1,exclude_auto,exclude,E-OFF-auto,,,stage 1: no athletics term,forward:Tonnessen2013
doi:10.1186/s40798-019-0221-0,2019,The Training and Development of Elite Sprint Performance: an Integration of Scientific and Best Practice Literature,10.1186/s40798-019-0221-0,Sports Medicine - Open,chase,1,1,to_stage2,exclude,E-REV,,,review,forward:Tonnessen2013
doi:10.1201/9780429298547,2019,"Distributions for Modeling Location, Scale, and Shape",10.1201/9780429298547,,chase,1,1,exclude_auto,exclude,E-OFF-auto,,,stage 1: no athletics term,backward:Fiore2025
doi:10.14639/0392-100x-2176,2019,Saccades and driving,10.14639/0392-100x-2176,Acta Otorhinolaryngologica Italica,chase,1,1,exclude_auto,exclude,E-OFF-auto,,,stage 1: no athletics term,forward:Lipps2011
doi:10.1519/jsc.0000000000003160,2019,Validity and Reliability of a Light-Based Electronic Target for Testing Response Time in Fencers,10.1519/jsc.0000000000003160,The Journal of Strength and Conditioning Research,chase,1,1,exclude_auto,exclude,E-OFF-auto,,,stage 1: no athletics term,forward:Tonnessen2013
doi:10.30773/pi.2019.05.16,2019,Visual and Auditory Reaction Times of Patients with Opioid Use Disorder,10.30773/pi.2019.05.16,Psychiatry Investigation,chase,1,1,exclude_auto,exclude,E-OFF-auto,,,stage 1: no athletics term,forward:Lipps2011
doi:10.32614/rj-2018-051,2019,ggplot2 Compatible Quantile-Quantile Plots in R,10.32614/rj-2018-051,The R Journal,chase,1,1,exclude_auto,exclude,E-OFF-auto,,,stage 1: no athletics term,backward:Fiore2025
doi:10.3389/fpsyg.2019.01145,2019,Musical Intensity Applied in the Sports and Exercise Domain: An Effective Strategy to Boost Performance?,10.3389/fpsyg.2019.01145,Frontiers in Psychology,chase,1,1,exclude_auto,exclude,E-OFF-auto,,,stage 1: no athletics term,forward:Brown2008
doi:10.3389/fpsyg.2019.02278,2019,"Relationships Between Reaction Time, Selective Attention, Physical Activity, and Physical Fitness in Children",10.3389/fpsyg.2019.02278,Frontiers in Psychology,chase,1,1,exclude_auto,exclude,E-OFF-auto,,,stage 1: no athletics term,forward:Tonnessen2013
doi:10.3389/fpsyg.2019.02525,2019,Spatiotemporal Comparisons Between Elite and High-Level 60 m Hurdlers,10.3389/fpsyg.2019.02525,Frontiers in Psychology,chase,1,1,to_stage2,exclude,E-OFF,,title/abstract,"stage 2 (reviewer): not an analysis of official championship sprint RTs (cognitive/clinical RT, lab biomechanics or training, non-RT race analysis)",backward:Ntolaptsis2021
doi:10.3389/fspor.2019.00023,2019,World-Class Male Sprinters and High Hurdlers Have Similar Start and Initial Acceleration Techniques,10.3389/fspor.2019.00023,Frontiers in Sports and Active Living,chase;gs,2,1,to_stage2,exclude,E-OFF,,title/abstract,"stage 2 (reviewer): not an analysis of official championship sprint RTs (cognitive/clinical RT, lab biomechanics or training, non-RT race analysis)",backward:Ntolaptsis2021
doi:10.37310/ref.v88i2.837,2019,Influência do alongamento muscular sobre o tempo de reação manual,10.37310/ref.v88i2.837,Revista de Educação Física / Journal of Physical Education,chase,1,1,exclude_auto,exclude,E-OFF-auto,,,stage 1: no athletics term,forward:Tonnessen2013
doi:10.58837/chula.the.2019.1096,2019,ผลของโปรแกรมการฝกทมระยะเวลาการพกทแตกตางกนตอความสามารถในการสปรนตซำของนกกฬาฟตบอลหญง,10.58837/chula.the.2019.1096,,chase,1,1,exclude_auto,exclude,E-OFF-auto,,,stage 1: no athletics term,forward:Brown2008
doi:10.5937/bezbednost1901025m,2019,Simple visual reaction time in students of Academy of Criminalistic and Police Studies,10.5937/bezbednost1901025m,Bezbednost Beograd,chase,1,1,exclude_auto,exclude,E-OFF-auto,,,stage 1: no athletics term,forward:Tonnessen2013
t:analysisofsprintstarttransitionphasesandtheirassoc-abcf4d,2019,ANALYSIS OF SPRINT START TRANSITION PHASES AND THEIR ASSOCIATIONS WITH PERFORMANCE,,,chase,1,0,to_stage2,exclude,E-OFF,,title/abstract,"stage 2 (reviewer): not an analysis of official championship sprint RTs (cognitive/clinical RT, lab biomechanics or training, non-RT race analysis)",backward:Milloz2021_review
t:hasthefalsestartdetectingmachineaffectedthereactio-5a7787,2019,Has the false start detecting machine affected the reaction time and performance of sprinters,,International Journal of Physical Education Sports and Health,openalex;s2,2,1,to_stage2,include,INC,Radhamani2019,abstract (OpenAlex),school championships,
t:reactiontimeonswimmingblockstartincompetitorsswimm-82f413,2019,Reaction Time on Swimming Block Start in Competitors Swimmers on World Swimming Championship,,Journal of Physical Education and Sport,gs;openalex;s2,3,1,to_stage2,exclude,E-SPORT,,title/abstract,stage 2 (reviewer): other sport,
t:startandturnperformancesofelitesprintersatthe2016e-cd78ca,2019,Start and turn performances of elite sprinters at the 2016 European Championships in swimming,,,gs,1,1,to_stage2,exclude,E-SPORT,,title/abstract,stage 2 (reviewer): other sport,
t:thestudyontherelationshipbetweeneliteathletesstart-9abb89,2019,The Study on the Relationship between Elite Athletes' Start Reaction Time and Sport Performance in Indoor Short Distance Running,,,gs,1,1,to_stage2,exclude,E-LANG,,search-engine snippet,Chinese-language journal (Chengdu Sport University); four World Indoor Championships,
doi:10.1007/s40279-020-01350-4,2020,Sprint Start Regulation in Athletics: A Critical Review,10.1007/s40279-020-01350-4,Sports Medicine,chase;openalex;pubmed;repo;s2,5,1,to_stage2,exclude,E-REV,,full text (PDF in github.com/ofiore/Thesis),review; used as a chasing hub,backward:Fiore2025;backward:Han2025;backward:Ntolaptsis2021;forward:Brosnan2017;forward:Brown2008;forward:Collet1999;forward:Haugen2013;forward:Lipps2011;forward:MirshamsShahshahani2018;forward:Tonnessen2013
doi:10.1080/02640414.2020.1787698,2020,Improvement in sprint start performance by modulating an initial loading location on the starting blocks,10.1080/02640414.2020.1787698,Journal of Sports Sciences,chase;gs,2,1,to_stage2,exclude,E-OFF,,title/abstract,"stage 2 (reviewer): not an analysis of official championship sprint RTs (cognitive/clinical RT, lab biomechanics or training, non-RT race analysis)",backward:Ntolaptsis2021;forward:Tonnessen2013
doi:10.1080/24748668.2020.1776064,2020,Gender and event specificity differences in kinematical parameters of a 60 m hurdles race,10.1080/24748668.2020.1776064,International Journal of Performance Analysis in Sport,chase,1,1,to_stage2,exclude,E-OFF,,title/abstract,"stage 2 (reviewer): not an analysis of official championship sprint RTs (cognitive/clinical RT, lab biomechanics or training, non-RT race analysis)",backward:Fiore2025;backward:Ntolaptsis2021
doi:10.1080/24748668.2020.1780871,2020,Kinematic comparison of support and swing techniques between elite and sub-elite athletes during the 30-m acceleration of sprint running,10.1080/24748668.2020.1780871,International Journal of Performance Analysis in Sport,chase,1,1,to_stage2,exclude,E-OFF,,title/abstract,"stage 2 (reviewer): not an analysis of official championship sprint RTs (cognitive/clinical RT, lab biomechanics or training, non-RT race analysis)",forward:Pilianidis2012IJPAS
doi:10.1097/opx.0000000000001600,2020,Evidence‐based Classification in Track Athletics for Athletes with a Vision Impairment: A Delphi Study,10.1097/opx.0000000000001600,Optometry and Vision Science,chase,1,1,to_stage2,exclude,E-OFF,,title/abstract,"stage 2 (reviewer): not an analysis of official championship sprint RTs (cognitive/clinical RT, lab biomechanics or training, non-RT race analysis)",forward:Tonnessen2013
doi:10.1109/kst48564.2020.9059442,2020,Deciding when to start in 100-m sprints at Athletic World Championships,10.1109/kst48564.2020.9059442,International Conference on Knowledge and Smart Technology,chase;gs;openalex;repo;s2,5,1,to_stage2,include,INC,Mukai2020,abstract (OpenAlex),,forward:Tonnessen2013
doi:10.1145/3383668.3419891,2020,Game Player Response Times versus Task Dexterity and Decision Complexity,10.1145/3383668.3419891,,chase,1,1,exclude_auto,exclude,E-OFF-auto,,,stage 1: no athletics term,forward:Tonnessen2013
doi:10.1145/3429290.3429296,2020,Exploring Bi-modal Feedback in Augmented Reality,10.1145/3429290.3429296,,chase,1,1,exclude_auto,exclude,E-OFF-auto,,,stage 1: no athletics term,forward:Brown2008
doi:10.1177/1012690220968115,2020,Sexual minority prevalence and attitudes within the British horseracing industry,10.1177/1012690220968115,International Review for the Sociology of Sport,chase,1,1,exclude_auto,exclude,E-OFF-auto,,,stage 1: no athletics term,forward:Lipps2011
doi:10.1590/1517-869220202602220003,2020,DURATION AND QUALITY OF SLEEP IN SPRINT AND RECOVERY PERFORMANCES AMONG ELITE SWIMMERS,10.1590/1517-869220202602220003,Revista Brasileira de Medicina do Esporte,openalex;s2,3,1,to_stage2,exclude,E-SPORT,,title/abstract,stage 2 (reviewer): other sport,
doi:10.17759/exppsy.2020130315,2020,The Effect of the Alert Signal in Changing the Operability and Productivity of the Activity,10.17759/exppsy.2020130315,Experimental Psychology (Russia),chase,1,1,exclude_auto,exclude,E-OFF-auto,,,stage 1: no athletics term,forward:Haugen2013
doi:10.18637/jss.v096.i06,2020,Wilcoxon Rank-Based Tests for Clustered Data with R Package clusrank,10.18637/jss.v096.i06,Journal of Statistical Software,chase,1,1,exclude_auto,exclude,E-OFF-auto,,,stage 1: no athletics term,backward:Fiore2025
doi:10.2478/afepuc-2020-0017,2020,Changes in the Start Reaction Times in the 200 m Run at the World Championships After the Tightening of False Start Rule,10.2478/afepuc-2020-0017,Acta Facultatis Educationis Physicae Universitatis Comenianae,chase;gs;openalex;repo;s2,5,1,to_stage2,include,INC,Mitasik2020a,"full text (OA, per lit/systematic_forensics.md)",,backward:Matic2023;backward:Mitasik2021;backward:Mitasik2022;backward:Ntolaptsis2021;forward:Brosnan2017;forward:Haugen2013;forward:Pilianidis2012IJPAS
doi:10.2478/bhk-2020-0003,2020,Profile of coordination motor abilities in elite judokas and badminton players compared to non-athletes,10.2478/bhk-2020-0003,Biomedical Human Kinetics,chase,1,1,exclude_auto,exclude,E-OFF-auto,,,stage 1: no athletics term,backward:Mitasik2021;backward:Mitasik2022
doi:10.2478/gth-2020-0021,2020,Perception and Action in Complex Movements: The Emerging Relevance of Auditory Information,10.2478/gth-2020-0021,Gestalt theory,chase,1,1,exclude_auto,exclude,E-OFF-auto,,,stage 1: no athletics term,forward:Brown2008
doi:10.33155/j.ramd.2020.11.001,2020,The effect of short-term resistance training on hand reaction time improvement is independent of sexual dimorphism,10.33155/j.ramd.2020.11.001,Revista Andaluza de Medicina del Deporte,chase,1,1,exclude_auto,exclude,E-OFF-auto,,,stage 1: no athletics term,forward:Tonnessen2013
doi:10.3390/app10217807,2020,Evolution of the Hurdle-Unit Kinematic Parameters in the 60 m Indoor Hurdle Race,10.3390/app10217807,Applied Sciences,chase,1,1,to_stage2,exclude,E-OFF,,title/abstract,"stage 2 (reviewer): not an analysis of official championship sprint RTs (cognitive/clinical RT, lab biomechanics or training, non-RT race analysis)",backward:Ntolaptsis2021
doi:10.3390/brainsci10080494,2020,"On Your Mark, Get Set, Self-Control, Go: A Differentiated View on the Cortical Hemodynamics of Self-Control during Sprint Start",10.3390/brainsci10080494,Brain Sciences,chase,1,1,to_stage2,exclude,E-OFF,,title/abstract,"stage 2 (reviewer): not an analysis of official championship sprint RTs (cognitive/clinical RT, lab biomechanics or training, non-RT race analysis)",backward:Ntolaptsis2021;forward:Lipps2011
doi:10.3390/ijerph17030975,2020,Evaluation of the Pre-Planned and Non-Planed Agility Performance: Comparison between Individual and Team Sports,10.3390/ijerph17030975,International Journal of Environmental Research and Public Health,chase,1,1,to_stage2,exclude,E-OFF,,title/abstract,"stage 2 (reviewer): not an analysis of official championship sprint RTs (cognitive/clinical RT, lab biomechanics or training, non-RT race analysis)",forward:Tonnessen2013
doi:10.3390/ijerph17186447,2020,Gender-Related Differences in Mechanics of the Sprint Start and Sprint Acceleration of Top National-Level Sprinters,10.3390/ijerph17186447,International Journal of Environmental Research and Public Health,chase,1,1,to_stage2,exclude,E-OFF,,title/abstract,"stage 2 (reviewer): not an analysis of official championship sprint RTs (cognitive/clinical RT, lab biomechanics or training, non-RT race analysis)",forward:Tonnessen2013
doi:10.3390/s20020354,2020,Hurdle Clearance Detection and Spatiotemporal Analysis in 400 Meters Hurdles Races Using Shoe-Mounted Magnetic and Inertial Sensors,10.3390/s20020354,Sensors,chase,1,1,to_stage2,exclude,E-OFF,,title/abstract,"stage 2 (reviewer): not an analysis of official championship sprint RTs (cognitive/clinical RT, lab biomechanics or training, non-RT race analysis)",forward:Brosnan2017
doi:10.34961/6110,2020,Contribution of new start information system prototype to the false start detection in athletics,10.34961/6110,Arrow@dit (Dublin Institute of Technology),chase;openalex;s2,3,1,to_stage2,exclude,E-LAB,,full text (per lit/notes),Milloz et al. 2020 ISBS,forward:Haugen2013;forward:Lipps2011
doi:10.34961/6117,2020,A method comparison of block based accelerometers and force sensors for determination of response times in the sprint start,10.34961/6117,University of Limerick Institutional Repository (University of Limerick),chase,1,1,to_stage2,exclude,E-LAB,,,Limerick lab,forward:Brown2008;forward:Lipps2011;forward:MirshamsShahshahani2018
doi:10.5152/tjsm.,2020,Turkish Journal of Sports Medicine,10.5152/tjsm.,Turkish Journal of Sports Medicine,chase,1,0,to_stage2,exclude,E-OFF,,title/abstract,"stage 2 (reviewer): not an analysis of official championship sprint RTs (cognitive/clinical RT, lab biomechanics or training, non-RT race analysis)",backward:Collet1999
doi:10.7752/jpes.2020.s3302,2020,,10.7752/jpes.2020.s3302,Journal of Physical Education and Sport,chase;openalex,2,1,to_stage2,exclude,E-DUP,,abstract,untitled OpenAlex record of Mitasik et al. 2020b (J Phys Educ Sport 20 Suppl 3); its abstract was used for coding,forward:Pilianidis2012IJPAS
t:100metersprintrunningeventanalysisandprogrammingof-d45dc0,2020,100-meter sprint running : event analysis and programming of training and coaching,,Jyväskylä University Digital Archive (University of Jyväskylä),chase,1,1,to_stage2,exclude,E-LANG,,abstract (Finnish),Finnish thesis; event analysis and coaching,forward:Brown2008
t:analysisoftheperformanceoffinalistswimmingathletes-29a4d1,2020,"Analysis of the performance of finalist swimming athletes in Olympic games: Reaction time , partial time, speed, and final time",,,gs,1,1,exclude_auto,exclude,E-OFF-auto,,,stage 1: no athletics term,
t:changesinthestartreactiontimesofmaleandfemalesprin-b8772d,2020,Changes in the start reaction times of male and female sprinters in world athletic championships,,,gs;s2,2,1,to_stage2,include,INC,Mitasik2020b,"abstract (OpenAlex record doi:10.7752/jpes.2020.s3302, which lacks a title)",,
t:comparisonofthestartturnandfinishperformanceofelit-558552,2020,"Comparison of the Start, Turn and Finish Performance of Elite Swimmers in 100 m and 200 m Races.",,PubMed,chase;gs,2,1,to_stage2,exclude,E-SPORT,,title/abstract,stage 2 (reviewer): other sport,forward:Tonnessen2013
t:howhittingthehurdleaffectsperformanceinthe110mhurd-67dac9,2020,HOW HITTING THE HURDLE AFFECTS PERFORMANCE IN THE 110 M HURDLES,,ISBS Proceedings Archive,chase,1,0,to_stage2,exclude,E-OFF,,title/abstract,"stage 2 (reviewer): not an analysis of official championship sprint RTs (cognitive/clinical RT, lab biomechanics or training, non-RT race analysis)",backward:Ntolaptsis2021
t:kinematicparametersofhurdleclearancemotioninyoungn-044435,2020,"KINEMATIC PARAMETERS OF HURDLE CLEARANCE MOTION IN YOUNG, NOVICE ATHLETES",,ISBS Proceedings Archive,chase,1,0,to_stage2,exclude,E-OFF,,title/abstract,"stage 2 (reviewer): not an analysis of official championship sprint RTs (cognitive/clinical RT, lab biomechanics or training, non-RT race analysis)",backward:Ntolaptsis2021
doi:10.1038/s41514-021-00067-6,2021,"Two separate, large cohorts reveal potential modifiers of age-associated variation in visual reaction time performance",10.1038/s41514-021-00067-6,npj Aging and Mechanisms of Disease,chase,2,1,exclude_auto,exclude,E-OFF-auto,,,stage 1: no athletics term,forward:Tonnessen2013
doi:10.1080/01605682.2021.2000896,2021,Scholarly sports: Influence of social science academe on sports rules and policy,10.1080/01605682.2021.2000896,Journal of the Operational Research Society,chase,1,1,exclude_auto,exclude,E-OFF-auto,,,stage 1: no athletics term,forward:Lipps2011
doi:10.1080/14763141.2021.2005128,2021,Validation of a global positioning system with accelerometer for canoe/kayak sprint kinematic analysis,10.1080/14763141.2021.2005128,Sports Biomechanics,chase,1,1,to_stage2,exclude,E-SPORT,,title/abstract,stage 2 (reviewer): other sport,forward:Tonnessen2013
doi:10.1109/ccgrid51090.2021.00078,2021,ECO: Edge-Cloud Optimization of 5G applications,10.1109/ccgrid51090.2021.00078,,chase,1,1,exclude_auto,exclude,E-OFF-auto,,,stage 1: no athletics term,forward:Tonnessen2013
doi:10.1111/aos.14748,2021,Bilateral cataract surgery improves neurologic brake reaction time and stopping distance in elderly drivers,10.1111/aos.14748,Acta Ophthalmologica,chase,1,1,exclude_auto,exclude,E-OFF-auto,,,stage 1: no athletics term,forward:Lipps2011
doi:10.1155/2021/2136776,2021,Research on Real-Time Detection of Sprint Error Based on Visual Features and Internet of Things,10.1155/2021/2136776,Security and Communication Networks,chase,1,1,to_stage2,exclude,E-OFF,,title/abstract,"stage 2 (reviewer): not an analysis of official championship sprint RTs (cognitive/clinical RT, lab biomechanics or training, non-RT race analysis)",forward:Milloz2021_review
doi:10.1155/2021/6633326,2021,Correlation Analysis of Sprint Performance and Reaction Time Based on Double Logarithm Model,10.1155/2021/6633326,Complexity,chase;gs;openalex;repo;s2,5,1,to_stage2,include,INC,Zhang2021,abstract (OpenAlex),,backward:Fiore2025;backward:Han2025;backward:Ntolaptsis2021;forward:Brosnan2017;forward:Lipps2011;forward:Pilianidis2012IJPAS
doi:10.1371/journal.pone.0249635,2021,Anticipatory and pre-planned actions: A comparison between young soccer players and swimmers,10.1371/journal.pone.0249635,PLoS ONE,chase,1,1,exclude_auto,exclude,E-OFF-auto,,,stage 1: no athletics term,forward:Collet1999
doi:10.18276/cej.2021.2-05,2021,The importance of Reaction Time in Athletics: Influence on the Results of Sprint Runs of World Championships Finalists,10.18276/cej.2021.2-05,Central European Journal of Sport Sciences and Medicine,chase;gs;openalex;repo;s2,5,1,to_stage2,include,INC,Pavlovic2021,"full text (OA, per lit/systematic_forensics.md)",,backward:Matic2023;backward:Mitasik2022;forward:Collet1999;forward:Haugen2013;forward:Pilianidis2012IJPAS;forward:Tonnessen2013
doi:10.2147/nss.s294409,2021,Changes in Subjective Motivation and Effort During Sleep Restriction Moderate Interindividual Differences in Attentional Performance in Healthy Young Men,10.2147/nss.s294409,Nature and Science of Sleep,chase,1,1,to_stage2,exclude,E-OFF,,title/abstract,"stage 2 (reviewer): not an analysis of official championship sprint RTs (cognitive/clinical RT, lab biomechanics or training, non-RT race analysis)",forward:Collet1999
doi:10.2478/afepuc-2021-0007,2021,"Relationship Between Reaction Time, Medal Winning and Performance in the 60 m Hurdle Indoor Event Before and After the Change of False Start Rule",10.2478/afepuc-2021-0007,Acta Facultatis Educationis Physicae Universitatis Comenianae,chase;gs;openalex;repo;s2,5,1,to_stage2,include,INC,Ntolaptsis2021,"full text (OA, per lit/systematic_forensics.md)",,backward:Matic2023;forward:Brosnan2017;forward:Brown2008;forward:Collet1999;forward:Haugen2013;forward:Lipps2011;forward:Milloz2021_review;forward:Mitasik2020;forward:Pilianidis2012IJPAS;forward:Tonnessen2013;forward:Zhang2021
doi:10.2478/afepuc-2021-0017,2021,Intraindividual Evaluation of Reaction Time at the Women’s World Athletics Championships 1999 – 2019,10.2478/afepuc-2021-0017,Acta Facultatis Educationis Physicae Universitatis Comenianae,chase;gs;openalex;repo;s2,5,1,to_stage2,include,INC,Mitasik2021,abstract (OpenAlex),,forward:Mitasik2020;forward:Tonnessen2013
doi:10.2478/bhk-2021-0028,2021,The impact of fencing training symmetrisation on simple reaction time,10.2478/bhk-2021-0028,Biomedical Human Kinetics,chase,1,1,exclude_auto,exclude,E-OFF-auto,,,stage 1: no athletics term,forward:Pilianidis2012IJPAS
doi:10.26717/bjstr.2021.40.006494,2021,"""Comparison of the Reaction Time Between Motorcycle Road Racer and Motorcyclists""",10.26717/bjstr.2021.40.006494,Biomedical Journal of Scientific & Technical Research,chase,1,1,exclude_auto,exclude,E-OFF-auto,,,stage 1: no athletics term,forward:Tonnessen2013
doi:10.3390/ijerph18041371,2021,Characteristics of Cognitive Abilities among Youths Practicing Football,10.3390/ijerph18041371,International Journal of Environmental Research and Public Health,chase,1,1,to_stage2,exclude,E-SPORT,,title/abstract,stage 2 (reviewer): other sport,forward:Tonnessen2013
doi:10.3390/ijerph19010307,2021,"Effects of Nutritional Interventions on Accuracy and Reaction Time with Relevance to Mental Fatigue in Sporting, Military, and Aerospace Populations: A Systematic Review and Meta-Analysis",10.3390/ijerph19010307,International Journal of Environmental Research and Public Health,chase,1,1,exclude_auto,exclude,E-OFF-auto,,,stage 1: no athletics term,backward:Han2025
doi:10.3390/met11111780,2021,Study and Analysis on the Influence Degree of Particle Settlement Factors in Pipe Transportation of Backfill Slurry,10.3390/met11111780,Metals,chase,1,1,exclude_auto,exclude,E-OFF-auto,,,stage 1: no athletics term,forward:Zhang2021
doi:10.48129/kjs.v49i1.10170,2021,Mathematical model of the influence of the time of start reaction in 100 m sprint run,10.48129/kjs.v49i1.10170,Kuwait Journal of Science,gs;openalex;s2,3,1,to_stage2,exclude,E-DESC,,abstract (OpenAlex),model of six record races; the sex remark on RT is untested,
doi:10.51267/icehhm2021bp12,2021,IMPACT OF THE SARS-COV-2 PANDEMIC ON ATHLETIC PERFORMANCE IN THE 100-METER RACE,10.51267/icehhm2021bp12,"Book of Proceedings of the 11th International Congress of Education, Health and Human Movement",openalex;s2,2,1,to_stage2,exclude,E-TYPE,,abstract,"conference proceedings; app-based data, not official championship RTs (not coded)",
doi:10.5325/jpoststud.5.1.0039,2021,Temporal Relativism and the Objective Present,10.5325/jpoststud.5.1.0039,Journal of Posthuman Studies,chase,1,1,exclude_auto,exclude,E-OFF-auto,,,stage 1: no athletics term,forward:Brown2008
doi:10.53350/pjmhs2115113181,2021,Examination of the Effects of Autogenic Training on the Reaction Time Performance of the National Badminton Athletes,10.53350/pjmhs2115113181,Pakistan Journal of Medical and Health Sciences,chase,1,1,exclude_auto,exclude,E-OFF-auto,,,stage 1: no athletics term,forward:Tonnessen2013
t:munozperezandlagofuentesreactiontimeworldchampions-6c33c5,2021,Munoz-Perez and Lago-Fuentes reaction time World Championships 2013-2019,,unknown,repo,1,0,to_stage2,exclude,E-NA,,,named in lit/novelty-final-check.md only; record not found,
t:preliminarydesignandconstructionofreactiontimeplat-4392b4,2021,Preliminary Design and Construction of Reaction Time Platform for Swimming Start Block‏‎,,,gs,1,1,to_stage2,exclude,E-SPORT,,title/abstract,stage 2 (reviewer): other sport,
t:sprintstartregulationinathleticsacriticalreviewmmi-45536e,2021,Sprint Start Regulation in Athletics: A Critical Review: M. Milloz et al.,,,gs,1,1,to_stage2,exclude,E-DUP,,,duplicate record of Milloz et al. 2021,
t:theeffectofthestartandfinishinthe50mand100mfreesty-1d6645,2021,The effect of the start and finish in the 50 m and 100 m freestyle performance in elite male swimmers,,,gs,1,1,to_stage2,exclude,E-SPORT,,title/abstract,stage 2 (reviewer): other sport,
doi:10.1016/bs.acc.2021.07.004,2022,Advances in sports genomics,10.1016/bs.acc.2021.07.004,Advances in clinical chemistry,chase,1,0,to_stage2,exclude,E-OFF,,title/abstract,"stage 2 (reviewer): not an analysis of official championship sprint RTs (cognitive/clinical RT, lab biomechanics or training, non-RT race analysis)",forward:Tonnessen2013
doi:10.1016/j.bbr.2022.113839,2022,Retrospective composite analysis of StartReact data indicates sex differences in simple reaction time are not attributable to response preparation,10.1016/j.bbr.2022.113839,Behavioural Brain Research,chase,1,0,to_stage2,exclude,E-OFF,,title/abstract,"stage 2 (reviewer): not an analysis of official championship sprint RTs (cognitive/clinical RT, lab biomechanics or training, non-RT race analysis)",forward:Lipps2011
doi:10.1017/s0033291722001672,2022,Cannabidiol attenuates insular activity during motivational salience processing in patients with early psychosis,10.1017/s0033291722001672,Psychological Medicine,chase,1,1,exclude_auto,exclude,E-OFF-auto,,,stage 1: no athletics term,forward:Brosnan2017
doi:10.1123/mc.2021-0139,2022,Feasibility of Volitional Reaction Time Tests in Athletes: A Systematic Review,10.1123/mc.2021-0139,Motor Control,chase;gs,2,1,exclude_auto,exclude,E-OFF-auto,,,stage 1: no athletics term,forward:Lipps2011
doi:10.1146/annurev-neuro-092021-125059,2022,Neuromodulation and Neurophysiology on the Timescale of Learning and Decision-Making,10.1146/annurev-neuro-092021-125059,Annual Review of Neuroscience,chase,1,1,exclude_auto,exclude,E-OFF-auto,,,stage 1: no athletics term,forward:Lipps2011
doi:10.1177/17479541211072729,2022,Development of a novel biofeedback system for the sprint start,10.1177/17479541211072729,International Journal of Sports Science & Coaching,chase,1,1,to_stage2,exclude,E-LAB,,,,forward:Brown2008
doi:10.1186/s12891-022-05503-6,2022,Loudness affects motion: asymmetric volume of auditory feedback results in asymmetric gait in healthy young adults,10.1186/s12891-022-05503-6,BMC Musculoskeletal Disorders,chase,1,1,exclude_auto,exclude,E-OFF-auto,,,stage 1: no athletics term,forward:Brown2008
doi:10.1215/00265667-9992831,2022,A chance progression,10.1215/00265667-9992831,Minnesota Review,chase,1,1,exclude_auto,exclude,E-OFF-auto,,,stage 1: no athletics term,backward:Fiore2025
doi:10.1249/mss.0000000000003057,2022,Acute Effect of Caffeine Supplementation on 100-m Sprint Running Performance: A Field Test,10.1249/mss.0000000000003057,Medicine & Science in Sports & Exercise,chase,1,1,to_stage2,exclude,E-OFF,,title/abstract,"stage 2 (reviewer): not an analysis of official championship sprint RTs (cognitive/clinical RT, lab biomechanics or training, non-RT race analysis)",forward:Tonnessen2013
doi:10.12662/2317-3076jhbs.v10i1.4515.p1-9.2022,2022,Análise cinética e cinemática da saída de bloco em natação de atletas deficientes visuais,10.12662/2317-3076jhbs.v10i1.4515.p1-9.2022,Journal of Health & Biological Sciences,chase,1,1,exclude_auto,exclude,E-OFF-auto,,,stage 1: no athletics term,forward:Pilianidis2012IJPAS
doi:10.13189/saj.2022.100106,2022,Exploring Study of Yogyakarta Physical Fitness Athletes in Indonesia,10.13189/saj.2022.100106,International journal of human movement and sports sciences,chase,1,1,exclude_auto,exclude,E-OFF-auto,,,stage 1: no athletics term,forward:Zhang2021
doi:10.2478/afepuc-2022-0007,2022,Intraindividual Evaluation of Reaction Time At the Men’s World Athletics Championships 1999 - 2019,10.2478/afepuc-2022-0007,Acta Facultatis Educationis Physicae Universitatis Comenianae,chase;gs;openalex;repo;s2,5,1,to_stage2,include,INC,Mitasik2022,abstract (OpenAlex),,forward:Brosnan2017;forward:Mitasik2020;forward:Tonnessen2013
doi:10.31254/sportmed.6114,2022,The up hill and down hill exercises effect on the improvement of 100 meter running,10.31254/sportmed.6114,International Journal of Sport Exercise and Health Research,chase,1,1,to_stage2,exclude,E-OFF,,title/abstract,"stage 2 (reviewer): not an analysis of official championship sprint RTs (cognitive/clinical RT, lab biomechanics or training, non-RT race analysis)",forward:Brown2008
doi:10.3389/fnhum.2022.868450,2022,The Effect of Neurofeedback on the Reaction Time and Cognitive Performance of Athletes: A Systematic Review and Meta-Analysis,10.3389/fnhum.2022.868450,Frontiers in Human Neuroscience,chase,1,1,exclude_auto,exclude,E-OFF-auto,,,stage 1: no athletics term,backward:Han2025
doi:10.3390/ijerph19074074,2022,Biomechanical Performance Factors in the Track and Field Sprint Start: A Systematic Review,10.3390/ijerph19074074,International Journal of Environmental Research and Public Health,chase;gs,2,1,to_stage2,exclude,E-REV,,,review,forward:Milloz2021_review
doi:10.3390/ijerph19106254,2022,Effect of Attentional Focus on Sprint Performance: A Meta-Analysis,10.3390/ijerph19106254,International Journal of Environmental Research and Public Health,chase,1,1,to_stage2,exclude,E-OFF,,title/abstract,"stage 2 (reviewer): not an analysis of official championship sprint RTs (cognitive/clinical RT, lab biomechanics or training, non-RT race analysis)",forward:Collet1999
doi:10.3390/ijerph192215404,2022,"Exploratory Analysis of Sprint Force-Velocity Characteristics, Kinematics and Performance across a Periodized Training Year: A Case Study of Two National Level Sprint Athletes",10.3390/ijerph192215404,International Journal of Environmental Research and Public Health,chase,1,1,to_stage2,exclude,E-OFF,,title/abstract,"stage 2 (reviewer): not an analysis of official championship sprint RTs (cognitive/clinical RT, lab biomechanics or training, non-RT race analysis)",forward:Tonnessen2013
doi:10.3390/s22176680,2022,"The Effects of a Visual Stimuli Training Program on Reaction Time, Cognitive Function, and Fitness in Young Soccer Players",10.3390/s22176680,Sensors,chase,1,1,to_stage2,exclude,E-SPORT,,title/abstract,stage 2 (reviewer): other sport,forward:Tonnessen2013
doi:10.34142/hsr.2022.08.03.05,2022,Anthropometric parameters of elite male runners sprint: are body height and body weight predictors of results,10.34142/hsr.2022.08.03.05,Health sport rehabilitation,chase,1,1,to_stage2,exclude,E-OFF,,title/abstract,"stage 2 (reviewer): not an analysis of official championship sprint RTs (cognitive/clinical RT, lab biomechanics or training, non-RT race analysis)",forward:Tonnessen2013
doi:10.36526/kejaora.v7i2.2194,2022,"PENGARUH POWER OTOT TUNGKAI, KECEPATAN REAKSI, DAN KOORDINASI MATA TANGAN KAKI TERHADAP KEMAMPUAN LARI 100 METER",10.36526/kejaora.v7i2.2194,Jurnal Kejaora (Kesehatan Jasmani dan Olah Raga),chase,1,1,to_stage2,exclude,E-OFF,,title/abstract,"stage 2 (reviewer): not an analysis of official championship sprint RTs (cognitive/clinical RT, lab biomechanics or training, non-RT race analysis)",forward:Tonnessen2013
doi:10.37467/revtechno.v11.4467,2022,El papel de las cualidades del sonido en las imágenes mentales sonoras,10.37467/revtechno.v11.4467,TECHNO REVIEW International Technology Science and Society Review /Revista Internacional de Tecnología Ciencia y Sociedad,chase,1,1,exclude_auto,exclude,E-OFF-auto,,,stage 1: no athletics term,forward:Brown2008
doi:10.58962/hstrpt.2022.3.1.106-111,2022,The structure of the annual training cycle of gymnasts in sports aerobics with various psychophysiological and functional features,10.58962/hstrpt.2022.3.1.106-111,Health-saving technologies rehabilitation and physical therapy,chase,1,1,exclude_auto,exclude,E-OFF-auto,,,stage 1: no athletics term,forward:Lipps2011
doi:10.58962/hstrpt.2022.3.1.112-116,2022,Development of an algorithm for determining the individual factor structure of gymnasts' preparedness for the selection of teams in sports aerobics,10.58962/hstrpt.2022.3.1.112-116,Health-saving technologies rehabilitation and physical therapy,chase,1,1,exclude_auto,exclude,E-OFF-auto,,,stage 1: no athletics term,forward:Lipps2011
doi:10.6018/cpd.468821,2022,Efecto de un programa de entrenamiento de fuerza y acondicionamiento en seco sobre las habilidades físicas en practicantes federados en natación,10.6018/cpd.468821,Cuadernos de Psicología del Deporte,chase,1,1,to_stage2,exclude,E-OFF,,title/abstract,"stage 2 (reviewer): not an analysis of official championship sprint RTs (cognitive/clinical RT, lab biomechanics or training, non-RT race analysis)",forward:Tonnessen2013
t:neuromuscularperformanceoftheplantarflexorsinsprin-1fefbb,2022,Neuromuscular performance of the plantar flexors in sprinters and the contribution to the sprint start response time sequence,,,gs,1,0,to_stage2,exclude,E-OFF,,title/abstract,"stage 2 (reviewer): not an analysis of official championship sprint RTs (cognitive/clinical RT, lab biomechanics or training, non-RT race analysis)",
t:performanceofathletesbasedonmathematicalstatistics-a67941,2022,Performance of Athletes based on Mathematical Statistics--A Case Study of the Short Distance Events at the Five World Athletics Chazmpionships from 2011 to …,,,gs,1,1,to_stage2,include,INC,Wang2022,"full text (journal PDF, icj-e.org)",International Core Journal of Engineering 8(1):412-421,
t:visualdetectionofresponsetimeinathleticsagoldstand-d35d41,2022,VISUAL DETECTION OF RESPONSE TIME IN ATHLETICS: A “GOLD STANDARD”?,,,gs,1,1,to_stage2,exclude,E-LAB,,search snippet,Milloz et al. 2022 ISBS,
doi:10.1177/17479541231200526,2023,Determinant biomechanical variables for each sprint phase performance in track and field: A systematic review,10.1177/17479541231200526,International Journal of Sports Science & Coaching,chase,1,1,to_stage2,exclude,E-REV,,,review,forward:Collet1999;forward:Haugen2013
doi:10.1186/s13102-023-00735-y,2023,The influence of selected anthropometric parameters on psychomotor abilities among professional Rugby Union players,10.1186/s13102-023-00735-y,BMC Sports Science Medicine and Rehabilitation,chase,1,1,to_stage2,exclude,E-SPORT,,title/abstract,stage 2 (reviewer): other sport,forward:Tonnessen2013
doi:10.1371/journal.pone.0281138,2023,The importance of reaction time to the starting signal on race results in elite motorcycle speedway racing,10.1371/journal.pone.0281138,PLoS ONE,chase,1,1,exclude_auto,exclude,E-OFF-auto,,,stage 1: no athletics term,forward:Brosnan2017;forward:Milloz2021_review;forward:Tonnessen2013
doi:10.14716/ijtech.v14i5.4778,2023,The Effects of Using Electronic Maps While Driving on The Driver Performance,10.14716/ijtech.v14i5.4778,International Journal of Technology,chase,1,1,exclude_auto,exclude,E-OFF-auto,,,stage 1: no athletics term,forward:Lipps2011
doi:10.15314/tsed.1292928,2023,"Examination of the Relationship Between the Reaction Time, Competition Result With the Competition Hour in the World Indoor Championships (2006-2022): 60 Meters",10.15314/tsed.1292928,Turkish Journal of Sport and Exercise,openalex,1,1,to_stage2,include,INC,Satilmis2023,abstract (OpenAlex),,
doi:10.17265/2332-7839/2023.01.002,2023,Theory and Practice of High-Level Sprint Training Based on Accurate Sectional Timing,10.17265/2332-7839/2023.01.002,Journal of Sports Science,openalex,1,1,to_stage2,exclude,E-OFF,,title/abstract,"stage 2 (reviewer): not an analysis of official championship sprint RTs (cognitive/clinical RT, lab biomechanics or training, non-RT race analysis)",
doi:10.17309/tmfv.2023.3.05,2023,"Analysis of Reaction Time, Split Time and Final Time Records of Swimming Athletes in the Olympic Games on 2008-2021",10.17309/tmfv.2023.3.05,Physical Education Theory and Methodology,chase;gs,2,1,to_stage2,exclude,E-SPORT,,title/abstract,stage 2 (reviewer): other sport,backward:Han2025
doi:10.17309/tmfv.2023.5.06,2023,Relation between Start Reaction Time and Performance Time among Women Finalist Sprinters in the Olympic Games 2000 to 2020,10.17309/tmfv.2023.5.06,Physical Education Theory and Methodology,chase;gs;openalex;s2,4,1,to_stage2,include,INC,Biswas2023,abstract (OpenAlex),,forward:Pilianidis2012IJPAS;forward:Tonnessen2013;forward:Zhang2021
doi:10.29228/eriss.32,2023,Comparing the Accuracy and Reaction Times of Esports Players and Sport Sciences Students,10.29228/eriss.32,Eurasian Research in Sport Science,chase,1,1,exclude_auto,exclude,E-OFF-auto,,,stage 1: no athletics term,forward:Lipps2011
doi:10.2991/978-2-494069-35-0_13,2023,Analysis of National Men’s Sprinter Athlete Test Results in Preparation for the 2022 SEA Games,10.2991/978-2-494069-35-0_13,"Advances in Social Science, Education and Humanities Research/Advances in social science, education and humanities research",chase,1,1,to_stage2,exclude,E-OFF,,title/abstract,"stage 2 (reviewer): not an analysis of official championship sprint RTs (cognitive/clinical RT, lab biomechanics or training, non-RT race analysis)",forward:Brosnan2017;forward:Tonnessen2013
doi:10.31382/eqol.230602,2023,Relationship between reaction time and performance in the 60 m hurdles at the 2022 World Indoor Championships,10.31382/eqol.230602,Exercise and Quality of Life,chase;openalex;repo;s2,4,1,to_stage2,include,INC,Matic2023a,abstract (OpenAlex),,backward:Matic2023;forward:Brosnan2017;forward:Collet1999;forward:Haugen2013;forward:Matic2023;forward:Mitasik2020;forward:Ntolaptsis2021;forward:Tonnessen2013
doi:10.31382/eqol.231206,2023,Sprint race distance affects reaction time in male and female sprinters at the 2022 World Indoor Athletics Championships,10.31382/eqol.231206,Exercise and Quality of Life,chase;gs;openalex;s2,4,1,to_stage2,include,INC,Matic2023b,abstract (OpenAlex),,forward:Matic2023;forward:Tonnessen2013
doi:10.31382/eqol.231207,2023,https://www.eqoljournal.com/sprint-race-distance-affects-reaction-time-in-male-and-female-sprinters-at-the-2022-world-indoor-athletics-championships/,10.31382/eqol.231207,Exercise and Quality of Life,s2,1,1,to_stage2,exclude,E-DUP,,,duplicate record of Matic et al. 2023b,
doi:10.3390/brainsci13040660,2023,The Use of Neurofeedback in Sports Training: Systematic Review,10.3390/brainsci13040660,Brain Sciences,chase,1,1,exclude_auto,exclude,E-OFF-auto,,,stage 1: no athletics term,backward:Han2025
doi:10.3390/genes14061235,2023,Genes and Athletic Performance: The 2023 Update,10.3390/genes14061235,Genes,chase,1,1,exclude_auto,exclude,E-OFF-auto,,,stage 1: no athletics term,forward:Tonnessen2013
doi:10.3390/ijerph20043568,2023,A Scoping Review of Transgender Policies in the 15 Most Commonly Played UK Professional Sports,10.3390/ijerph20043568,International Journal of Environmental Research and Public Health,chase,1,1,exclude_auto,exclude,E-OFF-auto,,,stage 1: no athletics term,forward:Lipps2011
doi:10.3390/sym16010028,2023,"Identifying the Level of Symmetrization of Reaction Time According to Manual Lateralization between Team Sports Athletes, Individual Sports Athletes, and Non-Athletes",10.3390/sym16010028,Symmetry,chase,1,1,exclude_auto,exclude,E-OFF-auto,,,stage 1: no athletics term,forward:Tonnessen2013
doi:10.5114/jhk/159646,2023,Strength and Conditioning Practices of Brazilian Olympic Sprint and Jump Coaches,10.5114/jhk/159646,Journal of Human Kinetics,chase,1,1,to_stage2,exclude,E-OFF,,title/abstract,"stage 2 (reviewer): not an analysis of official championship sprint RTs (cognitive/clinical RT, lab biomechanics or training, non-RT race analysis)",forward:Tonnessen2013
doi:10.51626/ijeti.2023.04.00051,2023,Effect of Age and Gender on Reaction Time,10.51626/ijeti.2023.04.00051,International Journal on Engineering Technologies and Informatics,chase,1,1,exclude_auto,exclude,E-OFF-auto,,,stage 1: no athletics term,forward:Lipps2011
doi:10.58962/kozina-z-2023-978-1-4478-6501-8,2023,Nervous system features of different age groups people with different physical activity levels and patterns,10.58962/kozina-z-2023-978-1-4478-6501-8,,chase,1,1,exclude_auto,exclude,E-OFF-auto,,,stage 1: no athletics term,forward:Lipps2011
t:examinationoftherelationshipbetweenthereactiontime-bac50a,2023,"Examination of the Relationship Between the Reaction Time , Competition Result With the Competition Hour in the World Indoor Championships (2006-2022): 60 …",,,gs,1,1,to_stage2,exclude,E-DUP,,,Google Scholar record of Satilmis et al. 2023,
t:exploringmovementrelatedcorticalpotentialsreaction-2ba965,2023,"Exploring movement-related cortical potentials, reaction time and force production during the sprint block start of expert and novice sprinters : A case series",,,gs,1,1,to_stage2,exclude,E-LAB,,,,
doi:10.1016/bs.adgen.2024.01.001,2024,Genomic predictors of physical activity and athletic performance,10.1016/bs.adgen.2024.01.001,Advances in genetics,chase,1,0,to_stage2,exclude,E-OFF,,title/abstract,"stage 2 (reviewer): not an analysis of official championship sprint RTs (cognitive/clinical RT, lab biomechanics or training, non-RT race analysis)",forward:Tonnessen2013
doi:10.1016/j.jsr.2024.09.016,2024,Effects of integrated takeover request warning with personal portable device on takeover time and post-takeover performance in level 3 driving automation,10.1016/j.jsr.2024.09.016,Journal of Safety Research,chase,1,0,to_stage2,exclude,E-OFF,,title/abstract,"stage 2 (reviewer): not an analysis of official championship sprint RTs (cognitive/clinical RT, lab biomechanics or training, non-RT race analysis)",forward:Lipps2011
doi:10.1017/9781009410076,2024,"Generalized Additive Models for Location, Scale and Shape",10.1017/9781009410076,Cambridge University Press eBooks,chase,1,1,exclude_auto,exclude,E-OFF-auto,,,stage 1: no athletics term,backward:Fiore2025
doi:10.1038/s41598-024-67630-5,2024,Pre-movement muscle co-contraction associated with motor performance deterioration under high reward conditions,10.1038/s41598-024-67630-5,Scientific Reports,chase,1,1,exclude_auto,exclude,E-OFF-auto,,,stage 1: no athletics term,forward:Brosnan2017
doi:10.1080/00036846.2024.2412863,2024,Impact of three-point rule change on competitive balance in football: a synthetic control method approach,10.1080/00036846.2024.2412863,Applied Economics,chase,1,1,exclude_auto,exclude,E-OFF-auto,,,stage 1: no athletics term,forward:Brosnan2017
doi:10.1109/star62027.2024.10635914,2024,Track and field starting blocks performance: assessment of an alternative measurement system for evaluating upper limbs contribution,10.1109/star62027.2024.10635914,,chase,1,1,to_stage2,exclude,E-OFF,,title/abstract,"stage 2 (reviewer): not an analysis of official championship sprint RTs (cognitive/clinical RT, lab biomechanics or training, non-RT race analysis)",forward:Brosnan2017;forward:Milloz2021_review
doi:10.1111/sms.14597,2024,Validity of spatiotemporal and ground reaction force estimates during resisted sprinting with a motorized loading device,10.1111/sms.14597,Scandinavian Journal of Medicine and Science in Sports,chase,1,1,to_stage2,exclude,E-OFF,,title/abstract,"stage 2 (reviewer): not an analysis of official championship sprint RTs (cognitive/clinical RT, lab biomechanics or training, non-RT race analysis)",forward:Haugen2013
doi:10.1177/00315125241256688,2024,Effects of an Auditory Versus Visual Stimulus on Reaction and Response Time During Countermovement Jumps,10.1177/00315125241256688,Perceptual and Motor Skills,chase,1,1,exclude_auto,exclude,E-OFF-auto,,,stage 1: no athletics term,forward:Tonnessen2013
doi:10.1177/03010066241248077,2024,Influence of trajectory and contrast on dynamic visual acuity in elite team sports players,10.1177/03010066241248077,Perception,chase,1,1,exclude_auto,exclude,E-OFF-auto,,,stage 1: no athletics term,forward:Tonnessen2013
doi:10.15170/pte.2024.007,2024,"Pszichofiziológiai elemek vizsgálata technikai sportban szereplő, utánpótláskorú sportolók körében",10.15170/pte.2024.007,,chase,1,1,exclude_auto,exclude,E-OFF-auto,,,stage 1: no athletics term,forward:Tonnessen2013
doi:10.21203/rs.3.rs-4528756/v1,2024,Differences in hand-eye coordination: a comparative analysis between eSports and non-eSports populations,10.21203/rs.3.rs-4528756/v1,Research Square,chase,1,0,to_stage2,exclude,E-SPORT,,title/abstract,stage 2 (reviewer): other sport,forward:Lipps2011
doi:10.2217/cnc-2023-0014,2024,Initial investigation of kinesiophobia as a predictor of functional reaction time one year after concussion,10.2217/cnc-2023-0014,Concussion,chase,1,1,exclude_auto,exclude,E-OFF-auto,,,stage 1: no athletics term,forward:Lipps2011
doi:10.22271/kheljournal.2024.v11.i3c.3341,2024,Kinetics and kinematic analysis of different phases in 100m sprints,10.22271/kheljournal.2024.v11.i3c.3341,International Journal of Physical Education Sports and Health,chase;openalex;s2,3,1,to_stage2,exclude,E-OFF,,title/abstract,"stage 2 (reviewer): not an analysis of official championship sprint RTs (cognitive/clinical RT, lab biomechanics or training, non-RT race analysis)",forward:Tonnessen2013
doi:10.23736/s0022-4707.24.15710-6,2024,Muscle injuries in athletics during the 2020 Tokyo Olympic Games: differences between heats and finals,10.23736/s0022-4707.24.15710-6,The Journal of Sports Medicine and Physical Fitness,chase,1,1,to_stage2,exclude,E-OFF,,title/abstract,"stage 2 (reviewer): not an analysis of official championship sprint RTs (cognitive/clinical RT, lab biomechanics or training, non-RT race analysis)",forward:Tonnessen2013
doi:10.2991/978-94-6463-467-9_12,2024,"Relation Between Calf Circumference, Thigh Circumference, and Leg Length with Running Speed of 100 Meters",10.2991/978-94-6463-467-9_12,Advances in health sciences research/Advances in Health Sciences Research,chase,1,1,to_stage2,exclude,E-OFF,,title/abstract,"stage 2 (reviewer): not an analysis of official championship sprint RTs (cognitive/clinical RT, lab biomechanics or training, non-RT race analysis)",forward:Brown2008
doi:10.30958/ajspo.11-2-2,2024,Practice and Implications of Emerging Technology on Sport Management,10.30958/ajspo.11-2-2,Athens Journal of Sports,chase,1,1,exclude_auto,exclude,E-OFF-auto,,,stage 1: no athletics term,forward:Haugen2013
doi:10.30958/ajspo_v11i2,2024,,10.30958/ajspo_v11i2,Athens Journal of Sports,chase,1,1,exclude_auto,exclude,E-OFF-auto,,,stage 1: no athletics term,forward:Haugen2013
doi:10.32708/uutfd.1473098,2024,"Mesafe Koşularında Performansı Etkileyen Fizyolojik, Mekanik ve Genetik Farklılıklar",10.32708/uutfd.1473098,Uludağ Üniversitesi Tıp Fakültesi Dergisi,chase,1,1,to_stage2,exclude,E-OFF,,title/abstract,"stage 2 (reviewer): not an analysis of official championship sprint RTs (cognitive/clinical RT, lab biomechanics or training, non-RT race analysis)",forward:Tonnessen2013
doi:10.3329/bjms.v23i2.72147,2024,The development of speed and speed-strength qualities in shortdistance runners in complicated training conditions,10.3329/bjms.v23i2.72147,Bangladesh Journal of Medical Science,chase,1,1,to_stage2,exclude,E-OFF,,title/abstract,"stage 2 (reviewer): not an analysis of official championship sprint RTs (cognitive/clinical RT, lab biomechanics or training, non-RT race analysis)",forward:Milloz2021_review
doi:10.33438/ijdshs.1422013,2024,The Contribution Percentage of Some Biomechanical Variables to the First 10 Meters in the Achievement of Men's 100-Meter Sprint,10.33438/ijdshs.1422013,International Journal of Disabilities Sports & Health Sciences,openalex;s2,2,1,to_stage2,exclude,E-OFF,,title/abstract,"stage 2 (reviewer): not an analysis of official championship sprint RTs (cognitive/clinical RT, lab biomechanics or training, non-RT race analysis)",
doi:10.3389/fpsyg.2024.1392242,2024,"Exploring the experiences of dancers who have achieved peak performance: on-stage, pre-stage, and post-stage",10.3389/fpsyg.2024.1392242,Frontiers in Psychology,chase,1,1,exclude_auto,exclude,E-OFF-auto,,,stage 1: no athletics term,forward:Tonnessen2013
doi:10.3390/app14104083,2024,Comparative Study of the Sprint Start Biomechanics of Men’s 100 m Athletes of Different Levels,10.3390/app14104083,Applied Sciences,chase;gs,2,1,to_stage2,exclude,E-OFF,,title/abstract,"stage 2 (reviewer): not an analysis of official championship sprint RTs (cognitive/clinical RT, lab biomechanics or training, non-RT race analysis)",forward:Collet1999
doi:10.3390/modelling5030049,2024,Impact of Changing Inlet Modes in Ski Face Masks on Adolescent Skiing: A Finite Element Analysis Based on Head Models,10.3390/modelling5030049,Modelling—International Open Access Journal of Modelling in Engineering Science,chase,1,1,exclude_auto,exclude,E-OFF-auto,,,stage 1: no athletics term,forward:Brown2008
doi:10.3390/sports12080222,2024,Sensorimotor Processing in Elite and Sub-Elite Adolescent Sprinters during Sprint Starts: An Electrophysiological Study,10.3390/sports12080222,Sports,chase,1,1,to_stage2,exclude,E-OFF,,title/abstract,"stage 2 (reviewer): not an analysis of official championship sprint RTs (cognitive/clinical RT, lab biomechanics or training, non-RT race analysis)",forward:Brown2008;forward:Collet1999;forward:Milloz2021_review;forward:Tonnessen2013
doi:10.47197/retos.v54.103536,2024,Building Tomorrow's Champions: A Vision for Olympic Education at the School Level through Virtual Foresight and Sport-Specific Fitness Profiling,10.47197/retos.v54.103536,Retos,openalex;s2,2,1,to_stage2,exclude,E-OFF,,title/abstract,"stage 2 (reviewer): not an analysis of official championship sprint RTs (cognitive/clinical RT, lab biomechanics or training, non-RT race analysis)",
doi:10.58914/ijyesspe.2024-9.spl.18,2024,Performance In Sprint Running Through 2012-2024 In Kalyani University Annual Athletic Meet-an Evolutionary Analysis,10.58914/ijyesspe.2024-9.spl.18,Indian Journal of YOGA Exercise & Sport Science and Physical Education,chase,1,1,to_stage2,exclude,E-OFF,,title/abstract,"stage 2 (reviewer): not an analysis of official championship sprint RTs (cognitive/clinical RT, lab biomechanics or training, non-RT race analysis)",forward:Zhang2021
doi:10.61186/jsmt.22.27.1,2024,Kinematic Analysis Of Upper Extremity Of Elite Male And Female Fencers During Fencing Lunge,10.61186/jsmt.22.27.1,Research in Sport Medicine and Technology,chase,1,1,exclude_auto,exclude,E-OFF-auto,,,stage 1: no athletics term,forward:Collet1999;forward:Tonnessen2013
doi:10.69860/nobel.9786053359180,2024,Key Points of Success for Kickboxing Athletes: From Physiology to Performance,10.69860/nobel.9786053359180,,chase,1,1,exclude_auto,exclude,E-OFF-auto,,,stage 1: no athletics term,forward:Pilianidis2012IJPAS
doi:10.7717/peerj.17288,2024,Anodal transcranial direct current stimulation enhances response inhibition and attention allocation in fencers,10.7717/peerj.17288,PeerJ,chase,1,1,exclude_auto,exclude,E-OFF-auto,,,stage 1: no athletics term,forward:Tonnessen2013
doi:10.7752/jpes.2024.01009,2024,,10.7752/jpes.2024.01009,Journal of Physical Education and Sport,chase,1,1,to_stage2,exclude,E-OFF,,title/abstract,"stage 2 (reviewer): not an analysis of official championship sprint RTs (cognitive/clinical RT, lab biomechanics or training, non-RT race analysis)",forward:Milloz2021_review
t:czechandworldelitemanwomen100msprintstructurecompa-6e2678,2024,Czech and world elite man/women 100 m sprint structure comparison,,Digital Repository (National Repository of Grey Literature),openalex,1,1,to_stage2,exclude,E-LANG,,abstract (English),"Czech thesis; WCH, Diamond League and Czech championships",
doi:10.1002/eng2.70505,2025,Design of Sprint Mechanical Auxiliary Starting Block Based on the Dynamic Simulation of Energy‐Release Efficiency,10.1002/eng2.70505,Engineering Reports,openalex;s2,2,1,to_stage2,exclude,E-OFF,,title/abstract,"stage 2 (reviewer): not an analysis of official championship sprint RTs (cognitive/clinical RT, lab biomechanics or training, non-RT race analysis)",
doi:10.1007/s00421-025-05982-0,2025,Effects of 8-week ischemic preconditioning on swimming performance and power output in male 100-m freestyle swimmers: a randomized controlled trial,10.1007/s00421-025-05982-0,European Journal of Applied Physiology,chase,1,1,to_stage2,exclude,E-SPORT,,title/abstract,stage 2 (reviewer): other sport,forward:Tonnessen2013
doi:10.1016/j.neuroimage.2025.121335,2025,Brain signatures of predictive and reactive strategies in a simple delayed reaction time task: an EEG study,10.1016/j.neuroimage.2025.121335,NeuroImage,chase,1,1,exclude_auto,exclude,E-OFF-auto,,,stage 1: no athletics term,forward:Milloz2021_review
doi:10.1016/j.psychsport.2025.103038,2025,“It's not Fair!”: Multisensory reaction time differences between D/deaf and hearing populations in athletics starting systems,10.1016/j.psychsport.2025.103038,Psychology of sport and exercise,openalex;pubmed;s2,3,1,to_stage2,exclude,E-LAB,,abstract,"Steele et al. 2025; lab and field tests, not official championship RTs",
doi:10.1080/00031305.2025.2515869,2025,On Devon Allen’s Disqualification at the 2022 World Track and Field Championships,10.1080/00031305.2025.2515869,The American Statistician,chase;openalex;repo;s2,4,1,to_stage2,include,INC,Fiore2025,full text (arXiv v1; repo manuscript.tex); published abstract (OpenAlex),,forward:Brosnan2017;forward:Collet1999;forward:Haugen2013;forward:Lipps2011;forward:Milloz2021_review;forward:Tonnessen2013;forward:Zhang2021
doi:10.1080/24748668.2025.2579341,2025,The long-term effects of Current false Start rules on reaction time and athletic performance,10.1080/24748668.2025.2579341,International Journal of Performance Analysis in Sport,chase;gs;openalex;repo;s2,5,1,to_stage2,include,INC,Han2025,abstract (OpenAlex),,forward:Brosnan2017;forward:Brown2008;forward:Haugen2013;forward:Lipps2011;forward:Milloz2021_review;forward:Pilianidis2012IJPAS;forward:Zhang2021
doi:10.1123/pes.2024-0046,2025,Age-Related Differences in Electromyographic Latencies of the Lower Limb Muscles in Standing Sprint Initiation in Boys During Childhood and Adolescence,10.1123/pes.2024-0046,Pediatric Exercise Science,chase,1,1,to_stage2,exclude,E-OFF,,title/abstract,"stage 2 (reviewer): not an analysis of official championship sprint RTs (cognitive/clinical RT, lab biomechanics or training, non-RT race analysis)",forward:Brown2008
doi:10.1186/s40359-025-03488-0,2025,Evaluation of the biopsychosocial model of health among emerging adults,10.1186/s40359-025-03488-0,BMC Psychology,chase,1,1,exclude_auto,exclude,E-OFF-auto,,,stage 1: no athletics term,forward:Lipps2011
doi:10.1728/4594.46018,2025,Master swimmers’ start reaction time: a trainable skill for health and performance,10.1728/4594.46018,Medicina dello Sport,gs;openalex;s2,3,1,to_stage2,exclude,E-SPORT,,title/abstract,stage 2 (reviewer): other sport,
doi:10.21608/ssj.2025.468399,2025,The effect of using the Vertimax multi-resistance device on improving certain specific physical abilities of 100-meter sprinters,10.21608/ssj.2025.468399,مجلة علوم الرياضة,openalex,1,1,to_stage2,exclude,E-OFF,,title/abstract,"stage 2 (reviewer): not an analysis of official championship sprint RTs (cognitive/clinical RT, lab biomechanics or training, non-RT race analysis)",
doi:10.24193/subbeag.70.sp.iss.2.54,2025,THE INFLUENCE OF AGE AND REACTION TIME ON SPRINT PERFORMANCE: AN ANALYTICAL STUDY ACROSS THE LAST FIVE EDITIONS OF WORLD ATHLETICS CHAMPIONSHIPS,10.24193/subbeag.70.sp.iss.2.54,Studia Universitatis Babeş-Bolyai Educatio Artis Gymnasticae,openalex;repo;s2,3,1,to_stage2,include,INC,Tomozei2025,abstract (OpenAlex),,
doi:10.3389/fphys.2024.1498811,2025,Neuromuscular factors predicting lower limb explosive strength in male college sprinters,10.3389/fphys.2024.1498811,Frontiers in Physiology,chase,1,1,to_stage2,exclude,E-OFF,,title/abstract,"stage 2 (reviewer): not an analysis of official championship sprint RTs (cognitive/clinical RT, lab biomechanics or training, non-RT race analysis)",forward:Tonnessen2013
doi:10.3390/encyclopedia5030088,2025,From Progression to Regression: How Running Performance Changes for Males and Females Across the Lifespan,10.3390/encyclopedia5030088,Encyclopedia,chase,1,1,to_stage2,exclude,E-OFF,,title/abstract,"stage 2 (reviewer): not an analysis of official championship sprint RTs (cognitive/clinical RT, lab biomechanics or training, non-RT race analysis)",forward:Lipps2011;forward:Tonnessen2013
doi:10.3390/jfmk10030264,2025,Effects of Clenching Strength on Step Reaction Time,10.3390/jfmk10030264,Journal of Functional Morphology and Kinesiology,chase,1,1,exclude_auto,exclude,E-OFF-auto,,,stage 1: no athletics term,forward:Collet1999;forward:Tonnessen2013
doi:10.3390/neurolint18010006,2025,Long-Term Health Consequences of SARS-CoV-2: Reaction Time and Brain Fog,10.3390/neurolint18010006,Neurology International,chase,1,1,exclude_auto,exclude,E-OFF-auto,,,stage 1: no athletics term,forward:Lipps2011
doi:10.5114/jhk/203566,2025,Psychomotor and Basic Cognitive Abilities in Professional Athletes: A Systematic Review,10.5114/jhk/203566,Journal of Human Kinetics,chase,1,1,exclude_auto,exclude,E-OFF-auto,,,stage 1: no athletics term,forward:Tonnessen2013
doi:10.54062/jb.4.3.5,2025,Developmental differences in dynamic indicators of three variously simple cognitive sub-systems functioning at girls and boys aged 8-17 years,10.54062/jb.4.3.5,Journal of bioanthropology,chase,1,1,exclude_auto,exclude,E-OFF-auto,,,stage 1: no athletics term,forward:Lipps2011
doi:10.5604/01.3001.0055.5104,2025,CZAS REAKCJI W GERIATRII: KLUCZOWY ELEMENT ZDROWIA I BEZPIECZEŃSTWA OSÓB STARSZYCH,10.5604/01.3001.0055.5104,Niepełnosprawność i Rehabilitacja,chase,1,1,exclude_auto,exclude,E-OFF-auto,,,stage 1: no athletics term,forward:Tonnessen2013
t:analysisofthecorrelationbetweentheageoffemaleathle-e77c5c,2025,Analysis of the Correlation Between the Age of Female Athletes and Results in the 100 M Race,,,s2,1,0,to_stage2,exclude,E-OFF,,title/abstract,"stage 2 (reviewer): not an analysis of official championship sprint RTs (cognitive/clinical RT, lab biomechanics or training, non-RT race analysis)",
t:andreactiontimeonsprintperformanceananalyticalstud-b6d8c4,2025,AND REACTION TIME ON SPRINT PERFORMANCE: AN ANALYTICAL STUDY ACROSS THE LAST FIVE EDITIONS OF WORLD ATHLETICS CHAMPIONSHIPS .,,,gs,1,1,to_stage2,exclude,E-DUP,,,truncated Google Scholar record of Tomozei et al. 2025,
t:startsmartbiomechanicaldifferencesandtrainingimpli-85c094,2025,Start smart: Biomechanical differences and training implications of three sprint start techniques,,,gs,1,1,to_stage2,exclude,E-OFF,,title/abstract,"stage 2 (reviewer): not an analysis of official championship sprint RTs (cognitive/clinical RT, lab biomechanics or training, non-RT race analysis)",
doi:10.1002/adma.73751,2026,All‐Polyimide‐Mediated Liquid Metal Assembly on Aerogels for Breathable and Robust Electronic Skins,10.1002/adma.73751,Advanced Materials,chase,1,1,exclude_auto,exclude,E-OFF-auto,,,stage 1: no athletics term,forward:Brosnan2017;forward:Milloz2021_review
doi:10.1007/978-981-95-9653-9_47,2026,Advancing Inclusive Race Start Systems: Visual and Assistive Signal Technologies for Deaf Athletes in Running Sports,10.1007/978-981-95-9653-9_47,Lecture notes in bioengineering,chase,1,0,to_stage2,exclude,E-OFF,,title/abstract,"stage 2 (reviewer): not an analysis of official championship sprint RTs (cognitive/clinical RT, lab biomechanics or training, non-RT race analysis)",forward:Collet1999;forward:Haugen2013
doi:10.1007/978-981-95-9653-9_55,2026,Effect of 5-Week Combined Upper-Body and Hamstring Resistance Training on Muscle Reaction Time,10.1007/978-981-95-9653-9_55,Lecture notes in bioengineering,chase,1,0,to_stage2,exclude,E-OFF,,title/abstract,"stage 2 (reviewer): not an analysis of official championship sprint RTs (cognitive/clinical RT, lab biomechanics or training, non-RT race analysis)",forward:Tonnessen2013
doi:10.1080/14763141.2026.2649469,2026,Kinematic determinants of the Tomoa skip starting in elite male speed climbing athletes,10.1080/14763141.2026.2649469,Sports Biomechanics,chase,1,1,exclude_auto,exclude,E-OFF-auto,,,stage 1: no athletics term,forward:Pilianidis2012IJPAS
doi:10.1080/24733938.2026.2643531,2026,Improving longitudinal performance assessment of youth soccer players: 10 m sprint percentile curves adapted to biological age,10.1080/24733938.2026.2643531,Science and Medicine in Football,chase,1,1,to_stage2,exclude,E-SPORT,,title/abstract,stage 2 (reviewer): other sport,forward:Tonnessen2013
doi:10.1155/np/3295986,2026,Differential Impacts of Fronto‐Cerebellar tACS and tVNS on Motor Learning: Evidence for Sex‐Related Neural Modulation,10.1155/np/3295986,Neural Plasticity,chase,1,1,exclude_auto,exclude,E-OFF-auto,,,stage 1: no athletics term,forward:Lipps2011
doi:10.1177/22150218251413358,2026,"Lap stability, stroke kinematics, and turn performance in female 200 m short-course finals at the 2019 LEN European Championships",10.1177/22150218251413358,Journal of Sports Analytics,chase,1,1,to_stage2,exclude,E-OFF,,title/abstract,"stage 2 (reviewer): not an analysis of official championship sprint RTs (cognitive/clinical RT, lab biomechanics or training, non-RT race analysis)",forward:Tonnessen2013
doi:10.1371/journal.pone.0351722,2026,Effects of the competition schedule in major-competition years on performance in major-competition: Evidence from speed- and power-type track and field events,10.1371/journal.pone.0351722,PLoS ONE,chase,1,1,to_stage2,exclude,E-OFF,,title/abstract,"stage 2 (reviewer): not an analysis of official championship sprint RTs (cognitive/clinical RT, lab biomechanics or training, non-RT race analysis)",forward:Tonnessen2013
doi:10.1519/jsc.0000000000005448,2026,Reaction Time and Movement Time in Agility Performance: Tools to Identify Specific Goals,10.1519/jsc.0000000000005448,The Journal of Strength and Conditioning Research,chase,1,1,exclude_auto,exclude,E-OFF-auto,,,stage 1: no athletics term,forward:Milloz2021_review
doi:10.17605/osf.io/ps842,2026,Neuromuscular Function in Low Energy Availability and REDs-Related States: A Scoping Review of Evidence and Monitoring Implications,10.17605/osf.io/ps842,,openalex,1,1,to_stage2,exclude,E-OFF,,title/abstract,"stage 2 (reviewer): not an analysis of official championship sprint RTs (cognitive/clinical RT, lab biomechanics or training, non-RT race analysis)",
doi:10.3389/fpsyg.2026.1891759,2026,"Editorial: Multidisciplinary perspectives on team sports: contextualizing training and competition demands, volume II",10.3389/fpsyg.2026.1891759,Frontiers in Psychology,openalex,1,1,to_stage2,exclude,E-OFF,,title/abstract,"stage 2 (reviewer): not an analysis of official championship sprint RTs (cognitive/clinical RT, lab biomechanics or training, non-RT race analysis)",
doi:10.3389/fpsyg.2026.1915999,2026,Exploring the interaction between sport type and competitive status in cognitive performance,10.3389/fpsyg.2026.1915999,Frontiers in Psychology,chase,1,1,exclude_auto,exclude,E-OFF-auto,,,stage 1: no athletics term,forward:Tonnessen2013
doi:10.47684/ijcs.2026.20.2.424,2026,Efficacy of a Multi-Component Conditioning Program on Neuromuscular and Anaerobic Performance Profiles in Elite High School Sprinters,10.47684/ijcs.2026.20.2.424,International journal of coaching science,openalex,1,1,to_stage2,exclude,E-OFF,,title/abstract,"stage 2 (reviewer): not an analysis of official championship sprint RTs (cognitive/clinical RT, lab biomechanics or training, non-RT race analysis)",
doi:10.55860/wmqr1877,2026,Temporal characteristics of 100-m hurdles performance based on race analysis–ranging 12–18 s,10.55860/wmqr1877,Scientific Journal of Sport and Performance,chase,1,1,to_stage2,exclude,E-OFF,,title/abstract,"stage 2 (reviewer): not an analysis of official championship sprint RTs (cognitive/clinical RT, lab biomechanics or training, non-RT race analysis)",forward:Tonnessen2013
doi:10.62127/aijmr.2026.v04i03.1409,2026,Effects of High-Intensity Interval Training on Physiological and Performance Variables in Taekwondo Athletes: A Systematic Review,10.62127/aijmr.2026.v04i03.1409,Advanced International Journal of Multidisciplinary Research,openalex,1,1,to_stage2,exclude,E-SPORT,,title/abstract,stage 2 (reviewer): other sport,
doi:10.70262/riesafd.v3i1.2026.77,2026,Comportamiento del tiempo de reacción en aspirantes a las Fuerzas Públicas,10.70262/riesafd.v3i1.2026.77,"Revista Interdisciplinaria de Educación, Salud, Actividad Física y Deporte.",chase,1,1,exclude_auto,exclude,E-OFF-auto,,,stage 1: no athletics term,forward:Tonnessen2013
doi:10.70577/2vz0v743,2026,Análisis de la velocidad de reacción en aspirantes a fuerzas públicas a través de Lumina Sport,10.70577/2vz0v743,Visión Académica,chase,1,1,exclude_auto,exclude,E-OFF-auto,,,stage 1: no athletics term,forward:Lipps2011
t:dolongerlegswinracesexaminingtheroleoflimblengthex-4c2795,2026,"Do longer legs win races?: Examining the role of limb length, explosive power and reaction time in sprinting",,,gs,1,1,to_stage2,exclude,E-LAB,,,,
t:theeffectofthestartreactionspeedexerciseontheincre-cbaf92,2026,The effect of the start reaction speed exercise on the increase in acceleration in students of the 2025/2026 academic year,,,gs,1,1,to_stage2,exclude,E-OFF,,title/abstract,"stage 2 (reviewer): not an analysis of official championship sprint RTs (cognitive/clinical RT, lab biomechanics or training, non-RT race analysis)",
