race_id,comp,year,event,sex,round,heat,lane,athlete,rt_s,status,source_url,is_mock
WCH2009-100m-M-R1-H1,WCH,2009,100m,M,R1,1,2,MOCK ATHLETE M100m-047,0.143,,MOCK,1
WCH2009-100m-M-R1-H1,WCH,2009,100m,M,R1,1,3,MOCK ATHLETE M100m-042,0.159,,MOCK,1
WCH2009-100m-M-R1-H1,WCH,2009,100m,M,R1,1,4,MOCK ATHLETE M100m-067,0.156,,MOCK,1
WCH2009-100m-M-R1-H1,WCH,2009,100m,M,R1,1,5,MOCK ATHLETE M100m-019,0.184,,MOCK,1
WCH2009-100m-M-R1-H1,WCH,2009,100m,M,R1,1,6,MOCK ATHLETE M100m-002,0.139,,MOCK,1
WCH2009-100m-M-R1-H1,WCH,2009,100m,M,R1,1,7,MOCK ATHLETE M100m-051,0.156,,MOCK,1
WCH2009-100m-M-R1-H1,WCH,2009,100m,M,R1,1,8,MOCK ATHLETE M100m-065,0.144,,MOCK,1
WCH2009-100m-M-R1-H1,WCH,2009,100m,M,R1,1,9,MOCK ATHLETE M100m-068,0.142,,MOCK,1
WCH2009-100m-M-R1-H2,WCH,2009,100m,M,R1,2,2,MOCK ATHLETE M100m-004,0.151,,MOCK,1
WCH2009-100m-M-R1-H2,WCH,2009,100m,M,R1,2,3,MOCK ATHLETE M100m-034,0.141,,MOCK,1
WCH2009-100m-M-R1-H2,WCH,2009,100m,M,R1,2,4,MOCK ATHLETE M100m-010,0.146,,MOCK,1
WCH2009-100m-M-R1-H2,WCH,2009,100m,M,R1,2,5,MOCK ATHLETE M100m-003,0.132,,MOCK,1
WCH2009-100m-M-R1-H2,WCH,2009,100m,M,R1,2,6,MOCK ATHLETE M100m-012,0.167,,MOCK,1
WCH2009-100m-M-R1-H2,WCH,2009,100m,M,R1,2,7,MOCK ATHLETE M100m-054,0.127,,MOCK,1
WCH2009-100m-M-R1-H2,WCH,2009,100m,M,R1,2,8,MOCK ATHLETE M100m-001,0.157,,MOCK,1
WCH2009-100m-M-R1-H2,WCH,2009,100m,M,R1,2,9,MOCK ATHLETE M100m-022,0.128,,MOCK,1
WCH2009-100m-M-R1-H3,WCH,2009,100m,M,R1,3,2,MOCK ATHLETE M100m-016,0.13,,MOCK,1
WCH2009-100m-M-R1-H3,WCH,2009,100m,M,R1,3,3,MOCK ATHLETE M100m-015,0.15,,MOCK,1
WCH2009-100m-M-R1-H3,WCH,2009,100m,M,R1,3,4,MOCK ATHLETE M100m-066,0.128,,MOCK,1
WCH2009-100m-M-R1-H3,WCH,2009,100m,M,R1,3,5,MOCK ATHLETE M100m-058,0.154,,MOCK,1
WCH2009-100m-M-R1-H3,WCH,2009,100m,M,R1,3,6,MOCK ATHLETE M100m-064,0.123,,MOCK,1
WCH2009-100m-M-R1-H3,WCH,2009,100m,M,R1,3,7,MOCK ATHLETE M100m-026,0.125,,MOCK,1
WCH2009-100m-M-R1-H3,WCH,2009,100m,M,R1,3,8,MOCK ATHLETE M100m-030,0.128,,MOCK,1
WCH2009-100m-M-R1-H3,WCH,2009,100m,M,R1,3,9,MOCK ATHLETE M100m-041,0.15,,MOCK,1
WCH2009-100m-M-R1-H4,WCH,2009,100m,M,R1,4,2,MOCK ATHLETE M100m-032,0.133,,MOCK,1
WCH2009-100m-M-R1-H4,WCH,2009,100m,M,R1,4,3,MOCK ATHLETE M100m-063,0.147,,MOCK,1
WCH2009-100m-M-R1-H4,WCH,2009,100m,M,R1,4,4,MOCK ATHLETE M100m-017,0.16,,MOCK,1
WCH2009-100m-M-R1-H4,WCH,2009,100m,M,R1,4,5,MOCK ATHLETE M100m-023,0.14,,MOCK,1
WCH2009-100m-M-R1-H4,WCH,2009,100m,M,R1,4,6,MOCK ATHLETE M100m-043,0.127,,MOCK,1
WCH2009-100m-M-R1-H4,WCH,2009,100m,M,R1,4,7,MOCK ATHLETE M100m-000,0.135,,MOCK,1
WCH2009-100m-M-R1-H4,WCH,2009,100m,M,R1,4,8,MOCK ATHLETE M100m-045,0.139,,MOCK,1
WCH2009-100m-M-R1-H4,WCH,2009,100m,M,R1,4,9,MOCK ATHLETE M100m-024,0.171,,MOCK,1
WCH2009-100m-M-R1-H5,WCH,2009,100m,M,R1,5,2,MOCK ATHLETE M100m-006,0.149,,MOCK,1
WCH2009-100m-M-R1-H5,WCH,2009,100m,M,R1,5,3,MOCK ATHLETE M100m-033,0.137,,MOCK,1
WCH2009-100m-M-R1-H5,WCH,2009,100m,M,R1,5,4,MOCK ATHLETE M100m-035,0.148,,MOCK,1
WCH2009-100m-M-R1-H5,WCH,2009,100m,M,R1,5,5,MOCK ATHLETE M100m-055,0.154,,MOCK,1
WCH2009-100m-M-R1-H5,WCH,2009,100m,M,R1,5,6,MOCK ATHLETE M100m-009,0.145,,MOCK,1
WCH2009-100m-M-R1-H5,WCH,2009,100m,M,R1,5,7,MOCK ATHLETE M100m-027,0.146,,MOCK,1
WCH2009-100m-M-R1-H5,WCH,2009,100m,M,R1,5,8,MOCK ATHLETE M100m-037,0.137,,MOCK,1
WCH2009-100m-M-R1-H5,WCH,2009,100m,M,R1,5,9,MOCK ATHLETE M100m-031,0.152,,MOCK,1
WCH2009-100m-M-R1-H6,WCH,2009,100m,M,R1,6,2,MOCK ATHLETE M100m-044,0.179,,MOCK,1
WCH2009-100m-M-R1-H6,WCH,2009,100m,M,R1,6,3,MOCK ATHLETE M100m-025,0.159,,MOCK,1
WCH2009-100m-M-R1-H6,WCH,2009,100m,M,R1,6,4,MOCK ATHLETE M100m-057,0.179,,MOCK,1
WCH2009-100m-M-R1-H6,WCH,2009,100m,M,R1,6,5,MOCK ATHLETE M100m-040,0.154,,MOCK,1
WCH2009-100m-M-R1-H6,WCH,2009,100m,M,R1,6,6,MOCK ATHLETE M100m-014,0.149,,MOCK,1
WCH2009-100m-M-R1-H6,WCH,2009,100m,M,R1,6,7,MOCK ATHLETE M100m-052,0.145,,MOCK,1
WCH2009-100m-M-R1-H6,WCH,2009,100m,M,R1,6,8,MOCK ATHLETE M100m-053,0.165,,MOCK,1
WCH2009-100m-M-R1-H6,WCH,2009,100m,M,R1,6,9,MOCK ATHLETE M100m-039,0.166,,MOCK,1
WCH2009-100m-M-SF-H1,WCH,2009,100m,M,SF,1,2,MOCK ATHLETE M100m-057,0.142,,MOCK,1
WCH2009-100m-M-SF-H1,WCH,2009,100m,M,SF,1,3,MOCK ATHLETE M100m-023,0.137,,MOCK,1
WCH2009-100m-M-SF-H1,WCH,2009,100m,M,SF,1,4,MOCK ATHLETE M100m-027,0.142,,MOCK,1
WCH2009-100m-M-SF-H1,WCH,2009,100m,M,SF,1,5,MOCK ATHLETE M100m-044,0.155,,MOCK,1
WCH2009-100m-M-SF-H1,WCH,2009,100m,M,SF,1,6,MOCK ATHLETE M100m-009,0.145,,MOCK,1
WCH2009-100m-M-SF-H1,WCH,2009,100m,M,SF,1,7,MOCK ATHLETE M100m-016,0.126,,MOCK,1
WCH2009-100m-M-SF-H1,WCH,2009,100m,M,SF,1,8,MOCK ATHLETE M100m-012,0.137,,MOCK,1
WCH2009-100m-M-SF-H1,WCH,2009,100m,M,SF,1,9,MOCK ATHLETE M100m-052,0.151,,MOCK,1
WCH2009-100m-M-SF-H2,WCH,2009,100m,M,SF,2,2,MOCK ATHLETE M100m-024,0.164,,MOCK,1
WCH2009-100m-M-SF-H2,WCH,2009,100m,M,SF,2,3,MOCK ATHLETE M100m-004,0.154,,MOCK,1
WCH2009-100m-M-SF-H2,WCH,2009,100m,M,SF,2,4,MOCK ATHLETE M100m-033,0.174,,MOCK,1
WCH2009-100m-M-SF-H2,WCH,2009,100m,M,SF,2,5,MOCK ATHLETE M100m-064,0.187,,MOCK,1
WCH2009-100m-M-SF-H2,WCH,2009,100m,M,SF,2,6,MOCK ATHLETE M100m-058,0.182,,MOCK,1
WCH2009-100m-M-SF-H2,WCH,2009,100m,M,SF,2,7,MOCK ATHLETE M100m-031,0.17,,MOCK,1
WCH2009-100m-M-SF-H2,WCH,2009,100m,M,SF,2,8,MOCK ATHLETE M100m-066,0.177,,MOCK,1
WCH2009-100m-M-SF-H2,WCH,2009,100m,M,SF,2,9,MOCK ATHLETE M100m-014,0.162,,MOCK,1
WCH2009-100m-M-SF-H3,WCH,2009,100m,M,SF,3,2,MOCK ATHLETE M100m-067,0.165,,MOCK,1
WCH2009-100m-M-SF-H3,WCH,2009,100m,M,SF,3,3,MOCK ATHLETE M100m-043,0.225,,MOCK,1
WCH2009-100m-M-SF-H3,WCH,2009,100m,M,SF,3,4,MOCK ATHLETE M100m-068,0.125,,MOCK,1
WCH2009-100m-M-SF-H3,WCH,2009,100m,M,SF,3,5,MOCK ATHLETE M100m-026,0.137,,MOCK,1
WCH2009-100m-M-SF-H3,WCH,2009,100m,M,SF,3,6,MOCK ATHLETE M100m-010,0.136,,MOCK,1
WCH2009-100m-M-SF-H3,WCH,2009,100m,M,SF,3,7,MOCK ATHLETE M100m-034,0.148,,MOCK,1
WCH2009-100m-M-SF-H3,WCH,2009,100m,M,SF,3,8,MOCK ATHLETE M100m-065,0.144,,MOCK,1
WCH2009-100m-M-SF-H3,WCH,2009,100m,M,SF,3,9,MOCK ATHLETE M100m-035,0.157,,MOCK,1
WCH2009-100m-M-F-H1,WCH,2009,100m,M,F,1,2,MOCK ATHLETE M100m-058,0.155,,MOCK,1
WCH2009-100m-M-F-H1,WCH,2009,100m,M,F,1,3,MOCK ATHLETE M100m-057,0.129,,MOCK,1
WCH2009-100m-M-F-H1,WCH,2009,100m,M,F,1,4,MOCK ATHLETE M100m-010,0.138,,MOCK,1
WCH2009-100m-M-F-H1,WCH,2009,100m,M,F,1,5,MOCK ATHLETE M100m-034,0.137,,MOCK,1
WCH2009-100m-M-F-H1,WCH,2009,100m,M,F,1,6,MOCK ATHLETE M100m-052,0.152,,MOCK,1
WCH2009-100m-M-F-H1,WCH,2009,100m,M,F,1,7,MOCK ATHLETE M100m-035,0.117,,MOCK,1
WCH2009-100m-M-F-H1,WCH,2009,100m,M,F,1,8,MOCK ATHLETE M100m-016,0.131,,MOCK,1
WCH2009-100m-M-F-H1,WCH,2009,100m,M,F,1,9,MOCK ATHLETE M100m-068,0.118,,MOCK,1
WCH2009-200m-M-R1-H1,WCH,2009,200m,M,R1,1,2,MOCK ATHLETE M200m-048,0.156,,MOCK,1
WCH2009-200m-M-R1-H1,WCH,2009,200m,M,R1,1,3,MOCK ATHLETE M200m-050,0.147,,MOCK,1
WCH2009-200m-M-R1-H1,WCH,2009,200m,M,R1,1,4,MOCK ATHLETE M200m-021,0.149,,MOCK,1
WCH2009-200m-M-R1-H1,WCH,2009,200m,M,R1,1,5,MOCK ATHLETE M200m-067,0.129,,MOCK,1
WCH2009-200m-M-R1-H1,WCH,2009,200m,M,R1,1,6,MOCK ATHLETE M200m-069,0.141,,MOCK,1
WCH2009-200m-M-R1-H1,WCH,2009,200m,M,R1,1,7,MOCK ATHLETE M200m-020,0.151,,MOCK,1
WCH2009-200m-M-R1-H1,WCH,2009,200m,M,R1,1,8,MOCK ATHLETE M200m-004,0.151,,MOCK,1
WCH2009-200m-M-R1-H1,WCH,2009,200m,M,R1,1,9,MOCK ATHLETE M200m-049,0.175,,MOCK,1
WCH2009-200m-M-R1-H2,WCH,2009,200m,M,R1,2,2,MOCK ATHLETE M200m-007,0.18,,MOCK,1
WCH2009-200m-M-R1-H2,WCH,2009,200m,M,R1,2,3,MOCK ATHLETE M200m-056,0.155,,MOCK,1
WCH2009-200m-M-R1-H2,WCH,2009,200m,M,R1,2,4,MOCK ATHLETE M200m-034,0.154,,MOCK,1
WCH2009-200m-M-R1-H2,WCH,2009,200m,M,R1,2,5,MOCK ATHLETE M200m-009,0.194,,MOCK,1
WCH2009-200m-M-R1-H2,WCH,2009,200m,M,R1,2,6,MOCK ATHLETE M200m-054,0.152,,MOCK,1
WCH2009-200m-M-R1-H2,WCH,2009,200m,M,R1,2,7,MOCK ATHLETE M200m-018,0.195,,MOCK,1
WCH2009-200m-M-R1-H2,WCH,2009,200m,M,R1,2,8,MOCK ATHLETE M200m-029,0.163,,MOCK,1
WCH2009-200m-M-R1-H2,WCH,2009,200m,M,R1,2,9,MOCK ATHLETE M200m-045,0.18,,MOCK,1
WCH2009-200m-M-R1-H3,WCH,2009,200m,M,R1,3,2,MOCK ATHLETE M200m-044,0.136,,MOCK,1
WCH2009-200m-M-R1-H3,WCH,2009,200m,M,R1,3,3,MOCK ATHLETE M200m-040,0.152,,MOCK,1
WCH2009-200m-M-R1-H3,WCH,2009,200m,M,R1,3,4,MOCK ATHLETE M200m-025,0.195,,MOCK,1
WCH2009-200m-M-R1-H3,WCH,2009,200m,M,R1,3,5,MOCK ATHLETE M200m-035,0.148,,MOCK,1
WCH2009-200m-M-R1-H3,WCH,2009,200m,M,R1,3,6,MOCK ATHLETE M200m-062,0.159,,MOCK,1
WCH2009-200m-M-R1-H3,WCH,2009,200m,M,R1,3,7,MOCK ATHLETE M200m-068,0.161,,MOCK,1
WCH2009-200m-M-R1-H3,WCH,2009,200m,M,R1,3,8,MOCK ATHLETE M200m-027,0.138,,MOCK,1
WCH2009-200m-M-R1-H4,WCH,2009,200m,M,R1,4,2,MOCK ATHLETE M200m-060,0.148,,MOCK,1
WCH2009-200m-M-R1-H4,WCH,2009,200m,M,R1,4,3,MOCK ATHLETE M200m-028,0.146,,MOCK,1
WCH2009-200m-M-R1-H4,WCH,2009,200m,M,R1,4,4,MOCK ATHLETE M200m-024,0.144,,MOCK,1
WCH2009-200m-M-R1-H4,WCH,2009,200m,M,R1,4,5,MOCK ATHLETE M200m-061,0.169,,MOCK,1
WCH2009-200m-M-R1-H4,WCH,2009,200m,M,R1,4,6,MOCK ATHLETE M200m-032,0.183,,MOCK,1
WCH2009-200m-M-R1-H4,WCH,2009,200m,M,R1,4,7,MOCK ATHLETE M200m-022,0.157,,MOCK,1
WCH2009-200m-M-R1-H4,WCH,2009,200m,M,R1,4,8,MOCK ATHLETE M200m-066,0.144,,MOCK,1
WCH2009-200m-M-R1-H4,WCH,2009,200m,M,R1,4,9,MOCK ATHLETE M200m-046,0.147,,MOCK,1
WCH2009-200m-M-R1-H5,WCH,2009,200m,M,R1,5,2,MOCK ATHLETE M200m-019,0.162,,MOCK,1
WCH2009-200m-M-R1-H5,WCH,2009,200m,M,R1,5,3,MOCK ATHLETE M200m-057,0.179,,MOCK,1
WCH2009-200m-M-R1-H5,WCH,2009,200m,M,R1,5,4,MOCK ATHLETE M200m-002,0.166,,MOCK,1
WCH2009-200m-M-R1-H5,WCH,2009,200m,M,R1,5,5,MOCK ATHLETE M200m-013,0.167,,MOCK,1
WCH2009-200m-M-R1-H5,WCH,2009,200m,M,R1,5,6,MOCK ATHLETE M200m-010,0.176,,MOCK,1
WCH2009-200m-M-R1-H5,WCH,2009,200m,M,R1,5,7,MOCK ATHLETE M200m-030,0.138,,MOCK,1
WCH2009-200m-M-R1-H5,WCH,2009,200m,M,R1,5,8,MOCK ATHLETE M200m-041,0.169,,MOCK,1
WCH2009-200m-M-R1-H5,WCH,2009,200m,M,R1,5,9,MOCK ATHLETE M200m-011,0.164,,MOCK,1
WCH2009-200m-M-R1-H6,WCH,2009,200m,M,R1,6,2,MOCK ATHLETE M200m-042,0.147,,MOCK,1
WCH2009-200m-M-R1-H6,WCH,2009,200m,M,R1,6,3,MOCK ATHLETE M200m-012,0.137,,MOCK,1
WCH2009-200m-M-R1-H6,WCH,2009,200m,M,R1,6,4,MOCK ATHLETE M200m-038,0.144,,MOCK,1
WCH2009-200m-M-R1-H6,WCH,2009,200m,M,R1,6,5,MOCK ATHLETE M200m-051,0.164,,MOCK,1
WCH2009-200m-M-R1-H6,WCH,2009,200m,M,R1,6,6,MOCK ATHLETE M200m-043,0.149,,MOCK,1
WCH2009-200m-M-R1-H6,WCH,2009,200m,M,R1,6,7,MOCK ATHLETE M200m-047,0.143,,MOCK,1
WCH2009-200m-M-R1-H6,WCH,2009,200m,M,R1,6,8,MOCK ATHLETE M200m-016,0.142,,MOCK,1
WCH2009-200m-M-SF-H1,WCH,2009,200m,M,SF,1,2,MOCK ATHLETE M200m-066,0.13,,MOCK,1
WCH2009-200m-M-SF-H1,WCH,2009,200m,M,SF,1,3,MOCK ATHLETE M200m-009,0.167,,MOCK,1
WCH2009-200m-M-SF-H1,WCH,2009,200m,M,SF,1,4,MOCK ATHLETE M200m-046,0.144,,MOCK,1
WCH2009-200m-M-SF-H1,WCH,2009,200m,M,SF,1,5,MOCK ATHLETE M200m-012,0.168,,MOCK,1
WCH2009-200m-M-SF-H1,WCH,2009,200m,M,SF,1,6,MOCK ATHLETE M200m-030,0.128,,MOCK,1
WCH2009-200m-M-SF-H1,WCH,2009,200m,M,SF,1,7,MOCK ATHLETE M200m-067,0.147,,MOCK,1
WCH2009-200m-M-SF-H1,WCH,2009,200m,M,SF,1,8,MOCK ATHLETE M200m-051,0.12,,MOCK,1
WCH2009-200m-M-SF-H1,WCH,2009,200m,M,SF,1,9,MOCK ATHLETE M200m-004,0.153,,MOCK,1
WCH2009-200m-M-SF-H2,WCH,2009,200m,M,SF,2,2,MOCK ATHLETE M200m-016,0.175,,MOCK,1
WCH2009-200m-M-SF-H2,WCH,2009,200m,M,SF,2,3,MOCK ATHLETE M200m-068,0.143,,MOCK,1
WCH2009-200m-M-SF-H2,WCH,2009,200m,M,SF,2,4,MOCK ATHLETE M200m-032,0.149,,MOCK,1
WCH2009-200m-M-SF-H2,WCH,2009,200m,M,SF,2,5,MOCK ATHLETE M200m-042,0.151,,MOCK,1
WCH2009-200m-M-SF-H2,WCH,2009,200m,M,SF,2,6,MOCK ATHLETE M200m-045,0.112,,MOCK,1
WCH2009-200m-M-SF-H2,WCH,2009,200m,M,SF,2,7,MOCK ATHLETE M200m-034,0.147,,MOCK,1
WCH2009-200m-M-SF-H2,WCH,2009,200m,M,SF,2,8,MOCK ATHLETE M200m-057,0.165,,MOCK,1
WCH2009-200m-M-SF-H2,WCH,2009,200m,M,SF,2,9,MOCK ATHLETE M200m-038,0.148,,MOCK,1
WCH2009-200m-M-SF-H3,WCH,2009,200m,M,SF,3,2,MOCK ATHLETE M200m-029,0.131,,MOCK,1
WCH2009-200m-M-SF-H3,WCH,2009,200m,M,SF,3,3,MOCK ATHLETE M200m-054,0.155,,MOCK,1
WCH2009-200m-M-SF-H3,WCH,2009,200m,M,SF,3,4,MOCK ATHLETE M200m-027,0.15,,MOCK,1
WCH2009-200m-M-SF-H3,WCH,2009,200m,M,SF,3,5,MOCK ATHLETE M200m-025,0.174,,MOCK,1
WCH2009-200m-M-SF-H3,WCH,2009,200m,M,SF,3,6,MOCK ATHLETE M200m-019,0.164,,MOCK,1
WCH2009-200m-M-SF-H3,WCH,2009,200m,M,SF,3,7,MOCK ATHLETE M200m-002,0.196,,MOCK,1
WCH2009-200m-M-SF-H3,WCH,2009,200m,M,SF,3,8,MOCK ATHLETE M200m-035,0.201,,MOCK,1
WCH2009-200m-M-SF-H3,WCH,2009,200m,M,SF,3,9,MOCK ATHLETE M200m-010,0.143,,MOCK,1
WCH2009-200m-M-F-H1,WCH,2009,200m,M,F,1,2,MOCK ATHLETE M200m-010,0.15,,MOCK,1
WCH2009-200m-M-F-H1,WCH,2009,200m,M,F,1,3,MOCK ATHLETE M200m-066,0.15,,MOCK,1
WCH2009-200m-M-F-H1,WCH,2009,200m,M,F,1,4,MOCK ATHLETE M200m-004,0.152,,MOCK,1
WCH2009-200m-M-F-H1,WCH,2009,200m,M,F,1,5,MOCK ATHLETE M200m-025,0.167,,MOCK,1
WCH2009-200m-M-F-H1,WCH,2009,200m,M,F,1,6,MOCK ATHLETE M200m-038,0.146,,MOCK,1
WCH2009-200m-M-F-H1,WCH,2009,200m,M,F,1,7,MOCK ATHLETE M200m-067,0.135,,MOCK,1
WCH2009-200m-M-F-H1,WCH,2009,200m,M,F,1,8,MOCK ATHLETE M200m-012,0.209,,MOCK,1
WCH2009-200m-M-F-H1,WCH,2009,200m,M,F,1,9,MOCK ATHLETE M200m-019,0.174,,MOCK,1
WCH2009-110mH-M-R1-H1,WCH,2009,110mH,M,R1,1,2,MOCK ATHLETE M110mH-019,0.153,,MOCK,1
WCH2009-110mH-M-R1-H1,WCH,2009,110mH,M,R1,1,3,MOCK ATHLETE M110mH-062,0.167,,MOCK,1
WCH2009-110mH-M-R1-H1,WCH,2009,110mH,M,R1,1,4,MOCK ATHLETE M110mH-054,0.199,,MOCK,1
WCH2009-110mH-M-R1-H1,WCH,2009,110mH,M,R1,1,5,MOCK ATHLETE M110mH-048,0.149,,MOCK,1
WCH2009-110mH-M-R1-H1,WCH,2009,110mH,M,R1,1,6,MOCK ATHLETE M110mH-032,0.138,,MOCK,1
WCH2009-110mH-M-R1-H1,WCH,2009,110mH,M,R1,1,7,MOCK ATHLETE M110mH-003,0.15,,MOCK,1
WCH2009-110mH-M-R1-H1,WCH,2009,110mH,M,R1,1,8,MOCK ATHLETE M110mH-012,0.18,,MOCK,1
WCH2009-110mH-M-R1-H1,WCH,2009,110mH,M,R1,1,9,MOCK ATHLETE M110mH-033,0.153,,MOCK,1
WCH2009-110mH-M-R1-H2,WCH,2009,110mH,M,R1,2,2,MOCK ATHLETE M110mH-034,0.121,,MOCK,1
WCH2009-110mH-M-R1-H2,WCH,2009,110mH,M,R1,2,3,MOCK ATHLETE M110mH-046,0.166,,MOCK,1
WCH2009-110mH-M-R1-H2,WCH,2009,110mH,M,R1,2,4,MOCK ATHLETE M110mH-010,0.157,,MOCK,1
WCH2009-110mH-M-R1-H2,WCH,2009,110mH,M,R1,2,5,MOCK ATHLETE M110mH-018,0.165,,MOCK,1
WCH2009-110mH-M-R1-H2,WCH,2009,110mH,M,R1,2,6,MOCK ATHLETE M110mH-028,0.171,,MOCK,1
WCH2009-110mH-M-R1-H2,WCH,2009,110mH,M,R1,2,7,MOCK ATHLETE M110mH-005,0.167,,MOCK,1
WCH2009-110mH-M-R1-H2,WCH,2009,110mH,M,R1,2,8,MOCK ATHLETE M110mH-042,0.16,,MOCK,1
WCH2009-110mH-M-R1-H3,WCH,2009,110mH,M,R1,3,2,MOCK ATHLETE M110mH-069,0.146,,MOCK,1
WCH2009-110mH-M-R1-H3,WCH,2009,110mH,M,R1,3,3,MOCK ATHLETE M110mH-030,0.146,,MOCK,1
WCH2009-110mH-M-R1-H3,WCH,2009,110mH,M,R1,3,4,MOCK ATHLETE M110mH-057,0.147,,MOCK,1
WCH2009-110mH-M-R1-H3,WCH,2009,110mH,M,R1,3,5,MOCK ATHLETE M110mH-044,0.148,,MOCK,1
WCH2009-110mH-M-R1-H3,WCH,2009,110mH,M,R1,3,6,MOCK ATHLETE M110mH-061,0.169,,MOCK,1
WCH2009-110mH-M-R1-H3,WCH,2009,110mH,M,R1,3,7,MOCK ATHLETE M110mH-051,0.149,,MOCK,1
WCH2009-110mH-M-R1-H3,WCH,2009,110mH,M,R1,3,8,MOCK ATHLETE M110mH-017,0.129,,MOCK,1
WCH2009-110mH-M-R1-H3,WCH,2009,110mH,M,R1,3,9,MOCK ATHLETE M110mH-067,0.12,,MOCK,1
WCH2009-110mH-M-R1-H4,WCH,2009,110mH,M,R1,4,2,MOCK ATHLETE M110mH-049,0.14,,MOCK,1
WCH2009-110mH-M-R1-H4,WCH,2009,110mH,M,R1,4,3,MOCK ATHLETE M110mH-056,0.154,,MOCK,1
WCH2009-110mH-M-R1-H4,WCH,2009,110mH,M,R1,4,4,MOCK ATHLETE M110mH-023,0.15,,MOCK,1
WCH2009-110mH-M-R1-H4,WCH,2009,110mH,M,R1,4,5,MOCK ATHLETE M110mH-025,0.136,,MOCK,1
WCH2009-110mH-M-R1-H4,WCH,2009,110mH,M,R1,4,6,MOCK ATHLETE M110mH-024,0.158,,MOCK,1
WCH2009-110mH-M-R1-H4,WCH,2009,110mH,M,R1,4,7,MOCK ATHLETE M110mH-006,0.211,,MOCK,1
WCH2009-110mH-M-R1-H4,WCH,2009,110mH,M,R1,4,8,MOCK ATHLETE M110mH-050,0.126,,MOCK,1
WCH2009-110mH-M-R1-H4,WCH,2009,110mH,M,R1,4,9,MOCK ATHLETE M110mH-009,0.139,,MOCK,1
WCH2009-110mH-M-R1-H5,WCH,2009,110mH,M,R1,5,2,MOCK ATHLETE M110mH-027,0.15,,MOCK,1
WCH2009-110mH-M-R1-H5,WCH,2009,110mH,M,R1,5,3,MOCK ATHLETE M110mH-038,0.143,,MOCK,1
WCH2009-110mH-M-R1-H5,WCH,2009,110mH,M,R1,5,4,MOCK ATHLETE M110mH-036,0.171,,MOCK,1
WCH2009-110mH-M-R1-H5,WCH,2009,110mH,M,R1,5,5,MOCK ATHLETE M110mH-055,0.161,,MOCK,1
WCH2009-110mH-M-R1-H5,WCH,2009,110mH,M,R1,5,6,MOCK ATHLETE M110mH-016,0.129,,MOCK,1
WCH2009-110mH-M-R1-H5,WCH,2009,110mH,M,R1,5,7,MOCK ATHLETE M110mH-026,0.107,,MOCK,1
WCH2009-110mH-M-R1-H5,WCH,2009,110mH,M,R1,5,8,MOCK ATHLETE M110mH-063,0.173,,MOCK,1
WCH2009-110mH-M-R1-H5,WCH,2009,110mH,M,R1,5,9,MOCK ATHLETE M110mH-002,0.131,,MOCK,1
WCH2009-110mH-M-R1-H6,WCH,2009,110mH,M,R1,6,2,MOCK ATHLETE M110mH-059,0.167,,MOCK,1
WCH2009-110mH-M-R1-H6,WCH,2009,110mH,M,R1,6,3,MOCK ATHLETE M110mH-037,0.159,,MOCK,1
WCH2009-110mH-M-R1-H6,WCH,2009,110mH,M,R1,6,4,MOCK ATHLETE M110mH-013,0.145,,MOCK,1
WCH2009-110mH-M-R1-H6,WCH,2009,110mH,M,R1,6,5,MOCK ATHLETE M110mH-015,0.171,,MOCK,1
WCH2009-110mH-M-R1-H6,WCH,2009,110mH,M,R1,6,6,MOCK ATHLETE M110mH-007,0.15,,MOCK,1
WCH2009-110mH-M-R1-H6,WCH,2009,110mH,M,R1,6,7,MOCK ATHLETE M110mH-043,0.133,,MOCK,1
WCH2009-110mH-M-R1-H6,WCH,2009,110mH,M,R1,6,8,MOCK ATHLETE M110mH-068,0.136,,MOCK,1
WCH2009-110mH-M-SF-H1,WCH,2009,110mH,M,SF,1,2,MOCK ATHLETE M110mH-042,0.13,,MOCK,1
WCH2009-110mH-M-SF-H1,WCH,2009,110mH,M,SF,1,3,MOCK ATHLETE M110mH-055,0.158,,MOCK,1
WCH2009-110mH-M-SF-H1,WCH,2009,110mH,M,SF,1,4,MOCK ATHLETE M110mH-017,0.128,,MOCK,1
WCH2009-110mH-M-SF-H1,WCH,2009,110mH,M,SF,1,5,MOCK ATHLETE M110mH-062,0.136,,MOCK,1
WCH2009-110mH-M-SF-H1,WCH,2009,110mH,M,SF,1,6,MOCK ATHLETE M110mH-015,0.151,,MOCK,1
WCH2009-110mH-M-SF-H1,WCH,2009,110mH,M,SF,1,7,MOCK ATHLETE M110mH-050,0.162,,MOCK,1
WCH2009-110mH-M-SF-H1,WCH,2009,110mH,M,SF,1,8,MOCK ATHLETE M110mH-007,0.129,,MOCK,1
WCH2009-110mH-M-SF-H1,WCH,2009,110mH,M,SF,1,9,MOCK ATHLETE M110mH-024,0.108,,MOCK,1
WCH2009-110mH-M-SF-H2,WCH,2009,110mH,M,SF,2,2,MOCK ATHLETE M110mH-003,0.159,,MOCK,1
WCH2009-110mH-M-SF-H2,WCH,2009,110mH,M,SF,2,3,MOCK ATHLETE M110mH-030,0.153,,MOCK,1
WCH2009-110mH-M-SF-H2,WCH,2009,110mH,M,SF,2,4,MOCK ATHLETE M110mH-028,0.155,,MOCK,1
WCH2009-110mH-M-SF-H2,WCH,2009,110mH,M,SF,2,5,MOCK ATHLETE M110mH-023,0.117,,MOCK,1
WCH2009-110mH-M-SF-H2,WCH,2009,110mH,M,SF,2,6,MOCK ATHLETE M110mH-026,0.128,,MOCK,1
WCH2009-110mH-M-SF-H2,WCH,2009,110mH,M,SF,2,7,MOCK ATHLETE M110mH-043,0.131,,MOCK,1
WCH2009-110mH-M-SF-H2,WCH,2009,110mH,M,SF,2,8,MOCK ATHLETE M110mH-036,0.191,,MOCK,1
WCH2009-110mH-M-SF-H2,WCH,2009,110mH,M,SF,2,9,MOCK ATHLETE M110mH-013,0.15,,MOCK,1
WCH2009-110mH-M-SF-H3,WCH,2009,110mH,M,SF,3,2,MOCK ATHLETE M110mH-037,0.143,,MOCK,1
WCH2009-110mH-M-SF-H3,WCH,2009,110mH,M,SF,3,3,MOCK ATHLETE M110mH-057,0.179,,MOCK,1
WCH2009-110mH-M-SF-H3,WCH,2009,110mH,M,SF,3,4,MOCK ATHLETE M110mH-044,0.14,,MOCK,1
WCH2009-110mH-M-SF-H3,WCH,2009,110mH,M,SF,3,5,MOCK ATHLETE M110mH-068,0.152,,MOCK,1
WCH2009-110mH-M-SF-H3,WCH,2009,110mH,M,SF,3,6,MOCK ATHLETE M110mH-010,0.162,,MOCK,1
WCH2009-110mH-M-SF-H3,WCH,2009,110mH,M,SF,3,7,MOCK ATHLETE M110mH-019,0.148,,MOCK,1
WCH2009-110mH-M-SF-H3,WCH,2009,110mH,M,SF,3,8,MOCK ATHLETE M110mH-038,0.169,,MOCK,1
WCH2009-110mH-M-SF-H3,WCH,2009,110mH,M,SF,3,9,MOCK ATHLETE M110mH-033,0.198,,MOCK,1
WCH2009-110mH-M-F-H1,WCH,2009,110mH,M,F,1,2,MOCK ATHLETE M110mH-007,0.145,,MOCK,1
WCH2009-110mH-M-F-H1,WCH,2009,110mH,M,F,1,3,MOCK ATHLETE M110mH-026,0.155,,MOCK,1
WCH2009-110mH-M-F-H1,WCH,2009,110mH,M,F,1,4,MOCK ATHLETE M110mH-068,0.163,,MOCK,1
WCH2009-110mH-M-F-H1,WCH,2009,110mH,M,F,1,5,MOCK ATHLETE M110mH-003,0.185,,MOCK,1
WCH2009-110mH-M-F-H1,WCH,2009,110mH,M,F,1,6,MOCK ATHLETE M110mH-023,0.136,,MOCK,1
WCH2009-110mH-M-F-H1,WCH,2009,110mH,M,F,1,7,MOCK ATHLETE M110mH-028,0.169,,MOCK,1
WCH2009-110mH-M-F-H1,WCH,2009,110mH,M,F,1,8,MOCK ATHLETE M110mH-015,0.155,,MOCK,1
WCH2009-110mH-M-F-H1,WCH,2009,110mH,M,F,1,9,MOCK ATHLETE M110mH-042,0.156,,MOCK,1
WCH2009-100m-W-R1-H1,WCH,2009,100m,W,R1,1,2,MOCK ATHLETE W100m-013,0.151,,MOCK,1
WCH2009-100m-W-R1-H1,WCH,2009,100m,W,R1,1,3,MOCK ATHLETE W100m-006,0.119,,MOCK,1
WCH2009-100m-W-R1-H1,WCH,2009,100m,W,R1,1,4,MOCK ATHLETE W100m-036,0.144,,MOCK,1
WCH2009-100m-W-R1-H1,WCH,2009,100m,W,R1,1,5,MOCK ATHLETE W100m-007,0.14,,MOCK,1
WCH2009-100m-W-R1-H1,WCH,2009,100m,W,R1,1,6,MOCK ATHLETE W100m-065,0.175,,MOCK,1
WCH2009-100m-W-R1-H1,WCH,2009,100m,W,R1,1,7,MOCK ATHLETE W100m-027,0.166,,MOCK,1
WCH2009-100m-W-R1-H1,WCH,2009,100m,W,R1,1,8,MOCK ATHLETE W100m-009,0.137,,MOCK,1
WCH2009-100m-W-R1-H2,WCH,2009,100m,W,R1,2,2,MOCK ATHLETE W100m-024,0.166,,MOCK,1
WCH2009-100m-W-R1-H2,WCH,2009,100m,W,R1,2,3,MOCK ATHLETE W100m-010,0.129,,MOCK,1
WCH2009-100m-W-R1-H2,WCH,2009,100m,W,R1,2,4,MOCK ATHLETE W100m-040,0.11,,MOCK,1
WCH2009-100m-W-R1-H2,WCH,2009,100m,W,R1,2,5,MOCK ATHLETE W100m-025,0.151,,MOCK,1
WCH2009-100m-W-R1-H2,WCH,2009,100m,W,R1,2,6,MOCK ATHLETE W100m-060,0.166,,MOCK,1
WCH2009-100m-W-R1-H2,WCH,2009,100m,W,R1,2,7,MOCK ATHLETE W100m-046,0.177,,MOCK,1
WCH2009-100m-W-R1-H2,WCH,2009,100m,W,R1,2,8,MOCK ATHLETE W100m-053,0.148,,MOCK,1
WCH2009-100m-W-R1-H2,WCH,2009,100m,W,R1,2,9,MOCK ATHLETE W100m-020,0.175,,MOCK,1
WCH2009-100m-W-R1-H3,WCH,2009,100m,W,R1,3,2,MOCK ATHLETE W100m-015,0.175,,MOCK,1
WCH2009-100m-W-R1-H3,WCH,2009,100m,W,R1,3,3,MOCK ATHLETE W100m-049,0.17,,MOCK,1
WCH2009-100m-W-R1-H3,WCH,2009,100m,W,R1,3,4,MOCK ATHLETE W100m-032,0.193,,MOCK,1
WCH2009-100m-W-R1-H3,WCH,2009,100m,W,R1,3,5,MOCK ATHLETE W100m-028,0.158,,MOCK,1
WCH2009-100m-W-R1-H3,WCH,2009,100m,W,R1,3,6,MOCK ATHLETE W100m-003,0.14,,MOCK,1
WCH2009-100m-W-R1-H3,WCH,2009,100m,W,R1,3,7,MOCK ATHLETE W100m-014,0.152,,MOCK,1
WCH2009-100m-W-R1-H3,WCH,2009,100m,W,R1,3,8,MOCK ATHLETE W100m-023,0.162,,MOCK,1
WCH2009-100m-W-R1-H3,WCH,2009,100m,W,R1,3,9,MOCK ATHLETE W100m-042,0.162,,MOCK,1
WCH2009-100m-W-R1-H4,WCH,2009,100m,W,R1,4,2,MOCK ATHLETE W100m-011,0.138,,MOCK,1
WCH2009-100m-W-R1-H4,WCH,2009,100m,W,R1,4,3,MOCK ATHLETE W100m-039,0.15,,MOCK,1
WCH2009-100m-W-R1-H4,WCH,2009,100m,W,R1,4,4,MOCK ATHLETE W100m-051,0.152,,MOCK,1
WCH2009-100m-W-R1-H4,WCH,2009,100m,W,R1,4,5,MOCK ATHLETE W100m-066,0.165,,MOCK,1
WCH2009-100m-W-R1-H4,WCH,2009,100m,W,R1,4,6,MOCK ATHLETE W100m-012,0.152,,MOCK,1
WCH2009-100m-W-R1-H4,WCH,2009,100m,W,R1,4,7,MOCK ATHLETE W100m-064,0.175,,MOCK,1
WCH2009-100m-W-R1-H4,WCH,2009,100m,W,R1,4,8,MOCK ATHLETE W100m-026,0.174,,MOCK,1
WCH2009-100m-W-R1-H4,WCH,2009,100m,W,R1,4,9,MOCK ATHLETE W100m-001,0.158,,MOCK,1
WCH2009-100m-W-R1-H5,WCH,2009,100m,W,R1,5,2,MOCK ATHLETE W100m-050,0.156,,MOCK,1
WCH2009-100m-W-R1-H5,WCH,2009,100m,W,R1,5,3,MOCK ATHLETE W100m-022,0.161,,MOCK,1
WCH2009-100m-W-R1-H5,WCH,2009,100m,W,R1,5,4,MOCK ATHLETE W100m-063,0.17,,MOCK,1
WCH2009-100m-W-R1-H5,WCH,2009,100m,W,R1,5,5,MOCK ATHLETE W100m-035,0.177,,MOCK,1
WCH2009-100m-W-R1-H5,WCH,2009,100m,W,R1,5,6,MOCK ATHLETE W100m-037,0.142,,MOCK,1
WCH2009-100m-W-R1-H5,WCH,2009,100m,W,R1,5,7,MOCK ATHLETE W100m-054,0.128,,MOCK,1
WCH2009-100m-W-R1-H5,WCH,2009,100m,W,R1,5,8,MOCK ATHLETE W100m-018,0.137,,MOCK,1
WCH2009-100m-W-R1-H5,WCH,2009,100m,W,R1,5,9,MOCK ATHLETE W100m-019,0.144,,MOCK,1
WCH2009-100m-W-R1-H6,WCH,2009,100m,W,R1,6,2,MOCK ATHLETE W100m-029,0.155,,MOCK,1
WCH2009-100m-W-R1-H6,WCH,2009,100m,W,R1,6,3,MOCK ATHLETE W100m-055,0.151,,MOCK,1
WCH2009-100m-W-R1-H6,WCH,2009,100m,W,R1,6,4,MOCK ATHLETE W100m-048,0.161,,MOCK,1
WCH2009-100m-W-R1-H6,WCH,2009,100m,W,R1,6,5,MOCK ATHLETE W100m-017,0.146,,MOCK,1
WCH2009-100m-W-R1-H6,WCH,2009,100m,W,R1,6,6,MOCK ATHLETE W100m-061,0.152,,MOCK,1
WCH2009-100m-W-R1-H6,WCH,2009,100m,W,R1,6,7,MOCK ATHLETE W100m-030,0.165,,MOCK,1
WCH2009-100m-W-R1-H6,WCH,2009,100m,W,R1,6,8,MOCK ATHLETE W100m-044,0.137,,MOCK,1
WCH2009-100m-W-SF-H1,WCH,2009,100m,W,SF,1,2,MOCK ATHLETE W100m-040,0.103,,MOCK,1
WCH2009-100m-W-SF-H1,WCH,2009,100m,W,SF,1,3,MOCK ATHLETE W100m-010,0.138,,MOCK,1
WCH2009-100m-W-SF-H1,WCH,2009,100m,W,SF,1,4,MOCK ATHLETE W100m-026,0.183,,MOCK,1
WCH2009-100m-W-SF-H1,WCH,2009,100m,W,SF,1,5,MOCK ATHLETE W100m-025,0.123,,MOCK,1
WCH2009-100m-W-SF-H1,WCH,2009,100m,W,SF,1,6,MOCK ATHLETE W100m-012,0.115,,MOCK,1
WCH2009-100m-W-SF-H1,WCH,2009,100m,W,SF,1,7,MOCK ATHLETE W100m-007,0.168,,MOCK,1
WCH2009-100m-W-SF-H1,WCH,2009,100m,W,SF,1,8,MOCK ATHLETE W100m-047,0.156,,MOCK,1
WCH2009-100m-W-SF-H1,WCH,2009,100m,W,SF,1,9,MOCK ATHLETE W100m-050,0.134,,MOCK,1
WCH2009-100m-W-SF-H2,WCH,2009,100m,W,SF,2,2,MOCK ATHLETE W100m-013,0.145,,MOCK,1
WCH2009-100m-W-SF-H2,WCH,2009,100m,W,SF,2,3,MOCK ATHLETE W100m-006,0.145,,MOCK,1
WCH2009-100m-W-SF-H2,WCH,2009,100m,W,SF,2,4,MOCK ATHLETE W100m-016,0.126,,MOCK,1
WCH2009-100m-W-SF-H2,WCH,2009,100m,W,SF,2,5,MOCK ATHLETE W100m-029,0.143,,MOCK,1
WCH2009-100m-W-SF-H2,WCH,2009,100m,W,SF,2,6,MOCK ATHLETE W100m-027,0.136,,MOCK,1
WCH2009-100m-W-SF-H2,WCH,2009,100m,W,SF,2,7,MOCK ATHLETE W100m-053,0.145,,MOCK,1
WCH2009-100m-W-SF-H2,WCH,2009,100m,W,SF,2,8,MOCK ATHLETE W100m-061,0.15,,MOCK,1
WCH2009-100m-W-SF-H2,WCH,2009,100m,W,SF,2,9,MOCK ATHLETE W100m-066,0.137,,MOCK,1
WCH2009-100m-W-SF-H3,WCH,2009,100m,W,SF,3,2,MOCK ATHLETE W100m-036,0.177,,MOCK,1
WCH2009-100m-W-SF-H3,WCH,2009,100m,W,SF,3,3,MOCK ATHLETE W100m-051,0.175,,MOCK,1
WCH2009-100m-W-SF-H3,WCH,2009,100m,W,SF,3,4,MOCK ATHLETE W100m-042,0.183,,MOCK,1
WCH2009-100m-W-SF-H3,WCH,2009,100m,W,SF,3,5,MOCK ATHLETE W100m-001,0.161,,MOCK,1
WCH2009-100m-W-SF-H3,WCH,2009,100m,W,SF,3,6,MOCK ATHLETE W100m-009,0.137,,MOCK,1
WCH2009-100m-W-SF-H3,WCH,2009,100m,W,SF,3,7,MOCK ATHLETE W100m-030,0.161,,MOCK,1
WCH2009-100m-W-SF-H3,WCH,2009,100m,W,SF,3,8,MOCK ATHLETE W100m-049,0.181,,MOCK,1
WCH2009-100m-W-SF-H3,WCH,2009,100m,W,SF,3,9,MOCK ATHLETE W100m-054,0.152,,MOCK,1
WCH2009-100m-W-F-H1,WCH,2009,100m,W,F,1,2,MOCK ATHLETE W100m-012,0.143,,MOCK,1
WCH2009-100m-W-F-H1,WCH,2009,100m,W,F,1,3,MOCK ATHLETE W100m-042,0.185,,MOCK,1
WCH2009-100m-W-F-H1,WCH,2009,100m,W,F,1,4,MOCK ATHLETE W100m-030,0.143,,MOCK,1
WCH2009-100m-W-F-H1,WCH,2009,100m,W,F,1,5,MOCK ATHLETE W100m-040,0.123,,MOCK,1
WCH2009-100m-W-F-H1,WCH,2009,100m,W,F,1,6,MOCK ATHLETE W100m-066,0.153,,MOCK,1
WCH2009-100m-W-F-H1,WCH,2009,100m,W,F,1,7,MOCK ATHLETE W100m-049,0.148,,MOCK,1
WCH2009-100m-W-F-H1,WCH,2009,100m,W,F,1,8,MOCK ATHLETE W100m-016,0.154,,MOCK,1
WCH2009-100m-W-F-H1,WCH,2009,100m,W,F,1,9,MOCK ATHLETE W100m-009,0.149,,MOCK,1
WCH2009-200m-W-R1-H1,WCH,2009,200m,W,R1,1,2,MOCK ATHLETE W200m-061,0.188,,MOCK,1
WCH2009-200m-W-R1-H1,WCH,2009,200m,W,R1,1,3,MOCK ATHLETE W200m-024,0.166,,MOCK,1
WCH2009-200m-W-R1-H1,WCH,2009,200m,W,R1,1,4,MOCK ATHLETE W200m-060,0.157,,MOCK,1
WCH2009-200m-W-R1-H1,WCH,2009,200m,W,R1,1,5,MOCK ATHLETE W200m-062,0.193,,MOCK,1
WCH2009-200m-W-R1-H1,WCH,2009,200m,W,R1,1,6,MOCK ATHLETE W200m-056,0.157,,MOCK,1
WCH2009-200m-W-R1-H1,WCH,2009,200m,W,R1,1,7,MOCK ATHLETE W200m-019,0.168,,MOCK,1
WCH2009-200m-W-R1-H1,WCH,2009,200m,W,R1,1,8,MOCK ATHLETE W200m-067,0.187,,MOCK,1
WCH2009-200m-W-R1-H1,WCH,2009,200m,W,R1,1,9,MOCK ATHLETE W200m-021,0.165,,MOCK,1
WCH2009-200m-W-R1-H2,WCH,2009,200m,W,R1,2,2,MOCK ATHLETE W200m-035,0.145,,MOCK,1
WCH2009-200m-W-R1-H2,WCH,2009,200m,W,R1,2,3,MOCK ATHLETE W200m-017,0.136,,MOCK,1
WCH2009-200m-W-R1-H2,WCH,2009,200m,W,R1,2,4,MOCK ATHLETE W200m-025,0.185,,MOCK,1
WCH2009-200m-W-R1-H2,WCH,2009,200m,W,R1,2,5,MOCK ATHLETE W200m-033,0.133,,MOCK,1
WCH2009-200m-W-R1-H2,WCH,2009,200m,W,R1,2,6,MOCK ATHLETE W200m-038,0.135,,MOCK,1
WCH2009-200m-W-R1-H2,WCH,2009,200m,W,R1,2,7,MOCK ATHLETE W200m-018,0.14,,MOCK,1
WCH2009-200m-W-R1-H2,WCH,2009,200m,W,R1,2,8,MOCK ATHLETE W200m-041,0.153,,MOCK,1
WCH2009-200m-W-R1-H2,WCH,2009,200m,W,R1,2,9,MOCK ATHLETE W200m-064,0.129,,MOCK,1
WCH2009-200m-W-R1-H3,WCH,2009,200m,W,R1,3,2,MOCK ATHLETE W200m-008,0.139,,MOCK,1
WCH2009-200m-W-R1-H3,WCH,2009,200m,W,R1,3,3,MOCK ATHLETE W200m-065,0.15,,MOCK,1
WCH2009-200m-W-R1-H3,WCH,2009,200m,W,R1,3,4,MOCK ATHLETE W200m-057,0.14,,MOCK,1
WCH2009-200m-W-R1-H3,WCH,2009,200m,W,R1,3,5,MOCK ATHLETE W200m-027,0.191,,MOCK,1
WCH2009-200m-W-R1-H3,WCH,2009,200m,W,R1,3,6,MOCK ATHLETE W200m-007,0.17,,MOCK,1
WCH2009-200m-W-R1-H3,WCH,2009,200m,W,R1,3,7,MOCK ATHLETE W200m-001,0.139,,MOCK,1
WCH2009-200m-W-R1-H3,WCH,2009,200m,W,R1,3,8,MOCK ATHLETE W200m-002,0.155,,MOCK,1
WCH2009-200m-W-R1-H3,WCH,2009,200m,W,R1,3,9,MOCK ATHLETE W200m-005,0.141,,MOCK,1
WCH2009-200m-W-R1-H4,WCH,2009,200m,W,R1,4,2,MOCK ATHLETE W200m-045,0.144,,MOCK,1
WCH2009-200m-W-R1-H4,WCH,2009,200m,W,R1,4,3,MOCK ATHLETE W200m-050,0.162,,MOCK,1
WCH2009-200m-W-R1-H4,WCH,2009,200m,W,R1,4,4,MOCK ATHLETE W200m-004,0.167,,MOCK,1
WCH2009-200m-W-R1-H4,WCH,2009,200m,W,R1,4,5,MOCK ATHLETE W200m-066,0.143,,MOCK,1
WCH2009-200m-W-R1-H4,WCH,2009,200m,W,R1,4,6,MOCK ATHLETE W200m-046,0.163,,MOCK,1
WCH2009-200m-W-R1-H4,WCH,2009,200m,W,R1,4,7,MOCK ATHLETE W200m-048,0.156,,MOCK,1
WCH2009-200m-W-R1-H4,WCH,2009,200m,W,R1,4,8,MOCK ATHLETE W200m-037,0.161,,MOCK,1
WCH2009-200m-W-R1-H5,WCH,2009,200m,W,R1,5,2,MOCK ATHLETE W200m-015,0.165,,MOCK,1
WCH2009-200m-W-R1-H5,WCH,2009,200m,W,R1,5,3,MOCK ATHLETE W200m-059,0.179,,MOCK,1
WCH2009-200m-W-R1-H5,WCH,2009,200m,W,R1,5,4,MOCK ATHLETE W200m-012,0.162,,MOCK,1
WCH2009-200m-W-R1-H5,WCH,2009,200m,W,R1,5,5,MOCK ATHLETE W200m-022,0.157,,MOCK,1
WCH2009-200m-W-R1-H5,WCH,2009,200m,W,R1,5,6,MOCK ATHLETE W200m-052,0.157,,MOCK,1
WCH2009-200m-W-R1-H5,WCH,2009,200m,W,R1,5,7,MOCK ATHLETE W200m-044,0.159,,MOCK,1
WCH2009-200m-W-R1-H5,WCH,2009,200m,W,R1,5,8,MOCK ATHLETE W200m-013,0.167,,MOCK,1
WCH2009-200m-W-R1-H5,WCH,2009,200m,W,R1,5,9,MOCK ATHLETE W200m-063,0.19,,MOCK,1
WCH2009-200m-W-R1-H6,WCH,2009,200m,W,R1,6,2,MOCK ATHLETE W200m-011,0.16,,MOCK,1
WCH2009-200m-W-R1-H6,WCH,2009,200m,W,R1,6,3,MOCK ATHLETE W200m-032,0.146,,MOCK,1
WCH2009-200m-W-R1-H6,WCH,2009,200m,W,R1,6,4,MOCK ATHLETE W200m-009,0.143,,MOCK,1
WCH2009-200m-W-R1-H6,WCH,2009,200m,W,R1,6,5,MOCK ATHLETE W200m-003,0.15,,MOCK,1
WCH2009-200m-W-R1-H6,WCH,2009,200m,W,R1,6,6,MOCK ATHLETE W200m-042,0.179,,MOCK,1
WCH2009-200m-W-R1-H6,WCH,2009,200m,W,R1,6,7,MOCK ATHLETE W200m-036,0.168,,MOCK,1
WCH2009-200m-W-R1-H6,WCH,2009,200m,W,R1,6,8,MOCK ATHLETE W200m-058,0.158,,MOCK,1
WCH2009-200m-W-R1-H6,WCH,2009,200m,W,R1,6,9,MOCK ATHLETE W200m-028,0.163,,MOCK,1
WCH2009-200m-W-SF-H1,WCH,2009,200m,W,SF,1,2,MOCK ATHLETE W200m-002,0.145,,MOCK,1
WCH2009-200m-W-SF-H1,WCH,2009,200m,W,SF,1,3,MOCK ATHLETE W200m-008,0.141,,MOCK,1
WCH2009-200m-W-SF-H1,WCH,2009,200m,W,SF,1,4,MOCK ATHLETE W200m-044,0.156,,MOCK,1
WCH2009-200m-W-SF-H1,WCH,2009,200m,W,SF,1,5,MOCK ATHLETE W200m-005,0.167,,MOCK,1
WCH2009-200m-W-SF-H1,WCH,2009,200m,W,SF,1,6,MOCK ATHLETE W200m-022,0.163,,MOCK,1
WCH2009-200m-W-SF-H1,WCH,2009,200m,W,SF,1,7,MOCK ATHLETE W200m-063,0.143,,MOCK,1
WCH2009-200m-W-SF-H1,WCH,2009,200m,W,SF,1,8,MOCK ATHLETE W200m-067,0.187,,MOCK,1
WCH2009-200m-W-SF-H1,WCH,2009,200m,W,SF,1,9,MOCK ATHLETE W200m-059,0.187,,MOCK,1
WCH2009-200m-W-SF-H2,WCH,2009,200m,W,SF,2,2,MOCK ATHLETE W200m-011,0.175,,MOCK,1
WCH2009-200m-W-SF-H2,WCH,2009,200m,W,SF,2,3,MOCK ATHLETE W200m-007,0.195,,MOCK,1
WCH2009-200m-W-SF-H2,WCH,2009,200m,W,SF,2,4,MOCK ATHLETE W200m-021,0.222,,MOCK,1
WCH2009-200m-W-SF-H2,WCH,2009,200m,W,SF,2,5,MOCK ATHLETE W200m-013,0.182,,MOCK,1
WCH2009-200m-W-SF-H2,WCH,2009,200m,W,SF,2,6,MOCK ATHLETE W200m-061,0.163,,MOCK,1
WCH2009-200m-W-SF-H2,WCH,2009,200m,W,SF,2,7,MOCK ATHLETE W200m-050,0.162,,MOCK,1
WCH2009-200m-W-SF-H2,WCH,2009,200m,W,SF,2,8,MOCK ATHLETE W200m-037,0.154,,MOCK,1
WCH2009-200m-W-SF-H2,WCH,2009,200m,W,SF,2,9,MOCK ATHLETE W200m-058,0.172,,MOCK,1
WCH2009-200m-W-SF-H3,WCH,2009,200m,W,SF,3,2,MOCK ATHLETE W200m-046,0.165,,MOCK,1
WCH2009-200m-W-SF-H3,WCH,2009,200m,W,SF,3,3,MOCK ATHLETE W200m-048,0.164,,MOCK,1
WCH2009-200m-W-SF-H3,WCH,2009,200m,W,SF,3,4,MOCK ATHLETE W200m-062,0.182,,MOCK,1
WCH2009-200m-W-SF-H3,WCH,2009,200m,W,SF,3,5,MOCK ATHLETE W200m-032,0.165,,MOCK,1
WCH2009-200m-W-SF-H3,WCH,2009,200m,W,SF,3,6,MOCK ATHLETE W200m-066,0.189,,MOCK,1
WCH2009-200m-W-SF-H3,WCH,2009,200m,W,SF,3,7,MOCK ATHLETE W200m-012,0.169,,MOCK,1
WCH2009-200m-W-SF-H3,WCH,2009,200m,W,SF,3,8,MOCK ATHLETE W200m-036,0.138,,MOCK,1
WCH2009-200m-W-SF-H3,WCH,2009,200m,W,SF,3,9,MOCK ATHLETE W200m-018,0.169,,MOCK,1
WCH2009-200m-W-F-H1,WCH,2009,200m,W,F,1,2,MOCK ATHLETE W200m-046,0.138,,MOCK,1
WCH2009-200m-W-F-H1,WCH,2009,200m,W,F,1,3,MOCK ATHLETE W200m-022,0.166,,MOCK,1
WCH2009-200m-W-F-H1,WCH,2009,200m,W,F,1,4,MOCK ATHLETE W200m-058,0.172,,MOCK,1
WCH2009-200m-W-F-H1,WCH,2009,200m,W,F,1,5,MOCK ATHLETE W200m-036,0.164,,MOCK,1
WCH2009-200m-W-F-H1,WCH,2009,200m,W,F,1,6,MOCK ATHLETE W200m-008,0.159,,MOCK,1
WCH2009-200m-W-F-H1,WCH,2009,200m,W,F,1,7,MOCK ATHLETE W200m-012,0.161,,MOCK,1
WCH2009-200m-W-F-H1,WCH,2009,200m,W,F,1,8,MOCK ATHLETE W200m-067,0.175,,MOCK,1
WCH2009-200m-W-F-H1,WCH,2009,200m,W,F,1,9,MOCK ATHLETE W200m-011,0.168,,MOCK,1
WCH2009-100mH-W-R1-H1,WCH,2009,100mH,W,R1,1,2,MOCK ATHLETE W100mH-040,0.148,,MOCK,1
WCH2009-100mH-W-R1-H1,WCH,2009,100mH,W,R1,1,3,MOCK ATHLETE W100mH-036,0.155,,MOCK,1
WCH2009-100mH-W-R1-H1,WCH,2009,100mH,W,R1,1,4,MOCK ATHLETE W100mH-060,0.186,,MOCK,1
WCH2009-100mH-W-R1-H1,WCH,2009,100mH,W,R1,1,5,MOCK ATHLETE W100mH-044,0.17,,MOCK,1
WCH2009-100mH-W-R1-H1,WCH,2009,100mH,W,R1,1,6,MOCK ATHLETE W100mH-013,0.168,,MOCK,1
WCH2009-100mH-W-R1-H1,WCH,2009,100mH,W,R1,1,7,MOCK ATHLETE W100mH-021,0.158,,MOCK,1
WCH2009-100mH-W-R1-H1,WCH,2009,100mH,W,R1,1,8,MOCK ATHLETE W100mH-056,0.147,,MOCK,1
WCH2009-100mH-W-R1-H1,WCH,2009,100mH,W,R1,1,9,MOCK ATHLETE W100mH-045,0.148,,MOCK,1
WCH2009-100mH-W-R1-H2,WCH,2009,100mH,W,R1,2,2,MOCK ATHLETE W100mH-018,0.199,,MOCK,1
WCH2009-100mH-W-R1-H2,WCH,2009,100mH,W,R1,2,3,MOCK ATHLETE W100mH-028,0.168,,MOCK,1
WCH2009-100mH-W-R1-H2,WCH,2009,100mH,W,R1,2,4,MOCK ATHLETE W100mH-041,0.149,,MOCK,1
WCH2009-100mH-W-R1-H2,WCH,2009,100mH,W,R1,2,5,MOCK ATHLETE W100mH-015,0.168,,MOCK,1
WCH2009-100mH-W-R1-H2,WCH,2009,100mH,W,R1,2,6,MOCK ATHLETE W100mH-043,0.143,,MOCK,1
WCH2009-100mH-W-R1-H2,WCH,2009,100mH,W,R1,2,7,MOCK ATHLETE W100mH-027,0.138,,MOCK,1
WCH2009-100mH-W-R1-H2,WCH,2009,100mH,W,R1,2,8,MOCK ATHLETE W100mH-007,0.164,,MOCK,1
WCH2009-100mH-W-R1-H2,WCH,2009,100mH,W,R1,2,9,MOCK ATHLETE W100mH-003,0.177,,MOCK,1
WCH2009-100mH-W-R1-H3,WCH,2009,100mH,W,R1,3,2,MOCK ATHLETE W100mH-058,0.155,,MOCK,1
WCH2009-100mH-W-R1-H3,WCH,2009,100mH,W,R1,3,3,MOCK ATHLETE W100mH-033,0.153,,MOCK,1
WCH2009-100mH-W-R1-H3,WCH,2009,100mH,W,R1,3,4,MOCK ATHLETE W100mH-004,0.175,,MOCK,1
WCH2009-100mH-W-R1-H3,WCH,2009,100mH,W,R1,3,5,MOCK ATHLETE W100mH-006,0.152,,MOCK,1
WCH2009-100mH-W-R1-H3,WCH,2009,100mH,W,R1,3,6,MOCK ATHLETE W100mH-048,0.161,,MOCK,1
WCH2009-100mH-W-R1-H3,WCH,2009,100mH,W,R1,3,7,MOCK ATHLETE W100mH-020,0.176,,MOCK,1
WCH2009-100mH-W-R1-H3,WCH,2009,100mH,W,R1,3,8,MOCK ATHLETE W100mH-005,0.157,,MOCK,1
WCH2009-100mH-W-R1-H4,WCH,2009,100mH,W,R1,4,2,MOCK ATHLETE W100mH-002,0.156,,MOCK,1
WCH2009-100mH-W-R1-H4,WCH,2009,100mH,W,R1,4,3,MOCK ATHLETE W100mH-014,0.171,,MOCK,1
WCH2009-100mH-W-R1-H4,WCH,2009,100mH,W,R1,4,4,MOCK ATHLETE W100mH-016,0.137,,MOCK,1
WCH2009-100mH-W-R1-H4,WCH,2009,100mH,W,R1,4,5,MOCK ATHLETE W100mH-061,0.161,,MOCK,1
WCH2009-100mH-W-R1-H4,WCH,2009,100mH,W,R1,4,6,MOCK ATHLETE W100mH-012,0.178,,MOCK,1
WCH2009-100mH-W-R1-H4,WCH,2009,100mH,W,R1,4,7,MOCK ATHLETE W100mH-030,0.17,,MOCK,1
WCH2009-100mH-W-R1-H4,WCH,2009,100mH,W,R1,4,8,MOCK ATHLETE W100mH-063,0.152,,MOCK,1
WCH2009-100mH-W-R1-H4,WCH,2009,100mH,W,R1,4,9,MOCK ATHLETE W100mH-057,0.168,,MOCK,1
WCH2009-100mH-W-R1-H5,WCH,2009,100mH,W,R1,5,2,MOCK ATHLETE W100mH-054,0.158,,MOCK,1
WCH2009-100mH-W-R1-H5,WCH,2009,100mH,W,R1,5,3,MOCK ATHLETE W100mH-031,0.141,,MOCK,1
WCH2009-100mH-W-R1-H5,WCH,2009,100mH,W,R1,5,4,MOCK ATHLETE W100mH-032,0.166,,MOCK,1
WCH2009-100mH-W-R1-H5,WCH,2009,100mH,W,R1,5,5,MOCK ATHLETE W100mH-052,0.149,,MOCK,1
WCH2009-100mH-W-R1-H5,WCH,2009,100mH,W,R1,5,6,MOCK ATHLETE W100mH-026,0.166,,MOCK,1
WCH2009-100mH-W-R1-H5,WCH,2009,100mH,W,R1,5,7,MOCK ATHLETE W100mH-023,0.147,,MOCK,1
WCH2009-100mH-W-R1-H5,WCH,2009,100mH,W,R1,5,8,MOCK ATHLETE W100mH-029,0.148,,MOCK,1
WCH2009-100mH-W-R1-H5,WCH,2009,100mH,W,R1,5,9,MOCK ATHLETE W100mH-066,0.189,,MOCK,1
WCH2009-100mH-W-R1-H6,WCH,2009,100mH,W,R1,6,2,MOCK ATHLETE W100mH-024,0.184,,MOCK,1
WCH2009-100mH-W-R1-H6,WCH,2009,100mH,W,R1,6,3,MOCK ATHLETE W100mH-062,0.169,,MOCK,1
WCH2009-100mH-W-R1-H6,WCH,2009,100mH,W,R1,6,4,MOCK ATHLETE W100mH-050,0.153,,MOCK,1
WCH2009-100mH-W-R1-H6,WCH,2009,100mH,W,R1,6,5,MOCK ATHLETE W100mH-000,0.138,,MOCK,1
WCH2009-100mH-W-R1-H6,WCH,2009,100mH,W,R1,6,6,MOCK ATHLETE W100mH-049,0.117,,MOCK,1
WCH2009-100mH-W-R1-H6,WCH,2009,100mH,W,R1,6,7,MOCK ATHLETE W100mH-068,0.184,,MOCK,1
WCH2009-100mH-W-R1-H6,WCH,2009,100mH,W,R1,6,8,MOCK ATHLETE W100mH-047,0.219,,MOCK,1
WCH2009-100mH-W-R1-H6,WCH,2009,100mH,W,R1,6,9,MOCK ATHLETE W100mH-059,0.131,,MOCK,1
WCH2009-100mH-W-SF-H1,WCH,2009,100mH,W,SF,1,2,MOCK ATHLETE W100mH-061,0.168,,MOCK,1
WCH2009-100mH-W-SF-H1,WCH,2009,100mH,W,SF,1,3,MOCK ATHLETE W100mH-024,0.161,,MOCK,1
WCH2009-100mH-W-SF-H1,WCH,2009,100mH,W,SF,1,4,MOCK ATHLETE W100mH-040,0.189,,MOCK,1
WCH2009-100mH-W-SF-H1,WCH,2009,100mH,W,SF,1,5,MOCK ATHLETE W100mH-016,0.154,,MOCK,1
WCH2009-100mH-W-SF-H1,WCH,2009,100mH,W,SF,1,6,MOCK ATHLETE W100mH-005,0.158,,MOCK,1
WCH2009-100mH-W-SF-H1,WCH,2009,100mH,W,SF,1,7,MOCK ATHLETE W100mH-049,0.146,,MOCK,1
WCH2009-100mH-W-SF-H1,WCH,2009,100mH,W,SF,1,8,MOCK ATHLETE W100mH-020,0.149,,MOCK,1
WCH2009-100mH-W-SF-H1,WCH,2009,100mH,W,SF,1,9,MOCK ATHLETE W100mH-039,0.209,,MOCK,1
WCH2009-100mH-W-SF-H2,WCH,2009,100mH,W,SF,2,2,MOCK ATHLETE W100mH-014,0.153,,MOCK,1
WCH2009-100mH-W-SF-H2,WCH,2009,100mH,W,SF,2,3,MOCK ATHLETE W100mH-033,0.154,,MOCK,1
WCH2009-100mH-W-SF-H2,WCH,2009,100mH,W,SF,2,4,MOCK ATHLETE W100mH-026,0.191,,MOCK,1
WCH2009-100mH-W-SF-H2,WCH,2009,100mH,W,SF,2,5,MOCK ATHLETE W100mH-036,0.182,,MOCK,1
WCH2009-100mH-W-SF-H2,WCH,2009,100mH,W,SF,2,6,MOCK ATHLETE W100mH-068,0.183,,MOCK,1
WCH2009-100mH-W-SF-H2,WCH,2009,100mH,W,SF,2,7,MOCK ATHLETE W100mH-059,0.163,,MOCK,1
WCH2009-100mH-W-SF-H2,WCH,2009,100mH,W,SF,2,8,MOCK ATHLETE W100mH-007,0.153,,MOCK,1
WCH2009-100mH-W-SF-H2,WCH,2009,100mH,W,SF,2,9,MOCK ATHLETE W100mH-043,0.125,,MOCK,1
WCH2009-100mH-W-SF-H3,WCH,2009,100mH,W,SF,3,2,MOCK ATHLETE W100mH-032,0.165,,MOCK,1
WCH2009-100mH-W-SF-H3,WCH,2009,100mH,W,SF,3,3,MOCK ATHLETE W100mH-018,0.169,,MOCK,1
WCH2009-100mH-W-SF-H3,WCH,2009,100mH,W,SF,3,4,MOCK ATHLETE W100mH-066,0.216,,MOCK,1
WCH2009-100mH-W-SF-H3,WCH,2009,100mH,W,SF,3,5,MOCK ATHLETE W100mH-003,0.144,,MOCK,1
WCH2009-100mH-W-SF-H3,WCH,2009,100mH,W,SF,3,6,MOCK ATHLETE W100mH-004,0.146,,MOCK,1
WCH2009-100mH-W-SF-H3,WCH,2009,100mH,W,SF,3,7,MOCK ATHLETE W100mH-006,0.127,,MOCK,1
WCH2009-100mH-W-SF-H3,WCH,2009,100mH,W,SF,3,8,MOCK ATHLETE W100mH-045,0.138,,MOCK,1
WCH2009-100mH-W-SF-H3,WCH,2009,100mH,W,SF,3,9,MOCK ATHLETE W100mH-058,0.148,,MOCK,1
WCH2009-100mH-W-F-H1,WCH,2009,100mH,W,F,1,2,MOCK ATHLETE W100mH-061,0.186,,MOCK,1
WCH2009-100mH-W-F-H1,WCH,2009,100mH,W,F,1,3,MOCK ATHLETE W100mH-068,0.184,,MOCK,1
WCH2009-100mH-W-F-H1,WCH,2009,100mH,W,F,1,4,MOCK ATHLETE W100mH-036,0.162,,MOCK,1
WCH2009-100mH-W-F-H1,WCH,2009,100mH,W,F,1,5,MOCK ATHLETE W100mH-066,0.168,,MOCK,1
WCH2009-100mH-W-F-H1,WCH,2009,100mH,W,F,1,6,MOCK ATHLETE W100mH-007,0.15,,MOCK,1
WCH2009-100mH-W-F-H1,WCH,2009,100mH,W,F,1,7,MOCK ATHLETE W100mH-039,0.146,,MOCK,1
WCH2009-100mH-W-F-H1,WCH,2009,100mH,W,F,1,8,MOCK ATHLETE W100mH-018,0.198,,MOCK,1
WCH2009-100mH-W-F-H1,WCH,2009,100mH,W,F,1,9,MOCK ATHLETE W100mH-016,0.147,,MOCK,1
WCH2011-100m-M-R1-H1,WCH,2011,100m,M,R1,1,2,MOCK ATHLETE M100m-008,0.111,,MOCK,1
WCH2011-100m-M-R1-H1,WCH,2011,100m,M,R1,1,3,MOCK ATHLETE M100m-031,0.096,DQ TR16.8,MOCK,1
WCH2011-100m-M-R1-H1,WCH,2011,100m,M,R1,1,4,MOCK ATHLETE M100m-058,0.128,,MOCK,1
WCH2011-100m-M-R1-H1,WCH,2011,100m,M,R1,1,5,MOCK ATHLETE M100m-054,0.135,,MOCK,1
WCH2011-100m-M-R1-H1,WCH,2011,100m,M,R1,1,6,MOCK ATHLETE M100m-003,0.09,DQ TR16.8,MOCK,1
WCH2011-100m-M-R1-H1,WCH,2011,100m,M,R1,1,7,MOCK ATHLETE M100m-048,0.116,,MOCK,1
WCH2011-100m-M-R1-H1,WCH,2011,100m,M,R1,1,8,MOCK ATHLETE M100m-049,0.135,,MOCK,1
WCH2011-100m-M-R1-H1,WCH,2011,100m,M,R1,1,9,MOCK ATHLETE M100m-016,0.112,,MOCK,1
WCH2011-100m-M-R1-H2,WCH,2011,100m,M,R1,2,2,MOCK ATHLETE M100m-069,0.135,,MOCK,1
WCH2011-100m-M-R1-H2,WCH,2011,100m,M,R1,2,3,MOCK ATHLETE M100m-063,0.107,,MOCK,1
WCH2011-100m-M-R1-H2,WCH,2011,100m,M,R1,2,4,MOCK ATHLETE M100m-039,0.124,,MOCK,1
WCH2011-100m-M-R1-H2,WCH,2011,100m,M,R1,2,5,MOCK ATHLETE M100m-000,0.107,,MOCK,1
WCH2011-100m-M-R1-H2,WCH,2011,100m,M,R1,2,6,MOCK ATHLETE M100m-024,0.134,,MOCK,1
WCH2011-100m-M-R1-H2,WCH,2011,100m,M,R1,2,7,MOCK ATHLETE M100m-066,0.152,,MOCK,1
WCH2011-100m-M-R1-H2,WCH,2011,100m,M,R1,2,8,MOCK ATHLETE M100m-019,0.099,DQ TR16.8,MOCK,1
WCH2011-100m-M-R1-H2,WCH,2011,100m,M,R1,2,9,MOCK ATHLETE M100m-056,0.117,,MOCK,1
WCH2011-100m-M-R1-H3,WCH,2011,100m,M,R1,3,2,MOCK ATHLETE M100m-028,0.117,,MOCK,1
WCH2011-100m-M-R1-H3,WCH,2011,100m,M,R1,3,3,MOCK ATHLETE M100m-055,0.131,,MOCK,1
WCH2011-100m-M-R1-H3,WCH,2011,100m,M,R1,3,4,MOCK ATHLETE M100m-038,0.111,,MOCK,1
WCH2011-100m-M-R1-H3,WCH,2011,100m,M,R1,3,5,MOCK ATHLETE M100m-020,0.097,DQ TR16.8,MOCK,1
WCH2011-100m-M-R1-H3,WCH,2011,100m,M,R1,3,6,MOCK ATHLETE M100m-021,0.118,,MOCK,1
WCH2011-100m-M-R1-H3,WCH,2011,100m,M,R1,3,7,MOCK ATHLETE M100m-044,0.139,,MOCK,1
WCH2011-100m-M-R1-H3,WCH,2011,100m,M,R1,3,8,MOCK ATHLETE M100m-051,0.122,,MOCK,1
WCH2011-100m-M-R1-H4,WCH,2011,100m,M,R1,4,2,MOCK ATHLETE M100m-046,0.145,,MOCK,1
WCH2011-100m-M-R1-H4,WCH,2011,100m,M,R1,4,3,MOCK ATHLETE M100m-057,0.141,,MOCK,1
WCH2011-100m-M-R1-H4,WCH,2011,100m,M,R1,4,4,MOCK ATHLETE M100m-010,0.124,,MOCK,1
WCH2011-100m-M-R1-H4,WCH,2011,100m,M,R1,4,5,MOCK ATHLETE M100m-042,0.127,,MOCK,1
WCH2011-100m-M-R1-H4,WCH,2011,100m,M,R1,4,6,MOCK ATHLETE M100m-006,0.12,,MOCK,1
WCH2011-100m-M-R1-H4,WCH,2011,100m,M,R1,4,7,MOCK ATHLETE M100m-023,0.151,,MOCK,1
WCH2011-100m-M-R1-H4,WCH,2011,100m,M,R1,4,8,MOCK ATHLETE M100m-017,0.109,,MOCK,1
WCH2011-100m-M-R1-H4,WCH,2011,100m,M,R1,4,9,MOCK ATHLETE M100m-041,0.146,,MOCK,1
WCH2011-100m-M-R1-H5,WCH,2011,100m,M,R1,5,2,MOCK ATHLETE M100m-013,0.103,,MOCK,1
WCH2011-100m-M-R1-H5,WCH,2011,100m,M,R1,5,3,MOCK ATHLETE M100m-012,0.123,,MOCK,1
WCH2011-100m-M-R1-H5,WCH,2011,100m,M,R1,5,4,MOCK ATHLETE M100m-067,0.116,,MOCK,1
WCH2011-100m-M-R1-H5,WCH,2011,100m,M,R1,5,5,MOCK ATHLETE M100m-037,0.117,,MOCK,1
WCH2011-100m-M-R1-H5,WCH,2011,100m,M,R1,5,6,MOCK ATHLETE M100m-053,0.109,,MOCK,1
WCH2011-100m-M-R1-H5,WCH,2011,100m,M,R1,5,7,MOCK ATHLETE M100m-034,0.135,,MOCK,1
WCH2011-100m-M-R1-H5,WCH,2011,100m,M,R1,5,8,MOCK ATHLETE M100m-001,0.121,,MOCK,1
WCH2011-100m-M-R1-H5,WCH,2011,100m,M,R1,5,9,MOCK ATHLETE M100m-050,0.148,,MOCK,1
WCH2011-100m-M-R1-H6,WCH,2011,100m,M,R1,6,2,MOCK ATHLETE M100m-026,0.089,DQ TR16.8,MOCK,1
WCH2011-100m-M-R1-H6,WCH,2011,100m,M,R1,6,3,MOCK ATHLETE M100m-060,0.125,,MOCK,1
WCH2011-100m-M-R1-H6,WCH,2011,100m,M,R1,6,4,MOCK ATHLETE M100m-011,0.14,,MOCK,1
WCH2011-100m-M-R1-H6,WCH,2011,100m,M,R1,6,5,MOCK ATHLETE M100m-036,0.12,,MOCK,1
WCH2011-100m-M-R1-H6,WCH,2011,100m,M,R1,6,6,MOCK ATHLETE M100m-022,0.115,,MOCK,1
WCH2011-100m-M-R1-H6,WCH,2011,100m,M,R1,6,7,MOCK ATHLETE M100m-032,0.129,,MOCK,1
WCH2011-100m-M-R1-H6,WCH,2011,100m,M,R1,6,8,MOCK ATHLETE M100m-007,0.13,,MOCK,1
WCH2011-100m-M-R1-H6,WCH,2011,100m,M,R1,6,9,MOCK ATHLETE M100m-043,0.128,,MOCK,1
WCH2011-100m-M-SF-H1,WCH,2011,100m,M,SF,1,2,MOCK ATHLETE M100m-041,0.121,,MOCK,1
WCH2011-100m-M-SF-H1,WCH,2011,100m,M,SF,1,3,MOCK ATHLETE M100m-044,0.15,,MOCK,1
WCH2011-100m-M-SF-H1,WCH,2011,100m,M,SF,1,4,MOCK ATHLETE M100m-069,0.096,DQ TR16.8,MOCK,1
WCH2011-100m-M-SF-H1,WCH,2011,100m,M,SF,1,5,MOCK ATHLETE M100m-067,0.159,,MOCK,1
WCH2011-100m-M-SF-H1,WCH,2011,100m,M,SF,1,6,MOCK ATHLETE M100m-063,0.094,DQ TR16.8,MOCK,1
WCH2011-100m-M-SF-H1,WCH,2011,100m,M,SF,1,7,MOCK ATHLETE M100m-010,0.121,,MOCK,1
WCH2011-100m-M-SF-H1,WCH,2011,100m,M,SF,1,8,MOCK ATHLETE M100m-058,0.129,,MOCK,1
WCH2011-100m-M-SF-H1,WCH,2011,100m,M,SF,1,9,MOCK ATHLETE M100m-053,0.132,,MOCK,1
WCH2011-100m-M-SF-H2,WCH,2011,100m,M,SF,2,2,MOCK ATHLETE M100m-033,0.107,,MOCK,1
WCH2011-100m-M-SF-H2,WCH,2011,100m,M,SF,2,3,MOCK ATHLETE M100m-000,0.124,,MOCK,1
WCH2011-100m-M-SF-H2,WCH,2011,100m,M,SF,2,4,MOCK ATHLETE M100m-008,0.119,,MOCK,1
WCH2011-100m-M-SF-H2,WCH,2011,100m,M,SF,2,5,MOCK ATHLETE M100m-051,0.104,,MOCK,1
WCH2011-100m-M-SF-H2,WCH,2011,100m,M,SF,2,6,MOCK ATHLETE M100m-066,0.105,,MOCK,1
WCH2011-100m-M-SF-H2,WCH,2011,100m,M,SF,2,7,MOCK ATHLETE M100m-050,0.142,,MOCK,1
WCH2011-100m-M-SF-H2,WCH,2011,100m,M,SF,2,8,MOCK ATHLETE M100m-046,0.144,,MOCK,1
WCH2011-100m-M-SF-H2,WCH,2011,100m,M,SF,2,9,MOCK ATHLETE M100m-039,0.131,,MOCK,1
WCH2011-100m-M-SF-H3,WCH,2011,100m,M,SF,3,2,MOCK ATHLETE M100m-037,0.131,,MOCK,1
WCH2011-100m-M-SF-H3,WCH,2011,100m,M,SF,3,3,MOCK ATHLETE M100m-049,0.141,,MOCK,1
WCH2011-100m-M-SF-H3,WCH,2011,100m,M,SF,3,4,MOCK ATHLETE M100m-057,0.113,,MOCK,1
WCH2011-100m-M-SF-H3,WCH,2011,100m,M,SF,3,5,MOCK ATHLETE M100m-007,0.153,,MOCK,1
WCH2011-100m-M-SF-H3,WCH,2011,100m,M,SF,3,6,MOCK ATHLETE M100m-012,0.13,,MOCK,1
WCH2011-100m-M-SF-H3,WCH,2011,100m,M,SF,3,7,MOCK ATHLETE M100m-056,0.153,,MOCK,1
WCH2011-100m-M-SF-H3,WCH,2011,100m,M,SF,3,8,MOCK ATHLETE M100m-042,0.103,,MOCK,1
WCH2011-100m-M-SF-H3,WCH,2011,100m,M,SF,3,9,MOCK ATHLETE M100m-023,0.112,,MOCK,1
WCH2011-100m-M-F-H1,WCH,2011,100m,M,F,1,2,MOCK ATHLETE M100m-008,0.126,,MOCK,1
WCH2011-100m-M-F-H1,WCH,2011,100m,M,F,1,3,MOCK ATHLETE M100m-037,0.127,,MOCK,1
WCH2011-100m-M-F-H1,WCH,2011,100m,M,F,1,4,MOCK ATHLETE M100m-069,0.116,,MOCK,1
WCH2011-100m-M-F-H1,WCH,2011,100m,M,F,1,5,MOCK ATHLETE M100m-000,0.128,,MOCK,1
WCH2011-100m-M-F-H1,WCH,2011,100m,M,F,1,6,MOCK ATHLETE M100m-023,0.121,,MOCK,1
WCH2011-100m-M-F-H1,WCH,2011,100m,M,F,1,7,MOCK ATHLETE M100m-012,0.129,,MOCK,1
WCH2011-100m-M-F-H1,WCH,2011,100m,M,F,1,8,MOCK ATHLETE M100m-041,0.128,,MOCK,1
WCH2011-100m-M-F-H1,WCH,2011,100m,M,F,1,9,MOCK ATHLETE M100m-033,0.134,,MOCK,1
WCH2011-200m-M-R1-H1,WCH,2011,200m,M,R1,1,2,MOCK ATHLETE M200m-016,0.139,,MOCK,1
WCH2011-200m-M-R1-H1,WCH,2011,200m,M,R1,1,3,MOCK ATHLETE M200m-051,0.116,,MOCK,1
WCH2011-200m-M-R1-H1,WCH,2011,200m,M,R1,1,4,MOCK ATHLETE M200m-023,0.114,,MOCK,1
WCH2011-200m-M-R1-H1,WCH,2011,200m,M,R1,1,5,MOCK ATHLETE M200m-015,0.111,,MOCK,1
WCH2011-200m-M-R1-H1,WCH,2011,200m,M,R1,1,6,MOCK ATHLETE M200m-052,0.134,,MOCK,1
WCH2011-200m-M-R1-H1,WCH,2011,200m,M,R1,1,7,MOCK ATHLETE M200m-046,0.145,,MOCK,1
WCH2011-200m-M-R1-H1,WCH,2011,200m,M,R1,1,8,MOCK ATHLETE M200m-053,0.126,,MOCK,1
WCH2011-200m-M-R1-H2,WCH,2011,200m,M,R1,2,2,MOCK ATHLETE M200m-003,0.112,,MOCK,1
WCH2011-200m-M-R1-H2,WCH,2011,200m,M,R1,2,3,MOCK ATHLETE M200m-031,0.121,,MOCK,1
WCH2011-200m-M-R1-H2,WCH,2011,200m,M,R1,2,4,MOCK ATHLETE M200m-022,0.143,,MOCK,1
WCH2011-200m-M-R1-H2,WCH,2011,200m,M,R1,2,5,MOCK ATHLETE M200m-008,0.114,,MOCK,1
WCH2011-200m-M-R1-H2,WCH,2011,200m,M,R1,2,6,MOCK ATHLETE M200m-028,0.114,,MOCK,1
WCH2011-200m-M-R1-H2,WCH,2011,200m,M,R1,2,7,MOCK ATHLETE M200m-063,0.098,DQ TR16.8,MOCK,1
WCH2011-200m-M-R1-H2,WCH,2011,200m,M,R1,2,8,MOCK ATHLETE M200m-036,0.125,,MOCK,1
WCH2011-200m-M-R1-H2,WCH,2011,200m,M,R1,2,9,MOCK ATHLETE M200m-067,0.147,,MOCK,1
WCH2011-200m-M-R1-H3,WCH,2011,200m,M,R1,3,2,MOCK ATHLETE M200m-027,0.125,,MOCK,1
WCH2011-200m-M-R1-H3,WCH,2011,200m,M,R1,3,3,MOCK ATHLETE M200m-017,0.121,,MOCK,1
WCH2011-200m-M-R1-H3,WCH,2011,200m,M,R1,3,4,MOCK ATHLETE M200m-013,0.108,,MOCK,1
WCH2011-200m-M-R1-H3,WCH,2011,200m,M,R1,3,5,MOCK ATHLETE M200m-029,0.128,,MOCK,1
WCH2011-200m-M-R1-H3,WCH,2011,200m,M,R1,3,6,MOCK ATHLETE M200m-057,0.133,,MOCK,1
WCH2011-200m-M-R1-H3,WCH,2011,200m,M,R1,3,7,MOCK ATHLETE M200m-010,0.122,,MOCK,1
WCH2011-200m-M-R1-H3,WCH,2011,200m,M,R1,3,8,MOCK ATHLETE M200m-020,0.134,,MOCK,1
WCH2011-200m-M-R1-H3,WCH,2011,200m,M,R1,3,9,MOCK ATHLETE M200m-050,0.115,,MOCK,1
WCH2011-200m-M-R1-H4,WCH,2011,200m,M,R1,4,2,MOCK ATHLETE M200m-058,0.13,,MOCK,1
WCH2011-200m-M-R1-H4,WCH,2011,200m,M,R1,4,3,MOCK ATHLETE M200m-018,0.15,,MOCK,1
WCH2011-200m-M-R1-H4,WCH,2011,200m,M,R1,4,4,MOCK ATHLETE M200m-004,0.108,,MOCK,1
WCH2011-200m-M-R1-H4,WCH,2011,200m,M,R1,4,5,MOCK ATHLETE M200m-066,0.138,,MOCK,1
WCH2011-200m-M-R1-H4,WCH,2011,200m,M,R1,4,6,MOCK ATHLETE M200m-041,0.117,,MOCK,1
WCH2011-200m-M-R1-H4,WCH,2011,200m,M,R1,4,7,MOCK ATHLETE M200m-012,0.148,,MOCK,1
WCH2011-200m-M-R1-H4,WCH,2011,200m,M,R1,4,8,MOCK ATHLETE M200m-056,0.102,,MOCK,1
WCH2011-200m-M-R1-H5,WCH,2011,200m,M,R1,5,2,MOCK ATHLETE M200m-045,0.115,,MOCK,1
WCH2011-200m-M-R1-H5,WCH,2011,200m,M,R1,5,3,MOCK ATHLETE M200m-048,0.114,,MOCK,1
WCH2011-200m-M-R1-H5,WCH,2011,200m,M,R1,5,4,MOCK ATHLETE M200m-026,0.11,,MOCK,1
WCH2011-200m-M-R1-H5,WCH,2011,200m,M,R1,5,5,MOCK ATHLETE M200m-009,0.147,,MOCK,1
WCH2011-200m-M-R1-H5,WCH,2011,200m,M,R1,5,6,MOCK ATHLETE M200m-054,0.1,DQ TR16.8,MOCK,1
WCH2011-200m-M-R1-H5,WCH,2011,200m,M,R1,5,7,MOCK ATHLETE M200m-030,0.12,,MOCK,1
WCH2011-200m-M-R1-H5,WCH,2011,200m,M,R1,5,8,MOCK ATHLETE M200m-006,0.119,,MOCK,1
WCH2011-200m-M-R1-H5,WCH,2011,200m,M,R1,5,9,MOCK ATHLETE M200m-025,0.154,,MOCK,1
WCH2011-200m-M-R1-H6,WCH,2011,200m,M,R1,6,2,MOCK ATHLETE M200m-060,0.175,,MOCK,1
WCH2011-200m-M-R1-H6,WCH,2011,200m,M,R1,6,3,MOCK ATHLETE M200m-040,0.144,,MOCK,1
WCH2011-200m-M-R1-H6,WCH,2011,200m,M,R1,6,4,MOCK ATHLETE M200m-032,0.211,,MOCK,1
WCH2011-200m-M-R1-H6,WCH,2011,200m,M,R1,6,5,MOCK ATHLETE M200m-011,0.143,,MOCK,1
WCH2011-200m-M-R1-H6,WCH,2011,200m,M,R1,6,6,MOCK ATHLETE M200m-043,0.134,,MOCK,1
WCH2011-200m-M-R1-H6,WCH,2011,200m,M,R1,6,7,MOCK ATHLETE M200m-034,0.155,,MOCK,1
WCH2011-200m-M-R1-H6,WCH,2011,200m,M,R1,6,8,MOCK ATHLETE M200m-064,0.143,,MOCK,1
WCH2011-200m-M-R1-H6,WCH,2011,200m,M,R1,6,9,MOCK ATHLETE M200m-055,0.139,,MOCK,1
WCH2011-200m-M-SF-H1,WCH,2011,200m,M,SF,1,2,MOCK ATHLETE M200m-003,0.13,,MOCK,1
WCH2011-200m-M-SF-H1,WCH,2011,200m,M,SF,1,3,MOCK ATHLETE M200m-053,0.114,,MOCK,1
WCH2011-200m-M-SF-H1,WCH,2011,200m,M,SF,1,4,MOCK ATHLETE M200m-002,0.14,,MOCK,1
WCH2011-200m-M-SF-H1,WCH,2011,200m,M,SF,1,5,MOCK ATHLETE M200m-012,0.128,,MOCK,1
WCH2011-200m-M-SF-H1,WCH,2011,200m,M,SF,1,6,MOCK ATHLETE M200m-051,0.129,,MOCK,1
WCH2011-200m-M-SF-H1,WCH,2011,200m,M,SF,1,7,MOCK ATHLETE M200m-026,0.134,,MOCK,1
WCH2011-200m-M-SF-H1,WCH,2011,200m,M,SF,1,8,MOCK ATHLETE M200m-016,0.133,,MOCK,1
WCH2011-200m-M-SF-H1,WCH,2011,200m,M,SF,1,9,MOCK ATHLETE M200m-045,0.117,,MOCK,1
WCH2011-200m-M-SF-H2,WCH,2011,200m,M,SF,2,2,MOCK ATHLETE M200m-050,0.128,,MOCK,1
WCH2011-200m-M-SF-H2,WCH,2011,200m,M,SF,2,3,MOCK ATHLETE M200m-022,0.116,,MOCK,1
WCH2011-200m-M-SF-H2,WCH,2011,200m,M,SF,2,4,MOCK ATHLETE M200m-021,0.116,,MOCK,1
WCH2011-200m-M-SF-H2,WCH,2011,200m,M,SF,2,5,MOCK ATHLETE M200m-057,0.111,,MOCK,1
WCH2011-200m-M-SF-H2,WCH,2011,200m,M,SF,2,6,MOCK ATHLETE M200m-027,0.155,,MOCK,1
WCH2011-200m-M-SF-H2,WCH,2011,200m,M,SF,2,7,MOCK ATHLETE M200m-017,0.141,,MOCK,1
WCH2011-200m-M-SF-H2,WCH,2011,200m,M,SF,2,8,MOCK ATHLETE M200m-029,0.093,DQ TR16.8,MOCK,1
WCH2011-200m-M-SF-H2,WCH,2011,200m,M,SF,2,9,MOCK ATHLETE M200m-011,0.157,,MOCK,1
WCH2011-200m-M-SF-H3,WCH,2011,200m,M,SF,3,2,MOCK ATHLETE M200m-009,0.13,,MOCK,1
WCH2011-200m-M-SF-H3,WCH,2011,200m,M,SF,3,3,MOCK ATHLETE M200m-060,0.114,,MOCK,1
WCH2011-200m-M-SF-H3,WCH,2011,200m,M,SF,3,4,MOCK ATHLETE M200m-006,0.104,,MOCK,1
WCH2011-200m-M-SF-H3,WCH,2011,200m,M,SF,3,5,MOCK ATHLETE M200m-058,0.093,DQ TR16.8,MOCK,1
WCH2011-200m-M-SF-H3,WCH,2011,200m,M,SF,3,6,MOCK ATHLETE M200m-064,0.146,,MOCK,1
WCH2011-200m-M-SF-H3,WCH,2011,200m,M,SF,3,7,MOCK ATHLETE M200m-036,0.151,,MOCK,1
WCH2011-200m-M-SF-H3,WCH,2011,200m,M,SF,3,8,MOCK ATHLETE M200m-041,0.112,,MOCK,1
WCH2011-200m-M-SF-H3,WCH,2011,200m,M,SF,3,9,MOCK ATHLETE M200m-046,0.135,,MOCK,1
WCH2011-200m-M-F-H1,WCH,2011,200m,M,F,1,2,MOCK ATHLETE M200m-051,0.106,,MOCK,1
WCH2011-200m-M-F-H1,WCH,2011,200m,M,F,1,3,MOCK ATHLETE M200m-006,0.123,,MOCK,1
WCH2011-200m-M-F-H1,WCH,2011,200m,M,F,1,4,MOCK ATHLETE M200m-058,0.099,DQ TR16.8,MOCK,1
WCH2011-200m-M-F-H1,WCH,2011,200m,M,F,1,5,MOCK ATHLETE M200m-027,0.135,,MOCK,1
WCH2011-200m-M-F-H1,WCH,2011,200m,M,F,1,6,MOCK ATHLETE M200m-012,0.114,,MOCK,1
WCH2011-200m-M-F-H1,WCH,2011,200m,M,F,1,7,MOCK ATHLETE M200m-016,0.141,,MOCK,1
WCH2011-200m-M-F-H1,WCH,2011,200m,M,F,1,8,MOCK ATHLETE M200m-002,0.125,,MOCK,1
WCH2011-200m-M-F-H1,WCH,2011,200m,M,F,1,9,MOCK ATHLETE M200m-053,0.095,DQ TR16.8,MOCK,1
WCH2011-110mH-M-R1-H1,WCH,2011,110mH,M,R1,1,2,MOCK ATHLETE M110mH-029,0.134,,MOCK,1
WCH2011-110mH-M-R1-H1,WCH,2011,110mH,M,R1,1,3,MOCK ATHLETE M110mH-069,0.113,,MOCK,1
WCH2011-110mH-M-R1-H1,WCH,2011,110mH,M,R1,1,4,MOCK ATHLETE M110mH-040,0.132,,MOCK,1
WCH2011-110mH-M-R1-H1,WCH,2011,110mH,M,R1,1,5,MOCK ATHLETE M110mH-034,0.136,,MOCK,1
WCH2011-110mH-M-R1-H1,WCH,2011,110mH,M,R1,1,6,MOCK ATHLETE M110mH-008,0.139,,MOCK,1
WCH2011-110mH-M-R1-H1,WCH,2011,110mH,M,R1,1,7,MOCK ATHLETE M110mH-035,0.138,,MOCK,1
WCH2011-110mH-M-R1-H1,WCH,2011,110mH,M,R1,1,8,MOCK ATHLETE M110mH-010,0.133,,MOCK,1
WCH2011-110mH-M-R1-H1,WCH,2011,110mH,M,R1,1,9,MOCK ATHLETE M110mH-003,0.148,,MOCK,1
WCH2011-110mH-M-R1-H2,WCH,2011,110mH,M,R1,2,2,MOCK ATHLETE M110mH-057,0.138,,MOCK,1
WCH2011-110mH-M-R1-H2,WCH,2011,110mH,M,R1,2,3,MOCK ATHLETE M110mH-054,0.127,,MOCK,1
WCH2011-110mH-M-R1-H2,WCH,2011,110mH,M,R1,2,4,MOCK ATHLETE M110mH-016,0.12,,MOCK,1
WCH2011-110mH-M-R1-H2,WCH,2011,110mH,M,R1,2,5,MOCK ATHLETE M110mH-033,0.122,,MOCK,1
WCH2011-110mH-M-R1-H2,WCH,2011,110mH,M,R1,2,6,MOCK ATHLETE M110mH-030,0.121,,MOCK,1
WCH2011-110mH-M-R1-H2,WCH,2011,110mH,M,R1,2,7,MOCK ATHLETE M110mH-011,0.103,,MOCK,1
WCH2011-110mH-M-R1-H2,WCH,2011,110mH,M,R1,2,8,MOCK ATHLETE M110mH-024,0.137,,MOCK,1
WCH2011-110mH-M-R1-H2,WCH,2011,110mH,M,R1,2,9,MOCK ATHLETE M110mH-037,0.132,,MOCK,1
WCH2011-110mH-M-R1-H3,WCH,2011,110mH,M,R1,3,2,MOCK ATHLETE M110mH-048,0.153,,MOCK,1
WCH2011-110mH-M-R1-H3,WCH,2011,110mH,M,R1,3,3,MOCK ATHLETE M110mH-001,0.142,,MOCK,1
WCH2011-110mH-M-R1-H3,WCH,2011,110mH,M,R1,3,4,MOCK ATHLETE M110mH-009,0.127,,MOCK,1
WCH2011-110mH-M-R1-H3,WCH,2011,110mH,M,R1,3,5,MOCK ATHLETE M110mH-049,0.117,,MOCK,1
WCH2011-110mH-M-R1-H3,WCH,2011,110mH,M,R1,3,6,MOCK ATHLETE M110mH-050,0.136,,MOCK,1
WCH2011-110mH-M-R1-H3,WCH,2011,110mH,M,R1,3,7,MOCK ATHLETE M110mH-028,0.148,,MOCK,1
WCH2011-110mH-M-R1-H3,WCH,2011,110mH,M,R1,3,8,MOCK ATHLETE M110mH-061,0.154,,MOCK,1
WCH2011-110mH-M-R1-H3,WCH,2011,110mH,M,R1,3,9,MOCK ATHLETE M110mH-063,0.137,,MOCK,1
WCH2011-110mH-M-R1-H4,WCH,2011,110mH,M,R1,4,2,MOCK ATHLETE M110mH-023,0.112,,MOCK,1
WCH2011-110mH-M-R1-H4,WCH,2011,110mH,M,R1,4,3,MOCK ATHLETE M110mH-064,0.177,,MOCK,1
WCH2011-110mH-M-R1-H4,WCH,2011,110mH,M,R1,4,4,MOCK ATHLETE M110mH-014,0.146,,MOCK,1
WCH2011-110mH-M-R1-H4,WCH,2011,110mH,M,R1,4,5,MOCK ATHLETE M110mH-046,0.144,,MOCK,1
WCH2011-110mH-M-R1-H4,WCH,2011,110mH,M,R1,4,6,MOCK ATHLETE M110mH-056,0.141,,MOCK,1
WCH2011-110mH-M-R1-H4,WCH,2011,110mH,M,R1,4,7,MOCK ATHLETE M110mH-053,0.138,,MOCK,1
WCH2011-110mH-M-R1-H4,WCH,2011,110mH,M,R1,4,8,MOCK ATHLETE M110mH-038,0.163,,MOCK,1
WCH2011-110mH-M-R1-H4,WCH,2011,110mH,M,R1,4,9,MOCK ATHLETE M110mH-045,0.121,,MOCK,1
WCH2011-110mH-M-R1-H5,WCH,2011,110mH,M,R1,5,2,MOCK ATHLETE M110mH-002,0.147,,MOCK,1
WCH2011-110mH-M-R1-H5,WCH,2011,110mH,M,R1,5,3,MOCK ATHLETE M110mH-041,0.114,,MOCK,1
WCH2011-110mH-M-R1-H5,WCH,2011,110mH,M,R1,5,4,MOCK ATHLETE M110mH-051,0.145,,MOCK,1
WCH2011-110mH-M-R1-H5,WCH,2011,110mH,M,R1,5,5,MOCK ATHLETE M110mH-017,0.105,,MOCK,1
WCH2011-110mH-M-R1-H5,WCH,2011,110mH,M,R1,5,6,MOCK ATHLETE M110mH-025,0.129,,MOCK,1
WCH2011-110mH-M-R1-H5,WCH,2011,110mH,M,R1,5,7,MOCK ATHLETE M110mH-027,0.128,,MOCK,1
WCH2011-110mH-M-R1-H5,WCH,2011,110mH,M,R1,5,8,MOCK ATHLETE M110mH-055,0.137,,MOCK,1
WCH2011-110mH-M-R1-H5,WCH,2011,110mH,M,R1,5,9,MOCK ATHLETE M110mH-018,0.163,,MOCK,1
WCH2011-110mH-M-R1-H6,WCH,2011,110mH,M,R1,6,2,MOCK ATHLETE M110mH-036,0.172,,MOCK,1
WCH2011-110mH-M-R1-H6,WCH,2011,110mH,M,R1,6,3,MOCK ATHLETE M110mH-019,0.133,,MOCK,1
WCH2011-110mH-M-R1-H6,WCH,2011,110mH,M,R1,6,4,MOCK ATHLETE M110mH-044,0.122,,MOCK,1
WCH2011-110mH-M-R1-H6,WCH,2011,110mH,M,R1,6,5,MOCK ATHLETE M110mH-052,0.151,,MOCK,1
WCH2011-110mH-M-R1-H6,WCH,2011,110mH,M,R1,6,6,MOCK ATHLETE M110mH-015,0.1,DQ TR16.8,MOCK,1
WCH2011-110mH-M-R1-H6,WCH,2011,110mH,M,R1,6,7,MOCK ATHLETE M110mH-043,0.098,DQ TR16.8,MOCK,1
WCH2011-110mH-M-R1-H6,WCH,2011,110mH,M,R1,6,8,MOCK ATHLETE M110mH-021,0.123,,MOCK,1
WCH2011-110mH-M-R1-H6,WCH,2011,110mH,M,R1,6,9,MOCK ATHLETE M110mH-068,0.165,,MOCK,1
WCH2011-110mH-M-SF-H1,WCH,2011,110mH,M,SF,1,2,MOCK ATHLETE M110mH-002,0.106,,MOCK,1
WCH2011-110mH-M-SF-H1,WCH,2011,110mH,M,SF,1,3,MOCK ATHLETE M110mH-054,0.129,,MOCK,1
WCH2011-110mH-M-SF-H1,WCH,2011,110mH,M,SF,1,4,MOCK ATHLETE M110mH-051,0.156,,MOCK,1
WCH2011-110mH-M-SF-H1,WCH,2011,110mH,M,SF,1,5,MOCK ATHLETE M110mH-017,0.105,,MOCK,1
WCH2011-110mH-M-SF-H1,WCH,2011,110mH,M,SF,1,6,MOCK ATHLETE M110mH-056,0.133,,MOCK,1
WCH2011-110mH-M-SF-H1,WCH,2011,110mH,M,SF,1,7,MOCK ATHLETE M110mH-034,0.129,,MOCK,1
WCH2011-110mH-M-SF-H1,WCH,2011,110mH,M,SF,1,8,MOCK ATHLETE M110mH-033,0.133,,MOCK,1
WCH2011-110mH-M-SF-H1,WCH,2011,110mH,M,SF,1,9,MOCK ATHLETE M110mH-019,0.108,,MOCK,1
WCH2011-110mH-M-SF-H2,WCH,2011,110mH,M,SF,2,2,MOCK ATHLETE M110mH-043,0.126,,MOCK,1
WCH2011-110mH-M-SF-H2,WCH,2011,110mH,M,SF,2,3,MOCK ATHLETE M110mH-030,0.12,,MOCK,1
WCH2011-110mH-M-SF-H2,WCH,2011,110mH,M,SF,2,4,MOCK ATHLETE M110mH-057,0.145,,MOCK,1
WCH2011-110mH-M-SF-H2,WCH,2011,110mH,M,SF,2,5,MOCK ATHLETE M110mH-027,0.16,,MOCK,1
WCH2011-110mH-M-SF-H2,WCH,2011,110mH,M,SF,2,6,MOCK ATHLETE M110mH-038,0.14,,MOCK,1
WCH2011-110mH-M-SF-H2,WCH,2011,110mH,M,SF,2,7,MOCK ATHLETE M110mH-049,0.127,,MOCK,1
WCH2011-110mH-M-SF-H2,WCH,2011,110mH,M,SF,2,8,MOCK ATHLETE M110mH-063,0.171,,MOCK,1
WCH2011-110mH-M-SF-H2,WCH,2011,110mH,M,SF,2,9,MOCK ATHLETE M110mH-064,0.15,,MOCK,1
WCH2011-110mH-M-SF-H3,WCH,2011,110mH,M,SF,3,2,MOCK ATHLETE M110mH-040,0.155,,MOCK,1
WCH2011-110mH-M-SF-H3,WCH,2011,110mH,M,SF,3,3,MOCK ATHLETE M110mH-023,0.136,,MOCK,1
WCH2011-110mH-M-SF-H3,WCH,2011,110mH,M,SF,3,4,MOCK ATHLETE M110mH-015,0.118,,MOCK,1
WCH2011-110mH-M-SF-H3,WCH,2011,110mH,M,SF,3,5,MOCK ATHLETE M110mH-021,0.138,,MOCK,1
WCH2011-110mH-M-SF-H3,WCH,2011,110mH,M,SF,3,6,MOCK ATHLETE M110mH-053,0.12,,MOCK,1
WCH2011-110mH-M-SF-H3,WCH,2011,110mH,M,SF,3,7,MOCK ATHLETE M110mH-037,0.128,,MOCK,1
WCH2011-110mH-M-SF-H3,WCH,2011,110mH,M,SF,3,8,MOCK ATHLETE M110mH-052,0.121,,MOCK,1
WCH2011-110mH-M-SF-H3,WCH,2011,110mH,M,SF,3,9,MOCK ATHLETE M110mH-010,0.126,,MOCK,1
WCH2011-110mH-M-F-H1,WCH,2011,110mH,M,F,1,2,MOCK ATHLETE M110mH-033,0.14,,MOCK,1
WCH2011-110mH-M-F-H1,WCH,2011,110mH,M,F,1,3,MOCK ATHLETE M110mH-038,0.11,,MOCK,1
WCH2011-110mH-M-F-H1,WCH,2011,110mH,M,F,1,4,MOCK ATHLETE M110mH-037,0.116,,MOCK,1
WCH2011-110mH-M-F-H1,WCH,2011,110mH,M,F,1,5,MOCK ATHLETE M110mH-053,0.115,,MOCK,1
WCH2011-110mH-M-F-H1,WCH,2011,110mH,M,F,1,6,MOCK ATHLETE M110mH-051,0.125,,MOCK,1
WCH2011-110mH-M-F-H1,WCH,2011,110mH,M,F,1,7,MOCK ATHLETE M110mH-063,0.136,,MOCK,1
WCH2011-110mH-M-F-H1,WCH,2011,110mH,M,F,1,8,MOCK ATHLETE M110mH-010,0.123,,MOCK,1
WCH2011-110mH-M-F-H1,WCH,2011,110mH,M,F,1,9,MOCK ATHLETE M110mH-030,0.107,,MOCK,1
WCH2011-100m-W-R1-H1,WCH,2011,100m,W,R1,1,2,MOCK ATHLETE W100m-069,0.145,,MOCK,1
WCH2011-100m-W-R1-H1,WCH,2011,100m,W,R1,1,3,MOCK ATHLETE W100m-005,0.149,,MOCK,1
WCH2011-100m-W-R1-H1,WCH,2011,100m,W,R1,1,4,MOCK ATHLETE W100m-036,0.122,,MOCK,1
WCH2011-100m-W-R1-H1,WCH,2011,100m,W,R1,1,5,MOCK ATHLETE W100m-039,0.126,,MOCK,1
WCH2011-100m-W-R1-H1,WCH,2011,100m,W,R1,1,6,MOCK ATHLETE W100m-062,0.151,,MOCK,1
WCH2011-100m-W-R1-H1,WCH,2011,100m,W,R1,1,7,MOCK ATHLETE W100m-013,0.149,,MOCK,1
WCH2011-100m-W-R1-H1,WCH,2011,100m,W,R1,1,8,MOCK ATHLETE W100m-019,0.13,,MOCK,1
WCH2011-100m-W-R1-H2,WCH,2011,100m,W,R1,2,2,MOCK ATHLETE W100m-029,0.142,,MOCK,1
WCH2011-100m-W-R1-H2,WCH,2011,100m,W,R1,2,3,MOCK ATHLETE W100m-058,0.118,,MOCK,1
WCH2011-100m-W-R1-H2,WCH,2011,100m,W,R1,2,4,MOCK ATHLETE W100m-054,0.115,,MOCK,1
WCH2011-100m-W-R1-H2,WCH,2011,100m,W,R1,2,5,MOCK ATHLETE W100m-010,0.13,,MOCK,1
WCH2011-100m-W-R1-H2,WCH,2011,100m,W,R1,2,6,MOCK ATHLETE W100m-017,0.092,DQ TR16.8,MOCK,1
WCH2011-100m-W-R1-H2,WCH,2011,100m,W,R1,2,7,MOCK ATHLETE W100m-038,0.115,,MOCK,1
WCH2011-100m-W-R1-H2,WCH,2011,100m,W,R1,2,8,MOCK ATHLETE W100m-047,0.144,,MOCK,1
WCH2011-100m-W-R1-H2,WCH,2011,100m,W,R1,2,9,MOCK ATHLETE W100m-021,0.099,DQ TR16.8,MOCK,1
WCH2011-100m-W-R1-H3,WCH,2011,100m,W,R1,3,2,MOCK ATHLETE W100m-046,0.154,,MOCK,1
WCH2011-100m-W-R1-H3,WCH,2011,100m,W,R1,3,3,MOCK ATHLETE W100m-030,0.109,,MOCK,1
WCH2011-100m-W-R1-H3,WCH,2011,100m,W,R1,3,4,MOCK ATHLETE W100m-052,0.128,,MOCK,1
WCH2011-100m-W-R1-H3,WCH,2011,100m,W,R1,3,5,MOCK ATHLETE W100m-034,0.145,,MOCK,1
WCH2011-100m-W-R1-H3,WCH,2011,100m,W,R1,3,6,MOCK ATHLETE W100m-015,0.12,,MOCK,1
WCH2011-100m-W-R1-H3,WCH,2011,100m,W,R1,3,7,MOCK ATHLETE W100m-026,0.135,,MOCK,1
WCH2011-100m-W-R1-H3,WCH,2011,100m,W,R1,3,8,MOCK ATHLETE W100m-057,0.152,,MOCK,1
WCH2011-100m-W-R1-H3,WCH,2011,100m,W,R1,3,9,MOCK ATHLETE W100m-007,0.115,,MOCK,1
WCH2011-100m-W-R1-H4,WCH,2011,100m,W,R1,4,2,MOCK ATHLETE W100m-067,0.105,,MOCK,1
WCH2011-100m-W-R1-H4,WCH,2011,100m,W,R1,4,3,MOCK ATHLETE W100m-011,0.124,,MOCK,1
WCH2011-100m-W-R1-H4,WCH,2011,100m,W,R1,4,4,MOCK ATHLETE W100m-050,0.156,,MOCK,1
WCH2011-100m-W-R1-H4,WCH,2011,100m,W,R1,4,5,MOCK ATHLETE W100m-041,0.141,,MOCK,1
WCH2011-100m-W-R1-H4,WCH,2011,100m,W,R1,4,6,MOCK ATHLETE W100m-032,0.123,,MOCK,1
WCH2011-100m-W-R1-H4,WCH,2011,100m,W,R1,4,7,MOCK ATHLETE W100m-000,0.149,,MOCK,1
WCH2011-100m-W-R1-H4,WCH,2011,100m,W,R1,4,8,MOCK ATHLETE W100m-044,0.132,,MOCK,1
WCH2011-100m-W-R1-H5,WCH,2011,100m,W,R1,5,2,MOCK ATHLETE W100m-016,0.136,,MOCK,1
WCH2011-100m-W-R1-H5,WCH,2011,100m,W,R1,5,3,MOCK ATHLETE W100m-061,0.104,,MOCK,1
WCH2011-100m-W-R1-H5,WCH,2011,100m,W,R1,5,4,MOCK ATHLETE W100m-068,0.134,,MOCK,1
WCH2011-100m-W-R1-H5,WCH,2011,100m,W,R1,5,5,MOCK ATHLETE W100m-055,0.054,DQ TR16.8,MOCK,1
WCH2011-100m-W-R1-H5,WCH,2011,100m,W,R1,5,6,MOCK ATHLETE W100m-066,0.128,,MOCK,1
WCH2011-100m-W-R1-H5,WCH,2011,100m,W,R1,5,7,MOCK ATHLETE W100m-060,0.146,,MOCK,1
WCH2011-100m-W-R1-H5,WCH,2011,100m,W,R1,5,8,MOCK ATHLETE W100m-028,0.152,,MOCK,1
WCH2011-100m-W-R1-H6,WCH,2011,100m,W,R1,6,2,MOCK ATHLETE W100m-064,0.142,,MOCK,1
WCH2011-100m-W-R1-H6,WCH,2011,100m,W,R1,6,3,MOCK ATHLETE W100m-001,0.144,,MOCK,1
WCH2011-100m-W-R1-H6,WCH,2011,100m,W,R1,6,4,MOCK ATHLETE W100m-063,0.152,,MOCK,1
WCH2011-100m-W-R1-H6,WCH,2011,100m,W,R1,6,5,MOCK ATHLETE W100m-035,0.14,,MOCK,1
WCH2011-100m-W-R1-H6,WCH,2011,100m,W,R1,6,6,MOCK ATHLETE W100m-006,0.145,,MOCK,1
WCH2011-100m-W-R1-H6,WCH,2011,100m,W,R1,6,7,MOCK ATHLETE W100m-040,0.103,,MOCK,1
WCH2011-100m-W-R1-H6,WCH,2011,100m,W,R1,6,8,MOCK ATHLETE W100m-031,0.134,,MOCK,1
WCH2011-100m-W-SF-H1,WCH,2011,100m,W,SF,1,2,MOCK ATHLETE W100m-068,0.116,,MOCK,1
WCH2011-100m-W-SF-H1,WCH,2011,100m,W,SF,1,3,MOCK ATHLETE W100m-034,0.106,,MOCK,1
WCH2011-100m-W-SF-H1,WCH,2011,100m,W,SF,1,4,MOCK ATHLETE W100m-017,0.101,,MOCK,1
WCH2011-100m-W-SF-H1,WCH,2011,100m,W,SF,1,5,MOCK ATHLETE W100m-001,0.118,,MOCK,1
WCH2011-100m-W-SF-H1,WCH,2011,100m,W,SF,1,6,MOCK ATHLETE W100m-010,0.127,,MOCK,1
WCH2011-100m-W-SF-H1,WCH,2011,100m,W,SF,1,7,MOCK ATHLETE W100m-063,0.146,,MOCK,1
WCH2011-100m-W-SF-H1,WCH,2011,100m,W,SF,1,8,MOCK ATHLETE W100m-055,0.119,,MOCK,1
WCH2011-100m-W-SF-H1,WCH,2011,100m,W,SF,1,9,MOCK ATHLETE W100m-060,0.098,DQ TR16.8,MOCK,1
WCH2011-100m-W-SF-H2,WCH,2011,100m,W,SF,2,2,MOCK ATHLETE W100m-041,0.125,,MOCK,1
WCH2011-100m-W-SF-H2,WCH,2011,100m,W,SF,2,3,MOCK ATHLETE W100m-052,0.151,,MOCK,1
WCH2011-100m-W-SF-H2,WCH,2011,100m,W,SF,2,4,MOCK ATHLETE W100m-045,0.104,,MOCK,1
WCH2011-100m-W-SF-H2,WCH,2011,100m,W,SF,2,5,MOCK ATHLETE W100m-007,0.122,,MOCK,1
WCH2011-100m-W-SF-H2,WCH,2011,100m,W,SF,2,6,MOCK ATHLETE W100m-006,0.116,,MOCK,1
WCH2011-100m-W-SF-H2,WCH,2011,100m,W,SF,2,7,MOCK ATHLETE W100m-015,0.127,,MOCK,1
WCH2011-100m-W-SF-H2,WCH,2011,100m,W,SF,2,8,MOCK ATHLETE W100m-039,0.097,DQ TR16.8,MOCK,1
WCH2011-100m-W-SF-H2,WCH,2011,100m,W,SF,2,9,MOCK ATHLETE W100m-013,0.13,,MOCK,1
WCH2011-100m-W-SF-H3,WCH,2011,100m,W,SF,3,2,MOCK ATHLETE W100m-011,0.126,,MOCK,1
WCH2011-100m-W-SF-H3,WCH,2011,100m,W,SF,3,3,MOCK ATHLETE W100m-067,0.096,DQ TR16.8,MOCK,1
WCH2011-100m-W-SF-H3,WCH,2011,100m,W,SF,3,4,MOCK ATHLETE W100m-062,0.16,,MOCK,1
WCH2011-100m-W-SF-H3,WCH,2011,100m,W,SF,3,5,MOCK ATHLETE W100m-029,0.113,,MOCK,1
WCH2011-100m-W-SF-H3,WCH,2011,100m,W,SF,3,6,MOCK ATHLETE W100m-035,0.129,,MOCK,1
WCH2011-100m-W-SF-H3,WCH,2011,100m,W,SF,3,7,MOCK ATHLETE W100m-032,0.128,,MOCK,1
WCH2011-100m-W-SF-H3,WCH,2011,100m,W,SF,3,8,MOCK ATHLETE W100m-047,0.12,,MOCK,1
WCH2011-100m-W-SF-H3,WCH,2011,100m,W,SF,3,9,MOCK ATHLETE W100m-016,0.113,,MOCK,1
WCH2011-100m-W-F-H1,WCH,2011,100m,W,F,1,2,MOCK ATHLETE W100m-052,0.12,,MOCK,1
WCH2011-100m-W-F-H1,WCH,2011,100m,W,F,1,3,MOCK ATHLETE W100m-060,0.106,,MOCK,1
WCH2011-100m-W-F-H1,WCH,2011,100m,W,F,1,4,MOCK ATHLETE W100m-017,0.098,DQ TR16.8,MOCK,1
WCH2011-100m-W-F-H1,WCH,2011,100m,W,F,1,5,MOCK ATHLETE W100m-062,0.155,,MOCK,1
WCH2011-100m-W-F-H1,WCH,2011,100m,W,F,1,6,MOCK ATHLETE W100m-032,0.124,,MOCK,1
WCH2011-100m-W-F-H1,WCH,2011,100m,W,F,1,7,MOCK ATHLETE W100m-045,0.107,,MOCK,1
WCH2011-100m-W-F-H1,WCH,2011,100m,W,F,1,8,MOCK ATHLETE W100m-067,0.093,DQ TR16.8,MOCK,1
WCH2011-100m-W-F-H1,WCH,2011,100m,W,F,1,9,MOCK ATHLETE W100m-041,0.129,,MOCK,1
WCH2011-200m-W-R1-H1,WCH,2011,200m,W,R1,1,2,MOCK ATHLETE W200m-036,0.133,,MOCK,1
WCH2011-200m-W-R1-H1,WCH,2011,200m,W,R1,1,3,MOCK ATHLETE W200m-015,0.164,,MOCK,1
WCH2011-200m-W-R1-H1,WCH,2011,200m,W,R1,1,4,MOCK ATHLETE W200m-008,0.12,,MOCK,1
WCH2011-200m-W-R1-H1,WCH,2011,200m,W,R1,1,5,MOCK ATHLETE W200m-057,0.101,,MOCK,1
WCH2011-200m-W-R1-H1,WCH,2011,200m,W,R1,1,6,MOCK ATHLETE W200m-027,0.152,,MOCK,1
WCH2011-200m-W-R1-H1,WCH,2011,200m,W,R1,1,7,MOCK ATHLETE W200m-029,0.103,,MOCK,1
WCH2011-200m-W-R1-H1,WCH,2011,200m,W,R1,1,8,MOCK ATHLETE W200m-058,0.144,,MOCK,1
WCH2011-200m-W-R1-H1,WCH,2011,200m,W,R1,1,9,MOCK ATHLETE W200m-010,0.12,,MOCK,1
WCH2011-200m-W-R1-H2,WCH,2011,200m,W,R1,2,2,MOCK ATHLETE W200m-012,0.148,,MOCK,1
WCH2011-200m-W-R1-H2,WCH,2011,200m,W,R1,2,3,MOCK ATHLETE W200m-034,0.125,,MOCK,1
WCH2011-200m-W-R1-H2,WCH,2011,200m,W,R1,2,4,MOCK ATHLETE W200m-047,0.124,,MOCK,1
WCH2011-200m-W-R1-H2,WCH,2011,200m,W,R1,2,5,MOCK ATHLETE W200m-043,0.138,,MOCK,1
WCH2011-200m-W-R1-H2,WCH,2011,200m,W,R1,2,6,MOCK ATHLETE W200m-048,0.131,,MOCK,1
WCH2011-200m-W-R1-H2,WCH,2011,200m,W,R1,2,7,MOCK ATHLETE W200m-069,0.103,,MOCK,1
WCH2011-200m-W-R1-H2,WCH,2011,200m,W,R1,2,8,MOCK ATHLETE W200m-001,0.122,,MOCK,1
WCH2011-200m-W-R1-H2,WCH,2011,200m,W,R1,2,9,MOCK ATHLETE W200m-061,0.144,,MOCK,1
WCH2011-200m-W-R1-H3,WCH,2011,200m,W,R1,3,2,MOCK ATHLETE W200m-045,0.158,,MOCK,1
WCH2011-200m-W-R1-H3,WCH,2011,200m,W,R1,3,3,MOCK ATHLETE W200m-028,0.138,,MOCK,1
WCH2011-200m-W-R1-H3,WCH,2011,200m,W,R1,3,4,MOCK ATHLETE W200m-006,0.119,,MOCK,1
WCH2011-200m-W-R1-H3,WCH,2011,200m,W,R1,3,5,MOCK ATHLETE W200m-038,0.182,,MOCK,1
WCH2011-200m-W-R1-H3,WCH,2011,200m,W,R1,3,6,MOCK ATHLETE W200m-003,0.152,,MOCK,1
WCH2011-200m-W-R1-H3,WCH,2011,200m,W,R1,3,7,MOCK ATHLETE W200m-065,0.12,,MOCK,1
WCH2011-200m-W-R1-H3,WCH,2011,200m,W,R1,3,8,MOCK ATHLETE W200m-022,0.133,,MOCK,1
WCH2011-200m-W-R1-H4,WCH,2011,200m,W,R1,4,2,MOCK ATHLETE W200m-011,0.145,,MOCK,1
WCH2011-200m-W-R1-H4,WCH,2011,200m,W,R1,4,3,MOCK ATHLETE W200m-009,0.127,,MOCK,1
WCH2011-200m-W-R1-H4,WCH,2011,200m,W,R1,4,4,MOCK ATHLETE W200m-066,0.126,,MOCK,1
WCH2011-200m-W-R1-H4,WCH,2011,200m,W,R1,4,5,MOCK ATHLETE W200m-023,0.147,,MOCK,1
WCH2011-200m-W-R1-H4,WCH,2011,200m,W,R1,4,6,MOCK ATHLETE W200m-041,0.15,,MOCK,1
WCH2011-200m-W-R1-H4,WCH,2011,200m,W,R1,4,7,MOCK ATHLETE W200m-042,0.147,,MOCK,1
WCH2011-200m-W-R1-H4,WCH,2011,200m,W,R1,4,8,MOCK ATHLETE W200m-007,0.153,,MOCK,1
WCH2011-200m-W-R1-H4,WCH,2011,200m,W,R1,4,9,MOCK ATHLETE W200m-024,0.135,,MOCK,1
WCH2011-200m-W-R1-H5,WCH,2011,200m,W,R1,5,2,MOCK ATHLETE W200m-005,0.13,,MOCK,1
WCH2011-200m-W-R1-H5,WCH,2011,200m,W,R1,5,3,MOCK ATHLETE W200m-035,0.144,,MOCK,1
WCH2011-200m-W-R1-H5,WCH,2011,200m,W,R1,5,4,MOCK ATHLETE W200m-013,0.134,,MOCK,1
WCH2011-200m-W-R1-H5,WCH,2011,200m,W,R1,5,5,MOCK ATHLETE W200m-059,0.16,,MOCK,1
WCH2011-200m-W-R1-H5,WCH,2011,200m,W,R1,5,6,MOCK ATHLETE W200m-004,0.143,,MOCK,1
WCH2011-200m-W-R1-H5,WCH,2011,200m,W,R1,5,7,MOCK ATHLETE W200m-063,0.135,,MOCK,1
WCH2011-200m-W-R1-H5,WCH,2011,200m,W,R1,5,8,MOCK ATHLETE W200m-032,0.149,,MOCK,1
WCH2011-200m-W-R1-H6,WCH,2011,200m,W,R1,6,2,MOCK ATHLETE W200m-049,0.161,,MOCK,1
WCH2011-200m-W-R1-H6,WCH,2011,200m,W,R1,6,3,MOCK ATHLETE W200m-019,0.137,,MOCK,1
WCH2011-200m-W-R1-H6,WCH,2011,200m,W,R1,6,4,MOCK ATHLETE W200m-050,0.116,,MOCK,1
WCH2011-200m-W-R1-H6,WCH,2011,200m,W,R1,6,5,MOCK ATHLETE W200m-062,0.131,,MOCK,1
WCH2011-200m-W-R1-H6,WCH,2011,200m,W,R1,6,6,MOCK ATHLETE W200m-002,0.126,,MOCK,1
WCH2011-200m-W-R1-H6,WCH,2011,200m,W,R1,6,7,MOCK ATHLETE W200m-040,0.124,,MOCK,1
WCH2011-200m-W-R1-H6,WCH,2011,200m,W,R1,6,8,MOCK ATHLETE W200m-064,0.076,DQ TR16.8,MOCK,1
WCH2011-200m-W-R1-H6,WCH,2011,200m,W,R1,6,9,MOCK ATHLETE W200m-044,0.1,,MOCK,1
WCH2011-200m-W-SF-H1,WCH,2011,200m,W,SF,1,2,MOCK ATHLETE W200m-009,0.114,,MOCK,1
WCH2011-200m-W-SF-H1,WCH,2011,200m,W,SF,1,3,MOCK ATHLETE W200m-063,0.119,,MOCK,1
WCH2011-200m-W-SF-H1,WCH,2011,200m,W,SF,1,4,MOCK ATHLETE W200m-058,0.144,,MOCK,1
WCH2011-200m-W-SF-H1,WCH,2011,200m,W,SF,1,5,MOCK ATHLETE W200m-001,0.112,,MOCK,1
WCH2011-200m-W-SF-H1,WCH,2011,200m,W,SF,1,6,MOCK ATHLETE W200m-038,0.108,,MOCK,1
WCH2011-200m-W-SF-H1,WCH,2011,200m,W,SF,1,7,MOCK ATHLETE W200m-025,0.137,,MOCK,1
WCH2011-200m-W-SF-H1,WCH,2011,200m,W,SF,1,8,MOCK ATHLETE W200m-064,0.148,,MOCK,1
WCH2011-200m-W-SF-H1,WCH,2011,200m,W,SF,1,9,MOCK ATHLETE W200m-008,0.127,,MOCK,1
WCH2011-200m-W-SF-H2,WCH,2011,200m,W,SF,2,2,MOCK ATHLETE W200m-029,0.102,,MOCK,1
WCH2011-200m-W-SF-H2,WCH,2011,200m,W,SF,2,3,MOCK ATHLETE W200m-035,0.117,,MOCK,1
WCH2011-200m-W-SF-H2,WCH,2011,200m,W,SF,2,4,MOCK ATHLETE W200m-010,0.111,,MOCK,1
WCH2011-200m-W-SF-H2,WCH,2011,200m,W,SF,2,5,MOCK ATHLETE W200m-015,0.166,,MOCK,1
WCH2011-200m-W-SF-H2,WCH,2011,200m,W,SF,2,6,MOCK ATHLETE W200m-065,0.121,,MOCK,1
WCH2011-200m-W-SF-H2,WCH,2011,200m,W,SF,2,7,MOCK ATHLETE W200m-027,0.12,,MOCK,1
WCH2011-200m-W-SF-H2,WCH,2011,200m,W,SF,2,8,MOCK ATHLETE W200m-019,0.119,,MOCK,1
WCH2011-200m-W-SF-H2,WCH,2011,200m,W,SF,2,9,MOCK ATHLETE W200m-011,0.15,,MOCK,1
WCH2011-200m-W-SF-H3,WCH,2011,200m,W,SF,3,2,MOCK ATHLETE W200m-059,0.137,,MOCK,1
WCH2011-200m-W-SF-H3,WCH,2011,200m,W,SF,3,3,MOCK ATHLETE W200m-034,0.119,,MOCK,1
WCH2011-200m-W-SF-H3,WCH,2011,200m,W,SF,3,4,MOCK ATHLETE W200m-045,0.131,,MOCK,1
WCH2011-200m-W-SF-H3,WCH,2011,200m,W,SF,3,5,MOCK ATHLETE W200m-042,0.157,,MOCK,1
WCH2011-200m-W-SF-H3,WCH,2011,200m,W,SF,3,6,MOCK ATHLETE W200m-040,0.096,DQ TR16.8,MOCK,1
WCH2011-200m-W-SF-H3,WCH,2011,200m,W,SF,3,7,MOCK ATHLETE W200m-005,0.111,,MOCK,1
WCH2011-200m-W-SF-H3,WCH,2011,200m,W,SF,3,8,MOCK ATHLETE W200m-007,0.129,,MOCK,1
WCH2011-200m-W-SF-H3,WCH,2011,200m,W,SF,3,9,MOCK ATHLETE W200m-043,0.115,,MOCK,1
WCH2011-200m-W-F-H1,WCH,2011,200m,W,F,1,2,MOCK ATHLETE W200m-015,0.13,,MOCK,1
WCH2011-200m-W-F-H1,WCH,2011,200m,W,F,1,3,MOCK ATHLETE W200m-058,0.126,,MOCK,1
WCH2011-200m-W-F-H1,WCH,2011,200m,W,F,1,4,MOCK ATHLETE W200m-025,0.161,,MOCK,1
WCH2011-200m-W-F-H1,WCH,2011,200m,W,F,1,5,MOCK ATHLETE W200m-043,0.112,,MOCK,1
WCH2011-200m-W-F-H1,WCH,2011,200m,W,F,1,6,MOCK ATHLETE W200m-059,0.132,,MOCK,1
WCH2011-200m-W-F-H1,WCH,2011,200m,W,F,1,7,MOCK ATHLETE W200m-045,0.129,,MOCK,1
WCH2011-200m-W-F-H1,WCH,2011,200m,W,F,1,8,MOCK ATHLETE W200m-038,0.129,,MOCK,1
WCH2011-200m-W-F-H1,WCH,2011,200m,W,F,1,9,MOCK ATHLETE W200m-065,0.12,,MOCK,1
WCH2011-100mH-W-R1-H1,WCH,2011,100mH,W,R1,1,2,MOCK ATHLETE W100mH-023,0.112,,MOCK,1
WCH2011-100mH-W-R1-H1,WCH,2011,100mH,W,R1,1,3,MOCK ATHLETE W100mH-047,0.133,,MOCK,1
WCH2011-100mH-W-R1-H1,WCH,2011,100mH,W,R1,1,4,MOCK ATHLETE W100mH-026,0.124,,MOCK,1
WCH2011-100mH-W-R1-H1,WCH,2011,100mH,W,R1,1,5,MOCK ATHLETE W100mH-063,0.125,,MOCK,1
WCH2011-100mH-W-R1-H1,WCH,2011,100mH,W,R1,1,6,MOCK ATHLETE W100mH-054,0.148,,MOCK,1
WCH2011-100mH-W-R1-H1,WCH,2011,100mH,W,R1,1,7,MOCK ATHLETE W100mH-030,0.145,,MOCK,1
WCH2011-100mH-W-R1-H1,WCH,2011,100mH,W,R1,1,8,MOCK ATHLETE W100mH-056,0.111,,MOCK,1
WCH2011-100mH-W-R1-H1,WCH,2011,100mH,W,R1,1,9,MOCK ATHLETE W100mH-002,0.175,,MOCK,1
WCH2011-100mH-W-R1-H2,WCH,2011,100mH,W,R1,2,2,MOCK ATHLETE W100mH-003,0.172,,MOCK,1
WCH2011-100mH-W-R1-H2,WCH,2011,100mH,W,R1,2,3,MOCK ATHLETE W100mH-043,0.103,,MOCK,1
WCH2011-100mH-W-R1-H2,WCH,2011,100mH,W,R1,2,4,MOCK ATHLETE W100mH-006,0.149,,MOCK,1
WCH2011-100mH-W-R1-H2,WCH,2011,100mH,W,R1,2,5,MOCK ATHLETE W100mH-057,0.141,,MOCK,1
WCH2011-100mH-W-R1-H2,WCH,2011,100mH,W,R1,2,6,MOCK ATHLETE W100mH-042,0.153,,MOCK,1
WCH2011-100mH-W-R1-H2,WCH,2011,100mH,W,R1,2,7,MOCK ATHLETE W100mH-033,0.127,,MOCK,1
WCH2011-100mH-W-R1-H2,WCH,2011,100mH,W,R1,2,8,MOCK ATHLETE W100mH-051,0.141,,MOCK,1
WCH2011-100mH-W-R1-H2,WCH,2011,100mH,W,R1,2,9,MOCK ATHLETE W100mH-050,0.135,,MOCK,1
WCH2011-100mH-W-R1-H3,WCH,2011,100mH,W,R1,3,2,MOCK ATHLETE W100mH-005,0.143,,MOCK,1
WCH2011-100mH-W-R1-H3,WCH,2011,100mH,W,R1,3,3,MOCK ATHLETE W100mH-048,0.127,,MOCK,1
WCH2011-100mH-W-R1-H3,WCH,2011,100mH,W,R1,3,4,MOCK ATHLETE W100mH-059,0.103,,MOCK,1
WCH2011-100mH-W-R1-H3,WCH,2011,100mH,W,R1,3,5,MOCK ATHLETE W100mH-007,0.124,,MOCK,1
WCH2011-100mH-W-R1-H3,WCH,2011,100mH,W,R1,3,6,MOCK ATHLETE W100mH-000,0.123,,MOCK,1
WCH2011-100mH-W-R1-H3,WCH,2011,100mH,W,R1,3,7,MOCK ATHLETE W100mH-061,0.123,,MOCK,1
WCH2011-100mH-W-R1-H3,WCH,2011,100mH,W,R1,3,8,MOCK ATHLETE W100mH-036,0.149,,MOCK,1
WCH2011-100mH-W-R1-H3,WCH,2011,100mH,W,R1,3,9,MOCK ATHLETE W100mH-011,0.137,,MOCK,1
WCH2011-100mH-W-R1-H4,WCH,2011,100mH,W,R1,4,2,MOCK ATHLETE W100mH-009,0.134,,MOCK,1
WCH2011-100mH-W-R1-H4,WCH,2011,100mH,W,R1,4,3,MOCK ATHLETE W100mH-053,0.15,,MOCK,1
WCH2011-100mH-W-R1-H4,WCH,2011,100mH,W,R1,4,4,MOCK ATHLETE W100mH-010,0.135,,MOCK,1
WCH2011-100mH-W-R1-H4,WCH,2011,100mH,W,R1,4,5,MOCK ATHLETE W100mH-055,0.146,,MOCK,1
WCH2011-100mH-W-R1-H4,WCH,2011,100mH,W,R1,4,6,MOCK ATHLETE W100mH-041,0.116,,MOCK,1
WCH2011-100mH-W-R1-H4,WCH,2011,100mH,W,R1,4,7,MOCK ATHLETE W100mH-029,0.135,,MOCK,1
WCH2011-100mH-W-R1-H4,WCH,2011,100mH,W,R1,4,8,MOCK ATHLETE W100mH-037,0.128,,MOCK,1
WCH2011-100mH-W-R1-H5,WCH,2011,100mH,W,R1,5,2,MOCK ATHLETE W100mH-013,0.147,,MOCK,1
WCH2011-100mH-W-R1-H5,WCH,2011,100mH,W,R1,5,3,MOCK ATHLETE W100mH-058,0.141,,MOCK,1
WCH2011-100mH-W-R1-H5,WCH,2011,100mH,W,R1,5,4,MOCK ATHLETE W100mH-067,0.124,,MOCK,1
WCH2011-100mH-W-R1-H5,WCH,2011,100mH,W,R1,5,5,MOCK ATHLETE W100mH-031,0.14,,MOCK,1
WCH2011-100mH-W-R1-H5,WCH,2011,100mH,W,R1,5,6,MOCK ATHLETE W100mH-040,0.14,,MOCK,1
WCH2011-100mH-W-R1-H5,WCH,2011,100mH,W,R1,5,7,MOCK ATHLETE W100mH-025,0.171,,MOCK,1
WCH2011-100mH-W-R1-H5,WCH,2011,100mH,W,R1,5,8,MOCK ATHLETE W100mH-001,0.138,,MOCK,1
WCH2011-100mH-W-R1-H5,WCH,2011,100mH,W,R1,5,9,MOCK ATHLETE W100mH-018,0.144,,MOCK,1
WCH2011-100mH-W-R1-H6,WCH,2011,100mH,W,R1,6,2,MOCK ATHLETE W100mH-038,0.136,,MOCK,1
WCH2011-100mH-W-R1-H6,WCH,2011,100mH,W,R1,6,3,MOCK ATHLETE W100mH-012,0.168,,MOCK,1
WCH2011-100mH-W-R1-H6,WCH,2011,100mH,W,R1,6,4,MOCK ATHLETE W100mH-044,0.121,,MOCK,1
WCH2011-100mH-W-R1-H6,WCH,2011,100mH,W,R1,6,5,MOCK ATHLETE W100mH-069,0.112,,MOCK,1
WCH2011-100mH-W-R1-H6,WCH,2011,100mH,W,R1,6,6,MOCK ATHLETE W100mH-027,0.1,DQ TR16.8,MOCK,1
WCH2011-100mH-W-R1-H6,WCH,2011,100mH,W,R1,6,7,MOCK ATHLETE W100mH-016,0.112,,MOCK,1
WCH2011-100mH-W-R1-H6,WCH,2011,100mH,W,R1,6,8,MOCK ATHLETE W100mH-062,0.121,,MOCK,1
WCH2011-100mH-W-R1-H6,WCH,2011,100mH,W,R1,6,9,MOCK ATHLETE W100mH-035,0.136,,MOCK,1
WCH2011-100mH-W-SF-H1,WCH,2011,100mH,W,SF,1,2,MOCK ATHLETE W100mH-031,0.096,DQ TR16.8,MOCK,1
WCH2011-100mH-W-SF-H1,WCH,2011,100mH,W,SF,1,3,MOCK ATHLETE W100mH-063,0.122,,MOCK,1
WCH2011-100mH-W-SF-H1,WCH,2011,100mH,W,SF,1,4,MOCK ATHLETE W100mH-058,0.114,,MOCK,1
WCH2011-100mH-W-SF-H1,WCH,2011,100mH,W,SF,1,5,MOCK ATHLETE W100mH-009,0.127,,MOCK,1
WCH2011-100mH-W-SF-H1,WCH,2011,100mH,W,SF,1,6,MOCK ATHLETE W100mH-000,0.127,,MOCK,1
WCH2011-100mH-W-SF-H1,WCH,2011,100mH,W,SF,1,7,MOCK ATHLETE W100mH-016,0.111,,MOCK,1
WCH2011-100mH-W-SF-H1,WCH,2011,100mH,W,SF,1,8,MOCK ATHLETE W100mH-056,0.11,,MOCK,1
WCH2011-100mH-W-SF-H1,WCH,2011,100mH,W,SF,1,9,MOCK ATHLETE W100mH-036,0.142,,MOCK,1
WCH2011-100mH-W-SF-H2,WCH,2011,100mH,W,SF,2,2,MOCK ATHLETE W100mH-038,0.119,,MOCK,1
WCH2011-100mH-W-SF-H2,WCH,2011,100mH,W,SF,2,3,MOCK ATHLETE W100mH-025,0.16,,MOCK,1
WCH2011-100mH-W-SF-H2,WCH,2011,100mH,W,SF,2,4,MOCK ATHLETE W100mH-055,0.118,,MOCK,1
WCH2011-100mH-W-SF-H2,WCH,2011,100mH,W,SF,2,5,MOCK ATHLETE W100mH-050,0.119,,MOCK,1
WCH2011-100mH-W-SF-H2,WCH,2011,100mH,W,SF,2,6,MOCK ATHLETE W100mH-018,0.143,,MOCK,1
WCH2011-100mH-W-SF-H2,WCH,2011,100mH,W,SF,2,7,MOCK ATHLETE W100mH-040,0.136,,MOCK,1
WCH2011-100mH-W-SF-H2,WCH,2011,100mH,W,SF,2,8,MOCK ATHLETE W100mH-001,0.143,,MOCK,1
WCH2011-100mH-W-SF-H2,WCH,2011,100mH,W,SF,2,9,MOCK ATHLETE W100mH-062,0.14,,MOCK,1
WCH2011-100mH-W-SF-H3,WCH,2011,100mH,W,SF,3,2,MOCK ATHLETE W100mH-067,0.133,,MOCK,1
WCH2011-100mH-W-SF-H3,WCH,2011,100mH,W,SF,3,3,MOCK ATHLETE W100mH-026,0.141,,MOCK,1
WCH2011-100mH-W-SF-H3,WCH,2011,100mH,W,SF,3,4,MOCK ATHLETE W100mH-047,0.137,,MOCK,1
WCH2011-100mH-W-SF-H3,WCH,2011,100mH,W,SF,3,5,MOCK ATHLETE W100mH-007,0.136,,MOCK,1
WCH2011-100mH-W-SF-H3,WCH,2011,100mH,W,SF,3,6,MOCK ATHLETE W100mH-003,0.13,,MOCK,1
WCH2011-100mH-W-SF-H3,WCH,2011,100mH,W,SF,3,7,MOCK ATHLETE W100mH-030,0.119,,MOCK,1
WCH2011-100mH-W-SF-H3,WCH,2011,100mH,W,SF,3,8,MOCK ATHLETE W100mH-029,0.132,,MOCK,1
WCH2011-100mH-W-SF-H3,WCH,2011,100mH,W,SF,3,9,MOCK ATHLETE W100mH-010,0.124,,MOCK,1
WCH2011-100mH-W-F-H1,WCH,2011,100mH,W,F,1,2,MOCK ATHLETE W100mH-030,0.132,,MOCK,1
WCH2011-100mH-W-F-H1,WCH,2011,100mH,W,F,1,3,MOCK ATHLETE W100mH-016,0.117,,MOCK,1
WCH2011-100mH-W-F-H1,WCH,2011,100mH,W,F,1,4,MOCK ATHLETE W100mH-063,0.11,,MOCK,1
WCH2011-100mH-W-F-H1,WCH,2011,100mH,W,F,1,5,MOCK ATHLETE W100mH-062,0.119,,MOCK,1
WCH2011-100mH-W-F-H1,WCH,2011,100mH,W,F,1,6,MOCK ATHLETE W100mH-026,0.12,,MOCK,1
WCH2011-100mH-W-F-H1,WCH,2011,100mH,W,F,1,7,MOCK ATHLETE W100mH-007,0.124,,MOCK,1
WCH2011-100mH-W-F-H1,WCH,2011,100mH,W,F,1,8,MOCK ATHLETE W100mH-050,0.126,,MOCK,1
WCH2011-100mH-W-F-H1,WCH,2011,100mH,W,F,1,9,MOCK ATHLETE W100mH-025,0.143,,MOCK,1
WCH2013-100m-M-R1-H1,WCH,2013,100m,M,R1,1,2,MOCK ATHLETE M100m-012,0.146,,MOCK,1
WCH2013-100m-M-R1-H1,WCH,2013,100m,M,R1,1,3,MOCK ATHLETE M100m-019,0.132,,MOCK,1
WCH2013-100m-M-R1-H1,WCH,2013,100m,M,R1,1,4,MOCK ATHLETE M100m-048,0.128,,MOCK,1
WCH2013-100m-M-R1-H1,WCH,2013,100m,M,R1,1,5,MOCK ATHLETE M100m-034,0.177,,MOCK,1
WCH2013-100m-M-R1-H1,WCH,2013,100m,M,R1,1,6,MOCK ATHLETE M100m-013,0.123,,MOCK,1
WCH2013-100m-M-R1-H1,WCH,2013,100m,M,R1,1,7,MOCK ATHLETE M100m-017,0.141,,MOCK,1
WCH2013-100m-M-R1-H1,WCH,2013,100m,M,R1,1,8,MOCK ATHLETE M100m-064,0.151,,MOCK,1
WCH2013-100m-M-R1-H1,WCH,2013,100m,M,R1,1,9,MOCK ATHLETE M100m-067,0.151,,MOCK,1
WCH2013-100m-M-R1-H2,WCH,2013,100m,M,R1,2,2,MOCK ATHLETE M100m-028,0.139,,MOCK,1
WCH2013-100m-M-R1-H2,WCH,2013,100m,M,R1,2,3,MOCK ATHLETE M100m-002,0.151,,MOCK,1
WCH2013-100m-M-R1-H2,WCH,2013,100m,M,R1,2,4,MOCK ATHLETE M100m-009,0.128,,MOCK,1
WCH2013-100m-M-R1-H2,WCH,2013,100m,M,R1,2,5,MOCK ATHLETE M100m-010,0.178,,MOCK,1
WCH2013-100m-M-R1-H2,WCH,2013,100m,M,R1,2,6,MOCK ATHLETE M100m-008,0.139,,MOCK,1
WCH2013-100m-M-R1-H2,WCH,2013,100m,M,R1,2,7,MOCK ATHLETE M100m-021,0.156,,MOCK,1
WCH2013-100m-M-R1-H2,WCH,2013,100m,M,R1,2,8,MOCK ATHLETE M100m-062,0.14,,MOCK,1
WCH2013-100m-M-R1-H2,WCH,2013,100m,M,R1,2,9,MOCK ATHLETE M100m-020,0.138,,MOCK,1
WCH2013-100m-M-R1-H3,WCH,2013,100m,M,R1,3,2,MOCK ATHLETE M100m-011,0.11,,MOCK,1
WCH2013-100m-M-R1-H3,WCH,2013,100m,M,R1,3,3,MOCK ATHLETE M100m-033,0.121,,MOCK,1
WCH2013-100m-M-R1-H3,WCH,2013,100m,M,R1,3,4,MOCK ATHLETE M100m-037,0.142,,MOCK,1
WCH2013-100m-M-R1-H3,WCH,2013,100m,M,R1,3,5,MOCK ATHLETE M100m-026,0.087,DQ TR16.8,MOCK,1
WCH2013-100m-M-R1-H3,WCH,2013,100m,M,R1,3,6,MOCK ATHLETE M100m-059,0.122,,MOCK,1
WCH2013-100m-M-R1-H3,WCH,2013,100m,M,R1,3,7,MOCK ATHLETE M100m-027,0.1,,MOCK,1
WCH2013-100m-M-R1-H3,WCH,2013,100m,M,R1,3,8,MOCK ATHLETE M100m-050,0.127,,MOCK,1
WCH2013-100m-M-R1-H3,WCH,2013,100m,M,R1,3,9,MOCK ATHLETE M100m-005,0.112,,MOCK,1
WCH2013-100m-M-R1-H4,WCH,2013,100m,M,R1,4,2,MOCK ATHLETE M100m-057,0.151,,MOCK,1
WCH2013-100m-M-R1-H4,WCH,2013,100m,M,R1,4,3,MOCK ATHLETE M100m-032,0.142,,MOCK,1
WCH2013-100m-M-R1-H4,WCH,2013,100m,M,R1,4,4,MOCK ATHLETE M100m-001,0.145,,MOCK,1
WCH2013-100m-M-R1-H4,WCH,2013,100m,M,R1,4,5,MOCK ATHLETE M100m-006,0.146,,MOCK,1
WCH2013-100m-M-R1-H4,WCH,2013,100m,M,R1,4,6,MOCK ATHLETE M100m-063,0.123,,MOCK,1
WCH2013-100m-M-R1-H4,WCH,2013,100m,M,R1,4,7,MOCK ATHLETE M100m-041,0.132,,MOCK,1
WCH2013-100m-M-R1-H4,WCH,2013,100m,M,R1,4,8,MOCK ATHLETE M100m-036,0.158,,MOCK,1
WCH2013-100m-M-R1-H4,WCH,2013,100m,M,R1,4,9,MOCK ATHLETE M100m-023,0.17,,MOCK,1
WCH2013-100m-M-R1-H5,WCH,2013,100m,M,R1,5,2,MOCK ATHLETE M100m-000,0.162,,MOCK,1
WCH2013-100m-M-R1-H5,WCH,2013,100m,M,R1,5,3,MOCK ATHLETE M100m-014,0.143,,MOCK,1
WCH2013-100m-M-R1-H5,WCH,2013,100m,M,R1,5,4,MOCK ATHLETE M100m-029,0.153,,MOCK,1
WCH2013-100m-M-R1-H5,WCH,2013,100m,M,R1,5,5,MOCK ATHLETE M100m-043,0.133,,MOCK,1
WCH2013-100m-M-R1-H5,WCH,2013,100m,M,R1,5,6,MOCK ATHLETE M100m-025,0.143,,MOCK,1
WCH2013-100m-M-R1-H5,WCH,2013,100m,M,R1,5,7,MOCK ATHLETE M100m-052,0.157,,MOCK,1
WCH2013-100m-M-R1-H5,WCH,2013,100m,M,R1,5,8,MOCK ATHLETE M100m-035,0.137,,MOCK,1
WCH2013-100m-M-R1-H5,WCH,2013,100m,M,R1,5,9,MOCK ATHLETE M100m-031,0.14,,MOCK,1
WCH2013-100m-M-R1-H6,WCH,2013,100m,M,R1,6,2,MOCK ATHLETE M100m-015,0.167,,MOCK,1
WCH2013-100m-M-R1-H6,WCH,2013,100m,M,R1,6,3,MOCK ATHLETE M100m-022,0.125,,MOCK,1
WCH2013-100m-M-R1-H6,WCH,2013,100m,M,R1,6,4,MOCK ATHLETE M100m-069,0.142,,MOCK,1
WCH2013-100m-M-R1-H6,WCH,2013,100m,M,R1,6,5,MOCK ATHLETE M100m-058,0.154,,MOCK,1
WCH2013-100m-M-R1-H6,WCH,2013,100m,M,R1,6,6,MOCK ATHLETE M100m-038,0.15,,MOCK,1
WCH2013-100m-M-R1-H6,WCH,2013,100m,M,R1,6,7,MOCK ATHLETE M100m-049,0.125,,MOCK,1
WCH2013-100m-M-R1-H6,WCH,2013,100m,M,R1,6,8,MOCK ATHLETE M100m-051,0.141,,MOCK,1
WCH2013-100m-M-R1-H6,WCH,2013,100m,M,R1,6,9,MOCK ATHLETE M100m-018,0.136,,MOCK,1
WCH2013-100m-M-SF-H1,WCH,2013,100m,M,SF,1,2,MOCK ATHLETE M100m-015,0.146,,MOCK,1
WCH2013-100m-M-SF-H1,WCH,2013,100m,M,SF,1,3,MOCK ATHLETE M100m-029,0.141,,MOCK,1
WCH2013-100m-M-SF-H1,WCH,2013,100m,M,SF,1,4,MOCK ATHLETE M100m-001,0.142,,MOCK,1
WCH2013-100m-M-SF-H1,WCH,2013,100m,M,SF,1,5,MOCK ATHLETE M100m-020,0.121,,MOCK,1
WCH2013-100m-M-SF-H1,WCH,2013,100m,M,SF,1,6,MOCK ATHLETE M100m-064,0.138,,MOCK,1
WCH2013-100m-M-SF-H1,WCH,2013,100m,M,SF,1,7,MOCK ATHLETE M100m-052,0.128,,MOCK,1
WCH2013-100m-M-SF-H1,WCH,2013,100m,M,SF,1,8,MOCK ATHLETE M100m-011,0.136,,MOCK,1
WCH2013-100m-M-SF-H1,WCH,2013,100m,M,SF,1,9,MOCK ATHLETE M100m-017,0.139,,MOCK,1
WCH2013-100m-M-SF-H2,WCH,2013,100m,M,SF,2,2,MOCK ATHLETE M100m-002,0.139,,MOCK,1
WCH2013-100m-M-SF-H2,WCH,2013,100m,M,SF,2,3,MOCK ATHLETE M100m-018,0.117,,MOCK,1
WCH2013-100m-M-SF-H2,WCH,2013,100m,M,SF,2,4,MOCK ATHLETE M100m-000,0.164,,MOCK,1
WCH2013-100m-M-SF-H2,WCH,2013,100m,M,SF,2,5,MOCK ATHLETE M100m-051,0.139,,MOCK,1
WCH2013-100m-M-SF-H2,WCH,2013,100m,M,SF,2,6,MOCK ATHLETE M100m-031,0.145,,MOCK,1
WCH2013-100m-M-SF-H2,WCH,2013,100m,M,SF,2,7,MOCK ATHLETE M100m-013,0.131,,MOCK,1
WCH2013-100m-M-SF-H2,WCH,2013,100m,M,SF,2,8,MOCK ATHLETE M100m-063,0.132,,MOCK,1
WCH2013-100m-M-SF-H2,WCH,2013,100m,M,SF,2,9,MOCK ATHLETE M100m-036,0.145,,MOCK,1
WCH2013-100m-M-SF-H3,WCH,2013,100m,M,SF,3,2,MOCK ATHLETE M100m-026,0.097,DQ TR16.8,MOCK,1
WCH2013-100m-M-SF-H3,WCH,2013,100m,M,SF,3,3,MOCK ATHLETE M100m-057,0.151,,MOCK,1
WCH2013-100m-M-SF-H3,WCH,2013,100m,M,SF,3,4,MOCK ATHLETE M100m-012,0.138,,MOCK,1
WCH2013-100m-M-SF-H3,WCH,2013,100m,M,SF,3,5,MOCK ATHLETE M100m-069,0.138,,MOCK,1
WCH2013-100m-M-SF-H3,WCH,2013,100m,M,SF,3,6,MOCK ATHLETE M100m-005,0.118,,MOCK,1
WCH2013-100m-M-SF-H3,WCH,2013,100m,M,SF,3,7,MOCK ATHLETE M100m-022,0.103,,MOCK,1
WCH2013-100m-M-SF-H3,WCH,2013,100m,M,SF,3,8,MOCK ATHLETE M100m-008,0.128,,MOCK,1
WCH2013-100m-M-SF-H3,WCH,2013,100m,M,SF,3,9,MOCK ATHLETE M100m-019,0.142,,MOCK,1
WCH2013-100m-M-F-H1,WCH,2013,100m,M,F,1,2,MOCK ATHLETE M100m-036,0.125,,MOCK,1
WCH2013-100m-M-F-H1,WCH,2013,100m,M,F,1,3,MOCK ATHLETE M100m-063,0.095,DQ TR16.8,MOCK,1
WCH2013-100m-M-F-H1,WCH,2013,100m,M,F,1,4,MOCK ATHLETE M100m-031,0.121,,MOCK,1
WCH2013-100m-M-F-H1,WCH,2013,100m,M,F,1,5,MOCK ATHLETE M100m-022,0.123,,MOCK,1
WCH2013-100m-M-F-H1,WCH,2013,100m,M,F,1,6,MOCK ATHLETE M100m-020,0.103,,MOCK,1
WCH2013-100m-M-F-H1,WCH,2013,100m,M,F,1,7,MOCK ATHLETE M100m-029,0.12,,MOCK,1
WCH2013-100m-M-F-H1,WCH,2013,100m,M,F,1,8,MOCK ATHLETE M100m-064,0.129,,MOCK,1
WCH2013-100m-M-F-H1,WCH,2013,100m,M,F,1,9,MOCK ATHLETE M100m-005,0.097,DQ TR16.8,MOCK,1
WCH2013-200m-M-R1-H1,WCH,2013,200m,M,R1,1,2,MOCK ATHLETE M200m-035,0.153,,MOCK,1
WCH2013-200m-M-R1-H1,WCH,2013,200m,M,R1,1,3,MOCK ATHLETE M200m-057,0.151,,MOCK,1
WCH2013-200m-M-R1-H1,WCH,2013,200m,M,R1,1,4,MOCK ATHLETE M200m-041,0.13,,MOCK,1
WCH2013-200m-M-R1-H1,WCH,2013,200m,M,R1,1,5,MOCK ATHLETE M200m-000,0.178,,MOCK,1
WCH2013-200m-M-R1-H1,WCH,2013,200m,M,R1,1,6,MOCK ATHLETE M200m-017,0.139,,MOCK,1
WCH2013-200m-M-R1-H1,WCH,2013,200m,M,R1,1,7,MOCK ATHLETE M200m-061,0.159,,MOCK,1
WCH2013-200m-M-R1-H1,WCH,2013,200m,M,R1,1,8,MOCK ATHLETE M200m-021,0.153,,MOCK,1
WCH2013-200m-M-R1-H1,WCH,2013,200m,M,R1,1,9,MOCK ATHLETE M200m-062,0.14,,MOCK,1
WCH2013-200m-M-R1-H2,WCH,2013,200m,M,R1,2,2,MOCK ATHLETE M200m-005,0.163,,MOCK,1
WCH2013-200m-M-R1-H2,WCH,2013,200m,M,R1,2,3,MOCK ATHLETE M200m-006,0.165,,MOCK,1
WCH2013-200m-M-R1-H2,WCH,2013,200m,M,R1,2,4,MOCK ATHLETE M200m-025,0.169,,MOCK,1
WCH2013-200m-M-R1-H2,WCH,2013,200m,M,R1,2,5,MOCK ATHLETE M200m-051,0.15,,MOCK,1
WCH2013-200m-M-R1-H2,WCH,2013,200m,M,R1,2,6,MOCK ATHLETE M200m-048,0.149,,MOCK,1
WCH2013-200m-M-R1-H2,WCH,2013,200m,M,R1,2,7,MOCK ATHLETE M200m-010,0.155,,MOCK,1
WCH2013-200m-M-R1-H2,WCH,2013,200m,M,R1,2,8,MOCK ATHLETE M200m-007,0.178,,MOCK,1
WCH2013-200m-M-R1-H2,WCH,2013,200m,M,R1,2,9,MOCK ATHLETE M200m-009,0.179,,MOCK,1
WCH2013-200m-M-R1-H3,WCH,2013,200m,M,R1,3,2,MOCK ATHLETE M200m-002,0.137,,MOCK,1
WCH2013-200m-M-R1-H3,WCH,2013,200m,M,R1,3,3,MOCK ATHLETE M200m-036,0.165,,MOCK,1
WCH2013-200m-M-R1-H3,WCH,2013,200m,M,R1,3,4,MOCK ATHLETE M200m-064,0.141,,MOCK,1
WCH2013-200m-M-R1-H3,WCH,2013,200m,M,R1,3,5,MOCK ATHLETE M200m-047,0.129,,MOCK,1
WCH2013-200m-M-R1-H3,WCH,2013,200m,M,R1,3,6,MOCK ATHLETE M200m-046,0.172,,MOCK,1
WCH2013-200m-M-R1-H3,WCH,2013,200m,M,R1,3,7,MOCK ATHLETE M200m-038,0.115,,MOCK,1
WCH2013-200m-M-R1-H3,WCH,2013,200m,M,R1,3,8,MOCK ATHLETE M200m-055,0.147,,MOCK,1
WCH2013-200m-M-R1-H3,WCH,2013,200m,M,R1,3,9,MOCK ATHLETE M200m-016,0.135,,MOCK,1
WCH2013-200m-M-R1-H4,WCH,2013,200m,M,R1,4,2,MOCK ATHLETE M200m-067,0.148,,MOCK,1
WCH2013-200m-M-R1-H4,WCH,2013,200m,M,R1,4,3,MOCK ATHLETE M200m-032,0.132,,MOCK,1
WCH2013-200m-M-R1-H4,WCH,2013,200m,M,R1,4,4,MOCK ATHLETE M200m-013,0.145,,MOCK,1
WCH2013-200m-M-R1-H4,WCH,2013,200m,M,R1,4,5,MOCK ATHLETE M200m-012,0.15,,MOCK,1
WCH2013-200m-M-R1-H4,WCH,2013,200m,M,R1,4,6,MOCK ATHLETE M200m-023,0.153,,MOCK,1
WCH2013-200m-M-R1-H4,WCH,2013,200m,M,R1,4,7,MOCK ATHLETE M200m-024,0.154,,MOCK,1
WCH2013-200m-M-R1-H4,WCH,2013,200m,M,R1,4,8,MOCK ATHLETE M200m-031,0.134,,MOCK,1
WCH2013-200m-M-R1-H4,WCH,2013,200m,M,R1,4,9,MOCK ATHLETE M200m-037,0.143,,MOCK,1
WCH2013-200m-M-R1-H5,WCH,2013,200m,M,R1,5,2,MOCK ATHLETE M200m-042,0.12,,MOCK,1
WCH2013-200m-M-R1-H5,WCH,2013,200m,M,R1,5,3,MOCK ATHLETE M200m-059,0.153,,MOCK,1
WCH2013-200m-M-R1-H5,WCH,2013,200m,M,R1,5,4,MOCK ATHLETE M200m-043,0.147,,MOCK,1
WCH2013-200m-M-R1-H5,WCH,2013,200m,M,R1,5,5,MOCK ATHLETE M200m-030,0.136,,MOCK,1
WCH2013-200m-M-R1-H5,WCH,2013,200m,M,R1,5,6,MOCK ATHLETE M200m-066,0.139,,MOCK,1
WCH2013-200m-M-R1-H5,WCH,2013,200m,M,R1,5,7,MOCK ATHLETE M200m-054,0.148,,MOCK,1
WCH2013-200m-M-R1-H5,WCH,2013,200m,M,R1,5,8,MOCK ATHLETE M200m-034,0.133,,MOCK,1
WCH2013-200m-M-R1-H5,WCH,2013,200m,M,R1,5,9,MOCK ATHLETE M200m-026,0.151,,MOCK,1
WCH2013-200m-M-R1-H6,WCH,2013,200m,M,R1,6,2,MOCK ATHLETE M200m-020,0.15,,MOCK,1
WCH2013-200m-M-R1-H6,WCH,2013,200m,M,R1,6,3,MOCK ATHLETE M200m-063,0.118,,MOCK,1
WCH2013-200m-M-R1-H6,WCH,2013,200m,M,R1,6,4,MOCK ATHLETE M200m-065,0.152,,MOCK,1
WCH2013-200m-M-R1-H6,WCH,2013,200m,M,R1,6,5,MOCK ATHLETE M200m-069,0.111,,MOCK,1
WCH2013-200m-M-R1-H6,WCH,2013,200m,M,R1,6,6,MOCK ATHLETE M200m-022,0.127,,MOCK,1
WCH2013-200m-M-R1-H6,WCH,2013,200m,M,R1,6,7,MOCK ATHLETE M200m-019,0.166,,MOCK,1
WCH2013-200m-M-R1-H6,WCH,2013,200m,M,R1,6,8,MOCK ATHLETE M200m-040,0.151,,MOCK,1
WCH2013-200m-M-R1-H6,WCH,2013,200m,M,R1,6,9,MOCK ATHLETE M200m-001,0.136,,MOCK,1
WCH2013-200m-M-SF-H1,WCH,2013,200m,M,SF,1,2,MOCK ATHLETE M200m-007,0.113,,MOCK,1
WCH2013-200m-M-SF-H1,WCH,2013,200m,M,SF,1,3,MOCK ATHLETE M200m-009,0.144,,MOCK,1
WCH2013-200m-M-SF-H1,WCH,2013,200m,M,SF,1,4,MOCK ATHLETE M200m-048,0.114,,MOCK,1
WCH2013-200m-M-SF-H1,WCH,2013,200m,M,SF,1,5,MOCK ATHLETE M200m-057,0.143,,MOCK,1
WCH2013-200m-M-SF-H1,WCH,2013,200m,M,SF,1,6,MOCK ATHLETE M200m-006,0.119,,MOCK,1
WCH2013-200m-M-SF-H1,WCH,2013,200m,M,SF,1,7,MOCK ATHLETE M200m-024,0.142,,MOCK,1
WCH2013-200m-M-SF-H1,WCH,2013,200m,M,SF,1,8,MOCK ATHLETE M200m-021,0.152,,MOCK,1
WCH2013-200m-M-SF-H1,WCH,2013,200m,M,SF,1,9,MOCK ATHLETE M200m-037,0.136,,MOCK,1
WCH2013-200m-M-SF-H2,WCH,2013,200m,M,SF,2,2,MOCK ATHLETE M200m-069,0.144,,MOCK,1
WCH2013-200m-M-SF-H2,WCH,2013,200m,M,SF,2,3,MOCK ATHLETE M200m-017,0.132,,MOCK,1
WCH2013-200m-M-SF-H2,WCH,2013,200m,M,SF,2,4,MOCK ATHLETE M200m-025,0.14,,MOCK,1
WCH2013-200m-M-SF-H2,WCH,2013,200m,M,SF,2,5,MOCK ATHLETE M200m-067,0.131,,MOCK,1
WCH2013-200m-M-SF-H2,WCH,2013,200m,M,SF,2,6,MOCK ATHLETE M200m-023,0.137,,MOCK,1
WCH2013-200m-M-SF-H2,WCH,2013,200m,M,SF,2,7,MOCK ATHLETE M200m-013,0.127,,MOCK,1
WCH2013-200m-M-SF-H2,WCH,2013,200m,M,SF,2,8,MOCK ATHLETE M200m-002,0.112,,MOCK,1
WCH2013-200m-M-SF-H2,WCH,2013,200m,M,SF,2,9,MOCK ATHLETE M200m-043,0.125,,MOCK,1
WCH2013-200m-M-SF-H3,WCH,2013,200m,M,SF,3,2,MOCK ATHLETE M200m-055,0.155,,MOCK,1
WCH2013-200m-M-SF-H3,WCH,2013,200m,M,SF,3,3,MOCK ATHLETE M200m-022,0.146,,MOCK,1
WCH2013-200m-M-SF-H3,WCH,2013,200m,M,SF,3,4,MOCK ATHLETE M200m-066,0.132,,MOCK,1
WCH2013-200m-M-SF-H3,WCH,2013,200m,M,SF,3,5,MOCK ATHLETE M200m-062,0.136,,MOCK,1
WCH2013-200m-M-SF-H3,WCH,2013,200m,M,SF,3,6,MOCK ATHLETE M200m-051,0.112,,MOCK,1
WCH2013-200m-M-SF-H3,WCH,2013,200m,M,SF,3,7,MOCK ATHLETE M200m-032,0.195,,MOCK,1
WCH2013-200m-M-SF-H3,WCH,2013,200m,M,SF,3,8,MOCK ATHLETE M200m-035,0.141,,MOCK,1
WCH2013-200m-M-SF-H3,WCH,2013,200m,M,SF,3,9,MOCK ATHLETE M200m-059,0.156,,MOCK,1
WCH2013-200m-M-F-H1,WCH,2013,200m,M,F,1,2,MOCK ATHLETE M200m-062,0.145,,MOCK,1
WCH2013-200m-M-F-H1,WCH,2013,200m,M,F,1,3,MOCK ATHLETE M200m-057,0.136,,MOCK,1
WCH2013-200m-M-F-H1,WCH,2013,200m,M,F,1,4,MOCK ATHLETE M200m-066,0.134,,MOCK,1
WCH2013-200m-M-F-H1,WCH,2013,200m,M,F,1,5,MOCK ATHLETE M200m-032,0.127,,MOCK,1
WCH2013-200m-M-F-H1,WCH,2013,200m,M,F,1,6,MOCK ATHLETE M200m-051,0.122,,MOCK,1
WCH2013-200m-M-F-H1,WCH,2013,200m,M,F,1,7,MOCK ATHLETE M200m-035,0.131,,MOCK,1
WCH2013-200m-M-F-H1,WCH,2013,200m,M,F,1,8,MOCK ATHLETE M200m-009,0.137,,MOCK,1
WCH2013-200m-M-F-H1,WCH,2013,200m,M,F,1,9,MOCK ATHLETE M200m-021,0.137,,MOCK,1
WCH2013-110mH-M-R1-H1,WCH,2013,110mH,M,R1,1,2,MOCK ATHLETE M110mH-045,0.148,,MOCK,1
WCH2013-110mH-M-R1-H1,WCH,2013,110mH,M,R1,1,3,MOCK ATHLETE M110mH-062,0.151,,MOCK,1
WCH2013-110mH-M-R1-H1,WCH,2013,110mH,M,R1,1,4,MOCK ATHLETE M110mH-025,0.139,,MOCK,1
WCH2013-110mH-M-R1-H1,WCH,2013,110mH,M,R1,1,5,MOCK ATHLETE M110mH-065,0.137,,MOCK,1
WCH2013-110mH-M-R1-H1,WCH,2013,110mH,M,R1,1,6,MOCK ATHLETE M110mH-011,0.146,,MOCK,1
WCH2013-110mH-M-R1-H1,WCH,2013,110mH,M,R1,1,7,MOCK ATHLETE M110mH-015,0.134,,MOCK,1
WCH2013-110mH-M-R1-H1,WCH,2013,110mH,M,R1,1,8,MOCK ATHLETE M110mH-003,0.131,,MOCK,1
WCH2013-110mH-M-R1-H1,WCH,2013,110mH,M,R1,1,9,MOCK ATHLETE M110mH-013,0.154,,MOCK,1
WCH2013-110mH-M-R1-H2,WCH,2013,110mH,M,R1,2,2,MOCK ATHLETE M110mH-023,0.149,,MOCK,1
WCH2013-110mH-M-R1-H2,WCH,2013,110mH,M,R1,2,3,MOCK ATHLETE M110mH-051,0.189,,MOCK,1
WCH2013-110mH-M-R1-H2,WCH,2013,110mH,M,R1,2,4,MOCK ATHLETE M110mH-047,0.185,,MOCK,1
WCH2013-110mH-M-R1-H2,WCH,2013,110mH,M,R1,2,5,MOCK ATHLETE M110mH-064,0.17,,MOCK,1
WCH2013-110mH-M-R1-H2,WCH,2013,110mH,M,R1,2,6,MOCK ATHLETE M110mH-052,0.153,,MOCK,1
WCH2013-110mH-M-R1-H2,WCH,2013,110mH,M,R1,2,7,MOCK ATHLETE M110mH-040,0.154,,MOCK,1
WCH2013-110mH-M-R1-H2,WCH,2013,110mH,M,R1,2,8,MOCK ATHLETE M110mH-016,0.141,,MOCK,1
WCH2013-110mH-M-R1-H2,WCH,2013,110mH,M,R1,2,9,MOCK ATHLETE M110mH-060,0.116,,MOCK,1
WCH2013-110mH-M-R1-H3,WCH,2013,110mH,M,R1,3,2,MOCK ATHLETE M110mH-037,0.155,,MOCK,1
WCH2013-110mH-M-R1-H3,WCH,2013,110mH,M,R1,3,3,MOCK ATHLETE M110mH-004,0.114,,MOCK,1
WCH2013-110mH-M-R1-H3,WCH,2013,110mH,M,R1,3,4,MOCK ATHLETE M110mH-054,0.148,,MOCK,1
WCH2013-110mH-M-R1-H3,WCH,2013,110mH,M,R1,3,5,MOCK ATHLETE M110mH-061,0.147,,MOCK,1
WCH2013-110mH-M-R1-H3,WCH,2013,110mH,M,R1,3,6,MOCK ATHLETE M110mH-031,0.142,,MOCK,1
WCH2013-110mH-M-R1-H3,WCH,2013,110mH,M,R1,3,7,MOCK ATHLETE M110mH-036,0.029,DQ TR16.8,MOCK,1
WCH2013-110mH-M-R1-H3,WCH,2013,110mH,M,R1,3,8,MOCK ATHLETE M110mH-024,0.134,,MOCK,1
WCH2013-110mH-M-R1-H4,WCH,2013,110mH,M,R1,4,2,MOCK ATHLETE M110mH-069,0.133,,MOCK,1
WCH2013-110mH-M-R1-H4,WCH,2013,110mH,M,R1,4,3,MOCK ATHLETE M110mH-063,0.134,,MOCK,1
WCH2013-110mH-M-R1-H4,WCH,2013,110mH,M,R1,4,4,MOCK ATHLETE M110mH-018,0.191,,MOCK,1
WCH2013-110mH-M-R1-H4,WCH,2013,110mH,M,R1,4,5,MOCK ATHLETE M110mH-008,0.155,,MOCK,1
WCH2013-110mH-M-R1-H4,WCH,2013,110mH,M,R1,4,6,MOCK ATHLETE M110mH-009,0.157,,MOCK,1
WCH2013-110mH-M-R1-H4,WCH,2013,110mH,M,R1,4,7,MOCK ATHLETE M110mH-066,0.129,,MOCK,1
WCH2013-110mH-M-R1-H4,WCH,2013,110mH,M,R1,4,8,MOCK ATHLETE M110mH-050,0.125,,MOCK,1
WCH2013-110mH-M-R1-H4,WCH,2013,110mH,M,R1,4,9,MOCK ATHLETE M110mH-049,0.127,,MOCK,1
WCH2013-110mH-M-R1-H5,WCH,2013,110mH,M,R1,5,2,MOCK ATHLETE M110mH-039,0.128,,MOCK,1
WCH2013-110mH-M-R1-H5,WCH,2013,110mH,M,R1,5,3,MOCK ATHLETE M110mH-029,0.147,,MOCK,1
WCH2013-110mH-M-R1-H5,WCH,2013,110mH,M,R1,5,4,MOCK ATHLETE M110mH-014,0.129,,MOCK,1
WCH2013-110mH-M-R1-H5,WCH,2013,110mH,M,R1,5,5,MOCK ATHLETE M110mH-042,0.14,,MOCK,1
WCH2013-110mH-M-R1-H5,WCH,2013,110mH,M,R1,5,6,MOCK ATHLETE M110mH-006,0.143,,MOCK,1
WCH2013-110mH-M-R1-H5,WCH,2013,110mH,M,R1,5,7,MOCK ATHLETE M110mH-059,0.138,,MOCK,1
WCH2013-110mH-M-R1-H5,WCH,2013,110mH,M,R1,5,8,MOCK ATHLETE M110mH-055,0.163,,MOCK,1
WCH2013-110mH-M-R1-H5,WCH,2013,110mH,M,R1,5,9,MOCK ATHLETE M110mH-000,0.13,,MOCK,1
WCH2013-110mH-M-R1-H6,WCH,2013,110mH,M,R1,6,2,MOCK ATHLETE M110mH-034,0.133,,MOCK,1
WCH2013-110mH-M-R1-H6,WCH,2013,110mH,M,R1,6,3,MOCK ATHLETE M110mH-005,0.153,,MOCK,1
WCH2013-110mH-M-R1-H6,WCH,2013,110mH,M,R1,6,4,MOCK ATHLETE M110mH-053,0.133,,MOCK,1
WCH2013-110mH-M-R1-H6,WCH,2013,110mH,M,R1,6,5,MOCK ATHLETE M110mH-017,0.14,,MOCK,1
WCH2013-110mH-M-R1-H6,WCH,2013,110mH,M,R1,6,6,MOCK ATHLETE M110mH-002,0.12,,MOCK,1
WCH2013-110mH-M-R1-H6,WCH,2013,110mH,M,R1,6,7,MOCK ATHLETE M110mH-020,0.117,,MOCK,1
WCH2013-110mH-M-R1-H6,WCH,2013,110mH,M,R1,6,8,MOCK ATHLETE M110mH-038,0.12,,MOCK,1
WCH2013-110mH-M-R1-H6,WCH,2013,110mH,M,R1,6,9,MOCK ATHLETE M110mH-021,0.146,,MOCK,1
WCH2013-110mH-M-SF-H1,WCH,2013,110mH,M,SF,1,2,MOCK ATHLETE M110mH-060,0.175,,MOCK,1
WCH2013-110mH-M-SF-H1,WCH,2013,110mH,M,SF,1,3,MOCK ATHLETE M110mH-009,0.163,,MOCK,1
WCH2013-110mH-M-SF-H1,WCH,2013,110mH,M,SF,1,4,MOCK ATHLETE M110mH-056,0.18,,MOCK,1
WCH2013-110mH-M-SF-H1,WCH,2013,110mH,M,SF,1,5,MOCK ATHLETE M110mH-029,0.147,,MOCK,1
WCH2013-110mH-M-SF-H1,WCH,2013,110mH,M,SF,1,6,MOCK ATHLETE M110mH-036,0.158,,MOCK,1
WCH2013-110mH-M-SF-H1,WCH,2013,110mH,M,SF,1,7,MOCK ATHLETE M110mH-020,0.121,,MOCK,1
WCH2013-110mH-M-SF-H1,WCH,2013,110mH,M,SF,1,8,MOCK ATHLETE M110mH-016,0.117,,MOCK,1
WCH2013-110mH-M-SF-H1,WCH,2013,110mH,M,SF,1,9,MOCK ATHLETE M110mH-052,0.147,,MOCK,1
WCH2013-110mH-M-SF-H2,WCH,2013,110mH,M,SF,2,2,MOCK ATHLETE M110mH-038,0.145,,MOCK,1
WCH2013-110mH-M-SF-H2,WCH,2013,110mH,M,SF,2,3,MOCK ATHLETE M110mH-005,0.143,,MOCK,1
WCH2013-110mH-M-SF-H2,WCH,2013,110mH,M,SF,2,4,MOCK ATHLETE M110mH-061,0.155,,MOCK,1
WCH2013-110mH-M-SF-H2,WCH,2013,110mH,M,SF,2,5,MOCK ATHLETE M110mH-039,0.141,,MOCK,1
WCH2013-110mH-M-SF-H2,WCH,2013,110mH,M,SF,2,6,MOCK ATHLETE M110mH-004,0.14,,MOCK,1
WCH2013-110mH-M-SF-H2,WCH,2013,110mH,M,SF,2,7,MOCK ATHLETE M110mH-053,0.156,,MOCK,1
WCH2013-110mH-M-SF-H2,WCH,2013,110mH,M,SF,2,8,MOCK ATHLETE M110mH-042,0.161,,MOCK,1
WCH2013-110mH-M-SF-H2,WCH,2013,110mH,M,SF,2,9,MOCK ATHLETE M110mH-050,0.169,,MOCK,1
WCH2013-110mH-M-SF-H3,WCH,2013,110mH,M,SF,3,2,MOCK ATHLETE M110mH-063,0.149,,MOCK,1
WCH2013-110mH-M-SF-H3,WCH,2013,110mH,M,SF,3,3,MOCK ATHLETE M110mH-013,0.13,,MOCK,1
WCH2013-110mH-M-SF-H3,WCH,2013,110mH,M,SF,3,4,MOCK ATHLETE M110mH-000,0.161,,MOCK,1
WCH2013-110mH-M-SF-H3,WCH,2013,110mH,M,SF,3,5,MOCK ATHLETE M110mH-014,0.14,,MOCK,1
WCH2013-110mH-M-SF-H3,WCH,2013,110mH,M,SF,3,6,MOCK ATHLETE M110mH-031,0.129,,MOCK,1
WCH2013-110mH-M-SF-H3,WCH,2013,110mH,M,SF,3,7,MOCK ATHLETE M110mH-015,0.154,,MOCK,1
WCH2013-110mH-M-SF-H3,WCH,2013,110mH,M,SF,3,8,MOCK ATHLETE M110mH-062,0.15,,MOCK,1
WCH2013-110mH-M-SF-H3,WCH,2013,110mH,M,SF,3,9,MOCK ATHLETE M110mH-047,0.142,,MOCK,1
WCH2013-110mH-M-F-H1,WCH,2013,110mH,M,F,1,2,MOCK ATHLETE M110mH-063,0.148,,MOCK,1
WCH2013-110mH-M-F-H1,WCH,2013,110mH,M,F,1,3,MOCK ATHLETE M110mH-056,0.142,,MOCK,1
WCH2013-110mH-M-F-H1,WCH,2013,110mH,M,F,1,4,MOCK ATHLETE M110mH-000,0.135,,MOCK,1
WCH2013-110mH-M-F-H1,WCH,2013,110mH,M,F,1,5,MOCK ATHLETE M110mH-047,0.154,,MOCK,1
WCH2013-110mH-M-F-H1,WCH,2013,110mH,M,F,1,6,MOCK ATHLETE M110mH-036,0.168,,MOCK,1
WCH2013-110mH-M-F-H1,WCH,2013,110mH,M,F,1,7,MOCK ATHLETE M110mH-038,0.164,,MOCK,1
WCH2013-110mH-M-F-H1,WCH,2013,110mH,M,F,1,8,MOCK ATHLETE M110mH-014,0.126,,MOCK,1
WCH2013-110mH-M-F-H1,WCH,2013,110mH,M,F,1,9,MOCK ATHLETE M110mH-050,0.12,,MOCK,1
WCH2013-100m-W-R1-H1,WCH,2013,100m,W,R1,1,2,MOCK ATHLETE W100m-061,0.106,,MOCK,1
WCH2013-100m-W-R1-H1,WCH,2013,100m,W,R1,1,3,MOCK ATHLETE W100m-049,0.151,,MOCK,1
WCH2013-100m-W-R1-H1,WCH,2013,100m,W,R1,1,4,MOCK ATHLETE W100m-032,0.142,,MOCK,1
WCH2013-100m-W-R1-H1,WCH,2013,100m,W,R1,1,5,MOCK ATHLETE W100m-042,0.174,,MOCK,1
WCH2013-100m-W-R1-H1,WCH,2013,100m,W,R1,1,6,MOCK ATHLETE W100m-023,0.143,,MOCK,1
WCH2013-100m-W-R1-H1,WCH,2013,100m,W,R1,1,7,MOCK ATHLETE W100m-031,0.173,,MOCK,1
WCH2013-100m-W-R1-H1,WCH,2013,100m,W,R1,1,8,MOCK ATHLETE W100m-051,0.149,,MOCK,1
WCH2013-100m-W-R1-H2,WCH,2013,100m,W,R1,2,2,MOCK ATHLETE W100m-004,0.146,,MOCK,1
WCH2013-100m-W-R1-H2,WCH,2013,100m,W,R1,2,3,MOCK ATHLETE W100m-027,0.152,,MOCK,1
WCH2013-100m-W-R1-H2,WCH,2013,100m,W,R1,2,4,MOCK ATHLETE W100m-041,0.135,,MOCK,1
WCH2013-100m-W-R1-H2,WCH,2013,100m,W,R1,2,5,MOCK ATHLETE W100m-025,0.149,,MOCK,1
WCH2013-100m-W-R1-H2,WCH,2013,100m,W,R1,2,6,MOCK ATHLETE W100m-038,0.14,,MOCK,1
WCH2013-100m-W-R1-H2,WCH,2013,100m,W,R1,2,7,MOCK ATHLETE W100m-014,0.149,,MOCK,1
WCH2013-100m-W-R1-H2,WCH,2013,100m,W,R1,2,8,MOCK ATHLETE W100m-059,0.155,,MOCK,1
WCH2013-100m-W-R1-H2,WCH,2013,100m,W,R1,2,9,MOCK ATHLETE W100m-055,0.143,,MOCK,1
WCH2013-100m-W-R1-H3,WCH,2013,100m,W,R1,3,2,MOCK ATHLETE W100m-050,0.146,,MOCK,1
WCH2013-100m-W-R1-H3,WCH,2013,100m,W,R1,3,3,MOCK ATHLETE W100m-069,0.126,,MOCK,1
WCH2013-100m-W-R1-H3,WCH,2013,100m,W,R1,3,4,MOCK ATHLETE W100m-033,0.148,,MOCK,1
WCH2013-100m-W-R1-H3,WCH,2013,100m,W,R1,3,5,MOCK ATHLETE W100m-009,0.137,,MOCK,1
WCH2013-100m-W-R1-H3,WCH,2013,100m,W,R1,3,6,MOCK ATHLETE W100m-062,0.166,,MOCK,1
WCH2013-100m-W-R1-H3,WCH,2013,100m,W,R1,3,7,MOCK ATHLETE W100m-029,0.128,,MOCK,1
WCH2013-100m-W-R1-H3,WCH,2013,100m,W,R1,3,8,MOCK ATHLETE W100m-028,0.144,,MOCK,1
WCH2013-100m-W-R1-H3,WCH,2013,100m,W,R1,3,9,MOCK ATHLETE W100m-057,0.158,,MOCK,1
WCH2013-100m-W-R1-H4,WCH,2013,100m,W,R1,4,2,MOCK ATHLETE W100m-019,0.151,,MOCK,1
WCH2013-100m-W-R1-H4,WCH,2013,100m,W,R1,4,3,MOCK ATHLETE W100m-068,0.158,,MOCK,1
WCH2013-100m-W-R1-H4,WCH,2013,100m,W,R1,4,4,MOCK ATHLETE W100m-040,0.109,,MOCK,1
WCH2013-100m-W-R1-H4,WCH,2013,100m,W,R1,4,5,MOCK ATHLETE W100m-048,0.128,,MOCK,1
WCH2013-100m-W-R1-H4,WCH,2013,100m,W,R1,4,6,MOCK ATHLETE W100m-058,0.177,,MOCK,1
WCH2013-100m-W-R1-H4,WCH,2013,100m,W,R1,4,7,MOCK ATHLETE W100m-016,0.139,,MOCK,1
WCH2013-100m-W-R1-H4,WCH,2013,100m,W,R1,4,8,MOCK ATHLETE W100m-065,0.154,,MOCK,1
WCH2013-100m-W-R1-H4,WCH,2013,100m,W,R1,4,9,MOCK ATHLETE W100m-022,0.164,,MOCK,1
WCH2013-100m-W-R1-H5,WCH,2013,100m,W,R1,5,2,MOCK ATHLETE W100m-043,0.153,,MOCK,1
WCH2013-100m-W-R1-H5,WCH,2013,100m,W,R1,5,3,MOCK ATHLETE W100m-013,0.158,,MOCK,1
WCH2013-100m-W-R1-H5,WCH,2013,100m,W,R1,5,4,MOCK ATHLETE W100m-066,0.159,,MOCK,1
WCH2013-100m-W-R1-H5,WCH,2013,100m,W,R1,5,5,MOCK ATHLETE W100m-002,0.13,,MOCK,1
WCH2013-100m-W-R1-H5,WCH,2013,100m,W,R1,5,6,MOCK ATHLETE W100m-015,0.166,,MOCK,1
WCH2013-100m-W-R1-H5,WCH,2013,100m,W,R1,5,7,MOCK ATHLETE W100m-012,0.132,,MOCK,1
WCH2013-100m-W-R1-H5,WCH,2013,100m,W,R1,5,8,MOCK ATHLETE W100m-054,0.146,,MOCK,1
WCH2013-100m-W-R1-H5,WCH,2013,100m,W,R1,5,9,MOCK ATHLETE W100m-024,0.179,,MOCK,1
WCH2013-100m-W-R1-H6,WCH,2013,100m,W,R1,6,2,MOCK ATHLETE W100m-000,0.135,,MOCK,1
WCH2013-100m-W-R1-H6,WCH,2013,100m,W,R1,6,3,MOCK ATHLETE W100m-030,0.143,,MOCK,1
WCH2013-100m-W-R1-H6,WCH,2013,100m,W,R1,6,4,MOCK ATHLETE W100m-044,0.164,,MOCK,1
WCH2013-100m-W-R1-H6,WCH,2013,100m,W,R1,6,5,MOCK ATHLETE W100m-053,0.146,,MOCK,1
WCH2013-100m-W-R1-H6,WCH,2013,100m,W,R1,6,6,MOCK ATHLETE W100m-010,0.154,,MOCK,1
WCH2013-100m-W-R1-H6,WCH,2013,100m,W,R1,6,7,MOCK ATHLETE W100m-052,0.179,,MOCK,1
WCH2013-100m-W-R1-H6,WCH,2013,100m,W,R1,6,8,MOCK ATHLETE W100m-005,0.158,,MOCK,1
WCH2013-100m-W-SF-H1,WCH,2013,100m,W,SF,1,2,MOCK ATHLETE W100m-002,0.121,,MOCK,1
WCH2013-100m-W-SF-H1,WCH,2013,100m,W,SF,1,3,MOCK ATHLETE W100m-051,0.16,,MOCK,1
WCH2013-100m-W-SF-H1,WCH,2013,100m,W,SF,1,4,MOCK ATHLETE W100m-038,0.143,,MOCK,1
WCH2013-100m-W-SF-H1,WCH,2013,100m,W,SF,1,5,MOCK ATHLETE W100m-024,0.194,,MOCK,1
WCH2013-100m-W-SF-H1,WCH,2013,100m,W,SF,1,6,MOCK ATHLETE W100m-041,0.13,,MOCK,1
WCH2013-100m-W-SF-H1,WCH,2013,100m,W,SF,1,7,MOCK ATHLETE W100m-013,0.163,,MOCK,1
WCH2013-100m-W-SF-H1,WCH,2013,100m,W,SF,1,8,MOCK ATHLETE W100m-069,0.148,,MOCK,1
WCH2013-100m-W-SF-H1,WCH,2013,100m,W,SF,1,9,MOCK ATHLETE W100m-062,0.188,,MOCK,1
WCH2013-100m-W-SF-H2,WCH,2013,100m,W,SF,2,2,MOCK ATHLETE W100m-023,0.186,,MOCK,1
WCH2013-100m-W-SF-H2,WCH,2013,100m,W,SF,2,3,MOCK ATHLETE W100m-025,0.152,,MOCK,1
WCH2013-100m-W-SF-H2,WCH,2013,100m,W,SF,2,4,MOCK ATHLETE W100m-043,0.136,,MOCK,1
WCH2013-100m-W-SF-H2,WCH,2013,100m,W,SF,2,5,MOCK ATHLETE W100m-044,0.116,,MOCK,1
WCH2013-100m-W-SF-H2,WCH,2013,100m,W,SF,2,6,MOCK ATHLETE W100m-042,0.153,,MOCK,1
WCH2013-100m-W-SF-H2,WCH,2013,100m,W,SF,2,7,MOCK ATHLETE W100m-049,0.145,,MOCK,1
WCH2013-100m-W-SF-H2,WCH,2013,100m,W,SF,2,8,MOCK ATHLETE W100m-048,0.136,,MOCK,1
WCH2013-100m-W-SF-H2,WCH,2013,100m,W,SF,2,9,MOCK ATHLETE W100m-019,0.138,,MOCK,1
WCH2013-100m-W-SF-H3,WCH,2013,100m,W,SF,3,2,MOCK ATHLETE W100m-012,0.121,,MOCK,1
WCH2013-100m-W-SF-H3,WCH,2013,100m,W,SF,3,3,MOCK ATHLETE W100m-033,0.156,,MOCK,1
WCH2013-100m-W-SF-H3,WCH,2013,100m,W,SF,3,4,MOCK ATHLETE W100m-055,0.203,,MOCK,1
WCH2013-100m-W-SF-H3,WCH,2013,100m,W,SF,3,5,MOCK ATHLETE W100m-006,0.143,,MOCK,1
WCH2013-100m-W-SF-H3,WCH,2013,100m,W,SF,3,6,MOCK ATHLETE W100m-031,0.153,,MOCK,1
WCH2013-100m-W-SF-H3,WCH,2013,100m,W,SF,3,7,MOCK ATHLETE W100m-028,0.16,,MOCK,1
WCH2013-100m-W-SF-H3,WCH,2013,100m,W,SF,3,8,MOCK ATHLETE W100m-050,0.167,,MOCK,1
WCH2013-100m-W-SF-H3,WCH,2013,100m,W,SF,3,9,MOCK ATHLETE W100m-057,0.172,,MOCK,1
WCH2013-100m-W-F-H1,WCH,2013,100m,W,F,1,2,MOCK ATHLETE W100m-042,0.156,,MOCK,1
WCH2013-100m-W-F-H1,WCH,2013,100m,W,F,1,3,MOCK ATHLETE W100m-028,0.117,,MOCK,1
WCH2013-100m-W-F-H1,WCH,2013,100m,W,F,1,4,MOCK ATHLETE W100m-044,0.137,,MOCK,1
WCH2013-100m-W-F-H1,WCH,2013,100m,W,F,1,5,MOCK ATHLETE W100m-012,0.116,,MOCK,1
WCH2013-100m-W-F-H1,WCH,2013,100m,W,F,1,6,MOCK ATHLETE W100m-023,0.137,,MOCK,1
WCH2013-100m-W-F-H1,WCH,2013,100m,W,F,1,7,MOCK ATHLETE W100m-049,0.154,,MOCK,1
WCH2013-100m-W-F-H1,WCH,2013,100m,W,F,1,8,MOCK ATHLETE W100m-043,0.147,,MOCK,1
WCH2013-100m-W-F-H1,WCH,2013,100m,W,F,1,9,MOCK ATHLETE W100m-033,0.148,,MOCK,1
WCH2013-200m-W-R1-H1,WCH,2013,200m,W,R1,1,2,MOCK ATHLETE W200m-012,0.173,,MOCK,1
WCH2013-200m-W-R1-H1,WCH,2013,200m,W,R1,1,3,MOCK ATHLETE W200m-007,0.164,,MOCK,1
WCH2013-200m-W-R1-H1,WCH,2013,200m,W,R1,1,4,MOCK ATHLETE W200m-004,0.162,,MOCK,1
WCH2013-200m-W-R1-H1,WCH,2013,200m,W,R1,1,5,MOCK ATHLETE W200m-043,0.18,,MOCK,1
WCH2013-200m-W-R1-H1,WCH,2013,200m,W,R1,1,6,MOCK ATHLETE W200m-024,0.162,,MOCK,1
WCH2013-200m-W-R1-H1,WCH,2013,200m,W,R1,1,7,MOCK ATHLETE W200m-006,0.152,,MOCK,1
WCH2013-200m-W-R1-H1,WCH,2013,200m,W,R1,1,8,MOCK ATHLETE W200m-067,0.163,,MOCK,1
WCH2013-200m-W-R1-H1,WCH,2013,200m,W,R1,1,9,MOCK ATHLETE W200m-030,0.168,,MOCK,1
WCH2013-200m-W-R1-H2,WCH,2013,200m,W,R1,2,2,MOCK ATHLETE W200m-016,0.134,,MOCK,1
WCH2013-200m-W-R1-H2,WCH,2013,200m,W,R1,2,3,MOCK ATHLETE W200m-015,0.151,,MOCK,1
WCH2013-200m-W-R1-H2,WCH,2013,200m,W,R1,2,4,MOCK ATHLETE W200m-059,0.159,,MOCK,1
WCH2013-200m-W-R1-H2,WCH,2013,200m,W,R1,2,5,MOCK ATHLETE W200m-018,0.147,,MOCK,1
WCH2013-200m-W-R1-H2,WCH,2013,200m,W,R1,2,6,MOCK ATHLETE W200m-029,0.143,,MOCK,1
WCH2013-200m-W-R1-H2,WCH,2013,200m,W,R1,2,7,MOCK ATHLETE W200m-046,0.145,,MOCK,1
WCH2013-200m-W-R1-H2,WCH,2013,200m,W,R1,2,8,MOCK ATHLETE W200m-052,0.155,,MOCK,1
WCH2013-200m-W-R1-H2,WCH,2013,200m,W,R1,2,9,MOCK ATHLETE W200m-009,0.144,,MOCK,1
WCH2013-200m-W-R1-H3,WCH,2013,200m,W,R1,3,2,MOCK ATHLETE W200m-044,0.156,,MOCK,1
WCH2013-200m-W-R1-H3,WCH,2013,200m,W,R1,3,3,MOCK ATHLETE W200m-005,0.153,,MOCK,1
WCH2013-200m-W-R1-H3,WCH,2013,200m,W,R1,3,4,MOCK ATHLETE W200m-011,0.182,,MOCK,1
WCH2013-200m-W-R1-H3,WCH,2013,200m,W,R1,3,5,MOCK ATHLETE W200m-058,0.167,,MOCK,1
WCH2013-200m-W-R1-H3,WCH,2013,200m,W,R1,3,6,MOCK ATHLETE W200m-065,0.129,,MOCK,1
WCH2013-200m-W-R1-H3,WCH,2013,200m,W,R1,3,7,MOCK ATHLETE W200m-028,0.135,,MOCK,1
WCH2013-200m-W-R1-H3,WCH,2013,200m,W,R1,3,8,MOCK ATHLETE W200m-054,0.114,,MOCK,1
WCH2013-200m-W-R1-H3,WCH,2013,200m,W,R1,3,9,MOCK ATHLETE W200m-040,0.131,,MOCK,1
WCH2013-200m-W-R1-H4,WCH,2013,200m,W,R1,4,2,MOCK ATHLETE W200m-022,0.13,,MOCK,1
WCH2013-200m-W-R1-H4,WCH,2013,200m,W,R1,4,3,MOCK ATHLETE W200m-013,0.151,,MOCK,1
WCH2013-200m-W-R1-H4,WCH,2013,200m,W,R1,4,4,MOCK ATHLETE W200m-023,0.13,,MOCK,1
WCH2013-200m-W-R1-H4,WCH,2013,200m,W,R1,4,5,MOCK ATHLETE W200m-027,0.143,,MOCK,1
WCH2013-200m-W-R1-H4,WCH,2013,200m,W,R1,4,6,MOCK ATHLETE W200m-055,0.118,,MOCK,1
WCH2013-200m-W-R1-H4,WCH,2013,200m,W,R1,4,7,MOCK ATHLETE W200m-047,0.155,,MOCK,1
WCH2013-200m-W-R1-H4,WCH,2013,200m,W,R1,4,8,MOCK ATHLETE W200m-002,0.149,,MOCK,1
WCH2013-200m-W-R1-H4,WCH,2013,200m,W,R1,4,9,MOCK ATHLETE W200m-038,0.161,,MOCK,1
WCH2013-200m-W-R1-H5,WCH,2013,200m,W,R1,5,2,MOCK ATHLETE W200m-021,0.127,,MOCK,1
WCH2013-200m-W-R1-H5,WCH,2013,200m,W,R1,5,3,MOCK ATHLETE W200m-048,0.177,,MOCK,1
WCH2013-200m-W-R1-H5,WCH,2013,200m,W,R1,5,4,MOCK ATHLETE W200m-051,0.132,,MOCK,1
WCH2013-200m-W-R1-H5,WCH,2013,200m,W,R1,5,5,MOCK ATHLETE W200m-035,0.148,,MOCK,1
WCH2013-200m-W-R1-H5,WCH,2013,200m,W,R1,5,6,MOCK ATHLETE W200m-032,0.13,,MOCK,1
WCH2013-200m-W-R1-H5,WCH,2013,200m,W,R1,5,7,MOCK ATHLETE W200m-017,0.165,,MOCK,1
WCH2013-200m-W-R1-H5,WCH,2013,200m,W,R1,5,8,MOCK ATHLETE W200m-041,0.157,,MOCK,1
WCH2013-200m-W-R1-H6,WCH,2013,200m,W,R1,6,2,MOCK ATHLETE W200m-068,0.173,,MOCK,1
WCH2013-200m-W-R1-H6,WCH,2013,200m,W,R1,6,3,MOCK ATHLETE W200m-010,0.126,,MOCK,1
WCH2013-200m-W-R1-H6,WCH,2013,200m,W,R1,6,4,MOCK ATHLETE W200m-049,0.148,,MOCK,1
WCH2013-200m-W-R1-H6,WCH,2013,200m,W,R1,6,5,MOCK ATHLETE W200m-064,0.143,,MOCK,1
WCH2013-200m-W-R1-H6,WCH,2013,200m,W,R1,6,6,MOCK ATHLETE W200m-053,0.173,,MOCK,1
WCH2013-200m-W-R1-H6,WCH,2013,200m,W,R1,6,7,MOCK ATHLETE W200m-008,0.125,,MOCK,1
WCH2013-200m-W-R1-H6,WCH,2013,200m,W,R1,6,8,MOCK ATHLETE W200m-031,0.15,,MOCK,1
WCH2013-200m-W-R1-H6,WCH,2013,200m,W,R1,6,9,MOCK ATHLETE W200m-057,0.139,,MOCK,1
WCH2013-200m-W-SF-H1,WCH,2013,200m,W,SF,1,2,MOCK ATHLETE W200m-017,0.152,,MOCK,1
WCH2013-200m-W-SF-H1,WCH,2013,200m,W,SF,1,3,MOCK ATHLETE W200m-052,0.117,,MOCK,1
WCH2013-200m-W-SF-H1,WCH,2013,200m,W,SF,1,4,MOCK ATHLETE W200m-023,0.138,,MOCK,1
WCH2013-200m-W-SF-H1,WCH,2013,200m,W,SF,1,5,MOCK ATHLETE W200m-016,0.14,,MOCK,1
WCH2013-200m-W-SF-H1,WCH,2013,200m,W,SF,1,6,MOCK ATHLETE W200m-026,0.144,,MOCK,1
WCH2013-200m-W-SF-H1,WCH,2013,200m,W,SF,1,7,MOCK ATHLETE W200m-040,0.168,,MOCK,1
WCH2013-200m-W-SF-H1,WCH,2013,200m,W,SF,1,8,MOCK ATHLETE W200m-005,0.152,,MOCK,1
WCH2013-200m-W-SF-H1,WCH,2013,200m,W,SF,1,9,MOCK ATHLETE W200m-043,0.154,,MOCK,1
WCH2013-200m-W-SF-H2,WCH,2013,200m,W,SF,2,2,MOCK ATHLETE W200m-057,0.146,,MOCK,1
WCH2013-200m-W-SF-H2,WCH,2013,200m,W,SF,2,3,MOCK ATHLETE W200m-067,0.195,,MOCK,1
WCH2013-200m-W-SF-H2,WCH,2013,200m,W,SF,2,4,MOCK ATHLETE W200m-053,0.159,,MOCK,1
WCH2013-200m-W-SF-H2,WCH,2013,200m,W,SF,2,5,MOCK ATHLETE W200m-041,0.148,,MOCK,1
WCH2013-200m-W-SF-H2,WCH,2013,200m,W,SF,2,6,MOCK ATHLETE W200m-018,0.159,,MOCK,1
WCH2013-200m-W-SF-H2,WCH,2013,200m,W,SF,2,7,MOCK ATHLETE W200m-051,0.144,,MOCK,1
WCH2013-200m-W-SF-H2,WCH,2013,200m,W,SF,2,8,MOCK ATHLETE W200m-027,0.147,,MOCK,1
WCH2013-200m-W-SF-H2,WCH,2013,200m,W,SF,2,9,MOCK ATHLETE W200m-046,0.147,,MOCK,1
WCH2013-200m-W-SF-H3,WCH,2013,200m,W,SF,3,2,MOCK ATHLETE W200m-004,0.157,,MOCK,1
WCH2013-200m-W-SF-H3,WCH,2013,200m,W,SF,3,3,MOCK ATHLETE W200m-007,0.17,,MOCK,1
WCH2013-200m-W-SF-H3,WCH,2013,200m,W,SF,3,4,MOCK ATHLETE W200m-024,0.129,,MOCK,1
WCH2013-200m-W-SF-H3,WCH,2013,200m,W,SF,3,5,MOCK ATHLETE W200m-064,0.155,,MOCK,1
WCH2013-200m-W-SF-H3,WCH,2013,200m,W,SF,3,6,MOCK ATHLETE W200m-013,0.169,,MOCK,1
WCH2013-200m-W-SF-H3,WCH,2013,200m,W,SF,3,7,MOCK ATHLETE W200m-009,0.132,,MOCK,1
WCH2013-200m-W-SF-H3,WCH,2013,200m,W,SF,3,8,MOCK ATHLETE W200m-035,0.149,,MOCK,1
WCH2013-200m-W-SF-H3,WCH,2013,200m,W,SF,3,9,MOCK ATHLETE W200m-008,0.139,,MOCK,1
WCH2013-200m-W-F-H1,WCH,2013,200m,W,F,1,2,MOCK ATHLETE W200m-017,0.132,,MOCK,1
WCH2013-200m-W-F-H1,WCH,2013,200m,W,F,1,3,MOCK ATHLETE W200m-067,0.147,,MOCK,1
WCH2013-200m-W-F-H1,WCH,2013,200m,W,F,1,4,MOCK ATHLETE W200m-053,0.135,,MOCK,1
WCH2013-200m-W-F-H1,WCH,2013,200m,W,F,1,5,MOCK ATHLETE W200m-035,0.143,,MOCK,1
WCH2013-200m-W-F-H1,WCH,2013,200m,W,F,1,6,MOCK ATHLETE W200m-013,0.147,,MOCK,1
WCH2013-200m-W-F-H1,WCH,2013,200m,W,F,1,7,MOCK ATHLETE W200m-005,0.143,,MOCK,1
WCH2013-200m-W-F-H1,WCH,2013,200m,W,F,1,8,MOCK ATHLETE W200m-046,0.141,,MOCK,1
WCH2013-200m-W-F-H1,WCH,2013,200m,W,F,1,9,MOCK ATHLETE W200m-007,0.142,,MOCK,1
WCH2013-100mH-W-R1-H1,WCH,2013,100mH,W,R1,1,2,MOCK ATHLETE W100mH-007,0.167,,MOCK,1
WCH2013-100mH-W-R1-H1,WCH,2013,100mH,W,R1,1,3,MOCK ATHLETE W100mH-062,0.188,,MOCK,1
WCH2013-100mH-W-R1-H1,WCH,2013,100mH,W,R1,1,4,MOCK ATHLETE W100mH-029,0.144,,MOCK,1
WCH2013-100mH-W-R1-H1,WCH,2013,100mH,W,R1,1,5,MOCK ATHLETE W100mH-058,0.149,,MOCK,1
WCH2013-100mH-W-R1-H1,WCH,2013,100mH,W,R1,1,6,MOCK ATHLETE W100mH-048,0.119,,MOCK,1
WCH2013-100mH-W-R1-H1,WCH,2013,100mH,W,R1,1,7,MOCK ATHLETE W100mH-011,0.176,,MOCK,1
WCH2013-100mH-W-R1-H1,WCH,2013,100mH,W,R1,1,8,MOCK ATHLETE W100mH-040,0.168,,MOCK,1
WCH2013-100mH-W-R1-H1,WCH,2013,100mH,W,R1,1,9,MOCK ATHLETE W100mH-060,0.165,,MOCK,1
WCH2013-100mH-W-R1-H2,WCH,2013,100mH,W,R1,2,2,MOCK ATHLETE W100mH-013,0.198,,MOCK,1
WCH2013-100mH-W-R1-H2,WCH,2013,100mH,W,R1,2,3,MOCK ATHLETE W100mH-005,0.158,,MOCK,1
WCH2013-100mH-W-R1-H2,WCH,2013,100mH,W,R1,2,4,MOCK ATHLETE W100mH-068,0.168,,MOCK,1
WCH2013-100mH-W-R1-H2,WCH,2013,100mH,W,R1,2,5,MOCK ATHLETE W100mH-066,0.184,,MOCK,1
WCH2013-100mH-W-R1-H2,WCH,2013,100mH,W,R1,2,6,MOCK ATHLETE W100mH-025,0.201,,MOCK,1
WCH2013-100mH-W-R1-H2,WCH,2013,100mH,W,R1,2,7,MOCK ATHLETE W100mH-044,0.166,,MOCK,1
WCH2013-100mH-W-R1-H2,WCH,2013,100mH,W,R1,2,8,MOCK ATHLETE W100mH-037,0.168,,MOCK,1
WCH2013-100mH-W-R1-H3,WCH,2013,100mH,W,R1,3,2,MOCK ATHLETE W100mH-008,0.142,,MOCK,1
WCH2013-100mH-W-R1-H3,WCH,2013,100mH,W,R1,3,3,MOCK ATHLETE W100mH-057,0.136,,MOCK,1
WCH2013-100mH-W-R1-H3,WCH,2013,100mH,W,R1,3,4,MOCK ATHLETE W100mH-043,0.114,,MOCK,1
WCH2013-100mH-W-R1-H3,WCH,2013,100mH,W,R1,3,5,MOCK ATHLETE W100mH-030,0.134,,MOCK,1
WCH2013-100mH-W-R1-H3,WCH,2013,100mH,W,R1,3,6,MOCK ATHLETE W100mH-024,0.142,,MOCK,1
WCH2013-100mH-W-R1-H3,WCH,2013,100mH,W,R1,3,7,MOCK ATHLETE W100mH-065,0.125,,MOCK,1
WCH2013-100mH-W-R1-H3,WCH,2013,100mH,W,R1,3,8,MOCK ATHLETE W100mH-053,0.143,,MOCK,1
WCH2013-100mH-W-R1-H3,WCH,2013,100mH,W,R1,3,9,MOCK ATHLETE W100mH-003,0.159,,MOCK,1
WCH2013-100mH-W-R1-H4,WCH,2013,100mH,W,R1,4,2,MOCK ATHLETE W100mH-018,0.166,,MOCK,1
WCH2013-100mH-W-R1-H4,WCH,2013,100mH,W,R1,4,3,MOCK ATHLETE W100mH-022,0.152,,MOCK,1
WCH2013-100mH-W-R1-H4,WCH,2013,100mH,W,R1,4,4,MOCK ATHLETE W100mH-050,0.171,,MOCK,1
WCH2013-100mH-W-R1-H4,WCH,2013,100mH,W,R1,4,5,MOCK ATHLETE W100mH-004,0.149,,MOCK,1
WCH2013-100mH-W-R1-H4,WCH,2013,100mH,W,R1,4,6,MOCK ATHLETE W100mH-056,0.129,,MOCK,1
WCH2013-100mH-W-R1-H4,WCH,2013,100mH,W,R1,4,7,MOCK ATHLETE W100mH-064,0.139,,MOCK,1
WCH2013-100mH-W-R1-H4,WCH,2013,100mH,W,R1,4,8,MOCK ATHLETE W100mH-042,0.127,,MOCK,1
WCH2013-100mH-W-R1-H5,WCH,2013,100mH,W,R1,5,2,MOCK ATHLETE W100mH-052,0.111,,MOCK,1
WCH2013-100mH-W-R1-H5,WCH,2013,100mH,W,R1,5,3,MOCK ATHLETE W100mH-001,0.14,,MOCK,1
WCH2013-100mH-W-R1-H5,WCH,2013,100mH,W,R1,5,4,MOCK ATHLETE W100mH-031,0.116,,MOCK,1
WCH2013-100mH-W-R1-H5,WCH,2013,100mH,W,R1,5,5,MOCK ATHLETE W100mH-006,0.174,,MOCK,1
WCH2013-100mH-W-R1-H5,WCH,2013,100mH,W,R1,5,6,MOCK ATHLETE W100mH-039,0.131,,MOCK,1
WCH2013-100mH-W-R1-H5,WCH,2013,100mH,W,R1,5,7,MOCK ATHLETE W100mH-049,0.15,,MOCK,1
WCH2013-100mH-W-R1-H5,WCH,2013,100mH,W,R1,5,8,MOCK ATHLETE W100mH-010,0.156,,MOCK,1
WCH2013-100mH-W-R1-H5,WCH,2013,100mH,W,R1,5,9,MOCK ATHLETE W100mH-046,0.14,,MOCK,1
WCH2013-100mH-W-R1-H6,WCH,2013,100mH,W,R1,6,2,MOCK ATHLETE W100mH-047,0.147,,MOCK,1
WCH2013-100mH-W-R1-H6,WCH,2013,100mH,W,R1,6,3,MOCK ATHLETE W100mH-017,0.14,,MOCK,1
WCH2013-100mH-W-R1-H6,WCH,2013,100mH,W,R1,6,4,MOCK ATHLETE W100mH-015,0.162,,MOCK,1
WCH2013-100mH-W-R1-H6,WCH,2013,100mH,W,R1,6,5,MOCK ATHLETE W100mH-028,0.132,,MOCK,1
WCH2013-100mH-W-R1-H6,WCH,2013,100mH,W,R1,6,6,MOCK ATHLETE W100mH-023,0.156,,MOCK,1
WCH2013-100mH-W-R1-H6,WCH,2013,100mH,W,R1,6,7,MOCK ATHLETE W100mH-002,0.158,,MOCK,1
WCH2013-100mH-W-R1-H6,WCH,2013,100mH,W,R1,6,8,MOCK ATHLETE W100mH-059,0.141,,MOCK,1
WCH2013-100mH-W-R1-H6,WCH,2013,100mH,W,R1,6,9,MOCK ATHLETE W100mH-067,0.146,,MOCK,1
WCH2013-100mH-W-SF-H1,WCH,2013,100mH,W,SF,1,2,MOCK ATHLETE W100mH-017,0.159,,MOCK,1
WCH2013-100mH-W-SF-H1,WCH,2013,100mH,W,SF,1,3,MOCK ATHLETE W100mH-056,0.137,,MOCK,1
WCH2013-100mH-W-SF-H1,WCH,2013,100mH,W,SF,1,4,MOCK ATHLETE W100mH-002,0.144,,MOCK,1
WCH2013-100mH-W-SF-H1,WCH,2013,100mH,W,SF,1,5,MOCK ATHLETE W100mH-008,0.129,,MOCK,1
WCH2013-100mH-W-SF-H1,WCH,2013,100mH,W,SF,1,6,MOCK ATHLETE W100mH-048,0.139,,MOCK,1
WCH2013-100mH-W-SF-H1,WCH,2013,100mH,W,SF,1,7,MOCK ATHLETE W100mH-006,0.127,,MOCK,1
WCH2013-100mH-W-SF-H1,WCH,2013,100mH,W,SF,1,8,MOCK ATHLETE W100mH-050,0.148,,MOCK,1
WCH2013-100mH-W-SF-H1,WCH,2013,100mH,W,SF,1,9,MOCK ATHLETE W100mH-018,0.152,,MOCK,1
WCH2013-100mH-W-SF-H2,WCH,2013,100mH,W,SF,2,2,MOCK ATHLETE W100mH-005,0.166,,MOCK,1
WCH2013-100mH-W-SF-H2,WCH,2013,100mH,W,SF,2,3,MOCK ATHLETE W100mH-053,0.15,,MOCK,1
WCH2013-100mH-W-SF-H2,WCH,2013,100mH,W,SF,2,4,MOCK ATHLETE W100mH-029,0.125,,MOCK,1
WCH2013-100mH-W-SF-H2,WCH,2013,100mH,W,SF,2,5,MOCK ATHLETE W100mH-004,0.173,,MOCK,1
WCH2013-100mH-W-SF-H2,WCH,2013,100mH,W,SF,2,6,MOCK ATHLETE W100mH-047,0.153,,MOCK,1
WCH2013-100mH-W-SF-H2,WCH,2013,100mH,W,SF,2,7,MOCK ATHLETE W100mH-001,0.143,,MOCK,1
WCH2013-100mH-W-SF-H2,WCH,2013,100mH,W,SF,2,8,MOCK ATHLETE W100mH-028,0.149,,MOCK,1
WCH2013-100mH-W-SF-H2,WCH,2013,100mH,W,SF,2,9,MOCK ATHLETE W100mH-037,0.152,,MOCK,1
WCH2013-100mH-W-SF-H3,WCH,2013,100mH,W,SF,3,2,MOCK ATHLETE W100mH-011,0.166,,MOCK,1
WCH2013-100mH-W-SF-H3,WCH,2013,100mH,W,SF,3,3,MOCK ATHLETE W100mH-062,0.146,,MOCK,1
WCH2013-100mH-W-SF-H3,WCH,2013,100mH,W,SF,3,4,MOCK ATHLETE W100mH-022,0.124,,MOCK,1
WCH2013-100mH-W-SF-H3,WCH,2013,100mH,W,SF,3,5,MOCK ATHLETE W100mH-025,0.158,,MOCK,1
WCH2013-100mH-W-SF-H3,WCH,2013,100mH,W,SF,3,6,MOCK ATHLETE W100mH-003,0.135,,MOCK,1
WCH2013-100mH-W-SF-H3,WCH,2013,100mH,W,SF,3,7,MOCK ATHLETE W100mH-040,0.137,,MOCK,1
WCH2013-100mH-W-SF-H3,WCH,2013,100mH,W,SF,3,8,MOCK ATHLETE W100mH-045,0.139,,MOCK,1
WCH2013-100mH-W-SF-H3,WCH,2013,100mH,W,SF,3,9,MOCK ATHLETE W100mH-043,0.121,,MOCK,1
WCH2013-100mH-W-F-H1,WCH,2013,100mH,W,F,1,2,MOCK ATHLETE W100mH-004,0.126,,MOCK,1
WCH2013-100mH-W-F-H1,WCH,2013,100mH,W,F,1,3,MOCK ATHLETE W100mH-022,0.116,,MOCK,1
WCH2013-100mH-W-F-H1,WCH,2013,100mH,W,F,1,4,MOCK ATHLETE W100mH-008,0.128,,MOCK,1
WCH2013-100mH-W-F-H1,WCH,2013,100mH,W,F,1,5,MOCK ATHLETE W100mH-050,0.132,,MOCK,1
WCH2013-100mH-W-F-H1,WCH,2013,100mH,W,F,1,6,MOCK ATHLETE W100mH-025,0.186,,MOCK,1
WCH2013-100mH-W-F-H1,WCH,2013,100mH,W,F,1,7,MOCK ATHLETE W100mH-002,0.143,,MOCK,1
WCH2013-100mH-W-F-H1,WCH,2013,100mH,W,F,1,8,MOCK ATHLETE W100mH-018,0.138,,MOCK,1
WCH2013-100mH-W-F-H1,WCH,2013,100mH,W,F,1,9,MOCK ATHLETE W100mH-017,0.114,,MOCK,1
WCH2015-100m-M-PR-H1,WCH,2015,100m,M,PR,1,2,MOCK PR M100m2015-0,0.144,,MOCK,1
WCH2015-100m-M-PR-H1,WCH,2015,100m,M,PR,1,3,MOCK PR M100m2015-1,0.17,,MOCK,1
WCH2015-100m-M-PR-H1,WCH,2015,100m,M,PR,1,4,MOCK PR M100m2015-2,0.144,,MOCK,1
WCH2015-100m-M-PR-H1,WCH,2015,100m,M,PR,1,5,MOCK PR M100m2015-3,0.151,,MOCK,1
WCH2015-100m-M-PR-H1,WCH,2015,100m,M,PR,1,6,MOCK PR M100m2015-4,0.148,,MOCK,1
WCH2015-100m-M-PR-H1,WCH,2015,100m,M,PR,1,7,MOCK PR M100m2015-5,0.129,,MOCK,1
WCH2015-100m-M-PR-H1,WCH,2015,100m,M,PR,1,8,MOCK PR M100m2015-6,0.14,,MOCK,1
WCH2015-100m-M-PR-H1,WCH,2015,100m,M,PR,1,9,MOCK PR M100m2015-7,0.177,,MOCK,1
WCH2015-100m-M-PR-H2,WCH,2015,100m,M,PR,2,2,MOCK PR M100m2015-8,0.149,,MOCK,1
WCH2015-100m-M-PR-H2,WCH,2015,100m,M,PR,2,3,MOCK PR M100m2015-9,0.139,,MOCK,1
WCH2015-100m-M-PR-H2,WCH,2015,100m,M,PR,2,4,MOCK PR M100m2015-10,0.164,,MOCK,1
WCH2015-100m-M-PR-H2,WCH,2015,100m,M,PR,2,5,MOCK PR M100m2015-11,0.173,,MOCK,1
WCH2015-100m-M-PR-H2,WCH,2015,100m,M,PR,2,6,MOCK PR M100m2015-12,0.174,,MOCK,1
WCH2015-100m-M-PR-H2,WCH,2015,100m,M,PR,2,7,MOCK PR M100m2015-13,0.182,,MOCK,1
WCH2015-100m-M-PR-H2,WCH,2015,100m,M,PR,2,8,MOCK PR M100m2015-14,0.147,,MOCK,1
WCH2015-100m-M-R1-H1,WCH,2015,100m,M,R1,1,2,MOCK ATHLETE M100m-051,0.12,,MOCK,1
WCH2015-100m-M-R1-H1,WCH,2015,100m,M,R1,1,3,MOCK ATHLETE M100m-035,0.124,,MOCK,1
WCH2015-100m-M-R1-H1,WCH,2015,100m,M,R1,1,4,MOCK ATHLETE M100m-000,0.142,,MOCK,1
WCH2015-100m-M-R1-H1,WCH,2015,100m,M,R1,1,5,MOCK ATHLETE M100m-043,0.143,,MOCK,1
WCH2015-100m-M-R1-H1,WCH,2015,100m,M,R1,1,6,MOCK ATHLETE M100m-005,0.144,,MOCK,1
WCH2015-100m-M-R1-H1,WCH,2015,100m,M,R1,1,7,MOCK ATHLETE M100m-060,0.137,,MOCK,1
WCH2015-100m-M-R1-H1,WCH,2015,100m,M,R1,1,8,MOCK ATHLETE M100m-019,0.12,,MOCK,1
WCH2015-100m-M-R1-H1,WCH,2015,100m,M,R1,1,9,MOCK ATHLETE M100m-038,0.16,,MOCK,1
WCH2015-100m-M-R1-H2,WCH,2015,100m,M,R1,2,2,MOCK ATHLETE M100m-058,0.161,,MOCK,1
WCH2015-100m-M-R1-H2,WCH,2015,100m,M,R1,2,3,MOCK ATHLETE M100m-053,0.136,,MOCK,1
WCH2015-100m-M-R1-H2,WCH,2015,100m,M,R1,2,4,MOCK ATHLETE M100m-006,0.117,,MOCK,1
WCH2015-100m-M-R1-H2,WCH,2015,100m,M,R1,2,5,MOCK ATHLETE M100m-034,0.145,,MOCK,1
WCH2015-100m-M-R1-H2,WCH,2015,100m,M,R1,2,6,MOCK ATHLETE M100m-029,0.173,,MOCK,1
WCH2015-100m-M-R1-H2,WCH,2015,100m,M,R1,2,7,MOCK ATHLETE M100m-009,0.148,,MOCK,1
WCH2015-100m-M-R1-H2,WCH,2015,100m,M,R1,2,8,MOCK ATHLETE M100m-068,0.135,,MOCK,1
WCH2015-100m-M-R1-H2,WCH,2015,100m,M,R1,2,9,MOCK ATHLETE M100m-012,0.16,,MOCK,1
WCH2015-100m-M-R1-H3,WCH,2015,100m,M,R1,3,2,MOCK ATHLETE M100m-064,0.145,,MOCK,1
WCH2015-100m-M-R1-H3,WCH,2015,100m,M,R1,3,3,MOCK ATHLETE M100m-047,0.154,,MOCK,1
WCH2015-100m-M-R1-H3,WCH,2015,100m,M,R1,3,4,MOCK ATHLETE M100m-026,0.102,,MOCK,1
WCH2015-100m-M-R1-H3,WCH,2015,100m,M,R1,3,5,MOCK ATHLETE M100m-023,0.152,,MOCK,1
WCH2015-100m-M-R1-H3,WCH,2015,100m,M,R1,3,6,MOCK ATHLETE M100m-015,0.184,,MOCK,1
WCH2015-100m-M-R1-H3,WCH,2015,100m,M,R1,3,7,MOCK ATHLETE M100m-042,0.139,,MOCK,1
WCH2015-100m-M-R1-H3,WCH,2015,100m,M,R1,3,8,MOCK ATHLETE M100m-033,0.168,,MOCK,1
WCH2015-100m-M-R1-H3,WCH,2015,100m,M,R1,3,9,MOCK ATHLETE M100m-020,0.176,,MOCK,1
WCH2015-100m-M-R1-H4,WCH,2015,100m,M,R1,4,2,MOCK ATHLETE M100m-056,0.14,,MOCK,1
WCH2015-100m-M-R1-H4,WCH,2015,100m,M,R1,4,3,MOCK ATHLETE M100m-008,0.153,,MOCK,1
WCH2015-100m-M-R1-H4,WCH,2015,100m,M,R1,4,4,MOCK ATHLETE M100m-021,0.146,,MOCK,1
WCH2015-100m-M-R1-H4,WCH,2015,100m,M,R1,4,5,MOCK ATHLETE M100m-057,0.16,,MOCK,1
WCH2015-100m-M-R1-H4,WCH,2015,100m,M,R1,4,6,MOCK ATHLETE M100m-031,0.168,,MOCK,1
WCH2015-100m-M-R1-H4,WCH,2015,100m,M,R1,4,7,MOCK ATHLETE M100m-067,0.137,,MOCK,1
WCH2015-100m-M-R1-H4,WCH,2015,100m,M,R1,4,8,MOCK ATHLETE M100m-003,0.127,,MOCK,1
WCH2015-100m-M-R1-H4,WCH,2015,100m,M,R1,4,9,MOCK ATHLETE M100m-030,0.143,,MOCK,1
WCH2015-100m-M-R1-H5,WCH,2015,100m,M,R1,5,2,MOCK ATHLETE M100m-027,0.15,,MOCK,1
WCH2015-100m-M-R1-H5,WCH,2015,100m,M,R1,5,3,MOCK ATHLETE M100m-044,0.159,,MOCK,1
WCH2015-100m-M-R1-H5,WCH,2015,100m,M,R1,5,4,MOCK ATHLETE M100m-066,0.156,,MOCK,1
WCH2015-100m-M-R1-H5,WCH,2015,100m,M,R1,5,5,MOCK ATHLETE M100m-055,0.134,,MOCK,1
WCH2015-100m-M-R1-H5,WCH,2015,100m,M,R1,5,6,MOCK ATHLETE M100m-059,0.136,,MOCK,1
WCH2015-100m-M-R1-H5,WCH,2015,100m,M,R1,5,7,MOCK ATHLETE M100m-037,0.149,,MOCK,1
WCH2015-100m-M-R1-H5,WCH,2015,100m,M,R1,5,8,MOCK ATHLETE M100m-010,0.164,,MOCK,1
WCH2015-100m-M-R1-H6,WCH,2015,100m,M,R1,6,2,MOCK ATHLETE M100m-045,0.123,,MOCK,1
WCH2015-100m-M-R1-H6,WCH,2015,100m,M,R1,6,3,MOCK ATHLETE M100m-061,0.134,,MOCK,1
WCH2015-100m-M-R1-H6,WCH,2015,100m,M,R1,6,4,MOCK ATHLETE M100m-062,0.155,,MOCK,1
WCH2015-100m-M-R1-H6,WCH,2015,100m,M,R1,6,5,MOCK ATHLETE M100m-001,0.135,,MOCK,1
WCH2015-100m-M-R1-H6,WCH,2015,100m,M,R1,6,6,MOCK ATHLETE M100m-048,0.12,,MOCK,1
WCH2015-100m-M-R1-H6,WCH,2015,100m,M,R1,6,7,MOCK ATHLETE M100m-054,0.161,,MOCK,1
WCH2015-100m-M-R1-H6,WCH,2015,100m,M,R1,6,8,MOCK ATHLETE M100m-013,0.143,,MOCK,1
WCH2015-100m-M-R1-H6,WCH,2015,100m,M,R1,6,9,MOCK ATHLETE M100m-002,0.145,,MOCK,1
WCH2015-100m-M-SF-H1,WCH,2015,100m,M,SF,1,2,MOCK ATHLETE M100m-005,0.137,,MOCK,1
WCH2015-100m-M-SF-H1,WCH,2015,100m,M,SF,1,3,MOCK ATHLETE M100m-001,0.139,,MOCK,1
WCH2015-100m-M-SF-H1,WCH,2015,100m,M,SF,1,4,MOCK ATHLETE M100m-021,0.128,,MOCK,1
WCH2015-100m-M-SF-H1,WCH,2015,100m,M,SF,1,5,MOCK ATHLETE M100m-037,0.164,,MOCK,1
WCH2015-100m-M-SF-H1,WCH,2015,100m,M,SF,1,6,MOCK ATHLETE M100m-000,0.146,,MOCK,1
WCH2015-100m-M-SF-H1,WCH,2015,100m,M,SF,1,7,MOCK ATHLETE M100m-030,0.155,,MOCK,1
WCH2015-100m-M-SF-H1,WCH,2015,100m,M,SF,1,8,MOCK ATHLETE M100m-047,0.153,,MOCK,1
WCH2015-100m-M-SF-H1,WCH,2015,100m,M,SF,1,9,MOCK ATHLETE M100m-013,0.142,,MOCK,1
WCH2015-100m-M-SF-H2,WCH,2015,100m,M,SF,2,2,MOCK ATHLETE M100m-023,0.159,,MOCK,1
WCH2015-100m-M-SF-H2,WCH,2015,100m,M,SF,2,3,MOCK ATHLETE M100m-003,0.143,,MOCK,1
WCH2015-100m-M-SF-H2,WCH,2015,100m,M,SF,2,4,MOCK ATHLETE M100m-042,0.133,,MOCK,1
WCH2015-100m-M-SF-H2,WCH,2015,100m,M,SF,2,5,MOCK ATHLETE M100m-034,0.184,,MOCK,1
WCH2015-100m-M-SF-H2,WCH,2015,100m,M,SF,2,6,MOCK ATHLETE M100m-006,0.154,,MOCK,1
WCH2015-100m-M-SF-H2,WCH,2015,100m,M,SF,2,7,MOCK ATHLETE M100m-027,0.135,,MOCK,1
WCH2015-100m-M-SF-H2,WCH,2015,100m,M,SF,2,8,MOCK ATHLETE M100m-059,0.176,,MOCK,1
WCH2015-100m-M-SF-H2,WCH,2015,100m,M,SF,2,9,MOCK ATHLETE M100m-048,0.151,,MOCK,1
WCH2015-100m-M-SF-H3,WCH,2015,100m,M,SF,3,2,MOCK ATHLETE M100m-010,0.173,,MOCK,1
WCH2015-100m-M-SF-H3,WCH,2015,100m,M,SF,3,3,MOCK ATHLETE M100m-033,0.146,,MOCK,1
WCH2015-100m-M-SF-H3,WCH,2015,100m,M,SF,3,4,MOCK ATHLETE M100m-019,0.124,,MOCK,1
WCH2015-100m-M-SF-H3,WCH,2015,100m,M,SF,3,5,MOCK ATHLETE M100m-066,0.146,,MOCK,1
WCH2015-100m-M-SF-H3,WCH,2015,100m,M,SF,3,6,MOCK ATHLETE M100m-060,0.148,,MOCK,1
WCH2015-100m-M-SF-H3,WCH,2015,100m,M,SF,3,7,MOCK ATHLETE M100m-058,0.162,,MOCK,1
WCH2015-100m-M-SF-H3,WCH,2015,100m,M,SF,3,8,MOCK ATHLETE M100m-053,0.15,,MOCK,1
WCH2015-100m-M-SF-H3,WCH,2015,100m,M,SF,3,9,MOCK ATHLETE M100m-008,0.155,,MOCK,1
WCH2015-100m-M-F-H1,WCH,2015,100m,M,F,1,2,MOCK ATHLETE M100m-042,0.125,,MOCK,1
WCH2015-100m-M-F-H1,WCH,2015,100m,M,F,1,3,MOCK ATHLETE M100m-019,0.135,,MOCK,1
WCH2015-100m-M-F-H1,WCH,2015,100m,M,F,1,4,MOCK ATHLETE M100m-060,0.177,,MOCK,1
WCH2015-100m-M-F-H1,WCH,2015,100m,M,F,1,5,MOCK ATHLETE M100m-033,0.136,,MOCK,1
WCH2015-100m-M-F-H1,WCH,2015,100m,M,F,1,6,MOCK ATHLETE M100m-048,0.173,,MOCK,1
WCH2015-100m-M-F-H1,WCH,2015,100m,M,F,1,7,MOCK ATHLETE M100m-000,0.135,,MOCK,1
WCH2015-100m-M-F-H1,WCH,2015,100m,M,F,1,8,MOCK ATHLETE M100m-013,0.144,,MOCK,1
WCH2015-100m-M-F-H1,WCH,2015,100m,M,F,1,9,MOCK ATHLETE M100m-034,0.161,,MOCK,1
WCH2015-200m-M-R1-H1,WCH,2015,200m,M,R1,1,2,MOCK ATHLETE M200m-011,0.17,,MOCK,1
WCH2015-200m-M-R1-H1,WCH,2015,200m,M,R1,1,3,MOCK ATHLETE M200m-064,0.169,,MOCK,1
WCH2015-200m-M-R1-H1,WCH,2015,200m,M,R1,1,4,MOCK ATHLETE M200m-041,0.174,,MOCK,1
WCH2015-200m-M-R1-H1,WCH,2015,200m,M,R1,1,5,MOCK ATHLETE M200m-036,0.153,,MOCK,1
WCH2015-200m-M-R1-H1,WCH,2015,200m,M,R1,1,6,MOCK ATHLETE M200m-012,0.164,,MOCK,1
WCH2015-200m-M-R1-H1,WCH,2015,200m,M,R1,1,7,MOCK ATHLETE M200m-068,0.172,,MOCK,1
WCH2015-200m-M-R1-H1,WCH,2015,200m,M,R1,1,8,MOCK ATHLETE M200m-056,0.146,,MOCK,1
WCH2015-200m-M-R1-H1,WCH,2015,200m,M,R1,1,9,MOCK ATHLETE M200m-007,0.162,,MOCK,1
WCH2015-200m-M-R1-H2,WCH,2015,200m,M,R1,2,2,MOCK ATHLETE M200m-065,0.171,,MOCK,1
WCH2015-200m-M-R1-H2,WCH,2015,200m,M,R1,2,3,MOCK ATHLETE M200m-019,0.143,,MOCK,1
WCH2015-200m-M-R1-H2,WCH,2015,200m,M,R1,2,4,MOCK ATHLETE M200m-000,0.149,,MOCK,1
WCH2015-200m-M-R1-H2,WCH,2015,200m,M,R1,2,5,MOCK ATHLETE M200m-046,0.164,,MOCK,1
WCH2015-200m-M-R1-H2,WCH,2015,200m,M,R1,2,6,MOCK ATHLETE M200m-061,0.154,,MOCK,1
WCH2015-200m-M-R1-H2,WCH,2015,200m,M,R1,2,7,MOCK ATHLETE M200m-029,0.123,,MOCK,1
WCH2015-200m-M-R1-H2,WCH,2015,200m,M,R1,2,8,MOCK ATHLETE M200m-027,0.152,,MOCK,1
WCH2015-200m-M-R1-H2,WCH,2015,200m,M,R1,2,9,MOCK ATHLETE M200m-008,0.139,,MOCK,1
WCH2015-200m-M-R1-H3,WCH,2015,200m,M,R1,3,2,MOCK ATHLETE M200m-021,0.178,,MOCK,1
WCH2015-200m-M-R1-H3,WCH,2015,200m,M,R1,3,3,MOCK ATHLETE M200m-048,0.157,,MOCK,1
WCH2015-200m-M-R1-H3,WCH,2015,200m,M,R1,3,4,MOCK ATHLETE M200m-057,0.173,,MOCK,1
WCH2015-200m-M-R1-H3,WCH,2015,200m,M,R1,3,5,MOCK ATHLETE M200m-010,0.136,,MOCK,1
WCH2015-200m-M-R1-H3,WCH,2015,200m,M,R1,3,6,MOCK ATHLETE M200m-015,0.144,,MOCK,1
WCH2015-200m-M-R1-H3,WCH,2015,200m,M,R1,3,7,MOCK ATHLETE M200m-039,0.149,,MOCK,1
WCH2015-200m-M-R1-H3,WCH,2015,200m,M,R1,3,8,MOCK ATHLETE M200m-009,0.156,,MOCK,1
WCH2015-200m-M-R1-H3,WCH,2015,200m,M,R1,3,9,MOCK ATHLETE M200m-060,0.147,,MOCK,1
WCH2015-200m-M-R1-H4,WCH,2015,200m,M,R1,4,2,MOCK ATHLETE M200m-003,0.14,,MOCK,1
WCH2015-200m-M-R1-H4,WCH,2015,200m,M,R1,4,3,MOCK ATHLETE M200m-006,0.167,,MOCK,1
WCH2015-200m-M-R1-H4,WCH,2015,200m,M,R1,4,4,MOCK ATHLETE M200m-037,0.14,,MOCK,1
WCH2015-200m-M-R1-H4,WCH,2015,200m,M,R1,4,5,MOCK ATHLETE M200m-066,0.142,,MOCK,1
WCH2015-200m-M-R1-H4,WCH,2015,200m,M,R1,4,6,MOCK ATHLETE M200m-014,0.161,,MOCK,1
WCH2015-200m-M-R1-H4,WCH,2015,200m,M,R1,4,7,MOCK ATHLETE M200m-069,0.181,,MOCK,1
WCH2015-200m-M-R1-H4,WCH,2015,200m,M,R1,4,8,MOCK ATHLETE M200m-047,0.154,,MOCK,1
WCH2015-200m-M-R1-H4,WCH,2015,200m,M,R1,4,9,MOCK ATHLETE M200m-038,0.142,,MOCK,1
WCH2015-200m-M-R1-H5,WCH,2015,200m,M,R1,5,2,MOCK ATHLETE M200m-059,0.141,,MOCK,1
WCH2015-200m-M-R1-H5,WCH,2015,200m,M,R1,5,3,MOCK ATHLETE M200m-004,0.16,,MOCK,1
WCH2015-200m-M-R1-H5,WCH,2015,200m,M,R1,5,4,MOCK ATHLETE M200m-040,0.146,,MOCK,1
WCH2015-200m-M-R1-H5,WCH,2015,200m,M,R1,5,5,MOCK ATHLETE M200m-063,0.12,,MOCK,1
WCH2015-200m-M-R1-H5,WCH,2015,200m,M,R1,5,6,MOCK ATHLETE M200m-002,0.126,,MOCK,1
WCH2015-200m-M-R1-H5,WCH,2015,200m,M,R1,5,7,MOCK ATHLETE M200m-045,0.14,,MOCK,1
WCH2015-200m-M-R1-H5,WCH,2015,200m,M,R1,5,8,MOCK ATHLETE M200m-034,0.128,,MOCK,1
WCH2015-200m-M-R1-H5,WCH,2015,200m,M,R1,5,9,MOCK ATHLETE M200m-017,0.132,,MOCK,1
WCH2015-200m-M-R1-H6,WCH,2015,200m,M,R1,6,2,MOCK ATHLETE M200m-043,0.152,,MOCK,1
WCH2015-200m-M-R1-H6,WCH,2015,200m,M,R1,6,3,MOCK ATHLETE M200m-044,0.157,,MOCK,1
WCH2015-200m-M-R1-H6,WCH,2015,200m,M,R1,6,4,MOCK ATHLETE M200m-031,0.14,,MOCK,1
WCH2015-200m-M-R1-H6,WCH,2015,200m,M,R1,6,5,MOCK ATHLETE M200m-005,0.201,,MOCK,1
WCH2015-200m-M-R1-H6,WCH,2015,200m,M,R1,6,6,MOCK ATHLETE M200m-054,0.127,,MOCK,1
WCH2015-200m-M-R1-H6,WCH,2015,200m,M,R1,6,7,MOCK ATHLETE M200m-067,0.145,,MOCK,1
WCH2015-200m-M-R1-H6,WCH,2015,200m,M,R1,6,8,MOCK ATHLETE M200m-042,0.133,,MOCK,1
WCH2015-200m-M-SF-H1,WCH,2015,200m,M,SF,1,2,MOCK ATHLETE M200m-011,0.152,,MOCK,1
WCH2015-200m-M-SF-H1,WCH,2015,200m,M,SF,1,3,MOCK ATHLETE M200m-036,0.133,,MOCK,1
WCH2015-200m-M-SF-H1,WCH,2015,200m,M,SF,1,4,MOCK ATHLETE M200m-034,0.143,,MOCK,1
WCH2015-200m-M-SF-H1,WCH,2015,200m,M,SF,1,5,MOCK ATHLETE M200m-044,0.137,,MOCK,1
WCH2015-200m-M-SF-H1,WCH,2015,200m,M,SF,1,6,MOCK ATHLETE M200m-047,0.131,,MOCK,1
WCH2015-200m-M-SF-H1,WCH,2015,200m,M,SF,1,7,MOCK ATHLETE M200m-029,0.152,,MOCK,1
WCH2015-200m-M-SF-H1,WCH,2015,200m,M,SF,1,8,MOCK ATHLETE M200m-068,0.175,,MOCK,1
WCH2015-200m-M-SF-H1,WCH,2015,200m,M,SF,1,9,MOCK ATHLETE M200m-005,0.157,,MOCK,1
WCH2015-200m-M-SF-H2,WCH,2015,200m,M,SF,2,2,MOCK ATHLETE M200m-043,0.17,,MOCK,1
WCH2015-200m-M-SF-H2,WCH,2015,200m,M,SF,2,3,MOCK ATHLETE M200m-010,0.147,,MOCK,1
WCH2015-200m-M-SF-H2,WCH,2015,200m,M,SF,2,4,MOCK ATHLETE M200m-054,0.135,,MOCK,1
WCH2015-200m-M-SF-H2,WCH,2015,200m,M,SF,2,5,MOCK ATHLETE M200m-022,0.191,,MOCK,1
WCH2015-200m-M-SF-H2,WCH,2015,200m,M,SF,2,6,MOCK ATHLETE M200m-003,0.136,,MOCK,1
WCH2015-200m-M-SF-H2,WCH,2015,200m,M,SF,2,7,MOCK ATHLETE M200m-064,0.165,,MOCK,1
WCH2015-200m-M-SF-H2,WCH,2015,200m,M,SF,2,8,MOCK ATHLETE M200m-048,0.17,,MOCK,1
WCH2015-200m-M-SF-H2,WCH,2015,200m,M,SF,2,9,MOCK ATHLETE M200m-063,0.136,,MOCK,1
WCH2015-200m-M-SF-H3,WCH,2015,200m,M,SF,3,2,MOCK ATHLETE M200m-046,0.166,,MOCK,1
WCH2015-200m-M-SF-H3,WCH,2015,200m,M,SF,3,3,MOCK ATHLETE M200m-015,0.15,,MOCK,1
WCH2015-200m-M-SF-H3,WCH,2015,200m,M,SF,3,4,MOCK ATHLETE M200m-009,0.213,,MOCK,1
WCH2015-200m-M-SF-H3,WCH,2015,200m,M,SF,3,5,MOCK ATHLETE M200m-014,0.171,,MOCK,1
WCH2015-200m-M-SF-H3,WCH,2015,200m,M,SF,3,6,MOCK ATHLETE M200m-002,0.149,,MOCK,1
WCH2015-200m-M-SF-H3,WCH,2015,200m,M,SF,3,7,MOCK ATHLETE M200m-021,0.151,,MOCK,1
WCH2015-200m-M-SF-H3,WCH,2015,200m,M,SF,3,8,MOCK ATHLETE M200m-007,0.15,,MOCK,1
WCH2015-200m-M-SF-H3,WCH,2015,200m,M,SF,3,9,MOCK ATHLETE M200m-041,0.155,,MOCK,1
WCH2015-200m-M-F-H1,WCH,2015,200m,M,F,1,2,MOCK ATHLETE M200m-043,0.143,,MOCK,1
WCH2015-200m-M-F-H1,WCH,2015,200m,M,F,1,3,MOCK ATHLETE M200m-015,0.154,,MOCK,1
WCH2015-200m-M-F-H1,WCH,2015,200m,M,F,1,4,MOCK ATHLETE M200m-005,0.144,,MOCK,1
WCH2015-200m-M-F-H1,WCH,2015,200m,M,F,1,5,MOCK ATHLETE M200m-041,0.138,,MOCK,1
WCH2015-200m-M-F-H1,WCH,2015,200m,M,F,1,6,MOCK ATHLETE M200m-034,0.137,,MOCK,1
WCH2015-200m-M-F-H1,WCH,2015,200m,M,F,1,7,MOCK ATHLETE M200m-002,0.156,,MOCK,1
WCH2015-200m-M-F-H1,WCH,2015,200m,M,F,1,8,MOCK ATHLETE M200m-009,0.159,,MOCK,1
WCH2015-200m-M-F-H1,WCH,2015,200m,M,F,1,9,MOCK ATHLETE M200m-048,0.139,,MOCK,1
WCH2015-110mH-M-R1-H1,WCH,2015,110mH,M,R1,1,2,MOCK ATHLETE M110mH-017,0.135,,MOCK,1
WCH2015-110mH-M-R1-H1,WCH,2015,110mH,M,R1,1,3,MOCK ATHLETE M110mH-021,0.169,,MOCK,1
WCH2015-110mH-M-R1-H1,WCH,2015,110mH,M,R1,1,4,MOCK ATHLETE M110mH-005,0.155,,MOCK,1
WCH2015-110mH-M-R1-H1,WCH,2015,110mH,M,R1,1,5,MOCK ATHLETE M110mH-046,0.18,,MOCK,1
WCH2015-110mH-M-R1-H1,WCH,2015,110mH,M,R1,1,6,MOCK ATHLETE M110mH-044,0.153,,MOCK,1
WCH2015-110mH-M-R1-H1,WCH,2015,110mH,M,R1,1,7,MOCK ATHLETE M110mH-000,0.153,,MOCK,1
WCH2015-110mH-M-R1-H1,WCH,2015,110mH,M,R1,1,8,MOCK ATHLETE M110mH-028,0.152,,MOCK,1
WCH2015-110mH-M-R1-H2,WCH,2015,110mH,M,R1,2,2,MOCK ATHLETE M110mH-066,0.154,,MOCK,1
WCH2015-110mH-M-R1-H2,WCH,2015,110mH,M,R1,2,3,MOCK ATHLETE M110mH-004,0.154,,MOCK,1
WCH2015-110mH-M-R1-H2,WCH,2015,110mH,M,R1,2,4,MOCK ATHLETE M110mH-051,0.152,,MOCK,1
WCH2015-110mH-M-R1-H2,WCH,2015,110mH,M,R1,2,5,MOCK ATHLETE M110mH-061,0.169,,MOCK,1
WCH2015-110mH-M-R1-H2,WCH,2015,110mH,M,R1,2,6,MOCK ATHLETE M110mH-049,0.132,,MOCK,1
WCH2015-110mH-M-R1-H2,WCH,2015,110mH,M,R1,2,7,MOCK ATHLETE M110mH-053,0.145,,MOCK,1
WCH2015-110mH-M-R1-H2,WCH,2015,110mH,M,R1,2,8,MOCK ATHLETE M110mH-063,0.193,,MOCK,1
WCH2015-110mH-M-R1-H2,WCH,2015,110mH,M,R1,2,9,MOCK ATHLETE M110mH-065,0.187,,MOCK,1
WCH2015-110mH-M-R1-H3,WCH,2015,110mH,M,R1,3,2,MOCK ATHLETE M110mH-024,0.153,,MOCK,1
WCH2015-110mH-M-R1-H3,WCH,2015,110mH,M,R1,3,3,MOCK ATHLETE M110mH-001,0.144,,MOCK,1
WCH2015-110mH-M-R1-H3,WCH,2015,110mH,M,R1,3,4,MOCK ATHLETE M110mH-048,0.182,,MOCK,1
WCH2015-110mH-M-R1-H3,WCH,2015,110mH,M,R1,3,5,MOCK ATHLETE M110mH-045,0.143,,MOCK,1
WCH2015-110mH-M-R1-H3,WCH,2015,110mH,M,R1,3,6,MOCK ATHLETE M110mH-060,0.147,,MOCK,1
WCH2015-110mH-M-R1-H3,WCH,2015,110mH,M,R1,3,7,MOCK ATHLETE M110mH-002,0.158,,MOCK,1
WCH2015-110mH-M-R1-H3,WCH,2015,110mH,M,R1,3,8,MOCK ATHLETE M110mH-057,0.166,,MOCK,1
WCH2015-110mH-M-R1-H3,WCH,2015,110mH,M,R1,3,9,MOCK ATHLETE M110mH-038,0.175,,MOCK,1
WCH2015-110mH-M-R1-H4,WCH,2015,110mH,M,R1,4,2,MOCK ATHLETE M110mH-042,0.137,,MOCK,1
WCH2015-110mH-M-R1-H4,WCH,2015,110mH,M,R1,4,3,MOCK ATHLETE M110mH-041,0.174,,MOCK,1
WCH2015-110mH-M-R1-H4,WCH,2015,110mH,M,R1,4,4,MOCK ATHLETE M110mH-030,0.175,,MOCK,1
WCH2015-110mH-M-R1-H4,WCH,2015,110mH,M,R1,4,5,MOCK ATHLETE M110mH-022,0.161,,MOCK,1
WCH2015-110mH-M-R1-H4,WCH,2015,110mH,M,R1,4,6,MOCK ATHLETE M110mH-032,0.151,,MOCK,1
WCH2015-110mH-M-R1-H4,WCH,2015,110mH,M,R1,4,7,MOCK ATHLETE M110mH-056,0.178,,MOCK,1
WCH2015-110mH-M-R1-H4,WCH,2015,110mH,M,R1,4,8,MOCK ATHLETE M110mH-054,0.169,,MOCK,1
WCH2015-110mH-M-R1-H5,WCH,2015,110mH,M,R1,5,2,MOCK ATHLETE M110mH-011,0.172,,MOCK,1
WCH2015-110mH-M-R1-H5,WCH,2015,110mH,M,R1,5,3,MOCK ATHLETE M110mH-062,0.17,,MOCK,1
WCH2015-110mH-M-R1-H5,WCH,2015,110mH,M,R1,5,4,MOCK ATHLETE M110mH-058,0.156,,MOCK,1
WCH2015-110mH-M-R1-H5,WCH,2015,110mH,M,R1,5,5,MOCK ATHLETE M110mH-026,0.128,,MOCK,1
WCH2015-110mH-M-R1-H5,WCH,2015,110mH,M,R1,5,6,MOCK ATHLETE M110mH-036,0.212,,MOCK,1
WCH2015-110mH-M-R1-H5,WCH,2015,110mH,M,R1,5,7,MOCK ATHLETE M110mH-039,0.152,,MOCK,1
WCH2015-110mH-M-R1-H5,WCH,2015,110mH,M,R1,5,8,MOCK ATHLETE M110mH-009,0.146,,MOCK,1
WCH2015-110mH-M-R1-H5,WCH,2015,110mH,M,R1,5,9,MOCK ATHLETE M110mH-027,0.16,,MOCK,1
WCH2015-110mH-M-R1-H6,WCH,2015,110mH,M,R1,6,2,MOCK ATHLETE M110mH-012,0.156,,MOCK,1
WCH2015-110mH-M-R1-H6,WCH,2015,110mH,M,R1,6,3,MOCK ATHLETE M110mH-050,0.149,,MOCK,1
WCH2015-110mH-M-R1-H6,WCH,2015,110mH,M,R1,6,4,MOCK ATHLETE M110mH-015,0.139,,MOCK,1
WCH2015-110mH-M-R1-H6,WCH,2015,110mH,M,R1,6,5,MOCK ATHLETE M110mH-025,0.157,,MOCK,1
WCH2015-110mH-M-R1-H6,WCH,2015,110mH,M,R1,6,6,MOCK ATHLETE M110mH-016,0.132,,MOCK,1
WCH2015-110mH-M-R1-H6,WCH,2015,110mH,M,R1,6,7,MOCK ATHLETE M110mH-014,0.145,,MOCK,1
WCH2015-110mH-M-R1-H6,WCH,2015,110mH,M,R1,6,8,MOCK ATHLETE M110mH-031,0.163,,MOCK,1
WCH2015-110mH-M-R1-H6,WCH,2015,110mH,M,R1,6,9,MOCK ATHLETE M110mH-007,0.138,,MOCK,1
WCH2015-110mH-M-SF-H1,WCH,2015,110mH,M,SF,1,2,MOCK ATHLETE M110mH-022,0.186,,MOCK,1
WCH2015-110mH-M-SF-H1,WCH,2015,110mH,M,SF,1,3,MOCK ATHLETE M110mH-056,0.162,,MOCK,1
WCH2015-110mH-M-SF-H1,WCH,2015,110mH,M,SF,1,4,MOCK ATHLETE M110mH-011,0.147,,MOCK,1
WCH2015-110mH-M-SF-H1,WCH,2015,110mH,M,SF,1,5,MOCK ATHLETE M110mH-044,0.144,,MOCK,1
WCH2015-110mH-M-SF-H1,WCH,2015,110mH,M,SF,1,6,MOCK ATHLETE M110mH-031,0.163,,MOCK,1
WCH2015-110mH-M-SF-H1,WCH,2015,110mH,M,SF,1,7,MOCK ATHLETE M110mH-024,0.16,,MOCK,1
WCH2015-110mH-M-SF-H1,WCH,2015,110mH,M,SF,1,8,MOCK ATHLETE M110mH-030,0.158,,MOCK,1
WCH2015-110mH-M-SF-H1,WCH,2015,110mH,M,SF,1,9,MOCK ATHLETE M110mH-058,0.138,,MOCK,1
WCH2015-110mH-M-SF-H2,WCH,2015,110mH,M,SF,2,2,MOCK ATHLETE M110mH-032,0.146,,MOCK,1
WCH2015-110mH-M-SF-H2,WCH,2015,110mH,M,SF,2,3,MOCK ATHLETE M110mH-000,0.162,,MOCK,1
WCH2015-110mH-M-SF-H2,WCH,2015,110mH,M,SF,2,4,MOCK ATHLETE M110mH-060,0.143,,MOCK,1
WCH2015-110mH-M-SF-H2,WCH,2015,110mH,M,SF,2,5,MOCK ATHLETE M110mH-046,0.165,,MOCK,1
WCH2015-110mH-M-SF-H2,WCH,2015,110mH,M,SF,2,6,MOCK ATHLETE M110mH-048,0.145,,MOCK,1
WCH2015-110mH-M-SF-H2,WCH,2015,110mH,M,SF,2,7,MOCK ATHLETE M110mH-005,0.14,,MOCK,1
WCH2015-110mH-M-SF-H2,WCH,2015,110mH,M,SF,2,8,MOCK ATHLETE M110mH-042,0.172,,MOCK,1
WCH2015-110mH-M-SF-H2,WCH,2015,110mH,M,SF,2,9,MOCK ATHLETE M110mH-012,0.177,,MOCK,1
WCH2015-110mH-M-SF-H3,WCH,2015,110mH,M,SF,3,2,MOCK ATHLETE M110mH-025,0.141,,MOCK,1
WCH2015-110mH-M-SF-H3,WCH,2015,110mH,M,SF,3,3,MOCK ATHLETE M110mH-057,0.175,,MOCK,1
WCH2015-110mH-M-SF-H3,WCH,2015,110mH,M,SF,3,4,MOCK ATHLETE M110mH-017,0.142,,MOCK,1
WCH2015-110mH-M-SF-H3,WCH,2015,110mH,M,SF,3,5,MOCK ATHLETE M110mH-009,0.143,,MOCK,1
WCH2015-110mH-M-SF-H3,WCH,2015,110mH,M,SF,3,6,MOCK ATHLETE M110mH-063,0.154,,MOCK,1
WCH2015-110mH-M-SF-H3,WCH,2015,110mH,M,SF,3,7,MOCK ATHLETE M110mH-028,0.124,,MOCK,1
WCH2015-110mH-M-SF-H3,WCH,2015,110mH,M,SF,3,8,MOCK ATHLETE M110mH-001,0.157,,MOCK,1
WCH2015-110mH-M-SF-H3,WCH,2015,110mH,M,SF,3,9,MOCK ATHLETE M110mH-061,0.178,,MOCK,1
WCH2015-110mH-M-F-H1,WCH,2015,110mH,M,F,1,2,MOCK ATHLETE M110mH-056,0.138,,MOCK,1
WCH2015-110mH-M-F-H1,WCH,2015,110mH,M,F,1,3,MOCK ATHLETE M110mH-030,0.135,,MOCK,1
WCH2015-110mH-M-F-H1,WCH,2015,110mH,M,F,1,4,MOCK ATHLETE M110mH-009,0.154,,MOCK,1
WCH2015-110mH-M-F-H1,WCH,2015,110mH,M,F,1,5,MOCK ATHLETE M110mH-061,0.151,,MOCK,1
WCH2015-110mH-M-F-H1,WCH,2015,110mH,M,F,1,6,MOCK ATHLETE M110mH-005,0.149,,MOCK,1
WCH2015-110mH-M-F-H1,WCH,2015,110mH,M,F,1,7,MOCK ATHLETE M110mH-063,0.164,,MOCK,1
WCH2015-110mH-M-F-H1,WCH,2015,110mH,M,F,1,8,MOCK ATHLETE M110mH-017,0.145,,MOCK,1
WCH2015-110mH-M-F-H1,WCH,2015,110mH,M,F,1,9,MOCK ATHLETE M110mH-042,0.183,,MOCK,1
WCH2015-100m-W-PR-H1,WCH,2015,100m,W,PR,1,2,MOCK PR W100m2015-0,0.144,,MOCK,1
WCH2015-100m-W-PR-H1,WCH,2015,100m,W,PR,1,3,MOCK PR W100m2015-1,0.151,,MOCK,1
WCH2015-100m-W-PR-H1,WCH,2015,100m,W,PR,1,4,MOCK PR W100m2015-2,0.165,,MOCK,1
WCH2015-100m-W-PR-H1,WCH,2015,100m,W,PR,1,5,MOCK PR W100m2015-3,0.157,,MOCK,1
WCH2015-100m-W-PR-H1,WCH,2015,100m,W,PR,1,6,MOCK PR W100m2015-4,0.155,,MOCK,1
WCH2015-100m-W-PR-H1,WCH,2015,100m,W,PR,1,7,MOCK PR W100m2015-5,0.194,,MOCK,1
WCH2015-100m-W-PR-H1,WCH,2015,100m,W,PR,1,8,MOCK PR W100m2015-6,0.179,,MOCK,1
WCH2015-100m-W-PR-H1,WCH,2015,100m,W,PR,1,9,MOCK PR W100m2015-7,0.172,,MOCK,1
WCH2015-100m-W-PR-H2,WCH,2015,100m,W,PR,2,2,MOCK PR W100m2015-8,0.139,,MOCK,1
WCH2015-100m-W-PR-H2,WCH,2015,100m,W,PR,2,3,MOCK PR W100m2015-9,0.181,,MOCK,1
WCH2015-100m-W-PR-H2,WCH,2015,100m,W,PR,2,4,MOCK PR W100m2015-10,0.144,,MOCK,1
WCH2015-100m-W-PR-H2,WCH,2015,100m,W,PR,2,5,MOCK PR W100m2015-11,0.167,,MOCK,1
WCH2015-100m-W-PR-H2,WCH,2015,100m,W,PR,2,6,MOCK PR W100m2015-12,0.156,,MOCK,1
WCH2015-100m-W-PR-H2,WCH,2015,100m,W,PR,2,7,MOCK PR W100m2015-13,0.164,,MOCK,1
WCH2015-100m-W-PR-H2,WCH,2015,100m,W,PR,2,8,MOCK PR W100m2015-14,0.165,,MOCK,1
WCH2015-100m-W-PR-H2,WCH,2015,100m,W,PR,2,9,MOCK PR W100m2015-15,0.153,,MOCK,1
WCH2015-100m-W-R1-H1,WCH,2015,100m,W,R1,1,2,MOCK ATHLETE W100m-031,0.16,,MOCK,1
WCH2015-100m-W-R1-H1,WCH,2015,100m,W,R1,1,3,MOCK ATHLETE W100m-045,0.141,,MOCK,1
WCH2015-100m-W-R1-H1,WCH,2015,100m,W,R1,1,4,MOCK ATHLETE W100m-066,0.152,,MOCK,1
WCH2015-100m-W-R1-H1,WCH,2015,100m,W,R1,1,5,MOCK ATHLETE W100m-043,0.152,,MOCK,1
WCH2015-100m-W-R1-H1,WCH,2015,100m,W,R1,1,6,MOCK ATHLETE W100m-055,0.146,,MOCK,1
WCH2015-100m-W-R1-H1,WCH,2015,100m,W,R1,1,7,MOCK ATHLETE W100m-029,0.148,,MOCK,1
WCH2015-100m-W-R1-H1,WCH,2015,100m,W,R1,1,8,MOCK ATHLETE W100m-015,0.182,,MOCK,1
WCH2015-100m-W-R1-H1,WCH,2015,100m,W,R1,1,9,MOCK ATHLETE W100m-046,0.162,,MOCK,1
WCH2015-100m-W-R1-H2,WCH,2015,100m,W,R1,2,2,MOCK ATHLETE W100m-052,0.169,,MOCK,1
WCH2015-100m-W-R1-H2,WCH,2015,100m,W,R1,2,3,MOCK ATHLETE W100m-048,0.164,,MOCK,1
WCH2015-100m-W-R1-H2,WCH,2015,100m,W,R1,2,4,MOCK ATHLETE W100m-027,0.187,,MOCK,1
WCH2015-100m-W-R1-H2,WCH,2015,100m,W,R1,2,5,MOCK ATHLETE W100m-026,0.175,,MOCK,1
WCH2015-100m-W-R1-H2,WCH,2015,100m,W,R1,2,6,MOCK ATHLETE W100m-040,0.131,,MOCK,1
WCH2015-100m-W-R1-H2,WCH,2015,100m,W,R1,2,7,MOCK ATHLETE W100m-028,0.173,,MOCK,1
WCH2015-100m-W-R1-H2,WCH,2015,100m,W,R1,2,8,MOCK ATHLETE W100m-034,0.176,,MOCK,1
WCH2015-100m-W-R1-H2,WCH,2015,100m,W,R1,2,9,MOCK ATHLETE W100m-030,0.153,,MOCK,1
WCH2015-100m-W-R1-H3,WCH,2015,100m,W,R1,3,2,MOCK ATHLETE W100m-014,0.159,,MOCK,1
WCH2015-100m-W-R1-H3,WCH,2015,100m,W,R1,3,3,MOCK ATHLETE W100m-000,0.17,,MOCK,1
WCH2015-100m-W-R1-H3,WCH,2015,100m,W,R1,3,4,MOCK ATHLETE W100m-016,0.122,,MOCK,1
WCH2015-100m-W-R1-H3,WCH,2015,100m,W,R1,3,5,MOCK ATHLETE W100m-001,0.137,,MOCK,1
WCH2015-100m-W-R1-H3,WCH,2015,100m,W,R1,3,6,MOCK ATHLETE W100m-024,0.137,,MOCK,1
WCH2015-100m-W-R1-H3,WCH,2015,100m,W,R1,3,7,MOCK ATHLETE W100m-020,0.146,,MOCK,1
WCH2015-100m-W-R1-H3,WCH,2015,100m,W,R1,3,8,MOCK ATHLETE W100m-033,0.15,,MOCK,1
WCH2015-100m-W-R1-H3,WCH,2015,100m,W,R1,3,9,MOCK ATHLETE W100m-039,0.114,,MOCK,1
WCH2015-100m-W-R1-H4,WCH,2015,100m,W,R1,4,2,MOCK ATHLETE W100m-064,0.178,,MOCK,1
WCH2015-100m-W-R1-H4,WCH,2015,100m,W,R1,4,3,MOCK ATHLETE W100m-057,0.164,,MOCK,1
WCH2015-100m-W-R1-H4,WCH,2015,100m,W,R1,4,4,MOCK ATHLETE W100m-007,0.161,,MOCK,1
WCH2015-100m-W-R1-H4,WCH,2015,100m,W,R1,4,5,MOCK ATHLETE W100m-067,0.126,,MOCK,1
WCH2015-100m-W-R1-H4,WCH,2015,100m,W,R1,4,6,MOCK ATHLETE W100m-004,0.127,,MOCK,1
WCH2015-100m-W-R1-H4,WCH,2015,100m,W,R1,4,7,MOCK ATHLETE W100m-053,0.154,,MOCK,1
WCH2015-100m-W-R1-H4,WCH,2015,100m,W,R1,4,8,MOCK ATHLETE W100m-042,0.152,,MOCK,1
WCH2015-100m-W-R1-H4,WCH,2015,100m,W,R1,4,9,MOCK ATHLETE W100m-008,0.149,,MOCK,1
WCH2015-100m-W-R1-H5,WCH,2015,100m,W,R1,5,2,MOCK ATHLETE W100m-044,0.144,,MOCK,1
WCH2015-100m-W-R1-H5,WCH,2015,100m,W,R1,5,3,MOCK ATHLETE W100m-009,0.151,,MOCK,1
WCH2015-100m-W-R1-H5,WCH,2015,100m,W,R1,5,4,MOCK ATHLETE W100m-037,0.11,,MOCK,1
WCH2015-100m-W-R1-H5,WCH,2015,100m,W,R1,5,5,MOCK ATHLETE W100m-060,0.14,,MOCK,1
WCH2015-100m-W-R1-H5,WCH,2015,100m,W,R1,5,6,MOCK ATHLETE W100m-010,0.147,,MOCK,1
WCH2015-100m-W-R1-H5,WCH,2015,100m,W,R1,5,7,MOCK ATHLETE W100m-011,0.154,,MOCK,1
WCH2015-100m-W-R1-H5,WCH,2015,100m,W,R1,5,8,MOCK ATHLETE W100m-017,0.129,,MOCK,1
WCH2015-100m-W-R1-H6,WCH,2015,100m,W,R1,6,2,MOCK ATHLETE W100m-063,0.171,,MOCK,1
WCH2015-100m-W-R1-H6,WCH,2015,100m,W,R1,6,3,MOCK ATHLETE W100m-013,0.172,,MOCK,1
WCH2015-100m-W-R1-H6,WCH,2015,100m,W,R1,6,4,MOCK ATHLETE W100m-005,0.148,,MOCK,1
WCH2015-100m-W-R1-H6,WCH,2015,100m,W,R1,6,5,MOCK ATHLETE W100m-068,0.15,,MOCK,1
WCH2015-100m-W-R1-H6,WCH,2015,100m,W,R1,6,6,MOCK ATHLETE W100m-050,0.159,,MOCK,1
WCH2015-100m-W-R1-H6,WCH,2015,100m,W,R1,6,7,MOCK ATHLETE W100m-003,0.14,,MOCK,1
WCH2015-100m-W-R1-H6,WCH,2015,100m,W,R1,6,8,MOCK ATHLETE W100m-023,0.195,,MOCK,1
WCH2015-100m-W-R1-H6,WCH,2015,100m,W,R1,6,9,MOCK ATHLETE W100m-022,0.177,,MOCK,1
WCH2015-100m-W-SF-H1,WCH,2015,100m,W,SF,1,2,MOCK ATHLETE W100m-015,0.155,,MOCK,1
WCH2015-100m-W-SF-H1,WCH,2015,100m,W,SF,1,3,MOCK ATHLETE W100m-043,0.173,,MOCK,1
WCH2015-100m-W-SF-H1,WCH,2015,100m,W,SF,1,4,MOCK ATHLETE W100m-027,0.152,,MOCK,1
WCH2015-100m-W-SF-H1,WCH,2015,100m,W,SF,1,5,MOCK ATHLETE W100m-008,0.154,,MOCK,1
WCH2015-100m-W-SF-H1,WCH,2015,100m,W,SF,1,6,MOCK ATHLETE W100m-045,0.136,,MOCK,1
WCH2015-100m-W-SF-H1,WCH,2015,100m,W,SF,1,7,MOCK ATHLETE W100m-024,0.155,,MOCK,1
WCH2015-100m-W-SF-H1,WCH,2015,100m,W,SF,1,8,MOCK ATHLETE W100m-023,0.173,,MOCK,1
WCH2015-100m-W-SF-H1,WCH,2015,100m,W,SF,1,9,MOCK ATHLETE W100m-014,0.167,,MOCK,1
WCH2015-100m-W-SF-H2,WCH,2015,100m,W,SF,2,2,MOCK ATHLETE W100m-011,0.131,,MOCK,1
WCH2015-100m-W-SF-H2,WCH,2015,100m,W,SF,2,3,MOCK ATHLETE W100m-064,0.154,,MOCK,1
WCH2015-100m-W-SF-H2,WCH,2015,100m,W,SF,2,4,MOCK ATHLETE W100m-042,0.178,,MOCK,1
WCH2015-100m-W-SF-H2,WCH,2015,100m,W,SF,2,5,MOCK ATHLETE W100m-050,0.16,,MOCK,1
WCH2015-100m-W-SF-H2,WCH,2015,100m,W,SF,2,6,MOCK ATHLETE W100m-005,0.16,,MOCK,1
WCH2015-100m-W-SF-H2,WCH,2015,100m,W,SF,2,7,MOCK ATHLETE W100m-068,0.167,,MOCK,1
WCH2015-100m-W-SF-H2,WCH,2015,100m,W,SF,2,8,MOCK ATHLETE W100m-053,0.192,,MOCK,1
WCH2015-100m-W-SF-H2,WCH,2015,100m,W,SF,2,9,MOCK ATHLETE W100m-028,0.181,,MOCK,1
WCH2015-100m-W-SF-H3,WCH,2015,100m,W,SF,3,2,MOCK ATHLETE W100m-046,0.174,,MOCK,1
WCH2015-100m-W-SF-H3,WCH,2015,100m,W,SF,3,3,MOCK ATHLETE W100m-004,0.153,,MOCK,1
WCH2015-100m-W-SF-H3,WCH,2015,100m,W,SF,3,4,MOCK ATHLETE W100m-020,0.145,,MOCK,1
WCH2015-100m-W-SF-H3,WCH,2015,100m,W,SF,3,5,MOCK ATHLETE W100m-048,0.136,,MOCK,1
WCH2015-100m-W-SF-H3,WCH,2015,100m,W,SF,3,6,MOCK ATHLETE W100m-067,0.144,,MOCK,1
WCH2015-100m-W-SF-H3,WCH,2015,100m,W,SF,3,7,MOCK ATHLETE W100m-026,0.16,,MOCK,1
WCH2015-100m-W-SF-H3,WCH,2015,100m,W,SF,3,8,MOCK ATHLETE W100m-039,0.15,,MOCK,1
WCH2015-100m-W-SF-H3,WCH,2015,100m,W,SF,3,9,MOCK ATHLETE W100m-029,0.147,,MOCK,1
WCH2015-100m-W-F-H1,WCH,2015,100m,W,F,1,2,MOCK ATHLETE W100m-029,0.149,,MOCK,1
WCH2015-100m-W-F-H1,WCH,2015,100m,W,F,1,3,MOCK ATHLETE W100m-008,0.134,,MOCK,1
WCH2015-100m-W-F-H1,WCH,2015,100m,W,F,1,4,MOCK ATHLETE W100m-067,0.13,,MOCK,1
WCH2015-100m-W-F-H1,WCH,2015,100m,W,F,1,5,MOCK ATHLETE W100m-015,0.163,,MOCK,1
WCH2015-100m-W-F-H1,WCH,2015,100m,W,F,1,6,MOCK ATHLETE W100m-064,0.148,,MOCK,1
WCH2015-100m-W-F-H1,WCH,2015,100m,W,F,1,7,MOCK ATHLETE W100m-004,0.138,,MOCK,1
WCH2015-100m-W-F-H1,WCH,2015,100m,W,F,1,8,MOCK ATHLETE W100m-042,0.133,,MOCK,1
WCH2015-100m-W-F-H1,WCH,2015,100m,W,F,1,9,MOCK ATHLETE W100m-068,0.14,,MOCK,1
WCH2015-200m-W-R1-H1,WCH,2015,200m,W,R1,1,2,MOCK ATHLETE W200m-028,0.157,,MOCK,1
WCH2015-200m-W-R1-H1,WCH,2015,200m,W,R1,1,3,MOCK ATHLETE W200m-049,0.208,,MOCK,1
WCH2015-200m-W-R1-H1,WCH,2015,200m,W,R1,1,4,MOCK ATHLETE W200m-062,0.198,,MOCK,1
WCH2015-200m-W-R1-H1,WCH,2015,200m,W,R1,1,5,MOCK ATHLETE W200m-058,0.189,,MOCK,1
WCH2015-200m-W-R1-H1,WCH,2015,200m,W,R1,1,6,MOCK ATHLETE W200m-001,0.177,,MOCK,1
WCH2015-200m-W-R1-H1,WCH,2015,200m,W,R1,1,7,MOCK ATHLETE W200m-026,0.141,,MOCK,1
WCH2015-200m-W-R1-H1,WCH,2015,200m,W,R1,1,8,MOCK ATHLETE W200m-023,0.146,,MOCK,1
WCH2015-200m-W-R1-H2,WCH,2015,200m,W,R1,2,2,MOCK ATHLETE W200m-048,0.2,,MOCK,1
WCH2015-200m-W-R1-H2,WCH,2015,200m,W,R1,2,3,MOCK ATHLETE W200m-041,0.176,,MOCK,1
WCH2015-200m-W-R1-H2,WCH,2015,200m,W,R1,2,4,MOCK ATHLETE W200m-066,0.172,,MOCK,1
WCH2015-200m-W-R1-H2,WCH,2015,200m,W,R1,2,5,MOCK ATHLETE W200m-018,0.151,,MOCK,1
WCH2015-200m-W-R1-H2,WCH,2015,200m,W,R1,2,6,MOCK ATHLETE W200m-054,0.15,,MOCK,1
WCH2015-200m-W-R1-H2,WCH,2015,200m,W,R1,2,7,MOCK ATHLETE W200m-032,0.17,,MOCK,1
WCH2015-200m-W-R1-H2,WCH,2015,200m,W,R1,2,8,MOCK ATHLETE W200m-015,0.164,,MOCK,1
WCH2015-200m-W-R1-H2,WCH,2015,200m,W,R1,2,9,MOCK ATHLETE W200m-030,0.164,,MOCK,1
WCH2015-200m-W-R1-H3,WCH,2015,200m,W,R1,3,2,MOCK ATHLETE W200m-051,0.157,,MOCK,1
WCH2015-200m-W-R1-H3,WCH,2015,200m,W,R1,3,3,MOCK ATHLETE W200m-025,0.172,,MOCK,1
WCH2015-200m-W-R1-H3,WCH,2015,200m,W,R1,3,4,MOCK ATHLETE W200m-014,0.148,,MOCK,1
WCH2015-200m-W-R1-H3,WCH,2015,200m,W,R1,3,5,MOCK ATHLETE W200m-056,0.151,,MOCK,1
WCH2015-200m-W-R1-H3,WCH,2015,200m,W,R1,3,6,MOCK ATHLETE W200m-020,0.178,,MOCK,1
WCH2015-200m-W-R1-H3,WCH,2015,200m,W,R1,3,7,MOCK ATHLETE W200m-067,0.168,,MOCK,1
WCH2015-200m-W-R1-H3,WCH,2015,200m,W,R1,3,8,MOCK ATHLETE W200m-003,0.166,,MOCK,1
WCH2015-200m-W-R1-H3,WCH,2015,200m,W,R1,3,9,MOCK ATHLETE W200m-009,0.129,,MOCK,1
WCH2015-200m-W-R1-H4,WCH,2015,200m,W,R1,4,2,MOCK ATHLETE W200m-061,0.181,,MOCK,1
WCH2015-200m-W-R1-H4,WCH,2015,200m,W,R1,4,3,MOCK ATHLETE W200m-019,0.18,,MOCK,1
WCH2015-200m-W-R1-H4,WCH,2015,200m,W,R1,4,4,MOCK ATHLETE W200m-031,0.166,,MOCK,1
WCH2015-200m-W-R1-H4,WCH,2015,200m,W,R1,4,5,MOCK ATHLETE W200m-034,0.179,,MOCK,1
WCH2015-200m-W-R1-H4,WCH,2015,200m,W,R1,4,6,MOCK ATHLETE W200m-022,0.154,,MOCK,1
WCH2015-200m-W-R1-H4,WCH,2015,200m,W,R1,4,7,MOCK ATHLETE W200m-050,0.156,,MOCK,1
WCH2015-200m-W-R1-H4,WCH,2015,200m,W,R1,4,8,MOCK ATHLETE W200m-013,0.159,,MOCK,1
WCH2015-200m-W-R1-H4,WCH,2015,200m,W,R1,4,9,MOCK ATHLETE W200m-065,0.145,,MOCK,1
WCH2015-200m-W-R1-H5,WCH,2015,200m,W,R1,5,2,MOCK ATHLETE W200m-037,0.137,,MOCK,1
WCH2015-200m-W-R1-H5,WCH,2015,200m,W,R1,5,3,MOCK ATHLETE W200m-006,0.137,,MOCK,1
WCH2015-200m-W-R1-H5,WCH,2015,200m,W,R1,5,4,MOCK ATHLETE W200m-024,0.117,,MOCK,1
WCH2015-200m-W-R1-H5,WCH,2015,200m,W,R1,5,5,MOCK ATHLETE W200m-039,0.166,,MOCK,1
WCH2015-200m-W-R1-H5,WCH,2015,200m,W,R1,5,6,MOCK ATHLETE W200m-043,0.167,,MOCK,1
WCH2015-200m-W-R1-H5,WCH,2015,200m,W,R1,5,7,MOCK ATHLETE W200m-038,0.15,,MOCK,1
WCH2015-200m-W-R1-H5,WCH,2015,200m,W,R1,5,8,MOCK ATHLETE W200m-021,0.164,,MOCK,1
WCH2015-200m-W-R1-H6,WCH,2015,200m,W,R1,6,2,MOCK ATHLETE W200m-044,0.156,,MOCK,1
WCH2015-200m-W-R1-H6,WCH,2015,200m,W,R1,6,3,MOCK ATHLETE W200m-011,0.161,,MOCK,1
WCH2015-200m-W-R1-H6,WCH,2015,200m,W,R1,6,4,MOCK ATHLETE W200m-017,0.165,,MOCK,1
WCH2015-200m-W-R1-H6,WCH,2015,200m,W,R1,6,5,MOCK ATHLETE W200m-016,0.162,,MOCK,1
WCH2015-200m-W-R1-H6,WCH,2015,200m,W,R1,6,6,MOCK ATHLETE W200m-000,0.148,,MOCK,1
WCH2015-200m-W-R1-H6,WCH,2015,200m,W,R1,6,7,MOCK ATHLETE W200m-045,0.162,,MOCK,1
WCH2015-200m-W-R1-H6,WCH,2015,200m,W,R1,6,8,MOCK ATHLETE W200m-012,0.168,,MOCK,1
WCH2015-200m-W-R1-H6,WCH,2015,200m,W,R1,6,9,MOCK ATHLETE W200m-057,0.142,,MOCK,1
WCH2015-200m-W-SF-H1,WCH,2015,200m,W,SF,1,2,MOCK ATHLETE W200m-021,0.165,,MOCK,1
WCH2015-200m-W-SF-H1,WCH,2015,200m,W,SF,1,3,MOCK ATHLETE W200m-045,0.156,,MOCK,1
WCH2015-200m-W-SF-H1,WCH,2015,200m,W,SF,1,4,MOCK ATHLETE W200m-012,0.148,,MOCK,1
WCH2015-200m-W-SF-H1,WCH,2015,200m,W,SF,1,5,MOCK ATHLETE W200m-062,0.179,,MOCK,1
WCH2015-200m-W-SF-H1,WCH,2015,200m,W,SF,1,6,MOCK ATHLETE W200m-067,0.166,,MOCK,1
WCH2015-200m-W-SF-H1,WCH,2015,200m,W,SF,1,7,MOCK ATHLETE W200m-014,0.144,,MOCK,1
WCH2015-200m-W-SF-H1,WCH,2015,200m,W,SF,1,8,MOCK ATHLETE W200m-018,0.16,,MOCK,1
WCH2015-200m-W-SF-H1,WCH,2015,200m,W,SF,1,9,MOCK ATHLETE W200m-034,0.18,,MOCK,1
WCH2015-200m-W-SF-H2,WCH,2015,200m,W,SF,2,2,MOCK ATHLETE W200m-000,0.159,,MOCK,1
WCH2015-200m-W-SF-H2,WCH,2015,200m,W,SF,2,3,MOCK ATHLETE W200m-031,0.172,,MOCK,1
WCH2015-200m-W-SF-H2,WCH,2015,200m,W,SF,2,4,MOCK ATHLETE W200m-049,0.159,,MOCK,1
WCH2015-200m-W-SF-H2,WCH,2015,200m,W,SF,2,5,MOCK ATHLETE W200m-056,0.168,,MOCK,1
WCH2015-200m-W-SF-H2,WCH,2015,200m,W,SF,2,6,MOCK ATHLETE W200m-001,0.167,,MOCK,1
WCH2015-200m-W-SF-H2,WCH,2015,200m,W,SF,2,7,MOCK ATHLETE W200m-038,0.147,,MOCK,1
WCH2015-200m-W-SF-H2,WCH,2015,200m,W,SF,2,8,MOCK ATHLETE W200m-051,0.182,,MOCK,1
WCH2015-200m-W-SF-H2,WCH,2015,200m,W,SF,2,9,MOCK ATHLETE W200m-016,0.158,,MOCK,1
WCH2015-200m-W-SF-H3,WCH,2015,200m,W,SF,3,2,MOCK ATHLETE W200m-015,0.154,,MOCK,1
WCH2015-200m-W-SF-H3,WCH,2015,200m,W,SF,3,3,MOCK ATHLETE W200m-065,0.186,,MOCK,1
WCH2015-200m-W-SF-H3,WCH,2015,200m,W,SF,3,4,MOCK ATHLETE W200m-050,0.143,,MOCK,1
WCH2015-200m-W-SF-H3,WCH,2015,200m,W,SF,3,5,MOCK ATHLETE W200m-048,0.18,,MOCK,1
WCH2015-200m-W-SF-H3,WCH,2015,200m,W,SF,3,6,MOCK ATHLETE W200m-026,0.167,,MOCK,1
WCH2015-200m-W-SF-H3,WCH,2015,200m,W,SF,3,7,MOCK ATHLETE W200m-058,0.17,,MOCK,1
WCH2015-200m-W-SF-H3,WCH,2015,200m,W,SF,3,8,MOCK ATHLETE W200m-068,0.155,,MOCK,1
WCH2015-200m-W-SF-H3,WCH,2015,200m,W,SF,3,9,MOCK ATHLETE W200m-032,0.15,,MOCK,1
WCH2015-200m-W-F-H1,WCH,2015,200m,W,F,1,2,MOCK ATHLETE W200m-001,0.176,,MOCK,1
WCH2015-200m-W-F-H1,WCH,2015,200m,W,F,1,3,MOCK ATHLETE W200m-049,0.167,,MOCK,1
WCH2015-200m-W-F-H1,WCH,2015,200m,W,F,1,4,MOCK ATHLETE W200m-058,0.152,,MOCK,1
WCH2015-200m-W-F-H1,WCH,2015,200m,W,F,1,5,MOCK ATHLETE W200m-018,0.162,,MOCK,1
WCH2015-200m-W-F-H1,WCH,2015,200m,W,F,1,6,MOCK ATHLETE W200m-000,0.154,,MOCK,1
WCH2015-200m-W-F-H1,WCH,2015,200m,W,F,1,7,MOCK ATHLETE W200m-068,0.183,,MOCK,1
WCH2015-200m-W-F-H1,WCH,2015,200m,W,F,1,8,MOCK ATHLETE W200m-045,0.16,,MOCK,1
WCH2015-200m-W-F-H1,WCH,2015,200m,W,F,1,9,MOCK ATHLETE W200m-038,0.144,,MOCK,1
WCH2015-100mH-W-R1-H1,WCH,2015,100mH,W,R1,1,2,MOCK ATHLETE W100mH-029,0.151,,MOCK,1
WCH2015-100mH-W-R1-H1,WCH,2015,100mH,W,R1,1,3,MOCK ATHLETE W100mH-041,0.155,,MOCK,1
WCH2015-100mH-W-R1-H1,WCH,2015,100mH,W,R1,1,4,MOCK ATHLETE W100mH-027,0.153,,MOCK,1
WCH2015-100mH-W-R1-H1,WCH,2015,100mH,W,R1,1,5,MOCK ATHLETE W100mH-034,0.189,,MOCK,1
WCH2015-100mH-W-R1-H1,WCH,2015,100mH,W,R1,1,6,MOCK ATHLETE W100mH-018,0.163,,MOCK,1
WCH2015-100mH-W-R1-H1,WCH,2015,100mH,W,R1,1,7,MOCK ATHLETE W100mH-017,0.141,,MOCK,1
WCH2015-100mH-W-R1-H1,WCH,2015,100mH,W,R1,1,8,MOCK ATHLETE W100mH-002,0.166,,MOCK,1
WCH2015-100mH-W-R1-H1,WCH,2015,100mH,W,R1,1,9,MOCK ATHLETE W100mH-032,0.189,,MOCK,1
WCH2015-100mH-W-R1-H2,WCH,2015,100mH,W,R1,2,2,MOCK ATHLETE W100mH-025,0.183,,MOCK,1
WCH2015-100mH-W-R1-H2,WCH,2015,100mH,W,R1,2,3,MOCK ATHLETE W100mH-043,0.136,,MOCK,1
WCH2015-100mH-W-R1-H2,WCH,2015,100mH,W,R1,2,4,MOCK ATHLETE W100mH-064,0.168,,MOCK,1
WCH2015-100mH-W-R1-H2,WCH,2015,100mH,W,R1,2,5,MOCK ATHLETE W100mH-062,0.161,,MOCK,1
WCH2015-100mH-W-R1-H2,WCH,2015,100mH,W,R1,2,6,MOCK ATHLETE W100mH-005,0.19,,MOCK,1
WCH2015-100mH-W-R1-H2,WCH,2015,100mH,W,R1,2,7,MOCK ATHLETE W100mH-035,0.193,,MOCK,1
WCH2015-100mH-W-R1-H2,WCH,2015,100mH,W,R1,2,8,MOCK ATHLETE W100mH-028,0.169,,MOCK,1
WCH2015-100mH-W-R1-H2,WCH,2015,100mH,W,R1,2,9,MOCK ATHLETE W100mH-058,0.147,,MOCK,1
WCH2015-100mH-W-R1-H3,WCH,2015,100mH,W,R1,3,2,MOCK ATHLETE W100mH-048,0.15,,MOCK,1
WCH2015-100mH-W-R1-H3,WCH,2015,100mH,W,R1,3,3,MOCK ATHLETE W100mH-050,0.158,,MOCK,1
WCH2015-100mH-W-R1-H3,WCH,2015,100mH,W,R1,3,4,MOCK ATHLETE W100mH-024,0.162,,MOCK,1
WCH2015-100mH-W-R1-H3,WCH,2015,100mH,W,R1,3,5,MOCK ATHLETE W100mH-033,0.14,,MOCK,1
WCH2015-100mH-W-R1-H3,WCH,2015,100mH,W,R1,3,6,MOCK ATHLETE W100mH-007,0.153,,MOCK,1
WCH2015-100mH-W-R1-H3,WCH,2015,100mH,W,R1,3,7,MOCK ATHLETE W100mH-008,0.179,,MOCK,1
WCH2015-100mH-W-R1-H3,WCH,2015,100mH,W,R1,3,8,MOCK ATHLETE W100mH-061,0.156,,MOCK,1
WCH2015-100mH-W-R1-H3,WCH,2015,100mH,W,R1,3,9,MOCK ATHLETE W100mH-057,0.173,,MOCK,1
WCH2015-100mH-W-R1-H4,WCH,2015,100mH,W,R1,4,2,MOCK ATHLETE W100mH-001,0.11,,MOCK,1
WCH2015-100mH-W-R1-H4,WCH,2015,100mH,W,R1,4,3,MOCK ATHLETE W100mH-037,0.157,,MOCK,1
WCH2015-100mH-W-R1-H4,WCH,2015,100mH,W,R1,4,4,MOCK ATHLETE W100mH-060,0.182,,MOCK,1
WCH2015-100mH-W-R1-H4,WCH,2015,100mH,W,R1,4,5,MOCK ATHLETE W100mH-052,0.129,,MOCK,1
WCH2015-100mH-W-R1-H4,WCH,2015,100mH,W,R1,4,6,MOCK ATHLETE W100mH-051,0.163,,MOCK,1
WCH2015-100mH-W-R1-H4,WCH,2015,100mH,W,R1,4,7,MOCK ATHLETE W100mH-006,0.134,,MOCK,1
WCH2015-100mH-W-R1-H4,WCH,2015,100mH,W,R1,4,8,MOCK ATHLETE W100mH-019,0.156,,MOCK,1
WCH2015-100mH-W-R1-H4,WCH,2015,100mH,W,R1,4,9,MOCK ATHLETE W100mH-015,0.137,,MOCK,1
WCH2015-100mH-W-R1-H5,WCH,2015,100mH,W,R1,5,2,MOCK ATHLETE W100mH-063,0.162,,MOCK,1
WCH2015-100mH-W-R1-H5,WCH,2015,100mH,W,R1,5,3,MOCK ATHLETE W100mH-012,0.184,,MOCK,1
WCH2015-100mH-W-R1-H5,WCH,2015,100mH,W,R1,5,4,MOCK ATHLETE W100mH-030,0.161,,MOCK,1
WCH2015-100mH-W-R1-H5,WCH,2015,100mH,W,R1,5,5,MOCK ATHLETE W100mH-009,0.168,,MOCK,1
WCH2015-100mH-W-R1-H5,WCH,2015,100mH,W,R1,5,6,MOCK ATHLETE W100mH-046,0.183,,MOCK,1
WCH2015-100mH-W-R1-H5,WCH,2015,100mH,W,R1,5,7,MOCK ATHLETE W100mH-045,0.168,,MOCK,1
WCH2015-100mH-W-R1-H5,WCH,2015,100mH,W,R1,5,8,MOCK ATHLETE W100mH-016,0.148,,MOCK,1
WCH2015-100mH-W-R1-H6,WCH,2015,100mH,W,R1,6,2,MOCK ATHLETE W100mH-067,0.159,,MOCK,1
WCH2015-100mH-W-R1-H6,WCH,2015,100mH,W,R1,6,3,MOCK ATHLETE W100mH-068,0.167,,MOCK,1
WCH2015-100mH-W-R1-H6,WCH,2015,100mH,W,R1,6,4,MOCK ATHLETE W100mH-040,0.161,,MOCK,1
WCH2015-100mH-W-R1-H6,WCH,2015,100mH,W,R1,6,5,MOCK ATHLETE W100mH-053,0.171,,MOCK,1
WCH2015-100mH-W-R1-H6,WCH,2015,100mH,W,R1,6,6,MOCK ATHLETE W100mH-047,0.171,,MOCK,1
WCH2015-100mH-W-R1-H6,WCH,2015,100mH,W,R1,6,7,MOCK ATHLETE W100mH-069,0.152,,MOCK,1
WCH2015-100mH-W-R1-H6,WCH,2015,100mH,W,R1,6,8,MOCK ATHLETE W100mH-065,0.136,,MOCK,1
WCH2015-100mH-W-R1-H6,WCH,2015,100mH,W,R1,6,9,MOCK ATHLETE W100mH-066,0.198,,MOCK,1
WCH2015-100mH-W-SF-H1,WCH,2015,100mH,W,SF,1,2,MOCK ATHLETE W100mH-065,0.15,,MOCK,1
WCH2015-100mH-W-SF-H1,WCH,2015,100mH,W,SF,1,3,MOCK ATHLETE W100mH-066,0.197,,MOCK,1
WCH2015-100mH-W-SF-H1,WCH,2015,100mH,W,SF,1,4,MOCK ATHLETE W100mH-029,0.162,,MOCK,1
WCH2015-100mH-W-SF-H1,WCH,2015,100mH,W,SF,1,5,MOCK ATHLETE W100mH-048,0.15,,MOCK,1
WCH2015-100mH-W-SF-H1,WCH,2015,100mH,W,SF,1,6,MOCK ATHLETE W100mH-053,0.173,,MOCK,1
WCH2015-100mH-W-SF-H1,WCH,2015,100mH,W,SF,1,7,MOCK ATHLETE W100mH-041,0.161,,MOCK,1
WCH2015-100mH-W-SF-H1,WCH,2015,100mH,W,SF,1,8,MOCK ATHLETE W100mH-040,0.154,,MOCK,1
WCH2015-100mH-W-SF-H1,WCH,2015,100mH,W,SF,1,9,MOCK ATHLETE W100mH-012,0.16,,MOCK,1
WCH2015-100mH-W-SF-H2,WCH,2015,100mH,W,SF,2,2,MOCK ATHLETE W100mH-069,0.137,,MOCK,1
WCH2015-100mH-W-SF-H2,WCH,2015,100mH,W,SF,2,3,MOCK ATHLETE W100mH-018,0.189,,MOCK,1
WCH2015-100mH-W-SF-H2,WCH,2015,100mH,W,SF,2,4,MOCK ATHLETE W100mH-039,0.166,,MOCK,1
WCH2015-100mH-W-SF-H2,WCH,2015,100mH,W,SF,2,5,MOCK ATHLETE W100mH-025,0.181,,MOCK,1
WCH2015-100mH-W-SF-H2,WCH,2015,100mH,W,SF,2,6,MOCK ATHLETE W100mH-027,0.141,,MOCK,1
WCH2015-100mH-W-SF-H2,WCH,2015,100mH,W,SF,2,7,MOCK ATHLETE W100mH-047,0.166,,MOCK,1
WCH2015-100mH-W-SF-H2,WCH,2015,100mH,W,SF,2,8,MOCK ATHLETE W100mH-045,0.131,,MOCK,1
WCH2015-100mH-W-SF-H2,WCH,2015,100mH,W,SF,2,9,MOCK ATHLETE W100mH-009,0.141,,MOCK,1
WCH2015-100mH-W-SF-H3,WCH,2015,100mH,W,SF,3,2,MOCK ATHLETE W100mH-034,0.164,,MOCK,1
WCH2015-100mH-W-SF-H3,WCH,2015,100mH,W,SF,3,3,MOCK ATHLETE W100mH-064,0.153,,MOCK,1
WCH2015-100mH-W-SF-H3,WCH,2015,100mH,W,SF,3,4,MOCK ATHLETE W100mH-032,0.136,,MOCK,1
WCH2015-100mH-W-SF-H3,WCH,2015,100mH,W,SF,3,5,MOCK ATHLETE W100mH-019,0.168,,MOCK,1
WCH2015-100mH-W-SF-H3,WCH,2015,100mH,W,SF,3,6,MOCK ATHLETE W100mH-007,0.157,,MOCK,1
WCH2015-100mH-W-SF-H3,WCH,2015,100mH,W,SF,3,7,MOCK ATHLETE W100mH-060,0.157,,MOCK,1
WCH2015-100mH-W-SF-H3,WCH,2015,100mH,W,SF,3,8,MOCK ATHLETE W100mH-035,0.165,,MOCK,1
WCH2015-100mH-W-SF-H3,WCH,2015,100mH,W,SF,3,9,MOCK ATHLETE W100mH-008,0.153,,MOCK,1
WCH2015-100mH-W-F-H1,WCH,2015,100mH,W,F,1,2,MOCK ATHLETE W100mH-069,0.191,,MOCK,1
WCH2015-100mH-W-F-H1,WCH,2015,100mH,W,F,1,3,MOCK ATHLETE W100mH-029,0.165,,MOCK,1
WCH2015-100mH-W-F-H1,WCH,2015,100mH,W,F,1,4,MOCK ATHLETE W100mH-035,0.179,,MOCK,1
WCH2015-100mH-W-F-H1,WCH,2015,100mH,W,F,1,5,MOCK ATHLETE W100mH-066,0.193,,MOCK,1
WCH2015-100mH-W-F-H1,WCH,2015,100mH,W,F,1,6,MOCK ATHLETE W100mH-040,0.161,,MOCK,1
WCH2015-100mH-W-F-H1,WCH,2015,100mH,W,F,1,7,MOCK ATHLETE W100mH-047,0.166,,MOCK,1
WCH2015-100mH-W-F-H1,WCH,2015,100mH,W,F,1,8,MOCK ATHLETE W100mH-064,0.159,,MOCK,1
WCH2015-100mH-W-F-H1,WCH,2015,100mH,W,F,1,9,MOCK ATHLETE W100mH-019,0.178,,MOCK,1
WCH2017-100m-M-PR-H1,WCH,2017,100m,M,PR,1,2,MOCK PR M100m2017-0,0.167,,MOCK,1
WCH2017-100m-M-PR-H1,WCH,2017,100m,M,PR,1,3,MOCK PR M100m2017-1,0.148,,MOCK,1
WCH2017-100m-M-PR-H1,WCH,2017,100m,M,PR,1,4,MOCK PR M100m2017-2,0.191,,MOCK,1
WCH2017-100m-M-PR-H1,WCH,2017,100m,M,PR,1,5,MOCK PR M100m2017-3,0.165,,MOCK,1
WCH2017-100m-M-PR-H1,WCH,2017,100m,M,PR,1,6,MOCK PR M100m2017-4,0.145,,MOCK,1
WCH2017-100m-M-PR-H1,WCH,2017,100m,M,PR,1,7,MOCK PR M100m2017-5,0.188,,MOCK,1
WCH2017-100m-M-PR-H1,WCH,2017,100m,M,PR,1,8,MOCK PR M100m2017-6,0.202,,MOCK,1
WCH2017-100m-M-PR-H1,WCH,2017,100m,M,PR,1,9,MOCK PR M100m2017-7,0.184,,MOCK,1
WCH2017-100m-M-PR-H2,WCH,2017,100m,M,PR,2,2,MOCK PR M100m2017-8,0.188,,MOCK,1
WCH2017-100m-M-PR-H2,WCH,2017,100m,M,PR,2,3,MOCK PR M100m2017-9,0.165,,MOCK,1
WCH2017-100m-M-PR-H2,WCH,2017,100m,M,PR,2,4,MOCK PR M100m2017-10,0.169,,MOCK,1
WCH2017-100m-M-PR-H2,WCH,2017,100m,M,PR,2,5,MOCK PR M100m2017-11,0.206,,MOCK,1
WCH2017-100m-M-PR-H2,WCH,2017,100m,M,PR,2,6,MOCK PR M100m2017-12,0.189,,MOCK,1
WCH2017-100m-M-PR-H2,WCH,2017,100m,M,PR,2,7,MOCK PR M100m2017-13,0.179,,MOCK,1
WCH2017-100m-M-PR-H2,WCH,2017,100m,M,PR,2,8,MOCK PR M100m2017-14,0.175,,MOCK,1
WCH2017-100m-M-R1-H1,WCH,2017,100m,M,R1,1,2,MOCK ATHLETE M100m-057,0.151,,MOCK,1
WCH2017-100m-M-R1-H1,WCH,2017,100m,M,R1,1,3,MOCK ATHLETE M100m-059,0.138,,MOCK,1
WCH2017-100m-M-R1-H1,WCH,2017,100m,M,R1,1,4,MOCK ATHLETE M100m-063,0.149,,MOCK,1
WCH2017-100m-M-R1-H1,WCH,2017,100m,M,R1,1,5,MOCK ATHLETE M100m-026,0.161,,MOCK,1
WCH2017-100m-M-R1-H1,WCH,2017,100m,M,R1,1,6,MOCK ATHLETE M100m-031,0.136,,MOCK,1
WCH2017-100m-M-R1-H1,WCH,2017,100m,M,R1,1,7,MOCK ATHLETE M100m-011,0.205,,MOCK,1
WCH2017-100m-M-R1-H1,WCH,2017,100m,M,R1,1,8,MOCK ATHLETE M100m-006,0.147,,MOCK,1
WCH2017-100m-M-R1-H2,WCH,2017,100m,M,R1,2,2,MOCK ATHLETE M100m-044,0.141,,MOCK,1
WCH2017-100m-M-R1-H2,WCH,2017,100m,M,R1,2,3,MOCK ATHLETE M100m-021,0.149,,MOCK,1
WCH2017-100m-M-R1-H2,WCH,2017,100m,M,R1,2,4,MOCK ATHLETE M100m-056,0.15,,MOCK,1
WCH2017-100m-M-R1-H2,WCH,2017,100m,M,R1,2,5,MOCK ATHLETE M100m-065,0.144,,MOCK,1
WCH2017-100m-M-R1-H2,WCH,2017,100m,M,R1,2,6,MOCK ATHLETE M100m-041,0.155,,MOCK,1
WCH2017-100m-M-R1-H2,WCH,2017,100m,M,R1,2,7,MOCK ATHLETE M100m-033,0.139,,MOCK,1
WCH2017-100m-M-R1-H2,WCH,2017,100m,M,R1,2,8,MOCK ATHLETE M100m-022,0.145,,MOCK,1
WCH2017-100m-M-R1-H2,WCH,2017,100m,M,R1,2,9,MOCK ATHLETE M100m-014,0.155,,MOCK,1
WCH2017-100m-M-R1-H3,WCH,2017,100m,M,R1,3,2,MOCK ATHLETE M100m-012,0.171,,MOCK,1
WCH2017-100m-M-R1-H3,WCH,2017,100m,M,R1,3,3,MOCK ATHLETE M100m-048,0.141,,MOCK,1
WCH2017-100m-M-R1-H3,WCH,2017,100m,M,R1,3,4,MOCK ATHLETE M100m-018,0.162,,MOCK,1
WCH2017-100m-M-R1-H3,WCH,2017,100m,M,R1,3,5,MOCK ATHLETE M100m-028,0.171,,MOCK,1
WCH2017-100m-M-R1-H3,WCH,2017,100m,M,R1,3,6,MOCK ATHLETE M100m-019,0.171,,MOCK,1
WCH2017-100m-M-R1-H3,WCH,2017,100m,M,R1,3,7,MOCK ATHLETE M100m-002,0.198,,MOCK,1
WCH2017-100m-M-R1-H3,WCH,2017,100m,M,R1,3,8,MOCK ATHLETE M100m-000,0.184,,MOCK,1
WCH2017-100m-M-R1-H3,WCH,2017,100m,M,R1,3,9,MOCK ATHLETE M100m-068,0.141,,MOCK,1
WCH2017-100m-M-R1-H4,WCH,2017,100m,M,R1,4,2,MOCK ATHLETE M100m-029,0.143,,MOCK,1
WCH2017-100m-M-R1-H4,WCH,2017,100m,M,R1,4,3,MOCK ATHLETE M100m-069,0.132,,MOCK,1
WCH2017-100m-M-R1-H4,WCH,2017,100m,M,R1,4,4,MOCK ATHLETE M100m-003,0.114,,MOCK,1
WCH2017-100m-M-R1-H4,WCH,2017,100m,M,R1,4,5,MOCK ATHLETE M100m-010,0.178,,MOCK,1
WCH2017-100m-M-R1-H4,WCH,2017,100m,M,R1,4,6,MOCK ATHLETE M100m-043,0.145,,MOCK,1
WCH2017-100m-M-R1-H4,WCH,2017,100m,M,R1,4,7,MOCK ATHLETE M100m-049,0.175,,MOCK,1
WCH2017-100m-M-R1-H4,WCH,2017,100m,M,R1,4,8,MOCK ATHLETE M100m-013,0.147,,MOCK,1
WCH2017-100m-M-R1-H5,WCH,2017,100m,M,R1,5,2,MOCK ATHLETE M100m-037,0.199,,MOCK,1
WCH2017-100m-M-R1-H5,WCH,2017,100m,M,R1,5,3,MOCK ATHLETE M100m-008,0.128,,MOCK,1
WCH2017-100m-M-R1-H5,WCH,2017,100m,M,R1,5,4,MOCK ATHLETE M100m-005,0.142,,MOCK,1
WCH2017-100m-M-R1-H5,WCH,2017,100m,M,R1,5,5,MOCK ATHLETE M100m-025,0.148,,MOCK,1
WCH2017-100m-M-R1-H5,WCH,2017,100m,M,R1,5,6,MOCK ATHLETE M100m-055,0.17,,MOCK,1
WCH2017-100m-M-R1-H5,WCH,2017,100m,M,R1,5,7,MOCK ATHLETE M100m-060,0.149,,MOCK,1
WCH2017-100m-M-R1-H5,WCH,2017,100m,M,R1,5,8,MOCK ATHLETE M100m-034,0.189,,MOCK,1
WCH2017-100m-M-R1-H5,WCH,2017,100m,M,R1,5,9,MOCK ATHLETE M100m-024,0.15,,MOCK,1
WCH2017-100m-M-R1-H6,WCH,2017,100m,M,R1,6,2,MOCK ATHLETE M100m-066,0.17,,MOCK,1
WCH2017-100m-M-R1-H6,WCH,2017,100m,M,R1,6,3,MOCK ATHLETE M100m-052,0.118,,MOCK,1
WCH2017-100m-M-R1-H6,WCH,2017,100m,M,R1,6,4,MOCK ATHLETE M100m-062,0.136,,MOCK,1
WCH2017-100m-M-R1-H6,WCH,2017,100m,M,R1,6,5,MOCK ATHLETE M100m-042,0.124,,MOCK,1
WCH2017-100m-M-R1-H6,WCH,2017,100m,M,R1,6,6,MOCK ATHLETE M100m-017,0.136,,MOCK,1
WCH2017-100m-M-R1-H6,WCH,2017,100m,M,R1,6,7,MOCK ATHLETE M100m-009,0.121,,MOCK,1
WCH2017-100m-M-R1-H6,WCH,2017,100m,M,R1,6,8,MOCK ATHLETE M100m-040,0.163,,MOCK,1
WCH2017-100m-M-SF-H1,WCH,2017,100m,M,SF,1,2,MOCK ATHLETE M100m-042,0.15,,MOCK,1
WCH2017-100m-M-SF-H1,WCH,2017,100m,M,SF,1,3,MOCK ATHLETE M100m-014,0.159,,MOCK,1
WCH2017-100m-M-SF-H1,WCH,2017,100m,M,SF,1,4,MOCK ATHLETE M100m-029,0.166,,MOCK,1
WCH2017-100m-M-SF-H1,WCH,2017,100m,M,SF,1,5,MOCK ATHLETE M100m-033,0.154,,MOCK,1
WCH2017-100m-M-SF-H1,WCH,2017,100m,M,SF,1,6,MOCK ATHLETE M100m-037,0.168,,MOCK,1
WCH2017-100m-M-SF-H1,WCH,2017,100m,M,SF,1,7,MOCK ATHLETE M100m-040,0.137,,MOCK,1
WCH2017-100m-M-SF-H1,WCH,2017,100m,M,SF,1,8,MOCK ATHLETE M100m-059,0.155,,MOCK,1
WCH2017-100m-M-SF-H1,WCH,2017,100m,M,SF,1,9,MOCK ATHLETE M100m-025,0.159,,MOCK,1
WCH2017-100m-M-SF-H2,WCH,2017,100m,M,SF,2,2,MOCK ATHLETE M100m-018,0.146,,MOCK,1
WCH2017-100m-M-SF-H2,WCH,2017,100m,M,SF,2,3,MOCK ATHLETE M100m-012,0.148,,MOCK,1
WCH2017-100m-M-SF-H2,WCH,2017,100m,M,SF,2,4,MOCK ATHLETE M100m-031,0.067,DQ TR16.8,MOCK,1
WCH2017-100m-M-SF-H2,WCH,2017,100m,M,SF,2,5,MOCK ATHLETE M100m-063,0.169,,MOCK,1
WCH2017-100m-M-SF-H2,WCH,2017,100m,M,SF,2,6,MOCK ATHLETE M100m-017,0.162,,MOCK,1
WCH2017-100m-M-SF-H2,WCH,2017,100m,M,SF,2,7,MOCK ATHLETE M100m-032,0.163,,MOCK,1
WCH2017-100m-M-SF-H2,WCH,2017,100m,M,SF,2,8,MOCK ATHLETE M100m-002,0.179,,MOCK,1
WCH2017-100m-M-SF-H2,WCH,2017,100m,M,SF,2,9,MOCK ATHLETE M100m-010,0.179,,MOCK,1
WCH2017-100m-M-SF-H3,WCH,2017,100m,M,SF,3,2,MOCK ATHLETE M100m-057,0.157,,MOCK,1
WCH2017-100m-M-SF-H3,WCH,2017,100m,M,SF,3,3,MOCK ATHLETE M100m-008,0.164,,MOCK,1
WCH2017-100m-M-SF-H3,WCH,2017,100m,M,SF,3,4,MOCK ATHLETE M100m-026,0.115,,MOCK,1
WCH2017-100m-M-SF-H3,WCH,2017,100m,M,SF,3,5,MOCK ATHLETE M100m-006,0.156,,MOCK,1
WCH2017-100m-M-SF-H3,WCH,2017,100m,M,SF,3,6,MOCK ATHLETE M100m-034,0.168,,MOCK,1
WCH2017-100m-M-SF-H3,WCH,2017,100m,M,SF,3,7,MOCK ATHLETE M100m-044,0.169,,MOCK,1
WCH2017-100m-M-SF-H3,WCH,2017,100m,M,SF,3,8,MOCK ATHLETE M100m-003,0.136,,MOCK,1
WCH2017-100m-M-SF-H3,WCH,2017,100m,M,SF,3,9,MOCK ATHLETE M100m-022,0.132,,MOCK,1
WCH2017-100m-M-F-H1,WCH,2017,100m,M,F,1,2,MOCK ATHLETE M100m-034,0.156,,MOCK,1
WCH2017-100m-M-F-H1,WCH,2017,100m,M,F,1,3,MOCK ATHLETE M100m-025,0.136,,MOCK,1
WCH2017-100m-M-F-H1,WCH,2017,100m,M,F,1,4,MOCK ATHLETE M100m-006,0.16,,MOCK,1
WCH2017-100m-M-F-H1,WCH,2017,100m,M,F,1,5,MOCK ATHLETE M100m-031,0.173,,MOCK,1
WCH2017-100m-M-F-H1,WCH,2017,100m,M,F,1,6,MOCK ATHLETE M100m-014,0.144,,MOCK,1
WCH2017-100m-M-F-H1,WCH,2017,100m,M,F,1,7,MOCK ATHLETE M100m-044,0.187,,MOCK,1
WCH2017-100m-M-F-H1,WCH,2017,100m,M,F,1,8,MOCK ATHLETE M100m-032,0.168,,MOCK,1
WCH2017-100m-M-F-H1,WCH,2017,100m,M,F,1,9,MOCK ATHLETE M100m-026,0.132,,MOCK,1
WCH2017-200m-M-R1-H1,WCH,2017,200m,M,R1,1,2,MOCK ATHLETE M200m-021,0.152,,MOCK,1
WCH2017-200m-M-R1-H1,WCH,2017,200m,M,R1,1,3,MOCK ATHLETE M200m-033,0.219,,MOCK,1
WCH2017-200m-M-R1-H1,WCH,2017,200m,M,R1,1,4,MOCK ATHLETE M200m-055,0.165,,MOCK,1
WCH2017-200m-M-R1-H1,WCH,2017,200m,M,R1,1,5,MOCK ATHLETE M200m-030,0.16,,MOCK,1
WCH2017-200m-M-R1-H1,WCH,2017,200m,M,R1,1,6,MOCK ATHLETE M200m-027,0.175,,MOCK,1
WCH2017-200m-M-R1-H1,WCH,2017,200m,M,R1,1,7,MOCK ATHLETE M200m-015,0.152,,MOCK,1
WCH2017-200m-M-R1-H1,WCH,2017,200m,M,R1,1,8,MOCK ATHLETE M200m-023,0.166,,MOCK,1
WCH2017-200m-M-R1-H1,WCH,2017,200m,M,R1,1,9,MOCK ATHLETE M200m-032,0.169,,MOCK,1
WCH2017-200m-M-R1-H2,WCH,2017,200m,M,R1,2,2,MOCK ATHLETE M200m-065,0.148,,MOCK,1
WCH2017-200m-M-R1-H2,WCH,2017,200m,M,R1,2,3,MOCK ATHLETE M200m-031,0.153,,MOCK,1
WCH2017-200m-M-R1-H2,WCH,2017,200m,M,R1,2,4,MOCK ATHLETE M200m-022,0.147,,MOCK,1
WCH2017-200m-M-R1-H2,WCH,2017,200m,M,R1,2,5,MOCK ATHLETE M200m-050,0.145,,MOCK,1
WCH2017-200m-M-R1-H2,WCH,2017,200m,M,R1,2,6,MOCK ATHLETE M200m-014,0.155,,MOCK,1
WCH2017-200m-M-R1-H2,WCH,2017,200m,M,R1,2,7,MOCK ATHLETE M200m-002,0.164,,MOCK,1
WCH2017-200m-M-R1-H2,WCH,2017,200m,M,R1,2,8,MOCK ATHLETE M200m-063,0.142,,MOCK,1
WCH2017-200m-M-R1-H2,WCH,2017,200m,M,R1,2,9,MOCK ATHLETE M200m-005,0.16,,MOCK,1
WCH2017-200m-M-R1-H3,WCH,2017,200m,M,R1,3,2,MOCK ATHLETE M200m-009,0.161,,MOCK,1
WCH2017-200m-M-R1-H3,WCH,2017,200m,M,R1,3,3,MOCK ATHLETE M200m-006,0.156,,MOCK,1
WCH2017-200m-M-R1-H3,WCH,2017,200m,M,R1,3,4,MOCK ATHLETE M200m-016,0.151,,MOCK,1
WCH2017-200m-M-R1-H3,WCH,2017,200m,M,R1,3,5,MOCK ATHLETE M200m-038,0.146,,MOCK,1
WCH2017-200m-M-R1-H3,WCH,2017,200m,M,R1,3,6,MOCK ATHLETE M200m-012,0.145,,MOCK,1
WCH2017-200m-M-R1-H3,WCH,2017,200m,M,R1,3,7,MOCK ATHLETE M200m-019,0.146,,MOCK,1
WCH2017-200m-M-R1-H3,WCH,2017,200m,M,R1,3,8,MOCK ATHLETE M200m-067,0.159,,MOCK,1
WCH2017-200m-M-R1-H3,WCH,2017,200m,M,R1,3,9,MOCK ATHLETE M200m-046,0.165,,MOCK,1
WCH2017-200m-M-R1-H4,WCH,2017,200m,M,R1,4,2,MOCK ATHLETE M200m-053,0.23,,MOCK,1
WCH2017-200m-M-R1-H4,WCH,2017,200m,M,R1,4,3,MOCK ATHLETE M200m-048,0.157,,MOCK,1
WCH2017-200m-M-R1-H4,WCH,2017,200m,M,R1,4,4,MOCK ATHLETE M200m-069,0.132,,MOCK,1
WCH2017-200m-M-R1-H4,WCH,2017,200m,M,R1,4,5,MOCK ATHLETE M200m-045,0.157,,MOCK,1
WCH2017-200m-M-R1-H4,WCH,2017,200m,M,R1,4,6,MOCK ATHLETE M200m-004,0.174,,MOCK,1
WCH2017-200m-M-R1-H4,WCH,2017,200m,M,R1,4,7,MOCK ATHLETE M200m-034,0.141,,MOCK,1
WCH2017-200m-M-R1-H4,WCH,2017,200m,M,R1,4,8,MOCK ATHLETE M200m-000,0.183,,MOCK,1
WCH2017-200m-M-R1-H5,WCH,2017,200m,M,R1,5,2,MOCK ATHLETE M200m-035,0.162,,MOCK,1
WCH2017-200m-M-R1-H5,WCH,2017,200m,M,R1,5,3,MOCK ATHLETE M200m-007,0.151,,MOCK,1
WCH2017-200m-M-R1-H5,WCH,2017,200m,M,R1,5,4,MOCK ATHLETE M200m-051,0.156,,MOCK,1
WCH2017-200m-M-R1-H5,WCH,2017,200m,M,R1,5,5,MOCK ATHLETE M200m-057,0.147,,MOCK,1
WCH2017-200m-M-R1-H5,WCH,2017,200m,M,R1,5,6,MOCK ATHLETE M200m-064,0.182,,MOCK,1
WCH2017-200m-M-R1-H5,WCH,2017,200m,M,R1,5,7,MOCK ATHLETE M200m-044,0.158,,MOCK,1
WCH2017-200m-M-R1-H5,WCH,2017,200m,M,R1,5,8,MOCK ATHLETE M200m-041,0.149,,MOCK,1
WCH2017-200m-M-R1-H5,WCH,2017,200m,M,R1,5,9,MOCK ATHLETE M200m-024,0.161,,MOCK,1
WCH2017-200m-M-R1-H6,WCH,2017,200m,M,R1,6,2,MOCK ATHLETE M200m-026,0.128,,MOCK,1
WCH2017-200m-M-R1-H6,WCH,2017,200m,M,R1,6,3,MOCK ATHLETE M200m-042,0.129,,MOCK,1
WCH2017-200m-M-R1-H6,WCH,2017,200m,M,R1,6,4,MOCK ATHLETE M200m-003,0.161,,MOCK,1
WCH2017-200m-M-R1-H6,WCH,2017,200m,M,R1,6,5,MOCK ATHLETE M200m-029,0.117,,MOCK,1
WCH2017-200m-M-R1-H6,WCH,2017,200m,M,R1,6,6,MOCK ATHLETE M200m-028,0.125,,MOCK,1
WCH2017-200m-M-R1-H6,WCH,2017,200m,M,R1,6,7,MOCK ATHLETE M200m-037,0.153,,MOCK,1
WCH2017-200m-M-R1-H6,WCH,2017,200m,M,R1,6,8,MOCK ATHLETE M200m-025,0.148,,MOCK,1
WCH2017-200m-M-R1-H6,WCH,2017,200m,M,R1,6,9,MOCK ATHLETE M200m-066,0.143,,MOCK,1
WCH2017-200m-M-SF-H1,WCH,2017,200m,M,SF,1,2,MOCK ATHLETE M200m-022,0.137,,MOCK,1
WCH2017-200m-M-SF-H1,WCH,2017,200m,M,SF,1,3,MOCK ATHLETE M200m-019,0.14,,MOCK,1
WCH2017-200m-M-SF-H1,WCH,2017,200m,M,SF,1,4,MOCK ATHLETE M200m-034,0.125,,MOCK,1
WCH2017-200m-M-SF-H1,WCH,2017,200m,M,SF,1,5,MOCK ATHLETE M200m-037,0.132,,MOCK,1
WCH2017-200m-M-SF-H1,WCH,2017,200m,M,SF,1,6,MOCK ATHLETE M200m-055,0.157,,MOCK,1
WCH2017-200m-M-SF-H1,WCH,2017,200m,M,SF,1,7,MOCK ATHLETE M200m-051,0.143,,MOCK,1
WCH2017-200m-M-SF-H1,WCH,2017,200m,M,SF,1,8,MOCK ATHLETE M200m-029,0.12,,MOCK,1
WCH2017-200m-M-SF-H1,WCH,2017,200m,M,SF,1,9,MOCK ATHLETE M200m-030,0.153,,MOCK,1
WCH2017-200m-M-SF-H2,WCH,2017,200m,M,SF,2,2,MOCK ATHLETE M200m-000,0.169,,MOCK,1
WCH2017-200m-M-SF-H2,WCH,2017,200m,M,SF,2,3,MOCK ATHLETE M200m-065,0.19,,MOCK,1
WCH2017-200m-M-SF-H2,WCH,2017,200m,M,SF,2,4,MOCK ATHLETE M200m-004,0.186,,MOCK,1
WCH2017-200m-M-SF-H2,WCH,2017,200m,M,SF,2,5,MOCK ATHLETE M200m-013,0.159,,MOCK,1
WCH2017-200m-M-SF-H2,WCH,2017,200m,M,SF,2,6,MOCK ATHLETE M200m-016,0.145,,MOCK,1
WCH2017-200m-M-SF-H2,WCH,2017,200m,M,SF,2,7,MOCK ATHLETE M200m-014,0.135,,MOCK,1
WCH2017-200m-M-SF-H2,WCH,2017,200m,M,SF,2,8,MOCK ATHLETE M200m-023,0.159,,MOCK,1
WCH2017-200m-M-SF-H2,WCH,2017,200m,M,SF,2,9,MOCK ATHLETE M200m-015,0.21,,MOCK,1
WCH2017-200m-M-SF-H3,WCH,2017,200m,M,SF,3,2,MOCK ATHLETE M200m-033,0.178,,MOCK,1
WCH2017-200m-M-SF-H3,WCH,2017,200m,M,SF,3,3,MOCK ATHLETE M200m-035,0.142,,MOCK,1
WCH2017-200m-M-SF-H3,WCH,2017,200m,M,SF,3,4,MOCK ATHLETE M200m-063,0.155,,MOCK,1
WCH2017-200m-M-SF-H3,WCH,2017,200m,M,SF,3,5,MOCK ATHLETE M200m-066,0.177,,MOCK,1
WCH2017-200m-M-SF-H3,WCH,2017,200m,M,SF,3,6,MOCK ATHLETE M200m-042,0.154,,MOCK,1
WCH2017-200m-M-SF-H3,WCH,2017,200m,M,SF,3,7,MOCK ATHLETE M200m-044,0.159,,MOCK,1
WCH2017-200m-M-SF-H3,WCH,2017,200m,M,SF,3,8,MOCK ATHLETE M200m-038,0.137,,MOCK,1
WCH2017-200m-M-SF-H3,WCH,2017,200m,M,SF,3,9,MOCK ATHLETE M200m-002,0.15,,MOCK,1
WCH2017-200m-M-F-H1,WCH,2017,200m,M,F,1,2,MOCK ATHLETE M200m-038,0.16,,MOCK,1
WCH2017-200m-M-F-H1,WCH,2017,200m,M,F,1,3,MOCK ATHLETE M200m-055,0.155,,MOCK,1
WCH2017-200m-M-F-H1,WCH,2017,200m,M,F,1,4,MOCK ATHLETE M200m-033,0.179,,MOCK,1
WCH2017-200m-M-F-H1,WCH,2017,200m,M,F,1,5,MOCK ATHLETE M200m-042,0.152,,MOCK,1
WCH2017-200m-M-F-H1,WCH,2017,200m,M,F,1,6,MOCK ATHLETE M200m-002,0.143,,MOCK,1
WCH2017-200m-M-F-H1,WCH,2017,200m,M,F,1,7,MOCK ATHLETE M200m-016,0.158,,MOCK,1
WCH2017-200m-M-F-H1,WCH,2017,200m,M,F,1,8,MOCK ATHLETE M200m-035,0.163,,MOCK,1
WCH2017-200m-M-F-H1,WCH,2017,200m,M,F,1,9,MOCK ATHLETE M200m-065,0.18,,MOCK,1
WCH2017-110mH-M-R1-H1,WCH,2017,110mH,M,R1,1,2,MOCK ATHLETE M110mH-044,0.16,,MOCK,1
WCH2017-110mH-M-R1-H1,WCH,2017,110mH,M,R1,1,3,MOCK ATHLETE M110mH-051,0.163,,MOCK,1
WCH2017-110mH-M-R1-H1,WCH,2017,110mH,M,R1,1,4,MOCK ATHLETE M110mH-069,0.133,,MOCK,1
WCH2017-110mH-M-R1-H1,WCH,2017,110mH,M,R1,1,5,MOCK ATHLETE M110mH-028,0.149,,MOCK,1
WCH2017-110mH-M-R1-H1,WCH,2017,110mH,M,R1,1,6,MOCK ATHLETE M110mH-050,0.157,,MOCK,1
WCH2017-110mH-M-R1-H1,WCH,2017,110mH,M,R1,1,7,MOCK ATHLETE M110mH-036,0.182,,MOCK,1
WCH2017-110mH-M-R1-H1,WCH,2017,110mH,M,R1,1,8,MOCK ATHLETE M110mH-039,0.162,,MOCK,1
WCH2017-110mH-M-R1-H1,WCH,2017,110mH,M,R1,1,9,MOCK ATHLETE M110mH-062,0.167,,MOCK,1
WCH2017-110mH-M-R1-H2,WCH,2017,110mH,M,R1,2,2,MOCK ATHLETE M110mH-041,0.154,,MOCK,1
WCH2017-110mH-M-R1-H2,WCH,2017,110mH,M,R1,2,3,MOCK ATHLETE M110mH-018,0.183,,MOCK,1
WCH2017-110mH-M-R1-H2,WCH,2017,110mH,M,R1,2,4,MOCK ATHLETE M110mH-025,0.174,,MOCK,1
WCH2017-110mH-M-R1-H2,WCH,2017,110mH,M,R1,2,5,MOCK ATHLETE M110mH-037,0.154,,MOCK,1
WCH2017-110mH-M-R1-H2,WCH,2017,110mH,M,R1,2,6,MOCK ATHLETE M110mH-040,0.122,,MOCK,1
WCH2017-110mH-M-R1-H2,WCH,2017,110mH,M,R1,2,7,MOCK ATHLETE M110mH-065,0.175,,MOCK,1
WCH2017-110mH-M-R1-H2,WCH,2017,110mH,M,R1,2,8,MOCK ATHLETE M110mH-031,0.167,,MOCK,1
WCH2017-110mH-M-R1-H3,WCH,2017,110mH,M,R1,3,2,MOCK ATHLETE M110mH-006,0.194,,MOCK,1
WCH2017-110mH-M-R1-H3,WCH,2017,110mH,M,R1,3,3,MOCK ATHLETE M110mH-017,0.163,,MOCK,1
WCH2017-110mH-M-R1-H3,WCH,2017,110mH,M,R1,3,4,MOCK ATHLETE M110mH-055,0.186,,MOCK,1
WCH2017-110mH-M-R1-H3,WCH,2017,110mH,M,R1,3,5,MOCK ATHLETE M110mH-053,0.157,,MOCK,1
WCH2017-110mH-M-R1-H3,WCH,2017,110mH,M,R1,3,6,MOCK ATHLETE M110mH-054,0.164,,MOCK,1
WCH2017-110mH-M-R1-H3,WCH,2017,110mH,M,R1,3,7,MOCK ATHLETE M110mH-008,0.163,,MOCK,1
WCH2017-110mH-M-R1-H3,WCH,2017,110mH,M,R1,3,8,MOCK ATHLETE M110mH-010,0.136,,MOCK,1
WCH2017-110mH-M-R1-H3,WCH,2017,110mH,M,R1,3,9,MOCK ATHLETE M110mH-066,0.146,,MOCK,1
WCH2017-110mH-M-R1-H4,WCH,2017,110mH,M,R1,4,2,MOCK ATHLETE M110mH-032,0.155,,MOCK,1
WCH2017-110mH-M-R1-H4,WCH,2017,110mH,M,R1,4,3,MOCK ATHLETE M110mH-004,0.15,,MOCK,1
WCH2017-110mH-M-R1-H4,WCH,2017,110mH,M,R1,4,4,MOCK ATHLETE M110mH-014,0.159,,MOCK,1
WCH2017-110mH-M-R1-H4,WCH,2017,110mH,M,R1,4,5,MOCK ATHLETE M110mH-020,0.148,,MOCK,1
WCH2017-110mH-M-R1-H4,WCH,2017,110mH,M,R1,4,6,MOCK ATHLETE M110mH-042,0.157,,MOCK,1
WCH2017-110mH-M-R1-H4,WCH,2017,110mH,M,R1,4,7,MOCK ATHLETE M110mH-043,0.153,,MOCK,1
WCH2017-110mH-M-R1-H4,WCH,2017,110mH,M,R1,4,8,MOCK ATHLETE M110mH-046,0.15,,MOCK,1
WCH2017-110mH-M-R1-H4,WCH,2017,110mH,M,R1,4,9,MOCK ATHLETE M110mH-061,0.161,,MOCK,1
WCH2017-110mH-M-R1-H5,WCH,2017,110mH,M,R1,5,2,MOCK ATHLETE M110mH-030,0.139,,MOCK,1
WCH2017-110mH-M-R1-H5,WCH,2017,110mH,M,R1,5,3,MOCK ATHLETE M110mH-035,0.131,,MOCK,1
WCH2017-110mH-M-R1-H5,WCH,2017,110mH,M,R1,5,4,MOCK ATHLETE M110mH-060,0.16,,MOCK,1
WCH2017-110mH-M-R1-H5,WCH,2017,110mH,M,R1,5,5,MOCK ATHLETE M110mH-047,0.148,,MOCK,1
WCH2017-110mH-M-R1-H5,WCH,2017,110mH,M,R1,5,6,MOCK ATHLETE M110mH-034,0.148,,MOCK,1
WCH2017-110mH-M-R1-H5,WCH,2017,110mH,M,R1,5,7,MOCK ATHLETE M110mH-002,0.129,,MOCK,1
WCH2017-110mH-M-R1-H5,WCH,2017,110mH,M,R1,5,8,MOCK ATHLETE M110mH-019,0.177,,MOCK,1
WCH2017-110mH-M-R1-H5,WCH,2017,110mH,M,R1,5,9,MOCK ATHLETE M110mH-005,0.138,,MOCK,1
WCH2017-110mH-M-R1-H6,WCH,2017,110mH,M,R1,6,2,MOCK ATHLETE M110mH-049,0.162,,MOCK,1
WCH2017-110mH-M-R1-H6,WCH,2017,110mH,M,R1,6,3,MOCK ATHLETE M110mH-024,0.154,,MOCK,1
WCH2017-110mH-M-R1-H6,WCH,2017,110mH,M,R1,6,4,MOCK ATHLETE M110mH-063,0.166,,MOCK,1
WCH2017-110mH-M-R1-H6,WCH,2017,110mH,M,R1,6,5,MOCK ATHLETE M110mH-058,0.164,,MOCK,1
WCH2017-110mH-M-R1-H6,WCH,2017,110mH,M,R1,6,6,MOCK ATHLETE M110mH-000,0.148,,MOCK,1
WCH2017-110mH-M-R1-H6,WCH,2017,110mH,M,R1,6,7,MOCK ATHLETE M110mH-003,0.162,,MOCK,1
WCH2017-110mH-M-R1-H6,WCH,2017,110mH,M,R1,6,8,MOCK ATHLETE M110mH-007,0.151,,MOCK,1
WCH2017-110mH-M-R1-H6,WCH,2017,110mH,M,R1,6,9,MOCK ATHLETE M110mH-011,0.156,,MOCK,1
WCH2017-110mH-M-SF-H1,WCH,2017,110mH,M,SF,1,2,MOCK ATHLETE M110mH-020,0.137,,MOCK,1
WCH2017-110mH-M-SF-H1,WCH,2017,110mH,M,SF,1,3,MOCK ATHLETE M110mH-028,0.161,,MOCK,1
WCH2017-110mH-M-SF-H1,WCH,2017,110mH,M,SF,1,4,MOCK ATHLETE M110mH-010,0.184,,MOCK,1
WCH2017-110mH-M-SF-H1,WCH,2017,110mH,M,SF,1,5,MOCK ATHLETE M110mH-060,0.134,,MOCK,1
WCH2017-110mH-M-SF-H1,WCH,2017,110mH,M,SF,1,6,MOCK ATHLETE M110mH-019,0.132,,MOCK,1
WCH2017-110mH-M-SF-H1,WCH,2017,110mH,M,SF,1,7,MOCK ATHLETE M110mH-058,0.141,,MOCK,1
WCH2017-110mH-M-SF-H1,WCH,2017,110mH,M,SF,1,8,MOCK ATHLETE M110mH-005,0.12,,MOCK,1
WCH2017-110mH-M-SF-H1,WCH,2017,110mH,M,SF,1,9,MOCK ATHLETE M110mH-016,0.133,,MOCK,1
WCH2017-110mH-M-SF-H2,WCH,2017,110mH,M,SF,2,2,MOCK ATHLETE M110mH-043,0.147,,MOCK,1
WCH2017-110mH-M-SF-H2,WCH,2017,110mH,M,SF,2,3,MOCK ATHLETE M110mH-050,0.138,,MOCK,1
WCH2017-110mH-M-SF-H2,WCH,2017,110mH,M,SF,2,4,MOCK ATHLETE M110mH-065,0.153,,MOCK,1
WCH2017-110mH-M-SF-H2,WCH,2017,110mH,M,SF,2,5,MOCK ATHLETE M110mH-069,0.151,,MOCK,1
WCH2017-110mH-M-SF-H2,WCH,2017,110mH,M,SF,2,6,MOCK ATHLETE M110mH-003,0.129,,MOCK,1
WCH2017-110mH-M-SF-H2,WCH,2017,110mH,M,SF,2,7,MOCK ATHLETE M110mH-053,0.151,,MOCK,1
WCH2017-110mH-M-SF-H2,WCH,2017,110mH,M,SF,2,8,MOCK ATHLETE M110mH-018,0.169,,MOCK,1
WCH2017-110mH-M-SF-H2,WCH,2017,110mH,M,SF,2,9,MOCK ATHLETE M110mH-024,0.139,,MOCK,1
WCH2017-110mH-M-SF-H3,WCH,2017,110mH,M,SF,3,2,MOCK ATHLETE M110mH-042,0.165,,MOCK,1
WCH2017-110mH-M-SF-H3,WCH,2017,110mH,M,SF,3,3,MOCK ATHLETE M110mH-014,0.176,,MOCK,1
WCH2017-110mH-M-SF-H3,WCH,2017,110mH,M,SF,3,4,MOCK ATHLETE M110mH-011,0.192,,MOCK,1
WCH2017-110mH-M-SF-H3,WCH,2017,110mH,M,SF,3,5,MOCK ATHLETE M110mH-035,0.14,,MOCK,1
WCH2017-110mH-M-SF-H3,WCH,2017,110mH,M,SF,3,6,MOCK ATHLETE M110mH-007,0.162,,MOCK,1
WCH2017-110mH-M-SF-H3,WCH,2017,110mH,M,SF,3,7,MOCK ATHLETE M110mH-032,0.165,,MOCK,1
WCH2017-110mH-M-SF-H3,WCH,2017,110mH,M,SF,3,8,MOCK ATHLETE M110mH-006,0.194,,MOCK,1
WCH2017-110mH-M-SF-H3,WCH,2017,110mH,M,SF,3,9,MOCK ATHLETE M110mH-066,0.13,,MOCK,1
WCH2017-110mH-M-F-H1,WCH,2017,110mH,M,F,1,2,MOCK ATHLETE M110mH-053,0.152,,MOCK,1
WCH2017-110mH-M-F-H1,WCH,2017,110mH,M,F,1,3,MOCK ATHLETE M110mH-042,0.18,,MOCK,1
WCH2017-110mH-M-F-H1,WCH,2017,110mH,M,F,1,4,MOCK ATHLETE M110mH-014,0.18,,MOCK,1
WCH2017-110mH-M-F-H1,WCH,2017,110mH,M,F,1,5,MOCK ATHLETE M110mH-006,0.163,,MOCK,1
WCH2017-110mH-M-F-H1,WCH,2017,110mH,M,F,1,6,MOCK ATHLETE M110mH-024,0.182,,MOCK,1
WCH2017-110mH-M-F-H1,WCH,2017,110mH,M,F,1,7,MOCK ATHLETE M110mH-003,0.211,,MOCK,1
WCH2017-110mH-M-F-H1,WCH,2017,110mH,M,F,1,8,MOCK ATHLETE M110mH-060,0.157,,MOCK,1
WCH2017-110mH-M-F-H1,WCH,2017,110mH,M,F,1,9,MOCK ATHLETE M110mH-032,0.139,,MOCK,1
WCH2017-100m-W-PR-H1,WCH,2017,100m,W,PR,1,2,MOCK PR W100m2017-0,0.152,,MOCK,1
WCH2017-100m-W-PR-H1,WCH,2017,100m,W,PR,1,3,MOCK PR W100m2017-1,0.182,,MOCK,1
WCH2017-100m-W-PR-H1,WCH,2017,100m,W,PR,1,4,MOCK PR W100m2017-2,0.161,,MOCK,1
WCH2017-100m-W-PR-H1,WCH,2017,100m,W,PR,1,5,MOCK PR W100m2017-3,0.172,,MOCK,1
WCH2017-100m-W-PR-H1,WCH,2017,100m,W,PR,1,6,MOCK PR W100m2017-4,0.162,,MOCK,1
WCH2017-100m-W-PR-H1,WCH,2017,100m,W,PR,1,7,MOCK PR W100m2017-5,0.215,,MOCK,1
WCH2017-100m-W-PR-H1,WCH,2017,100m,W,PR,1,8,MOCK PR W100m2017-6,0.173,,MOCK,1
WCH2017-100m-W-PR-H1,WCH,2017,100m,W,PR,1,9,MOCK PR W100m2017-7,0.154,,MOCK,1
WCH2017-100m-W-PR-H2,WCH,2017,100m,W,PR,2,2,MOCK PR W100m2017-8,0.17,,MOCK,1
WCH2017-100m-W-PR-H2,WCH,2017,100m,W,PR,2,3,MOCK PR W100m2017-9,0.183,,MOCK,1
WCH2017-100m-W-PR-H2,WCH,2017,100m,W,PR,2,4,MOCK PR W100m2017-10,0.239,,MOCK,1
WCH2017-100m-W-PR-H2,WCH,2017,100m,W,PR,2,5,MOCK PR W100m2017-11,0.175,,MOCK,1
WCH2017-100m-W-PR-H2,WCH,2017,100m,W,PR,2,6,MOCK PR W100m2017-12,0.193,,MOCK,1
WCH2017-100m-W-PR-H2,WCH,2017,100m,W,PR,2,7,MOCK PR W100m2017-13,0.152,,MOCK,1
WCH2017-100m-W-PR-H2,WCH,2017,100m,W,PR,2,8,MOCK PR W100m2017-14,0.191,,MOCK,1
WCH2017-100m-W-PR-H2,WCH,2017,100m,W,PR,2,9,MOCK PR W100m2017-15,0.214,,MOCK,1
WCH2017-100m-W-R1-H1,WCH,2017,100m,W,R1,1,2,MOCK ATHLETE W100m-043,0.182,,MOCK,1
WCH2017-100m-W-R1-H1,WCH,2017,100m,W,R1,1,3,MOCK ATHLETE W100m-054,0.148,,MOCK,1
WCH2017-100m-W-R1-H1,WCH,2017,100m,W,R1,1,4,MOCK ATHLETE W100m-013,0.168,,MOCK,1
WCH2017-100m-W-R1-H1,WCH,2017,100m,W,R1,1,5,MOCK ATHLETE W100m-016,0.147,,MOCK,1
WCH2017-100m-W-R1-H1,WCH,2017,100m,W,R1,1,6,MOCK ATHLETE W100m-042,0.162,,MOCK,1
WCH2017-100m-W-R1-H1,WCH,2017,100m,W,R1,1,7,MOCK ATHLETE W100m-064,0.156,,MOCK,1
WCH2017-100m-W-R1-H1,WCH,2017,100m,W,R1,1,8,MOCK ATHLETE W100m-022,0.164,,MOCK,1
WCH2017-100m-W-R1-H2,WCH,2017,100m,W,R1,2,2,MOCK ATHLETE W100m-033,0.162,,MOCK,1
WCH2017-100m-W-R1-H2,WCH,2017,100m,W,R1,2,3,MOCK ATHLETE W100m-049,0.155,,MOCK,1
WCH2017-100m-W-R1-H2,WCH,2017,100m,W,R1,2,4,MOCK ATHLETE W100m-017,0.151,,MOCK,1
WCH2017-100m-W-R1-H2,WCH,2017,100m,W,R1,2,5,MOCK ATHLETE W100m-027,0.144,,MOCK,1
WCH2017-100m-W-R1-H2,WCH,2017,100m,W,R1,2,6,MOCK ATHLETE W100m-020,0.149,,MOCK,1
WCH2017-100m-W-R1-H2,WCH,2017,100m,W,R1,2,7,MOCK ATHLETE W100m-052,0.166,,MOCK,1
WCH2017-100m-W-R1-H2,WCH,2017,100m,W,R1,2,8,MOCK ATHLETE W100m-063,0.172,,MOCK,1
WCH2017-100m-W-R1-H2,WCH,2017,100m,W,R1,2,9,MOCK ATHLETE W100m-038,0.149,,MOCK,1
WCH2017-100m-W-R1-H3,WCH,2017,100m,W,R1,3,2,MOCK ATHLETE W100m-015,0.169,,MOCK,1
WCH2017-100m-W-R1-H3,WCH,2017,100m,W,R1,3,3,MOCK ATHLETE W100m-012,0.136,,MOCK,1
WCH2017-100m-W-R1-H3,WCH,2017,100m,W,R1,3,4,MOCK ATHLETE W100m-068,0.177,,MOCK,1
WCH2017-100m-W-R1-H3,WCH,2017,100m,W,R1,3,5,MOCK ATHLETE W100m-019,0.134,,MOCK,1
WCH2017-100m-W-R1-H3,WCH,2017,100m,W,R1,3,6,MOCK ATHLETE W100m-046,0.182,,MOCK,1
WCH2017-100m-W-R1-H3,WCH,2017,100m,W,R1,3,7,MOCK ATHLETE W100m-029,0.135,,MOCK,1
WCH2017-100m-W-R1-H3,WCH,2017,100m,W,R1,3,8,MOCK ATHLETE W100m-014,0.16,,MOCK,1
WCH2017-100m-W-R1-H3,WCH,2017,100m,W,R1,3,9,MOCK ATHLETE W100m-002,0.111,,MOCK,1
WCH2017-100m-W-R1-H4,WCH,2017,100m,W,R1,4,2,MOCK ATHLETE W100m-001,0.161,,MOCK,1
WCH2017-100m-W-R1-H4,WCH,2017,100m,W,R1,4,3,MOCK ATHLETE W100m-026,0.165,,MOCK,1
WCH2017-100m-W-R1-H4,WCH,2017,100m,W,R1,4,4,MOCK ATHLETE W100m-048,0.166,,MOCK,1
WCH2017-100m-W-R1-H4,WCH,2017,100m,W,R1,4,5,MOCK ATHLETE W100m-040,0.119,,MOCK,1
WCH2017-100m-W-R1-H4,WCH,2017,100m,W,R1,4,6,MOCK ATHLETE W100m-005,0.15,,MOCK,1
WCH2017-100m-W-R1-H4,WCH,2017,100m,W,R1,4,7,MOCK ATHLETE W100m-007,0.149,,MOCK,1
WCH2017-100m-W-R1-H4,WCH,2017,100m,W,R1,4,8,MOCK ATHLETE W100m-057,0.181,,MOCK,1
WCH2017-100m-W-R1-H4,WCH,2017,100m,W,R1,4,9,MOCK ATHLETE W100m-056,0.173,,MOCK,1
WCH2017-100m-W-R1-H5,WCH,2017,100m,W,R1,5,2,MOCK ATHLETE W100m-045,0.16,,MOCK,1
WCH2017-100m-W-R1-H5,WCH,2017,100m,W,R1,5,3,MOCK ATHLETE W100m-004,0.17,,MOCK,1
WCH2017-100m-W-R1-H5,WCH,2017,100m,W,R1,5,4,MOCK ATHLETE W100m-061,0.16,,MOCK,1
WCH2017-100m-W-R1-H5,WCH,2017,100m,W,R1,5,5,MOCK ATHLETE W100m-047,0.154,,MOCK,1
WCH2017-100m-W-R1-H5,WCH,2017,100m,W,R1,5,6,MOCK ATHLETE W100m-055,0.175,,MOCK,1
WCH2017-100m-W-R1-H5,WCH,2017,100m,W,R1,5,7,MOCK ATHLETE W100m-044,0.149,,MOCK,1
WCH2017-100m-W-R1-H5,WCH,2017,100m,W,R1,5,8,MOCK ATHLETE W100m-018,0.144,,MOCK,1
WCH2017-100m-W-R1-H5,WCH,2017,100m,W,R1,5,9,MOCK ATHLETE W100m-006,0.167,,MOCK,1
WCH2017-100m-W-R1-H6,WCH,2017,100m,W,R1,6,2,MOCK ATHLETE W100m-066,0.157,,MOCK,1
WCH2017-100m-W-R1-H6,WCH,2017,100m,W,R1,6,3,MOCK ATHLETE W100m-030,0.168,,MOCK,1
WCH2017-100m-W-R1-H6,WCH,2017,100m,W,R1,6,4,MOCK ATHLETE W100m-034,0.157,,MOCK,1
WCH2017-100m-W-R1-H6,WCH,2017,100m,W,R1,6,5,MOCK ATHLETE W100m-025,0.135,,MOCK,1
WCH2017-100m-W-R1-H6,WCH,2017,100m,W,R1,6,6,MOCK ATHLETE W100m-031,0.171,,MOCK,1
WCH2017-100m-W-R1-H6,WCH,2017,100m,W,R1,6,7,MOCK ATHLETE W100m-028,0.167,,MOCK,1
WCH2017-100m-W-R1-H6,WCH,2017,100m,W,R1,6,8,MOCK ATHLETE W100m-000,0.179,,MOCK,1
WCH2017-100m-W-R1-H6,WCH,2017,100m,W,R1,6,9,MOCK ATHLETE W100m-069,0.184,,MOCK,1
WCH2017-100m-W-SF-H1,WCH,2017,100m,W,SF,1,2,MOCK ATHLETE W100m-014,0.165,,MOCK,1
WCH2017-100m-W-SF-H1,WCH,2017,100m,W,SF,1,3,MOCK ATHLETE W100m-044,0.146,,MOCK,1
WCH2017-100m-W-SF-H1,WCH,2017,100m,W,SF,1,4,MOCK ATHLETE W100m-047,0.175,,MOCK,1
WCH2017-100m-W-SF-H1,WCH,2017,100m,W,SF,1,5,MOCK ATHLETE W100m-006,0.171,,MOCK,1
WCH2017-100m-W-SF-H1,WCH,2017,100m,W,SF,1,6,MOCK ATHLETE W100m-042,0.18,,MOCK,1
WCH2017-100m-W-SF-H1,WCH,2017,100m,W,SF,1,7,MOCK ATHLETE W100m-066,0.189,,MOCK,1
WCH2017-100m-W-SF-H1,WCH,2017,100m,W,SF,1,8,MOCK ATHLETE W100m-015,0.177,,MOCK,1
WCH2017-100m-W-SF-H1,WCH,2017,100m,W,SF,1,9,MOCK ATHLETE W100m-025,0.147,,MOCK,1
WCH2017-100m-W-SF-H2,WCH,2017,100m,W,SF,2,2,MOCK ATHLETE W100m-019,0.158,,MOCK,1
WCH2017-100m-W-SF-H2,WCH,2017,100m,W,SF,2,3,MOCK ATHLETE W100m-056,0.141,,MOCK,1
WCH2017-100m-W-SF-H2,WCH,2017,100m,W,SF,2,4,MOCK ATHLETE W100m-038,0.19,,MOCK,1
WCH2017-100m-W-SF-H2,WCH,2017,100m,W,SF,2,5,MOCK ATHLETE W100m-026,0.162,,MOCK,1
WCH2017-100m-W-SF-H2,WCH,2017,100m,W,SF,2,6,MOCK ATHLETE W100m-020,0.197,,MOCK,1
WCH2017-100m-W-SF-H2,WCH,2017,100m,W,SF,2,7,MOCK ATHLETE W100m-055,0.151,,MOCK,1
WCH2017-100m-W-SF-H2,WCH,2017,100m,W,SF,2,8,MOCK ATHLETE W100m-002,0.169,,MOCK,1
WCH2017-100m-W-SF-H2,WCH,2017,100m,W,SF,2,9,MOCK ATHLETE W100m-000,0.156,,MOCK,1
WCH2017-100m-W-SF-H3,WCH,2017,100m,W,SF,3,2,MOCK ATHLETE W100m-045,0.154,,MOCK,1
WCH2017-100m-W-SF-H3,WCH,2017,100m,W,SF,3,3,MOCK ATHLETE W100m-017,0.149,,MOCK,1
WCH2017-100m-W-SF-H3,WCH,2017,100m,W,SF,3,4,MOCK ATHLETE W100m-012,0.167,,MOCK,1
WCH2017-100m-W-SF-H3,WCH,2017,100m,W,SF,3,5,MOCK ATHLETE W100m-018,0.156,,MOCK,1
WCH2017-100m-W-SF-H3,WCH,2017,100m,W,SF,3,6,MOCK ATHLETE W100m-061,0.13,,MOCK,1
WCH2017-100m-W-SF-H3,WCH,2017,100m,W,SF,3,7,MOCK ATHLETE W100m-034,0.154,,MOCK,1
WCH2017-100m-W-SF-H3,WCH,2017,100m,W,SF,3,8,MOCK ATHLETE W100m-049,0.155,,MOCK,1
WCH2017-100m-W-SF-H3,WCH,2017,100m,W,SF,3,9,MOCK ATHLETE W100m-068,0.149,,MOCK,1
WCH2017-100m-W-F-H1,WCH,2017,100m,W,F,1,2,MOCK ATHLETE W100m-045,0.139,,MOCK,1
WCH2017-100m-W-F-H1,WCH,2017,100m,W,F,1,3,MOCK ATHLETE W100m-000,0.153,,MOCK,1
WCH2017-100m-W-F-H1,WCH,2017,100m,W,F,1,4,MOCK ATHLETE W100m-018,0.144,,MOCK,1
WCH2017-100m-W-F-H1,WCH,2017,100m,W,F,1,5,MOCK ATHLETE W100m-044,0.146,,MOCK,1
WCH2017-100m-W-F-H1,WCH,2017,100m,W,F,1,6,MOCK ATHLETE W100m-012,0.14,,MOCK,1
WCH2017-100m-W-F-H1,WCH,2017,100m,W,F,1,7,MOCK ATHLETE W100m-056,0.15,,MOCK,1
WCH2017-100m-W-F-H1,WCH,2017,100m,W,F,1,8,MOCK ATHLETE W100m-068,0.174,,MOCK,1
WCH2017-100m-W-F-H1,WCH,2017,100m,W,F,1,9,MOCK ATHLETE W100m-026,0.186,,MOCK,1
WCH2017-200m-W-R1-H1,WCH,2017,200m,W,R1,1,2,MOCK ATHLETE W200m-037,0.148,,MOCK,1
WCH2017-200m-W-R1-H1,WCH,2017,200m,W,R1,1,3,MOCK ATHLETE W200m-050,0.157,,MOCK,1
WCH2017-200m-W-R1-H1,WCH,2017,200m,W,R1,1,4,MOCK ATHLETE W200m-001,0.135,,MOCK,1
WCH2017-200m-W-R1-H1,WCH,2017,200m,W,R1,1,5,MOCK ATHLETE W200m-024,0.159,,MOCK,1
WCH2017-200m-W-R1-H1,WCH,2017,200m,W,R1,1,6,MOCK ATHLETE W200m-067,0.155,,MOCK,1
WCH2017-200m-W-R1-H1,WCH,2017,200m,W,R1,1,7,MOCK ATHLETE W200m-051,0.15,,MOCK,1
WCH2017-200m-W-R1-H1,WCH,2017,200m,W,R1,1,8,MOCK ATHLETE W200m-006,0.172,,MOCK,1
WCH2017-200m-W-R1-H1,WCH,2017,200m,W,R1,1,9,MOCK ATHLETE W200m-041,0.164,,MOCK,1
WCH2017-200m-W-R1-H2,WCH,2017,200m,W,R1,2,2,MOCK ATHLETE W200m-017,0.147,,MOCK,1
WCH2017-200m-W-R1-H2,WCH,2017,200m,W,R1,2,3,MOCK ATHLETE W200m-038,0.145,,MOCK,1
WCH2017-200m-W-R1-H2,WCH,2017,200m,W,R1,2,4,MOCK ATHLETE W200m-062,0.182,,MOCK,1
WCH2017-200m-W-R1-H2,WCH,2017,200m,W,R1,2,5,MOCK ATHLETE W200m-054,0.168,,MOCK,1
WCH2017-200m-W-R1-H2,WCH,2017,200m,W,R1,2,6,MOCK ATHLETE W200m-010,0.146,,MOCK,1
WCH2017-200m-W-R1-H2,WCH,2017,200m,W,R1,2,7,MOCK ATHLETE W200m-047,0.152,,MOCK,1
WCH2017-200m-W-R1-H2,WCH,2017,200m,W,R1,2,8,MOCK ATHLETE W200m-016,0.185,,MOCK,1
WCH2017-200m-W-R1-H2,WCH,2017,200m,W,R1,2,9,MOCK ATHLETE W200m-013,0.185,,MOCK,1
WCH2017-200m-W-R1-H3,WCH,2017,200m,W,R1,3,2,MOCK ATHLETE W200m-020,0.177,,MOCK,1
WCH2017-200m-W-R1-H3,WCH,2017,200m,W,R1,3,3,MOCK ATHLETE W200m-046,0.149,,MOCK,1
WCH2017-200m-W-R1-H3,WCH,2017,200m,W,R1,3,4,MOCK ATHLETE W200m-011,0.18,,MOCK,1
WCH2017-200m-W-R1-H3,WCH,2017,200m,W,R1,3,5,MOCK ATHLETE W200m-023,0.139,,MOCK,1
WCH2017-200m-W-R1-H3,WCH,2017,200m,W,R1,3,6,MOCK ATHLETE W200m-036,0.148,,MOCK,1
WCH2017-200m-W-R1-H3,WCH,2017,200m,W,R1,3,7,MOCK ATHLETE W200m-063,0.15,,MOCK,1
WCH2017-200m-W-R1-H3,WCH,2017,200m,W,R1,3,8,MOCK ATHLETE W200m-048,0.183,,MOCK,1
WCH2017-200m-W-R1-H4,WCH,2017,200m,W,R1,4,2,MOCK ATHLETE W200m-066,0.158,,MOCK,1
WCH2017-200m-W-R1-H4,WCH,2017,200m,W,R1,4,3,MOCK ATHLETE W200m-034,0.16,,MOCK,1
WCH2017-200m-W-R1-H4,WCH,2017,200m,W,R1,4,4,MOCK ATHLETE W200m-014,0.168,,MOCK,1
WCH2017-200m-W-R1-H4,WCH,2017,200m,W,R1,4,5,MOCK ATHLETE W200m-030,0.171,,MOCK,1
WCH2017-200m-W-R1-H4,WCH,2017,200m,W,R1,4,6,MOCK ATHLETE W200m-003,0.178,,MOCK,1
WCH2017-200m-W-R1-H4,WCH,2017,200m,W,R1,4,7,MOCK ATHLETE W200m-022,0.164,,MOCK,1
WCH2017-200m-W-R1-H4,WCH,2017,200m,W,R1,4,8,MOCK ATHLETE W200m-053,0.162,,MOCK,1
WCH2017-200m-W-R1-H4,WCH,2017,200m,W,R1,4,9,MOCK ATHLETE W200m-019,0.154,,MOCK,1
WCH2017-200m-W-R1-H5,WCH,2017,200m,W,R1,5,2,MOCK ATHLETE W200m-068,0.177,,MOCK,1
WCH2017-200m-W-R1-H5,WCH,2017,200m,W,R1,5,3,MOCK ATHLETE W200m-000,0.173,,MOCK,1
WCH2017-200m-W-R1-H5,WCH,2017,200m,W,R1,5,4,MOCK ATHLETE W200m-040,0.175,,MOCK,1
WCH2017-200m-W-R1-H5,WCH,2017,200m,W,R1,5,5,MOCK ATHLETE W200m-039,0.17,,MOCK,1
WCH2017-200m-W-R1-H5,WCH,2017,200m,W,R1,5,6,MOCK ATHLETE W200m-031,0.161,,MOCK,1
WCH2017-200m-W-R1-H5,WCH,2017,200m,W,R1,5,7,MOCK ATHLETE W200m-045,0.161,,MOCK,1
WCH2017-200m-W-R1-H5,WCH,2017,200m,W,R1,5,8,MOCK ATHLETE W200m-018,0.158,,MOCK,1
WCH2017-200m-W-R1-H5,WCH,2017,200m,W,R1,5,9,MOCK ATHLETE W200m-029,0.167,,MOCK,1
WCH2017-200m-W-R1-H6,WCH,2017,200m,W,R1,6,2,MOCK ATHLETE W200m-028,0.167,,MOCK,1
WCH2017-200m-W-R1-H6,WCH,2017,200m,W,R1,6,3,MOCK ATHLETE W200m-021,0.178,,MOCK,1
WCH2017-200m-W-R1-H6,WCH,2017,200m,W,R1,6,4,MOCK ATHLETE W200m-058,0.161,,MOCK,1
WCH2017-200m-W-R1-H6,WCH,2017,200m,W,R1,6,5,MOCK ATHLETE W200m-064,0.166,,MOCK,1
WCH2017-200m-W-R1-H6,WCH,2017,200m,W,R1,6,6,MOCK ATHLETE W200m-012,0.163,,MOCK,1
WCH2017-200m-W-R1-H6,WCH,2017,200m,W,R1,6,7,MOCK ATHLETE W200m-055,0.139,,MOCK,1
WCH2017-200m-W-R1-H6,WCH,2017,200m,W,R1,6,8,MOCK ATHLETE W200m-069,0.145,,MOCK,1
WCH2017-200m-W-SF-H1,WCH,2017,200m,W,SF,1,2,MOCK ATHLETE W200m-019,0.161,,MOCK,1
WCH2017-200m-W-SF-H1,WCH,2017,200m,W,SF,1,3,MOCK ATHLETE W200m-000,0.158,,MOCK,1
WCH2017-200m-W-SF-H1,WCH,2017,200m,W,SF,1,4,MOCK ATHLETE W200m-036,0.154,,MOCK,1
WCH2017-200m-W-SF-H1,WCH,2017,200m,W,SF,1,5,MOCK ATHLETE W200m-046,0.174,,MOCK,1
WCH2017-200m-W-SF-H1,WCH,2017,200m,W,SF,1,6,MOCK ATHLETE W200m-039,0.162,,MOCK,1
WCH2017-200m-W-SF-H1,WCH,2017,200m,W,SF,1,7,MOCK ATHLETE W200m-003,0.137,,MOCK,1
WCH2017-200m-W-SF-H1,WCH,2017,200m,W,SF,1,8,MOCK ATHLETE W200m-068,0.156,,MOCK,1
WCH2017-200m-W-SF-H1,WCH,2017,200m,W,SF,1,9,MOCK ATHLETE W200m-062,0.178,,MOCK,1
WCH2017-200m-W-SF-H2,WCH,2017,200m,W,SF,2,2,MOCK ATHLETE W200m-011,0.212,,MOCK,1
WCH2017-200m-W-SF-H2,WCH,2017,200m,W,SF,2,3,MOCK ATHLETE W200m-022,0.186,,MOCK,1
WCH2017-200m-W-SF-H2,WCH,2017,200m,W,SF,2,4,MOCK ATHLETE W200m-055,0.14,,MOCK,1
WCH2017-200m-W-SF-H2,WCH,2017,200m,W,SF,2,5,MOCK ATHLETE W200m-053,0.183,,MOCK,1
WCH2017-200m-W-SF-H2,WCH,2017,200m,W,SF,2,6,MOCK ATHLETE W200m-021,0.182,,MOCK,1
WCH2017-200m-W-SF-H2,WCH,2017,200m,W,SF,2,7,MOCK ATHLETE W200m-016,0.177,,MOCK,1
WCH2017-200m-W-SF-H2,WCH,2017,200m,W,SF,2,8,MOCK ATHLETE W200m-001,0.142,,MOCK,1
WCH2017-200m-W-SF-H2,WCH,2017,200m,W,SF,2,9,MOCK ATHLETE W200m-017,0.149,,MOCK,1
WCH2017-200m-W-SF-H3,WCH,2017,200m,W,SF,3,2,MOCK ATHLETE W200m-018,0.147,,MOCK,1
WCH2017-200m-W-SF-H3,WCH,2017,200m,W,SF,3,3,MOCK ATHLETE W200m-050,0.145,,MOCK,1
WCH2017-200m-W-SF-H3,WCH,2017,200m,W,SF,3,4,MOCK ATHLETE W200m-058,0.165,,MOCK,1
WCH2017-200m-W-SF-H3,WCH,2017,200m,W,SF,3,5,MOCK ATHLETE W200m-051,0.161,,MOCK,1
WCH2017-200m-W-SF-H3,WCH,2017,200m,W,SF,3,6,MOCK ATHLETE W200m-064,0.129,,MOCK,1
WCH2017-200m-W-SF-H3,WCH,2017,200m,W,SF,3,7,MOCK ATHLETE W200m-030,0.165,,MOCK,1
WCH2017-200m-W-SF-H3,WCH,2017,200m,W,SF,3,8,MOCK ATHLETE W200m-066,0.152,,MOCK,1
WCH2017-200m-W-SF-H3,WCH,2017,200m,W,SF,3,9,MOCK ATHLETE W200m-067,0.174,,MOCK,1
WCH2017-200m-W-F-H1,WCH,2017,200m,W,F,1,2,MOCK ATHLETE W200m-022,0.148,,MOCK,1
WCH2017-200m-W-F-H1,WCH,2017,200m,W,F,1,3,MOCK ATHLETE W200m-030,0.139,,MOCK,1
WCH2017-200m-W-F-H1,WCH,2017,200m,W,F,1,4,MOCK ATHLETE W200m-046,0.148,,MOCK,1
WCH2017-200m-W-F-H1,WCH,2017,200m,W,F,1,5,MOCK ATHLETE W200m-066,0.157,,MOCK,1
WCH2017-200m-W-F-H1,WCH,2017,200m,W,F,1,6,MOCK ATHLETE W200m-050,0.145,,MOCK,1
WCH2017-200m-W-F-H1,WCH,2017,200m,W,F,1,7,MOCK ATHLETE W200m-001,0.134,,MOCK,1
WCH2017-200m-W-F-H1,WCH,2017,200m,W,F,1,8,MOCK ATHLETE W200m-011,0.171,,MOCK,1
WCH2017-200m-W-F-H1,WCH,2017,200m,W,F,1,9,MOCK ATHLETE W200m-018,0.149,,MOCK,1
WCH2017-100mH-W-R1-H1,WCH,2017,100mH,W,R1,1,2,MOCK ATHLETE W100mH-058,0.166,,MOCK,1
WCH2017-100mH-W-R1-H1,WCH,2017,100mH,W,R1,1,3,MOCK ATHLETE W100mH-060,0.206,,MOCK,1
WCH2017-100mH-W-R1-H1,WCH,2017,100mH,W,R1,1,4,MOCK ATHLETE W100mH-044,0.184,,MOCK,1
WCH2017-100mH-W-R1-H1,WCH,2017,100mH,W,R1,1,5,MOCK ATHLETE W100mH-053,0.208,,MOCK,1
WCH2017-100mH-W-R1-H1,WCH,2017,100mH,W,R1,1,6,MOCK ATHLETE W100mH-042,0.18,,MOCK,1
WCH2017-100mH-W-R1-H1,WCH,2017,100mH,W,R1,1,7,MOCK ATHLETE W100mH-056,0.16,,MOCK,1
WCH2017-100mH-W-R1-H1,WCH,2017,100mH,W,R1,1,8,MOCK ATHLETE W100mH-036,0.2,,MOCK,1
WCH2017-100mH-W-R1-H1,WCH,2017,100mH,W,R1,1,9,MOCK ATHLETE W100mH-019,0.177,,MOCK,1
WCH2017-100mH-W-R1-H2,WCH,2017,100mH,W,R1,2,2,MOCK ATHLETE W100mH-008,0.162,,MOCK,1
WCH2017-100mH-W-R1-H2,WCH,2017,100mH,W,R1,2,3,MOCK ATHLETE W100mH-054,0.174,,MOCK,1
WCH2017-100mH-W-R1-H2,WCH,2017,100mH,W,R1,2,4,MOCK ATHLETE W100mH-016,0.151,,MOCK,1
WCH2017-100mH-W-R1-H2,WCH,2017,100mH,W,R1,2,5,MOCK ATHLETE W100mH-038,0.168,,MOCK,1
WCH2017-100mH-W-R1-H2,WCH,2017,100mH,W,R1,2,6,MOCK ATHLETE W100mH-028,0.147,,MOCK,1
WCH2017-100mH-W-R1-H2,WCH,2017,100mH,W,R1,2,7,MOCK ATHLETE W100mH-014,0.144,,MOCK,1
WCH2017-100mH-W-R1-H2,WCH,2017,100mH,W,R1,2,8,MOCK ATHLETE W100mH-046,0.165,,MOCK,1
WCH2017-100mH-W-R1-H2,WCH,2017,100mH,W,R1,2,9,MOCK ATHLETE W100mH-001,0.15,,MOCK,1
WCH2017-100mH-W-R1-H3,WCH,2017,100mH,W,R1,3,2,MOCK ATHLETE W100mH-067,0.187,,MOCK,1
WCH2017-100mH-W-R1-H3,WCH,2017,100mH,W,R1,3,3,MOCK ATHLETE W100mH-045,0.161,,MOCK,1
WCH2017-100mH-W-R1-H3,WCH,2017,100mH,W,R1,3,4,MOCK ATHLETE W100mH-043,0.131,,MOCK,1
WCH2017-100mH-W-R1-H3,WCH,2017,100mH,W,R1,3,5,MOCK ATHLETE W100mH-050,0.163,,MOCK,1
WCH2017-100mH-W-R1-H3,WCH,2017,100mH,W,R1,3,6,MOCK ATHLETE W100mH-021,0.145,,MOCK,1
WCH2017-100mH-W-R1-H3,WCH,2017,100mH,W,R1,3,7,MOCK ATHLETE W100mH-039,0.184,,MOCK,1
WCH2017-100mH-W-R1-H3,WCH,2017,100mH,W,R1,3,8,MOCK ATHLETE W100mH-069,0.167,,MOCK,1
WCH2017-100mH-W-R1-H3,WCH,2017,100mH,W,R1,3,9,MOCK ATHLETE W100mH-026,0.152,,MOCK,1
WCH2017-100mH-W-R1-H4,WCH,2017,100mH,W,R1,4,2,MOCK ATHLETE W100mH-051,0.172,,MOCK,1
WCH2017-100mH-W-R1-H4,WCH,2017,100mH,W,R1,4,3,MOCK ATHLETE W100mH-065,0.138,,MOCK,1
WCH2017-100mH-W-R1-H4,WCH,2017,100mH,W,R1,4,4,MOCK ATHLETE W100mH-062,0.201,,MOCK,1
WCH2017-100mH-W-R1-H4,WCH,2017,100mH,W,R1,4,5,MOCK ATHLETE W100mH-037,0.164,,MOCK,1
WCH2017-100mH-W-R1-H4,WCH,2017,100mH,W,R1,4,6,MOCK ATHLETE W100mH-033,0.156,,MOCK,1
WCH2017-100mH-W-R1-H4,WCH,2017,100mH,W,R1,4,7,MOCK ATHLETE W100mH-027,0.159,,MOCK,1
WCH2017-100mH-W-R1-H4,WCH,2017,100mH,W,R1,4,8,MOCK ATHLETE W100mH-007,0.155,,MOCK,1
WCH2017-100mH-W-R1-H4,WCH,2017,100mH,W,R1,4,9,MOCK ATHLETE W100mH-061,0.155,,MOCK,1
WCH2017-100mH-W-R1-H5,WCH,2017,100mH,W,R1,5,2,MOCK ATHLETE W100mH-006,0.159,,MOCK,1
WCH2017-100mH-W-R1-H5,WCH,2017,100mH,W,R1,5,3,MOCK ATHLETE W100mH-052,0.161,,MOCK,1
WCH2017-100mH-W-R1-H5,WCH,2017,100mH,W,R1,5,4,MOCK ATHLETE W100mH-055,0.156,,MOCK,1
WCH2017-100mH-W-R1-H5,WCH,2017,100mH,W,R1,5,5,MOCK ATHLETE W100mH-012,0.159,,MOCK,1
WCH2017-100mH-W-R1-H5,WCH,2017,100mH,W,R1,5,6,MOCK ATHLETE W100mH-041,0.156,,MOCK,1
WCH2017-100mH-W-R1-H5,WCH,2017,100mH,W,R1,5,7,MOCK ATHLETE W100mH-023,0.134,,MOCK,1
WCH2017-100mH-W-R1-H5,WCH,2017,100mH,W,R1,5,8,MOCK ATHLETE W100mH-010,0.171,,MOCK,1
WCH2017-100mH-W-R1-H5,WCH,2017,100mH,W,R1,5,9,MOCK ATHLETE W100mH-049,0.15,,MOCK,1
WCH2017-100mH-W-R1-H6,WCH,2017,100mH,W,R1,6,2,MOCK ATHLETE W100mH-003,0.152,,MOCK,1
WCH2017-100mH-W-R1-H6,WCH,2017,100mH,W,R1,6,3,MOCK ATHLETE W100mH-047,0.156,,MOCK,1
WCH2017-100mH-W-R1-H6,WCH,2017,100mH,W,R1,6,4,MOCK ATHLETE W100mH-063,0.184,,MOCK,1
WCH2017-100mH-W-R1-H6,WCH,2017,100mH,W,R1,6,5,MOCK ATHLETE W100mH-057,0.167,,MOCK,1
WCH2017-100mH-W-R1-H6,WCH,2017,100mH,W,R1,6,6,MOCK ATHLETE W100mH-031,0.155,,MOCK,1
WCH2017-100mH-W-R1-H6,WCH,2017,100mH,W,R1,6,7,MOCK ATHLETE W100mH-066,0.171,,MOCK,1
WCH2017-100mH-W-R1-H6,WCH,2017,100mH,W,R1,6,8,MOCK ATHLETE W100mH-000,0.157,,MOCK,1
WCH2017-100mH-W-SF-H1,WCH,2017,100mH,W,SF,1,2,MOCK ATHLETE W100mH-000,0.154,,MOCK,1
WCH2017-100mH-W-SF-H1,WCH,2017,100mH,W,SF,1,3,MOCK ATHLETE W100mH-052,0.2,,MOCK,1
WCH2017-100mH-W-SF-H1,WCH,2017,100mH,W,SF,1,4,MOCK ATHLETE W100mH-067,0.154,,MOCK,1
WCH2017-100mH-W-SF-H1,WCH,2017,100mH,W,SF,1,5,MOCK ATHLETE W100mH-008,0.155,,MOCK,1
WCH2017-100mH-W-SF-H1,WCH,2017,100mH,W,SF,1,6,MOCK ATHLETE W100mH-058,0.22,,MOCK,1
WCH2017-100mH-W-SF-H1,WCH,2017,100mH,W,SF,1,7,MOCK ATHLETE W100mH-050,0.192,,MOCK,1
WCH2017-100mH-W-SF-H1,WCH,2017,100mH,W,SF,1,8,MOCK ATHLETE W100mH-057,0.198,,MOCK,1
WCH2017-100mH-W-SF-H1,WCH,2017,100mH,W,SF,1,9,MOCK ATHLETE W100mH-055,0.182,,MOCK,1
WCH2017-100mH-W-SF-H2,WCH,2017,100mH,W,SF,2,2,MOCK ATHLETE W100mH-065,0.136,,MOCK,1
WCH2017-100mH-W-SF-H2,WCH,2017,100mH,W,SF,2,3,MOCK ATHLETE W100mH-026,0.171,,MOCK,1
WCH2017-100mH-W-SF-H2,WCH,2017,100mH,W,SF,2,4,MOCK ATHLETE W100mH-047,0.18,,MOCK,1
WCH2017-100mH-W-SF-H2,WCH,2017,100mH,W,SF,2,5,MOCK ATHLETE W100mH-041,0.14,,MOCK,1
WCH2017-100mH-W-SF-H2,WCH,2017,100mH,W,SF,2,6,MOCK ATHLETE W100mH-060,0.166,,MOCK,1
WCH2017-100mH-W-SF-H2,WCH,2017,100mH,W,SF,2,7,MOCK ATHLETE W100mH-053,0.194,,MOCK,1
WCH2017-100mH-W-SF-H2,WCH,2017,100mH,W,SF,2,8,MOCK ATHLETE W100mH-033,0.125,,MOCK,1
WCH2017-100mH-W-SF-H2,WCH,2017,100mH,W,SF,2,9,MOCK ATHLETE W100mH-028,0.152,,MOCK,1
WCH2017-100mH-W-SF-H3,WCH,2017,100mH,W,SF,3,2,MOCK ATHLETE W100mH-021,0.144,,MOCK,1
WCH2017-100mH-W-SF-H3,WCH,2017,100mH,W,SF,3,3,MOCK ATHLETE W100mH-019,0.216,,MOCK,1
WCH2017-100mH-W-SF-H3,WCH,2017,100mH,W,SF,3,4,MOCK ATHLETE W100mH-010,0.173,,MOCK,1
WCH2017-100mH-W-SF-H3,WCH,2017,100mH,W,SF,3,5,MOCK ATHLETE W100mH-031,0.155,,MOCK,1
WCH2017-100mH-W-SF-H3,WCH,2017,100mH,W,SF,3,6,MOCK ATHLETE W100mH-007,0.167,,MOCK,1
WCH2017-100mH-W-SF-H3,WCH,2017,100mH,W,SF,3,7,MOCK ATHLETE W100mH-036,0.169,,MOCK,1
WCH2017-100mH-W-SF-H3,WCH,2017,100mH,W,SF,3,8,MOCK ATHLETE W100mH-069,0.162,,MOCK,1
WCH2017-100mH-W-SF-H3,WCH,2017,100mH,W,SF,3,9,MOCK ATHLETE W100mH-061,0.176,,MOCK,1
WCH2017-100mH-W-F-H1,WCH,2017,100mH,W,F,1,2,MOCK ATHLETE W100mH-033,0.142,,MOCK,1
WCH2017-100mH-W-F-H1,WCH,2017,100mH,W,F,1,3,MOCK ATHLETE W100mH-053,0.153,,MOCK,1
WCH2017-100mH-W-F-H1,WCH,2017,100mH,W,F,1,4,MOCK ATHLETE W100mH-036,0.175,,MOCK,1
WCH2017-100mH-W-F-H1,WCH,2017,100mH,W,F,1,5,MOCK ATHLETE W100mH-058,0.166,,MOCK,1
WCH2017-100mH-W-F-H1,WCH,2017,100mH,W,F,1,6,MOCK ATHLETE W100mH-008,0.162,,MOCK,1
WCH2017-100mH-W-F-H1,WCH,2017,100mH,W,F,1,7,MOCK ATHLETE W100mH-000,0.173,,MOCK,1
WCH2017-100mH-W-F-H1,WCH,2017,100mH,W,F,1,8,MOCK ATHLETE W100mH-010,0.154,,MOCK,1
WCH2017-100mH-W-F-H1,WCH,2017,100mH,W,F,1,9,MOCK ATHLETE W100mH-052,0.174,,MOCK,1
WCH2019-100m-M-PR-H1,WCH,2019,100m,M,PR,1,2,MOCK PR M100m2019-0,0.167,,MOCK,1
WCH2019-100m-M-PR-H1,WCH,2019,100m,M,PR,1,3,MOCK PR M100m2019-1,0.178,,MOCK,1
WCH2019-100m-M-PR-H1,WCH,2019,100m,M,PR,1,4,MOCK PR M100m2019-2,0.203,,MOCK,1
WCH2019-100m-M-PR-H1,WCH,2019,100m,M,PR,1,5,MOCK PR M100m2019-3,0.163,,MOCK,1
WCH2019-100m-M-PR-H1,WCH,2019,100m,M,PR,1,6,MOCK PR M100m2019-4,0.137,,MOCK,1
WCH2019-100m-M-PR-H1,WCH,2019,100m,M,PR,1,7,MOCK PR M100m2019-5,0.136,,MOCK,1
WCH2019-100m-M-PR-H1,WCH,2019,100m,M,PR,1,8,MOCK PR M100m2019-6,0.165,,MOCK,1
WCH2019-100m-M-PR-H1,WCH,2019,100m,M,PR,1,9,MOCK PR M100m2019-7,0.155,,MOCK,1
WCH2019-100m-M-PR-H2,WCH,2019,100m,M,PR,2,2,MOCK PR M100m2019-8,0.15,,MOCK,1
WCH2019-100m-M-PR-H2,WCH,2019,100m,M,PR,2,3,MOCK PR M100m2019-9,0.149,,MOCK,1
WCH2019-100m-M-PR-H2,WCH,2019,100m,M,PR,2,4,MOCK PR M100m2019-10,0.19,,MOCK,1
WCH2019-100m-M-PR-H2,WCH,2019,100m,M,PR,2,5,MOCK PR M100m2019-11,0.145,,MOCK,1
WCH2019-100m-M-PR-H2,WCH,2019,100m,M,PR,2,6,MOCK PR M100m2019-12,0.139,,MOCK,1
WCH2019-100m-M-PR-H2,WCH,2019,100m,M,PR,2,7,MOCK PR M100m2019-13,0.162,,MOCK,1
WCH2019-100m-M-PR-H2,WCH,2019,100m,M,PR,2,8,MOCK PR M100m2019-14,0.166,,MOCK,1
WCH2019-100m-M-PR-H2,WCH,2019,100m,M,PR,2,9,MOCK PR M100m2019-15,0.13,,MOCK,1
WCH2019-100m-M-R1-H1,WCH,2019,100m,M,R1,1,2,MOCK ATHLETE M100m-019,0.142,,MOCK,1
WCH2019-100m-M-R1-H1,WCH,2019,100m,M,R1,1,3,MOCK ATHLETE M100m-004,0.137,,MOCK,1
WCH2019-100m-M-R1-H1,WCH,2019,100m,M,R1,1,4,MOCK ATHLETE M100m-056,0.176,,MOCK,1
WCH2019-100m-M-R1-H1,WCH,2019,100m,M,R1,1,5,MOCK ATHLETE M100m-057,0.181,,MOCK,1
WCH2019-100m-M-R1-H1,WCH,2019,100m,M,R1,1,6,MOCK ATHLETE M100m-048,0.126,,MOCK,1
WCH2019-100m-M-R1-H1,WCH,2019,100m,M,R1,1,7,MOCK ATHLETE M100m-024,0.144,,MOCK,1
WCH2019-100m-M-R1-H1,WCH,2019,100m,M,R1,1,8,MOCK ATHLETE M100m-043,0.149,,MOCK,1
WCH2019-100m-M-R1-H1,WCH,2019,100m,M,R1,1,9,MOCK ATHLETE M100m-040,0.152,,MOCK,1
WCH2019-100m-M-R1-H2,WCH,2019,100m,M,R1,2,2,MOCK ATHLETE M100m-025,0.159,,MOCK,1
WCH2019-100m-M-R1-H2,WCH,2019,100m,M,R1,2,3,MOCK ATHLETE M100m-029,0.153,,MOCK,1
WCH2019-100m-M-R1-H2,WCH,2019,100m,M,R1,2,4,MOCK ATHLETE M100m-027,0.17,,MOCK,1
WCH2019-100m-M-R1-H2,WCH,2019,100m,M,R1,2,5,MOCK ATHLETE M100m-005,0.155,,MOCK,1
WCH2019-100m-M-R1-H2,WCH,2019,100m,M,R1,2,6,MOCK ATHLETE M100m-011,0.13,,MOCK,1
WCH2019-100m-M-R1-H2,WCH,2019,100m,M,R1,2,7,MOCK ATHLETE M100m-059,0.136,,MOCK,1
WCH2019-100m-M-R1-H2,WCH,2019,100m,M,R1,2,8,MOCK ATHLETE M100m-047,0.156,,MOCK,1
WCH2019-100m-M-R1-H2,WCH,2019,100m,M,R1,2,9,MOCK ATHLETE M100m-002,0.142,,MOCK,1
WCH2019-100m-M-R1-H3,WCH,2019,100m,M,R1,3,2,MOCK ATHLETE M100m-017,0.167,,MOCK,1
WCH2019-100m-M-R1-H3,WCH,2019,100m,M,R1,3,3,MOCK ATHLETE M100m-038,0.144,,MOCK,1
WCH2019-100m-M-R1-H3,WCH,2019,100m,M,R1,3,4,MOCK ATHLETE M100m-060,0.151,,MOCK,1
WCH2019-100m-M-R1-H3,WCH,2019,100m,M,R1,3,5,MOCK ATHLETE M100m-008,0.167,,MOCK,1
WCH2019-100m-M-R1-H3,WCH,2019,100m,M,R1,3,6,MOCK ATHLETE M100m-010,0.168,,MOCK,1
WCH2019-100m-M-R1-H3,WCH,2019,100m,M,R1,3,7,MOCK ATHLETE M100m-069,0.156,,MOCK,1
WCH2019-100m-M-R1-H3,WCH,2019,100m,M,R1,3,8,MOCK ATHLETE M100m-061,0.16,,MOCK,1
WCH2019-100m-M-R1-H3,WCH,2019,100m,M,R1,3,9,MOCK ATHLETE M100m-016,0.134,,MOCK,1
WCH2019-100m-M-R1-H4,WCH,2019,100m,M,R1,4,2,MOCK ATHLETE M100m-030,0.163,,MOCK,1
WCH2019-100m-M-R1-H4,WCH,2019,100m,M,R1,4,3,MOCK ATHLETE M100m-012,0.161,,MOCK,1
WCH2019-100m-M-R1-H4,WCH,2019,100m,M,R1,4,4,MOCK ATHLETE M100m-052,0.156,,MOCK,1
WCH2019-100m-M-R1-H4,WCH,2019,100m,M,R1,4,5,MOCK ATHLETE M100m-063,0.156,,MOCK,1
WCH2019-100m-M-R1-H4,WCH,2019,100m,M,R1,4,6,MOCK ATHLETE M100m-003,0.151,,MOCK,1
WCH2019-100m-M-R1-H4,WCH,2019,100m,M,R1,4,7,MOCK ATHLETE M100m-034,0.184,,MOCK,1
WCH2019-100m-M-R1-H4,WCH,2019,100m,M,R1,4,8,MOCK ATHLETE M100m-039,0.136,,MOCK,1
WCH2019-100m-M-R1-H5,WCH,2019,100m,M,R1,5,2,MOCK ATHLETE M100m-033,0.124,,MOCK,1
WCH2019-100m-M-R1-H5,WCH,2019,100m,M,R1,5,3,MOCK ATHLETE M100m-067,0.149,,MOCK,1
WCH2019-100m-M-R1-H5,WCH,2019,100m,M,R1,5,4,MOCK ATHLETE M100m-009,0.134,,MOCK,1
WCH2019-100m-M-R1-H5,WCH,2019,100m,M,R1,5,5,MOCK ATHLETE M100m-055,0.134,,MOCK,1
WCH2019-100m-M-R1-H5,WCH,2019,100m,M,R1,5,6,MOCK ATHLETE M100m-001,0.153,,MOCK,1
WCH2019-100m-M-R1-H5,WCH,2019,100m,M,R1,5,7,MOCK ATHLETE M100m-037,0.166,,MOCK,1
WCH2019-100m-M-R1-H5,WCH,2019,100m,M,R1,5,8,MOCK ATHLETE M100m-018,0.142,,MOCK,1
WCH2019-100m-M-R1-H5,WCH,2019,100m,M,R1,5,9,MOCK ATHLETE M100m-036,0.139,,MOCK,1
WCH2019-100m-M-R1-H6,WCH,2019,100m,M,R1,6,2,MOCK ATHLETE M100m-041,0.173,,MOCK,1
WCH2019-100m-M-R1-H6,WCH,2019,100m,M,R1,6,3,MOCK ATHLETE M100m-044,0.161,,MOCK,1
WCH2019-100m-M-R1-H6,WCH,2019,100m,M,R1,6,4,MOCK ATHLETE M100m-014,0.155,,MOCK,1
WCH2019-100m-M-R1-H6,WCH,2019,100m,M,R1,6,5,MOCK ATHLETE M100m-032,0.159,,MOCK,1
WCH2019-100m-M-R1-H6,WCH,2019,100m,M,R1,6,6,MOCK ATHLETE M100m-058,0.209,,MOCK,1
WCH2019-100m-M-R1-H6,WCH,2019,100m,M,R1,6,7,MOCK ATHLETE M100m-062,0.156,,MOCK,1
WCH2019-100m-M-R1-H6,WCH,2019,100m,M,R1,6,8,MOCK ATHLETE M100m-045,0.144,,MOCK,1
WCH2019-100m-M-R1-H6,WCH,2019,100m,M,R1,6,9,MOCK ATHLETE M100m-021,0.167,,MOCK,1
WCH2019-100m-M-SF-H1,WCH,2019,100m,M,SF,1,2,MOCK ATHLETE M100m-032,0.14,,MOCK,1
WCH2019-100m-M-SF-H1,WCH,2019,100m,M,SF,1,3,MOCK ATHLETE M100m-037,0.179,,MOCK,1
WCH2019-100m-M-SF-H1,WCH,2019,100m,M,SF,1,4,MOCK ATHLETE M100m-058,0.184,,MOCK,1
WCH2019-100m-M-SF-H1,WCH,2019,100m,M,SF,1,5,MOCK ATHLETE M100m-003,0.119,,MOCK,1
WCH2019-100m-M-SF-H1,WCH,2019,100m,M,SF,1,6,MOCK ATHLETE M100m-060,0.128,,MOCK,1
WCH2019-100m-M-SF-H1,WCH,2019,100m,M,SF,1,7,MOCK ATHLETE M100m-038,0.143,,MOCK,1
WCH2019-100m-M-SF-H1,WCH,2019,100m,M,SF,1,8,MOCK ATHLETE M100m-011,0.173,,MOCK,1
WCH2019-100m-M-SF-H1,WCH,2019,100m,M,SF,1,9,MOCK ATHLETE M100m-009,0.189,,MOCK,1
WCH2019-100m-M-SF-H2,WCH,2019,100m,M,SF,2,2,MOCK ATHLETE M100m-017,0.151,,MOCK,1
WCH2019-100m-M-SF-H2,WCH,2019,100m,M,SF,2,3,MOCK ATHLETE M100m-018,0.15,,MOCK,1
WCH2019-100m-M-SF-H2,WCH,2019,100m,M,SF,2,4,MOCK ATHLETE M100m-048,0.159,,MOCK,1
WCH2019-100m-M-SF-H2,WCH,2019,100m,M,SF,2,5,MOCK ATHLETE M100m-027,0.129,,MOCK,1
WCH2019-100m-M-SF-H2,WCH,2019,100m,M,SF,2,6,MOCK ATHLETE M100m-016,0.137,,MOCK,1
WCH2019-100m-M-SF-H2,WCH,2019,100m,M,SF,2,7,MOCK ATHLETE M100m-008,0.12,,MOCK,1
WCH2019-100m-M-SF-H2,WCH,2019,100m,M,SF,2,8,MOCK ATHLETE M100m-030,0.121,,MOCK,1
WCH2019-100m-M-SF-H2,WCH,2019,100m,M,SF,2,9,MOCK ATHLETE M100m-031,0.155,,MOCK,1
WCH2019-100m-M-SF-H3,WCH,2019,100m,M,SF,3,2,MOCK ATHLETE M100m-061,0.143,,MOCK,1
WCH2019-100m-M-SF-H3,WCH,2019,100m,M,SF,3,3,MOCK ATHLETE M100m-063,0.165,,MOCK,1
WCH2019-100m-M-SF-H3,WCH,2019,100m,M,SF,3,4,MOCK ATHLETE M100m-019,0.129,,MOCK,1
WCH2019-100m-M-SF-H3,WCH,2019,100m,M,SF,3,5,MOCK ATHLETE M100m-045,0.14,,MOCK,1
WCH2019-100m-M-SF-H3,WCH,2019,100m,M,SF,3,6,MOCK ATHLETE M100m-010,0.161,,MOCK,1
WCH2019-100m-M-SF-H3,WCH,2019,100m,M,SF,3,7,MOCK ATHLETE M100m-043,0.137,,MOCK,1
WCH2019-100m-M-SF-H3,WCH,2019,100m,M,SF,3,8,MOCK ATHLETE M100m-033,0.131,,MOCK,1
WCH2019-100m-M-SF-H3,WCH,2019,100m,M,SF,3,9,MOCK ATHLETE M100m-021,0.141,,MOCK,1
WCH2019-100m-M-F-H1,WCH,2019,100m,M,F,1,2,MOCK ATHLETE M100m-010,0.162,,MOCK,1
WCH2019-100m-M-F-H1,WCH,2019,100m,M,F,1,3,MOCK ATHLETE M100m-018,0.12,,MOCK,1
WCH2019-100m-M-F-H1,WCH,2019,100m,M,F,1,4,MOCK ATHLETE M100m-016,0.143,,MOCK,1
WCH2019-100m-M-F-H1,WCH,2019,100m,M,F,1,5,MOCK ATHLETE M100m-045,0.117,,MOCK,1
WCH2019-100m-M-F-H1,WCH,2019,100m,M,F,1,6,MOCK ATHLETE M100m-009,0.157,,MOCK,1
WCH2019-100m-M-F-H1,WCH,2019,100m,M,F,1,7,MOCK ATHLETE M100m-037,0.155,,MOCK,1
WCH2019-100m-M-F-H1,WCH,2019,100m,M,F,1,8,MOCK ATHLETE M100m-058,0.172,,MOCK,1
WCH2019-100m-M-F-H1,WCH,2019,100m,M,F,1,9,MOCK ATHLETE M100m-063,0.16,,MOCK,1
WCH2019-200m-M-R1-H1,WCH,2019,200m,M,R1,1,2,MOCK ATHLETE M200m-043,0.124,,MOCK,1
WCH2019-200m-M-R1-H1,WCH,2019,200m,M,R1,1,3,MOCK ATHLETE M200m-051,0.148,,MOCK,1
WCH2019-200m-M-R1-H1,WCH,2019,200m,M,R1,1,4,MOCK ATHLETE M200m-011,0.162,,MOCK,1
WCH2019-200m-M-R1-H1,WCH,2019,200m,M,R1,1,5,MOCK ATHLETE M200m-002,0.165,,MOCK,1
WCH2019-200m-M-R1-H1,WCH,2019,200m,M,R1,1,6,MOCK ATHLETE M200m-052,0.162,,MOCK,1
WCH2019-200m-M-R1-H1,WCH,2019,200m,M,R1,1,7,MOCK ATHLETE M200m-026,0.154,,MOCK,1
WCH2019-200m-M-R1-H1,WCH,2019,200m,M,R1,1,8,MOCK ATHLETE M200m-065,0.172,,MOCK,1
WCH2019-200m-M-R1-H2,WCH,2019,200m,M,R1,2,2,MOCK ATHLETE M200m-000,0.162,,MOCK,1
WCH2019-200m-M-R1-H2,WCH,2019,200m,M,R1,2,3,MOCK ATHLETE M200m-048,0.2,,MOCK,1
WCH2019-200m-M-R1-H2,WCH,2019,200m,M,R1,2,4,MOCK ATHLETE M200m-067,0.165,,MOCK,1
WCH2019-200m-M-R1-H2,WCH,2019,200m,M,R1,2,5,MOCK ATHLETE M200m-047,0.189,,MOCK,1
WCH2019-200m-M-R1-H2,WCH,2019,200m,M,R1,2,6,MOCK ATHLETE M200m-013,0.153,,MOCK,1
WCH2019-200m-M-R1-H2,WCH,2019,200m,M,R1,2,7,MOCK ATHLETE M200m-020,0.167,,MOCK,1
WCH2019-200m-M-R1-H2,WCH,2019,200m,M,R1,2,8,MOCK ATHLETE M200m-045,0.149,,MOCK,1
WCH2019-200m-M-R1-H3,WCH,2019,200m,M,R1,3,2,MOCK ATHLETE M200m-058,0.146,,MOCK,1
WCH2019-200m-M-R1-H3,WCH,2019,200m,M,R1,3,3,MOCK ATHLETE M200m-018,0.169,,MOCK,1
WCH2019-200m-M-R1-H3,WCH,2019,200m,M,R1,3,4,MOCK ATHLETE M200m-028,0.151,,MOCK,1
WCH2019-200m-M-R1-H3,WCH,2019,200m,M,R1,3,5,MOCK ATHLETE M200m-041,0.155,,MOCK,1
WCH2019-200m-M-R1-H3,WCH,2019,200m,M,R1,3,6,MOCK ATHLETE M200m-066,0.168,,MOCK,1
WCH2019-200m-M-R1-H3,WCH,2019,200m,M,R1,3,7,MOCK ATHLETE M200m-035,0.144,,MOCK,1
WCH2019-200m-M-R1-H3,WCH,2019,200m,M,R1,3,8,MOCK ATHLETE M200m-032,0.135,,MOCK,1
WCH2019-200m-M-R1-H4,WCH,2019,200m,M,R1,4,2,MOCK ATHLETE M200m-055,0.151,,MOCK,1
WCH2019-200m-M-R1-H4,WCH,2019,200m,M,R1,4,3,MOCK ATHLETE M200m-001,0.157,,MOCK,1
WCH2019-200m-M-R1-H4,WCH,2019,200m,M,R1,4,4,MOCK ATHLETE M200m-053,0.159,,MOCK,1
WCH2019-200m-M-R1-H4,WCH,2019,200m,M,R1,4,5,MOCK ATHLETE M200m-025,0.165,,MOCK,1
WCH2019-200m-M-R1-H4,WCH,2019,200m,M,R1,4,6,MOCK ATHLETE M200m-003,0.157,,MOCK,1
WCH2019-200m-M-R1-H4,WCH,2019,200m,M,R1,4,7,MOCK ATHLETE M200m-040,0.189,,MOCK,1
WCH2019-200m-M-R1-H4,WCH,2019,200m,M,R1,4,8,MOCK ATHLETE M200m-068,0.156,,MOCK,1
WCH2019-200m-M-R1-H5,WCH,2019,200m,M,R1,5,2,MOCK ATHLETE M200m-005,0.193,,MOCK,1
WCH2019-200m-M-R1-H5,WCH,2019,200m,M,R1,5,3,MOCK ATHLETE M200m-046,0.172,,MOCK,1
WCH2019-200m-M-R1-H5,WCH,2019,200m,M,R1,5,4,MOCK ATHLETE M200m-031,0.142,,MOCK,1
WCH2019-200m-M-R1-H5,WCH,2019,200m,M,R1,5,5,MOCK ATHLETE M200m-012,0.182,,MOCK,1
WCH2019-200m-M-R1-H5,WCH,2019,200m,M,R1,5,6,MOCK ATHLETE M200m-044,0.17,,MOCK,1
WCH2019-200m-M-R1-H5,WCH,2019,200m,M,R1,5,7,MOCK ATHLETE M200m-042,0.158,,MOCK,1
WCH2019-200m-M-R1-H5,WCH,2019,200m,M,R1,5,8,MOCK ATHLETE M200m-030,0.153,,MOCK,1
WCH2019-200m-M-R1-H5,WCH,2019,200m,M,R1,5,9,MOCK ATHLETE M200m-009,0.171,,MOCK,1
WCH2019-200m-M-R1-H6,WCH,2019,200m,M,R1,6,2,MOCK ATHLETE M200m-069,0.147,,MOCK,1
WCH2019-200m-M-R1-H6,WCH,2019,200m,M,R1,6,3,MOCK ATHLETE M200m-036,0.174,,MOCK,1
WCH2019-200m-M-R1-H6,WCH,2019,200m,M,R1,6,4,MOCK ATHLETE M200m-050,0.145,,MOCK,1
WCH2019-200m-M-R1-H6,WCH,2019,200m,M,R1,6,5,MOCK ATHLETE M200m-064,0.173,,MOCK,1
WCH2019-200m-M-R1-H6,WCH,2019,200m,M,R1,6,6,MOCK ATHLETE M200m-038,0.146,,MOCK,1
WCH2019-200m-M-R1-H6,WCH,2019,200m,M,R1,6,7,MOCK ATHLETE M200m-010,0.138,,MOCK,1
WCH2019-200m-M-R1-H6,WCH,2019,200m,M,R1,6,8,MOCK ATHLETE M200m-056,0.145,,MOCK,1
WCH2019-200m-M-R1-H6,WCH,2019,200m,M,R1,6,9,MOCK ATHLETE M200m-015,0.146,,MOCK,1
WCH2019-200m-M-SF-H1,WCH,2019,200m,M,SF,1,2,MOCK ATHLETE M200m-030,0.153,,MOCK,1
WCH2019-200m-M-SF-H1,WCH,2019,200m,M,SF,1,3,MOCK ATHLETE M200m-018,0.16,,MOCK,1
WCH2019-200m-M-SF-H1,WCH,2019,200m,M,SF,1,4,MOCK ATHLETE M200m-000,0.187,,MOCK,1
WCH2019-200m-M-SF-H1,WCH,2019,200m,M,SF,1,5,MOCK ATHLETE M200m-044,0.178,,MOCK,1
WCH2019-200m-M-SF-H1,WCH,2019,200m,M,SF,1,6,MOCK ATHLETE M200m-064,0.193,,MOCK,1
WCH2019-200m-M-SF-H1,WCH,2019,200m,M,SF,1,7,MOCK ATHLETE M200m-053,0.218,,MOCK,1
WCH2019-200m-M-SF-H1,WCH,2019,200m,M,SF,1,8,MOCK ATHLETE M200m-032,0.193,,MOCK,1
WCH2019-200m-M-SF-H1,WCH,2019,200m,M,SF,1,9,MOCK ATHLETE M200m-028,0.146,,MOCK,1
WCH2019-200m-M-SF-H2,WCH,2019,200m,M,SF,2,2,MOCK ATHLETE M200m-003,0.173,,MOCK,1
WCH2019-200m-M-SF-H2,WCH,2019,200m,M,SF,2,3,MOCK ATHLETE M200m-012,0.163,,MOCK,1
WCH2019-200m-M-SF-H2,WCH,2019,200m,M,SF,2,4,MOCK ATHLETE M200m-015,0.158,,MOCK,1
WCH2019-200m-M-SF-H2,WCH,2019,200m,M,SF,2,5,MOCK ATHLETE M200m-067,0.163,,MOCK,1
WCH2019-200m-M-SF-H2,WCH,2019,200m,M,SF,2,6,MOCK ATHLETE M200m-065,0.199,,MOCK,1
WCH2019-200m-M-SF-H2,WCH,2019,200m,M,SF,2,7,MOCK ATHLETE M200m-005,0.157,,MOCK,1
WCH2019-200m-M-SF-H2,WCH,2019,200m,M,SF,2,8,MOCK ATHLETE M200m-031,0.17,,MOCK,1
WCH2019-200m-M-SF-H2,WCH,2019,200m,M,SF,2,9,MOCK ATHLETE M200m-050,0.163,,MOCK,1
WCH2019-200m-M-SF-H3,WCH,2019,200m,M,SF,3,2,MOCK ATHLETE M200m-038,0.168,,MOCK,1
WCH2019-200m-M-SF-H3,WCH,2019,200m,M,SF,3,3,MOCK ATHLETE M200m-051,0.176,,MOCK,1
WCH2019-200m-M-SF-H3,WCH,2019,200m,M,SF,3,4,MOCK ATHLETE M200m-009,0.168,,MOCK,1
WCH2019-200m-M-SF-H3,WCH,2019,200m,M,SF,3,5,MOCK ATHLETE M200m-006,0.161,,MOCK,1
WCH2019-200m-M-SF-H3,WCH,2019,200m,M,SF,3,6,MOCK ATHLETE M200m-052,0.155,,MOCK,1
WCH2019-200m-M-SF-H3,WCH,2019,200m,M,SF,3,7,MOCK ATHLETE M200m-017,0.138,,MOCK,1
WCH2019-200m-M-SF-H3,WCH,2019,200m,M,SF,3,8,MOCK ATHLETE M200m-002,0.156,,MOCK,1
WCH2019-200m-M-SF-H3,WCH,2019,200m,M,SF,3,9,MOCK ATHLETE M200m-011,0.191,,MOCK,1
WCH2019-200m-M-F-H1,WCH,2019,200m,M,F,1,2,MOCK ATHLETE M200m-006,0.136,,MOCK,1
WCH2019-200m-M-F-H1,WCH,2019,200m,M,F,1,3,MOCK ATHLETE M200m-053,0.138,,MOCK,1
WCH2019-200m-M-F-H1,WCH,2019,200m,M,F,1,4,MOCK ATHLETE M200m-038,0.143,,MOCK,1
WCH2019-200m-M-F-H1,WCH,2019,200m,M,F,1,5,MOCK ATHLETE M200m-017,0.153,,MOCK,1
WCH2019-200m-M-F-H1,WCH,2019,200m,M,F,1,6,MOCK ATHLETE M200m-031,0.144,,MOCK,1
WCH2019-200m-M-F-H1,WCH,2019,200m,M,F,1,7,MOCK ATHLETE M200m-051,0.165,,MOCK,1
WCH2019-200m-M-F-H1,WCH,2019,200m,M,F,1,8,MOCK ATHLETE M200m-002,0.14,,MOCK,1
WCH2019-200m-M-F-H1,WCH,2019,200m,M,F,1,9,MOCK ATHLETE M200m-044,0.163,,MOCK,1
WCH2019-110mH-M-R1-H1,WCH,2019,110mH,M,R1,1,2,MOCK ATHLETE M110mH-033,0.176,,MOCK,1
WCH2019-110mH-M-R1-H1,WCH,2019,110mH,M,R1,1,3,MOCK ATHLETE M110mH-063,0.16,,MOCK,1
WCH2019-110mH-M-R1-H1,WCH,2019,110mH,M,R1,1,4,MOCK ATHLETE M110mH-037,0.168,,MOCK,1
WCH2019-110mH-M-R1-H1,WCH,2019,110mH,M,R1,1,5,MOCK ATHLETE M110mH-069,0.138,,MOCK,1
WCH2019-110mH-M-R1-H1,WCH,2019,110mH,M,R1,1,6,MOCK ATHLETE M110mH-053,0.161,,MOCK,1
WCH2019-110mH-M-R1-H1,WCH,2019,110mH,M,R1,1,7,MOCK ATHLETE M110mH-059,0.182,,MOCK,1
WCH2019-110mH-M-R1-H1,WCH,2019,110mH,M,R1,1,8,MOCK ATHLETE M110mH-048,0.141,,MOCK,1
WCH2019-110mH-M-R1-H1,WCH,2019,110mH,M,R1,1,9,MOCK ATHLETE M110mH-010,0.146,,MOCK,1
WCH2019-110mH-M-R1-H2,WCH,2019,110mH,M,R1,2,2,MOCK ATHLETE M110mH-035,0.169,,MOCK,1
WCH2019-110mH-M-R1-H2,WCH,2019,110mH,M,R1,2,3,MOCK ATHLETE M110mH-043,0.155,,MOCK,1
WCH2019-110mH-M-R1-H2,WCH,2019,110mH,M,R1,2,4,MOCK ATHLETE M110mH-036,0.176,,MOCK,1
WCH2019-110mH-M-R1-H2,WCH,2019,110mH,M,R1,2,5,MOCK ATHLETE M110mH-062,0.165,,MOCK,1
WCH2019-110mH-M-R1-H2,WCH,2019,110mH,M,R1,2,6,MOCK ATHLETE M110mH-019,0.161,,MOCK,1
WCH2019-110mH-M-R1-H2,WCH,2019,110mH,M,R1,2,7,MOCK ATHLETE M110mH-044,0.158,,MOCK,1
WCH2019-110mH-M-R1-H2,WCH,2019,110mH,M,R1,2,8,MOCK ATHLETE M110mH-058,0.17,,MOCK,1
WCH2019-110mH-M-R1-H2,WCH,2019,110mH,M,R1,2,9,MOCK ATHLETE M110mH-026,0.132,,MOCK,1
WCH2019-110mH-M-R1-H3,WCH,2019,110mH,M,R1,3,2,MOCK ATHLETE M110mH-060,0.14,,MOCK,1
WCH2019-110mH-M-R1-H3,WCH,2019,110mH,M,R1,3,3,MOCK ATHLETE M110mH-015,0.167,,MOCK,1
WCH2019-110mH-M-R1-H3,WCH,2019,110mH,M,R1,3,4,MOCK ATHLETE M110mH-031,0.17,,MOCK,1
WCH2019-110mH-M-R1-H3,WCH,2019,110mH,M,R1,3,5,MOCK ATHLETE M110mH-001,0.15,,MOCK,1
WCH2019-110mH-M-R1-H3,WCH,2019,110mH,M,R1,3,6,MOCK ATHLETE M110mH-004,0.151,,MOCK,1
WCH2019-110mH-M-R1-H3,WCH,2019,110mH,M,R1,3,7,MOCK ATHLETE M110mH-000,0.156,,MOCK,1
WCH2019-110mH-M-R1-H3,WCH,2019,110mH,M,R1,3,8,MOCK ATHLETE M110mH-016,0.141,,MOCK,1
WCH2019-110mH-M-R1-H4,WCH,2019,110mH,M,R1,4,2,MOCK ATHLETE M110mH-042,0.186,,MOCK,1
WCH2019-110mH-M-R1-H4,WCH,2019,110mH,M,R1,4,3,MOCK ATHLETE M110mH-057,0.17,,MOCK,1
WCH2019-110mH-M-R1-H4,WCH,2019,110mH,M,R1,4,4,MOCK ATHLETE M110mH-007,0.146,,MOCK,1
WCH2019-110mH-M-R1-H4,WCH,2019,110mH,M,R1,4,5,MOCK ATHLETE M110mH-024,0.162,,MOCK,1
WCH2019-110mH-M-R1-H4,WCH,2019,110mH,M,R1,4,6,MOCK ATHLETE M110mH-021,0.181,,MOCK,1
WCH2019-110mH-M-R1-H4,WCH,2019,110mH,M,R1,4,7,MOCK ATHLETE M110mH-041,0.162,,MOCK,1
WCH2019-110mH-M-R1-H4,WCH,2019,110mH,M,R1,4,8,MOCK ATHLETE M110mH-011,0.13,,MOCK,1
WCH2019-110mH-M-R1-H4,WCH,2019,110mH,M,R1,4,9,MOCK ATHLETE M110mH-050,0.153,,MOCK,1
WCH2019-110mH-M-R1-H5,WCH,2019,110mH,M,R1,5,2,MOCK ATHLETE M110mH-018,0.177,,MOCK,1
WCH2019-110mH-M-R1-H5,WCH,2019,110mH,M,R1,5,3,MOCK ATHLETE M110mH-003,0.165,,MOCK,1
WCH2019-110mH-M-R1-H5,WCH,2019,110mH,M,R1,5,4,MOCK ATHLETE M110mH-055,0.168,,MOCK,1
WCH2019-110mH-M-R1-H5,WCH,2019,110mH,M,R1,5,5,MOCK ATHLETE M110mH-034,0.196,,MOCK,1
WCH2019-110mH-M-R1-H5,WCH,2019,110mH,M,R1,5,6,MOCK ATHLETE M110mH-068,0.174,,MOCK,1
WCH2019-110mH-M-R1-H5,WCH,2019,110mH,M,R1,5,7,MOCK ATHLETE M110mH-056,0.191,,MOCK,1
WCH2019-110mH-M-R1-H5,WCH,2019,110mH,M,R1,5,8,MOCK ATHLETE M110mH-020,0.155,,MOCK,1
WCH2019-110mH-M-R1-H5,WCH,2019,110mH,M,R1,5,9,MOCK ATHLETE M110mH-022,0.191,,MOCK,1
WCH2019-110mH-M-R1-H6,WCH,2019,110mH,M,R1,6,2,MOCK ATHLETE M110mH-025,0.175,,MOCK,1
WCH2019-110mH-M-R1-H6,WCH,2019,110mH,M,R1,6,3,MOCK ATHLETE M110mH-046,0.168,,MOCK,1
WCH2019-110mH-M-R1-H6,WCH,2019,110mH,M,R1,6,4,MOCK ATHLETE M110mH-052,0.194,,MOCK,1
WCH2019-110mH-M-R1-H6,WCH,2019,110mH,M,R1,6,5,MOCK ATHLETE M110mH-027,0.157,,MOCK,1
WCH2019-110mH-M-R1-H6,WCH,2019,110mH,M,R1,6,6,MOCK ATHLETE M110mH-065,0.2,,MOCK,1
WCH2019-110mH-M-R1-H6,WCH,2019,110mH,M,R1,6,7,MOCK ATHLETE M110mH-047,0.17,,MOCK,1
WCH2019-110mH-M-R1-H6,WCH,2019,110mH,M,R1,6,8,MOCK ATHLETE M110mH-038,0.168,,MOCK,1
WCH2019-110mH-M-R1-H6,WCH,2019,110mH,M,R1,6,9,MOCK ATHLETE M110mH-054,0.165,,MOCK,1
WCH2019-110mH-M-SF-H1,WCH,2019,110mH,M,SF,1,2,MOCK ATHLETE M110mH-035,0.13,,MOCK,1
WCH2019-110mH-M-SF-H1,WCH,2019,110mH,M,SF,1,3,MOCK ATHLETE M110mH-026,0.14,,MOCK,1
WCH2019-110mH-M-SF-H1,WCH,2019,110mH,M,SF,1,4,MOCK ATHLETE M110mH-058,0.173,,MOCK,1
WCH2019-110mH-M-SF-H1,WCH,2019,110mH,M,SF,1,5,MOCK ATHLETE M110mH-041,0.152,,MOCK,1
WCH2019-110mH-M-SF-H1,WCH,2019,110mH,M,SF,1,6,MOCK ATHLETE M110mH-046,0.17,,MOCK,1
WCH2019-110mH-M-SF-H1,WCH,2019,110mH,M,SF,1,7,MOCK ATHLETE M110mH-062,0.174,,MOCK,1
WCH2019-110mH-M-SF-H1,WCH,2019,110mH,M,SF,1,8,MOCK ATHLETE M110mH-020,0.148,,MOCK,1
WCH2019-110mH-M-SF-H1,WCH,2019,110mH,M,SF,1,9,MOCK ATHLETE M110mH-060,0.155,,MOCK,1
WCH2019-110mH-M-SF-H2,WCH,2019,110mH,M,SF,2,2,MOCK ATHLETE M110mH-054,0.148,,MOCK,1
WCH2019-110mH-M-SF-H2,WCH,2019,110mH,M,SF,2,3,MOCK ATHLETE M110mH-003,0.132,,MOCK,1
WCH2019-110mH-M-SF-H2,WCH,2019,110mH,M,SF,2,4,MOCK ATHLETE M110mH-001,0.14,,MOCK,1
WCH2019-110mH-M-SF-H2,WCH,2019,110mH,M,SF,2,5,MOCK ATHLETE M110mH-055,0.178,,MOCK,1
WCH2019-110mH-M-SF-H2,WCH,2019,110mH,M,SF,2,6,MOCK ATHLETE M110mH-044,0.166,,MOCK,1
WCH2019-110mH-M-SF-H2,WCH,2019,110mH,M,SF,2,7,MOCK ATHLETE M110mH-052,0.17,,MOCK,1
WCH2019-110mH-M-SF-H2,WCH,2019,110mH,M,SF,2,8,MOCK ATHLETE M110mH-059,0.165,,MOCK,1
WCH2019-110mH-M-SF-H2,WCH,2019,110mH,M,SF,2,9,MOCK ATHLETE M110mH-043,0.167,,MOCK,1
WCH2019-110mH-M-SF-H3,WCH,2019,110mH,M,SF,3,2,MOCK ATHLETE M110mH-039,0.193,,MOCK,1
WCH2019-110mH-M-SF-H3,WCH,2019,110mH,M,SF,3,3,MOCK ATHLETE M110mH-038,0.157,,MOCK,1
WCH2019-110mH-M-SF-H3,WCH,2019,110mH,M,SF,3,4,MOCK ATHLETE M110mH-016,0.14,,MOCK,1
WCH2019-110mH-M-SF-H3,WCH,2019,110mH,M,SF,3,5,MOCK ATHLETE M110mH-057,0.165,,MOCK,1
WCH2019-110mH-M-SF-H3,WCH,2019,110mH,M,SF,3,6,MOCK ATHLETE M110mH-065,0.169,,MOCK,1
WCH2019-110mH-M-SF-H3,WCH,2019,110mH,M,SF,3,7,MOCK ATHLETE M110mH-007,0.204,,MOCK,1
WCH2019-110mH-M-SF-H3,WCH,2019,110mH,M,SF,3,8,MOCK ATHLETE M110mH-031,0.177,,MOCK,1
WCH2019-110mH-M-SF-H3,WCH,2019,110mH,M,SF,3,9,MOCK ATHLETE M110mH-018,0.181,,MOCK,1
WCH2019-110mH-M-F-H1,WCH,2019,110mH,M,F,1,2,MOCK ATHLETE M110mH-026,0.15,,MOCK,1
WCH2019-110mH-M-F-H1,WCH,2019,110mH,M,F,1,3,MOCK ATHLETE M110mH-058,0.167,,MOCK,1
WCH2019-110mH-M-F-H1,WCH,2019,110mH,M,F,1,4,MOCK ATHLETE M110mH-052,0.181,,MOCK,1
WCH2019-110mH-M-F-H1,WCH,2019,110mH,M,F,1,5,MOCK ATHLETE M110mH-016,0.147,,MOCK,1
WCH2019-110mH-M-F-H1,WCH,2019,110mH,M,F,1,6,MOCK ATHLETE M110mH-044,0.193,,MOCK,1
WCH2019-110mH-M-F-H1,WCH,2019,110mH,M,F,1,7,MOCK ATHLETE M110mH-062,0.154,,MOCK,1
WCH2019-110mH-M-F-H1,WCH,2019,110mH,M,F,1,8,MOCK ATHLETE M110mH-031,0.169,,MOCK,1
WCH2019-110mH-M-F-H1,WCH,2019,110mH,M,F,1,9,MOCK ATHLETE M110mH-057,0.171,,MOCK,1
WCH2019-100m-W-PR-H1,WCH,2019,100m,W,PR,1,2,MOCK PR W100m2019-0,0.181,,MOCK,1
WCH2019-100m-W-PR-H1,WCH,2019,100m,W,PR,1,3,MOCK PR W100m2019-1,0.169,,MOCK,1
WCH2019-100m-W-PR-H1,WCH,2019,100m,W,PR,1,4,MOCK PR W100m2019-2,0.185,,MOCK,1
WCH2019-100m-W-PR-H1,WCH,2019,100m,W,PR,1,5,MOCK PR W100m2019-3,0.174,,MOCK,1
WCH2019-100m-W-PR-H1,WCH,2019,100m,W,PR,1,6,MOCK PR W100m2019-4,0.19,,MOCK,1
WCH2019-100m-W-PR-H1,WCH,2019,100m,W,PR,1,7,MOCK PR W100m2019-5,0.138,,MOCK,1
WCH2019-100m-W-PR-H1,WCH,2019,100m,W,PR,1,8,MOCK PR W100m2019-6,0.174,,MOCK,1
WCH2019-100m-W-PR-H1,WCH,2019,100m,W,PR,1,9,MOCK PR W100m2019-7,0.166,,MOCK,1
WCH2019-100m-W-PR-H2,WCH,2019,100m,W,PR,2,2,MOCK PR W100m2019-8,0.141,,MOCK,1
WCH2019-100m-W-PR-H2,WCH,2019,100m,W,PR,2,3,MOCK PR W100m2019-9,0.16,,MOCK,1
WCH2019-100m-W-PR-H2,WCH,2019,100m,W,PR,2,4,MOCK PR W100m2019-10,0.171,,MOCK,1
WCH2019-100m-W-PR-H2,WCH,2019,100m,W,PR,2,5,MOCK PR W100m2019-11,0.167,,MOCK,1
WCH2019-100m-W-PR-H2,WCH,2019,100m,W,PR,2,6,MOCK PR W100m2019-12,0.158,,MOCK,1
WCH2019-100m-W-PR-H2,WCH,2019,100m,W,PR,2,7,MOCK PR W100m2019-13,0.177,,MOCK,1
WCH2019-100m-W-PR-H2,WCH,2019,100m,W,PR,2,8,MOCK PR W100m2019-14,0.17,,MOCK,1
WCH2019-100m-W-R1-H1,WCH,2019,100m,W,R1,1,2,MOCK ATHLETE W100m-038,0.156,,MOCK,1
WCH2019-100m-W-R1-H1,WCH,2019,100m,W,R1,1,3,MOCK ATHLETE W100m-043,0.164,,MOCK,1
WCH2019-100m-W-R1-H1,WCH,2019,100m,W,R1,1,4,MOCK ATHLETE W100m-061,0.127,,MOCK,1
WCH2019-100m-W-R1-H1,WCH,2019,100m,W,R1,1,5,MOCK ATHLETE W100m-023,0.163,,MOCK,1
WCH2019-100m-W-R1-H1,WCH,2019,100m,W,R1,1,6,MOCK ATHLETE W100m-056,0.154,,MOCK,1
WCH2019-100m-W-R1-H1,WCH,2019,100m,W,R1,1,7,MOCK ATHLETE W100m-015,0.14,,MOCK,1
WCH2019-100m-W-R1-H1,WCH,2019,100m,W,R1,1,8,MOCK ATHLETE W100m-037,0.138,,MOCK,1
WCH2019-100m-W-R1-H1,WCH,2019,100m,W,R1,1,9,MOCK ATHLETE W100m-033,0.13,,MOCK,1
WCH2019-100m-W-R1-H2,WCH,2019,100m,W,R1,2,2,MOCK ATHLETE W100m-008,0.159,,MOCK,1
WCH2019-100m-W-R1-H2,WCH,2019,100m,W,R1,2,3,MOCK ATHLETE W100m-044,0.167,,MOCK,1
WCH2019-100m-W-R1-H2,WCH,2019,100m,W,R1,2,4,MOCK ATHLETE W100m-005,0.162,,MOCK,1
WCH2019-100m-W-R1-H2,WCH,2019,100m,W,R1,2,5,MOCK ATHLETE W100m-031,0.166,,MOCK,1
WCH2019-100m-W-R1-H2,WCH,2019,100m,W,R1,2,6,MOCK ATHLETE W100m-067,0.124,,MOCK,1
WCH2019-100m-W-R1-H2,WCH,2019,100m,W,R1,2,7,MOCK ATHLETE W100m-057,0.209,,MOCK,1
WCH2019-100m-W-R1-H2,WCH,2019,100m,W,R1,2,8,MOCK ATHLETE W100m-040,0.135,,MOCK,1
WCH2019-100m-W-R1-H2,WCH,2019,100m,W,R1,2,9,MOCK ATHLETE W100m-014,0.152,,MOCK,1
WCH2019-100m-W-R1-H3,WCH,2019,100m,W,R1,3,2,MOCK ATHLETE W100m-032,0.15,,MOCK,1
WCH2019-100m-W-R1-H3,WCH,2019,100m,W,R1,3,3,MOCK ATHLETE W100m-001,0.18,,MOCK,1
WCH2019-100m-W-R1-H3,WCH,2019,100m,W,R1,3,4,MOCK ATHLETE W100m-022,0.184,,MOCK,1
WCH2019-100m-W-R1-H3,WCH,2019,100m,W,R1,3,5,MOCK ATHLETE W100m-025,0.175,,MOCK,1
WCH2019-100m-W-R1-H3,WCH,2019,100m,W,R1,3,6,MOCK ATHLETE W100m-002,0.129,,MOCK,1
WCH2019-100m-W-R1-H3,WCH,2019,100m,W,R1,3,7,MOCK ATHLETE W100m-011,0.163,,MOCK,1
WCH2019-100m-W-R1-H3,WCH,2019,100m,W,R1,3,8,MOCK ATHLETE W100m-055,0.214,,MOCK,1
WCH2019-100m-W-R1-H3,WCH,2019,100m,W,R1,3,9,MOCK ATHLETE W100m-062,0.186,,MOCK,1
WCH2019-100m-W-R1-H4,WCH,2019,100m,W,R1,4,2,MOCK ATHLETE W100m-060,0.151,,MOCK,1
WCH2019-100m-W-R1-H4,WCH,2019,100m,W,R1,4,3,MOCK ATHLETE W100m-026,0.167,,MOCK,1
WCH2019-100m-W-R1-H4,WCH,2019,100m,W,R1,4,4,MOCK ATHLETE W100m-021,0.152,,MOCK,1
WCH2019-100m-W-R1-H4,WCH,2019,100m,W,R1,4,5,MOCK ATHLETE W100m-024,0.188,,MOCK,1
WCH2019-100m-W-R1-H4,WCH,2019,100m,W,R1,4,6,MOCK ATHLETE W100m-041,0.137,,MOCK,1
WCH2019-100m-W-R1-H4,WCH,2019,100m,W,R1,4,7,MOCK ATHLETE W100m-010,0.167,,MOCK,1
WCH2019-100m-W-R1-H4,WCH,2019,100m,W,R1,4,8,MOCK ATHLETE W100m-048,0.147,,MOCK,1
WCH2019-100m-W-R1-H5,WCH,2019,100m,W,R1,5,2,MOCK ATHLETE W100m-000,0.164,,MOCK,1
WCH2019-100m-W-R1-H5,WCH,2019,100m,W,R1,5,3,MOCK ATHLETE W100m-009,0.139,,MOCK,1
WCH2019-100m-W-R1-H5,WCH,2019,100m,W,R1,5,4,MOCK ATHLETE W100m-018,0.158,,MOCK,1
WCH2019-100m-W-R1-H5,WCH,2019,100m,W,R1,5,5,MOCK ATHLETE W100m-042,0.189,,MOCK,1
WCH2019-100m-W-R1-H5,WCH,2019,100m,W,R1,5,6,MOCK ATHLETE W100m-013,0.172,,MOCK,1
WCH2019-100m-W-R1-H5,WCH,2019,100m,W,R1,5,7,MOCK ATHLETE W100m-007,0.182,,MOCK,1
WCH2019-100m-W-R1-H5,WCH,2019,100m,W,R1,5,8,MOCK ATHLETE W100m-046,0.169,,MOCK,1
WCH2019-100m-W-R1-H5,WCH,2019,100m,W,R1,5,9,MOCK ATHLETE W100m-049,0.173,,MOCK,1
WCH2019-100m-W-R1-H6,WCH,2019,100m,W,R1,6,2,MOCK ATHLETE W100m-036,0.153,,MOCK,1
WCH2019-100m-W-R1-H6,WCH,2019,100m,W,R1,6,3,MOCK ATHLETE W100m-069,0.131,,MOCK,1
WCH2019-100m-W-R1-H6,WCH,2019,100m,W,R1,6,4,MOCK ATHLETE W100m-030,0.149,,MOCK,1
WCH2019-100m-W-R1-H6,WCH,2019,100m,W,R1,6,5,MOCK ATHLETE W100m-004,0.175,,MOCK,1
WCH2019-100m-W-R1-H6,WCH,2019,100m,W,R1,6,6,MOCK ATHLETE W100m-066,0.156,,MOCK,1
WCH2019-100m-W-R1-H6,WCH,2019,100m,W,R1,6,7,MOCK ATHLETE W100m-006,0.157,,MOCK,1
WCH2019-100m-W-R1-H6,WCH,2019,100m,W,R1,6,8,MOCK ATHLETE W100m-064,0.173,,MOCK,1
WCH2019-100m-W-SF-H1,WCH,2019,100m,W,SF,1,2,MOCK ATHLETE W100m-037,0.132,,MOCK,1
WCH2019-100m-W-SF-H1,WCH,2019,100m,W,SF,1,3,MOCK ATHLETE W100m-014,0.149,,MOCK,1
WCH2019-100m-W-SF-H1,WCH,2019,100m,W,SF,1,4,MOCK ATHLETE W100m-009,0.134,,MOCK,1
WCH2019-100m-W-SF-H1,WCH,2019,100m,W,SF,1,5,MOCK ATHLETE W100m-025,0.151,,MOCK,1
WCH2019-100m-W-SF-H1,WCH,2019,100m,W,SF,1,6,MOCK ATHLETE W100m-048,0.176,,MOCK,1
WCH2019-100m-W-SF-H1,WCH,2019,100m,W,SF,1,7,MOCK ATHLETE W100m-026,0.162,,MOCK,1
WCH2019-100m-W-SF-H1,WCH,2019,100m,W,SF,1,8,MOCK ATHLETE W100m-040,0.124,,MOCK,1
WCH2019-100m-W-SF-H1,WCH,2019,100m,W,SF,1,9,MOCK ATHLETE W100m-006,0.154,,MOCK,1
WCH2019-100m-W-SF-H2,WCH,2019,100m,W,SF,2,2,MOCK ATHLETE W100m-062,0.166,,MOCK,1
WCH2019-100m-W-SF-H2,WCH,2019,100m,W,SF,2,3,MOCK ATHLETE W100m-067,0.147,,MOCK,1
WCH2019-100m-W-SF-H2,WCH,2019,100m,W,SF,2,4,MOCK ATHLETE W100m-043,0.146,,MOCK,1
WCH2019-100m-W-SF-H2,WCH,2019,100m,W,SF,2,5,MOCK ATHLETE W100m-049,0.141,,MOCK,1
WCH2019-100m-W-SF-H2,WCH,2019,100m,W,SF,2,6,MOCK ATHLETE W100m-007,0.128,,MOCK,1
WCH2019-100m-W-SF-H2,WCH,2019,100m,W,SF,2,7,MOCK ATHLETE W100m-033,0.157,,MOCK,1
WCH2019-100m-W-SF-H2,WCH,2019,100m,W,SF,2,8,MOCK ATHLETE W100m-010,0.153,,MOCK,1
WCH2019-100m-W-SF-H2,WCH,2019,100m,W,SF,2,9,MOCK ATHLETE W100m-001,0.162,,MOCK,1
WCH2019-100m-W-SF-H3,WCH,2019,100m,W,SF,3,2,MOCK ATHLETE W100m-066,0.161,,MOCK,1
WCH2019-100m-W-SF-H3,WCH,2019,100m,W,SF,3,3,MOCK ATHLETE W100m-005,0.149,,MOCK,1
WCH2019-100m-W-SF-H3,WCH,2019,100m,W,SF,3,4,MOCK ATHLETE W100m-059,0.143,,MOCK,1
WCH2019-100m-W-SF-H3,WCH,2019,100m,W,SF,3,5,MOCK ATHLETE W100m-057,0.158,,MOCK,1
WCH2019-100m-W-SF-H3,WCH,2019,100m,W,SF,3,6,MOCK ATHLETE W100m-054,0.137,,MOCK,1
WCH2019-100m-W-SF-H3,WCH,2019,100m,W,SF,3,7,MOCK ATHLETE W100m-069,0.158,,MOCK,1
WCH2019-100m-W-SF-H3,WCH,2019,100m,W,SF,3,8,MOCK ATHLETE W100m-011,0.138,,MOCK,1
WCH2019-100m-W-SF-H3,WCH,2019,100m,W,SF,3,9,MOCK ATHLETE W100m-032,0.168,,MOCK,1
WCH2019-100m-W-F-H1,WCH,2019,100m,W,F,1,2,MOCK ATHLETE W100m-054,0.165,,MOCK,1
WCH2019-100m-W-F-H1,WCH,2019,100m,W,F,1,3,MOCK ATHLETE W100m-025,0.15,,MOCK,1
WCH2019-100m-W-F-H1,WCH,2019,100m,W,F,1,4,MOCK ATHLETE W100m-066,0.165,,MOCK,1
WCH2019-100m-W-F-H1,WCH,2019,100m,W,F,1,5,MOCK ATHLETE W100m-007,0.146,,MOCK,1
WCH2019-100m-W-F-H1,WCH,2019,100m,W,F,1,6,MOCK ATHLETE W100m-059,0.15,,MOCK,1
WCH2019-100m-W-F-H1,WCH,2019,100m,W,F,1,7,MOCK ATHLETE W100m-032,0.17,,MOCK,1
WCH2019-100m-W-F-H1,WCH,2019,100m,W,F,1,8,MOCK ATHLETE W100m-033,0.144,,MOCK,1
WCH2019-100m-W-F-H1,WCH,2019,100m,W,F,1,9,MOCK ATHLETE W100m-005,0.156,,MOCK,1
WCH2019-200m-W-R1-H1,WCH,2019,200m,W,R1,1,2,MOCK ATHLETE W200m-048,0.172,,MOCK,1
WCH2019-200m-W-R1-H1,WCH,2019,200m,W,R1,1,3,MOCK ATHLETE W200m-058,0.185,,MOCK,1
WCH2019-200m-W-R1-H1,WCH,2019,200m,W,R1,1,4,MOCK ATHLETE W200m-055,0.143,,MOCK,1
WCH2019-200m-W-R1-H1,WCH,2019,200m,W,R1,1,5,MOCK ATHLETE W200m-034,0.196,,MOCK,1
WCH2019-200m-W-R1-H1,WCH,2019,200m,W,R1,1,6,MOCK ATHLETE W200m-013,0.181,,MOCK,1
WCH2019-200m-W-R1-H1,WCH,2019,200m,W,R1,1,7,MOCK ATHLETE W200m-050,0.207,,MOCK,1
WCH2019-200m-W-R1-H1,WCH,2019,200m,W,R1,1,8,MOCK ATHLETE W200m-064,0.199,,MOCK,1
WCH2019-200m-W-R1-H2,WCH,2019,200m,W,R1,2,2,MOCK ATHLETE W200m-031,0.189,,MOCK,1
WCH2019-200m-W-R1-H2,WCH,2019,200m,W,R1,2,3,MOCK ATHLETE W200m-067,0.154,,MOCK,1
WCH2019-200m-W-R1-H2,WCH,2019,200m,W,R1,2,4,MOCK ATHLETE W200m-042,0.2,,MOCK,1
WCH2019-200m-W-R1-H2,WCH,2019,200m,W,R1,2,5,MOCK ATHLETE W200m-047,0.14,,MOCK,1
WCH2019-200m-W-R1-H2,WCH,2019,200m,W,R1,2,6,MOCK ATHLETE W200m-022,0.181,,MOCK,1
WCH2019-200m-W-R1-H2,WCH,2019,200m,W,R1,2,7,MOCK ATHLETE W200m-020,0.173,,MOCK,1
WCH2019-200m-W-R1-H2,WCH,2019,200m,W,R1,2,8,MOCK ATHLETE W200m-006,0.181,,MOCK,1
WCH2019-200m-W-R1-H2,WCH,2019,200m,W,R1,2,9,MOCK ATHLETE W200m-041,0.182,,MOCK,1
WCH2019-200m-W-R1-H3,WCH,2019,200m,W,R1,3,2,MOCK ATHLETE W200m-061,0.166,,MOCK,1
WCH2019-200m-W-R1-H3,WCH,2019,200m,W,R1,3,3,MOCK ATHLETE W200m-025,0.179,,MOCK,1
WCH2019-200m-W-R1-H3,WCH,2019,200m,W,R1,3,4,MOCK ATHLETE W200m-049,0.174,,MOCK,1
WCH2019-200m-W-R1-H3,WCH,2019,200m,W,R1,3,5,MOCK ATHLETE W200m-069,0.165,,MOCK,1
WCH2019-200m-W-R1-H3,WCH,2019,200m,W,R1,3,6,MOCK ATHLETE W200m-019,0.151,,MOCK,1
WCH2019-200m-W-R1-H3,WCH,2019,200m,W,R1,3,7,MOCK ATHLETE W200m-057,0.155,,MOCK,1
WCH2019-200m-W-R1-H3,WCH,2019,200m,W,R1,3,8,MOCK ATHLETE W200m-007,0.166,,MOCK,1
WCH2019-200m-W-R1-H3,WCH,2019,200m,W,R1,3,9,MOCK ATHLETE W200m-066,0.157,,MOCK,1
WCH2019-200m-W-R1-H4,WCH,2019,200m,W,R1,4,2,MOCK ATHLETE W200m-036,0.154,,MOCK,1
WCH2019-200m-W-R1-H4,WCH,2019,200m,W,R1,4,3,MOCK ATHLETE W200m-005,0.155,,MOCK,1
WCH2019-200m-W-R1-H4,WCH,2019,200m,W,R1,4,4,MOCK ATHLETE W200m-043,0.145,,MOCK,1
WCH2019-200m-W-R1-H4,WCH,2019,200m,W,R1,4,5,MOCK ATHLETE W200m-056,0.192,,MOCK,1
WCH2019-200m-W-R1-H4,WCH,2019,200m,W,R1,4,6,MOCK ATHLETE W200m-045,0.17,,MOCK,1
WCH2019-200m-W-R1-H4,WCH,2019,200m,W,R1,4,7,MOCK ATHLETE W200m-026,0.172,,MOCK,1
WCH2019-200m-W-R1-H4,WCH,2019,200m,W,R1,4,8,MOCK ATHLETE W200m-035,0.146,,MOCK,1
WCH2019-200m-W-R1-H4,WCH,2019,200m,W,R1,4,9,MOCK ATHLETE W200m-044,0.141,,MOCK,1
WCH2019-200m-W-R1-H5,WCH,2019,200m,W,R1,5,2,MOCK ATHLETE W200m-012,0.168,,MOCK,1
WCH2019-200m-W-R1-H5,WCH,2019,200m,W,R1,5,3,MOCK ATHLETE W200m-062,0.207,,MOCK,1
WCH2019-200m-W-R1-H5,WCH,2019,200m,W,R1,5,4,MOCK ATHLETE W200m-011,0.168,,MOCK,1
WCH2019-200m-W-R1-H5,WCH,2019,200m,W,R1,5,5,MOCK ATHLETE W200m-054,0.186,,MOCK,1
WCH2019-200m-W-R1-H5,WCH,2019,200m,W,R1,5,6,MOCK ATHLETE W200m-030,0.165,,MOCK,1
WCH2019-200m-W-R1-H5,WCH,2019,200m,W,R1,5,7,MOCK ATHLETE W200m-065,0.141,,MOCK,1
WCH2019-200m-W-R1-H5,WCH,2019,200m,W,R1,5,8,MOCK ATHLETE W200m-060,0.156,,MOCK,1
WCH2019-200m-W-R1-H5,WCH,2019,200m,W,R1,5,9,MOCK ATHLETE W200m-059,0.161,,MOCK,1
WCH2019-200m-W-R1-H6,WCH,2019,200m,W,R1,6,2,MOCK ATHLETE W200m-052,0.153,,MOCK,1
WCH2019-200m-W-R1-H6,WCH,2019,200m,W,R1,6,3,MOCK ATHLETE W200m-068,0.18,,MOCK,1
WCH2019-200m-W-R1-H6,WCH,2019,200m,W,R1,6,4,MOCK ATHLETE W200m-038,0.152,,MOCK,1
WCH2019-200m-W-R1-H6,WCH,2019,200m,W,R1,6,5,MOCK ATHLETE W200m-040,0.163,,MOCK,1
WCH2019-200m-W-R1-H6,WCH,2019,200m,W,R1,6,6,MOCK ATHLETE W200m-051,0.172,,MOCK,1
WCH2019-200m-W-R1-H6,WCH,2019,200m,W,R1,6,7,MOCK ATHLETE W200m-023,0.182,,MOCK,1
WCH2019-200m-W-R1-H6,WCH,2019,200m,W,R1,6,8,MOCK ATHLETE W200m-001,0.16,,MOCK,1
WCH2019-200m-W-R1-H6,WCH,2019,200m,W,R1,6,9,MOCK ATHLETE W200m-002,0.166,,MOCK,1
WCH2019-200m-W-SF-H1,WCH,2019,200m,W,SF,1,2,MOCK ATHLETE W200m-031,0.177,,MOCK,1
WCH2019-200m-W-SF-H1,WCH,2019,200m,W,SF,1,3,MOCK ATHLETE W200m-056,0.172,,MOCK,1
WCH2019-200m-W-SF-H1,WCH,2019,200m,W,SF,1,4,MOCK ATHLETE W200m-035,0.153,,MOCK,1
WCH2019-200m-W-SF-H1,WCH,2019,200m,W,SF,1,5,MOCK ATHLETE W200m-062,0.202,,MOCK,1
WCH2019-200m-W-SF-H1,WCH,2019,200m,W,SF,1,6,MOCK ATHLETE W200m-068,0.178,,MOCK,1
WCH2019-200m-W-SF-H1,WCH,2019,200m,W,SF,1,7,MOCK ATHLETE W200m-048,0.187,,MOCK,1
WCH2019-200m-W-SF-H1,WCH,2019,200m,W,SF,1,8,MOCK ATHLETE W200m-058,0.184,,MOCK,1
WCH2019-200m-W-SF-H1,WCH,2019,200m,W,SF,1,9,MOCK ATHLETE W200m-066,0.162,,MOCK,1
WCH2019-200m-W-SF-H2,WCH,2019,200m,W,SF,2,2,MOCK ATHLETE W200m-038,0.188,,MOCK,1
WCH2019-200m-W-SF-H2,WCH,2019,200m,W,SF,2,3,MOCK ATHLETE W200m-036,0.145,,MOCK,1
WCH2019-200m-W-SF-H2,WCH,2019,200m,W,SF,2,4,MOCK ATHLETE W200m-026,0.178,,MOCK,1
WCH2019-200m-W-SF-H2,WCH,2019,200m,W,SF,2,5,MOCK ATHLETE W200m-020,0.177,,MOCK,1
WCH2019-200m-W-SF-H2,WCH,2019,200m,W,SF,2,6,MOCK ATHLETE W200m-011,0.193,,MOCK,1
WCH2019-200m-W-SF-H2,WCH,2019,200m,W,SF,2,7,MOCK ATHLETE W200m-007,0.176,,MOCK,1
WCH2019-200m-W-SF-H2,WCH,2019,200m,W,SF,2,8,MOCK ATHLETE W200m-054,0.164,,MOCK,1
WCH2019-200m-W-SF-H2,WCH,2019,200m,W,SF,2,9,MOCK ATHLETE W200m-044,0.174,,MOCK,1
WCH2019-200m-W-SF-H3,WCH,2019,200m,W,SF,3,2,MOCK ATHLETE W200m-045,0.166,,MOCK,1
WCH2019-200m-W-SF-H3,WCH,2019,200m,W,SF,3,3,MOCK ATHLETE W200m-057,0.16,,MOCK,1
WCH2019-200m-W-SF-H3,WCH,2019,200m,W,SF,3,4,MOCK ATHLETE W200m-023,0.145,,MOCK,1
WCH2019-200m-W-SF-H3,WCH,2019,200m,W,SF,3,5,MOCK ATHLETE W200m-033,0.169,,MOCK,1
WCH2019-200m-W-SF-H3,WCH,2019,200m,W,SF,3,6,MOCK ATHLETE W200m-060,0.187,,MOCK,1
WCH2019-200m-W-SF-H3,WCH,2019,200m,W,SF,3,7,MOCK ATHLETE W200m-013,0.181,,MOCK,1
WCH2019-200m-W-SF-H3,WCH,2019,200m,W,SF,3,8,MOCK ATHLETE W200m-061,0.141,,MOCK,1
WCH2019-200m-W-SF-H3,WCH,2019,200m,W,SF,3,9,MOCK ATHLETE W200m-049,0.186,,MOCK,1
WCH2019-200m-W-F-H1,WCH,2019,200m,W,F,1,2,MOCK ATHLETE W200m-038,0.16,,MOCK,1
WCH2019-200m-W-F-H1,WCH,2019,200m,W,F,1,3,MOCK ATHLETE W200m-036,0.166,,MOCK,1
WCH2019-200m-W-F-H1,WCH,2019,200m,W,F,1,4,MOCK ATHLETE W200m-033,0.149,,MOCK,1
WCH2019-200m-W-F-H1,WCH,2019,200m,W,F,1,5,MOCK ATHLETE W200m-057,0.157,,MOCK,1
WCH2019-200m-W-F-H1,WCH,2019,200m,W,F,1,6,MOCK ATHLETE W200m-068,0.164,,MOCK,1
WCH2019-200m-W-F-H1,WCH,2019,200m,W,F,1,7,MOCK ATHLETE W200m-013,0.19,,MOCK,1
WCH2019-200m-W-F-H1,WCH,2019,200m,W,F,1,8,MOCK ATHLETE W200m-035,0.181,,MOCK,1
WCH2019-200m-W-F-H1,WCH,2019,200m,W,F,1,9,MOCK ATHLETE W200m-020,0.208,,MOCK,1
WCH2019-100mH-W-R1-H1,WCH,2019,100mH,W,R1,1,2,MOCK ATHLETE W100mH-054,0.151,,MOCK,1
WCH2019-100mH-W-R1-H1,WCH,2019,100mH,W,R1,1,3,MOCK ATHLETE W100mH-052,0.153,,MOCK,1
WCH2019-100mH-W-R1-H1,WCH,2019,100mH,W,R1,1,4,MOCK ATHLETE W100mH-016,0.138,,MOCK,1
WCH2019-100mH-W-R1-H1,WCH,2019,100mH,W,R1,1,5,MOCK ATHLETE W100mH-069,0.158,,MOCK,1
WCH2019-100mH-W-R1-H1,WCH,2019,100mH,W,R1,1,6,MOCK ATHLETE W100mH-065,0.148,,MOCK,1
WCH2019-100mH-W-R1-H1,WCH,2019,100mH,W,R1,1,7,MOCK ATHLETE W100mH-048,0.143,,MOCK,1
WCH2019-100mH-W-R1-H1,WCH,2019,100mH,W,R1,1,8,MOCK ATHLETE W100mH-028,0.151,,MOCK,1
WCH2019-100mH-W-R1-H1,WCH,2019,100mH,W,R1,1,9,MOCK ATHLETE W100mH-022,0.143,,MOCK,1
WCH2019-100mH-W-R1-H2,WCH,2019,100mH,W,R1,2,2,MOCK ATHLETE W100mH-017,0.162,,MOCK,1
WCH2019-100mH-W-R1-H2,WCH,2019,100mH,W,R1,2,3,MOCK ATHLETE W100mH-040,0.181,,MOCK,1
WCH2019-100mH-W-R1-H2,WCH,2019,100mH,W,R1,2,4,MOCK ATHLETE W100mH-006,0.167,,MOCK,1
WCH2019-100mH-W-R1-H2,WCH,2019,100mH,W,R1,2,5,MOCK ATHLETE W100mH-014,0.164,,MOCK,1
WCH2019-100mH-W-R1-H2,WCH,2019,100mH,W,R1,2,6,MOCK ATHLETE W100mH-042,0.156,,MOCK,1
WCH2019-100mH-W-R1-H2,WCH,2019,100mH,W,R1,2,7,MOCK ATHLETE W100mH-001,0.189,,MOCK,1
WCH2019-100mH-W-R1-H2,WCH,2019,100mH,W,R1,2,8,MOCK ATHLETE W100mH-034,0.166,,MOCK,1
WCH2019-100mH-W-R1-H2,WCH,2019,100mH,W,R1,2,9,MOCK ATHLETE W100mH-023,0.154,,MOCK,1
WCH2019-100mH-W-R1-H3,WCH,2019,100mH,W,R1,3,2,MOCK ATHLETE W100mH-035,0.186,,MOCK,1
WCH2019-100mH-W-R1-H3,WCH,2019,100mH,W,R1,3,3,MOCK ATHLETE W100mH-015,0.223,,MOCK,1
WCH2019-100mH-W-R1-H3,WCH,2019,100mH,W,R1,3,4,MOCK ATHLETE W100mH-045,0.168,,MOCK,1
WCH2019-100mH-W-R1-H3,WCH,2019,100mH,W,R1,3,5,MOCK ATHLETE W100mH-041,0.17,,MOCK,1
WCH2019-100mH-W-R1-H3,WCH,2019,100mH,W,R1,3,6,MOCK ATHLETE W100mH-036,0.181,,MOCK,1
WCH2019-100mH-W-R1-H3,WCH,2019,100mH,W,R1,3,7,MOCK ATHLETE W100mH-043,0.169,,MOCK,1
WCH2019-100mH-W-R1-H3,WCH,2019,100mH,W,R1,3,8,MOCK ATHLETE W100mH-032,0.162,,MOCK,1
WCH2019-100mH-W-R1-H4,WCH,2019,100mH,W,R1,4,2,MOCK ATHLETE W100mH-056,0.158,,MOCK,1
WCH2019-100mH-W-R1-H4,WCH,2019,100mH,W,R1,4,3,MOCK ATHLETE W100mH-010,0.189,,MOCK,1
WCH2019-100mH-W-R1-H4,WCH,2019,100mH,W,R1,4,4,MOCK ATHLETE W100mH-003,0.167,,MOCK,1
WCH2019-100mH-W-R1-H4,WCH,2019,100mH,W,R1,4,5,MOCK ATHLETE W100mH-067,0.132,,MOCK,1
WCH2019-100mH-W-R1-H4,WCH,2019,100mH,W,R1,4,6,MOCK ATHLETE W100mH-055,0.161,,MOCK,1
WCH2019-100mH-W-R1-H4,WCH,2019,100mH,W,R1,4,7,MOCK ATHLETE W100mH-068,0.186,,MOCK,1
WCH2019-100mH-W-R1-H4,WCH,2019,100mH,W,R1,4,8,MOCK ATHLETE W100mH-030,0.15,,MOCK,1
WCH2019-100mH-W-R1-H5,WCH,2019,100mH,W,R1,5,2,MOCK ATHLETE W100mH-057,0.169,,MOCK,1
WCH2019-100mH-W-R1-H5,WCH,2019,100mH,W,R1,5,3,MOCK ATHLETE W100mH-047,0.182,,MOCK,1
WCH2019-100mH-W-R1-H5,WCH,2019,100mH,W,R1,5,4,MOCK ATHLETE W100mH-049,0.181,,MOCK,1
WCH2019-100mH-W-R1-H5,WCH,2019,100mH,W,R1,5,5,MOCK ATHLETE W100mH-029,0.167,,MOCK,1
WCH2019-100mH-W-R1-H5,WCH,2019,100mH,W,R1,5,6,MOCK ATHLETE W100mH-013,0.155,,MOCK,1
WCH2019-100mH-W-R1-H5,WCH,2019,100mH,W,R1,5,7,MOCK ATHLETE W100mH-002,0.16,,MOCK,1
WCH2019-100mH-W-R1-H5,WCH,2019,100mH,W,R1,5,8,MOCK ATHLETE W100mH-012,0.164,,MOCK,1
WCH2019-100mH-W-R1-H5,WCH,2019,100mH,W,R1,5,9,MOCK ATHLETE W100mH-046,0.164,,MOCK,1
WCH2019-100mH-W-R1-H6,WCH,2019,100mH,W,R1,6,2,MOCK ATHLETE W100mH-061,0.165,,MOCK,1
WCH2019-100mH-W-R1-H6,WCH,2019,100mH,W,R1,6,3,MOCK ATHLETE W100mH-009,0.148,,MOCK,1
WCH2019-100mH-W-R1-H6,WCH,2019,100mH,W,R1,6,4,MOCK ATHLETE W100mH-026,0.162,,MOCK,1
WCH2019-100mH-W-R1-H6,WCH,2019,100mH,W,R1,6,5,MOCK ATHLETE W100mH-027,0.151,,MOCK,1
WCH2019-100mH-W-R1-H6,WCH,2019,100mH,W,R1,6,6,MOCK ATHLETE W100mH-033,0.171,,MOCK,1
WCH2019-100mH-W-R1-H6,WCH,2019,100mH,W,R1,6,7,MOCK ATHLETE W100mH-059,0.132,,MOCK,1
WCH2019-100mH-W-R1-H6,WCH,2019,100mH,W,R1,6,8,MOCK ATHLETE W100mH-007,0.174,,MOCK,1
WCH2019-100mH-W-R1-H6,WCH,2019,100mH,W,R1,6,9,MOCK ATHLETE W100mH-004,0.163,,MOCK,1
WCH2019-100mH-W-SF-H1,WCH,2019,100mH,W,SF,1,2,MOCK ATHLETE W100mH-015,0.192,,MOCK,1
WCH2019-100mH-W-SF-H1,WCH,2019,100mH,W,SF,1,3,MOCK ATHLETE W100mH-022,0.157,,MOCK,1
WCH2019-100mH-W-SF-H1,WCH,2019,100mH,W,SF,1,4,MOCK ATHLETE W100mH-059,0.173,,MOCK,1
WCH2019-100mH-W-SF-H1,WCH,2019,100mH,W,SF,1,5,MOCK ATHLETE W100mH-042,0.137,,MOCK,1
WCH2019-100mH-W-SF-H1,WCH,2019,100mH,W,SF,1,6,MOCK ATHLETE W100mH-046,0.172,,MOCK,1
WCH2019-100mH-W-SF-H1,WCH,2019,100mH,W,SF,1,7,MOCK ATHLETE W100mH-034,0.174,,MOCK,1
WCH2019-100mH-W-SF-H1,WCH,2019,100mH,W,SF,1,8,MOCK ATHLETE W100mH-035,0.204,,MOCK,1
WCH2019-100mH-W-SF-H1,WCH,2019,100mH,W,SF,1,9,MOCK ATHLETE W100mH-003,0.171,,MOCK,1
WCH2019-100mH-W-SF-H2,WCH,2019,100mH,W,SF,2,2,MOCK ATHLETE W100mH-014,0.152,,MOCK,1
WCH2019-100mH-W-SF-H2,WCH,2019,100mH,W,SF,2,3,MOCK ATHLETE W100mH-069,0.153,,MOCK,1
WCH2019-100mH-W-SF-H2,WCH,2019,100mH,W,SF,2,4,MOCK ATHLETE W100mH-033,0.147,,MOCK,1
WCH2019-100mH-W-SF-H2,WCH,2019,100mH,W,SF,2,5,MOCK ATHLETE W100mH-052,0.156,,MOCK,1
WCH2019-100mH-W-SF-H2,WCH,2019,100mH,W,SF,2,6,MOCK ATHLETE W100mH-027,0.154,,MOCK,1
WCH2019-100mH-W-SF-H2,WCH,2019,100mH,W,SF,2,7,MOCK ATHLETE W100mH-028,0.167,,MOCK,1
WCH2019-100mH-W-SF-H2,WCH,2019,100mH,W,SF,2,8,MOCK ATHLETE W100mH-065,0.146,,MOCK,1
WCH2019-100mH-W-SF-H2,WCH,2019,100mH,W,SF,2,9,MOCK ATHLETE W100mH-061,0.158,,MOCK,1
WCH2019-100mH-W-SF-H3,WCH,2019,100mH,W,SF,3,2,MOCK ATHLETE W100mH-010,0.174,,MOCK,1
WCH2019-100mH-W-SF-H3,WCH,2019,100mH,W,SF,3,3,MOCK ATHLETE W100mH-057,0.16,,MOCK,1
WCH2019-100mH-W-SF-H3,WCH,2019,100mH,W,SF,3,4,MOCK ATHLETE W100mH-047,0.149,,MOCK,1
WCH2019-100mH-W-SF-H3,WCH,2019,100mH,W,SF,3,5,MOCK ATHLETE W100mH-009,0.141,,MOCK,1
WCH2019-100mH-W-SF-H3,WCH,2019,100mH,W,SF,3,6,MOCK ATHLETE W100mH-053,0.196,,MOCK,1
WCH2019-100mH-W-SF-H3,WCH,2019,100mH,W,SF,3,7,MOCK ATHLETE W100mH-029,0.164,,MOCK,1
WCH2019-100mH-W-SF-H3,WCH,2019,100mH,W,SF,3,8,MOCK ATHLETE W100mH-016,0.129,,MOCK,1
WCH2019-100mH-W-SF-H3,WCH,2019,100mH,W,SF,3,9,MOCK ATHLETE W100mH-036,0.181,,MOCK,1
WCH2019-100mH-W-F-H1,WCH,2019,100mH,W,F,1,2,MOCK ATHLETE W100mH-047,0.165,,MOCK,1
WCH2019-100mH-W-F-H1,WCH,2019,100mH,W,F,1,3,MOCK ATHLETE W100mH-029,0.141,,MOCK,1
WCH2019-100mH-W-F-H1,WCH,2019,100mH,W,F,1,4,MOCK ATHLETE W100mH-028,0.156,,MOCK,1
WCH2019-100mH-W-F-H1,WCH,2019,100mH,W,F,1,5,MOCK ATHLETE W100mH-003,0.166,,MOCK,1
WCH2019-100mH-W-F-H1,WCH,2019,100mH,W,F,1,6,MOCK ATHLETE W100mH-016,0.135,,MOCK,1
WCH2019-100mH-W-F-H1,WCH,2019,100mH,W,F,1,7,MOCK ATHLETE W100mH-057,0.159,,MOCK,1
WCH2019-100mH-W-F-H1,WCH,2019,100mH,W,F,1,8,MOCK ATHLETE W100mH-009,0.182,,MOCK,1
WCH2019-100mH-W-F-H1,WCH,2019,100mH,W,F,1,9,MOCK ATHLETE W100mH-059,0.126,,MOCK,1
WCH2022-100m-M-PR-H1,WCH,2022,100m,M,PR,1,2,MOCK PR M100m2022-0,0.154,,MOCK,1
WCH2022-100m-M-PR-H1,WCH,2022,100m,M,PR,1,3,MOCK PR M100m2022-1,0.137,,MOCK,1
WCH2022-100m-M-PR-H1,WCH,2022,100m,M,PR,1,4,MOCK PR M100m2022-2,0.14,,MOCK,1
WCH2022-100m-M-PR-H1,WCH,2022,100m,M,PR,1,5,MOCK PR M100m2022-3,0.169,,MOCK,1
WCH2022-100m-M-PR-H1,WCH,2022,100m,M,PR,1,6,MOCK PR M100m2022-4,0.144,,MOCK,1
WCH2022-100m-M-PR-H1,WCH,2022,100m,M,PR,1,7,MOCK PR M100m2022-5,0.14,,MOCK,1
WCH2022-100m-M-PR-H1,WCH,2022,100m,M,PR,1,8,MOCK PR M100m2022-6,0.146,,MOCK,1
WCH2022-100m-M-PR-H2,WCH,2022,100m,M,PR,2,2,MOCK PR M100m2022-8,0.119,,MOCK,1
WCH2022-100m-M-PR-H2,WCH,2022,100m,M,PR,2,3,MOCK PR M100m2022-9,0.118,,MOCK,1
WCH2022-100m-M-PR-H2,WCH,2022,100m,M,PR,2,4,MOCK PR M100m2022-10,0.139,,MOCK,1
WCH2022-100m-M-PR-H2,WCH,2022,100m,M,PR,2,5,MOCK PR M100m2022-11,0.178,,MOCK,1
WCH2022-100m-M-PR-H2,WCH,2022,100m,M,PR,2,6,MOCK PR M100m2022-12,0.118,,MOCK,1
WCH2022-100m-M-PR-H2,WCH,2022,100m,M,PR,2,7,MOCK PR M100m2022-13,0.109,,MOCK,1
WCH2022-100m-M-PR-H2,WCH,2022,100m,M,PR,2,8,MOCK PR M100m2022-14,0.145,,MOCK,1
WCH2022-100m-M-PR-H2,WCH,2022,100m,M,PR,2,9,MOCK PR M100m2022-15,0.113,,MOCK,1
WCH2022-100m-M-R1-H1,WCH,2022,100m,M,R1,1,2,MOCK ATHLETE M100m-015,0.137,,MOCK,1
WCH2022-100m-M-R1-H1,WCH,2022,100m,M,R1,1,3,MOCK ATHLETE M100m-020,0.091,DQ TR16.8,MOCK,1
WCH2022-100m-M-R1-H1,WCH,2022,100m,M,R1,1,4,MOCK ATHLETE M100m-046,0.127,,MOCK,1
WCH2022-100m-M-R1-H1,WCH,2022,100m,M,R1,1,5,MOCK ATHLETE M100m-007,0.13,,MOCK,1
WCH2022-100m-M-R1-H1,WCH,2022,100m,M,R1,1,6,MOCK ATHLETE M100m-069,0.125,,MOCK,1
WCH2022-100m-M-R1-H1,WCH,2022,100m,M,R1,1,7,MOCK ATHLETE M100m-053,0.121,,MOCK,1
WCH2022-100m-M-R1-H1,WCH,2022,100m,M,R1,1,8,MOCK ATHLETE M100m-031,0.092,DQ TR16.8,MOCK,1
WCH2022-100m-M-R1-H1,WCH,2022,100m,M,R1,1,9,MOCK ATHLETE M100m-034,0.133,,MOCK,1
WCH2022-100m-M-R1-H2,WCH,2022,100m,M,R1,2,2,MOCK ATHLETE M100m-054,0.114,,MOCK,1
WCH2022-100m-M-R1-H2,WCH,2022,100m,M,R1,2,3,MOCK ATHLETE M100m-024,0.107,,MOCK,1
WCH2022-100m-M-R1-H2,WCH,2022,100m,M,R1,2,4,MOCK ATHLETE M100m-057,0.16,,MOCK,1
WCH2022-100m-M-R1-H2,WCH,2022,100m,M,R1,2,5,MOCK ATHLETE M100m-005,0.107,,MOCK,1
WCH2022-100m-M-R1-H2,WCH,2022,100m,M,R1,2,6,MOCK ATHLETE M100m-056,0.113,,MOCK,1
WCH2022-100m-M-R1-H2,WCH,2022,100m,M,R1,2,7,MOCK ATHLETE M100m-065,0.099,DQ TR16.8,MOCK,1
WCH2022-100m-M-R1-H2,WCH,2022,100m,M,R1,2,8,MOCK ATHLETE M100m-010,0.105,,MOCK,1
WCH2022-100m-M-R1-H3,WCH,2022,100m,M,R1,3,2,MOCK ATHLETE M100m-038,0.106,,MOCK,1
WCH2022-100m-M-R1-H3,WCH,2022,100m,M,R1,3,3,MOCK ATHLETE M100m-060,0.103,,MOCK,1
WCH2022-100m-M-R1-H3,WCH,2022,100m,M,R1,3,4,MOCK ATHLETE M100m-021,0.126,,MOCK,1
WCH2022-100m-M-R1-H3,WCH,2022,100m,M,R1,3,5,MOCK ATHLETE M100m-052,0.109,,MOCK,1
WCH2022-100m-M-R1-H3,WCH,2022,100m,M,R1,3,6,MOCK ATHLETE M100m-042,0.107,,MOCK,1
WCH2022-100m-M-R1-H3,WCH,2022,100m,M,R1,3,7,MOCK ATHLETE M100m-064,0.12,,MOCK,1
WCH2022-100m-M-R1-H3,WCH,2022,100m,M,R1,3,8,MOCK ATHLETE M100m-003,0.092,DQ TR16.8,MOCK,1
WCH2022-100m-M-R1-H3,WCH,2022,100m,M,R1,3,9,MOCK ATHLETE M100m-029,0.113,,MOCK,1
WCH2022-100m-M-R1-H4,WCH,2022,100m,M,R1,4,2,MOCK ATHLETE M100m-055,0.119,,MOCK,1
WCH2022-100m-M-R1-H4,WCH,2022,100m,M,R1,4,3,MOCK ATHLETE M100m-012,0.13,,MOCK,1
WCH2022-100m-M-R1-H4,WCH,2022,100m,M,R1,4,4,MOCK ATHLETE M100m-061,0.121,,MOCK,1
WCH2022-100m-M-R1-H4,WCH,2022,100m,M,R1,4,5,MOCK ATHLETE M100m-033,0.098,DQ TR16.8,MOCK,1
WCH2022-100m-M-R1-H4,WCH,2022,100m,M,R1,4,6,MOCK ATHLETE M100m-001,0.146,,MOCK,1
WCH2022-100m-M-R1-H4,WCH,2022,100m,M,R1,4,7,MOCK ATHLETE M100m-051,0.1,DQ TR16.8,MOCK,1
WCH2022-100m-M-R1-H4,WCH,2022,100m,M,R1,4,8,MOCK ATHLETE M100m-041,0.114,,MOCK,1
WCH2022-100m-M-R1-H4,WCH,2022,100m,M,R1,4,9,MOCK ATHLETE M100m-011,0.118,,MOCK,1
WCH2022-100m-M-R1-H5,WCH,2022,100m,M,R1,5,2,MOCK ATHLETE M100m-035,0.081,DQ TR16.8,MOCK,1
WCH2022-100m-M-R1-H5,WCH,2022,100m,M,R1,5,3,MOCK ATHLETE M100m-022,0.093,DQ TR16.8,MOCK,1
WCH2022-100m-M-R1-H5,WCH,2022,100m,M,R1,5,4,MOCK ATHLETE M100m-032,0.089,DQ TR16.8,MOCK,1
WCH2022-100m-M-R1-H5,WCH,2022,100m,M,R1,5,5,MOCK ATHLETE M100m-044,0.126,,MOCK,1
WCH2022-100m-M-R1-H5,WCH,2022,100m,M,R1,5,6,MOCK ATHLETE M100m-004,0.079,DQ TR16.8,MOCK,1
WCH2022-100m-M-R1-H5,WCH,2022,100m,M,R1,5,7,MOCK ATHLETE M100m-008,0.125,,MOCK,1
WCH2022-100m-M-R1-H5,WCH,2022,100m,M,R1,5,8,MOCK ATHLETE M100m-040,0.116,,MOCK,1
WCH2022-100m-M-R1-H6,WCH,2022,100m,M,R1,6,2,MOCK ATHLETE M100m-017,0.119,,MOCK,1
WCH2022-100m-M-R1-H6,WCH,2022,100m,M,R1,6,3,MOCK ATHLETE M100m-000,0.106,,MOCK,1
WCH2022-100m-M-R1-H6,WCH,2022,100m,M,R1,6,4,MOCK ATHLETE M100m-058,0.137,,MOCK,1
WCH2022-100m-M-R1-H6,WCH,2022,100m,M,R1,6,5,MOCK ATHLETE M100m-002,0.16,,MOCK,1
WCH2022-100m-M-R1-H6,WCH,2022,100m,M,R1,6,6,MOCK ATHLETE M100m-066,0.137,,MOCK,1
WCH2022-100m-M-R1-H6,WCH,2022,100m,M,R1,6,7,MOCK ATHLETE M100m-030,0.099,DQ TR16.8,MOCK,1
WCH2022-100m-M-R1-H6,WCH,2022,100m,M,R1,6,8,MOCK ATHLETE M100m-028,0.134,,MOCK,1
WCH2022-100m-M-SF-H1,WCH,2022,100m,M,SF,1,2,MOCK ATHLETE M100m-055,0.134,,MOCK,1
WCH2022-100m-M-SF-H1,WCH,2022,100m,M,SF,1,3,MOCK ATHLETE M100m-001,0.109,,MOCK,1
WCH2022-100m-M-SF-H1,WCH,2022,100m,M,SF,1,4,MOCK ATHLETE M100m-028,0.132,,MOCK,1
WCH2022-100m-M-SF-H1,WCH,2022,100m,M,SF,1,5,MOCK ATHLETE M100m-044,0.126,,MOCK,1
WCH2022-100m-M-SF-H1,WCH,2022,100m,M,SF,1,6,MOCK ATHLETE M100m-019,0.11,,MOCK,1
WCH2022-100m-M-SF-H1,WCH,2022,100m,M,SF,1,7,MOCK ATHLETE M100m-000,0.14,,MOCK,1
WCH2022-100m-M-SF-H1,WCH,2022,100m,M,SF,1,8,MOCK ATHLETE M100m-003,0.084,DQ TR16.8,MOCK,1
WCH2022-100m-M-SF-H1,WCH,2022,100m,M,SF,1,9,MOCK ATHLETE M100m-058,0.138,,MOCK,1
WCH2022-100m-M-SF-H2,WCH,2022,100m,M,SF,2,2,MOCK ATHLETE M100m-056,0.142,,MOCK,1
WCH2022-100m-M-SF-H2,WCH,2022,100m,M,SF,2,3,MOCK ATHLETE M100m-052,0.147,,MOCK,1
WCH2022-100m-M-SF-H2,WCH,2022,100m,M,SF,2,4,MOCK ATHLETE M100m-068,0.104,,MOCK,1
WCH2022-100m-M-SF-H2,WCH,2022,100m,M,SF,2,5,MOCK ATHLETE M100m-069,0.1,,MOCK,1
WCH2022-100m-M-SF-H2,WCH,2022,100m,M,SF,2,6,MOCK ATHLETE M100m-041,0.115,,MOCK,1
WCH2022-100m-M-SF-H2,WCH,2022,100m,M,SF,2,7,MOCK ATHLETE M100m-065,0.121,,MOCK,1
WCH2022-100m-M-SF-H2,WCH,2022,100m,M,SF,2,8,MOCK ATHLETE M100m-004,0.12,,MOCK,1
WCH2022-100m-M-SF-H2,WCH,2022,100m,M,SF,2,9,MOCK ATHLETE M100m-030,0.103,,MOCK,1
WCH2022-100m-M-SF-H3,WCH,2022,100m,M,SF,3,2,MOCK ATHLETE M100m-015,0.114,,MOCK,1
WCH2022-100m-M-SF-H3,WCH,2022,100m,M,SF,3,3,MOCK ATHLETE M100m-042,0.102,,MOCK,1
WCH2022-100m-M-SF-H3,WCH,2022,100m,M,SF,3,4,MOCK ATHLETE M100m-033,0.103,,MOCK,1
WCH2022-100m-M-SF-H3,WCH,2022,100m,M,SF,3,5,MOCK ATHLETE M100m-064,0.12,,MOCK,1
WCH2022-100m-M-SF-H3,WCH,2022,100m,M,SF,3,6,MOCK ATHLETE M100m-038,0.121,,MOCK,1
WCH2022-100m-M-SF-H3,WCH,2022,100m,M,SF,3,7,MOCK ATHLETE M100m-022,0.141,,MOCK,1
WCH2022-100m-M-SF-H3,WCH,2022,100m,M,SF,3,8,MOCK ATHLETE M100m-010,0.156,,MOCK,1
WCH2022-100m-M-SF-H3,WCH,2022,100m,M,SF,3,9,MOCK ATHLETE M100m-002,0.105,,MOCK,1
WCH2022-100m-M-F-H1,WCH,2022,100m,M,F,1,2,MOCK ATHLETE M100m-001,0.114,,MOCK,1
WCH2022-100m-M-F-H1,WCH,2022,100m,M,F,1,3,MOCK ATHLETE M100m-004,0.114,,MOCK,1
WCH2022-100m-M-F-H1,WCH,2022,100m,M,F,1,4,MOCK ATHLETE M100m-028,0.117,,MOCK,1
WCH2022-100m-M-F-H1,WCH,2022,100m,M,F,1,5,MOCK ATHLETE M100m-058,0.127,,MOCK,1
WCH2022-100m-M-F-H1,WCH,2022,100m,M,F,1,6,MOCK ATHLETE M100m-033,0.145,,MOCK,1
WCH2022-100m-M-F-H1,WCH,2022,100m,M,F,1,7,MOCK ATHLETE M100m-064,0.093,DQ TR16.8,MOCK,1
WCH2022-100m-M-F-H1,WCH,2022,100m,M,F,1,8,MOCK ATHLETE M100m-055,0.113,,MOCK,1
WCH2022-100m-M-F-H1,WCH,2022,100m,M,F,1,9,MOCK ATHLETE M100m-068,0.124,,MOCK,1
WCH2022-200m-M-R1-H1,WCH,2022,200m,M,R1,1,2,MOCK ATHLETE M200m-064,0.145,,MOCK,1
WCH2022-200m-M-R1-H1,WCH,2022,200m,M,R1,1,3,MOCK ATHLETE M200m-065,0.134,,MOCK,1
WCH2022-200m-M-R1-H1,WCH,2022,200m,M,R1,1,4,MOCK ATHLETE M200m-006,0.149,,MOCK,1
WCH2022-200m-M-R1-H1,WCH,2022,200m,M,R1,1,5,MOCK ATHLETE M200m-055,0.138,,MOCK,1
WCH2022-200m-M-R1-H1,WCH,2022,200m,M,R1,1,6,MOCK ATHLETE M200m-007,0.131,,MOCK,1
WCH2022-200m-M-R1-H1,WCH,2022,200m,M,R1,1,7,MOCK ATHLETE M200m-009,0.154,,MOCK,1
WCH2022-200m-M-R1-H1,WCH,2022,200m,M,R1,1,8,MOCK ATHLETE M200m-030,0.119,,MOCK,1
WCH2022-200m-M-R1-H1,WCH,2022,200m,M,R1,1,9,MOCK ATHLETE M200m-069,0.116,,MOCK,1
WCH2022-200m-M-R1-H2,WCH,2022,200m,M,R1,2,2,MOCK ATHLETE M200m-015,0.129,,MOCK,1
WCH2022-200m-M-R1-H2,WCH,2022,200m,M,R1,2,3,MOCK ATHLETE M200m-044,0.109,,MOCK,1
WCH2022-200m-M-R1-H2,WCH,2022,200m,M,R1,2,4,MOCK ATHLETE M200m-063,0.119,,MOCK,1
WCH2022-200m-M-R1-H2,WCH,2022,200m,M,R1,2,5,MOCK ATHLETE M200m-054,0.089,DQ TR16.8,MOCK,1
WCH2022-200m-M-R1-H2,WCH,2022,200m,M,R1,2,6,MOCK ATHLETE M200m-040,0.15,,MOCK,1
WCH2022-200m-M-R1-H2,WCH,2022,200m,M,R1,2,7,MOCK ATHLETE M200m-058,0.096,DQ TR16.8,MOCK,1
WCH2022-200m-M-R1-H2,WCH,2022,200m,M,R1,2,8,MOCK ATHLETE M200m-001,0.108,,MOCK,1
WCH2022-200m-M-R1-H2,WCH,2022,200m,M,R1,2,9,MOCK ATHLETE M200m-010,0.113,,MOCK,1
WCH2022-200m-M-R1-H3,WCH,2022,200m,M,R1,3,2,MOCK ATHLETE M200m-026,0.108,,MOCK,1
WCH2022-200m-M-R1-H3,WCH,2022,200m,M,R1,3,3,MOCK ATHLETE M200m-053,0.098,DQ TR16.8,MOCK,1
WCH2022-200m-M-R1-H3,WCH,2022,200m,M,R1,3,4,MOCK ATHLETE M200m-025,0.108,,MOCK,1
WCH2022-200m-M-R1-H3,WCH,2022,200m,M,R1,3,5,MOCK ATHLETE M200m-062,0.107,,MOCK,1
WCH2022-200m-M-R1-H3,WCH,2022,200m,M,R1,3,6,MOCK ATHLETE M200m-050,0.126,,MOCK,1
WCH2022-200m-M-R1-H3,WCH,2022,200m,M,R1,3,7,MOCK ATHLETE M200m-032,0.128,,MOCK,1
WCH2022-200m-M-R1-H3,WCH,2022,200m,M,R1,3,8,MOCK ATHLETE M200m-066,0.13,,MOCK,1
WCH2022-200m-M-R1-H3,WCH,2022,200m,M,R1,3,9,MOCK ATHLETE M200m-048,0.137,,MOCK,1
WCH2022-200m-M-R1-H4,WCH,2022,200m,M,R1,4,2,MOCK ATHLETE M200m-023,0.145,,MOCK,1
WCH2022-200m-M-R1-H4,WCH,2022,200m,M,R1,4,3,MOCK ATHLETE M200m-047,0.125,,MOCK,1
WCH2022-200m-M-R1-H4,WCH,2022,200m,M,R1,4,4,MOCK ATHLETE M200m-020,0.153,,MOCK,1
WCH2022-200m-M-R1-H4,WCH,2022,200m,M,R1,4,5,MOCK ATHLETE M200m-003,0.116,,MOCK,1
WCH2022-200m-M-R1-H4,WCH,2022,200m,M,R1,4,6,MOCK ATHLETE M200m-038,0.128,,MOCK,1
WCH2022-200m-M-R1-H4,WCH,2022,200m,M,R1,4,7,MOCK ATHLETE M200m-005,0.126,,MOCK,1
WCH2022-200m-M-R1-H4,WCH,2022,200m,M,R1,4,8,MOCK ATHLETE M200m-013,0.122,,MOCK,1
WCH2022-200m-M-R1-H4,WCH,2022,200m,M,R1,4,9,MOCK ATHLETE M200m-051,0.106,,MOCK,1
WCH2022-200m-M-R1-H5,WCH,2022,200m,M,R1,5,2,MOCK ATHLETE M200m-041,0.111,,MOCK,1
WCH2022-200m-M-R1-H5,WCH,2022,200m,M,R1,5,3,MOCK ATHLETE M200m-061,0.142,,MOCK,1
WCH2022-200m-M-R1-H5,WCH,2022,200m,M,R1,5,4,MOCK ATHLETE M200m-012,0.134,,MOCK,1
WCH2022-200m-M-R1-H5,WCH,2022,200m,M,R1,5,5,MOCK ATHLETE M200m-039,0.105,,MOCK,1
WCH2022-200m-M-R1-H5,WCH,2022,200m,M,R1,5,6,MOCK ATHLETE M200m-043,0.115,,MOCK,1
WCH2022-200m-M-R1-H5,WCH,2022,200m,M,R1,5,7,MOCK ATHLETE M200m-011,0.126,,MOCK,1
WCH2022-200m-M-R1-H5,WCH,2022,200m,M,R1,5,8,MOCK ATHLETE M200m-049,0.159,,MOCK,1
WCH2022-200m-M-R1-H6,WCH,2022,200m,M,R1,6,2,MOCK ATHLETE M200m-068,0.122,,MOCK,1
WCH2022-200m-M-R1-H6,WCH,2022,200m,M,R1,6,3,MOCK ATHLETE M200m-018,0.13,,MOCK,1
WCH2022-200m-M-R1-H6,WCH,2022,200m,M,R1,6,4,MOCK ATHLETE M200m-037,0.142,,MOCK,1
WCH2022-200m-M-R1-H6,WCH,2022,200m,M,R1,6,5,MOCK ATHLETE M200m-046,0.114,,MOCK,1
WCH2022-200m-M-R1-H6,WCH,2022,200m,M,R1,6,6,MOCK ATHLETE M200m-060,0.118,,MOCK,1
WCH2022-200m-M-R1-H6,WCH,2022,200m,M,R1,6,7,MOCK ATHLETE M200m-042,0.107,,MOCK,1
WCH2022-200m-M-R1-H6,WCH,2022,200m,M,R1,6,8,MOCK ATHLETE M200m-045,0.111,,MOCK,1
WCH2022-200m-M-R1-H6,WCH,2022,200m,M,R1,6,9,MOCK ATHLETE M200m-024,0.128,,MOCK,1
WCH2022-200m-M-SF-H1,WCH,2022,200m,M,SF,1,2,MOCK ATHLETE M200m-047,0.109,,MOCK,1
WCH2022-200m-M-SF-H1,WCH,2022,200m,M,SF,1,3,MOCK ATHLETE M200m-005,0.124,,MOCK,1
WCH2022-200m-M-SF-H1,WCH,2022,200m,M,SF,1,4,MOCK ATHLETE M200m-018,0.108,,MOCK,1
WCH2022-200m-M-SF-H1,WCH,2022,200m,M,SF,1,5,MOCK ATHLETE M200m-055,0.113,,MOCK,1
WCH2022-200m-M-SF-H1,WCH,2022,200m,M,SF,1,6,MOCK ATHLETE M200m-046,0.145,,MOCK,1
WCH2022-200m-M-SF-H1,WCH,2022,200m,M,SF,1,7,MOCK ATHLETE M200m-042,0.121,,MOCK,1
WCH2022-200m-M-SF-H1,WCH,2022,200m,M,SF,1,8,MOCK ATHLETE M200m-066,0.107,,MOCK,1
WCH2022-200m-M-SF-H1,WCH,2022,200m,M,SF,1,9,MOCK ATHLETE M200m-043,0.112,,MOCK,1
WCH2022-200m-M-SF-H2,WCH,2022,200m,M,SF,2,2,MOCK ATHLETE M200m-068,0.123,,MOCK,1
WCH2022-200m-M-SF-H2,WCH,2022,200m,M,SF,2,3,MOCK ATHLETE M200m-044,0.12,,MOCK,1
WCH2022-200m-M-SF-H2,WCH,2022,200m,M,SF,2,4,MOCK ATHLETE M200m-026,0.094,DQ TR16.8,MOCK,1
WCH2022-200m-M-SF-H2,WCH,2022,200m,M,SF,2,5,MOCK ATHLETE M200m-048,0.128,,MOCK,1
WCH2022-200m-M-SF-H2,WCH,2022,200m,M,SF,2,6,MOCK ATHLETE M200m-029,0.093,DQ TR16.8,MOCK,1
WCH2022-200m-M-SF-H2,WCH,2022,200m,M,SF,2,7,MOCK ATHLETE M200m-053,0.117,,MOCK,1
WCH2022-200m-M-SF-H2,WCH,2022,200m,M,SF,2,8,MOCK ATHLETE M200m-024,0.111,,MOCK,1
WCH2022-200m-M-SF-H2,WCH,2022,200m,M,SF,2,9,MOCK ATHLETE M200m-015,0.096,DQ TR16.8,MOCK,1
WCH2022-200m-M-SF-H3,WCH,2022,200m,M,SF,3,2,MOCK ATHLETE M200m-006,0.095,DQ TR16.8,MOCK,1
WCH2022-200m-M-SF-H3,WCH,2022,200m,M,SF,3,3,MOCK ATHLETE M200m-054,0.104,,MOCK,1
WCH2022-200m-M-SF-H3,WCH,2022,200m,M,SF,3,4,MOCK ATHLETE M200m-061,0.134,,MOCK,1
WCH2022-200m-M-SF-H3,WCH,2022,200m,M,SF,3,5,MOCK ATHLETE M200m-051,0.1,,MOCK,1
WCH2022-200m-M-SF-H3,WCH,2022,200m,M,SF,3,6,MOCK ATHLETE M200m-037,0.119,,MOCK,1
WCH2022-200m-M-SF-H3,WCH,2022,200m,M,SF,3,7,MOCK ATHLETE M200m-058,0.096,DQ TR16.8,MOCK,1
WCH2022-200m-M-SF-H3,WCH,2022,200m,M,SF,3,8,MOCK ATHLETE M200m-041,0.128,,MOCK,1
WCH2022-200m-M-SF-H3,WCH,2022,200m,M,SF,3,9,MOCK ATHLETE M200m-060,0.099,DQ TR16.8,MOCK,1
WCH2022-200m-M-F-H1,WCH,2022,200m,M,F,1,2,MOCK ATHLETE M200m-006,0.104,,MOCK,1
WCH2022-200m-M-F-H1,WCH,2022,200m,M,F,1,3,MOCK ATHLETE M200m-041,0.135,,MOCK,1
WCH2022-200m-M-F-H1,WCH,2022,200m,M,F,1,4,MOCK ATHLETE M200m-037,0.176,,MOCK,1
WCH2022-200m-M-F-H1,WCH,2022,200m,M,F,1,5,MOCK ATHLETE M200m-029,0.115,,MOCK,1
WCH2022-200m-M-F-H1,WCH,2022,200m,M,F,1,6,MOCK ATHLETE M200m-053,0.103,,MOCK,1
WCH2022-200m-M-F-H1,WCH,2022,200m,M,F,1,7,MOCK ATHLETE M200m-051,0.106,,MOCK,1
WCH2022-200m-M-F-H1,WCH,2022,200m,M,F,1,8,MOCK ATHLETE M200m-054,0.115,,MOCK,1
WCH2022-200m-M-F-H1,WCH,2022,200m,M,F,1,9,MOCK ATHLETE M200m-061,0.12,,MOCK,1
WCH2022-110mH-M-R1-H1,WCH,2022,110mH,M,R1,1,2,MOCK ATHLETE M110mH-010,0.118,,MOCK,1
WCH2022-110mH-M-R1-H1,WCH,2022,110mH,M,R1,1,3,MOCK ATHLETE M110mH-056,0.131,,MOCK,1
WCH2022-110mH-M-R1-H1,WCH,2022,110mH,M,R1,1,4,MOCK ATHLETE M110mH-057,0.125,,MOCK,1
WCH2022-110mH-M-R1-H1,WCH,2022,110mH,M,R1,1,5,MOCK ATHLETE M110mH-068,0.126,,MOCK,1
WCH2022-110mH-M-R1-H1,WCH,2022,110mH,M,R1,1,6,MOCK ATHLETE M110mH-012,0.112,,MOCK,1
WCH2022-110mH-M-R1-H1,WCH,2022,110mH,M,R1,1,7,MOCK ATHLETE M110mH-044,0.11,,MOCK,1
WCH2022-110mH-M-R1-H1,WCH,2022,110mH,M,R1,1,8,MOCK ATHLETE M110mH-023,0.114,,MOCK,1
WCH2022-110mH-M-R1-H1,WCH,2022,110mH,M,R1,1,9,MOCK ATHLETE M110mH-054,0.125,,MOCK,1
WCH2022-110mH-M-R1-H2,WCH,2022,110mH,M,R1,2,2,MOCK ATHLETE M110mH-030,0.123,,MOCK,1
WCH2022-110mH-M-R1-H2,WCH,2022,110mH,M,R1,2,3,MOCK ATHLETE M110mH-017,0.134,,MOCK,1
WCH2022-110mH-M-R1-H2,WCH,2022,110mH,M,R1,2,4,MOCK ATHLETE M110mH-014,0.13,,MOCK,1
WCH2022-110mH-M-R1-H2,WCH,2022,110mH,M,R1,2,5,MOCK ATHLETE M110mH-034,0.116,,MOCK,1
WCH2022-110mH-M-R1-H2,WCH,2022,110mH,M,R1,2,6,MOCK ATHLETE M110mH-002,0.158,,MOCK,1
WCH2022-110mH-M-R1-H2,WCH,2022,110mH,M,R1,2,7,MOCK ATHLETE M110mH-032,0.132,,MOCK,1
WCH2022-110mH-M-R1-H2,WCH,2022,110mH,M,R1,2,8,MOCK ATHLETE M110mH-041,0.125,,MOCK,1
WCH2022-110mH-M-R1-H2,WCH,2022,110mH,M,R1,2,9,MOCK ATHLETE M110mH-061,0.138,,MOCK,1
WCH2022-110mH-M-R1-H3,WCH,2022,110mH,M,R1,3,2,MOCK ATHLETE M110mH-060,0.126,,MOCK,1
WCH2022-110mH-M-R1-H3,WCH,2022,110mH,M,R1,3,3,MOCK ATHLETE M110mH-039,0.131,,MOCK,1
WCH2022-110mH-M-R1-H3,WCH,2022,110mH,M,R1,3,4,MOCK ATHLETE M110mH-067,0.108,,MOCK,1
WCH2022-110mH-M-R1-H3,WCH,2022,110mH,M,R1,3,5,MOCK ATHLETE M110mH-006,0.15,,MOCK,1
WCH2022-110mH-M-R1-H3,WCH,2022,110mH,M,R1,3,6,MOCK ATHLETE M110mH-037,0.163,,MOCK,1
WCH2022-110mH-M-R1-H3,WCH,2022,110mH,M,R1,3,7,MOCK ATHLETE M110mH-065,0.157,,MOCK,1
WCH2022-110mH-M-R1-H3,WCH,2022,110mH,M,R1,3,8,MOCK ATHLETE M110mH-040,0.101,,MOCK,1
WCH2022-110mH-M-R1-H3,WCH,2022,110mH,M,R1,3,9,MOCK ATHLETE M110mH-064,0.138,,MOCK,1
WCH2022-110mH-M-R1-H4,WCH,2022,110mH,M,R1,4,2,MOCK ATHLETE M110mH-015,0.129,,MOCK,1
WCH2022-110mH-M-R1-H4,WCH,2022,110mH,M,R1,4,3,MOCK ATHLETE M110mH-029,0.123,,MOCK,1
WCH2022-110mH-M-R1-H4,WCH,2022,110mH,M,R1,4,4,MOCK ATHLETE M110mH-008,0.124,,MOCK,1
WCH2022-110mH-M-R1-H4,WCH,2022,110mH,M,R1,4,5,MOCK ATHLETE M110mH-004,0.116,,MOCK,1
WCH2022-110mH-M-R1-H4,WCH,2022,110mH,M,R1,4,6,MOCK ATHLETE M110mH-036,0.149,,MOCK,1
WCH2022-110mH-M-R1-H4,WCH,2022,110mH,M,R1,4,7,MOCK ATHLETE M110mH-011,0.117,,MOCK,1
WCH2022-110mH-M-R1-H4,WCH,2022,110mH,M,R1,4,8,MOCK ATHLETE M110mH-051,0.185,,MOCK,1
WCH2022-110mH-M-R1-H5,WCH,2022,110mH,M,R1,5,2,MOCK ATHLETE M110mH-055,0.136,,MOCK,1
WCH2022-110mH-M-R1-H5,WCH,2022,110mH,M,R1,5,3,MOCK ATHLETE M110mH-018,0.16,,MOCK,1
WCH2022-110mH-M-R1-H5,WCH,2022,110mH,M,R1,5,4,MOCK ATHLETE M110mH-046,0.124,,MOCK,1
WCH2022-110mH-M-R1-H5,WCH,2022,110mH,M,R1,5,5,MOCK ATHLETE M110mH-031,0.118,,MOCK,1
WCH2022-110mH-M-R1-H5,WCH,2022,110mH,M,R1,5,6,MOCK ATHLETE M110mH-035,0.122,,MOCK,1
WCH2022-110mH-M-R1-H5,WCH,2022,110mH,M,R1,5,7,MOCK ATHLETE M110mH-058,0.127,,MOCK,1
WCH2022-110mH-M-R1-H5,WCH,2022,110mH,M,R1,5,8,MOCK ATHLETE M110mH-003,0.107,,MOCK,1
WCH2022-110mH-M-R1-H5,WCH,2022,110mH,M,R1,5,9,MOCK ATHLETE M110mH-062,0.136,,MOCK,1
WCH2022-110mH-M-R1-H6,WCH,2022,110mH,M,R1,6,2,MOCK ATHLETE M110mH-043,0.122,,MOCK,1
WCH2022-110mH-M-R1-H6,WCH,2022,110mH,M,R1,6,3,MOCK ATHLETE M110mH-048,0.15,,MOCK,1
WCH2022-110mH-M-R1-H6,WCH,2022,110mH,M,R1,6,4,MOCK ATHLETE M110mH-019,0.133,,MOCK,1
WCH2022-110mH-M-R1-H6,WCH,2022,110mH,M,R1,6,5,MOCK ATHLETE M110mH-050,0.096,DQ TR16.8,MOCK,1
WCH2022-110mH-M-R1-H6,WCH,2022,110mH,M,R1,6,6,MOCK ATHLETE M110mH-025,0.103,,MOCK,1
WCH2022-110mH-M-R1-H6,WCH,2022,110mH,M,R1,6,7,MOCK ATHLETE M110mH-042,0.11,,MOCK,1
WCH2022-110mH-M-R1-H6,WCH,2022,110mH,M,R1,6,8,MOCK ATHLETE M110mH-053,0.126,,MOCK,1
WCH2022-110mH-M-SF-H1,WCH,2022,110mH,M,SF,1,2,MOCK ATHLETE M110mH-015,0.123,,MOCK,1
WCH2022-110mH-M-SF-H1,WCH,2022,110mH,M,SF,1,3,MOCK ATHLETE M110mH-048,0.13,,MOCK,1
WCH2022-110mH-M-SF-H1,WCH,2022,110mH,M,SF,1,4,MOCK ATHLETE M110mH-040,0.127,,MOCK,1
WCH2022-110mH-M-SF-H1,WCH,2022,110mH,M,SF,1,5,MOCK ATHLETE M110mH-010,0.117,,MOCK,1
WCH2022-110mH-M-SF-H1,WCH,2022,110mH,M,SF,1,6,MOCK ATHLETE M110mH-058,0.106,,MOCK,1
WCH2022-110mH-M-SF-H1,WCH,2022,110mH,M,SF,1,7,MOCK ATHLETE M110mH-055,0.123,,MOCK,1
WCH2022-110mH-M-SF-H1,WCH,2022,110mH,M,SF,1,8,MOCK ATHLETE M110mH-025,0.109,,MOCK,1
WCH2022-110mH-M-SF-H1,WCH,2022,110mH,M,SF,1,9,MOCK ATHLETE M110mH-003,0.14,,MOCK,1
WCH2022-110mH-M-SF-H2,WCH,2022,110mH,M,SF,2,2,MOCK ATHLETE M110mH-057,0.123,,MOCK,1
WCH2022-110mH-M-SF-H2,WCH,2022,110mH,M,SF,2,3,MOCK ATHLETE M110mH-023,0.106,,MOCK,1
WCH2022-110mH-M-SF-H2,WCH,2022,110mH,M,SF,2,4,MOCK ATHLETE M110mH-065,0.147,,MOCK,1
WCH2022-110mH-M-SF-H2,WCH,2022,110mH,M,SF,2,5,MOCK ATHLETE M110mH-051,0.131,,MOCK,1
WCH2022-110mH-M-SF-H2,WCH,2022,110mH,M,SF,2,6,MOCK ATHLETE M110mH-018,0.14,,MOCK,1
WCH2022-110mH-M-SF-H2,WCH,2022,110mH,M,SF,2,7,MOCK ATHLETE M110mH-064,0.151,,MOCK,1
WCH2022-110mH-M-SF-H2,WCH,2022,110mH,M,SF,2,8,MOCK ATHLETE M110mH-041,0.121,,MOCK,1
WCH2022-110mH-M-SF-H2,WCH,2022,110mH,M,SF,2,9,MOCK ATHLETE M110mH-056,0.108,,MOCK,1
WCH2022-110mH-M-SF-H3,WCH,2022,110mH,M,SF,3,2,MOCK ATHLETE M110mH-053,0.127,,MOCK,1
WCH2022-110mH-M-SF-H3,WCH,2022,110mH,M,SF,3,3,MOCK ATHLETE M110mH-011,0.104,,MOCK,1
WCH2022-110mH-M-SF-H3,WCH,2022,110mH,M,SF,3,4,MOCK ATHLETE M110mH-017,0.112,,MOCK,1
WCH2022-110mH-M-SF-H3,WCH,2022,110mH,M,SF,3,5,MOCK ATHLETE M110mH-060,0.129,,MOCK,1
WCH2022-110mH-M-SF-H3,WCH,2022,110mH,M,SF,3,6,MOCK ATHLETE M110mH-002,0.117,,MOCK,1
WCH2022-110mH-M-SF-H3,WCH,2022,110mH,M,SF,3,7,MOCK ATHLETE M110mH-035,0.13,,MOCK,1
WCH2022-110mH-M-SF-H3,WCH,2022,110mH,M,SF,3,8,MOCK ATHLETE M110mH-054,0.133,,MOCK,1
WCH2022-110mH-M-SF-H3,WCH,2022,110mH,M,SF,3,9,MOCK ATHLETE M110mH-050,0.124,,MOCK,1
WCH2022-110mH-M-F-H1,WCH,2022,110mH,M,F,1,2,MOCK ATHLETE M110mH-002,0.122,,MOCK,1
WCH2022-110mH-M-F-H1,WCH,2022,110mH,M,F,1,3,MOCK ATHLETE M110mH-065,0.137,,MOCK,1
WCH2022-110mH-M-F-H1,WCH,2022,110mH,M,F,1,4,MOCK ATHLETE M110mH-018,0.136,,MOCK,1
WCH2022-110mH-M-F-H1,WCH,2022,110mH,M,F,1,5,MOCK ATHLETE M110mH-053,0.121,,MOCK,1
WCH2022-110mH-M-F-H1,WCH,2022,110mH,M,F,1,6,MOCK ATHLETE M110mH-057,0.144,,MOCK,1
WCH2022-110mH-M-F-H1,WCH,2022,110mH,M,F,1,7,MOCK ATHLETE M110mH-010,0.118,,MOCK,1
WCH2022-110mH-M-F-H1,WCH,2022,110mH,M,F,1,8,MOCK ATHLETE M110mH-051,0.116,,MOCK,1
WCH2022-110mH-M-F-H1,WCH,2022,110mH,M,F,1,9,MOCK ATHLETE M110mH-060,0.105,,MOCK,1
WCH2022-100m-W-PR-H1,WCH,2022,100m,W,PR,1,2,MOCK PR W100m2022-0,0.123,,MOCK,1
WCH2022-100m-W-PR-H1,WCH,2022,100m,W,PR,1,3,MOCK PR W100m2022-1,0.119,,MOCK,1
WCH2022-100m-W-PR-H1,WCH,2022,100m,W,PR,1,4,MOCK PR W100m2022-2,0.135,,MOCK,1
WCH2022-100m-W-PR-H1,WCH,2022,100m,W,PR,1,5,MOCK PR W100m2022-3,0.144,,MOCK,1
WCH2022-100m-W-PR-H1,WCH,2022,100m,W,PR,1,6,MOCK PR W100m2022-4,0.129,,MOCK,1
WCH2022-100m-W-PR-H1,WCH,2022,100m,W,PR,1,7,MOCK PR W100m2022-5,0.136,,MOCK,1
WCH2022-100m-W-PR-H1,WCH,2022,100m,W,PR,1,8,MOCK PR W100m2022-6,0.143,,MOCK,1
WCH2022-100m-W-PR-H1,WCH,2022,100m,W,PR,1,9,MOCK PR W100m2022-7,0.122,,MOCK,1
WCH2022-100m-W-PR-H2,WCH,2022,100m,W,PR,2,2,MOCK PR W100m2022-8,0.128,,MOCK,1
WCH2022-100m-W-PR-H2,WCH,2022,100m,W,PR,2,3,MOCK PR W100m2022-9,0.126,,MOCK,1
WCH2022-100m-W-PR-H2,WCH,2022,100m,W,PR,2,4,MOCK PR W100m2022-10,0.134,,MOCK,1
WCH2022-100m-W-PR-H2,WCH,2022,100m,W,PR,2,5,MOCK PR W100m2022-11,0.132,,MOCK,1
WCH2022-100m-W-PR-H2,WCH,2022,100m,W,PR,2,6,MOCK PR W100m2022-12,0.13,,MOCK,1
WCH2022-100m-W-PR-H2,WCH,2022,100m,W,PR,2,7,MOCK PR W100m2022-13,0.157,,MOCK,1
WCH2022-100m-W-PR-H2,WCH,2022,100m,W,PR,2,8,MOCK PR W100m2022-14,0.122,,MOCK,1
WCH2022-100m-W-PR-H2,WCH,2022,100m,W,PR,2,9,MOCK PR W100m2022-15,0.183,,MOCK,1
WCH2022-100m-W-R1-H1,WCH,2022,100m,W,R1,1,2,MOCK ATHLETE W100m-031,0.163,,MOCK,1
WCH2022-100m-W-R1-H1,WCH,2022,100m,W,R1,1,3,MOCK ATHLETE W100m-034,0.129,,MOCK,1
WCH2022-100m-W-R1-H1,WCH,2022,100m,W,R1,1,4,MOCK ATHLETE W100m-053,0.139,,MOCK,1
WCH2022-100m-W-R1-H1,WCH,2022,100m,W,R1,1,5,MOCK ATHLETE W100m-024,0.154,,MOCK,1
WCH2022-100m-W-R1-H1,WCH,2022,100m,W,R1,1,6,MOCK ATHLETE W100m-047,0.138,,MOCK,1
WCH2022-100m-W-R1-H1,WCH,2022,100m,W,R1,1,7,MOCK ATHLETE W100m-004,0.135,,MOCK,1
WCH2022-100m-W-R1-H1,WCH,2022,100m,W,R1,1,8,MOCK ATHLETE W100m-049,0.127,,MOCK,1
WCH2022-100m-W-R1-H1,WCH,2022,100m,W,R1,1,9,MOCK ATHLETE W100m-028,0.147,,MOCK,1
WCH2022-100m-W-R1-H2,WCH,2022,100m,W,R1,2,2,MOCK ATHLETE W100m-021,0.126,,MOCK,1
WCH2022-100m-W-R1-H2,WCH,2022,100m,W,R1,2,3,MOCK ATHLETE W100m-058,0.125,,MOCK,1
WCH2022-100m-W-R1-H2,WCH,2022,100m,W,R1,2,4,MOCK ATHLETE W100m-010,0.137,,MOCK,1
WCH2022-100m-W-R1-H2,WCH,2022,100m,W,R1,2,5,MOCK ATHLETE W100m-009,0.105,,MOCK,1
WCH2022-100m-W-R1-H2,WCH,2022,100m,W,R1,2,6,MOCK ATHLETE W100m-043,0.118,,MOCK,1
WCH2022-100m-W-R1-H2,WCH,2022,100m,W,R1,2,7,MOCK ATHLETE W100m-045,0.126,,MOCK,1
WCH2022-100m-W-R1-H2,WCH,2022,100m,W,R1,2,8,MOCK ATHLETE W100m-027,0.118,,MOCK,1
WCH2022-100m-W-R1-H3,WCH,2022,100m,W,R1,3,2,MOCK ATHLETE W100m-042,0.138,,MOCK,1
WCH2022-100m-W-R1-H3,WCH,2022,100m,W,R1,3,3,MOCK ATHLETE W100m-035,0.143,,MOCK,1
WCH2022-100m-W-R1-H3,WCH,2022,100m,W,R1,3,4,MOCK ATHLETE W100m-026,0.129,,MOCK,1
WCH2022-100m-W-R1-H3,WCH,2022,100m,W,R1,3,5,MOCK ATHLETE W100m-000,0.125,,MOCK,1
WCH2022-100m-W-R1-H3,WCH,2022,100m,W,R1,3,6,MOCK ATHLETE W100m-032,0.137,,MOCK,1
WCH2022-100m-W-R1-H3,WCH,2022,100m,W,R1,3,7,MOCK ATHLETE W100m-062,0.131,,MOCK,1
WCH2022-100m-W-R1-H3,WCH,2022,100m,W,R1,3,8,MOCK ATHLETE W100m-044,0.12,,MOCK,1
WCH2022-100m-W-R1-H3,WCH,2022,100m,W,R1,3,9,MOCK ATHLETE W100m-036,0.118,,MOCK,1
WCH2022-100m-W-R1-H4,WCH,2022,100m,W,R1,4,2,MOCK ATHLETE W100m-029,0.099,DQ TR16.8,MOCK,1
WCH2022-100m-W-R1-H4,WCH,2022,100m,W,R1,4,3,MOCK ATHLETE W100m-063,0.131,,MOCK,1
WCH2022-100m-W-R1-H4,WCH,2022,100m,W,R1,4,4,MOCK ATHLETE W100m-017,0.129,,MOCK,1
WCH2022-100m-W-R1-H4,WCH,2022,100m,W,R1,4,5,MOCK ATHLETE W100m-014,0.145,,MOCK,1
WCH2022-100m-W-R1-H4,WCH,2022,100m,W,R1,4,6,MOCK ATHLETE W100m-050,0.097,DQ TR16.8,MOCK,1
WCH2022-100m-W-R1-H4,WCH,2022,100m,W,R1,4,7,MOCK ATHLETE W100m-041,0.118,,MOCK,1
WCH2022-100m-W-R1-H4,WCH,2022,100m,W,R1,4,8,MOCK ATHLETE W100m-051,0.127,,MOCK,1
WCH2022-100m-W-R1-H4,WCH,2022,100m,W,R1,4,9,MOCK ATHLETE W100m-064,0.118,,MOCK,1
WCH2022-100m-W-R1-H5,WCH,2022,100m,W,R1,5,2,MOCK ATHLETE W100m-002,0.115,,MOCK,1
WCH2022-100m-W-R1-H5,WCH,2022,100m,W,R1,5,3,MOCK ATHLETE W100m-013,0.148,,MOCK,1
WCH2022-100m-W-R1-H5,WCH,2022,100m,W,R1,5,4,MOCK ATHLETE W100m-037,0.092,DQ TR16.8,MOCK,1
WCH2022-100m-W-R1-H5,WCH,2022,100m,W,R1,5,5,MOCK ATHLETE W100m-018,0.099,DQ TR16.8,MOCK,1
WCH2022-100m-W-R1-H5,WCH,2022,100m,W,R1,5,6,MOCK ATHLETE W100m-007,0.092,DQ TR16.8,MOCK,1
WCH2022-100m-W-R1-H5,WCH,2022,100m,W,R1,5,7,MOCK ATHLETE W100m-008,0.105,,MOCK,1
WCH2022-100m-W-R1-H5,WCH,2022,100m,W,R1,5,8,MOCK ATHLETE W100m-011,0.122,,MOCK,1
WCH2022-100m-W-R1-H6,WCH,2022,100m,W,R1,6,2,MOCK ATHLETE W100m-023,0.141,,MOCK,1
WCH2022-100m-W-R1-H6,WCH,2022,100m,W,R1,6,3,MOCK ATHLETE W100m-048,0.141,,MOCK,1
WCH2022-100m-W-R1-H6,WCH,2022,100m,W,R1,6,4,MOCK ATHLETE W100m-059,0.136,,MOCK,1
WCH2022-100m-W-R1-H6,WCH,2022,100m,W,R1,6,5,MOCK ATHLETE W100m-006,0.144,,MOCK,1
WCH2022-100m-W-R1-H6,WCH,2022,100m,W,R1,6,6,MOCK ATHLETE W100m-054,0.122,,MOCK,1
WCH2022-100m-W-R1-H6,WCH,2022,100m,W,R1,6,7,MOCK ATHLETE W100m-057,0.14,,MOCK,1
WCH2022-100m-W-R1-H6,WCH,2022,100m,W,R1,6,8,MOCK ATHLETE W100m-067,0.124,,MOCK,1
WCH2022-100m-W-R1-H6,WCH,2022,100m,W,R1,6,9,MOCK ATHLETE W100m-046,0.168,,MOCK,1
WCH2022-100m-W-SF-H1,WCH,2022,100m,W,SF,1,2,MOCK ATHLETE W100m-031,0.113,,MOCK,1
WCH2022-100m-W-SF-H1,WCH,2022,100m,W,SF,1,3,MOCK ATHLETE W100m-017,0.112,,MOCK,1
WCH2022-100m-W-SF-H1,WCH,2022,100m,W,SF,1,4,MOCK ATHLETE W100m-036,0.138,,MOCK,1
WCH2022-100m-W-SF-H1,WCH,2022,100m,W,SF,1,5,MOCK ATHLETE W100m-059,0.124,,MOCK,1
WCH2022-100m-W-SF-H1,WCH,2022,100m,W,SF,1,6,MOCK ATHLETE W100m-045,0.106,,MOCK,1
WCH2022-100m-W-SF-H1,WCH,2022,100m,W,SF,1,7,MOCK ATHLETE W100m-032,0.134,,MOCK,1
WCH2022-100m-W-SF-H1,WCH,2022,100m,W,SF,1,8,MOCK ATHLETE W100m-043,0.124,,MOCK,1
WCH2022-100m-W-SF-H1,WCH,2022,100m,W,SF,1,9,MOCK ATHLETE W100m-035,0.145,,MOCK,1
WCH2022-100m-W-SF-H2,WCH,2022,100m,W,SF,2,2,MOCK ATHLETE W100m-049,0.138,,MOCK,1
WCH2022-100m-W-SF-H2,WCH,2022,100m,W,SF,2,3,MOCK ATHLETE W100m-062,0.121,,MOCK,1
WCH2022-100m-W-SF-H2,WCH,2022,100m,W,SF,2,4,MOCK ATHLETE W100m-034,0.11,,MOCK,1
WCH2022-100m-W-SF-H2,WCH,2022,100m,W,SF,2,5,MOCK ATHLETE W100m-018,0.096,DQ TR16.8,MOCK,1
WCH2022-100m-W-SF-H2,WCH,2022,100m,W,SF,2,6,MOCK ATHLETE W100m-057,0.124,,MOCK,1
WCH2022-100m-W-SF-H2,WCH,2022,100m,W,SF,2,7,MOCK ATHLETE W100m-042,0.141,,MOCK,1
WCH2022-100m-W-SF-H2,WCH,2022,100m,W,SF,2,8,MOCK ATHLETE W100m-027,0.113,,MOCK,1
WCH2022-100m-W-SF-H2,WCH,2022,100m,W,SF,2,9,MOCK ATHLETE W100m-021,0.131,,MOCK,1
WCH2022-100m-W-SF-H3,WCH,2022,100m,W,SF,3,2,MOCK ATHLETE W100m-044,0.122,,MOCK,1
WCH2022-100m-W-SF-H3,WCH,2022,100m,W,SF,3,3,MOCK ATHLETE W100m-039,0.097,DQ TR16.8,MOCK,1
WCH2022-100m-W-SF-H3,WCH,2022,100m,W,SF,3,4,MOCK ATHLETE W100m-050,0.125,,MOCK,1
WCH2022-100m-W-SF-H3,WCH,2022,100m,W,SF,3,5,MOCK ATHLETE W100m-023,0.11,,MOCK,1
WCH2022-100m-W-SF-H3,WCH,2022,100m,W,SF,3,6,MOCK ATHLETE W100m-058,0.112,,MOCK,1
WCH2022-100m-W-SF-H3,WCH,2022,100m,W,SF,3,7,MOCK ATHLETE W100m-069,0.109,,MOCK,1
WCH2022-100m-W-SF-H3,WCH,2022,100m,W,SF,3,8,MOCK ATHLETE W100m-009,0.096,DQ TR16.8,MOCK,1
WCH2022-100m-W-SF-H3,WCH,2022,100m,W,SF,3,9,MOCK ATHLETE W100m-010,0.13,,MOCK,1
WCH2022-100m-W-F-H1,WCH,2022,100m,W,F,1,2,MOCK ATHLETE W100m-059,0.112,,MOCK,1
WCH2022-100m-W-F-H1,WCH,2022,100m,W,F,1,3,MOCK ATHLETE W100m-050,0.112,,MOCK,1
WCH2022-100m-W-F-H1,WCH,2022,100m,W,F,1,4,MOCK ATHLETE W100m-043,0.115,,MOCK,1
WCH2022-100m-W-F-H1,WCH,2022,100m,W,F,1,5,MOCK ATHLETE W100m-031,0.125,,MOCK,1
WCH2022-100m-W-F-H1,WCH,2022,100m,W,F,1,6,MOCK ATHLETE W100m-058,0.105,,MOCK,1
WCH2022-100m-W-F-H1,WCH,2022,100m,W,F,1,7,MOCK ATHLETE W100m-049,0.144,,MOCK,1
WCH2022-100m-W-F-H1,WCH,2022,100m,W,F,1,8,MOCK ATHLETE W100m-057,0.153,,MOCK,1
WCH2022-100m-W-F-H1,WCH,2022,100m,W,F,1,9,MOCK ATHLETE W100m-034,0.127,,MOCK,1
WCH2022-200m-W-R1-H1,WCH,2022,200m,W,R1,1,2,MOCK ATHLETE W200m-005,0.133,,MOCK,1
WCH2022-200m-W-R1-H1,WCH,2022,200m,W,R1,1,3,MOCK ATHLETE W200m-060,0.134,,MOCK,1
WCH2022-200m-W-R1-H1,WCH,2022,200m,W,R1,1,4,MOCK ATHLETE W200m-058,0.169,,MOCK,1
WCH2022-200m-W-R1-H1,WCH,2022,200m,W,R1,1,5,MOCK ATHLETE W200m-000,0.146,,MOCK,1
WCH2022-200m-W-R1-H1,WCH,2022,200m,W,R1,1,6,MOCK ATHLETE W200m-044,0.131,,MOCK,1
WCH2022-200m-W-R1-H1,WCH,2022,200m,W,R1,1,7,MOCK ATHLETE W200m-043,0.157,,MOCK,1
WCH2022-200m-W-R1-H1,WCH,2022,200m,W,R1,1,8,MOCK ATHLETE W200m-040,0.148,,MOCK,1
WCH2022-200m-W-R1-H1,WCH,2022,200m,W,R1,1,9,MOCK ATHLETE W200m-068,0.138,,MOCK,1
WCH2022-200m-W-R1-H2,WCH,2022,200m,W,R1,2,2,MOCK ATHLETE W200m-004,0.129,,MOCK,1
WCH2022-200m-W-R1-H2,WCH,2022,200m,W,R1,2,3,MOCK ATHLETE W200m-059,0.138,,MOCK,1
WCH2022-200m-W-R1-H2,WCH,2022,200m,W,R1,2,4,MOCK ATHLETE W200m-011,0.151,,MOCK,1
WCH2022-200m-W-R1-H2,WCH,2022,200m,W,R1,2,5,MOCK ATHLETE W200m-009,0.14,,MOCK,1
WCH2022-200m-W-R1-H2,WCH,2022,200m,W,R1,2,6,MOCK ATHLETE W200m-029,0.145,,MOCK,1
WCH2022-200m-W-R1-H2,WCH,2022,200m,W,R1,2,7,MOCK ATHLETE W200m-042,0.161,,MOCK,1
WCH2022-200m-W-R1-H2,WCH,2022,200m,W,R1,2,8,MOCK ATHLETE W200m-065,0.146,,MOCK,1
WCH2022-200m-W-R1-H2,WCH,2022,200m,W,R1,2,9,MOCK ATHLETE W200m-045,0.113,,MOCK,1
WCH2022-200m-W-R1-H3,WCH,2022,200m,W,R1,3,2,MOCK ATHLETE W200m-050,0.144,,MOCK,1
WCH2022-200m-W-R1-H3,WCH,2022,200m,W,R1,3,3,MOCK ATHLETE W200m-031,0.123,,MOCK,1
WCH2022-200m-W-R1-H3,WCH,2022,200m,W,R1,3,4,MOCK ATHLETE W200m-038,0.129,,MOCK,1
WCH2022-200m-W-R1-H3,WCH,2022,200m,W,R1,3,5,MOCK ATHLETE W200m-051,0.17,,MOCK,1
WCH2022-200m-W-R1-H3,WCH,2022,200m,W,R1,3,6,MOCK ATHLETE W200m-022,0.126,,MOCK,1
WCH2022-200m-W-R1-H3,WCH,2022,200m,W,R1,3,7,MOCK ATHLETE W200m-032,0.137,,MOCK,1
WCH2022-200m-W-R1-H3,WCH,2022,200m,W,R1,3,8,MOCK ATHLETE W200m-016,0.118,,MOCK,1
WCH2022-200m-W-R1-H4,WCH,2022,200m,W,R1,4,2,MOCK ATHLETE W200m-054,0.12,,MOCK,1
WCH2022-200m-W-R1-H4,WCH,2022,200m,W,R1,4,3,MOCK ATHLETE W200m-001,0.104,,MOCK,1
WCH2022-200m-W-R1-H4,WCH,2022,200m,W,R1,4,4,MOCK ATHLETE W200m-012,0.151,,MOCK,1
WCH2022-200m-W-R1-H4,WCH,2022,200m,W,R1,4,5,MOCK ATHLETE W200m-064,0.111,,MOCK,1
WCH2022-200m-W-R1-H4,WCH,2022,200m,W,R1,4,6,MOCK ATHLETE W200m-055,0.112,,MOCK,1
WCH2022-200m-W-R1-H4,WCH,2022,200m,W,R1,4,7,MOCK ATHLETE W200m-002,0.117,,MOCK,1
WCH2022-200m-W-R1-H4,WCH,2022,200m,W,R1,4,8,MOCK ATHLETE W200m-014,0.128,,MOCK,1
WCH2022-200m-W-R1-H4,WCH,2022,200m,W,R1,4,9,MOCK ATHLETE W200m-033,0.104,,MOCK,1
WCH2022-200m-W-R1-H5,WCH,2022,200m,W,R1,5,2,MOCK ATHLETE W200m-017,0.134,,MOCK,1
WCH2022-200m-W-R1-H5,WCH,2022,200m,W,R1,5,3,MOCK ATHLETE W200m-023,0.109,,MOCK,1
WCH2022-200m-W-R1-H5,WCH,2022,200m,W,R1,5,4,MOCK ATHLETE W200m-052,0.105,,MOCK,1
WCH2022-200m-W-R1-H5,WCH,2022,200m,W,R1,5,5,MOCK ATHLETE W200m-024,0.121,,MOCK,1
WCH2022-200m-W-R1-H5,WCH,2022,200m,W,R1,5,6,MOCK ATHLETE W200m-013,0.128,,MOCK,1
WCH2022-200m-W-R1-H5,WCH,2022,200m,W,R1,5,7,MOCK ATHLETE W200m-049,0.143,,MOCK,1
WCH2022-200m-W-R1-H5,WCH,2022,200m,W,R1,5,8,MOCK ATHLETE W200m-063,0.094,DQ TR16.8,MOCK,1
WCH2022-200m-W-R1-H5,WCH,2022,200m,W,R1,5,9,MOCK ATHLETE W200m-021,0.122,,MOCK,1
WCH2022-200m-W-R1-H6,WCH,2022,200m,W,R1,6,2,MOCK ATHLETE W200m-056,0.169,,MOCK,1
WCH2022-200m-W-R1-H6,WCH,2022,200m,W,R1,6,3,MOCK ATHLETE W200m-037,0.137,,MOCK,1
WCH2022-200m-W-R1-H6,WCH,2022,200m,W,R1,6,4,MOCK ATHLETE W200m-015,0.135,,MOCK,1
WCH2022-200m-W-R1-H6,WCH,2022,200m,W,R1,6,5,MOCK ATHLETE W200m-069,0.115,,MOCK,1
WCH2022-200m-W-R1-H6,WCH,2022,200m,W,R1,6,6,MOCK ATHLETE W200m-035,0.142,,MOCK,1
WCH2022-200m-W-R1-H6,WCH,2022,200m,W,R1,6,7,MOCK ATHLETE W200m-010,0.129,,MOCK,1
WCH2022-200m-W-R1-H6,WCH,2022,200m,W,R1,6,8,MOCK ATHLETE W200m-003,0.151,,MOCK,1
WCH2022-200m-W-R1-H6,WCH,2022,200m,W,R1,6,9,MOCK ATHLETE W200m-066,0.137,,MOCK,1
WCH2022-200m-W-SF-H1,WCH,2022,200m,W,SF,1,2,MOCK ATHLETE W200m-049,0.142,,MOCK,1
WCH2022-200m-W-SF-H1,WCH,2022,200m,W,SF,1,3,MOCK ATHLETE W200m-017,0.113,,MOCK,1
WCH2022-200m-W-SF-H1,WCH,2022,200m,W,SF,1,4,MOCK ATHLETE W200m-002,0.092,DQ TR16.8,MOCK,1
WCH2022-200m-W-SF-H1,WCH,2022,200m,W,SF,1,5,MOCK ATHLETE W200m-043,0.117,,MOCK,1
WCH2022-200m-W-SF-H1,WCH,2022,200m,W,SF,1,6,MOCK ATHLETE W200m-035,0.112,,MOCK,1
WCH2022-200m-W-SF-H1,WCH,2022,200m,W,SF,1,7,MOCK ATHLETE W200m-016,0.131,,MOCK,1
WCH2022-200m-W-SF-H1,WCH,2022,200m,W,SF,1,8,MOCK ATHLETE W200m-000,0.109,,MOCK,1
WCH2022-200m-W-SF-H1,WCH,2022,200m,W,SF,1,9,MOCK ATHLETE W200m-068,0.127,,MOCK,1
WCH2022-200m-W-SF-H2,WCH,2022,200m,W,SF,2,2,MOCK ATHLETE W200m-037,0.142,,MOCK,1
WCH2022-200m-W-SF-H2,WCH,2022,200m,W,SF,2,3,MOCK ATHLETE W200m-011,0.119,,MOCK,1
WCH2022-200m-W-SF-H2,WCH,2022,200m,W,SF,2,4,MOCK ATHLETE W200m-015,0.113,,MOCK,1
WCH2022-200m-W-SF-H2,WCH,2022,200m,W,SF,2,5,MOCK ATHLETE W200m-065,0.095,DQ TR16.8,MOCK,1
WCH2022-200m-W-SF-H2,WCH,2022,200m,W,SF,2,6,MOCK ATHLETE W200m-022,0.143,,MOCK,1
WCH2022-200m-W-SF-H2,WCH,2022,200m,W,SF,2,7,MOCK ATHLETE W200m-012,0.128,,MOCK,1
WCH2022-200m-W-SF-H2,WCH,2022,200m,W,SF,2,8,MOCK ATHLETE W200m-040,0.105,,MOCK,1
WCH2022-200m-W-SF-H2,WCH,2022,200m,W,SF,2,9,MOCK ATHLETE W200m-023,0.109,,MOCK,1
WCH2022-200m-W-SF-H3,WCH,2022,200m,W,SF,3,2,MOCK ATHLETE W200m-064,0.129,,MOCK,1
WCH2022-200m-W-SF-H3,WCH,2022,200m,W,SF,3,3,MOCK ATHLETE W200m-045,0.158,,MOCK,1
WCH2022-200m-W-SF-H3,WCH,2022,200m,W,SF,3,4,MOCK ATHLETE W200m-066,0.191,,MOCK,1
WCH2022-200m-W-SF-H3,WCH,2022,200m,W,SF,3,5,MOCK ATHLETE W200m-001,0.123,,MOCK,1
WCH2022-200m-W-SF-H3,WCH,2022,200m,W,SF,3,6,MOCK ATHLETE W200m-058,0.123,,MOCK,1
WCH2022-200m-W-SF-H3,WCH,2022,200m,W,SF,3,7,MOCK ATHLETE W200m-059,0.143,,MOCK,1
WCH2022-200m-W-SF-H3,WCH,2022,200m,W,SF,3,8,MOCK ATHLETE W200m-004,0.149,,MOCK,1
WCH2022-200m-W-SF-H3,WCH,2022,200m,W,SF,3,9,MOCK ATHLETE W200m-038,0.144,,MOCK,1
WCH2022-200m-W-F-H1,WCH,2022,200m,W,F,1,2,MOCK ATHLETE W200m-037,0.124,,MOCK,1
WCH2022-200m-W-F-H1,WCH,2022,200m,W,F,1,3,MOCK ATHLETE W200m-064,0.135,,MOCK,1
WCH2022-200m-W-F-H1,WCH,2022,200m,W,F,1,4,MOCK ATHLETE W200m-002,0.142,,MOCK,1
WCH2022-200m-W-F-H1,WCH,2022,200m,W,F,1,5,MOCK ATHLETE W200m-040,0.142,,MOCK,1
WCH2022-200m-W-F-H1,WCH,2022,200m,W,F,1,6,MOCK ATHLETE W200m-045,0.141,,MOCK,1
WCH2022-200m-W-F-H1,WCH,2022,200m,W,F,1,7,MOCK ATHLETE W200m-023,0.134,,MOCK,1
WCH2022-200m-W-F-H1,WCH,2022,200m,W,F,1,8,MOCK ATHLETE W200m-035,0.134,,MOCK,1
WCH2022-200m-W-F-H1,WCH,2022,200m,W,F,1,9,MOCK ATHLETE W200m-011,0.139,,MOCK,1
WCH2022-100mH-W-R1-H1,WCH,2022,100mH,W,R1,1,2,MOCK ATHLETE W100mH-038,0.148,,MOCK,1
WCH2022-100mH-W-R1-H1,WCH,2022,100mH,W,R1,1,3,MOCK ATHLETE W100mH-035,0.151,,MOCK,1
WCH2022-100mH-W-R1-H1,WCH,2022,100mH,W,R1,1,4,MOCK ATHLETE W100mH-030,0.123,,MOCK,1
WCH2022-100mH-W-R1-H1,WCH,2022,100mH,W,R1,1,5,MOCK ATHLETE W100mH-004,0.137,,MOCK,1
WCH2022-100mH-W-R1-H1,WCH,2022,100mH,W,R1,1,6,MOCK ATHLETE W100mH-006,0.152,,MOCK,1
WCH2022-100mH-W-R1-H1,WCH,2022,100mH,W,R1,1,7,MOCK ATHLETE W100mH-068,0.144,,MOCK,1
WCH2022-100mH-W-R1-H1,WCH,2022,100mH,W,R1,1,8,MOCK ATHLETE W100mH-003,0.155,,MOCK,1
WCH2022-100mH-W-R1-H2,WCH,2022,100mH,W,R1,2,2,MOCK ATHLETE W100mH-026,0.126,,MOCK,1
WCH2022-100mH-W-R1-H2,WCH,2022,100mH,W,R1,2,3,MOCK ATHLETE W100mH-051,0.158,,MOCK,1
WCH2022-100mH-W-R1-H2,WCH,2022,100mH,W,R1,2,4,MOCK ATHLETE W100mH-011,0.14,,MOCK,1
WCH2022-100mH-W-R1-H2,WCH,2022,100mH,W,R1,2,5,MOCK ATHLETE W100mH-008,0.116,,MOCK,1
WCH2022-100mH-W-R1-H2,WCH,2022,100mH,W,R1,2,6,MOCK ATHLETE W100mH-065,0.097,DQ TR16.8,MOCK,1
WCH2022-100mH-W-R1-H2,WCH,2022,100mH,W,R1,2,7,MOCK ATHLETE W100mH-012,0.132,,MOCK,1
WCH2022-100mH-W-R1-H2,WCH,2022,100mH,W,R1,2,8,MOCK ATHLETE W100mH-056,0.116,,MOCK,1
WCH2022-100mH-W-R1-H3,WCH,2022,100mH,W,R1,3,2,MOCK ATHLETE W100mH-049,0.141,,MOCK,1
WCH2022-100mH-W-R1-H3,WCH,2022,100mH,W,R1,3,3,MOCK ATHLETE W100mH-029,0.124,,MOCK,1
WCH2022-100mH-W-R1-H3,WCH,2022,100mH,W,R1,3,4,MOCK ATHLETE W100mH-013,0.156,,MOCK,1
WCH2022-100mH-W-R1-H3,WCH,2022,100mH,W,R1,3,5,MOCK ATHLETE W100mH-055,0.117,,MOCK,1
WCH2022-100mH-W-R1-H3,WCH,2022,100mH,W,R1,3,6,MOCK ATHLETE W100mH-014,0.111,,MOCK,1
WCH2022-100mH-W-R1-H3,WCH,2022,100mH,W,R1,3,7,MOCK ATHLETE W100mH-034,0.149,,MOCK,1
WCH2022-100mH-W-R1-H3,WCH,2022,100mH,W,R1,3,8,MOCK ATHLETE W100mH-020,0.138,,MOCK,1
WCH2022-100mH-W-R1-H3,WCH,2022,100mH,W,R1,3,9,MOCK ATHLETE W100mH-057,0.119,,MOCK,1
WCH2022-100mH-W-R1-H4,WCH,2022,100mH,W,R1,4,2,MOCK ATHLETE W100mH-016,0.089,DQ TR16.8,MOCK,1
WCH2022-100mH-W-R1-H4,WCH,2022,100mH,W,R1,4,3,MOCK ATHLETE W100mH-046,0.126,,MOCK,1
WCH2022-100mH-W-R1-H4,WCH,2022,100mH,W,R1,4,4,MOCK ATHLETE W100mH-050,0.115,,MOCK,1
WCH2022-100mH-W-R1-H4,WCH,2022,100mH,W,R1,4,5,MOCK ATHLETE W100mH-017,0.106,,MOCK,1
WCH2022-100mH-W-R1-H4,WCH,2022,100mH,W,R1,4,6,MOCK ATHLETE W100mH-041,0.129,,MOCK,1
WCH2022-100mH-W-R1-H4,WCH,2022,100mH,W,R1,4,7,MOCK ATHLETE W100mH-067,0.103,,MOCK,1
WCH2022-100mH-W-R1-H4,WCH,2022,100mH,W,R1,4,8,MOCK ATHLETE W100mH-043,0.115,,MOCK,1
WCH2022-100mH-W-R1-H4,WCH,2022,100mH,W,R1,4,9,MOCK ATHLETE W100mH-032,0.144,,MOCK,1
WCH2022-100mH-W-R1-H5,WCH,2022,100mH,W,R1,5,2,MOCK ATHLETE W100mH-061,0.109,,MOCK,1
WCH2022-100mH-W-R1-H5,WCH,2022,100mH,W,R1,5,3,MOCK ATHLETE W100mH-009,0.156,,MOCK,1
WCH2022-100mH-W-R1-H5,WCH,2022,100mH,W,R1,5,4,MOCK ATHLETE W100mH-054,0.131,,MOCK,1
WCH2022-100mH-W-R1-H5,WCH,2022,100mH,W,R1,5,5,MOCK ATHLETE W100mH-058,0.111,,MOCK,1
WCH2022-100mH-W-R1-H5,WCH,2022,100mH,W,R1,5,6,MOCK ATHLETE W100mH-025,0.145,,MOCK,1
WCH2022-100mH-W-R1-H5,WCH,2022,100mH,W,R1,5,7,MOCK ATHLETE W100mH-036,0.146,,MOCK,1
WCH2022-100mH-W-R1-H5,WCH,2022,100mH,W,R1,5,8,MOCK ATHLETE W100mH-060,0.137,,MOCK,1
WCH2022-100mH-W-R1-H5,WCH,2022,100mH,W,R1,5,9,MOCK ATHLETE W100mH-064,0.127,,MOCK,1
WCH2022-100mH-W-R1-H6,WCH,2022,100mH,W,R1,6,2,MOCK ATHLETE W100mH-045,0.125,,MOCK,1
WCH2022-100mH-W-R1-H6,WCH,2022,100mH,W,R1,6,3,MOCK ATHLETE W100mH-005,0.139,,MOCK,1
WCH2022-100mH-W-R1-H6,WCH,2022,100mH,W,R1,6,4,MOCK ATHLETE W100mH-018,0.137,,MOCK,1
WCH2022-100mH-W-R1-H6,WCH,2022,100mH,W,R1,6,5,MOCK ATHLETE W100mH-027,0.124,,MOCK,1
WCH2022-100mH-W-R1-H6,WCH,2022,100mH,W,R1,6,6,MOCK ATHLETE W100mH-044,0.125,,MOCK,1
WCH2022-100mH-W-R1-H6,WCH,2022,100mH,W,R1,6,7,MOCK ATHLETE W100mH-022,0.146,,MOCK,1
WCH2022-100mH-W-R1-H6,WCH,2022,100mH,W,R1,6,8,MOCK ATHLETE W100mH-048,0.142,,MOCK,1
WCH2022-100mH-W-R1-H6,WCH,2022,100mH,W,R1,6,9,MOCK ATHLETE W100mH-047,0.131,,MOCK,1
WCH2022-100mH-W-SF-H1,WCH,2022,100mH,W,SF,1,2,MOCK ATHLETE W100mH-049,0.113,,MOCK,1
WCH2022-100mH-W-SF-H1,WCH,2022,100mH,W,SF,1,3,MOCK ATHLETE W100mH-015,0.125,,MOCK,1
WCH2022-100mH-W-SF-H1,WCH,2022,100mH,W,SF,1,4,MOCK ATHLETE W100mH-036,0.119,,MOCK,1
WCH2022-100mH-W-SF-H1,WCH,2022,100mH,W,SF,1,5,MOCK ATHLETE W100mH-060,0.153,,MOCK,1
WCH2022-100mH-W-SF-H1,WCH,2022,100mH,W,SF,1,6,MOCK ATHLETE W100mH-003,0.118,,MOCK,1
WCH2022-100mH-W-SF-H1,WCH,2022,100mH,W,SF,1,7,MOCK ATHLETE W100mH-025,0.159,,MOCK,1
WCH2022-100mH-W-SF-H1,WCH,2022,100mH,W,SF,1,8,MOCK ATHLETE W100mH-026,0.117,,MOCK,1
WCH2022-100mH-W-SF-H1,WCH,2022,100mH,W,SF,1,9,MOCK ATHLETE W100mH-067,0.122,,MOCK,1
WCH2022-100mH-W-SF-H2,WCH,2022,100mH,W,SF,2,2,MOCK ATHLETE W100mH-018,0.136,,MOCK,1
WCH2022-100mH-W-SF-H2,WCH,2022,100mH,W,SF,2,3,MOCK ATHLETE W100mH-056,0.12,,MOCK,1
WCH2022-100mH-W-SF-H2,WCH,2022,100mH,W,SF,2,4,MOCK ATHLETE W100mH-038,0.109,,MOCK,1
WCH2022-100mH-W-SF-H2,WCH,2022,100mH,W,SF,2,5,MOCK ATHLETE W100mH-034,0.182,,MOCK,1
WCH2022-100mH-W-SF-H2,WCH,2022,100mH,W,SF,2,6,MOCK ATHLETE W100mH-050,0.146,,MOCK,1
WCH2022-100mH-W-SF-H2,WCH,2022,100mH,W,SF,2,7,MOCK ATHLETE W100mH-055,0.119,,MOCK,1
WCH2022-100mH-W-SF-H2,WCH,2022,100mH,W,SF,2,8,MOCK ATHLETE W100mH-064,0.135,,MOCK,1
WCH2022-100mH-W-SF-H2,WCH,2022,100mH,W,SF,2,9,MOCK ATHLETE W100mH-058,0.135,,MOCK,1
WCH2022-100mH-W-SF-H3,WCH,2022,100mH,W,SF,3,2,MOCK ATHLETE W100mH-046,0.134,,MOCK,1
WCH2022-100mH-W-SF-H3,WCH,2022,100mH,W,SF,3,3,MOCK ATHLETE W100mH-048,0.109,,MOCK,1
WCH2022-100mH-W-SF-H3,WCH,2022,100mH,W,SF,3,4,MOCK ATHLETE W100mH-011,0.178,,MOCK,1
WCH2022-100mH-W-SF-H3,WCH,2022,100mH,W,SF,3,5,MOCK ATHLETE W100mH-017,0.112,,MOCK,1
WCH2022-100mH-W-SF-H3,WCH,2022,100mH,W,SF,3,6,MOCK ATHLETE W100mH-014,0.112,,MOCK,1
WCH2022-100mH-W-SF-H3,WCH,2022,100mH,W,SF,3,7,MOCK ATHLETE W100mH-022,0.11,,MOCK,1
WCH2022-100mH-W-SF-H3,WCH,2022,100mH,W,SF,3,8,MOCK ATHLETE W100mH-032,0.182,,MOCK,1
WCH2022-100mH-W-SF-H3,WCH,2022,100mH,W,SF,3,9,MOCK ATHLETE W100mH-044,0.156,,MOCK,1
WCH2022-100mH-W-F-H1,WCH,2022,100mH,W,F,1,2,MOCK ATHLETE W100mH-003,0.111,,MOCK,1
WCH2022-100mH-W-F-H1,WCH,2022,100mH,W,F,1,3,MOCK ATHLETE W100mH-067,0.122,,MOCK,1
WCH2022-100mH-W-F-H1,WCH,2022,100mH,W,F,1,4,MOCK ATHLETE W100mH-056,0.099,DQ TR16.8,MOCK,1
WCH2022-100mH-W-F-H1,WCH,2022,100mH,W,F,1,5,MOCK ATHLETE W100mH-011,0.138,,MOCK,1
WCH2022-100mH-W-F-H1,WCH,2022,100mH,W,F,1,6,MOCK ATHLETE W100mH-017,0.095,DQ TR16.8,MOCK,1
WCH2022-100mH-W-F-H1,WCH,2022,100mH,W,F,1,7,MOCK ATHLETE W100mH-044,0.122,,MOCK,1
WCH2022-100mH-W-F-H1,WCH,2022,100mH,W,F,1,8,MOCK ATHLETE W100mH-026,0.098,DQ TR16.8,MOCK,1
WCH2022-100mH-W-F-H1,WCH,2022,100mH,W,F,1,9,MOCK ATHLETE W100mH-038,0.127,,MOCK,1
WCH2023-100m-M-PR-H1,WCH,2023,100m,M,PR,1,2,MOCK PR M100m2023-0,0.157,,MOCK,1
WCH2023-100m-M-PR-H1,WCH,2023,100m,M,PR,1,3,MOCK PR M100m2023-1,0.19,,MOCK,1
WCH2023-100m-M-PR-H1,WCH,2023,100m,M,PR,1,4,MOCK PR M100m2023-2,0.165,,MOCK,1
WCH2023-100m-M-PR-H1,WCH,2023,100m,M,PR,1,5,MOCK PR M100m2023-3,0.192,,MOCK,1
WCH2023-100m-M-PR-H1,WCH,2023,100m,M,PR,1,6,MOCK PR M100m2023-4,0.141,,MOCK,1
WCH2023-100m-M-PR-H1,WCH,2023,100m,M,PR,1,7,MOCK PR M100m2023-5,0.184,,MOCK,1
WCH2023-100m-M-PR-H1,WCH,2023,100m,M,PR,1,8,MOCK PR M100m2023-6,0.194,,MOCK,1
WCH2023-100m-M-PR-H1,WCH,2023,100m,M,PR,1,9,MOCK PR M100m2023-7,0.154,,MOCK,1
WCH2023-100m-M-PR-H2,WCH,2023,100m,M,PR,2,2,MOCK PR M100m2023-8,0.176,,MOCK,1
WCH2023-100m-M-PR-H2,WCH,2023,100m,M,PR,2,3,MOCK PR M100m2023-9,0.144,,MOCK,1
WCH2023-100m-M-PR-H2,WCH,2023,100m,M,PR,2,4,MOCK PR M100m2023-10,0.162,,MOCK,1
WCH2023-100m-M-PR-H2,WCH,2023,100m,M,PR,2,5,MOCK PR M100m2023-11,0.169,,MOCK,1
WCH2023-100m-M-PR-H2,WCH,2023,100m,M,PR,2,6,MOCK PR M100m2023-12,0.163,,MOCK,1
WCH2023-100m-M-PR-H2,WCH,2023,100m,M,PR,2,7,MOCK PR M100m2023-13,0.183,,MOCK,1
WCH2023-100m-M-PR-H2,WCH,2023,100m,M,PR,2,8,MOCK PR M100m2023-14,0.167,,MOCK,1
WCH2023-100m-M-PR-H2,WCH,2023,100m,M,PR,2,9,MOCK PR M100m2023-15,0.134,,MOCK,1
WCH2023-100m-M-R1-H1,WCH,2023,100m,M,R1,1,2,MOCK ATHLETE M100m-035,0.149,,MOCK,1
WCH2023-100m-M-R1-H1,WCH,2023,100m,M,R1,1,3,MOCK ATHLETE M100m-001,0.188,,MOCK,1
WCH2023-100m-M-R1-H1,WCH,2023,100m,M,R1,1,4,MOCK ATHLETE M100m-064,0.171,,MOCK,1
WCH2023-100m-M-R1-H1,WCH,2023,100m,M,R1,1,5,MOCK ATHLETE M100m-017,0.161,,MOCK,1
WCH2023-100m-M-R1-H1,WCH,2023,100m,M,R1,1,6,MOCK ATHLETE M100m-020,0.145,,MOCK,1
WCH2023-100m-M-R1-H1,WCH,2023,100m,M,R1,1,7,MOCK ATHLETE M100m-011,0.154,,MOCK,1
WCH2023-100m-M-R1-H1,WCH,2023,100m,M,R1,1,8,MOCK ATHLETE M100m-027,0.153,,MOCK,1
WCH2023-100m-M-R1-H1,WCH,2023,100m,M,R1,1,9,MOCK ATHLETE M100m-016,0.162,,MOCK,1
WCH2023-100m-M-R1-H2,WCH,2023,100m,M,R1,2,2,MOCK ATHLETE M100m-002,0.152,,MOCK,1
WCH2023-100m-M-R1-H2,WCH,2023,100m,M,R1,2,3,MOCK ATHLETE M100m-060,0.173,,MOCK,1
WCH2023-100m-M-R1-H2,WCH,2023,100m,M,R1,2,4,MOCK ATHLETE M100m-047,0.159,,MOCK,1
WCH2023-100m-M-R1-H2,WCH,2023,100m,M,R1,2,5,MOCK ATHLETE M100m-066,0.183,,MOCK,1
WCH2023-100m-M-R1-H2,WCH,2023,100m,M,R1,2,6,MOCK ATHLETE M100m-038,0.158,,MOCK,1
WCH2023-100m-M-R1-H2,WCH,2023,100m,M,R1,2,7,MOCK ATHLETE M100m-057,0.153,,MOCK,1
WCH2023-100m-M-R1-H2,WCH,2023,100m,M,R1,2,8,MOCK ATHLETE M100m-048,0.157,,MOCK,1
WCH2023-100m-M-R1-H2,WCH,2023,100m,M,R1,2,9,MOCK ATHLETE M100m-061,0.174,,MOCK,1
WCH2023-100m-M-R1-H3,WCH,2023,100m,M,R1,3,2,MOCK ATHLETE M100m-037,0.157,,MOCK,1
WCH2023-100m-M-R1-H3,WCH,2023,100m,M,R1,3,3,MOCK ATHLETE M100m-022,0.148,,MOCK,1
WCH2023-100m-M-R1-H3,WCH,2023,100m,M,R1,3,4,MOCK ATHLETE M100m-031,0.148,,MOCK,1
WCH2023-100m-M-R1-H3,WCH,2023,100m,M,R1,3,5,MOCK ATHLETE M100m-015,0.197,,MOCK,1
WCH2023-100m-M-R1-H3,WCH,2023,100m,M,R1,3,6,MOCK ATHLETE M100m-056,0.164,,MOCK,1
WCH2023-100m-M-R1-H3,WCH,2023,100m,M,R1,3,7,MOCK ATHLETE M100m-051,0.13,,MOCK,1
WCH2023-100m-M-R1-H3,WCH,2023,100m,M,R1,3,8,MOCK ATHLETE M100m-007,0.163,,MOCK,1
WCH2023-100m-M-R1-H3,WCH,2023,100m,M,R1,3,9,MOCK ATHLETE M100m-021,0.174,,MOCK,1
WCH2023-100m-M-R1-H4,WCH,2023,100m,M,R1,4,2,MOCK ATHLETE M100m-067,0.154,,MOCK,1
WCH2023-100m-M-R1-H4,WCH,2023,100m,M,R1,4,3,MOCK ATHLETE M100m-014,0.167,,MOCK,1
WCH2023-100m-M-R1-H4,WCH,2023,100m,M,R1,4,4,MOCK ATHLETE M100m-068,0.134,,MOCK,1
WCH2023-100m-M-R1-H4,WCH,2023,100m,M,R1,4,5,MOCK ATHLETE M100m-046,0.178,,MOCK,1
WCH2023-100m-M-R1-H4,WCH,2023,100m,M,R1,4,6,MOCK ATHLETE M100m-012,0.137,,MOCK,1
WCH2023-100m-M-R1-H4,WCH,2023,100m,M,R1,4,7,MOCK ATHLETE M100m-063,0.162,,MOCK,1
WCH2023-100m-M-R1-H4,WCH,2023,100m,M,R1,4,8,MOCK ATHLETE M100m-043,0.17,,MOCK,1
WCH2023-100m-M-R1-H4,WCH,2023,100m,M,R1,4,9,MOCK ATHLETE M100m-032,0.149,,MOCK,1
WCH2023-100m-M-R1-H5,WCH,2023,100m,M,R1,5,2,MOCK ATHLETE M100m-008,0.155,,MOCK,1
WCH2023-100m-M-R1-H5,WCH,2023,100m,M,R1,5,3,MOCK ATHLETE M100m-005,0.152,,MOCK,1
WCH2023-100m-M-R1-H5,WCH,2023,100m,M,R1,5,4,MOCK ATHLETE M100m-044,0.186,,MOCK,1
WCH2023-100m-M-R1-H5,WCH,2023,100m,M,R1,5,5,MOCK ATHLETE M100m-028,0.15,,MOCK,1
WCH2023-100m-M-R1-H5,WCH,2023,100m,M,R1,5,6,MOCK ATHLETE M100m-030,0.163,,MOCK,1
WCH2023-100m-M-R1-H5,WCH,2023,100m,M,R1,5,7,MOCK ATHLETE M100m-039,0.143,,MOCK,1
WCH2023-100m-M-R1-H5,WCH,2023,100m,M,R1,5,8,MOCK ATHLETE M100m-042,0.146,,MOCK,1
WCH2023-100m-M-R1-H5,WCH,2023,100m,M,R1,5,9,MOCK ATHLETE M100m-041,0.17,,MOCK,1
WCH2023-100m-M-R1-H6,WCH,2023,100m,M,R1,6,2,MOCK ATHLETE M100m-010,0.156,,MOCK,1
WCH2023-100m-M-R1-H6,WCH,2023,100m,M,R1,6,3,MOCK ATHLETE M100m-058,0.162,,MOCK,1
WCH2023-100m-M-R1-H6,WCH,2023,100m,M,R1,6,4,MOCK ATHLETE M100m-053,0.148,,MOCK,1
WCH2023-100m-M-R1-H6,WCH,2023,100m,M,R1,6,5,MOCK ATHLETE M100m-065,0.181,,MOCK,1
WCH2023-100m-M-R1-H6,WCH,2023,100m,M,R1,6,6,MOCK ATHLETE M100m-018,0.134,,MOCK,1
WCH2023-100m-M-R1-H6,WCH,2023,100m,M,R1,6,7,MOCK ATHLETE M100m-023,0.163,,MOCK,1
WCH2023-100m-M-R1-H6,WCH,2023,100m,M,R1,6,8,MOCK ATHLETE M100m-069,0.139,,MOCK,1
WCH2023-100m-M-R1-H6,WCH,2023,100m,M,R1,6,9,MOCK ATHLETE M100m-013,0.154,,MOCK,1
WCH2023-100m-M-SF-H1,WCH,2023,100m,M,SF,1,2,MOCK ATHLETE M100m-069,0.157,,MOCK,1
WCH2023-100m-M-SF-H1,WCH,2023,100m,M,SF,1,3,MOCK ATHLETE M100m-037,0.172,,MOCK,1
WCH2023-100m-M-SF-H1,WCH,2023,100m,M,SF,1,4,MOCK ATHLETE M100m-008,0.195,,MOCK,1
WCH2023-100m-M-SF-H1,WCH,2023,100m,M,SF,1,5,MOCK ATHLETE M100m-043,0.163,,MOCK,1
WCH2023-100m-M-SF-H1,WCH,2023,100m,M,SF,1,6,MOCK ATHLETE M100m-028,0.171,,MOCK,1
WCH2023-100m-M-SF-H1,WCH,2023,100m,M,SF,1,7,MOCK ATHLETE M100m-065,0.165,,MOCK,1
WCH2023-100m-M-SF-H1,WCH,2023,100m,M,SF,1,8,MOCK ATHLETE M100m-014,0.177,,MOCK,1
WCH2023-100m-M-SF-H1,WCH,2023,100m,M,SF,1,9,MOCK ATHLETE M100m-001,0.155,,MOCK,1
WCH2023-100m-M-SF-H2,WCH,2023,100m,M,SF,2,2,MOCK ATHLETE M100m-005,0.167,,MOCK,1
WCH2023-100m-M-SF-H2,WCH,2023,100m,M,SF,2,3,MOCK ATHLETE M100m-042,0.154,,MOCK,1
WCH2023-100m-M-SF-H2,WCH,2023,100m,M,SF,2,4,MOCK ATHLETE M100m-035,0.157,,MOCK,1
WCH2023-100m-M-SF-H2,WCH,2023,100m,M,SF,2,5,MOCK ATHLETE M100m-048,0.155,,MOCK,1
WCH2023-100m-M-SF-H2,WCH,2023,100m,M,SF,2,6,MOCK ATHLETE M100m-032,0.137,,MOCK,1
WCH2023-100m-M-SF-H2,WCH,2023,100m,M,SF,2,7,MOCK ATHLETE M100m-056,0.145,,MOCK,1
WCH2023-100m-M-SF-H2,WCH,2023,100m,M,SF,2,8,MOCK ATHLETE M100m-066,0.151,,MOCK,1
WCH2023-100m-M-SF-H2,WCH,2023,100m,M,SF,2,9,MOCK ATHLETE M100m-060,0.15,,MOCK,1
WCH2023-100m-M-SF-H3,WCH,2023,100m,M,SF,3,2,MOCK ATHLETE M100m-031,0.155,,MOCK,1
WCH2023-100m-M-SF-H3,WCH,2023,100m,M,SF,3,3,MOCK ATHLETE M100m-027,0.169,,MOCK,1
WCH2023-100m-M-SF-H3,WCH,2023,100m,M,SF,3,4,MOCK ATHLETE M100m-016,0.124,,MOCK,1
WCH2023-100m-M-SF-H3,WCH,2023,100m,M,SF,3,5,MOCK ATHLETE M100m-053,0.15,,MOCK,1
WCH2023-100m-M-SF-H3,WCH,2023,100m,M,SF,3,6,MOCK ATHLETE M100m-064,0.149,,MOCK,1
WCH2023-100m-M-SF-H3,WCH,2023,100m,M,SF,3,7,MOCK ATHLETE M100m-011,0.151,,MOCK,1
WCH2023-100m-M-SF-H3,WCH,2023,100m,M,SF,3,8,MOCK ATHLETE M100m-058,0.175,,MOCK,1
WCH2023-100m-M-SF-H3,WCH,2023,100m,M,SF,3,9,MOCK ATHLETE M100m-057,0.145,,MOCK,1
WCH2023-100m-M-F-H1,WCH,2023,100m,M,F,1,2,MOCK ATHLETE M100m-028,0.146,,MOCK,1
WCH2023-100m-M-F-H1,WCH,2023,100m,M,F,1,3,MOCK ATHLETE M100m-042,0.154,,MOCK,1
WCH2023-100m-M-F-H1,WCH,2023,100m,M,F,1,4,MOCK ATHLETE M100m-005,0.15,,MOCK,1
WCH2023-100m-M-F-H1,WCH,2023,100m,M,F,1,5,MOCK ATHLETE M100m-060,0.164,,MOCK,1
WCH2023-100m-M-F-H1,WCH,2023,100m,M,F,1,6,MOCK ATHLETE M100m-048,0.157,,MOCK,1
WCH2023-100m-M-F-H1,WCH,2023,100m,M,F,1,7,MOCK ATHLETE M100m-011,0.166,,MOCK,1
WCH2023-100m-M-F-H1,WCH,2023,100m,M,F,1,8,MOCK ATHLETE M100m-065,0.168,,MOCK,1
WCH2023-100m-M-F-H1,WCH,2023,100m,M,F,1,9,MOCK ATHLETE M100m-056,0.178,,MOCK,1
WCH2023-200m-M-R1-H1,WCH,2023,200m,M,R1,1,2,MOCK ATHLETE M200m-027,0.211,,MOCK,1
WCH2023-200m-M-R1-H1,WCH,2023,200m,M,R1,1,3,MOCK ATHLETE M200m-005,0.173,,MOCK,1
WCH2023-200m-M-R1-H1,WCH,2023,200m,M,R1,1,4,MOCK ATHLETE M200m-009,0.197,,MOCK,1
WCH2023-200m-M-R1-H1,WCH,2023,200m,M,R1,1,5,MOCK ATHLETE M200m-030,0.171,,MOCK,1
WCH2023-200m-M-R1-H1,WCH,2023,200m,M,R1,1,6,MOCK ATHLETE M200m-011,0.093,DQ TR16.8,MOCK,1
WCH2023-200m-M-R1-H1,WCH,2023,200m,M,R1,1,7,MOCK ATHLETE M200m-055,0.193,,MOCK,1
WCH2023-200m-M-R1-H1,WCH,2023,200m,M,R1,1,8,MOCK ATHLETE M200m-053,0.164,,MOCK,1
WCH2023-200m-M-R1-H2,WCH,2023,200m,M,R1,2,2,MOCK ATHLETE M200m-017,0.183,,MOCK,1
WCH2023-200m-M-R1-H2,WCH,2023,200m,M,R1,2,3,MOCK ATHLETE M200m-062,0.179,,MOCK,1
WCH2023-200m-M-R1-H2,WCH,2023,200m,M,R1,2,4,MOCK ATHLETE M200m-022,0.161,,MOCK,1
WCH2023-200m-M-R1-H2,WCH,2023,200m,M,R1,2,5,MOCK ATHLETE M200m-047,0.158,,MOCK,1
WCH2023-200m-M-R1-H2,WCH,2023,200m,M,R1,2,6,MOCK ATHLETE M200m-025,0.163,,MOCK,1
WCH2023-200m-M-R1-H2,WCH,2023,200m,M,R1,2,7,MOCK ATHLETE M200m-049,0.146,,MOCK,1
WCH2023-200m-M-R1-H2,WCH,2023,200m,M,R1,2,8,MOCK ATHLETE M200m-061,0.075,DQ TR16.8,MOCK,1
WCH2023-200m-M-R1-H2,WCH,2023,200m,M,R1,2,9,MOCK ATHLETE M200m-040,0.161,,MOCK,1
WCH2023-200m-M-R1-H3,WCH,2023,200m,M,R1,3,2,MOCK ATHLETE M200m-043,0.171,,MOCK,1
WCH2023-200m-M-R1-H3,WCH,2023,200m,M,R1,3,3,MOCK ATHLETE M200m-057,0.167,,MOCK,1
WCH2023-200m-M-R1-H3,WCH,2023,200m,M,R1,3,4,MOCK ATHLETE M200m-059,0.163,,MOCK,1
WCH2023-200m-M-R1-H3,WCH,2023,200m,M,R1,3,5,MOCK ATHLETE M200m-021,0.179,,MOCK,1
WCH2023-200m-M-R1-H3,WCH,2023,200m,M,R1,3,6,MOCK ATHLETE M200m-048,0.172,,MOCK,1
WCH2023-200m-M-R1-H3,WCH,2023,200m,M,R1,3,7,MOCK ATHLETE M200m-050,0.177,,MOCK,1
WCH2023-200m-M-R1-H3,WCH,2023,200m,M,R1,3,8,MOCK ATHLETE M200m-033,0.202,,MOCK,1
WCH2023-200m-M-R1-H3,WCH,2023,200m,M,R1,3,9,MOCK ATHLETE M200m-018,0.19,,MOCK,1
WCH2023-200m-M-R1-H4,WCH,2023,200m,M,R1,4,2,MOCK ATHLETE M200m-041,0.164,,MOCK,1
WCH2023-200m-M-R1-H4,WCH,2023,200m,M,R1,4,3,MOCK ATHLETE M200m-014,0.172,,MOCK,1
WCH2023-200m-M-R1-H4,WCH,2023,200m,M,R1,4,4,MOCK ATHLETE M200m-001,0.143,,MOCK,1
WCH2023-200m-M-R1-H4,WCH,2023,200m,M,R1,4,5,MOCK ATHLETE M200m-024,0.153,,MOCK,1
WCH2023-200m-M-R1-H4,WCH,2023,200m,M,R1,4,6,MOCK ATHLETE M200m-066,0.165,,MOCK,1
WCH2023-200m-M-R1-H4,WCH,2023,200m,M,R1,4,7,MOCK ATHLETE M200m-044,0.172,,MOCK,1
WCH2023-200m-M-R1-H4,WCH,2023,200m,M,R1,4,8,MOCK ATHLETE M200m-003,0.157,,MOCK,1
WCH2023-200m-M-R1-H4,WCH,2023,200m,M,R1,4,9,MOCK ATHLETE M200m-008,0.159,,MOCK,1
WCH2023-200m-M-R1-H5,WCH,2023,200m,M,R1,5,2,MOCK ATHLETE M200m-052,0.146,,MOCK,1
WCH2023-200m-M-R1-H5,WCH,2023,200m,M,R1,5,3,MOCK ATHLETE M200m-012,0.14,,MOCK,1
WCH2023-200m-M-R1-H5,WCH,2023,200m,M,R1,5,4,MOCK ATHLETE M200m-000,0.131,,MOCK,1
WCH2023-200m-M-R1-H5,WCH,2023,200m,M,R1,5,5,MOCK ATHLETE M200m-023,0.197,,MOCK,1
WCH2023-200m-M-R1-H5,WCH,2023,200m,M,R1,5,6,MOCK ATHLETE M200m-042,0.155,,MOCK,1
WCH2023-200m-M-R1-H5,WCH,2023,200m,M,R1,5,7,MOCK ATHLETE M200m-054,0.143,,MOCK,1
WCH2023-200m-M-R1-H5,WCH,2023,200m,M,R1,5,8,MOCK ATHLETE M200m-034,0.173,,MOCK,1
WCH2023-200m-M-R1-H5,WCH,2023,200m,M,R1,5,9,MOCK ATHLETE M200m-007,0.145,,MOCK,1
WCH2023-200m-M-R1-H6,WCH,2023,200m,M,R1,6,2,MOCK ATHLETE M200m-026,0.155,,MOCK,1
WCH2023-200m-M-R1-H6,WCH,2023,200m,M,R1,6,3,MOCK ATHLETE M200m-015,0.153,,MOCK,1
WCH2023-200m-M-R1-H6,WCH,2023,200m,M,R1,6,4,MOCK ATHLETE M200m-064,0.171,,MOCK,1
WCH2023-200m-M-R1-H6,WCH,2023,200m,M,R1,6,5,MOCK ATHLETE M200m-020,0.175,,MOCK,1
WCH2023-200m-M-R1-H6,WCH,2023,200m,M,R1,6,6,MOCK ATHLETE M200m-039,0.165,,MOCK,1
WCH2023-200m-M-R1-H6,WCH,2023,200m,M,R1,6,7,MOCK ATHLETE M200m-037,0.166,,MOCK,1
WCH2023-200m-M-R1-H6,WCH,2023,200m,M,R1,6,8,MOCK ATHLETE M200m-063,0.172,,MOCK,1
WCH2023-200m-M-SF-H1,WCH,2023,200m,M,SF,1,2,MOCK ATHLETE M200m-021,0.156,,MOCK,1
WCH2023-200m-M-SF-H1,WCH,2023,200m,M,SF,1,3,MOCK ATHLETE M200m-061,0.163,,MOCK,1
WCH2023-200m-M-SF-H1,WCH,2023,200m,M,SF,1,4,MOCK ATHLETE M200m-008,0.153,,MOCK,1
WCH2023-200m-M-SF-H1,WCH,2023,200m,M,SF,1,5,MOCK ATHLETE M200m-037,0.166,,MOCK,1
WCH2023-200m-M-SF-H1,WCH,2023,200m,M,SF,1,6,MOCK ATHLETE M200m-066,0.165,,MOCK,1
WCH2023-200m-M-SF-H1,WCH,2023,200m,M,SF,1,7,MOCK ATHLETE M200m-003,0.163,,MOCK,1
WCH2023-200m-M-SF-H1,WCH,2023,200m,M,SF,1,8,MOCK ATHLETE M200m-043,0.163,,MOCK,1
WCH2023-200m-M-SF-H1,WCH,2023,200m,M,SF,1,9,MOCK ATHLETE M200m-050,0.176,,MOCK,1
WCH2023-200m-M-SF-H2,WCH,2023,200m,M,SF,2,2,MOCK ATHLETE M200m-055,0.17,,MOCK,1
WCH2023-200m-M-SF-H2,WCH,2023,200m,M,SF,2,3,MOCK ATHLETE M200m-039,0.189,,MOCK,1
WCH2023-200m-M-SF-H2,WCH,2023,200m,M,SF,2,4,MOCK ATHLETE M200m-049,0.195,,MOCK,1
WCH2023-200m-M-SF-H2,WCH,2023,200m,M,SF,2,5,MOCK ATHLETE M200m-062,0.176,,MOCK,1
WCH2023-200m-M-SF-H2,WCH,2023,200m,M,SF,2,6,MOCK ATHLETE M200m-064,0.183,,MOCK,1
WCH2023-200m-M-SF-H2,WCH,2023,200m,M,SF,2,7,MOCK ATHLETE M200m-022,0.159,,MOCK,1
WCH2023-200m-M-SF-H2,WCH,2023,200m,M,SF,2,8,MOCK ATHLETE M200m-023,0.195,,MOCK,1
WCH2023-200m-M-SF-H2,WCH,2023,200m,M,SF,2,9,MOCK ATHLETE M200m-005,0.188,,MOCK,1
WCH2023-200m-M-SF-H3,WCH,2023,200m,M,SF,3,2,MOCK ATHLETE M200m-017,0.16,,MOCK,1
WCH2023-200m-M-SF-H3,WCH,2023,200m,M,SF,3,3,MOCK ATHLETE M200m-014,0.143,,MOCK,1
WCH2023-200m-M-SF-H3,WCH,2023,200m,M,SF,3,4,MOCK ATHLETE M200m-020,0.159,,MOCK,1
WCH2023-200m-M-SF-H3,WCH,2023,200m,M,SF,3,5,MOCK ATHLETE M200m-025,0.18,,MOCK,1
WCH2023-200m-M-SF-H3,WCH,2023,200m,M,SF,3,6,MOCK ATHLETE M200m-034,0.162,,MOCK,1
WCH2023-200m-M-SF-H3,WCH,2023,200m,M,SF,3,7,MOCK ATHLETE M200m-012,0.171,,MOCK,1
WCH2023-200m-M-SF-H3,WCH,2023,200m,M,SF,3,8,MOCK ATHLETE M200m-015,0.136,,MOCK,1
WCH2023-200m-M-SF-H3,WCH,2023,200m,M,SF,3,9,MOCK ATHLETE M200m-009,0.164,,MOCK,1
WCH2023-200m-M-F-H1,WCH,2023,200m,M,F,1,2,MOCK ATHLETE M200m-023,0.178,,MOCK,1
WCH2023-200m-M-F-H1,WCH,2023,200m,M,F,1,3,MOCK ATHLETE M200m-009,0.187,,MOCK,1
WCH2023-200m-M-F-H1,WCH,2023,200m,M,F,1,4,MOCK ATHLETE M200m-025,0.152,,MOCK,1
WCH2023-200m-M-F-H1,WCH,2023,200m,M,F,1,5,MOCK ATHLETE M200m-015,0.142,,MOCK,1
WCH2023-200m-M-F-H1,WCH,2023,200m,M,F,1,6,MOCK ATHLETE M200m-061,0.173,,MOCK,1
WCH2023-200m-M-F-H1,WCH,2023,200m,M,F,1,7,MOCK ATHLETE M200m-012,0.185,,MOCK,1
WCH2023-200m-M-F-H1,WCH,2023,200m,M,F,1,8,MOCK ATHLETE M200m-005,0.162,,MOCK,1
WCH2023-200m-M-F-H1,WCH,2023,200m,M,F,1,9,MOCK ATHLETE M200m-064,0.158,,MOCK,1
WCH2023-110mH-M-R1-H1,WCH,2023,110mH,M,R1,1,2,MOCK ATHLETE M110mH-021,0.168,,MOCK,1
WCH2023-110mH-M-R1-H1,WCH,2023,110mH,M,R1,1,3,MOCK ATHLETE M110mH-000,0.163,,MOCK,1
WCH2023-110mH-M-R1-H1,WCH,2023,110mH,M,R1,1,4,MOCK ATHLETE M110mH-001,0.141,,MOCK,1
WCH2023-110mH-M-R1-H1,WCH,2023,110mH,M,R1,1,5,MOCK ATHLETE M110mH-061,0.157,,MOCK,1
WCH2023-110mH-M-R1-H1,WCH,2023,110mH,M,R1,1,6,MOCK ATHLETE M110mH-046,0.167,,MOCK,1
WCH2023-110mH-M-R1-H1,WCH,2023,110mH,M,R1,1,7,MOCK ATHLETE M110mH-019,0.16,,MOCK,1
WCH2023-110mH-M-R1-H1,WCH,2023,110mH,M,R1,1,8,MOCK ATHLETE M110mH-053,0.172,,MOCK,1
WCH2023-110mH-M-R1-H1,WCH,2023,110mH,M,R1,1,9,MOCK ATHLETE M110mH-024,0.172,,MOCK,1
WCH2023-110mH-M-R1-H2,WCH,2023,110mH,M,R1,2,2,MOCK ATHLETE M110mH-005,0.126,,MOCK,1
WCH2023-110mH-M-R1-H2,WCH,2023,110mH,M,R1,2,3,MOCK ATHLETE M110mH-052,0.165,,MOCK,1
WCH2023-110mH-M-R1-H2,WCH,2023,110mH,M,R1,2,4,MOCK ATHLETE M110mH-009,0.15,,MOCK,1
WCH2023-110mH-M-R1-H2,WCH,2023,110mH,M,R1,2,5,MOCK ATHLETE M110mH-011,0.151,,MOCK,1
WCH2023-110mH-M-R1-H2,WCH,2023,110mH,M,R1,2,6,MOCK ATHLETE M110mH-002,0.148,,MOCK,1
WCH2023-110mH-M-R1-H2,WCH,2023,110mH,M,R1,2,7,MOCK ATHLETE M110mH-063,0.17,,MOCK,1
WCH2023-110mH-M-R1-H2,WCH,2023,110mH,M,R1,2,8,MOCK ATHLETE M110mH-060,0.139,,MOCK,1
WCH2023-110mH-M-R1-H2,WCH,2023,110mH,M,R1,2,9,MOCK ATHLETE M110mH-040,0.156,,MOCK,1
WCH2023-110mH-M-R1-H3,WCH,2023,110mH,M,R1,3,2,MOCK ATHLETE M110mH-065,0.178,,MOCK,1
WCH2023-110mH-M-R1-H3,WCH,2023,110mH,M,R1,3,3,MOCK ATHLETE M110mH-055,0.179,,MOCK,1
WCH2023-110mH-M-R1-H3,WCH,2023,110mH,M,R1,3,4,MOCK ATHLETE M110mH-008,0.156,,MOCK,1
WCH2023-110mH-M-R1-H3,WCH,2023,110mH,M,R1,3,5,MOCK ATHLETE M110mH-018,0.17,,MOCK,1
WCH2023-110mH-M-R1-H3,WCH,2023,110mH,M,R1,3,6,MOCK ATHLETE M110mH-042,0.163,,MOCK,1
WCH2023-110mH-M-R1-H3,WCH,2023,110mH,M,R1,3,7,MOCK ATHLETE M110mH-068,0.157,,MOCK,1
WCH2023-110mH-M-R1-H3,WCH,2023,110mH,M,R1,3,8,MOCK ATHLETE M110mH-041,0.213,,MOCK,1
WCH2023-110mH-M-R1-H3,WCH,2023,110mH,M,R1,3,9,MOCK ATHLETE M110mH-028,0.179,,MOCK,1
WCH2023-110mH-M-R1-H4,WCH,2023,110mH,M,R1,4,2,MOCK ATHLETE M110mH-030,0.148,,MOCK,1
WCH2023-110mH-M-R1-H4,WCH,2023,110mH,M,R1,4,3,MOCK ATHLETE M110mH-026,0.142,,MOCK,1
WCH2023-110mH-M-R1-H4,WCH,2023,110mH,M,R1,4,4,MOCK ATHLETE M110mH-059,0.179,,MOCK,1
WCH2023-110mH-M-R1-H4,WCH,2023,110mH,M,R1,4,5,MOCK ATHLETE M110mH-066,0.155,,MOCK,1
WCH2023-110mH-M-R1-H4,WCH,2023,110mH,M,R1,4,6,MOCK ATHLETE M110mH-029,0.166,,MOCK,1
WCH2023-110mH-M-R1-H4,WCH,2023,110mH,M,R1,4,7,MOCK ATHLETE M110mH-025,0.147,,MOCK,1
WCH2023-110mH-M-R1-H4,WCH,2023,110mH,M,R1,4,8,MOCK ATHLETE M110mH-048,0.164,,MOCK,1
WCH2023-110mH-M-R1-H4,WCH,2023,110mH,M,R1,4,9,MOCK ATHLETE M110mH-067,0.123,,MOCK,1
WCH2023-110mH-M-R1-H5,WCH,2023,110mH,M,R1,5,2,MOCK ATHLETE M110mH-034,0.151,,MOCK,1
WCH2023-110mH-M-R1-H5,WCH,2023,110mH,M,R1,5,3,MOCK ATHLETE M110mH-007,0.191,,MOCK,1
WCH2023-110mH-M-R1-H5,WCH,2023,110mH,M,R1,5,4,MOCK ATHLETE M110mH-016,0.132,,MOCK,1
WCH2023-110mH-M-R1-H5,WCH,2023,110mH,M,R1,5,5,MOCK ATHLETE M110mH-049,0.152,,MOCK,1
WCH2023-110mH-M-R1-H5,WCH,2023,110mH,M,R1,5,6,MOCK ATHLETE M110mH-045,0.17,,MOCK,1
WCH2023-110mH-M-R1-H5,WCH,2023,110mH,M,R1,5,7,MOCK ATHLETE M110mH-020,0.135,,MOCK,1
WCH2023-110mH-M-R1-H5,WCH,2023,110mH,M,R1,5,8,MOCK ATHLETE M110mH-023,0.144,,MOCK,1
WCH2023-110mH-M-R1-H5,WCH,2023,110mH,M,R1,5,9,MOCK ATHLETE M110mH-006,0.171,,MOCK,1
WCH2023-110mH-M-R1-H6,WCH,2023,110mH,M,R1,6,2,MOCK ATHLETE M110mH-010,0.159,,MOCK,1
WCH2023-110mH-M-R1-H6,WCH,2023,110mH,M,R1,6,3,MOCK ATHLETE M110mH-050,0.14,,MOCK,1
WCH2023-110mH-M-R1-H6,WCH,2023,110mH,M,R1,6,4,MOCK ATHLETE M110mH-014,0.139,,MOCK,1
WCH2023-110mH-M-R1-H6,WCH,2023,110mH,M,R1,6,5,MOCK ATHLETE M110mH-069,0.187,,MOCK,1
WCH2023-110mH-M-R1-H6,WCH,2023,110mH,M,R1,6,6,MOCK ATHLETE M110mH-062,0.153,,MOCK,1
WCH2023-110mH-M-R1-H6,WCH,2023,110mH,M,R1,6,7,MOCK ATHLETE M110mH-056,0.17,,MOCK,1
WCH2023-110mH-M-R1-H6,WCH,2023,110mH,M,R1,6,8,MOCK ATHLETE M110mH-003,0.138,,MOCK,1
WCH2023-110mH-M-R1-H6,WCH,2023,110mH,M,R1,6,9,MOCK ATHLETE M110mH-031,0.185,,MOCK,1
WCH2023-110mH-M-SF-H1,WCH,2023,110mH,M,SF,1,2,MOCK ATHLETE M110mH-024,0.14,,MOCK,1
WCH2023-110mH-M-SF-H1,WCH,2023,110mH,M,SF,1,3,MOCK ATHLETE M110mH-056,0.155,,MOCK,1
WCH2023-110mH-M-SF-H1,WCH,2023,110mH,M,SF,1,4,MOCK ATHLETE M110mH-028,0.155,,MOCK,1
WCH2023-110mH-M-SF-H1,WCH,2023,110mH,M,SF,1,5,MOCK ATHLETE M110mH-052,0.157,,MOCK,1
WCH2023-110mH-M-SF-H1,WCH,2023,110mH,M,SF,1,6,MOCK ATHLETE M110mH-062,0.16,,MOCK,1
WCH2023-110mH-M-SF-H1,WCH,2023,110mH,M,SF,1,7,MOCK ATHLETE M110mH-002,0.139,,MOCK,1
WCH2023-110mH-M-SF-H1,WCH,2023,110mH,M,SF,1,8,MOCK ATHLETE M110mH-050,0.149,,MOCK,1
WCH2023-110mH-M-SF-H1,WCH,2023,110mH,M,SF,1,9,MOCK ATHLETE M110mH-029,0.203,,MOCK,1
WCH2023-110mH-M-SF-H2,WCH,2023,110mH,M,SF,2,2,MOCK ATHLETE M110mH-023,0.138,,MOCK,1
WCH2023-110mH-M-SF-H2,WCH,2023,110mH,M,SF,2,3,MOCK ATHLETE M110mH-005,0.151,,MOCK,1
WCH2023-110mH-M-SF-H2,WCH,2023,110mH,M,SF,2,4,MOCK ATHLETE M110mH-049,0.144,,MOCK,1
WCH2023-110mH-M-SF-H2,WCH,2023,110mH,M,SF,2,5,MOCK ATHLETE M110mH-009,0.137,,MOCK,1
WCH2023-110mH-M-SF-H2,WCH,2023,110mH,M,SF,2,6,MOCK ATHLETE M110mH-040,0.126,,MOCK,1
WCH2023-110mH-M-SF-H2,WCH,2023,110mH,M,SF,2,7,MOCK ATHLETE M110mH-030,0.143,,MOCK,1
WCH2023-110mH-M-SF-H2,WCH,2023,110mH,M,SF,2,8,MOCK ATHLETE M110mH-016,0.157,,MOCK,1
WCH2023-110mH-M-SF-H2,WCH,2023,110mH,M,SF,2,9,MOCK ATHLETE M110mH-003,0.145,,MOCK,1
WCH2023-110mH-M-SF-H3,WCH,2023,110mH,M,SF,3,2,MOCK ATHLETE M110mH-034,0.151,,MOCK,1
WCH2023-110mH-M-SF-H3,WCH,2023,110mH,M,SF,3,3,MOCK ATHLETE M110mH-059,0.198,,MOCK,1
WCH2023-110mH-M-SF-H3,WCH,2023,110mH,M,SF,3,4,MOCK ATHLETE M110mH-068,0.181,,MOCK,1
WCH2023-110mH-M-SF-H3,WCH,2023,110mH,M,SF,3,5,MOCK ATHLETE M110mH-060,0.151,,MOCK,1
WCH2023-110mH-M-SF-H3,WCH,2023,110mH,M,SF,3,6,MOCK ATHLETE M110mH-069,0.149,,MOCK,1
WCH2023-110mH-M-SF-H3,WCH,2023,110mH,M,SF,3,7,MOCK ATHLETE M110mH-019,0.138,,MOCK,1
WCH2023-110mH-M-SF-H3,WCH,2023,110mH,M,SF,3,8,MOCK ATHLETE M110mH-041,0.165,,MOCK,1
WCH2023-110mH-M-SF-H3,WCH,2023,110mH,M,SF,3,9,MOCK ATHLETE M110mH-000,0.158,,MOCK,1
WCH2023-110mH-M-F-H1,WCH,2023,110mH,M,F,1,2,MOCK ATHLETE M110mH-069,0.175,,MOCK,1
WCH2023-110mH-M-F-H1,WCH,2023,110mH,M,F,1,3,MOCK ATHLETE M110mH-056,0.186,,MOCK,1
WCH2023-110mH-M-F-H1,WCH,2023,110mH,M,F,1,4,MOCK ATHLETE M110mH-062,0.17,,MOCK,1
WCH2023-110mH-M-F-H1,WCH,2023,110mH,M,F,1,5,MOCK ATHLETE M110mH-030,0.142,,MOCK,1
WCH2023-110mH-M-F-H1,WCH,2023,110mH,M,F,1,6,MOCK ATHLETE M110mH-040,0.166,,MOCK,1
WCH2023-110mH-M-F-H1,WCH,2023,110mH,M,F,1,7,MOCK ATHLETE M110mH-068,0.173,,MOCK,1
WCH2023-110mH-M-F-H1,WCH,2023,110mH,M,F,1,8,MOCK ATHLETE M110mH-009,0.162,,MOCK,1
WCH2023-110mH-M-F-H1,WCH,2023,110mH,M,F,1,9,MOCK ATHLETE M110mH-003,0.162,,MOCK,1
WCH2023-100m-W-PR-H1,WCH,2023,100m,W,PR,1,2,MOCK PR W100m2023-0,0.133,,MOCK,1
WCH2023-100m-W-PR-H1,WCH,2023,100m,W,PR,1,3,MOCK PR W100m2023-1,0.182,,MOCK,1
WCH2023-100m-W-PR-H1,WCH,2023,100m,W,PR,1,4,MOCK PR W100m2023-2,0.152,,MOCK,1
WCH2023-100m-W-PR-H1,WCH,2023,100m,W,PR,1,5,MOCK PR W100m2023-3,0.175,,MOCK,1
WCH2023-100m-W-PR-H1,WCH,2023,100m,W,PR,1,6,MOCK PR W100m2023-4,0.191,,MOCK,1
WCH2023-100m-W-PR-H1,WCH,2023,100m,W,PR,1,7,MOCK PR W100m2023-5,0.185,,MOCK,1
WCH2023-100m-W-PR-H1,WCH,2023,100m,W,PR,1,8,MOCK PR W100m2023-6,0.172,,MOCK,1
WCH2023-100m-W-PR-H1,WCH,2023,100m,W,PR,1,9,MOCK PR W100m2023-7,0.172,,MOCK,1
WCH2023-100m-W-PR-H2,WCH,2023,100m,W,PR,2,2,MOCK PR W100m2023-8,0.188,,MOCK,1
WCH2023-100m-W-PR-H2,WCH,2023,100m,W,PR,2,3,MOCK PR W100m2023-9,0.166,,MOCK,1
WCH2023-100m-W-PR-H2,WCH,2023,100m,W,PR,2,4,MOCK PR W100m2023-10,0.213,,MOCK,1
WCH2023-100m-W-PR-H2,WCH,2023,100m,W,PR,2,5,MOCK PR W100m2023-11,0.165,,MOCK,1
WCH2023-100m-W-PR-H2,WCH,2023,100m,W,PR,2,6,MOCK PR W100m2023-12,0.157,,MOCK,1
WCH2023-100m-W-PR-H2,WCH,2023,100m,W,PR,2,7,MOCK PR W100m2023-13,0.163,,MOCK,1
WCH2023-100m-W-PR-H2,WCH,2023,100m,W,PR,2,8,MOCK PR W100m2023-14,0.183,,MOCK,1
WCH2023-100m-W-PR-H2,WCH,2023,100m,W,PR,2,9,MOCK PR W100m2023-15,0.191,,MOCK,1
WCH2023-100m-W-R1-H1,WCH,2023,100m,W,R1,1,2,MOCK ATHLETE W100m-035,0.169,,MOCK,1
WCH2023-100m-W-R1-H1,WCH,2023,100m,W,R1,1,3,MOCK ATHLETE W100m-003,0.161,,MOCK,1
WCH2023-100m-W-R1-H1,WCH,2023,100m,W,R1,1,4,MOCK ATHLETE W100m-004,0.15,,MOCK,1
WCH2023-100m-W-R1-H1,WCH,2023,100m,W,R1,1,5,MOCK ATHLETE W100m-038,0.16,,MOCK,1
WCH2023-100m-W-R1-H1,WCH,2023,100m,W,R1,1,6,MOCK ATHLETE W100m-046,0.183,,MOCK,1
WCH2023-100m-W-R1-H1,WCH,2023,100m,W,R1,1,7,MOCK ATHLETE W100m-008,0.166,,MOCK,1
WCH2023-100m-W-R1-H1,WCH,2023,100m,W,R1,1,8,MOCK ATHLETE W100m-050,0.169,,MOCK,1
WCH2023-100m-W-R1-H1,WCH,2023,100m,W,R1,1,9,MOCK ATHLETE W100m-022,0.181,,MOCK,1
WCH2023-100m-W-R1-H2,WCH,2023,100m,W,R1,2,2,MOCK ATHLETE W100m-042,0.188,,MOCK,1
WCH2023-100m-W-R1-H2,WCH,2023,100m,W,R1,2,3,MOCK ATHLETE W100m-060,0.171,,MOCK,1
WCH2023-100m-W-R1-H2,WCH,2023,100m,W,R1,2,4,MOCK ATHLETE W100m-036,0.153,,MOCK,1
WCH2023-100m-W-R1-H2,WCH,2023,100m,W,R1,2,5,MOCK ATHLETE W100m-069,0.145,,MOCK,1
WCH2023-100m-W-R1-H2,WCH,2023,100m,W,R1,2,6,MOCK ATHLETE W100m-055,0.183,,MOCK,1
WCH2023-100m-W-R1-H2,WCH,2023,100m,W,R1,2,7,MOCK ATHLETE W100m-009,0.149,,MOCK,1
WCH2023-100m-W-R1-H2,WCH,2023,100m,W,R1,2,8,MOCK ATHLETE W100m-014,0.169,,MOCK,1
WCH2023-100m-W-R1-H2,WCH,2023,100m,W,R1,2,9,MOCK ATHLETE W100m-028,0.139,,MOCK,1
WCH2023-100m-W-R1-H3,WCH,2023,100m,W,R1,3,2,MOCK ATHLETE W100m-005,0.157,,MOCK,1
WCH2023-100m-W-R1-H3,WCH,2023,100m,W,R1,3,3,MOCK ATHLETE W100m-043,0.143,,MOCK,1
WCH2023-100m-W-R1-H3,WCH,2023,100m,W,R1,3,4,MOCK ATHLETE W100m-061,0.13,,MOCK,1
WCH2023-100m-W-R1-H3,WCH,2023,100m,W,R1,3,5,MOCK ATHLETE W100m-051,0.183,,MOCK,1
WCH2023-100m-W-R1-H3,WCH,2023,100m,W,R1,3,6,MOCK ATHLETE W100m-018,0.152,,MOCK,1
WCH2023-100m-W-R1-H3,WCH,2023,100m,W,R1,3,7,MOCK ATHLETE W100m-065,0.145,,MOCK,1
WCH2023-100m-W-R1-H3,WCH,2023,100m,W,R1,3,8,MOCK ATHLETE W100m-058,0.141,,MOCK,1
WCH2023-100m-W-R1-H3,WCH,2023,100m,W,R1,3,9,MOCK ATHLETE W100m-025,0.114,,MOCK,1
WCH2023-100m-W-R1-H4,WCH,2023,100m,W,R1,4,2,MOCK ATHLETE W100m-019,0.167,,MOCK,1
WCH2023-100m-W-R1-H4,WCH,2023,100m,W,R1,4,3,MOCK ATHLETE W100m-049,0.156,,MOCK,1
WCH2023-100m-W-R1-H4,WCH,2023,100m,W,R1,4,4,MOCK ATHLETE W100m-031,0.188,,MOCK,1
WCH2023-100m-W-R1-H4,WCH,2023,100m,W,R1,4,5,MOCK ATHLETE W100m-044,0.161,,MOCK,1
WCH2023-100m-W-R1-H4,WCH,2023,100m,W,R1,4,6,MOCK ATHLETE W100m-001,0.178,,MOCK,1
WCH2023-100m-W-R1-H4,WCH,2023,100m,W,R1,4,7,MOCK ATHLETE W100m-012,0.168,,MOCK,1
WCH2023-100m-W-R1-H4,WCH,2023,100m,W,R1,4,8,MOCK ATHLETE W100m-047,0.187,,MOCK,1
WCH2023-100m-W-R1-H5,WCH,2023,100m,W,R1,5,2,MOCK ATHLETE W100m-027,0.17,,MOCK,1
WCH2023-100m-W-R1-H5,WCH,2023,100m,W,R1,5,3,MOCK ATHLETE W100m-032,0.127,,MOCK,1
WCH2023-100m-W-R1-H5,WCH,2023,100m,W,R1,5,4,MOCK ATHLETE W100m-059,0.164,,MOCK,1
WCH2023-100m-W-R1-H5,WCH,2023,100m,W,R1,5,5,MOCK ATHLETE W100m-066,0.152,,MOCK,1
WCH2023-100m-W-R1-H5,WCH,2023,100m,W,R1,5,6,MOCK ATHLETE W100m-017,0.158,,MOCK,1
WCH2023-100m-W-R1-H5,WCH,2023,100m,W,R1,5,7,MOCK ATHLETE W100m-040,0.141,,MOCK,1
WCH2023-100m-W-R1-H5,WCH,2023,100m,W,R1,5,8,MOCK ATHLETE W100m-024,0.162,,MOCK,1
WCH2023-100m-W-R1-H5,WCH,2023,100m,W,R1,5,9,MOCK ATHLETE W100m-021,0.179,,MOCK,1
WCH2023-100m-W-R1-H6,WCH,2023,100m,W,R1,6,2,MOCK ATHLETE W100m-020,0.171,,MOCK,1
WCH2023-100m-W-R1-H6,WCH,2023,100m,W,R1,6,3,MOCK ATHLETE W100m-062,0.208,,MOCK,1
WCH2023-100m-W-R1-H6,WCH,2023,100m,W,R1,6,4,MOCK ATHLETE W100m-067,0.141,,MOCK,1
WCH2023-100m-W-R1-H6,WCH,2023,100m,W,R1,6,5,MOCK ATHLETE W100m-013,0.166,,MOCK,1
WCH2023-100m-W-R1-H6,WCH,2023,100m,W,R1,6,6,MOCK ATHLETE W100m-039,0.139,,MOCK,1
WCH2023-100m-W-R1-H6,WCH,2023,100m,W,R1,6,7,MOCK ATHLETE W100m-007,0.144,,MOCK,1
WCH2023-100m-W-R1-H6,WCH,2023,100m,W,R1,6,8,MOCK ATHLETE W100m-000,0.16,,MOCK,1
WCH2023-100m-W-SF-H1,WCH,2023,100m,W,SF,1,2,MOCK ATHLETE W100m-061,0.155,,MOCK,1
WCH2023-100m-W-SF-H1,WCH,2023,100m,W,SF,1,3,MOCK ATHLETE W100m-013,0.165,,MOCK,1
WCH2023-100m-W-SF-H1,WCH,2023,100m,W,SF,1,4,MOCK ATHLETE W100m-049,0.136,,MOCK,1
WCH2023-100m-W-SF-H1,WCH,2023,100m,W,SF,1,5,MOCK ATHLETE W100m-055,0.172,,MOCK,1
WCH2023-100m-W-SF-H1,WCH,2023,100m,W,SF,1,6,MOCK ATHLETE W100m-019,0.164,,MOCK,1
WCH2023-100m-W-SF-H1,WCH,2023,100m,W,SF,1,7,MOCK ATHLETE W100m-009,0.142,,MOCK,1
WCH2023-100m-W-SF-H1,WCH,2023,100m,W,SF,1,8,MOCK ATHLETE W100m-060,0.152,,MOCK,1
WCH2023-100m-W-SF-H1,WCH,2023,100m,W,SF,1,9,MOCK ATHLETE W100m-067,0.124,,MOCK,1
WCH2023-100m-W-SF-H2,WCH,2023,100m,W,SF,2,2,MOCK ATHLETE W100m-027,0.149,,MOCK,1
WCH2023-100m-W-SF-H2,WCH,2023,100m,W,SF,2,3,MOCK ATHLETE W100m-066,0.146,,MOCK,1
WCH2023-100m-W-SF-H2,WCH,2023,100m,W,SF,2,4,MOCK ATHLETE W100m-007,0.149,,MOCK,1
WCH2023-100m-W-SF-H2,WCH,2023,100m,W,SF,2,5,MOCK ATHLETE W100m-004,0.155,,MOCK,1
WCH2023-100m-W-SF-H2,WCH,2023,100m,W,SF,2,6,MOCK ATHLETE W100m-038,0.154,,MOCK,1
WCH2023-100m-W-SF-H2,WCH,2023,100m,W,SF,2,7,MOCK ATHLETE W100m-062,0.182,,MOCK,1
WCH2023-100m-W-SF-H2,WCH,2023,100m,W,SF,2,8,MOCK ATHLETE W100m-042,0.167,,MOCK,1
WCH2023-100m-W-SF-H2,WCH,2023,100m,W,SF,2,9,MOCK ATHLETE W100m-003,0.164,,MOCK,1
WCH2023-100m-W-SF-H3,WCH,2023,100m,W,SF,3,2,MOCK ATHLETE W100m-001,0.162,,MOCK,1
WCH2023-100m-W-SF-H3,WCH,2023,100m,W,SF,3,3,MOCK ATHLETE W100m-024,0.172,,MOCK,1
WCH2023-100m-W-SF-H3,WCH,2023,100m,W,SF,3,4,MOCK ATHLETE W100m-000,0.178,,MOCK,1
WCH2023-100m-W-SF-H3,WCH,2023,100m,W,SF,3,5,MOCK ATHLETE W100m-018,0.136,,MOCK,1
WCH2023-100m-W-SF-H3,WCH,2023,100m,W,SF,3,6,MOCK ATHLETE W100m-014,0.152,,MOCK,1
WCH2023-100m-W-SF-H3,WCH,2023,100m,W,SF,3,7,MOCK ATHLETE W100m-005,0.158,,MOCK,1
WCH2023-100m-W-SF-H3,WCH,2023,100m,W,SF,3,8,MOCK ATHLETE W100m-008,0.136,,MOCK,1
WCH2023-100m-W-SF-H3,WCH,2023,100m,W,SF,3,9,MOCK ATHLETE W100m-017,0.142,,MOCK,1
WCH2023-100m-W-F-H1,WCH,2023,100m,W,F,1,2,MOCK ATHLETE W100m-005,0.153,,MOCK,1
WCH2023-100m-W-F-H1,WCH,2023,100m,W,F,1,3,MOCK ATHLETE W100m-066,0.168,,MOCK,1
WCH2023-100m-W-F-H1,WCH,2023,100m,W,F,1,4,MOCK ATHLETE W100m-000,0.198,,MOCK,1
WCH2023-100m-W-F-H1,WCH,2023,100m,W,F,1,5,MOCK ATHLETE W100m-042,0.186,,MOCK,1
WCH2023-100m-W-F-H1,WCH,2023,100m,W,F,1,6,MOCK ATHLETE W100m-055,0.187,,MOCK,1
WCH2023-100m-W-F-H1,WCH,2023,100m,W,F,1,7,MOCK ATHLETE W100m-003,0.161,,MOCK,1
WCH2023-100m-W-F-H1,WCH,2023,100m,W,F,1,8,MOCK ATHLETE W100m-067,0.127,,MOCK,1
WCH2023-100m-W-F-H1,WCH,2023,100m,W,F,1,9,MOCK ATHLETE W100m-049,0.164,,MOCK,1
WCH2023-200m-W-R1-H1,WCH,2023,200m,W,R1,1,2,MOCK ATHLETE W200m-056,0.19,,MOCK,1
WCH2023-200m-W-R1-H1,WCH,2023,200m,W,R1,1,3,MOCK ATHLETE W200m-068,0.192,,MOCK,1
WCH2023-200m-W-R1-H1,WCH,2023,200m,W,R1,1,4,MOCK ATHLETE W200m-013,0.18,,MOCK,1
WCH2023-200m-W-R1-H1,WCH,2023,200m,W,R1,1,5,MOCK ATHLETE W200m-040,0.149,,MOCK,1
WCH2023-200m-W-R1-H1,WCH,2023,200m,W,R1,1,6,MOCK ATHLETE W200m-041,0.2,,MOCK,1
WCH2023-200m-W-R1-H1,WCH,2023,200m,W,R1,1,7,MOCK ATHLETE W200m-034,0.167,,MOCK,1
WCH2023-200m-W-R1-H1,WCH,2023,200m,W,R1,1,8,MOCK ATHLETE W200m-032,0.175,,MOCK,1
WCH2023-200m-W-R1-H1,WCH,2023,200m,W,R1,1,9,MOCK ATHLETE W200m-027,0.063,DQ TR16.8,MOCK,1
WCH2023-200m-W-R1-H2,WCH,2023,200m,W,R1,2,2,MOCK ATHLETE W200m-057,0.147,,MOCK,1
WCH2023-200m-W-R1-H2,WCH,2023,200m,W,R1,2,3,MOCK ATHLETE W200m-066,0.154,,MOCK,1
WCH2023-200m-W-R1-H2,WCH,2023,200m,W,R1,2,4,MOCK ATHLETE W200m-033,0.158,,MOCK,1
WCH2023-200m-W-R1-H2,WCH,2023,200m,W,R1,2,5,MOCK ATHLETE W200m-038,0.174,,MOCK,1
WCH2023-200m-W-R1-H2,WCH,2023,200m,W,R1,2,6,MOCK ATHLETE W200m-030,0.145,,MOCK,1
WCH2023-200m-W-R1-H2,WCH,2023,200m,W,R1,2,7,MOCK ATHLETE W200m-008,0.132,,MOCK,1
WCH2023-200m-W-R1-H2,WCH,2023,200m,W,R1,2,8,MOCK ATHLETE W200m-053,0.188,,MOCK,1
WCH2023-200m-W-R1-H2,WCH,2023,200m,W,R1,2,9,MOCK ATHLETE W200m-024,0.157,,MOCK,1
WCH2023-200m-W-R1-H3,WCH,2023,200m,W,R1,3,2,MOCK ATHLETE W200m-011,0.182,,MOCK,1
WCH2023-200m-W-R1-H3,WCH,2023,200m,W,R1,3,3,MOCK ATHLETE W200m-050,0.167,,MOCK,1
WCH2023-200m-W-R1-H3,WCH,2023,200m,W,R1,3,4,MOCK ATHLETE W200m-067,0.2,,MOCK,1
WCH2023-200m-W-R1-H3,WCH,2023,200m,W,R1,3,5,MOCK ATHLETE W200m-002,0.187,,MOCK,1
WCH2023-200m-W-R1-H3,WCH,2023,200m,W,R1,3,6,MOCK ATHLETE W200m-016,0.202,,MOCK,1
WCH2023-200m-W-R1-H3,WCH,2023,200m,W,R1,3,7,MOCK ATHLETE W200m-055,0.184,,MOCK,1
WCH2023-200m-W-R1-H3,WCH,2023,200m,W,R1,3,8,MOCK ATHLETE W200m-052,0.141,,MOCK,1
WCH2023-200m-W-R1-H3,WCH,2023,200m,W,R1,3,9,MOCK ATHLETE W200m-010,0.142,,MOCK,1
WCH2023-200m-W-R1-H4,WCH,2023,200m,W,R1,4,2,MOCK ATHLETE W200m-000,0.164,,MOCK,1
WCH2023-200m-W-R1-H4,WCH,2023,200m,W,R1,4,3,MOCK ATHLETE W200m-023,0.17,,MOCK,1
WCH2023-200m-W-R1-H4,WCH,2023,200m,W,R1,4,4,MOCK ATHLETE W200m-045,0.19,,MOCK,1
WCH2023-200m-W-R1-H4,WCH,2023,200m,W,R1,4,5,MOCK ATHLETE W200m-005,0.169,,MOCK,1
WCH2023-200m-W-R1-H4,WCH,2023,200m,W,R1,4,6,MOCK ATHLETE W200m-017,0.179,,MOCK,1
WCH2023-200m-W-R1-H4,WCH,2023,200m,W,R1,4,7,MOCK ATHLETE W200m-028,0.154,,MOCK,1
WCH2023-200m-W-R1-H4,WCH,2023,200m,W,R1,4,8,MOCK ATHLETE W200m-046,0.164,,MOCK,1
WCH2023-200m-W-R1-H4,WCH,2023,200m,W,R1,4,9,MOCK ATHLETE W200m-014,0.182,,MOCK,1
WCH2023-200m-W-R1-H5,WCH,2023,200m,W,R1,5,2,MOCK ATHLETE W200m-036,0.158,,MOCK,1
WCH2023-200m-W-R1-H5,WCH,2023,200m,W,R1,5,3,MOCK ATHLETE W200m-018,0.193,,MOCK,1
WCH2023-200m-W-R1-H5,WCH,2023,200m,W,R1,5,4,MOCK ATHLETE W200m-003,0.169,,MOCK,1
WCH2023-200m-W-R1-H5,WCH,2023,200m,W,R1,5,5,MOCK ATHLETE W200m-054,0.166,,MOCK,1
WCH2023-200m-W-R1-H5,WCH,2023,200m,W,R1,5,6,MOCK ATHLETE W200m-064,0.146,,MOCK,1
WCH2023-200m-W-R1-H5,WCH,2023,200m,W,R1,5,7,MOCK ATHLETE W200m-037,0.165,,MOCK,1
WCH2023-200m-W-R1-H5,WCH,2023,200m,W,R1,5,8,MOCK ATHLETE W200m-004,0.184,,MOCK,1
WCH2023-200m-W-R1-H5,WCH,2023,200m,W,R1,5,9,MOCK ATHLETE W200m-049,0.188,,MOCK,1
WCH2023-200m-W-R1-H6,WCH,2023,200m,W,R1,6,2,MOCK ATHLETE W200m-019,0.182,,MOCK,1
WCH2023-200m-W-R1-H6,WCH,2023,200m,W,R1,6,3,MOCK ATHLETE W200m-022,0.147,,MOCK,1
WCH2023-200m-W-R1-H6,WCH,2023,200m,W,R1,6,4,MOCK ATHLETE W200m-063,0.162,,MOCK,1
WCH2023-200m-W-R1-H6,WCH,2023,200m,W,R1,6,5,MOCK ATHLETE W200m-039,0.183,,MOCK,1
WCH2023-200m-W-R1-H6,WCH,2023,200m,W,R1,6,6,MOCK ATHLETE W200m-058,0.156,,MOCK,1
WCH2023-200m-W-R1-H6,WCH,2023,200m,W,R1,6,7,MOCK ATHLETE W200m-042,0.172,,MOCK,1
WCH2023-200m-W-R1-H6,WCH,2023,200m,W,R1,6,8,MOCK ATHLETE W200m-012,0.195,,MOCK,1
WCH2023-200m-W-R1-H6,WCH,2023,200m,W,R1,6,9,MOCK ATHLETE W200m-035,0.22,,MOCK,1
WCH2023-200m-W-SF-H1,WCH,2023,200m,W,SF,1,2,MOCK ATHLETE W200m-050,0.171,,MOCK,1
WCH2023-200m-W-SF-H1,WCH,2023,200m,W,SF,1,3,MOCK ATHLETE W200m-039,0.184,,MOCK,1
WCH2023-200m-W-SF-H1,WCH,2023,200m,W,SF,1,4,MOCK ATHLETE W200m-040,0.163,,MOCK,1
WCH2023-200m-W-SF-H1,WCH,2023,200m,W,SF,1,5,MOCK ATHLETE W200m-032,0.166,,MOCK,1
WCH2023-200m-W-SF-H1,WCH,2023,200m,W,SF,1,6,MOCK ATHLETE W200m-018,0.195,,MOCK,1
WCH2023-200m-W-SF-H1,WCH,2023,200m,W,SF,1,7,MOCK ATHLETE W200m-056,0.173,,MOCK,1
WCH2023-200m-W-SF-H1,WCH,2023,200m,W,SF,1,8,MOCK ATHLETE W200m-014,0.171,,MOCK,1
WCH2023-200m-W-SF-H1,WCH,2023,200m,W,SF,1,9,MOCK ATHLETE W200m-010,0.169,,MOCK,1
WCH2023-200m-W-SF-H2,WCH,2023,200m,W,SF,2,2,MOCK ATHLETE W200m-028,0.153,,MOCK,1
WCH2023-200m-W-SF-H2,WCH,2023,200m,W,SF,2,3,MOCK ATHLETE W200m-023,0.176,,MOCK,1
WCH2023-200m-W-SF-H2,WCH,2023,200m,W,SF,2,4,MOCK ATHLETE W200m-019,0.183,,MOCK,1
WCH2023-200m-W-SF-H2,WCH,2023,200m,W,SF,2,5,MOCK ATHLETE W200m-037,0.179,,MOCK,1
WCH2023-200m-W-SF-H2,WCH,2023,200m,W,SF,2,6,MOCK ATHLETE W200m-038,0.147,,MOCK,1
WCH2023-200m-W-SF-H2,WCH,2023,200m,W,SF,2,7,MOCK ATHLETE W200m-049,0.188,,MOCK,1
WCH2023-200m-W-SF-H2,WCH,2023,200m,W,SF,2,8,MOCK ATHLETE W200m-035,0.178,,MOCK,1
WCH2023-200m-W-SF-H2,WCH,2023,200m,W,SF,2,9,MOCK ATHLETE W200m-008,0.2,,MOCK,1
WCH2023-200m-W-SF-H3,WCH,2023,200m,W,SF,3,2,MOCK ATHLETE W200m-068,0.181,,MOCK,1
WCH2023-200m-W-SF-H3,WCH,2023,200m,W,SF,3,3,MOCK ATHLETE W200m-005,0.158,,MOCK,1
WCH2023-200m-W-SF-H3,WCH,2023,200m,W,SF,3,4,MOCK ATHLETE W200m-022,0.159,,MOCK,1
WCH2023-200m-W-SF-H3,WCH,2023,200m,W,SF,3,5,MOCK ATHLETE W200m-064,0.167,,MOCK,1
WCH2023-200m-W-SF-H3,WCH,2023,200m,W,SF,3,6,MOCK ATHLETE W200m-024,0.15,,MOCK,1
WCH2023-200m-W-SF-H3,WCH,2023,200m,W,SF,3,7,MOCK ATHLETE W200m-067,0.225,,MOCK,1
WCH2023-200m-W-SF-H3,WCH,2023,200m,W,SF,3,8,MOCK ATHLETE W200m-053,0.192,,MOCK,1
WCH2023-200m-W-SF-H3,WCH,2023,200m,W,SF,3,9,MOCK ATHLETE W200m-058,0.158,,MOCK,1
WCH2023-200m-W-F-H1,WCH,2023,200m,W,F,1,2,MOCK ATHLETE W200m-022,0.186,,MOCK,1
WCH2023-200m-W-F-H1,WCH,2023,200m,W,F,1,3,MOCK ATHLETE W200m-064,0.165,,MOCK,1
WCH2023-200m-W-F-H1,WCH,2023,200m,W,F,1,4,MOCK ATHLETE W200m-039,0.155,,MOCK,1
WCH2023-200m-W-F-H1,WCH,2023,200m,W,F,1,5,MOCK ATHLETE W200m-010,0.17,,MOCK,1
WCH2023-200m-W-F-H1,WCH,2023,200m,W,F,1,6,MOCK ATHLETE W200m-028,0.181,,MOCK,1
WCH2023-200m-W-F-H1,WCH,2023,200m,W,F,1,7,MOCK ATHLETE W200m-058,0.161,,MOCK,1
WCH2023-200m-W-F-H1,WCH,2023,200m,W,F,1,8,MOCK ATHLETE W200m-005,0.143,,MOCK,1
WCH2023-200m-W-F-H1,WCH,2023,200m,W,F,1,9,MOCK ATHLETE W200m-068,0.195,,MOCK,1
WCH2023-100mH-W-R1-H1,WCH,2023,100mH,W,R1,1,2,MOCK ATHLETE W100mH-065,0.146,,MOCK,1
WCH2023-100mH-W-R1-H1,WCH,2023,100mH,W,R1,1,3,MOCK ATHLETE W100mH-008,0.163,,MOCK,1
WCH2023-100mH-W-R1-H1,WCH,2023,100mH,W,R1,1,4,MOCK ATHLETE W100mH-012,0.174,,MOCK,1
WCH2023-100mH-W-R1-H1,WCH,2023,100mH,W,R1,1,5,MOCK ATHLETE W100mH-029,0.161,,MOCK,1
WCH2023-100mH-W-R1-H1,WCH,2023,100mH,W,R1,1,6,MOCK ATHLETE W100mH-014,0.154,,MOCK,1
WCH2023-100mH-W-R1-H1,WCH,2023,100mH,W,R1,1,7,MOCK ATHLETE W100mH-017,0.175,,MOCK,1
WCH2023-100mH-W-R1-H1,WCH,2023,100mH,W,R1,1,8,MOCK ATHLETE W100mH-061,0.18,,MOCK,1
WCH2023-100mH-W-R1-H2,WCH,2023,100mH,W,R1,2,2,MOCK ATHLETE W100mH-019,0.181,,MOCK,1
WCH2023-100mH-W-R1-H2,WCH,2023,100mH,W,R1,2,3,MOCK ATHLETE W100mH-028,0.159,,MOCK,1
WCH2023-100mH-W-R1-H2,WCH,2023,100mH,W,R1,2,4,MOCK ATHLETE W100mH-055,0.15,,MOCK,1
WCH2023-100mH-W-R1-H2,WCH,2023,100mH,W,R1,2,5,MOCK ATHLETE W100mH-018,0.175,,MOCK,1
WCH2023-100mH-W-R1-H2,WCH,2023,100mH,W,R1,2,6,MOCK ATHLETE W100mH-052,0.16,,MOCK,1
WCH2023-100mH-W-R1-H2,WCH,2023,100mH,W,R1,2,7,MOCK ATHLETE W100mH-043,0.125,,MOCK,1
WCH2023-100mH-W-R1-H2,WCH,2023,100mH,W,R1,2,8,MOCK ATHLETE W100mH-024,0.176,,MOCK,1
WCH2023-100mH-W-R1-H2,WCH,2023,100mH,W,R1,2,9,MOCK ATHLETE W100mH-039,0.162,,MOCK,1
WCH2023-100mH-W-R1-H3,WCH,2023,100mH,W,R1,3,2,MOCK ATHLETE W100mH-037,0.152,,MOCK,1
WCH2023-100mH-W-R1-H3,WCH,2023,100mH,W,R1,3,3,MOCK ATHLETE W100mH-022,0.145,,MOCK,1
WCH2023-100mH-W-R1-H3,WCH,2023,100mH,W,R1,3,4,MOCK ATHLETE W100mH-020,0.172,,MOCK,1
WCH2023-100mH-W-R1-H3,WCH,2023,100mH,W,R1,3,5,MOCK ATHLETE W100mH-049,0.171,,MOCK,1
WCH2023-100mH-W-R1-H3,WCH,2023,100mH,W,R1,3,6,MOCK ATHLETE W100mH-009,0.181,,MOCK,1
WCH2023-100mH-W-R1-H3,WCH,2023,100mH,W,R1,3,7,MOCK ATHLETE W100mH-069,0.169,,MOCK,1
WCH2023-100mH-W-R1-H3,WCH,2023,100mH,W,R1,3,8,MOCK ATHLETE W100mH-016,0.217,,MOCK,1
WCH2023-100mH-W-R1-H3,WCH,2023,100mH,W,R1,3,9,MOCK ATHLETE W100mH-038,0.174,,MOCK,1
WCH2023-100mH-W-R1-H4,WCH,2023,100mH,W,R1,4,2,MOCK ATHLETE W100mH-002,0.179,,MOCK,1
WCH2023-100mH-W-R1-H4,WCH,2023,100mH,W,R1,4,3,MOCK ATHLETE W100mH-010,0.187,,MOCK,1
WCH2023-100mH-W-R1-H4,WCH,2023,100mH,W,R1,4,4,MOCK ATHLETE W100mH-067,0.176,,MOCK,1
WCH2023-100mH-W-R1-H4,WCH,2023,100mH,W,R1,4,5,MOCK ATHLETE W100mH-064,0.176,,MOCK,1
WCH2023-100mH-W-R1-H4,WCH,2023,100mH,W,R1,4,6,MOCK ATHLETE W100mH-050,0.195,,MOCK,1
WCH2023-100mH-W-R1-H4,WCH,2023,100mH,W,R1,4,7,MOCK ATHLETE W100mH-032,0.178,,MOCK,1
WCH2023-100mH-W-R1-H4,WCH,2023,100mH,W,R1,4,8,MOCK ATHLETE W100mH-062,0.201,,MOCK,1
WCH2023-100mH-W-R1-H4,WCH,2023,100mH,W,R1,4,9,MOCK ATHLETE W100mH-011,0.192,,MOCK,1
WCH2023-100mH-W-R1-H5,WCH,2023,100mH,W,R1,5,2,MOCK ATHLETE W100mH-048,0.161,,MOCK,1
WCH2023-100mH-W-R1-H5,WCH,2023,100mH,W,R1,5,3,MOCK ATHLETE W100mH-046,0.158,,MOCK,1
WCH2023-100mH-W-R1-H5,WCH,2023,100mH,W,R1,5,4,MOCK ATHLETE W100mH-030,0.164,,MOCK,1
WCH2023-100mH-W-R1-H5,WCH,2023,100mH,W,R1,5,5,MOCK ATHLETE W100mH-068,0.185,,MOCK,1
WCH2023-100mH-W-R1-H5,WCH,2023,100mH,W,R1,5,6,MOCK ATHLETE W100mH-033,0.165,,MOCK,1
WCH2023-100mH-W-R1-H5,WCH,2023,100mH,W,R1,5,7,MOCK ATHLETE W100mH-063,0.178,,MOCK,1
WCH2023-100mH-W-R1-H5,WCH,2023,100mH,W,R1,5,8,MOCK ATHLETE W100mH-013,0.196,,MOCK,1
WCH2023-100mH-W-R1-H6,WCH,2023,100mH,W,R1,6,2,MOCK ATHLETE W100mH-051,0.186,,MOCK,1
WCH2023-100mH-W-R1-H6,WCH,2023,100mH,W,R1,6,3,MOCK ATHLETE W100mH-053,0.181,,MOCK,1
WCH2023-100mH-W-R1-H6,WCH,2023,100mH,W,R1,6,4,MOCK ATHLETE W100mH-045,0.163,,MOCK,1
WCH2023-100mH-W-R1-H6,WCH,2023,100mH,W,R1,6,5,MOCK ATHLETE W100mH-059,0.154,,MOCK,1
WCH2023-100mH-W-R1-H6,WCH,2023,100mH,W,R1,6,6,MOCK ATHLETE W100mH-041,0.165,,MOCK,1
WCH2023-100mH-W-R1-H6,WCH,2023,100mH,W,R1,6,7,MOCK ATHLETE W100mH-025,0.181,,MOCK,1
WCH2023-100mH-W-R1-H6,WCH,2023,100mH,W,R1,6,8,MOCK ATHLETE W100mH-034,0.218,,MOCK,1
WCH2023-100mH-W-SF-H1,WCH,2023,100mH,W,SF,1,2,MOCK ATHLETE W100mH-018,0.173,,MOCK,1
WCH2023-100mH-W-SF-H1,WCH,2023,100mH,W,SF,1,3,MOCK ATHLETE W100mH-026,0.15,,MOCK,1
WCH2023-100mH-W-SF-H1,WCH,2023,100mH,W,SF,1,4,MOCK ATHLETE W100mH-052,0.179,,MOCK,1
WCH2023-100mH-W-SF-H1,WCH,2023,100mH,W,SF,1,5,MOCK ATHLETE W100mH-063,0.157,,MOCK,1
WCH2023-100mH-W-SF-H1,WCH,2023,100mH,W,SF,1,6,MOCK ATHLETE W100mH-016,0.143,,MOCK,1
WCH2023-100mH-W-SF-H1,WCH,2023,100mH,W,SF,1,7,MOCK ATHLETE W100mH-051,0.178,,MOCK,1
WCH2023-100mH-W-SF-H1,WCH,2023,100mH,W,SF,1,8,MOCK ATHLETE W100mH-067,0.211,,MOCK,1
WCH2023-100mH-W-SF-H1,WCH,2023,100mH,W,SF,1,9,MOCK ATHLETE W100mH-025,0.19,,MOCK,1
WCH2023-100mH-W-SF-H2,WCH,2023,100mH,W,SF,2,2,MOCK ATHLETE W100mH-049,0.147,,MOCK,1
WCH2023-100mH-W-SF-H2,WCH,2023,100mH,W,SF,2,3,MOCK ATHLETE W100mH-022,0.173,,MOCK,1
WCH2023-100mH-W-SF-H2,WCH,2023,100mH,W,SF,2,4,MOCK ATHLETE W100mH-065,0.131,,MOCK,1
WCH2023-100mH-W-SF-H2,WCH,2023,100mH,W,SF,2,5,MOCK ATHLETE W100mH-029,0.16,,MOCK,1
WCH2023-100mH-W-SF-H2,WCH,2023,100mH,W,SF,2,6,MOCK ATHLETE W100mH-009,0.149,,MOCK,1
WCH2023-100mH-W-SF-H2,WCH,2023,100mH,W,SF,2,7,MOCK ATHLETE W100mH-059,0.142,,MOCK,1
WCH2023-100mH-W-SF-H2,WCH,2023,100mH,W,SF,2,8,MOCK ATHLETE W100mH-037,0.158,,MOCK,1
WCH2023-100mH-W-SF-H2,WCH,2023,100mH,W,SF,2,9,MOCK ATHLETE W100mH-014,0.156,,MOCK,1
WCH2023-100mH-W-SF-H3,WCH,2023,100mH,W,SF,3,2,MOCK ATHLETE W100mH-020,0.143,,MOCK,1
WCH2023-100mH-W-SF-H3,WCH,2023,100mH,W,SF,3,3,MOCK ATHLETE W100mH-043,0.165,,MOCK,1
WCH2023-100mH-W-SF-H3,WCH,2023,100mH,W,SF,3,4,MOCK ATHLETE W100mH-055,0.151,,MOCK,1
WCH2023-100mH-W-SF-H3,WCH,2023,100mH,W,SF,3,5,MOCK ATHLETE W100mH-032,0.172,,MOCK,1
WCH2023-100mH-W-SF-H3,WCH,2023,100mH,W,SF,3,6,MOCK ATHLETE W100mH-034,0.178,,MOCK,1
WCH2023-100mH-W-SF-H3,WCH,2023,100mH,W,SF,3,7,MOCK ATHLETE W100mH-028,0.168,,MOCK,1
WCH2023-100mH-W-SF-H3,WCH,2023,100mH,W,SF,3,8,MOCK ATHLETE W100mH-045,0.178,,MOCK,1
WCH2023-100mH-W-SF-H3,WCH,2023,100mH,W,SF,3,9,MOCK ATHLETE W100mH-008,0.18,,MOCK,1
WCH2023-100mH-W-F-H1,WCH,2023,100mH,W,F,1,2,MOCK ATHLETE W100mH-016,0.155,,MOCK,1
WCH2023-100mH-W-F-H1,WCH,2023,100mH,W,F,1,3,MOCK ATHLETE W100mH-025,0.174,,MOCK,1
WCH2023-100mH-W-F-H1,WCH,2023,100mH,W,F,1,4,MOCK ATHLETE W100mH-067,0.153,,MOCK,1
WCH2023-100mH-W-F-H1,WCH,2023,100mH,W,F,1,5,MOCK ATHLETE W100mH-052,0.154,,MOCK,1
WCH2023-100mH-W-F-H1,WCH,2023,100mH,W,F,1,6,MOCK ATHLETE W100mH-014,0.154,,MOCK,1
WCH2023-100mH-W-F-H1,WCH,2023,100mH,W,F,1,7,MOCK ATHLETE W100mH-051,0.162,,MOCK,1
WCH2023-100mH-W-F-H1,WCH,2023,100mH,W,F,1,8,MOCK ATHLETE W100mH-009,0.159,,MOCK,1
WCH2023-100mH-W-F-H1,WCH,2023,100mH,W,F,1,9,MOCK ATHLETE W100mH-028,0.145,,MOCK,1
OG2012-100m-M-R1-H1,OG,2012,100m,M,R1,1,2,MOCK ATHLETE M100m-059,0.121,,MOCK,1
OG2012-100m-M-R1-H1,OG,2012,100m,M,R1,1,3,MOCK ATHLETE M100m-011,0.136,,MOCK,1
OG2012-100m-M-R1-H1,OG,2012,100m,M,R1,1,4,MOCK ATHLETE M100m-060,0.15,,MOCK,1
OG2012-100m-M-R1-H1,OG,2012,100m,M,R1,1,5,MOCK ATHLETE M100m-050,0.135,,MOCK,1
OG2012-100m-M-R1-H1,OG,2012,100m,M,R1,1,6,MOCK ATHLETE M100m-037,0.151,,MOCK,1
OG2012-100m-M-R1-H1,OG,2012,100m,M,R1,1,7,MOCK ATHLETE M100m-055,0.136,,MOCK,1
OG2012-100m-M-R1-H1,OG,2012,100m,M,R1,1,8,MOCK ATHLETE M100m-039,0.136,,MOCK,1
OG2012-100m-M-R1-H1,OG,2012,100m,M,R1,1,9,MOCK ATHLETE M100m-061,0.128,,MOCK,1
OG2012-100m-M-R1-H2,OG,2012,100m,M,R1,2,2,MOCK ATHLETE M100m-046,0.145,,MOCK,1
OG2012-100m-M-R1-H2,OG,2012,100m,M,R1,2,3,MOCK ATHLETE M100m-032,0.133,,MOCK,1
OG2012-100m-M-R1-H2,OG,2012,100m,M,R1,2,4,MOCK ATHLETE M100m-000,0.11,,MOCK,1
OG2012-100m-M-R1-H2,OG,2012,100m,M,R1,2,5,MOCK ATHLETE M100m-023,0.157,,MOCK,1
OG2012-100m-M-R1-H2,OG,2012,100m,M,R1,2,6,MOCK ATHLETE M100m-035,0.119,,MOCK,1
OG2012-100m-M-R1-H2,OG,2012,100m,M,R1,2,7,MOCK ATHLETE M100m-017,0.127,,MOCK,1
OG2012-100m-M-R1-H2,OG,2012,100m,M,R1,2,8,MOCK ATHLETE M100m-057,0.13,,MOCK,1
OG2012-100m-M-R1-H2,OG,2012,100m,M,R1,2,9,MOCK ATHLETE M100m-053,0.141,,MOCK,1
OG2012-100m-M-R1-H3,OG,2012,100m,M,R1,3,2,MOCK ATHLETE M100m-041,0.141,,MOCK,1
OG2012-100m-M-R1-H3,OG,2012,100m,M,R1,3,3,MOCK ATHLETE M100m-062,0.155,,MOCK,1
OG2012-100m-M-R1-H3,OG,2012,100m,M,R1,3,4,MOCK ATHLETE M100m-038,0.171,,MOCK,1
OG2012-100m-M-R1-H3,OG,2012,100m,M,R1,3,5,MOCK ATHLETE M100m-015,0.166,,MOCK,1
OG2012-100m-M-R1-H3,OG,2012,100m,M,R1,3,6,MOCK ATHLETE M100m-002,0.138,,MOCK,1
OG2012-100m-M-R1-H3,OG,2012,100m,M,R1,3,7,MOCK ATHLETE M100m-009,0.118,,MOCK,1
OG2012-100m-M-R1-H3,OG,2012,100m,M,R1,3,8,MOCK ATHLETE M100m-043,0.132,,MOCK,1
OG2012-100m-M-R1-H3,OG,2012,100m,M,R1,3,9,MOCK ATHLETE M100m-067,0.166,,MOCK,1
OG2012-100m-M-R1-H4,OG,2012,100m,M,R1,4,2,MOCK ATHLETE M100m-028,0.135,,MOCK,1
OG2012-100m-M-R1-H4,OG,2012,100m,M,R1,4,3,MOCK ATHLETE M100m-049,0.161,,MOCK,1
OG2012-100m-M-R1-H4,OG,2012,100m,M,R1,4,4,MOCK ATHLETE M100m-066,0.157,,MOCK,1
OG2012-100m-M-R1-H4,OG,2012,100m,M,R1,4,5,MOCK ATHLETE M100m-069,0.168,,MOCK,1
OG2012-100m-M-R1-H4,OG,2012,100m,M,R1,4,6,MOCK ATHLETE M100m-008,0.148,,MOCK,1
OG2012-100m-M-R1-H4,OG,2012,100m,M,R1,4,7,MOCK ATHLETE M100m-001,0.153,,MOCK,1
OG2012-100m-M-R1-H4,OG,2012,100m,M,R1,4,8,MOCK ATHLETE M100m-042,0.133,,MOCK,1
OG2012-100m-M-R1-H5,OG,2012,100m,M,R1,5,2,MOCK ATHLETE M100m-064,0.134,,MOCK,1
OG2012-100m-M-R1-H5,OG,2012,100m,M,R1,5,3,MOCK ATHLETE M100m-051,0.138,,MOCK,1
OG2012-100m-M-R1-H5,OG,2012,100m,M,R1,5,4,MOCK ATHLETE M100m-054,0.135,,MOCK,1
OG2012-100m-M-R1-H5,OG,2012,100m,M,R1,5,5,MOCK ATHLETE M100m-034,0.161,,MOCK,1
OG2012-100m-M-R1-H5,OG,2012,100m,M,R1,5,6,MOCK ATHLETE M100m-020,0.137,,MOCK,1
OG2012-100m-M-R1-H5,OG,2012,100m,M,R1,5,7,MOCK ATHLETE M100m-021,0.137,,MOCK,1
OG2012-100m-M-R1-H5,OG,2012,100m,M,R1,5,8,MOCK ATHLETE M100m-058,0.178,,MOCK,1
OG2012-100m-M-R1-H5,OG,2012,100m,M,R1,5,9,MOCK ATHLETE M100m-045,0.123,,MOCK,1
OG2012-100m-M-R1-H6,OG,2012,100m,M,R1,6,2,MOCK ATHLETE M100m-013,0.128,,MOCK,1
OG2012-100m-M-R1-H6,OG,2012,100m,M,R1,6,3,MOCK ATHLETE M100m-052,0.152,,MOCK,1
OG2012-100m-M-R1-H6,OG,2012,100m,M,R1,6,4,MOCK ATHLETE M100m-047,0.183,,MOCK,1
OG2012-100m-M-R1-H6,OG,2012,100m,M,R1,6,5,MOCK ATHLETE M100m-033,0.153,,MOCK,1
OG2012-100m-M-R1-H6,OG,2012,100m,M,R1,6,6,MOCK ATHLETE M100m-014,0.157,,MOCK,1
OG2012-100m-M-R1-H6,OG,2012,100m,M,R1,6,7,MOCK ATHLETE M100m-068,0.154,,MOCK,1
OG2012-100m-M-R1-H6,OG,2012,100m,M,R1,6,8,MOCK ATHLETE M100m-048,0.145,,MOCK,1
OG2012-100m-M-SF-H1,OG,2012,100m,M,SF,1,2,MOCK ATHLETE M100m-054,0.156,,MOCK,1
OG2012-100m-M-SF-H1,OG,2012,100m,M,SF,1,3,MOCK ATHLETE M100m-052,0.143,,MOCK,1
OG2012-100m-M-SF-H1,OG,2012,100m,M,SF,1,4,MOCK ATHLETE M100m-028,0.178,,MOCK,1
OG2012-100m-M-SF-H1,OG,2012,100m,M,SF,1,5,MOCK ATHLETE M100m-059,0.124,,MOCK,1
OG2012-100m-M-SF-H1,OG,2012,100m,M,SF,1,6,MOCK ATHLETE M100m-038,0.134,,MOCK,1
OG2012-100m-M-SF-H1,OG,2012,100m,M,SF,1,7,MOCK ATHLETE M100m-057,0.164,,MOCK,1
OG2012-100m-M-SF-H1,OG,2012,100m,M,SF,1,8,MOCK ATHLETE M100m-053,0.144,,MOCK,1
OG2012-100m-M-SF-H1,OG,2012,100m,M,SF,1,9,MOCK ATHLETE M100m-027,0.138,,MOCK,1
OG2012-100m-M-SF-H2,OG,2012,100m,M,SF,2,2,MOCK ATHLETE M100m-050,0.144,,MOCK,1
OG2012-100m-M-SF-H2,OG,2012,100m,M,SF,2,3,MOCK ATHLETE M100m-021,0.154,,MOCK,1
OG2012-100m-M-SF-H2,OG,2012,100m,M,SF,2,4,MOCK ATHLETE M100m-016,0.115,,MOCK,1
OG2012-100m-M-SF-H2,OG,2012,100m,M,SF,2,5,MOCK ATHLETE M100m-017,0.132,,MOCK,1
OG2012-100m-M-SF-H2,OG,2012,100m,M,SF,2,6,MOCK ATHLETE M100m-033,0.129,,MOCK,1
OG2012-100m-M-SF-H2,OG,2012,100m,M,SF,2,7,MOCK ATHLETE M100m-067,0.161,,MOCK,1
OG2012-100m-M-SF-H2,OG,2012,100m,M,SF,2,8,MOCK ATHLETE M100m-039,0.141,,MOCK,1
OG2012-100m-M-SF-H2,OG,2012,100m,M,SF,2,9,MOCK ATHLETE M100m-045,0.114,,MOCK,1
OG2012-100m-M-SF-H3,OG,2012,100m,M,SF,3,2,MOCK ATHLETE M100m-055,0.145,,MOCK,1
OG2012-100m-M-SF-H3,OG,2012,100m,M,SF,3,3,MOCK ATHLETE M100m-020,0.154,,MOCK,1
OG2012-100m-M-SF-H3,OG,2012,100m,M,SF,3,4,MOCK ATHLETE M100m-047,0.145,,MOCK,1
OG2012-100m-M-SF-H3,OG,2012,100m,M,SF,3,5,MOCK ATHLETE M100m-062,0.173,,MOCK,1
OG2012-100m-M-SF-H3,OG,2012,100m,M,SF,3,6,MOCK ATHLETE M100m-041,0.143,,MOCK,1
OG2012-100m-M-SF-H3,OG,2012,100m,M,SF,3,7,MOCK ATHLETE M100m-042,0.158,,MOCK,1
OG2012-100m-M-SF-H3,OG,2012,100m,M,SF,3,8,MOCK ATHLETE M100m-060,0.162,,MOCK,1
OG2012-100m-M-SF-H3,OG,2012,100m,M,SF,3,9,MOCK ATHLETE M100m-034,0.159,,MOCK,1
OG2012-100m-M-F-H1,OG,2012,100m,M,F,1,2,MOCK ATHLETE M100m-042,0.119,,MOCK,1
OG2012-100m-M-F-H1,OG,2012,100m,M,F,1,3,MOCK ATHLETE M100m-021,0.144,,MOCK,1
OG2012-100m-M-F-H1,OG,2012,100m,M,F,1,4,MOCK ATHLETE M100m-033,0.171,,MOCK,1
OG2012-100m-M-F-H1,OG,2012,100m,M,F,1,5,MOCK ATHLETE M100m-050,0.151,,MOCK,1
OG2012-100m-M-F-H1,OG,2012,100m,M,F,1,6,MOCK ATHLETE M100m-038,0.133,,MOCK,1
OG2012-100m-M-F-H1,OG,2012,100m,M,F,1,7,MOCK ATHLETE M100m-041,0.164,,MOCK,1
OG2012-100m-M-F-H1,OG,2012,100m,M,F,1,8,MOCK ATHLETE M100m-053,0.16,,MOCK,1
OG2012-100m-M-F-H1,OG,2012,100m,M,F,1,9,MOCK ATHLETE M100m-034,0.152,,MOCK,1
OG2012-200m-M-R1-H1,OG,2012,200m,M,R1,1,2,MOCK ATHLETE M200m-031,0.139,,MOCK,1
OG2012-200m-M-R1-H1,OG,2012,200m,M,R1,1,3,MOCK ATHLETE M200m-012,0.15,,MOCK,1
OG2012-200m-M-R1-H1,OG,2012,200m,M,R1,1,4,MOCK ATHLETE M200m-026,0.148,,MOCK,1
OG2012-200m-M-R1-H1,OG,2012,200m,M,R1,1,5,MOCK ATHLETE M200m-043,0.151,,MOCK,1
OG2012-200m-M-R1-H1,OG,2012,200m,M,R1,1,6,MOCK ATHLETE M200m-022,0.161,,MOCK,1
OG2012-200m-M-R1-H1,OG,2012,200m,M,R1,1,7,MOCK ATHLETE M200m-000,0.181,,MOCK,1
OG2012-200m-M-R1-H1,OG,2012,200m,M,R1,1,8,MOCK ATHLETE M200m-016,0.186,,MOCK,1
OG2012-200m-M-R1-H1,OG,2012,200m,M,R1,1,9,MOCK ATHLETE M200m-005,0.163,,MOCK,1
OG2012-200m-M-R1-H2,OG,2012,200m,M,R1,2,2,MOCK ATHLETE M200m-045,0.123,,MOCK,1
OG2012-200m-M-R1-H2,OG,2012,200m,M,R1,2,3,MOCK ATHLETE M200m-065,0.177,,MOCK,1
OG2012-200m-M-R1-H2,OG,2012,200m,M,R1,2,4,MOCK ATHLETE M200m-014,0.146,,MOCK,1
OG2012-200m-M-R1-H2,OG,2012,200m,M,R1,2,5,MOCK ATHLETE M200m-057,0.169,,MOCK,1
OG2012-200m-M-R1-H2,OG,2012,200m,M,R1,2,6,MOCK ATHLETE M200m-025,0.163,,MOCK,1
OG2012-200m-M-R1-H2,OG,2012,200m,M,R1,2,7,MOCK ATHLETE M200m-042,0.133,,MOCK,1
OG2012-200m-M-R1-H2,OG,2012,200m,M,R1,2,8,MOCK ATHLETE M200m-050,0.147,,MOCK,1
OG2012-200m-M-R1-H2,OG,2012,200m,M,R1,2,9,MOCK ATHLETE M200m-023,0.161,,MOCK,1
OG2012-200m-M-R1-H3,OG,2012,200m,M,R1,3,2,MOCK ATHLETE M200m-019,0.137,,MOCK,1
OG2012-200m-M-R1-H3,OG,2012,200m,M,R1,3,3,MOCK ATHLETE M200m-048,0.156,,MOCK,1
OG2012-200m-M-R1-H3,OG,2012,200m,M,R1,3,4,MOCK ATHLETE M200m-051,0.17,,MOCK,1
OG2012-200m-M-R1-H3,OG,2012,200m,M,R1,3,5,MOCK ATHLETE M200m-004,0.155,,MOCK,1
OG2012-200m-M-R1-H3,OG,2012,200m,M,R1,3,6,MOCK ATHLETE M200m-028,0.13,,MOCK,1
OG2012-200m-M-R1-H3,OG,2012,200m,M,R1,3,7,MOCK ATHLETE M200m-055,0.142,,MOCK,1
OG2012-200m-M-R1-H3,OG,2012,200m,M,R1,3,8,MOCK ATHLETE M200m-049,0.149,,MOCK,1
OG2012-200m-M-R1-H3,OG,2012,200m,M,R1,3,9,MOCK ATHLETE M200m-036,0.128,,MOCK,1
OG2012-200m-M-R1-H4,OG,2012,200m,M,R1,4,2,MOCK ATHLETE M200m-003,0.163,,MOCK,1
OG2012-200m-M-R1-H4,OG,2012,200m,M,R1,4,3,MOCK ATHLETE M200m-053,0.142,,MOCK,1
OG2012-200m-M-R1-H4,OG,2012,200m,M,R1,4,4,MOCK ATHLETE M200m-062,0.228,,MOCK,1
OG2012-200m-M-R1-H4,OG,2012,200m,M,R1,4,5,MOCK ATHLETE M200m-029,0.119,,MOCK,1
OG2012-200m-M-R1-H4,OG,2012,200m,M,R1,4,6,MOCK ATHLETE M200m-001,0.179,,MOCK,1
OG2012-200m-M-R1-H4,OG,2012,200m,M,R1,4,7,MOCK ATHLETE M200m-064,0.185,,MOCK,1
OG2012-200m-M-R1-H4,OG,2012,200m,M,R1,4,8,MOCK ATHLETE M200m-027,0.164,,MOCK,1
OG2012-200m-M-R1-H4,OG,2012,200m,M,R1,4,9,MOCK ATHLETE M200m-032,0.154,,MOCK,1
OG2012-200m-M-R1-H5,OG,2012,200m,M,R1,5,2,MOCK ATHLETE M200m-002,0.134,,MOCK,1
OG2012-200m-M-R1-H5,OG,2012,200m,M,R1,5,3,MOCK ATHLETE M200m-021,0.179,,MOCK,1
OG2012-200m-M-R1-H5,OG,2012,200m,M,R1,5,4,MOCK ATHLETE M200m-067,0.148,,MOCK,1
OG2012-200m-M-R1-H5,OG,2012,200m,M,R1,5,5,MOCK ATHLETE M200m-038,0.131,,MOCK,1
OG2012-200m-M-R1-H5,OG,2012,200m,M,R1,5,6,MOCK ATHLETE M200m-007,0.135,,MOCK,1
OG2012-200m-M-R1-H5,OG,2012,200m,M,R1,5,7,MOCK ATHLETE M200m-033,0.144,,MOCK,1
OG2012-200m-M-R1-H5,OG,2012,200m,M,R1,5,8,MOCK ATHLETE M200m-010,0.171,,MOCK,1
OG2012-200m-M-R1-H6,OG,2012,200m,M,R1,6,2,MOCK ATHLETE M200m-034,0.153,,MOCK,1
OG2012-200m-M-R1-H6,OG,2012,200m,M,R1,6,3,MOCK ATHLETE M200m-020,0.146,,MOCK,1
OG2012-200m-M-R1-H6,OG,2012,200m,M,R1,6,4,MOCK ATHLETE M200m-069,0.139,,MOCK,1
OG2012-200m-M-R1-H6,OG,2012,200m,M,R1,6,5,MOCK ATHLETE M200m-054,0.13,,MOCK,1
OG2012-200m-M-R1-H6,OG,2012,200m,M,R1,6,6,MOCK ATHLETE M200m-039,0.144,,MOCK,1
OG2012-200m-M-R1-H6,OG,2012,200m,M,R1,6,7,MOCK ATHLETE M200m-047,0.147,,MOCK,1
OG2012-200m-M-R1-H6,OG,2012,200m,M,R1,6,8,MOCK ATHLETE M200m-040,0.139,,MOCK,1
OG2012-200m-M-R1-H6,OG,2012,200m,M,R1,6,9,MOCK ATHLETE M200m-035,0.142,,MOCK,1
OG2012-200m-M-SF-H1,OG,2012,200m,M,SF,1,2,MOCK ATHLETE M200m-019,0.147,,MOCK,1
OG2012-200m-M-SF-H1,OG,2012,200m,M,SF,1,3,MOCK ATHLETE M200m-040,0.143,,MOCK,1
OG2012-200m-M-SF-H1,OG,2012,200m,M,SF,1,4,MOCK ATHLETE M200m-050,0.134,,MOCK,1
OG2012-200m-M-SF-H1,OG,2012,200m,M,SF,1,5,MOCK ATHLETE M200m-007,0.151,,MOCK,1
OG2012-200m-M-SF-H1,OG,2012,200m,M,SF,1,6,MOCK ATHLETE M200m-033,0.153,,MOCK,1
OG2012-200m-M-SF-H1,OG,2012,200m,M,SF,1,7,MOCK ATHLETE M200m-027,0.168,,MOCK,1
OG2012-200m-M-SF-H1,OG,2012,200m,M,SF,1,8,MOCK ATHLETE M200m-002,0.128,,MOCK,1
OG2012-200m-M-SF-H1,OG,2012,200m,M,SF,1,9,MOCK ATHLETE M200m-026,0.139,,MOCK,1
OG2012-200m-M-SF-H2,OG,2012,200m,M,SF,2,2,MOCK ATHLETE M200m-021,0.136,,MOCK,1
OG2012-200m-M-SF-H2,OG,2012,200m,M,SF,2,3,MOCK ATHLETE M200m-000,0.115,,MOCK,1
OG2012-200m-M-SF-H2,OG,2012,200m,M,SF,2,4,MOCK ATHLETE M200m-067,0.135,,MOCK,1
OG2012-200m-M-SF-H2,OG,2012,200m,M,SF,2,5,MOCK ATHLETE M200m-016,0.144,,MOCK,1
OG2012-200m-M-SF-H2,OG,2012,200m,M,SF,2,6,MOCK ATHLETE M200m-043,0.123,,MOCK,1
OG2012-200m-M-SF-H2,OG,2012,200m,M,SF,2,7,MOCK ATHLETE M200m-029,0.115,,MOCK,1
OG2012-200m-M-SF-H2,OG,2012,200m,M,SF,2,8,MOCK ATHLETE M200m-005,0.149,,MOCK,1
OG2012-200m-M-SF-H2,OG,2012,200m,M,SF,2,9,MOCK ATHLETE M200m-036,0.143,,MOCK,1
OG2012-200m-M-SF-H3,OG,2012,200m,M,SF,3,2,MOCK ATHLETE M200m-049,0.132,,MOCK,1
OG2012-200m-M-SF-H3,OG,2012,200m,M,SF,3,3,MOCK ATHLETE M200m-004,0.153,,MOCK,1
OG2012-200m-M-SF-H3,OG,2012,200m,M,SF,3,4,MOCK ATHLETE M200m-051,0.141,,MOCK,1
OG2012-200m-M-SF-H3,OG,2012,200m,M,SF,3,5,MOCK ATHLETE M200m-025,0.17,,MOCK,1
OG2012-200m-M-SF-H3,OG,2012,200m,M,SF,3,6,MOCK ATHLETE M200m-003,0.145,,MOCK,1
OG2012-200m-M-SF-H3,OG,2012,200m,M,SF,3,7,MOCK ATHLETE M200m-010,0.136,,MOCK,1
OG2012-200m-M-SF-H3,OG,2012,200m,M,SF,3,8,MOCK ATHLETE M200m-057,0.185,,MOCK,1
OG2012-200m-M-SF-H3,OG,2012,200m,M,SF,3,9,MOCK ATHLETE M200m-065,0.138,,MOCK,1
OG2012-200m-M-F-H1,OG,2012,200m,M,F,1,2,MOCK ATHLETE M200m-007,0.128,,MOCK,1
OG2012-200m-M-F-H1,OG,2012,200m,M,F,1,3,MOCK ATHLETE M200m-003,0.157,,MOCK,1
OG2012-200m-M-F-H1,OG,2012,200m,M,F,1,4,MOCK ATHLETE M200m-010,0.162,,MOCK,1
OG2012-200m-M-F-H1,OG,2012,200m,M,F,1,5,MOCK ATHLETE M200m-040,0.15,,MOCK,1
OG2012-200m-M-F-H1,OG,2012,200m,M,F,1,6,MOCK ATHLETE M200m-067,0.155,,MOCK,1
OG2012-200m-M-F-H1,OG,2012,200m,M,F,1,7,MOCK ATHLETE M200m-057,0.171,,MOCK,1
OG2012-200m-M-F-H1,OG,2012,200m,M,F,1,8,MOCK ATHLETE M200m-004,0.147,,MOCK,1
OG2012-200m-M-F-H1,OG,2012,200m,M,F,1,9,MOCK ATHLETE M200m-029,0.159,,MOCK,1
OG2012-110mH-M-R1-H1,OG,2012,110mH,M,R1,1,2,MOCK ATHLETE M110mH-025,0.143,,MOCK,1
OG2012-110mH-M-R1-H1,OG,2012,110mH,M,R1,1,3,MOCK ATHLETE M110mH-053,0.127,,MOCK,1
OG2012-110mH-M-R1-H1,OG,2012,110mH,M,R1,1,4,MOCK ATHLETE M110mH-006,0.158,,MOCK,1
OG2012-110mH-M-R1-H1,OG,2012,110mH,M,R1,1,5,MOCK ATHLETE M110mH-044,0.148,,MOCK,1
OG2012-110mH-M-R1-H1,OG,2012,110mH,M,R1,1,6,MOCK ATHLETE M110mH-059,0.163,,MOCK,1
OG2012-110mH-M-R1-H1,OG,2012,110mH,M,R1,1,7,MOCK ATHLETE M110mH-016,0.154,,MOCK,1
OG2012-110mH-M-R1-H1,OG,2012,110mH,M,R1,1,8,MOCK ATHLETE M110mH-043,0.151,,MOCK,1
OG2012-110mH-M-R1-H2,OG,2012,110mH,M,R1,2,2,MOCK ATHLETE M110mH-069,0.144,,MOCK,1
OG2012-110mH-M-R1-H2,OG,2012,110mH,M,R1,2,3,MOCK ATHLETE M110mH-058,0.169,,MOCK,1
OG2012-110mH-M-R1-H2,OG,2012,110mH,M,R1,2,4,MOCK ATHLETE M110mH-032,0.171,,MOCK,1
OG2012-110mH-M-R1-H2,OG,2012,110mH,M,R1,2,5,MOCK ATHLETE M110mH-018,0.179,,MOCK,1
OG2012-110mH-M-R1-H2,OG,2012,110mH,M,R1,2,6,MOCK ATHLETE M110mH-010,0.139,,MOCK,1
OG2012-110mH-M-R1-H2,OG,2012,110mH,M,R1,2,7,MOCK ATHLETE M110mH-013,0.138,,MOCK,1
OG2012-110mH-M-R1-H2,OG,2012,110mH,M,R1,2,8,MOCK ATHLETE M110mH-000,0.159,,MOCK,1
OG2012-110mH-M-R1-H2,OG,2012,110mH,M,R1,2,9,MOCK ATHLETE M110mH-036,0.16,,MOCK,1
OG2012-110mH-M-R1-H3,OG,2012,110mH,M,R1,3,2,MOCK ATHLETE M110mH-066,0.136,,MOCK,1
OG2012-110mH-M-R1-H3,OG,2012,110mH,M,R1,3,3,MOCK ATHLETE M110mH-041,0.151,,MOCK,1
OG2012-110mH-M-R1-H3,OG,2012,110mH,M,R1,3,4,MOCK ATHLETE M110mH-052,0.161,,MOCK,1
OG2012-110mH-M-R1-H3,OG,2012,110mH,M,R1,3,5,MOCK ATHLETE M110mH-034,0.145,,MOCK,1
OG2012-110mH-M-R1-H3,OG,2012,110mH,M,R1,3,6,MOCK ATHLETE M110mH-021,0.159,,MOCK,1
OG2012-110mH-M-R1-H3,OG,2012,110mH,M,R1,3,7,MOCK ATHLETE M110mH-051,0.138,,MOCK,1
OG2012-110mH-M-R1-H3,OG,2012,110mH,M,R1,3,8,MOCK ATHLETE M110mH-038,0.161,,MOCK,1
OG2012-110mH-M-R1-H3,OG,2012,110mH,M,R1,3,9,MOCK ATHLETE M110mH-014,0.147,,MOCK,1
OG2012-110mH-M-R1-H4,OG,2012,110mH,M,R1,4,2,MOCK ATHLETE M110mH-011,0.154,,MOCK,1
OG2012-110mH-M-R1-H4,OG,2012,110mH,M,R1,4,3,MOCK ATHLETE M110mH-039,0.121,,MOCK,1
OG2012-110mH-M-R1-H4,OG,2012,110mH,M,R1,4,4,MOCK ATHLETE M110mH-012,0.107,,MOCK,1
OG2012-110mH-M-R1-H4,OG,2012,110mH,M,R1,4,5,MOCK ATHLETE M110mH-045,0.141,,MOCK,1
OG2012-110mH-M-R1-H4,OG,2012,110mH,M,R1,4,6,MOCK ATHLETE M110mH-046,0.145,,MOCK,1
OG2012-110mH-M-R1-H4,OG,2012,110mH,M,R1,4,7,MOCK ATHLETE M110mH-035,0.124,,MOCK,1
OG2012-110mH-M-R1-H4,OG,2012,110mH,M,R1,4,8,MOCK ATHLETE M110mH-009,0.15,,MOCK,1
OG2012-110mH-M-R1-H5,OG,2012,110mH,M,R1,5,2,MOCK ATHLETE M110mH-004,0.134,,MOCK,1
OG2012-110mH-M-R1-H5,OG,2012,110mH,M,R1,5,3,MOCK ATHLETE M110mH-062,0.158,,MOCK,1
OG2012-110mH-M-R1-H5,OG,2012,110mH,M,R1,5,4,MOCK ATHLETE M110mH-040,0.168,,MOCK,1
OG2012-110mH-M-R1-H5,OG,2012,110mH,M,R1,5,5,MOCK ATHLETE M110mH-067,0.145,,MOCK,1
OG2012-110mH-M-R1-H5,OG,2012,110mH,M,R1,5,6,MOCK ATHLETE M110mH-063,0.149,,MOCK,1
OG2012-110mH-M-R1-H5,OG,2012,110mH,M,R1,5,7,MOCK ATHLETE M110mH-020,0.133,,MOCK,1
OG2012-110mH-M-R1-H5,OG,2012,110mH,M,R1,5,8,MOCK ATHLETE M110mH-031,0.143,,MOCK,1
OG2012-110mH-M-R1-H5,OG,2012,110mH,M,R1,5,9,MOCK ATHLETE M110mH-029,0.142,,MOCK,1
OG2012-110mH-M-R1-H6,OG,2012,110mH,M,R1,6,2,MOCK ATHLETE M110mH-001,0.158,,MOCK,1
OG2012-110mH-M-R1-H6,OG,2012,110mH,M,R1,6,3,MOCK ATHLETE M110mH-065,0.163,,MOCK,1
OG2012-110mH-M-R1-H6,OG,2012,110mH,M,R1,6,4,MOCK ATHLETE M110mH-024,0.146,,MOCK,1
OG2012-110mH-M-R1-H6,OG,2012,110mH,M,R1,6,5,MOCK ATHLETE M110mH-022,0.186,,MOCK,1
OG2012-110mH-M-R1-H6,OG,2012,110mH,M,R1,6,6,MOCK ATHLETE M110mH-005,0.13,,MOCK,1
OG2012-110mH-M-R1-H6,OG,2012,110mH,M,R1,6,7,MOCK ATHLETE M110mH-015,0.138,,MOCK,1
OG2012-110mH-M-R1-H6,OG,2012,110mH,M,R1,6,8,MOCK ATHLETE M110mH-056,0.147,,MOCK,1
OG2012-110mH-M-SF-H1,OG,2012,110mH,M,SF,1,2,MOCK ATHLETE M110mH-001,0.148,,MOCK,1
OG2012-110mH-M-SF-H1,OG,2012,110mH,M,SF,1,3,MOCK ATHLETE M110mH-046,0.194,,MOCK,1
OG2012-110mH-M-SF-H1,OG,2012,110mH,M,SF,1,4,MOCK ATHLETE M110mH-013,0.141,,MOCK,1
OG2012-110mH-M-SF-H1,OG,2012,110mH,M,SF,1,5,MOCK ATHLETE M110mH-039,0.159,,MOCK,1
OG2012-110mH-M-SF-H1,OG,2012,110mH,M,SF,1,6,MOCK ATHLETE M110mH-067,0.14,,MOCK,1
OG2012-110mH-M-SF-H1,OG,2012,110mH,M,SF,1,7,MOCK ATHLETE M110mH-038,0.152,,MOCK,1
OG2012-110mH-M-SF-H1,OG,2012,110mH,M,SF,1,8,MOCK ATHLETE M110mH-052,0.143,,MOCK,1
OG2012-110mH-M-SF-H1,OG,2012,110mH,M,SF,1,9,MOCK ATHLETE M110mH-010,0.16,,MOCK,1
OG2012-110mH-M-SF-H2,OG,2012,110mH,M,SF,2,2,MOCK ATHLETE M110mH-041,0.165,,MOCK,1
OG2012-110mH-M-SF-H2,OG,2012,110mH,M,SF,2,3,MOCK ATHLETE M110mH-000,0.171,,MOCK,1
OG2012-110mH-M-SF-H2,OG,2012,110mH,M,SF,2,4,MOCK ATHLETE M110mH-035,0.13,,MOCK,1
OG2012-110mH-M-SF-H2,OG,2012,110mH,M,SF,2,5,MOCK ATHLETE M110mH-012,0.132,,MOCK,1
OG2012-110mH-M-SF-H2,OG,2012,110mH,M,SF,2,6,MOCK ATHLETE M110mH-007,0.141,,MOCK,1
OG2012-110mH-M-SF-H2,OG,2012,110mH,M,SF,2,7,MOCK ATHLETE M110mH-024,0.144,,MOCK,1
OG2012-110mH-M-SF-H2,OG,2012,110mH,M,SF,2,8,MOCK ATHLETE M110mH-040,0.152,,MOCK,1
OG2012-110mH-M-SF-H2,OG,2012,110mH,M,SF,2,9,MOCK ATHLETE M110mH-025,0.131,,MOCK,1
OG2012-110mH-M-SF-H3,OG,2012,110mH,M,SF,3,2,MOCK ATHLETE M110mH-016,0.121,,MOCK,1
OG2012-110mH-M-SF-H3,OG,2012,110mH,M,SF,3,3,MOCK ATHLETE M110mH-053,0.167,,MOCK,1
OG2012-110mH-M-SF-H3,OG,2012,110mH,M,SF,3,4,MOCK ATHLETE M110mH-059,0.173,,MOCK,1
OG2012-110mH-M-SF-H3,OG,2012,110mH,M,SF,3,5,MOCK ATHLETE M110mH-068,0.162,,MOCK,1
OG2012-110mH-M-SF-H3,OG,2012,110mH,M,SF,3,6,MOCK ATHLETE M110mH-036,0.166,,MOCK,1
OG2012-110mH-M-SF-H3,OG,2012,110mH,M,SF,3,7,MOCK ATHLETE M110mH-020,0.162,,MOCK,1
OG2012-110mH-M-SF-H3,OG,2012,110mH,M,SF,3,8,MOCK ATHLETE M110mH-043,0.141,,MOCK,1
OG2012-110mH-M-SF-H3,OG,2012,110mH,M,SF,3,9,MOCK ATHLETE M110mH-033,0.163,,MOCK,1
OG2012-110mH-M-F-H1,OG,2012,110mH,M,F,1,2,MOCK ATHLETE M110mH-041,0.147,,MOCK,1
OG2012-110mH-M-F-H1,OG,2012,110mH,M,F,1,3,MOCK ATHLETE M110mH-024,0.137,,MOCK,1
OG2012-110mH-M-F-H1,OG,2012,110mH,M,F,1,4,MOCK ATHLETE M110mH-020,0.142,,MOCK,1
OG2012-110mH-M-F-H1,OG,2012,110mH,M,F,1,5,MOCK ATHLETE M110mH-038,0.143,,MOCK,1
OG2012-110mH-M-F-H1,OG,2012,110mH,M,F,1,6,MOCK ATHLETE M110mH-010,0.135,,MOCK,1
OG2012-110mH-M-F-H1,OG,2012,110mH,M,F,1,7,MOCK ATHLETE M110mH-053,0.144,,MOCK,1
OG2012-110mH-M-F-H1,OG,2012,110mH,M,F,1,8,MOCK ATHLETE M110mH-043,0.143,,MOCK,1
OG2012-110mH-M-F-H1,OG,2012,110mH,M,F,1,9,MOCK ATHLETE M110mH-035,0.168,,MOCK,1
OG2012-100m-W-R1-H1,OG,2012,100m,W,R1,1,2,MOCK ATHLETE W100m-007,0.149,,MOCK,1
OG2012-100m-W-R1-H1,OG,2012,100m,W,R1,1,3,MOCK ATHLETE W100m-069,0.148,,MOCK,1
OG2012-100m-W-R1-H1,OG,2012,100m,W,R1,1,4,MOCK ATHLETE W100m-053,0.169,,MOCK,1
OG2012-100m-W-R1-H1,OG,2012,100m,W,R1,1,5,MOCK ATHLETE W100m-019,0.134,,MOCK,1
OG2012-100m-W-R1-H1,OG,2012,100m,W,R1,1,6,MOCK ATHLETE W100m-048,0.164,,MOCK,1
OG2012-100m-W-R1-H1,OG,2012,100m,W,R1,1,7,MOCK ATHLETE W100m-030,0.132,,MOCK,1
OG2012-100m-W-R1-H1,OG,2012,100m,W,R1,1,8,MOCK ATHLETE W100m-047,0.183,,MOCK,1
OG2012-100m-W-R1-H1,OG,2012,100m,W,R1,1,9,MOCK ATHLETE W100m-059,0.161,,MOCK,1
OG2012-100m-W-R1-H2,OG,2012,100m,W,R1,2,2,MOCK ATHLETE W100m-028,0.133,,MOCK,1
OG2012-100m-W-R1-H2,OG,2012,100m,W,R1,2,3,MOCK ATHLETE W100m-066,0.149,,MOCK,1
OG2012-100m-W-R1-H2,OG,2012,100m,W,R1,2,4,MOCK ATHLETE W100m-043,0.142,,MOCK,1
OG2012-100m-W-R1-H2,OG,2012,100m,W,R1,2,5,MOCK ATHLETE W100m-064,0.121,,MOCK,1
OG2012-100m-W-R1-H2,OG,2012,100m,W,R1,2,6,MOCK ATHLETE W100m-011,0.132,,MOCK,1
OG2012-100m-W-R1-H2,OG,2012,100m,W,R1,2,7,MOCK ATHLETE W100m-045,0.159,,MOCK,1
OG2012-100m-W-R1-H2,OG,2012,100m,W,R1,2,8,MOCK ATHLETE W100m-067,0.132,,MOCK,1
OG2012-100m-W-R1-H2,OG,2012,100m,W,R1,2,9,MOCK ATHLETE W100m-038,0.15,,MOCK,1
OG2012-100m-W-R1-H3,OG,2012,100m,W,R1,3,2,MOCK ATHLETE W100m-051,0.155,,MOCK,1
OG2012-100m-W-R1-H3,OG,2012,100m,W,R1,3,3,MOCK ATHLETE W100m-001,0.146,,MOCK,1
OG2012-100m-W-R1-H3,OG,2012,100m,W,R1,3,4,MOCK ATHLETE W100m-009,0.127,,MOCK,1
OG2012-100m-W-R1-H3,OG,2012,100m,W,R1,3,5,MOCK ATHLETE W100m-005,0.16,,MOCK,1
OG2012-100m-W-R1-H3,OG,2012,100m,W,R1,3,6,MOCK ATHLETE W100m-025,0.152,,MOCK,1
OG2012-100m-W-R1-H3,OG,2012,100m,W,R1,3,7,MOCK ATHLETE W100m-006,0.15,,MOCK,1
OG2012-100m-W-R1-H3,OG,2012,100m,W,R1,3,8,MOCK ATHLETE W100m-021,0.136,,MOCK,1
OG2012-100m-W-R1-H3,OG,2012,100m,W,R1,3,9,MOCK ATHLETE W100m-035,0.174,,MOCK,1
OG2012-100m-W-R1-H4,OG,2012,100m,W,R1,4,2,MOCK ATHLETE W100m-010,0.141,,MOCK,1
OG2012-100m-W-R1-H4,OG,2012,100m,W,R1,4,3,MOCK ATHLETE W100m-068,0.156,,MOCK,1
OG2012-100m-W-R1-H4,OG,2012,100m,W,R1,4,4,MOCK ATHLETE W100m-016,0.14,,MOCK,1
OG2012-100m-W-R1-H4,OG,2012,100m,W,R1,4,5,MOCK ATHLETE W100m-065,0.157,,MOCK,1
OG2012-100m-W-R1-H4,OG,2012,100m,W,R1,4,6,MOCK ATHLETE W100m-008,0.162,,MOCK,1
OG2012-100m-W-R1-H4,OG,2012,100m,W,R1,4,7,MOCK ATHLETE W100m-049,0.159,,MOCK,1
OG2012-100m-W-R1-H4,OG,2012,100m,W,R1,4,8,MOCK ATHLETE W100m-029,0.13,,MOCK,1
OG2012-100m-W-R1-H4,OG,2012,100m,W,R1,4,9,MOCK ATHLETE W100m-024,0.18,,MOCK,1
OG2012-100m-W-R1-H5,OG,2012,100m,W,R1,5,2,MOCK ATHLETE W100m-037,0.104,,MOCK,1
OG2012-100m-W-R1-H5,OG,2012,100m,W,R1,5,3,MOCK ATHLETE W100m-054,0.128,,MOCK,1
OG2012-100m-W-R1-H5,OG,2012,100m,W,R1,5,4,MOCK ATHLETE W100m-055,0.14,,MOCK,1
OG2012-100m-W-R1-H5,OG,2012,100m,W,R1,5,5,MOCK ATHLETE W100m-002,0.142,,MOCK,1
OG2012-100m-W-R1-H5,OG,2012,100m,W,R1,5,6,MOCK ATHLETE W100m-061,0.14,,MOCK,1
OG2012-100m-W-R1-H5,OG,2012,100m,W,R1,5,7,MOCK ATHLETE W100m-018,0.14,,MOCK,1
OG2012-100m-W-R1-H5,OG,2012,100m,W,R1,5,8,MOCK ATHLETE W100m-039,0.143,,MOCK,1
OG2012-100m-W-R1-H5,OG,2012,100m,W,R1,5,9,MOCK ATHLETE W100m-042,0.162,,MOCK,1
OG2012-100m-W-R1-H6,OG,2012,100m,W,R1,6,2,MOCK ATHLETE W100m-015,0.165,,MOCK,1
OG2012-100m-W-R1-H6,OG,2012,100m,W,R1,6,3,MOCK ATHLETE W100m-056,0.139,,MOCK,1
OG2012-100m-W-R1-H6,OG,2012,100m,W,R1,6,4,MOCK ATHLETE W100m-012,0.13,,MOCK,1
OG2012-100m-W-R1-H6,OG,2012,100m,W,R1,6,5,MOCK ATHLETE W100m-020,0.168,,MOCK,1
OG2012-100m-W-R1-H6,OG,2012,100m,W,R1,6,6,MOCK ATHLETE W100m-000,0.127,,MOCK,1
OG2012-100m-W-R1-H6,OG,2012,100m,W,R1,6,7,MOCK ATHLETE W100m-003,0.151,,MOCK,1
OG2012-100m-W-R1-H6,OG,2012,100m,W,R1,6,8,MOCK ATHLETE W100m-023,0.139,,MOCK,1
OG2012-100m-W-SF-H1,OG,2012,100m,W,SF,1,2,MOCK ATHLETE W100m-067,0.135,,MOCK,1
OG2012-100m-W-SF-H1,OG,2012,100m,W,SF,1,3,MOCK ATHLETE W100m-002,0.139,,MOCK,1
OG2012-100m-W-SF-H1,OG,2012,100m,W,SF,1,4,MOCK ATHLETE W100m-064,0.162,,MOCK,1
OG2012-100m-W-SF-H1,OG,2012,100m,W,SF,1,5,MOCK ATHLETE W100m-048,0.143,,MOCK,1
OG2012-100m-W-SF-H1,OG,2012,100m,W,SF,1,6,MOCK ATHLETE W100m-006,0.148,,MOCK,1
OG2012-100m-W-SF-H1,OG,2012,100m,W,SF,1,7,MOCK ATHLETE W100m-000,0.164,,MOCK,1
OG2012-100m-W-SF-H1,OG,2012,100m,W,SF,1,8,MOCK ATHLETE W100m-039,0.129,,MOCK,1
OG2012-100m-W-SF-H1,OG,2012,100m,W,SF,1,9,MOCK ATHLETE W100m-012,0.125,,MOCK,1
OG2012-100m-W-SF-H2,OG,2012,100m,W,SF,2,2,MOCK ATHLETE W100m-049,0.175,,MOCK,1
OG2012-100m-W-SF-H2,OG,2012,100m,W,SF,2,3,MOCK ATHLETE W100m-056,0.153,,MOCK,1
OG2012-100m-W-SF-H2,OG,2012,100m,W,SF,2,4,MOCK ATHLETE W100m-059,0.169,,MOCK,1
OG2012-100m-W-SF-H2,OG,2012,100m,W,SF,2,5,MOCK ATHLETE W100m-018,0.159,,MOCK,1
OG2012-100m-W-SF-H2,OG,2012,100m,W,SF,2,6,MOCK ATHLETE W100m-061,0.128,,MOCK,1
OG2012-100m-W-SF-H2,OG,2012,100m,W,SF,2,7,MOCK ATHLETE W100m-068,0.158,,MOCK,1
OG2012-100m-W-SF-H2,OG,2012,100m,W,SF,2,8,MOCK ATHLETE W100m-066,0.164,,MOCK,1
OG2012-100m-W-SF-H2,OG,2012,100m,W,SF,2,9,MOCK ATHLETE W100m-007,0.15,,MOCK,1
OG2012-100m-W-SF-H3,OG,2012,100m,W,SF,3,2,MOCK ATHLETE W100m-010,0.132,,MOCK,1
OG2012-100m-W-SF-H3,OG,2012,100m,W,SF,3,3,MOCK ATHLETE W100m-069,0.183,,MOCK,1
OG2012-100m-W-SF-H3,OG,2012,100m,W,SF,3,4,MOCK ATHLETE W100m-028,0.136,,MOCK,1
OG2012-100m-W-SF-H3,OG,2012,100m,W,SF,3,5,MOCK ATHLETE W100m-055,0.138,,MOCK,1
OG2012-100m-W-SF-H3,OG,2012,100m,W,SF,3,6,MOCK ATHLETE W100m-045,0.159,,MOCK,1
OG2012-100m-W-SF-H3,OG,2012,100m,W,SF,3,7,MOCK ATHLETE W100m-042,0.16,,MOCK,1
OG2012-100m-W-SF-H3,OG,2012,100m,W,SF,3,8,MOCK ATHLETE W100m-003,0.114,,MOCK,1
OG2012-100m-W-SF-H3,OG,2012,100m,W,SF,3,9,MOCK ATHLETE W100m-035,0.182,,MOCK,1
OG2012-100m-W-F-H1,OG,2012,100m,W,F,1,2,MOCK ATHLETE W100m-061,0.133,,MOCK,1
OG2012-100m-W-F-H1,OG,2012,100m,W,F,1,3,MOCK ATHLETE W100m-006,0.141,,MOCK,1
OG2012-100m-W-F-H1,OG,2012,100m,W,F,1,4,MOCK ATHLETE W100m-059,0.147,,MOCK,1
OG2012-100m-W-F-H1,OG,2012,100m,W,F,1,5,MOCK ATHLETE W100m-012,0.129,,MOCK,1
OG2012-100m-W-F-H1,OG,2012,100m,W,F,1,6,MOCK ATHLETE W100m-064,0.144,,MOCK,1
OG2012-100m-W-F-H1,OG,2012,100m,W,F,1,7,MOCK ATHLETE W100m-067,0.117,,MOCK,1
OG2012-100m-W-F-H1,OG,2012,100m,W,F,1,8,MOCK ATHLETE W100m-049,0.16,,MOCK,1
OG2012-100m-W-F-H1,OG,2012,100m,W,F,1,9,MOCK ATHLETE W100m-003,0.136,,MOCK,1
OG2012-200m-W-R1-H1,OG,2012,200m,W,R1,1,2,MOCK ATHLETE W200m-021,0.189,,MOCK,1
OG2012-200m-W-R1-H1,OG,2012,200m,W,R1,1,3,MOCK ATHLETE W200m-058,0.162,,MOCK,1
OG2012-200m-W-R1-H1,OG,2012,200m,W,R1,1,4,MOCK ATHLETE W200m-019,0.184,,MOCK,1
OG2012-200m-W-R1-H1,OG,2012,200m,W,R1,1,5,MOCK ATHLETE W200m-036,0.136,,MOCK,1
OG2012-200m-W-R1-H1,OG,2012,200m,W,R1,1,6,MOCK ATHLETE W200m-022,0.149,,MOCK,1
OG2012-200m-W-R1-H1,OG,2012,200m,W,R1,1,7,MOCK ATHLETE W200m-068,0.149,,MOCK,1
OG2012-200m-W-R1-H1,OG,2012,200m,W,R1,1,8,MOCK ATHLETE W200m-024,0.146,,MOCK,1
OG2012-200m-W-R1-H2,OG,2012,200m,W,R1,2,2,MOCK ATHLETE W200m-033,0.162,,MOCK,1
OG2012-200m-W-R1-H2,OG,2012,200m,W,R1,2,3,MOCK ATHLETE W200m-029,0.132,,MOCK,1
OG2012-200m-W-R1-H2,OG,2012,200m,W,R1,2,4,MOCK ATHLETE W200m-039,0.164,,MOCK,1
OG2012-200m-W-R1-H2,OG,2012,200m,W,R1,2,5,MOCK ATHLETE W200m-065,0.124,,MOCK,1
OG2012-200m-W-R1-H2,OG,2012,200m,W,R1,2,6,MOCK ATHLETE W200m-040,0.168,,MOCK,1
OG2012-200m-W-R1-H2,OG,2012,200m,W,R1,2,7,MOCK ATHLETE W200m-053,0.159,,MOCK,1
OG2012-200m-W-R1-H2,OG,2012,200m,W,R1,2,8,MOCK ATHLETE W200m-047,0.139,,MOCK,1
OG2012-200m-W-R1-H3,OG,2012,200m,W,R1,3,2,MOCK ATHLETE W200m-042,0.155,,MOCK,1
OG2012-200m-W-R1-H3,OG,2012,200m,W,R1,3,3,MOCK ATHLETE W200m-031,0.155,,MOCK,1
OG2012-200m-W-R1-H3,OG,2012,200m,W,R1,3,4,MOCK ATHLETE W200m-056,0.175,,MOCK,1
OG2012-200m-W-R1-H3,OG,2012,200m,W,R1,3,5,MOCK ATHLETE W200m-030,0.127,,MOCK,1
OG2012-200m-W-R1-H3,OG,2012,200m,W,R1,3,6,MOCK ATHLETE W200m-064,0.154,,MOCK,1
OG2012-200m-W-R1-H3,OG,2012,200m,W,R1,3,7,MOCK ATHLETE W200m-023,0.15,,MOCK,1
OG2012-200m-W-R1-H3,OG,2012,200m,W,R1,3,8,MOCK ATHLETE W200m-004,0.193,,MOCK,1
OG2012-200m-W-R1-H4,OG,2012,200m,W,R1,4,2,MOCK ATHLETE W200m-038,0.152,,MOCK,1
OG2012-200m-W-R1-H4,OG,2012,200m,W,R1,4,3,MOCK ATHLETE W200m-043,0.16,,MOCK,1
OG2012-200m-W-R1-H4,OG,2012,200m,W,R1,4,4,MOCK ATHLETE W200m-016,0.182,,MOCK,1
OG2012-200m-W-R1-H4,OG,2012,200m,W,R1,4,5,MOCK ATHLETE W200m-032,0.159,,MOCK,1
OG2012-200m-W-R1-H4,OG,2012,200m,W,R1,4,6,MOCK ATHLETE W200m-059,0.198,,MOCK,1
OG2012-200m-W-R1-H4,OG,2012,200m,W,R1,4,7,MOCK ATHLETE W200m-003,0.169,,MOCK,1
OG2012-200m-W-R1-H4,OG,2012,200m,W,R1,4,8,MOCK ATHLETE W200m-051,0.178,,MOCK,1
OG2012-200m-W-R1-H4,OG,2012,200m,W,R1,4,9,MOCK ATHLETE W200m-000,0.162,,MOCK,1
OG2012-200m-W-R1-H5,OG,2012,200m,W,R1,5,2,MOCK ATHLETE W200m-067,0.173,,MOCK,1
OG2012-200m-W-R1-H5,OG,2012,200m,W,R1,5,3,MOCK ATHLETE W200m-001,0.128,,MOCK,1
OG2012-200m-W-R1-H5,OG,2012,200m,W,R1,5,4,MOCK ATHLETE W200m-045,0.161,,MOCK,1
OG2012-200m-W-R1-H5,OG,2012,200m,W,R1,5,5,MOCK ATHLETE W200m-006,0.143,,MOCK,1
OG2012-200m-W-R1-H5,OG,2012,200m,W,R1,5,6,MOCK ATHLETE W200m-055,0.182,,MOCK,1
OG2012-200m-W-R1-H5,OG,2012,200m,W,R1,5,7,MOCK ATHLETE W200m-025,0.161,,MOCK,1
OG2012-200m-W-R1-H5,OG,2012,200m,W,R1,5,8,MOCK ATHLETE W200m-014,0.17,,MOCK,1
OG2012-200m-W-R1-H6,OG,2012,200m,W,R1,6,2,MOCK ATHLETE W200m-060,0.138,,MOCK,1
OG2012-200m-W-R1-H6,OG,2012,200m,W,R1,6,3,MOCK ATHLETE W200m-054,0.159,,MOCK,1
OG2012-200m-W-R1-H6,OG,2012,200m,W,R1,6,4,MOCK ATHLETE W200m-018,0.131,,MOCK,1
OG2012-200m-W-R1-H6,OG,2012,200m,W,R1,6,5,MOCK ATHLETE W200m-057,0.126,,MOCK,1
OG2012-200m-W-R1-H6,OG,2012,200m,W,R1,6,6,MOCK ATHLETE W200m-044,0.117,,MOCK,1
OG2012-200m-W-R1-H6,OG,2012,200m,W,R1,6,7,MOCK ATHLETE W200m-052,0.155,,MOCK,1
OG2012-200m-W-R1-H6,OG,2012,200m,W,R1,6,8,MOCK ATHLETE W200m-028,0.148,,MOCK,1
OG2012-200m-W-R1-H6,OG,2012,200m,W,R1,6,9,MOCK ATHLETE W200m-026,0.143,,MOCK,1
OG2012-200m-W-SF-H1,OG,2012,200m,W,SF,1,2,MOCK ATHLETE W200m-003,0.148,,MOCK,1
OG2012-200m-W-SF-H1,OG,2012,200m,W,SF,1,3,MOCK ATHLETE W200m-058,0.18,,MOCK,1
OG2012-200m-W-SF-H1,OG,2012,200m,W,SF,1,4,MOCK ATHLETE W200m-068,0.167,,MOCK,1
OG2012-200m-W-SF-H1,OG,2012,200m,W,SF,1,5,MOCK ATHLETE W200m-064,0.181,,MOCK,1
OG2012-200m-W-SF-H1,OG,2012,200m,W,SF,1,6,MOCK ATHLETE W200m-014,0.16,,MOCK,1
OG2012-200m-W-SF-H1,OG,2012,200m,W,SF,1,7,MOCK ATHLETE W200m-002,0.159,,MOCK,1
OG2012-200m-W-SF-H1,OG,2012,200m,W,SF,1,8,MOCK ATHLETE W200m-008,0.15,,MOCK,1
OG2012-200m-W-SF-H1,OG,2012,200m,W,SF,1,9,MOCK ATHLETE W200m-022,0.149,,MOCK,1
OG2012-200m-W-SF-H2,OG,2012,200m,W,SF,2,2,MOCK ATHLETE W200m-033,0.142,,MOCK,1
OG2012-200m-W-SF-H2,OG,2012,200m,W,SF,2,3,MOCK ATHLETE W200m-026,0.156,,MOCK,1
OG2012-200m-W-SF-H2,OG,2012,200m,W,SF,2,4,MOCK ATHLETE W200m-057,0.12,,MOCK,1
OG2012-200m-W-SF-H2,OG,2012,200m,W,SF,2,5,MOCK ATHLETE W200m-005,0.146,,MOCK,1
OG2012-200m-W-SF-H2,OG,2012,200m,W,SF,2,6,MOCK ATHLETE W200m-043,0.151,,MOCK,1
OG2012-200m-W-SF-H2,OG,2012,200m,W,SF,2,7,MOCK ATHLETE W200m-001,0.129,,MOCK,1
OG2012-200m-W-SF-H2,OG,2012,200m,W,SF,2,8,MOCK ATHLETE W200m-024,0.168,,MOCK,1
OG2012-200m-W-SF-H2,OG,2012,200m,W,SF,2,9,MOCK ATHLETE W200m-055,0.131,,MOCK,1
OG2012-200m-W-SF-H3,OG,2012,200m,W,SF,3,2,MOCK ATHLETE W200m-038,0.166,,MOCK,1
OG2012-200m-W-SF-H3,OG,2012,200m,W,SF,3,3,MOCK ATHLETE W200m-025,0.157,,MOCK,1
OG2012-200m-W-SF-H3,OG,2012,200m,W,SF,3,4,MOCK ATHLETE W200m-019,0.143,,MOCK,1
OG2012-200m-W-SF-H3,OG,2012,200m,W,SF,3,5,MOCK ATHLETE W200m-036,0.116,,MOCK,1
OG2012-200m-W-SF-H3,OG,2012,200m,W,SF,3,6,MOCK ATHLETE W200m-030,0.139,,MOCK,1
OG2012-200m-W-SF-H3,OG,2012,200m,W,SF,3,7,MOCK ATHLETE W200m-044,0.143,,MOCK,1
OG2012-200m-W-SF-H3,OG,2012,200m,W,SF,3,8,MOCK ATHLETE W200m-056,0.147,,MOCK,1
OG2012-200m-W-SF-H3,OG,2012,200m,W,SF,3,9,MOCK ATHLETE W200m-028,0.148,,MOCK,1
OG2012-200m-W-F-H1,OG,2012,200m,W,F,1,2,MOCK ATHLETE W200m-026,0.156,,MOCK,1
OG2012-200m-W-F-H1,OG,2012,200m,W,F,1,3,MOCK ATHLETE W200m-030,0.133,,MOCK,1
OG2012-200m-W-F-H1,OG,2012,200m,W,F,1,4,MOCK ATHLETE W200m-028,0.172,,MOCK,1
OG2012-200m-W-F-H1,OG,2012,200m,W,F,1,5,MOCK ATHLETE W200m-008,0.156,,MOCK,1
OG2012-200m-W-F-H1,OG,2012,200m,W,F,1,6,MOCK ATHLETE W200m-068,0.18,,MOCK,1
OG2012-200m-W-F-H1,OG,2012,200m,W,F,1,7,MOCK ATHLETE W200m-057,0.128,,MOCK,1
OG2012-200m-W-F-H1,OG,2012,200m,W,F,1,8,MOCK ATHLETE W200m-025,0.152,,MOCK,1
OG2012-200m-W-F-H1,OG,2012,200m,W,F,1,9,MOCK ATHLETE W200m-003,0.148,,MOCK,1
OG2012-100mH-W-R1-H1,OG,2012,100mH,W,R1,1,2,MOCK ATHLETE W100mH-020,0.137,,MOCK,1
OG2012-100mH-W-R1-H1,OG,2012,100mH,W,R1,1,3,MOCK ATHLETE W100mH-053,0.166,,MOCK,1
OG2012-100mH-W-R1-H1,OG,2012,100mH,W,R1,1,4,MOCK ATHLETE W100mH-031,0.177,,MOCK,1
OG2012-100mH-W-R1-H1,OG,2012,100mH,W,R1,1,5,MOCK ATHLETE W100mH-066,0.182,,MOCK,1
OG2012-100mH-W-R1-H1,OG,2012,100mH,W,R1,1,6,MOCK ATHLETE W100mH-033,0.168,,MOCK,1
OG2012-100mH-W-R1-H1,OG,2012,100mH,W,R1,1,7,MOCK ATHLETE W100mH-048,0.135,,MOCK,1
OG2012-100mH-W-R1-H1,OG,2012,100mH,W,R1,1,8,MOCK ATHLETE W100mH-012,0.176,,MOCK,1
OG2012-100mH-W-R1-H1,OG,2012,100mH,W,R1,1,9,MOCK ATHLETE W100mH-027,0.148,,MOCK,1
OG2012-100mH-W-R1-H2,OG,2012,100mH,W,R1,2,2,MOCK ATHLETE W100mH-065,0.154,,MOCK,1
OG2012-100mH-W-R1-H2,OG,2012,100mH,W,R1,2,3,MOCK ATHLETE W100mH-032,0.138,,MOCK,1
OG2012-100mH-W-R1-H2,OG,2012,100mH,W,R1,2,4,MOCK ATHLETE W100mH-004,0.166,,MOCK,1
OG2012-100mH-W-R1-H2,OG,2012,100mH,W,R1,2,5,MOCK ATHLETE W100mH-022,0.146,,MOCK,1
OG2012-100mH-W-R1-H2,OG,2012,100mH,W,R1,2,6,MOCK ATHLETE W100mH-021,0.151,,MOCK,1
OG2012-100mH-W-R1-H2,OG,2012,100mH,W,R1,2,7,MOCK ATHLETE W100mH-015,0.178,,MOCK,1
OG2012-100mH-W-R1-H2,OG,2012,100mH,W,R1,2,8,MOCK ATHLETE W100mH-000,0.143,,MOCK,1
OG2012-100mH-W-R1-H2,OG,2012,100mH,W,R1,2,9,MOCK ATHLETE W100mH-008,0.15,,MOCK,1
OG2012-100mH-W-R1-H3,OG,2012,100mH,W,R1,3,2,MOCK ATHLETE W100mH-009,0.151,,MOCK,1
OG2012-100mH-W-R1-H3,OG,2012,100mH,W,R1,3,3,MOCK ATHLETE W100mH-061,0.167,,MOCK,1
OG2012-100mH-W-R1-H3,OG,2012,100mH,W,R1,3,4,MOCK ATHLETE W100mH-047,0.148,,MOCK,1
OG2012-100mH-W-R1-H3,OG,2012,100mH,W,R1,3,5,MOCK ATHLETE W100mH-067,0.151,,MOCK,1
OG2012-100mH-W-R1-H3,OG,2012,100mH,W,R1,3,6,MOCK ATHLETE W100mH-040,0.165,,MOCK,1
OG2012-100mH-W-R1-H3,OG,2012,100mH,W,R1,3,7,MOCK ATHLETE W100mH-019,0.162,,MOCK,1
OG2012-100mH-W-R1-H3,OG,2012,100mH,W,R1,3,8,MOCK ATHLETE W100mH-025,0.177,,MOCK,1
OG2012-100mH-W-R1-H3,OG,2012,100mH,W,R1,3,9,MOCK ATHLETE W100mH-029,0.147,,MOCK,1
OG2012-100mH-W-R1-H4,OG,2012,100mH,W,R1,4,2,MOCK ATHLETE W100mH-057,0.151,,MOCK,1
OG2012-100mH-W-R1-H4,OG,2012,100mH,W,R1,4,3,MOCK ATHLETE W100mH-016,0.149,,MOCK,1
OG2012-100mH-W-R1-H4,OG,2012,100mH,W,R1,4,4,MOCK ATHLETE W100mH-023,0.138,,MOCK,1
OG2012-100mH-W-R1-H4,OG,2012,100mH,W,R1,4,5,MOCK ATHLETE W100mH-054,0.149,,MOCK,1
OG2012-100mH-W-R1-H4,OG,2012,100mH,W,R1,4,6,MOCK ATHLETE W100mH-037,0.146,,MOCK,1
OG2012-100mH-W-R1-H4,OG,2012,100mH,W,R1,4,7,MOCK ATHLETE W100mH-028,0.15,,MOCK,1
OG2012-100mH-W-R1-H4,OG,2012,100mH,W,R1,4,8,MOCK ATHLETE W100mH-055,0.133,,MOCK,1
OG2012-100mH-W-R1-H4,OG,2012,100mH,W,R1,4,9,MOCK ATHLETE W100mH-002,0.18,,MOCK,1
OG2012-100mH-W-R1-H5,OG,2012,100mH,W,R1,5,2,MOCK ATHLETE W100mH-062,0.177,,MOCK,1
OG2012-100mH-W-R1-H5,OG,2012,100mH,W,R1,5,3,MOCK ATHLETE W100mH-059,0.128,,MOCK,1
OG2012-100mH-W-R1-H5,OG,2012,100mH,W,R1,5,4,MOCK ATHLETE W100mH-069,0.142,,MOCK,1
OG2012-100mH-W-R1-H5,OG,2012,100mH,W,R1,5,5,MOCK ATHLETE W100mH-034,0.167,,MOCK,1
OG2012-100mH-W-R1-H5,OG,2012,100mH,W,R1,5,6,MOCK ATHLETE W100mH-007,0.152,,MOCK,1
OG2012-100mH-W-R1-H5,OG,2012,100mH,W,R1,5,7,MOCK ATHLETE W100mH-041,0.146,,MOCK,1
OG2012-100mH-W-R1-H5,OG,2012,100mH,W,R1,5,8,MOCK ATHLETE W100mH-035,0.178,,MOCK,1
OG2012-100mH-W-R1-H5,OG,2012,100mH,W,R1,5,9,MOCK ATHLETE W100mH-056,0.2,,MOCK,1
OG2012-100mH-W-R1-H6,OG,2012,100mH,W,R1,6,2,MOCK ATHLETE W100mH-063,0.156,,MOCK,1
OG2012-100mH-W-R1-H6,OG,2012,100mH,W,R1,6,3,MOCK ATHLETE W100mH-044,0.152,,MOCK,1
OG2012-100mH-W-R1-H6,OG,2012,100mH,W,R1,6,4,MOCK ATHLETE W100mH-006,0.16,,MOCK,1
OG2012-100mH-W-R1-H6,OG,2012,100mH,W,R1,6,5,MOCK ATHLETE W100mH-058,0.17,,MOCK,1
OG2012-100mH-W-R1-H6,OG,2012,100mH,W,R1,6,6,MOCK ATHLETE W100mH-005,0.163,,MOCK,1
OG2012-100mH-W-R1-H6,OG,2012,100mH,W,R1,6,7,MOCK ATHLETE W100mH-060,0.165,,MOCK,1
OG2012-100mH-W-R1-H6,OG,2012,100mH,W,R1,6,8,MOCK ATHLETE W100mH-018,0.212,,MOCK,1
OG2012-100mH-W-SF-H1,OG,2012,100mH,W,SF,1,2,MOCK ATHLETE W100mH-015,0.136,,MOCK,1
OG2012-100mH-W-SF-H1,OG,2012,100mH,W,SF,1,3,MOCK ATHLETE W100mH-056,0.136,,MOCK,1
OG2012-100mH-W-SF-H1,OG,2012,100mH,W,SF,1,4,MOCK ATHLETE W100mH-053,0.157,,MOCK,1
OG2012-100mH-W-SF-H1,OG,2012,100mH,W,SF,1,5,MOCK ATHLETE W100mH-066,0.193,,MOCK,1
OG2012-100mH-W-SF-H1,OG,2012,100mH,W,SF,1,6,MOCK ATHLETE W100mH-012,0.154,,MOCK,1
OG2012-100mH-W-SF-H1,OG,2012,100mH,W,SF,1,7,MOCK ATHLETE W100mH-018,0.172,,MOCK,1
OG2012-100mH-W-SF-H1,OG,2012,100mH,W,SF,1,8,MOCK ATHLETE W100mH-047,0.145,,MOCK,1
OG2012-100mH-W-SF-H1,OG,2012,100mH,W,SF,1,9,MOCK ATHLETE W100mH-009,0.159,,MOCK,1
OG2012-100mH-W-SF-H2,OG,2012,100mH,W,SF,2,2,MOCK ATHLETE W100mH-020,0.173,,MOCK,1
OG2012-100mH-W-SF-H2,OG,2012,100mH,W,SF,2,3,MOCK ATHLETE W100mH-027,0.144,,MOCK,1
OG2012-100mH-W-SF-H2,OG,2012,100mH,W,SF,2,4,MOCK ATHLETE W100mH-059,0.138,,MOCK,1
OG2012-100mH-W-SF-H2,OG,2012,100mH,W,SF,2,5,MOCK ATHLETE W100mH-029,0.146,,MOCK,1
OG2012-100mH-W-SF-H2,OG,2012,100mH,W,SF,2,6,MOCK ATHLETE W100mH-025,0.185,,MOCK,1
OG2012-100mH-W-SF-H2,OG,2012,100mH,W,SF,2,7,MOCK ATHLETE W100mH-007,0.169,,MOCK,1
OG2012-100mH-W-SF-H2,OG,2012,100mH,W,SF,2,8,MOCK ATHLETE W100mH-042,0.123,,MOCK,1
OG2012-100mH-W-SF-H2,OG,2012,100mH,W,SF,2,9,MOCK ATHLETE W100mH-063,0.145,,MOCK,1
OG2012-100mH-W-SF-H3,OG,2012,100mH,W,SF,3,2,MOCK ATHLETE W100mH-002,0.133,,MOCK,1
OG2012-100mH-W-SF-H3,OG,2012,100mH,W,SF,3,3,MOCK ATHLETE W100mH-021,0.134,,MOCK,1
OG2012-100mH-W-SF-H3,OG,2012,100mH,W,SF,3,4,MOCK ATHLETE W100mH-006,0.135,,MOCK,1
OG2012-100mH-W-SF-H3,OG,2012,100mH,W,SF,3,5,MOCK ATHLETE W100mH-061,0.154,,MOCK,1
OG2012-100mH-W-SF-H3,OG,2012,100mH,W,SF,3,6,MOCK ATHLETE W100mH-069,0.125,,MOCK,1
OG2012-100mH-W-SF-H3,OG,2012,100mH,W,SF,3,7,MOCK ATHLETE W100mH-044,0.167,,MOCK,1
OG2012-100mH-W-SF-H3,OG,2012,100mH,W,SF,3,8,MOCK ATHLETE W100mH-037,0.146,,MOCK,1
OG2012-100mH-W-SF-H3,OG,2012,100mH,W,SF,3,9,MOCK ATHLETE W100mH-000,0.148,,MOCK,1
OG2012-100mH-W-F-H1,OG,2012,100mH,W,F,1,2,MOCK ATHLETE W100mH-021,0.162,,MOCK,1
OG2012-100mH-W-F-H1,OG,2012,100mH,W,F,1,3,MOCK ATHLETE W100mH-069,0.158,,MOCK,1
OG2012-100mH-W-F-H1,OG,2012,100mH,W,F,1,4,MOCK ATHLETE W100mH-056,0.136,,MOCK,1
OG2012-100mH-W-F-H1,OG,2012,100mH,W,F,1,5,MOCK ATHLETE W100mH-025,0.231,,MOCK,1
OG2012-100mH-W-F-H1,OG,2012,100mH,W,F,1,6,MOCK ATHLETE W100mH-027,0.14,,MOCK,1
OG2012-100mH-W-F-H1,OG,2012,100mH,W,F,1,7,MOCK ATHLETE W100mH-006,0.157,,MOCK,1
OG2012-100mH-W-F-H1,OG,2012,100mH,W,F,1,8,MOCK ATHLETE W100mH-029,0.157,,MOCK,1
OG2012-100mH-W-F-H1,OG,2012,100mH,W,F,1,9,MOCK ATHLETE W100mH-059,0.116,,MOCK,1
OG2016-100m-M-PR-H1,OG,2016,100m,M,PR,1,2,MOCK PR M100m2016-0,0.12,,MOCK,1
OG2016-100m-M-PR-H1,OG,2016,100m,M,PR,1,3,MOCK PR M100m2016-1,0.146,,MOCK,1
OG2016-100m-M-PR-H1,OG,2016,100m,M,PR,1,4,MOCK PR M100m2016-2,0.167,,MOCK,1
OG2016-100m-M-PR-H1,OG,2016,100m,M,PR,1,5,MOCK PR M100m2016-3,0.182,,MOCK,1
OG2016-100m-M-PR-H1,OG,2016,100m,M,PR,1,6,MOCK PR M100m2016-4,0.149,,MOCK,1
OG2016-100m-M-PR-H1,OG,2016,100m,M,PR,1,7,MOCK PR M100m2016-5,0.133,,MOCK,1
OG2016-100m-M-PR-H1,OG,2016,100m,M,PR,1,8,MOCK PR M100m2016-6,0.148,,MOCK,1
OG2016-100m-M-PR-H1,OG,2016,100m,M,PR,1,9,MOCK PR M100m2016-7,0.191,,MOCK,1
OG2016-100m-M-PR-H2,OG,2016,100m,M,PR,2,2,MOCK PR M100m2016-8,0.135,,MOCK,1
OG2016-100m-M-PR-H2,OG,2016,100m,M,PR,2,3,MOCK PR M100m2016-9,0.164,,MOCK,1
OG2016-100m-M-PR-H2,OG,2016,100m,M,PR,2,4,MOCK PR M100m2016-10,0.135,,MOCK,1
OG2016-100m-M-PR-H2,OG,2016,100m,M,PR,2,5,MOCK PR M100m2016-11,0.153,,MOCK,1
OG2016-100m-M-PR-H2,OG,2016,100m,M,PR,2,6,MOCK PR M100m2016-12,0.16,,MOCK,1
OG2016-100m-M-PR-H2,OG,2016,100m,M,PR,2,7,MOCK PR M100m2016-13,0.141,,MOCK,1
OG2016-100m-M-PR-H2,OG,2016,100m,M,PR,2,8,MOCK PR M100m2016-14,0.119,,MOCK,1
OG2016-100m-M-PR-H2,OG,2016,100m,M,PR,2,9,MOCK PR M100m2016-15,0.053,DQ TR16.8,MOCK,1
OG2016-100m-M-R1-H1,OG,2016,100m,M,R1,1,2,MOCK ATHLETE M100m-050,0.149,,MOCK,1
OG2016-100m-M-R1-H1,OG,2016,100m,M,R1,1,3,MOCK ATHLETE M100m-018,0.133,,MOCK,1
OG2016-100m-M-R1-H1,OG,2016,100m,M,R1,1,4,MOCK ATHLETE M100m-066,0.152,,MOCK,1
OG2016-100m-M-R1-H1,OG,2016,100m,M,R1,1,5,MOCK ATHLETE M100m-039,0.153,,MOCK,1
OG2016-100m-M-R1-H1,OG,2016,100m,M,R1,1,6,MOCK ATHLETE M100m-067,0.173,,MOCK,1
OG2016-100m-M-R1-H1,OG,2016,100m,M,R1,1,7,MOCK ATHLETE M100m-048,0.162,,MOCK,1
OG2016-100m-M-R1-H1,OG,2016,100m,M,R1,1,8,MOCK ATHLETE M100m-043,0.151,,MOCK,1
OG2016-100m-M-R1-H1,OG,2016,100m,M,R1,1,9,MOCK ATHLETE M100m-033,0.158,,MOCK,1
OG2016-100m-M-R1-H2,OG,2016,100m,M,R1,2,2,MOCK ATHLETE M100m-060,0.162,,MOCK,1
OG2016-100m-M-R1-H2,OG,2016,100m,M,R1,2,3,MOCK ATHLETE M100m-027,0.146,,MOCK,1
OG2016-100m-M-R1-H2,OG,2016,100m,M,R1,2,4,MOCK ATHLETE M100m-035,0.141,,MOCK,1
OG2016-100m-M-R1-H2,OG,2016,100m,M,R1,2,5,MOCK ATHLETE M100m-015,0.143,,MOCK,1
OG2016-100m-M-R1-H2,OG,2016,100m,M,R1,2,6,MOCK ATHLETE M100m-007,0.157,,MOCK,1
OG2016-100m-M-R1-H2,OG,2016,100m,M,R1,2,7,MOCK ATHLETE M100m-025,0.161,,MOCK,1
OG2016-100m-M-R1-H2,OG,2016,100m,M,R1,2,8,MOCK ATHLETE M100m-002,0.133,,MOCK,1
OG2016-100m-M-R1-H2,OG,2016,100m,M,R1,2,9,MOCK ATHLETE M100m-023,0.143,,MOCK,1
OG2016-100m-M-R1-H3,OG,2016,100m,M,R1,3,2,MOCK ATHLETE M100m-069,0.145,,MOCK,1
OG2016-100m-M-R1-H3,OG,2016,100m,M,R1,3,3,MOCK ATHLETE M100m-037,0.157,,MOCK,1
OG2016-100m-M-R1-H3,OG,2016,100m,M,R1,3,4,MOCK ATHLETE M100m-013,0.141,,MOCK,1
OG2016-100m-M-R1-H3,OG,2016,100m,M,R1,3,5,MOCK ATHLETE M100m-017,0.134,,MOCK,1
OG2016-100m-M-R1-H3,OG,2016,100m,M,R1,3,6,MOCK ATHLETE M100m-036,0.144,,MOCK,1
OG2016-100m-M-R1-H3,OG,2016,100m,M,R1,3,7,MOCK ATHLETE M100m-064,0.156,,MOCK,1
OG2016-100m-M-R1-H3,OG,2016,100m,M,R1,3,8,MOCK ATHLETE M100m-029,0.16,,MOCK,1
OG2016-100m-M-R1-H3,OG,2016,100m,M,R1,3,9,MOCK ATHLETE M100m-059,0.179,,MOCK,1
OG2016-100m-M-R1-H4,OG,2016,100m,M,R1,4,2,MOCK ATHLETE M100m-010,0.155,,MOCK,1
OG2016-100m-M-R1-H4,OG,2016,100m,M,R1,4,3,MOCK ATHLETE M100m-006,0.146,,MOCK,1
OG2016-100m-M-R1-H4,OG,2016,100m,M,R1,4,4,MOCK ATHLETE M100m-032,0.118,,MOCK,1
OG2016-100m-M-R1-H4,OG,2016,100m,M,R1,4,5,MOCK ATHLETE M100m-040,0.124,,MOCK,1
OG2016-100m-M-R1-H4,OG,2016,100m,M,R1,4,6,MOCK ATHLETE M100m-045,0.132,,MOCK,1
OG2016-100m-M-R1-H4,OG,2016,100m,M,R1,4,7,MOCK ATHLETE M100m-024,0.147,,MOCK,1
OG2016-100m-M-R1-H4,OG,2016,100m,M,R1,4,8,MOCK ATHLETE M100m-065,0.129,,MOCK,1
OG2016-100m-M-R1-H4,OG,2016,100m,M,R1,4,9,MOCK ATHLETE M100m-031,0.127,,MOCK,1
OG2016-100m-M-R1-H5,OG,2016,100m,M,R1,5,2,MOCK ATHLETE M100m-016,0.146,,MOCK,1
OG2016-100m-M-R1-H5,OG,2016,100m,M,R1,5,3,MOCK ATHLETE M100m-057,0.155,,MOCK,1
OG2016-100m-M-R1-H5,OG,2016,100m,M,R1,5,4,MOCK ATHLETE M100m-034,0.164,,MOCK,1
OG2016-100m-M-R1-H5,OG,2016,100m,M,R1,5,5,MOCK ATHLETE M100m-041,0.158,,MOCK,1
OG2016-100m-M-R1-H5,OG,2016,100m,M,R1,5,6,MOCK ATHLETE M100m-046,0.169,,MOCK,1
OG2016-100m-M-R1-H5,OG,2016,100m,M,R1,5,7,MOCK ATHLETE M100m-068,0.127,,MOCK,1
OG2016-100m-M-R1-H5,OG,2016,100m,M,R1,5,8,MOCK ATHLETE M100m-047,0.161,,MOCK,1
OG2016-100m-M-R1-H5,OG,2016,100m,M,R1,5,9,MOCK ATHLETE M100m-014,0.143,,MOCK,1
OG2016-100m-M-R1-H6,OG,2016,100m,M,R1,6,2,MOCK ATHLETE M100m-019,0.139,,MOCK,1
OG2016-100m-M-R1-H6,OG,2016,100m,M,R1,6,3,MOCK ATHLETE M100m-058,0.158,,MOCK,1
OG2016-100m-M-R1-H6,OG,2016,100m,M,R1,6,4,MOCK ATHLETE M100m-004,0.138,,MOCK,1
OG2016-100m-M-R1-H6,OG,2016,100m,M,R1,6,5,MOCK ATHLETE M100m-005,0.118,,MOCK,1
OG2016-100m-M-R1-H6,OG,2016,100m,M,R1,6,6,MOCK ATHLETE M100m-011,0.149,,MOCK,1
OG2016-100m-M-R1-H6,OG,2016,100m,M,R1,6,7,MOCK ATHLETE M100m-021,0.141,,MOCK,1
OG2016-100m-M-R1-H6,OG,2016,100m,M,R1,6,8,MOCK ATHLETE M100m-038,0.13,,MOCK,1
OG2016-100m-M-R1-H6,OG,2016,100m,M,R1,6,9,MOCK ATHLETE M100m-051,0.144,,MOCK,1
OG2016-100m-M-SF-H1,OG,2016,100m,M,SF,1,2,MOCK ATHLETE M100m-013,0.146,,MOCK,1
OG2016-100m-M-SF-H1,OG,2016,100m,M,SF,1,3,MOCK ATHLETE M100m-046,0.154,,MOCK,1
OG2016-100m-M-SF-H1,OG,2016,100m,M,SF,1,4,MOCK ATHLETE M100m-018,0.116,,MOCK,1
OG2016-100m-M-SF-H1,OG,2016,100m,M,SF,1,5,MOCK ATHLETE M100m-011,0.141,,MOCK,1
OG2016-100m-M-SF-H1,OG,2016,100m,M,SF,1,6,MOCK ATHLETE M100m-007,0.146,,MOCK,1
OG2016-100m-M-SF-H1,OG,2016,100m,M,SF,1,7,MOCK ATHLETE M100m-004,0.147,,MOCK,1
OG2016-100m-M-SF-H1,OG,2016,100m,M,SF,1,8,MOCK ATHLETE M100m-033,0.134,,MOCK,1
OG2016-100m-M-SF-H1,OG,2016,100m,M,SF,1,9,MOCK ATHLETE M100m-041,0.14,,MOCK,1
OG2016-100m-M-SF-H2,OG,2016,100m,M,SF,2,2,MOCK ATHLETE M100m-005,0.141,,MOCK,1
OG2016-100m-M-SF-H2,OG,2016,100m,M,SF,2,3,MOCK ATHLETE M100m-037,0.168,,MOCK,1
OG2016-100m-M-SF-H2,OG,2016,100m,M,SF,2,4,MOCK ATHLETE M100m-010,0.151,,MOCK,1
OG2016-100m-M-SF-H2,OG,2016,100m,M,SF,2,5,MOCK ATHLETE M100m-036,0.14,,MOCK,1
OG2016-100m-M-SF-H2,OG,2016,100m,M,SF,2,6,MOCK ATHLETE M100m-040,0.144,,MOCK,1
OG2016-100m-M-SF-H2,OG,2016,100m,M,SF,2,7,MOCK ATHLETE M100m-067,0.175,,MOCK,1
OG2016-100m-M-SF-H2,OG,2016,100m,M,SF,2,8,MOCK ATHLETE M100m-060,0.16,,MOCK,1
OG2016-100m-M-SF-H2,OG,2016,100m,M,SF,2,9,MOCK ATHLETE M100m-006,0.159,,MOCK,1
OG2016-100m-M-SF-H3,OG,2016,100m,M,SF,3,2,MOCK ATHLETE M100m-016,0.125,,MOCK,1
OG2016-100m-M-SF-H3,OG,2016,100m,M,SF,3,3,MOCK ATHLETE M100m-048,0.137,,MOCK,1
OG2016-100m-M-SF-H3,OG,2016,100m,M,SF,3,4,MOCK ATHLETE M100m-027,0.147,,MOCK,1
OG2016-100m-M-SF-H3,OG,2016,100m,M,SF,3,5,MOCK ATHLETE M100m-051,0.122,,MOCK,1
OG2016-100m-M-SF-H3,OG,2016,100m,M,SF,3,6,MOCK ATHLETE M100m-069,0.122,,MOCK,1
OG2016-100m-M-SF-H3,OG,2016,100m,M,SF,3,7,MOCK ATHLETE M100m-066,0.141,,MOCK,1
OG2016-100m-M-SF-H3,OG,2016,100m,M,SF,3,8,MOCK ATHLETE M100m-068,0.122,,MOCK,1
OG2016-100m-M-SF-H3,OG,2016,100m,M,SF,3,9,MOCK ATHLETE M100m-065,0.166,,MOCK,1
OG2016-100m-M-F-H1,OG,2016,100m,M,F,1,2,MOCK ATHLETE M100m-066,0.137,,MOCK,1
OG2016-100m-M-F-H1,OG,2016,100m,M,F,1,3,MOCK ATHLETE M100m-004,0.126,,MOCK,1
OG2016-100m-M-F-H1,OG,2016,100m,M,F,1,4,MOCK ATHLETE M100m-016,0.122,,MOCK,1
OG2016-100m-M-F-H1,OG,2016,100m,M,F,1,5,MOCK ATHLETE M100m-068,0.108,,MOCK,1
OG2016-100m-M-F-H1,OG,2016,100m,M,F,1,6,MOCK ATHLETE M100m-040,0.117,,MOCK,1
OG2016-100m-M-F-H1,OG,2016,100m,M,F,1,7,MOCK ATHLETE M100m-036,0.14,,MOCK,1
OG2016-100m-M-F-H1,OG,2016,100m,M,F,1,8,MOCK ATHLETE M100m-006,0.153,,MOCK,1
OG2016-100m-M-F-H1,OG,2016,100m,M,F,1,9,MOCK ATHLETE M100m-018,0.113,,MOCK,1
OG2016-200m-M-R1-H1,OG,2016,200m,M,R1,1,2,MOCK ATHLETE M200m-006,0.151,,MOCK,1
OG2016-200m-M-R1-H1,OG,2016,200m,M,R1,1,3,MOCK ATHLETE M200m-028,0.12,,MOCK,1
OG2016-200m-M-R1-H1,OG,2016,200m,M,R1,1,4,MOCK ATHLETE M200m-032,0.162,,MOCK,1
OG2016-200m-M-R1-H1,OG,2016,200m,M,R1,1,5,MOCK ATHLETE M200m-004,0.156,,MOCK,1
OG2016-200m-M-R1-H1,OG,2016,200m,M,R1,1,6,MOCK ATHLETE M200m-035,0.157,,MOCK,1
OG2016-200m-M-R1-H1,OG,2016,200m,M,R1,1,7,MOCK ATHLETE M200m-025,0.157,,MOCK,1
OG2016-200m-M-R1-H1,OG,2016,200m,M,R1,1,8,MOCK ATHLETE M200m-031,0.132,,MOCK,1
OG2016-200m-M-R1-H1,OG,2016,200m,M,R1,1,9,MOCK ATHLETE M200m-024,0.139,,MOCK,1
OG2016-200m-M-R1-H2,OG,2016,200m,M,R1,2,2,MOCK ATHLETE M200m-020,0.203,,MOCK,1
OG2016-200m-M-R1-H2,OG,2016,200m,M,R1,2,3,MOCK ATHLETE M200m-047,0.135,,MOCK,1
OG2016-200m-M-R1-H2,OG,2016,200m,M,R1,2,4,MOCK ATHLETE M200m-054,0.139,,MOCK,1
OG2016-200m-M-R1-H2,OG,2016,200m,M,R1,2,5,MOCK ATHLETE M200m-030,0.143,,MOCK,1
OG2016-200m-M-R1-H2,OG,2016,200m,M,R1,2,6,MOCK ATHLETE M200m-039,0.145,,MOCK,1
OG2016-200m-M-R1-H2,OG,2016,200m,M,R1,2,7,MOCK ATHLETE M200m-013,0.154,,MOCK,1
OG2016-200m-M-R1-H2,OG,2016,200m,M,R1,2,8,MOCK ATHLETE M200m-051,0.132,,MOCK,1
OG2016-200m-M-R1-H2,OG,2016,200m,M,R1,2,9,MOCK ATHLETE M200m-009,0.168,,MOCK,1
OG2016-200m-M-R1-H3,OG,2016,200m,M,R1,3,2,MOCK ATHLETE M200m-069,0.133,,MOCK,1
OG2016-200m-M-R1-H3,OG,2016,200m,M,R1,3,3,MOCK ATHLETE M200m-007,0.134,,MOCK,1
OG2016-200m-M-R1-H3,OG,2016,200m,M,R1,3,4,MOCK ATHLETE M200m-049,0.142,,MOCK,1
OG2016-200m-M-R1-H3,OG,2016,200m,M,R1,3,5,MOCK ATHLETE M200m-053,0.114,,MOCK,1
OG2016-200m-M-R1-H3,OG,2016,200m,M,R1,3,6,MOCK ATHLETE M200m-000,0.144,,MOCK,1
OG2016-200m-M-R1-H3,OG,2016,200m,M,R1,3,7,MOCK ATHLETE M200m-018,0.16,,MOCK,1
OG2016-200m-M-R1-H3,OG,2016,200m,M,R1,3,8,MOCK ATHLETE M200m-063,0.139,,MOCK,1
OG2016-200m-M-R1-H4,OG,2016,200m,M,R1,4,2,MOCK ATHLETE M200m-050,0.145,,MOCK,1
OG2016-200m-M-R1-H4,OG,2016,200m,M,R1,4,3,MOCK ATHLETE M200m-014,0.142,,MOCK,1
OG2016-200m-M-R1-H4,OG,2016,200m,M,R1,4,4,MOCK ATHLETE M200m-066,0.137,,MOCK,1
OG2016-200m-M-R1-H4,OG,2016,200m,M,R1,4,5,MOCK ATHLETE M200m-048,0.154,,MOCK,1
OG2016-200m-M-R1-H4,OG,2016,200m,M,R1,4,6,MOCK ATHLETE M200m-027,0.152,,MOCK,1
OG2016-200m-M-R1-H4,OG,2016,200m,M,R1,4,7,MOCK ATHLETE M200m-026,0.128,,MOCK,1
OG2016-200m-M-R1-H4,OG,2016,200m,M,R1,4,8,MOCK ATHLETE M200m-001,0.106,,MOCK,1
OG2016-200m-M-R1-H5,OG,2016,200m,M,R1,5,2,MOCK ATHLETE M200m-019,0.178,,MOCK,1
OG2016-200m-M-R1-H5,OG,2016,200m,M,R1,5,3,MOCK ATHLETE M200m-016,0.173,,MOCK,1
OG2016-200m-M-R1-H5,OG,2016,200m,M,R1,5,4,MOCK ATHLETE M200m-061,0.157,,MOCK,1
OG2016-200m-M-R1-H5,OG,2016,200m,M,R1,5,5,MOCK ATHLETE M200m-068,0.16,,MOCK,1
OG2016-200m-M-R1-H5,OG,2016,200m,M,R1,5,6,MOCK ATHLETE M200m-056,0.121,,MOCK,1
OG2016-200m-M-R1-H5,OG,2016,200m,M,R1,5,7,MOCK ATHLETE M200m-017,0.149,,MOCK,1
OG2016-200m-M-R1-H5,OG,2016,200m,M,R1,5,8,MOCK ATHLETE M200m-033,0.176,,MOCK,1
OG2016-200m-M-R1-H5,OG,2016,200m,M,R1,5,9,MOCK ATHLETE M200m-038,0.121,,MOCK,1
OG2016-200m-M-R1-H6,OG,2016,200m,M,R1,6,2,MOCK ATHLETE M200m-008,0.164,,MOCK,1
OG2016-200m-M-R1-H6,OG,2016,200m,M,R1,6,3,MOCK ATHLETE M200m-021,0.144,,MOCK,1
OG2016-200m-M-R1-H6,OG,2016,200m,M,R1,6,4,MOCK ATHLETE M200m-045,0.143,,MOCK,1
OG2016-200m-M-R1-H6,OG,2016,200m,M,R1,6,5,MOCK ATHLETE M200m-015,0.13,,MOCK,1
OG2016-200m-M-R1-H6,OG,2016,200m,M,R1,6,6,MOCK ATHLETE M200m-041,0.157,,MOCK,1
OG2016-200m-M-R1-H6,OG,2016,200m,M,R1,6,7,MOCK ATHLETE M200m-023,0.163,,MOCK,1
OG2016-200m-M-R1-H6,OG,2016,200m,M,R1,6,8,MOCK ATHLETE M200m-064,0.171,,MOCK,1
OG2016-200m-M-R1-H6,OG,2016,200m,M,R1,6,9,MOCK ATHLETE M200m-052,0.136,,MOCK,1
OG2016-200m-M-SF-H1,OG,2016,200m,M,SF,1,2,MOCK ATHLETE M200m-017,0.134,,MOCK,1
OG2016-200m-M-SF-H1,OG,2016,200m,M,SF,1,3,MOCK ATHLETE M200m-050,0.143,,MOCK,1
OG2016-200m-M-SF-H1,OG,2016,200m,M,SF,1,4,MOCK ATHLETE M200m-032,0.15,,MOCK,1
OG2016-200m-M-SF-H1,OG,2016,200m,M,SF,1,5,MOCK ATHLETE M200m-014,0.137,,MOCK,1
OG2016-200m-M-SF-H1,OG,2016,200m,M,SF,1,6,MOCK ATHLETE M200m-013,0.176,,MOCK,1
OG2016-200m-M-SF-H1,OG,2016,200m,M,SF,1,7,MOCK ATHLETE M200m-031,0.134,,MOCK,1
OG2016-200m-M-SF-H1,OG,2016,200m,M,SF,1,8,MOCK ATHLETE M200m-027,0.154,,MOCK,1
OG2016-200m-M-SF-H1,OG,2016,200m,M,SF,1,9,MOCK ATHLETE M200m-000,0.157,,MOCK,1
OG2016-200m-M-SF-H2,OG,2016,200m,M,SF,2,2,MOCK ATHLETE M200m-064,0.171,,MOCK,1
OG2016-200m-M-SF-H2,OG,2016,200m,M,SF,2,3,MOCK ATHLETE M200m-001,0.126,,MOCK,1
OG2016-200m-M-SF-H2,OG,2016,200m,M,SF,2,4,MOCK ATHLETE M200m-021,0.169,,MOCK,1
OG2016-200m-M-SF-H2,OG,2016,200m,M,SF,2,5,MOCK ATHLETE M200m-018,0.147,,MOCK,1
OG2016-200m-M-SF-H2,OG,2016,200m,M,SF,2,6,MOCK ATHLETE M200m-004,0.15,,MOCK,1
OG2016-200m-M-SF-H2,OG,2016,200m,M,SF,2,7,MOCK ATHLETE M200m-023,0.149,,MOCK,1
OG2016-200m-M-SF-H2,OG,2016,200m,M,SF,2,8,MOCK ATHLETE M200m-066,0.156,,MOCK,1
OG2016-200m-M-SF-H2,OG,2016,200m,M,SF,2,9,MOCK ATHLETE M200m-028,0.148,,MOCK,1
OG2016-200m-M-SF-H3,OG,2016,200m,M,SF,3,2,MOCK ATHLETE M200m-007,0.151,,MOCK,1
OG2016-200m-M-SF-H3,OG,2016,200m,M,SF,3,3,MOCK ATHLETE M200m-068,0.162,,MOCK,1
OG2016-200m-M-SF-H3,OG,2016,200m,M,SF,3,4,MOCK ATHLETE M200m-038,0.141,,MOCK,1
OG2016-200m-M-SF-H3,OG,2016,200m,M,SF,3,5,MOCK ATHLETE M200m-015,0.135,,MOCK,1
OG2016-200m-M-SF-H3,OG,2016,200m,M,SF,3,6,MOCK ATHLETE M200m-008,0.182,,MOCK,1
OG2016-200m-M-SF-H3,OG,2016,200m,M,SF,3,7,MOCK ATHLETE M200m-025,0.171,,MOCK,1
OG2016-200m-M-SF-H3,OG,2016,200m,M,SF,3,8,MOCK ATHLETE M200m-056,0.117,,MOCK,1
OG2016-200m-M-SF-H3,OG,2016,200m,M,SF,3,9,MOCK ATHLETE M200m-046,0.143,,MOCK,1
OG2016-200m-M-F-H1,OG,2016,200m,M,F,1,2,MOCK ATHLETE M200m-028,0.134,,MOCK,1
OG2016-200m-M-F-H1,OG,2016,200m,M,F,1,3,MOCK ATHLETE M200m-056,0.131,,MOCK,1
OG2016-200m-M-F-H1,OG,2016,200m,M,F,1,4,MOCK ATHLETE M200m-046,0.134,,MOCK,1
OG2016-200m-M-F-H1,OG,2016,200m,M,F,1,5,MOCK ATHLETE M200m-001,0.126,,MOCK,1
OG2016-200m-M-F-H1,OG,2016,200m,M,F,1,6,MOCK ATHLETE M200m-000,0.126,,MOCK,1
OG2016-200m-M-F-H1,OG,2016,200m,M,F,1,7,MOCK ATHLETE M200m-014,0.123,,MOCK,1
OG2016-200m-M-F-H1,OG,2016,200m,M,F,1,8,MOCK ATHLETE M200m-038,0.132,,MOCK,1
OG2016-200m-M-F-H1,OG,2016,200m,M,F,1,9,MOCK ATHLETE M200m-050,0.138,,MOCK,1
OG2016-110mH-M-R1-H1,OG,2016,110mH,M,R1,1,2,MOCK ATHLETE M110mH-061,0.172,,MOCK,1
OG2016-110mH-M-R1-H1,OG,2016,110mH,M,R1,1,3,MOCK ATHLETE M110mH-052,0.173,,MOCK,1
OG2016-110mH-M-R1-H1,OG,2016,110mH,M,R1,1,4,MOCK ATHLETE M110mH-005,0.137,,MOCK,1
OG2016-110mH-M-R1-H1,OG,2016,110mH,M,R1,1,5,MOCK ATHLETE M110mH-042,0.163,,MOCK,1
OG2016-110mH-M-R1-H1,OG,2016,110mH,M,R1,1,6,MOCK ATHLETE M110mH-068,0.157,,MOCK,1
OG2016-110mH-M-R1-H1,OG,2016,110mH,M,R1,1,7,MOCK ATHLETE M110mH-034,0.162,,MOCK,1
OG2016-110mH-M-R1-H1,OG,2016,110mH,M,R1,1,8,MOCK ATHLETE M110mH-032,0.146,,MOCK,1
OG2016-110mH-M-R1-H2,OG,2016,110mH,M,R1,2,2,MOCK ATHLETE M110mH-045,0.152,,MOCK,1
OG2016-110mH-M-R1-H2,OG,2016,110mH,M,R1,2,3,MOCK ATHLETE M110mH-066,0.15,,MOCK,1
OG2016-110mH-M-R1-H2,OG,2016,110mH,M,R1,2,4,MOCK ATHLETE M110mH-017,0.159,,MOCK,1
OG2016-110mH-M-R1-H2,OG,2016,110mH,M,R1,2,5,MOCK ATHLETE M110mH-018,0.17,,MOCK,1
OG2016-110mH-M-R1-H2,OG,2016,110mH,M,R1,2,6,MOCK ATHLETE M110mH-006,0.169,,MOCK,1
OG2016-110mH-M-R1-H2,OG,2016,110mH,M,R1,2,7,MOCK ATHLETE M110mH-024,0.138,,MOCK,1
OG2016-110mH-M-R1-H2,OG,2016,110mH,M,R1,2,8,MOCK ATHLETE M110mH-027,0.16,,MOCK,1
OG2016-110mH-M-R1-H2,OG,2016,110mH,M,R1,2,9,MOCK ATHLETE M110mH-011,0.15,,MOCK,1
OG2016-110mH-M-R1-H3,OG,2016,110mH,M,R1,3,2,MOCK ATHLETE M110mH-020,0.14,,MOCK,1
OG2016-110mH-M-R1-H3,OG,2016,110mH,M,R1,3,3,MOCK ATHLETE M110mH-058,0.155,,MOCK,1
OG2016-110mH-M-R1-H3,OG,2016,110mH,M,R1,3,4,MOCK ATHLETE M110mH-015,0.175,,MOCK,1
OG2016-110mH-M-R1-H3,OG,2016,110mH,M,R1,3,5,MOCK ATHLETE M110mH-029,0.161,,MOCK,1
OG2016-110mH-M-R1-H3,OG,2016,110mH,M,R1,3,6,MOCK ATHLETE M110mH-049,0.159,,MOCK,1
OG2016-110mH-M-R1-H3,OG,2016,110mH,M,R1,3,7,MOCK ATHLETE M110mH-054,0.16,,MOCK,1
OG2016-110mH-M-R1-H3,OG,2016,110mH,M,R1,3,8,MOCK ATHLETE M110mH-064,0.19,,MOCK,1
OG2016-110mH-M-R1-H4,OG,2016,110mH,M,R1,4,2,MOCK ATHLETE M110mH-043,0.169,,MOCK,1
OG2016-110mH-M-R1-H4,OG,2016,110mH,M,R1,4,3,MOCK ATHLETE M110mH-040,0.131,,MOCK,1
OG2016-110mH-M-R1-H4,OG,2016,110mH,M,R1,4,4,MOCK ATHLETE M110mH-028,0.171,,MOCK,1
OG2016-110mH-M-R1-H4,OG,2016,110mH,M,R1,4,5,MOCK ATHLETE M110mH-051,0.177,,MOCK,1
OG2016-110mH-M-R1-H4,OG,2016,110mH,M,R1,4,6,MOCK ATHLETE M110mH-002,0.138,,MOCK,1
OG2016-110mH-M-R1-H4,OG,2016,110mH,M,R1,4,7,MOCK ATHLETE M110mH-048,0.155,,MOCK,1
OG2016-110mH-M-R1-H4,OG,2016,110mH,M,R1,4,8,MOCK ATHLETE M110mH-009,0.155,,MOCK,1
OG2016-110mH-M-R1-H5,OG,2016,110mH,M,R1,5,2,MOCK ATHLETE M110mH-004,0.139,,MOCK,1
OG2016-110mH-M-R1-H5,OG,2016,110mH,M,R1,5,3,MOCK ATHLETE M110mH-012,0.14,,MOCK,1
OG2016-110mH-M-R1-H5,OG,2016,110mH,M,R1,5,4,MOCK ATHLETE M110mH-030,0.179,,MOCK,1
OG2016-110mH-M-R1-H5,OG,2016,110mH,M,R1,5,5,MOCK ATHLETE M110mH-025,0.182,,MOCK,1
OG2016-110mH-M-R1-H5,OG,2016,110mH,M,R1,5,6,MOCK ATHLETE M110mH-036,0.16,,MOCK,1
OG2016-110mH-M-R1-H5,OG,2016,110mH,M,R1,5,7,MOCK ATHLETE M110mH-023,0.143,,MOCK,1
OG2016-110mH-M-R1-H5,OG,2016,110mH,M,R1,5,8,MOCK ATHLETE M110mH-016,0.13,,MOCK,1
OG2016-110mH-M-R1-H6,OG,2016,110mH,M,R1,6,2,MOCK ATHLETE M110mH-031,0.155,,MOCK,1
OG2016-110mH-M-R1-H6,OG,2016,110mH,M,R1,6,3,MOCK ATHLETE M110mH-060,0.143,,MOCK,1
OG2016-110mH-M-R1-H6,OG,2016,110mH,M,R1,6,4,MOCK ATHLETE M110mH-055,0.134,,MOCK,1
OG2016-110mH-M-R1-H6,OG,2016,110mH,M,R1,6,5,MOCK ATHLETE M110mH-067,0.151,,MOCK,1
OG2016-110mH-M-R1-H6,OG,2016,110mH,M,R1,6,6,MOCK ATHLETE M110mH-010,0.135,,MOCK,1
OG2016-110mH-M-R1-H6,OG,2016,110mH,M,R1,6,7,MOCK ATHLETE M110mH-047,0.152,,MOCK,1
OG2016-110mH-M-R1-H6,OG,2016,110mH,M,R1,6,8,MOCK ATHLETE M110mH-000,0.173,,MOCK,1
OG2016-110mH-M-R1-H6,OG,2016,110mH,M,R1,6,9,MOCK ATHLETE M110mH-050,0.139,,MOCK,1
OG2016-110mH-M-SF-H1,OG,2016,110mH,M,SF,1,2,MOCK ATHLETE M110mH-058,0.122,,MOCK,1
OG2016-110mH-M-SF-H1,OG,2016,110mH,M,SF,1,3,MOCK ATHLETE M110mH-030,0.149,,MOCK,1
OG2016-110mH-M-SF-H1,OG,2016,110mH,M,SF,1,4,MOCK ATHLETE M110mH-029,0.16,,MOCK,1
OG2016-110mH-M-SF-H1,OG,2016,110mH,M,SF,1,5,MOCK ATHLETE M110mH-055,0.147,,MOCK,1
OG2016-110mH-M-SF-H1,OG,2016,110mH,M,SF,1,6,MOCK ATHLETE M110mH-057,0.144,,MOCK,1
OG2016-110mH-M-SF-H1,OG,2016,110mH,M,SF,1,7,MOCK ATHLETE M110mH-052,0.146,,MOCK,1
OG2016-110mH-M-SF-H1,OG,2016,110mH,M,SF,1,8,MOCK ATHLETE M110mH-004,0.152,,MOCK,1
OG2016-110mH-M-SF-H1,OG,2016,110mH,M,SF,1,9,MOCK ATHLETE M110mH-012,0.124,,MOCK,1
OG2016-110mH-M-SF-H2,OG,2016,110mH,M,SF,2,2,MOCK ATHLETE M110mH-009,0.14,,MOCK,1
OG2016-110mH-M-SF-H2,OG,2016,110mH,M,SF,2,3,MOCK ATHLETE M110mH-028,0.19,,MOCK,1
OG2016-110mH-M-SF-H2,OG,2016,110mH,M,SF,2,4,MOCK ATHLETE M110mH-024,0.139,,MOCK,1
OG2016-110mH-M-SF-H2,OG,2016,110mH,M,SF,2,5,MOCK ATHLETE M110mH-000,0.146,,MOCK,1
OG2016-110mH-M-SF-H2,OG,2016,110mH,M,SF,2,6,MOCK ATHLETE M110mH-045,0.145,,MOCK,1
OG2016-110mH-M-SF-H2,OG,2016,110mH,M,SF,2,7,MOCK ATHLETE M110mH-032,0.148,,MOCK,1
OG2016-110mH-M-SF-H2,OG,2016,110mH,M,SF,2,8,MOCK ATHLETE M110mH-040,0.16,,MOCK,1
OG2016-110mH-M-SF-H2,OG,2016,110mH,M,SF,2,9,MOCK ATHLETE M110mH-031,0.143,,MOCK,1
OG2016-110mH-M-SF-H3,OG,2016,110mH,M,SF,3,2,MOCK ATHLETE M110mH-061,0.168,,MOCK,1
OG2016-110mH-M-SF-H3,OG,2016,110mH,M,SF,3,3,MOCK ATHLETE M110mH-034,0.152,,MOCK,1
OG2016-110mH-M-SF-H3,OG,2016,110mH,M,SF,3,4,MOCK ATHLETE M110mH-068,0.155,,MOCK,1
OG2016-110mH-M-SF-H3,OG,2016,110mH,M,SF,3,5,MOCK ATHLETE M110mH-016,0.129,,MOCK,1
OG2016-110mH-M-SF-H3,OG,2016,110mH,M,SF,3,6,MOCK ATHLETE M110mH-017,0.141,,MOCK,1
OG2016-110mH-M-SF-H3,OG,2016,110mH,M,SF,3,7,MOCK ATHLETE M110mH-043,0.171,,MOCK,1
OG2016-110mH-M-SF-H3,OG,2016,110mH,M,SF,3,8,MOCK ATHLETE M110mH-069,0.139,,MOCK,1
OG2016-110mH-M-SF-H3,OG,2016,110mH,M,SF,3,9,MOCK ATHLETE M110mH-048,0.153,,MOCK,1
OG2016-110mH-M-F-H1,OG,2016,110mH,M,F,1,2,MOCK ATHLETE M110mH-017,0.132,,MOCK,1
OG2016-110mH-M-F-H1,OG,2016,110mH,M,F,1,3,MOCK ATHLETE M110mH-052,0.163,,MOCK,1
OG2016-110mH-M-F-H1,OG,2016,110mH,M,F,1,4,MOCK ATHLETE M110mH-028,0.167,,MOCK,1
OG2016-110mH-M-F-H1,OG,2016,110mH,M,F,1,5,MOCK ATHLETE M110mH-012,0.136,,MOCK,1
OG2016-110mH-M-F-H1,OG,2016,110mH,M,F,1,6,MOCK ATHLETE M110mH-055,0.182,,MOCK,1
OG2016-110mH-M-F-H1,OG,2016,110mH,M,F,1,7,MOCK ATHLETE M110mH-061,0.15,,MOCK,1
OG2016-110mH-M-F-H1,OG,2016,110mH,M,F,1,8,MOCK ATHLETE M110mH-069,0.128,,MOCK,1
OG2016-110mH-M-F-H1,OG,2016,110mH,M,F,1,9,MOCK ATHLETE M110mH-016,0.141,,MOCK,1
OG2016-100m-W-PR-H1,OG,2016,100m,W,PR,1,2,MOCK PR W100m2016-0,0.168,,MOCK,1
OG2016-100m-W-PR-H1,OG,2016,100m,W,PR,1,3,MOCK PR W100m2016-1,0.176,,MOCK,1
OG2016-100m-W-PR-H1,OG,2016,100m,W,PR,1,4,MOCK PR W100m2016-2,0.158,,MOCK,1
OG2016-100m-W-PR-H1,OG,2016,100m,W,PR,1,5,MOCK PR W100m2016-3,0.13,,MOCK,1
OG2016-100m-W-PR-H1,OG,2016,100m,W,PR,1,6,MOCK PR W100m2016-4,0.141,,MOCK,1
OG2016-100m-W-PR-H1,OG,2016,100m,W,PR,1,7,MOCK PR W100m2016-5,0.168,,MOCK,1
OG2016-100m-W-PR-H1,OG,2016,100m,W,PR,1,8,MOCK PR W100m2016-6,0.196,,MOCK,1
OG2016-100m-W-PR-H1,OG,2016,100m,W,PR,1,9,MOCK PR W100m2016-7,0.143,,MOCK,1
OG2016-100m-W-PR-H2,OG,2016,100m,W,PR,2,2,MOCK PR W100m2016-8,0.178,,MOCK,1
OG2016-100m-W-PR-H2,OG,2016,100m,W,PR,2,3,MOCK PR W100m2016-9,0.179,,MOCK,1
OG2016-100m-W-PR-H2,OG,2016,100m,W,PR,2,4,MOCK PR W100m2016-10,0.151,,MOCK,1
OG2016-100m-W-PR-H2,OG,2016,100m,W,PR,2,5,MOCK PR W100m2016-11,0.175,,MOCK,1
OG2016-100m-W-PR-H2,OG,2016,100m,W,PR,2,6,MOCK PR W100m2016-12,0.175,,MOCK,1
OG2016-100m-W-PR-H2,OG,2016,100m,W,PR,2,7,MOCK PR W100m2016-13,0.158,,MOCK,1
OG2016-100m-W-PR-H2,OG,2016,100m,W,PR,2,8,MOCK PR W100m2016-14,0.17,,MOCK,1
OG2016-100m-W-PR-H2,OG,2016,100m,W,PR,2,9,MOCK PR W100m2016-15,0.164,,MOCK,1
OG2016-100m-W-R1-H1,OG,2016,100m,W,R1,1,2,MOCK ATHLETE W100m-029,0.128,,MOCK,1
OG2016-100m-W-R1-H1,OG,2016,100m,W,R1,1,3,MOCK ATHLETE W100m-006,0.171,,MOCK,1
OG2016-100m-W-R1-H1,OG,2016,100m,W,R1,1,4,MOCK ATHLETE W100m-033,0.138,,MOCK,1
OG2016-100m-W-R1-H1,OG,2016,100m,W,R1,1,5,MOCK ATHLETE W100m-035,0.158,,MOCK,1
OG2016-100m-W-R1-H1,OG,2016,100m,W,R1,1,6,MOCK ATHLETE W100m-047,0.15,,MOCK,1
OG2016-100m-W-R1-H1,OG,2016,100m,W,R1,1,7,MOCK ATHLETE W100m-004,0.184,,MOCK,1
OG2016-100m-W-R1-H1,OG,2016,100m,W,R1,1,8,MOCK ATHLETE W100m-002,0.142,,MOCK,1
OG2016-100m-W-R1-H2,OG,2016,100m,W,R1,2,2,MOCK ATHLETE W100m-013,0.029,DQ TR16.8,MOCK,1
OG2016-100m-W-R1-H2,OG,2016,100m,W,R1,2,3,MOCK ATHLETE W100m-057,0.149,,MOCK,1
OG2016-100m-W-R1-H2,OG,2016,100m,W,R1,2,4,MOCK ATHLETE W100m-036,0.168,,MOCK,1
OG2016-100m-W-R1-H2,OG,2016,100m,W,R1,2,5,MOCK ATHLETE W100m-012,0.141,,MOCK,1
OG2016-100m-W-R1-H2,OG,2016,100m,W,R1,2,6,MOCK ATHLETE W100m-027,0.163,,MOCK,1
OG2016-100m-W-R1-H2,OG,2016,100m,W,R1,2,7,MOCK ATHLETE W100m-001,0.154,,MOCK,1
OG2016-100m-W-R1-H2,OG,2016,100m,W,R1,2,8,MOCK ATHLETE W100m-064,0.161,,MOCK,1
OG2016-100m-W-R1-H3,OG,2016,100m,W,R1,3,2,MOCK ATHLETE W100m-053,0.17,,MOCK,1
OG2016-100m-W-R1-H3,OG,2016,100m,W,R1,3,3,MOCK ATHLETE W100m-068,0.173,,MOCK,1
OG2016-100m-W-R1-H3,OG,2016,100m,W,R1,3,4,MOCK ATHLETE W100m-034,0.155,,MOCK,1
OG2016-100m-W-R1-H3,OG,2016,100m,W,R1,3,5,MOCK ATHLETE W100m-042,0.152,,MOCK,1
OG2016-100m-W-R1-H3,OG,2016,100m,W,R1,3,6,MOCK ATHLETE W100m-045,0.139,,MOCK,1
OG2016-100m-W-R1-H3,OG,2016,100m,W,R1,3,7,MOCK ATHLETE W100m-005,0.142,,MOCK,1
OG2016-100m-W-R1-H3,OG,2016,100m,W,R1,3,8,MOCK ATHLETE W100m-021,0.14,,MOCK,1
OG2016-100m-W-R1-H3,OG,2016,100m,W,R1,3,9,MOCK ATHLETE W100m-055,0.157,,MOCK,1
OG2016-100m-W-R1-H4,OG,2016,100m,W,R1,4,2,MOCK ATHLETE W100m-019,0.126,,MOCK,1
OG2016-100m-W-R1-H4,OG,2016,100m,W,R1,4,3,MOCK ATHLETE W100m-060,0.153,,MOCK,1
OG2016-100m-W-R1-H4,OG,2016,100m,W,R1,4,4,MOCK ATHLETE W100m-025,0.171,,MOCK,1
OG2016-100m-W-R1-H4,OG,2016,100m,W,R1,4,5,MOCK ATHLETE W100m-031,0.051,DQ TR16.8,MOCK,1
OG2016-100m-W-R1-H4,OG,2016,100m,W,R1,4,6,MOCK ATHLETE W100m-046,0.147,,MOCK,1
OG2016-100m-W-R1-H4,OG,2016,100m,W,R1,4,7,MOCK ATHLETE W100m-026,0.148,,MOCK,1
OG2016-100m-W-R1-H4,OG,2016,100m,W,R1,4,8,MOCK ATHLETE W100m-028,0.135,,MOCK,1
OG2016-100m-W-R1-H4,OG,2016,100m,W,R1,4,9,MOCK ATHLETE W100m-022,0.152,,MOCK,1
OG2016-100m-W-R1-H5,OG,2016,100m,W,R1,5,2,MOCK ATHLETE W100m-048,0.134,,MOCK,1
OG2016-100m-W-R1-H5,OG,2016,100m,W,R1,5,3,MOCK ATHLETE W100m-032,0.159,,MOCK,1
OG2016-100m-W-R1-H5,OG,2016,100m,W,R1,5,4,MOCK ATHLETE W100m-000,0.137,,MOCK,1
OG2016-100m-W-R1-H5,OG,2016,100m,W,R1,5,5,MOCK ATHLETE W100m-016,0.142,,MOCK,1
OG2016-100m-W-R1-H5,OG,2016,100m,W,R1,5,6,MOCK ATHLETE W100m-052,0.221,,MOCK,1
OG2016-100m-W-R1-H5,OG,2016,100m,W,R1,5,7,MOCK ATHLETE W100m-020,0.143,,MOCK,1
OG2016-100m-W-R1-H5,OG,2016,100m,W,R1,5,8,MOCK ATHLETE W100m-054,0.145,,MOCK,1
OG2016-100m-W-R1-H5,OG,2016,100m,W,R1,5,9,MOCK ATHLETE W100m-049,0.182,,MOCK,1
OG2016-100m-W-R1-H6,OG,2016,100m,W,R1,6,2,MOCK ATHLETE W100m-051,0.159,,MOCK,1
OG2016-100m-W-R1-H6,OG,2016,100m,W,R1,6,3,MOCK ATHLETE W100m-063,0.171,,MOCK,1
OG2016-100m-W-R1-H6,OG,2016,100m,W,R1,6,4,MOCK ATHLETE W100m-067,0.117,,MOCK,1
OG2016-100m-W-R1-H6,OG,2016,100m,W,R1,6,5,MOCK ATHLETE W100m-003,0.134,,MOCK,1
OG2016-100m-W-R1-H6,OG,2016,100m,W,R1,6,6,MOCK ATHLETE W100m-050,0.149,,MOCK,1
OG2016-100m-W-R1-H6,OG,2016,100m,W,R1,6,7,MOCK ATHLETE W100m-008,0.161,,MOCK,1
OG2016-100m-W-R1-H6,OG,2016,100m,W,R1,6,8,MOCK ATHLETE W100m-037,0.114,,MOCK,1
OG2016-100m-W-R1-H6,OG,2016,100m,W,R1,6,9,MOCK ATHLETE W100m-015,0.179,,MOCK,1
OG2016-100m-W-SF-H1,OG,2016,100m,W,SF,1,2,MOCK ATHLETE W100m-068,0.148,,MOCK,1
OG2016-100m-W-SF-H1,OG,2016,100m,W,SF,1,3,MOCK ATHLETE W100m-034,0.166,,MOCK,1
OG2016-100m-W-SF-H1,OG,2016,100m,W,SF,1,4,MOCK ATHLETE W100m-033,0.182,,MOCK,1
OG2016-100m-W-SF-H1,OG,2016,100m,W,SF,1,5,MOCK ATHLETE W100m-020,0.15,,MOCK,1
OG2016-100m-W-SF-H1,OG,2016,100m,W,SF,1,6,MOCK ATHLETE W100m-001,0.158,,MOCK,1
OG2016-100m-W-SF-H1,OG,2016,100m,W,SF,1,7,MOCK ATHLETE W100m-008,0.172,,MOCK,1
OG2016-100m-W-SF-H1,OG,2016,100m,W,SF,1,8,MOCK ATHLETE W100m-049,0.152,,MOCK,1
OG2016-100m-W-SF-H1,OG,2016,100m,W,SF,1,9,MOCK ATHLETE W100m-053,0.148,,MOCK,1
OG2016-100m-W-SF-H2,OG,2016,100m,W,SF,2,2,MOCK ATHLETE W100m-004,0.148,,MOCK,1
OG2016-100m-W-SF-H2,OG,2016,100m,W,SF,2,3,MOCK ATHLETE W100m-047,0.165,,MOCK,1
OG2016-100m-W-SF-H2,OG,2016,100m,W,SF,2,4,MOCK ATHLETE W100m-028,0.151,,MOCK,1
OG2016-100m-W-SF-H2,OG,2016,100m,W,SF,2,5,MOCK ATHLETE W100m-055,0.157,,MOCK,1
OG2016-100m-W-SF-H2,OG,2016,100m,W,SF,2,6,MOCK ATHLETE W100m-026,0.165,,MOCK,1
OG2016-100m-W-SF-H2,OG,2016,100m,W,SF,2,7,MOCK ATHLETE W100m-035,0.145,,MOCK,1
OG2016-100m-W-SF-H2,OG,2016,100m,W,SF,2,8,MOCK ATHLETE W100m-042,0.16,,MOCK,1
OG2016-100m-W-SF-H2,OG,2016,100m,W,SF,2,9,MOCK ATHLETE W100m-056,0.164,,MOCK,1
OG2016-100m-W-SF-H3,OG,2016,100m,W,SF,3,2,MOCK ATHLETE W100m-005,0.133,,MOCK,1
OG2016-100m-W-SF-H3,OG,2016,100m,W,SF,3,3,MOCK ATHLETE W100m-052,0.14,,MOCK,1
OG2016-100m-W-SF-H3,OG,2016,100m,W,SF,3,4,MOCK ATHLETE W100m-031,0.167,,MOCK,1
OG2016-100m-W-SF-H3,OG,2016,100m,W,SF,3,5,MOCK ATHLETE W100m-050,0.154,,MOCK,1
OG2016-100m-W-SF-H3,OG,2016,100m,W,SF,3,6,MOCK ATHLETE W100m-006,0.167,,MOCK,1
OG2016-100m-W-SF-H3,OG,2016,100m,W,SF,3,7,MOCK ATHLETE W100m-029,0.138,,MOCK,1
OG2016-100m-W-SF-H3,OG,2016,100m,W,SF,3,8,MOCK ATHLETE W100m-002,0.134,,MOCK,1
OG2016-100m-W-SF-H3,OG,2016,100m,W,SF,3,9,MOCK ATHLETE W100m-022,0.136,,MOCK,1
OG2016-100m-W-F-H1,OG,2016,100m,W,F,1,2,MOCK ATHLETE W100m-056,0.151,,MOCK,1
OG2016-100m-W-F-H1,OG,2016,100m,W,F,1,3,MOCK ATHLETE W100m-055,0.157,,MOCK,1
OG2016-100m-W-F-H1,OG,2016,100m,W,F,1,4,MOCK ATHLETE W100m-047,0.149,,MOCK,1
OG2016-100m-W-F-H1,OG,2016,100m,W,F,1,5,MOCK ATHLETE W100m-042,0.189,,MOCK,1
OG2016-100m-W-F-H1,OG,2016,100m,W,F,1,6,MOCK ATHLETE W100m-028,0.148,,MOCK,1
OG2016-100m-W-F-H1,OG,2016,100m,W,F,1,7,MOCK ATHLETE W100m-034,0.157,,MOCK,1
OG2016-100m-W-F-H1,OG,2016,100m,W,F,1,8,MOCK ATHLETE W100m-050,0.155,,MOCK,1
OG2016-100m-W-F-H1,OG,2016,100m,W,F,1,9,MOCK ATHLETE W100m-001,0.169,,MOCK,1
OG2016-200m-W-R1-H1,OG,2016,200m,W,R1,1,2,MOCK ATHLETE W200m-053,0.165,,MOCK,1
OG2016-200m-W-R1-H1,OG,2016,200m,W,R1,1,3,MOCK ATHLETE W200m-008,0.141,,MOCK,1
OG2016-200m-W-R1-H1,OG,2016,200m,W,R1,1,4,MOCK ATHLETE W200m-045,0.144,,MOCK,1
OG2016-200m-W-R1-H1,OG,2016,200m,W,R1,1,5,MOCK ATHLETE W200m-047,0.155,,MOCK,1
OG2016-200m-W-R1-H1,OG,2016,200m,W,R1,1,6,MOCK ATHLETE W200m-031,0.161,,MOCK,1
OG2016-200m-W-R1-H1,OG,2016,200m,W,R1,1,7,MOCK ATHLETE W200m-007,0.184,,MOCK,1
OG2016-200m-W-R1-H1,OG,2016,200m,W,R1,1,8,MOCK ATHLETE W200m-048,0.166,,MOCK,1
OG2016-200m-W-R1-H1,OG,2016,200m,W,R1,1,9,MOCK ATHLETE W200m-061,0.189,,MOCK,1
OG2016-200m-W-R1-H2,OG,2016,200m,W,R1,2,2,MOCK ATHLETE W200m-058,0.167,,MOCK,1
OG2016-200m-W-R1-H2,OG,2016,200m,W,R1,2,3,MOCK ATHLETE W200m-046,0.159,,MOCK,1
OG2016-200m-W-R1-H2,OG,2016,200m,W,R1,2,4,MOCK ATHLETE W200m-023,0.2,,MOCK,1
OG2016-200m-W-R1-H2,OG,2016,200m,W,R1,2,5,MOCK ATHLETE W200m-027,0.169,,MOCK,1
OG2016-200m-W-R1-H2,OG,2016,200m,W,R1,2,6,MOCK ATHLETE W200m-060,0.167,,MOCK,1
OG2016-200m-W-R1-H2,OG,2016,200m,W,R1,2,7,MOCK ATHLETE W200m-065,0.166,,MOCK,1
OG2016-200m-W-R1-H2,OG,2016,200m,W,R1,2,8,MOCK ATHLETE W200m-040,0.154,,MOCK,1
OG2016-200m-W-R1-H2,OG,2016,200m,W,R1,2,9,MOCK ATHLETE W200m-030,0.138,,MOCK,1
OG2016-200m-W-R1-H3,OG,2016,200m,W,R1,3,2,MOCK ATHLETE W200m-056,0.193,,MOCK,1
OG2016-200m-W-R1-H3,OG,2016,200m,W,R1,3,3,MOCK ATHLETE W200m-042,0.177,,MOCK,1
OG2016-200m-W-R1-H3,OG,2016,200m,W,R1,3,4,MOCK ATHLETE W200m-043,0.169,,MOCK,1
OG2016-200m-W-R1-H3,OG,2016,200m,W,R1,3,5,MOCK ATHLETE W200m-052,0.143,,MOCK,1
OG2016-200m-W-R1-H3,OG,2016,200m,W,R1,3,6,MOCK ATHLETE W200m-000,0.147,,MOCK,1
OG2016-200m-W-R1-H3,OG,2016,200m,W,R1,3,7,MOCK ATHLETE W200m-013,0.176,,MOCK,1
OG2016-200m-W-R1-H3,OG,2016,200m,W,R1,3,8,MOCK ATHLETE W200m-059,0.171,,MOCK,1
OG2016-200m-W-R1-H3,OG,2016,200m,W,R1,3,9,MOCK ATHLETE W200m-050,0.133,,MOCK,1
OG2016-200m-W-R1-H4,OG,2016,200m,W,R1,4,2,MOCK ATHLETE W200m-017,0.141,,MOCK,1
OG2016-200m-W-R1-H4,OG,2016,200m,W,R1,4,3,MOCK ATHLETE W200m-041,0.173,,MOCK,1
OG2016-200m-W-R1-H4,OG,2016,200m,W,R1,4,4,MOCK ATHLETE W200m-033,0.149,,MOCK,1
OG2016-200m-W-R1-H4,OG,2016,200m,W,R1,4,5,MOCK ATHLETE W200m-036,0.152,,MOCK,1
OG2016-200m-W-R1-H4,OG,2016,200m,W,R1,4,6,MOCK ATHLETE W200m-049,0.155,,MOCK,1
OG2016-200m-W-R1-H4,OG,2016,200m,W,R1,4,7,MOCK ATHLETE W200m-005,0.13,,MOCK,1
OG2016-200m-W-R1-H4,OG,2016,200m,W,R1,4,8,MOCK ATHLETE W200m-003,0.164,,MOCK,1
OG2016-200m-W-R1-H5,OG,2016,200m,W,R1,5,2,MOCK ATHLETE W200m-016,0.161,,MOCK,1
OG2016-200m-W-R1-H5,OG,2016,200m,W,R1,5,3,MOCK ATHLETE W200m-051,0.155,,MOCK,1
OG2016-200m-W-R1-H5,OG,2016,200m,W,R1,5,4,MOCK ATHLETE W200m-044,0.153,,MOCK,1
OG2016-200m-W-R1-H5,OG,2016,200m,W,R1,5,5,MOCK ATHLETE W200m-034,0.159,,MOCK,1
OG2016-200m-W-R1-H5,OG,2016,200m,W,R1,5,6,MOCK ATHLETE W200m-064,0.172,,MOCK,1
OG2016-200m-W-R1-H5,OG,2016,200m,W,R1,5,7,MOCK ATHLETE W200m-006,0.177,,MOCK,1
OG2016-200m-W-R1-H5,OG,2016,200m,W,R1,5,8,MOCK ATHLETE W200m-054,0.127,,MOCK,1
OG2016-200m-W-R1-H5,OG,2016,200m,W,R1,5,9,MOCK ATHLETE W200m-025,0.184,,MOCK,1
OG2016-200m-W-R1-H6,OG,2016,200m,W,R1,6,2,MOCK ATHLETE W200m-015,0.149,,MOCK,1
OG2016-200m-W-R1-H6,OG,2016,200m,W,R1,6,3,MOCK ATHLETE W200m-012,0.154,,MOCK,1
OG2016-200m-W-R1-H6,OG,2016,200m,W,R1,6,4,MOCK ATHLETE W200m-037,0.182,,MOCK,1
OG2016-200m-W-R1-H6,OG,2016,200m,W,R1,6,5,MOCK ATHLETE W200m-063,0.126,,MOCK,1
OG2016-200m-W-R1-H6,OG,2016,200m,W,R1,6,6,MOCK ATHLETE W200m-029,0.146,,MOCK,1
OG2016-200m-W-R1-H6,OG,2016,200m,W,R1,6,7,MOCK ATHLETE W200m-032,0.143,,MOCK,1
OG2016-200m-W-R1-H6,OG,2016,200m,W,R1,6,8,MOCK ATHLETE W200m-022,0.181,,MOCK,1
OG2016-200m-W-R1-H6,OG,2016,200m,W,R1,6,9,MOCK ATHLETE W200m-011,0.18,,MOCK,1
OG2016-200m-W-SF-H1,OG,2016,200m,W,SF,1,2,MOCK ATHLETE W200m-055,0.164,,MOCK,1
OG2016-200m-W-SF-H1,OG,2016,200m,W,SF,1,3,MOCK ATHLETE W200m-030,0.157,,MOCK,1
OG2016-200m-W-SF-H1,OG,2016,200m,W,SF,1,4,MOCK ATHLETE W200m-059,0.169,,MOCK,1
OG2016-200m-W-SF-H1,OG,2016,200m,W,SF,1,5,MOCK ATHLETE W200m-005,0.184,,MOCK,1
OG2016-200m-W-SF-H1,OG,2016,200m,W,SF,1,6,MOCK ATHLETE W200m-040,0.142,,MOCK,1
OG2016-200m-W-SF-H1,OG,2016,200m,W,SF,1,7,MOCK ATHLETE W200m-015,0.162,,MOCK,1
OG2016-200m-W-SF-H1,OG,2016,200m,W,SF,1,8,MOCK ATHLETE W200m-036,0.145,,MOCK,1
OG2016-200m-W-SF-H1,OG,2016,200m,W,SF,1,9,MOCK ATHLETE W200m-049,0.199,,MOCK,1
OG2016-200m-W-SF-H2,OG,2016,200m,W,SF,2,2,MOCK ATHLETE W200m-029,0.136,,MOCK,1
OG2016-200m-W-SF-H2,OG,2016,200m,W,SF,2,3,MOCK ATHLETE W200m-052,0.132,,MOCK,1
OG2016-200m-W-SF-H2,OG,2016,200m,W,SF,2,4,MOCK ATHLETE W200m-017,0.141,,MOCK,1
OG2016-200m-W-SF-H2,OG,2016,200m,W,SF,2,5,MOCK ATHLETE W200m-046,0.161,,MOCK,1
OG2016-200m-W-SF-H2,OG,2016,200m,W,SF,2,6,MOCK ATHLETE W200m-050,0.163,,MOCK,1
OG2016-200m-W-SF-H2,OG,2016,200m,W,SF,2,7,MOCK ATHLETE W200m-054,0.134,,MOCK,1
OG2016-200m-W-SF-H2,OG,2016,200m,W,SF,2,8,MOCK ATHLETE W200m-003,0.169,,MOCK,1
OG2016-200m-W-SF-H2,OG,2016,200m,W,SF,2,9,MOCK ATHLETE W200m-011,0.16,,MOCK,1
OG2016-200m-W-SF-H3,OG,2016,200m,W,SF,3,2,MOCK ATHLETE W200m-053,0.16,,MOCK,1
OG2016-200m-W-SF-H3,OG,2016,200m,W,SF,3,3,MOCK ATHLETE W200m-056,0.169,,MOCK,1
OG2016-200m-W-SF-H3,OG,2016,200m,W,SF,3,4,MOCK ATHLETE W200m-032,0.124,,MOCK,1
OG2016-200m-W-SF-H3,OG,2016,200m,W,SF,3,5,MOCK ATHLETE W200m-023,0.144,,MOCK,1
OG2016-200m-W-SF-H3,OG,2016,200m,W,SF,3,6,MOCK ATHLETE W200m-000,0.147,,MOCK,1
OG2016-200m-W-SF-H3,OG,2016,200m,W,SF,3,7,MOCK ATHLETE W200m-034,0.146,,MOCK,1
OG2016-200m-W-SF-H3,OG,2016,200m,W,SF,3,8,MOCK ATHLETE W200m-044,0.136,,MOCK,1
OG2016-200m-W-SF-H3,OG,2016,200m,W,SF,3,9,MOCK ATHLETE W200m-043,0.141,,MOCK,1
OG2016-200m-W-F-H1,OG,2016,200m,W,F,1,2,MOCK ATHLETE W200m-005,0.177,,MOCK,1
OG2016-200m-W-F-H1,OG,2016,200m,W,F,1,3,MOCK ATHLETE W200m-044,0.153,,MOCK,1
OG2016-200m-W-F-H1,OG,2016,200m,W,F,1,4,MOCK ATHLETE W200m-029,0.146,,MOCK,1
OG2016-200m-W-F-H1,OG,2016,200m,W,F,1,5,MOCK ATHLETE W200m-015,0.149,,MOCK,1
OG2016-200m-W-F-H1,OG,2016,200m,W,F,1,6,MOCK ATHLETE W200m-003,0.187,,MOCK,1
OG2016-200m-W-F-H1,OG,2016,200m,W,F,1,7,MOCK ATHLETE W200m-046,0.17,,MOCK,1
OG2016-200m-W-F-H1,OG,2016,200m,W,F,1,8,MOCK ATHLETE W200m-056,0.174,,MOCK,1
OG2016-200m-W-F-H1,OG,2016,200m,W,F,1,9,MOCK ATHLETE W200m-032,0.159,,MOCK,1
OG2016-100mH-W-R1-H1,OG,2016,100mH,W,R1,1,2,MOCK ATHLETE W100mH-052,0.118,,MOCK,1
OG2016-100mH-W-R1-H1,OG,2016,100mH,W,R1,1,3,MOCK ATHLETE W100mH-003,0.132,,MOCK,1
OG2016-100mH-W-R1-H1,OG,2016,100mH,W,R1,1,4,MOCK ATHLETE W100mH-013,0.155,,MOCK,1
OG2016-100mH-W-R1-H1,OG,2016,100mH,W,R1,1,5,MOCK ATHLETE W100mH-015,0.143,,MOCK,1
OG2016-100mH-W-R1-H1,OG,2016,100mH,W,R1,1,6,MOCK ATHLETE W100mH-068,0.162,,MOCK,1
OG2016-100mH-W-R1-H1,OG,2016,100mH,W,R1,1,7,MOCK ATHLETE W100mH-046,0.144,,MOCK,1
OG2016-100mH-W-R1-H1,OG,2016,100mH,W,R1,1,8,MOCK ATHLETE W100mH-037,0.146,,MOCK,1
OG2016-100mH-W-R1-H1,OG,2016,100mH,W,R1,1,9,MOCK ATHLETE W100mH-063,0.172,,MOCK,1
OG2016-100mH-W-R1-H2,OG,2016,100mH,W,R1,2,2,MOCK ATHLETE W100mH-022,0.18,,MOCK,1
OG2016-100mH-W-R1-H2,OG,2016,100mH,W,R1,2,3,MOCK ATHLETE W100mH-065,0.152,,MOCK,1
OG2016-100mH-W-R1-H2,OG,2016,100mH,W,R1,2,4,MOCK ATHLETE W100mH-061,0.168,,MOCK,1
OG2016-100mH-W-R1-H2,OG,2016,100mH,W,R1,2,5,MOCK ATHLETE W100mH-018,0.149,,MOCK,1
OG2016-100mH-W-R1-H2,OG,2016,100mH,W,R1,2,6,MOCK ATHLETE W100mH-035,0.174,,MOCK,1
OG2016-100mH-W-R1-H2,OG,2016,100mH,W,R1,2,7,MOCK ATHLETE W100mH-038,0.145,,MOCK,1
OG2016-100mH-W-R1-H2,OG,2016,100mH,W,R1,2,8,MOCK ATHLETE W100mH-023,0.17,,MOCK,1
OG2016-100mH-W-R1-H3,OG,2016,100mH,W,R1,3,2,MOCK ATHLETE W100mH-043,0.122,,MOCK,1
OG2016-100mH-W-R1-H3,OG,2016,100mH,W,R1,3,3,MOCK ATHLETE W100mH-049,0.13,,MOCK,1
OG2016-100mH-W-R1-H3,OG,2016,100mH,W,R1,3,4,MOCK ATHLETE W100mH-025,0.167,,MOCK,1
OG2016-100mH-W-R1-H3,OG,2016,100mH,W,R1,3,5,MOCK ATHLETE W100mH-036,0.144,,MOCK,1
OG2016-100mH-W-R1-H3,OG,2016,100mH,W,R1,3,6,MOCK ATHLETE W100mH-040,0.155,,MOCK,1
OG2016-100mH-W-R1-H3,OG,2016,100mH,W,R1,3,7,MOCK ATHLETE W100mH-058,0.152,,MOCK,1
OG2016-100mH-W-R1-H3,OG,2016,100mH,W,R1,3,8,MOCK ATHLETE W100mH-069,0.137,,MOCK,1
OG2016-100mH-W-R1-H3,OG,2016,100mH,W,R1,3,9,MOCK ATHLETE W100mH-042,0.171,,MOCK,1
OG2016-100mH-W-R1-H4,OG,2016,100mH,W,R1,4,2,MOCK ATHLETE W100mH-062,0.176,,MOCK,1
OG2016-100mH-W-R1-H4,OG,2016,100mH,W,R1,4,3,MOCK ATHLETE W100mH-016,0.132,,MOCK,1
OG2016-100mH-W-R1-H4,OG,2016,100mH,W,R1,4,4,MOCK ATHLETE W100mH-057,0.143,,MOCK,1
OG2016-100mH-W-R1-H4,OG,2016,100mH,W,R1,4,5,MOCK ATHLETE W100mH-041,0.161,,MOCK,1
OG2016-100mH-W-R1-H4,OG,2016,100mH,W,R1,4,6,MOCK ATHLETE W100mH-005,0.174,,MOCK,1
OG2016-100mH-W-R1-H4,OG,2016,100mH,W,R1,4,7,MOCK ATHLETE W100mH-051,0.166,,MOCK,1
OG2016-100mH-W-R1-H4,OG,2016,100mH,W,R1,4,8,MOCK ATHLETE W100mH-026,0.139,,MOCK,1
OG2016-100mH-W-R1-H4,OG,2016,100mH,W,R1,4,9,MOCK ATHLETE W100mH-056,0.133,,MOCK,1
OG2016-100mH-W-R1-H5,OG,2016,100mH,W,R1,5,2,MOCK ATHLETE W100mH-029,0.162,,MOCK,1
OG2016-100mH-W-R1-H5,OG,2016,100mH,W,R1,5,3,MOCK ATHLETE W100mH-011,0.197,,MOCK,1
OG2016-100mH-W-R1-H5,OG,2016,100mH,W,R1,5,4,MOCK ATHLETE W100mH-045,0.135,,MOCK,1
OG2016-100mH-W-R1-H5,OG,2016,100mH,W,R1,5,5,MOCK ATHLETE W100mH-033,0.141,,MOCK,1
OG2016-100mH-W-R1-H5,OG,2016,100mH,W,R1,5,6,MOCK ATHLETE W100mH-055,0.138,,MOCK,1
OG2016-100mH-W-R1-H5,OG,2016,100mH,W,R1,5,7,MOCK ATHLETE W100mH-032,0.137,,MOCK,1
OG2016-100mH-W-R1-H5,OG,2016,100mH,W,R1,5,8,MOCK ATHLETE W100mH-014,0.14,,MOCK,1
OG2016-100mH-W-R1-H5,OG,2016,100mH,W,R1,5,9,MOCK ATHLETE W100mH-044,0.175,,MOCK,1
OG2016-100mH-W-R1-H6,OG,2016,100mH,W,R1,6,2,MOCK ATHLETE W100mH-006,0.158,,MOCK,1
OG2016-100mH-W-R1-H6,OG,2016,100mH,W,R1,6,3,MOCK ATHLETE W100mH-054,0.177,,MOCK,1
OG2016-100mH-W-R1-H6,OG,2016,100mH,W,R1,6,4,MOCK ATHLETE W100mH-047,0.172,,MOCK,1
OG2016-100mH-W-R1-H6,OG,2016,100mH,W,R1,6,5,MOCK ATHLETE W100mH-034,0.166,,MOCK,1
OG2016-100mH-W-R1-H6,OG,2016,100mH,W,R1,6,6,MOCK ATHLETE W100mH-012,0.187,,MOCK,1
OG2016-100mH-W-R1-H6,OG,2016,100mH,W,R1,6,7,MOCK ATHLETE W100mH-007,0.155,,MOCK,1
OG2016-100mH-W-R1-H6,OG,2016,100mH,W,R1,6,8,MOCK ATHLETE W100mH-008,0.17,,MOCK,1
OG2016-100mH-W-R1-H6,OG,2016,100mH,W,R1,6,9,MOCK ATHLETE W100mH-009,0.165,,MOCK,1
OG2016-100mH-W-SF-H1,OG,2016,100mH,W,SF,1,2,MOCK ATHLETE W100mH-050,0.17,,MOCK,1
OG2016-100mH-W-SF-H1,OG,2016,100mH,W,SF,1,3,MOCK ATHLETE W100mH-036,0.163,,MOCK,1
OG2016-100mH-W-SF-H1,OG,2016,100mH,W,SF,1,4,MOCK ATHLETE W100mH-006,0.175,,MOCK,1
OG2016-100mH-W-SF-H1,OG,2016,100mH,W,SF,1,5,MOCK ATHLETE W100mH-043,0.15,,MOCK,1
OG2016-100mH-W-SF-H1,OG,2016,100mH,W,SF,1,6,MOCK ATHLETE W100mH-025,0.192,,MOCK,1
OG2016-100mH-W-SF-H1,OG,2016,100mH,W,SF,1,7,MOCK ATHLETE W100mH-054,0.149,,MOCK,1
OG2016-100mH-W-SF-H1,OG,2016,100mH,W,SF,1,8,MOCK ATHLETE W100mH-029,0.17,,MOCK,1
OG2016-100mH-W-SF-H1,OG,2016,100mH,W,SF,1,9,MOCK ATHLETE W100mH-068,0.215,,MOCK,1
OG2016-100mH-W-SF-H2,OG,2016,100mH,W,SF,2,2,MOCK ATHLETE W100mH-032,0.159,,MOCK,1
OG2016-100mH-W-SF-H2,OG,2016,100mH,W,SF,2,3,MOCK ATHLETE W100mH-049,0.134,,MOCK,1
OG2016-100mH-W-SF-H2,OG,2016,100mH,W,SF,2,4,MOCK ATHLETE W100mH-046,0.153,,MOCK,1
OG2016-100mH-W-SF-H2,OG,2016,100mH,W,SF,2,5,MOCK ATHLETE W100mH-062,0.151,,MOCK,1
OG2016-100mH-W-SF-H2,OG,2016,100mH,W,SF,2,6,MOCK ATHLETE W100mH-047,0.163,,MOCK,1
OG2016-100mH-W-SF-H2,OG,2016,100mH,W,SF,2,7,MOCK ATHLETE W100mH-052,0.156,,MOCK,1
OG2016-100mH-W-SF-H2,OG,2016,100mH,W,SF,2,8,MOCK ATHLETE W100mH-044,0.151,,MOCK,1
OG2016-100mH-W-SF-H2,OG,2016,100mH,W,SF,2,9,MOCK ATHLETE W100mH-008,0.144,,MOCK,1
OG2016-100mH-W-SF-H3,OG,2016,100mH,W,SF,3,2,MOCK ATHLETE W100mH-055,0.161,,MOCK,1
OG2016-100mH-W-SF-H3,OG,2016,100mH,W,SF,3,3,MOCK ATHLETE W100mH-045,0.139,,MOCK,1
OG2016-100mH-W-SF-H3,OG,2016,100mH,W,SF,3,4,MOCK ATHLETE W100mH-041,0.132,,MOCK,1
OG2016-100mH-W-SF-H3,OG,2016,100mH,W,SF,3,5,MOCK ATHLETE W100mH-056,0.135,,MOCK,1
OG2016-100mH-W-SF-H3,OG,2016,100mH,W,SF,3,6,MOCK ATHLETE W100mH-061,0.158,,MOCK,1
OG2016-100mH-W-SF-H3,OG,2016,100mH,W,SF,3,7,MOCK ATHLETE W100mH-014,0.13,,MOCK,1
OG2016-100mH-W-SF-H3,OG,2016,100mH,W,SF,3,8,MOCK ATHLETE W100mH-018,0.149,,MOCK,1
OG2016-100mH-W-SF-H3,OG,2016,100mH,W,SF,3,9,MOCK ATHLETE W100mH-026,0.147,,MOCK,1
OG2016-100mH-W-F-H1,OG,2016,100mH,W,F,1,2,MOCK ATHLETE W100mH-025,0.176,,MOCK,1
OG2016-100mH-W-F-H1,OG,2016,100mH,W,F,1,3,MOCK ATHLETE W100mH-006,0.149,,MOCK,1
OG2016-100mH-W-F-H1,OG,2016,100mH,W,F,1,4,MOCK ATHLETE W100mH-047,0.183,,MOCK,1
OG2016-100mH-W-F-H1,OG,2016,100mH,W,F,1,5,MOCK ATHLETE W100mH-061,0.164,,MOCK,1
OG2016-100mH-W-F-H1,OG,2016,100mH,W,F,1,6,MOCK ATHLETE W100mH-018,0.155,,MOCK,1
OG2016-100mH-W-F-H1,OG,2016,100mH,W,F,1,7,MOCK ATHLETE W100mH-050,0.197,,MOCK,1
OG2016-100mH-W-F-H1,OG,2016,100mH,W,F,1,8,MOCK ATHLETE W100mH-062,0.159,,MOCK,1
OG2016-100mH-W-F-H1,OG,2016,100mH,W,F,1,9,MOCK ATHLETE W100mH-046,0.175,,MOCK,1
OG2021-100m-M-PR-H1,OG,2021,100m,M,PR,1,2,MOCK PR M100m2021-0,0.132,,MOCK,1
OG2021-100m-M-PR-H1,OG,2021,100m,M,PR,1,3,MOCK PR M100m2021-1,0.146,,MOCK,1
OG2021-100m-M-PR-H1,OG,2021,100m,M,PR,1,4,MOCK PR M100m2021-2,0.139,,MOCK,1
OG2021-100m-M-PR-H1,OG,2021,100m,M,PR,1,5,MOCK PR M100m2021-3,0.151,,MOCK,1
OG2021-100m-M-PR-H1,OG,2021,100m,M,PR,1,6,MOCK PR M100m2021-4,0.151,,MOCK,1
OG2021-100m-M-PR-H1,OG,2021,100m,M,PR,1,7,MOCK PR M100m2021-5,0.136,,MOCK,1
OG2021-100m-M-PR-H1,OG,2021,100m,M,PR,1,8,MOCK PR M100m2021-6,0.142,,MOCK,1
OG2021-100m-M-PR-H1,OG,2021,100m,M,PR,1,9,MOCK PR M100m2021-7,0.151,,MOCK,1
OG2021-100m-M-PR-H2,OG,2021,100m,M,PR,2,2,MOCK PR M100m2021-8,0.116,,MOCK,1
OG2021-100m-M-PR-H2,OG,2021,100m,M,PR,2,3,MOCK PR M100m2021-9,0.175,,MOCK,1
OG2021-100m-M-PR-H2,OG,2021,100m,M,PR,2,4,MOCK PR M100m2021-10,0.145,,MOCK,1
OG2021-100m-M-PR-H2,OG,2021,100m,M,PR,2,5,MOCK PR M100m2021-11,0.185,,MOCK,1
OG2021-100m-M-PR-H2,OG,2021,100m,M,PR,2,6,MOCK PR M100m2021-12,0.132,,MOCK,1
OG2021-100m-M-PR-H2,OG,2021,100m,M,PR,2,7,MOCK PR M100m2021-13,0.169,,MOCK,1
OG2021-100m-M-PR-H2,OG,2021,100m,M,PR,2,8,MOCK PR M100m2021-14,0.152,,MOCK,1
OG2021-100m-M-PR-H2,OG,2021,100m,M,PR,2,9,MOCK PR M100m2021-15,0.135,,MOCK,1
OG2021-100m-M-R1-H1,OG,2021,100m,M,R1,1,2,MOCK ATHLETE M100m-062,0.142,,MOCK,1
OG2021-100m-M-R1-H1,OG,2021,100m,M,R1,1,3,MOCK ATHLETE M100m-052,0.146,,MOCK,1
OG2021-100m-M-R1-H1,OG,2021,100m,M,R1,1,4,MOCK ATHLETE M100m-001,0.145,,MOCK,1
OG2021-100m-M-R1-H1,OG,2021,100m,M,R1,1,5,MOCK ATHLETE M100m-040,0.163,,MOCK,1
OG2021-100m-M-R1-H1,OG,2021,100m,M,R1,1,6,MOCK ATHLETE M100m-018,0.129,,MOCK,1
OG2021-100m-M-R1-H1,OG,2021,100m,M,R1,1,7,MOCK ATHLETE M100m-041,0.143,,MOCK,1
OG2021-100m-M-R1-H1,OG,2021,100m,M,R1,1,8,MOCK ATHLETE M100m-002,0.144,,MOCK,1
OG2021-100m-M-R1-H1,OG,2021,100m,M,R1,1,9,MOCK ATHLETE M100m-043,0.162,,MOCK,1
OG2021-100m-M-R1-H2,OG,2021,100m,M,R1,2,2,MOCK ATHLETE M100m-039,0.136,,MOCK,1
OG2021-100m-M-R1-H2,OG,2021,100m,M,R1,2,3,MOCK ATHLETE M100m-051,0.154,,MOCK,1
OG2021-100m-M-R1-H2,OG,2021,100m,M,R1,2,4,MOCK ATHLETE M100m-053,0.16,,MOCK,1
OG2021-100m-M-R1-H2,OG,2021,100m,M,R1,2,5,MOCK ATHLETE M100m-014,0.158,,MOCK,1
OG2021-100m-M-R1-H2,OG,2021,100m,M,R1,2,6,MOCK ATHLETE M100m-034,0.147,,MOCK,1
OG2021-100m-M-R1-H2,OG,2021,100m,M,R1,2,7,MOCK ATHLETE M100m-033,0.185,,MOCK,1
OG2021-100m-M-R1-H2,OG,2021,100m,M,R1,2,8,MOCK ATHLETE M100m-023,0.149,,MOCK,1
OG2021-100m-M-R1-H2,OG,2021,100m,M,R1,2,9,MOCK ATHLETE M100m-055,0.143,,MOCK,1
OG2021-100m-M-R1-H3,OG,2021,100m,M,R1,3,2,MOCK ATHLETE M100m-025,0.157,,MOCK,1
OG2021-100m-M-R1-H3,OG,2021,100m,M,R1,3,3,MOCK ATHLETE M100m-021,0.154,,MOCK,1
OG2021-100m-M-R1-H3,OG,2021,100m,M,R1,3,4,MOCK ATHLETE M100m-031,0.128,,MOCK,1
OG2021-100m-M-R1-H3,OG,2021,100m,M,R1,3,5,MOCK ATHLETE M100m-037,0.166,,MOCK,1
OG2021-100m-M-R1-H3,OG,2021,100m,M,R1,3,6,MOCK ATHLETE M100m-068,0.119,,MOCK,1
OG2021-100m-M-R1-H3,OG,2021,100m,M,R1,3,7,MOCK ATHLETE M100m-036,0.16,,MOCK,1
OG2021-100m-M-R1-H3,OG,2021,100m,M,R1,3,8,MOCK ATHLETE M100m-028,0.149,,MOCK,1
OG2021-100m-M-R1-H3,OG,2021,100m,M,R1,3,9,MOCK ATHLETE M100m-017,0.138,,MOCK,1
OG2021-100m-M-R1-H4,OG,2021,100m,M,R1,4,2,MOCK ATHLETE M100m-067,0.189,,MOCK,1
OG2021-100m-M-R1-H4,OG,2021,100m,M,R1,4,3,MOCK ATHLETE M100m-019,0.138,,MOCK,1
OG2021-100m-M-R1-H4,OG,2021,100m,M,R1,4,4,MOCK ATHLETE M100m-069,0.173,,MOCK,1
OG2021-100m-M-R1-H4,OG,2021,100m,M,R1,4,5,MOCK ATHLETE M100m-049,0.175,,MOCK,1
OG2021-100m-M-R1-H4,OG,2021,100m,M,R1,4,6,MOCK ATHLETE M100m-024,0.145,,MOCK,1
OG2021-100m-M-R1-H4,OG,2021,100m,M,R1,4,7,MOCK ATHLETE M100m-022,0.137,,MOCK,1
OG2021-100m-M-R1-H4,OG,2021,100m,M,R1,4,8,MOCK ATHLETE M100m-009,0.152,,MOCK,1
OG2021-100m-M-R1-H4,OG,2021,100m,M,R1,4,9,MOCK ATHLETE M100m-003,0.156,,MOCK,1
OG2021-100m-M-R1-H5,OG,2021,100m,M,R1,5,2,MOCK ATHLETE M100m-059,0.141,,MOCK,1
OG2021-100m-M-R1-H5,OG,2021,100m,M,R1,5,3,MOCK ATHLETE M100m-048,0.145,,MOCK,1
OG2021-100m-M-R1-H5,OG,2021,100m,M,R1,5,4,MOCK ATHLETE M100m-046,0.154,,MOCK,1
OG2021-100m-M-R1-H5,OG,2021,100m,M,R1,5,5,MOCK ATHLETE M100m-010,0.158,,MOCK,1
OG2021-100m-M-R1-H5,OG,2021,100m,M,R1,5,6,MOCK ATHLETE M100m-013,0.138,,MOCK,1
OG2021-100m-M-R1-H5,OG,2021,100m,M,R1,5,7,MOCK ATHLETE M100m-038,0.146,,MOCK,1
OG2021-100m-M-R1-H5,OG,2021,100m,M,R1,5,8,MOCK ATHLETE M100m-057,0.17,,MOCK,1
OG2021-100m-M-R1-H5,OG,2021,100m,M,R1,5,9,MOCK ATHLETE M100m-060,0.149,,MOCK,1
OG2021-100m-M-R1-H6,OG,2021,100m,M,R1,6,2,MOCK ATHLETE M100m-026,0.136,,MOCK,1
OG2021-100m-M-R1-H6,OG,2021,100m,M,R1,6,3,MOCK ATHLETE M100m-008,0.158,,MOCK,1
OG2021-100m-M-R1-H6,OG,2021,100m,M,R1,6,4,MOCK ATHLETE M100m-027,0.139,,MOCK,1
OG2021-100m-M-R1-H6,OG,2021,100m,M,R1,6,5,MOCK ATHLETE M100m-029,0.163,,MOCK,1
OG2021-100m-M-R1-H6,OG,2021,100m,M,R1,6,6,MOCK ATHLETE M100m-000,0.179,,MOCK,1
OG2021-100m-M-R1-H6,OG,2021,100m,M,R1,6,7,MOCK ATHLETE M100m-012,0.15,,MOCK,1
OG2021-100m-M-R1-H6,OG,2021,100m,M,R1,6,8,MOCK ATHLETE M100m-054,0.161,,MOCK,1
OG2021-100m-M-R1-H6,OG,2021,100m,M,R1,6,9,MOCK ATHLETE M100m-007,0.155,,MOCK,1
OG2021-100m-M-SF-H1,OG,2021,100m,M,SF,1,2,MOCK ATHLETE M100m-009,0.133,,MOCK,1
OG2021-100m-M-SF-H1,OG,2021,100m,M,SF,1,3,MOCK ATHLETE M100m-029,0.138,,MOCK,1
OG2021-100m-M-SF-H1,OG,2021,100m,M,SF,1,4,MOCK ATHLETE M100m-002,0.128,,MOCK,1
OG2021-100m-M-SF-H1,OG,2021,100m,M,SF,1,5,MOCK ATHLETE M100m-067,0.161,,MOCK,1
OG2021-100m-M-SF-H1,OG,2021,100m,M,SF,1,6,MOCK ATHLETE M100m-007,0.177,,MOCK,1
OG2021-100m-M-SF-H1,OG,2021,100m,M,SF,1,7,MOCK ATHLETE M100m-025,0.155,,MOCK,1
OG2021-100m-M-SF-H1,OG,2021,100m,M,SF,1,8,MOCK ATHLETE M100m-013,0.129,,MOCK,1
OG2021-100m-M-SF-H1,OG,2021,100m,M,SF,1,9,MOCK ATHLETE M100m-060,0.132,,MOCK,1
OG2021-100m-M-SF-H2,OG,2021,100m,M,SF,2,2,MOCK ATHLETE M100m-036,0.124,,MOCK,1
OG2021-100m-M-SF-H2,OG,2021,100m,M,SF,2,3,MOCK ATHLETE M100m-021,0.134,,MOCK,1
OG2021-100m-M-SF-H2,OG,2021,100m,M,SF,2,4,MOCK ATHLETE M100m-059,0.129,,MOCK,1
OG2021-100m-M-SF-H2,OG,2021,100m,M,SF,2,5,MOCK ATHLETE M100m-033,0.125,,MOCK,1
OG2021-100m-M-SF-H2,OG,2021,100m,M,SF,2,6,MOCK ATHLETE M100m-034,0.134,,MOCK,1
OG2021-100m-M-SF-H2,OG,2021,100m,M,SF,2,7,MOCK ATHLETE M100m-068,0.121,,MOCK,1
OG2021-100m-M-SF-H2,OG,2021,100m,M,SF,2,8,MOCK ATHLETE M100m-055,0.144,,MOCK,1
OG2021-100m-M-SF-H2,OG,2021,100m,M,SF,2,9,MOCK ATHLETE M100m-000,0.138,,MOCK,1
OG2021-100m-M-SF-H3,OG,2021,100m,M,SF,3,2,MOCK ATHLETE M100m-057,0.154,,MOCK,1
OG2021-100m-M-SF-H3,OG,2021,100m,M,SF,3,3,MOCK ATHLETE M100m-027,0.135,,MOCK,1
OG2021-100m-M-SF-H3,OG,2021,100m,M,SF,3,4,MOCK ATHLETE M100m-022,0.144,,MOCK,1
OG2021-100m-M-SF-H3,OG,2021,100m,M,SF,3,5,MOCK ATHLETE M100m-028,0.126,,MOCK,1
OG2021-100m-M-SF-H3,OG,2021,100m,M,SF,3,6,MOCK ATHLETE M100m-003,0.144,,MOCK,1
OG2021-100m-M-SF-H3,OG,2021,100m,M,SF,3,7,MOCK ATHLETE M100m-038,0.134,,MOCK,1
OG2021-100m-M-SF-H3,OG,2021,100m,M,SF,3,8,MOCK ATHLETE M100m-017,0.148,,MOCK,1
OG2021-100m-M-SF-H3,OG,2021,100m,M,SF,3,9,MOCK ATHLETE M100m-043,0.146,,MOCK,1
OG2021-100m-M-F-H1,OG,2021,100m,M,F,1,2,MOCK ATHLETE M100m-007,0.146,,MOCK,1
OG2021-100m-M-F-H1,OG,2021,100m,M,F,1,3,MOCK ATHLETE M100m-002,0.127,,MOCK,1
OG2021-100m-M-F-H1,OG,2021,100m,M,F,1,4,MOCK ATHLETE M100m-036,0.134,,MOCK,1
OG2021-100m-M-F-H1,OG,2021,100m,M,F,1,5,MOCK ATHLETE M100m-013,0.151,,MOCK,1
OG2021-100m-M-F-H1,OG,2021,100m,M,F,1,6,MOCK ATHLETE M100m-068,0.139,,MOCK,1
OG2021-100m-M-F-H1,OG,2021,100m,M,F,1,7,MOCK ATHLETE M100m-067,0.141,,MOCK,1
OG2021-100m-M-F-H1,OG,2021,100m,M,F,1,8,MOCK ATHLETE M100m-017,0.155,,MOCK,1
OG2021-100m-M-F-H1,OG,2021,100m,M,F,1,9,MOCK ATHLETE M100m-034,0.142,,MOCK,1
OG2021-200m-M-R1-H1,OG,2021,200m,M,R1,1,2,MOCK ATHLETE M200m-061,0.144,,MOCK,1
OG2021-200m-M-R1-H1,OG,2021,200m,M,R1,1,3,MOCK ATHLETE M200m-006,0.154,,MOCK,1
OG2021-200m-M-R1-H1,OG,2021,200m,M,R1,1,4,MOCK ATHLETE M200m-029,0.141,,MOCK,1
OG2021-200m-M-R1-H1,OG,2021,200m,M,R1,1,5,MOCK ATHLETE M200m-048,0.15,,MOCK,1
OG2021-200m-M-R1-H1,OG,2021,200m,M,R1,1,6,MOCK ATHLETE M200m-003,0.156,,MOCK,1
OG2021-200m-M-R1-H1,OG,2021,200m,M,R1,1,7,MOCK ATHLETE M200m-016,0.17,,MOCK,1
OG2021-200m-M-R1-H1,OG,2021,200m,M,R1,1,8,MOCK ATHLETE M200m-017,0.146,,MOCK,1
OG2021-200m-M-R1-H1,OG,2021,200m,M,R1,1,9,MOCK ATHLETE M200m-058,0.149,,MOCK,1
OG2021-200m-M-R1-H2,OG,2021,200m,M,R1,2,2,MOCK ATHLETE M200m-032,0.159,,MOCK,1
OG2021-200m-M-R1-H2,OG,2021,200m,M,R1,2,3,MOCK ATHLETE M200m-025,0.153,,MOCK,1
OG2021-200m-M-R1-H2,OG,2021,200m,M,R1,2,4,MOCK ATHLETE M200m-030,0.158,,MOCK,1
OG2021-200m-M-R1-H2,OG,2021,200m,M,R1,2,5,MOCK ATHLETE M200m-040,0.158,,MOCK,1
OG2021-200m-M-R1-H2,OG,2021,200m,M,R1,2,6,MOCK ATHLETE M200m-007,0.164,,MOCK,1
OG2021-200m-M-R1-H2,OG,2021,200m,M,R1,2,7,MOCK ATHLETE M200m-023,0.156,,MOCK,1
OG2021-200m-M-R1-H2,OG,2021,200m,M,R1,2,8,MOCK ATHLETE M200m-004,0.174,,MOCK,1
OG2021-200m-M-R1-H2,OG,2021,200m,M,R1,2,9,MOCK ATHLETE M200m-065,0.18,,MOCK,1
OG2021-200m-M-R1-H3,OG,2021,200m,M,R1,3,2,MOCK ATHLETE M200m-049,0.195,,MOCK,1
OG2021-200m-M-R1-H3,OG,2021,200m,M,R1,3,3,MOCK ATHLETE M200m-024,0.16,,MOCK,1
OG2021-200m-M-R1-H3,OG,2021,200m,M,R1,3,4,MOCK ATHLETE M200m-010,0.14,,MOCK,1
OG2021-200m-M-R1-H3,OG,2021,200m,M,R1,3,5,MOCK ATHLETE M200m-046,0.181,,MOCK,1
OG2021-200m-M-R1-H3,OG,2021,200m,M,R1,3,6,MOCK ATHLETE M200m-022,0.131,,MOCK,1
OG2021-200m-M-R1-H3,OG,2021,200m,M,R1,3,7,MOCK ATHLETE M200m-044,0.167,,MOCK,1
OG2021-200m-M-R1-H3,OG,2021,200m,M,R1,3,8,MOCK ATHLETE M200m-052,0.143,,MOCK,1
OG2021-200m-M-R1-H3,OG,2021,200m,M,R1,3,9,MOCK ATHLETE M200m-037,0.166,,MOCK,1
OG2021-200m-M-R1-H4,OG,2021,200m,M,R1,4,2,MOCK ATHLETE M200m-038,0.141,,MOCK,1
OG2021-200m-M-R1-H4,OG,2021,200m,M,R1,4,3,MOCK ATHLETE M200m-031,0.146,,MOCK,1
OG2021-200m-M-R1-H4,OG,2021,200m,M,R1,4,4,MOCK ATHLETE M200m-060,0.137,,MOCK,1
OG2021-200m-M-R1-H4,OG,2021,200m,M,R1,4,5,MOCK ATHLETE M200m-020,0.15,,MOCK,1
OG2021-200m-M-R1-H4,OG,2021,200m,M,R1,4,6,MOCK ATHLETE M200m-067,0.154,,MOCK,1
OG2021-200m-M-R1-H4,OG,2021,200m,M,R1,4,7,MOCK ATHLETE M200m-053,0.147,,MOCK,1
OG2021-200m-M-R1-H4,OG,2021,200m,M,R1,4,8,MOCK ATHLETE M200m-034,0.114,,MOCK,1
OG2021-200m-M-R1-H4,OG,2021,200m,M,R1,4,9,MOCK ATHLETE M200m-002,0.12,,MOCK,1
OG2021-200m-M-R1-H5,OG,2021,200m,M,R1,5,2,MOCK ATHLETE M200m-068,0.138,,MOCK,1
OG2021-200m-M-R1-H5,OG,2021,200m,M,R1,5,3,MOCK ATHLETE M200m-059,0.163,,MOCK,1
OG2021-200m-M-R1-H5,OG,2021,200m,M,R1,5,4,MOCK ATHLETE M200m-013,0.176,,MOCK,1
OG2021-200m-M-R1-H5,OG,2021,200m,M,R1,5,5,MOCK ATHLETE M200m-062,0.142,,MOCK,1
OG2021-200m-M-R1-H5,OG,2021,200m,M,R1,5,6,MOCK ATHLETE M200m-005,0.144,,MOCK,1
OG2021-200m-M-R1-H5,OG,2021,200m,M,R1,5,7,MOCK ATHLETE M200m-055,0.16,,MOCK,1
OG2021-200m-M-R1-H5,OG,2021,200m,M,R1,5,8,MOCK ATHLETE M200m-014,0.177,,MOCK,1
OG2021-200m-M-R1-H5,OG,2021,200m,M,R1,5,9,MOCK ATHLETE M200m-054,0.132,,MOCK,1
OG2021-200m-M-R1-H6,OG,2021,200m,M,R1,6,2,MOCK ATHLETE M200m-039,0.137,,MOCK,1
OG2021-200m-M-R1-H6,OG,2021,200m,M,R1,6,3,MOCK ATHLETE M200m-051,0.122,,MOCK,1
OG2021-200m-M-R1-H6,OG,2021,200m,M,R1,6,4,MOCK ATHLETE M200m-066,0.13,,MOCK,1
OG2021-200m-M-R1-H6,OG,2021,200m,M,R1,6,5,MOCK ATHLETE M200m-064,0.163,,MOCK,1
OG2021-200m-M-R1-H6,OG,2021,200m,M,R1,6,6,MOCK ATHLETE M200m-036,0.164,,MOCK,1
OG2021-200m-M-R1-H6,OG,2021,200m,M,R1,6,7,MOCK ATHLETE M200m-056,0.143,,MOCK,1
OG2021-200m-M-R1-H6,OG,2021,200m,M,R1,6,8,MOCK ATHLETE M200m-047,0.139,,MOCK,1
OG2021-200m-M-R1-H6,OG,2021,200m,M,R1,6,9,MOCK ATHLETE M200m-063,0.104,,MOCK,1
OG2021-200m-M-SF-H1,OG,2021,200m,M,SF,1,2,MOCK ATHLETE M200m-063,0.11,,MOCK,1
OG2021-200m-M-SF-H1,OG,2021,200m,M,SF,1,3,MOCK ATHLETE M200m-065,0.159,,MOCK,1
OG2021-200m-M-SF-H1,OG,2021,200m,M,SF,1,4,MOCK ATHLETE M200m-017,0.121,,MOCK,1
OG2021-200m-M-SF-H1,OG,2021,200m,M,SF,1,5,MOCK ATHLETE M200m-039,0.177,,MOCK,1
OG2021-200m-M-SF-H1,OG,2021,200m,M,SF,1,6,MOCK ATHLETE M200m-002,0.149,,MOCK,1
OG2021-200m-M-SF-H1,OG,2021,200m,M,SF,1,7,MOCK ATHLETE M200m-054,0.197,,MOCK,1
OG2021-200m-M-SF-H1,OG,2021,200m,M,SF,1,8,MOCK ATHLETE M200m-004,0.166,,MOCK,1
OG2021-200m-M-SF-H1,OG,2021,200m,M,SF,1,9,MOCK ATHLETE M200m-016,0.156,,MOCK,1
OG2021-200m-M-SF-H2,OG,2021,200m,M,SF,2,2,MOCK ATHLETE M200m-053,0.113,,MOCK,1
OG2021-200m-M-SF-H2,OG,2021,200m,M,SF,2,3,MOCK ATHLETE M200m-055,0.138,,MOCK,1
OG2021-200m-M-SF-H2,OG,2021,200m,M,SF,2,4,MOCK ATHLETE M200m-040,0.143,,MOCK,1
OG2021-200m-M-SF-H2,OG,2021,200m,M,SF,2,5,MOCK ATHLETE M200m-051,0.144,,MOCK,1
OG2021-200m-M-SF-H2,OG,2021,200m,M,SF,2,6,MOCK ATHLETE M200m-066,0.131,,MOCK,1
OG2021-200m-M-SF-H2,OG,2021,200m,M,SF,2,7,MOCK ATHLETE M200m-032,0.14,,MOCK,1
OG2021-200m-M-SF-H2,OG,2021,200m,M,SF,2,8,MOCK ATHLETE M200m-067,0.139,,MOCK,1
OG2021-200m-M-SF-H2,OG,2021,200m,M,SF,2,9,MOCK ATHLETE M200m-052,0.149,,MOCK,1
OG2021-200m-M-SF-H3,OG,2021,200m,M,SF,3,2,MOCK ATHLETE M200m-010,0.133,,MOCK,1
OG2021-200m-M-SF-H3,OG,2021,200m,M,SF,3,3,MOCK ATHLETE M200m-034,0.119,,MOCK,1
OG2021-200m-M-SF-H3,OG,2021,200m,M,SF,3,4,MOCK ATHLETE M200m-047,0.112,,MOCK,1
OG2021-200m-M-SF-H3,OG,2021,200m,M,SF,3,5,MOCK ATHLETE M200m-064,0.143,,MOCK,1
OG2021-200m-M-SF-H3,OG,2021,200m,M,SF,3,6,MOCK ATHLETE M200m-059,0.169,,MOCK,1
OG2021-200m-M-SF-H3,OG,2021,200m,M,SF,3,7,MOCK ATHLETE M200m-013,0.127,,MOCK,1
OG2021-200m-M-SF-H3,OG,2021,200m,M,SF,3,8,MOCK ATHLETE M200m-062,0.152,,MOCK,1
OG2021-200m-M-SF-H3,OG,2021,200m,M,SF,3,9,MOCK ATHLETE M200m-025,0.18,,MOCK,1
OG2021-200m-M-F-H1,OG,2021,200m,M,F,1,2,MOCK ATHLETE M200m-064,0.177,,MOCK,1
OG2021-200m-M-F-H1,OG,2021,200m,M,F,1,3,MOCK ATHLETE M200m-040,0.176,,MOCK,1
OG2021-200m-M-F-H1,OG,2021,200m,M,F,1,4,MOCK ATHLETE M200m-032,0.166,,MOCK,1
OG2021-200m-M-F-H1,OG,2021,200m,M,F,1,5,MOCK ATHLETE M200m-016,0.143,,MOCK,1
OG2021-200m-M-F-H1,OG,2021,200m,M,F,1,6,MOCK ATHLETE M200m-034,0.168,,MOCK,1
OG2021-200m-M-F-H1,OG,2021,200m,M,F,1,7,MOCK ATHLETE M200m-059,0.173,,MOCK,1
OG2021-200m-M-F-H1,OG,2021,200m,M,F,1,8,MOCK ATHLETE M200m-047,0.17,,MOCK,1
OG2021-200m-M-F-H1,OG,2021,200m,M,F,1,9,MOCK ATHLETE M200m-039,0.152,,MOCK,1
OG2021-110mH-M-R1-H1,OG,2021,110mH,M,R1,1,2,MOCK ATHLETE M110mH-053,0.154,,MOCK,1
OG2021-110mH-M-R1-H1,OG,2021,110mH,M,R1,1,3,MOCK ATHLETE M110mH-024,0.17,,MOCK,1
OG2021-110mH-M-R1-H1,OG,2021,110mH,M,R1,1,4,MOCK ATHLETE M110mH-030,0.165,,MOCK,1
OG2021-110mH-M-R1-H1,OG,2021,110mH,M,R1,1,5,MOCK ATHLETE M110mH-064,0.153,,MOCK,1
OG2021-110mH-M-R1-H1,OG,2021,110mH,M,R1,1,6,MOCK ATHLETE M110mH-066,0.152,,MOCK,1
OG2021-110mH-M-R1-H1,OG,2021,110mH,M,R1,1,7,MOCK ATHLETE M110mH-069,0.135,,MOCK,1
OG2021-110mH-M-R1-H1,OG,2021,110mH,M,R1,1,8,MOCK ATHLETE M110mH-006,0.175,,MOCK,1
OG2021-110mH-M-R1-H1,OG,2021,110mH,M,R1,1,9,MOCK ATHLETE M110mH-044,0.161,,MOCK,1
OG2021-110mH-M-R1-H2,OG,2021,110mH,M,R1,2,2,MOCK ATHLETE M110mH-058,0.125,,MOCK,1
OG2021-110mH-M-R1-H2,OG,2021,110mH,M,R1,2,3,MOCK ATHLETE M110mH-017,0.124,,MOCK,1
OG2021-110mH-M-R1-H2,OG,2021,110mH,M,R1,2,4,MOCK ATHLETE M110mH-028,0.146,,MOCK,1
OG2021-110mH-M-R1-H2,OG,2021,110mH,M,R1,2,5,MOCK ATHLETE M110mH-004,0.171,,MOCK,1
OG2021-110mH-M-R1-H2,OG,2021,110mH,M,R1,2,6,MOCK ATHLETE M110mH-016,0.154,,MOCK,1
OG2021-110mH-M-R1-H2,OG,2021,110mH,M,R1,2,7,MOCK ATHLETE M110mH-060,0.143,,MOCK,1
OG2021-110mH-M-R1-H2,OG,2021,110mH,M,R1,2,8,MOCK ATHLETE M110mH-043,0.151,,MOCK,1
OG2021-110mH-M-R1-H3,OG,2021,110mH,M,R1,3,2,MOCK ATHLETE M110mH-002,0.165,,MOCK,1
OG2021-110mH-M-R1-H3,OG,2021,110mH,M,R1,3,3,MOCK ATHLETE M110mH-059,0.165,,MOCK,1
OG2021-110mH-M-R1-H3,OG,2021,110mH,M,R1,3,4,MOCK ATHLETE M110mH-027,0.153,,MOCK,1
OG2021-110mH-M-R1-H3,OG,2021,110mH,M,R1,3,5,MOCK ATHLETE M110mH-037,0.121,,MOCK,1
OG2021-110mH-M-R1-H3,OG,2021,110mH,M,R1,3,6,MOCK ATHLETE M110mH-010,0.146,,MOCK,1
OG2021-110mH-M-R1-H3,OG,2021,110mH,M,R1,3,7,MOCK ATHLETE M110mH-013,0.129,,MOCK,1
OG2021-110mH-M-R1-H3,OG,2021,110mH,M,R1,3,8,MOCK ATHLETE M110mH-029,0.156,,MOCK,1
OG2021-110mH-M-R1-H3,OG,2021,110mH,M,R1,3,9,MOCK ATHLETE M110mH-007,0.153,,MOCK,1
OG2021-110mH-M-R1-H4,OG,2021,110mH,M,R1,4,2,MOCK ATHLETE M110mH-055,0.156,,MOCK,1
OG2021-110mH-M-R1-H4,OG,2021,110mH,M,R1,4,3,MOCK ATHLETE M110mH-011,0.188,,MOCK,1
OG2021-110mH-M-R1-H4,OG,2021,110mH,M,R1,4,4,MOCK ATHLETE M110mH-051,0.151,,MOCK,1
OG2021-110mH-M-R1-H4,OG,2021,110mH,M,R1,4,5,MOCK ATHLETE M110mH-038,0.17,,MOCK,1
OG2021-110mH-M-R1-H4,OG,2021,110mH,M,R1,4,6,MOCK ATHLETE M110mH-068,0.192,,MOCK,1
OG2021-110mH-M-R1-H4,OG,2021,110mH,M,R1,4,7,MOCK ATHLETE M110mH-034,0.163,,MOCK,1
OG2021-110mH-M-R1-H4,OG,2021,110mH,M,R1,4,8,MOCK ATHLETE M110mH-050,0.139,,MOCK,1
OG2021-110mH-M-R1-H4,OG,2021,110mH,M,R1,4,9,MOCK ATHLETE M110mH-025,0.159,,MOCK,1
OG2021-110mH-M-R1-H5,OG,2021,110mH,M,R1,5,2,MOCK ATHLETE M110mH-032,0.17,,MOCK,1
OG2021-110mH-M-R1-H5,OG,2021,110mH,M,R1,5,3,MOCK ATHLETE M110mH-039,0.171,,MOCK,1
OG2021-110mH-M-R1-H5,OG,2021,110mH,M,R1,5,4,MOCK ATHLETE M110mH-009,0.165,,MOCK,1
OG2021-110mH-M-R1-H5,OG,2021,110mH,M,R1,5,5,MOCK ATHLETE M110mH-052,0.187,,MOCK,1
OG2021-110mH-M-R1-H5,OG,2021,110mH,M,R1,5,6,MOCK ATHLETE M110mH-062,0.165,,MOCK,1
OG2021-110mH-M-R1-H5,OG,2021,110mH,M,R1,5,7,MOCK ATHLETE M110mH-047,0.168,,MOCK,1
OG2021-110mH-M-R1-H5,OG,2021,110mH,M,R1,5,8,MOCK ATHLETE M110mH-012,0.142,,MOCK,1
OG2021-110mH-M-R1-H5,OG,2021,110mH,M,R1,5,9,MOCK ATHLETE M110mH-005,0.138,,MOCK,1
OG2021-110mH-M-R1-H6,OG,2021,110mH,M,R1,6,2,MOCK ATHLETE M110mH-023,0.145,,MOCK,1
OG2021-110mH-M-R1-H6,OG,2021,110mH,M,R1,6,3,MOCK ATHLETE M110mH-049,0.14,,MOCK,1
OG2021-110mH-M-R1-H6,OG,2021,110mH,M,R1,6,4,MOCK ATHLETE M110mH-040,0.137,,MOCK,1
OG2021-110mH-M-R1-H6,OG,2021,110mH,M,R1,6,5,MOCK ATHLETE M110mH-061,0.143,,MOCK,1
OG2021-110mH-M-R1-H6,OG,2021,110mH,M,R1,6,6,MOCK ATHLETE M110mH-041,0.154,,MOCK,1
OG2021-110mH-M-R1-H6,OG,2021,110mH,M,R1,6,7,MOCK ATHLETE M110mH-048,0.167,,MOCK,1
OG2021-110mH-M-R1-H6,OG,2021,110mH,M,R1,6,8,MOCK ATHLETE M110mH-019,0.122,,MOCK,1
OG2021-110mH-M-R1-H6,OG,2021,110mH,M,R1,6,9,MOCK ATHLETE M110mH-033,0.146,,MOCK,1
OG2021-110mH-M-SF-H1,OG,2021,110mH,M,SF,1,2,MOCK ATHLETE M110mH-058,0.165,,MOCK,1
OG2021-110mH-M-SF-H1,OG,2021,110mH,M,SF,1,3,MOCK ATHLETE M110mH-040,0.149,,MOCK,1
OG2021-110mH-M-SF-H1,OG,2021,110mH,M,SF,1,4,MOCK ATHLETE M110mH-069,0.141,,MOCK,1
OG2021-110mH-M-SF-H1,OG,2021,110mH,M,SF,1,5,MOCK ATHLETE M110mH-051,0.145,,MOCK,1
OG2021-110mH-M-SF-H1,OG,2021,110mH,M,SF,1,6,MOCK ATHLETE M110mH-019,0.133,,MOCK,1
OG2021-110mH-M-SF-H1,OG,2021,110mH,M,SF,1,7,MOCK ATHLETE M110mH-017,0.132,,MOCK,1
OG2021-110mH-M-SF-H1,OG,2021,110mH,M,SF,1,8,MOCK ATHLETE M110mH-009,0.153,,MOCK,1
OG2021-110mH-M-SF-H1,OG,2021,110mH,M,SF,1,9,MOCK ATHLETE M110mH-030,0.142,,MOCK,1
OG2021-110mH-M-SF-H2,OG,2021,110mH,M,SF,2,2,MOCK ATHLETE M110mH-012,0.143,,MOCK,1
OG2021-110mH-M-SF-H2,OG,2021,110mH,M,SF,2,3,MOCK ATHLETE M110mH-023,0.118,,MOCK,1
OG2021-110mH-M-SF-H2,OG,2021,110mH,M,SF,2,4,MOCK ATHLETE M110mH-016,0.139,,MOCK,1
OG2021-110mH-M-SF-H2,OG,2021,110mH,M,SF,2,5,MOCK ATHLETE M110mH-011,0.122,,MOCK,1
OG2021-110mH-M-SF-H2,OG,2021,110mH,M,SF,2,6,MOCK ATHLETE M110mH-028,0.155,,MOCK,1
OG2021-110mH-M-SF-H2,OG,2021,110mH,M,SF,2,7,MOCK ATHLETE M110mH-032,0.156,,MOCK,1
OG2021-110mH-M-SF-H2,OG,2021,110mH,M,SF,2,8,MOCK ATHLETE M110mH-055,0.152,,MOCK,1
OG2021-110mH-M-SF-H2,OG,2021,110mH,M,SF,2,9,MOCK ATHLETE M110mH-068,0.149,,MOCK,1
OG2021-110mH-M-SF-H3,OG,2021,110mH,M,SF,3,2,MOCK ATHLETE M110mH-062,0.139,,MOCK,1
OG2021-110mH-M-SF-H3,OG,2021,110mH,M,SF,3,3,MOCK ATHLETE M110mH-034,0.137,,MOCK,1
OG2021-110mH-M-SF-H3,OG,2021,110mH,M,SF,3,4,MOCK ATHLETE M110mH-066,0.112,,MOCK,1
OG2021-110mH-M-SF-H3,OG,2021,110mH,M,SF,3,5,MOCK ATHLETE M110mH-033,0.146,,MOCK,1
OG2021-110mH-M-SF-H3,OG,2021,110mH,M,SF,3,6,MOCK ATHLETE M110mH-002,0.149,,MOCK,1
OG2021-110mH-M-SF-H3,OG,2021,110mH,M,SF,3,7,MOCK ATHLETE M110mH-013,0.137,,MOCK,1
OG2021-110mH-M-SF-H3,OG,2021,110mH,M,SF,3,8,MOCK ATHLETE M110mH-059,0.163,,MOCK,1
OG2021-110mH-M-SF-H3,OG,2021,110mH,M,SF,3,9,MOCK ATHLETE M110mH-050,0.133,,MOCK,1
OG2021-110mH-M-F-H1,OG,2021,110mH,M,F,1,2,MOCK ATHLETE M110mH-033,0.147,,MOCK,1
OG2021-110mH-M-F-H1,OG,2021,110mH,M,F,1,3,MOCK ATHLETE M110mH-062,0.121,,MOCK,1
OG2021-110mH-M-F-H1,OG,2021,110mH,M,F,1,4,MOCK ATHLETE M110mH-034,0.108,,MOCK,1
OG2021-110mH-M-F-H1,OG,2021,110mH,M,F,1,5,MOCK ATHLETE M110mH-023,0.106,,MOCK,1
OG2021-110mH-M-F-H1,OG,2021,110mH,M,F,1,6,MOCK ATHLETE M110mH-058,0.133,,MOCK,1
OG2021-110mH-M-F-H1,OG,2021,110mH,M,F,1,7,MOCK ATHLETE M110mH-009,0.138,,MOCK,1
OG2021-110mH-M-F-H1,OG,2021,110mH,M,F,1,8,MOCK ATHLETE M110mH-013,0.132,,MOCK,1
OG2021-110mH-M-F-H1,OG,2021,110mH,M,F,1,9,MOCK ATHLETE M110mH-028,0.131,,MOCK,1
OG2021-100m-W-PR-H1,OG,2021,100m,W,PR,1,2,MOCK PR W100m2021-0,0.193,,MOCK,1
OG2021-100m-W-PR-H1,OG,2021,100m,W,PR,1,3,MOCK PR W100m2021-1,0.148,,MOCK,1
OG2021-100m-W-PR-H1,OG,2021,100m,W,PR,1,4,MOCK PR W100m2021-2,0.139,,MOCK,1
OG2021-100m-W-PR-H1,OG,2021,100m,W,PR,1,5,MOCK PR W100m2021-3,0.162,,MOCK,1
OG2021-100m-W-PR-H1,OG,2021,100m,W,PR,1,6,MOCK PR W100m2021-4,0.168,,MOCK,1
OG2021-100m-W-PR-H1,OG,2021,100m,W,PR,1,7,MOCK PR W100m2021-5,0.133,,MOCK,1
OG2021-100m-W-PR-H1,OG,2021,100m,W,PR,1,8,MOCK PR W100m2021-6,0.154,,MOCK,1
OG2021-100m-W-PR-H2,OG,2021,100m,W,PR,2,2,MOCK PR W100m2021-8,0.151,,MOCK,1
OG2021-100m-W-PR-H2,OG,2021,100m,W,PR,2,3,MOCK PR W100m2021-9,0.201,,MOCK,1
OG2021-100m-W-PR-H2,OG,2021,100m,W,PR,2,4,MOCK PR W100m2021-10,0.166,,MOCK,1
OG2021-100m-W-PR-H2,OG,2021,100m,W,PR,2,5,MOCK PR W100m2021-11,0.185,,MOCK,1
OG2021-100m-W-PR-H2,OG,2021,100m,W,PR,2,6,MOCK PR W100m2021-12,0.157,,MOCK,1
OG2021-100m-W-PR-H2,OG,2021,100m,W,PR,2,7,MOCK PR W100m2021-13,0.143,,MOCK,1
OG2021-100m-W-PR-H2,OG,2021,100m,W,PR,2,8,MOCK PR W100m2021-14,0.154,,MOCK,1
OG2021-100m-W-PR-H2,OG,2021,100m,W,PR,2,9,MOCK PR W100m2021-15,0.151,,MOCK,1
OG2021-100m-W-R1-H1,OG,2021,100m,W,R1,1,2,MOCK ATHLETE W100m-027,0.154,,MOCK,1
OG2021-100m-W-R1-H1,OG,2021,100m,W,R1,1,3,MOCK ATHLETE W100m-033,0.168,,MOCK,1
OG2021-100m-W-R1-H1,OG,2021,100m,W,R1,1,4,MOCK ATHLETE W100m-032,0.151,,MOCK,1
OG2021-100m-W-R1-H1,OG,2021,100m,W,R1,1,5,MOCK ATHLETE W100m-035,0.175,,MOCK,1
OG2021-100m-W-R1-H1,OG,2021,100m,W,R1,1,6,MOCK ATHLETE W100m-007,0.136,,MOCK,1
OG2021-100m-W-R1-H1,OG,2021,100m,W,R1,1,7,MOCK ATHLETE W100m-051,0.163,,MOCK,1
OG2021-100m-W-R1-H1,OG,2021,100m,W,R1,1,8,MOCK ATHLETE W100m-068,0.185,,MOCK,1
OG2021-100m-W-R1-H2,OG,2021,100m,W,R1,2,2,MOCK ATHLETE W100m-038,0.144,,MOCK,1
OG2021-100m-W-R1-H2,OG,2021,100m,W,R1,2,3,MOCK ATHLETE W100m-069,0.135,,MOCK,1
OG2021-100m-W-R1-H2,OG,2021,100m,W,R1,2,4,MOCK ATHLETE W100m-063,0.156,,MOCK,1
OG2021-100m-W-R1-H2,OG,2021,100m,W,R1,2,5,MOCK ATHLETE W100m-047,0.147,,MOCK,1
OG2021-100m-W-R1-H2,OG,2021,100m,W,R1,2,6,MOCK ATHLETE W100m-006,0.166,,MOCK,1
OG2021-100m-W-R1-H2,OG,2021,100m,W,R1,2,7,MOCK ATHLETE W100m-042,0.156,,MOCK,1
OG2021-100m-W-R1-H2,OG,2021,100m,W,R1,2,8,MOCK ATHLETE W100m-011,0.196,,MOCK,1
OG2021-100m-W-R1-H2,OG,2021,100m,W,R1,2,9,MOCK ATHLETE W100m-055,0.153,,MOCK,1
OG2021-100m-W-R1-H3,OG,2021,100m,W,R1,3,2,MOCK ATHLETE W100m-045,0.14,,MOCK,1
OG2021-100m-W-R1-H3,OG,2021,100m,W,R1,3,3,MOCK ATHLETE W100m-041,0.145,,MOCK,1
OG2021-100m-W-R1-H3,OG,2021,100m,W,R1,3,4,MOCK ATHLETE W100m-002,0.12,,MOCK,1
OG2021-100m-W-R1-H3,OG,2021,100m,W,R1,3,5,MOCK ATHLETE W100m-040,0.132,,MOCK,1
OG2021-100m-W-R1-H3,OG,2021,100m,W,R1,3,6,MOCK ATHLETE W100m-015,0.174,,MOCK,1
OG2021-100m-W-R1-H3,OG,2021,100m,W,R1,3,7,MOCK ATHLETE W100m-020,0.161,,MOCK,1
OG2021-100m-W-R1-H3,OG,2021,100m,W,R1,3,8,MOCK ATHLETE W100m-052,0.162,,MOCK,1
OG2021-100m-W-R1-H3,OG,2021,100m,W,R1,3,9,MOCK ATHLETE W100m-043,0.143,,MOCK,1
OG2021-100m-W-R1-H4,OG,2021,100m,W,R1,4,2,MOCK ATHLETE W100m-028,0.159,,MOCK,1
OG2021-100m-W-R1-H4,OG,2021,100m,W,R1,4,3,MOCK ATHLETE W100m-019,0.134,,MOCK,1
OG2021-100m-W-R1-H4,OG,2021,100m,W,R1,4,4,MOCK ATHLETE W100m-065,0.167,,MOCK,1
OG2021-100m-W-R1-H4,OG,2021,100m,W,R1,4,5,MOCK ATHLETE W100m-023,0.155,,MOCK,1
OG2021-100m-W-R1-H4,OG,2021,100m,W,R1,4,6,MOCK ATHLETE W100m-054,0.145,,MOCK,1
OG2021-100m-W-R1-H4,OG,2021,100m,W,R1,4,7,MOCK ATHLETE W100m-067,0.129,,MOCK,1
OG2021-100m-W-R1-H4,OG,2021,100m,W,R1,4,8,MOCK ATHLETE W100m-003,0.125,,MOCK,1
OG2021-100m-W-R1-H4,OG,2021,100m,W,R1,4,9,MOCK ATHLETE W100m-029,0.127,,MOCK,1
OG2021-100m-W-R1-H5,OG,2021,100m,W,R1,5,2,MOCK ATHLETE W100m-030,0.182,,MOCK,1
OG2021-100m-W-R1-H5,OG,2021,100m,W,R1,5,3,MOCK ATHLETE W100m-024,0.168,,MOCK,1
OG2021-100m-W-R1-H5,OG,2021,100m,W,R1,5,4,MOCK ATHLETE W100m-022,0.169,,MOCK,1
OG2021-100m-W-R1-H5,OG,2021,100m,W,R1,5,5,MOCK ATHLETE W100m-053,0.175,,MOCK,1
OG2021-100m-W-R1-H5,OG,2021,100m,W,R1,5,6,MOCK ATHLETE W100m-049,0.164,,MOCK,1
OG2021-100m-W-R1-H5,OG,2021,100m,W,R1,5,7,MOCK ATHLETE W100m-012,0.151,,MOCK,1
OG2021-100m-W-R1-H5,OG,2021,100m,W,R1,5,8,MOCK ATHLETE W100m-061,0.172,,MOCK,1
OG2021-100m-W-R1-H5,OG,2021,100m,W,R1,5,9,MOCK ATHLETE W100m-004,0.199,,MOCK,1
OG2021-100m-W-R1-H6,OG,2021,100m,W,R1,6,2,MOCK ATHLETE W100m-059,0.146,,MOCK,1
OG2021-100m-W-R1-H6,OG,2021,100m,W,R1,6,3,MOCK ATHLETE W100m-056,0.141,,MOCK,1
OG2021-100m-W-R1-H6,OG,2021,100m,W,R1,6,4,MOCK ATHLETE W100m-031,0.171,,MOCK,1
OG2021-100m-W-R1-H6,OG,2021,100m,W,R1,6,5,MOCK ATHLETE W100m-044,0.157,,MOCK,1
OG2021-100m-W-R1-H6,OG,2021,100m,W,R1,6,6,MOCK ATHLETE W100m-034,0.133,,MOCK,1
OG2021-100m-W-R1-H6,OG,2021,100m,W,R1,6,7,MOCK ATHLETE W100m-060,0.157,,MOCK,1
OG2021-100m-W-R1-H6,OG,2021,100m,W,R1,6,8,MOCK ATHLETE W100m-046,0.161,,MOCK,1
OG2021-100m-W-R1-H6,OG,2021,100m,W,R1,6,9,MOCK ATHLETE W100m-025,0.13,,MOCK,1
OG2021-100m-W-SF-H1,OG,2021,100m,W,SF,1,2,MOCK ATHLETE W100m-042,0.163,,MOCK,1
OG2021-100m-W-SF-H1,OG,2021,100m,W,SF,1,3,MOCK ATHLETE W100m-063,0.173,,MOCK,1
OG2021-100m-W-SF-H1,OG,2021,100m,W,SF,1,4,MOCK ATHLETE W100m-041,0.138,,MOCK,1
OG2021-100m-W-SF-H1,OG,2021,100m,W,SF,1,5,MOCK ATHLETE W100m-065,0.182,,MOCK,1
OG2021-100m-W-SF-H1,OG,2021,100m,W,SF,1,6,MOCK ATHLETE W100m-022,0.148,,MOCK,1
OG2021-100m-W-SF-H1,OG,2021,100m,W,SF,1,7,MOCK ATHLETE W100m-033,0.157,,MOCK,1
OG2021-100m-W-SF-H1,OG,2021,100m,W,SF,1,8,MOCK ATHLETE W100m-038,0.122,,MOCK,1
OG2021-100m-W-SF-H1,OG,2021,100m,W,SF,1,9,MOCK ATHLETE W100m-020,0.183,,MOCK,1
OG2021-100m-W-SF-H2,OG,2021,100m,W,SF,2,2,MOCK ATHLETE W100m-051,0.162,,MOCK,1
OG2021-100m-W-SF-H2,OG,2021,100m,W,SF,2,3,MOCK ATHLETE W100m-012,0.13,,MOCK,1
OG2021-100m-W-SF-H2,OG,2021,100m,W,SF,2,4,MOCK ATHLETE W100m-068,0.13,,MOCK,1
OG2021-100m-W-SF-H2,OG,2021,100m,W,SF,2,5,MOCK ATHLETE W100m-023,0.158,,MOCK,1
OG2021-100m-W-SF-H2,OG,2021,100m,W,SF,2,6,MOCK ATHLETE W100m-029,0.114,,MOCK,1
OG2021-100m-W-SF-H2,OG,2021,100m,W,SF,2,7,MOCK ATHLETE W100m-006,0.135,,MOCK,1
OG2021-100m-W-SF-H2,OG,2021,100m,W,SF,2,8,MOCK ATHLETE W100m-024,0.164,,MOCK,1
OG2021-100m-W-SF-H2,OG,2021,100m,W,SF,2,9,MOCK ATHLETE W100m-043,0.167,,MOCK,1
OG2021-100m-W-SF-H3,OG,2021,100m,W,SF,3,2,MOCK ATHLETE W100m-052,0.151,,MOCK,1
OG2021-100m-W-SF-H3,OG,2021,100m,W,SF,3,3,MOCK ATHLETE W100m-037,0.137,,MOCK,1
OG2021-100m-W-SF-H3,OG,2021,100m,W,SF,3,4,MOCK ATHLETE W100m-067,0.123,,MOCK,1
OG2021-100m-W-SF-H3,OG,2021,100m,W,SF,3,5,MOCK ATHLETE W100m-044,0.14,,MOCK,1
OG2021-100m-W-SF-H3,OG,2021,100m,W,SF,3,6,MOCK ATHLETE W100m-025,0.124,,MOCK,1
OG2021-100m-W-SF-H3,OG,2021,100m,W,SF,3,7,MOCK ATHLETE W100m-060,0.156,,MOCK,1
OG2021-100m-W-SF-H3,OG,2021,100m,W,SF,3,8,MOCK ATHLETE W100m-032,0.164,,MOCK,1
OG2021-100m-W-SF-H3,OG,2021,100m,W,SF,3,9,MOCK ATHLETE W100m-030,0.164,,MOCK,1
OG2021-100m-W-F-H1,OG,2021,100m,W,F,1,2,MOCK ATHLETE W100m-012,0.129,,MOCK,1
OG2021-100m-W-F-H1,OG,2021,100m,W,F,1,3,MOCK ATHLETE W100m-033,0.137,,MOCK,1
OG2021-100m-W-F-H1,OG,2021,100m,W,F,1,4,MOCK ATHLETE W100m-032,0.157,,MOCK,1
OG2021-100m-W-F-H1,OG,2021,100m,W,F,1,5,MOCK ATHLETE W100m-041,0.161,,MOCK,1
OG2021-100m-W-F-H1,OG,2021,100m,W,F,1,6,MOCK ATHLETE W100m-029,0.114,,MOCK,1
OG2021-100m-W-F-H1,OG,2021,100m,W,F,1,7,MOCK ATHLETE W100m-025,0.111,,MOCK,1
OG2021-100m-W-F-H1,OG,2021,100m,W,F,1,8,MOCK ATHLETE W100m-063,0.159,,MOCK,1
OG2021-100m-W-F-H1,OG,2021,100m,W,F,1,9,MOCK ATHLETE W100m-052,0.145,,MOCK,1
OG2021-200m-W-R1-H1,OG,2021,200m,W,R1,1,2,MOCK ATHLETE W200m-028,0.156,,MOCK,1
OG2021-200m-W-R1-H1,OG,2021,200m,W,R1,1,3,MOCK ATHLETE W200m-061,0.16,,MOCK,1
OG2021-200m-W-R1-H1,OG,2021,200m,W,R1,1,4,MOCK ATHLETE W200m-012,0.172,,MOCK,1
OG2021-200m-W-R1-H1,OG,2021,200m,W,R1,1,5,MOCK ATHLETE W200m-010,0.129,,MOCK,1
OG2021-200m-W-R1-H1,OG,2021,200m,W,R1,1,6,MOCK ATHLETE W200m-006,0.177,,MOCK,1
OG2021-200m-W-R1-H1,OG,2021,200m,W,R1,1,7,MOCK ATHLETE W200m-056,0.15,,MOCK,1
OG2021-200m-W-R1-H1,OG,2021,200m,W,R1,1,8,MOCK ATHLETE W200m-021,0.135,,MOCK,1
OG2021-200m-W-R1-H1,OG,2021,200m,W,R1,1,9,MOCK ATHLETE W200m-050,0.145,,MOCK,1
OG2021-200m-W-R1-H2,OG,2021,200m,W,R1,2,2,MOCK ATHLETE W200m-042,0.203,,MOCK,1
OG2021-200m-W-R1-H2,OG,2021,200m,W,R1,2,3,MOCK ATHLETE W200m-030,0.141,,MOCK,1
OG2021-200m-W-R1-H2,OG,2021,200m,W,R1,2,4,MOCK ATHLETE W200m-053,0.144,,MOCK,1
OG2021-200m-W-R1-H2,OG,2021,200m,W,R1,2,5,MOCK ATHLETE W200m-037,0.148,,MOCK,1
OG2021-200m-W-R1-H2,OG,2021,200m,W,R1,2,6,MOCK ATHLETE W200m-001,0.145,,MOCK,1
OG2021-200m-W-R1-H2,OG,2021,200m,W,R1,2,7,MOCK ATHLETE W200m-015,0.159,,MOCK,1
OG2021-200m-W-R1-H2,OG,2021,200m,W,R1,2,8,MOCK ATHLETE W200m-026,0.149,,MOCK,1
OG2021-200m-W-R1-H2,OG,2021,200m,W,R1,2,9,MOCK ATHLETE W200m-014,0.155,,MOCK,1
OG2021-200m-W-R1-H3,OG,2021,200m,W,R1,3,2,MOCK ATHLETE W200m-058,0.157,,MOCK,1
OG2021-200m-W-R1-H3,OG,2021,200m,W,R1,3,3,MOCK ATHLETE W200m-029,0.148,,MOCK,1
OG2021-200m-W-R1-H3,OG,2021,200m,W,R1,3,4,MOCK ATHLETE W200m-032,0.14,,MOCK,1
OG2021-200m-W-R1-H3,OG,2021,200m,W,R1,3,5,MOCK ATHLETE W200m-049,0.181,,MOCK,1
OG2021-200m-W-R1-H3,OG,2021,200m,W,R1,3,6,MOCK ATHLETE W200m-002,0.164,,MOCK,1
OG2021-200m-W-R1-H3,OG,2021,200m,W,R1,3,7,MOCK ATHLETE W200m-011,0.146,,MOCK,1
OG2021-200m-W-R1-H3,OG,2021,200m,W,R1,3,8,MOCK ATHLETE W200m-067,0.189,,MOCK,1
OG2021-200m-W-R1-H3,OG,2021,200m,W,R1,3,9,MOCK ATHLETE W200m-064,0.139,,MOCK,1
OG2021-200m-W-R1-H4,OG,2021,200m,W,R1,4,2,MOCK ATHLETE W200m-048,0.176,,MOCK,1
OG2021-200m-W-R1-H4,OG,2021,200m,W,R1,4,3,MOCK ATHLETE W200m-040,0.153,,MOCK,1
OG2021-200m-W-R1-H4,OG,2021,200m,W,R1,4,4,MOCK ATHLETE W200m-043,0.154,,MOCK,1
OG2021-200m-W-R1-H4,OG,2021,200m,W,R1,4,5,MOCK ATHLETE W200m-039,0.17,,MOCK,1
OG2021-200m-W-R1-H4,OG,2021,200m,W,R1,4,6,MOCK ATHLETE W200m-052,0.139,,MOCK,1
OG2021-200m-W-R1-H4,OG,2021,200m,W,R1,4,7,MOCK ATHLETE W200m-063,0.144,,MOCK,1
OG2021-200m-W-R1-H4,OG,2021,200m,W,R1,4,8,MOCK ATHLETE W200m-059,0.162,,MOCK,1
OG2021-200m-W-R1-H5,OG,2021,200m,W,R1,5,2,MOCK ATHLETE W200m-033,0.158,,MOCK,1
OG2021-200m-W-R1-H5,OG,2021,200m,W,R1,5,3,MOCK ATHLETE W200m-004,0.159,,MOCK,1
OG2021-200m-W-R1-H5,OG,2021,200m,W,R1,5,4,MOCK ATHLETE W200m-046,0.164,,MOCK,1
OG2021-200m-W-R1-H5,OG,2021,200m,W,R1,5,5,MOCK ATHLETE W200m-018,0.147,,MOCK,1
OG2021-200m-W-R1-H5,OG,2021,200m,W,R1,5,6,MOCK ATHLETE W200m-051,0.163,,MOCK,1
OG2021-200m-W-R1-H5,OG,2021,200m,W,R1,5,7,MOCK ATHLETE W200m-003,0.147,,MOCK,1
OG2021-200m-W-R1-H5,OG,2021,200m,W,R1,5,8,MOCK ATHLETE W200m-013,0.194,,MOCK,1
OG2021-200m-W-R1-H5,OG,2021,200m,W,R1,5,9,MOCK ATHLETE W200m-036,0.159,,MOCK,1
OG2021-200m-W-R1-H6,OG,2021,200m,W,R1,6,2,MOCK ATHLETE W200m-065,0.138,,MOCK,1
OG2021-200m-W-R1-H6,OG,2021,200m,W,R1,6,3,MOCK ATHLETE W200m-022,0.17,,MOCK,1
OG2021-200m-W-R1-H6,OG,2021,200m,W,R1,6,4,MOCK ATHLETE W200m-057,0.13,,MOCK,1
OG2021-200m-W-R1-H6,OG,2021,200m,W,R1,6,5,MOCK ATHLETE W200m-066,0.176,,MOCK,1
OG2021-200m-W-R1-H6,OG,2021,200m,W,R1,6,6,MOCK ATHLETE W200m-019,0.15,,MOCK,1
OG2021-200m-W-R1-H6,OG,2021,200m,W,R1,6,7,MOCK ATHLETE W200m-055,0.135,,MOCK,1
OG2021-200m-W-R1-H6,OG,2021,200m,W,R1,6,8,MOCK ATHLETE W200m-044,0.141,,MOCK,1
OG2021-200m-W-R1-H6,OG,2021,200m,W,R1,6,9,MOCK ATHLETE W200m-008,0.124,,MOCK,1
OG2021-200m-W-SF-H1,OG,2021,200m,W,SF,1,2,MOCK ATHLETE W200m-053,0.141,,MOCK,1
OG2021-200m-W-SF-H1,OG,2021,200m,W,SF,1,3,MOCK ATHLETE W200m-019,0.149,,MOCK,1
OG2021-200m-W-SF-H1,OG,2021,200m,W,SF,1,4,MOCK ATHLETE W200m-059,0.15,,MOCK,1
OG2021-200m-W-SF-H1,OG,2021,200m,W,SF,1,5,MOCK ATHLETE W200m-051,0.148,,MOCK,1
OG2021-200m-W-SF-H1,OG,2021,200m,W,SF,1,6,MOCK ATHLETE W200m-026,0.155,,MOCK,1
OG2021-200m-W-SF-H1,OG,2021,200m,W,SF,1,7,MOCK ATHLETE W200m-033,0.159,,MOCK,1
OG2021-200m-W-SF-H1,OG,2021,200m,W,SF,1,8,MOCK ATHLETE W200m-036,0.124,,MOCK,1
OG2021-200m-W-SF-H1,OG,2021,200m,W,SF,1,9,MOCK ATHLETE W200m-064,0.141,,MOCK,1
OG2021-200m-W-SF-H2,OG,2021,200m,W,SF,2,2,MOCK ATHLETE W200m-022,0.143,,MOCK,1
OG2021-200m-W-SF-H2,OG,2021,200m,W,SF,2,3,MOCK ATHLETE W200m-065,0.135,,MOCK,1
OG2021-200m-W-SF-H2,OG,2021,200m,W,SF,2,4,MOCK ATHLETE W200m-006,0.15,,MOCK,1
OG2021-200m-W-SF-H2,OG,2021,200m,W,SF,2,5,MOCK ATHLETE W200m-002,0.148,,MOCK,1
OG2021-200m-W-SF-H2,OG,2021,200m,W,SF,2,6,MOCK ATHLETE W200m-008,0.16,,MOCK,1
OG2021-200m-W-SF-H2,OG,2021,200m,W,SF,2,7,MOCK ATHLETE W200m-058,0.158,,MOCK,1
OG2021-200m-W-SF-H2,OG,2021,200m,W,SF,2,8,MOCK ATHLETE W200m-056,0.185,,MOCK,1
OG2021-200m-W-SF-H2,OG,2021,200m,W,SF,2,9,MOCK ATHLETE W200m-040,0.136,,MOCK,1
OG2021-200m-W-SF-H3,OG,2021,200m,W,SF,3,2,MOCK ATHLETE W200m-028,0.14,,MOCK,1
OG2021-200m-W-SF-H3,OG,2021,200m,W,SF,3,3,MOCK ATHLETE W200m-043,0.128,,MOCK,1
OG2021-200m-W-SF-H3,OG,2021,200m,W,SF,3,4,MOCK ATHLETE W200m-055,0.158,,MOCK,1
OG2021-200m-W-SF-H3,OG,2021,200m,W,SF,3,5,MOCK ATHLETE W200m-032,0.143,,MOCK,1
OG2021-200m-W-SF-H3,OG,2021,200m,W,SF,3,6,MOCK ATHLETE W200m-001,0.137,,MOCK,1
OG2021-200m-W-SF-H3,OG,2021,200m,W,SF,3,7,MOCK ATHLETE W200m-010,0.125,,MOCK,1
OG2021-200m-W-SF-H3,OG,2021,200m,W,SF,3,8,MOCK ATHLETE W200m-066,0.139,,MOCK,1
OG2021-200m-W-SF-H3,OG,2021,200m,W,SF,3,9,MOCK ATHLETE W200m-057,0.129,,MOCK,1
OG2021-200m-W-F-H1,OG,2021,200m,W,F,1,2,MOCK ATHLETE W200m-058,0.153,,MOCK,1
OG2021-200m-W-F-H1,OG,2021,200m,W,F,1,3,MOCK ATHLETE W200m-036,0.135,,MOCK,1
OG2021-200m-W-F-H1,OG,2021,200m,W,F,1,4,MOCK ATHLETE W200m-066,0.17,,MOCK,1
OG2021-200m-W-F-H1,OG,2021,200m,W,F,1,5,MOCK ATHLETE W200m-059,0.175,,MOCK,1
OG2021-200m-W-F-H1,OG,2021,200m,W,F,1,6,MOCK ATHLETE W200m-064,0.153,,MOCK,1
OG2021-200m-W-F-H1,OG,2021,200m,W,F,1,7,MOCK ATHLETE W200m-028,0.142,,MOCK,1
OG2021-200m-W-F-H1,OG,2021,200m,W,F,1,8,MOCK ATHLETE W200m-019,0.144,,MOCK,1
OG2021-200m-W-F-H1,OG,2021,200m,W,F,1,9,MOCK ATHLETE W200m-053,0.155,,MOCK,1
OG2021-100mH-W-R1-H1,OG,2021,100mH,W,R1,1,2,MOCK ATHLETE W100mH-012,0.214,,MOCK,1
OG2021-100mH-W-R1-H1,OG,2021,100mH,W,R1,1,3,MOCK ATHLETE W100mH-065,0.14,,MOCK,1
OG2021-100mH-W-R1-H1,OG,2021,100mH,W,R1,1,4,MOCK ATHLETE W100mH-031,0.185,,MOCK,1
OG2021-100mH-W-R1-H1,OG,2021,100mH,W,R1,1,5,MOCK ATHLETE W100mH-013,0.157,,MOCK,1
OG2021-100mH-W-R1-H1,OG,2021,100mH,W,R1,1,6,MOCK ATHLETE W100mH-055,0.146,,MOCK,1
OG2021-100mH-W-R1-H1,OG,2021,100mH,W,R1,1,7,MOCK ATHLETE W100mH-000,0.158,,MOCK,1
OG2021-100mH-W-R1-H1,OG,2021,100mH,W,R1,1,8,MOCK ATHLETE W100mH-068,0.178,,MOCK,1
OG2021-100mH-W-R1-H2,OG,2021,100mH,W,R1,2,2,MOCK ATHLETE W100mH-003,0.149,,MOCK,1
OG2021-100mH-W-R1-H2,OG,2021,100mH,W,R1,2,3,MOCK ATHLETE W100mH-023,0.131,,MOCK,1
OG2021-100mH-W-R1-H2,OG,2021,100mH,W,R1,2,4,MOCK ATHLETE W100mH-008,0.137,,MOCK,1
OG2021-100mH-W-R1-H2,OG,2021,100mH,W,R1,2,5,MOCK ATHLETE W100mH-046,0.158,,MOCK,1
OG2021-100mH-W-R1-H2,OG,2021,100mH,W,R1,2,6,MOCK ATHLETE W100mH-007,0.165,,MOCK,1
OG2021-100mH-W-R1-H2,OG,2021,100mH,W,R1,2,7,MOCK ATHLETE W100mH-011,0.178,,MOCK,1
OG2021-100mH-W-R1-H2,OG,2021,100mH,W,R1,2,8,MOCK ATHLETE W100mH-060,0.149,,MOCK,1
OG2021-100mH-W-R1-H2,OG,2021,100mH,W,R1,2,9,MOCK ATHLETE W100mH-032,0.139,,MOCK,1
OG2021-100mH-W-R1-H3,OG,2021,100mH,W,R1,3,2,MOCK ATHLETE W100mH-064,0.135,,MOCK,1
OG2021-100mH-W-R1-H3,OG,2021,100mH,W,R1,3,3,MOCK ATHLETE W100mH-036,0.164,,MOCK,1
OG2021-100mH-W-R1-H3,OG,2021,100mH,W,R1,3,4,MOCK ATHLETE W100mH-057,0.142,,MOCK,1
OG2021-100mH-W-R1-H3,OG,2021,100mH,W,R1,3,5,MOCK ATHLETE W100mH-038,0.146,,MOCK,1
OG2021-100mH-W-R1-H3,OG,2021,100mH,W,R1,3,6,MOCK ATHLETE W100mH-041,0.175,,MOCK,1
OG2021-100mH-W-R1-H3,OG,2021,100mH,W,R1,3,7,MOCK ATHLETE W100mH-043,0.133,,MOCK,1
OG2021-100mH-W-R1-H3,OG,2021,100mH,W,R1,3,8,MOCK ATHLETE W100mH-015,0.137,,MOCK,1
OG2021-100mH-W-R1-H3,OG,2021,100mH,W,R1,3,9,MOCK ATHLETE W100mH-028,0.152,,MOCK,1
OG2021-100mH-W-R1-H4,OG,2021,100mH,W,R1,4,2,MOCK ATHLETE W100mH-021,0.152,,MOCK,1
OG2021-100mH-W-R1-H4,OG,2021,100mH,W,R1,4,3,MOCK ATHLETE W100mH-024,0.169,,MOCK,1
OG2021-100mH-W-R1-H4,OG,2021,100mH,W,R1,4,4,MOCK ATHLETE W100mH-047,0.158,,MOCK,1
OG2021-100mH-W-R1-H4,OG,2021,100mH,W,R1,4,5,MOCK ATHLETE W100mH-016,0.138,,MOCK,1
OG2021-100mH-W-R1-H4,OG,2021,100mH,W,R1,4,6,MOCK ATHLETE W100mH-044,0.151,,MOCK,1
OG2021-100mH-W-R1-H4,OG,2021,100mH,W,R1,4,7,MOCK ATHLETE W100mH-025,0.189,,MOCK,1
OG2021-100mH-W-R1-H4,OG,2021,100mH,W,R1,4,8,MOCK ATHLETE W100mH-045,0.156,,MOCK,1
OG2021-100mH-W-R1-H5,OG,2021,100mH,W,R1,5,2,MOCK ATHLETE W100mH-051,0.161,,MOCK,1
OG2021-100mH-W-R1-H5,OG,2021,100mH,W,R1,5,3,MOCK ATHLETE W100mH-056,0.155,,MOCK,1
OG2021-100mH-W-R1-H5,OG,2021,100mH,W,R1,5,4,MOCK ATHLETE W100mH-069,0.14,,MOCK,1
OG2021-100mH-W-R1-H5,OG,2021,100mH,W,R1,5,5,MOCK ATHLETE W100mH-037,0.117,,MOCK,1
OG2021-100mH-W-R1-H5,OG,2021,100mH,W,R1,5,6,MOCK ATHLETE W100mH-020,0.148,,MOCK,1
OG2021-100mH-W-R1-H5,OG,2021,100mH,W,R1,5,7,MOCK ATHLETE W100mH-006,0.211,,MOCK,1
OG2021-100mH-W-R1-H5,OG,2021,100mH,W,R1,5,8,MOCK ATHLETE W100mH-067,0.14,,MOCK,1
OG2021-100mH-W-R1-H5,OG,2021,100mH,W,R1,5,9,MOCK ATHLETE W100mH-052,0.158,,MOCK,1
OG2021-100mH-W-R1-H6,OG,2021,100mH,W,R1,6,2,MOCK ATHLETE W100mH-009,0.133,,MOCK,1
OG2021-100mH-W-R1-H6,OG,2021,100mH,W,R1,6,3,MOCK ATHLETE W100mH-042,0.132,,MOCK,1
OG2021-100mH-W-R1-H6,OG,2021,100mH,W,R1,6,4,MOCK ATHLETE W100mH-059,0.143,,MOCK,1
OG2021-100mH-W-R1-H6,OG,2021,100mH,W,R1,6,5,MOCK ATHLETE W100mH-061,0.159,,MOCK,1
OG2021-100mH-W-R1-H6,OG,2021,100mH,W,R1,6,6,MOCK ATHLETE W100mH-027,0.163,,MOCK,1
OG2021-100mH-W-R1-H6,OG,2021,100mH,W,R1,6,7,MOCK ATHLETE W100mH-048,0.129,,MOCK,1
OG2021-100mH-W-R1-H6,OG,2021,100mH,W,R1,6,8,MOCK ATHLETE W100mH-010,0.157,,MOCK,1
OG2021-100mH-W-R1-H6,OG,2021,100mH,W,R1,6,9,MOCK ATHLETE W100mH-004,0.153,,MOCK,1
OG2021-100mH-W-SF-H1,OG,2021,100mH,W,SF,1,2,MOCK ATHLETE W100mH-037,0.13,,MOCK,1
OG2021-100mH-W-SF-H1,OG,2021,100mH,W,SF,1,3,MOCK ATHLETE W100mH-041,0.137,,MOCK,1
OG2021-100mH-W-SF-H1,OG,2021,100mH,W,SF,1,4,MOCK ATHLETE W100mH-043,0.162,,MOCK,1
OG2021-100mH-W-SF-H1,OG,2021,100mH,W,SF,1,5,MOCK ATHLETE W100mH-021,0.13,,MOCK,1
OG2021-100mH-W-SF-H1,OG,2021,100mH,W,SF,1,6,MOCK ATHLETE W100mH-069,0.127,,MOCK,1
OG2021-100mH-W-SF-H1,OG,2021,100mH,W,SF,1,7,MOCK ATHLETE W100mH-048,0.12,,MOCK,1
OG2021-100mH-W-SF-H1,OG,2021,100mH,W,SF,1,8,MOCK ATHLETE W100mH-045,0.138,,MOCK,1
OG2021-100mH-W-SF-H1,OG,2021,100mH,W,SF,1,9,MOCK ATHLETE W100mH-068,0.154,,MOCK,1
OG2021-100mH-W-SF-H2,OG,2021,100mH,W,SF,2,2,MOCK ATHLETE W100mH-020,0.184,,MOCK,1
OG2021-100mH-W-SF-H2,OG,2021,100mH,W,SF,2,3,MOCK ATHLETE W100mH-003,0.155,,MOCK,1
OG2021-100mH-W-SF-H2,OG,2021,100mH,W,SF,2,4,MOCK ATHLETE W100mH-027,0.13,,MOCK,1
OG2021-100mH-W-SF-H2,OG,2021,100mH,W,SF,2,5,MOCK ATHLETE W100mH-047,0.167,,MOCK,1
OG2021-100mH-W-SF-H2,OG,2021,100mH,W,SF,2,6,MOCK ATHLETE W100mH-026,0.133,,MOCK,1
OG2021-100mH-W-SF-H2,OG,2021,100mH,W,SF,2,7,MOCK ATHLETE W100mH-057,0.152,,MOCK,1
OG2021-100mH-W-SF-H2,OG,2021,100mH,W,SF,2,8,MOCK ATHLETE W100mH-052,0.206,,MOCK,1
OG2021-100mH-W-SF-H2,OG,2021,100mH,W,SF,2,9,MOCK ATHLETE W100mH-011,0.176,,MOCK,1
OG2021-100mH-W-SF-H3,OG,2021,100mH,W,SF,3,2,MOCK ATHLETE W100mH-009,0.161,,MOCK,1
OG2021-100mH-W-SF-H3,OG,2021,100mH,W,SF,3,3,MOCK ATHLETE W100mH-051,0.141,,MOCK,1
OG2021-100mH-W-SF-H3,OG,2021,100mH,W,SF,3,4,MOCK ATHLETE W100mH-025,0.17,,MOCK,1
OG2021-100mH-W-SF-H3,OG,2021,100mH,W,SF,3,5,MOCK ATHLETE W100mH-008,0.137,,MOCK,1
OG2021-100mH-W-SF-H3,OG,2021,100mH,W,SF,3,6,MOCK ATHLETE W100mH-060,0.147,,MOCK,1
OG2021-100mH-W-SF-H3,OG,2021,100mH,W,SF,3,7,MOCK ATHLETE W100mH-059,0.16,,MOCK,1
OG2021-100mH-W-SF-H3,OG,2021,100mH,W,SF,3,8,MOCK ATHLETE W100mH-012,0.169,,MOCK,1
OG2021-100mH-W-SF-H3,OG,2021,100mH,W,SF,3,9,MOCK ATHLETE W100mH-000,0.13,,MOCK,1
OG2021-100mH-W-F-H1,OG,2021,100mH,W,F,1,2,MOCK ATHLETE W100mH-009,0.171,,MOCK,1
OG2021-100mH-W-F-H1,OG,2021,100mH,W,F,1,3,MOCK ATHLETE W100mH-060,0.183,,MOCK,1
OG2021-100mH-W-F-H1,OG,2021,100mH,W,F,1,4,MOCK ATHLETE W100mH-021,0.122,,MOCK,1
OG2021-100mH-W-F-H1,OG,2021,100mH,W,F,1,5,MOCK ATHLETE W100mH-003,0.144,,MOCK,1
OG2021-100mH-W-F-H1,OG,2021,100mH,W,F,1,6,MOCK ATHLETE W100mH-012,0.172,,MOCK,1
OG2021-100mH-W-F-H1,OG,2021,100mH,W,F,1,7,MOCK ATHLETE W100mH-052,0.169,,MOCK,1
OG2021-100mH-W-F-H1,OG,2021,100mH,W,F,1,8,MOCK ATHLETE W100mH-026,0.171,,MOCK,1
OG2021-100mH-W-F-H1,OG,2021,100mH,W,F,1,9,MOCK ATHLETE W100mH-069,0.139,,MOCK,1
OG2024-100m-M-PR-H1,OG,2024,100m,M,PR,1,2,MOCK PR M100m2024-0,0.193,,MOCK,1
OG2024-100m-M-PR-H1,OG,2024,100m,M,PR,1,3,MOCK PR M100m2024-1,0.118,,MOCK,1
OG2024-100m-M-PR-H1,OG,2024,100m,M,PR,1,4,MOCK PR M100m2024-2,0.177,,MOCK,1
OG2024-100m-M-PR-H1,OG,2024,100m,M,PR,1,5,MOCK PR M100m2024-3,0.157,,MOCK,1
OG2024-100m-M-PR-H1,OG,2024,100m,M,PR,1,6,MOCK PR M100m2024-4,0.169,,MOCK,1
OG2024-100m-M-PR-H1,OG,2024,100m,M,PR,1,7,MOCK PR M100m2024-5,0.166,,MOCK,1
OG2024-100m-M-PR-H1,OG,2024,100m,M,PR,1,8,MOCK PR M100m2024-6,0.157,,MOCK,1
OG2024-100m-M-PR-H1,OG,2024,100m,M,PR,1,9,MOCK PR M100m2024-7,0.152,,MOCK,1
OG2024-100m-M-PR-H2,OG,2024,100m,M,PR,2,2,MOCK PR M100m2024-8,0.177,,MOCK,1
OG2024-100m-M-PR-H2,OG,2024,100m,M,PR,2,3,MOCK PR M100m2024-9,0.163,,MOCK,1
OG2024-100m-M-PR-H2,OG,2024,100m,M,PR,2,4,MOCK PR M100m2024-10,0.196,,MOCK,1
OG2024-100m-M-PR-H2,OG,2024,100m,M,PR,2,5,MOCK PR M100m2024-11,0.153,,MOCK,1
OG2024-100m-M-PR-H2,OG,2024,100m,M,PR,2,6,MOCK PR M100m2024-12,0.194,,MOCK,1
OG2024-100m-M-PR-H2,OG,2024,100m,M,PR,2,7,MOCK PR M100m2024-13,0.155,,MOCK,1
OG2024-100m-M-PR-H2,OG,2024,100m,M,PR,2,8,MOCK PR M100m2024-14,0.151,,MOCK,1
OG2024-100m-M-PR-H2,OG,2024,100m,M,PR,2,9,MOCK PR M100m2024-15,0.188,,MOCK,1
OG2024-100m-M-R1-H1,OG,2024,100m,M,R1,1,2,MOCK ATHLETE M100m-021,0.161,,MOCK,1
OG2024-100m-M-R1-H1,OG,2024,100m,M,R1,1,3,MOCK ATHLETE M100m-058,0.161,,MOCK,1
OG2024-100m-M-R1-H1,OG,2024,100m,M,R1,1,4,MOCK ATHLETE M100m-050,0.167,,MOCK,1
OG2024-100m-M-R1-H1,OG,2024,100m,M,R1,1,5,MOCK ATHLETE M100m-048,0.145,,MOCK,1
OG2024-100m-M-R1-H1,OG,2024,100m,M,R1,1,6,MOCK ATHLETE M100m-023,0.151,,MOCK,1
OG2024-100m-M-R1-H1,OG,2024,100m,M,R1,1,7,MOCK ATHLETE M100m-037,0.166,,MOCK,1
OG2024-100m-M-R1-H1,OG,2024,100m,M,R1,1,8,MOCK ATHLETE M100m-032,0.156,,MOCK,1
OG2024-100m-M-R1-H1,OG,2024,100m,M,R1,1,9,MOCK ATHLETE M100m-002,0.163,,MOCK,1
OG2024-100m-M-R1-H2,OG,2024,100m,M,R1,2,2,MOCK ATHLETE M100m-064,0.161,,MOCK,1
OG2024-100m-M-R1-H2,OG,2024,100m,M,R1,2,3,MOCK ATHLETE M100m-061,0.145,,MOCK,1
OG2024-100m-M-R1-H2,OG,2024,100m,M,R1,2,4,MOCK ATHLETE M100m-042,0.141,,MOCK,1
OG2024-100m-M-R1-H2,OG,2024,100m,M,R1,2,5,MOCK ATHLETE M100m-063,0.153,,MOCK,1
OG2024-100m-M-R1-H2,OG,2024,100m,M,R1,2,6,MOCK ATHLETE M100m-020,0.143,,MOCK,1
OG2024-100m-M-R1-H2,OG,2024,100m,M,R1,2,7,MOCK ATHLETE M100m-025,0.141,,MOCK,1
OG2024-100m-M-R1-H2,OG,2024,100m,M,R1,2,8,MOCK ATHLETE M100m-003,0.152,,MOCK,1
OG2024-100m-M-R1-H3,OG,2024,100m,M,R1,3,2,MOCK ATHLETE M100m-034,0.163,,MOCK,1
OG2024-100m-M-R1-H3,OG,2024,100m,M,R1,3,3,MOCK ATHLETE M100m-041,0.179,,MOCK,1
OG2024-100m-M-R1-H3,OG,2024,100m,M,R1,3,4,MOCK ATHLETE M100m-018,0.189,,MOCK,1
OG2024-100m-M-R1-H3,OG,2024,100m,M,R1,3,5,MOCK ATHLETE M100m-047,0.168,,MOCK,1
OG2024-100m-M-R1-H3,OG,2024,100m,M,R1,3,6,MOCK ATHLETE M100m-043,0.164,,MOCK,1
OG2024-100m-M-R1-H3,OG,2024,100m,M,R1,3,7,MOCK ATHLETE M100m-004,0.13,,MOCK,1
OG2024-100m-M-R1-H3,OG,2024,100m,M,R1,3,8,MOCK ATHLETE M100m-033,0.168,,MOCK,1
OG2024-100m-M-R1-H3,OG,2024,100m,M,R1,3,9,MOCK ATHLETE M100m-011,0.171,,MOCK,1
OG2024-100m-M-R1-H4,OG,2024,100m,M,R1,4,2,MOCK ATHLETE M100m-001,0.182,,MOCK,1
OG2024-100m-M-R1-H4,OG,2024,100m,M,R1,4,3,MOCK ATHLETE M100m-016,0.161,,MOCK,1
OG2024-100m-M-R1-H4,OG,2024,100m,M,R1,4,4,MOCK ATHLETE M100m-052,0.157,,MOCK,1
OG2024-100m-M-R1-H4,OG,2024,100m,M,R1,4,5,MOCK ATHLETE M100m-036,0.158,,MOCK,1
OG2024-100m-M-R1-H4,OG,2024,100m,M,R1,4,6,MOCK ATHLETE M100m-054,0.199,,MOCK,1
OG2024-100m-M-R1-H4,OG,2024,100m,M,R1,4,7,MOCK ATHLETE M100m-056,0.167,,MOCK,1
OG2024-100m-M-R1-H4,OG,2024,100m,M,R1,4,8,MOCK ATHLETE M100m-040,0.146,,MOCK,1
OG2024-100m-M-R1-H5,OG,2024,100m,M,R1,5,2,MOCK ATHLETE M100m-029,0.166,,MOCK,1
OG2024-100m-M-R1-H5,OG,2024,100m,M,R1,5,3,MOCK ATHLETE M100m-049,0.178,,MOCK,1
OG2024-100m-M-R1-H5,OG,2024,100m,M,R1,5,4,MOCK ATHLETE M100m-067,0.176,,MOCK,1
OG2024-100m-M-R1-H5,OG,2024,100m,M,R1,5,5,MOCK ATHLETE M100m-012,0.154,,MOCK,1
OG2024-100m-M-R1-H5,OG,2024,100m,M,R1,5,6,MOCK ATHLETE M100m-013,0.151,,MOCK,1
OG2024-100m-M-R1-H5,OG,2024,100m,M,R1,5,7,MOCK ATHLETE M100m-017,0.156,,MOCK,1
OG2024-100m-M-R1-H5,OG,2024,100m,M,R1,5,8,MOCK ATHLETE M100m-015,0.181,,MOCK,1
OG2024-100m-M-R1-H5,OG,2024,100m,M,R1,5,9,MOCK ATHLETE M100m-059,0.156,,MOCK,1
OG2024-100m-M-R1-H6,OG,2024,100m,M,R1,6,2,MOCK ATHLETE M100m-027,0.161,,MOCK,1
OG2024-100m-M-R1-H6,OG,2024,100m,M,R1,6,3,MOCK ATHLETE M100m-062,0.178,,MOCK,1
OG2024-100m-M-R1-H6,OG,2024,100m,M,R1,6,4,MOCK ATHLETE M100m-010,0.167,,MOCK,1
OG2024-100m-M-R1-H6,OG,2024,100m,M,R1,6,5,MOCK ATHLETE M100m-030,0.138,,MOCK,1
OG2024-100m-M-R1-H6,OG,2024,100m,M,R1,6,6,MOCK ATHLETE M100m-022,0.162,,MOCK,1
OG2024-100m-M-R1-H6,OG,2024,100m,M,R1,6,7,MOCK ATHLETE M100m-007,0.166,,MOCK,1
OG2024-100m-M-R1-H6,OG,2024,100m,M,R1,6,8,MOCK ATHLETE M100m-068,0.141,,MOCK,1
OG2024-100m-M-R1-H6,OG,2024,100m,M,R1,6,9,MOCK ATHLETE M100m-045,0.17,,MOCK,1
OG2024-100m-M-SF-H1,OG,2024,100m,M,SF,1,2,MOCK ATHLETE M100m-036,0.158,,MOCK,1
OG2024-100m-M-SF-H1,OG,2024,100m,M,SF,1,3,MOCK ATHLETE M100m-034,0.164,,MOCK,1
OG2024-100m-M-SF-H1,OG,2024,100m,M,SF,1,4,MOCK ATHLETE M100m-067,0.159,,MOCK,1
OG2024-100m-M-SF-H1,OG,2024,100m,M,SF,1,5,MOCK ATHLETE M100m-048,0.147,,MOCK,1
OG2024-100m-M-SF-H1,OG,2024,100m,M,SF,1,6,MOCK ATHLETE M100m-033,0.152,,MOCK,1
OG2024-100m-M-SF-H1,OG,2024,100m,M,SF,1,7,MOCK ATHLETE M100m-032,0.142,,MOCK,1
OG2024-100m-M-SF-H1,OG,2024,100m,M,SF,1,8,MOCK ATHLETE M100m-049,0.192,,MOCK,1
OG2024-100m-M-SF-H1,OG,2024,100m,M,SF,1,9,MOCK ATHLETE M100m-063,0.133,,MOCK,1
OG2024-100m-M-SF-H2,OG,2024,100m,M,SF,2,2,MOCK ATHLETE M100m-007,0.144,,MOCK,1
OG2024-100m-M-SF-H2,OG,2024,100m,M,SF,2,3,MOCK ATHLETE M100m-021,0.1,,MOCK,1
OG2024-100m-M-SF-H2,OG,2024,100m,M,SF,2,4,MOCK ATHLETE M100m-016,0.129,,MOCK,1
OG2024-100m-M-SF-H2,OG,2024,100m,M,SF,2,5,MOCK ATHLETE M100m-012,0.181,,MOCK,1
OG2024-100m-M-SF-H2,OG,2024,100m,M,SF,2,6,MOCK ATHLETE M100m-028,0.164,,MOCK,1
OG2024-100m-M-SF-H2,OG,2024,100m,M,SF,2,7,MOCK ATHLETE M100m-062,0.169,,MOCK,1
OG2024-100m-M-SF-H2,OG,2024,100m,M,SF,2,8,MOCK ATHLETE M100m-010,0.155,,MOCK,1
OG2024-100m-M-SF-H2,OG,2024,100m,M,SF,2,9,MOCK ATHLETE M100m-004,0.136,,MOCK,1
OG2024-100m-M-SF-H3,OG,2024,100m,M,SF,3,2,MOCK ATHLETE M100m-037,0.177,,MOCK,1
OG2024-100m-M-SF-H3,OG,2024,100m,M,SF,3,3,MOCK ATHLETE M100m-013,0.173,,MOCK,1
OG2024-100m-M-SF-H3,OG,2024,100m,M,SF,3,4,MOCK ATHLETE M100m-041,0.169,,MOCK,1
OG2024-100m-M-SF-H3,OG,2024,100m,M,SF,3,5,MOCK ATHLETE M100m-056,0.185,,MOCK,1
OG2024-100m-M-SF-H3,OG,2024,100m,M,SF,3,6,MOCK ATHLETE M100m-017,0.143,,MOCK,1
OG2024-100m-M-SF-H3,OG,2024,100m,M,SF,3,7,MOCK ATHLETE M100m-030,0.127,,MOCK,1
OG2024-100m-M-SF-H3,OG,2024,100m,M,SF,3,8,MOCK ATHLETE M100m-064,0.155,,MOCK,1
OG2024-100m-M-SF-H3,OG,2024,100m,M,SF,3,9,MOCK ATHLETE M100m-040,0.157,,MOCK,1
OG2024-100m-M-F-H1,OG,2024,100m,M,F,1,2,MOCK ATHLETE M100m-040,0.163,,MOCK,1
OG2024-100m-M-F-H1,OG,2024,100m,M,F,1,3,MOCK ATHLETE M100m-021,0.16,,MOCK,1
OG2024-100m-M-F-H1,OG,2024,100m,M,F,1,4,MOCK ATHLETE M100m-012,0.163,,MOCK,1
OG2024-100m-M-F-H1,OG,2024,100m,M,F,1,5,MOCK ATHLETE M100m-033,0.143,,MOCK,1
OG2024-100m-M-F-H1,OG,2024,100m,M,F,1,6,MOCK ATHLETE M100m-028,0.151,,MOCK,1
OG2024-100m-M-F-H1,OG,2024,100m,M,F,1,7,MOCK ATHLETE M100m-010,0.15,,MOCK,1
OG2024-100m-M-F-H1,OG,2024,100m,M,F,1,8,MOCK ATHLETE M100m-037,0.234,,MOCK,1
OG2024-100m-M-F-H1,OG,2024,100m,M,F,1,9,MOCK ATHLETE M100m-056,0.174,,MOCK,1
OG2024-200m-M-R1-H1,OG,2024,200m,M,R1,1,2,MOCK ATHLETE M200m-036,0.163,,MOCK,1
OG2024-200m-M-R1-H1,OG,2024,200m,M,R1,1,3,MOCK ATHLETE M200m-062,0.163,,MOCK,1
OG2024-200m-M-R1-H1,OG,2024,200m,M,R1,1,4,MOCK ATHLETE M200m-002,0.149,,MOCK,1
OG2024-200m-M-R1-H1,OG,2024,200m,M,R1,1,5,MOCK ATHLETE M200m-060,0.156,,MOCK,1
OG2024-200m-M-R1-H1,OG,2024,200m,M,R1,1,6,MOCK ATHLETE M200m-008,0.155,,MOCK,1
OG2024-200m-M-R1-H1,OG,2024,200m,M,R1,1,7,MOCK ATHLETE M200m-019,0.183,,MOCK,1
OG2024-200m-M-R1-H1,OG,2024,200m,M,R1,1,8,MOCK ATHLETE M200m-026,0.169,,MOCK,1
OG2024-200m-M-R1-H1,OG,2024,200m,M,R1,1,9,MOCK ATHLETE M200m-035,0.177,,MOCK,1
OG2024-200m-M-R1-H2,OG,2024,200m,M,R1,2,2,MOCK ATHLETE M200m-050,0.185,,MOCK,1
OG2024-200m-M-R1-H2,OG,2024,200m,M,R1,2,3,MOCK ATHLETE M200m-044,0.142,,MOCK,1
OG2024-200m-M-R1-H2,OG,2024,200m,M,R1,2,4,MOCK ATHLETE M200m-015,0.132,,MOCK,1
OG2024-200m-M-R1-H2,OG,2024,200m,M,R1,2,5,MOCK ATHLETE M200m-059,0.168,,MOCK,1
OG2024-200m-M-R1-H2,OG,2024,200m,M,R1,2,6,MOCK ATHLETE M200m-033,0.172,,MOCK,1
OG2024-200m-M-R1-H2,OG,2024,200m,M,R1,2,7,MOCK ATHLETE M200m-010,0.163,,MOCK,1
OG2024-200m-M-R1-H2,OG,2024,200m,M,R1,2,8,MOCK ATHLETE M200m-061,0.176,,MOCK,1
OG2024-200m-M-R1-H3,OG,2024,200m,M,R1,3,2,MOCK ATHLETE M200m-039,0.147,,MOCK,1
OG2024-200m-M-R1-H3,OG,2024,200m,M,R1,3,3,MOCK ATHLETE M200m-038,0.159,,MOCK,1
OG2024-200m-M-R1-H3,OG,2024,200m,M,R1,3,4,MOCK ATHLETE M200m-067,0.179,,MOCK,1
OG2024-200m-M-R1-H3,OG,2024,200m,M,R1,3,5,MOCK ATHLETE M200m-021,0.168,,MOCK,1
OG2024-200m-M-R1-H3,OG,2024,200m,M,R1,3,6,MOCK ATHLETE M200m-017,0.14,,MOCK,1
OG2024-200m-M-R1-H3,OG,2024,200m,M,R1,3,7,MOCK ATHLETE M200m-064,0.176,,MOCK,1
OG2024-200m-M-R1-H3,OG,2024,200m,M,R1,3,8,MOCK ATHLETE M200m-045,0.16,,MOCK,1
OG2024-200m-M-R1-H3,OG,2024,200m,M,R1,3,9,MOCK ATHLETE M200m-037,0.168,,MOCK,1
OG2024-200m-M-R1-H4,OG,2024,200m,M,R1,4,2,MOCK ATHLETE M200m-022,0.148,,MOCK,1
OG2024-200m-M-R1-H4,OG,2024,200m,M,R1,4,3,MOCK ATHLETE M200m-013,0.17,,MOCK,1
OG2024-200m-M-R1-H4,OG,2024,200m,M,R1,4,4,MOCK ATHLETE M200m-011,0.146,,MOCK,1
OG2024-200m-M-R1-H4,OG,2024,200m,M,R1,4,5,MOCK ATHLETE M200m-016,0.147,,MOCK,1
OG2024-200m-M-R1-H4,OG,2024,200m,M,R1,4,6,MOCK ATHLETE M200m-023,0.152,,MOCK,1
OG2024-200m-M-R1-H4,OG,2024,200m,M,R1,4,7,MOCK ATHLETE M200m-030,0.16,,MOCK,1
OG2024-200m-M-R1-H4,OG,2024,200m,M,R1,4,8,MOCK ATHLETE M200m-034,0.166,,MOCK,1
OG2024-200m-M-R1-H5,OG,2024,200m,M,R1,5,2,MOCK ATHLETE M200m-054,0.166,,MOCK,1
OG2024-200m-M-R1-H5,OG,2024,200m,M,R1,5,3,MOCK ATHLETE M200m-028,0.134,,MOCK,1
OG2024-200m-M-R1-H5,OG,2024,200m,M,R1,5,4,MOCK ATHLETE M200m-052,0.171,,MOCK,1
OG2024-200m-M-R1-H5,OG,2024,200m,M,R1,5,5,MOCK ATHLETE M200m-053,0.128,,MOCK,1
OG2024-200m-M-R1-H5,OG,2024,200m,M,R1,5,6,MOCK ATHLETE M200m-043,0.182,,MOCK,1
OG2024-200m-M-R1-H5,OG,2024,200m,M,R1,5,7,MOCK ATHLETE M200m-024,0.169,,MOCK,1
OG2024-200m-M-R1-H5,OG,2024,200m,M,R1,5,8,MOCK ATHLETE M200m-025,0.181,,MOCK,1
OG2024-200m-M-R1-H6,OG,2024,200m,M,R1,6,2,MOCK ATHLETE M200m-065,0.171,,MOCK,1
OG2024-200m-M-R1-H6,OG,2024,200m,M,R1,6,3,MOCK ATHLETE M200m-031,0.201,,MOCK,1
OG2024-200m-M-R1-H6,OG,2024,200m,M,R1,6,4,MOCK ATHLETE M200m-055,0.16,,MOCK,1
OG2024-200m-M-R1-H6,OG,2024,200m,M,R1,6,5,MOCK ATHLETE M200m-001,0.147,,MOCK,1
OG2024-200m-M-R1-H6,OG,2024,200m,M,R1,6,6,MOCK ATHLETE M200m-000,0.163,,MOCK,1
OG2024-200m-M-R1-H6,OG,2024,200m,M,R1,6,7,MOCK ATHLETE M200m-051,0.152,,MOCK,1
OG2024-200m-M-R1-H6,OG,2024,200m,M,R1,6,8,MOCK ATHLETE M200m-009,0.215,,MOCK,1
OG2024-200m-M-SF-H1,OG,2024,200m,M,SF,1,2,MOCK ATHLETE M200m-011,0.151,,MOCK,1
OG2024-200m-M-SF-H1,OG,2024,200m,M,SF,1,3,MOCK ATHLETE M200m-008,0.159,,MOCK,1
OG2024-200m-M-SF-H1,OG,2024,200m,M,SF,1,4,MOCK ATHLETE M200m-002,0.155,,MOCK,1
OG2024-200m-M-SF-H1,OG,2024,200m,M,SF,1,5,MOCK ATHLETE M200m-023,0.196,,MOCK,1
OG2024-200m-M-SF-H1,OG,2024,200m,M,SF,1,6,MOCK ATHLETE M200m-050,0.153,,MOCK,1
OG2024-200m-M-SF-H1,OG,2024,200m,M,SF,1,7,MOCK ATHLETE M200m-026,0.22,,MOCK,1
OG2024-200m-M-SF-H1,OG,2024,200m,M,SF,1,8,MOCK ATHLETE M200m-019,0.143,,MOCK,1
OG2024-200m-M-SF-H1,OG,2024,200m,M,SF,1,9,MOCK ATHLETE M200m-010,0.168,,MOCK,1
OG2024-200m-M-SF-H2,OG,2024,200m,M,SF,2,2,MOCK ATHLETE M200m-061,0.18,,MOCK,1
OG2024-200m-M-SF-H2,OG,2024,200m,M,SF,2,3,MOCK ATHLETE M200m-016,0.167,,MOCK,1
OG2024-200m-M-SF-H2,OG,2024,200m,M,SF,2,4,MOCK ATHLETE M200m-034,0.156,,MOCK,1
OG2024-200m-M-SF-H2,OG,2024,200m,M,SF,2,5,MOCK ATHLETE M200m-053,0.148,,MOCK,1
OG2024-200m-M-SF-H2,OG,2024,200m,M,SF,2,6,MOCK ATHLETE M200m-041,0.16,,MOCK,1
OG2024-200m-M-SF-H2,OG,2024,200m,M,SF,2,7,MOCK ATHLETE M200m-013,0.169,,MOCK,1
OG2024-200m-M-SF-H2,OG,2024,200m,M,SF,2,8,MOCK ATHLETE M200m-000,0.176,,MOCK,1
OG2024-200m-M-SF-H2,OG,2024,200m,M,SF,2,9,MOCK ATHLETE M200m-037,0.164,,MOCK,1
OG2024-200m-M-SF-H3,OG,2024,200m,M,SF,3,2,MOCK ATHLETE M200m-051,0.202,,MOCK,1
OG2024-200m-M-SF-H3,OG,2024,200m,M,SF,3,3,MOCK ATHLETE M200m-062,0.165,,MOCK,1
OG2024-200m-M-SF-H3,OG,2024,200m,M,SF,3,4,MOCK ATHLETE M200m-065,0.185,,MOCK,1
OG2024-200m-M-SF-H3,OG,2024,200m,M,SF,3,5,MOCK ATHLETE M200m-009,0.2,,MOCK,1
OG2024-200m-M-SF-H3,OG,2024,200m,M,SF,3,6,MOCK ATHLETE M200m-015,0.152,,MOCK,1
OG2024-200m-M-SF-H3,OG,2024,200m,M,SF,3,7,MOCK ATHLETE M200m-021,0.154,,MOCK,1
OG2024-200m-M-SF-H3,OG,2024,200m,M,SF,3,8,MOCK ATHLETE M200m-059,0.168,,MOCK,1
OG2024-200m-M-SF-H3,OG,2024,200m,M,SF,3,9,MOCK ATHLETE M200m-001,0.137,,MOCK,1
OG2024-200m-M-F-H1,OG,2024,200m,M,F,1,2,MOCK ATHLETE M200m-013,0.158,,MOCK,1
OG2024-200m-M-F-H1,OG,2024,200m,M,F,1,3,MOCK ATHLETE M200m-010,0.158,,MOCK,1
OG2024-200m-M-F-H1,OG,2024,200m,M,F,1,4,MOCK ATHLETE M200m-016,0.158,,MOCK,1
OG2024-200m-M-F-H1,OG,2024,200m,M,F,1,5,MOCK ATHLETE M200m-065,0.165,,MOCK,1
OG2024-200m-M-F-H1,OG,2024,200m,M,F,1,6,MOCK ATHLETE M200m-026,0.134,,MOCK,1
OG2024-200m-M-F-H1,OG,2024,200m,M,F,1,7,MOCK ATHLETE M200m-021,0.162,,MOCK,1
OG2024-200m-M-F-H1,OG,2024,200m,M,F,1,8,MOCK ATHLETE M200m-050,0.149,,MOCK,1
OG2024-200m-M-F-H1,OG,2024,200m,M,F,1,9,MOCK ATHLETE M200m-015,0.159,,MOCK,1
OG2024-110mH-M-R1-H1,OG,2024,110mH,M,R1,1,2,MOCK ATHLETE M110mH-030,0.163,,MOCK,1
OG2024-110mH-M-R1-H1,OG,2024,110mH,M,R1,1,3,MOCK ATHLETE M110mH-016,0.149,,MOCK,1
OG2024-110mH-M-R1-H1,OG,2024,110mH,M,R1,1,4,MOCK ATHLETE M110mH-052,0.168,,MOCK,1
OG2024-110mH-M-R1-H1,OG,2024,110mH,M,R1,1,5,MOCK ATHLETE M110mH-001,0.169,,MOCK,1
OG2024-110mH-M-R1-H1,OG,2024,110mH,M,R1,1,6,MOCK ATHLETE M110mH-005,0.156,,MOCK,1
OG2024-110mH-M-R1-H1,OG,2024,110mH,M,R1,1,7,MOCK ATHLETE M110mH-033,0.177,,MOCK,1
OG2024-110mH-M-R1-H1,OG,2024,110mH,M,R1,1,8,MOCK ATHLETE M110mH-012,0.155,,MOCK,1
OG2024-110mH-M-R1-H2,OG,2024,110mH,M,R1,2,2,MOCK ATHLETE M110mH-014,0.153,,MOCK,1
OG2024-110mH-M-R1-H2,OG,2024,110mH,M,R1,2,3,MOCK ATHLETE M110mH-047,0.186,,MOCK,1
OG2024-110mH-M-R1-H2,OG,2024,110mH,M,R1,2,4,MOCK ATHLETE M110mH-017,0.172,,MOCK,1
OG2024-110mH-M-R1-H2,OG,2024,110mH,M,R1,2,5,MOCK ATHLETE M110mH-019,0.145,,MOCK,1
OG2024-110mH-M-R1-H2,OG,2024,110mH,M,R1,2,6,MOCK ATHLETE M110mH-066,0.161,,MOCK,1
OG2024-110mH-M-R1-H2,OG,2024,110mH,M,R1,2,7,MOCK ATHLETE M110mH-065,0.153,,MOCK,1
OG2024-110mH-M-R1-H2,OG,2024,110mH,M,R1,2,8,MOCK ATHLETE M110mH-021,0.161,,MOCK,1
OG2024-110mH-M-R1-H2,OG,2024,110mH,M,R1,2,9,MOCK ATHLETE M110mH-042,0.161,,MOCK,1
OG2024-110mH-M-R1-H3,OG,2024,110mH,M,R1,3,2,MOCK ATHLETE M110mH-039,0.134,,MOCK,1
OG2024-110mH-M-R1-H3,OG,2024,110mH,M,R1,3,3,MOCK ATHLETE M110mH-010,0.157,,MOCK,1
OG2024-110mH-M-R1-H3,OG,2024,110mH,M,R1,3,4,MOCK ATHLETE M110mH-053,0.184,,MOCK,1
OG2024-110mH-M-R1-H3,OG,2024,110mH,M,R1,3,5,MOCK ATHLETE M110mH-034,0.152,,MOCK,1
OG2024-110mH-M-R1-H3,OG,2024,110mH,M,R1,3,6,MOCK ATHLETE M110mH-046,0.173,,MOCK,1
OG2024-110mH-M-R1-H3,OG,2024,110mH,M,R1,3,7,MOCK ATHLETE M110mH-037,0.157,,MOCK,1
OG2024-110mH-M-R1-H3,OG,2024,110mH,M,R1,3,8,MOCK ATHLETE M110mH-041,0.143,,MOCK,1
OG2024-110mH-M-R1-H3,OG,2024,110mH,M,R1,3,9,MOCK ATHLETE M110mH-055,0.154,,MOCK,1
OG2024-110mH-M-R1-H4,OG,2024,110mH,M,R1,4,2,MOCK ATHLETE M110mH-023,0.155,,MOCK,1
OG2024-110mH-M-R1-H4,OG,2024,110mH,M,R1,4,3,MOCK ATHLETE M110mH-050,0.145,,MOCK,1
OG2024-110mH-M-R1-H4,OG,2024,110mH,M,R1,4,4,MOCK ATHLETE M110mH-057,0.175,,MOCK,1
OG2024-110mH-M-R1-H4,OG,2024,110mH,M,R1,4,5,MOCK ATHLETE M110mH-067,0.154,,MOCK,1
OG2024-110mH-M-R1-H4,OG,2024,110mH,M,R1,4,6,MOCK ATHLETE M110mH-045,0.16,,MOCK,1
OG2024-110mH-M-R1-H4,OG,2024,110mH,M,R1,4,7,MOCK ATHLETE M110mH-024,0.159,,MOCK,1
OG2024-110mH-M-R1-H4,OG,2024,110mH,M,R1,4,8,MOCK ATHLETE M110mH-028,0.152,,MOCK,1
OG2024-110mH-M-R1-H4,OG,2024,110mH,M,R1,4,9,MOCK ATHLETE M110mH-054,0.203,,MOCK,1
OG2024-110mH-M-R1-H5,OG,2024,110mH,M,R1,5,2,MOCK ATHLETE M110mH-044,0.166,,MOCK,1
OG2024-110mH-M-R1-H5,OG,2024,110mH,M,R1,5,3,MOCK ATHLETE M110mH-038,0.174,,MOCK,1
OG2024-110mH-M-R1-H5,OG,2024,110mH,M,R1,5,4,MOCK ATHLETE M110mH-036,0.187,,MOCK,1
OG2024-110mH-M-R1-H5,OG,2024,110mH,M,R1,5,5,MOCK ATHLETE M110mH-011,0.156,,MOCK,1
OG2024-110mH-M-R1-H5,OG,2024,110mH,M,R1,5,6,MOCK ATHLETE M110mH-003,0.146,,MOCK,1
OG2024-110mH-M-R1-H5,OG,2024,110mH,M,R1,5,7,MOCK ATHLETE M110mH-006,0.181,,MOCK,1
OG2024-110mH-M-R1-H5,OG,2024,110mH,M,R1,5,8,MOCK ATHLETE M110mH-022,0.174,,MOCK,1
OG2024-110mH-M-R1-H5,OG,2024,110mH,M,R1,5,9,MOCK ATHLETE M110mH-018,0.204,,MOCK,1
OG2024-110mH-M-R1-H6,OG,2024,110mH,M,R1,6,2,MOCK ATHLETE M110mH-056,0.174,,MOCK,1
OG2024-110mH-M-R1-H6,OG,2024,110mH,M,R1,6,3,MOCK ATHLETE M110mH-008,0.171,,MOCK,1
OG2024-110mH-M-R1-H6,OG,2024,110mH,M,R1,6,4,MOCK ATHLETE M110mH-040,0.155,,MOCK,1
OG2024-110mH-M-R1-H6,OG,2024,110mH,M,R1,6,5,MOCK ATHLETE M110mH-068,0.169,,MOCK,1
OG2024-110mH-M-R1-H6,OG,2024,110mH,M,R1,6,6,MOCK ATHLETE M110mH-069,0.157,,MOCK,1
OG2024-110mH-M-R1-H6,OG,2024,110mH,M,R1,6,7,MOCK ATHLETE M110mH-060,0.162,,MOCK,1
OG2024-110mH-M-R1-H6,OG,2024,110mH,M,R1,6,8,MOCK ATHLETE M110mH-020,0.159,,MOCK,1
OG2024-110mH-M-R1-H6,OG,2024,110mH,M,R1,6,9,MOCK ATHLETE M110mH-058,0.167,,MOCK,1
OG2024-110mH-M-SF-H1,OG,2024,110mH,M,SF,1,2,MOCK ATHLETE M110mH-024,0.169,,MOCK,1
OG2024-110mH-M-SF-H1,OG,2024,110mH,M,SF,1,3,MOCK ATHLETE M110mH-026,0.166,,MOCK,1
OG2024-110mH-M-SF-H1,OG,2024,110mH,M,SF,1,4,MOCK ATHLETE M110mH-041,0.162,,MOCK,1
OG2024-110mH-M-SF-H1,OG,2024,110mH,M,SF,1,5,MOCK ATHLETE M110mH-005,0.187,,MOCK,1
OG2024-110mH-M-SF-H1,OG,2024,110mH,M,SF,1,6,MOCK ATHLETE M110mH-057,0.176,,MOCK,1
OG2024-110mH-M-SF-H1,OG,2024,110mH,M,SF,1,7,MOCK ATHLETE M110mH-054,0.186,,MOCK,1
OG2024-110mH-M-SF-H1,OG,2024,110mH,M,SF,1,8,MOCK ATHLETE M110mH-040,0.159,,MOCK,1
OG2024-110mH-M-SF-H1,OG,2024,110mH,M,SF,1,9,MOCK ATHLETE M110mH-006,0.168,,MOCK,1
OG2024-110mH-M-SF-H2,OG,2024,110mH,M,SF,2,2,MOCK ATHLETE M110mH-042,0.173,,MOCK,1
OG2024-110mH-M-SF-H2,OG,2024,110mH,M,SF,2,3,MOCK ATHLETE M110mH-008,0.173,,MOCK,1
OG2024-110mH-M-SF-H2,OG,2024,110mH,M,SF,2,4,MOCK ATHLETE M110mH-019,0.167,,MOCK,1
OG2024-110mH-M-SF-H2,OG,2024,110mH,M,SF,2,5,MOCK ATHLETE M110mH-056,0.15,,MOCK,1
OG2024-110mH-M-SF-H2,OG,2024,110mH,M,SF,2,6,MOCK ATHLETE M110mH-069,0.164,,MOCK,1
OG2024-110mH-M-SF-H2,OG,2024,110mH,M,SF,2,7,MOCK ATHLETE M110mH-055,0.16,,MOCK,1
OG2024-110mH-M-SF-H2,OG,2024,110mH,M,SF,2,8,MOCK ATHLETE M110mH-016,0.158,,MOCK,1
OG2024-110mH-M-SF-H2,OG,2024,110mH,M,SF,2,9,MOCK ATHLETE M110mH-010,0.125,,MOCK,1
OG2024-110mH-M-SF-H3,OG,2024,110mH,M,SF,3,2,MOCK ATHLETE M110mH-039,0.167,,MOCK,1
OG2024-110mH-M-SF-H3,OG,2024,110mH,M,SF,3,3,MOCK ATHLETE M110mH-038,0.171,,MOCK,1
OG2024-110mH-M-SF-H3,OG,2024,110mH,M,SF,3,4,MOCK ATHLETE M110mH-053,0.155,,MOCK,1
OG2024-110mH-M-SF-H3,OG,2024,110mH,M,SF,3,5,MOCK ATHLETE M110mH-023,0.23,,MOCK,1
OG2024-110mH-M-SF-H3,OG,2024,110mH,M,SF,3,6,MOCK ATHLETE M110mH-012,0.149,,MOCK,1
OG2024-110mH-M-SF-H3,OG,2024,110mH,M,SF,3,7,MOCK ATHLETE M110mH-067,0.129,,MOCK,1
OG2024-110mH-M-SF-H3,OG,2024,110mH,M,SF,3,8,MOCK ATHLETE M110mH-050,0.145,,MOCK,1
OG2024-110mH-M-SF-H3,OG,2024,110mH,M,SF,3,9,MOCK ATHLETE M110mH-021,0.169,,MOCK,1
OG2024-110mH-M-F-H1,OG,2024,110mH,M,F,1,2,MOCK ATHLETE M110mH-050,0.134,,MOCK,1
OG2024-110mH-M-F-H1,OG,2024,110mH,M,F,1,3,MOCK ATHLETE M110mH-023,0.158,,MOCK,1
OG2024-110mH-M-F-H1,OG,2024,110mH,M,F,1,4,MOCK ATHLETE M110mH-054,0.174,,MOCK,1
OG2024-110mH-M-F-H1,OG,2024,110mH,M,F,1,5,MOCK ATHLETE M110mH-040,0.173,,MOCK,1
OG2024-110mH-M-F-H1,OG,2024,110mH,M,F,1,6,MOCK ATHLETE M110mH-038,0.183,,MOCK,1
OG2024-110mH-M-F-H1,OG,2024,110mH,M,F,1,7,MOCK ATHLETE M110mH-006,0.16,,MOCK,1
OG2024-110mH-M-F-H1,OG,2024,110mH,M,F,1,8,MOCK ATHLETE M110mH-016,0.142,,MOCK,1
OG2024-110mH-M-F-H1,OG,2024,110mH,M,F,1,9,MOCK ATHLETE M110mH-012,0.159,,MOCK,1
OG2024-100m-W-PR-H1,OG,2024,100m,W,PR,1,2,MOCK PR W100m2024-0,0.194,,MOCK,1
OG2024-100m-W-PR-H1,OG,2024,100m,W,PR,1,3,MOCK PR W100m2024-1,0.185,,MOCK,1
OG2024-100m-W-PR-H1,OG,2024,100m,W,PR,1,4,MOCK PR W100m2024-2,0.159,,MOCK,1
OG2024-100m-W-PR-H1,OG,2024,100m,W,PR,1,5,MOCK PR W100m2024-3,0.171,,MOCK,1
OG2024-100m-W-PR-H1,OG,2024,100m,W,PR,1,6,MOCK PR W100m2024-4,0.189,,MOCK,1
OG2024-100m-W-PR-H1,OG,2024,100m,W,PR,1,7,MOCK PR W100m2024-5,0.144,,MOCK,1
OG2024-100m-W-PR-H1,OG,2024,100m,W,PR,1,8,MOCK PR W100m2024-6,0.179,,MOCK,1
OG2024-100m-W-PR-H1,OG,2024,100m,W,PR,1,9,MOCK PR W100m2024-7,0.167,,MOCK,1
OG2024-100m-W-PR-H2,OG,2024,100m,W,PR,2,2,MOCK PR W100m2024-8,0.198,,MOCK,1
OG2024-100m-W-PR-H2,OG,2024,100m,W,PR,2,3,MOCK PR W100m2024-9,0.158,,MOCK,1
OG2024-100m-W-PR-H2,OG,2024,100m,W,PR,2,4,MOCK PR W100m2024-10,0.163,,MOCK,1
OG2024-100m-W-PR-H2,OG,2024,100m,W,PR,2,5,MOCK PR W100m2024-11,0.195,,MOCK,1
OG2024-100m-W-PR-H2,OG,2024,100m,W,PR,2,6,MOCK PR W100m2024-12,0.154,,MOCK,1
OG2024-100m-W-PR-H2,OG,2024,100m,W,PR,2,7,MOCK PR W100m2024-13,0.155,,MOCK,1
OG2024-100m-W-PR-H2,OG,2024,100m,W,PR,2,8,MOCK PR W100m2024-14,0.154,,MOCK,1
OG2024-100m-W-PR-H2,OG,2024,100m,W,PR,2,9,MOCK PR W100m2024-15,0.162,,MOCK,1
OG2024-100m-W-R1-H1,OG,2024,100m,W,R1,1,2,MOCK ATHLETE W100m-001,0.163,,MOCK,1
OG2024-100m-W-R1-H1,OG,2024,100m,W,R1,1,3,MOCK ATHLETE W100m-047,0.156,,MOCK,1
OG2024-100m-W-R1-H1,OG,2024,100m,W,R1,1,4,MOCK ATHLETE W100m-021,0.148,,MOCK,1
OG2024-100m-W-R1-H1,OG,2024,100m,W,R1,1,5,MOCK ATHLETE W100m-063,0.175,,MOCK,1
OG2024-100m-W-R1-H1,OG,2024,100m,W,R1,1,6,MOCK ATHLETE W100m-030,0.16,,MOCK,1
OG2024-100m-W-R1-H1,OG,2024,100m,W,R1,1,7,MOCK ATHLETE W100m-044,0.169,,MOCK,1
OG2024-100m-W-R1-H1,OG,2024,100m,W,R1,1,8,MOCK ATHLETE W100m-000,0.158,,MOCK,1
OG2024-100m-W-R1-H2,OG,2024,100m,W,R1,2,2,MOCK ATHLETE W100m-046,0.159,,MOCK,1
OG2024-100m-W-R1-H2,OG,2024,100m,W,R1,2,3,MOCK ATHLETE W100m-069,0.182,,MOCK,1
OG2024-100m-W-R1-H2,OG,2024,100m,W,R1,2,4,MOCK ATHLETE W100m-028,0.156,,MOCK,1
OG2024-100m-W-R1-H2,OG,2024,100m,W,R1,2,5,MOCK ATHLETE W100m-018,0.144,,MOCK,1
OG2024-100m-W-R1-H2,OG,2024,100m,W,R1,2,6,MOCK ATHLETE W100m-034,0.166,,MOCK,1
OG2024-100m-W-R1-H2,OG,2024,100m,W,R1,2,7,MOCK ATHLETE W100m-011,0.169,,MOCK,1
OG2024-100m-W-R1-H2,OG,2024,100m,W,R1,2,8,MOCK ATHLETE W100m-004,0.17,,MOCK,1
OG2024-100m-W-R1-H2,OG,2024,100m,W,R1,2,9,MOCK ATHLETE W100m-061,0.132,,MOCK,1
OG2024-100m-W-R1-H3,OG,2024,100m,W,R1,3,2,MOCK ATHLETE W100m-027,0.172,,MOCK,1
OG2024-100m-W-R1-H3,OG,2024,100m,W,R1,3,3,MOCK ATHLETE W100m-055,0.183,,MOCK,1
OG2024-100m-W-R1-H3,OG,2024,100m,W,R1,3,4,MOCK ATHLETE W100m-068,0.16,,MOCK,1
OG2024-100m-W-R1-H3,OG,2024,100m,W,R1,3,5,MOCK ATHLETE W100m-009,0.13,,MOCK,1
OG2024-100m-W-R1-H3,OG,2024,100m,W,R1,3,6,MOCK ATHLETE W100m-067,0.15,,MOCK,1
OG2024-100m-W-R1-H3,OG,2024,100m,W,R1,3,7,MOCK ATHLETE W100m-042,0.173,,MOCK,1
OG2024-100m-W-R1-H3,OG,2024,100m,W,R1,3,8,MOCK ATHLETE W100m-041,0.15,,MOCK,1
OG2024-100m-W-R1-H4,OG,2024,100m,W,R1,4,2,MOCK ATHLETE W100m-065,0.183,,MOCK,1
OG2024-100m-W-R1-H4,OG,2024,100m,W,R1,4,3,MOCK ATHLETE W100m-043,0.181,,MOCK,1
OG2024-100m-W-R1-H4,OG,2024,100m,W,R1,4,4,MOCK ATHLETE W100m-064,0.172,,MOCK,1
OG2024-100m-W-R1-H4,OG,2024,100m,W,R1,4,5,MOCK ATHLETE W100m-032,0.177,,MOCK,1
OG2024-100m-W-R1-H4,OG,2024,100m,W,R1,4,6,MOCK ATHLETE W100m-059,0.168,,MOCK,1
OG2024-100m-W-R1-H4,OG,2024,100m,W,R1,4,7,MOCK ATHLETE W100m-060,0.199,,MOCK,1
OG2024-100m-W-R1-H4,OG,2024,100m,W,R1,4,8,MOCK ATHLETE W100m-038,0.158,,MOCK,1
OG2024-100m-W-R1-H4,OG,2024,100m,W,R1,4,9,MOCK ATHLETE W100m-008,0.181,,MOCK,1
OG2024-100m-W-R1-H5,OG,2024,100m,W,R1,5,2,MOCK ATHLETE W100m-056,0.165,,MOCK,1
OG2024-100m-W-R1-H5,OG,2024,100m,W,R1,5,3,MOCK ATHLETE W100m-016,0.153,,MOCK,1
OG2024-100m-W-R1-H5,OG,2024,100m,W,R1,5,4,MOCK ATHLETE W100m-024,0.176,,MOCK,1
OG2024-100m-W-R1-H5,OG,2024,100m,W,R1,5,5,MOCK ATHLETE W100m-017,0.153,,MOCK,1
OG2024-100m-W-R1-H5,OG,2024,100m,W,R1,5,6,MOCK ATHLETE W100m-035,0.18,,MOCK,1
OG2024-100m-W-R1-H5,OG,2024,100m,W,R1,5,7,MOCK ATHLETE W100m-003,0.135,,MOCK,1
OG2024-100m-W-R1-H5,OG,2024,100m,W,R1,5,8,MOCK ATHLETE W100m-015,0.156,,MOCK,1
OG2024-100m-W-R1-H5,OG,2024,100m,W,R1,5,9,MOCK ATHLETE W100m-022,0.151,,MOCK,1
OG2024-100m-W-R1-H6,OG,2024,100m,W,R1,6,2,MOCK ATHLETE W100m-039,0.16,,MOCK,1
OG2024-100m-W-R1-H6,OG,2024,100m,W,R1,6,3,MOCK ATHLETE W100m-066,0.173,,MOCK,1
OG2024-100m-W-R1-H6,OG,2024,100m,W,R1,6,4,MOCK ATHLETE W100m-036,0.156,,MOCK,1
OG2024-100m-W-R1-H6,OG,2024,100m,W,R1,6,5,MOCK ATHLETE W100m-002,0.158,,MOCK,1
OG2024-100m-W-R1-H6,OG,2024,100m,W,R1,6,6,MOCK ATHLETE W100m-033,0.17,,MOCK,1
OG2024-100m-W-R1-H6,OG,2024,100m,W,R1,6,7,MOCK ATHLETE W100m-062,0.178,,MOCK,1
OG2024-100m-W-R1-H6,OG,2024,100m,W,R1,6,8,MOCK ATHLETE W100m-026,0.173,,MOCK,1
OG2024-100m-W-SF-H1,OG,2024,100m,W,SF,1,2,MOCK ATHLETE W100m-033,0.17,,MOCK,1
OG2024-100m-W-SF-H1,OG,2024,100m,W,SF,1,3,MOCK ATHLETE W100m-061,0.156,,MOCK,1
OG2024-100m-W-SF-H1,OG,2024,100m,W,SF,1,4,MOCK ATHLETE W100m-003,0.141,,MOCK,1
OG2024-100m-W-SF-H1,OG,2024,100m,W,SF,1,5,MOCK ATHLETE W100m-018,0.155,,MOCK,1
OG2024-100m-W-SF-H1,OG,2024,100m,W,SF,1,6,MOCK ATHLETE W100m-050,0.175,,MOCK,1
OG2024-100m-W-SF-H1,OG,2024,100m,W,SF,1,7,MOCK ATHLETE W100m-051,0.199,,MOCK,1
OG2024-100m-W-SF-H1,OG,2024,100m,W,SF,1,8,MOCK ATHLETE W100m-046,0.159,,MOCK,1
OG2024-100m-W-SF-H1,OG,2024,100m,W,SF,1,9,MOCK ATHLETE W100m-034,0.161,,MOCK,1
OG2024-100m-W-SF-H2,OG,2024,100m,W,SF,2,2,MOCK ATHLETE W100m-009,0.152,,MOCK,1
OG2024-100m-W-SF-H2,OG,2024,100m,W,SF,2,3,MOCK ATHLETE W100m-037,0.132,,MOCK,1
OG2024-100m-W-SF-H2,OG,2024,100m,W,SF,2,4,MOCK ATHLETE W100m-059,0.168,,MOCK,1
OG2024-100m-W-SF-H2,OG,2024,100m,W,SF,2,5,MOCK ATHLETE W100m-060,0.185,,MOCK,1
OG2024-100m-W-SF-H2,OG,2024,100m,W,SF,2,6,MOCK ATHLETE W100m-021,0.187,,MOCK,1
OG2024-100m-W-SF-H2,OG,2024,100m,W,SF,2,7,MOCK ATHLETE W100m-067,0.137,,MOCK,1
OG2024-100m-W-SF-H2,OG,2024,100m,W,SF,2,8,MOCK ATHLETE W100m-063,0.201,,MOCK,1
OG2024-100m-W-SF-H2,OG,2024,100m,W,SF,2,9,MOCK ATHLETE W100m-038,0.159,,MOCK,1
OG2024-100m-W-SF-H3,OG,2024,100m,W,SF,3,2,MOCK ATHLETE W100m-064,0.163,,MOCK,1
OG2024-100m-W-SF-H3,OG,2024,100m,W,SF,3,3,MOCK ATHLETE W100m-044,0.146,,MOCK,1
OG2024-100m-W-SF-H3,OG,2024,100m,W,SF,3,4,MOCK ATHLETE W100m-030,0.159,,MOCK,1
OG2024-100m-W-SF-H3,OG,2024,100m,W,SF,3,5,MOCK ATHLETE W100m-042,0.183,,MOCK,1
OG2024-100m-W-SF-H3,OG,2024,100m,W,SF,3,6,MOCK ATHLETE W100m-065,0.185,,MOCK,1
OG2024-100m-W-SF-H3,OG,2024,100m,W,SF,3,7,MOCK ATHLETE W100m-041,0.145,,MOCK,1
OG2024-100m-W-SF-H3,OG,2024,100m,W,SF,3,8,MOCK ATHLETE W100m-047,0.173,,MOCK,1
OG2024-100m-W-SF-H3,OG,2024,100m,W,SF,3,9,MOCK ATHLETE W100m-015,0.177,,MOCK,1
OG2024-100m-W-F-H1,OG,2024,100m,W,F,1,2,MOCK ATHLETE W100m-042,0.172,,MOCK,1
OG2024-100m-W-F-H1,OG,2024,100m,W,F,1,3,MOCK ATHLETE W100m-051,0.16,,MOCK,1
OG2024-100m-W-F-H1,OG,2024,100m,W,F,1,4,MOCK ATHLETE W100m-034,0.156,,MOCK,1
OG2024-100m-W-F-H1,OG,2024,100m,W,F,1,5,MOCK ATHLETE W100m-067,0.125,,MOCK,1
OG2024-100m-W-F-H1,OG,2024,100m,W,F,1,6,MOCK ATHLETE W100m-038,0.147,,MOCK,1
OG2024-100m-W-F-H1,OG,2024,100m,W,F,1,7,MOCK ATHLETE W100m-047,0.19,,MOCK,1
OG2024-100m-W-F-H1,OG,2024,100m,W,F,1,8,MOCK ATHLETE W100m-059,0.166,,MOCK,1
OG2024-100m-W-F-H1,OG,2024,100m,W,F,1,9,MOCK ATHLETE W100m-046,0.144,,MOCK,1
OG2024-200m-W-R1-H1,OG,2024,200m,W,R1,1,2,MOCK ATHLETE W200m-025,0.194,,MOCK,1
OG2024-200m-W-R1-H1,OG,2024,200m,W,R1,1,3,MOCK ATHLETE W200m-034,0.177,,MOCK,1
OG2024-200m-W-R1-H1,OG,2024,200m,W,R1,1,4,MOCK ATHLETE W200m-059,0.205,,MOCK,1
OG2024-200m-W-R1-H1,OG,2024,200m,W,R1,1,5,MOCK ATHLETE W200m-068,0.163,,MOCK,1
OG2024-200m-W-R1-H1,OG,2024,200m,W,R1,1,6,MOCK ATHLETE W200m-041,0.204,,MOCK,1
OG2024-200m-W-R1-H1,OG,2024,200m,W,R1,1,7,MOCK ATHLETE W200m-003,0.156,,MOCK,1
OG2024-200m-W-R1-H1,OG,2024,200m,W,R1,1,8,MOCK ATHLETE W200m-050,0.156,,MOCK,1
OG2024-200m-W-R1-H1,OG,2024,200m,W,R1,1,9,MOCK ATHLETE W200m-037,0.163,,MOCK,1
OG2024-200m-W-R1-H2,OG,2024,200m,W,R1,2,2,MOCK ATHLETE W200m-033,0.159,,MOCK,1
OG2024-200m-W-R1-H2,OG,2024,200m,W,R1,2,3,MOCK ATHLETE W200m-027,0.174,,MOCK,1
OG2024-200m-W-R1-H2,OG,2024,200m,W,R1,2,4,MOCK ATHLETE W200m-031,0.199,,MOCK,1
OG2024-200m-W-R1-H2,OG,2024,200m,W,R1,2,5,MOCK ATHLETE W200m-017,0.17,,MOCK,1
OG2024-200m-W-R1-H2,OG,2024,200m,W,R1,2,6,MOCK ATHLETE W200m-061,0.184,,MOCK,1
OG2024-200m-W-R1-H2,OG,2024,200m,W,R1,2,7,MOCK ATHLETE W200m-023,0.166,,MOCK,1
OG2024-200m-W-R1-H2,OG,2024,200m,W,R1,2,8,MOCK ATHLETE W200m-067,0.183,,MOCK,1
OG2024-200m-W-R1-H2,OG,2024,200m,W,R1,2,9,MOCK ATHLETE W200m-007,0.19,,MOCK,1
OG2024-200m-W-R1-H3,OG,2024,200m,W,R1,3,2,MOCK ATHLETE W200m-056,0.179,,MOCK,1
OG2024-200m-W-R1-H3,OG,2024,200m,W,R1,3,3,MOCK ATHLETE W200m-043,0.181,,MOCK,1
OG2024-200m-W-R1-H3,OG,2024,200m,W,R1,3,4,MOCK ATHLETE W200m-018,0.158,,MOCK,1
OG2024-200m-W-R1-H3,OG,2024,200m,W,R1,3,5,MOCK ATHLETE W200m-035,0.185,,MOCK,1
OG2024-200m-W-R1-H3,OG,2024,200m,W,R1,3,6,MOCK ATHLETE W200m-029,0.13,,MOCK,1
OG2024-200m-W-R1-H3,OG,2024,200m,W,R1,3,7,MOCK ATHLETE W200m-014,0.188,,MOCK,1
OG2024-200m-W-R1-H3,OG,2024,200m,W,R1,3,8,MOCK ATHLETE W200m-019,0.156,,MOCK,1
OG2024-200m-W-R1-H3,OG,2024,200m,W,R1,3,9,MOCK ATHLETE W200m-049,0.199,,MOCK,1
OG2024-200m-W-R1-H4,OG,2024,200m,W,R1,4,2,MOCK ATHLETE W200m-032,0.164,,MOCK,1
OG2024-200m-W-R1-H4,OG,2024,200m,W,R1,4,3,MOCK ATHLETE W200m-051,0.163,,MOCK,1
OG2024-200m-W-R1-H4,OG,2024,200m,W,R1,4,4,MOCK ATHLETE W200m-024,0.165,,MOCK,1
OG2024-200m-W-R1-H4,OG,2024,200m,W,R1,4,5,MOCK ATHLETE W200m-036,0.154,,MOCK,1
OG2024-200m-W-R1-H4,OG,2024,200m,W,R1,4,6,MOCK ATHLETE W200m-046,0.166,,MOCK,1
OG2024-200m-W-R1-H4,OG,2024,200m,W,R1,4,7,MOCK ATHLETE W200m-008,0.15,,MOCK,1
OG2024-200m-W-R1-H4,OG,2024,200m,W,R1,4,8,MOCK ATHLETE W200m-055,0.15,,MOCK,1
OG2024-200m-W-R1-H4,OG,2024,200m,W,R1,4,9,MOCK ATHLETE W200m-062,0.186,,MOCK,1
OG2024-200m-W-R1-H5,OG,2024,200m,W,R1,5,2,MOCK ATHLETE W200m-000,0.19,,MOCK,1
OG2024-200m-W-R1-H5,OG,2024,200m,W,R1,5,3,MOCK ATHLETE W200m-048,0.194,,MOCK,1
OG2024-200m-W-R1-H5,OG,2024,200m,W,R1,5,4,MOCK ATHLETE W200m-006,0.17,,MOCK,1
OG2024-200m-W-R1-H5,OG,2024,200m,W,R1,5,5,MOCK ATHLETE W200m-042,0.191,,MOCK,1
OG2024-200m-W-R1-H5,OG,2024,200m,W,R1,5,6,MOCK ATHLETE W200m-011,0.216,,MOCK,1
OG2024-200m-W-R1-H5,OG,2024,200m,W,R1,5,7,MOCK ATHLETE W200m-010,0.155,,MOCK,1
OG2024-200m-W-R1-H5,OG,2024,200m,W,R1,5,8,MOCK ATHLETE W200m-001,0.18,,MOCK,1
OG2024-200m-W-R1-H5,OG,2024,200m,W,R1,5,9,MOCK ATHLETE W200m-005,0.182,,MOCK,1
OG2024-200m-W-R1-H6,OG,2024,200m,W,R1,6,2,MOCK ATHLETE W200m-047,0.138,,MOCK,1
OG2024-200m-W-R1-H6,OG,2024,200m,W,R1,6,3,MOCK ATHLETE W200m-053,0.159,,MOCK,1
OG2024-200m-W-R1-H6,OG,2024,200m,W,R1,6,4,MOCK ATHLETE W200m-013,0.179,,MOCK,1
OG2024-200m-W-R1-H6,OG,2024,200m,W,R1,6,5,MOCK ATHLETE W200m-044,0.153,,MOCK,1
OG2024-200m-W-R1-H6,OG,2024,200m,W,R1,6,6,MOCK ATHLETE W200m-038,0.155,,MOCK,1
OG2024-200m-W-R1-H6,OG,2024,200m,W,R1,6,7,MOCK ATHLETE W200m-065,0.154,,MOCK,1
OG2024-200m-W-R1-H6,OG,2024,200m,W,R1,6,8,MOCK ATHLETE W200m-002,0.168,,MOCK,1
OG2024-200m-W-SF-H1,OG,2024,200m,W,SF,1,2,MOCK ATHLETE W200m-037,0.146,,MOCK,1
OG2024-200m-W-SF-H1,OG,2024,200m,W,SF,1,3,MOCK ATHLETE W200m-053,0.172,,MOCK,1
OG2024-200m-W-SF-H1,OG,2024,200m,W,SF,1,4,MOCK ATHLETE W200m-067,0.198,,MOCK,1
OG2024-200m-W-SF-H1,OG,2024,200m,W,SF,1,5,MOCK ATHLETE W200m-013,0.161,,MOCK,1
OG2024-200m-W-SF-H1,OG,2024,200m,W,SF,1,6,MOCK ATHLETE W200m-019,0.155,,MOCK,1
OG2024-200m-W-SF-H1,OG,2024,200m,W,SF,1,7,MOCK ATHLETE W200m-035,0.189,,MOCK,1
OG2024-200m-W-SF-H1,OG,2024,200m,W,SF,1,8,MOCK ATHLETE W200m-044,0.151,,MOCK,1
OG2024-200m-W-SF-H1,OG,2024,200m,W,SF,1,9,MOCK ATHLETE W200m-056,0.142,,MOCK,1
OG2024-200m-W-SF-H2,OG,2024,200m,W,SF,2,2,MOCK ATHLETE W200m-003,0.182,,MOCK,1
OG2024-200m-W-SF-H2,OG,2024,200m,W,SF,2,3,MOCK ATHLETE W200m-055,0.157,,MOCK,1
OG2024-200m-W-SF-H2,OG,2024,200m,W,SF,2,4,MOCK ATHLETE W200m-050,0.224,,MOCK,1
OG2024-200m-W-SF-H2,OG,2024,200m,W,SF,2,5,MOCK ATHLETE W200m-008,0.189,,MOCK,1
OG2024-200m-W-SF-H2,OG,2024,200m,W,SF,2,6,MOCK ATHLETE W200m-011,0.189,,MOCK,1
OG2024-200m-W-SF-H2,OG,2024,200m,W,SF,2,7,MOCK ATHLETE W200m-032,0.181,,MOCK,1
OG2024-200m-W-SF-H2,OG,2024,200m,W,SF,2,8,MOCK ATHLETE W200m-042,0.176,,MOCK,1
OG2024-200m-W-SF-H2,OG,2024,200m,W,SF,2,9,MOCK ATHLETE W200m-014,0.173,,MOCK,1
OG2024-200m-W-SF-H3,OG,2024,200m,W,SF,3,2,MOCK ATHLETE W200m-010,0.143,,MOCK,1
OG2024-200m-W-SF-H3,OG,2024,200m,W,SF,3,3,MOCK ATHLETE W200m-065,0.158,,MOCK,1
OG2024-200m-W-SF-H3,OG,2024,200m,W,SF,3,4,MOCK ATHLETE W200m-046,0.159,,MOCK,1
OG2024-200m-W-SF-H3,OG,2024,200m,W,SF,3,5,MOCK ATHLETE W200m-062,0.184,,MOCK,1
OG2024-200m-W-SF-H3,OG,2024,200m,W,SF,3,6,MOCK ATHLETE W200m-007,0.178,,MOCK,1
OG2024-200m-W-SF-H3,OG,2024,200m,W,SF,3,7,MOCK ATHLETE W200m-048,0.193,,MOCK,1
OG2024-200m-W-SF-H3,OG,2024,200m,W,SF,3,8,MOCK ATHLETE W200m-001,0.175,,MOCK,1
OG2024-200m-W-SF-H3,OG,2024,200m,W,SF,3,9,MOCK ATHLETE W200m-061,0.163,,MOCK,1
OG2024-200m-W-F-H1,OG,2024,200m,W,F,1,2,MOCK ATHLETE W200m-011,0.166,,MOCK,1
OG2024-200m-W-F-H1,OG,2024,200m,W,F,1,3,MOCK ATHLETE W200m-013,0.185,,MOCK,1
OG2024-200m-W-F-H1,OG,2024,200m,W,F,1,4,MOCK ATHLETE W200m-050,0.161,,MOCK,1
OG2024-200m-W-F-H1,OG,2024,200m,W,F,1,5,MOCK ATHLETE W200m-067,0.191,,MOCK,1
OG2024-200m-W-F-H1,OG,2024,200m,W,F,1,6,MOCK ATHLETE W200m-037,0.163,,MOCK,1
OG2024-200m-W-F-H1,OG,2024,200m,W,F,1,7,MOCK ATHLETE W200m-061,0.177,,MOCK,1
OG2024-200m-W-F-H1,OG,2024,200m,W,F,1,8,MOCK ATHLETE W200m-044,0.149,,MOCK,1
OG2024-200m-W-F-H1,OG,2024,200m,W,F,1,9,MOCK ATHLETE W200m-003,0.168,,MOCK,1
OG2024-100mH-W-R1-H1,OG,2024,100mH,W,R1,1,2,MOCK ATHLETE W100mH-014,0.14,,MOCK,1
OG2024-100mH-W-R1-H1,OG,2024,100mH,W,R1,1,3,MOCK ATHLETE W100mH-047,0.174,,MOCK,1
OG2024-100mH-W-R1-H1,OG,2024,100mH,W,R1,1,4,MOCK ATHLETE W100mH-065,0.147,,MOCK,1
OG2024-100mH-W-R1-H1,OG,2024,100mH,W,R1,1,5,MOCK ATHLETE W100mH-024,0.171,,MOCK,1
OG2024-100mH-W-R1-H1,OG,2024,100mH,W,R1,1,6,MOCK ATHLETE W100mH-048,0.165,,MOCK,1
OG2024-100mH-W-R1-H1,OG,2024,100mH,W,R1,1,7,MOCK ATHLETE W100mH-057,0.166,,MOCK,1
OG2024-100mH-W-R1-H1,OG,2024,100mH,W,R1,1,8,MOCK ATHLETE W100mH-066,0.191,,MOCK,1
OG2024-100mH-W-R1-H2,OG,2024,100mH,W,R1,2,2,MOCK ATHLETE W100mH-029,0.185,,MOCK,1
OG2024-100mH-W-R1-H2,OG,2024,100mH,W,R1,2,3,MOCK ATHLETE W100mH-019,0.182,,MOCK,1
OG2024-100mH-W-R1-H2,OG,2024,100mH,W,R1,2,4,MOCK ATHLETE W100mH-056,0.172,,MOCK,1
OG2024-100mH-W-R1-H2,OG,2024,100mH,W,R1,2,5,MOCK ATHLETE W100mH-028,0.159,,MOCK,1
OG2024-100mH-W-R1-H2,OG,2024,100mH,W,R1,2,6,MOCK ATHLETE W100mH-042,0.171,,MOCK,1
OG2024-100mH-W-R1-H2,OG,2024,100mH,W,R1,2,7,MOCK ATHLETE W100mH-026,0.19,,MOCK,1
OG2024-100mH-W-R1-H2,OG,2024,100mH,W,R1,2,8,MOCK ATHLETE W100mH-068,0.216,,MOCK,1
OG2024-100mH-W-R1-H2,OG,2024,100mH,W,R1,2,9,MOCK ATHLETE W100mH-046,0.131,,MOCK,1
OG2024-100mH-W-R1-H3,OG,2024,100mH,W,R1,3,2,MOCK ATHLETE W100mH-049,0.17,,MOCK,1
OG2024-100mH-W-R1-H3,OG,2024,100mH,W,R1,3,3,MOCK ATHLETE W100mH-034,0.194,,MOCK,1
OG2024-100mH-W-R1-H3,OG,2024,100mH,W,R1,3,4,MOCK ATHLETE W100mH-031,0.152,,MOCK,1
OG2024-100mH-W-R1-H3,OG,2024,100mH,W,R1,3,5,MOCK ATHLETE W100mH-033,0.206,,MOCK,1
OG2024-100mH-W-R1-H3,OG,2024,100mH,W,R1,3,6,MOCK ATHLETE W100mH-043,0.171,,MOCK,1
OG2024-100mH-W-R1-H3,OG,2024,100mH,W,R1,3,7,MOCK ATHLETE W100mH-035,0.154,,MOCK,1
OG2024-100mH-W-R1-H3,OG,2024,100mH,W,R1,3,8,MOCK ATHLETE W100mH-039,0.178,,MOCK,1
OG2024-100mH-W-R1-H3,OG,2024,100mH,W,R1,3,9,MOCK ATHLETE W100mH-018,0.202,,MOCK,1
OG2024-100mH-W-R1-H4,OG,2024,100mH,W,R1,4,2,MOCK ATHLETE W100mH-011,0.208,,MOCK,1
OG2024-100mH-W-R1-H4,OG,2024,100mH,W,R1,4,3,MOCK ATHLETE W100mH-052,0.182,,MOCK,1
OG2024-100mH-W-R1-H4,OG,2024,100mH,W,R1,4,4,MOCK ATHLETE W100mH-055,0.18,,MOCK,1
OG2024-100mH-W-R1-H4,OG,2024,100mH,W,R1,4,5,MOCK ATHLETE W100mH-060,0.24,,MOCK,1
OG2024-100mH-W-R1-H4,OG,2024,100mH,W,R1,4,6,MOCK ATHLETE W100mH-001,0.182,,MOCK,1
OG2024-100mH-W-R1-H4,OG,2024,100mH,W,R1,4,7,MOCK ATHLETE W100mH-023,0.162,,MOCK,1
OG2024-100mH-W-R1-H4,OG,2024,100mH,W,R1,4,8,MOCK ATHLETE W100mH-006,0.187,,MOCK,1
OG2024-100mH-W-R1-H5,OG,2024,100mH,W,R1,5,2,MOCK ATHLETE W100mH-007,0.154,,MOCK,1
OG2024-100mH-W-R1-H5,OG,2024,100mH,W,R1,5,3,MOCK ATHLETE W100mH-012,0.15,,MOCK,1
OG2024-100mH-W-R1-H5,OG,2024,100mH,W,R1,5,4,MOCK ATHLETE W100mH-015,0.154,,MOCK,1
OG2024-100mH-W-R1-H5,OG,2024,100mH,W,R1,5,5,MOCK ATHLETE W100mH-038,0.052,DQ TR16.8,MOCK,1
OG2024-100mH-W-R1-H5,OG,2024,100mH,W,R1,5,6,MOCK ATHLETE W100mH-062,0.19,,MOCK,1
OG2024-100mH-W-R1-H5,OG,2024,100mH,W,R1,5,7,MOCK ATHLETE W100mH-003,0.165,,MOCK,1
OG2024-100mH-W-R1-H5,OG,2024,100mH,W,R1,5,8,MOCK ATHLETE W100mH-059,0.153,,MOCK,1
OG2024-100mH-W-R1-H5,OG,2024,100mH,W,R1,5,9,MOCK ATHLETE W100mH-000,0.137,,MOCK,1
OG2024-100mH-W-R1-H6,OG,2024,100mH,W,R1,6,2,MOCK ATHLETE W100mH-051,0.175,,MOCK,1
OG2024-100mH-W-R1-H6,OG,2024,100mH,W,R1,6,3,MOCK ATHLETE W100mH-010,0.133,,MOCK,1
OG2024-100mH-W-R1-H6,OG,2024,100mH,W,R1,6,4,MOCK ATHLETE W100mH-058,0.154,,MOCK,1
OG2024-100mH-W-R1-H6,OG,2024,100mH,W,R1,6,5,MOCK ATHLETE W100mH-054,0.152,,MOCK,1
OG2024-100mH-W-R1-H6,OG,2024,100mH,W,R1,6,6,MOCK ATHLETE W100mH-032,0.156,,MOCK,1
OG2024-100mH-W-R1-H6,OG,2024,100mH,W,R1,6,7,MOCK ATHLETE W100mH-009,0.158,,MOCK,1
OG2024-100mH-W-R1-H6,OG,2024,100mH,W,R1,6,8,MOCK ATHLETE W100mH-013,0.193,,MOCK,1
OG2024-100mH-W-R1-H6,OG,2024,100mH,W,R1,6,9,MOCK ATHLETE W100mH-040,0.145,,MOCK,1
OG2024-100mH-W-SF-H1,OG,2024,100mH,W,SF,1,2,MOCK ATHLETE W100mH-031,0.155,,MOCK,1
OG2024-100mH-W-SF-H1,OG,2024,100mH,W,SF,1,3,MOCK ATHLETE W100mH-018,0.169,,MOCK,1
OG2024-100mH-W-SF-H1,OG,2024,100mH,W,SF,1,4,MOCK ATHLETE W100mH-007,0.174,,MOCK,1
OG2024-100mH-W-SF-H1,OG,2024,100mH,W,SF,1,5,MOCK ATHLETE W100mH-011,0.163,,MOCK,1
OG2024-100mH-W-SF-H1,OG,2024,100mH,W,SF,1,6,MOCK ATHLETE W100mH-034,0.201,,MOCK,1
OG2024-100mH-W-SF-H1,OG,2024,100mH,W,SF,1,7,MOCK ATHLETE W100mH-003,0.185,,MOCK,1
OG2024-100mH-W-SF-H1,OG,2024,100mH,W,SF,1,8,MOCK ATHLETE W100mH-015,0.193,,MOCK,1
OG2024-100mH-W-SF-H1,OG,2024,100mH,W,SF,1,9,MOCK ATHLETE W100mH-048,0.158,,MOCK,1
OG2024-100mH-W-SF-H2,OG,2024,100mH,W,SF,2,2,MOCK ATHLETE W100mH-006,0.196,,MOCK,1
OG2024-100mH-W-SF-H2,OG,2024,100mH,W,SF,2,3,MOCK ATHLETE W100mH-000,0.182,,MOCK,1
OG2024-100mH-W-SF-H2,OG,2024,100mH,W,SF,2,4,MOCK ATHLETE W100mH-063,0.177,,MOCK,1
OG2024-100mH-W-SF-H2,OG,2024,100mH,W,SF,2,5,MOCK ATHLETE W100mH-026,0.153,,MOCK,1
OG2024-100mH-W-SF-H2,OG,2024,100mH,W,SF,2,6,MOCK ATHLETE W100mH-009,0.161,,MOCK,1
OG2024-100mH-W-SF-H2,OG,2024,100mH,W,SF,2,7,MOCK ATHLETE W100mH-013,0.165,,MOCK,1
OG2024-100mH-W-SF-H2,OG,2024,100mH,W,SF,2,8,MOCK ATHLETE W100mH-033,0.163,,MOCK,1
OG2024-100mH-W-SF-H2,OG,2024,100mH,W,SF,2,9,MOCK ATHLETE W100mH-065,0.159,,MOCK,1
OG2024-100mH-W-SF-H3,OG,2024,100mH,W,SF,3,2,MOCK ATHLETE W100mH-054,0.186,,MOCK,1
OG2024-100mH-W-SF-H3,OG,2024,100mH,W,SF,3,3,MOCK ATHLETE W100mH-059,0.152,,MOCK,1
OG2024-100mH-W-SF-H3,OG,2024,100mH,W,SF,3,4,MOCK ATHLETE W100mH-047,0.15,,MOCK,1
OG2024-100mH-W-SF-H3,OG,2024,100mH,W,SF,3,5,MOCK ATHLETE W100mH-068,0.162,,MOCK,1
OG2024-100mH-W-SF-H3,OG,2024,100mH,W,SF,3,6,MOCK ATHLETE W100mH-028,0.141,,MOCK,1
OG2024-100mH-W-SF-H3,OG,2024,100mH,W,SF,3,7,MOCK ATHLETE W100mH-042,0.162,,MOCK,1
OG2024-100mH-W-SF-H3,OG,2024,100mH,W,SF,3,8,MOCK ATHLETE W100mH-056,0.206,,MOCK,1
OG2024-100mH-W-SF-H3,OG,2024,100mH,W,SF,3,9,MOCK ATHLETE W100mH-043,0.175,,MOCK,1
OG2024-100mH-W-F-H1,OG,2024,100mH,W,F,1,2,MOCK ATHLETE W100mH-068,0.165,,MOCK,1
OG2024-100mH-W-F-H1,OG,2024,100mH,W,F,1,3,MOCK ATHLETE W100mH-031,0.153,,MOCK,1
OG2024-100mH-W-F-H1,OG,2024,100mH,W,F,1,4,MOCK ATHLETE W100mH-028,0.148,,MOCK,1
OG2024-100mH-W-F-H1,OG,2024,100mH,W,F,1,5,MOCK ATHLETE W100mH-042,0.162,,MOCK,1
OG2024-100mH-W-F-H1,OG,2024,100mH,W,F,1,6,MOCK ATHLETE W100mH-063,0.202,,MOCK,1
OG2024-100mH-W-F-H1,OG,2024,100mH,W,F,1,7,MOCK ATHLETE W100mH-013,0.197,,MOCK,1
OG2024-100mH-W-F-H1,OG,2024,100mH,W,F,1,8,MOCK ATHLETE W100mH-033,0.152,,MOCK,1
OG2024-100mH-W-F-H1,OG,2024,100mH,W,F,1,9,MOCK ATHLETE W100mH-054,0.159,,MOCK,1
