race_id,comp,year,event,sex,round,heat,rt_s,status,source_url,is_mock
WCH2009-100m-M-R1-H1,WCH,2009,100m,M,R1,1,0.143,,MOCK,1
WCH2009-100m-M-R1-H1,WCH,2009,100m,M,R1,1,0.159,,MOCK,1
WCH2009-100m-M-R1-H1,WCH,2009,100m,M,R1,1,0.156,,MOCK,1
WCH2009-100m-M-R1-H1,WCH,2009,100m,M,R1,1,0.184,,MOCK,1
WCH2009-100m-M-R1-H1,WCH,2009,100m,M,R1,1,0.139,,MOCK,1
WCH2009-100m-M-R1-H1,WCH,2009,100m,M,R1,1,0.156,,MOCK,1
WCH2009-100m-M-R1-H1,WCH,2009,100m,M,R1,1,0.144,,MOCK,1
WCH2009-100m-M-R1-H1,WCH,2009,100m,M,R1,1,0.142,,MOCK,1
WCH2009-100m-M-R1-H2,WCH,2009,100m,M,R1,2,0.151,,MOCK,1
WCH2009-100m-M-R1-H2,WCH,2009,100m,M,R1,2,0.141,,MOCK,1
WCH2009-100m-M-R1-H2,WCH,2009,100m,M,R1,2,0.146,,MOCK,1
WCH2009-100m-M-R1-H2,WCH,2009,100m,M,R1,2,0.132,,MOCK,1
WCH2009-100m-M-R1-H2,WCH,2009,100m,M,R1,2,0.167,,MOCK,1
WCH2009-100m-M-R1-H2,WCH,2009,100m,M,R1,2,0.127,,MOCK,1
WCH2009-100m-M-R1-H2,WCH,2009,100m,M,R1,2,0.157,,MOCK,1
WCH2009-100m-M-R1-H2,WCH,2009,100m,M,R1,2,0.128,,MOCK,1
WCH2009-100m-M-R1-H3,WCH,2009,100m,M,R1,3,0.13,,MOCK,1
WCH2009-100m-M-R1-H3,WCH,2009,100m,M,R1,3,0.15,,MOCK,1
WCH2009-100m-M-R1-H3,WCH,2009,100m,M,R1,3,0.128,,MOCK,1
WCH2009-100m-M-R1-H3,WCH,2009,100m,M,R1,3,0.154,,MOCK,1
WCH2009-100m-M-R1-H3,WCH,2009,100m,M,R1,3,0.123,,MOCK,1
WCH2009-100m-M-R1-H3,WCH,2009,100m,M,R1,3,0.125,,MOCK,1
WCH2009-100m-M-R1-H3,WCH,2009,100m,M,R1,3,0.128,,MOCK,1
WCH2009-100m-M-R1-H3,WCH,2009,100m,M,R1,3,0.15,,MOCK,1
WCH2009-100m-M-R1-H4,WCH,2009,100m,M,R1,4,0.133,,MOCK,1
WCH2009-100m-M-R1-H4,WCH,2009,100m,M,R1,4,0.147,,MOCK,1
WCH2009-100m-M-R1-H4,WCH,2009,100m,M,R1,4,0.16,,MOCK,1
WCH2009-100m-M-R1-H4,WCH,2009,100m,M,R1,4,0.14,,MOCK,1
WCH2009-100m-M-R1-H4,WCH,2009,100m,M,R1,4,0.127,,MOCK,1
WCH2009-100m-M-R1-H4,WCH,2009,100m,M,R1,4,0.135,,MOCK,1
WCH2009-100m-M-R1-H4,WCH,2009,100m,M,R1,4,0.139,,MOCK,1
WCH2009-100m-M-R1-H4,WCH,2009,100m,M,R1,4,0.171,,MOCK,1
WCH2009-100m-M-R1-H5,WCH,2009,100m,M,R1,5,0.149,,MOCK,1
WCH2009-100m-M-R1-H5,WCH,2009,100m,M,R1,5,0.137,,MOCK,1
WCH2009-100m-M-R1-H5,WCH,2009,100m,M,R1,5,0.148,,MOCK,1
WCH2009-100m-M-R1-H5,WCH,2009,100m,M,R1,5,0.154,,MOCK,1
WCH2009-100m-M-R1-H5,WCH,2009,100m,M,R1,5,0.145,,MOCK,1
WCH2009-100m-M-R1-H5,WCH,2009,100m,M,R1,5,0.146,,MOCK,1
WCH2009-100m-M-R1-H5,WCH,2009,100m,M,R1,5,0.137,,MOCK,1
WCH2009-100m-M-R1-H5,WCH,2009,100m,M,R1,5,0.152,,MOCK,1
WCH2009-100m-M-R1-H6,WCH,2009,100m,M,R1,6,0.179,,MOCK,1
WCH2009-100m-M-R1-H6,WCH,2009,100m,M,R1,6,0.159,,MOCK,1
WCH2009-100m-M-R1-H6,WCH,2009,100m,M,R1,6,0.179,,MOCK,1
WCH2009-100m-M-R1-H6,WCH,2009,100m,M,R1,6,0.154,,MOCK,1
WCH2009-100m-M-R1-H6,WCH,2009,100m,M,R1,6,0.149,,MOCK,1
WCH2009-100m-M-R1-H6,WCH,2009,100m,M,R1,6,0.145,,MOCK,1
WCH2009-100m-M-R1-H6,WCH,2009,100m,M,R1,6,0.165,,MOCK,1
WCH2009-100m-M-R1-H6,WCH,2009,100m,M,R1,6,0.166,,MOCK,1
WCH2009-100m-M-SF-H1,WCH,2009,100m,M,SF,1,0.142,,MOCK,1
WCH2009-100m-M-SF-H1,WCH,2009,100m,M,SF,1,0.137,,MOCK,1
WCH2009-100m-M-SF-H1,WCH,2009,100m,M,SF,1,0.142,,MOCK,1
WCH2009-100m-M-SF-H1,WCH,2009,100m,M,SF,1,0.155,,MOCK,1
WCH2009-100m-M-SF-H1,WCH,2009,100m,M,SF,1,0.145,,MOCK,1
WCH2009-100m-M-SF-H1,WCH,2009,100m,M,SF,1,0.126,,MOCK,1
WCH2009-100m-M-SF-H1,WCH,2009,100m,M,SF,1,0.137,,MOCK,1
WCH2009-100m-M-SF-H1,WCH,2009,100m,M,SF,1,0.151,,MOCK,1
WCH2009-100m-M-SF-H2,WCH,2009,100m,M,SF,2,0.164,,MOCK,1
WCH2009-100m-M-SF-H2,WCH,2009,100m,M,SF,2,0.154,,MOCK,1
WCH2009-100m-M-SF-H2,WCH,2009,100m,M,SF,2,0.174,,MOCK,1
WCH2009-100m-M-SF-H2,WCH,2009,100m,M,SF,2,0.187,,MOCK,1
WCH2009-100m-M-SF-H2,WCH,2009,100m,M,SF,2,0.182,,MOCK,1
WCH2009-100m-M-SF-H2,WCH,2009,100m,M,SF,2,0.17,,MOCK,1
WCH2009-100m-M-SF-H2,WCH,2009,100m,M,SF,2,0.177,,MOCK,1
WCH2009-100m-M-SF-H2,WCH,2009,100m,M,SF,2,0.162,,MOCK,1
WCH2009-100m-M-SF-H3,WCH,2009,100m,M,SF,3,0.165,,MOCK,1
WCH2009-100m-M-SF-H3,WCH,2009,100m,M,SF,3,0.225,,MOCK,1
WCH2009-100m-M-SF-H3,WCH,2009,100m,M,SF,3,0.125,,MOCK,1
WCH2009-100m-M-SF-H3,WCH,2009,100m,M,SF,3,0.137,,MOCK,1
WCH2009-100m-M-SF-H3,WCH,2009,100m,M,SF,3,0.136,,MOCK,1
WCH2009-100m-M-SF-H3,WCH,2009,100m,M,SF,3,0.148,,MOCK,1
WCH2009-100m-M-SF-H3,WCH,2009,100m,M,SF,3,0.144,,MOCK,1
WCH2009-100m-M-SF-H3,WCH,2009,100m,M,SF,3,0.157,,MOCK,1
WCH2009-100m-M-F-H1,WCH,2009,100m,M,F,1,0.155,,MOCK,1
WCH2009-100m-M-F-H1,WCH,2009,100m,M,F,1,0.129,,MOCK,1
WCH2009-100m-M-F-H1,WCH,2009,100m,M,F,1,0.138,,MOCK,1
WCH2009-100m-M-F-H1,WCH,2009,100m,M,F,1,0.137,,MOCK,1
WCH2009-100m-M-F-H1,WCH,2009,100m,M,F,1,0.152,,MOCK,1
WCH2009-100m-M-F-H1,WCH,2009,100m,M,F,1,0.117,,MOCK,1
WCH2009-100m-M-F-H1,WCH,2009,100m,M,F,1,0.131,,MOCK,1
WCH2009-100m-M-F-H1,WCH,2009,100m,M,F,1,0.118,,MOCK,1
WCH2009-200m-M-R1-H1,WCH,2009,200m,M,R1,1,0.156,,MOCK,1
WCH2009-200m-M-R1-H1,WCH,2009,200m,M,R1,1,0.147,,MOCK,1
WCH2009-200m-M-R1-H1,WCH,2009,200m,M,R1,1,0.149,,MOCK,1
WCH2009-200m-M-R1-H1,WCH,2009,200m,M,R1,1,0.129,,MOCK,1
WCH2009-200m-M-R1-H1,WCH,2009,200m,M,R1,1,0.141,,MOCK,1
WCH2009-200m-M-R1-H1,WCH,2009,200m,M,R1,1,0.151,,MOCK,1
WCH2009-200m-M-R1-H1,WCH,2009,200m,M,R1,1,0.151,,MOCK,1
WCH2009-200m-M-R1-H1,WCH,2009,200m,M,R1,1,0.175,,MOCK,1
WCH2009-200m-M-R1-H2,WCH,2009,200m,M,R1,2,0.18,,MOCK,1
WCH2009-200m-M-R1-H2,WCH,2009,200m,M,R1,2,0.155,,MOCK,1
WCH2009-200m-M-R1-H2,WCH,2009,200m,M,R1,2,0.154,,MOCK,1
WCH2009-200m-M-R1-H2,WCH,2009,200m,M,R1,2,0.194,,MOCK,1
WCH2009-200m-M-R1-H2,WCH,2009,200m,M,R1,2,0.152,,MOCK,1
WCH2009-200m-M-R1-H2,WCH,2009,200m,M,R1,2,0.195,,MOCK,1
WCH2009-200m-M-R1-H2,WCH,2009,200m,M,R1,2,0.163,,MOCK,1
WCH2009-200m-M-R1-H2,WCH,2009,200m,M,R1,2,0.18,,MOCK,1
WCH2009-200m-M-R1-H3,WCH,2009,200m,M,R1,3,0.136,,MOCK,1
WCH2009-200m-M-R1-H3,WCH,2009,200m,M,R1,3,0.152,,MOCK,1
WCH2009-200m-M-R1-H3,WCH,2009,200m,M,R1,3,0.195,,MOCK,1
WCH2009-200m-M-R1-H3,WCH,2009,200m,M,R1,3,0.148,,MOCK,1
WCH2009-200m-M-R1-H3,WCH,2009,200m,M,R1,3,0.159,,MOCK,1
WCH2009-200m-M-R1-H3,WCH,2009,200m,M,R1,3,0.161,,MOCK,1
WCH2009-200m-M-R1-H3,WCH,2009,200m,M,R1,3,0.138,,MOCK,1
WCH2009-200m-M-R1-H4,WCH,2009,200m,M,R1,4,0.148,,MOCK,1
WCH2009-200m-M-R1-H4,WCH,2009,200m,M,R1,4,0.146,,MOCK,1
WCH2009-200m-M-R1-H4,WCH,2009,200m,M,R1,4,0.144,,MOCK,1
WCH2009-200m-M-R1-H4,WCH,2009,200m,M,R1,4,0.169,,MOCK,1
WCH2009-200m-M-R1-H4,WCH,2009,200m,M,R1,4,0.183,,MOCK,1
WCH2009-200m-M-R1-H4,WCH,2009,200m,M,R1,4,0.157,,MOCK,1
WCH2009-200m-M-R1-H4,WCH,2009,200m,M,R1,4,0.144,,MOCK,1
WCH2009-200m-M-R1-H4,WCH,2009,200m,M,R1,4,0.147,,MOCK,1
WCH2009-200m-M-R1-H5,WCH,2009,200m,M,R1,5,0.162,,MOCK,1
WCH2009-200m-M-R1-H5,WCH,2009,200m,M,R1,5,0.179,,MOCK,1
WCH2009-200m-M-R1-H5,WCH,2009,200m,M,R1,5,0.166,,MOCK,1
WCH2009-200m-M-R1-H5,WCH,2009,200m,M,R1,5,0.167,,MOCK,1
WCH2009-200m-M-R1-H5,WCH,2009,200m,M,R1,5,0.176,,MOCK,1
WCH2009-200m-M-R1-H5,WCH,2009,200m,M,R1,5,0.138,,MOCK,1
WCH2009-200m-M-R1-H5,WCH,2009,200m,M,R1,5,0.169,,MOCK,1
WCH2009-200m-M-R1-H5,WCH,2009,200m,M,R1,5,0.164,,MOCK,1
WCH2009-200m-M-R1-H6,WCH,2009,200m,M,R1,6,0.147,,MOCK,1
WCH2009-200m-M-R1-H6,WCH,2009,200m,M,R1,6,0.137,,MOCK,1
WCH2009-200m-M-R1-H6,WCH,2009,200m,M,R1,6,0.144,,MOCK,1
WCH2009-200m-M-R1-H6,WCH,2009,200m,M,R1,6,0.164,,MOCK,1
WCH2009-200m-M-R1-H6,WCH,2009,200m,M,R1,6,0.149,,MOCK,1
WCH2009-200m-M-R1-H6,WCH,2009,200m,M,R1,6,0.143,,MOCK,1
WCH2009-200m-M-R1-H6,WCH,2009,200m,M,R1,6,0.142,,MOCK,1
WCH2009-200m-M-SF-H1,WCH,2009,200m,M,SF,1,0.13,,MOCK,1
WCH2009-200m-M-SF-H1,WCH,2009,200m,M,SF,1,0.167,,MOCK,1
WCH2009-200m-M-SF-H1,WCH,2009,200m,M,SF,1,0.144,,MOCK,1
WCH2009-200m-M-SF-H1,WCH,2009,200m,M,SF,1,0.168,,MOCK,1
WCH2009-200m-M-SF-H1,WCH,2009,200m,M,SF,1,0.128,,MOCK,1
WCH2009-200m-M-SF-H1,WCH,2009,200m,M,SF,1,0.147,,MOCK,1
WCH2009-200m-M-SF-H1,WCH,2009,200m,M,SF,1,0.12,,MOCK,1
WCH2009-200m-M-SF-H1,WCH,2009,200m,M,SF,1,0.153,,MOCK,1
WCH2009-200m-M-SF-H2,WCH,2009,200m,M,SF,2,0.175,,MOCK,1
WCH2009-200m-M-SF-H2,WCH,2009,200m,M,SF,2,0.143,,MOCK,1
WCH2009-200m-M-SF-H2,WCH,2009,200m,M,SF,2,0.149,,MOCK,1
WCH2009-200m-M-SF-H2,WCH,2009,200m,M,SF,2,0.151,,MOCK,1
WCH2009-200m-M-SF-H2,WCH,2009,200m,M,SF,2,0.112,,MOCK,1
WCH2009-200m-M-SF-H2,WCH,2009,200m,M,SF,2,0.147,,MOCK,1
WCH2009-200m-M-SF-H2,WCH,2009,200m,M,SF,2,0.165,,MOCK,1
WCH2009-200m-M-SF-H2,WCH,2009,200m,M,SF,2,0.148,,MOCK,1
WCH2009-200m-M-SF-H3,WCH,2009,200m,M,SF,3,0.131,,MOCK,1
WCH2009-200m-M-SF-H3,WCH,2009,200m,M,SF,3,0.155,,MOCK,1
WCH2009-200m-M-SF-H3,WCH,2009,200m,M,SF,3,0.15,,MOCK,1
WCH2009-200m-M-SF-H3,WCH,2009,200m,M,SF,3,0.174,,MOCK,1
WCH2009-200m-M-SF-H3,WCH,2009,200m,M,SF,3,0.164,,MOCK,1
WCH2009-200m-M-SF-H3,WCH,2009,200m,M,SF,3,0.196,,MOCK,1
WCH2009-200m-M-SF-H3,WCH,2009,200m,M,SF,3,0.201,,MOCK,1
WCH2009-200m-M-SF-H3,WCH,2009,200m,M,SF,3,0.143,,MOCK,1
WCH2009-200m-M-F-H1,WCH,2009,200m,M,F,1,0.15,,MOCK,1
WCH2009-200m-M-F-H1,WCH,2009,200m,M,F,1,0.15,,MOCK,1
WCH2009-200m-M-F-H1,WCH,2009,200m,M,F,1,0.152,,MOCK,1
WCH2009-200m-M-F-H1,WCH,2009,200m,M,F,1,0.167,,MOCK,1
WCH2009-200m-M-F-H1,WCH,2009,200m,M,F,1,0.146,,MOCK,1
WCH2009-200m-M-F-H1,WCH,2009,200m,M,F,1,0.135,,MOCK,1
WCH2009-200m-M-F-H1,WCH,2009,200m,M,F,1,0.209,,MOCK,1
WCH2009-200m-M-F-H1,WCH,2009,200m,M,F,1,0.174,,MOCK,1
WCH2009-110mH-M-R1-H1,WCH,2009,110mH,M,R1,1,0.153,,MOCK,1
WCH2009-110mH-M-R1-H1,WCH,2009,110mH,M,R1,1,0.167,,MOCK,1
WCH2009-110mH-M-R1-H1,WCH,2009,110mH,M,R1,1,0.199,,MOCK,1
WCH2009-110mH-M-R1-H1,WCH,2009,110mH,M,R1,1,0.149,,MOCK,1
WCH2009-110mH-M-R1-H1,WCH,2009,110mH,M,R1,1,0.138,,MOCK,1
WCH2009-110mH-M-R1-H1,WCH,2009,110mH,M,R1,1,0.15,,MOCK,1
WCH2009-110mH-M-R1-H1,WCH,2009,110mH,M,R1,1,0.18,,MOCK,1
WCH2009-110mH-M-R1-H1,WCH,2009,110mH,M,R1,1,0.153,,MOCK,1
WCH2009-110mH-M-R1-H2,WCH,2009,110mH,M,R1,2,0.121,,MOCK,1
WCH2009-110mH-M-R1-H2,WCH,2009,110mH,M,R1,2,0.166,,MOCK,1
WCH2009-110mH-M-R1-H2,WCH,2009,110mH,M,R1,2,0.157,,MOCK,1
WCH2009-110mH-M-R1-H2,WCH,2009,110mH,M,R1,2,0.165,,MOCK,1
WCH2009-110mH-M-R1-H2,WCH,2009,110mH,M,R1,2,0.171,,MOCK,1
WCH2009-110mH-M-R1-H2,WCH,2009,110mH,M,R1,2,0.167,,MOCK,1
WCH2009-110mH-M-R1-H2,WCH,2009,110mH,M,R1,2,0.16,,MOCK,1
WCH2009-110mH-M-R1-H3,WCH,2009,110mH,M,R1,3,0.146,,MOCK,1
WCH2009-110mH-M-R1-H3,WCH,2009,110mH,M,R1,3,0.146,,MOCK,1
WCH2009-110mH-M-R1-H3,WCH,2009,110mH,M,R1,3,0.147,,MOCK,1
WCH2009-110mH-M-R1-H3,WCH,2009,110mH,M,R1,3,0.148,,MOCK,1
WCH2009-110mH-M-R1-H3,WCH,2009,110mH,M,R1,3,0.169,,MOCK,1
WCH2009-110mH-M-R1-H3,WCH,2009,110mH,M,R1,3,0.149,,MOCK,1
WCH2009-110mH-M-R1-H3,WCH,2009,110mH,M,R1,3,0.129,,MOCK,1
WCH2009-110mH-M-R1-H3,WCH,2009,110mH,M,R1,3,0.12,,MOCK,1
WCH2009-110mH-M-R1-H4,WCH,2009,110mH,M,R1,4,0.14,,MOCK,1
WCH2009-110mH-M-R1-H4,WCH,2009,110mH,M,R1,4,0.154,,MOCK,1
WCH2009-110mH-M-R1-H4,WCH,2009,110mH,M,R1,4,0.15,,MOCK,1
WCH2009-110mH-M-R1-H4,WCH,2009,110mH,M,R1,4,0.136,,MOCK,1
WCH2009-110mH-M-R1-H4,WCH,2009,110mH,M,R1,4,0.158,,MOCK,1
WCH2009-110mH-M-R1-H4,WCH,2009,110mH,M,R1,4,0.211,,MOCK,1
WCH2009-110mH-M-R1-H4,WCH,2009,110mH,M,R1,4,0.126,,MOCK,1
WCH2009-110mH-M-R1-H4,WCH,2009,110mH,M,R1,4,0.139,,MOCK,1
WCH2009-110mH-M-R1-H5,WCH,2009,110mH,M,R1,5,0.15,,MOCK,1
WCH2009-110mH-M-R1-H5,WCH,2009,110mH,M,R1,5,0.143,,MOCK,1
WCH2009-110mH-M-R1-H5,WCH,2009,110mH,M,R1,5,0.171,,MOCK,1
WCH2009-110mH-M-R1-H5,WCH,2009,110mH,M,R1,5,0.161,,MOCK,1
WCH2009-110mH-M-R1-H5,WCH,2009,110mH,M,R1,5,0.129,,MOCK,1
WCH2009-110mH-M-R1-H5,WCH,2009,110mH,M,R1,5,0.107,,MOCK,1
WCH2009-110mH-M-R1-H5,WCH,2009,110mH,M,R1,5,0.173,,MOCK,1
WCH2009-110mH-M-R1-H5,WCH,2009,110mH,M,R1,5,0.131,,MOCK,1
WCH2009-110mH-M-R1-H6,WCH,2009,110mH,M,R1,6,0.167,,MOCK,1
WCH2009-110mH-M-R1-H6,WCH,2009,110mH,M,R1,6,0.159,,MOCK,1
WCH2009-110mH-M-R1-H6,WCH,2009,110mH,M,R1,6,0.145,,MOCK,1
WCH2009-110mH-M-R1-H6,WCH,2009,110mH,M,R1,6,0.171,,MOCK,1
WCH2009-110mH-M-R1-H6,WCH,2009,110mH,M,R1,6,0.15,,MOCK,1
WCH2009-110mH-M-R1-H6,WCH,2009,110mH,M,R1,6,0.133,,MOCK,1
WCH2009-110mH-M-R1-H6,WCH,2009,110mH,M,R1,6,0.136,,MOCK,1
WCH2009-110mH-M-SF-H1,WCH,2009,110mH,M,SF,1,0.13,,MOCK,1
WCH2009-110mH-M-SF-H1,WCH,2009,110mH,M,SF,1,0.158,,MOCK,1
WCH2009-110mH-M-SF-H1,WCH,2009,110mH,M,SF,1,0.128,,MOCK,1
WCH2009-110mH-M-SF-H1,WCH,2009,110mH,M,SF,1,0.136,,MOCK,1
WCH2009-110mH-M-SF-H1,WCH,2009,110mH,M,SF,1,0.151,,MOCK,1
WCH2009-110mH-M-SF-H1,WCH,2009,110mH,M,SF,1,0.162,,MOCK,1
WCH2009-110mH-M-SF-H1,WCH,2009,110mH,M,SF,1,0.129,,MOCK,1
WCH2009-110mH-M-SF-H1,WCH,2009,110mH,M,SF,1,0.108,,MOCK,1
WCH2009-110mH-M-SF-H2,WCH,2009,110mH,M,SF,2,0.159,,MOCK,1
WCH2009-110mH-M-SF-H2,WCH,2009,110mH,M,SF,2,0.153,,MOCK,1
WCH2009-110mH-M-SF-H2,WCH,2009,110mH,M,SF,2,0.155,,MOCK,1
WCH2009-110mH-M-SF-H2,WCH,2009,110mH,M,SF,2,0.117,,MOCK,1
WCH2009-110mH-M-SF-H2,WCH,2009,110mH,M,SF,2,0.128,,MOCK,1
WCH2009-110mH-M-SF-H2,WCH,2009,110mH,M,SF,2,0.131,,MOCK,1
WCH2009-110mH-M-SF-H2,WCH,2009,110mH,M,SF,2,0.191,,MOCK,1
WCH2009-110mH-M-SF-H2,WCH,2009,110mH,M,SF,2,0.15,,MOCK,1
WCH2009-110mH-M-SF-H3,WCH,2009,110mH,M,SF,3,0.143,,MOCK,1
WCH2009-110mH-M-SF-H3,WCH,2009,110mH,M,SF,3,0.179,,MOCK,1
WCH2009-110mH-M-SF-H3,WCH,2009,110mH,M,SF,3,0.14,,MOCK,1
WCH2009-110mH-M-SF-H3,WCH,2009,110mH,M,SF,3,0.152,,MOCK,1
WCH2009-110mH-M-SF-H3,WCH,2009,110mH,M,SF,3,0.162,,MOCK,1
WCH2009-110mH-M-SF-H3,WCH,2009,110mH,M,SF,3,0.148,,MOCK,1
WCH2009-110mH-M-SF-H3,WCH,2009,110mH,M,SF,3,0.169,,MOCK,1
WCH2009-110mH-M-SF-H3,WCH,2009,110mH,M,SF,3,0.198,,MOCK,1
WCH2009-110mH-M-F-H1,WCH,2009,110mH,M,F,1,0.145,,MOCK,1
WCH2009-110mH-M-F-H1,WCH,2009,110mH,M,F,1,0.155,,MOCK,1
WCH2009-110mH-M-F-H1,WCH,2009,110mH,M,F,1,0.163,,MOCK,1
WCH2009-110mH-M-F-H1,WCH,2009,110mH,M,F,1,0.185,,MOCK,1
WCH2009-110mH-M-F-H1,WCH,2009,110mH,M,F,1,0.136,,MOCK,1
WCH2009-110mH-M-F-H1,WCH,2009,110mH,M,F,1,0.169,,MOCK,1
WCH2009-110mH-M-F-H1,WCH,2009,110mH,M,F,1,0.155,,MOCK,1
WCH2009-110mH-M-F-H1,WCH,2009,110mH,M,F,1,0.156,,MOCK,1
WCH2009-100m-W-R1-H1,WCH,2009,100m,W,R1,1,0.151,,MOCK,1
WCH2009-100m-W-R1-H1,WCH,2009,100m,W,R1,1,0.119,,MOCK,1
WCH2009-100m-W-R1-H1,WCH,2009,100m,W,R1,1,0.144,,MOCK,1
WCH2009-100m-W-R1-H1,WCH,2009,100m,W,R1,1,0.14,,MOCK,1
WCH2009-100m-W-R1-H1,WCH,2009,100m,W,R1,1,0.175,,MOCK,1
WCH2009-100m-W-R1-H1,WCH,2009,100m,W,R1,1,0.166,,MOCK,1
WCH2009-100m-W-R1-H1,WCH,2009,100m,W,R1,1,0.137,,MOCK,1
WCH2009-100m-W-R1-H2,WCH,2009,100m,W,R1,2,0.166,,MOCK,1
WCH2009-100m-W-R1-H2,WCH,2009,100m,W,R1,2,0.129,,MOCK,1
WCH2009-100m-W-R1-H2,WCH,2009,100m,W,R1,2,0.11,,MOCK,1
WCH2009-100m-W-R1-H2,WCH,2009,100m,W,R1,2,0.151,,MOCK,1
WCH2009-100m-W-R1-H2,WCH,2009,100m,W,R1,2,0.166,,MOCK,1
WCH2009-100m-W-R1-H2,WCH,2009,100m,W,R1,2,0.177,,MOCK,1
WCH2009-100m-W-R1-H2,WCH,2009,100m,W,R1,2,0.148,,MOCK,1
WCH2009-100m-W-R1-H2,WCH,2009,100m,W,R1,2,0.175,,MOCK,1
WCH2009-100m-W-R1-H3,WCH,2009,100m,W,R1,3,0.175,,MOCK,1
WCH2009-100m-W-R1-H3,WCH,2009,100m,W,R1,3,0.17,,MOCK,1
WCH2009-100m-W-R1-H3,WCH,2009,100m,W,R1,3,0.193,,MOCK,1
WCH2009-100m-W-R1-H3,WCH,2009,100m,W,R1,3,0.158,,MOCK,1
WCH2009-100m-W-R1-H3,WCH,2009,100m,W,R1,3,0.14,,MOCK,1
WCH2009-100m-W-R1-H3,WCH,2009,100m,W,R1,3,0.152,,MOCK,1
WCH2009-100m-W-R1-H3,WCH,2009,100m,W,R1,3,0.162,,MOCK,1
WCH2009-100m-W-R1-H3,WCH,2009,100m,W,R1,3,0.162,,MOCK,1
WCH2009-100m-W-R1-H4,WCH,2009,100m,W,R1,4,0.138,,MOCK,1
WCH2009-100m-W-R1-H4,WCH,2009,100m,W,R1,4,0.15,,MOCK,1
WCH2009-100m-W-R1-H4,WCH,2009,100m,W,R1,4,0.152,,MOCK,1
WCH2009-100m-W-R1-H4,WCH,2009,100m,W,R1,4,0.165,,MOCK,1
WCH2009-100m-W-R1-H4,WCH,2009,100m,W,R1,4,0.152,,MOCK,1
WCH2009-100m-W-R1-H4,WCH,2009,100m,W,R1,4,0.175,,MOCK,1
WCH2009-100m-W-R1-H4,WCH,2009,100m,W,R1,4,0.174,,MOCK,1
WCH2009-100m-W-R1-H4,WCH,2009,100m,W,R1,4,0.158,,MOCK,1
WCH2009-100m-W-R1-H5,WCH,2009,100m,W,R1,5,0.156,,MOCK,1
WCH2009-100m-W-R1-H5,WCH,2009,100m,W,R1,5,0.161,,MOCK,1
WCH2009-100m-W-R1-H5,WCH,2009,100m,W,R1,5,0.17,,MOCK,1
WCH2009-100m-W-R1-H5,WCH,2009,100m,W,R1,5,0.177,,MOCK,1
WCH2009-100m-W-R1-H5,WCH,2009,100m,W,R1,5,0.142,,MOCK,1
WCH2009-100m-W-R1-H5,WCH,2009,100m,W,R1,5,0.128,,MOCK,1
WCH2009-100m-W-R1-H5,WCH,2009,100m,W,R1,5,0.137,,MOCK,1
WCH2009-100m-W-R1-H5,WCH,2009,100m,W,R1,5,0.144,,MOCK,1
WCH2009-100m-W-R1-H6,WCH,2009,100m,W,R1,6,0.155,,MOCK,1
WCH2009-100m-W-R1-H6,WCH,2009,100m,W,R1,6,0.151,,MOCK,1
WCH2009-100m-W-R1-H6,WCH,2009,100m,W,R1,6,0.161,,MOCK,1
WCH2009-100m-W-R1-H6,WCH,2009,100m,W,R1,6,0.146,,MOCK,1
WCH2009-100m-W-R1-H6,WCH,2009,100m,W,R1,6,0.152,,MOCK,1
WCH2009-100m-W-R1-H6,WCH,2009,100m,W,R1,6,0.165,,MOCK,1
WCH2009-100m-W-R1-H6,WCH,2009,100m,W,R1,6,0.137,,MOCK,1
WCH2009-100m-W-SF-H1,WCH,2009,100m,W,SF,1,0.103,,MOCK,1
WCH2009-100m-W-SF-H1,WCH,2009,100m,W,SF,1,0.138,,MOCK,1
WCH2009-100m-W-SF-H1,WCH,2009,100m,W,SF,1,0.183,,MOCK,1
WCH2009-100m-W-SF-H1,WCH,2009,100m,W,SF,1,0.123,,MOCK,1
WCH2009-100m-W-SF-H1,WCH,2009,100m,W,SF,1,0.115,,MOCK,1
WCH2009-100m-W-SF-H1,WCH,2009,100m,W,SF,1,0.168,,MOCK,1
WCH2009-100m-W-SF-H1,WCH,2009,100m,W,SF,1,0.156,,MOCK,1
WCH2009-100m-W-SF-H1,WCH,2009,100m,W,SF,1,0.134,,MOCK,1
WCH2009-100m-W-SF-H2,WCH,2009,100m,W,SF,2,0.145,,MOCK,1
WCH2009-100m-W-SF-H2,WCH,2009,100m,W,SF,2,0.145,,MOCK,1
WCH2009-100m-W-SF-H2,WCH,2009,100m,W,SF,2,0.126,,MOCK,1
WCH2009-100m-W-SF-H2,WCH,2009,100m,W,SF,2,0.143,,MOCK,1
WCH2009-100m-W-SF-H2,WCH,2009,100m,W,SF,2,0.136,,MOCK,1
WCH2009-100m-W-SF-H2,WCH,2009,100m,W,SF,2,0.145,,MOCK,1
WCH2009-100m-W-SF-H2,WCH,2009,100m,W,SF,2,0.15,,MOCK,1
WCH2009-100m-W-SF-H2,WCH,2009,100m,W,SF,2,0.137,,MOCK,1
WCH2009-100m-W-SF-H3,WCH,2009,100m,W,SF,3,0.177,,MOCK,1
WCH2009-100m-W-SF-H3,WCH,2009,100m,W,SF,3,0.175,,MOCK,1
WCH2009-100m-W-SF-H3,WCH,2009,100m,W,SF,3,0.183,,MOCK,1
WCH2009-100m-W-SF-H3,WCH,2009,100m,W,SF,3,0.161,,MOCK,1
WCH2009-100m-W-SF-H3,WCH,2009,100m,W,SF,3,0.137,,MOCK,1
WCH2009-100m-W-SF-H3,WCH,2009,100m,W,SF,3,0.161,,MOCK,1
WCH2009-100m-W-SF-H3,WCH,2009,100m,W,SF,3,0.181,,MOCK,1
WCH2009-100m-W-SF-H3,WCH,2009,100m,W,SF,3,0.152,,MOCK,1
WCH2009-100m-W-F-H1,WCH,2009,100m,W,F,1,0.143,,MOCK,1
WCH2009-100m-W-F-H1,WCH,2009,100m,W,F,1,0.185,,MOCK,1
WCH2009-100m-W-F-H1,WCH,2009,100m,W,F,1,0.143,,MOCK,1
WCH2009-100m-W-F-H1,WCH,2009,100m,W,F,1,0.123,,MOCK,1
WCH2009-100m-W-F-H1,WCH,2009,100m,W,F,1,0.153,,MOCK,1
WCH2009-100m-W-F-H1,WCH,2009,100m,W,F,1,0.148,,MOCK,1
WCH2009-100m-W-F-H1,WCH,2009,100m,W,F,1,0.154,,MOCK,1
WCH2009-100m-W-F-H1,WCH,2009,100m,W,F,1,0.149,,MOCK,1
WCH2009-200m-W-R1-H1,WCH,2009,200m,W,R1,1,0.188,,MOCK,1
WCH2009-200m-W-R1-H1,WCH,2009,200m,W,R1,1,0.166,,MOCK,1
WCH2009-200m-W-R1-H1,WCH,2009,200m,W,R1,1,0.157,,MOCK,1
WCH2009-200m-W-R1-H1,WCH,2009,200m,W,R1,1,0.193,,MOCK,1
WCH2009-200m-W-R1-H1,WCH,2009,200m,W,R1,1,0.157,,MOCK,1
WCH2009-200m-W-R1-H1,WCH,2009,200m,W,R1,1,0.168,,MOCK,1
WCH2009-200m-W-R1-H1,WCH,2009,200m,W,R1,1,0.187,,MOCK,1
WCH2009-200m-W-R1-H1,WCH,2009,200m,W,R1,1,0.165,,MOCK,1
WCH2009-200m-W-R1-H2,WCH,2009,200m,W,R1,2,0.145,,MOCK,1
WCH2009-200m-W-R1-H2,WCH,2009,200m,W,R1,2,0.136,,MOCK,1
WCH2009-200m-W-R1-H2,WCH,2009,200m,W,R1,2,0.185,,MOCK,1
WCH2009-200m-W-R1-H2,WCH,2009,200m,W,R1,2,0.133,,MOCK,1
WCH2009-200m-W-R1-H2,WCH,2009,200m,W,R1,2,0.135,,MOCK,1
WCH2009-200m-W-R1-H2,WCH,2009,200m,W,R1,2,0.14,,MOCK,1
WCH2009-200m-W-R1-H2,WCH,2009,200m,W,R1,2,0.153,,MOCK,1
WCH2009-200m-W-R1-H2,WCH,2009,200m,W,R1,2,0.129,,MOCK,1
WCH2009-200m-W-R1-H3,WCH,2009,200m,W,R1,3,0.139,,MOCK,1
WCH2009-200m-W-R1-H3,WCH,2009,200m,W,R1,3,0.15,,MOCK,1
WCH2009-200m-W-R1-H3,WCH,2009,200m,W,R1,3,0.14,,MOCK,1
WCH2009-200m-W-R1-H3,WCH,2009,200m,W,R1,3,0.191,,MOCK,1
WCH2009-200m-W-R1-H3,WCH,2009,200m,W,R1,3,0.17,,MOCK,1
WCH2009-200m-W-R1-H3,WCH,2009,200m,W,R1,3,0.139,,MOCK,1
WCH2009-200m-W-R1-H3,WCH,2009,200m,W,R1,3,0.155,,MOCK,1
WCH2009-200m-W-R1-H3,WCH,2009,200m,W,R1,3,0.141,,MOCK,1
WCH2009-200m-W-R1-H4,WCH,2009,200m,W,R1,4,0.144,,MOCK,1
WCH2009-200m-W-R1-H4,WCH,2009,200m,W,R1,4,0.162,,MOCK,1
WCH2009-200m-W-R1-H4,WCH,2009,200m,W,R1,4,0.167,,MOCK,1
WCH2009-200m-W-R1-H4,WCH,2009,200m,W,R1,4,0.143,,MOCK,1
WCH2009-200m-W-R1-H4,WCH,2009,200m,W,R1,4,0.163,,MOCK,1
WCH2009-200m-W-R1-H4,WCH,2009,200m,W,R1,4,0.156,,MOCK,1
WCH2009-200m-W-R1-H4,WCH,2009,200m,W,R1,4,0.161,,MOCK,1
WCH2009-200m-W-R1-H5,WCH,2009,200m,W,R1,5,0.165,,MOCK,1
WCH2009-200m-W-R1-H5,WCH,2009,200m,W,R1,5,0.179,,MOCK,1
WCH2009-200m-W-R1-H5,WCH,2009,200m,W,R1,5,0.162,,MOCK,1
WCH2009-200m-W-R1-H5,WCH,2009,200m,W,R1,5,0.157,,MOCK,1
WCH2009-200m-W-R1-H5,WCH,2009,200m,W,R1,5,0.157,,MOCK,1
WCH2009-200m-W-R1-H5,WCH,2009,200m,W,R1,5,0.159,,MOCK,1
WCH2009-200m-W-R1-H5,WCH,2009,200m,W,R1,5,0.167,,MOCK,1
WCH2009-200m-W-R1-H5,WCH,2009,200m,W,R1,5,0.19,,MOCK,1
WCH2009-200m-W-R1-H6,WCH,2009,200m,W,R1,6,0.16,,MOCK,1
WCH2009-200m-W-R1-H6,WCH,2009,200m,W,R1,6,0.146,,MOCK,1
WCH2009-200m-W-R1-H6,WCH,2009,200m,W,R1,6,0.143,,MOCK,1
WCH2009-200m-W-R1-H6,WCH,2009,200m,W,R1,6,0.15,,MOCK,1
WCH2009-200m-W-R1-H6,WCH,2009,200m,W,R1,6,0.179,,MOCK,1
WCH2009-200m-W-R1-H6,WCH,2009,200m,W,R1,6,0.168,,MOCK,1
WCH2009-200m-W-R1-H6,WCH,2009,200m,W,R1,6,0.158,,MOCK,1
WCH2009-200m-W-R1-H6,WCH,2009,200m,W,R1,6,0.163,,MOCK,1
WCH2009-200m-W-SF-H1,WCH,2009,200m,W,SF,1,0.145,,MOCK,1
WCH2009-200m-W-SF-H1,WCH,2009,200m,W,SF,1,0.141,,MOCK,1
WCH2009-200m-W-SF-H1,WCH,2009,200m,W,SF,1,0.156,,MOCK,1
WCH2009-200m-W-SF-H1,WCH,2009,200m,W,SF,1,0.167,,MOCK,1
WCH2009-200m-W-SF-H1,WCH,2009,200m,W,SF,1,0.163,,MOCK,1
WCH2009-200m-W-SF-H1,WCH,2009,200m,W,SF,1,0.143,,MOCK,1
WCH2009-200m-W-SF-H1,WCH,2009,200m,W,SF,1,0.187,,MOCK,1
WCH2009-200m-W-SF-H1,WCH,2009,200m,W,SF,1,0.187,,MOCK,1
WCH2009-200m-W-SF-H2,WCH,2009,200m,W,SF,2,0.175,,MOCK,1
WCH2009-200m-W-SF-H2,WCH,2009,200m,W,SF,2,0.195,,MOCK,1
WCH2009-200m-W-SF-H2,WCH,2009,200m,W,SF,2,0.222,,MOCK,1
WCH2009-200m-W-SF-H2,WCH,2009,200m,W,SF,2,0.182,,MOCK,1
WCH2009-200m-W-SF-H2,WCH,2009,200m,W,SF,2,0.163,,MOCK,1
WCH2009-200m-W-SF-H2,WCH,2009,200m,W,SF,2,0.162,,MOCK,1
WCH2009-200m-W-SF-H2,WCH,2009,200m,W,SF,2,0.154,,MOCK,1
WCH2009-200m-W-SF-H2,WCH,2009,200m,W,SF,2,0.172,,MOCK,1
WCH2009-200m-W-SF-H3,WCH,2009,200m,W,SF,3,0.165,,MOCK,1
WCH2009-200m-W-SF-H3,WCH,2009,200m,W,SF,3,0.164,,MOCK,1
WCH2009-200m-W-SF-H3,WCH,2009,200m,W,SF,3,0.182,,MOCK,1
WCH2009-200m-W-SF-H3,WCH,2009,200m,W,SF,3,0.165,,MOCK,1
WCH2009-200m-W-SF-H3,WCH,2009,200m,W,SF,3,0.189,,MOCK,1
WCH2009-200m-W-SF-H3,WCH,2009,200m,W,SF,3,0.169,,MOCK,1
WCH2009-200m-W-SF-H3,WCH,2009,200m,W,SF,3,0.138,,MOCK,1
WCH2009-200m-W-SF-H3,WCH,2009,200m,W,SF,3,0.169,,MOCK,1
WCH2009-200m-W-F-H1,WCH,2009,200m,W,F,1,0.138,,MOCK,1
WCH2009-200m-W-F-H1,WCH,2009,200m,W,F,1,0.166,,MOCK,1
WCH2009-200m-W-F-H1,WCH,2009,200m,W,F,1,0.172,,MOCK,1
WCH2009-200m-W-F-H1,WCH,2009,200m,W,F,1,0.164,,MOCK,1
WCH2009-200m-W-F-H1,WCH,2009,200m,W,F,1,0.159,,MOCK,1
WCH2009-200m-W-F-H1,WCH,2009,200m,W,F,1,0.161,,MOCK,1
WCH2009-200m-W-F-H1,WCH,2009,200m,W,F,1,0.175,,MOCK,1
WCH2009-200m-W-F-H1,WCH,2009,200m,W,F,1,0.168,,MOCK,1
WCH2009-100mH-W-R1-H1,WCH,2009,100mH,W,R1,1,0.148,,MOCK,1
WCH2009-100mH-W-R1-H1,WCH,2009,100mH,W,R1,1,0.155,,MOCK,1
WCH2009-100mH-W-R1-H1,WCH,2009,100mH,W,R1,1,0.186,,MOCK,1
WCH2009-100mH-W-R1-H1,WCH,2009,100mH,W,R1,1,0.17,,MOCK,1
WCH2009-100mH-W-R1-H1,WCH,2009,100mH,W,R1,1,0.168,,MOCK,1
WCH2009-100mH-W-R1-H1,WCH,2009,100mH,W,R1,1,0.158,,MOCK,1
WCH2009-100mH-W-R1-H1,WCH,2009,100mH,W,R1,1,0.147,,MOCK,1
WCH2009-100mH-W-R1-H1,WCH,2009,100mH,W,R1,1,0.148,,MOCK,1
WCH2009-100mH-W-R1-H2,WCH,2009,100mH,W,R1,2,0.199,,MOCK,1
WCH2009-100mH-W-R1-H2,WCH,2009,100mH,W,R1,2,0.168,,MOCK,1
WCH2009-100mH-W-R1-H2,WCH,2009,100mH,W,R1,2,0.149,,MOCK,1
WCH2009-100mH-W-R1-H2,WCH,2009,100mH,W,R1,2,0.168,,MOCK,1
WCH2009-100mH-W-R1-H2,WCH,2009,100mH,W,R1,2,0.143,,MOCK,1
WCH2009-100mH-W-R1-H2,WCH,2009,100mH,W,R1,2,0.138,,MOCK,1
WCH2009-100mH-W-R1-H2,WCH,2009,100mH,W,R1,2,0.164,,MOCK,1
WCH2009-100mH-W-R1-H2,WCH,2009,100mH,W,R1,2,0.177,,MOCK,1
WCH2009-100mH-W-R1-H3,WCH,2009,100mH,W,R1,3,0.155,,MOCK,1
WCH2009-100mH-W-R1-H3,WCH,2009,100mH,W,R1,3,0.153,,MOCK,1
WCH2009-100mH-W-R1-H3,WCH,2009,100mH,W,R1,3,0.175,,MOCK,1
WCH2009-100mH-W-R1-H3,WCH,2009,100mH,W,R1,3,0.152,,MOCK,1
WCH2009-100mH-W-R1-H3,WCH,2009,100mH,W,R1,3,0.161,,MOCK,1
WCH2009-100mH-W-R1-H3,WCH,2009,100mH,W,R1,3,0.176,,MOCK,1
WCH2009-100mH-W-R1-H3,WCH,2009,100mH,W,R1,3,0.157,,MOCK,1
WCH2009-100mH-W-R1-H4,WCH,2009,100mH,W,R1,4,0.156,,MOCK,1
WCH2009-100mH-W-R1-H4,WCH,2009,100mH,W,R1,4,0.171,,MOCK,1
WCH2009-100mH-W-R1-H4,WCH,2009,100mH,W,R1,4,0.137,,MOCK,1
WCH2009-100mH-W-R1-H4,WCH,2009,100mH,W,R1,4,0.161,,MOCK,1
WCH2009-100mH-W-R1-H4,WCH,2009,100mH,W,R1,4,0.178,,MOCK,1
WCH2009-100mH-W-R1-H4,WCH,2009,100mH,W,R1,4,0.17,,MOCK,1
WCH2009-100mH-W-R1-H4,WCH,2009,100mH,W,R1,4,0.152,,MOCK,1
WCH2009-100mH-W-R1-H4,WCH,2009,100mH,W,R1,4,0.168,,MOCK,1
WCH2009-100mH-W-R1-H5,WCH,2009,100mH,W,R1,5,0.158,,MOCK,1
WCH2009-100mH-W-R1-H5,WCH,2009,100mH,W,R1,5,0.141,,MOCK,1
WCH2009-100mH-W-R1-H5,WCH,2009,100mH,W,R1,5,0.166,,MOCK,1
WCH2009-100mH-W-R1-H5,WCH,2009,100mH,W,R1,5,0.149,,MOCK,1
WCH2009-100mH-W-R1-H5,WCH,2009,100mH,W,R1,5,0.166,,MOCK,1
WCH2009-100mH-W-R1-H5,WCH,2009,100mH,W,R1,5,0.147,,MOCK,1
WCH2009-100mH-W-R1-H5,WCH,2009,100mH,W,R1,5,0.148,,MOCK,1
WCH2009-100mH-W-R1-H5,WCH,2009,100mH,W,R1,5,0.189,,MOCK,1
WCH2009-100mH-W-R1-H6,WCH,2009,100mH,W,R1,6,0.184,,MOCK,1
WCH2009-100mH-W-R1-H6,WCH,2009,100mH,W,R1,6,0.169,,MOCK,1
WCH2009-100mH-W-R1-H6,WCH,2009,100mH,W,R1,6,0.153,,MOCK,1
WCH2009-100mH-W-R1-H6,WCH,2009,100mH,W,R1,6,0.138,,MOCK,1
WCH2009-100mH-W-R1-H6,WCH,2009,100mH,W,R1,6,0.117,,MOCK,1
WCH2009-100mH-W-R1-H6,WCH,2009,100mH,W,R1,6,0.184,,MOCK,1
WCH2009-100mH-W-R1-H6,WCH,2009,100mH,W,R1,6,0.219,,MOCK,1
WCH2009-100mH-W-R1-H6,WCH,2009,100mH,W,R1,6,0.131,,MOCK,1
WCH2009-100mH-W-SF-H1,WCH,2009,100mH,W,SF,1,0.168,,MOCK,1
WCH2009-100mH-W-SF-H1,WCH,2009,100mH,W,SF,1,0.161,,MOCK,1
WCH2009-100mH-W-SF-H1,WCH,2009,100mH,W,SF,1,0.189,,MOCK,1
WCH2009-100mH-W-SF-H1,WCH,2009,100mH,W,SF,1,0.154,,MOCK,1
WCH2009-100mH-W-SF-H1,WCH,2009,100mH,W,SF,1,0.158,,MOCK,1
WCH2009-100mH-W-SF-H1,WCH,2009,100mH,W,SF,1,0.146,,MOCK,1
WCH2009-100mH-W-SF-H1,WCH,2009,100mH,W,SF,1,0.149,,MOCK,1
WCH2009-100mH-W-SF-H1,WCH,2009,100mH,W,SF,1,0.209,,MOCK,1
WCH2009-100mH-W-SF-H2,WCH,2009,100mH,W,SF,2,0.153,,MOCK,1
WCH2009-100mH-W-SF-H2,WCH,2009,100mH,W,SF,2,0.154,,MOCK,1
WCH2009-100mH-W-SF-H2,WCH,2009,100mH,W,SF,2,0.191,,MOCK,1
WCH2009-100mH-W-SF-H2,WCH,2009,100mH,W,SF,2,0.182,,MOCK,1
WCH2009-100mH-W-SF-H2,WCH,2009,100mH,W,SF,2,0.183,,MOCK,1
WCH2009-100mH-W-SF-H2,WCH,2009,100mH,W,SF,2,0.163,,MOCK,1
WCH2009-100mH-W-SF-H2,WCH,2009,100mH,W,SF,2,0.153,,MOCK,1
WCH2009-100mH-W-SF-H2,WCH,2009,100mH,W,SF,2,0.125,,MOCK,1
WCH2009-100mH-W-SF-H3,WCH,2009,100mH,W,SF,3,0.165,,MOCK,1
WCH2009-100mH-W-SF-H3,WCH,2009,100mH,W,SF,3,0.169,,MOCK,1
WCH2009-100mH-W-SF-H3,WCH,2009,100mH,W,SF,3,0.216,,MOCK,1
WCH2009-100mH-W-SF-H3,WCH,2009,100mH,W,SF,3,0.144,,MOCK,1
WCH2009-100mH-W-SF-H3,WCH,2009,100mH,W,SF,3,0.146,,MOCK,1
WCH2009-100mH-W-SF-H3,WCH,2009,100mH,W,SF,3,0.127,,MOCK,1
WCH2009-100mH-W-SF-H3,WCH,2009,100mH,W,SF,3,0.138,,MOCK,1
WCH2009-100mH-W-SF-H3,WCH,2009,100mH,W,SF,3,0.148,,MOCK,1
WCH2009-100mH-W-F-H1,WCH,2009,100mH,W,F,1,0.186,,MOCK,1
WCH2009-100mH-W-F-H1,WCH,2009,100mH,W,F,1,0.184,,MOCK,1
WCH2009-100mH-W-F-H1,WCH,2009,100mH,W,F,1,0.162,,MOCK,1
WCH2009-100mH-W-F-H1,WCH,2009,100mH,W,F,1,0.168,,MOCK,1
WCH2009-100mH-W-F-H1,WCH,2009,100mH,W,F,1,0.15,,MOCK,1
WCH2009-100mH-W-F-H1,WCH,2009,100mH,W,F,1,0.146,,MOCK,1
WCH2009-100mH-W-F-H1,WCH,2009,100mH,W,F,1,0.198,,MOCK,1
WCH2009-100mH-W-F-H1,WCH,2009,100mH,W,F,1,0.147,,MOCK,1
WCH2011-100m-M-R1-H1,WCH,2011,100m,M,R1,1,0.111,,MOCK,1
WCH2011-100m-M-R1-H1,WCH,2011,100m,M,R1,1,0.096,DQ TR16.8,MOCK,1
WCH2011-100m-M-R1-H1,WCH,2011,100m,M,R1,1,0.128,,MOCK,1
WCH2011-100m-M-R1-H1,WCH,2011,100m,M,R1,1,0.135,,MOCK,1
WCH2011-100m-M-R1-H1,WCH,2011,100m,M,R1,1,0.09,DQ TR16.8,MOCK,1
WCH2011-100m-M-R1-H1,WCH,2011,100m,M,R1,1,0.116,,MOCK,1
WCH2011-100m-M-R1-H1,WCH,2011,100m,M,R1,1,0.135,,MOCK,1
WCH2011-100m-M-R1-H1,WCH,2011,100m,M,R1,1,0.112,,MOCK,1
WCH2011-100m-M-R1-H2,WCH,2011,100m,M,R1,2,0.135,,MOCK,1
WCH2011-100m-M-R1-H2,WCH,2011,100m,M,R1,2,0.107,,MOCK,1
WCH2011-100m-M-R1-H2,WCH,2011,100m,M,R1,2,0.124,,MOCK,1
WCH2011-100m-M-R1-H2,WCH,2011,100m,M,R1,2,0.107,,MOCK,1
WCH2011-100m-M-R1-H2,WCH,2011,100m,M,R1,2,0.134,,MOCK,1
WCH2011-100m-M-R1-H2,WCH,2011,100m,M,R1,2,0.152,,MOCK,1
WCH2011-100m-M-R1-H2,WCH,2011,100m,M,R1,2,0.099,DQ TR16.8,MOCK,1
WCH2011-100m-M-R1-H2,WCH,2011,100m,M,R1,2,0.117,,MOCK,1
WCH2011-100m-M-R1-H3,WCH,2011,100m,M,R1,3,0.117,,MOCK,1
WCH2011-100m-M-R1-H3,WCH,2011,100m,M,R1,3,0.131,,MOCK,1
WCH2011-100m-M-R1-H3,WCH,2011,100m,M,R1,3,0.111,,MOCK,1
WCH2011-100m-M-R1-H3,WCH,2011,100m,M,R1,3,0.097,DQ TR16.8,MOCK,1
WCH2011-100m-M-R1-H3,WCH,2011,100m,M,R1,3,0.118,,MOCK,1
WCH2011-100m-M-R1-H3,WCH,2011,100m,M,R1,3,0.139,,MOCK,1
WCH2011-100m-M-R1-H3,WCH,2011,100m,M,R1,3,0.122,,MOCK,1
WCH2011-100m-M-R1-H4,WCH,2011,100m,M,R1,4,0.145,,MOCK,1
WCH2011-100m-M-R1-H4,WCH,2011,100m,M,R1,4,0.141,,MOCK,1
WCH2011-100m-M-R1-H4,WCH,2011,100m,M,R1,4,0.124,,MOCK,1
WCH2011-100m-M-R1-H4,WCH,2011,100m,M,R1,4,0.127,,MOCK,1
WCH2011-100m-M-R1-H4,WCH,2011,100m,M,R1,4,0.12,,MOCK,1
WCH2011-100m-M-R1-H4,WCH,2011,100m,M,R1,4,0.151,,MOCK,1
WCH2011-100m-M-R1-H4,WCH,2011,100m,M,R1,4,0.109,,MOCK,1
WCH2011-100m-M-R1-H4,WCH,2011,100m,M,R1,4,0.146,,MOCK,1
WCH2011-100m-M-R1-H5,WCH,2011,100m,M,R1,5,0.103,,MOCK,1
WCH2011-100m-M-R1-H5,WCH,2011,100m,M,R1,5,0.123,,MOCK,1
WCH2011-100m-M-R1-H5,WCH,2011,100m,M,R1,5,0.116,,MOCK,1
WCH2011-100m-M-R1-H5,WCH,2011,100m,M,R1,5,0.117,,MOCK,1
WCH2011-100m-M-R1-H5,WCH,2011,100m,M,R1,5,0.109,,MOCK,1
WCH2011-100m-M-R1-H5,WCH,2011,100m,M,R1,5,0.135,,MOCK,1
WCH2011-100m-M-R1-H5,WCH,2011,100m,M,R1,5,0.121,,MOCK,1
WCH2011-100m-M-R1-H5,WCH,2011,100m,M,R1,5,0.148,,MOCK,1
WCH2011-100m-M-R1-H6,WCH,2011,100m,M,R1,6,0.089,DQ TR16.8,MOCK,1
WCH2011-100m-M-R1-H6,WCH,2011,100m,M,R1,6,0.125,,MOCK,1
WCH2011-100m-M-R1-H6,WCH,2011,100m,M,R1,6,0.14,,MOCK,1
WCH2011-100m-M-R1-H6,WCH,2011,100m,M,R1,6,0.12,,MOCK,1
WCH2011-100m-M-R1-H6,WCH,2011,100m,M,R1,6,0.115,,MOCK,1
WCH2011-100m-M-R1-H6,WCH,2011,100m,M,R1,6,0.129,,MOCK,1
WCH2011-100m-M-R1-H6,WCH,2011,100m,M,R1,6,0.13,,MOCK,1
WCH2011-100m-M-R1-H6,WCH,2011,100m,M,R1,6,0.128,,MOCK,1
WCH2011-100m-M-SF-H1,WCH,2011,100m,M,SF,1,0.121,,MOCK,1
WCH2011-100m-M-SF-H1,WCH,2011,100m,M,SF,1,0.15,,MOCK,1
WCH2011-100m-M-SF-H1,WCH,2011,100m,M,SF,1,0.096,DQ TR16.8,MOCK,1
WCH2011-100m-M-SF-H1,WCH,2011,100m,M,SF,1,0.159,,MOCK,1
WCH2011-100m-M-SF-H1,WCH,2011,100m,M,SF,1,0.094,DQ TR16.8,MOCK,1
WCH2011-100m-M-SF-H1,WCH,2011,100m,M,SF,1,0.121,,MOCK,1
WCH2011-100m-M-SF-H1,WCH,2011,100m,M,SF,1,0.129,,MOCK,1
WCH2011-100m-M-SF-H1,WCH,2011,100m,M,SF,1,0.132,,MOCK,1
WCH2011-100m-M-SF-H2,WCH,2011,100m,M,SF,2,0.107,,MOCK,1
WCH2011-100m-M-SF-H2,WCH,2011,100m,M,SF,2,0.124,,MOCK,1
WCH2011-100m-M-SF-H2,WCH,2011,100m,M,SF,2,0.119,,MOCK,1
WCH2011-100m-M-SF-H2,WCH,2011,100m,M,SF,2,0.104,,MOCK,1
WCH2011-100m-M-SF-H2,WCH,2011,100m,M,SF,2,0.105,,MOCK,1
WCH2011-100m-M-SF-H2,WCH,2011,100m,M,SF,2,0.142,,MOCK,1
WCH2011-100m-M-SF-H2,WCH,2011,100m,M,SF,2,0.144,,MOCK,1
WCH2011-100m-M-SF-H2,WCH,2011,100m,M,SF,2,0.131,,MOCK,1
WCH2011-100m-M-SF-H3,WCH,2011,100m,M,SF,3,0.131,,MOCK,1
WCH2011-100m-M-SF-H3,WCH,2011,100m,M,SF,3,0.141,,MOCK,1
WCH2011-100m-M-SF-H3,WCH,2011,100m,M,SF,3,0.113,,MOCK,1
WCH2011-100m-M-SF-H3,WCH,2011,100m,M,SF,3,0.153,,MOCK,1
WCH2011-100m-M-SF-H3,WCH,2011,100m,M,SF,3,0.13,,MOCK,1
WCH2011-100m-M-SF-H3,WCH,2011,100m,M,SF,3,0.153,,MOCK,1
WCH2011-100m-M-SF-H3,WCH,2011,100m,M,SF,3,0.103,,MOCK,1
WCH2011-100m-M-SF-H3,WCH,2011,100m,M,SF,3,0.112,,MOCK,1
WCH2011-100m-M-F-H1,WCH,2011,100m,M,F,1,0.126,,MOCK,1
WCH2011-100m-M-F-H1,WCH,2011,100m,M,F,1,0.127,,MOCK,1
WCH2011-100m-M-F-H1,WCH,2011,100m,M,F,1,0.116,,MOCK,1
WCH2011-100m-M-F-H1,WCH,2011,100m,M,F,1,0.128,,MOCK,1
WCH2011-100m-M-F-H1,WCH,2011,100m,M,F,1,0.121,,MOCK,1
WCH2011-100m-M-F-H1,WCH,2011,100m,M,F,1,0.129,,MOCK,1
WCH2011-100m-M-F-H1,WCH,2011,100m,M,F,1,0.128,,MOCK,1
WCH2011-100m-M-F-H1,WCH,2011,100m,M,F,1,0.134,,MOCK,1
WCH2011-200m-M-R1-H1,WCH,2011,200m,M,R1,1,0.139,,MOCK,1
WCH2011-200m-M-R1-H1,WCH,2011,200m,M,R1,1,0.116,,MOCK,1
WCH2011-200m-M-R1-H1,WCH,2011,200m,M,R1,1,0.114,,MOCK,1
WCH2011-200m-M-R1-H1,WCH,2011,200m,M,R1,1,0.111,,MOCK,1
WCH2011-200m-M-R1-H1,WCH,2011,200m,M,R1,1,0.134,,MOCK,1
WCH2011-200m-M-R1-H1,WCH,2011,200m,M,R1,1,0.145,,MOCK,1
WCH2011-200m-M-R1-H1,WCH,2011,200m,M,R1,1,0.126,,MOCK,1
WCH2011-200m-M-R1-H2,WCH,2011,200m,M,R1,2,0.112,,MOCK,1
WCH2011-200m-M-R1-H2,WCH,2011,200m,M,R1,2,0.121,,MOCK,1
WCH2011-200m-M-R1-H2,WCH,2011,200m,M,R1,2,0.143,,MOCK,1
WCH2011-200m-M-R1-H2,WCH,2011,200m,M,R1,2,0.114,,MOCK,1
WCH2011-200m-M-R1-H2,WCH,2011,200m,M,R1,2,0.114,,MOCK,1
WCH2011-200m-M-R1-H2,WCH,2011,200m,M,R1,2,0.098,DQ TR16.8,MOCK,1
WCH2011-200m-M-R1-H2,WCH,2011,200m,M,R1,2,0.125,,MOCK,1
WCH2011-200m-M-R1-H2,WCH,2011,200m,M,R1,2,0.147,,MOCK,1
WCH2011-200m-M-R1-H3,WCH,2011,200m,M,R1,3,0.125,,MOCK,1
WCH2011-200m-M-R1-H3,WCH,2011,200m,M,R1,3,0.121,,MOCK,1
WCH2011-200m-M-R1-H3,WCH,2011,200m,M,R1,3,0.108,,MOCK,1
WCH2011-200m-M-R1-H3,WCH,2011,200m,M,R1,3,0.128,,MOCK,1
WCH2011-200m-M-R1-H3,WCH,2011,200m,M,R1,3,0.133,,MOCK,1
WCH2011-200m-M-R1-H3,WCH,2011,200m,M,R1,3,0.122,,MOCK,1
WCH2011-200m-M-R1-H3,WCH,2011,200m,M,R1,3,0.134,,MOCK,1
WCH2011-200m-M-R1-H3,WCH,2011,200m,M,R1,3,0.115,,MOCK,1
WCH2011-200m-M-R1-H4,WCH,2011,200m,M,R1,4,0.13,,MOCK,1
WCH2011-200m-M-R1-H4,WCH,2011,200m,M,R1,4,0.15,,MOCK,1
WCH2011-200m-M-R1-H4,WCH,2011,200m,M,R1,4,0.108,,MOCK,1
WCH2011-200m-M-R1-H4,WCH,2011,200m,M,R1,4,0.138,,MOCK,1
WCH2011-200m-M-R1-H4,WCH,2011,200m,M,R1,4,0.117,,MOCK,1
WCH2011-200m-M-R1-H4,WCH,2011,200m,M,R1,4,0.148,,MOCK,1
WCH2011-200m-M-R1-H4,WCH,2011,200m,M,R1,4,0.102,,MOCK,1
WCH2011-200m-M-R1-H5,WCH,2011,200m,M,R1,5,0.115,,MOCK,1
WCH2011-200m-M-R1-H5,WCH,2011,200m,M,R1,5,0.114,,MOCK,1
WCH2011-200m-M-R1-H5,WCH,2011,200m,M,R1,5,0.11,,MOCK,1
WCH2011-200m-M-R1-H5,WCH,2011,200m,M,R1,5,0.147,,MOCK,1
WCH2011-200m-M-R1-H5,WCH,2011,200m,M,R1,5,0.1,DQ TR16.8,MOCK,1
WCH2011-200m-M-R1-H5,WCH,2011,200m,M,R1,5,0.12,,MOCK,1
WCH2011-200m-M-R1-H5,WCH,2011,200m,M,R1,5,0.119,,MOCK,1
WCH2011-200m-M-R1-H5,WCH,2011,200m,M,R1,5,0.154,,MOCK,1
WCH2011-200m-M-R1-H6,WCH,2011,200m,M,R1,6,0.175,,MOCK,1
WCH2011-200m-M-R1-H6,WCH,2011,200m,M,R1,6,0.144,,MOCK,1
WCH2011-200m-M-R1-H6,WCH,2011,200m,M,R1,6,0.211,,MOCK,1
WCH2011-200m-M-R1-H6,WCH,2011,200m,M,R1,6,0.143,,MOCK,1
WCH2011-200m-M-R1-H6,WCH,2011,200m,M,R1,6,0.134,,MOCK,1
WCH2011-200m-M-R1-H6,WCH,2011,200m,M,R1,6,0.155,,MOCK,1
WCH2011-200m-M-R1-H6,WCH,2011,200m,M,R1,6,0.143,,MOCK,1
WCH2011-200m-M-R1-H6,WCH,2011,200m,M,R1,6,0.139,,MOCK,1
WCH2011-200m-M-SF-H1,WCH,2011,200m,M,SF,1,0.13,,MOCK,1
WCH2011-200m-M-SF-H1,WCH,2011,200m,M,SF,1,0.114,,MOCK,1
WCH2011-200m-M-SF-H1,WCH,2011,200m,M,SF,1,0.14,,MOCK,1
WCH2011-200m-M-SF-H1,WCH,2011,200m,M,SF,1,0.128,,MOCK,1
WCH2011-200m-M-SF-H1,WCH,2011,200m,M,SF,1,0.129,,MOCK,1
WCH2011-200m-M-SF-H1,WCH,2011,200m,M,SF,1,0.134,,MOCK,1
WCH2011-200m-M-SF-H1,WCH,2011,200m,M,SF,1,0.133,,MOCK,1
WCH2011-200m-M-SF-H1,WCH,2011,200m,M,SF,1,0.117,,MOCK,1
WCH2011-200m-M-SF-H2,WCH,2011,200m,M,SF,2,0.128,,MOCK,1
WCH2011-200m-M-SF-H2,WCH,2011,200m,M,SF,2,0.116,,MOCK,1
WCH2011-200m-M-SF-H2,WCH,2011,200m,M,SF,2,0.116,,MOCK,1
WCH2011-200m-M-SF-H2,WCH,2011,200m,M,SF,2,0.111,,MOCK,1
WCH2011-200m-M-SF-H2,WCH,2011,200m,M,SF,2,0.155,,MOCK,1
WCH2011-200m-M-SF-H2,WCH,2011,200m,M,SF,2,0.141,,MOCK,1
WCH2011-200m-M-SF-H2,WCH,2011,200m,M,SF,2,0.093,DQ TR16.8,MOCK,1
WCH2011-200m-M-SF-H2,WCH,2011,200m,M,SF,2,0.157,,MOCK,1
WCH2011-200m-M-SF-H3,WCH,2011,200m,M,SF,3,0.13,,MOCK,1
WCH2011-200m-M-SF-H3,WCH,2011,200m,M,SF,3,0.114,,MOCK,1
WCH2011-200m-M-SF-H3,WCH,2011,200m,M,SF,3,0.104,,MOCK,1
WCH2011-200m-M-SF-H3,WCH,2011,200m,M,SF,3,0.093,DQ TR16.8,MOCK,1
WCH2011-200m-M-SF-H3,WCH,2011,200m,M,SF,3,0.146,,MOCK,1
WCH2011-200m-M-SF-H3,WCH,2011,200m,M,SF,3,0.151,,MOCK,1
WCH2011-200m-M-SF-H3,WCH,2011,200m,M,SF,3,0.112,,MOCK,1
WCH2011-200m-M-SF-H3,WCH,2011,200m,M,SF,3,0.135,,MOCK,1
WCH2011-200m-M-F-H1,WCH,2011,200m,M,F,1,0.106,,MOCK,1
WCH2011-200m-M-F-H1,WCH,2011,200m,M,F,1,0.123,,MOCK,1
WCH2011-200m-M-F-H1,WCH,2011,200m,M,F,1,0.099,DQ TR16.8,MOCK,1
WCH2011-200m-M-F-H1,WCH,2011,200m,M,F,1,0.135,,MOCK,1
WCH2011-200m-M-F-H1,WCH,2011,200m,M,F,1,0.114,,MOCK,1
WCH2011-200m-M-F-H1,WCH,2011,200m,M,F,1,0.141,,MOCK,1
WCH2011-200m-M-F-H1,WCH,2011,200m,M,F,1,0.125,,MOCK,1
WCH2011-200m-M-F-H1,WCH,2011,200m,M,F,1,0.095,DQ TR16.8,MOCK,1
WCH2011-110mH-M-R1-H1,WCH,2011,110mH,M,R1,1,0.134,,MOCK,1
WCH2011-110mH-M-R1-H1,WCH,2011,110mH,M,R1,1,0.113,,MOCK,1
WCH2011-110mH-M-R1-H1,WCH,2011,110mH,M,R1,1,0.132,,MOCK,1
WCH2011-110mH-M-R1-H1,WCH,2011,110mH,M,R1,1,0.136,,MOCK,1
WCH2011-110mH-M-R1-H1,WCH,2011,110mH,M,R1,1,0.139,,MOCK,1
WCH2011-110mH-M-R1-H1,WCH,2011,110mH,M,R1,1,0.138,,MOCK,1
WCH2011-110mH-M-R1-H1,WCH,2011,110mH,M,R1,1,0.133,,MOCK,1
WCH2011-110mH-M-R1-H1,WCH,2011,110mH,M,R1,1,0.148,,MOCK,1
WCH2011-110mH-M-R1-H2,WCH,2011,110mH,M,R1,2,0.138,,MOCK,1
WCH2011-110mH-M-R1-H2,WCH,2011,110mH,M,R1,2,0.127,,MOCK,1
WCH2011-110mH-M-R1-H2,WCH,2011,110mH,M,R1,2,0.12,,MOCK,1
WCH2011-110mH-M-R1-H2,WCH,2011,110mH,M,R1,2,0.122,,MOCK,1
WCH2011-110mH-M-R1-H2,WCH,2011,110mH,M,R1,2,0.121,,MOCK,1
WCH2011-110mH-M-R1-H2,WCH,2011,110mH,M,R1,2,0.103,,MOCK,1
WCH2011-110mH-M-R1-H2,WCH,2011,110mH,M,R1,2,0.137,,MOCK,1
WCH2011-110mH-M-R1-H2,WCH,2011,110mH,M,R1,2,0.132,,MOCK,1
WCH2011-110mH-M-R1-H3,WCH,2011,110mH,M,R1,3,0.153,,MOCK,1
WCH2011-110mH-M-R1-H3,WCH,2011,110mH,M,R1,3,0.142,,MOCK,1
WCH2011-110mH-M-R1-H3,WCH,2011,110mH,M,R1,3,0.127,,MOCK,1
WCH2011-110mH-M-R1-H3,WCH,2011,110mH,M,R1,3,0.117,,MOCK,1
WCH2011-110mH-M-R1-H3,WCH,2011,110mH,M,R1,3,0.136,,MOCK,1
WCH2011-110mH-M-R1-H3,WCH,2011,110mH,M,R1,3,0.148,,MOCK,1
WCH2011-110mH-M-R1-H3,WCH,2011,110mH,M,R1,3,0.154,,MOCK,1
WCH2011-110mH-M-R1-H3,WCH,2011,110mH,M,R1,3,0.137,,MOCK,1
WCH2011-110mH-M-R1-H4,WCH,2011,110mH,M,R1,4,0.112,,MOCK,1
WCH2011-110mH-M-R1-H4,WCH,2011,110mH,M,R1,4,0.177,,MOCK,1
WCH2011-110mH-M-R1-H4,WCH,2011,110mH,M,R1,4,0.146,,MOCK,1
WCH2011-110mH-M-R1-H4,WCH,2011,110mH,M,R1,4,0.144,,MOCK,1
WCH2011-110mH-M-R1-H4,WCH,2011,110mH,M,R1,4,0.141,,MOCK,1
WCH2011-110mH-M-R1-H4,WCH,2011,110mH,M,R1,4,0.138,,MOCK,1
WCH2011-110mH-M-R1-H4,WCH,2011,110mH,M,R1,4,0.163,,MOCK,1
WCH2011-110mH-M-R1-H4,WCH,2011,110mH,M,R1,4,0.121,,MOCK,1
WCH2011-110mH-M-R1-H5,WCH,2011,110mH,M,R1,5,0.147,,MOCK,1
WCH2011-110mH-M-R1-H5,WCH,2011,110mH,M,R1,5,0.114,,MOCK,1
WCH2011-110mH-M-R1-H5,WCH,2011,110mH,M,R1,5,0.145,,MOCK,1
WCH2011-110mH-M-R1-H5,WCH,2011,110mH,M,R1,5,0.105,,MOCK,1
WCH2011-110mH-M-R1-H5,WCH,2011,110mH,M,R1,5,0.129,,MOCK,1
WCH2011-110mH-M-R1-H5,WCH,2011,110mH,M,R1,5,0.128,,MOCK,1
WCH2011-110mH-M-R1-H5,WCH,2011,110mH,M,R1,5,0.137,,MOCK,1
WCH2011-110mH-M-R1-H5,WCH,2011,110mH,M,R1,5,0.163,,MOCK,1
WCH2011-110mH-M-R1-H6,WCH,2011,110mH,M,R1,6,0.172,,MOCK,1
WCH2011-110mH-M-R1-H6,WCH,2011,110mH,M,R1,6,0.133,,MOCK,1
WCH2011-110mH-M-R1-H6,WCH,2011,110mH,M,R1,6,0.122,,MOCK,1
WCH2011-110mH-M-R1-H6,WCH,2011,110mH,M,R1,6,0.151,,MOCK,1
WCH2011-110mH-M-R1-H6,WCH,2011,110mH,M,R1,6,0.1,DQ TR16.8,MOCK,1
WCH2011-110mH-M-R1-H6,WCH,2011,110mH,M,R1,6,0.098,DQ TR16.8,MOCK,1
WCH2011-110mH-M-R1-H6,WCH,2011,110mH,M,R1,6,0.123,,MOCK,1
WCH2011-110mH-M-R1-H6,WCH,2011,110mH,M,R1,6,0.165,,MOCK,1
WCH2011-110mH-M-SF-H1,WCH,2011,110mH,M,SF,1,0.106,,MOCK,1
WCH2011-110mH-M-SF-H1,WCH,2011,110mH,M,SF,1,0.129,,MOCK,1
WCH2011-110mH-M-SF-H1,WCH,2011,110mH,M,SF,1,0.156,,MOCK,1
WCH2011-110mH-M-SF-H1,WCH,2011,110mH,M,SF,1,0.105,,MOCK,1
WCH2011-110mH-M-SF-H1,WCH,2011,110mH,M,SF,1,0.133,,MOCK,1
WCH2011-110mH-M-SF-H1,WCH,2011,110mH,M,SF,1,0.129,,MOCK,1
WCH2011-110mH-M-SF-H1,WCH,2011,110mH,M,SF,1,0.133,,MOCK,1
WCH2011-110mH-M-SF-H1,WCH,2011,110mH,M,SF,1,0.108,,MOCK,1
WCH2011-110mH-M-SF-H2,WCH,2011,110mH,M,SF,2,0.126,,MOCK,1
WCH2011-110mH-M-SF-H2,WCH,2011,110mH,M,SF,2,0.12,,MOCK,1
WCH2011-110mH-M-SF-H2,WCH,2011,110mH,M,SF,2,0.145,,MOCK,1
WCH2011-110mH-M-SF-H2,WCH,2011,110mH,M,SF,2,0.16,,MOCK,1
WCH2011-110mH-M-SF-H2,WCH,2011,110mH,M,SF,2,0.14,,MOCK,1
WCH2011-110mH-M-SF-H2,WCH,2011,110mH,M,SF,2,0.127,,MOCK,1
WCH2011-110mH-M-SF-H2,WCH,2011,110mH,M,SF,2,0.171,,MOCK,1
WCH2011-110mH-M-SF-H2,WCH,2011,110mH,M,SF,2,0.15,,MOCK,1
WCH2011-110mH-M-SF-H3,WCH,2011,110mH,M,SF,3,0.155,,MOCK,1
WCH2011-110mH-M-SF-H3,WCH,2011,110mH,M,SF,3,0.136,,MOCK,1
WCH2011-110mH-M-SF-H3,WCH,2011,110mH,M,SF,3,0.118,,MOCK,1
WCH2011-110mH-M-SF-H3,WCH,2011,110mH,M,SF,3,0.138,,MOCK,1
WCH2011-110mH-M-SF-H3,WCH,2011,110mH,M,SF,3,0.12,,MOCK,1
WCH2011-110mH-M-SF-H3,WCH,2011,110mH,M,SF,3,0.128,,MOCK,1
WCH2011-110mH-M-SF-H3,WCH,2011,110mH,M,SF,3,0.121,,MOCK,1
WCH2011-110mH-M-SF-H3,WCH,2011,110mH,M,SF,3,0.126,,MOCK,1
WCH2011-110mH-M-F-H1,WCH,2011,110mH,M,F,1,0.14,,MOCK,1
WCH2011-110mH-M-F-H1,WCH,2011,110mH,M,F,1,0.11,,MOCK,1
WCH2011-110mH-M-F-H1,WCH,2011,110mH,M,F,1,0.116,,MOCK,1
WCH2011-110mH-M-F-H1,WCH,2011,110mH,M,F,1,0.115,,MOCK,1
WCH2011-110mH-M-F-H1,WCH,2011,110mH,M,F,1,0.125,,MOCK,1
WCH2011-110mH-M-F-H1,WCH,2011,110mH,M,F,1,0.136,,MOCK,1
WCH2011-110mH-M-F-H1,WCH,2011,110mH,M,F,1,0.123,,MOCK,1
WCH2011-110mH-M-F-H1,WCH,2011,110mH,M,F,1,0.107,,MOCK,1
WCH2011-100m-W-R1-H1,WCH,2011,100m,W,R1,1,0.145,,MOCK,1
WCH2011-100m-W-R1-H1,WCH,2011,100m,W,R1,1,0.149,,MOCK,1
WCH2011-100m-W-R1-H1,WCH,2011,100m,W,R1,1,0.122,,MOCK,1
WCH2011-100m-W-R1-H1,WCH,2011,100m,W,R1,1,0.126,,MOCK,1
WCH2011-100m-W-R1-H1,WCH,2011,100m,W,R1,1,0.151,,MOCK,1
WCH2011-100m-W-R1-H1,WCH,2011,100m,W,R1,1,0.149,,MOCK,1
WCH2011-100m-W-R1-H1,WCH,2011,100m,W,R1,1,0.13,,MOCK,1
WCH2011-100m-W-R1-H2,WCH,2011,100m,W,R1,2,0.142,,MOCK,1
WCH2011-100m-W-R1-H2,WCH,2011,100m,W,R1,2,0.118,,MOCK,1
WCH2011-100m-W-R1-H2,WCH,2011,100m,W,R1,2,0.115,,MOCK,1
WCH2011-100m-W-R1-H2,WCH,2011,100m,W,R1,2,0.13,,MOCK,1
WCH2011-100m-W-R1-H2,WCH,2011,100m,W,R1,2,0.092,DQ TR16.8,MOCK,1
WCH2011-100m-W-R1-H2,WCH,2011,100m,W,R1,2,0.115,,MOCK,1
WCH2011-100m-W-R1-H2,WCH,2011,100m,W,R1,2,0.144,,MOCK,1
WCH2011-100m-W-R1-H2,WCH,2011,100m,W,R1,2,0.099,DQ TR16.8,MOCK,1
WCH2011-100m-W-R1-H3,WCH,2011,100m,W,R1,3,0.154,,MOCK,1
WCH2011-100m-W-R1-H3,WCH,2011,100m,W,R1,3,0.109,,MOCK,1
WCH2011-100m-W-R1-H3,WCH,2011,100m,W,R1,3,0.128,,MOCK,1
WCH2011-100m-W-R1-H3,WCH,2011,100m,W,R1,3,0.145,,MOCK,1
WCH2011-100m-W-R1-H3,WCH,2011,100m,W,R1,3,0.12,,MOCK,1
WCH2011-100m-W-R1-H3,WCH,2011,100m,W,R1,3,0.135,,MOCK,1
WCH2011-100m-W-R1-H3,WCH,2011,100m,W,R1,3,0.152,,MOCK,1
WCH2011-100m-W-R1-H3,WCH,2011,100m,W,R1,3,0.115,,MOCK,1
WCH2011-100m-W-R1-H4,WCH,2011,100m,W,R1,4,0.105,,MOCK,1
WCH2011-100m-W-R1-H4,WCH,2011,100m,W,R1,4,0.124,,MOCK,1
WCH2011-100m-W-R1-H4,WCH,2011,100m,W,R1,4,0.156,,MOCK,1
WCH2011-100m-W-R1-H4,WCH,2011,100m,W,R1,4,0.141,,MOCK,1
WCH2011-100m-W-R1-H4,WCH,2011,100m,W,R1,4,0.123,,MOCK,1
WCH2011-100m-W-R1-H4,WCH,2011,100m,W,R1,4,0.149,,MOCK,1
WCH2011-100m-W-R1-H4,WCH,2011,100m,W,R1,4,0.132,,MOCK,1
WCH2011-100m-W-R1-H5,WCH,2011,100m,W,R1,5,0.136,,MOCK,1
WCH2011-100m-W-R1-H5,WCH,2011,100m,W,R1,5,0.104,,MOCK,1
WCH2011-100m-W-R1-H5,WCH,2011,100m,W,R1,5,0.134,,MOCK,1
WCH2011-100m-W-R1-H5,WCH,2011,100m,W,R1,5,0.054,DQ TR16.8,MOCK,1
WCH2011-100m-W-R1-H5,WCH,2011,100m,W,R1,5,0.128,,MOCK,1
WCH2011-100m-W-R1-H5,WCH,2011,100m,W,R1,5,0.146,,MOCK,1
WCH2011-100m-W-R1-H5,WCH,2011,100m,W,R1,5,0.152,,MOCK,1
WCH2011-100m-W-R1-H6,WCH,2011,100m,W,R1,6,0.142,,MOCK,1
WCH2011-100m-W-R1-H6,WCH,2011,100m,W,R1,6,0.144,,MOCK,1
WCH2011-100m-W-R1-H6,WCH,2011,100m,W,R1,6,0.152,,MOCK,1
WCH2011-100m-W-R1-H6,WCH,2011,100m,W,R1,6,0.14,,MOCK,1
WCH2011-100m-W-R1-H6,WCH,2011,100m,W,R1,6,0.145,,MOCK,1
WCH2011-100m-W-R1-H6,WCH,2011,100m,W,R1,6,0.103,,MOCK,1
WCH2011-100m-W-R1-H6,WCH,2011,100m,W,R1,6,0.134,,MOCK,1
WCH2011-100m-W-SF-H1,WCH,2011,100m,W,SF,1,0.116,,MOCK,1
WCH2011-100m-W-SF-H1,WCH,2011,100m,W,SF,1,0.106,,MOCK,1
WCH2011-100m-W-SF-H1,WCH,2011,100m,W,SF,1,0.101,,MOCK,1
WCH2011-100m-W-SF-H1,WCH,2011,100m,W,SF,1,0.118,,MOCK,1
WCH2011-100m-W-SF-H1,WCH,2011,100m,W,SF,1,0.127,,MOCK,1
WCH2011-100m-W-SF-H1,WCH,2011,100m,W,SF,1,0.146,,MOCK,1
WCH2011-100m-W-SF-H1,WCH,2011,100m,W,SF,1,0.119,,MOCK,1
WCH2011-100m-W-SF-H1,WCH,2011,100m,W,SF,1,0.098,DQ TR16.8,MOCK,1
WCH2011-100m-W-SF-H2,WCH,2011,100m,W,SF,2,0.125,,MOCK,1
WCH2011-100m-W-SF-H2,WCH,2011,100m,W,SF,2,0.151,,MOCK,1
WCH2011-100m-W-SF-H2,WCH,2011,100m,W,SF,2,0.104,,MOCK,1
WCH2011-100m-W-SF-H2,WCH,2011,100m,W,SF,2,0.122,,MOCK,1
WCH2011-100m-W-SF-H2,WCH,2011,100m,W,SF,2,0.116,,MOCK,1
WCH2011-100m-W-SF-H2,WCH,2011,100m,W,SF,2,0.127,,MOCK,1
WCH2011-100m-W-SF-H2,WCH,2011,100m,W,SF,2,0.097,DQ TR16.8,MOCK,1
WCH2011-100m-W-SF-H2,WCH,2011,100m,W,SF,2,0.13,,MOCK,1
WCH2011-100m-W-SF-H3,WCH,2011,100m,W,SF,3,0.126,,MOCK,1
WCH2011-100m-W-SF-H3,WCH,2011,100m,W,SF,3,0.096,DQ TR16.8,MOCK,1
WCH2011-100m-W-SF-H3,WCH,2011,100m,W,SF,3,0.16,,MOCK,1
WCH2011-100m-W-SF-H3,WCH,2011,100m,W,SF,3,0.113,,MOCK,1
WCH2011-100m-W-SF-H3,WCH,2011,100m,W,SF,3,0.129,,MOCK,1
WCH2011-100m-W-SF-H3,WCH,2011,100m,W,SF,3,0.128,,MOCK,1
WCH2011-100m-W-SF-H3,WCH,2011,100m,W,SF,3,0.12,,MOCK,1
WCH2011-100m-W-SF-H3,WCH,2011,100m,W,SF,3,0.113,,MOCK,1
WCH2011-100m-W-F-H1,WCH,2011,100m,W,F,1,0.12,,MOCK,1
WCH2011-100m-W-F-H1,WCH,2011,100m,W,F,1,0.106,,MOCK,1
WCH2011-100m-W-F-H1,WCH,2011,100m,W,F,1,0.098,DQ TR16.8,MOCK,1
WCH2011-100m-W-F-H1,WCH,2011,100m,W,F,1,0.155,,MOCK,1
WCH2011-100m-W-F-H1,WCH,2011,100m,W,F,1,0.124,,MOCK,1
WCH2011-100m-W-F-H1,WCH,2011,100m,W,F,1,0.107,,MOCK,1
WCH2011-100m-W-F-H1,WCH,2011,100m,W,F,1,0.093,DQ TR16.8,MOCK,1
WCH2011-100m-W-F-H1,WCH,2011,100m,W,F,1,0.129,,MOCK,1
WCH2011-200m-W-R1-H1,WCH,2011,200m,W,R1,1,0.133,,MOCK,1
WCH2011-200m-W-R1-H1,WCH,2011,200m,W,R1,1,0.164,,MOCK,1
WCH2011-200m-W-R1-H1,WCH,2011,200m,W,R1,1,0.12,,MOCK,1
WCH2011-200m-W-R1-H1,WCH,2011,200m,W,R1,1,0.101,,MOCK,1
WCH2011-200m-W-R1-H1,WCH,2011,200m,W,R1,1,0.152,,MOCK,1
WCH2011-200m-W-R1-H1,WCH,2011,200m,W,R1,1,0.103,,MOCK,1
WCH2011-200m-W-R1-H1,WCH,2011,200m,W,R1,1,0.144,,MOCK,1
WCH2011-200m-W-R1-H1,WCH,2011,200m,W,R1,1,0.12,,MOCK,1
WCH2011-200m-W-R1-H2,WCH,2011,200m,W,R1,2,0.148,,MOCK,1
WCH2011-200m-W-R1-H2,WCH,2011,200m,W,R1,2,0.125,,MOCK,1
WCH2011-200m-W-R1-H2,WCH,2011,200m,W,R1,2,0.124,,MOCK,1
WCH2011-200m-W-R1-H2,WCH,2011,200m,W,R1,2,0.138,,MOCK,1
WCH2011-200m-W-R1-H2,WCH,2011,200m,W,R1,2,0.131,,MOCK,1
WCH2011-200m-W-R1-H2,WCH,2011,200m,W,R1,2,0.103,,MOCK,1
WCH2011-200m-W-R1-H2,WCH,2011,200m,W,R1,2,0.122,,MOCK,1
WCH2011-200m-W-R1-H2,WCH,2011,200m,W,R1,2,0.144,,MOCK,1
WCH2011-200m-W-R1-H3,WCH,2011,200m,W,R1,3,0.158,,MOCK,1
WCH2011-200m-W-R1-H3,WCH,2011,200m,W,R1,3,0.138,,MOCK,1
WCH2011-200m-W-R1-H3,WCH,2011,200m,W,R1,3,0.119,,MOCK,1
WCH2011-200m-W-R1-H3,WCH,2011,200m,W,R1,3,0.182,,MOCK,1
WCH2011-200m-W-R1-H3,WCH,2011,200m,W,R1,3,0.152,,MOCK,1
WCH2011-200m-W-R1-H3,WCH,2011,200m,W,R1,3,0.12,,MOCK,1
WCH2011-200m-W-R1-H3,WCH,2011,200m,W,R1,3,0.133,,MOCK,1
WCH2011-200m-W-R1-H4,WCH,2011,200m,W,R1,4,0.145,,MOCK,1
WCH2011-200m-W-R1-H4,WCH,2011,200m,W,R1,4,0.127,,MOCK,1
WCH2011-200m-W-R1-H4,WCH,2011,200m,W,R1,4,0.126,,MOCK,1
WCH2011-200m-W-R1-H4,WCH,2011,200m,W,R1,4,0.147,,MOCK,1
WCH2011-200m-W-R1-H4,WCH,2011,200m,W,R1,4,0.15,,MOCK,1
WCH2011-200m-W-R1-H4,WCH,2011,200m,W,R1,4,0.147,,MOCK,1
WCH2011-200m-W-R1-H4,WCH,2011,200m,W,R1,4,0.153,,MOCK,1
WCH2011-200m-W-R1-H4,WCH,2011,200m,W,R1,4,0.135,,MOCK,1
WCH2011-200m-W-R1-H5,WCH,2011,200m,W,R1,5,0.13,,MOCK,1
WCH2011-200m-W-R1-H5,WCH,2011,200m,W,R1,5,0.144,,MOCK,1
WCH2011-200m-W-R1-H5,WCH,2011,200m,W,R1,5,0.134,,MOCK,1
WCH2011-200m-W-R1-H5,WCH,2011,200m,W,R1,5,0.16,,MOCK,1
WCH2011-200m-W-R1-H5,WCH,2011,200m,W,R1,5,0.143,,MOCK,1
WCH2011-200m-W-R1-H5,WCH,2011,200m,W,R1,5,0.135,,MOCK,1
WCH2011-200m-W-R1-H5,WCH,2011,200m,W,R1,5,0.149,,MOCK,1
WCH2011-200m-W-R1-H6,WCH,2011,200m,W,R1,6,0.161,,MOCK,1
WCH2011-200m-W-R1-H6,WCH,2011,200m,W,R1,6,0.137,,MOCK,1
WCH2011-200m-W-R1-H6,WCH,2011,200m,W,R1,6,0.116,,MOCK,1
WCH2011-200m-W-R1-H6,WCH,2011,200m,W,R1,6,0.131,,MOCK,1
WCH2011-200m-W-R1-H6,WCH,2011,200m,W,R1,6,0.126,,MOCK,1
WCH2011-200m-W-R1-H6,WCH,2011,200m,W,R1,6,0.124,,MOCK,1
WCH2011-200m-W-R1-H6,WCH,2011,200m,W,R1,6,0.076,DQ TR16.8,MOCK,1
WCH2011-200m-W-R1-H6,WCH,2011,200m,W,R1,6,0.1,,MOCK,1
WCH2011-200m-W-SF-H1,WCH,2011,200m,W,SF,1,0.114,,MOCK,1
WCH2011-200m-W-SF-H1,WCH,2011,200m,W,SF,1,0.119,,MOCK,1
WCH2011-200m-W-SF-H1,WCH,2011,200m,W,SF,1,0.144,,MOCK,1
WCH2011-200m-W-SF-H1,WCH,2011,200m,W,SF,1,0.112,,MOCK,1
WCH2011-200m-W-SF-H1,WCH,2011,200m,W,SF,1,0.108,,MOCK,1
WCH2011-200m-W-SF-H1,WCH,2011,200m,W,SF,1,0.137,,MOCK,1
WCH2011-200m-W-SF-H1,WCH,2011,200m,W,SF,1,0.148,,MOCK,1
WCH2011-200m-W-SF-H1,WCH,2011,200m,W,SF,1,0.127,,MOCK,1
WCH2011-200m-W-SF-H2,WCH,2011,200m,W,SF,2,0.102,,MOCK,1
WCH2011-200m-W-SF-H2,WCH,2011,200m,W,SF,2,0.117,,MOCK,1
WCH2011-200m-W-SF-H2,WCH,2011,200m,W,SF,2,0.111,,MOCK,1
WCH2011-200m-W-SF-H2,WCH,2011,200m,W,SF,2,0.166,,MOCK,1
WCH2011-200m-W-SF-H2,WCH,2011,200m,W,SF,2,0.121,,MOCK,1
WCH2011-200m-W-SF-H2,WCH,2011,200m,W,SF,2,0.12,,MOCK,1
WCH2011-200m-W-SF-H2,WCH,2011,200m,W,SF,2,0.119,,MOCK,1
WCH2011-200m-W-SF-H2,WCH,2011,200m,W,SF,2,0.15,,MOCK,1
WCH2011-200m-W-SF-H3,WCH,2011,200m,W,SF,3,0.137,,MOCK,1
WCH2011-200m-W-SF-H3,WCH,2011,200m,W,SF,3,0.119,,MOCK,1
WCH2011-200m-W-SF-H3,WCH,2011,200m,W,SF,3,0.131,,MOCK,1
WCH2011-200m-W-SF-H3,WCH,2011,200m,W,SF,3,0.157,,MOCK,1
WCH2011-200m-W-SF-H3,WCH,2011,200m,W,SF,3,0.096,DQ TR16.8,MOCK,1
WCH2011-200m-W-SF-H3,WCH,2011,200m,W,SF,3,0.111,,MOCK,1
WCH2011-200m-W-SF-H3,WCH,2011,200m,W,SF,3,0.129,,MOCK,1
WCH2011-200m-W-SF-H3,WCH,2011,200m,W,SF,3,0.115,,MOCK,1
WCH2011-200m-W-F-H1,WCH,2011,200m,W,F,1,0.13,,MOCK,1
WCH2011-200m-W-F-H1,WCH,2011,200m,W,F,1,0.126,,MOCK,1
WCH2011-200m-W-F-H1,WCH,2011,200m,W,F,1,0.161,,MOCK,1
WCH2011-200m-W-F-H1,WCH,2011,200m,W,F,1,0.112,,MOCK,1
WCH2011-200m-W-F-H1,WCH,2011,200m,W,F,1,0.132,,MOCK,1
WCH2011-200m-W-F-H1,WCH,2011,200m,W,F,1,0.129,,MOCK,1
WCH2011-200m-W-F-H1,WCH,2011,200m,W,F,1,0.129,,MOCK,1
WCH2011-200m-W-F-H1,WCH,2011,200m,W,F,1,0.12,,MOCK,1
WCH2011-100mH-W-R1-H1,WCH,2011,100mH,W,R1,1,0.112,,MOCK,1
WCH2011-100mH-W-R1-H1,WCH,2011,100mH,W,R1,1,0.133,,MOCK,1
WCH2011-100mH-W-R1-H1,WCH,2011,100mH,W,R1,1,0.124,,MOCK,1
WCH2011-100mH-W-R1-H1,WCH,2011,100mH,W,R1,1,0.125,,MOCK,1
WCH2011-100mH-W-R1-H1,WCH,2011,100mH,W,R1,1,0.148,,MOCK,1
WCH2011-100mH-W-R1-H1,WCH,2011,100mH,W,R1,1,0.145,,MOCK,1
WCH2011-100mH-W-R1-H1,WCH,2011,100mH,W,R1,1,0.111,,MOCK,1
WCH2011-100mH-W-R1-H1,WCH,2011,100mH,W,R1,1,0.175,,MOCK,1
WCH2011-100mH-W-R1-H2,WCH,2011,100mH,W,R1,2,0.172,,MOCK,1
WCH2011-100mH-W-R1-H2,WCH,2011,100mH,W,R1,2,0.103,,MOCK,1
WCH2011-100mH-W-R1-H2,WCH,2011,100mH,W,R1,2,0.149,,MOCK,1
WCH2011-100mH-W-R1-H2,WCH,2011,100mH,W,R1,2,0.141,,MOCK,1
WCH2011-100mH-W-R1-H2,WCH,2011,100mH,W,R1,2,0.153,,MOCK,1
WCH2011-100mH-W-R1-H2,WCH,2011,100mH,W,R1,2,0.127,,MOCK,1
WCH2011-100mH-W-R1-H2,WCH,2011,100mH,W,R1,2,0.141,,MOCK,1
WCH2011-100mH-W-R1-H2,WCH,2011,100mH,W,R1,2,0.135,,MOCK,1
WCH2011-100mH-W-R1-H3,WCH,2011,100mH,W,R1,3,0.143,,MOCK,1
WCH2011-100mH-W-R1-H3,WCH,2011,100mH,W,R1,3,0.127,,MOCK,1
WCH2011-100mH-W-R1-H3,WCH,2011,100mH,W,R1,3,0.103,,MOCK,1
WCH2011-100mH-W-R1-H3,WCH,2011,100mH,W,R1,3,0.124,,MOCK,1
WCH2011-100mH-W-R1-H3,WCH,2011,100mH,W,R1,3,0.123,,MOCK,1
WCH2011-100mH-W-R1-H3,WCH,2011,100mH,W,R1,3,0.123,,MOCK,1
WCH2011-100mH-W-R1-H3,WCH,2011,100mH,W,R1,3,0.149,,MOCK,1
WCH2011-100mH-W-R1-H3,WCH,2011,100mH,W,R1,3,0.137,,MOCK,1
WCH2011-100mH-W-R1-H4,WCH,2011,100mH,W,R1,4,0.134,,MOCK,1
WCH2011-100mH-W-R1-H4,WCH,2011,100mH,W,R1,4,0.15,,MOCK,1
WCH2011-100mH-W-R1-H4,WCH,2011,100mH,W,R1,4,0.135,,MOCK,1
WCH2011-100mH-W-R1-H4,WCH,2011,100mH,W,R1,4,0.146,,MOCK,1
WCH2011-100mH-W-R1-H4,WCH,2011,100mH,W,R1,4,0.116,,MOCK,1
WCH2011-100mH-W-R1-H4,WCH,2011,100mH,W,R1,4,0.135,,MOCK,1
WCH2011-100mH-W-R1-H4,WCH,2011,100mH,W,R1,4,0.128,,MOCK,1
WCH2011-100mH-W-R1-H5,WCH,2011,100mH,W,R1,5,0.147,,MOCK,1
WCH2011-100mH-W-R1-H5,WCH,2011,100mH,W,R1,5,0.141,,MOCK,1
WCH2011-100mH-W-R1-H5,WCH,2011,100mH,W,R1,5,0.124,,MOCK,1
WCH2011-100mH-W-R1-H5,WCH,2011,100mH,W,R1,5,0.14,,MOCK,1
WCH2011-100mH-W-R1-H5,WCH,2011,100mH,W,R1,5,0.14,,MOCK,1
WCH2011-100mH-W-R1-H5,WCH,2011,100mH,W,R1,5,0.171,,MOCK,1
WCH2011-100mH-W-R1-H5,WCH,2011,100mH,W,R1,5,0.138,,MOCK,1
WCH2011-100mH-W-R1-H5,WCH,2011,100mH,W,R1,5,0.144,,MOCK,1
WCH2011-100mH-W-R1-H6,WCH,2011,100mH,W,R1,6,0.136,,MOCK,1
WCH2011-100mH-W-R1-H6,WCH,2011,100mH,W,R1,6,0.168,,MOCK,1
WCH2011-100mH-W-R1-H6,WCH,2011,100mH,W,R1,6,0.121,,MOCK,1
WCH2011-100mH-W-R1-H6,WCH,2011,100mH,W,R1,6,0.112,,MOCK,1
WCH2011-100mH-W-R1-H6,WCH,2011,100mH,W,R1,6,0.1,DQ TR16.8,MOCK,1
WCH2011-100mH-W-R1-H6,WCH,2011,100mH,W,R1,6,0.112,,MOCK,1
WCH2011-100mH-W-R1-H6,WCH,2011,100mH,W,R1,6,0.121,,MOCK,1
WCH2011-100mH-W-R1-H6,WCH,2011,100mH,W,R1,6,0.136,,MOCK,1
WCH2011-100mH-W-SF-H1,WCH,2011,100mH,W,SF,1,0.096,DQ TR16.8,MOCK,1
WCH2011-100mH-W-SF-H1,WCH,2011,100mH,W,SF,1,0.122,,MOCK,1
WCH2011-100mH-W-SF-H1,WCH,2011,100mH,W,SF,1,0.114,,MOCK,1
WCH2011-100mH-W-SF-H1,WCH,2011,100mH,W,SF,1,0.127,,MOCK,1
WCH2011-100mH-W-SF-H1,WCH,2011,100mH,W,SF,1,0.127,,MOCK,1
WCH2011-100mH-W-SF-H1,WCH,2011,100mH,W,SF,1,0.111,,MOCK,1
WCH2011-100mH-W-SF-H1,WCH,2011,100mH,W,SF,1,0.11,,MOCK,1
WCH2011-100mH-W-SF-H1,WCH,2011,100mH,W,SF,1,0.142,,MOCK,1
WCH2011-100mH-W-SF-H2,WCH,2011,100mH,W,SF,2,0.119,,MOCK,1
WCH2011-100mH-W-SF-H2,WCH,2011,100mH,W,SF,2,0.16,,MOCK,1
WCH2011-100mH-W-SF-H2,WCH,2011,100mH,W,SF,2,0.118,,MOCK,1
WCH2011-100mH-W-SF-H2,WCH,2011,100mH,W,SF,2,0.119,,MOCK,1
WCH2011-100mH-W-SF-H2,WCH,2011,100mH,W,SF,2,0.143,,MOCK,1
WCH2011-100mH-W-SF-H2,WCH,2011,100mH,W,SF,2,0.136,,MOCK,1
WCH2011-100mH-W-SF-H2,WCH,2011,100mH,W,SF,2,0.143,,MOCK,1
WCH2011-100mH-W-SF-H2,WCH,2011,100mH,W,SF,2,0.14,,MOCK,1
WCH2011-100mH-W-SF-H3,WCH,2011,100mH,W,SF,3,0.133,,MOCK,1
WCH2011-100mH-W-SF-H3,WCH,2011,100mH,W,SF,3,0.141,,MOCK,1
WCH2011-100mH-W-SF-H3,WCH,2011,100mH,W,SF,3,0.137,,MOCK,1
WCH2011-100mH-W-SF-H3,WCH,2011,100mH,W,SF,3,0.136,,MOCK,1
WCH2011-100mH-W-SF-H3,WCH,2011,100mH,W,SF,3,0.13,,MOCK,1
WCH2011-100mH-W-SF-H3,WCH,2011,100mH,W,SF,3,0.119,,MOCK,1
WCH2011-100mH-W-SF-H3,WCH,2011,100mH,W,SF,3,0.132,,MOCK,1
WCH2011-100mH-W-SF-H3,WCH,2011,100mH,W,SF,3,0.124,,MOCK,1
WCH2011-100mH-W-F-H1,WCH,2011,100mH,W,F,1,0.132,,MOCK,1
WCH2011-100mH-W-F-H1,WCH,2011,100mH,W,F,1,0.117,,MOCK,1
WCH2011-100mH-W-F-H1,WCH,2011,100mH,W,F,1,0.11,,MOCK,1
WCH2011-100mH-W-F-H1,WCH,2011,100mH,W,F,1,0.119,,MOCK,1
WCH2011-100mH-W-F-H1,WCH,2011,100mH,W,F,1,0.12,,MOCK,1
WCH2011-100mH-W-F-H1,WCH,2011,100mH,W,F,1,0.124,,MOCK,1
WCH2011-100mH-W-F-H1,WCH,2011,100mH,W,F,1,0.126,,MOCK,1
WCH2011-100mH-W-F-H1,WCH,2011,100mH,W,F,1,0.143,,MOCK,1
WCH2013-100m-M-R1-H1,WCH,2013,100m,M,R1,1,0.146,,MOCK,1
WCH2013-100m-M-R1-H1,WCH,2013,100m,M,R1,1,0.132,,MOCK,1
WCH2013-100m-M-R1-H1,WCH,2013,100m,M,R1,1,0.128,,MOCK,1
WCH2013-100m-M-R1-H1,WCH,2013,100m,M,R1,1,0.177,,MOCK,1
WCH2013-100m-M-R1-H1,WCH,2013,100m,M,R1,1,0.123,,MOCK,1
WCH2013-100m-M-R1-H1,WCH,2013,100m,M,R1,1,0.141,,MOCK,1
WCH2013-100m-M-R1-H1,WCH,2013,100m,M,R1,1,0.151,,MOCK,1
WCH2013-100m-M-R1-H1,WCH,2013,100m,M,R1,1,0.151,,MOCK,1
WCH2013-100m-M-R1-H2,WCH,2013,100m,M,R1,2,0.139,,MOCK,1
WCH2013-100m-M-R1-H2,WCH,2013,100m,M,R1,2,0.151,,MOCK,1
WCH2013-100m-M-R1-H2,WCH,2013,100m,M,R1,2,0.128,,MOCK,1
WCH2013-100m-M-R1-H2,WCH,2013,100m,M,R1,2,0.178,,MOCK,1
WCH2013-100m-M-R1-H2,WCH,2013,100m,M,R1,2,0.139,,MOCK,1
WCH2013-100m-M-R1-H2,WCH,2013,100m,M,R1,2,0.156,,MOCK,1
WCH2013-100m-M-R1-H2,WCH,2013,100m,M,R1,2,0.14,,MOCK,1
WCH2013-100m-M-R1-H2,WCH,2013,100m,M,R1,2,0.138,,MOCK,1
WCH2013-100m-M-R1-H3,WCH,2013,100m,M,R1,3,0.11,,MOCK,1
WCH2013-100m-M-R1-H3,WCH,2013,100m,M,R1,3,0.121,,MOCK,1
WCH2013-100m-M-R1-H3,WCH,2013,100m,M,R1,3,0.142,,MOCK,1
WCH2013-100m-M-R1-H3,WCH,2013,100m,M,R1,3,0.087,DQ TR16.8,MOCK,1
WCH2013-100m-M-R1-H3,WCH,2013,100m,M,R1,3,0.122,,MOCK,1
WCH2013-100m-M-R1-H3,WCH,2013,100m,M,R1,3,0.1,,MOCK,1
WCH2013-100m-M-R1-H3,WCH,2013,100m,M,R1,3,0.127,,MOCK,1
WCH2013-100m-M-R1-H3,WCH,2013,100m,M,R1,3,0.112,,MOCK,1
WCH2013-100m-M-R1-H4,WCH,2013,100m,M,R1,4,0.151,,MOCK,1
WCH2013-100m-M-R1-H4,WCH,2013,100m,M,R1,4,0.142,,MOCK,1
WCH2013-100m-M-R1-H4,WCH,2013,100m,M,R1,4,0.145,,MOCK,1
WCH2013-100m-M-R1-H4,WCH,2013,100m,M,R1,4,0.146,,MOCK,1
WCH2013-100m-M-R1-H4,WCH,2013,100m,M,R1,4,0.123,,MOCK,1
WCH2013-100m-M-R1-H4,WCH,2013,100m,M,R1,4,0.132,,MOCK,1
WCH2013-100m-M-R1-H4,WCH,2013,100m,M,R1,4,0.158,,MOCK,1
WCH2013-100m-M-R1-H4,WCH,2013,100m,M,R1,4,0.17,,MOCK,1
WCH2013-100m-M-R1-H5,WCH,2013,100m,M,R1,5,0.162,,MOCK,1
WCH2013-100m-M-R1-H5,WCH,2013,100m,M,R1,5,0.143,,MOCK,1
WCH2013-100m-M-R1-H5,WCH,2013,100m,M,R1,5,0.153,,MOCK,1
WCH2013-100m-M-R1-H5,WCH,2013,100m,M,R1,5,0.133,,MOCK,1
WCH2013-100m-M-R1-H5,WCH,2013,100m,M,R1,5,0.143,,MOCK,1
WCH2013-100m-M-R1-H5,WCH,2013,100m,M,R1,5,0.157,,MOCK,1
WCH2013-100m-M-R1-H5,WCH,2013,100m,M,R1,5,0.137,,MOCK,1
WCH2013-100m-M-R1-H5,WCH,2013,100m,M,R1,5,0.14,,MOCK,1
WCH2013-100m-M-R1-H6,WCH,2013,100m,M,R1,6,0.167,,MOCK,1
WCH2013-100m-M-R1-H6,WCH,2013,100m,M,R1,6,0.125,,MOCK,1
WCH2013-100m-M-R1-H6,WCH,2013,100m,M,R1,6,0.142,,MOCK,1
WCH2013-100m-M-R1-H6,WCH,2013,100m,M,R1,6,0.154,,MOCK,1
WCH2013-100m-M-R1-H6,WCH,2013,100m,M,R1,6,0.15,,MOCK,1
WCH2013-100m-M-R1-H6,WCH,2013,100m,M,R1,6,0.125,,MOCK,1
WCH2013-100m-M-R1-H6,WCH,2013,100m,M,R1,6,0.141,,MOCK,1
WCH2013-100m-M-R1-H6,WCH,2013,100m,M,R1,6,0.136,,MOCK,1
WCH2013-100m-M-SF-H1,WCH,2013,100m,M,SF,1,0.146,,MOCK,1
WCH2013-100m-M-SF-H1,WCH,2013,100m,M,SF,1,0.141,,MOCK,1
WCH2013-100m-M-SF-H1,WCH,2013,100m,M,SF,1,0.142,,MOCK,1
WCH2013-100m-M-SF-H1,WCH,2013,100m,M,SF,1,0.121,,MOCK,1
WCH2013-100m-M-SF-H1,WCH,2013,100m,M,SF,1,0.138,,MOCK,1
WCH2013-100m-M-SF-H1,WCH,2013,100m,M,SF,1,0.128,,MOCK,1
WCH2013-100m-M-SF-H1,WCH,2013,100m,M,SF,1,0.136,,MOCK,1
WCH2013-100m-M-SF-H1,WCH,2013,100m,M,SF,1,0.139,,MOCK,1
WCH2013-100m-M-SF-H2,WCH,2013,100m,M,SF,2,0.139,,MOCK,1
WCH2013-100m-M-SF-H2,WCH,2013,100m,M,SF,2,0.117,,MOCK,1
WCH2013-100m-M-SF-H2,WCH,2013,100m,M,SF,2,0.164,,MOCK,1
WCH2013-100m-M-SF-H2,WCH,2013,100m,M,SF,2,0.139,,MOCK,1
WCH2013-100m-M-SF-H2,WCH,2013,100m,M,SF,2,0.145,,MOCK,1
WCH2013-100m-M-SF-H2,WCH,2013,100m,M,SF,2,0.131,,MOCK,1
WCH2013-100m-M-SF-H2,WCH,2013,100m,M,SF,2,0.132,,MOCK,1
WCH2013-100m-M-SF-H2,WCH,2013,100m,M,SF,2,0.145,,MOCK,1
WCH2013-100m-M-SF-H3,WCH,2013,100m,M,SF,3,0.097,DQ TR16.8,MOCK,1
WCH2013-100m-M-SF-H3,WCH,2013,100m,M,SF,3,0.151,,MOCK,1
WCH2013-100m-M-SF-H3,WCH,2013,100m,M,SF,3,0.138,,MOCK,1
WCH2013-100m-M-SF-H3,WCH,2013,100m,M,SF,3,0.138,,MOCK,1
WCH2013-100m-M-SF-H3,WCH,2013,100m,M,SF,3,0.118,,MOCK,1
WCH2013-100m-M-SF-H3,WCH,2013,100m,M,SF,3,0.103,,MOCK,1
WCH2013-100m-M-SF-H3,WCH,2013,100m,M,SF,3,0.128,,MOCK,1
WCH2013-100m-M-SF-H3,WCH,2013,100m,M,SF,3,0.142,,MOCK,1
WCH2013-100m-M-F-H1,WCH,2013,100m,M,F,1,0.125,,MOCK,1
WCH2013-100m-M-F-H1,WCH,2013,100m,M,F,1,0.095,DQ TR16.8,MOCK,1
WCH2013-100m-M-F-H1,WCH,2013,100m,M,F,1,0.121,,MOCK,1
WCH2013-100m-M-F-H1,WCH,2013,100m,M,F,1,0.123,,MOCK,1
WCH2013-100m-M-F-H1,WCH,2013,100m,M,F,1,0.103,,MOCK,1
WCH2013-100m-M-F-H1,WCH,2013,100m,M,F,1,0.12,,MOCK,1
WCH2013-100m-M-F-H1,WCH,2013,100m,M,F,1,0.129,,MOCK,1
WCH2013-100m-M-F-H1,WCH,2013,100m,M,F,1,0.097,DQ TR16.8,MOCK,1
WCH2013-200m-M-R1-H1,WCH,2013,200m,M,R1,1,0.153,,MOCK,1
WCH2013-200m-M-R1-H1,WCH,2013,200m,M,R1,1,0.151,,MOCK,1
WCH2013-200m-M-R1-H1,WCH,2013,200m,M,R1,1,0.13,,MOCK,1
WCH2013-200m-M-R1-H1,WCH,2013,200m,M,R1,1,0.178,,MOCK,1
WCH2013-200m-M-R1-H1,WCH,2013,200m,M,R1,1,0.139,,MOCK,1
WCH2013-200m-M-R1-H1,WCH,2013,200m,M,R1,1,0.159,,MOCK,1
WCH2013-200m-M-R1-H1,WCH,2013,200m,M,R1,1,0.153,,MOCK,1
WCH2013-200m-M-R1-H1,WCH,2013,200m,M,R1,1,0.14,,MOCK,1
WCH2013-200m-M-R1-H2,WCH,2013,200m,M,R1,2,0.163,,MOCK,1
WCH2013-200m-M-R1-H2,WCH,2013,200m,M,R1,2,0.165,,MOCK,1
WCH2013-200m-M-R1-H2,WCH,2013,200m,M,R1,2,0.169,,MOCK,1
WCH2013-200m-M-R1-H2,WCH,2013,200m,M,R1,2,0.15,,MOCK,1
WCH2013-200m-M-R1-H2,WCH,2013,200m,M,R1,2,0.149,,MOCK,1
WCH2013-200m-M-R1-H2,WCH,2013,200m,M,R1,2,0.155,,MOCK,1
WCH2013-200m-M-R1-H2,WCH,2013,200m,M,R1,2,0.178,,MOCK,1
WCH2013-200m-M-R1-H2,WCH,2013,200m,M,R1,2,0.179,,MOCK,1
WCH2013-200m-M-R1-H3,WCH,2013,200m,M,R1,3,0.137,,MOCK,1
WCH2013-200m-M-R1-H3,WCH,2013,200m,M,R1,3,0.165,,MOCK,1
WCH2013-200m-M-R1-H3,WCH,2013,200m,M,R1,3,0.141,,MOCK,1
WCH2013-200m-M-R1-H3,WCH,2013,200m,M,R1,3,0.129,,MOCK,1
WCH2013-200m-M-R1-H3,WCH,2013,200m,M,R1,3,0.172,,MOCK,1
WCH2013-200m-M-R1-H3,WCH,2013,200m,M,R1,3,0.115,,MOCK,1
WCH2013-200m-M-R1-H3,WCH,2013,200m,M,R1,3,0.147,,MOCK,1
WCH2013-200m-M-R1-H3,WCH,2013,200m,M,R1,3,0.135,,MOCK,1
WCH2013-200m-M-R1-H4,WCH,2013,200m,M,R1,4,0.148,,MOCK,1
WCH2013-200m-M-R1-H4,WCH,2013,200m,M,R1,4,0.132,,MOCK,1
WCH2013-200m-M-R1-H4,WCH,2013,200m,M,R1,4,0.145,,MOCK,1
WCH2013-200m-M-R1-H4,WCH,2013,200m,M,R1,4,0.15,,MOCK,1
WCH2013-200m-M-R1-H4,WCH,2013,200m,M,R1,4,0.153,,MOCK,1
WCH2013-200m-M-R1-H4,WCH,2013,200m,M,R1,4,0.154,,MOCK,1
WCH2013-200m-M-R1-H4,WCH,2013,200m,M,R1,4,0.134,,MOCK,1
WCH2013-200m-M-R1-H4,WCH,2013,200m,M,R1,4,0.143,,MOCK,1
WCH2013-200m-M-R1-H5,WCH,2013,200m,M,R1,5,0.12,,MOCK,1
WCH2013-200m-M-R1-H5,WCH,2013,200m,M,R1,5,0.153,,MOCK,1
WCH2013-200m-M-R1-H5,WCH,2013,200m,M,R1,5,0.147,,MOCK,1
WCH2013-200m-M-R1-H5,WCH,2013,200m,M,R1,5,0.136,,MOCK,1
WCH2013-200m-M-R1-H5,WCH,2013,200m,M,R1,5,0.139,,MOCK,1
WCH2013-200m-M-R1-H5,WCH,2013,200m,M,R1,5,0.148,,MOCK,1
WCH2013-200m-M-R1-H5,WCH,2013,200m,M,R1,5,0.133,,MOCK,1
WCH2013-200m-M-R1-H5,WCH,2013,200m,M,R1,5,0.151,,MOCK,1
WCH2013-200m-M-R1-H6,WCH,2013,200m,M,R1,6,0.15,,MOCK,1
WCH2013-200m-M-R1-H6,WCH,2013,200m,M,R1,6,0.118,,MOCK,1
WCH2013-200m-M-R1-H6,WCH,2013,200m,M,R1,6,0.152,,MOCK,1
WCH2013-200m-M-R1-H6,WCH,2013,200m,M,R1,6,0.111,,MOCK,1
WCH2013-200m-M-R1-H6,WCH,2013,200m,M,R1,6,0.127,,MOCK,1
WCH2013-200m-M-R1-H6,WCH,2013,200m,M,R1,6,0.166,,MOCK,1
WCH2013-200m-M-R1-H6,WCH,2013,200m,M,R1,6,0.151,,MOCK,1
WCH2013-200m-M-R1-H6,WCH,2013,200m,M,R1,6,0.136,,MOCK,1
WCH2013-200m-M-SF-H1,WCH,2013,200m,M,SF,1,0.113,,MOCK,1
WCH2013-200m-M-SF-H1,WCH,2013,200m,M,SF,1,0.144,,MOCK,1
WCH2013-200m-M-SF-H1,WCH,2013,200m,M,SF,1,0.114,,MOCK,1
WCH2013-200m-M-SF-H1,WCH,2013,200m,M,SF,1,0.143,,MOCK,1
WCH2013-200m-M-SF-H1,WCH,2013,200m,M,SF,1,0.119,,MOCK,1
WCH2013-200m-M-SF-H1,WCH,2013,200m,M,SF,1,0.142,,MOCK,1
WCH2013-200m-M-SF-H1,WCH,2013,200m,M,SF,1,0.152,,MOCK,1
WCH2013-200m-M-SF-H1,WCH,2013,200m,M,SF,1,0.136,,MOCK,1
WCH2013-200m-M-SF-H2,WCH,2013,200m,M,SF,2,0.144,,MOCK,1
WCH2013-200m-M-SF-H2,WCH,2013,200m,M,SF,2,0.132,,MOCK,1
WCH2013-200m-M-SF-H2,WCH,2013,200m,M,SF,2,0.14,,MOCK,1
WCH2013-200m-M-SF-H2,WCH,2013,200m,M,SF,2,0.131,,MOCK,1
WCH2013-200m-M-SF-H2,WCH,2013,200m,M,SF,2,0.137,,MOCK,1
WCH2013-200m-M-SF-H2,WCH,2013,200m,M,SF,2,0.127,,MOCK,1
WCH2013-200m-M-SF-H2,WCH,2013,200m,M,SF,2,0.112,,MOCK,1
WCH2013-200m-M-SF-H2,WCH,2013,200m,M,SF,2,0.125,,MOCK,1
WCH2013-200m-M-SF-H3,WCH,2013,200m,M,SF,3,0.155,,MOCK,1
WCH2013-200m-M-SF-H3,WCH,2013,200m,M,SF,3,0.146,,MOCK,1
WCH2013-200m-M-SF-H3,WCH,2013,200m,M,SF,3,0.132,,MOCK,1
WCH2013-200m-M-SF-H3,WCH,2013,200m,M,SF,3,0.136,,MOCK,1
WCH2013-200m-M-SF-H3,WCH,2013,200m,M,SF,3,0.112,,MOCK,1
WCH2013-200m-M-SF-H3,WCH,2013,200m,M,SF,3,0.195,,MOCK,1
WCH2013-200m-M-SF-H3,WCH,2013,200m,M,SF,3,0.141,,MOCK,1
WCH2013-200m-M-SF-H3,WCH,2013,200m,M,SF,3,0.156,,MOCK,1
WCH2013-200m-M-F-H1,WCH,2013,200m,M,F,1,0.145,,MOCK,1
WCH2013-200m-M-F-H1,WCH,2013,200m,M,F,1,0.136,,MOCK,1
WCH2013-200m-M-F-H1,WCH,2013,200m,M,F,1,0.134,,MOCK,1
WCH2013-200m-M-F-H1,WCH,2013,200m,M,F,1,0.127,,MOCK,1
WCH2013-200m-M-F-H1,WCH,2013,200m,M,F,1,0.122,,MOCK,1
WCH2013-200m-M-F-H1,WCH,2013,200m,M,F,1,0.131,,MOCK,1
WCH2013-200m-M-F-H1,WCH,2013,200m,M,F,1,0.137,,MOCK,1
WCH2013-200m-M-F-H1,WCH,2013,200m,M,F,1,0.137,,MOCK,1
WCH2013-110mH-M-R1-H1,WCH,2013,110mH,M,R1,1,0.148,,MOCK,1
WCH2013-110mH-M-R1-H1,WCH,2013,110mH,M,R1,1,0.151,,MOCK,1
WCH2013-110mH-M-R1-H1,WCH,2013,110mH,M,R1,1,0.139,,MOCK,1
WCH2013-110mH-M-R1-H1,WCH,2013,110mH,M,R1,1,0.137,,MOCK,1
WCH2013-110mH-M-R1-H1,WCH,2013,110mH,M,R1,1,0.146,,MOCK,1
WCH2013-110mH-M-R1-H1,WCH,2013,110mH,M,R1,1,0.134,,MOCK,1
WCH2013-110mH-M-R1-H1,WCH,2013,110mH,M,R1,1,0.131,,MOCK,1
WCH2013-110mH-M-R1-H1,WCH,2013,110mH,M,R1,1,0.154,,MOCK,1
WCH2013-110mH-M-R1-H2,WCH,2013,110mH,M,R1,2,0.149,,MOCK,1
WCH2013-110mH-M-R1-H2,WCH,2013,110mH,M,R1,2,0.189,,MOCK,1
WCH2013-110mH-M-R1-H2,WCH,2013,110mH,M,R1,2,0.185,,MOCK,1
WCH2013-110mH-M-R1-H2,WCH,2013,110mH,M,R1,2,0.17,,MOCK,1
WCH2013-110mH-M-R1-H2,WCH,2013,110mH,M,R1,2,0.153,,MOCK,1
WCH2013-110mH-M-R1-H2,WCH,2013,110mH,M,R1,2,0.154,,MOCK,1
WCH2013-110mH-M-R1-H2,WCH,2013,110mH,M,R1,2,0.141,,MOCK,1
WCH2013-110mH-M-R1-H2,WCH,2013,110mH,M,R1,2,0.116,,MOCK,1
WCH2013-110mH-M-R1-H3,WCH,2013,110mH,M,R1,3,0.155,,MOCK,1
WCH2013-110mH-M-R1-H3,WCH,2013,110mH,M,R1,3,0.114,,MOCK,1
WCH2013-110mH-M-R1-H3,WCH,2013,110mH,M,R1,3,0.148,,MOCK,1
WCH2013-110mH-M-R1-H3,WCH,2013,110mH,M,R1,3,0.147,,MOCK,1
WCH2013-110mH-M-R1-H3,WCH,2013,110mH,M,R1,3,0.142,,MOCK,1
WCH2013-110mH-M-R1-H3,WCH,2013,110mH,M,R1,3,0.029,DQ TR16.8,MOCK,1
WCH2013-110mH-M-R1-H3,WCH,2013,110mH,M,R1,3,0.134,,MOCK,1
WCH2013-110mH-M-R1-H4,WCH,2013,110mH,M,R1,4,0.133,,MOCK,1
WCH2013-110mH-M-R1-H4,WCH,2013,110mH,M,R1,4,0.134,,MOCK,1
WCH2013-110mH-M-R1-H4,WCH,2013,110mH,M,R1,4,0.191,,MOCK,1
WCH2013-110mH-M-R1-H4,WCH,2013,110mH,M,R1,4,0.155,,MOCK,1
WCH2013-110mH-M-R1-H4,WCH,2013,110mH,M,R1,4,0.157,,MOCK,1
WCH2013-110mH-M-R1-H4,WCH,2013,110mH,M,R1,4,0.129,,MOCK,1
WCH2013-110mH-M-R1-H4,WCH,2013,110mH,M,R1,4,0.125,,MOCK,1
WCH2013-110mH-M-R1-H4,WCH,2013,110mH,M,R1,4,0.127,,MOCK,1
WCH2013-110mH-M-R1-H5,WCH,2013,110mH,M,R1,5,0.128,,MOCK,1
WCH2013-110mH-M-R1-H5,WCH,2013,110mH,M,R1,5,0.147,,MOCK,1
WCH2013-110mH-M-R1-H5,WCH,2013,110mH,M,R1,5,0.129,,MOCK,1
WCH2013-110mH-M-R1-H5,WCH,2013,110mH,M,R1,5,0.14,,MOCK,1
WCH2013-110mH-M-R1-H5,WCH,2013,110mH,M,R1,5,0.143,,MOCK,1
WCH2013-110mH-M-R1-H5,WCH,2013,110mH,M,R1,5,0.138,,MOCK,1
WCH2013-110mH-M-R1-H5,WCH,2013,110mH,M,R1,5,0.163,,MOCK,1
WCH2013-110mH-M-R1-H5,WCH,2013,110mH,M,R1,5,0.13,,MOCK,1
WCH2013-110mH-M-R1-H6,WCH,2013,110mH,M,R1,6,0.133,,MOCK,1
WCH2013-110mH-M-R1-H6,WCH,2013,110mH,M,R1,6,0.153,,MOCK,1
WCH2013-110mH-M-R1-H6,WCH,2013,110mH,M,R1,6,0.133,,MOCK,1
WCH2013-110mH-M-R1-H6,WCH,2013,110mH,M,R1,6,0.14,,MOCK,1
WCH2013-110mH-M-R1-H6,WCH,2013,110mH,M,R1,6,0.12,,MOCK,1
WCH2013-110mH-M-R1-H6,WCH,2013,110mH,M,R1,6,0.117,,MOCK,1
WCH2013-110mH-M-R1-H6,WCH,2013,110mH,M,R1,6,0.12,,MOCK,1
WCH2013-110mH-M-R1-H6,WCH,2013,110mH,M,R1,6,0.146,,MOCK,1
WCH2013-110mH-M-SF-H1,WCH,2013,110mH,M,SF,1,0.175,,MOCK,1
WCH2013-110mH-M-SF-H1,WCH,2013,110mH,M,SF,1,0.163,,MOCK,1
WCH2013-110mH-M-SF-H1,WCH,2013,110mH,M,SF,1,0.18,,MOCK,1
WCH2013-110mH-M-SF-H1,WCH,2013,110mH,M,SF,1,0.147,,MOCK,1
WCH2013-110mH-M-SF-H1,WCH,2013,110mH,M,SF,1,0.158,,MOCK,1
WCH2013-110mH-M-SF-H1,WCH,2013,110mH,M,SF,1,0.121,,MOCK,1
WCH2013-110mH-M-SF-H1,WCH,2013,110mH,M,SF,1,0.117,,MOCK,1
WCH2013-110mH-M-SF-H1,WCH,2013,110mH,M,SF,1,0.147,,MOCK,1
WCH2013-110mH-M-SF-H2,WCH,2013,110mH,M,SF,2,0.145,,MOCK,1
WCH2013-110mH-M-SF-H2,WCH,2013,110mH,M,SF,2,0.143,,MOCK,1
WCH2013-110mH-M-SF-H2,WCH,2013,110mH,M,SF,2,0.155,,MOCK,1
WCH2013-110mH-M-SF-H2,WCH,2013,110mH,M,SF,2,0.141,,MOCK,1
WCH2013-110mH-M-SF-H2,WCH,2013,110mH,M,SF,2,0.14,,MOCK,1
WCH2013-110mH-M-SF-H2,WCH,2013,110mH,M,SF,2,0.156,,MOCK,1
WCH2013-110mH-M-SF-H2,WCH,2013,110mH,M,SF,2,0.161,,MOCK,1
WCH2013-110mH-M-SF-H2,WCH,2013,110mH,M,SF,2,0.169,,MOCK,1
WCH2013-110mH-M-SF-H3,WCH,2013,110mH,M,SF,3,0.149,,MOCK,1
WCH2013-110mH-M-SF-H3,WCH,2013,110mH,M,SF,3,0.13,,MOCK,1
WCH2013-110mH-M-SF-H3,WCH,2013,110mH,M,SF,3,0.161,,MOCK,1
WCH2013-110mH-M-SF-H3,WCH,2013,110mH,M,SF,3,0.14,,MOCK,1
WCH2013-110mH-M-SF-H3,WCH,2013,110mH,M,SF,3,0.129,,MOCK,1
WCH2013-110mH-M-SF-H3,WCH,2013,110mH,M,SF,3,0.154,,MOCK,1
WCH2013-110mH-M-SF-H3,WCH,2013,110mH,M,SF,3,0.15,,MOCK,1
WCH2013-110mH-M-SF-H3,WCH,2013,110mH,M,SF,3,0.142,,MOCK,1
WCH2013-110mH-M-F-H1,WCH,2013,110mH,M,F,1,0.148,,MOCK,1
WCH2013-110mH-M-F-H1,WCH,2013,110mH,M,F,1,0.142,,MOCK,1
WCH2013-110mH-M-F-H1,WCH,2013,110mH,M,F,1,0.135,,MOCK,1
WCH2013-110mH-M-F-H1,WCH,2013,110mH,M,F,1,0.154,,MOCK,1
WCH2013-110mH-M-F-H1,WCH,2013,110mH,M,F,1,0.168,,MOCK,1
WCH2013-110mH-M-F-H1,WCH,2013,110mH,M,F,1,0.164,,MOCK,1
WCH2013-110mH-M-F-H1,WCH,2013,110mH,M,F,1,0.126,,MOCK,1
WCH2013-110mH-M-F-H1,WCH,2013,110mH,M,F,1,0.12,,MOCK,1
WCH2013-100m-W-R1-H1,WCH,2013,100m,W,R1,1,0.106,,MOCK,1
WCH2013-100m-W-R1-H1,WCH,2013,100m,W,R1,1,0.151,,MOCK,1
WCH2013-100m-W-R1-H1,WCH,2013,100m,W,R1,1,0.142,,MOCK,1
WCH2013-100m-W-R1-H1,WCH,2013,100m,W,R1,1,0.174,,MOCK,1
WCH2013-100m-W-R1-H1,WCH,2013,100m,W,R1,1,0.143,,MOCK,1
WCH2013-100m-W-R1-H1,WCH,2013,100m,W,R1,1,0.173,,MOCK,1
WCH2013-100m-W-R1-H1,WCH,2013,100m,W,R1,1,0.149,,MOCK,1
WCH2013-100m-W-R1-H2,WCH,2013,100m,W,R1,2,0.146,,MOCK,1
WCH2013-100m-W-R1-H2,WCH,2013,100m,W,R1,2,0.152,,MOCK,1
WCH2013-100m-W-R1-H2,WCH,2013,100m,W,R1,2,0.135,,MOCK,1
WCH2013-100m-W-R1-H2,WCH,2013,100m,W,R1,2,0.149,,MOCK,1
WCH2013-100m-W-R1-H2,WCH,2013,100m,W,R1,2,0.14,,MOCK,1
WCH2013-100m-W-R1-H2,WCH,2013,100m,W,R1,2,0.149,,MOCK,1
WCH2013-100m-W-R1-H2,WCH,2013,100m,W,R1,2,0.155,,MOCK,1
WCH2013-100m-W-R1-H2,WCH,2013,100m,W,R1,2,0.143,,MOCK,1
WCH2013-100m-W-R1-H3,WCH,2013,100m,W,R1,3,0.146,,MOCK,1
WCH2013-100m-W-R1-H3,WCH,2013,100m,W,R1,3,0.126,,MOCK,1
WCH2013-100m-W-R1-H3,WCH,2013,100m,W,R1,3,0.148,,MOCK,1
WCH2013-100m-W-R1-H3,WCH,2013,100m,W,R1,3,0.137,,MOCK,1
WCH2013-100m-W-R1-H3,WCH,2013,100m,W,R1,3,0.166,,MOCK,1
WCH2013-100m-W-R1-H3,WCH,2013,100m,W,R1,3,0.128,,MOCK,1
WCH2013-100m-W-R1-H3,WCH,2013,100m,W,R1,3,0.144,,MOCK,1
WCH2013-100m-W-R1-H3,WCH,2013,100m,W,R1,3,0.158,,MOCK,1
WCH2013-100m-W-R1-H4,WCH,2013,100m,W,R1,4,0.151,,MOCK,1
WCH2013-100m-W-R1-H4,WCH,2013,100m,W,R1,4,0.158,,MOCK,1
WCH2013-100m-W-R1-H4,WCH,2013,100m,W,R1,4,0.109,,MOCK,1
WCH2013-100m-W-R1-H4,WCH,2013,100m,W,R1,4,0.128,,MOCK,1
WCH2013-100m-W-R1-H4,WCH,2013,100m,W,R1,4,0.177,,MOCK,1
WCH2013-100m-W-R1-H4,WCH,2013,100m,W,R1,4,0.139,,MOCK,1
WCH2013-100m-W-R1-H4,WCH,2013,100m,W,R1,4,0.154,,MOCK,1
WCH2013-100m-W-R1-H4,WCH,2013,100m,W,R1,4,0.164,,MOCK,1
WCH2013-100m-W-R1-H5,WCH,2013,100m,W,R1,5,0.153,,MOCK,1
WCH2013-100m-W-R1-H5,WCH,2013,100m,W,R1,5,0.158,,MOCK,1
WCH2013-100m-W-R1-H5,WCH,2013,100m,W,R1,5,0.159,,MOCK,1
WCH2013-100m-W-R1-H5,WCH,2013,100m,W,R1,5,0.13,,MOCK,1
WCH2013-100m-W-R1-H5,WCH,2013,100m,W,R1,5,0.166,,MOCK,1
WCH2013-100m-W-R1-H5,WCH,2013,100m,W,R1,5,0.132,,MOCK,1
WCH2013-100m-W-R1-H5,WCH,2013,100m,W,R1,5,0.146,,MOCK,1
WCH2013-100m-W-R1-H5,WCH,2013,100m,W,R1,5,0.179,,MOCK,1
WCH2013-100m-W-R1-H6,WCH,2013,100m,W,R1,6,0.135,,MOCK,1
WCH2013-100m-W-R1-H6,WCH,2013,100m,W,R1,6,0.143,,MOCK,1
WCH2013-100m-W-R1-H6,WCH,2013,100m,W,R1,6,0.164,,MOCK,1
WCH2013-100m-W-R1-H6,WCH,2013,100m,W,R1,6,0.146,,MOCK,1
WCH2013-100m-W-R1-H6,WCH,2013,100m,W,R1,6,0.154,,MOCK,1
WCH2013-100m-W-R1-H6,WCH,2013,100m,W,R1,6,0.179,,MOCK,1
WCH2013-100m-W-R1-H6,WCH,2013,100m,W,R1,6,0.158,,MOCK,1
WCH2013-100m-W-SF-H1,WCH,2013,100m,W,SF,1,0.121,,MOCK,1
WCH2013-100m-W-SF-H1,WCH,2013,100m,W,SF,1,0.16,,MOCK,1
WCH2013-100m-W-SF-H1,WCH,2013,100m,W,SF,1,0.143,,MOCK,1
WCH2013-100m-W-SF-H1,WCH,2013,100m,W,SF,1,0.194,,MOCK,1
WCH2013-100m-W-SF-H1,WCH,2013,100m,W,SF,1,0.13,,MOCK,1
WCH2013-100m-W-SF-H1,WCH,2013,100m,W,SF,1,0.163,,MOCK,1
WCH2013-100m-W-SF-H1,WCH,2013,100m,W,SF,1,0.148,,MOCK,1
WCH2013-100m-W-SF-H1,WCH,2013,100m,W,SF,1,0.188,,MOCK,1
WCH2013-100m-W-SF-H2,WCH,2013,100m,W,SF,2,0.186,,MOCK,1
WCH2013-100m-W-SF-H2,WCH,2013,100m,W,SF,2,0.152,,MOCK,1
WCH2013-100m-W-SF-H2,WCH,2013,100m,W,SF,2,0.136,,MOCK,1
WCH2013-100m-W-SF-H2,WCH,2013,100m,W,SF,2,0.116,,MOCK,1
WCH2013-100m-W-SF-H2,WCH,2013,100m,W,SF,2,0.153,,MOCK,1
WCH2013-100m-W-SF-H2,WCH,2013,100m,W,SF,2,0.145,,MOCK,1
WCH2013-100m-W-SF-H2,WCH,2013,100m,W,SF,2,0.136,,MOCK,1
WCH2013-100m-W-SF-H2,WCH,2013,100m,W,SF,2,0.138,,MOCK,1
WCH2013-100m-W-SF-H3,WCH,2013,100m,W,SF,3,0.121,,MOCK,1
WCH2013-100m-W-SF-H3,WCH,2013,100m,W,SF,3,0.156,,MOCK,1
WCH2013-100m-W-SF-H3,WCH,2013,100m,W,SF,3,0.203,,MOCK,1
WCH2013-100m-W-SF-H3,WCH,2013,100m,W,SF,3,0.143,,MOCK,1
WCH2013-100m-W-SF-H3,WCH,2013,100m,W,SF,3,0.153,,MOCK,1
WCH2013-100m-W-SF-H3,WCH,2013,100m,W,SF,3,0.16,,MOCK,1
WCH2013-100m-W-SF-H3,WCH,2013,100m,W,SF,3,0.167,,MOCK,1
WCH2013-100m-W-SF-H3,WCH,2013,100m,W,SF,3,0.172,,MOCK,1
WCH2013-100m-W-F-H1,WCH,2013,100m,W,F,1,0.156,,MOCK,1
WCH2013-100m-W-F-H1,WCH,2013,100m,W,F,1,0.117,,MOCK,1
WCH2013-100m-W-F-H1,WCH,2013,100m,W,F,1,0.137,,MOCK,1
WCH2013-100m-W-F-H1,WCH,2013,100m,W,F,1,0.116,,MOCK,1
WCH2013-100m-W-F-H1,WCH,2013,100m,W,F,1,0.137,,MOCK,1
WCH2013-100m-W-F-H1,WCH,2013,100m,W,F,1,0.154,,MOCK,1
WCH2013-100m-W-F-H1,WCH,2013,100m,W,F,1,0.147,,MOCK,1
WCH2013-100m-W-F-H1,WCH,2013,100m,W,F,1,0.148,,MOCK,1
WCH2013-200m-W-R1-H1,WCH,2013,200m,W,R1,1,0.173,,MOCK,1
WCH2013-200m-W-R1-H1,WCH,2013,200m,W,R1,1,0.164,,MOCK,1
WCH2013-200m-W-R1-H1,WCH,2013,200m,W,R1,1,0.162,,MOCK,1
WCH2013-200m-W-R1-H1,WCH,2013,200m,W,R1,1,0.18,,MOCK,1
WCH2013-200m-W-R1-H1,WCH,2013,200m,W,R1,1,0.162,,MOCK,1
WCH2013-200m-W-R1-H1,WCH,2013,200m,W,R1,1,0.152,,MOCK,1
WCH2013-200m-W-R1-H1,WCH,2013,200m,W,R1,1,0.163,,MOCK,1
WCH2013-200m-W-R1-H1,WCH,2013,200m,W,R1,1,0.168,,MOCK,1
WCH2013-200m-W-R1-H2,WCH,2013,200m,W,R1,2,0.134,,MOCK,1
WCH2013-200m-W-R1-H2,WCH,2013,200m,W,R1,2,0.151,,MOCK,1
WCH2013-200m-W-R1-H2,WCH,2013,200m,W,R1,2,0.159,,MOCK,1
WCH2013-200m-W-R1-H2,WCH,2013,200m,W,R1,2,0.147,,MOCK,1
WCH2013-200m-W-R1-H2,WCH,2013,200m,W,R1,2,0.143,,MOCK,1
WCH2013-200m-W-R1-H2,WCH,2013,200m,W,R1,2,0.145,,MOCK,1
WCH2013-200m-W-R1-H2,WCH,2013,200m,W,R1,2,0.155,,MOCK,1
WCH2013-200m-W-R1-H2,WCH,2013,200m,W,R1,2,0.144,,MOCK,1
WCH2013-200m-W-R1-H3,WCH,2013,200m,W,R1,3,0.156,,MOCK,1
WCH2013-200m-W-R1-H3,WCH,2013,200m,W,R1,3,0.153,,MOCK,1
WCH2013-200m-W-R1-H3,WCH,2013,200m,W,R1,3,0.182,,MOCK,1
WCH2013-200m-W-R1-H3,WCH,2013,200m,W,R1,3,0.167,,MOCK,1
WCH2013-200m-W-R1-H3,WCH,2013,200m,W,R1,3,0.129,,MOCK,1
WCH2013-200m-W-R1-H3,WCH,2013,200m,W,R1,3,0.135,,MOCK,1
WCH2013-200m-W-R1-H3,WCH,2013,200m,W,R1,3,0.114,,MOCK,1
WCH2013-200m-W-R1-H3,WCH,2013,200m,W,R1,3,0.131,,MOCK,1
WCH2013-200m-W-R1-H4,WCH,2013,200m,W,R1,4,0.13,,MOCK,1
WCH2013-200m-W-R1-H4,WCH,2013,200m,W,R1,4,0.151,,MOCK,1
WCH2013-200m-W-R1-H4,WCH,2013,200m,W,R1,4,0.13,,MOCK,1
WCH2013-200m-W-R1-H4,WCH,2013,200m,W,R1,4,0.143,,MOCK,1
WCH2013-200m-W-R1-H4,WCH,2013,200m,W,R1,4,0.118,,MOCK,1
WCH2013-200m-W-R1-H4,WCH,2013,200m,W,R1,4,0.155,,MOCK,1
WCH2013-200m-W-R1-H4,WCH,2013,200m,W,R1,4,0.149,,MOCK,1
WCH2013-200m-W-R1-H4,WCH,2013,200m,W,R1,4,0.161,,MOCK,1
WCH2013-200m-W-R1-H5,WCH,2013,200m,W,R1,5,0.127,,MOCK,1
WCH2013-200m-W-R1-H5,WCH,2013,200m,W,R1,5,0.177,,MOCK,1
WCH2013-200m-W-R1-H5,WCH,2013,200m,W,R1,5,0.132,,MOCK,1
WCH2013-200m-W-R1-H5,WCH,2013,200m,W,R1,5,0.148,,MOCK,1
WCH2013-200m-W-R1-H5,WCH,2013,200m,W,R1,5,0.13,,MOCK,1
WCH2013-200m-W-R1-H5,WCH,2013,200m,W,R1,5,0.165,,MOCK,1
WCH2013-200m-W-R1-H5,WCH,2013,200m,W,R1,5,0.157,,MOCK,1
WCH2013-200m-W-R1-H6,WCH,2013,200m,W,R1,6,0.173,,MOCK,1
WCH2013-200m-W-R1-H6,WCH,2013,200m,W,R1,6,0.126,,MOCK,1
WCH2013-200m-W-R1-H6,WCH,2013,200m,W,R1,6,0.148,,MOCK,1
WCH2013-200m-W-R1-H6,WCH,2013,200m,W,R1,6,0.143,,MOCK,1
WCH2013-200m-W-R1-H6,WCH,2013,200m,W,R1,6,0.173,,MOCK,1
WCH2013-200m-W-R1-H6,WCH,2013,200m,W,R1,6,0.125,,MOCK,1
WCH2013-200m-W-R1-H6,WCH,2013,200m,W,R1,6,0.15,,MOCK,1
WCH2013-200m-W-R1-H6,WCH,2013,200m,W,R1,6,0.139,,MOCK,1
WCH2013-200m-W-SF-H1,WCH,2013,200m,W,SF,1,0.152,,MOCK,1
WCH2013-200m-W-SF-H1,WCH,2013,200m,W,SF,1,0.117,,MOCK,1
WCH2013-200m-W-SF-H1,WCH,2013,200m,W,SF,1,0.138,,MOCK,1
WCH2013-200m-W-SF-H1,WCH,2013,200m,W,SF,1,0.14,,MOCK,1
WCH2013-200m-W-SF-H1,WCH,2013,200m,W,SF,1,0.144,,MOCK,1
WCH2013-200m-W-SF-H1,WCH,2013,200m,W,SF,1,0.168,,MOCK,1
WCH2013-200m-W-SF-H1,WCH,2013,200m,W,SF,1,0.152,,MOCK,1
WCH2013-200m-W-SF-H1,WCH,2013,200m,W,SF,1,0.154,,MOCK,1
WCH2013-200m-W-SF-H2,WCH,2013,200m,W,SF,2,0.146,,MOCK,1
WCH2013-200m-W-SF-H2,WCH,2013,200m,W,SF,2,0.195,,MOCK,1
WCH2013-200m-W-SF-H2,WCH,2013,200m,W,SF,2,0.159,,MOCK,1
WCH2013-200m-W-SF-H2,WCH,2013,200m,W,SF,2,0.148,,MOCK,1
WCH2013-200m-W-SF-H2,WCH,2013,200m,W,SF,2,0.159,,MOCK,1
WCH2013-200m-W-SF-H2,WCH,2013,200m,W,SF,2,0.144,,MOCK,1
WCH2013-200m-W-SF-H2,WCH,2013,200m,W,SF,2,0.147,,MOCK,1
WCH2013-200m-W-SF-H2,WCH,2013,200m,W,SF,2,0.147,,MOCK,1
WCH2013-200m-W-SF-H3,WCH,2013,200m,W,SF,3,0.157,,MOCK,1
WCH2013-200m-W-SF-H3,WCH,2013,200m,W,SF,3,0.17,,MOCK,1
WCH2013-200m-W-SF-H3,WCH,2013,200m,W,SF,3,0.129,,MOCK,1
WCH2013-200m-W-SF-H3,WCH,2013,200m,W,SF,3,0.155,,MOCK,1
WCH2013-200m-W-SF-H3,WCH,2013,200m,W,SF,3,0.169,,MOCK,1
WCH2013-200m-W-SF-H3,WCH,2013,200m,W,SF,3,0.132,,MOCK,1
WCH2013-200m-W-SF-H3,WCH,2013,200m,W,SF,3,0.149,,MOCK,1
WCH2013-200m-W-SF-H3,WCH,2013,200m,W,SF,3,0.139,,MOCK,1
WCH2013-200m-W-F-H1,WCH,2013,200m,W,F,1,0.132,,MOCK,1
WCH2013-200m-W-F-H1,WCH,2013,200m,W,F,1,0.147,,MOCK,1
WCH2013-200m-W-F-H1,WCH,2013,200m,W,F,1,0.135,,MOCK,1
WCH2013-200m-W-F-H1,WCH,2013,200m,W,F,1,0.143,,MOCK,1
WCH2013-200m-W-F-H1,WCH,2013,200m,W,F,1,0.147,,MOCK,1
WCH2013-200m-W-F-H1,WCH,2013,200m,W,F,1,0.143,,MOCK,1
WCH2013-200m-W-F-H1,WCH,2013,200m,W,F,1,0.141,,MOCK,1
WCH2013-200m-W-F-H1,WCH,2013,200m,W,F,1,0.142,,MOCK,1
WCH2013-100mH-W-R1-H1,WCH,2013,100mH,W,R1,1,0.167,,MOCK,1
WCH2013-100mH-W-R1-H1,WCH,2013,100mH,W,R1,1,0.188,,MOCK,1
WCH2013-100mH-W-R1-H1,WCH,2013,100mH,W,R1,1,0.144,,MOCK,1
WCH2013-100mH-W-R1-H1,WCH,2013,100mH,W,R1,1,0.149,,MOCK,1
WCH2013-100mH-W-R1-H1,WCH,2013,100mH,W,R1,1,0.119,,MOCK,1
WCH2013-100mH-W-R1-H1,WCH,2013,100mH,W,R1,1,0.176,,MOCK,1
WCH2013-100mH-W-R1-H1,WCH,2013,100mH,W,R1,1,0.168,,MOCK,1
WCH2013-100mH-W-R1-H1,WCH,2013,100mH,W,R1,1,0.165,,MOCK,1
WCH2013-100mH-W-R1-H2,WCH,2013,100mH,W,R1,2,0.198,,MOCK,1
WCH2013-100mH-W-R1-H2,WCH,2013,100mH,W,R1,2,0.158,,MOCK,1
WCH2013-100mH-W-R1-H2,WCH,2013,100mH,W,R1,2,0.168,,MOCK,1
WCH2013-100mH-W-R1-H2,WCH,2013,100mH,W,R1,2,0.184,,MOCK,1
WCH2013-100mH-W-R1-H2,WCH,2013,100mH,W,R1,2,0.201,,MOCK,1
WCH2013-100mH-W-R1-H2,WCH,2013,100mH,W,R1,2,0.166,,MOCK,1
WCH2013-100mH-W-R1-H2,WCH,2013,100mH,W,R1,2,0.168,,MOCK,1
WCH2013-100mH-W-R1-H3,WCH,2013,100mH,W,R1,3,0.142,,MOCK,1
WCH2013-100mH-W-R1-H3,WCH,2013,100mH,W,R1,3,0.136,,MOCK,1
WCH2013-100mH-W-R1-H3,WCH,2013,100mH,W,R1,3,0.114,,MOCK,1
WCH2013-100mH-W-R1-H3,WCH,2013,100mH,W,R1,3,0.134,,MOCK,1
WCH2013-100mH-W-R1-H3,WCH,2013,100mH,W,R1,3,0.142,,MOCK,1
WCH2013-100mH-W-R1-H3,WCH,2013,100mH,W,R1,3,0.125,,MOCK,1
WCH2013-100mH-W-R1-H3,WCH,2013,100mH,W,R1,3,0.143,,MOCK,1
WCH2013-100mH-W-R1-H3,WCH,2013,100mH,W,R1,3,0.159,,MOCK,1
WCH2013-100mH-W-R1-H4,WCH,2013,100mH,W,R1,4,0.166,,MOCK,1
WCH2013-100mH-W-R1-H4,WCH,2013,100mH,W,R1,4,0.152,,MOCK,1
WCH2013-100mH-W-R1-H4,WCH,2013,100mH,W,R1,4,0.171,,MOCK,1
WCH2013-100mH-W-R1-H4,WCH,2013,100mH,W,R1,4,0.149,,MOCK,1
WCH2013-100mH-W-R1-H4,WCH,2013,100mH,W,R1,4,0.129,,MOCK,1
WCH2013-100mH-W-R1-H4,WCH,2013,100mH,W,R1,4,0.139,,MOCK,1
WCH2013-100mH-W-R1-H4,WCH,2013,100mH,W,R1,4,0.127,,MOCK,1
WCH2013-100mH-W-R1-H5,WCH,2013,100mH,W,R1,5,0.111,,MOCK,1
WCH2013-100mH-W-R1-H5,WCH,2013,100mH,W,R1,5,0.14,,MOCK,1
WCH2013-100mH-W-R1-H5,WCH,2013,100mH,W,R1,5,0.116,,MOCK,1
WCH2013-100mH-W-R1-H5,WCH,2013,100mH,W,R1,5,0.174,,MOCK,1
WCH2013-100mH-W-R1-H5,WCH,2013,100mH,W,R1,5,0.131,,MOCK,1
WCH2013-100mH-W-R1-H5,WCH,2013,100mH,W,R1,5,0.15,,MOCK,1
WCH2013-100mH-W-R1-H5,WCH,2013,100mH,W,R1,5,0.156,,MOCK,1
WCH2013-100mH-W-R1-H5,WCH,2013,100mH,W,R1,5,0.14,,MOCK,1
WCH2013-100mH-W-R1-H6,WCH,2013,100mH,W,R1,6,0.147,,MOCK,1
WCH2013-100mH-W-R1-H6,WCH,2013,100mH,W,R1,6,0.14,,MOCK,1
WCH2013-100mH-W-R1-H6,WCH,2013,100mH,W,R1,6,0.162,,MOCK,1
WCH2013-100mH-W-R1-H6,WCH,2013,100mH,W,R1,6,0.132,,MOCK,1
WCH2013-100mH-W-R1-H6,WCH,2013,100mH,W,R1,6,0.156,,MOCK,1
WCH2013-100mH-W-R1-H6,WCH,2013,100mH,W,R1,6,0.158,,MOCK,1
WCH2013-100mH-W-R1-H6,WCH,2013,100mH,W,R1,6,0.141,,MOCK,1
WCH2013-100mH-W-R1-H6,WCH,2013,100mH,W,R1,6,0.146,,MOCK,1
WCH2013-100mH-W-SF-H1,WCH,2013,100mH,W,SF,1,0.159,,MOCK,1
WCH2013-100mH-W-SF-H1,WCH,2013,100mH,W,SF,1,0.137,,MOCK,1
WCH2013-100mH-W-SF-H1,WCH,2013,100mH,W,SF,1,0.144,,MOCK,1
WCH2013-100mH-W-SF-H1,WCH,2013,100mH,W,SF,1,0.129,,MOCK,1
WCH2013-100mH-W-SF-H1,WCH,2013,100mH,W,SF,1,0.139,,MOCK,1
WCH2013-100mH-W-SF-H1,WCH,2013,100mH,W,SF,1,0.127,,MOCK,1
WCH2013-100mH-W-SF-H1,WCH,2013,100mH,W,SF,1,0.148,,MOCK,1
WCH2013-100mH-W-SF-H1,WCH,2013,100mH,W,SF,1,0.152,,MOCK,1
WCH2013-100mH-W-SF-H2,WCH,2013,100mH,W,SF,2,0.166,,MOCK,1
WCH2013-100mH-W-SF-H2,WCH,2013,100mH,W,SF,2,0.15,,MOCK,1
WCH2013-100mH-W-SF-H2,WCH,2013,100mH,W,SF,2,0.125,,MOCK,1
WCH2013-100mH-W-SF-H2,WCH,2013,100mH,W,SF,2,0.173,,MOCK,1
WCH2013-100mH-W-SF-H2,WCH,2013,100mH,W,SF,2,0.153,,MOCK,1
WCH2013-100mH-W-SF-H2,WCH,2013,100mH,W,SF,2,0.143,,MOCK,1
WCH2013-100mH-W-SF-H2,WCH,2013,100mH,W,SF,2,0.149,,MOCK,1
WCH2013-100mH-W-SF-H2,WCH,2013,100mH,W,SF,2,0.152,,MOCK,1
WCH2013-100mH-W-SF-H3,WCH,2013,100mH,W,SF,3,0.166,,MOCK,1
WCH2013-100mH-W-SF-H3,WCH,2013,100mH,W,SF,3,0.146,,MOCK,1
WCH2013-100mH-W-SF-H3,WCH,2013,100mH,W,SF,3,0.124,,MOCK,1
WCH2013-100mH-W-SF-H3,WCH,2013,100mH,W,SF,3,0.158,,MOCK,1
WCH2013-100mH-W-SF-H3,WCH,2013,100mH,W,SF,3,0.135,,MOCK,1
WCH2013-100mH-W-SF-H3,WCH,2013,100mH,W,SF,3,0.137,,MOCK,1
WCH2013-100mH-W-SF-H3,WCH,2013,100mH,W,SF,3,0.139,,MOCK,1
WCH2013-100mH-W-SF-H3,WCH,2013,100mH,W,SF,3,0.121,,MOCK,1
WCH2013-100mH-W-F-H1,WCH,2013,100mH,W,F,1,0.126,,MOCK,1
WCH2013-100mH-W-F-H1,WCH,2013,100mH,W,F,1,0.116,,MOCK,1
WCH2013-100mH-W-F-H1,WCH,2013,100mH,W,F,1,0.128,,MOCK,1
WCH2013-100mH-W-F-H1,WCH,2013,100mH,W,F,1,0.132,,MOCK,1
WCH2013-100mH-W-F-H1,WCH,2013,100mH,W,F,1,0.186,,MOCK,1
WCH2013-100mH-W-F-H1,WCH,2013,100mH,W,F,1,0.143,,MOCK,1
WCH2013-100mH-W-F-H1,WCH,2013,100mH,W,F,1,0.138,,MOCK,1
WCH2013-100mH-W-F-H1,WCH,2013,100mH,W,F,1,0.114,,MOCK,1
WCH2015-100m-M-PR-H1,WCH,2015,100m,M,PR,1,0.144,,MOCK,1
WCH2015-100m-M-PR-H1,WCH,2015,100m,M,PR,1,0.17,,MOCK,1
WCH2015-100m-M-PR-H1,WCH,2015,100m,M,PR,1,0.144,,MOCK,1
WCH2015-100m-M-PR-H1,WCH,2015,100m,M,PR,1,0.151,,MOCK,1
WCH2015-100m-M-PR-H1,WCH,2015,100m,M,PR,1,0.148,,MOCK,1
WCH2015-100m-M-PR-H1,WCH,2015,100m,M,PR,1,0.129,,MOCK,1
WCH2015-100m-M-PR-H1,WCH,2015,100m,M,PR,1,0.14,,MOCK,1
WCH2015-100m-M-PR-H1,WCH,2015,100m,M,PR,1,0.177,,MOCK,1
WCH2015-100m-M-PR-H2,WCH,2015,100m,M,PR,2,0.149,,MOCK,1
WCH2015-100m-M-PR-H2,WCH,2015,100m,M,PR,2,0.139,,MOCK,1
WCH2015-100m-M-PR-H2,WCH,2015,100m,M,PR,2,0.164,,MOCK,1
WCH2015-100m-M-PR-H2,WCH,2015,100m,M,PR,2,0.173,,MOCK,1
WCH2015-100m-M-PR-H2,WCH,2015,100m,M,PR,2,0.174,,MOCK,1
WCH2015-100m-M-PR-H2,WCH,2015,100m,M,PR,2,0.182,,MOCK,1
WCH2015-100m-M-PR-H2,WCH,2015,100m,M,PR,2,0.147,,MOCK,1
WCH2015-100m-M-R1-H1,WCH,2015,100m,M,R1,1,0.12,,MOCK,1
WCH2015-100m-M-R1-H1,WCH,2015,100m,M,R1,1,0.124,,MOCK,1
WCH2015-100m-M-R1-H1,WCH,2015,100m,M,R1,1,0.142,,MOCK,1
WCH2015-100m-M-R1-H1,WCH,2015,100m,M,R1,1,0.143,,MOCK,1
WCH2015-100m-M-R1-H1,WCH,2015,100m,M,R1,1,0.144,,MOCK,1
WCH2015-100m-M-R1-H1,WCH,2015,100m,M,R1,1,0.137,,MOCK,1
WCH2015-100m-M-R1-H1,WCH,2015,100m,M,R1,1,0.12,,MOCK,1
WCH2015-100m-M-R1-H1,WCH,2015,100m,M,R1,1,0.16,,MOCK,1
WCH2015-100m-M-R1-H2,WCH,2015,100m,M,R1,2,0.161,,MOCK,1
WCH2015-100m-M-R1-H2,WCH,2015,100m,M,R1,2,0.136,,MOCK,1
WCH2015-100m-M-R1-H2,WCH,2015,100m,M,R1,2,0.117,,MOCK,1
WCH2015-100m-M-R1-H2,WCH,2015,100m,M,R1,2,0.145,,MOCK,1
WCH2015-100m-M-R1-H2,WCH,2015,100m,M,R1,2,0.173,,MOCK,1
WCH2015-100m-M-R1-H2,WCH,2015,100m,M,R1,2,0.148,,MOCK,1
WCH2015-100m-M-R1-H2,WCH,2015,100m,M,R1,2,0.135,,MOCK,1
WCH2015-100m-M-R1-H2,WCH,2015,100m,M,R1,2,0.16,,MOCK,1
WCH2015-100m-M-R1-H3,WCH,2015,100m,M,R1,3,0.145,,MOCK,1
WCH2015-100m-M-R1-H3,WCH,2015,100m,M,R1,3,0.154,,MOCK,1
WCH2015-100m-M-R1-H3,WCH,2015,100m,M,R1,3,0.102,,MOCK,1
WCH2015-100m-M-R1-H3,WCH,2015,100m,M,R1,3,0.152,,MOCK,1
WCH2015-100m-M-R1-H3,WCH,2015,100m,M,R1,3,0.184,,MOCK,1
WCH2015-100m-M-R1-H3,WCH,2015,100m,M,R1,3,0.139,,MOCK,1
WCH2015-100m-M-R1-H3,WCH,2015,100m,M,R1,3,0.168,,MOCK,1
WCH2015-100m-M-R1-H3,WCH,2015,100m,M,R1,3,0.176,,MOCK,1
WCH2015-100m-M-R1-H4,WCH,2015,100m,M,R1,4,0.14,,MOCK,1
WCH2015-100m-M-R1-H4,WCH,2015,100m,M,R1,4,0.153,,MOCK,1
WCH2015-100m-M-R1-H4,WCH,2015,100m,M,R1,4,0.146,,MOCK,1
WCH2015-100m-M-R1-H4,WCH,2015,100m,M,R1,4,0.16,,MOCK,1
WCH2015-100m-M-R1-H4,WCH,2015,100m,M,R1,4,0.168,,MOCK,1
WCH2015-100m-M-R1-H4,WCH,2015,100m,M,R1,4,0.137,,MOCK,1
WCH2015-100m-M-R1-H4,WCH,2015,100m,M,R1,4,0.127,,MOCK,1
WCH2015-100m-M-R1-H4,WCH,2015,100m,M,R1,4,0.143,,MOCK,1
WCH2015-100m-M-R1-H5,WCH,2015,100m,M,R1,5,0.15,,MOCK,1
WCH2015-100m-M-R1-H5,WCH,2015,100m,M,R1,5,0.159,,MOCK,1
WCH2015-100m-M-R1-H5,WCH,2015,100m,M,R1,5,0.156,,MOCK,1
WCH2015-100m-M-R1-H5,WCH,2015,100m,M,R1,5,0.134,,MOCK,1
WCH2015-100m-M-R1-H5,WCH,2015,100m,M,R1,5,0.136,,MOCK,1
WCH2015-100m-M-R1-H5,WCH,2015,100m,M,R1,5,0.149,,MOCK,1
WCH2015-100m-M-R1-H5,WCH,2015,100m,M,R1,5,0.164,,MOCK,1
WCH2015-100m-M-R1-H6,WCH,2015,100m,M,R1,6,0.123,,MOCK,1
WCH2015-100m-M-R1-H6,WCH,2015,100m,M,R1,6,0.134,,MOCK,1
WCH2015-100m-M-R1-H6,WCH,2015,100m,M,R1,6,0.155,,MOCK,1
WCH2015-100m-M-R1-H6,WCH,2015,100m,M,R1,6,0.135,,MOCK,1
WCH2015-100m-M-R1-H6,WCH,2015,100m,M,R1,6,0.12,,MOCK,1
WCH2015-100m-M-R1-H6,WCH,2015,100m,M,R1,6,0.161,,MOCK,1
WCH2015-100m-M-R1-H6,WCH,2015,100m,M,R1,6,0.143,,MOCK,1
WCH2015-100m-M-R1-H6,WCH,2015,100m,M,R1,6,0.145,,MOCK,1
WCH2015-100m-M-SF-H1,WCH,2015,100m,M,SF,1,0.137,,MOCK,1
WCH2015-100m-M-SF-H1,WCH,2015,100m,M,SF,1,0.139,,MOCK,1
WCH2015-100m-M-SF-H1,WCH,2015,100m,M,SF,1,0.128,,MOCK,1
WCH2015-100m-M-SF-H1,WCH,2015,100m,M,SF,1,0.164,,MOCK,1
WCH2015-100m-M-SF-H1,WCH,2015,100m,M,SF,1,0.146,,MOCK,1
WCH2015-100m-M-SF-H1,WCH,2015,100m,M,SF,1,0.155,,MOCK,1
WCH2015-100m-M-SF-H1,WCH,2015,100m,M,SF,1,0.153,,MOCK,1
WCH2015-100m-M-SF-H1,WCH,2015,100m,M,SF,1,0.142,,MOCK,1
WCH2015-100m-M-SF-H2,WCH,2015,100m,M,SF,2,0.159,,MOCK,1
WCH2015-100m-M-SF-H2,WCH,2015,100m,M,SF,2,0.143,,MOCK,1
WCH2015-100m-M-SF-H2,WCH,2015,100m,M,SF,2,0.133,,MOCK,1
WCH2015-100m-M-SF-H2,WCH,2015,100m,M,SF,2,0.184,,MOCK,1
WCH2015-100m-M-SF-H2,WCH,2015,100m,M,SF,2,0.154,,MOCK,1
WCH2015-100m-M-SF-H2,WCH,2015,100m,M,SF,2,0.135,,MOCK,1
WCH2015-100m-M-SF-H2,WCH,2015,100m,M,SF,2,0.176,,MOCK,1
WCH2015-100m-M-SF-H2,WCH,2015,100m,M,SF,2,0.151,,MOCK,1
WCH2015-100m-M-SF-H3,WCH,2015,100m,M,SF,3,0.173,,MOCK,1
WCH2015-100m-M-SF-H3,WCH,2015,100m,M,SF,3,0.146,,MOCK,1
WCH2015-100m-M-SF-H3,WCH,2015,100m,M,SF,3,0.124,,MOCK,1
WCH2015-100m-M-SF-H3,WCH,2015,100m,M,SF,3,0.146,,MOCK,1
WCH2015-100m-M-SF-H3,WCH,2015,100m,M,SF,3,0.148,,MOCK,1
WCH2015-100m-M-SF-H3,WCH,2015,100m,M,SF,3,0.162,,MOCK,1
WCH2015-100m-M-SF-H3,WCH,2015,100m,M,SF,3,0.15,,MOCK,1
WCH2015-100m-M-SF-H3,WCH,2015,100m,M,SF,3,0.155,,MOCK,1
WCH2015-100m-M-F-H1,WCH,2015,100m,M,F,1,0.125,,MOCK,1
WCH2015-100m-M-F-H1,WCH,2015,100m,M,F,1,0.135,,MOCK,1
WCH2015-100m-M-F-H1,WCH,2015,100m,M,F,1,0.177,,MOCK,1
WCH2015-100m-M-F-H1,WCH,2015,100m,M,F,1,0.136,,MOCK,1
WCH2015-100m-M-F-H1,WCH,2015,100m,M,F,1,0.173,,MOCK,1
WCH2015-100m-M-F-H1,WCH,2015,100m,M,F,1,0.135,,MOCK,1
WCH2015-100m-M-F-H1,WCH,2015,100m,M,F,1,0.144,,MOCK,1
WCH2015-100m-M-F-H1,WCH,2015,100m,M,F,1,0.161,,MOCK,1
WCH2015-200m-M-R1-H1,WCH,2015,200m,M,R1,1,0.17,,MOCK,1
WCH2015-200m-M-R1-H1,WCH,2015,200m,M,R1,1,0.169,,MOCK,1
WCH2015-200m-M-R1-H1,WCH,2015,200m,M,R1,1,0.174,,MOCK,1
WCH2015-200m-M-R1-H1,WCH,2015,200m,M,R1,1,0.153,,MOCK,1
WCH2015-200m-M-R1-H1,WCH,2015,200m,M,R1,1,0.164,,MOCK,1
WCH2015-200m-M-R1-H1,WCH,2015,200m,M,R1,1,0.172,,MOCK,1
WCH2015-200m-M-R1-H1,WCH,2015,200m,M,R1,1,0.146,,MOCK,1
WCH2015-200m-M-R1-H1,WCH,2015,200m,M,R1,1,0.162,,MOCK,1
WCH2015-200m-M-R1-H2,WCH,2015,200m,M,R1,2,0.171,,MOCK,1
WCH2015-200m-M-R1-H2,WCH,2015,200m,M,R1,2,0.143,,MOCK,1
WCH2015-200m-M-R1-H2,WCH,2015,200m,M,R1,2,0.149,,MOCK,1
WCH2015-200m-M-R1-H2,WCH,2015,200m,M,R1,2,0.164,,MOCK,1
WCH2015-200m-M-R1-H2,WCH,2015,200m,M,R1,2,0.154,,MOCK,1
WCH2015-200m-M-R1-H2,WCH,2015,200m,M,R1,2,0.123,,MOCK,1
WCH2015-200m-M-R1-H2,WCH,2015,200m,M,R1,2,0.152,,MOCK,1
WCH2015-200m-M-R1-H2,WCH,2015,200m,M,R1,2,0.139,,MOCK,1
WCH2015-200m-M-R1-H3,WCH,2015,200m,M,R1,3,0.178,,MOCK,1
WCH2015-200m-M-R1-H3,WCH,2015,200m,M,R1,3,0.157,,MOCK,1
WCH2015-200m-M-R1-H3,WCH,2015,200m,M,R1,3,0.173,,MOCK,1
WCH2015-200m-M-R1-H3,WCH,2015,200m,M,R1,3,0.136,,MOCK,1
WCH2015-200m-M-R1-H3,WCH,2015,200m,M,R1,3,0.144,,MOCK,1
WCH2015-200m-M-R1-H3,WCH,2015,200m,M,R1,3,0.149,,MOCK,1
WCH2015-200m-M-R1-H3,WCH,2015,200m,M,R1,3,0.156,,MOCK,1
WCH2015-200m-M-R1-H3,WCH,2015,200m,M,R1,3,0.147,,MOCK,1
WCH2015-200m-M-R1-H4,WCH,2015,200m,M,R1,4,0.14,,MOCK,1
WCH2015-200m-M-R1-H4,WCH,2015,200m,M,R1,4,0.167,,MOCK,1
WCH2015-200m-M-R1-H4,WCH,2015,200m,M,R1,4,0.14,,MOCK,1
WCH2015-200m-M-R1-H4,WCH,2015,200m,M,R1,4,0.142,,MOCK,1
WCH2015-200m-M-R1-H4,WCH,2015,200m,M,R1,4,0.161,,MOCK,1
WCH2015-200m-M-R1-H4,WCH,2015,200m,M,R1,4,0.181,,MOCK,1
WCH2015-200m-M-R1-H4,WCH,2015,200m,M,R1,4,0.154,,MOCK,1
WCH2015-200m-M-R1-H4,WCH,2015,200m,M,R1,4,0.142,,MOCK,1
WCH2015-200m-M-R1-H5,WCH,2015,200m,M,R1,5,0.141,,MOCK,1
WCH2015-200m-M-R1-H5,WCH,2015,200m,M,R1,5,0.16,,MOCK,1
WCH2015-200m-M-R1-H5,WCH,2015,200m,M,R1,5,0.146,,MOCK,1
WCH2015-200m-M-R1-H5,WCH,2015,200m,M,R1,5,0.12,,MOCK,1
WCH2015-200m-M-R1-H5,WCH,2015,200m,M,R1,5,0.126,,MOCK,1
WCH2015-200m-M-R1-H5,WCH,2015,200m,M,R1,5,0.14,,MOCK,1
WCH2015-200m-M-R1-H5,WCH,2015,200m,M,R1,5,0.128,,MOCK,1
WCH2015-200m-M-R1-H5,WCH,2015,200m,M,R1,5,0.132,,MOCK,1
WCH2015-200m-M-R1-H6,WCH,2015,200m,M,R1,6,0.152,,MOCK,1
WCH2015-200m-M-R1-H6,WCH,2015,200m,M,R1,6,0.157,,MOCK,1
WCH2015-200m-M-R1-H6,WCH,2015,200m,M,R1,6,0.14,,MOCK,1
WCH2015-200m-M-R1-H6,WCH,2015,200m,M,R1,6,0.201,,MOCK,1
WCH2015-200m-M-R1-H6,WCH,2015,200m,M,R1,6,0.127,,MOCK,1
WCH2015-200m-M-R1-H6,WCH,2015,200m,M,R1,6,0.145,,MOCK,1
WCH2015-200m-M-R1-H6,WCH,2015,200m,M,R1,6,0.133,,MOCK,1
WCH2015-200m-M-SF-H1,WCH,2015,200m,M,SF,1,0.152,,MOCK,1
WCH2015-200m-M-SF-H1,WCH,2015,200m,M,SF,1,0.133,,MOCK,1
WCH2015-200m-M-SF-H1,WCH,2015,200m,M,SF,1,0.143,,MOCK,1
WCH2015-200m-M-SF-H1,WCH,2015,200m,M,SF,1,0.137,,MOCK,1
WCH2015-200m-M-SF-H1,WCH,2015,200m,M,SF,1,0.131,,MOCK,1
WCH2015-200m-M-SF-H1,WCH,2015,200m,M,SF,1,0.152,,MOCK,1
WCH2015-200m-M-SF-H1,WCH,2015,200m,M,SF,1,0.175,,MOCK,1
WCH2015-200m-M-SF-H1,WCH,2015,200m,M,SF,1,0.157,,MOCK,1
WCH2015-200m-M-SF-H2,WCH,2015,200m,M,SF,2,0.17,,MOCK,1
WCH2015-200m-M-SF-H2,WCH,2015,200m,M,SF,2,0.147,,MOCK,1
WCH2015-200m-M-SF-H2,WCH,2015,200m,M,SF,2,0.135,,MOCK,1
WCH2015-200m-M-SF-H2,WCH,2015,200m,M,SF,2,0.191,,MOCK,1
WCH2015-200m-M-SF-H2,WCH,2015,200m,M,SF,2,0.136,,MOCK,1
WCH2015-200m-M-SF-H2,WCH,2015,200m,M,SF,2,0.165,,MOCK,1
WCH2015-200m-M-SF-H2,WCH,2015,200m,M,SF,2,0.17,,MOCK,1
WCH2015-200m-M-SF-H2,WCH,2015,200m,M,SF,2,0.136,,MOCK,1
WCH2015-200m-M-SF-H3,WCH,2015,200m,M,SF,3,0.166,,MOCK,1
WCH2015-200m-M-SF-H3,WCH,2015,200m,M,SF,3,0.15,,MOCK,1
WCH2015-200m-M-SF-H3,WCH,2015,200m,M,SF,3,0.213,,MOCK,1
WCH2015-200m-M-SF-H3,WCH,2015,200m,M,SF,3,0.171,,MOCK,1
WCH2015-200m-M-SF-H3,WCH,2015,200m,M,SF,3,0.149,,MOCK,1
WCH2015-200m-M-SF-H3,WCH,2015,200m,M,SF,3,0.151,,MOCK,1
WCH2015-200m-M-SF-H3,WCH,2015,200m,M,SF,3,0.15,,MOCK,1
WCH2015-200m-M-SF-H3,WCH,2015,200m,M,SF,3,0.155,,MOCK,1
WCH2015-200m-M-F-H1,WCH,2015,200m,M,F,1,0.143,,MOCK,1
WCH2015-200m-M-F-H1,WCH,2015,200m,M,F,1,0.154,,MOCK,1
WCH2015-200m-M-F-H1,WCH,2015,200m,M,F,1,0.144,,MOCK,1
WCH2015-200m-M-F-H1,WCH,2015,200m,M,F,1,0.138,,MOCK,1
WCH2015-200m-M-F-H1,WCH,2015,200m,M,F,1,0.137,,MOCK,1
WCH2015-200m-M-F-H1,WCH,2015,200m,M,F,1,0.156,,MOCK,1
WCH2015-200m-M-F-H1,WCH,2015,200m,M,F,1,0.159,,MOCK,1
WCH2015-200m-M-F-H1,WCH,2015,200m,M,F,1,0.139,,MOCK,1
WCH2015-110mH-M-R1-H1,WCH,2015,110mH,M,R1,1,0.135,,MOCK,1
WCH2015-110mH-M-R1-H1,WCH,2015,110mH,M,R1,1,0.169,,MOCK,1
WCH2015-110mH-M-R1-H1,WCH,2015,110mH,M,R1,1,0.155,,MOCK,1
WCH2015-110mH-M-R1-H1,WCH,2015,110mH,M,R1,1,0.18,,MOCK,1
WCH2015-110mH-M-R1-H1,WCH,2015,110mH,M,R1,1,0.153,,MOCK,1
WCH2015-110mH-M-R1-H1,WCH,2015,110mH,M,R1,1,0.153,,MOCK,1
WCH2015-110mH-M-R1-H1,WCH,2015,110mH,M,R1,1,0.152,,MOCK,1
WCH2015-110mH-M-R1-H2,WCH,2015,110mH,M,R1,2,0.154,,MOCK,1
WCH2015-110mH-M-R1-H2,WCH,2015,110mH,M,R1,2,0.154,,MOCK,1
WCH2015-110mH-M-R1-H2,WCH,2015,110mH,M,R1,2,0.152,,MOCK,1
WCH2015-110mH-M-R1-H2,WCH,2015,110mH,M,R1,2,0.169,,MOCK,1
WCH2015-110mH-M-R1-H2,WCH,2015,110mH,M,R1,2,0.132,,MOCK,1
WCH2015-110mH-M-R1-H2,WCH,2015,110mH,M,R1,2,0.145,,MOCK,1
WCH2015-110mH-M-R1-H2,WCH,2015,110mH,M,R1,2,0.193,,MOCK,1
WCH2015-110mH-M-R1-H2,WCH,2015,110mH,M,R1,2,0.187,,MOCK,1
WCH2015-110mH-M-R1-H3,WCH,2015,110mH,M,R1,3,0.153,,MOCK,1
WCH2015-110mH-M-R1-H3,WCH,2015,110mH,M,R1,3,0.144,,MOCK,1
WCH2015-110mH-M-R1-H3,WCH,2015,110mH,M,R1,3,0.182,,MOCK,1
WCH2015-110mH-M-R1-H3,WCH,2015,110mH,M,R1,3,0.143,,MOCK,1
WCH2015-110mH-M-R1-H3,WCH,2015,110mH,M,R1,3,0.147,,MOCK,1
WCH2015-110mH-M-R1-H3,WCH,2015,110mH,M,R1,3,0.158,,MOCK,1
WCH2015-110mH-M-R1-H3,WCH,2015,110mH,M,R1,3,0.166,,MOCK,1
WCH2015-110mH-M-R1-H3,WCH,2015,110mH,M,R1,3,0.175,,MOCK,1
WCH2015-110mH-M-R1-H4,WCH,2015,110mH,M,R1,4,0.137,,MOCK,1
WCH2015-110mH-M-R1-H4,WCH,2015,110mH,M,R1,4,0.174,,MOCK,1
WCH2015-110mH-M-R1-H4,WCH,2015,110mH,M,R1,4,0.175,,MOCK,1
WCH2015-110mH-M-R1-H4,WCH,2015,110mH,M,R1,4,0.161,,MOCK,1
WCH2015-110mH-M-R1-H4,WCH,2015,110mH,M,R1,4,0.151,,MOCK,1
WCH2015-110mH-M-R1-H4,WCH,2015,110mH,M,R1,4,0.178,,MOCK,1
WCH2015-110mH-M-R1-H4,WCH,2015,110mH,M,R1,4,0.169,,MOCK,1
WCH2015-110mH-M-R1-H5,WCH,2015,110mH,M,R1,5,0.172,,MOCK,1
WCH2015-110mH-M-R1-H5,WCH,2015,110mH,M,R1,5,0.17,,MOCK,1
WCH2015-110mH-M-R1-H5,WCH,2015,110mH,M,R1,5,0.156,,MOCK,1
WCH2015-110mH-M-R1-H5,WCH,2015,110mH,M,R1,5,0.128,,MOCK,1
WCH2015-110mH-M-R1-H5,WCH,2015,110mH,M,R1,5,0.212,,MOCK,1
WCH2015-110mH-M-R1-H5,WCH,2015,110mH,M,R1,5,0.152,,MOCK,1
WCH2015-110mH-M-R1-H5,WCH,2015,110mH,M,R1,5,0.146,,MOCK,1
WCH2015-110mH-M-R1-H5,WCH,2015,110mH,M,R1,5,0.16,,MOCK,1
WCH2015-110mH-M-R1-H6,WCH,2015,110mH,M,R1,6,0.156,,MOCK,1
WCH2015-110mH-M-R1-H6,WCH,2015,110mH,M,R1,6,0.149,,MOCK,1
WCH2015-110mH-M-R1-H6,WCH,2015,110mH,M,R1,6,0.139,,MOCK,1
WCH2015-110mH-M-R1-H6,WCH,2015,110mH,M,R1,6,0.157,,MOCK,1
WCH2015-110mH-M-R1-H6,WCH,2015,110mH,M,R1,6,0.132,,MOCK,1
WCH2015-110mH-M-R1-H6,WCH,2015,110mH,M,R1,6,0.145,,MOCK,1
WCH2015-110mH-M-R1-H6,WCH,2015,110mH,M,R1,6,0.163,,MOCK,1
WCH2015-110mH-M-R1-H6,WCH,2015,110mH,M,R1,6,0.138,,MOCK,1
WCH2015-110mH-M-SF-H1,WCH,2015,110mH,M,SF,1,0.186,,MOCK,1
WCH2015-110mH-M-SF-H1,WCH,2015,110mH,M,SF,1,0.162,,MOCK,1
WCH2015-110mH-M-SF-H1,WCH,2015,110mH,M,SF,1,0.147,,MOCK,1
WCH2015-110mH-M-SF-H1,WCH,2015,110mH,M,SF,1,0.144,,MOCK,1
WCH2015-110mH-M-SF-H1,WCH,2015,110mH,M,SF,1,0.163,,MOCK,1
WCH2015-110mH-M-SF-H1,WCH,2015,110mH,M,SF,1,0.16,,MOCK,1
WCH2015-110mH-M-SF-H1,WCH,2015,110mH,M,SF,1,0.158,,MOCK,1
WCH2015-110mH-M-SF-H1,WCH,2015,110mH,M,SF,1,0.138,,MOCK,1
WCH2015-110mH-M-SF-H2,WCH,2015,110mH,M,SF,2,0.146,,MOCK,1
WCH2015-110mH-M-SF-H2,WCH,2015,110mH,M,SF,2,0.162,,MOCK,1
WCH2015-110mH-M-SF-H2,WCH,2015,110mH,M,SF,2,0.143,,MOCK,1
WCH2015-110mH-M-SF-H2,WCH,2015,110mH,M,SF,2,0.165,,MOCK,1
WCH2015-110mH-M-SF-H2,WCH,2015,110mH,M,SF,2,0.145,,MOCK,1
WCH2015-110mH-M-SF-H2,WCH,2015,110mH,M,SF,2,0.14,,MOCK,1
WCH2015-110mH-M-SF-H2,WCH,2015,110mH,M,SF,2,0.172,,MOCK,1
WCH2015-110mH-M-SF-H2,WCH,2015,110mH,M,SF,2,0.177,,MOCK,1
WCH2015-110mH-M-SF-H3,WCH,2015,110mH,M,SF,3,0.141,,MOCK,1
WCH2015-110mH-M-SF-H3,WCH,2015,110mH,M,SF,3,0.175,,MOCK,1
WCH2015-110mH-M-SF-H3,WCH,2015,110mH,M,SF,3,0.142,,MOCK,1
WCH2015-110mH-M-SF-H3,WCH,2015,110mH,M,SF,3,0.143,,MOCK,1
WCH2015-110mH-M-SF-H3,WCH,2015,110mH,M,SF,3,0.154,,MOCK,1
WCH2015-110mH-M-SF-H3,WCH,2015,110mH,M,SF,3,0.124,,MOCK,1
WCH2015-110mH-M-SF-H3,WCH,2015,110mH,M,SF,3,0.157,,MOCK,1
WCH2015-110mH-M-SF-H3,WCH,2015,110mH,M,SF,3,0.178,,MOCK,1
WCH2015-110mH-M-F-H1,WCH,2015,110mH,M,F,1,0.138,,MOCK,1
WCH2015-110mH-M-F-H1,WCH,2015,110mH,M,F,1,0.135,,MOCK,1
WCH2015-110mH-M-F-H1,WCH,2015,110mH,M,F,1,0.154,,MOCK,1
WCH2015-110mH-M-F-H1,WCH,2015,110mH,M,F,1,0.151,,MOCK,1
WCH2015-110mH-M-F-H1,WCH,2015,110mH,M,F,1,0.149,,MOCK,1
WCH2015-110mH-M-F-H1,WCH,2015,110mH,M,F,1,0.164,,MOCK,1
WCH2015-110mH-M-F-H1,WCH,2015,110mH,M,F,1,0.145,,MOCK,1
WCH2015-110mH-M-F-H1,WCH,2015,110mH,M,F,1,0.183,,MOCK,1
WCH2015-100m-W-PR-H1,WCH,2015,100m,W,PR,1,0.144,,MOCK,1
WCH2015-100m-W-PR-H1,WCH,2015,100m,W,PR,1,0.151,,MOCK,1
WCH2015-100m-W-PR-H1,WCH,2015,100m,W,PR,1,0.165,,MOCK,1
WCH2015-100m-W-PR-H1,WCH,2015,100m,W,PR,1,0.157,,MOCK,1
WCH2015-100m-W-PR-H1,WCH,2015,100m,W,PR,1,0.155,,MOCK,1
WCH2015-100m-W-PR-H1,WCH,2015,100m,W,PR,1,0.194,,MOCK,1
WCH2015-100m-W-PR-H1,WCH,2015,100m,W,PR,1,0.179,,MOCK,1
WCH2015-100m-W-PR-H1,WCH,2015,100m,W,PR,1,0.172,,MOCK,1
WCH2015-100m-W-PR-H2,WCH,2015,100m,W,PR,2,0.139,,MOCK,1
WCH2015-100m-W-PR-H2,WCH,2015,100m,W,PR,2,0.181,,MOCK,1
WCH2015-100m-W-PR-H2,WCH,2015,100m,W,PR,2,0.144,,MOCK,1
WCH2015-100m-W-PR-H2,WCH,2015,100m,W,PR,2,0.167,,MOCK,1
WCH2015-100m-W-PR-H2,WCH,2015,100m,W,PR,2,0.156,,MOCK,1
WCH2015-100m-W-PR-H2,WCH,2015,100m,W,PR,2,0.164,,MOCK,1
WCH2015-100m-W-PR-H2,WCH,2015,100m,W,PR,2,0.165,,MOCK,1
WCH2015-100m-W-PR-H2,WCH,2015,100m,W,PR,2,0.153,,MOCK,1
WCH2015-100m-W-R1-H1,WCH,2015,100m,W,R1,1,0.16,,MOCK,1
WCH2015-100m-W-R1-H1,WCH,2015,100m,W,R1,1,0.141,,MOCK,1
WCH2015-100m-W-R1-H1,WCH,2015,100m,W,R1,1,0.152,,MOCK,1
WCH2015-100m-W-R1-H1,WCH,2015,100m,W,R1,1,0.152,,MOCK,1
WCH2015-100m-W-R1-H1,WCH,2015,100m,W,R1,1,0.146,,MOCK,1
WCH2015-100m-W-R1-H1,WCH,2015,100m,W,R1,1,0.148,,MOCK,1
WCH2015-100m-W-R1-H1,WCH,2015,100m,W,R1,1,0.182,,MOCK,1
WCH2015-100m-W-R1-H1,WCH,2015,100m,W,R1,1,0.162,,MOCK,1
WCH2015-100m-W-R1-H2,WCH,2015,100m,W,R1,2,0.169,,MOCK,1
WCH2015-100m-W-R1-H2,WCH,2015,100m,W,R1,2,0.164,,MOCK,1
WCH2015-100m-W-R1-H2,WCH,2015,100m,W,R1,2,0.187,,MOCK,1
WCH2015-100m-W-R1-H2,WCH,2015,100m,W,R1,2,0.175,,MOCK,1
WCH2015-100m-W-R1-H2,WCH,2015,100m,W,R1,2,0.131,,MOCK,1
WCH2015-100m-W-R1-H2,WCH,2015,100m,W,R1,2,0.173,,MOCK,1
WCH2015-100m-W-R1-H2,WCH,2015,100m,W,R1,2,0.176,,MOCK,1
WCH2015-100m-W-R1-H2,WCH,2015,100m,W,R1,2,0.153,,MOCK,1
WCH2015-100m-W-R1-H3,WCH,2015,100m,W,R1,3,0.159,,MOCK,1
WCH2015-100m-W-R1-H3,WCH,2015,100m,W,R1,3,0.17,,MOCK,1
WCH2015-100m-W-R1-H3,WCH,2015,100m,W,R1,3,0.122,,MOCK,1
WCH2015-100m-W-R1-H3,WCH,2015,100m,W,R1,3,0.137,,MOCK,1
WCH2015-100m-W-R1-H3,WCH,2015,100m,W,R1,3,0.137,,MOCK,1
WCH2015-100m-W-R1-H3,WCH,2015,100m,W,R1,3,0.146,,MOCK,1
WCH2015-100m-W-R1-H3,WCH,2015,100m,W,R1,3,0.15,,MOCK,1
WCH2015-100m-W-R1-H3,WCH,2015,100m,W,R1,3,0.114,,MOCK,1
WCH2015-100m-W-R1-H4,WCH,2015,100m,W,R1,4,0.178,,MOCK,1
WCH2015-100m-W-R1-H4,WCH,2015,100m,W,R1,4,0.164,,MOCK,1
WCH2015-100m-W-R1-H4,WCH,2015,100m,W,R1,4,0.161,,MOCK,1
WCH2015-100m-W-R1-H4,WCH,2015,100m,W,R1,4,0.126,,MOCK,1
WCH2015-100m-W-R1-H4,WCH,2015,100m,W,R1,4,0.127,,MOCK,1
WCH2015-100m-W-R1-H4,WCH,2015,100m,W,R1,4,0.154,,MOCK,1
WCH2015-100m-W-R1-H4,WCH,2015,100m,W,R1,4,0.152,,MOCK,1
WCH2015-100m-W-R1-H4,WCH,2015,100m,W,R1,4,0.149,,MOCK,1
WCH2015-100m-W-R1-H5,WCH,2015,100m,W,R1,5,0.144,,MOCK,1
WCH2015-100m-W-R1-H5,WCH,2015,100m,W,R1,5,0.151,,MOCK,1
WCH2015-100m-W-R1-H5,WCH,2015,100m,W,R1,5,0.11,,MOCK,1
WCH2015-100m-W-R1-H5,WCH,2015,100m,W,R1,5,0.14,,MOCK,1
WCH2015-100m-W-R1-H5,WCH,2015,100m,W,R1,5,0.147,,MOCK,1
WCH2015-100m-W-R1-H5,WCH,2015,100m,W,R1,5,0.154,,MOCK,1
WCH2015-100m-W-R1-H5,WCH,2015,100m,W,R1,5,0.129,,MOCK,1
WCH2015-100m-W-R1-H6,WCH,2015,100m,W,R1,6,0.171,,MOCK,1
WCH2015-100m-W-R1-H6,WCH,2015,100m,W,R1,6,0.172,,MOCK,1
WCH2015-100m-W-R1-H6,WCH,2015,100m,W,R1,6,0.148,,MOCK,1
WCH2015-100m-W-R1-H6,WCH,2015,100m,W,R1,6,0.15,,MOCK,1
WCH2015-100m-W-R1-H6,WCH,2015,100m,W,R1,6,0.159,,MOCK,1
WCH2015-100m-W-R1-H6,WCH,2015,100m,W,R1,6,0.14,,MOCK,1
WCH2015-100m-W-R1-H6,WCH,2015,100m,W,R1,6,0.195,,MOCK,1
WCH2015-100m-W-R1-H6,WCH,2015,100m,W,R1,6,0.177,,MOCK,1
WCH2015-100m-W-SF-H1,WCH,2015,100m,W,SF,1,0.155,,MOCK,1
WCH2015-100m-W-SF-H1,WCH,2015,100m,W,SF,1,0.173,,MOCK,1
WCH2015-100m-W-SF-H1,WCH,2015,100m,W,SF,1,0.152,,MOCK,1
WCH2015-100m-W-SF-H1,WCH,2015,100m,W,SF,1,0.154,,MOCK,1
WCH2015-100m-W-SF-H1,WCH,2015,100m,W,SF,1,0.136,,MOCK,1
WCH2015-100m-W-SF-H1,WCH,2015,100m,W,SF,1,0.155,,MOCK,1
WCH2015-100m-W-SF-H1,WCH,2015,100m,W,SF,1,0.173,,MOCK,1
WCH2015-100m-W-SF-H1,WCH,2015,100m,W,SF,1,0.167,,MOCK,1
WCH2015-100m-W-SF-H2,WCH,2015,100m,W,SF,2,0.131,,MOCK,1
WCH2015-100m-W-SF-H2,WCH,2015,100m,W,SF,2,0.154,,MOCK,1
WCH2015-100m-W-SF-H2,WCH,2015,100m,W,SF,2,0.178,,MOCK,1
WCH2015-100m-W-SF-H2,WCH,2015,100m,W,SF,2,0.16,,MOCK,1
WCH2015-100m-W-SF-H2,WCH,2015,100m,W,SF,2,0.16,,MOCK,1
WCH2015-100m-W-SF-H2,WCH,2015,100m,W,SF,2,0.167,,MOCK,1
WCH2015-100m-W-SF-H2,WCH,2015,100m,W,SF,2,0.192,,MOCK,1
WCH2015-100m-W-SF-H2,WCH,2015,100m,W,SF,2,0.181,,MOCK,1
WCH2015-100m-W-SF-H3,WCH,2015,100m,W,SF,3,0.174,,MOCK,1
WCH2015-100m-W-SF-H3,WCH,2015,100m,W,SF,3,0.153,,MOCK,1
WCH2015-100m-W-SF-H3,WCH,2015,100m,W,SF,3,0.145,,MOCK,1
WCH2015-100m-W-SF-H3,WCH,2015,100m,W,SF,3,0.136,,MOCK,1
WCH2015-100m-W-SF-H3,WCH,2015,100m,W,SF,3,0.144,,MOCK,1
WCH2015-100m-W-SF-H3,WCH,2015,100m,W,SF,3,0.16,,MOCK,1
WCH2015-100m-W-SF-H3,WCH,2015,100m,W,SF,3,0.15,,MOCK,1
WCH2015-100m-W-SF-H3,WCH,2015,100m,W,SF,3,0.147,,MOCK,1
WCH2015-100m-W-F-H1,WCH,2015,100m,W,F,1,0.149,,MOCK,1
WCH2015-100m-W-F-H1,WCH,2015,100m,W,F,1,0.134,,MOCK,1
WCH2015-100m-W-F-H1,WCH,2015,100m,W,F,1,0.13,,MOCK,1
WCH2015-100m-W-F-H1,WCH,2015,100m,W,F,1,0.163,,MOCK,1
WCH2015-100m-W-F-H1,WCH,2015,100m,W,F,1,0.148,,MOCK,1
WCH2015-100m-W-F-H1,WCH,2015,100m,W,F,1,0.138,,MOCK,1
WCH2015-100m-W-F-H1,WCH,2015,100m,W,F,1,0.133,,MOCK,1
WCH2015-100m-W-F-H1,WCH,2015,100m,W,F,1,0.14,,MOCK,1
WCH2015-200m-W-R1-H1,WCH,2015,200m,W,R1,1,0.157,,MOCK,1
WCH2015-200m-W-R1-H1,WCH,2015,200m,W,R1,1,0.208,,MOCK,1
WCH2015-200m-W-R1-H1,WCH,2015,200m,W,R1,1,0.198,,MOCK,1
WCH2015-200m-W-R1-H1,WCH,2015,200m,W,R1,1,0.189,,MOCK,1
WCH2015-200m-W-R1-H1,WCH,2015,200m,W,R1,1,0.177,,MOCK,1
WCH2015-200m-W-R1-H1,WCH,2015,200m,W,R1,1,0.141,,MOCK,1
WCH2015-200m-W-R1-H1,WCH,2015,200m,W,R1,1,0.146,,MOCK,1
WCH2015-200m-W-R1-H2,WCH,2015,200m,W,R1,2,0.2,,MOCK,1
WCH2015-200m-W-R1-H2,WCH,2015,200m,W,R1,2,0.176,,MOCK,1
WCH2015-200m-W-R1-H2,WCH,2015,200m,W,R1,2,0.172,,MOCK,1
WCH2015-200m-W-R1-H2,WCH,2015,200m,W,R1,2,0.151,,MOCK,1
WCH2015-200m-W-R1-H2,WCH,2015,200m,W,R1,2,0.15,,MOCK,1
WCH2015-200m-W-R1-H2,WCH,2015,200m,W,R1,2,0.17,,MOCK,1
WCH2015-200m-W-R1-H2,WCH,2015,200m,W,R1,2,0.164,,MOCK,1
WCH2015-200m-W-R1-H2,WCH,2015,200m,W,R1,2,0.164,,MOCK,1
WCH2015-200m-W-R1-H3,WCH,2015,200m,W,R1,3,0.157,,MOCK,1
WCH2015-200m-W-R1-H3,WCH,2015,200m,W,R1,3,0.172,,MOCK,1
WCH2015-200m-W-R1-H3,WCH,2015,200m,W,R1,3,0.148,,MOCK,1
WCH2015-200m-W-R1-H3,WCH,2015,200m,W,R1,3,0.151,,MOCK,1
WCH2015-200m-W-R1-H3,WCH,2015,200m,W,R1,3,0.178,,MOCK,1
WCH2015-200m-W-R1-H3,WCH,2015,200m,W,R1,3,0.168,,MOCK,1
WCH2015-200m-W-R1-H3,WCH,2015,200m,W,R1,3,0.166,,MOCK,1
WCH2015-200m-W-R1-H3,WCH,2015,200m,W,R1,3,0.129,,MOCK,1
WCH2015-200m-W-R1-H4,WCH,2015,200m,W,R1,4,0.181,,MOCK,1
WCH2015-200m-W-R1-H4,WCH,2015,200m,W,R1,4,0.18,,MOCK,1
WCH2015-200m-W-R1-H4,WCH,2015,200m,W,R1,4,0.166,,MOCK,1
WCH2015-200m-W-R1-H4,WCH,2015,200m,W,R1,4,0.179,,MOCK,1
WCH2015-200m-W-R1-H4,WCH,2015,200m,W,R1,4,0.154,,MOCK,1
WCH2015-200m-W-R1-H4,WCH,2015,200m,W,R1,4,0.156,,MOCK,1
WCH2015-200m-W-R1-H4,WCH,2015,200m,W,R1,4,0.159,,MOCK,1
WCH2015-200m-W-R1-H4,WCH,2015,200m,W,R1,4,0.145,,MOCK,1
WCH2015-200m-W-R1-H5,WCH,2015,200m,W,R1,5,0.137,,MOCK,1
WCH2015-200m-W-R1-H5,WCH,2015,200m,W,R1,5,0.137,,MOCK,1
WCH2015-200m-W-R1-H5,WCH,2015,200m,W,R1,5,0.117,,MOCK,1
WCH2015-200m-W-R1-H5,WCH,2015,200m,W,R1,5,0.166,,MOCK,1
WCH2015-200m-W-R1-H5,WCH,2015,200m,W,R1,5,0.167,,MOCK,1
WCH2015-200m-W-R1-H5,WCH,2015,200m,W,R1,5,0.15,,MOCK,1
WCH2015-200m-W-R1-H5,WCH,2015,200m,W,R1,5,0.164,,MOCK,1
WCH2015-200m-W-R1-H6,WCH,2015,200m,W,R1,6,0.156,,MOCK,1
WCH2015-200m-W-R1-H6,WCH,2015,200m,W,R1,6,0.161,,MOCK,1
WCH2015-200m-W-R1-H6,WCH,2015,200m,W,R1,6,0.165,,MOCK,1
WCH2015-200m-W-R1-H6,WCH,2015,200m,W,R1,6,0.162,,MOCK,1
WCH2015-200m-W-R1-H6,WCH,2015,200m,W,R1,6,0.148,,MOCK,1
WCH2015-200m-W-R1-H6,WCH,2015,200m,W,R1,6,0.162,,MOCK,1
WCH2015-200m-W-R1-H6,WCH,2015,200m,W,R1,6,0.168,,MOCK,1
WCH2015-200m-W-R1-H6,WCH,2015,200m,W,R1,6,0.142,,MOCK,1
WCH2015-200m-W-SF-H1,WCH,2015,200m,W,SF,1,0.165,,MOCK,1
WCH2015-200m-W-SF-H1,WCH,2015,200m,W,SF,1,0.156,,MOCK,1
WCH2015-200m-W-SF-H1,WCH,2015,200m,W,SF,1,0.148,,MOCK,1
WCH2015-200m-W-SF-H1,WCH,2015,200m,W,SF,1,0.179,,MOCK,1
WCH2015-200m-W-SF-H1,WCH,2015,200m,W,SF,1,0.166,,MOCK,1
WCH2015-200m-W-SF-H1,WCH,2015,200m,W,SF,1,0.144,,MOCK,1
WCH2015-200m-W-SF-H1,WCH,2015,200m,W,SF,1,0.16,,MOCK,1
WCH2015-200m-W-SF-H1,WCH,2015,200m,W,SF,1,0.18,,MOCK,1
WCH2015-200m-W-SF-H2,WCH,2015,200m,W,SF,2,0.159,,MOCK,1
WCH2015-200m-W-SF-H2,WCH,2015,200m,W,SF,2,0.172,,MOCK,1
WCH2015-200m-W-SF-H2,WCH,2015,200m,W,SF,2,0.159,,MOCK,1
WCH2015-200m-W-SF-H2,WCH,2015,200m,W,SF,2,0.168,,MOCK,1
WCH2015-200m-W-SF-H2,WCH,2015,200m,W,SF,2,0.167,,MOCK,1
WCH2015-200m-W-SF-H2,WCH,2015,200m,W,SF,2,0.147,,MOCK,1
WCH2015-200m-W-SF-H2,WCH,2015,200m,W,SF,2,0.182,,MOCK,1
WCH2015-200m-W-SF-H2,WCH,2015,200m,W,SF,2,0.158,,MOCK,1
WCH2015-200m-W-SF-H3,WCH,2015,200m,W,SF,3,0.154,,MOCK,1
WCH2015-200m-W-SF-H3,WCH,2015,200m,W,SF,3,0.186,,MOCK,1
WCH2015-200m-W-SF-H3,WCH,2015,200m,W,SF,3,0.143,,MOCK,1
WCH2015-200m-W-SF-H3,WCH,2015,200m,W,SF,3,0.18,,MOCK,1
WCH2015-200m-W-SF-H3,WCH,2015,200m,W,SF,3,0.167,,MOCK,1
WCH2015-200m-W-SF-H3,WCH,2015,200m,W,SF,3,0.17,,MOCK,1
WCH2015-200m-W-SF-H3,WCH,2015,200m,W,SF,3,0.155,,MOCK,1
WCH2015-200m-W-SF-H3,WCH,2015,200m,W,SF,3,0.15,,MOCK,1
WCH2015-200m-W-F-H1,WCH,2015,200m,W,F,1,0.176,,MOCK,1
WCH2015-200m-W-F-H1,WCH,2015,200m,W,F,1,0.167,,MOCK,1
WCH2015-200m-W-F-H1,WCH,2015,200m,W,F,1,0.152,,MOCK,1
WCH2015-200m-W-F-H1,WCH,2015,200m,W,F,1,0.162,,MOCK,1
WCH2015-200m-W-F-H1,WCH,2015,200m,W,F,1,0.154,,MOCK,1
WCH2015-200m-W-F-H1,WCH,2015,200m,W,F,1,0.183,,MOCK,1
WCH2015-200m-W-F-H1,WCH,2015,200m,W,F,1,0.16,,MOCK,1
WCH2015-200m-W-F-H1,WCH,2015,200m,W,F,1,0.144,,MOCK,1
WCH2015-100mH-W-R1-H1,WCH,2015,100mH,W,R1,1,0.151,,MOCK,1
WCH2015-100mH-W-R1-H1,WCH,2015,100mH,W,R1,1,0.155,,MOCK,1
WCH2015-100mH-W-R1-H1,WCH,2015,100mH,W,R1,1,0.153,,MOCK,1
WCH2015-100mH-W-R1-H1,WCH,2015,100mH,W,R1,1,0.189,,MOCK,1
WCH2015-100mH-W-R1-H1,WCH,2015,100mH,W,R1,1,0.163,,MOCK,1
WCH2015-100mH-W-R1-H1,WCH,2015,100mH,W,R1,1,0.141,,MOCK,1
WCH2015-100mH-W-R1-H1,WCH,2015,100mH,W,R1,1,0.166,,MOCK,1
WCH2015-100mH-W-R1-H1,WCH,2015,100mH,W,R1,1,0.189,,MOCK,1
WCH2015-100mH-W-R1-H2,WCH,2015,100mH,W,R1,2,0.183,,MOCK,1
WCH2015-100mH-W-R1-H2,WCH,2015,100mH,W,R1,2,0.136,,MOCK,1
WCH2015-100mH-W-R1-H2,WCH,2015,100mH,W,R1,2,0.168,,MOCK,1
WCH2015-100mH-W-R1-H2,WCH,2015,100mH,W,R1,2,0.161,,MOCK,1
WCH2015-100mH-W-R1-H2,WCH,2015,100mH,W,R1,2,0.19,,MOCK,1
WCH2015-100mH-W-R1-H2,WCH,2015,100mH,W,R1,2,0.193,,MOCK,1
WCH2015-100mH-W-R1-H2,WCH,2015,100mH,W,R1,2,0.169,,MOCK,1
WCH2015-100mH-W-R1-H2,WCH,2015,100mH,W,R1,2,0.147,,MOCK,1
WCH2015-100mH-W-R1-H3,WCH,2015,100mH,W,R1,3,0.15,,MOCK,1
WCH2015-100mH-W-R1-H3,WCH,2015,100mH,W,R1,3,0.158,,MOCK,1
WCH2015-100mH-W-R1-H3,WCH,2015,100mH,W,R1,3,0.162,,MOCK,1
WCH2015-100mH-W-R1-H3,WCH,2015,100mH,W,R1,3,0.14,,MOCK,1
WCH2015-100mH-W-R1-H3,WCH,2015,100mH,W,R1,3,0.153,,MOCK,1
WCH2015-100mH-W-R1-H3,WCH,2015,100mH,W,R1,3,0.179,,MOCK,1
WCH2015-100mH-W-R1-H3,WCH,2015,100mH,W,R1,3,0.156,,MOCK,1
WCH2015-100mH-W-R1-H3,WCH,2015,100mH,W,R1,3,0.173,,MOCK,1
WCH2015-100mH-W-R1-H4,WCH,2015,100mH,W,R1,4,0.11,,MOCK,1
WCH2015-100mH-W-R1-H4,WCH,2015,100mH,W,R1,4,0.157,,MOCK,1
WCH2015-100mH-W-R1-H4,WCH,2015,100mH,W,R1,4,0.182,,MOCK,1
WCH2015-100mH-W-R1-H4,WCH,2015,100mH,W,R1,4,0.129,,MOCK,1
WCH2015-100mH-W-R1-H4,WCH,2015,100mH,W,R1,4,0.163,,MOCK,1
WCH2015-100mH-W-R1-H4,WCH,2015,100mH,W,R1,4,0.134,,MOCK,1
WCH2015-100mH-W-R1-H4,WCH,2015,100mH,W,R1,4,0.156,,MOCK,1
WCH2015-100mH-W-R1-H4,WCH,2015,100mH,W,R1,4,0.137,,MOCK,1
WCH2015-100mH-W-R1-H5,WCH,2015,100mH,W,R1,5,0.162,,MOCK,1
WCH2015-100mH-W-R1-H5,WCH,2015,100mH,W,R1,5,0.184,,MOCK,1
WCH2015-100mH-W-R1-H5,WCH,2015,100mH,W,R1,5,0.161,,MOCK,1
WCH2015-100mH-W-R1-H5,WCH,2015,100mH,W,R1,5,0.168,,MOCK,1
WCH2015-100mH-W-R1-H5,WCH,2015,100mH,W,R1,5,0.183,,MOCK,1
WCH2015-100mH-W-R1-H5,WCH,2015,100mH,W,R1,5,0.168,,MOCK,1
WCH2015-100mH-W-R1-H5,WCH,2015,100mH,W,R1,5,0.148,,MOCK,1
WCH2015-100mH-W-R1-H6,WCH,2015,100mH,W,R1,6,0.159,,MOCK,1
WCH2015-100mH-W-R1-H6,WCH,2015,100mH,W,R1,6,0.167,,MOCK,1
WCH2015-100mH-W-R1-H6,WCH,2015,100mH,W,R1,6,0.161,,MOCK,1
WCH2015-100mH-W-R1-H6,WCH,2015,100mH,W,R1,6,0.171,,MOCK,1
WCH2015-100mH-W-R1-H6,WCH,2015,100mH,W,R1,6,0.171,,MOCK,1
WCH2015-100mH-W-R1-H6,WCH,2015,100mH,W,R1,6,0.152,,MOCK,1
WCH2015-100mH-W-R1-H6,WCH,2015,100mH,W,R1,6,0.136,,MOCK,1
WCH2015-100mH-W-R1-H6,WCH,2015,100mH,W,R1,6,0.198,,MOCK,1
WCH2015-100mH-W-SF-H1,WCH,2015,100mH,W,SF,1,0.15,,MOCK,1
WCH2015-100mH-W-SF-H1,WCH,2015,100mH,W,SF,1,0.197,,MOCK,1
WCH2015-100mH-W-SF-H1,WCH,2015,100mH,W,SF,1,0.162,,MOCK,1
WCH2015-100mH-W-SF-H1,WCH,2015,100mH,W,SF,1,0.15,,MOCK,1
WCH2015-100mH-W-SF-H1,WCH,2015,100mH,W,SF,1,0.173,,MOCK,1
WCH2015-100mH-W-SF-H1,WCH,2015,100mH,W,SF,1,0.161,,MOCK,1
WCH2015-100mH-W-SF-H1,WCH,2015,100mH,W,SF,1,0.154,,MOCK,1
WCH2015-100mH-W-SF-H1,WCH,2015,100mH,W,SF,1,0.16,,MOCK,1
WCH2015-100mH-W-SF-H2,WCH,2015,100mH,W,SF,2,0.137,,MOCK,1
WCH2015-100mH-W-SF-H2,WCH,2015,100mH,W,SF,2,0.189,,MOCK,1
WCH2015-100mH-W-SF-H2,WCH,2015,100mH,W,SF,2,0.166,,MOCK,1
WCH2015-100mH-W-SF-H2,WCH,2015,100mH,W,SF,2,0.181,,MOCK,1
WCH2015-100mH-W-SF-H2,WCH,2015,100mH,W,SF,2,0.141,,MOCK,1
WCH2015-100mH-W-SF-H2,WCH,2015,100mH,W,SF,2,0.166,,MOCK,1
WCH2015-100mH-W-SF-H2,WCH,2015,100mH,W,SF,2,0.131,,MOCK,1
WCH2015-100mH-W-SF-H2,WCH,2015,100mH,W,SF,2,0.141,,MOCK,1
WCH2015-100mH-W-SF-H3,WCH,2015,100mH,W,SF,3,0.164,,MOCK,1
WCH2015-100mH-W-SF-H3,WCH,2015,100mH,W,SF,3,0.153,,MOCK,1
WCH2015-100mH-W-SF-H3,WCH,2015,100mH,W,SF,3,0.136,,MOCK,1
WCH2015-100mH-W-SF-H3,WCH,2015,100mH,W,SF,3,0.168,,MOCK,1
WCH2015-100mH-W-SF-H3,WCH,2015,100mH,W,SF,3,0.157,,MOCK,1
WCH2015-100mH-W-SF-H3,WCH,2015,100mH,W,SF,3,0.157,,MOCK,1
WCH2015-100mH-W-SF-H3,WCH,2015,100mH,W,SF,3,0.165,,MOCK,1
WCH2015-100mH-W-SF-H3,WCH,2015,100mH,W,SF,3,0.153,,MOCK,1
WCH2015-100mH-W-F-H1,WCH,2015,100mH,W,F,1,0.191,,MOCK,1
WCH2015-100mH-W-F-H1,WCH,2015,100mH,W,F,1,0.165,,MOCK,1
WCH2015-100mH-W-F-H1,WCH,2015,100mH,W,F,1,0.179,,MOCK,1
WCH2015-100mH-W-F-H1,WCH,2015,100mH,W,F,1,0.193,,MOCK,1
WCH2015-100mH-W-F-H1,WCH,2015,100mH,W,F,1,0.161,,MOCK,1
WCH2015-100mH-W-F-H1,WCH,2015,100mH,W,F,1,0.166,,MOCK,1
WCH2015-100mH-W-F-H1,WCH,2015,100mH,W,F,1,0.159,,MOCK,1
WCH2015-100mH-W-F-H1,WCH,2015,100mH,W,F,1,0.178,,MOCK,1
WCH2017-100m-M-PR-H1,WCH,2017,100m,M,PR,1,0.167,,MOCK,1
WCH2017-100m-M-PR-H1,WCH,2017,100m,M,PR,1,0.148,,MOCK,1
WCH2017-100m-M-PR-H1,WCH,2017,100m,M,PR,1,0.191,,MOCK,1
WCH2017-100m-M-PR-H1,WCH,2017,100m,M,PR,1,0.165,,MOCK,1
WCH2017-100m-M-PR-H1,WCH,2017,100m,M,PR,1,0.145,,MOCK,1
WCH2017-100m-M-PR-H1,WCH,2017,100m,M,PR,1,0.188,,MOCK,1
WCH2017-100m-M-PR-H1,WCH,2017,100m,M,PR,1,0.202,,MOCK,1
WCH2017-100m-M-PR-H1,WCH,2017,100m,M,PR,1,0.184,,MOCK,1
WCH2017-100m-M-PR-H2,WCH,2017,100m,M,PR,2,0.188,,MOCK,1
WCH2017-100m-M-PR-H2,WCH,2017,100m,M,PR,2,0.165,,MOCK,1
WCH2017-100m-M-PR-H2,WCH,2017,100m,M,PR,2,0.169,,MOCK,1
WCH2017-100m-M-PR-H2,WCH,2017,100m,M,PR,2,0.206,,MOCK,1
WCH2017-100m-M-PR-H2,WCH,2017,100m,M,PR,2,0.189,,MOCK,1
WCH2017-100m-M-PR-H2,WCH,2017,100m,M,PR,2,0.179,,MOCK,1
WCH2017-100m-M-PR-H2,WCH,2017,100m,M,PR,2,0.175,,MOCK,1
WCH2017-100m-M-R1-H1,WCH,2017,100m,M,R1,1,0.151,,MOCK,1
WCH2017-100m-M-R1-H1,WCH,2017,100m,M,R1,1,0.138,,MOCK,1
WCH2017-100m-M-R1-H1,WCH,2017,100m,M,R1,1,0.149,,MOCK,1
WCH2017-100m-M-R1-H1,WCH,2017,100m,M,R1,1,0.161,,MOCK,1
WCH2017-100m-M-R1-H1,WCH,2017,100m,M,R1,1,0.136,,MOCK,1
WCH2017-100m-M-R1-H1,WCH,2017,100m,M,R1,1,0.205,,MOCK,1
WCH2017-100m-M-R1-H1,WCH,2017,100m,M,R1,1,0.147,,MOCK,1
WCH2017-100m-M-R1-H2,WCH,2017,100m,M,R1,2,0.141,,MOCK,1
WCH2017-100m-M-R1-H2,WCH,2017,100m,M,R1,2,0.149,,MOCK,1
WCH2017-100m-M-R1-H2,WCH,2017,100m,M,R1,2,0.15,,MOCK,1
WCH2017-100m-M-R1-H2,WCH,2017,100m,M,R1,2,0.144,,MOCK,1
WCH2017-100m-M-R1-H2,WCH,2017,100m,M,R1,2,0.155,,MOCK,1
WCH2017-100m-M-R1-H2,WCH,2017,100m,M,R1,2,0.139,,MOCK,1
WCH2017-100m-M-R1-H2,WCH,2017,100m,M,R1,2,0.145,,MOCK,1
WCH2017-100m-M-R1-H2,WCH,2017,100m,M,R1,2,0.155,,MOCK,1
WCH2017-100m-M-R1-H3,WCH,2017,100m,M,R1,3,0.171,,MOCK,1
WCH2017-100m-M-R1-H3,WCH,2017,100m,M,R1,3,0.141,,MOCK,1
WCH2017-100m-M-R1-H3,WCH,2017,100m,M,R1,3,0.162,,MOCK,1
WCH2017-100m-M-R1-H3,WCH,2017,100m,M,R1,3,0.171,,MOCK,1
WCH2017-100m-M-R1-H3,WCH,2017,100m,M,R1,3,0.171,,MOCK,1
WCH2017-100m-M-R1-H3,WCH,2017,100m,M,R1,3,0.198,,MOCK,1
WCH2017-100m-M-R1-H3,WCH,2017,100m,M,R1,3,0.184,,MOCK,1
WCH2017-100m-M-R1-H3,WCH,2017,100m,M,R1,3,0.141,,MOCK,1
WCH2017-100m-M-R1-H4,WCH,2017,100m,M,R1,4,0.143,,MOCK,1
WCH2017-100m-M-R1-H4,WCH,2017,100m,M,R1,4,0.132,,MOCK,1
WCH2017-100m-M-R1-H4,WCH,2017,100m,M,R1,4,0.114,,MOCK,1
WCH2017-100m-M-R1-H4,WCH,2017,100m,M,R1,4,0.178,,MOCK,1
WCH2017-100m-M-R1-H4,WCH,2017,100m,M,R1,4,0.145,,MOCK,1
WCH2017-100m-M-R1-H4,WCH,2017,100m,M,R1,4,0.175,,MOCK,1
WCH2017-100m-M-R1-H4,WCH,2017,100m,M,R1,4,0.147,,MOCK,1
WCH2017-100m-M-R1-H5,WCH,2017,100m,M,R1,5,0.199,,MOCK,1
WCH2017-100m-M-R1-H5,WCH,2017,100m,M,R1,5,0.128,,MOCK,1
WCH2017-100m-M-R1-H5,WCH,2017,100m,M,R1,5,0.142,,MOCK,1
WCH2017-100m-M-R1-H5,WCH,2017,100m,M,R1,5,0.148,,MOCK,1
WCH2017-100m-M-R1-H5,WCH,2017,100m,M,R1,5,0.17,,MOCK,1
WCH2017-100m-M-R1-H5,WCH,2017,100m,M,R1,5,0.149,,MOCK,1
WCH2017-100m-M-R1-H5,WCH,2017,100m,M,R1,5,0.189,,MOCK,1
WCH2017-100m-M-R1-H5,WCH,2017,100m,M,R1,5,0.15,,MOCK,1
WCH2017-100m-M-R1-H6,WCH,2017,100m,M,R1,6,0.17,,MOCK,1
WCH2017-100m-M-R1-H6,WCH,2017,100m,M,R1,6,0.118,,MOCK,1
WCH2017-100m-M-R1-H6,WCH,2017,100m,M,R1,6,0.136,,MOCK,1
WCH2017-100m-M-R1-H6,WCH,2017,100m,M,R1,6,0.124,,MOCK,1
WCH2017-100m-M-R1-H6,WCH,2017,100m,M,R1,6,0.136,,MOCK,1
WCH2017-100m-M-R1-H6,WCH,2017,100m,M,R1,6,0.121,,MOCK,1
WCH2017-100m-M-R1-H6,WCH,2017,100m,M,R1,6,0.163,,MOCK,1
WCH2017-100m-M-SF-H1,WCH,2017,100m,M,SF,1,0.15,,MOCK,1
WCH2017-100m-M-SF-H1,WCH,2017,100m,M,SF,1,0.159,,MOCK,1
WCH2017-100m-M-SF-H1,WCH,2017,100m,M,SF,1,0.166,,MOCK,1
WCH2017-100m-M-SF-H1,WCH,2017,100m,M,SF,1,0.154,,MOCK,1
WCH2017-100m-M-SF-H1,WCH,2017,100m,M,SF,1,0.168,,MOCK,1
WCH2017-100m-M-SF-H1,WCH,2017,100m,M,SF,1,0.137,,MOCK,1
WCH2017-100m-M-SF-H1,WCH,2017,100m,M,SF,1,0.155,,MOCK,1
WCH2017-100m-M-SF-H1,WCH,2017,100m,M,SF,1,0.159,,MOCK,1
WCH2017-100m-M-SF-H2,WCH,2017,100m,M,SF,2,0.146,,MOCK,1
WCH2017-100m-M-SF-H2,WCH,2017,100m,M,SF,2,0.148,,MOCK,1
WCH2017-100m-M-SF-H2,WCH,2017,100m,M,SF,2,0.067,DQ TR16.8,MOCK,1
WCH2017-100m-M-SF-H2,WCH,2017,100m,M,SF,2,0.169,,MOCK,1
WCH2017-100m-M-SF-H2,WCH,2017,100m,M,SF,2,0.162,,MOCK,1
WCH2017-100m-M-SF-H2,WCH,2017,100m,M,SF,2,0.163,,MOCK,1
WCH2017-100m-M-SF-H2,WCH,2017,100m,M,SF,2,0.179,,MOCK,1
WCH2017-100m-M-SF-H2,WCH,2017,100m,M,SF,2,0.179,,MOCK,1
WCH2017-100m-M-SF-H3,WCH,2017,100m,M,SF,3,0.157,,MOCK,1
WCH2017-100m-M-SF-H3,WCH,2017,100m,M,SF,3,0.164,,MOCK,1
WCH2017-100m-M-SF-H3,WCH,2017,100m,M,SF,3,0.115,,MOCK,1
WCH2017-100m-M-SF-H3,WCH,2017,100m,M,SF,3,0.156,,MOCK,1
WCH2017-100m-M-SF-H3,WCH,2017,100m,M,SF,3,0.168,,MOCK,1
WCH2017-100m-M-SF-H3,WCH,2017,100m,M,SF,3,0.169,,MOCK,1
WCH2017-100m-M-SF-H3,WCH,2017,100m,M,SF,3,0.136,,MOCK,1
WCH2017-100m-M-SF-H3,WCH,2017,100m,M,SF,3,0.132,,MOCK,1
WCH2017-100m-M-F-H1,WCH,2017,100m,M,F,1,0.156,,MOCK,1
WCH2017-100m-M-F-H1,WCH,2017,100m,M,F,1,0.136,,MOCK,1
WCH2017-100m-M-F-H1,WCH,2017,100m,M,F,1,0.16,,MOCK,1
WCH2017-100m-M-F-H1,WCH,2017,100m,M,F,1,0.173,,MOCK,1
WCH2017-100m-M-F-H1,WCH,2017,100m,M,F,1,0.144,,MOCK,1
WCH2017-100m-M-F-H1,WCH,2017,100m,M,F,1,0.187,,MOCK,1
WCH2017-100m-M-F-H1,WCH,2017,100m,M,F,1,0.168,,MOCK,1
WCH2017-100m-M-F-H1,WCH,2017,100m,M,F,1,0.132,,MOCK,1
WCH2017-200m-M-R1-H1,WCH,2017,200m,M,R1,1,0.152,,MOCK,1
WCH2017-200m-M-R1-H1,WCH,2017,200m,M,R1,1,0.219,,MOCK,1
WCH2017-200m-M-R1-H1,WCH,2017,200m,M,R1,1,0.165,,MOCK,1
WCH2017-200m-M-R1-H1,WCH,2017,200m,M,R1,1,0.16,,MOCK,1
WCH2017-200m-M-R1-H1,WCH,2017,200m,M,R1,1,0.175,,MOCK,1
WCH2017-200m-M-R1-H1,WCH,2017,200m,M,R1,1,0.152,,MOCK,1
WCH2017-200m-M-R1-H1,WCH,2017,200m,M,R1,1,0.166,,MOCK,1
WCH2017-200m-M-R1-H1,WCH,2017,200m,M,R1,1,0.169,,MOCK,1
WCH2017-200m-M-R1-H2,WCH,2017,200m,M,R1,2,0.148,,MOCK,1
WCH2017-200m-M-R1-H2,WCH,2017,200m,M,R1,2,0.153,,MOCK,1
WCH2017-200m-M-R1-H2,WCH,2017,200m,M,R1,2,0.147,,MOCK,1
WCH2017-200m-M-R1-H2,WCH,2017,200m,M,R1,2,0.145,,MOCK,1
WCH2017-200m-M-R1-H2,WCH,2017,200m,M,R1,2,0.155,,MOCK,1
WCH2017-200m-M-R1-H2,WCH,2017,200m,M,R1,2,0.164,,MOCK,1
WCH2017-200m-M-R1-H2,WCH,2017,200m,M,R1,2,0.142,,MOCK,1
WCH2017-200m-M-R1-H2,WCH,2017,200m,M,R1,2,0.16,,MOCK,1
WCH2017-200m-M-R1-H3,WCH,2017,200m,M,R1,3,0.161,,MOCK,1
WCH2017-200m-M-R1-H3,WCH,2017,200m,M,R1,3,0.156,,MOCK,1
WCH2017-200m-M-R1-H3,WCH,2017,200m,M,R1,3,0.151,,MOCK,1
WCH2017-200m-M-R1-H3,WCH,2017,200m,M,R1,3,0.146,,MOCK,1
WCH2017-200m-M-R1-H3,WCH,2017,200m,M,R1,3,0.145,,MOCK,1
WCH2017-200m-M-R1-H3,WCH,2017,200m,M,R1,3,0.146,,MOCK,1
WCH2017-200m-M-R1-H3,WCH,2017,200m,M,R1,3,0.159,,MOCK,1
WCH2017-200m-M-R1-H3,WCH,2017,200m,M,R1,3,0.165,,MOCK,1
WCH2017-200m-M-R1-H4,WCH,2017,200m,M,R1,4,0.23,,MOCK,1
WCH2017-200m-M-R1-H4,WCH,2017,200m,M,R1,4,0.157,,MOCK,1
WCH2017-200m-M-R1-H4,WCH,2017,200m,M,R1,4,0.132,,MOCK,1
WCH2017-200m-M-R1-H4,WCH,2017,200m,M,R1,4,0.157,,MOCK,1
WCH2017-200m-M-R1-H4,WCH,2017,200m,M,R1,4,0.174,,MOCK,1
WCH2017-200m-M-R1-H4,WCH,2017,200m,M,R1,4,0.141,,MOCK,1
WCH2017-200m-M-R1-H4,WCH,2017,200m,M,R1,4,0.183,,MOCK,1
WCH2017-200m-M-R1-H5,WCH,2017,200m,M,R1,5,0.162,,MOCK,1
WCH2017-200m-M-R1-H5,WCH,2017,200m,M,R1,5,0.151,,MOCK,1
WCH2017-200m-M-R1-H5,WCH,2017,200m,M,R1,5,0.156,,MOCK,1
WCH2017-200m-M-R1-H5,WCH,2017,200m,M,R1,5,0.147,,MOCK,1
WCH2017-200m-M-R1-H5,WCH,2017,200m,M,R1,5,0.182,,MOCK,1
WCH2017-200m-M-R1-H5,WCH,2017,200m,M,R1,5,0.158,,MOCK,1
WCH2017-200m-M-R1-H5,WCH,2017,200m,M,R1,5,0.149,,MOCK,1
WCH2017-200m-M-R1-H5,WCH,2017,200m,M,R1,5,0.161,,MOCK,1
WCH2017-200m-M-R1-H6,WCH,2017,200m,M,R1,6,0.128,,MOCK,1
WCH2017-200m-M-R1-H6,WCH,2017,200m,M,R1,6,0.129,,MOCK,1
WCH2017-200m-M-R1-H6,WCH,2017,200m,M,R1,6,0.161,,MOCK,1
WCH2017-200m-M-R1-H6,WCH,2017,200m,M,R1,6,0.117,,MOCK,1
WCH2017-200m-M-R1-H6,WCH,2017,200m,M,R1,6,0.125,,MOCK,1
WCH2017-200m-M-R1-H6,WCH,2017,200m,M,R1,6,0.153,,MOCK,1
WCH2017-200m-M-R1-H6,WCH,2017,200m,M,R1,6,0.148,,MOCK,1
WCH2017-200m-M-R1-H6,WCH,2017,200m,M,R1,6,0.143,,MOCK,1
WCH2017-200m-M-SF-H1,WCH,2017,200m,M,SF,1,0.137,,MOCK,1
WCH2017-200m-M-SF-H1,WCH,2017,200m,M,SF,1,0.14,,MOCK,1
WCH2017-200m-M-SF-H1,WCH,2017,200m,M,SF,1,0.125,,MOCK,1
WCH2017-200m-M-SF-H1,WCH,2017,200m,M,SF,1,0.132,,MOCK,1
WCH2017-200m-M-SF-H1,WCH,2017,200m,M,SF,1,0.157,,MOCK,1
WCH2017-200m-M-SF-H1,WCH,2017,200m,M,SF,1,0.143,,MOCK,1
WCH2017-200m-M-SF-H1,WCH,2017,200m,M,SF,1,0.12,,MOCK,1
WCH2017-200m-M-SF-H1,WCH,2017,200m,M,SF,1,0.153,,MOCK,1
WCH2017-200m-M-SF-H2,WCH,2017,200m,M,SF,2,0.169,,MOCK,1
WCH2017-200m-M-SF-H2,WCH,2017,200m,M,SF,2,0.19,,MOCK,1
WCH2017-200m-M-SF-H2,WCH,2017,200m,M,SF,2,0.186,,MOCK,1
WCH2017-200m-M-SF-H2,WCH,2017,200m,M,SF,2,0.159,,MOCK,1
WCH2017-200m-M-SF-H2,WCH,2017,200m,M,SF,2,0.145,,MOCK,1
WCH2017-200m-M-SF-H2,WCH,2017,200m,M,SF,2,0.135,,MOCK,1
WCH2017-200m-M-SF-H2,WCH,2017,200m,M,SF,2,0.159,,MOCK,1
WCH2017-200m-M-SF-H2,WCH,2017,200m,M,SF,2,0.21,,MOCK,1
WCH2017-200m-M-SF-H3,WCH,2017,200m,M,SF,3,0.178,,MOCK,1
WCH2017-200m-M-SF-H3,WCH,2017,200m,M,SF,3,0.142,,MOCK,1
WCH2017-200m-M-SF-H3,WCH,2017,200m,M,SF,3,0.155,,MOCK,1
WCH2017-200m-M-SF-H3,WCH,2017,200m,M,SF,3,0.177,,MOCK,1
WCH2017-200m-M-SF-H3,WCH,2017,200m,M,SF,3,0.154,,MOCK,1
WCH2017-200m-M-SF-H3,WCH,2017,200m,M,SF,3,0.159,,MOCK,1
WCH2017-200m-M-SF-H3,WCH,2017,200m,M,SF,3,0.137,,MOCK,1
WCH2017-200m-M-SF-H3,WCH,2017,200m,M,SF,3,0.15,,MOCK,1
WCH2017-200m-M-F-H1,WCH,2017,200m,M,F,1,0.16,,MOCK,1
WCH2017-200m-M-F-H1,WCH,2017,200m,M,F,1,0.155,,MOCK,1
WCH2017-200m-M-F-H1,WCH,2017,200m,M,F,1,0.179,,MOCK,1
WCH2017-200m-M-F-H1,WCH,2017,200m,M,F,1,0.152,,MOCK,1
WCH2017-200m-M-F-H1,WCH,2017,200m,M,F,1,0.143,,MOCK,1
WCH2017-200m-M-F-H1,WCH,2017,200m,M,F,1,0.158,,MOCK,1
WCH2017-200m-M-F-H1,WCH,2017,200m,M,F,1,0.163,,MOCK,1
WCH2017-200m-M-F-H1,WCH,2017,200m,M,F,1,0.18,,MOCK,1
WCH2017-110mH-M-R1-H1,WCH,2017,110mH,M,R1,1,0.16,,MOCK,1
WCH2017-110mH-M-R1-H1,WCH,2017,110mH,M,R1,1,0.163,,MOCK,1
WCH2017-110mH-M-R1-H1,WCH,2017,110mH,M,R1,1,0.133,,MOCK,1
WCH2017-110mH-M-R1-H1,WCH,2017,110mH,M,R1,1,0.149,,MOCK,1
WCH2017-110mH-M-R1-H1,WCH,2017,110mH,M,R1,1,0.157,,MOCK,1
WCH2017-110mH-M-R1-H1,WCH,2017,110mH,M,R1,1,0.182,,MOCK,1
WCH2017-110mH-M-R1-H1,WCH,2017,110mH,M,R1,1,0.162,,MOCK,1
WCH2017-110mH-M-R1-H1,WCH,2017,110mH,M,R1,1,0.167,,MOCK,1
WCH2017-110mH-M-R1-H2,WCH,2017,110mH,M,R1,2,0.154,,MOCK,1
WCH2017-110mH-M-R1-H2,WCH,2017,110mH,M,R1,2,0.183,,MOCK,1
WCH2017-110mH-M-R1-H2,WCH,2017,110mH,M,R1,2,0.174,,MOCK,1
WCH2017-110mH-M-R1-H2,WCH,2017,110mH,M,R1,2,0.154,,MOCK,1
WCH2017-110mH-M-R1-H2,WCH,2017,110mH,M,R1,2,0.122,,MOCK,1
WCH2017-110mH-M-R1-H2,WCH,2017,110mH,M,R1,2,0.175,,MOCK,1
WCH2017-110mH-M-R1-H2,WCH,2017,110mH,M,R1,2,0.167,,MOCK,1
WCH2017-110mH-M-R1-H3,WCH,2017,110mH,M,R1,3,0.194,,MOCK,1
WCH2017-110mH-M-R1-H3,WCH,2017,110mH,M,R1,3,0.163,,MOCK,1
WCH2017-110mH-M-R1-H3,WCH,2017,110mH,M,R1,3,0.186,,MOCK,1
WCH2017-110mH-M-R1-H3,WCH,2017,110mH,M,R1,3,0.157,,MOCK,1
WCH2017-110mH-M-R1-H3,WCH,2017,110mH,M,R1,3,0.164,,MOCK,1
WCH2017-110mH-M-R1-H3,WCH,2017,110mH,M,R1,3,0.163,,MOCK,1
WCH2017-110mH-M-R1-H3,WCH,2017,110mH,M,R1,3,0.136,,MOCK,1
WCH2017-110mH-M-R1-H3,WCH,2017,110mH,M,R1,3,0.146,,MOCK,1
WCH2017-110mH-M-R1-H4,WCH,2017,110mH,M,R1,4,0.155,,MOCK,1
WCH2017-110mH-M-R1-H4,WCH,2017,110mH,M,R1,4,0.15,,MOCK,1
WCH2017-110mH-M-R1-H4,WCH,2017,110mH,M,R1,4,0.159,,MOCK,1
WCH2017-110mH-M-R1-H4,WCH,2017,110mH,M,R1,4,0.148,,MOCK,1
WCH2017-110mH-M-R1-H4,WCH,2017,110mH,M,R1,4,0.157,,MOCK,1
WCH2017-110mH-M-R1-H4,WCH,2017,110mH,M,R1,4,0.153,,MOCK,1
WCH2017-110mH-M-R1-H4,WCH,2017,110mH,M,R1,4,0.15,,MOCK,1
WCH2017-110mH-M-R1-H4,WCH,2017,110mH,M,R1,4,0.161,,MOCK,1
WCH2017-110mH-M-R1-H5,WCH,2017,110mH,M,R1,5,0.139,,MOCK,1
WCH2017-110mH-M-R1-H5,WCH,2017,110mH,M,R1,5,0.131,,MOCK,1
WCH2017-110mH-M-R1-H5,WCH,2017,110mH,M,R1,5,0.16,,MOCK,1
WCH2017-110mH-M-R1-H5,WCH,2017,110mH,M,R1,5,0.148,,MOCK,1
WCH2017-110mH-M-R1-H5,WCH,2017,110mH,M,R1,5,0.148,,MOCK,1
WCH2017-110mH-M-R1-H5,WCH,2017,110mH,M,R1,5,0.129,,MOCK,1
WCH2017-110mH-M-R1-H5,WCH,2017,110mH,M,R1,5,0.177,,MOCK,1
WCH2017-110mH-M-R1-H5,WCH,2017,110mH,M,R1,5,0.138,,MOCK,1
WCH2017-110mH-M-R1-H6,WCH,2017,110mH,M,R1,6,0.162,,MOCK,1
WCH2017-110mH-M-R1-H6,WCH,2017,110mH,M,R1,6,0.154,,MOCK,1
WCH2017-110mH-M-R1-H6,WCH,2017,110mH,M,R1,6,0.166,,MOCK,1
WCH2017-110mH-M-R1-H6,WCH,2017,110mH,M,R1,6,0.164,,MOCK,1
WCH2017-110mH-M-R1-H6,WCH,2017,110mH,M,R1,6,0.148,,MOCK,1
WCH2017-110mH-M-R1-H6,WCH,2017,110mH,M,R1,6,0.162,,MOCK,1
WCH2017-110mH-M-R1-H6,WCH,2017,110mH,M,R1,6,0.151,,MOCK,1
WCH2017-110mH-M-R1-H6,WCH,2017,110mH,M,R1,6,0.156,,MOCK,1
WCH2017-110mH-M-SF-H1,WCH,2017,110mH,M,SF,1,0.137,,MOCK,1
WCH2017-110mH-M-SF-H1,WCH,2017,110mH,M,SF,1,0.161,,MOCK,1
WCH2017-110mH-M-SF-H1,WCH,2017,110mH,M,SF,1,0.184,,MOCK,1
WCH2017-110mH-M-SF-H1,WCH,2017,110mH,M,SF,1,0.134,,MOCK,1
WCH2017-110mH-M-SF-H1,WCH,2017,110mH,M,SF,1,0.132,,MOCK,1
WCH2017-110mH-M-SF-H1,WCH,2017,110mH,M,SF,1,0.141,,MOCK,1
WCH2017-110mH-M-SF-H1,WCH,2017,110mH,M,SF,1,0.12,,MOCK,1
WCH2017-110mH-M-SF-H1,WCH,2017,110mH,M,SF,1,0.133,,MOCK,1
WCH2017-110mH-M-SF-H2,WCH,2017,110mH,M,SF,2,0.147,,MOCK,1
WCH2017-110mH-M-SF-H2,WCH,2017,110mH,M,SF,2,0.138,,MOCK,1
WCH2017-110mH-M-SF-H2,WCH,2017,110mH,M,SF,2,0.153,,MOCK,1
WCH2017-110mH-M-SF-H2,WCH,2017,110mH,M,SF,2,0.151,,MOCK,1
WCH2017-110mH-M-SF-H2,WCH,2017,110mH,M,SF,2,0.129,,MOCK,1
WCH2017-110mH-M-SF-H2,WCH,2017,110mH,M,SF,2,0.151,,MOCK,1
WCH2017-110mH-M-SF-H2,WCH,2017,110mH,M,SF,2,0.169,,MOCK,1
WCH2017-110mH-M-SF-H2,WCH,2017,110mH,M,SF,2,0.139,,MOCK,1
WCH2017-110mH-M-SF-H3,WCH,2017,110mH,M,SF,3,0.165,,MOCK,1
WCH2017-110mH-M-SF-H3,WCH,2017,110mH,M,SF,3,0.176,,MOCK,1
WCH2017-110mH-M-SF-H3,WCH,2017,110mH,M,SF,3,0.192,,MOCK,1
WCH2017-110mH-M-SF-H3,WCH,2017,110mH,M,SF,3,0.14,,MOCK,1
WCH2017-110mH-M-SF-H3,WCH,2017,110mH,M,SF,3,0.162,,MOCK,1
WCH2017-110mH-M-SF-H3,WCH,2017,110mH,M,SF,3,0.165,,MOCK,1
WCH2017-110mH-M-SF-H3,WCH,2017,110mH,M,SF,3,0.194,,MOCK,1
WCH2017-110mH-M-SF-H3,WCH,2017,110mH,M,SF,3,0.13,,MOCK,1
WCH2017-110mH-M-F-H1,WCH,2017,110mH,M,F,1,0.152,,MOCK,1
WCH2017-110mH-M-F-H1,WCH,2017,110mH,M,F,1,0.18,,MOCK,1
WCH2017-110mH-M-F-H1,WCH,2017,110mH,M,F,1,0.18,,MOCK,1
WCH2017-110mH-M-F-H1,WCH,2017,110mH,M,F,1,0.163,,MOCK,1
WCH2017-110mH-M-F-H1,WCH,2017,110mH,M,F,1,0.182,,MOCK,1
WCH2017-110mH-M-F-H1,WCH,2017,110mH,M,F,1,0.211,,MOCK,1
WCH2017-110mH-M-F-H1,WCH,2017,110mH,M,F,1,0.157,,MOCK,1
WCH2017-110mH-M-F-H1,WCH,2017,110mH,M,F,1,0.139,,MOCK,1
WCH2017-100m-W-PR-H1,WCH,2017,100m,W,PR,1,0.152,,MOCK,1
WCH2017-100m-W-PR-H1,WCH,2017,100m,W,PR,1,0.182,,MOCK,1
WCH2017-100m-W-PR-H1,WCH,2017,100m,W,PR,1,0.161,,MOCK,1
WCH2017-100m-W-PR-H1,WCH,2017,100m,W,PR,1,0.172,,MOCK,1
WCH2017-100m-W-PR-H1,WCH,2017,100m,W,PR,1,0.162,,MOCK,1
WCH2017-100m-W-PR-H1,WCH,2017,100m,W,PR,1,0.215,,MOCK,1
WCH2017-100m-W-PR-H1,WCH,2017,100m,W,PR,1,0.173,,MOCK,1
WCH2017-100m-W-PR-H1,WCH,2017,100m,W,PR,1,0.154,,MOCK,1
WCH2017-100m-W-PR-H2,WCH,2017,100m,W,PR,2,0.17,,MOCK,1
WCH2017-100m-W-PR-H2,WCH,2017,100m,W,PR,2,0.183,,MOCK,1
WCH2017-100m-W-PR-H2,WCH,2017,100m,W,PR,2,0.239,,MOCK,1
WCH2017-100m-W-PR-H2,WCH,2017,100m,W,PR,2,0.175,,MOCK,1
WCH2017-100m-W-PR-H2,WCH,2017,100m,W,PR,2,0.193,,MOCK,1
WCH2017-100m-W-PR-H2,WCH,2017,100m,W,PR,2,0.152,,MOCK,1
WCH2017-100m-W-PR-H2,WCH,2017,100m,W,PR,2,0.191,,MOCK,1
WCH2017-100m-W-PR-H2,WCH,2017,100m,W,PR,2,0.214,,MOCK,1
WCH2017-100m-W-R1-H1,WCH,2017,100m,W,R1,1,0.182,,MOCK,1
WCH2017-100m-W-R1-H1,WCH,2017,100m,W,R1,1,0.148,,MOCK,1
WCH2017-100m-W-R1-H1,WCH,2017,100m,W,R1,1,0.168,,MOCK,1
WCH2017-100m-W-R1-H1,WCH,2017,100m,W,R1,1,0.147,,MOCK,1
WCH2017-100m-W-R1-H1,WCH,2017,100m,W,R1,1,0.162,,MOCK,1
WCH2017-100m-W-R1-H1,WCH,2017,100m,W,R1,1,0.156,,MOCK,1
WCH2017-100m-W-R1-H1,WCH,2017,100m,W,R1,1,0.164,,MOCK,1
WCH2017-100m-W-R1-H2,WCH,2017,100m,W,R1,2,0.162,,MOCK,1
WCH2017-100m-W-R1-H2,WCH,2017,100m,W,R1,2,0.155,,MOCK,1
WCH2017-100m-W-R1-H2,WCH,2017,100m,W,R1,2,0.151,,MOCK,1
WCH2017-100m-W-R1-H2,WCH,2017,100m,W,R1,2,0.144,,MOCK,1
WCH2017-100m-W-R1-H2,WCH,2017,100m,W,R1,2,0.149,,MOCK,1
WCH2017-100m-W-R1-H2,WCH,2017,100m,W,R1,2,0.166,,MOCK,1
WCH2017-100m-W-R1-H2,WCH,2017,100m,W,R1,2,0.172,,MOCK,1
WCH2017-100m-W-R1-H2,WCH,2017,100m,W,R1,2,0.149,,MOCK,1
WCH2017-100m-W-R1-H3,WCH,2017,100m,W,R1,3,0.169,,MOCK,1
WCH2017-100m-W-R1-H3,WCH,2017,100m,W,R1,3,0.136,,MOCK,1
WCH2017-100m-W-R1-H3,WCH,2017,100m,W,R1,3,0.177,,MOCK,1
WCH2017-100m-W-R1-H3,WCH,2017,100m,W,R1,3,0.134,,MOCK,1
WCH2017-100m-W-R1-H3,WCH,2017,100m,W,R1,3,0.182,,MOCK,1
WCH2017-100m-W-R1-H3,WCH,2017,100m,W,R1,3,0.135,,MOCK,1
WCH2017-100m-W-R1-H3,WCH,2017,100m,W,R1,3,0.16,,MOCK,1
WCH2017-100m-W-R1-H3,WCH,2017,100m,W,R1,3,0.111,,MOCK,1
WCH2017-100m-W-R1-H4,WCH,2017,100m,W,R1,4,0.161,,MOCK,1
WCH2017-100m-W-R1-H4,WCH,2017,100m,W,R1,4,0.165,,MOCK,1
WCH2017-100m-W-R1-H4,WCH,2017,100m,W,R1,4,0.166,,MOCK,1
WCH2017-100m-W-R1-H4,WCH,2017,100m,W,R1,4,0.119,,MOCK,1
WCH2017-100m-W-R1-H4,WCH,2017,100m,W,R1,4,0.15,,MOCK,1
WCH2017-100m-W-R1-H4,WCH,2017,100m,W,R1,4,0.149,,MOCK,1
WCH2017-100m-W-R1-H4,WCH,2017,100m,W,R1,4,0.181,,MOCK,1
WCH2017-100m-W-R1-H4,WCH,2017,100m,W,R1,4,0.173,,MOCK,1
WCH2017-100m-W-R1-H5,WCH,2017,100m,W,R1,5,0.16,,MOCK,1
WCH2017-100m-W-R1-H5,WCH,2017,100m,W,R1,5,0.17,,MOCK,1
WCH2017-100m-W-R1-H5,WCH,2017,100m,W,R1,5,0.16,,MOCK,1
WCH2017-100m-W-R1-H5,WCH,2017,100m,W,R1,5,0.154,,MOCK,1
WCH2017-100m-W-R1-H5,WCH,2017,100m,W,R1,5,0.175,,MOCK,1
WCH2017-100m-W-R1-H5,WCH,2017,100m,W,R1,5,0.149,,MOCK,1
WCH2017-100m-W-R1-H5,WCH,2017,100m,W,R1,5,0.144,,MOCK,1
WCH2017-100m-W-R1-H5,WCH,2017,100m,W,R1,5,0.167,,MOCK,1
WCH2017-100m-W-R1-H6,WCH,2017,100m,W,R1,6,0.157,,MOCK,1
WCH2017-100m-W-R1-H6,WCH,2017,100m,W,R1,6,0.168,,MOCK,1
WCH2017-100m-W-R1-H6,WCH,2017,100m,W,R1,6,0.157,,MOCK,1
WCH2017-100m-W-R1-H6,WCH,2017,100m,W,R1,6,0.135,,MOCK,1
WCH2017-100m-W-R1-H6,WCH,2017,100m,W,R1,6,0.171,,MOCK,1
WCH2017-100m-W-R1-H6,WCH,2017,100m,W,R1,6,0.167,,MOCK,1
WCH2017-100m-W-R1-H6,WCH,2017,100m,W,R1,6,0.179,,MOCK,1
WCH2017-100m-W-R1-H6,WCH,2017,100m,W,R1,6,0.184,,MOCK,1
WCH2017-100m-W-SF-H1,WCH,2017,100m,W,SF,1,0.165,,MOCK,1
WCH2017-100m-W-SF-H1,WCH,2017,100m,W,SF,1,0.146,,MOCK,1
WCH2017-100m-W-SF-H1,WCH,2017,100m,W,SF,1,0.175,,MOCK,1
WCH2017-100m-W-SF-H1,WCH,2017,100m,W,SF,1,0.171,,MOCK,1
WCH2017-100m-W-SF-H1,WCH,2017,100m,W,SF,1,0.18,,MOCK,1
WCH2017-100m-W-SF-H1,WCH,2017,100m,W,SF,1,0.189,,MOCK,1
WCH2017-100m-W-SF-H1,WCH,2017,100m,W,SF,1,0.177,,MOCK,1
WCH2017-100m-W-SF-H1,WCH,2017,100m,W,SF,1,0.147,,MOCK,1
WCH2017-100m-W-SF-H2,WCH,2017,100m,W,SF,2,0.158,,MOCK,1
WCH2017-100m-W-SF-H2,WCH,2017,100m,W,SF,2,0.141,,MOCK,1
WCH2017-100m-W-SF-H2,WCH,2017,100m,W,SF,2,0.19,,MOCK,1
WCH2017-100m-W-SF-H2,WCH,2017,100m,W,SF,2,0.162,,MOCK,1
WCH2017-100m-W-SF-H2,WCH,2017,100m,W,SF,2,0.197,,MOCK,1
WCH2017-100m-W-SF-H2,WCH,2017,100m,W,SF,2,0.151,,MOCK,1
WCH2017-100m-W-SF-H2,WCH,2017,100m,W,SF,2,0.169,,MOCK,1
WCH2017-100m-W-SF-H2,WCH,2017,100m,W,SF,2,0.156,,MOCK,1
WCH2017-100m-W-SF-H3,WCH,2017,100m,W,SF,3,0.154,,MOCK,1
WCH2017-100m-W-SF-H3,WCH,2017,100m,W,SF,3,0.149,,MOCK,1
WCH2017-100m-W-SF-H3,WCH,2017,100m,W,SF,3,0.167,,MOCK,1
WCH2017-100m-W-SF-H3,WCH,2017,100m,W,SF,3,0.156,,MOCK,1
WCH2017-100m-W-SF-H3,WCH,2017,100m,W,SF,3,0.13,,MOCK,1
WCH2017-100m-W-SF-H3,WCH,2017,100m,W,SF,3,0.154,,MOCK,1
WCH2017-100m-W-SF-H3,WCH,2017,100m,W,SF,3,0.155,,MOCK,1
WCH2017-100m-W-SF-H3,WCH,2017,100m,W,SF,3,0.149,,MOCK,1
WCH2017-100m-W-F-H1,WCH,2017,100m,W,F,1,0.139,,MOCK,1
WCH2017-100m-W-F-H1,WCH,2017,100m,W,F,1,0.153,,MOCK,1
WCH2017-100m-W-F-H1,WCH,2017,100m,W,F,1,0.144,,MOCK,1
WCH2017-100m-W-F-H1,WCH,2017,100m,W,F,1,0.146,,MOCK,1
WCH2017-100m-W-F-H1,WCH,2017,100m,W,F,1,0.14,,MOCK,1
WCH2017-100m-W-F-H1,WCH,2017,100m,W,F,1,0.15,,MOCK,1
WCH2017-100m-W-F-H1,WCH,2017,100m,W,F,1,0.174,,MOCK,1
WCH2017-100m-W-F-H1,WCH,2017,100m,W,F,1,0.186,,MOCK,1
WCH2017-200m-W-R1-H1,WCH,2017,200m,W,R1,1,0.148,,MOCK,1
WCH2017-200m-W-R1-H1,WCH,2017,200m,W,R1,1,0.157,,MOCK,1
WCH2017-200m-W-R1-H1,WCH,2017,200m,W,R1,1,0.135,,MOCK,1
WCH2017-200m-W-R1-H1,WCH,2017,200m,W,R1,1,0.159,,MOCK,1
WCH2017-200m-W-R1-H1,WCH,2017,200m,W,R1,1,0.155,,MOCK,1
WCH2017-200m-W-R1-H1,WCH,2017,200m,W,R1,1,0.15,,MOCK,1
WCH2017-200m-W-R1-H1,WCH,2017,200m,W,R1,1,0.172,,MOCK,1
WCH2017-200m-W-R1-H1,WCH,2017,200m,W,R1,1,0.164,,MOCK,1
WCH2017-200m-W-R1-H2,WCH,2017,200m,W,R1,2,0.147,,MOCK,1
WCH2017-200m-W-R1-H2,WCH,2017,200m,W,R1,2,0.145,,MOCK,1
WCH2017-200m-W-R1-H2,WCH,2017,200m,W,R1,2,0.182,,MOCK,1
WCH2017-200m-W-R1-H2,WCH,2017,200m,W,R1,2,0.168,,MOCK,1
WCH2017-200m-W-R1-H2,WCH,2017,200m,W,R1,2,0.146,,MOCK,1
WCH2017-200m-W-R1-H2,WCH,2017,200m,W,R1,2,0.152,,MOCK,1
WCH2017-200m-W-R1-H2,WCH,2017,200m,W,R1,2,0.185,,MOCK,1
WCH2017-200m-W-R1-H2,WCH,2017,200m,W,R1,2,0.185,,MOCK,1
WCH2017-200m-W-R1-H3,WCH,2017,200m,W,R1,3,0.177,,MOCK,1
WCH2017-200m-W-R1-H3,WCH,2017,200m,W,R1,3,0.149,,MOCK,1
WCH2017-200m-W-R1-H3,WCH,2017,200m,W,R1,3,0.18,,MOCK,1
WCH2017-200m-W-R1-H3,WCH,2017,200m,W,R1,3,0.139,,MOCK,1
WCH2017-200m-W-R1-H3,WCH,2017,200m,W,R1,3,0.148,,MOCK,1
WCH2017-200m-W-R1-H3,WCH,2017,200m,W,R1,3,0.15,,MOCK,1
WCH2017-200m-W-R1-H3,WCH,2017,200m,W,R1,3,0.183,,MOCK,1
WCH2017-200m-W-R1-H4,WCH,2017,200m,W,R1,4,0.158,,MOCK,1
WCH2017-200m-W-R1-H4,WCH,2017,200m,W,R1,4,0.16,,MOCK,1
WCH2017-200m-W-R1-H4,WCH,2017,200m,W,R1,4,0.168,,MOCK,1
WCH2017-200m-W-R1-H4,WCH,2017,200m,W,R1,4,0.171,,MOCK,1
WCH2017-200m-W-R1-H4,WCH,2017,200m,W,R1,4,0.178,,MOCK,1
WCH2017-200m-W-R1-H4,WCH,2017,200m,W,R1,4,0.164,,MOCK,1
WCH2017-200m-W-R1-H4,WCH,2017,200m,W,R1,4,0.162,,MOCK,1
WCH2017-200m-W-R1-H4,WCH,2017,200m,W,R1,4,0.154,,MOCK,1
WCH2017-200m-W-R1-H5,WCH,2017,200m,W,R1,5,0.177,,MOCK,1
WCH2017-200m-W-R1-H5,WCH,2017,200m,W,R1,5,0.173,,MOCK,1
WCH2017-200m-W-R1-H5,WCH,2017,200m,W,R1,5,0.175,,MOCK,1
WCH2017-200m-W-R1-H5,WCH,2017,200m,W,R1,5,0.17,,MOCK,1
WCH2017-200m-W-R1-H5,WCH,2017,200m,W,R1,5,0.161,,MOCK,1
WCH2017-200m-W-R1-H5,WCH,2017,200m,W,R1,5,0.161,,MOCK,1
WCH2017-200m-W-R1-H5,WCH,2017,200m,W,R1,5,0.158,,MOCK,1
WCH2017-200m-W-R1-H5,WCH,2017,200m,W,R1,5,0.167,,MOCK,1
WCH2017-200m-W-R1-H6,WCH,2017,200m,W,R1,6,0.167,,MOCK,1
WCH2017-200m-W-R1-H6,WCH,2017,200m,W,R1,6,0.178,,MOCK,1
WCH2017-200m-W-R1-H6,WCH,2017,200m,W,R1,6,0.161,,MOCK,1
WCH2017-200m-W-R1-H6,WCH,2017,200m,W,R1,6,0.166,,MOCK,1
WCH2017-200m-W-R1-H6,WCH,2017,200m,W,R1,6,0.163,,MOCK,1
WCH2017-200m-W-R1-H6,WCH,2017,200m,W,R1,6,0.139,,MOCK,1
WCH2017-200m-W-R1-H6,WCH,2017,200m,W,R1,6,0.145,,MOCK,1
WCH2017-200m-W-SF-H1,WCH,2017,200m,W,SF,1,0.161,,MOCK,1
WCH2017-200m-W-SF-H1,WCH,2017,200m,W,SF,1,0.158,,MOCK,1
WCH2017-200m-W-SF-H1,WCH,2017,200m,W,SF,1,0.154,,MOCK,1
WCH2017-200m-W-SF-H1,WCH,2017,200m,W,SF,1,0.174,,MOCK,1
WCH2017-200m-W-SF-H1,WCH,2017,200m,W,SF,1,0.162,,MOCK,1
WCH2017-200m-W-SF-H1,WCH,2017,200m,W,SF,1,0.137,,MOCK,1
WCH2017-200m-W-SF-H1,WCH,2017,200m,W,SF,1,0.156,,MOCK,1
WCH2017-200m-W-SF-H1,WCH,2017,200m,W,SF,1,0.178,,MOCK,1
WCH2017-200m-W-SF-H2,WCH,2017,200m,W,SF,2,0.212,,MOCK,1
WCH2017-200m-W-SF-H2,WCH,2017,200m,W,SF,2,0.186,,MOCK,1
WCH2017-200m-W-SF-H2,WCH,2017,200m,W,SF,2,0.14,,MOCK,1
WCH2017-200m-W-SF-H2,WCH,2017,200m,W,SF,2,0.183,,MOCK,1
WCH2017-200m-W-SF-H2,WCH,2017,200m,W,SF,2,0.182,,MOCK,1
WCH2017-200m-W-SF-H2,WCH,2017,200m,W,SF,2,0.177,,MOCK,1
WCH2017-200m-W-SF-H2,WCH,2017,200m,W,SF,2,0.142,,MOCK,1
WCH2017-200m-W-SF-H2,WCH,2017,200m,W,SF,2,0.149,,MOCK,1
WCH2017-200m-W-SF-H3,WCH,2017,200m,W,SF,3,0.147,,MOCK,1
WCH2017-200m-W-SF-H3,WCH,2017,200m,W,SF,3,0.145,,MOCK,1
WCH2017-200m-W-SF-H3,WCH,2017,200m,W,SF,3,0.165,,MOCK,1
WCH2017-200m-W-SF-H3,WCH,2017,200m,W,SF,3,0.161,,MOCK,1
WCH2017-200m-W-SF-H3,WCH,2017,200m,W,SF,3,0.129,,MOCK,1
WCH2017-200m-W-SF-H3,WCH,2017,200m,W,SF,3,0.165,,MOCK,1
WCH2017-200m-W-SF-H3,WCH,2017,200m,W,SF,3,0.152,,MOCK,1
WCH2017-200m-W-SF-H3,WCH,2017,200m,W,SF,3,0.174,,MOCK,1
WCH2017-200m-W-F-H1,WCH,2017,200m,W,F,1,0.148,,MOCK,1
WCH2017-200m-W-F-H1,WCH,2017,200m,W,F,1,0.139,,MOCK,1
WCH2017-200m-W-F-H1,WCH,2017,200m,W,F,1,0.148,,MOCK,1
WCH2017-200m-W-F-H1,WCH,2017,200m,W,F,1,0.157,,MOCK,1
WCH2017-200m-W-F-H1,WCH,2017,200m,W,F,1,0.145,,MOCK,1
WCH2017-200m-W-F-H1,WCH,2017,200m,W,F,1,0.134,,MOCK,1
WCH2017-200m-W-F-H1,WCH,2017,200m,W,F,1,0.171,,MOCK,1
WCH2017-200m-W-F-H1,WCH,2017,200m,W,F,1,0.149,,MOCK,1
WCH2017-100mH-W-R1-H1,WCH,2017,100mH,W,R1,1,0.166,,MOCK,1
WCH2017-100mH-W-R1-H1,WCH,2017,100mH,W,R1,1,0.206,,MOCK,1
WCH2017-100mH-W-R1-H1,WCH,2017,100mH,W,R1,1,0.184,,MOCK,1
WCH2017-100mH-W-R1-H1,WCH,2017,100mH,W,R1,1,0.208,,MOCK,1
WCH2017-100mH-W-R1-H1,WCH,2017,100mH,W,R1,1,0.18,,MOCK,1
WCH2017-100mH-W-R1-H1,WCH,2017,100mH,W,R1,1,0.16,,MOCK,1
WCH2017-100mH-W-R1-H1,WCH,2017,100mH,W,R1,1,0.2,,MOCK,1
WCH2017-100mH-W-R1-H1,WCH,2017,100mH,W,R1,1,0.177,,MOCK,1
WCH2017-100mH-W-R1-H2,WCH,2017,100mH,W,R1,2,0.162,,MOCK,1
WCH2017-100mH-W-R1-H2,WCH,2017,100mH,W,R1,2,0.174,,MOCK,1
WCH2017-100mH-W-R1-H2,WCH,2017,100mH,W,R1,2,0.151,,MOCK,1
WCH2017-100mH-W-R1-H2,WCH,2017,100mH,W,R1,2,0.168,,MOCK,1
WCH2017-100mH-W-R1-H2,WCH,2017,100mH,W,R1,2,0.147,,MOCK,1
WCH2017-100mH-W-R1-H2,WCH,2017,100mH,W,R1,2,0.144,,MOCK,1
WCH2017-100mH-W-R1-H2,WCH,2017,100mH,W,R1,2,0.165,,MOCK,1
WCH2017-100mH-W-R1-H2,WCH,2017,100mH,W,R1,2,0.15,,MOCK,1
WCH2017-100mH-W-R1-H3,WCH,2017,100mH,W,R1,3,0.187,,MOCK,1
WCH2017-100mH-W-R1-H3,WCH,2017,100mH,W,R1,3,0.161,,MOCK,1
WCH2017-100mH-W-R1-H3,WCH,2017,100mH,W,R1,3,0.131,,MOCK,1
WCH2017-100mH-W-R1-H3,WCH,2017,100mH,W,R1,3,0.163,,MOCK,1
WCH2017-100mH-W-R1-H3,WCH,2017,100mH,W,R1,3,0.145,,MOCK,1
WCH2017-100mH-W-R1-H3,WCH,2017,100mH,W,R1,3,0.184,,MOCK,1
WCH2017-100mH-W-R1-H3,WCH,2017,100mH,W,R1,3,0.167,,MOCK,1
WCH2017-100mH-W-R1-H3,WCH,2017,100mH,W,R1,3,0.152,,MOCK,1
WCH2017-100mH-W-R1-H4,WCH,2017,100mH,W,R1,4,0.172,,MOCK,1
WCH2017-100mH-W-R1-H4,WCH,2017,100mH,W,R1,4,0.138,,MOCK,1
WCH2017-100mH-W-R1-H4,WCH,2017,100mH,W,R1,4,0.201,,MOCK,1
WCH2017-100mH-W-R1-H4,WCH,2017,100mH,W,R1,4,0.164,,MOCK,1
WCH2017-100mH-W-R1-H4,WCH,2017,100mH,W,R1,4,0.156,,MOCK,1
WCH2017-100mH-W-R1-H4,WCH,2017,100mH,W,R1,4,0.159,,MOCK,1
WCH2017-100mH-W-R1-H4,WCH,2017,100mH,W,R1,4,0.155,,MOCK,1
WCH2017-100mH-W-R1-H4,WCH,2017,100mH,W,R1,4,0.155,,MOCK,1
WCH2017-100mH-W-R1-H5,WCH,2017,100mH,W,R1,5,0.159,,MOCK,1
WCH2017-100mH-W-R1-H5,WCH,2017,100mH,W,R1,5,0.161,,MOCK,1
WCH2017-100mH-W-R1-H5,WCH,2017,100mH,W,R1,5,0.156,,MOCK,1
WCH2017-100mH-W-R1-H5,WCH,2017,100mH,W,R1,5,0.159,,MOCK,1
WCH2017-100mH-W-R1-H5,WCH,2017,100mH,W,R1,5,0.156,,MOCK,1
WCH2017-100mH-W-R1-H5,WCH,2017,100mH,W,R1,5,0.134,,MOCK,1
WCH2017-100mH-W-R1-H5,WCH,2017,100mH,W,R1,5,0.171,,MOCK,1
WCH2017-100mH-W-R1-H5,WCH,2017,100mH,W,R1,5,0.15,,MOCK,1
WCH2017-100mH-W-R1-H6,WCH,2017,100mH,W,R1,6,0.152,,MOCK,1
WCH2017-100mH-W-R1-H6,WCH,2017,100mH,W,R1,6,0.156,,MOCK,1
WCH2017-100mH-W-R1-H6,WCH,2017,100mH,W,R1,6,0.184,,MOCK,1
WCH2017-100mH-W-R1-H6,WCH,2017,100mH,W,R1,6,0.167,,MOCK,1
WCH2017-100mH-W-R1-H6,WCH,2017,100mH,W,R1,6,0.155,,MOCK,1
WCH2017-100mH-W-R1-H6,WCH,2017,100mH,W,R1,6,0.171,,MOCK,1
WCH2017-100mH-W-R1-H6,WCH,2017,100mH,W,R1,6,0.157,,MOCK,1
WCH2017-100mH-W-SF-H1,WCH,2017,100mH,W,SF,1,0.154,,MOCK,1
WCH2017-100mH-W-SF-H1,WCH,2017,100mH,W,SF,1,0.2,,MOCK,1
WCH2017-100mH-W-SF-H1,WCH,2017,100mH,W,SF,1,0.154,,MOCK,1
WCH2017-100mH-W-SF-H1,WCH,2017,100mH,W,SF,1,0.155,,MOCK,1
WCH2017-100mH-W-SF-H1,WCH,2017,100mH,W,SF,1,0.22,,MOCK,1
WCH2017-100mH-W-SF-H1,WCH,2017,100mH,W,SF,1,0.192,,MOCK,1
WCH2017-100mH-W-SF-H1,WCH,2017,100mH,W,SF,1,0.198,,MOCK,1
WCH2017-100mH-W-SF-H1,WCH,2017,100mH,W,SF,1,0.182,,MOCK,1
WCH2017-100mH-W-SF-H2,WCH,2017,100mH,W,SF,2,0.136,,MOCK,1
WCH2017-100mH-W-SF-H2,WCH,2017,100mH,W,SF,2,0.171,,MOCK,1
WCH2017-100mH-W-SF-H2,WCH,2017,100mH,W,SF,2,0.18,,MOCK,1
WCH2017-100mH-W-SF-H2,WCH,2017,100mH,W,SF,2,0.14,,MOCK,1
WCH2017-100mH-W-SF-H2,WCH,2017,100mH,W,SF,2,0.166,,MOCK,1
WCH2017-100mH-W-SF-H2,WCH,2017,100mH,W,SF,2,0.194,,MOCK,1
WCH2017-100mH-W-SF-H2,WCH,2017,100mH,W,SF,2,0.125,,MOCK,1
WCH2017-100mH-W-SF-H2,WCH,2017,100mH,W,SF,2,0.152,,MOCK,1
WCH2017-100mH-W-SF-H3,WCH,2017,100mH,W,SF,3,0.144,,MOCK,1
WCH2017-100mH-W-SF-H3,WCH,2017,100mH,W,SF,3,0.216,,MOCK,1
WCH2017-100mH-W-SF-H3,WCH,2017,100mH,W,SF,3,0.173,,MOCK,1
WCH2017-100mH-W-SF-H3,WCH,2017,100mH,W,SF,3,0.155,,MOCK,1
WCH2017-100mH-W-SF-H3,WCH,2017,100mH,W,SF,3,0.167,,MOCK,1
WCH2017-100mH-W-SF-H3,WCH,2017,100mH,W,SF,3,0.169,,MOCK,1
WCH2017-100mH-W-SF-H3,WCH,2017,100mH,W,SF,3,0.162,,MOCK,1
WCH2017-100mH-W-SF-H3,WCH,2017,100mH,W,SF,3,0.176,,MOCK,1
WCH2017-100mH-W-F-H1,WCH,2017,100mH,W,F,1,0.142,,MOCK,1
WCH2017-100mH-W-F-H1,WCH,2017,100mH,W,F,1,0.153,,MOCK,1
WCH2017-100mH-W-F-H1,WCH,2017,100mH,W,F,1,0.175,,MOCK,1
WCH2017-100mH-W-F-H1,WCH,2017,100mH,W,F,1,0.166,,MOCK,1
WCH2017-100mH-W-F-H1,WCH,2017,100mH,W,F,1,0.162,,MOCK,1
WCH2017-100mH-W-F-H1,WCH,2017,100mH,W,F,1,0.173,,MOCK,1
WCH2017-100mH-W-F-H1,WCH,2017,100mH,W,F,1,0.154,,MOCK,1
WCH2017-100mH-W-F-H1,WCH,2017,100mH,W,F,1,0.174,,MOCK,1
WCH2019-100m-M-PR-H1,WCH,2019,100m,M,PR,1,0.167,,MOCK,1
WCH2019-100m-M-PR-H1,WCH,2019,100m,M,PR,1,0.178,,MOCK,1
WCH2019-100m-M-PR-H1,WCH,2019,100m,M,PR,1,0.203,,MOCK,1
WCH2019-100m-M-PR-H1,WCH,2019,100m,M,PR,1,0.163,,MOCK,1
WCH2019-100m-M-PR-H1,WCH,2019,100m,M,PR,1,0.137,,MOCK,1
WCH2019-100m-M-PR-H1,WCH,2019,100m,M,PR,1,0.136,,MOCK,1
WCH2019-100m-M-PR-H1,WCH,2019,100m,M,PR,1,0.165,,MOCK,1
WCH2019-100m-M-PR-H1,WCH,2019,100m,M,PR,1,0.155,,MOCK,1
WCH2019-100m-M-PR-H2,WCH,2019,100m,M,PR,2,0.15,,MOCK,1
WCH2019-100m-M-PR-H2,WCH,2019,100m,M,PR,2,0.149,,MOCK,1
WCH2019-100m-M-PR-H2,WCH,2019,100m,M,PR,2,0.19,,MOCK,1
WCH2019-100m-M-PR-H2,WCH,2019,100m,M,PR,2,0.145,,MOCK,1
WCH2019-100m-M-PR-H2,WCH,2019,100m,M,PR,2,0.139,,MOCK,1
WCH2019-100m-M-PR-H2,WCH,2019,100m,M,PR,2,0.162,,MOCK,1
WCH2019-100m-M-PR-H2,WCH,2019,100m,M,PR,2,0.166,,MOCK,1
WCH2019-100m-M-PR-H2,WCH,2019,100m,M,PR,2,0.13,,MOCK,1
WCH2019-100m-M-R1-H1,WCH,2019,100m,M,R1,1,0.142,,MOCK,1
WCH2019-100m-M-R1-H1,WCH,2019,100m,M,R1,1,0.137,,MOCK,1
WCH2019-100m-M-R1-H1,WCH,2019,100m,M,R1,1,0.176,,MOCK,1
WCH2019-100m-M-R1-H1,WCH,2019,100m,M,R1,1,0.181,,MOCK,1
WCH2019-100m-M-R1-H1,WCH,2019,100m,M,R1,1,0.126,,MOCK,1
WCH2019-100m-M-R1-H1,WCH,2019,100m,M,R1,1,0.144,,MOCK,1
WCH2019-100m-M-R1-H1,WCH,2019,100m,M,R1,1,0.149,,MOCK,1
WCH2019-100m-M-R1-H1,WCH,2019,100m,M,R1,1,0.152,,MOCK,1
WCH2019-100m-M-R1-H2,WCH,2019,100m,M,R1,2,0.159,,MOCK,1
WCH2019-100m-M-R1-H2,WCH,2019,100m,M,R1,2,0.153,,MOCK,1
WCH2019-100m-M-R1-H2,WCH,2019,100m,M,R1,2,0.17,,MOCK,1
WCH2019-100m-M-R1-H2,WCH,2019,100m,M,R1,2,0.155,,MOCK,1
WCH2019-100m-M-R1-H2,WCH,2019,100m,M,R1,2,0.13,,MOCK,1
WCH2019-100m-M-R1-H2,WCH,2019,100m,M,R1,2,0.136,,MOCK,1
WCH2019-100m-M-R1-H2,WCH,2019,100m,M,R1,2,0.156,,MOCK,1
WCH2019-100m-M-R1-H2,WCH,2019,100m,M,R1,2,0.142,,MOCK,1
WCH2019-100m-M-R1-H3,WCH,2019,100m,M,R1,3,0.167,,MOCK,1
WCH2019-100m-M-R1-H3,WCH,2019,100m,M,R1,3,0.144,,MOCK,1
WCH2019-100m-M-R1-H3,WCH,2019,100m,M,R1,3,0.151,,MOCK,1
WCH2019-100m-M-R1-H3,WCH,2019,100m,M,R1,3,0.167,,MOCK,1
WCH2019-100m-M-R1-H3,WCH,2019,100m,M,R1,3,0.168,,MOCK,1
WCH2019-100m-M-R1-H3,WCH,2019,100m,M,R1,3,0.156,,MOCK,1
WCH2019-100m-M-R1-H3,WCH,2019,100m,M,R1,3,0.16,,MOCK,1
WCH2019-100m-M-R1-H3,WCH,2019,100m,M,R1,3,0.134,,MOCK,1
WCH2019-100m-M-R1-H4,WCH,2019,100m,M,R1,4,0.163,,MOCK,1
WCH2019-100m-M-R1-H4,WCH,2019,100m,M,R1,4,0.161,,MOCK,1
WCH2019-100m-M-R1-H4,WCH,2019,100m,M,R1,4,0.156,,MOCK,1
WCH2019-100m-M-R1-H4,WCH,2019,100m,M,R1,4,0.156,,MOCK,1
WCH2019-100m-M-R1-H4,WCH,2019,100m,M,R1,4,0.151,,MOCK,1
WCH2019-100m-M-R1-H4,WCH,2019,100m,M,R1,4,0.184,,MOCK,1
WCH2019-100m-M-R1-H4,WCH,2019,100m,M,R1,4,0.136,,MOCK,1
WCH2019-100m-M-R1-H5,WCH,2019,100m,M,R1,5,0.124,,MOCK,1
WCH2019-100m-M-R1-H5,WCH,2019,100m,M,R1,5,0.149,,MOCK,1
WCH2019-100m-M-R1-H5,WCH,2019,100m,M,R1,5,0.134,,MOCK,1
WCH2019-100m-M-R1-H5,WCH,2019,100m,M,R1,5,0.134,,MOCK,1
WCH2019-100m-M-R1-H5,WCH,2019,100m,M,R1,5,0.153,,MOCK,1
WCH2019-100m-M-R1-H5,WCH,2019,100m,M,R1,5,0.166,,MOCK,1
WCH2019-100m-M-R1-H5,WCH,2019,100m,M,R1,5,0.142,,MOCK,1
WCH2019-100m-M-R1-H5,WCH,2019,100m,M,R1,5,0.139,,MOCK,1
WCH2019-100m-M-R1-H6,WCH,2019,100m,M,R1,6,0.173,,MOCK,1
WCH2019-100m-M-R1-H6,WCH,2019,100m,M,R1,6,0.161,,MOCK,1
WCH2019-100m-M-R1-H6,WCH,2019,100m,M,R1,6,0.155,,MOCK,1
WCH2019-100m-M-R1-H6,WCH,2019,100m,M,R1,6,0.159,,MOCK,1
WCH2019-100m-M-R1-H6,WCH,2019,100m,M,R1,6,0.209,,MOCK,1
WCH2019-100m-M-R1-H6,WCH,2019,100m,M,R1,6,0.156,,MOCK,1
WCH2019-100m-M-R1-H6,WCH,2019,100m,M,R1,6,0.144,,MOCK,1
WCH2019-100m-M-R1-H6,WCH,2019,100m,M,R1,6,0.167,,MOCK,1
WCH2019-100m-M-SF-H1,WCH,2019,100m,M,SF,1,0.14,,MOCK,1
WCH2019-100m-M-SF-H1,WCH,2019,100m,M,SF,1,0.179,,MOCK,1
WCH2019-100m-M-SF-H1,WCH,2019,100m,M,SF,1,0.184,,MOCK,1
WCH2019-100m-M-SF-H1,WCH,2019,100m,M,SF,1,0.119,,MOCK,1
WCH2019-100m-M-SF-H1,WCH,2019,100m,M,SF,1,0.128,,MOCK,1
WCH2019-100m-M-SF-H1,WCH,2019,100m,M,SF,1,0.143,,MOCK,1
WCH2019-100m-M-SF-H1,WCH,2019,100m,M,SF,1,0.173,,MOCK,1
WCH2019-100m-M-SF-H1,WCH,2019,100m,M,SF,1,0.189,,MOCK,1
WCH2019-100m-M-SF-H2,WCH,2019,100m,M,SF,2,0.151,,MOCK,1
WCH2019-100m-M-SF-H2,WCH,2019,100m,M,SF,2,0.15,,MOCK,1
WCH2019-100m-M-SF-H2,WCH,2019,100m,M,SF,2,0.159,,MOCK,1
WCH2019-100m-M-SF-H2,WCH,2019,100m,M,SF,2,0.129,,MOCK,1
WCH2019-100m-M-SF-H2,WCH,2019,100m,M,SF,2,0.137,,MOCK,1
WCH2019-100m-M-SF-H2,WCH,2019,100m,M,SF,2,0.12,,MOCK,1
WCH2019-100m-M-SF-H2,WCH,2019,100m,M,SF,2,0.121,,MOCK,1
WCH2019-100m-M-SF-H2,WCH,2019,100m,M,SF,2,0.155,,MOCK,1
WCH2019-100m-M-SF-H3,WCH,2019,100m,M,SF,3,0.143,,MOCK,1
WCH2019-100m-M-SF-H3,WCH,2019,100m,M,SF,3,0.165,,MOCK,1
WCH2019-100m-M-SF-H3,WCH,2019,100m,M,SF,3,0.129,,MOCK,1
WCH2019-100m-M-SF-H3,WCH,2019,100m,M,SF,3,0.14,,MOCK,1
WCH2019-100m-M-SF-H3,WCH,2019,100m,M,SF,3,0.161,,MOCK,1
WCH2019-100m-M-SF-H3,WCH,2019,100m,M,SF,3,0.137,,MOCK,1
WCH2019-100m-M-SF-H3,WCH,2019,100m,M,SF,3,0.131,,MOCK,1
WCH2019-100m-M-SF-H3,WCH,2019,100m,M,SF,3,0.141,,MOCK,1
WCH2019-100m-M-F-H1,WCH,2019,100m,M,F,1,0.162,,MOCK,1
WCH2019-100m-M-F-H1,WCH,2019,100m,M,F,1,0.12,,MOCK,1
WCH2019-100m-M-F-H1,WCH,2019,100m,M,F,1,0.143,,MOCK,1
WCH2019-100m-M-F-H1,WCH,2019,100m,M,F,1,0.117,,MOCK,1
WCH2019-100m-M-F-H1,WCH,2019,100m,M,F,1,0.157,,MOCK,1
WCH2019-100m-M-F-H1,WCH,2019,100m,M,F,1,0.155,,MOCK,1
WCH2019-100m-M-F-H1,WCH,2019,100m,M,F,1,0.172,,MOCK,1
WCH2019-100m-M-F-H1,WCH,2019,100m,M,F,1,0.16,,MOCK,1
WCH2019-200m-M-R1-H1,WCH,2019,200m,M,R1,1,0.124,,MOCK,1
WCH2019-200m-M-R1-H1,WCH,2019,200m,M,R1,1,0.148,,MOCK,1
WCH2019-200m-M-R1-H1,WCH,2019,200m,M,R1,1,0.162,,MOCK,1
WCH2019-200m-M-R1-H1,WCH,2019,200m,M,R1,1,0.165,,MOCK,1
WCH2019-200m-M-R1-H1,WCH,2019,200m,M,R1,1,0.162,,MOCK,1
WCH2019-200m-M-R1-H1,WCH,2019,200m,M,R1,1,0.154,,MOCK,1
WCH2019-200m-M-R1-H1,WCH,2019,200m,M,R1,1,0.172,,MOCK,1
WCH2019-200m-M-R1-H2,WCH,2019,200m,M,R1,2,0.162,,MOCK,1
WCH2019-200m-M-R1-H2,WCH,2019,200m,M,R1,2,0.2,,MOCK,1
WCH2019-200m-M-R1-H2,WCH,2019,200m,M,R1,2,0.165,,MOCK,1
WCH2019-200m-M-R1-H2,WCH,2019,200m,M,R1,2,0.189,,MOCK,1
WCH2019-200m-M-R1-H2,WCH,2019,200m,M,R1,2,0.153,,MOCK,1
WCH2019-200m-M-R1-H2,WCH,2019,200m,M,R1,2,0.167,,MOCK,1
WCH2019-200m-M-R1-H2,WCH,2019,200m,M,R1,2,0.149,,MOCK,1
WCH2019-200m-M-R1-H3,WCH,2019,200m,M,R1,3,0.146,,MOCK,1
WCH2019-200m-M-R1-H3,WCH,2019,200m,M,R1,3,0.169,,MOCK,1
WCH2019-200m-M-R1-H3,WCH,2019,200m,M,R1,3,0.151,,MOCK,1
WCH2019-200m-M-R1-H3,WCH,2019,200m,M,R1,3,0.155,,MOCK,1
WCH2019-200m-M-R1-H3,WCH,2019,200m,M,R1,3,0.168,,MOCK,1
WCH2019-200m-M-R1-H3,WCH,2019,200m,M,R1,3,0.144,,MOCK,1
WCH2019-200m-M-R1-H3,WCH,2019,200m,M,R1,3,0.135,,MOCK,1
WCH2019-200m-M-R1-H4,WCH,2019,200m,M,R1,4,0.151,,MOCK,1
WCH2019-200m-M-R1-H4,WCH,2019,200m,M,R1,4,0.157,,MOCK,1
WCH2019-200m-M-R1-H4,WCH,2019,200m,M,R1,4,0.159,,MOCK,1
WCH2019-200m-M-R1-H4,WCH,2019,200m,M,R1,4,0.165,,MOCK,1
WCH2019-200m-M-R1-H4,WCH,2019,200m,M,R1,4,0.157,,MOCK,1
WCH2019-200m-M-R1-H4,WCH,2019,200m,M,R1,4,0.189,,MOCK,1
WCH2019-200m-M-R1-H4,WCH,2019,200m,M,R1,4,0.156,,MOCK,1
WCH2019-200m-M-R1-H5,WCH,2019,200m,M,R1,5,0.193,,MOCK,1
WCH2019-200m-M-R1-H5,WCH,2019,200m,M,R1,5,0.172,,MOCK,1
WCH2019-200m-M-R1-H5,WCH,2019,200m,M,R1,5,0.142,,MOCK,1
WCH2019-200m-M-R1-H5,WCH,2019,200m,M,R1,5,0.182,,MOCK,1
WCH2019-200m-M-R1-H5,WCH,2019,200m,M,R1,5,0.17,,MOCK,1
WCH2019-200m-M-R1-H5,WCH,2019,200m,M,R1,5,0.158,,MOCK,1
WCH2019-200m-M-R1-H5,WCH,2019,200m,M,R1,5,0.153,,MOCK,1
WCH2019-200m-M-R1-H5,WCH,2019,200m,M,R1,5,0.171,,MOCK,1
WCH2019-200m-M-R1-H6,WCH,2019,200m,M,R1,6,0.147,,MOCK,1
WCH2019-200m-M-R1-H6,WCH,2019,200m,M,R1,6,0.174,,MOCK,1
WCH2019-200m-M-R1-H6,WCH,2019,200m,M,R1,6,0.145,,MOCK,1
WCH2019-200m-M-R1-H6,WCH,2019,200m,M,R1,6,0.173,,MOCK,1
WCH2019-200m-M-R1-H6,WCH,2019,200m,M,R1,6,0.146,,MOCK,1
WCH2019-200m-M-R1-H6,WCH,2019,200m,M,R1,6,0.138,,MOCK,1
WCH2019-200m-M-R1-H6,WCH,2019,200m,M,R1,6,0.145,,MOCK,1
WCH2019-200m-M-R1-H6,WCH,2019,200m,M,R1,6,0.146,,MOCK,1
WCH2019-200m-M-SF-H1,WCH,2019,200m,M,SF,1,0.153,,MOCK,1
WCH2019-200m-M-SF-H1,WCH,2019,200m,M,SF,1,0.16,,MOCK,1
WCH2019-200m-M-SF-H1,WCH,2019,200m,M,SF,1,0.187,,MOCK,1
WCH2019-200m-M-SF-H1,WCH,2019,200m,M,SF,1,0.178,,MOCK,1
WCH2019-200m-M-SF-H1,WCH,2019,200m,M,SF,1,0.193,,MOCK,1
WCH2019-200m-M-SF-H1,WCH,2019,200m,M,SF,1,0.218,,MOCK,1
WCH2019-200m-M-SF-H1,WCH,2019,200m,M,SF,1,0.193,,MOCK,1
WCH2019-200m-M-SF-H1,WCH,2019,200m,M,SF,1,0.146,,MOCK,1
WCH2019-200m-M-SF-H2,WCH,2019,200m,M,SF,2,0.173,,MOCK,1
WCH2019-200m-M-SF-H2,WCH,2019,200m,M,SF,2,0.163,,MOCK,1
WCH2019-200m-M-SF-H2,WCH,2019,200m,M,SF,2,0.158,,MOCK,1
WCH2019-200m-M-SF-H2,WCH,2019,200m,M,SF,2,0.163,,MOCK,1
WCH2019-200m-M-SF-H2,WCH,2019,200m,M,SF,2,0.199,,MOCK,1
WCH2019-200m-M-SF-H2,WCH,2019,200m,M,SF,2,0.157,,MOCK,1
WCH2019-200m-M-SF-H2,WCH,2019,200m,M,SF,2,0.17,,MOCK,1
WCH2019-200m-M-SF-H2,WCH,2019,200m,M,SF,2,0.163,,MOCK,1
WCH2019-200m-M-SF-H3,WCH,2019,200m,M,SF,3,0.168,,MOCK,1
WCH2019-200m-M-SF-H3,WCH,2019,200m,M,SF,3,0.176,,MOCK,1
WCH2019-200m-M-SF-H3,WCH,2019,200m,M,SF,3,0.168,,MOCK,1
WCH2019-200m-M-SF-H3,WCH,2019,200m,M,SF,3,0.161,,MOCK,1
WCH2019-200m-M-SF-H3,WCH,2019,200m,M,SF,3,0.155,,MOCK,1
WCH2019-200m-M-SF-H3,WCH,2019,200m,M,SF,3,0.138,,MOCK,1
WCH2019-200m-M-SF-H3,WCH,2019,200m,M,SF,3,0.156,,MOCK,1
WCH2019-200m-M-SF-H3,WCH,2019,200m,M,SF,3,0.191,,MOCK,1
WCH2019-200m-M-F-H1,WCH,2019,200m,M,F,1,0.136,,MOCK,1
WCH2019-200m-M-F-H1,WCH,2019,200m,M,F,1,0.138,,MOCK,1
WCH2019-200m-M-F-H1,WCH,2019,200m,M,F,1,0.143,,MOCK,1
WCH2019-200m-M-F-H1,WCH,2019,200m,M,F,1,0.153,,MOCK,1
WCH2019-200m-M-F-H1,WCH,2019,200m,M,F,1,0.144,,MOCK,1
WCH2019-200m-M-F-H1,WCH,2019,200m,M,F,1,0.165,,MOCK,1
WCH2019-200m-M-F-H1,WCH,2019,200m,M,F,1,0.14,,MOCK,1
WCH2019-200m-M-F-H1,WCH,2019,200m,M,F,1,0.163,,MOCK,1
WCH2019-110mH-M-R1-H1,WCH,2019,110mH,M,R1,1,0.176,,MOCK,1
WCH2019-110mH-M-R1-H1,WCH,2019,110mH,M,R1,1,0.16,,MOCK,1
WCH2019-110mH-M-R1-H1,WCH,2019,110mH,M,R1,1,0.168,,MOCK,1
WCH2019-110mH-M-R1-H1,WCH,2019,110mH,M,R1,1,0.138,,MOCK,1
WCH2019-110mH-M-R1-H1,WCH,2019,110mH,M,R1,1,0.161,,MOCK,1
WCH2019-110mH-M-R1-H1,WCH,2019,110mH,M,R1,1,0.182,,MOCK,1
WCH2019-110mH-M-R1-H1,WCH,2019,110mH,M,R1,1,0.141,,MOCK,1
WCH2019-110mH-M-R1-H1,WCH,2019,110mH,M,R1,1,0.146,,MOCK,1
WCH2019-110mH-M-R1-H2,WCH,2019,110mH,M,R1,2,0.169,,MOCK,1
WCH2019-110mH-M-R1-H2,WCH,2019,110mH,M,R1,2,0.155,,MOCK,1
WCH2019-110mH-M-R1-H2,WCH,2019,110mH,M,R1,2,0.176,,MOCK,1
WCH2019-110mH-M-R1-H2,WCH,2019,110mH,M,R1,2,0.165,,MOCK,1
WCH2019-110mH-M-R1-H2,WCH,2019,110mH,M,R1,2,0.161,,MOCK,1
WCH2019-110mH-M-R1-H2,WCH,2019,110mH,M,R1,2,0.158,,MOCK,1
WCH2019-110mH-M-R1-H2,WCH,2019,110mH,M,R1,2,0.17,,MOCK,1
WCH2019-110mH-M-R1-H2,WCH,2019,110mH,M,R1,2,0.132,,MOCK,1
WCH2019-110mH-M-R1-H3,WCH,2019,110mH,M,R1,3,0.14,,MOCK,1
WCH2019-110mH-M-R1-H3,WCH,2019,110mH,M,R1,3,0.167,,MOCK,1
WCH2019-110mH-M-R1-H3,WCH,2019,110mH,M,R1,3,0.17,,MOCK,1
WCH2019-110mH-M-R1-H3,WCH,2019,110mH,M,R1,3,0.15,,MOCK,1
WCH2019-110mH-M-R1-H3,WCH,2019,110mH,M,R1,3,0.151,,MOCK,1
WCH2019-110mH-M-R1-H3,WCH,2019,110mH,M,R1,3,0.156,,MOCK,1
WCH2019-110mH-M-R1-H3,WCH,2019,110mH,M,R1,3,0.141,,MOCK,1
WCH2019-110mH-M-R1-H4,WCH,2019,110mH,M,R1,4,0.186,,MOCK,1
WCH2019-110mH-M-R1-H4,WCH,2019,110mH,M,R1,4,0.17,,MOCK,1
WCH2019-110mH-M-R1-H4,WCH,2019,110mH,M,R1,4,0.146,,MOCK,1
WCH2019-110mH-M-R1-H4,WCH,2019,110mH,M,R1,4,0.162,,MOCK,1
WCH2019-110mH-M-R1-H4,WCH,2019,110mH,M,R1,4,0.181,,MOCK,1
WCH2019-110mH-M-R1-H4,WCH,2019,110mH,M,R1,4,0.162,,MOCK,1
WCH2019-110mH-M-R1-H4,WCH,2019,110mH,M,R1,4,0.13,,MOCK,1
WCH2019-110mH-M-R1-H4,WCH,2019,110mH,M,R1,4,0.153,,MOCK,1
WCH2019-110mH-M-R1-H5,WCH,2019,110mH,M,R1,5,0.177,,MOCK,1
WCH2019-110mH-M-R1-H5,WCH,2019,110mH,M,R1,5,0.165,,MOCK,1
WCH2019-110mH-M-R1-H5,WCH,2019,110mH,M,R1,5,0.168,,MOCK,1
WCH2019-110mH-M-R1-H5,WCH,2019,110mH,M,R1,5,0.196,,MOCK,1
WCH2019-110mH-M-R1-H5,WCH,2019,110mH,M,R1,5,0.174,,MOCK,1
WCH2019-110mH-M-R1-H5,WCH,2019,110mH,M,R1,5,0.191,,MOCK,1
WCH2019-110mH-M-R1-H5,WCH,2019,110mH,M,R1,5,0.155,,MOCK,1
WCH2019-110mH-M-R1-H5,WCH,2019,110mH,M,R1,5,0.191,,MOCK,1
WCH2019-110mH-M-R1-H6,WCH,2019,110mH,M,R1,6,0.175,,MOCK,1
WCH2019-110mH-M-R1-H6,WCH,2019,110mH,M,R1,6,0.168,,MOCK,1
WCH2019-110mH-M-R1-H6,WCH,2019,110mH,M,R1,6,0.194,,MOCK,1
WCH2019-110mH-M-R1-H6,WCH,2019,110mH,M,R1,6,0.157,,MOCK,1
WCH2019-110mH-M-R1-H6,WCH,2019,110mH,M,R1,6,0.2,,MOCK,1
WCH2019-110mH-M-R1-H6,WCH,2019,110mH,M,R1,6,0.17,,MOCK,1
WCH2019-110mH-M-R1-H6,WCH,2019,110mH,M,R1,6,0.168,,MOCK,1
WCH2019-110mH-M-R1-H6,WCH,2019,110mH,M,R1,6,0.165,,MOCK,1
WCH2019-110mH-M-SF-H1,WCH,2019,110mH,M,SF,1,0.13,,MOCK,1
WCH2019-110mH-M-SF-H1,WCH,2019,110mH,M,SF,1,0.14,,MOCK,1
WCH2019-110mH-M-SF-H1,WCH,2019,110mH,M,SF,1,0.173,,MOCK,1
WCH2019-110mH-M-SF-H1,WCH,2019,110mH,M,SF,1,0.152,,MOCK,1
WCH2019-110mH-M-SF-H1,WCH,2019,110mH,M,SF,1,0.17,,MOCK,1
WCH2019-110mH-M-SF-H1,WCH,2019,110mH,M,SF,1,0.174,,MOCK,1
WCH2019-110mH-M-SF-H1,WCH,2019,110mH,M,SF,1,0.148,,MOCK,1
WCH2019-110mH-M-SF-H1,WCH,2019,110mH,M,SF,1,0.155,,MOCK,1
WCH2019-110mH-M-SF-H2,WCH,2019,110mH,M,SF,2,0.148,,MOCK,1
WCH2019-110mH-M-SF-H2,WCH,2019,110mH,M,SF,2,0.132,,MOCK,1
WCH2019-110mH-M-SF-H2,WCH,2019,110mH,M,SF,2,0.14,,MOCK,1
WCH2019-110mH-M-SF-H2,WCH,2019,110mH,M,SF,2,0.178,,MOCK,1
WCH2019-110mH-M-SF-H2,WCH,2019,110mH,M,SF,2,0.166,,MOCK,1
WCH2019-110mH-M-SF-H2,WCH,2019,110mH,M,SF,2,0.17,,MOCK,1
WCH2019-110mH-M-SF-H2,WCH,2019,110mH,M,SF,2,0.165,,MOCK,1
WCH2019-110mH-M-SF-H2,WCH,2019,110mH,M,SF,2,0.167,,MOCK,1
WCH2019-110mH-M-SF-H3,WCH,2019,110mH,M,SF,3,0.193,,MOCK,1
WCH2019-110mH-M-SF-H3,WCH,2019,110mH,M,SF,3,0.157,,MOCK,1
WCH2019-110mH-M-SF-H3,WCH,2019,110mH,M,SF,3,0.14,,MOCK,1
WCH2019-110mH-M-SF-H3,WCH,2019,110mH,M,SF,3,0.165,,MOCK,1
WCH2019-110mH-M-SF-H3,WCH,2019,110mH,M,SF,3,0.169,,MOCK,1
WCH2019-110mH-M-SF-H3,WCH,2019,110mH,M,SF,3,0.204,,MOCK,1
WCH2019-110mH-M-SF-H3,WCH,2019,110mH,M,SF,3,0.177,,MOCK,1
WCH2019-110mH-M-SF-H3,WCH,2019,110mH,M,SF,3,0.181,,MOCK,1
WCH2019-110mH-M-F-H1,WCH,2019,110mH,M,F,1,0.15,,MOCK,1
WCH2019-110mH-M-F-H1,WCH,2019,110mH,M,F,1,0.167,,MOCK,1
WCH2019-110mH-M-F-H1,WCH,2019,110mH,M,F,1,0.181,,MOCK,1
WCH2019-110mH-M-F-H1,WCH,2019,110mH,M,F,1,0.147,,MOCK,1
WCH2019-110mH-M-F-H1,WCH,2019,110mH,M,F,1,0.193,,MOCK,1
WCH2019-110mH-M-F-H1,WCH,2019,110mH,M,F,1,0.154,,MOCK,1
WCH2019-110mH-M-F-H1,WCH,2019,110mH,M,F,1,0.169,,MOCK,1
WCH2019-110mH-M-F-H1,WCH,2019,110mH,M,F,1,0.171,,MOCK,1
WCH2019-100m-W-PR-H1,WCH,2019,100m,W,PR,1,0.181,,MOCK,1
WCH2019-100m-W-PR-H1,WCH,2019,100m,W,PR,1,0.169,,MOCK,1
WCH2019-100m-W-PR-H1,WCH,2019,100m,W,PR,1,0.185,,MOCK,1
WCH2019-100m-W-PR-H1,WCH,2019,100m,W,PR,1,0.174,,MOCK,1
WCH2019-100m-W-PR-H1,WCH,2019,100m,W,PR,1,0.19,,MOCK,1
WCH2019-100m-W-PR-H1,WCH,2019,100m,W,PR,1,0.138,,MOCK,1
WCH2019-100m-W-PR-H1,WCH,2019,100m,W,PR,1,0.174,,MOCK,1
WCH2019-100m-W-PR-H1,WCH,2019,100m,W,PR,1,0.166,,MOCK,1
WCH2019-100m-W-PR-H2,WCH,2019,100m,W,PR,2,0.141,,MOCK,1
WCH2019-100m-W-PR-H2,WCH,2019,100m,W,PR,2,0.16,,MOCK,1
WCH2019-100m-W-PR-H2,WCH,2019,100m,W,PR,2,0.171,,MOCK,1
WCH2019-100m-W-PR-H2,WCH,2019,100m,W,PR,2,0.167,,MOCK,1
WCH2019-100m-W-PR-H2,WCH,2019,100m,W,PR,2,0.158,,MOCK,1
WCH2019-100m-W-PR-H2,WCH,2019,100m,W,PR,2,0.177,,MOCK,1
WCH2019-100m-W-PR-H2,WCH,2019,100m,W,PR,2,0.17,,MOCK,1
WCH2019-100m-W-R1-H1,WCH,2019,100m,W,R1,1,0.156,,MOCK,1
WCH2019-100m-W-R1-H1,WCH,2019,100m,W,R1,1,0.164,,MOCK,1
WCH2019-100m-W-R1-H1,WCH,2019,100m,W,R1,1,0.127,,MOCK,1
WCH2019-100m-W-R1-H1,WCH,2019,100m,W,R1,1,0.163,,MOCK,1
WCH2019-100m-W-R1-H1,WCH,2019,100m,W,R1,1,0.154,,MOCK,1
WCH2019-100m-W-R1-H1,WCH,2019,100m,W,R1,1,0.14,,MOCK,1
WCH2019-100m-W-R1-H1,WCH,2019,100m,W,R1,1,0.138,,MOCK,1
WCH2019-100m-W-R1-H1,WCH,2019,100m,W,R1,1,0.13,,MOCK,1
WCH2019-100m-W-R1-H2,WCH,2019,100m,W,R1,2,0.159,,MOCK,1
WCH2019-100m-W-R1-H2,WCH,2019,100m,W,R1,2,0.167,,MOCK,1
WCH2019-100m-W-R1-H2,WCH,2019,100m,W,R1,2,0.162,,MOCK,1
WCH2019-100m-W-R1-H2,WCH,2019,100m,W,R1,2,0.166,,MOCK,1
WCH2019-100m-W-R1-H2,WCH,2019,100m,W,R1,2,0.124,,MOCK,1
WCH2019-100m-W-R1-H2,WCH,2019,100m,W,R1,2,0.209,,MOCK,1
WCH2019-100m-W-R1-H2,WCH,2019,100m,W,R1,2,0.135,,MOCK,1
WCH2019-100m-W-R1-H2,WCH,2019,100m,W,R1,2,0.152,,MOCK,1
WCH2019-100m-W-R1-H3,WCH,2019,100m,W,R1,3,0.15,,MOCK,1
WCH2019-100m-W-R1-H3,WCH,2019,100m,W,R1,3,0.18,,MOCK,1
WCH2019-100m-W-R1-H3,WCH,2019,100m,W,R1,3,0.184,,MOCK,1
WCH2019-100m-W-R1-H3,WCH,2019,100m,W,R1,3,0.175,,MOCK,1
WCH2019-100m-W-R1-H3,WCH,2019,100m,W,R1,3,0.129,,MOCK,1
WCH2019-100m-W-R1-H3,WCH,2019,100m,W,R1,3,0.163,,MOCK,1
WCH2019-100m-W-R1-H3,WCH,2019,100m,W,R1,3,0.214,,MOCK,1
WCH2019-100m-W-R1-H3,WCH,2019,100m,W,R1,3,0.186,,MOCK,1
WCH2019-100m-W-R1-H4,WCH,2019,100m,W,R1,4,0.151,,MOCK,1
WCH2019-100m-W-R1-H4,WCH,2019,100m,W,R1,4,0.167,,MOCK,1
WCH2019-100m-W-R1-H4,WCH,2019,100m,W,R1,4,0.152,,MOCK,1
WCH2019-100m-W-R1-H4,WCH,2019,100m,W,R1,4,0.188,,MOCK,1
WCH2019-100m-W-R1-H4,WCH,2019,100m,W,R1,4,0.137,,MOCK,1
WCH2019-100m-W-R1-H4,WCH,2019,100m,W,R1,4,0.167,,MOCK,1
WCH2019-100m-W-R1-H4,WCH,2019,100m,W,R1,4,0.147,,MOCK,1
WCH2019-100m-W-R1-H5,WCH,2019,100m,W,R1,5,0.164,,MOCK,1
WCH2019-100m-W-R1-H5,WCH,2019,100m,W,R1,5,0.139,,MOCK,1
WCH2019-100m-W-R1-H5,WCH,2019,100m,W,R1,5,0.158,,MOCK,1
WCH2019-100m-W-R1-H5,WCH,2019,100m,W,R1,5,0.189,,MOCK,1
WCH2019-100m-W-R1-H5,WCH,2019,100m,W,R1,5,0.172,,MOCK,1
WCH2019-100m-W-R1-H5,WCH,2019,100m,W,R1,5,0.182,,MOCK,1
WCH2019-100m-W-R1-H5,WCH,2019,100m,W,R1,5,0.169,,MOCK,1
WCH2019-100m-W-R1-H5,WCH,2019,100m,W,R1,5,0.173,,MOCK,1
WCH2019-100m-W-R1-H6,WCH,2019,100m,W,R1,6,0.153,,MOCK,1
WCH2019-100m-W-R1-H6,WCH,2019,100m,W,R1,6,0.131,,MOCK,1
WCH2019-100m-W-R1-H6,WCH,2019,100m,W,R1,6,0.149,,MOCK,1
WCH2019-100m-W-R1-H6,WCH,2019,100m,W,R1,6,0.175,,MOCK,1
WCH2019-100m-W-R1-H6,WCH,2019,100m,W,R1,6,0.156,,MOCK,1
WCH2019-100m-W-R1-H6,WCH,2019,100m,W,R1,6,0.157,,MOCK,1
WCH2019-100m-W-R1-H6,WCH,2019,100m,W,R1,6,0.173,,MOCK,1
WCH2019-100m-W-SF-H1,WCH,2019,100m,W,SF,1,0.132,,MOCK,1
WCH2019-100m-W-SF-H1,WCH,2019,100m,W,SF,1,0.149,,MOCK,1
WCH2019-100m-W-SF-H1,WCH,2019,100m,W,SF,1,0.134,,MOCK,1
WCH2019-100m-W-SF-H1,WCH,2019,100m,W,SF,1,0.151,,MOCK,1
WCH2019-100m-W-SF-H1,WCH,2019,100m,W,SF,1,0.176,,MOCK,1
WCH2019-100m-W-SF-H1,WCH,2019,100m,W,SF,1,0.162,,MOCK,1
WCH2019-100m-W-SF-H1,WCH,2019,100m,W,SF,1,0.124,,MOCK,1
WCH2019-100m-W-SF-H1,WCH,2019,100m,W,SF,1,0.154,,MOCK,1
WCH2019-100m-W-SF-H2,WCH,2019,100m,W,SF,2,0.166,,MOCK,1
WCH2019-100m-W-SF-H2,WCH,2019,100m,W,SF,2,0.147,,MOCK,1
WCH2019-100m-W-SF-H2,WCH,2019,100m,W,SF,2,0.146,,MOCK,1
WCH2019-100m-W-SF-H2,WCH,2019,100m,W,SF,2,0.141,,MOCK,1
WCH2019-100m-W-SF-H2,WCH,2019,100m,W,SF,2,0.128,,MOCK,1
WCH2019-100m-W-SF-H2,WCH,2019,100m,W,SF,2,0.157,,MOCK,1
WCH2019-100m-W-SF-H2,WCH,2019,100m,W,SF,2,0.153,,MOCK,1
WCH2019-100m-W-SF-H2,WCH,2019,100m,W,SF,2,0.162,,MOCK,1
WCH2019-100m-W-SF-H3,WCH,2019,100m,W,SF,3,0.161,,MOCK,1
WCH2019-100m-W-SF-H3,WCH,2019,100m,W,SF,3,0.149,,MOCK,1
WCH2019-100m-W-SF-H3,WCH,2019,100m,W,SF,3,0.143,,MOCK,1
WCH2019-100m-W-SF-H3,WCH,2019,100m,W,SF,3,0.158,,MOCK,1
WCH2019-100m-W-SF-H3,WCH,2019,100m,W,SF,3,0.137,,MOCK,1
WCH2019-100m-W-SF-H3,WCH,2019,100m,W,SF,3,0.158,,MOCK,1
WCH2019-100m-W-SF-H3,WCH,2019,100m,W,SF,3,0.138,,MOCK,1
WCH2019-100m-W-SF-H3,WCH,2019,100m,W,SF,3,0.168,,MOCK,1
WCH2019-100m-W-F-H1,WCH,2019,100m,W,F,1,0.165,,MOCK,1
WCH2019-100m-W-F-H1,WCH,2019,100m,W,F,1,0.15,,MOCK,1
WCH2019-100m-W-F-H1,WCH,2019,100m,W,F,1,0.165,,MOCK,1
WCH2019-100m-W-F-H1,WCH,2019,100m,W,F,1,0.146,,MOCK,1
WCH2019-100m-W-F-H1,WCH,2019,100m,W,F,1,0.15,,MOCK,1
WCH2019-100m-W-F-H1,WCH,2019,100m,W,F,1,0.17,,MOCK,1
WCH2019-100m-W-F-H1,WCH,2019,100m,W,F,1,0.144,,MOCK,1
WCH2019-100m-W-F-H1,WCH,2019,100m,W,F,1,0.156,,MOCK,1
WCH2019-200m-W-R1-H1,WCH,2019,200m,W,R1,1,0.172,,MOCK,1
WCH2019-200m-W-R1-H1,WCH,2019,200m,W,R1,1,0.185,,MOCK,1
WCH2019-200m-W-R1-H1,WCH,2019,200m,W,R1,1,0.143,,MOCK,1
WCH2019-200m-W-R1-H1,WCH,2019,200m,W,R1,1,0.196,,MOCK,1
WCH2019-200m-W-R1-H1,WCH,2019,200m,W,R1,1,0.181,,MOCK,1
WCH2019-200m-W-R1-H1,WCH,2019,200m,W,R1,1,0.207,,MOCK,1
WCH2019-200m-W-R1-H1,WCH,2019,200m,W,R1,1,0.199,,MOCK,1
WCH2019-200m-W-R1-H2,WCH,2019,200m,W,R1,2,0.189,,MOCK,1
WCH2019-200m-W-R1-H2,WCH,2019,200m,W,R1,2,0.154,,MOCK,1
WCH2019-200m-W-R1-H2,WCH,2019,200m,W,R1,2,0.2,,MOCK,1
WCH2019-200m-W-R1-H2,WCH,2019,200m,W,R1,2,0.14,,MOCK,1
WCH2019-200m-W-R1-H2,WCH,2019,200m,W,R1,2,0.181,,MOCK,1
WCH2019-200m-W-R1-H2,WCH,2019,200m,W,R1,2,0.173,,MOCK,1
WCH2019-200m-W-R1-H2,WCH,2019,200m,W,R1,2,0.181,,MOCK,1
WCH2019-200m-W-R1-H2,WCH,2019,200m,W,R1,2,0.182,,MOCK,1
WCH2019-200m-W-R1-H3,WCH,2019,200m,W,R1,3,0.166,,MOCK,1
WCH2019-200m-W-R1-H3,WCH,2019,200m,W,R1,3,0.179,,MOCK,1
WCH2019-200m-W-R1-H3,WCH,2019,200m,W,R1,3,0.174,,MOCK,1
WCH2019-200m-W-R1-H3,WCH,2019,200m,W,R1,3,0.165,,MOCK,1
WCH2019-200m-W-R1-H3,WCH,2019,200m,W,R1,3,0.151,,MOCK,1
WCH2019-200m-W-R1-H3,WCH,2019,200m,W,R1,3,0.155,,MOCK,1
WCH2019-200m-W-R1-H3,WCH,2019,200m,W,R1,3,0.166,,MOCK,1
WCH2019-200m-W-R1-H3,WCH,2019,200m,W,R1,3,0.157,,MOCK,1
WCH2019-200m-W-R1-H4,WCH,2019,200m,W,R1,4,0.154,,MOCK,1
WCH2019-200m-W-R1-H4,WCH,2019,200m,W,R1,4,0.155,,MOCK,1
WCH2019-200m-W-R1-H4,WCH,2019,200m,W,R1,4,0.145,,MOCK,1
WCH2019-200m-W-R1-H4,WCH,2019,200m,W,R1,4,0.192,,MOCK,1
WCH2019-200m-W-R1-H4,WCH,2019,200m,W,R1,4,0.17,,MOCK,1
WCH2019-200m-W-R1-H4,WCH,2019,200m,W,R1,4,0.172,,MOCK,1
WCH2019-200m-W-R1-H4,WCH,2019,200m,W,R1,4,0.146,,MOCK,1
WCH2019-200m-W-R1-H4,WCH,2019,200m,W,R1,4,0.141,,MOCK,1
WCH2019-200m-W-R1-H5,WCH,2019,200m,W,R1,5,0.168,,MOCK,1
WCH2019-200m-W-R1-H5,WCH,2019,200m,W,R1,5,0.207,,MOCK,1
WCH2019-200m-W-R1-H5,WCH,2019,200m,W,R1,5,0.168,,MOCK,1
WCH2019-200m-W-R1-H5,WCH,2019,200m,W,R1,5,0.186,,MOCK,1
WCH2019-200m-W-R1-H5,WCH,2019,200m,W,R1,5,0.165,,MOCK,1
WCH2019-200m-W-R1-H5,WCH,2019,200m,W,R1,5,0.141,,MOCK,1
WCH2019-200m-W-R1-H5,WCH,2019,200m,W,R1,5,0.156,,MOCK,1
WCH2019-200m-W-R1-H5,WCH,2019,200m,W,R1,5,0.161,,MOCK,1
WCH2019-200m-W-R1-H6,WCH,2019,200m,W,R1,6,0.153,,MOCK,1
WCH2019-200m-W-R1-H6,WCH,2019,200m,W,R1,6,0.18,,MOCK,1
WCH2019-200m-W-R1-H6,WCH,2019,200m,W,R1,6,0.152,,MOCK,1
WCH2019-200m-W-R1-H6,WCH,2019,200m,W,R1,6,0.163,,MOCK,1
WCH2019-200m-W-R1-H6,WCH,2019,200m,W,R1,6,0.172,,MOCK,1
WCH2019-200m-W-R1-H6,WCH,2019,200m,W,R1,6,0.182,,MOCK,1
WCH2019-200m-W-R1-H6,WCH,2019,200m,W,R1,6,0.16,,MOCK,1
WCH2019-200m-W-R1-H6,WCH,2019,200m,W,R1,6,0.166,,MOCK,1
WCH2019-200m-W-SF-H1,WCH,2019,200m,W,SF,1,0.177,,MOCK,1
WCH2019-200m-W-SF-H1,WCH,2019,200m,W,SF,1,0.172,,MOCK,1
WCH2019-200m-W-SF-H1,WCH,2019,200m,W,SF,1,0.153,,MOCK,1
WCH2019-200m-W-SF-H1,WCH,2019,200m,W,SF,1,0.202,,MOCK,1
WCH2019-200m-W-SF-H1,WCH,2019,200m,W,SF,1,0.178,,MOCK,1
WCH2019-200m-W-SF-H1,WCH,2019,200m,W,SF,1,0.187,,MOCK,1
WCH2019-200m-W-SF-H1,WCH,2019,200m,W,SF,1,0.184,,MOCK,1
WCH2019-200m-W-SF-H1,WCH,2019,200m,W,SF,1,0.162,,MOCK,1
WCH2019-200m-W-SF-H2,WCH,2019,200m,W,SF,2,0.188,,MOCK,1
WCH2019-200m-W-SF-H2,WCH,2019,200m,W,SF,2,0.145,,MOCK,1
WCH2019-200m-W-SF-H2,WCH,2019,200m,W,SF,2,0.178,,MOCK,1
WCH2019-200m-W-SF-H2,WCH,2019,200m,W,SF,2,0.177,,MOCK,1
WCH2019-200m-W-SF-H2,WCH,2019,200m,W,SF,2,0.193,,MOCK,1
WCH2019-200m-W-SF-H2,WCH,2019,200m,W,SF,2,0.176,,MOCK,1
WCH2019-200m-W-SF-H2,WCH,2019,200m,W,SF,2,0.164,,MOCK,1
WCH2019-200m-W-SF-H2,WCH,2019,200m,W,SF,2,0.174,,MOCK,1
WCH2019-200m-W-SF-H3,WCH,2019,200m,W,SF,3,0.166,,MOCK,1
WCH2019-200m-W-SF-H3,WCH,2019,200m,W,SF,3,0.16,,MOCK,1
WCH2019-200m-W-SF-H3,WCH,2019,200m,W,SF,3,0.145,,MOCK,1
WCH2019-200m-W-SF-H3,WCH,2019,200m,W,SF,3,0.169,,MOCK,1
WCH2019-200m-W-SF-H3,WCH,2019,200m,W,SF,3,0.187,,MOCK,1
WCH2019-200m-W-SF-H3,WCH,2019,200m,W,SF,3,0.181,,MOCK,1
WCH2019-200m-W-SF-H3,WCH,2019,200m,W,SF,3,0.141,,MOCK,1
WCH2019-200m-W-SF-H3,WCH,2019,200m,W,SF,3,0.186,,MOCK,1
WCH2019-200m-W-F-H1,WCH,2019,200m,W,F,1,0.16,,MOCK,1
WCH2019-200m-W-F-H1,WCH,2019,200m,W,F,1,0.166,,MOCK,1
WCH2019-200m-W-F-H1,WCH,2019,200m,W,F,1,0.149,,MOCK,1
WCH2019-200m-W-F-H1,WCH,2019,200m,W,F,1,0.157,,MOCK,1
WCH2019-200m-W-F-H1,WCH,2019,200m,W,F,1,0.164,,MOCK,1
WCH2019-200m-W-F-H1,WCH,2019,200m,W,F,1,0.19,,MOCK,1
WCH2019-200m-W-F-H1,WCH,2019,200m,W,F,1,0.181,,MOCK,1
WCH2019-200m-W-F-H1,WCH,2019,200m,W,F,1,0.208,,MOCK,1
WCH2019-100mH-W-R1-H1,WCH,2019,100mH,W,R1,1,0.151,,MOCK,1
WCH2019-100mH-W-R1-H1,WCH,2019,100mH,W,R1,1,0.153,,MOCK,1
WCH2019-100mH-W-R1-H1,WCH,2019,100mH,W,R1,1,0.138,,MOCK,1
WCH2019-100mH-W-R1-H1,WCH,2019,100mH,W,R1,1,0.158,,MOCK,1
WCH2019-100mH-W-R1-H1,WCH,2019,100mH,W,R1,1,0.148,,MOCK,1
WCH2019-100mH-W-R1-H1,WCH,2019,100mH,W,R1,1,0.143,,MOCK,1
WCH2019-100mH-W-R1-H1,WCH,2019,100mH,W,R1,1,0.151,,MOCK,1
WCH2019-100mH-W-R1-H1,WCH,2019,100mH,W,R1,1,0.143,,MOCK,1
WCH2019-100mH-W-R1-H2,WCH,2019,100mH,W,R1,2,0.162,,MOCK,1
WCH2019-100mH-W-R1-H2,WCH,2019,100mH,W,R1,2,0.181,,MOCK,1
WCH2019-100mH-W-R1-H2,WCH,2019,100mH,W,R1,2,0.167,,MOCK,1
WCH2019-100mH-W-R1-H2,WCH,2019,100mH,W,R1,2,0.164,,MOCK,1
WCH2019-100mH-W-R1-H2,WCH,2019,100mH,W,R1,2,0.156,,MOCK,1
WCH2019-100mH-W-R1-H2,WCH,2019,100mH,W,R1,2,0.189,,MOCK,1
WCH2019-100mH-W-R1-H2,WCH,2019,100mH,W,R1,2,0.166,,MOCK,1
WCH2019-100mH-W-R1-H2,WCH,2019,100mH,W,R1,2,0.154,,MOCK,1
WCH2019-100mH-W-R1-H3,WCH,2019,100mH,W,R1,3,0.186,,MOCK,1
WCH2019-100mH-W-R1-H3,WCH,2019,100mH,W,R1,3,0.223,,MOCK,1
WCH2019-100mH-W-R1-H3,WCH,2019,100mH,W,R1,3,0.168,,MOCK,1
WCH2019-100mH-W-R1-H3,WCH,2019,100mH,W,R1,3,0.17,,MOCK,1
WCH2019-100mH-W-R1-H3,WCH,2019,100mH,W,R1,3,0.181,,MOCK,1
WCH2019-100mH-W-R1-H3,WCH,2019,100mH,W,R1,3,0.169,,MOCK,1
WCH2019-100mH-W-R1-H3,WCH,2019,100mH,W,R1,3,0.162,,MOCK,1
WCH2019-100mH-W-R1-H4,WCH,2019,100mH,W,R1,4,0.158,,MOCK,1
WCH2019-100mH-W-R1-H4,WCH,2019,100mH,W,R1,4,0.189,,MOCK,1
WCH2019-100mH-W-R1-H4,WCH,2019,100mH,W,R1,4,0.167,,MOCK,1
WCH2019-100mH-W-R1-H4,WCH,2019,100mH,W,R1,4,0.132,,MOCK,1
WCH2019-100mH-W-R1-H4,WCH,2019,100mH,W,R1,4,0.161,,MOCK,1
WCH2019-100mH-W-R1-H4,WCH,2019,100mH,W,R1,4,0.186,,MOCK,1
WCH2019-100mH-W-R1-H4,WCH,2019,100mH,W,R1,4,0.15,,MOCK,1
WCH2019-100mH-W-R1-H5,WCH,2019,100mH,W,R1,5,0.169,,MOCK,1
WCH2019-100mH-W-R1-H5,WCH,2019,100mH,W,R1,5,0.182,,MOCK,1
WCH2019-100mH-W-R1-H5,WCH,2019,100mH,W,R1,5,0.181,,MOCK,1
WCH2019-100mH-W-R1-H5,WCH,2019,100mH,W,R1,5,0.167,,MOCK,1
WCH2019-100mH-W-R1-H5,WCH,2019,100mH,W,R1,5,0.155,,MOCK,1
WCH2019-100mH-W-R1-H5,WCH,2019,100mH,W,R1,5,0.16,,MOCK,1
WCH2019-100mH-W-R1-H5,WCH,2019,100mH,W,R1,5,0.164,,MOCK,1
WCH2019-100mH-W-R1-H5,WCH,2019,100mH,W,R1,5,0.164,,MOCK,1
WCH2019-100mH-W-R1-H6,WCH,2019,100mH,W,R1,6,0.165,,MOCK,1
WCH2019-100mH-W-R1-H6,WCH,2019,100mH,W,R1,6,0.148,,MOCK,1
WCH2019-100mH-W-R1-H6,WCH,2019,100mH,W,R1,6,0.162,,MOCK,1
WCH2019-100mH-W-R1-H6,WCH,2019,100mH,W,R1,6,0.151,,MOCK,1
WCH2019-100mH-W-R1-H6,WCH,2019,100mH,W,R1,6,0.171,,MOCK,1
WCH2019-100mH-W-R1-H6,WCH,2019,100mH,W,R1,6,0.132,,MOCK,1
WCH2019-100mH-W-R1-H6,WCH,2019,100mH,W,R1,6,0.174,,MOCK,1
WCH2019-100mH-W-R1-H6,WCH,2019,100mH,W,R1,6,0.163,,MOCK,1
WCH2019-100mH-W-SF-H1,WCH,2019,100mH,W,SF,1,0.192,,MOCK,1
WCH2019-100mH-W-SF-H1,WCH,2019,100mH,W,SF,1,0.157,,MOCK,1
WCH2019-100mH-W-SF-H1,WCH,2019,100mH,W,SF,1,0.173,,MOCK,1
WCH2019-100mH-W-SF-H1,WCH,2019,100mH,W,SF,1,0.137,,MOCK,1
WCH2019-100mH-W-SF-H1,WCH,2019,100mH,W,SF,1,0.172,,MOCK,1
WCH2019-100mH-W-SF-H1,WCH,2019,100mH,W,SF,1,0.174,,MOCK,1
WCH2019-100mH-W-SF-H1,WCH,2019,100mH,W,SF,1,0.204,,MOCK,1
WCH2019-100mH-W-SF-H1,WCH,2019,100mH,W,SF,1,0.171,,MOCK,1
WCH2019-100mH-W-SF-H2,WCH,2019,100mH,W,SF,2,0.152,,MOCK,1
WCH2019-100mH-W-SF-H2,WCH,2019,100mH,W,SF,2,0.153,,MOCK,1
WCH2019-100mH-W-SF-H2,WCH,2019,100mH,W,SF,2,0.147,,MOCK,1
WCH2019-100mH-W-SF-H2,WCH,2019,100mH,W,SF,2,0.156,,MOCK,1
WCH2019-100mH-W-SF-H2,WCH,2019,100mH,W,SF,2,0.154,,MOCK,1
WCH2019-100mH-W-SF-H2,WCH,2019,100mH,W,SF,2,0.167,,MOCK,1
WCH2019-100mH-W-SF-H2,WCH,2019,100mH,W,SF,2,0.146,,MOCK,1
WCH2019-100mH-W-SF-H2,WCH,2019,100mH,W,SF,2,0.158,,MOCK,1
WCH2019-100mH-W-SF-H3,WCH,2019,100mH,W,SF,3,0.174,,MOCK,1
WCH2019-100mH-W-SF-H3,WCH,2019,100mH,W,SF,3,0.16,,MOCK,1
WCH2019-100mH-W-SF-H3,WCH,2019,100mH,W,SF,3,0.149,,MOCK,1
WCH2019-100mH-W-SF-H3,WCH,2019,100mH,W,SF,3,0.141,,MOCK,1
WCH2019-100mH-W-SF-H3,WCH,2019,100mH,W,SF,3,0.196,,MOCK,1
WCH2019-100mH-W-SF-H3,WCH,2019,100mH,W,SF,3,0.164,,MOCK,1
WCH2019-100mH-W-SF-H3,WCH,2019,100mH,W,SF,3,0.129,,MOCK,1
WCH2019-100mH-W-SF-H3,WCH,2019,100mH,W,SF,3,0.181,,MOCK,1
WCH2019-100mH-W-F-H1,WCH,2019,100mH,W,F,1,0.165,,MOCK,1
WCH2019-100mH-W-F-H1,WCH,2019,100mH,W,F,1,0.141,,MOCK,1
WCH2019-100mH-W-F-H1,WCH,2019,100mH,W,F,1,0.156,,MOCK,1
WCH2019-100mH-W-F-H1,WCH,2019,100mH,W,F,1,0.166,,MOCK,1
WCH2019-100mH-W-F-H1,WCH,2019,100mH,W,F,1,0.135,,MOCK,1
WCH2019-100mH-W-F-H1,WCH,2019,100mH,W,F,1,0.159,,MOCK,1
WCH2019-100mH-W-F-H1,WCH,2019,100mH,W,F,1,0.182,,MOCK,1
WCH2019-100mH-W-F-H1,WCH,2019,100mH,W,F,1,0.126,,MOCK,1
WCH2022-100m-M-PR-H1,WCH,2022,100m,M,PR,1,0.154,,MOCK,1
WCH2022-100m-M-PR-H1,WCH,2022,100m,M,PR,1,0.137,,MOCK,1
WCH2022-100m-M-PR-H1,WCH,2022,100m,M,PR,1,0.14,,MOCK,1
WCH2022-100m-M-PR-H1,WCH,2022,100m,M,PR,1,0.169,,MOCK,1
WCH2022-100m-M-PR-H1,WCH,2022,100m,M,PR,1,0.144,,MOCK,1
WCH2022-100m-M-PR-H1,WCH,2022,100m,M,PR,1,0.14,,MOCK,1
WCH2022-100m-M-PR-H1,WCH,2022,100m,M,PR,1,0.146,,MOCK,1
WCH2022-100m-M-PR-H2,WCH,2022,100m,M,PR,2,0.119,,MOCK,1
WCH2022-100m-M-PR-H2,WCH,2022,100m,M,PR,2,0.118,,MOCK,1
WCH2022-100m-M-PR-H2,WCH,2022,100m,M,PR,2,0.139,,MOCK,1
WCH2022-100m-M-PR-H2,WCH,2022,100m,M,PR,2,0.178,,MOCK,1
WCH2022-100m-M-PR-H2,WCH,2022,100m,M,PR,2,0.118,,MOCK,1
WCH2022-100m-M-PR-H2,WCH,2022,100m,M,PR,2,0.109,,MOCK,1
WCH2022-100m-M-PR-H2,WCH,2022,100m,M,PR,2,0.145,,MOCK,1
WCH2022-100m-M-PR-H2,WCH,2022,100m,M,PR,2,0.113,,MOCK,1
WCH2022-100m-M-R1-H1,WCH,2022,100m,M,R1,1,0.137,,MOCK,1
WCH2022-100m-M-R1-H1,WCH,2022,100m,M,R1,1,0.091,DQ TR16.8,MOCK,1
WCH2022-100m-M-R1-H1,WCH,2022,100m,M,R1,1,0.127,,MOCK,1
WCH2022-100m-M-R1-H1,WCH,2022,100m,M,R1,1,0.13,,MOCK,1
WCH2022-100m-M-R1-H1,WCH,2022,100m,M,R1,1,0.125,,MOCK,1
WCH2022-100m-M-R1-H1,WCH,2022,100m,M,R1,1,0.121,,MOCK,1
WCH2022-100m-M-R1-H1,WCH,2022,100m,M,R1,1,0.092,DQ TR16.8,MOCK,1
WCH2022-100m-M-R1-H1,WCH,2022,100m,M,R1,1,0.133,,MOCK,1
WCH2022-100m-M-R1-H2,WCH,2022,100m,M,R1,2,0.114,,MOCK,1
WCH2022-100m-M-R1-H2,WCH,2022,100m,M,R1,2,0.107,,MOCK,1
WCH2022-100m-M-R1-H2,WCH,2022,100m,M,R1,2,0.16,,MOCK,1
WCH2022-100m-M-R1-H2,WCH,2022,100m,M,R1,2,0.107,,MOCK,1
WCH2022-100m-M-R1-H2,WCH,2022,100m,M,R1,2,0.113,,MOCK,1
WCH2022-100m-M-R1-H2,WCH,2022,100m,M,R1,2,0.099,DQ TR16.8,MOCK,1
WCH2022-100m-M-R1-H2,WCH,2022,100m,M,R1,2,0.105,,MOCK,1
WCH2022-100m-M-R1-H3,WCH,2022,100m,M,R1,3,0.106,,MOCK,1
WCH2022-100m-M-R1-H3,WCH,2022,100m,M,R1,3,0.103,,MOCK,1
WCH2022-100m-M-R1-H3,WCH,2022,100m,M,R1,3,0.126,,MOCK,1
WCH2022-100m-M-R1-H3,WCH,2022,100m,M,R1,3,0.109,,MOCK,1
WCH2022-100m-M-R1-H3,WCH,2022,100m,M,R1,3,0.107,,MOCK,1
WCH2022-100m-M-R1-H3,WCH,2022,100m,M,R1,3,0.12,,MOCK,1
WCH2022-100m-M-R1-H3,WCH,2022,100m,M,R1,3,0.092,DQ TR16.8,MOCK,1
WCH2022-100m-M-R1-H3,WCH,2022,100m,M,R1,3,0.113,,MOCK,1
WCH2022-100m-M-R1-H4,WCH,2022,100m,M,R1,4,0.119,,MOCK,1
WCH2022-100m-M-R1-H4,WCH,2022,100m,M,R1,4,0.13,,MOCK,1
WCH2022-100m-M-R1-H4,WCH,2022,100m,M,R1,4,0.121,,MOCK,1
WCH2022-100m-M-R1-H4,WCH,2022,100m,M,R1,4,0.098,DQ TR16.8,MOCK,1
WCH2022-100m-M-R1-H4,WCH,2022,100m,M,R1,4,0.146,,MOCK,1
WCH2022-100m-M-R1-H4,WCH,2022,100m,M,R1,4,0.1,DQ TR16.8,MOCK,1
WCH2022-100m-M-R1-H4,WCH,2022,100m,M,R1,4,0.114,,MOCK,1
WCH2022-100m-M-R1-H4,WCH,2022,100m,M,R1,4,0.118,,MOCK,1
WCH2022-100m-M-R1-H5,WCH,2022,100m,M,R1,5,0.081,DQ TR16.8,MOCK,1
WCH2022-100m-M-R1-H5,WCH,2022,100m,M,R1,5,0.093,DQ TR16.8,MOCK,1
WCH2022-100m-M-R1-H5,WCH,2022,100m,M,R1,5,0.089,DQ TR16.8,MOCK,1
WCH2022-100m-M-R1-H5,WCH,2022,100m,M,R1,5,0.126,,MOCK,1
WCH2022-100m-M-R1-H5,WCH,2022,100m,M,R1,5,0.079,DQ TR16.8,MOCK,1
WCH2022-100m-M-R1-H5,WCH,2022,100m,M,R1,5,0.125,,MOCK,1
WCH2022-100m-M-R1-H5,WCH,2022,100m,M,R1,5,0.116,,MOCK,1
WCH2022-100m-M-R1-H6,WCH,2022,100m,M,R1,6,0.119,,MOCK,1
WCH2022-100m-M-R1-H6,WCH,2022,100m,M,R1,6,0.106,,MOCK,1
WCH2022-100m-M-R1-H6,WCH,2022,100m,M,R1,6,0.137,,MOCK,1
WCH2022-100m-M-R1-H6,WCH,2022,100m,M,R1,6,0.16,,MOCK,1
WCH2022-100m-M-R1-H6,WCH,2022,100m,M,R1,6,0.137,,MOCK,1
WCH2022-100m-M-R1-H6,WCH,2022,100m,M,R1,6,0.099,DQ TR16.8,MOCK,1
WCH2022-100m-M-R1-H6,WCH,2022,100m,M,R1,6,0.134,,MOCK,1
WCH2022-100m-M-SF-H1,WCH,2022,100m,M,SF,1,0.134,,MOCK,1
WCH2022-100m-M-SF-H1,WCH,2022,100m,M,SF,1,0.109,,MOCK,1
WCH2022-100m-M-SF-H1,WCH,2022,100m,M,SF,1,0.132,,MOCK,1
WCH2022-100m-M-SF-H1,WCH,2022,100m,M,SF,1,0.126,,MOCK,1
WCH2022-100m-M-SF-H1,WCH,2022,100m,M,SF,1,0.11,,MOCK,1
WCH2022-100m-M-SF-H1,WCH,2022,100m,M,SF,1,0.14,,MOCK,1
WCH2022-100m-M-SF-H1,WCH,2022,100m,M,SF,1,0.084,DQ TR16.8,MOCK,1
WCH2022-100m-M-SF-H1,WCH,2022,100m,M,SF,1,0.138,,MOCK,1
WCH2022-100m-M-SF-H2,WCH,2022,100m,M,SF,2,0.142,,MOCK,1
WCH2022-100m-M-SF-H2,WCH,2022,100m,M,SF,2,0.147,,MOCK,1
WCH2022-100m-M-SF-H2,WCH,2022,100m,M,SF,2,0.104,,MOCK,1
WCH2022-100m-M-SF-H2,WCH,2022,100m,M,SF,2,0.1,,MOCK,1
WCH2022-100m-M-SF-H2,WCH,2022,100m,M,SF,2,0.115,,MOCK,1
WCH2022-100m-M-SF-H2,WCH,2022,100m,M,SF,2,0.121,,MOCK,1
WCH2022-100m-M-SF-H2,WCH,2022,100m,M,SF,2,0.12,,MOCK,1
WCH2022-100m-M-SF-H2,WCH,2022,100m,M,SF,2,0.103,,MOCK,1
WCH2022-100m-M-SF-H3,WCH,2022,100m,M,SF,3,0.114,,MOCK,1
WCH2022-100m-M-SF-H3,WCH,2022,100m,M,SF,3,0.102,,MOCK,1
WCH2022-100m-M-SF-H3,WCH,2022,100m,M,SF,3,0.103,,MOCK,1
WCH2022-100m-M-SF-H3,WCH,2022,100m,M,SF,3,0.12,,MOCK,1
WCH2022-100m-M-SF-H3,WCH,2022,100m,M,SF,3,0.121,,MOCK,1
WCH2022-100m-M-SF-H3,WCH,2022,100m,M,SF,3,0.141,,MOCK,1
WCH2022-100m-M-SF-H3,WCH,2022,100m,M,SF,3,0.156,,MOCK,1
WCH2022-100m-M-SF-H3,WCH,2022,100m,M,SF,3,0.105,,MOCK,1
WCH2022-100m-M-F-H1,WCH,2022,100m,M,F,1,0.114,,MOCK,1
WCH2022-100m-M-F-H1,WCH,2022,100m,M,F,1,0.114,,MOCK,1
WCH2022-100m-M-F-H1,WCH,2022,100m,M,F,1,0.117,,MOCK,1
WCH2022-100m-M-F-H1,WCH,2022,100m,M,F,1,0.127,,MOCK,1
WCH2022-100m-M-F-H1,WCH,2022,100m,M,F,1,0.145,,MOCK,1
WCH2022-100m-M-F-H1,WCH,2022,100m,M,F,1,0.093,DQ TR16.8,MOCK,1
WCH2022-100m-M-F-H1,WCH,2022,100m,M,F,1,0.113,,MOCK,1
WCH2022-100m-M-F-H1,WCH,2022,100m,M,F,1,0.124,,MOCK,1
WCH2022-200m-M-R1-H1,WCH,2022,200m,M,R1,1,0.145,,MOCK,1
WCH2022-200m-M-R1-H1,WCH,2022,200m,M,R1,1,0.134,,MOCK,1
WCH2022-200m-M-R1-H1,WCH,2022,200m,M,R1,1,0.149,,MOCK,1
WCH2022-200m-M-R1-H1,WCH,2022,200m,M,R1,1,0.138,,MOCK,1
WCH2022-200m-M-R1-H1,WCH,2022,200m,M,R1,1,0.131,,MOCK,1
WCH2022-200m-M-R1-H1,WCH,2022,200m,M,R1,1,0.154,,MOCK,1
WCH2022-200m-M-R1-H1,WCH,2022,200m,M,R1,1,0.119,,MOCK,1
WCH2022-200m-M-R1-H1,WCH,2022,200m,M,R1,1,0.116,,MOCK,1
WCH2022-200m-M-R1-H2,WCH,2022,200m,M,R1,2,0.129,,MOCK,1
WCH2022-200m-M-R1-H2,WCH,2022,200m,M,R1,2,0.109,,MOCK,1
WCH2022-200m-M-R1-H2,WCH,2022,200m,M,R1,2,0.119,,MOCK,1
WCH2022-200m-M-R1-H2,WCH,2022,200m,M,R1,2,0.089,DQ TR16.8,MOCK,1
WCH2022-200m-M-R1-H2,WCH,2022,200m,M,R1,2,0.15,,MOCK,1
WCH2022-200m-M-R1-H2,WCH,2022,200m,M,R1,2,0.096,DQ TR16.8,MOCK,1
WCH2022-200m-M-R1-H2,WCH,2022,200m,M,R1,2,0.108,,MOCK,1
WCH2022-200m-M-R1-H2,WCH,2022,200m,M,R1,2,0.113,,MOCK,1
WCH2022-200m-M-R1-H3,WCH,2022,200m,M,R1,3,0.108,,MOCK,1
WCH2022-200m-M-R1-H3,WCH,2022,200m,M,R1,3,0.098,DQ TR16.8,MOCK,1
WCH2022-200m-M-R1-H3,WCH,2022,200m,M,R1,3,0.108,,MOCK,1
WCH2022-200m-M-R1-H3,WCH,2022,200m,M,R1,3,0.107,,MOCK,1
WCH2022-200m-M-R1-H3,WCH,2022,200m,M,R1,3,0.126,,MOCK,1
WCH2022-200m-M-R1-H3,WCH,2022,200m,M,R1,3,0.128,,MOCK,1
WCH2022-200m-M-R1-H3,WCH,2022,200m,M,R1,3,0.13,,MOCK,1
WCH2022-200m-M-R1-H3,WCH,2022,200m,M,R1,3,0.137,,MOCK,1
WCH2022-200m-M-R1-H4,WCH,2022,200m,M,R1,4,0.145,,MOCK,1
WCH2022-200m-M-R1-H4,WCH,2022,200m,M,R1,4,0.125,,MOCK,1
WCH2022-200m-M-R1-H4,WCH,2022,200m,M,R1,4,0.153,,MOCK,1
WCH2022-200m-M-R1-H4,WCH,2022,200m,M,R1,4,0.116,,MOCK,1
WCH2022-200m-M-R1-H4,WCH,2022,200m,M,R1,4,0.128,,MOCK,1
WCH2022-200m-M-R1-H4,WCH,2022,200m,M,R1,4,0.126,,MOCK,1
WCH2022-200m-M-R1-H4,WCH,2022,200m,M,R1,4,0.122,,MOCK,1
WCH2022-200m-M-R1-H4,WCH,2022,200m,M,R1,4,0.106,,MOCK,1
WCH2022-200m-M-R1-H5,WCH,2022,200m,M,R1,5,0.111,,MOCK,1
WCH2022-200m-M-R1-H5,WCH,2022,200m,M,R1,5,0.142,,MOCK,1
WCH2022-200m-M-R1-H5,WCH,2022,200m,M,R1,5,0.134,,MOCK,1
WCH2022-200m-M-R1-H5,WCH,2022,200m,M,R1,5,0.105,,MOCK,1
WCH2022-200m-M-R1-H5,WCH,2022,200m,M,R1,5,0.115,,MOCK,1
WCH2022-200m-M-R1-H5,WCH,2022,200m,M,R1,5,0.126,,MOCK,1
WCH2022-200m-M-R1-H5,WCH,2022,200m,M,R1,5,0.159,,MOCK,1
WCH2022-200m-M-R1-H6,WCH,2022,200m,M,R1,6,0.122,,MOCK,1
WCH2022-200m-M-R1-H6,WCH,2022,200m,M,R1,6,0.13,,MOCK,1
WCH2022-200m-M-R1-H6,WCH,2022,200m,M,R1,6,0.142,,MOCK,1
WCH2022-200m-M-R1-H6,WCH,2022,200m,M,R1,6,0.114,,MOCK,1
WCH2022-200m-M-R1-H6,WCH,2022,200m,M,R1,6,0.118,,MOCK,1
WCH2022-200m-M-R1-H6,WCH,2022,200m,M,R1,6,0.107,,MOCK,1
WCH2022-200m-M-R1-H6,WCH,2022,200m,M,R1,6,0.111,,MOCK,1
WCH2022-200m-M-R1-H6,WCH,2022,200m,M,R1,6,0.128,,MOCK,1
WCH2022-200m-M-SF-H1,WCH,2022,200m,M,SF,1,0.109,,MOCK,1
WCH2022-200m-M-SF-H1,WCH,2022,200m,M,SF,1,0.124,,MOCK,1
WCH2022-200m-M-SF-H1,WCH,2022,200m,M,SF,1,0.108,,MOCK,1
WCH2022-200m-M-SF-H1,WCH,2022,200m,M,SF,1,0.113,,MOCK,1
WCH2022-200m-M-SF-H1,WCH,2022,200m,M,SF,1,0.145,,MOCK,1
WCH2022-200m-M-SF-H1,WCH,2022,200m,M,SF,1,0.121,,MOCK,1
WCH2022-200m-M-SF-H1,WCH,2022,200m,M,SF,1,0.107,,MOCK,1
WCH2022-200m-M-SF-H1,WCH,2022,200m,M,SF,1,0.112,,MOCK,1
WCH2022-200m-M-SF-H2,WCH,2022,200m,M,SF,2,0.123,,MOCK,1
WCH2022-200m-M-SF-H2,WCH,2022,200m,M,SF,2,0.12,,MOCK,1
WCH2022-200m-M-SF-H2,WCH,2022,200m,M,SF,2,0.094,DQ TR16.8,MOCK,1
WCH2022-200m-M-SF-H2,WCH,2022,200m,M,SF,2,0.128,,MOCK,1
WCH2022-200m-M-SF-H2,WCH,2022,200m,M,SF,2,0.093,DQ TR16.8,MOCK,1
WCH2022-200m-M-SF-H2,WCH,2022,200m,M,SF,2,0.117,,MOCK,1
WCH2022-200m-M-SF-H2,WCH,2022,200m,M,SF,2,0.111,,MOCK,1
WCH2022-200m-M-SF-H2,WCH,2022,200m,M,SF,2,0.096,DQ TR16.8,MOCK,1
WCH2022-200m-M-SF-H3,WCH,2022,200m,M,SF,3,0.095,DQ TR16.8,MOCK,1
WCH2022-200m-M-SF-H3,WCH,2022,200m,M,SF,3,0.104,,MOCK,1
WCH2022-200m-M-SF-H3,WCH,2022,200m,M,SF,3,0.134,,MOCK,1
WCH2022-200m-M-SF-H3,WCH,2022,200m,M,SF,3,0.1,,MOCK,1
WCH2022-200m-M-SF-H3,WCH,2022,200m,M,SF,3,0.119,,MOCK,1
WCH2022-200m-M-SF-H3,WCH,2022,200m,M,SF,3,0.096,DQ TR16.8,MOCK,1
WCH2022-200m-M-SF-H3,WCH,2022,200m,M,SF,3,0.128,,MOCK,1
WCH2022-200m-M-SF-H3,WCH,2022,200m,M,SF,3,0.099,DQ TR16.8,MOCK,1
WCH2022-200m-M-F-H1,WCH,2022,200m,M,F,1,0.104,,MOCK,1
WCH2022-200m-M-F-H1,WCH,2022,200m,M,F,1,0.135,,MOCK,1
WCH2022-200m-M-F-H1,WCH,2022,200m,M,F,1,0.176,,MOCK,1
WCH2022-200m-M-F-H1,WCH,2022,200m,M,F,1,0.115,,MOCK,1
WCH2022-200m-M-F-H1,WCH,2022,200m,M,F,1,0.103,,MOCK,1
WCH2022-200m-M-F-H1,WCH,2022,200m,M,F,1,0.106,,MOCK,1
WCH2022-200m-M-F-H1,WCH,2022,200m,M,F,1,0.115,,MOCK,1
WCH2022-200m-M-F-H1,WCH,2022,200m,M,F,1,0.12,,MOCK,1
WCH2022-110mH-M-R1-H1,WCH,2022,110mH,M,R1,1,0.118,,MOCK,1
WCH2022-110mH-M-R1-H1,WCH,2022,110mH,M,R1,1,0.131,,MOCK,1
WCH2022-110mH-M-R1-H1,WCH,2022,110mH,M,R1,1,0.125,,MOCK,1
WCH2022-110mH-M-R1-H1,WCH,2022,110mH,M,R1,1,0.126,,MOCK,1
WCH2022-110mH-M-R1-H1,WCH,2022,110mH,M,R1,1,0.112,,MOCK,1
WCH2022-110mH-M-R1-H1,WCH,2022,110mH,M,R1,1,0.11,,MOCK,1
WCH2022-110mH-M-R1-H1,WCH,2022,110mH,M,R1,1,0.114,,MOCK,1
WCH2022-110mH-M-R1-H1,WCH,2022,110mH,M,R1,1,0.125,,MOCK,1
WCH2022-110mH-M-R1-H2,WCH,2022,110mH,M,R1,2,0.123,,MOCK,1
WCH2022-110mH-M-R1-H2,WCH,2022,110mH,M,R1,2,0.134,,MOCK,1
WCH2022-110mH-M-R1-H2,WCH,2022,110mH,M,R1,2,0.13,,MOCK,1
WCH2022-110mH-M-R1-H2,WCH,2022,110mH,M,R1,2,0.116,,MOCK,1
WCH2022-110mH-M-R1-H2,WCH,2022,110mH,M,R1,2,0.158,,MOCK,1
WCH2022-110mH-M-R1-H2,WCH,2022,110mH,M,R1,2,0.132,,MOCK,1
WCH2022-110mH-M-R1-H2,WCH,2022,110mH,M,R1,2,0.125,,MOCK,1
WCH2022-110mH-M-R1-H2,WCH,2022,110mH,M,R1,2,0.138,,MOCK,1
WCH2022-110mH-M-R1-H3,WCH,2022,110mH,M,R1,3,0.126,,MOCK,1
WCH2022-110mH-M-R1-H3,WCH,2022,110mH,M,R1,3,0.131,,MOCK,1
WCH2022-110mH-M-R1-H3,WCH,2022,110mH,M,R1,3,0.108,,MOCK,1
WCH2022-110mH-M-R1-H3,WCH,2022,110mH,M,R1,3,0.15,,MOCK,1
WCH2022-110mH-M-R1-H3,WCH,2022,110mH,M,R1,3,0.163,,MOCK,1
WCH2022-110mH-M-R1-H3,WCH,2022,110mH,M,R1,3,0.157,,MOCK,1
WCH2022-110mH-M-R1-H3,WCH,2022,110mH,M,R1,3,0.101,,MOCK,1
WCH2022-110mH-M-R1-H3,WCH,2022,110mH,M,R1,3,0.138,,MOCK,1
WCH2022-110mH-M-R1-H4,WCH,2022,110mH,M,R1,4,0.129,,MOCK,1
WCH2022-110mH-M-R1-H4,WCH,2022,110mH,M,R1,4,0.123,,MOCK,1
WCH2022-110mH-M-R1-H4,WCH,2022,110mH,M,R1,4,0.124,,MOCK,1
WCH2022-110mH-M-R1-H4,WCH,2022,110mH,M,R1,4,0.116,,MOCK,1
WCH2022-110mH-M-R1-H4,WCH,2022,110mH,M,R1,4,0.149,,MOCK,1
WCH2022-110mH-M-R1-H4,WCH,2022,110mH,M,R1,4,0.117,,MOCK,1
WCH2022-110mH-M-R1-H4,WCH,2022,110mH,M,R1,4,0.185,,MOCK,1
WCH2022-110mH-M-R1-H5,WCH,2022,110mH,M,R1,5,0.136,,MOCK,1
WCH2022-110mH-M-R1-H5,WCH,2022,110mH,M,R1,5,0.16,,MOCK,1
WCH2022-110mH-M-R1-H5,WCH,2022,110mH,M,R1,5,0.124,,MOCK,1
WCH2022-110mH-M-R1-H5,WCH,2022,110mH,M,R1,5,0.118,,MOCK,1
WCH2022-110mH-M-R1-H5,WCH,2022,110mH,M,R1,5,0.122,,MOCK,1
WCH2022-110mH-M-R1-H5,WCH,2022,110mH,M,R1,5,0.127,,MOCK,1
WCH2022-110mH-M-R1-H5,WCH,2022,110mH,M,R1,5,0.107,,MOCK,1
WCH2022-110mH-M-R1-H5,WCH,2022,110mH,M,R1,5,0.136,,MOCK,1
WCH2022-110mH-M-R1-H6,WCH,2022,110mH,M,R1,6,0.122,,MOCK,1
WCH2022-110mH-M-R1-H6,WCH,2022,110mH,M,R1,6,0.15,,MOCK,1
WCH2022-110mH-M-R1-H6,WCH,2022,110mH,M,R1,6,0.133,,MOCK,1
WCH2022-110mH-M-R1-H6,WCH,2022,110mH,M,R1,6,0.096,DQ TR16.8,MOCK,1
WCH2022-110mH-M-R1-H6,WCH,2022,110mH,M,R1,6,0.103,,MOCK,1
WCH2022-110mH-M-R1-H6,WCH,2022,110mH,M,R1,6,0.11,,MOCK,1
WCH2022-110mH-M-R1-H6,WCH,2022,110mH,M,R1,6,0.126,,MOCK,1
WCH2022-110mH-M-SF-H1,WCH,2022,110mH,M,SF,1,0.123,,MOCK,1
WCH2022-110mH-M-SF-H1,WCH,2022,110mH,M,SF,1,0.13,,MOCK,1
WCH2022-110mH-M-SF-H1,WCH,2022,110mH,M,SF,1,0.127,,MOCK,1
WCH2022-110mH-M-SF-H1,WCH,2022,110mH,M,SF,1,0.117,,MOCK,1
WCH2022-110mH-M-SF-H1,WCH,2022,110mH,M,SF,1,0.106,,MOCK,1
WCH2022-110mH-M-SF-H1,WCH,2022,110mH,M,SF,1,0.123,,MOCK,1
WCH2022-110mH-M-SF-H1,WCH,2022,110mH,M,SF,1,0.109,,MOCK,1
WCH2022-110mH-M-SF-H1,WCH,2022,110mH,M,SF,1,0.14,,MOCK,1
WCH2022-110mH-M-SF-H2,WCH,2022,110mH,M,SF,2,0.123,,MOCK,1
WCH2022-110mH-M-SF-H2,WCH,2022,110mH,M,SF,2,0.106,,MOCK,1
WCH2022-110mH-M-SF-H2,WCH,2022,110mH,M,SF,2,0.147,,MOCK,1
WCH2022-110mH-M-SF-H2,WCH,2022,110mH,M,SF,2,0.131,,MOCK,1
WCH2022-110mH-M-SF-H2,WCH,2022,110mH,M,SF,2,0.14,,MOCK,1
WCH2022-110mH-M-SF-H2,WCH,2022,110mH,M,SF,2,0.151,,MOCK,1
WCH2022-110mH-M-SF-H2,WCH,2022,110mH,M,SF,2,0.121,,MOCK,1
WCH2022-110mH-M-SF-H2,WCH,2022,110mH,M,SF,2,0.108,,MOCK,1
WCH2022-110mH-M-SF-H3,WCH,2022,110mH,M,SF,3,0.127,,MOCK,1
WCH2022-110mH-M-SF-H3,WCH,2022,110mH,M,SF,3,0.104,,MOCK,1
WCH2022-110mH-M-SF-H3,WCH,2022,110mH,M,SF,3,0.112,,MOCK,1
WCH2022-110mH-M-SF-H3,WCH,2022,110mH,M,SF,3,0.129,,MOCK,1
WCH2022-110mH-M-SF-H3,WCH,2022,110mH,M,SF,3,0.117,,MOCK,1
WCH2022-110mH-M-SF-H3,WCH,2022,110mH,M,SF,3,0.13,,MOCK,1
WCH2022-110mH-M-SF-H3,WCH,2022,110mH,M,SF,3,0.133,,MOCK,1
WCH2022-110mH-M-SF-H3,WCH,2022,110mH,M,SF,3,0.124,,MOCK,1
WCH2022-110mH-M-F-H1,WCH,2022,110mH,M,F,1,0.122,,MOCK,1
WCH2022-110mH-M-F-H1,WCH,2022,110mH,M,F,1,0.137,,MOCK,1
WCH2022-110mH-M-F-H1,WCH,2022,110mH,M,F,1,0.136,,MOCK,1
WCH2022-110mH-M-F-H1,WCH,2022,110mH,M,F,1,0.121,,MOCK,1
WCH2022-110mH-M-F-H1,WCH,2022,110mH,M,F,1,0.144,,MOCK,1
WCH2022-110mH-M-F-H1,WCH,2022,110mH,M,F,1,0.118,,MOCK,1
WCH2022-110mH-M-F-H1,WCH,2022,110mH,M,F,1,0.116,,MOCK,1
WCH2022-110mH-M-F-H1,WCH,2022,110mH,M,F,1,0.105,,MOCK,1
WCH2022-100m-W-PR-H1,WCH,2022,100m,W,PR,1,0.123,,MOCK,1
WCH2022-100m-W-PR-H1,WCH,2022,100m,W,PR,1,0.119,,MOCK,1
WCH2022-100m-W-PR-H1,WCH,2022,100m,W,PR,1,0.135,,MOCK,1
WCH2022-100m-W-PR-H1,WCH,2022,100m,W,PR,1,0.144,,MOCK,1
WCH2022-100m-W-PR-H1,WCH,2022,100m,W,PR,1,0.129,,MOCK,1
WCH2022-100m-W-PR-H1,WCH,2022,100m,W,PR,1,0.136,,MOCK,1
WCH2022-100m-W-PR-H1,WCH,2022,100m,W,PR,1,0.143,,MOCK,1
WCH2022-100m-W-PR-H1,WCH,2022,100m,W,PR,1,0.122,,MOCK,1
WCH2022-100m-W-PR-H2,WCH,2022,100m,W,PR,2,0.128,,MOCK,1
WCH2022-100m-W-PR-H2,WCH,2022,100m,W,PR,2,0.126,,MOCK,1
WCH2022-100m-W-PR-H2,WCH,2022,100m,W,PR,2,0.134,,MOCK,1
WCH2022-100m-W-PR-H2,WCH,2022,100m,W,PR,2,0.132,,MOCK,1
WCH2022-100m-W-PR-H2,WCH,2022,100m,W,PR,2,0.13,,MOCK,1
WCH2022-100m-W-PR-H2,WCH,2022,100m,W,PR,2,0.157,,MOCK,1
WCH2022-100m-W-PR-H2,WCH,2022,100m,W,PR,2,0.122,,MOCK,1
WCH2022-100m-W-PR-H2,WCH,2022,100m,W,PR,2,0.183,,MOCK,1
WCH2022-100m-W-R1-H1,WCH,2022,100m,W,R1,1,0.163,,MOCK,1
WCH2022-100m-W-R1-H1,WCH,2022,100m,W,R1,1,0.129,,MOCK,1
WCH2022-100m-W-R1-H1,WCH,2022,100m,W,R1,1,0.139,,MOCK,1
WCH2022-100m-W-R1-H1,WCH,2022,100m,W,R1,1,0.154,,MOCK,1
WCH2022-100m-W-R1-H1,WCH,2022,100m,W,R1,1,0.138,,MOCK,1
WCH2022-100m-W-R1-H1,WCH,2022,100m,W,R1,1,0.135,,MOCK,1
WCH2022-100m-W-R1-H1,WCH,2022,100m,W,R1,1,0.127,,MOCK,1
WCH2022-100m-W-R1-H1,WCH,2022,100m,W,R1,1,0.147,,MOCK,1
WCH2022-100m-W-R1-H2,WCH,2022,100m,W,R1,2,0.126,,MOCK,1
WCH2022-100m-W-R1-H2,WCH,2022,100m,W,R1,2,0.125,,MOCK,1
WCH2022-100m-W-R1-H2,WCH,2022,100m,W,R1,2,0.137,,MOCK,1
WCH2022-100m-W-R1-H2,WCH,2022,100m,W,R1,2,0.105,,MOCK,1
WCH2022-100m-W-R1-H2,WCH,2022,100m,W,R1,2,0.118,,MOCK,1
WCH2022-100m-W-R1-H2,WCH,2022,100m,W,R1,2,0.126,,MOCK,1
WCH2022-100m-W-R1-H2,WCH,2022,100m,W,R1,2,0.118,,MOCK,1
WCH2022-100m-W-R1-H3,WCH,2022,100m,W,R1,3,0.138,,MOCK,1
WCH2022-100m-W-R1-H3,WCH,2022,100m,W,R1,3,0.143,,MOCK,1
WCH2022-100m-W-R1-H3,WCH,2022,100m,W,R1,3,0.129,,MOCK,1
WCH2022-100m-W-R1-H3,WCH,2022,100m,W,R1,3,0.125,,MOCK,1
WCH2022-100m-W-R1-H3,WCH,2022,100m,W,R1,3,0.137,,MOCK,1
WCH2022-100m-W-R1-H3,WCH,2022,100m,W,R1,3,0.131,,MOCK,1
WCH2022-100m-W-R1-H3,WCH,2022,100m,W,R1,3,0.12,,MOCK,1
WCH2022-100m-W-R1-H3,WCH,2022,100m,W,R1,3,0.118,,MOCK,1
WCH2022-100m-W-R1-H4,WCH,2022,100m,W,R1,4,0.099,DQ TR16.8,MOCK,1
WCH2022-100m-W-R1-H4,WCH,2022,100m,W,R1,4,0.131,,MOCK,1
WCH2022-100m-W-R1-H4,WCH,2022,100m,W,R1,4,0.129,,MOCK,1
WCH2022-100m-W-R1-H4,WCH,2022,100m,W,R1,4,0.145,,MOCK,1
WCH2022-100m-W-R1-H4,WCH,2022,100m,W,R1,4,0.097,DQ TR16.8,MOCK,1
WCH2022-100m-W-R1-H4,WCH,2022,100m,W,R1,4,0.118,,MOCK,1
WCH2022-100m-W-R1-H4,WCH,2022,100m,W,R1,4,0.127,,MOCK,1
WCH2022-100m-W-R1-H4,WCH,2022,100m,W,R1,4,0.118,,MOCK,1
WCH2022-100m-W-R1-H5,WCH,2022,100m,W,R1,5,0.115,,MOCK,1
WCH2022-100m-W-R1-H5,WCH,2022,100m,W,R1,5,0.148,,MOCK,1
WCH2022-100m-W-R1-H5,WCH,2022,100m,W,R1,5,0.092,DQ TR16.8,MOCK,1
WCH2022-100m-W-R1-H5,WCH,2022,100m,W,R1,5,0.099,DQ TR16.8,MOCK,1
WCH2022-100m-W-R1-H5,WCH,2022,100m,W,R1,5,0.092,DQ TR16.8,MOCK,1
WCH2022-100m-W-R1-H5,WCH,2022,100m,W,R1,5,0.105,,MOCK,1
WCH2022-100m-W-R1-H5,WCH,2022,100m,W,R1,5,0.122,,MOCK,1
WCH2022-100m-W-R1-H6,WCH,2022,100m,W,R1,6,0.141,,MOCK,1
WCH2022-100m-W-R1-H6,WCH,2022,100m,W,R1,6,0.141,,MOCK,1
WCH2022-100m-W-R1-H6,WCH,2022,100m,W,R1,6,0.136,,MOCK,1
WCH2022-100m-W-R1-H6,WCH,2022,100m,W,R1,6,0.144,,MOCK,1
WCH2022-100m-W-R1-H6,WCH,2022,100m,W,R1,6,0.122,,MOCK,1
WCH2022-100m-W-R1-H6,WCH,2022,100m,W,R1,6,0.14,,MOCK,1
WCH2022-100m-W-R1-H6,WCH,2022,100m,W,R1,6,0.124,,MOCK,1
WCH2022-100m-W-R1-H6,WCH,2022,100m,W,R1,6,0.168,,MOCK,1
WCH2022-100m-W-SF-H1,WCH,2022,100m,W,SF,1,0.113,,MOCK,1
WCH2022-100m-W-SF-H1,WCH,2022,100m,W,SF,1,0.112,,MOCK,1
WCH2022-100m-W-SF-H1,WCH,2022,100m,W,SF,1,0.138,,MOCK,1
WCH2022-100m-W-SF-H1,WCH,2022,100m,W,SF,1,0.124,,MOCK,1
WCH2022-100m-W-SF-H1,WCH,2022,100m,W,SF,1,0.106,,MOCK,1
WCH2022-100m-W-SF-H1,WCH,2022,100m,W,SF,1,0.134,,MOCK,1
WCH2022-100m-W-SF-H1,WCH,2022,100m,W,SF,1,0.124,,MOCK,1
WCH2022-100m-W-SF-H1,WCH,2022,100m,W,SF,1,0.145,,MOCK,1
WCH2022-100m-W-SF-H2,WCH,2022,100m,W,SF,2,0.138,,MOCK,1
WCH2022-100m-W-SF-H2,WCH,2022,100m,W,SF,2,0.121,,MOCK,1
WCH2022-100m-W-SF-H2,WCH,2022,100m,W,SF,2,0.11,,MOCK,1
WCH2022-100m-W-SF-H2,WCH,2022,100m,W,SF,2,0.096,DQ TR16.8,MOCK,1
WCH2022-100m-W-SF-H2,WCH,2022,100m,W,SF,2,0.124,,MOCK,1
WCH2022-100m-W-SF-H2,WCH,2022,100m,W,SF,2,0.141,,MOCK,1
WCH2022-100m-W-SF-H2,WCH,2022,100m,W,SF,2,0.113,,MOCK,1
WCH2022-100m-W-SF-H2,WCH,2022,100m,W,SF,2,0.131,,MOCK,1
WCH2022-100m-W-SF-H3,WCH,2022,100m,W,SF,3,0.122,,MOCK,1
WCH2022-100m-W-SF-H3,WCH,2022,100m,W,SF,3,0.097,DQ TR16.8,MOCK,1
WCH2022-100m-W-SF-H3,WCH,2022,100m,W,SF,3,0.125,,MOCK,1
WCH2022-100m-W-SF-H3,WCH,2022,100m,W,SF,3,0.11,,MOCK,1
WCH2022-100m-W-SF-H3,WCH,2022,100m,W,SF,3,0.112,,MOCK,1
WCH2022-100m-W-SF-H3,WCH,2022,100m,W,SF,3,0.109,,MOCK,1
WCH2022-100m-W-SF-H3,WCH,2022,100m,W,SF,3,0.096,DQ TR16.8,MOCK,1
WCH2022-100m-W-SF-H3,WCH,2022,100m,W,SF,3,0.13,,MOCK,1
WCH2022-100m-W-F-H1,WCH,2022,100m,W,F,1,0.112,,MOCK,1
WCH2022-100m-W-F-H1,WCH,2022,100m,W,F,1,0.112,,MOCK,1
WCH2022-100m-W-F-H1,WCH,2022,100m,W,F,1,0.115,,MOCK,1
WCH2022-100m-W-F-H1,WCH,2022,100m,W,F,1,0.125,,MOCK,1
WCH2022-100m-W-F-H1,WCH,2022,100m,W,F,1,0.105,,MOCK,1
WCH2022-100m-W-F-H1,WCH,2022,100m,W,F,1,0.144,,MOCK,1
WCH2022-100m-W-F-H1,WCH,2022,100m,W,F,1,0.153,,MOCK,1
WCH2022-100m-W-F-H1,WCH,2022,100m,W,F,1,0.127,,MOCK,1
WCH2022-200m-W-R1-H1,WCH,2022,200m,W,R1,1,0.133,,MOCK,1
WCH2022-200m-W-R1-H1,WCH,2022,200m,W,R1,1,0.134,,MOCK,1
WCH2022-200m-W-R1-H1,WCH,2022,200m,W,R1,1,0.169,,MOCK,1
WCH2022-200m-W-R1-H1,WCH,2022,200m,W,R1,1,0.146,,MOCK,1
WCH2022-200m-W-R1-H1,WCH,2022,200m,W,R1,1,0.131,,MOCK,1
WCH2022-200m-W-R1-H1,WCH,2022,200m,W,R1,1,0.157,,MOCK,1
WCH2022-200m-W-R1-H1,WCH,2022,200m,W,R1,1,0.148,,MOCK,1
WCH2022-200m-W-R1-H1,WCH,2022,200m,W,R1,1,0.138,,MOCK,1
WCH2022-200m-W-R1-H2,WCH,2022,200m,W,R1,2,0.129,,MOCK,1
WCH2022-200m-W-R1-H2,WCH,2022,200m,W,R1,2,0.138,,MOCK,1
WCH2022-200m-W-R1-H2,WCH,2022,200m,W,R1,2,0.151,,MOCK,1
WCH2022-200m-W-R1-H2,WCH,2022,200m,W,R1,2,0.14,,MOCK,1
WCH2022-200m-W-R1-H2,WCH,2022,200m,W,R1,2,0.145,,MOCK,1
WCH2022-200m-W-R1-H2,WCH,2022,200m,W,R1,2,0.161,,MOCK,1
WCH2022-200m-W-R1-H2,WCH,2022,200m,W,R1,2,0.146,,MOCK,1
WCH2022-200m-W-R1-H2,WCH,2022,200m,W,R1,2,0.113,,MOCK,1
WCH2022-200m-W-R1-H3,WCH,2022,200m,W,R1,3,0.144,,MOCK,1
WCH2022-200m-W-R1-H3,WCH,2022,200m,W,R1,3,0.123,,MOCK,1
WCH2022-200m-W-R1-H3,WCH,2022,200m,W,R1,3,0.129,,MOCK,1
WCH2022-200m-W-R1-H3,WCH,2022,200m,W,R1,3,0.17,,MOCK,1
WCH2022-200m-W-R1-H3,WCH,2022,200m,W,R1,3,0.126,,MOCK,1
WCH2022-200m-W-R1-H3,WCH,2022,200m,W,R1,3,0.137,,MOCK,1
WCH2022-200m-W-R1-H3,WCH,2022,200m,W,R1,3,0.118,,MOCK,1
WCH2022-200m-W-R1-H4,WCH,2022,200m,W,R1,4,0.12,,MOCK,1
WCH2022-200m-W-R1-H4,WCH,2022,200m,W,R1,4,0.104,,MOCK,1
WCH2022-200m-W-R1-H4,WCH,2022,200m,W,R1,4,0.151,,MOCK,1
WCH2022-200m-W-R1-H4,WCH,2022,200m,W,R1,4,0.111,,MOCK,1
WCH2022-200m-W-R1-H4,WCH,2022,200m,W,R1,4,0.112,,MOCK,1
WCH2022-200m-W-R1-H4,WCH,2022,200m,W,R1,4,0.117,,MOCK,1
WCH2022-200m-W-R1-H4,WCH,2022,200m,W,R1,4,0.128,,MOCK,1
WCH2022-200m-W-R1-H4,WCH,2022,200m,W,R1,4,0.104,,MOCK,1
WCH2022-200m-W-R1-H5,WCH,2022,200m,W,R1,5,0.134,,MOCK,1
WCH2022-200m-W-R1-H5,WCH,2022,200m,W,R1,5,0.109,,MOCK,1
WCH2022-200m-W-R1-H5,WCH,2022,200m,W,R1,5,0.105,,MOCK,1
WCH2022-200m-W-R1-H5,WCH,2022,200m,W,R1,5,0.121,,MOCK,1
WCH2022-200m-W-R1-H5,WCH,2022,200m,W,R1,5,0.128,,MOCK,1
WCH2022-200m-W-R1-H5,WCH,2022,200m,W,R1,5,0.143,,MOCK,1
WCH2022-200m-W-R1-H5,WCH,2022,200m,W,R1,5,0.094,DQ TR16.8,MOCK,1
WCH2022-200m-W-R1-H5,WCH,2022,200m,W,R1,5,0.122,,MOCK,1
WCH2022-200m-W-R1-H6,WCH,2022,200m,W,R1,6,0.169,,MOCK,1
WCH2022-200m-W-R1-H6,WCH,2022,200m,W,R1,6,0.137,,MOCK,1
WCH2022-200m-W-R1-H6,WCH,2022,200m,W,R1,6,0.135,,MOCK,1
WCH2022-200m-W-R1-H6,WCH,2022,200m,W,R1,6,0.115,,MOCK,1
WCH2022-200m-W-R1-H6,WCH,2022,200m,W,R1,6,0.142,,MOCK,1
WCH2022-200m-W-R1-H6,WCH,2022,200m,W,R1,6,0.129,,MOCK,1
WCH2022-200m-W-R1-H6,WCH,2022,200m,W,R1,6,0.151,,MOCK,1
WCH2022-200m-W-R1-H6,WCH,2022,200m,W,R1,6,0.137,,MOCK,1
WCH2022-200m-W-SF-H1,WCH,2022,200m,W,SF,1,0.142,,MOCK,1
WCH2022-200m-W-SF-H1,WCH,2022,200m,W,SF,1,0.113,,MOCK,1
WCH2022-200m-W-SF-H1,WCH,2022,200m,W,SF,1,0.092,DQ TR16.8,MOCK,1
WCH2022-200m-W-SF-H1,WCH,2022,200m,W,SF,1,0.117,,MOCK,1
WCH2022-200m-W-SF-H1,WCH,2022,200m,W,SF,1,0.112,,MOCK,1
WCH2022-200m-W-SF-H1,WCH,2022,200m,W,SF,1,0.131,,MOCK,1
WCH2022-200m-W-SF-H1,WCH,2022,200m,W,SF,1,0.109,,MOCK,1
WCH2022-200m-W-SF-H1,WCH,2022,200m,W,SF,1,0.127,,MOCK,1
WCH2022-200m-W-SF-H2,WCH,2022,200m,W,SF,2,0.142,,MOCK,1
WCH2022-200m-W-SF-H2,WCH,2022,200m,W,SF,2,0.119,,MOCK,1
WCH2022-200m-W-SF-H2,WCH,2022,200m,W,SF,2,0.113,,MOCK,1
WCH2022-200m-W-SF-H2,WCH,2022,200m,W,SF,2,0.095,DQ TR16.8,MOCK,1
WCH2022-200m-W-SF-H2,WCH,2022,200m,W,SF,2,0.143,,MOCK,1
WCH2022-200m-W-SF-H2,WCH,2022,200m,W,SF,2,0.128,,MOCK,1
WCH2022-200m-W-SF-H2,WCH,2022,200m,W,SF,2,0.105,,MOCK,1
WCH2022-200m-W-SF-H2,WCH,2022,200m,W,SF,2,0.109,,MOCK,1
WCH2022-200m-W-SF-H3,WCH,2022,200m,W,SF,3,0.129,,MOCK,1
WCH2022-200m-W-SF-H3,WCH,2022,200m,W,SF,3,0.158,,MOCK,1
WCH2022-200m-W-SF-H3,WCH,2022,200m,W,SF,3,0.191,,MOCK,1
WCH2022-200m-W-SF-H3,WCH,2022,200m,W,SF,3,0.123,,MOCK,1
WCH2022-200m-W-SF-H3,WCH,2022,200m,W,SF,3,0.123,,MOCK,1
WCH2022-200m-W-SF-H3,WCH,2022,200m,W,SF,3,0.143,,MOCK,1
WCH2022-200m-W-SF-H3,WCH,2022,200m,W,SF,3,0.149,,MOCK,1
WCH2022-200m-W-SF-H3,WCH,2022,200m,W,SF,3,0.144,,MOCK,1
WCH2022-200m-W-F-H1,WCH,2022,200m,W,F,1,0.124,,MOCK,1
WCH2022-200m-W-F-H1,WCH,2022,200m,W,F,1,0.135,,MOCK,1
WCH2022-200m-W-F-H1,WCH,2022,200m,W,F,1,0.142,,MOCK,1
WCH2022-200m-W-F-H1,WCH,2022,200m,W,F,1,0.142,,MOCK,1
WCH2022-200m-W-F-H1,WCH,2022,200m,W,F,1,0.141,,MOCK,1
WCH2022-200m-W-F-H1,WCH,2022,200m,W,F,1,0.134,,MOCK,1
WCH2022-200m-W-F-H1,WCH,2022,200m,W,F,1,0.134,,MOCK,1
WCH2022-200m-W-F-H1,WCH,2022,200m,W,F,1,0.139,,MOCK,1
WCH2022-100mH-W-R1-H1,WCH,2022,100mH,W,R1,1,0.148,,MOCK,1
WCH2022-100mH-W-R1-H1,WCH,2022,100mH,W,R1,1,0.151,,MOCK,1
WCH2022-100mH-W-R1-H1,WCH,2022,100mH,W,R1,1,0.123,,MOCK,1
WCH2022-100mH-W-R1-H1,WCH,2022,100mH,W,R1,1,0.137,,MOCK,1
WCH2022-100mH-W-R1-H1,WCH,2022,100mH,W,R1,1,0.152,,MOCK,1
WCH2022-100mH-W-R1-H1,WCH,2022,100mH,W,R1,1,0.144,,MOCK,1
WCH2022-100mH-W-R1-H1,WCH,2022,100mH,W,R1,1,0.155,,MOCK,1
WCH2022-100mH-W-R1-H2,WCH,2022,100mH,W,R1,2,0.126,,MOCK,1
WCH2022-100mH-W-R1-H2,WCH,2022,100mH,W,R1,2,0.158,,MOCK,1
WCH2022-100mH-W-R1-H2,WCH,2022,100mH,W,R1,2,0.14,,MOCK,1
WCH2022-100mH-W-R1-H2,WCH,2022,100mH,W,R1,2,0.116,,MOCK,1
WCH2022-100mH-W-R1-H2,WCH,2022,100mH,W,R1,2,0.097,DQ TR16.8,MOCK,1
WCH2022-100mH-W-R1-H2,WCH,2022,100mH,W,R1,2,0.132,,MOCK,1
WCH2022-100mH-W-R1-H2,WCH,2022,100mH,W,R1,2,0.116,,MOCK,1
WCH2022-100mH-W-R1-H3,WCH,2022,100mH,W,R1,3,0.141,,MOCK,1
WCH2022-100mH-W-R1-H3,WCH,2022,100mH,W,R1,3,0.124,,MOCK,1
WCH2022-100mH-W-R1-H3,WCH,2022,100mH,W,R1,3,0.156,,MOCK,1
WCH2022-100mH-W-R1-H3,WCH,2022,100mH,W,R1,3,0.117,,MOCK,1
WCH2022-100mH-W-R1-H3,WCH,2022,100mH,W,R1,3,0.111,,MOCK,1
WCH2022-100mH-W-R1-H3,WCH,2022,100mH,W,R1,3,0.149,,MOCK,1
WCH2022-100mH-W-R1-H3,WCH,2022,100mH,W,R1,3,0.138,,MOCK,1
WCH2022-100mH-W-R1-H3,WCH,2022,100mH,W,R1,3,0.119,,MOCK,1
WCH2022-100mH-W-R1-H4,WCH,2022,100mH,W,R1,4,0.089,DQ TR16.8,MOCK,1
WCH2022-100mH-W-R1-H4,WCH,2022,100mH,W,R1,4,0.126,,MOCK,1
WCH2022-100mH-W-R1-H4,WCH,2022,100mH,W,R1,4,0.115,,MOCK,1
WCH2022-100mH-W-R1-H4,WCH,2022,100mH,W,R1,4,0.106,,MOCK,1
WCH2022-100mH-W-R1-H4,WCH,2022,100mH,W,R1,4,0.129,,MOCK,1
WCH2022-100mH-W-R1-H4,WCH,2022,100mH,W,R1,4,0.103,,MOCK,1
WCH2022-100mH-W-R1-H4,WCH,2022,100mH,W,R1,4,0.115,,MOCK,1
WCH2022-100mH-W-R1-H4,WCH,2022,100mH,W,R1,4,0.144,,MOCK,1
WCH2022-100mH-W-R1-H5,WCH,2022,100mH,W,R1,5,0.109,,MOCK,1
WCH2022-100mH-W-R1-H5,WCH,2022,100mH,W,R1,5,0.156,,MOCK,1
WCH2022-100mH-W-R1-H5,WCH,2022,100mH,W,R1,5,0.131,,MOCK,1
WCH2022-100mH-W-R1-H5,WCH,2022,100mH,W,R1,5,0.111,,MOCK,1
WCH2022-100mH-W-R1-H5,WCH,2022,100mH,W,R1,5,0.145,,MOCK,1
WCH2022-100mH-W-R1-H5,WCH,2022,100mH,W,R1,5,0.146,,MOCK,1
WCH2022-100mH-W-R1-H5,WCH,2022,100mH,W,R1,5,0.137,,MOCK,1
WCH2022-100mH-W-R1-H5,WCH,2022,100mH,W,R1,5,0.127,,MOCK,1
WCH2022-100mH-W-R1-H6,WCH,2022,100mH,W,R1,6,0.125,,MOCK,1
WCH2022-100mH-W-R1-H6,WCH,2022,100mH,W,R1,6,0.139,,MOCK,1
WCH2022-100mH-W-R1-H6,WCH,2022,100mH,W,R1,6,0.137,,MOCK,1
WCH2022-100mH-W-R1-H6,WCH,2022,100mH,W,R1,6,0.124,,MOCK,1
WCH2022-100mH-W-R1-H6,WCH,2022,100mH,W,R1,6,0.125,,MOCK,1
WCH2022-100mH-W-R1-H6,WCH,2022,100mH,W,R1,6,0.146,,MOCK,1
WCH2022-100mH-W-R1-H6,WCH,2022,100mH,W,R1,6,0.142,,MOCK,1
WCH2022-100mH-W-R1-H6,WCH,2022,100mH,W,R1,6,0.131,,MOCK,1
WCH2022-100mH-W-SF-H1,WCH,2022,100mH,W,SF,1,0.113,,MOCK,1
WCH2022-100mH-W-SF-H1,WCH,2022,100mH,W,SF,1,0.125,,MOCK,1
WCH2022-100mH-W-SF-H1,WCH,2022,100mH,W,SF,1,0.119,,MOCK,1
WCH2022-100mH-W-SF-H1,WCH,2022,100mH,W,SF,1,0.153,,MOCK,1
WCH2022-100mH-W-SF-H1,WCH,2022,100mH,W,SF,1,0.118,,MOCK,1
WCH2022-100mH-W-SF-H1,WCH,2022,100mH,W,SF,1,0.159,,MOCK,1
WCH2022-100mH-W-SF-H1,WCH,2022,100mH,W,SF,1,0.117,,MOCK,1
WCH2022-100mH-W-SF-H1,WCH,2022,100mH,W,SF,1,0.122,,MOCK,1
WCH2022-100mH-W-SF-H2,WCH,2022,100mH,W,SF,2,0.136,,MOCK,1
WCH2022-100mH-W-SF-H2,WCH,2022,100mH,W,SF,2,0.12,,MOCK,1
WCH2022-100mH-W-SF-H2,WCH,2022,100mH,W,SF,2,0.109,,MOCK,1
WCH2022-100mH-W-SF-H2,WCH,2022,100mH,W,SF,2,0.182,,MOCK,1
WCH2022-100mH-W-SF-H2,WCH,2022,100mH,W,SF,2,0.146,,MOCK,1
WCH2022-100mH-W-SF-H2,WCH,2022,100mH,W,SF,2,0.119,,MOCK,1
WCH2022-100mH-W-SF-H2,WCH,2022,100mH,W,SF,2,0.135,,MOCK,1
WCH2022-100mH-W-SF-H2,WCH,2022,100mH,W,SF,2,0.135,,MOCK,1
WCH2022-100mH-W-SF-H3,WCH,2022,100mH,W,SF,3,0.134,,MOCK,1
WCH2022-100mH-W-SF-H3,WCH,2022,100mH,W,SF,3,0.109,,MOCK,1
WCH2022-100mH-W-SF-H3,WCH,2022,100mH,W,SF,3,0.178,,MOCK,1
WCH2022-100mH-W-SF-H3,WCH,2022,100mH,W,SF,3,0.112,,MOCK,1
WCH2022-100mH-W-SF-H3,WCH,2022,100mH,W,SF,3,0.112,,MOCK,1
WCH2022-100mH-W-SF-H3,WCH,2022,100mH,W,SF,3,0.11,,MOCK,1
WCH2022-100mH-W-SF-H3,WCH,2022,100mH,W,SF,3,0.182,,MOCK,1
WCH2022-100mH-W-SF-H3,WCH,2022,100mH,W,SF,3,0.156,,MOCK,1
WCH2022-100mH-W-F-H1,WCH,2022,100mH,W,F,1,0.111,,MOCK,1
WCH2022-100mH-W-F-H1,WCH,2022,100mH,W,F,1,0.122,,MOCK,1
WCH2022-100mH-W-F-H1,WCH,2022,100mH,W,F,1,0.099,DQ TR16.8,MOCK,1
WCH2022-100mH-W-F-H1,WCH,2022,100mH,W,F,1,0.138,,MOCK,1
WCH2022-100mH-W-F-H1,WCH,2022,100mH,W,F,1,0.095,DQ TR16.8,MOCK,1
WCH2022-100mH-W-F-H1,WCH,2022,100mH,W,F,1,0.122,,MOCK,1
WCH2022-100mH-W-F-H1,WCH,2022,100mH,W,F,1,0.098,DQ TR16.8,MOCK,1
WCH2022-100mH-W-F-H1,WCH,2022,100mH,W,F,1,0.127,,MOCK,1
WCH2023-100m-M-PR-H1,WCH,2023,100m,M,PR,1,0.157,,MOCK,1
WCH2023-100m-M-PR-H1,WCH,2023,100m,M,PR,1,0.19,,MOCK,1
WCH2023-100m-M-PR-H1,WCH,2023,100m,M,PR,1,0.165,,MOCK,1
WCH2023-100m-M-PR-H1,WCH,2023,100m,M,PR,1,0.192,,MOCK,1
WCH2023-100m-M-PR-H1,WCH,2023,100m,M,PR,1,0.141,,MOCK,1
WCH2023-100m-M-PR-H1,WCH,2023,100m,M,PR,1,0.184,,MOCK,1
WCH2023-100m-M-PR-H1,WCH,2023,100m,M,PR,1,0.194,,MOCK,1
WCH2023-100m-M-PR-H1,WCH,2023,100m,M,PR,1,0.154,,MOCK,1
WCH2023-100m-M-PR-H2,WCH,2023,100m,M,PR,2,0.176,,MOCK,1
WCH2023-100m-M-PR-H2,WCH,2023,100m,M,PR,2,0.144,,MOCK,1
WCH2023-100m-M-PR-H2,WCH,2023,100m,M,PR,2,0.162,,MOCK,1
WCH2023-100m-M-PR-H2,WCH,2023,100m,M,PR,2,0.169,,MOCK,1
WCH2023-100m-M-PR-H2,WCH,2023,100m,M,PR,2,0.163,,MOCK,1
WCH2023-100m-M-PR-H2,WCH,2023,100m,M,PR,2,0.183,,MOCK,1
WCH2023-100m-M-PR-H2,WCH,2023,100m,M,PR,2,0.167,,MOCK,1
WCH2023-100m-M-PR-H2,WCH,2023,100m,M,PR,2,0.134,,MOCK,1
WCH2023-100m-M-R1-H1,WCH,2023,100m,M,R1,1,0.149,,MOCK,1
WCH2023-100m-M-R1-H1,WCH,2023,100m,M,R1,1,0.188,,MOCK,1
WCH2023-100m-M-R1-H1,WCH,2023,100m,M,R1,1,0.171,,MOCK,1
WCH2023-100m-M-R1-H1,WCH,2023,100m,M,R1,1,0.161,,MOCK,1
WCH2023-100m-M-R1-H1,WCH,2023,100m,M,R1,1,0.145,,MOCK,1
WCH2023-100m-M-R1-H1,WCH,2023,100m,M,R1,1,0.154,,MOCK,1
WCH2023-100m-M-R1-H1,WCH,2023,100m,M,R1,1,0.153,,MOCK,1
WCH2023-100m-M-R1-H1,WCH,2023,100m,M,R1,1,0.162,,MOCK,1
WCH2023-100m-M-R1-H2,WCH,2023,100m,M,R1,2,0.152,,MOCK,1
WCH2023-100m-M-R1-H2,WCH,2023,100m,M,R1,2,0.173,,MOCK,1
WCH2023-100m-M-R1-H2,WCH,2023,100m,M,R1,2,0.159,,MOCK,1
WCH2023-100m-M-R1-H2,WCH,2023,100m,M,R1,2,0.183,,MOCK,1
WCH2023-100m-M-R1-H2,WCH,2023,100m,M,R1,2,0.158,,MOCK,1
WCH2023-100m-M-R1-H2,WCH,2023,100m,M,R1,2,0.153,,MOCK,1
WCH2023-100m-M-R1-H2,WCH,2023,100m,M,R1,2,0.157,,MOCK,1
WCH2023-100m-M-R1-H2,WCH,2023,100m,M,R1,2,0.174,,MOCK,1
WCH2023-100m-M-R1-H3,WCH,2023,100m,M,R1,3,0.157,,MOCK,1
WCH2023-100m-M-R1-H3,WCH,2023,100m,M,R1,3,0.148,,MOCK,1
WCH2023-100m-M-R1-H3,WCH,2023,100m,M,R1,3,0.148,,MOCK,1
WCH2023-100m-M-R1-H3,WCH,2023,100m,M,R1,3,0.197,,MOCK,1
WCH2023-100m-M-R1-H3,WCH,2023,100m,M,R1,3,0.164,,MOCK,1
WCH2023-100m-M-R1-H3,WCH,2023,100m,M,R1,3,0.13,,MOCK,1
WCH2023-100m-M-R1-H3,WCH,2023,100m,M,R1,3,0.163,,MOCK,1
WCH2023-100m-M-R1-H3,WCH,2023,100m,M,R1,3,0.174,,MOCK,1
WCH2023-100m-M-R1-H4,WCH,2023,100m,M,R1,4,0.154,,MOCK,1
WCH2023-100m-M-R1-H4,WCH,2023,100m,M,R1,4,0.167,,MOCK,1
WCH2023-100m-M-R1-H4,WCH,2023,100m,M,R1,4,0.134,,MOCK,1
WCH2023-100m-M-R1-H4,WCH,2023,100m,M,R1,4,0.178,,MOCK,1
WCH2023-100m-M-R1-H4,WCH,2023,100m,M,R1,4,0.137,,MOCK,1
WCH2023-100m-M-R1-H4,WCH,2023,100m,M,R1,4,0.162,,MOCK,1
WCH2023-100m-M-R1-H4,WCH,2023,100m,M,R1,4,0.17,,MOCK,1
WCH2023-100m-M-R1-H4,WCH,2023,100m,M,R1,4,0.149,,MOCK,1
WCH2023-100m-M-R1-H5,WCH,2023,100m,M,R1,5,0.155,,MOCK,1
WCH2023-100m-M-R1-H5,WCH,2023,100m,M,R1,5,0.152,,MOCK,1
WCH2023-100m-M-R1-H5,WCH,2023,100m,M,R1,5,0.186,,MOCK,1
WCH2023-100m-M-R1-H5,WCH,2023,100m,M,R1,5,0.15,,MOCK,1
WCH2023-100m-M-R1-H5,WCH,2023,100m,M,R1,5,0.163,,MOCK,1
WCH2023-100m-M-R1-H5,WCH,2023,100m,M,R1,5,0.143,,MOCK,1
WCH2023-100m-M-R1-H5,WCH,2023,100m,M,R1,5,0.146,,MOCK,1
WCH2023-100m-M-R1-H5,WCH,2023,100m,M,R1,5,0.17,,MOCK,1
WCH2023-100m-M-R1-H6,WCH,2023,100m,M,R1,6,0.156,,MOCK,1
WCH2023-100m-M-R1-H6,WCH,2023,100m,M,R1,6,0.162,,MOCK,1
WCH2023-100m-M-R1-H6,WCH,2023,100m,M,R1,6,0.148,,MOCK,1
WCH2023-100m-M-R1-H6,WCH,2023,100m,M,R1,6,0.181,,MOCK,1
WCH2023-100m-M-R1-H6,WCH,2023,100m,M,R1,6,0.134,,MOCK,1
WCH2023-100m-M-R1-H6,WCH,2023,100m,M,R1,6,0.163,,MOCK,1
WCH2023-100m-M-R1-H6,WCH,2023,100m,M,R1,6,0.139,,MOCK,1
WCH2023-100m-M-R1-H6,WCH,2023,100m,M,R1,6,0.154,,MOCK,1
WCH2023-100m-M-SF-H1,WCH,2023,100m,M,SF,1,0.157,,MOCK,1
WCH2023-100m-M-SF-H1,WCH,2023,100m,M,SF,1,0.172,,MOCK,1
WCH2023-100m-M-SF-H1,WCH,2023,100m,M,SF,1,0.195,,MOCK,1
WCH2023-100m-M-SF-H1,WCH,2023,100m,M,SF,1,0.163,,MOCK,1
WCH2023-100m-M-SF-H1,WCH,2023,100m,M,SF,1,0.171,,MOCK,1
WCH2023-100m-M-SF-H1,WCH,2023,100m,M,SF,1,0.165,,MOCK,1
WCH2023-100m-M-SF-H1,WCH,2023,100m,M,SF,1,0.177,,MOCK,1
WCH2023-100m-M-SF-H1,WCH,2023,100m,M,SF,1,0.155,,MOCK,1
WCH2023-100m-M-SF-H2,WCH,2023,100m,M,SF,2,0.167,,MOCK,1
WCH2023-100m-M-SF-H2,WCH,2023,100m,M,SF,2,0.154,,MOCK,1
WCH2023-100m-M-SF-H2,WCH,2023,100m,M,SF,2,0.157,,MOCK,1
WCH2023-100m-M-SF-H2,WCH,2023,100m,M,SF,2,0.155,,MOCK,1
WCH2023-100m-M-SF-H2,WCH,2023,100m,M,SF,2,0.137,,MOCK,1
WCH2023-100m-M-SF-H2,WCH,2023,100m,M,SF,2,0.145,,MOCK,1
WCH2023-100m-M-SF-H2,WCH,2023,100m,M,SF,2,0.151,,MOCK,1
WCH2023-100m-M-SF-H2,WCH,2023,100m,M,SF,2,0.15,,MOCK,1
WCH2023-100m-M-SF-H3,WCH,2023,100m,M,SF,3,0.155,,MOCK,1
WCH2023-100m-M-SF-H3,WCH,2023,100m,M,SF,3,0.169,,MOCK,1
WCH2023-100m-M-SF-H3,WCH,2023,100m,M,SF,3,0.124,,MOCK,1
WCH2023-100m-M-SF-H3,WCH,2023,100m,M,SF,3,0.15,,MOCK,1
WCH2023-100m-M-SF-H3,WCH,2023,100m,M,SF,3,0.149,,MOCK,1
WCH2023-100m-M-SF-H3,WCH,2023,100m,M,SF,3,0.151,,MOCK,1
WCH2023-100m-M-SF-H3,WCH,2023,100m,M,SF,3,0.175,,MOCK,1
WCH2023-100m-M-SF-H3,WCH,2023,100m,M,SF,3,0.145,,MOCK,1
WCH2023-100m-M-F-H1,WCH,2023,100m,M,F,1,0.146,,MOCK,1
WCH2023-100m-M-F-H1,WCH,2023,100m,M,F,1,0.154,,MOCK,1
WCH2023-100m-M-F-H1,WCH,2023,100m,M,F,1,0.15,,MOCK,1
WCH2023-100m-M-F-H1,WCH,2023,100m,M,F,1,0.164,,MOCK,1
WCH2023-100m-M-F-H1,WCH,2023,100m,M,F,1,0.157,,MOCK,1
WCH2023-100m-M-F-H1,WCH,2023,100m,M,F,1,0.166,,MOCK,1
WCH2023-100m-M-F-H1,WCH,2023,100m,M,F,1,0.168,,MOCK,1
WCH2023-100m-M-F-H1,WCH,2023,100m,M,F,1,0.178,,MOCK,1
WCH2023-200m-M-R1-H1,WCH,2023,200m,M,R1,1,0.211,,MOCK,1
WCH2023-200m-M-R1-H1,WCH,2023,200m,M,R1,1,0.173,,MOCK,1
WCH2023-200m-M-R1-H1,WCH,2023,200m,M,R1,1,0.197,,MOCK,1
WCH2023-200m-M-R1-H1,WCH,2023,200m,M,R1,1,0.171,,MOCK,1
WCH2023-200m-M-R1-H1,WCH,2023,200m,M,R1,1,0.093,DQ TR16.8,MOCK,1
WCH2023-200m-M-R1-H1,WCH,2023,200m,M,R1,1,0.193,,MOCK,1
WCH2023-200m-M-R1-H1,WCH,2023,200m,M,R1,1,0.164,,MOCK,1
WCH2023-200m-M-R1-H2,WCH,2023,200m,M,R1,2,0.183,,MOCK,1
WCH2023-200m-M-R1-H2,WCH,2023,200m,M,R1,2,0.179,,MOCK,1
WCH2023-200m-M-R1-H2,WCH,2023,200m,M,R1,2,0.161,,MOCK,1
WCH2023-200m-M-R1-H2,WCH,2023,200m,M,R1,2,0.158,,MOCK,1
WCH2023-200m-M-R1-H2,WCH,2023,200m,M,R1,2,0.163,,MOCK,1
WCH2023-200m-M-R1-H2,WCH,2023,200m,M,R1,2,0.146,,MOCK,1
WCH2023-200m-M-R1-H2,WCH,2023,200m,M,R1,2,0.075,DQ TR16.8,MOCK,1
WCH2023-200m-M-R1-H2,WCH,2023,200m,M,R1,2,0.161,,MOCK,1
WCH2023-200m-M-R1-H3,WCH,2023,200m,M,R1,3,0.171,,MOCK,1
WCH2023-200m-M-R1-H3,WCH,2023,200m,M,R1,3,0.167,,MOCK,1
WCH2023-200m-M-R1-H3,WCH,2023,200m,M,R1,3,0.163,,MOCK,1
WCH2023-200m-M-R1-H3,WCH,2023,200m,M,R1,3,0.179,,MOCK,1
WCH2023-200m-M-R1-H3,WCH,2023,200m,M,R1,3,0.172,,MOCK,1
WCH2023-200m-M-R1-H3,WCH,2023,200m,M,R1,3,0.177,,MOCK,1
WCH2023-200m-M-R1-H3,WCH,2023,200m,M,R1,3,0.202,,MOCK,1
WCH2023-200m-M-R1-H3,WCH,2023,200m,M,R1,3,0.19,,MOCK,1
WCH2023-200m-M-R1-H4,WCH,2023,200m,M,R1,4,0.164,,MOCK,1
WCH2023-200m-M-R1-H4,WCH,2023,200m,M,R1,4,0.172,,MOCK,1
WCH2023-200m-M-R1-H4,WCH,2023,200m,M,R1,4,0.143,,MOCK,1
WCH2023-200m-M-R1-H4,WCH,2023,200m,M,R1,4,0.153,,MOCK,1
WCH2023-200m-M-R1-H4,WCH,2023,200m,M,R1,4,0.165,,MOCK,1
WCH2023-200m-M-R1-H4,WCH,2023,200m,M,R1,4,0.172,,MOCK,1
WCH2023-200m-M-R1-H4,WCH,2023,200m,M,R1,4,0.157,,MOCK,1
WCH2023-200m-M-R1-H4,WCH,2023,200m,M,R1,4,0.159,,MOCK,1
WCH2023-200m-M-R1-H5,WCH,2023,200m,M,R1,5,0.146,,MOCK,1
WCH2023-200m-M-R1-H5,WCH,2023,200m,M,R1,5,0.14,,MOCK,1
WCH2023-200m-M-R1-H5,WCH,2023,200m,M,R1,5,0.131,,MOCK,1
WCH2023-200m-M-R1-H5,WCH,2023,200m,M,R1,5,0.197,,MOCK,1
WCH2023-200m-M-R1-H5,WCH,2023,200m,M,R1,5,0.155,,MOCK,1
WCH2023-200m-M-R1-H5,WCH,2023,200m,M,R1,5,0.143,,MOCK,1
WCH2023-200m-M-R1-H5,WCH,2023,200m,M,R1,5,0.173,,MOCK,1
WCH2023-200m-M-R1-H5,WCH,2023,200m,M,R1,5,0.145,,MOCK,1
WCH2023-200m-M-R1-H6,WCH,2023,200m,M,R1,6,0.155,,MOCK,1
WCH2023-200m-M-R1-H6,WCH,2023,200m,M,R1,6,0.153,,MOCK,1
WCH2023-200m-M-R1-H6,WCH,2023,200m,M,R1,6,0.171,,MOCK,1
WCH2023-200m-M-R1-H6,WCH,2023,200m,M,R1,6,0.175,,MOCK,1
WCH2023-200m-M-R1-H6,WCH,2023,200m,M,R1,6,0.165,,MOCK,1
WCH2023-200m-M-R1-H6,WCH,2023,200m,M,R1,6,0.166,,MOCK,1
WCH2023-200m-M-R1-H6,WCH,2023,200m,M,R1,6,0.172,,MOCK,1
WCH2023-200m-M-SF-H1,WCH,2023,200m,M,SF,1,0.156,,MOCK,1
WCH2023-200m-M-SF-H1,WCH,2023,200m,M,SF,1,0.163,,MOCK,1
WCH2023-200m-M-SF-H1,WCH,2023,200m,M,SF,1,0.153,,MOCK,1
WCH2023-200m-M-SF-H1,WCH,2023,200m,M,SF,1,0.166,,MOCK,1
WCH2023-200m-M-SF-H1,WCH,2023,200m,M,SF,1,0.165,,MOCK,1
WCH2023-200m-M-SF-H1,WCH,2023,200m,M,SF,1,0.163,,MOCK,1
WCH2023-200m-M-SF-H1,WCH,2023,200m,M,SF,1,0.163,,MOCK,1
WCH2023-200m-M-SF-H1,WCH,2023,200m,M,SF,1,0.176,,MOCK,1
WCH2023-200m-M-SF-H2,WCH,2023,200m,M,SF,2,0.17,,MOCK,1
WCH2023-200m-M-SF-H2,WCH,2023,200m,M,SF,2,0.189,,MOCK,1
WCH2023-200m-M-SF-H2,WCH,2023,200m,M,SF,2,0.195,,MOCK,1
WCH2023-200m-M-SF-H2,WCH,2023,200m,M,SF,2,0.176,,MOCK,1
WCH2023-200m-M-SF-H2,WCH,2023,200m,M,SF,2,0.183,,MOCK,1
WCH2023-200m-M-SF-H2,WCH,2023,200m,M,SF,2,0.159,,MOCK,1
WCH2023-200m-M-SF-H2,WCH,2023,200m,M,SF,2,0.195,,MOCK,1
WCH2023-200m-M-SF-H2,WCH,2023,200m,M,SF,2,0.188,,MOCK,1
WCH2023-200m-M-SF-H3,WCH,2023,200m,M,SF,3,0.16,,MOCK,1
WCH2023-200m-M-SF-H3,WCH,2023,200m,M,SF,3,0.143,,MOCK,1
WCH2023-200m-M-SF-H3,WCH,2023,200m,M,SF,3,0.159,,MOCK,1
WCH2023-200m-M-SF-H3,WCH,2023,200m,M,SF,3,0.18,,MOCK,1
WCH2023-200m-M-SF-H3,WCH,2023,200m,M,SF,3,0.162,,MOCK,1
WCH2023-200m-M-SF-H3,WCH,2023,200m,M,SF,3,0.171,,MOCK,1
WCH2023-200m-M-SF-H3,WCH,2023,200m,M,SF,3,0.136,,MOCK,1
WCH2023-200m-M-SF-H3,WCH,2023,200m,M,SF,3,0.164,,MOCK,1
WCH2023-200m-M-F-H1,WCH,2023,200m,M,F,1,0.178,,MOCK,1
WCH2023-200m-M-F-H1,WCH,2023,200m,M,F,1,0.187,,MOCK,1
WCH2023-200m-M-F-H1,WCH,2023,200m,M,F,1,0.152,,MOCK,1
WCH2023-200m-M-F-H1,WCH,2023,200m,M,F,1,0.142,,MOCK,1
WCH2023-200m-M-F-H1,WCH,2023,200m,M,F,1,0.173,,MOCK,1
WCH2023-200m-M-F-H1,WCH,2023,200m,M,F,1,0.185,,MOCK,1
WCH2023-200m-M-F-H1,WCH,2023,200m,M,F,1,0.162,,MOCK,1
WCH2023-200m-M-F-H1,WCH,2023,200m,M,F,1,0.158,,MOCK,1
WCH2023-110mH-M-R1-H1,WCH,2023,110mH,M,R1,1,0.168,,MOCK,1
WCH2023-110mH-M-R1-H1,WCH,2023,110mH,M,R1,1,0.163,,MOCK,1
WCH2023-110mH-M-R1-H1,WCH,2023,110mH,M,R1,1,0.141,,MOCK,1
WCH2023-110mH-M-R1-H1,WCH,2023,110mH,M,R1,1,0.157,,MOCK,1
WCH2023-110mH-M-R1-H1,WCH,2023,110mH,M,R1,1,0.167,,MOCK,1
WCH2023-110mH-M-R1-H1,WCH,2023,110mH,M,R1,1,0.16,,MOCK,1
WCH2023-110mH-M-R1-H1,WCH,2023,110mH,M,R1,1,0.172,,MOCK,1
WCH2023-110mH-M-R1-H1,WCH,2023,110mH,M,R1,1,0.172,,MOCK,1
WCH2023-110mH-M-R1-H2,WCH,2023,110mH,M,R1,2,0.126,,MOCK,1
WCH2023-110mH-M-R1-H2,WCH,2023,110mH,M,R1,2,0.165,,MOCK,1
WCH2023-110mH-M-R1-H2,WCH,2023,110mH,M,R1,2,0.15,,MOCK,1
WCH2023-110mH-M-R1-H2,WCH,2023,110mH,M,R1,2,0.151,,MOCK,1
WCH2023-110mH-M-R1-H2,WCH,2023,110mH,M,R1,2,0.148,,MOCK,1
WCH2023-110mH-M-R1-H2,WCH,2023,110mH,M,R1,2,0.17,,MOCK,1
WCH2023-110mH-M-R1-H2,WCH,2023,110mH,M,R1,2,0.139,,MOCK,1
WCH2023-110mH-M-R1-H2,WCH,2023,110mH,M,R1,2,0.156,,MOCK,1
WCH2023-110mH-M-R1-H3,WCH,2023,110mH,M,R1,3,0.178,,MOCK,1
WCH2023-110mH-M-R1-H3,WCH,2023,110mH,M,R1,3,0.179,,MOCK,1
WCH2023-110mH-M-R1-H3,WCH,2023,110mH,M,R1,3,0.156,,MOCK,1
WCH2023-110mH-M-R1-H3,WCH,2023,110mH,M,R1,3,0.17,,MOCK,1
WCH2023-110mH-M-R1-H3,WCH,2023,110mH,M,R1,3,0.163,,MOCK,1
WCH2023-110mH-M-R1-H3,WCH,2023,110mH,M,R1,3,0.157,,MOCK,1
WCH2023-110mH-M-R1-H3,WCH,2023,110mH,M,R1,3,0.213,,MOCK,1
WCH2023-110mH-M-R1-H3,WCH,2023,110mH,M,R1,3,0.179,,MOCK,1
WCH2023-110mH-M-R1-H4,WCH,2023,110mH,M,R1,4,0.148,,MOCK,1
WCH2023-110mH-M-R1-H4,WCH,2023,110mH,M,R1,4,0.142,,MOCK,1
WCH2023-110mH-M-R1-H4,WCH,2023,110mH,M,R1,4,0.179,,MOCK,1
WCH2023-110mH-M-R1-H4,WCH,2023,110mH,M,R1,4,0.155,,MOCK,1
WCH2023-110mH-M-R1-H4,WCH,2023,110mH,M,R1,4,0.166,,MOCK,1
WCH2023-110mH-M-R1-H4,WCH,2023,110mH,M,R1,4,0.147,,MOCK,1
WCH2023-110mH-M-R1-H4,WCH,2023,110mH,M,R1,4,0.164,,MOCK,1
WCH2023-110mH-M-R1-H4,WCH,2023,110mH,M,R1,4,0.123,,MOCK,1
WCH2023-110mH-M-R1-H5,WCH,2023,110mH,M,R1,5,0.151,,MOCK,1
WCH2023-110mH-M-R1-H5,WCH,2023,110mH,M,R1,5,0.191,,MOCK,1
WCH2023-110mH-M-R1-H5,WCH,2023,110mH,M,R1,5,0.132,,MOCK,1
WCH2023-110mH-M-R1-H5,WCH,2023,110mH,M,R1,5,0.152,,MOCK,1
WCH2023-110mH-M-R1-H5,WCH,2023,110mH,M,R1,5,0.17,,MOCK,1
WCH2023-110mH-M-R1-H5,WCH,2023,110mH,M,R1,5,0.135,,MOCK,1
WCH2023-110mH-M-R1-H5,WCH,2023,110mH,M,R1,5,0.144,,MOCK,1
WCH2023-110mH-M-R1-H5,WCH,2023,110mH,M,R1,5,0.171,,MOCK,1
WCH2023-110mH-M-R1-H6,WCH,2023,110mH,M,R1,6,0.159,,MOCK,1
WCH2023-110mH-M-R1-H6,WCH,2023,110mH,M,R1,6,0.14,,MOCK,1
WCH2023-110mH-M-R1-H6,WCH,2023,110mH,M,R1,6,0.139,,MOCK,1
WCH2023-110mH-M-R1-H6,WCH,2023,110mH,M,R1,6,0.187,,MOCK,1
WCH2023-110mH-M-R1-H6,WCH,2023,110mH,M,R1,6,0.153,,MOCK,1
WCH2023-110mH-M-R1-H6,WCH,2023,110mH,M,R1,6,0.17,,MOCK,1
WCH2023-110mH-M-R1-H6,WCH,2023,110mH,M,R1,6,0.138,,MOCK,1
WCH2023-110mH-M-R1-H6,WCH,2023,110mH,M,R1,6,0.185,,MOCK,1
WCH2023-110mH-M-SF-H1,WCH,2023,110mH,M,SF,1,0.14,,MOCK,1
WCH2023-110mH-M-SF-H1,WCH,2023,110mH,M,SF,1,0.155,,MOCK,1
WCH2023-110mH-M-SF-H1,WCH,2023,110mH,M,SF,1,0.155,,MOCK,1
WCH2023-110mH-M-SF-H1,WCH,2023,110mH,M,SF,1,0.157,,MOCK,1
WCH2023-110mH-M-SF-H1,WCH,2023,110mH,M,SF,1,0.16,,MOCK,1
WCH2023-110mH-M-SF-H1,WCH,2023,110mH,M,SF,1,0.139,,MOCK,1
WCH2023-110mH-M-SF-H1,WCH,2023,110mH,M,SF,1,0.149,,MOCK,1
WCH2023-110mH-M-SF-H1,WCH,2023,110mH,M,SF,1,0.203,,MOCK,1
WCH2023-110mH-M-SF-H2,WCH,2023,110mH,M,SF,2,0.138,,MOCK,1
WCH2023-110mH-M-SF-H2,WCH,2023,110mH,M,SF,2,0.151,,MOCK,1
WCH2023-110mH-M-SF-H2,WCH,2023,110mH,M,SF,2,0.144,,MOCK,1
WCH2023-110mH-M-SF-H2,WCH,2023,110mH,M,SF,2,0.137,,MOCK,1
WCH2023-110mH-M-SF-H2,WCH,2023,110mH,M,SF,2,0.126,,MOCK,1
WCH2023-110mH-M-SF-H2,WCH,2023,110mH,M,SF,2,0.143,,MOCK,1
WCH2023-110mH-M-SF-H2,WCH,2023,110mH,M,SF,2,0.157,,MOCK,1
WCH2023-110mH-M-SF-H2,WCH,2023,110mH,M,SF,2,0.145,,MOCK,1
WCH2023-110mH-M-SF-H3,WCH,2023,110mH,M,SF,3,0.151,,MOCK,1
WCH2023-110mH-M-SF-H3,WCH,2023,110mH,M,SF,3,0.198,,MOCK,1
WCH2023-110mH-M-SF-H3,WCH,2023,110mH,M,SF,3,0.181,,MOCK,1
WCH2023-110mH-M-SF-H3,WCH,2023,110mH,M,SF,3,0.151,,MOCK,1
WCH2023-110mH-M-SF-H3,WCH,2023,110mH,M,SF,3,0.149,,MOCK,1
WCH2023-110mH-M-SF-H3,WCH,2023,110mH,M,SF,3,0.138,,MOCK,1
WCH2023-110mH-M-SF-H3,WCH,2023,110mH,M,SF,3,0.165,,MOCK,1
WCH2023-110mH-M-SF-H3,WCH,2023,110mH,M,SF,3,0.158,,MOCK,1
WCH2023-110mH-M-F-H1,WCH,2023,110mH,M,F,1,0.175,,MOCK,1
WCH2023-110mH-M-F-H1,WCH,2023,110mH,M,F,1,0.186,,MOCK,1
WCH2023-110mH-M-F-H1,WCH,2023,110mH,M,F,1,0.17,,MOCK,1
WCH2023-110mH-M-F-H1,WCH,2023,110mH,M,F,1,0.142,,MOCK,1
WCH2023-110mH-M-F-H1,WCH,2023,110mH,M,F,1,0.166,,MOCK,1
WCH2023-110mH-M-F-H1,WCH,2023,110mH,M,F,1,0.173,,MOCK,1
WCH2023-110mH-M-F-H1,WCH,2023,110mH,M,F,1,0.162,,MOCK,1
WCH2023-110mH-M-F-H1,WCH,2023,110mH,M,F,1,0.162,,MOCK,1
WCH2023-100m-W-PR-H1,WCH,2023,100m,W,PR,1,0.133,,MOCK,1
WCH2023-100m-W-PR-H1,WCH,2023,100m,W,PR,1,0.182,,MOCK,1
WCH2023-100m-W-PR-H1,WCH,2023,100m,W,PR,1,0.152,,MOCK,1
WCH2023-100m-W-PR-H1,WCH,2023,100m,W,PR,1,0.175,,MOCK,1
WCH2023-100m-W-PR-H1,WCH,2023,100m,W,PR,1,0.191,,MOCK,1
WCH2023-100m-W-PR-H1,WCH,2023,100m,W,PR,1,0.185,,MOCK,1
WCH2023-100m-W-PR-H1,WCH,2023,100m,W,PR,1,0.172,,MOCK,1
WCH2023-100m-W-PR-H1,WCH,2023,100m,W,PR,1,0.172,,MOCK,1
WCH2023-100m-W-PR-H2,WCH,2023,100m,W,PR,2,0.188,,MOCK,1
WCH2023-100m-W-PR-H2,WCH,2023,100m,W,PR,2,0.166,,MOCK,1
WCH2023-100m-W-PR-H2,WCH,2023,100m,W,PR,2,0.213,,MOCK,1
WCH2023-100m-W-PR-H2,WCH,2023,100m,W,PR,2,0.165,,MOCK,1
WCH2023-100m-W-PR-H2,WCH,2023,100m,W,PR,2,0.157,,MOCK,1
WCH2023-100m-W-PR-H2,WCH,2023,100m,W,PR,2,0.163,,MOCK,1
WCH2023-100m-W-PR-H2,WCH,2023,100m,W,PR,2,0.183,,MOCK,1
WCH2023-100m-W-PR-H2,WCH,2023,100m,W,PR,2,0.191,,MOCK,1
WCH2023-100m-W-R1-H1,WCH,2023,100m,W,R1,1,0.169,,MOCK,1
WCH2023-100m-W-R1-H1,WCH,2023,100m,W,R1,1,0.161,,MOCK,1
WCH2023-100m-W-R1-H1,WCH,2023,100m,W,R1,1,0.15,,MOCK,1
WCH2023-100m-W-R1-H1,WCH,2023,100m,W,R1,1,0.16,,MOCK,1
WCH2023-100m-W-R1-H1,WCH,2023,100m,W,R1,1,0.183,,MOCK,1
WCH2023-100m-W-R1-H1,WCH,2023,100m,W,R1,1,0.166,,MOCK,1
WCH2023-100m-W-R1-H1,WCH,2023,100m,W,R1,1,0.169,,MOCK,1
WCH2023-100m-W-R1-H1,WCH,2023,100m,W,R1,1,0.181,,MOCK,1
WCH2023-100m-W-R1-H2,WCH,2023,100m,W,R1,2,0.188,,MOCK,1
WCH2023-100m-W-R1-H2,WCH,2023,100m,W,R1,2,0.171,,MOCK,1
WCH2023-100m-W-R1-H2,WCH,2023,100m,W,R1,2,0.153,,MOCK,1
WCH2023-100m-W-R1-H2,WCH,2023,100m,W,R1,2,0.145,,MOCK,1
WCH2023-100m-W-R1-H2,WCH,2023,100m,W,R1,2,0.183,,MOCK,1
WCH2023-100m-W-R1-H2,WCH,2023,100m,W,R1,2,0.149,,MOCK,1
WCH2023-100m-W-R1-H2,WCH,2023,100m,W,R1,2,0.169,,MOCK,1
WCH2023-100m-W-R1-H2,WCH,2023,100m,W,R1,2,0.139,,MOCK,1
WCH2023-100m-W-R1-H3,WCH,2023,100m,W,R1,3,0.157,,MOCK,1
WCH2023-100m-W-R1-H3,WCH,2023,100m,W,R1,3,0.143,,MOCK,1
WCH2023-100m-W-R1-H3,WCH,2023,100m,W,R1,3,0.13,,MOCK,1
WCH2023-100m-W-R1-H3,WCH,2023,100m,W,R1,3,0.183,,MOCK,1
WCH2023-100m-W-R1-H3,WCH,2023,100m,W,R1,3,0.152,,MOCK,1
WCH2023-100m-W-R1-H3,WCH,2023,100m,W,R1,3,0.145,,MOCK,1
WCH2023-100m-W-R1-H3,WCH,2023,100m,W,R1,3,0.141,,MOCK,1
WCH2023-100m-W-R1-H3,WCH,2023,100m,W,R1,3,0.114,,MOCK,1
WCH2023-100m-W-R1-H4,WCH,2023,100m,W,R1,4,0.167,,MOCK,1
WCH2023-100m-W-R1-H4,WCH,2023,100m,W,R1,4,0.156,,MOCK,1
WCH2023-100m-W-R1-H4,WCH,2023,100m,W,R1,4,0.188,,MOCK,1
WCH2023-100m-W-R1-H4,WCH,2023,100m,W,R1,4,0.161,,MOCK,1
WCH2023-100m-W-R1-H4,WCH,2023,100m,W,R1,4,0.178,,MOCK,1
WCH2023-100m-W-R1-H4,WCH,2023,100m,W,R1,4,0.168,,MOCK,1
WCH2023-100m-W-R1-H4,WCH,2023,100m,W,R1,4,0.187,,MOCK,1
WCH2023-100m-W-R1-H5,WCH,2023,100m,W,R1,5,0.17,,MOCK,1
WCH2023-100m-W-R1-H5,WCH,2023,100m,W,R1,5,0.127,,MOCK,1
WCH2023-100m-W-R1-H5,WCH,2023,100m,W,R1,5,0.164,,MOCK,1
WCH2023-100m-W-R1-H5,WCH,2023,100m,W,R1,5,0.152,,MOCK,1
WCH2023-100m-W-R1-H5,WCH,2023,100m,W,R1,5,0.158,,MOCK,1
WCH2023-100m-W-R1-H5,WCH,2023,100m,W,R1,5,0.141,,MOCK,1
WCH2023-100m-W-R1-H5,WCH,2023,100m,W,R1,5,0.162,,MOCK,1
WCH2023-100m-W-R1-H5,WCH,2023,100m,W,R1,5,0.179,,MOCK,1
WCH2023-100m-W-R1-H6,WCH,2023,100m,W,R1,6,0.171,,MOCK,1
WCH2023-100m-W-R1-H6,WCH,2023,100m,W,R1,6,0.208,,MOCK,1
WCH2023-100m-W-R1-H6,WCH,2023,100m,W,R1,6,0.141,,MOCK,1
WCH2023-100m-W-R1-H6,WCH,2023,100m,W,R1,6,0.166,,MOCK,1
WCH2023-100m-W-R1-H6,WCH,2023,100m,W,R1,6,0.139,,MOCK,1
WCH2023-100m-W-R1-H6,WCH,2023,100m,W,R1,6,0.144,,MOCK,1
WCH2023-100m-W-R1-H6,WCH,2023,100m,W,R1,6,0.16,,MOCK,1
WCH2023-100m-W-SF-H1,WCH,2023,100m,W,SF,1,0.155,,MOCK,1
WCH2023-100m-W-SF-H1,WCH,2023,100m,W,SF,1,0.165,,MOCK,1
WCH2023-100m-W-SF-H1,WCH,2023,100m,W,SF,1,0.136,,MOCK,1
WCH2023-100m-W-SF-H1,WCH,2023,100m,W,SF,1,0.172,,MOCK,1
WCH2023-100m-W-SF-H1,WCH,2023,100m,W,SF,1,0.164,,MOCK,1
WCH2023-100m-W-SF-H1,WCH,2023,100m,W,SF,1,0.142,,MOCK,1
WCH2023-100m-W-SF-H1,WCH,2023,100m,W,SF,1,0.152,,MOCK,1
WCH2023-100m-W-SF-H1,WCH,2023,100m,W,SF,1,0.124,,MOCK,1
WCH2023-100m-W-SF-H2,WCH,2023,100m,W,SF,2,0.149,,MOCK,1
WCH2023-100m-W-SF-H2,WCH,2023,100m,W,SF,2,0.146,,MOCK,1
WCH2023-100m-W-SF-H2,WCH,2023,100m,W,SF,2,0.149,,MOCK,1
WCH2023-100m-W-SF-H2,WCH,2023,100m,W,SF,2,0.155,,MOCK,1
WCH2023-100m-W-SF-H2,WCH,2023,100m,W,SF,2,0.154,,MOCK,1
WCH2023-100m-W-SF-H2,WCH,2023,100m,W,SF,2,0.182,,MOCK,1
WCH2023-100m-W-SF-H2,WCH,2023,100m,W,SF,2,0.167,,MOCK,1
WCH2023-100m-W-SF-H2,WCH,2023,100m,W,SF,2,0.164,,MOCK,1
WCH2023-100m-W-SF-H3,WCH,2023,100m,W,SF,3,0.162,,MOCK,1
WCH2023-100m-W-SF-H3,WCH,2023,100m,W,SF,3,0.172,,MOCK,1
WCH2023-100m-W-SF-H3,WCH,2023,100m,W,SF,3,0.178,,MOCK,1
WCH2023-100m-W-SF-H3,WCH,2023,100m,W,SF,3,0.136,,MOCK,1
WCH2023-100m-W-SF-H3,WCH,2023,100m,W,SF,3,0.152,,MOCK,1
WCH2023-100m-W-SF-H3,WCH,2023,100m,W,SF,3,0.158,,MOCK,1
WCH2023-100m-W-SF-H3,WCH,2023,100m,W,SF,3,0.136,,MOCK,1
WCH2023-100m-W-SF-H3,WCH,2023,100m,W,SF,3,0.142,,MOCK,1
WCH2023-100m-W-F-H1,WCH,2023,100m,W,F,1,0.153,,MOCK,1
WCH2023-100m-W-F-H1,WCH,2023,100m,W,F,1,0.168,,MOCK,1
WCH2023-100m-W-F-H1,WCH,2023,100m,W,F,1,0.198,,MOCK,1
WCH2023-100m-W-F-H1,WCH,2023,100m,W,F,1,0.186,,MOCK,1
WCH2023-100m-W-F-H1,WCH,2023,100m,W,F,1,0.187,,MOCK,1
WCH2023-100m-W-F-H1,WCH,2023,100m,W,F,1,0.161,,MOCK,1
WCH2023-100m-W-F-H1,WCH,2023,100m,W,F,1,0.127,,MOCK,1
WCH2023-100m-W-F-H1,WCH,2023,100m,W,F,1,0.164,,MOCK,1
WCH2023-200m-W-R1-H1,WCH,2023,200m,W,R1,1,0.19,,MOCK,1
WCH2023-200m-W-R1-H1,WCH,2023,200m,W,R1,1,0.192,,MOCK,1
WCH2023-200m-W-R1-H1,WCH,2023,200m,W,R1,1,0.18,,MOCK,1
WCH2023-200m-W-R1-H1,WCH,2023,200m,W,R1,1,0.149,,MOCK,1
WCH2023-200m-W-R1-H1,WCH,2023,200m,W,R1,1,0.2,,MOCK,1
WCH2023-200m-W-R1-H1,WCH,2023,200m,W,R1,1,0.167,,MOCK,1
WCH2023-200m-W-R1-H1,WCH,2023,200m,W,R1,1,0.175,,MOCK,1
WCH2023-200m-W-R1-H1,WCH,2023,200m,W,R1,1,0.063,DQ TR16.8,MOCK,1
WCH2023-200m-W-R1-H2,WCH,2023,200m,W,R1,2,0.147,,MOCK,1
WCH2023-200m-W-R1-H2,WCH,2023,200m,W,R1,2,0.154,,MOCK,1
WCH2023-200m-W-R1-H2,WCH,2023,200m,W,R1,2,0.158,,MOCK,1
WCH2023-200m-W-R1-H2,WCH,2023,200m,W,R1,2,0.174,,MOCK,1
WCH2023-200m-W-R1-H2,WCH,2023,200m,W,R1,2,0.145,,MOCK,1
WCH2023-200m-W-R1-H2,WCH,2023,200m,W,R1,2,0.132,,MOCK,1
WCH2023-200m-W-R1-H2,WCH,2023,200m,W,R1,2,0.188,,MOCK,1
WCH2023-200m-W-R1-H2,WCH,2023,200m,W,R1,2,0.157,,MOCK,1
WCH2023-200m-W-R1-H3,WCH,2023,200m,W,R1,3,0.182,,MOCK,1
WCH2023-200m-W-R1-H3,WCH,2023,200m,W,R1,3,0.167,,MOCK,1
WCH2023-200m-W-R1-H3,WCH,2023,200m,W,R1,3,0.2,,MOCK,1
WCH2023-200m-W-R1-H3,WCH,2023,200m,W,R1,3,0.187,,MOCK,1
WCH2023-200m-W-R1-H3,WCH,2023,200m,W,R1,3,0.202,,MOCK,1
WCH2023-200m-W-R1-H3,WCH,2023,200m,W,R1,3,0.184,,MOCK,1
WCH2023-200m-W-R1-H3,WCH,2023,200m,W,R1,3,0.141,,MOCK,1
WCH2023-200m-W-R1-H3,WCH,2023,200m,W,R1,3,0.142,,MOCK,1
WCH2023-200m-W-R1-H4,WCH,2023,200m,W,R1,4,0.164,,MOCK,1
WCH2023-200m-W-R1-H4,WCH,2023,200m,W,R1,4,0.17,,MOCK,1
WCH2023-200m-W-R1-H4,WCH,2023,200m,W,R1,4,0.19,,MOCK,1
WCH2023-200m-W-R1-H4,WCH,2023,200m,W,R1,4,0.169,,MOCK,1
WCH2023-200m-W-R1-H4,WCH,2023,200m,W,R1,4,0.179,,MOCK,1
WCH2023-200m-W-R1-H4,WCH,2023,200m,W,R1,4,0.154,,MOCK,1
WCH2023-200m-W-R1-H4,WCH,2023,200m,W,R1,4,0.164,,MOCK,1
WCH2023-200m-W-R1-H4,WCH,2023,200m,W,R1,4,0.182,,MOCK,1
WCH2023-200m-W-R1-H5,WCH,2023,200m,W,R1,5,0.158,,MOCK,1
WCH2023-200m-W-R1-H5,WCH,2023,200m,W,R1,5,0.193,,MOCK,1
WCH2023-200m-W-R1-H5,WCH,2023,200m,W,R1,5,0.169,,MOCK,1
WCH2023-200m-W-R1-H5,WCH,2023,200m,W,R1,5,0.166,,MOCK,1
WCH2023-200m-W-R1-H5,WCH,2023,200m,W,R1,5,0.146,,MOCK,1
WCH2023-200m-W-R1-H5,WCH,2023,200m,W,R1,5,0.165,,MOCK,1
WCH2023-200m-W-R1-H5,WCH,2023,200m,W,R1,5,0.184,,MOCK,1
WCH2023-200m-W-R1-H5,WCH,2023,200m,W,R1,5,0.188,,MOCK,1
WCH2023-200m-W-R1-H6,WCH,2023,200m,W,R1,6,0.182,,MOCK,1
WCH2023-200m-W-R1-H6,WCH,2023,200m,W,R1,6,0.147,,MOCK,1
WCH2023-200m-W-R1-H6,WCH,2023,200m,W,R1,6,0.162,,MOCK,1
WCH2023-200m-W-R1-H6,WCH,2023,200m,W,R1,6,0.183,,MOCK,1
WCH2023-200m-W-R1-H6,WCH,2023,200m,W,R1,6,0.156,,MOCK,1
WCH2023-200m-W-R1-H6,WCH,2023,200m,W,R1,6,0.172,,MOCK,1
WCH2023-200m-W-R1-H6,WCH,2023,200m,W,R1,6,0.195,,MOCK,1
WCH2023-200m-W-R1-H6,WCH,2023,200m,W,R1,6,0.22,,MOCK,1
WCH2023-200m-W-SF-H1,WCH,2023,200m,W,SF,1,0.171,,MOCK,1
WCH2023-200m-W-SF-H1,WCH,2023,200m,W,SF,1,0.184,,MOCK,1
WCH2023-200m-W-SF-H1,WCH,2023,200m,W,SF,1,0.163,,MOCK,1
WCH2023-200m-W-SF-H1,WCH,2023,200m,W,SF,1,0.166,,MOCK,1
WCH2023-200m-W-SF-H1,WCH,2023,200m,W,SF,1,0.195,,MOCK,1
WCH2023-200m-W-SF-H1,WCH,2023,200m,W,SF,1,0.173,,MOCK,1
WCH2023-200m-W-SF-H1,WCH,2023,200m,W,SF,1,0.171,,MOCK,1
WCH2023-200m-W-SF-H1,WCH,2023,200m,W,SF,1,0.169,,MOCK,1
WCH2023-200m-W-SF-H2,WCH,2023,200m,W,SF,2,0.153,,MOCK,1
WCH2023-200m-W-SF-H2,WCH,2023,200m,W,SF,2,0.176,,MOCK,1
WCH2023-200m-W-SF-H2,WCH,2023,200m,W,SF,2,0.183,,MOCK,1
WCH2023-200m-W-SF-H2,WCH,2023,200m,W,SF,2,0.179,,MOCK,1
WCH2023-200m-W-SF-H2,WCH,2023,200m,W,SF,2,0.147,,MOCK,1
WCH2023-200m-W-SF-H2,WCH,2023,200m,W,SF,2,0.188,,MOCK,1
WCH2023-200m-W-SF-H2,WCH,2023,200m,W,SF,2,0.178,,MOCK,1
WCH2023-200m-W-SF-H2,WCH,2023,200m,W,SF,2,0.2,,MOCK,1
WCH2023-200m-W-SF-H3,WCH,2023,200m,W,SF,3,0.181,,MOCK,1
WCH2023-200m-W-SF-H3,WCH,2023,200m,W,SF,3,0.158,,MOCK,1
WCH2023-200m-W-SF-H3,WCH,2023,200m,W,SF,3,0.159,,MOCK,1
WCH2023-200m-W-SF-H3,WCH,2023,200m,W,SF,3,0.167,,MOCK,1
WCH2023-200m-W-SF-H3,WCH,2023,200m,W,SF,3,0.15,,MOCK,1
WCH2023-200m-W-SF-H3,WCH,2023,200m,W,SF,3,0.225,,MOCK,1
WCH2023-200m-W-SF-H3,WCH,2023,200m,W,SF,3,0.192,,MOCK,1
WCH2023-200m-W-SF-H3,WCH,2023,200m,W,SF,3,0.158,,MOCK,1
WCH2023-200m-W-F-H1,WCH,2023,200m,W,F,1,0.186,,MOCK,1
WCH2023-200m-W-F-H1,WCH,2023,200m,W,F,1,0.165,,MOCK,1
WCH2023-200m-W-F-H1,WCH,2023,200m,W,F,1,0.155,,MOCK,1
WCH2023-200m-W-F-H1,WCH,2023,200m,W,F,1,0.17,,MOCK,1
WCH2023-200m-W-F-H1,WCH,2023,200m,W,F,1,0.181,,MOCK,1
WCH2023-200m-W-F-H1,WCH,2023,200m,W,F,1,0.161,,MOCK,1
WCH2023-200m-W-F-H1,WCH,2023,200m,W,F,1,0.143,,MOCK,1
WCH2023-200m-W-F-H1,WCH,2023,200m,W,F,1,0.195,,MOCK,1
WCH2023-100mH-W-R1-H1,WCH,2023,100mH,W,R1,1,0.146,,MOCK,1
WCH2023-100mH-W-R1-H1,WCH,2023,100mH,W,R1,1,0.163,,MOCK,1
WCH2023-100mH-W-R1-H1,WCH,2023,100mH,W,R1,1,0.174,,MOCK,1
WCH2023-100mH-W-R1-H1,WCH,2023,100mH,W,R1,1,0.161,,MOCK,1
WCH2023-100mH-W-R1-H1,WCH,2023,100mH,W,R1,1,0.154,,MOCK,1
WCH2023-100mH-W-R1-H1,WCH,2023,100mH,W,R1,1,0.175,,MOCK,1
WCH2023-100mH-W-R1-H1,WCH,2023,100mH,W,R1,1,0.18,,MOCK,1
WCH2023-100mH-W-R1-H2,WCH,2023,100mH,W,R1,2,0.181,,MOCK,1
WCH2023-100mH-W-R1-H2,WCH,2023,100mH,W,R1,2,0.159,,MOCK,1
WCH2023-100mH-W-R1-H2,WCH,2023,100mH,W,R1,2,0.15,,MOCK,1
WCH2023-100mH-W-R1-H2,WCH,2023,100mH,W,R1,2,0.175,,MOCK,1
WCH2023-100mH-W-R1-H2,WCH,2023,100mH,W,R1,2,0.16,,MOCK,1
WCH2023-100mH-W-R1-H2,WCH,2023,100mH,W,R1,2,0.125,,MOCK,1
WCH2023-100mH-W-R1-H2,WCH,2023,100mH,W,R1,2,0.176,,MOCK,1
WCH2023-100mH-W-R1-H2,WCH,2023,100mH,W,R1,2,0.162,,MOCK,1
WCH2023-100mH-W-R1-H3,WCH,2023,100mH,W,R1,3,0.152,,MOCK,1
WCH2023-100mH-W-R1-H3,WCH,2023,100mH,W,R1,3,0.145,,MOCK,1
WCH2023-100mH-W-R1-H3,WCH,2023,100mH,W,R1,3,0.172,,MOCK,1
WCH2023-100mH-W-R1-H3,WCH,2023,100mH,W,R1,3,0.171,,MOCK,1
WCH2023-100mH-W-R1-H3,WCH,2023,100mH,W,R1,3,0.181,,MOCK,1
WCH2023-100mH-W-R1-H3,WCH,2023,100mH,W,R1,3,0.169,,MOCK,1
WCH2023-100mH-W-R1-H3,WCH,2023,100mH,W,R1,3,0.217,,MOCK,1
WCH2023-100mH-W-R1-H3,WCH,2023,100mH,W,R1,3,0.174,,MOCK,1
WCH2023-100mH-W-R1-H4,WCH,2023,100mH,W,R1,4,0.179,,MOCK,1
WCH2023-100mH-W-R1-H4,WCH,2023,100mH,W,R1,4,0.187,,MOCK,1
WCH2023-100mH-W-R1-H4,WCH,2023,100mH,W,R1,4,0.176,,MOCK,1
WCH2023-100mH-W-R1-H4,WCH,2023,100mH,W,R1,4,0.176,,MOCK,1
WCH2023-100mH-W-R1-H4,WCH,2023,100mH,W,R1,4,0.195,,MOCK,1
WCH2023-100mH-W-R1-H4,WCH,2023,100mH,W,R1,4,0.178,,MOCK,1
WCH2023-100mH-W-R1-H4,WCH,2023,100mH,W,R1,4,0.201,,MOCK,1
WCH2023-100mH-W-R1-H4,WCH,2023,100mH,W,R1,4,0.192,,MOCK,1
WCH2023-100mH-W-R1-H5,WCH,2023,100mH,W,R1,5,0.161,,MOCK,1
WCH2023-100mH-W-R1-H5,WCH,2023,100mH,W,R1,5,0.158,,MOCK,1
WCH2023-100mH-W-R1-H5,WCH,2023,100mH,W,R1,5,0.164,,MOCK,1
WCH2023-100mH-W-R1-H5,WCH,2023,100mH,W,R1,5,0.185,,MOCK,1
WCH2023-100mH-W-R1-H5,WCH,2023,100mH,W,R1,5,0.165,,MOCK,1
WCH2023-100mH-W-R1-H5,WCH,2023,100mH,W,R1,5,0.178,,MOCK,1
WCH2023-100mH-W-R1-H5,WCH,2023,100mH,W,R1,5,0.196,,MOCK,1
WCH2023-100mH-W-R1-H6,WCH,2023,100mH,W,R1,6,0.186,,MOCK,1
WCH2023-100mH-W-R1-H6,WCH,2023,100mH,W,R1,6,0.181,,MOCK,1
WCH2023-100mH-W-R1-H6,WCH,2023,100mH,W,R1,6,0.163,,MOCK,1
WCH2023-100mH-W-R1-H6,WCH,2023,100mH,W,R1,6,0.154,,MOCK,1
WCH2023-100mH-W-R1-H6,WCH,2023,100mH,W,R1,6,0.165,,MOCK,1
WCH2023-100mH-W-R1-H6,WCH,2023,100mH,W,R1,6,0.181,,MOCK,1
WCH2023-100mH-W-R1-H6,WCH,2023,100mH,W,R1,6,0.218,,MOCK,1
WCH2023-100mH-W-SF-H1,WCH,2023,100mH,W,SF,1,0.173,,MOCK,1
WCH2023-100mH-W-SF-H1,WCH,2023,100mH,W,SF,1,0.15,,MOCK,1
WCH2023-100mH-W-SF-H1,WCH,2023,100mH,W,SF,1,0.179,,MOCK,1
WCH2023-100mH-W-SF-H1,WCH,2023,100mH,W,SF,1,0.157,,MOCK,1
WCH2023-100mH-W-SF-H1,WCH,2023,100mH,W,SF,1,0.143,,MOCK,1
WCH2023-100mH-W-SF-H1,WCH,2023,100mH,W,SF,1,0.178,,MOCK,1
WCH2023-100mH-W-SF-H1,WCH,2023,100mH,W,SF,1,0.211,,MOCK,1
WCH2023-100mH-W-SF-H1,WCH,2023,100mH,W,SF,1,0.19,,MOCK,1
WCH2023-100mH-W-SF-H2,WCH,2023,100mH,W,SF,2,0.147,,MOCK,1
WCH2023-100mH-W-SF-H2,WCH,2023,100mH,W,SF,2,0.173,,MOCK,1
WCH2023-100mH-W-SF-H2,WCH,2023,100mH,W,SF,2,0.131,,MOCK,1
WCH2023-100mH-W-SF-H2,WCH,2023,100mH,W,SF,2,0.16,,MOCK,1
WCH2023-100mH-W-SF-H2,WCH,2023,100mH,W,SF,2,0.149,,MOCK,1
WCH2023-100mH-W-SF-H2,WCH,2023,100mH,W,SF,2,0.142,,MOCK,1
WCH2023-100mH-W-SF-H2,WCH,2023,100mH,W,SF,2,0.158,,MOCK,1
WCH2023-100mH-W-SF-H2,WCH,2023,100mH,W,SF,2,0.156,,MOCK,1
WCH2023-100mH-W-SF-H3,WCH,2023,100mH,W,SF,3,0.143,,MOCK,1
WCH2023-100mH-W-SF-H3,WCH,2023,100mH,W,SF,3,0.165,,MOCK,1
WCH2023-100mH-W-SF-H3,WCH,2023,100mH,W,SF,3,0.151,,MOCK,1
WCH2023-100mH-W-SF-H3,WCH,2023,100mH,W,SF,3,0.172,,MOCK,1
WCH2023-100mH-W-SF-H3,WCH,2023,100mH,W,SF,3,0.178,,MOCK,1
WCH2023-100mH-W-SF-H3,WCH,2023,100mH,W,SF,3,0.168,,MOCK,1
WCH2023-100mH-W-SF-H3,WCH,2023,100mH,W,SF,3,0.178,,MOCK,1
WCH2023-100mH-W-SF-H3,WCH,2023,100mH,W,SF,3,0.18,,MOCK,1
WCH2023-100mH-W-F-H1,WCH,2023,100mH,W,F,1,0.155,,MOCK,1
WCH2023-100mH-W-F-H1,WCH,2023,100mH,W,F,1,0.174,,MOCK,1
WCH2023-100mH-W-F-H1,WCH,2023,100mH,W,F,1,0.153,,MOCK,1
WCH2023-100mH-W-F-H1,WCH,2023,100mH,W,F,1,0.154,,MOCK,1
WCH2023-100mH-W-F-H1,WCH,2023,100mH,W,F,1,0.154,,MOCK,1
WCH2023-100mH-W-F-H1,WCH,2023,100mH,W,F,1,0.162,,MOCK,1
WCH2023-100mH-W-F-H1,WCH,2023,100mH,W,F,1,0.159,,MOCK,1
WCH2023-100mH-W-F-H1,WCH,2023,100mH,W,F,1,0.145,,MOCK,1
