retrieved_at,status,bytes,sha256,url,final_url,cache_path
2026-09-29T06:03:32Z,200,95663,27fcd6b151394a3858d372ac08fa7f72a483c2c617285ecb1fcdc7058b0d51ff,https://worldathletics.org/competitions/world-athletics-championships/world-athletics-championships-tokyo-2025-7190593/results/men/100-metres/final/result,https://worldathletics.org/competitions/world-athletics-championships/world-athletics-championships-tokyo-2025-7190593/results/men/100-metres/final/result,data/raw/wa/pages/WCH2025/men-100-metres-final.html.gz
2026-09-29T06:03:33Z,200,168777,77a6d332ec45a18ee2afbc4906756bfe99047c15ca9407bb69ca9acf9dc8974d,https://worldathletics.org/competitions/world-athletics-championships/world-athletics-championships-tokyo-2025-7190593/results/men/100-metres/preliminary-round/result,https://worldathletics.org/competitions/world-athletics-championships/world-athletics-championships-tokyo-2025-7190593/results/men/100-metres/preliminary-round/result,data/raw/wa/pages/WCH2025/men-100-metres-preliminary-round.html.gz
2026-09-29T06:03:36Z,200,277499,671f4290a838b22411f2d9d62c0314f39a265e10f6e190b541944cf6f3faa12b,https://worldathletics.org/competitions/world-athletics-championships/world-athletics-championships-tokyo-2025-7190593/results/men/100-metres/round-1/result,https://worldathletics.org/competitions/world-athletics-championships/world-athletics-championships-tokyo-2025-7190593/results/men/100-metres/round-1/result,data/raw/wa/pages/WCH2025/men-100-metres-round-1.html.gz
2026-09-29T06:03:40Z,200,163820,00f9a368827e0444350ade1586c9c22c8b2da1758512d9533e3d53076271a380,https://worldathletics.org/competitions/world-athletics-championships/world-athletics-championships-tokyo-2025-7190593/results/men/100-metres/semi-finals/result,https://worldathletics.org/competitions/world-athletics-championships/world-athletics-championships-tokyo-2025-7190593/results/men/100-metres/semi-finals/result,data/raw/wa/pages/WCH2025/men-100-metres-semi-finals.html.gz
2026-09-29T06:03:42Z,200,95395,1497812f9a6564fdb323810bd9cace53101aec5fa58ca220e03f83630bbadaa7,https://worldathletics.org/competitions/world-athletics-championships/world-athletics-championships-tokyo-2025-7190593/results/women/100-metres/final/result,https://worldathletics.org/competitions/world-athletics-championships/world-athletics-championships-tokyo-2025-7190593/results/women/100-metres/final/result,data/raw/wa/pages/WCH2025/women-100-metres-final.html.gz
2026-09-29T06:03:46Z,200,294783,05af146f27e7d7c0ab7a3663fa7a186f265ad493c1fef999a3d67e6f88b6877f,https://worldathletics.org/competitions/world-athletics-championships/world-athletics-championships-tokyo-2025-7190593/results/women/100-metres/round-1/result,https://worldathletics.org/competitions/world-athletics-championships/world-athletics-championships-tokyo-2025-7190593/results/women/100-metres/round-1/result,data/raw/wa/pages/WCH2025/women-100-metres-round-1.html.gz
2026-09-29T06:03:48Z,200,164241,3686f505ee6ef239bfcfe46aa89d82336a58c667d1f1ef069aa19b418bba616b,https://worldathletics.org/competitions/world-athletics-championships/world-athletics-championships-tokyo-2025-7190593/results/women/100-metres/semi-finals/result,https://worldathletics.org/competitions/world-athletics-championships/world-athletics-championships-tokyo-2025-7190593/results/women/100-metres/semi-finals/result,data/raw/wa/pages/WCH2025/women-100-metres-semi-finals.html.gz
2026-09-29T06:03:49Z,200,94353,7450e8440a019c52c21fd612a6aa095854ecbb085a8e746f2914d277bc8e99d3,https://worldathletics.org/competitions/world-athletics-championships/world-athletics-championships-tokyo-2025-7190593/results/men/110-metres-hurdles/final/result,https://worldathletics.org/competitions/world-athletics-championships/world-athletics-championships-tokyo-2025-7190593/results/men/110-metres-hurdles/final/result,data/raw/wa/pages/WCH2025/men-110-metres-hurdles-final.html.gz
2026-09-29T06:03:54Z,200,226382,c4987cd7a2d03706bf03d34a9563228a03aa67c40628151cc2264f00c3d7b759,https://worldathletics.org/competitions/world-athletics-championships/world-athletics-championships-tokyo-2025-7190593/results/men/110-metres-hurdles/round-1/result,https://worldathletics.org/competitions/world-athletics-championships/world-athletics-championships-tokyo-2025-7190593/results/men/110-metres-hurdles/round-1/result,data/raw/wa/pages/WCH2025/men-110-metres-hurdles-round-1.html.gz
2026-09-29T06:03:55Z,200,161517,b9500127a7cb11992f77e1320dca9f71f0c12169503b101b61f81c5830514df1,https://worldathletics.org/competitions/world-athletics-championships/world-athletics-championships-tokyo-2025-7190593/results/men/110-metres-hurdles/semi-finals/result,https://worldathletics.org/competitions/world-athletics-championships/world-athletics-championships-tokyo-2025-7190593/results/men/110-metres-hurdles/semi-finals/result,data/raw/wa/pages/WCH2025/men-110-metres-hurdles-semi-finals.html.gz
2026-09-29T06:03:58Z,200,95138,3f7e7f5344b6ba8da1ee8d159786f6ba6a91f3851a910fc4d8f74fff383c5430,https://worldathletics.org/competitions/world-athletics-championships/world-athletics-championships-tokyo-2025-7190593/results/women/100-metres-hurdles/final/result,https://worldathletics.org/competitions/world-athletics-championships/world-athletics-championships-tokyo-2025-7190593/results/women/100-metres-hurdles/final/result,data/raw/wa/pages/WCH2025/women-100-metres-hurdles-final.html.gz
2026-09-29T06:04:05Z,200,235934,735bb1ce9e07a90ab1b13ad12de579fe7f87d801cb6d1927bd611902a31ff61f,https://worldathletics.org/competitions/world-athletics-championships/world-athletics-championships-tokyo-2025-7190593/results/women/100-metres-hurdles/round-1/result,https://worldathletics.org/competitions/world-athletics-championships/world-athletics-championships-tokyo-2025-7190593/results/women/100-metres-hurdles/round-1/result,data/raw/wa/pages/WCH2025/women-100-metres-hurdles-round-1.html.gz
2026-09-29T06:04:07Z,200,163395,7ba89e23272e3a9fe8826dc2ddff4a22c15a222f47e2177cc702983aca8936c8,https://worldathletics.org/competitions/world-athletics-championships/world-athletics-championships-tokyo-2025-7190593/results/women/100-metres-hurdles/semi-finals/result,https://worldathletics.org/competitions/world-athletics-championships/world-athletics-championships-tokyo-2025-7190593/results/women/100-metres-hurdles/semi-finals/result,data/raw/wa/pages/WCH2025/women-100-metres-hurdles-semi-finals.html.gz
2026-09-29T06:04:09Z,200,93247,9ee68473def4c15b38fa2af7fbe2d4a9d876ec649cb1db5dd5f2917f3973009f,https://worldathletics.org/competitions/world-athletics-championships/world-athletics-championships-budapest-2023-7138987/results/men/100-metres/final/result,https://worldathletics.org/competitions/world-athletics-championships/world-athletics-championships-budapest-2023-7138987/results/men/100-metres/final/result,data/raw/wa/pages/WCH2023/men-100-metres-final.html.gz
2026-09-29T06:04:11Z,200,175875,d01116deb73b9a87c2ac81075f471e779a2204d54ebfb9402f747f653533e61e,https://worldathletics.org/competitions/world-athletics-championships/world-athletics-championships-budapest-2023-7138987/results/men/100-metres/preliminary-round/result,https://worldathletics.org/competitions/world-athletics-championships/world-athletics-championships-budapest-2023-7138987/results/men/100-metres/preliminary-round/result,data/raw/wa/pages/WCH2023/men-100-metres-preliminary-round.html.gz
2026-09-29T06:04:15Z,200,273324,f9e7b0f6b6b2d99af476d0d85d33fb77c6cef37197c13875ceaff1cc9aea7aeb,https://worldathletics.org/competitions/world-athletics-championships/world-athletics-championships-budapest-2023-7138987/results/men/100-metres/round-1/result,https://worldathletics.org/competitions/world-athletics-championships/world-athletics-championships-budapest-2023-7138987/results/men/100-metres/round-1/result,data/raw/wa/pages/WCH2023/men-100-metres-round-1.html.gz
2026-09-29T06:04:18Z,200,160797,519cb14b78214fff353d3a47632ca6e0a78cedf1d5bb6949180e48ad14409606,https://worldathletics.org/competitions/world-athletics-championships/world-athletics-championships-budapest-2023-7138987/results/men/100-metres/semi-finals/result,https://worldathletics.org/competitions/world-athletics-championships/world-athletics-championships-budapest-2023-7138987/results/men/100-metres/semi-finals/result,data/raw/wa/pages/WCH2023/men-100-metres-semi-finals.html.gz
2026-09-29T06:04:20Z,200,96207,2077518a059b55e5213607c4aade9376c44cd33a6cb7e999031404f45f3599a6,https://worldathletics.org/competitions/world-athletics-championships/world-athletics-championships-budapest-2023-7138987/results/women/100-metres/final/result,https://worldathletics.org/competitions/world-athletics-championships/world-athletics-championships-budapest-2023-7138987/results/women/100-metres/final/result,data/raw/wa/pages/WCH2023/women-100-metres-final.html.gz
2026-09-29T06:04:23Z,200,273655,221fbb41f3881a59175a635b4a38dbd04e32724205dcdcce7a1cd062a20a6706,https://worldathletics.org/competitions/world-athletics-championships/world-athletics-championships-budapest-2023-7138987/results/women/100-metres/round-1/result,https://worldathletics.org/competitions/world-athletics-championships/world-athletics-championships-budapest-2023-7138987/results/women/100-metres/round-1/result,data/raw/wa/pages/WCH2023/women-100-metres-round-1.html.gz
2026-09-29T06:04:27Z,200,160492,1d9e08c8089200f10ed8e0ac2af7fa236375ee4cdb4d654aaae8d2ea2b2f1379,https://worldathletics.org/competitions/world-athletics-championships/world-athletics-championships-budapest-2023-7138987/results/women/100-metres/semi-finals/result,https://worldathletics.org/competitions/world-athletics-championships/world-athletics-championships-budapest-2023-7138987/results/women/100-metres/semi-finals/result,data/raw/wa/pages/WCH2023/women-100-metres-semi-finals.html.gz
2026-09-29T06:04:30Z,200,92554,1105e1d3a37a50b76c7327aa7222f433b90a798abe3afde2759c6dc1bec269b1,https://worldathletics.org/competitions/world-athletics-championships/world-athletics-championships-budapest-2023-7138987/results/men/110-metres-hurdles/final/result,https://worldathletics.org/competitions/world-athletics-championships/world-athletics-championships-budapest-2023-7138987/results/men/110-metres-hurdles/final/result,data/raw/wa/pages/WCH2023/men-110-metres-hurdles-final.html.gz
2026-09-29T06:04:32Z,200,234453,fde0a619ffd41167a49f4c2ffdb60d8deb01a4d794dcbf2f6455b033ab44ad5c,https://worldathletics.org/competitions/world-athletics-championships/world-athletics-championships-budapest-2023-7138987/results/men/110-metres-hurdles/round-1/result,https://worldathletics.org/competitions/world-athletics-championships/world-athletics-championships-budapest-2023-7138987/results/men/110-metres-hurdles/round-1/result,data/raw/wa/pages/WCH2023/men-110-metres-hurdles-round-1.html.gz
2026-09-29T06:04:35Z,200,162750,497432c4465cf9b9ef816a913ab0a825516a3518dc56d790aa86abe07c53659f,https://worldathletics.org/competitions/world-athletics-championships/world-athletics-championships-budapest-2023-7138987/results/men/110-metres-hurdles/semi-finals/result,https://worldathletics.org/competitions/world-athletics-championships/world-athletics-championships-budapest-2023-7138987/results/men/110-metres-hurdles/semi-finals/result,data/raw/wa/pages/WCH2023/men-110-metres-hurdles-semi-finals.html.gz
2026-09-29T06:04:37Z,200,92622,97ad6679012019e673866534819385f5f3076afb5f183b0c855abc272667aa4e,https://worldathletics.org/competitions/world-athletics-championships/world-athletics-championships-budapest-2023-7138987/results/women/100-metres-hurdles/final/result,https://worldathletics.org/competitions/world-athletics-championships/world-athletics-championships-budapest-2023-7138987/results/women/100-metres-hurdles/final/result,data/raw/wa/pages/WCH2023/women-100-metres-hurdles-final.html.gz
2026-09-29T06:04:45Z,200,224234,956623cdc1c5e21a13ca9e9257ea1792b80f2e788262c28d1ae0e9b12ae76315,https://worldathletics.org/competitions/world-athletics-championships/world-athletics-championships-budapest-2023-7138987/results/women/100-metres-hurdles/round-1/result,https://worldathletics.org/competitions/world-athletics-championships/world-athletics-championships-budapest-2023-7138987/results/women/100-metres-hurdles/round-1/result,data/raw/wa/pages/WCH2023/women-100-metres-hurdles-round-1.html.gz
2026-09-29T06:04:47Z,200,160633,1968c75524db0456f031aec8e9fb281f2d27ea6616ef7b97fc8ee27b6da7aeeb,https://worldathletics.org/competitions/world-athletics-championships/world-athletics-championships-budapest-2023-7138987/results/women/100-metres-hurdles/semi-finals/result,https://worldathletics.org/competitions/world-athletics-championships/world-athletics-championships-budapest-2023-7138987/results/women/100-metres-hurdles/semi-finals/result,data/raw/wa/pages/WCH2023/women-100-metres-hurdles-semi-finals.html.gz
2026-09-29T06:14:03Z,200,89518,16a81ab0ff45f6fa7aa62a035d3da3e9c2911b78b85171b3cc0a4cf49b61096b,https://worldathletics.org/competitions/world-athletics-championships/world-athletics-championships-oregon-2022-7137279/results/men/100-metres/final/result,https://worldathletics.org/competitions/world-athletics-championships/world-athletics-championships-oregon-2022-7137279/results/men/100-metres/final/result,data/raw/wa/pages/WCH2022/men-100-metres-final.html.gz
2026-09-29T06:14:06Z,200,170711,507cb072f1d37be8987838e254d6a8fe0d4c5c300b6d6fd4653a48eeeb8bd768,https://worldathletics.org/competitions/world-athletics-championships/world-athletics-championships-oregon-2022-7137279/results/men/100-metres/preliminary-round/result,https://worldathletics.org/competitions/world-athletics-championships/world-athletics-championships-oregon-2022-7137279/results/men/100-metres/preliminary-round/result,data/raw/wa/pages/WCH2022/men-100-metres-preliminary-round.html.gz
2026-09-29T06:14:09Z,200,272708,fe71a6349582f91e5a99fa7f9129c9109178662e55a1bbaf6b3001903bc1341e,https://worldathletics.org/competitions/world-athletics-championships/world-athletics-championships-oregon-2022-7137279/results/men/100-metres/round-1/result,https://worldathletics.org/competitions/world-athletics-championships/world-athletics-championships-oregon-2022-7137279/results/men/100-metres/round-1/result,data/raw/wa/pages/WCH2022/men-100-metres-round-1.html.gz
2026-09-29T06:14:11Z,200,157243,0453f4a368675b0b224bf395a9ee330975d7d6c23e24727873ccd26c971152b8,https://worldathletics.org/competitions/world-athletics-championships/world-athletics-championships-oregon-2022-7137279/results/men/100-metres/semi-finals/result,https://worldathletics.org/competitions/world-athletics-championships/world-athletics-championships-oregon-2022-7137279/results/men/100-metres/semi-finals/result,data/raw/wa/pages/WCH2022/men-100-metres-semi-finals.html.gz
2026-09-29T06:14:13Z,200,89073,cff2cb9aea4a68409f3048855b1d1d6d7b278c98682e7bee07c7594839d28b6b,https://worldathletics.org/competitions/world-athletics-championships/world-athletics-championships-oregon-2022-7137279/results/women/100-metres/final/result,https://worldathletics.org/competitions/world-athletics-championships/world-athletics-championships-oregon-2022-7137279/results/women/100-metres/final/result,data/raw/wa/pages/WCH2022/women-100-metres-final.html.gz
2026-09-29T06:14:17Z,200,244835,c4623a4faeeb321cfb93d2c7b44cef55f2a6285a1f8786671d3188cc0045d6e5,https://worldathletics.org/competitions/world-athletics-championships/world-athletics-championships-oregon-2022-7137279/results/women/100-metres/round-1/result,https://worldathletics.org/competitions/world-athletics-championships/world-athletics-championships-oregon-2022-7137279/results/women/100-metres/round-1/result,data/raw/wa/pages/WCH2022/women-100-metres-round-1.html.gz
2026-09-29T06:14:19Z,200,156875,c826c800a5b68493d34b978aefe631e7e6dd693fb2fad4e3393bc044ee83f49b,https://worldathletics.org/competitions/world-athletics-championships/world-athletics-championships-oregon-2022-7137279/results/women/100-metres/semi-finals/result,https://worldathletics.org/competitions/world-athletics-championships/world-athletics-championships-oregon-2022-7137279/results/women/100-metres/semi-finals/result,data/raw/wa/pages/WCH2022/women-100-metres-semi-finals.html.gz
2026-09-29T06:14:22Z,200,88956,d93cb9d4530c622d86b47c260c09cd226ea8b965716d360d946f34f32e2a8cc7,https://worldathletics.org/competitions/world-athletics-championships/world-athletics-championships-oregon-2022-7137279/results/men/110-metres-hurdles/final/result,https://worldathletics.org/competitions/world-athletics-championships/world-athletics-championships-oregon-2022-7137279/results/men/110-metres-hurdles/final/result,data/raw/wa/pages/WCH2022/men-110-metres-hurdles-final.html.gz
2026-09-29T06:14:25Z,200,212609,aee0c8942256f7c9b764ed47eaf7c17e81384557af06ab3272081201456986cf,https://worldathletics.org/competitions/world-athletics-championships/world-athletics-championships-oregon-2022-7137279/results/men/110-metres-hurdles/round-1/result,https://worldathletics.org/competitions/world-athletics-championships/world-athletics-championships-oregon-2022-7137279/results/men/110-metres-hurdles/round-1/result,data/raw/wa/pages/WCH2022/men-110-metres-hurdles-round-1.html.gz
2026-09-29T06:14:30Z,200,156599,6720632e2b87930dd628b2f2ec4151a035d0bf822ab73d80f2042ee09489ef09,https://worldathletics.org/competitions/world-athletics-championships/world-athletics-championships-oregon-2022-7137279/results/men/110-metres-hurdles/semi-finals/result,https://worldathletics.org/competitions/world-athletics-championships/world-athletics-championships-oregon-2022-7137279/results/men/110-metres-hurdles/semi-finals/result,data/raw/wa/pages/WCH2022/men-110-metres-hurdles-semi-finals.html.gz
2026-09-29T06:14:33Z,200,89081,e5c240f932118df28b54e1cc4588cd9c3e14896f52b0d2e68c9a53e69683e00b,https://worldathletics.org/competitions/world-athletics-championships/world-athletics-championships-oregon-2022-7137279/results/women/100-metres-hurdles/final/result,https://worldathletics.org/competitions/world-athletics-championships/world-athletics-championships-oregon-2022-7137279/results/women/100-metres-hurdles/final/result,data/raw/wa/pages/WCH2022/women-100-metres-hurdles-final.html.gz
2026-09-29T06:14:35Z,200,220054,864d50243ad7a40b328cf94c2f1f17af2f8c56738269f3410702f78913103398,https://worldathletics.org/competitions/world-athletics-championships/world-athletics-championships-oregon-2022-7137279/results/women/100-metres-hurdles/round-1/result,https://worldathletics.org/competitions/world-athletics-championships/world-athletics-championships-oregon-2022-7137279/results/women/100-metres-hurdles/round-1/result,data/raw/wa/pages/WCH2022/women-100-metres-hurdles-round-1.html.gz
2026-09-29T06:14:38Z,200,156726,391ae24606eebc8a52c28bbf7c387a2335b60a8443dee1c1874c22afa065d618,https://worldathletics.org/competitions/world-athletics-championships/world-athletics-championships-oregon-2022-7137279/results/women/100-metres-hurdles/semi-finals/result,https://worldathletics.org/competitions/world-athletics-championships/world-athletics-championships-oregon-2022-7137279/results/women/100-metres-hurdles/semi-finals/result,data/raw/wa/pages/WCH2022/women-100-metres-hurdles-semi-finals.html.gz
2026-09-29T06:14:40Z,200,80765,08995c95a71c6763e87a1dfae9760f8ec3df39608a7576f273575180f8f10a39,https://worldathletics.org/competitions/world-athletics-championships/iaaf-world-athletics-championships-doha-2019-7125365/results/men/100-metres/final/result,https://worldathletics.org/competitions/world-athletics-championships/iaaf-world-athletics-championships-doha-2019-7125365/results/men/100-metres/final/result,data/raw/wa/pages/WCH2019/men-100-metres-final.html.gz
2026-09-29T06:14:45Z,200,167788,59b42ca47b48de62dc7ff1a96f752373ae9c11b1eb510166cd6d8c43e477803c,https://worldathletics.org/competitions/world-athletics-championships/iaaf-world-athletics-championships-doha-2019-7125365/results/men/100-metres/preliminary-round/result,https://worldathletics.org/competitions/world-athletics-championships/iaaf-world-athletics-championships-doha-2019-7125365/results/men/100-metres/preliminary-round/result,data/raw/wa/pages/WCH2019/men-100-metres-preliminary-round.html.gz
2026-09-29T06:14:47Z,200,225140,0a96c9a5c13e370e9d20a7b0f731d1a400582f6355b65f5ac096ad67c9ec023e,https://worldathletics.org/competitions/world-athletics-championships/iaaf-world-athletics-championships-doha-2019-7125365/results/men/100-metres/round-1/result,https://worldathletics.org/competitions/world-athletics-championships/iaaf-world-athletics-championships-doha-2019-7125365/results/men/100-metres/round-1/result,data/raw/wa/pages/WCH2019/men-100-metres-round-1.html.gz
2026-09-29T06:14:50Z,200,146531,f020ffc9b216864a051ebea20ca6c9c138f4286e2b982b2066b25efbfa93ff37,https://worldathletics.org/competitions/world-athletics-championships/iaaf-world-athletics-championships-doha-2019-7125365/results/men/100-metres/semi-finals/result,https://worldathletics.org/competitions/world-athletics-championships/iaaf-world-athletics-championships-doha-2019-7125365/results/men/100-metres/semi-finals/result,data/raw/wa/pages/WCH2019/men-100-metres-semi-finals.html.gz
2026-09-29T06:15:03Z,200,80279,bda199ddb4d9e1fcfa20f1ae88aad9c21b1eeabbd557da4d9b05622f3e3dff2a,https://worldathletics.org/competitions/world-athletics-championships/iaaf-world-athletics-championships-doha-2019-7125365/results/women/100-metres/final/result,https://worldathletics.org/competitions/world-athletics-championships/iaaf-world-athletics-championships-doha-2019-7125365/results/women/100-metres/final/result,data/raw/wa/pages/WCH2019/women-100-metres-final.html.gz
2026-09-29T06:15:04Z,200,224929,df6f76b5f6b599db0105902b8a3993e00ef2c0988ef1c6aa4ddfdefe4893ef01,https://worldathletics.org/competitions/world-athletics-championships/iaaf-world-athletics-championships-doha-2019-7125365/results/women/100-metres/round-1/result,https://worldathletics.org/competitions/world-athletics-championships/iaaf-world-athletics-championships-doha-2019-7125365/results/women/100-metres/round-1/result,data/raw/wa/pages/WCH2019/women-100-metres-round-1.html.gz
2026-09-29T06:15:07Z,200,146337,a3e177446bcc296b828ed453215a7a3e93d18b502ea6e57ece8db268945c34a8,https://worldathletics.org/competitions/world-athletics-championships/iaaf-world-athletics-championships-doha-2019-7125365/results/women/100-metres/semi-finals/result,https://worldathletics.org/competitions/world-athletics-championships/iaaf-world-athletics-championships-doha-2019-7125365/results/women/100-metres/semi-finals/result,data/raw/wa/pages/WCH2019/women-100-metres-semi-finals.html.gz
2026-09-29T06:15:09Z,200,84392,a2448f59e7cab177193ac11c16a345ac524998eab814b638df4ef3111916744e,https://worldathletics.org/competitions/world-athletics-championships/iaaf-world-athletics-championships-doha-2019-7125365/results/men/110-metres-hurdles/final/result,https://worldathletics.org/competitions/world-athletics-championships/iaaf-world-athletics-championships-doha-2019-7125365/results/men/110-metres-hurdles/final/result,data/raw/wa/pages/WCH2019/men-110-metres-hurdles-final.html.gz
2026-09-29T06:15:13Z,200,202539,ad319d50fa02c6b0b44803330315b8525938973a987b97ca37d3f2a8c0695b7b,https://worldathletics.org/competitions/world-athletics-championships/iaaf-world-athletics-championships-doha-2019-7125365/results/men/110-metres-hurdles/round-1/result,https://worldathletics.org/competitions/world-athletics-championships/iaaf-world-athletics-championships-doha-2019-7125365/results/men/110-metres-hurdles/round-1/result,data/raw/wa/pages/WCH2019/men-110-metres-hurdles-round-1.html.gz
2026-09-29T06:15:15Z,200,145782,652059cc59a4bcb2a5107e98baf1af2ec03f7fdb483e110855d5746231ade8ca,https://worldathletics.org/competitions/world-athletics-championships/iaaf-world-athletics-championships-doha-2019-7125365/results/men/110-metres-hurdles/semi-finals/result,https://worldathletics.org/competitions/world-athletics-championships/iaaf-world-athletics-championships-doha-2019-7125365/results/men/110-metres-hurdles/semi-finals/result,data/raw/wa/pages/WCH2019/men-110-metres-hurdles-semi-finals.html.gz
2026-09-29T06:15:19Z,200,80140,9616265b8c8068503641b155ddc801e11237bed631b54121a9cca4450bfbd99b,https://worldathletics.org/competitions/world-athletics-championships/iaaf-world-athletics-championships-doha-2019-7125365/results/women/100-metres-hurdles/final/result,https://worldathletics.org/competitions/world-athletics-championships/iaaf-world-athletics-championships-doha-2019-7125365/results/women/100-metres-hurdles/final/result,data/raw/wa/pages/WCH2019/women-100-metres-hurdles-final.html.gz
2026-09-29T06:15:21Z,200,192807,118ba6e0c6c393de9bc317eea624e1373bb82f423e15d92d4ce223970d087525,https://worldathletics.org/competitions/world-athletics-championships/iaaf-world-athletics-championships-doha-2019-7125365/results/women/100-metres-hurdles/round-1/result,https://worldathletics.org/competitions/world-athletics-championships/iaaf-world-athletics-championships-doha-2019-7125365/results/women/100-metres-hurdles/round-1/result,data/raw/wa/pages/WCH2019/women-100-metres-hurdles-round-1.html.gz
2026-09-29T06:15:26Z,200,145571,190c9b62a504e199ed5b9bb1fdad566908b144f9077121c27b8fafbd345fe898,https://worldathletics.org/competitions/world-athletics-championships/iaaf-world-athletics-championships-doha-2019-7125365/results/women/100-metres-hurdles/semi-finals/result,https://worldathletics.org/competitions/world-athletics-championships/iaaf-world-athletics-championships-doha-2019-7125365/results/women/100-metres-hurdles/semi-finals/result,data/raw/wa/pages/WCH2019/women-100-metres-hurdles-semi-finals.html.gz
2026-09-29T06:15:27Z,200,77626,4f5b8af8a3af81530d12450f432c952d8bc4813797cddb78c2ad5439117853e5,https://worldathletics.org/competitions/olympic-games/the-xxxiii-olympic-games-7153115/results/men/100-metres/final/result,https://worldathletics.org/competitions/olympic-games/the-xxxiii-olympic-games-7153115/results/men/100-metres/final/result,data/raw/wa/pages/OG2024/men-100-metres-final.html.gz
2026-09-29T06:15:31Z,200,215549,5ae7d96d5fc27d07bd136792b3a630b97ee9799a43895f455d92e502d7391166,https://worldathletics.org/competitions/olympic-games/the-xxxiii-olympic-games-7153115/results/men/100-metres/preliminary-round/result,https://worldathletics.org/competitions/olympic-games/the-xxxiii-olympic-games-7153115/results/men/100-metres/preliminary-round/result,data/raw/wa/pages/OG2024/men-100-metres-preliminary-round.html.gz
2026-09-29T06:15:33Z,200,305239,54de8a71c4554eb0171a380ffd8c683601ad96dbdcd9c673b0d215f20accbe6c,https://worldathletics.org/competitions/olympic-games/the-xxxiii-olympic-games-7153115/results/men/100-metres/round-1/result,https://worldathletics.org/competitions/olympic-games/the-xxxiii-olympic-games-7153115/results/men/100-metres/round-1/result,data/raw/wa/pages/OG2024/men-100-metres-round-1.html.gz
2026-09-29T06:15:35Z,200,154756,c1bb2346dd69d8961b35bfce7ff6cedec5013bf71a574d1e40b5d40c4f9137a1,https://worldathletics.org/competitions/olympic-games/the-xxxiii-olympic-games-7153115/results/men/100-metres/semi-finals/result,https://worldathletics.org/competitions/olympic-games/the-xxxiii-olympic-games-7153115/results/men/100-metres/semi-finals/result,data/raw/wa/pages/OG2024/men-100-metres-semi-finals.html.gz
2026-09-29T06:15:38Z,200,78142,9a2f927bf04448a0b06ff15895b22fe954b0290a1607ef30e1658d1abf67c22a,https://worldathletics.org/competitions/olympic-games/the-xxxiii-olympic-games-7153115/results/women/100-metres/final/result,https://worldathletics.org/competitions/olympic-games/the-xxxiii-olympic-games-7153115/results/women/100-metres/final/result,data/raw/wa/pages/OG2024/women-100-metres-final.html.gz
2026-09-29T06:15:41Z,200,185424,3b6fa586bee00a77955cb67168bae6d2e7f7e7a2810e2954273fb8b4c862d2f6,https://worldathletics.org/competitions/olympic-games/the-xxxiii-olympic-games-7153115/results/women/100-metres/preliminary-round/result,https://worldathletics.org/competitions/olympic-games/the-xxxiii-olympic-games-7153115/results/women/100-metres/preliminary-round/result,data/raw/wa/pages/OG2024/women-100-metres-preliminary-round.html.gz
2026-09-29T06:15:45Z,200,306958,1e02c943e8e357896a71e3c2ad2fdc584e6e54ade1233ef1fc7c3d5cd4a44ce4,https://worldathletics.org/competitions/olympic-games/the-xxxiii-olympic-games-7153115/results/women/100-metres/round-1/result,https://worldathletics.org/competitions/olympic-games/the-xxxiii-olympic-games-7153115/results/women/100-metres/round-1/result,data/raw/wa/pages/OG2024/women-100-metres-round-1.html.gz
2026-09-29T06:15:49Z,200,155577,81237125392e64161a1d450225d6b5ad8d5bd7fbbf746aec6e36ca5c5c60c4a1,https://worldathletics.org/competitions/olympic-games/the-xxxiii-olympic-games-7153115/results/women/100-metres/semi-finals/result,https://worldathletics.org/competitions/olympic-games/the-xxxiii-olympic-games-7153115/results/women/100-metres/semi-finals/result,data/raw/wa/pages/OG2024/women-100-metres-semi-finals.html.gz
2026-09-29T06:15:53Z,200,77951,b26f9c34aa244ad7c3eeee58c4e8fc8ef9a5f26e2260ea1badfff9a3aa604095,https://worldathletics.org/competitions/olympic-games/the-xxxiii-olympic-games-7153115/results/men/110-metres-hurdles/final/result,https://worldathletics.org/competitions/olympic-games/the-xxxiii-olympic-games-7153115/results/men/110-metres-hurdles/final/result,data/raw/wa/pages/OG2024/men-110-metres-hurdles-final.html.gz
2026-09-29T06:15:55Z,200,196559,7b0a3c8d37d5c0eeed643ffc1ff4e0e2431c6383f93faf32b56c0292eb525735,https://worldathletics.org/competitions/olympic-games/the-xxxiii-olympic-games-7153115/results/men/110-metres-hurdles/round-1/result,https://worldathletics.org/competitions/olympic-games/the-xxxiii-olympic-games-7153115/results/men/110-metres-hurdles/round-1/result,data/raw/wa/pages/OG2024/men-110-metres-hurdles-round-1.html.gz
2026-09-29T06:15:56Z,200,130092,86ed8d152003d6fa0a5bbed3498a070dd84e3eba60ff5422be1383b5b9e8354f,https://worldathletics.org/competitions/olympic-games/the-xxxiii-olympic-games-7153115/results/men/110-metres-hurdles/repechage-round/result,https://worldathletics.org/competitions/olympic-games/the-xxxiii-olympic-games-7153115/results/men/110-metres-hurdles/repechage-round/result,data/raw/wa/pages/OG2024/men-110-metres-hurdles-repechage-round.html.gz
2026-09-29T06:16:00Z,200,142617,6c86a7297c0de461ab2cfc01c8dbad9fe4e19b1bb3da8948aad6d1f1cb50f3c7,https://worldathletics.org/competitions/olympic-games/the-xxxiii-olympic-games-7153115/results/men/110-metres-hurdles/semi-finals/result,https://worldathletics.org/competitions/olympic-games/the-xxxiii-olympic-games-7153115/results/men/110-metres-hurdles/semi-finals/result,data/raw/wa/pages/OG2024/men-110-metres-hurdles-semi-finals.html.gz
2026-09-29T06:16:03Z,200,78116,12c8effcf48999ad637d75df3435f7b8fde58436c9b51030ff4fe57e285bd14d,https://worldathletics.org/competitions/olympic-games/the-xxxiii-olympic-games-7153115/results/women/100-metres-hurdles/final/result,https://worldathletics.org/competitions/olympic-games/the-xxxiii-olympic-games-7153115/results/women/100-metres-hurdles/final/result,data/raw/wa/pages/OG2024/women-100-metres-hurdles-final.html.gz
2026-09-29T06:16:13Z,200,197176,89fed64980103442d59e685d6ae9e29340fd6472249d1de39701fa43c37d3652,https://worldathletics.org/competitions/olympic-games/the-xxxiii-olympic-games-7153115/results/women/100-metres-hurdles/round-1/result,https://worldathletics.org/competitions/olympic-games/the-xxxiii-olympic-games-7153115/results/women/100-metres-hurdles/round-1/result,data/raw/wa/pages/OG2024/women-100-metres-hurdles-round-1.html.gz
2026-09-29T06:16:14Z,200,130588,136847207ef689095ca3829184c7013f173fc55000f41a3b834b3c01e3cb8695,https://worldathletics.org/competitions/olympic-games/the-xxxiii-olympic-games-7153115/results/women/100-metres-hurdles/repechage-round/result,https://worldathletics.org/competitions/olympic-games/the-xxxiii-olympic-games-7153115/results/women/100-metres-hurdles/repechage-round/result,data/raw/wa/pages/OG2024/women-100-metres-hurdles-repechage-round.html.gz
2026-09-29T06:16:19Z,200,142770,a91e95d4c2cac890df704b3e1ee2a1776f94937818c5acb467d0333fd92b4014,https://worldathletics.org/competitions/olympic-games/the-xxxiii-olympic-games-7153115/results/women/100-metres-hurdles/semi-finals/result,https://worldathletics.org/competitions/olympic-games/the-xxxiii-olympic-games-7153115/results/women/100-metres-hurdles/semi-finals/result,data/raw/wa/pages/OG2024/women-100-metres-hurdles-semi-finals.html.gz
2026-09-29T06:16:21Z,200,76236,d3bc6ffbf56eb8e8e1427086005d97dcd7a83e9040a4f5cfa48a53995520b345,https://worldathletics.org/competitions/olympic-games/the-xxxii-olympic-games-athletics-7132391/results/men/100-metres/final/result,https://worldathletics.org/competitions/olympic-games/the-xxxii-olympic-games-athletics-7132391/results/men/100-metres/final/result,data/raw/wa/pages/OG2020/men-100-metres-final.html.gz
2026-09-29T06:16:24Z,200,153935,4f35eaf59c32d3bd0e1ed5b8106298d4e7e1d7d7a76cb8b6e09f73e8f8aa28c6,https://worldathletics.org/competitions/olympic-games/the-xxxii-olympic-games-athletics-7132391/results/men/100-metres/preliminary-round/result,https://worldathletics.org/competitions/olympic-games/the-xxxii-olympic-games-athletics-7132391/results/men/100-metres/preliminary-round/result,data/raw/wa/pages/OG2020/men-100-metres-preliminary-round.html.gz
2026-09-29T06:16:26Z,200,270396,875a2819814d90fdcfd4e2cd8e7fafb2bd1e690550f8e3cc9214c1a52e610cfe,https://worldathletics.org/competitions/olympic-games/the-xxxii-olympic-games-athletics-7132391/results/men/100-metres/round-1/result,https://worldathletics.org/competitions/olympic-games/the-xxxii-olympic-games-athletics-7132391/results/men/100-metres/round-1/result,data/raw/wa/pages/OG2020/men-100-metres-round-1.html.gz
2026-09-29T06:16:29Z,200,141349,b90fe2dba7a01092cfb8d2036ed6d12dac2bce71a23aba922505486699b28cfd,https://worldathletics.org/competitions/olympic-games/the-xxxii-olympic-games-athletics-7132391/results/men/100-metres/semi-finals/result,https://worldathletics.org/competitions/olympic-games/the-xxxii-olympic-games-athletics-7132391/results/men/100-metres/semi-finals/result,data/raw/wa/pages/OG2020/men-100-metres-semi-finals.html.gz
2026-09-29T06:16:32Z,200,76653,a22805017b228d817a34550e7fa58280d9f5d7fa38de934a86da277bb0280c11,https://worldathletics.org/competitions/olympic-games/the-xxxii-olympic-games-athletics-7132391/results/women/100-metres/final/result,https://worldathletics.org/competitions/olympic-games/the-xxxii-olympic-games-athletics-7132391/results/women/100-metres/final/result,data/raw/wa/pages/OG2020/women-100-metres-final.html.gz
2026-09-29T06:16:34Z,200,153291,8c473d7affdf7899028a3c9a2c6477f690876c5fe923332ba454e1cd171a2292,https://worldathletics.org/competitions/olympic-games/the-xxxii-olympic-games-athletics-7132391/results/women/100-metres/preliminary-round/result,https://worldathletics.org/competitions/olympic-games/the-xxxii-olympic-games-athletics-7132391/results/women/100-metres/preliminary-round/result,data/raw/wa/pages/OG2020/women-100-metres-preliminary-round.html.gz
2026-09-29T06:16:38Z,200,246738,bf179b902ae2bc28806dfbed4fa336b6b9334009196fb4c829d2581311c30daa,https://worldathletics.org/competitions/olympic-games/the-xxxii-olympic-games-athletics-7132391/results/women/100-metres/round-1/result,https://worldathletics.org/competitions/olympic-games/the-xxxii-olympic-games-athletics-7132391/results/women/100-metres/round-1/result,data/raw/wa/pages/OG2020/women-100-metres-round-1.html.gz
2026-09-29T06:16:40Z,200,136521,c79b8383e1044aee1430c642d06f8a92d047fca64382e47efe6f141768dfd80c,https://worldathletics.org/competitions/olympic-games/the-xxxii-olympic-games-athletics-7132391/results/women/100-metres/semi-finals/result,https://worldathletics.org/competitions/olympic-games/the-xxxii-olympic-games-athletics-7132391/results/women/100-metres/semi-finals/result,data/raw/wa/pages/OG2020/women-100-metres-semi-finals.html.gz
2026-09-29T06:16:42Z,200,75563,3e7576a2f60ffdaf1d1b8c626835462ea48ccf502f1a18aeb09b1d564ecaf967,https://worldathletics.org/competitions/olympic-games/the-xxxii-olympic-games-athletics-7132391/results/men/110-metres-hurdles/final/result,https://worldathletics.org/competitions/olympic-games/the-xxxii-olympic-games-athletics-7132391/results/men/110-metres-hurdles/final/result,data/raw/wa/pages/OG2020/men-110-metres-hurdles-final.html.gz
2026-09-29T06:16:46Z,200,200389,c5ea07f3edb50ccde7d5da776b7a45ea1c43b2a429af3fda1aa94451c4c7937a,https://worldathletics.org/competitions/olympic-games/the-xxxii-olympic-games-athletics-7132391/results/men/110-metres-hurdles/round-1/result,https://worldathletics.org/competitions/olympic-games/the-xxxii-olympic-games-athletics-7132391/results/men/110-metres-hurdles/round-1/result,data/raw/wa/pages/OG2020/men-110-metres-hurdles-round-1.html.gz
2026-09-29T06:16:47Z,200,140317,7c7afa98ffbb8eb898fdb0f7b90d8fe67757ee61dc0ee8433a2cd6954c7aeaf9,https://worldathletics.org/competitions/olympic-games/the-xxxii-olympic-games-athletics-7132391/results/men/110-metres-hurdles/semi-finals/result,https://worldathletics.org/competitions/olympic-games/the-xxxii-olympic-games-athletics-7132391/results/men/110-metres-hurdles/semi-finals/result,data/raw/wa/pages/OG2020/men-110-metres-hurdles-semi-finals.html.gz
2026-09-29T06:16:50Z,200,75628,1de03bf8131c89ef52b911b772f8a58db3b0c6ac8cd00dd980793deb67da00ca,https://worldathletics.org/competitions/olympic-games/the-xxxii-olympic-games-athletics-7132391/results/women/100-metres-hurdles/final/result,https://worldathletics.org/competitions/olympic-games/the-xxxii-olympic-games-athletics-7132391/results/women/100-metres-hurdles/final/result,data/raw/wa/pages/OG2020/women-100-metres-hurdles-final.html.gz
2026-09-29T06:16:53Z,200,196806,5c3003c291adc08e376d591a63de0dce8a18c0d007f3df76e2b61ee12cc9fcda,https://worldathletics.org/competitions/olympic-games/the-xxxii-olympic-games-athletics-7132391/results/women/100-metres-hurdles/round-1/result,https://worldathletics.org/competitions/olympic-games/the-xxxii-olympic-games-athletics-7132391/results/women/100-metres-hurdles/round-1/result,data/raw/wa/pages/OG2020/women-100-metres-hurdles-round-1.html.gz
2026-09-29T06:16:55Z,200,140331,15856b8ad2f06fabc4adee1d021cbdf54c924947214394559729deb58c5486ca,https://worldathletics.org/competitions/olympic-games/the-xxxii-olympic-games-athletics-7132391/results/women/100-metres-hurdles/semi-finals/result,https://worldathletics.org/competitions/olympic-games/the-xxxii-olympic-games-athletics-7132391/results/women/100-metres-hurdles/semi-finals/result,data/raw/wa/pages/OG2020/women-100-metres-hurdles-semi-finals.html.gz
2026-09-29T06:20:57Z,200,136690,5a9d93d8ac4b765d98569daf744989238eabf40d208778a300e48f5f7f96d64c,https://media.aws.iaaf.org/competitiondocuments/pdf/6033/AT-100-M-f----.RS6.pdf,https://media.aws.iaaf.org/competitiondocuments/pdf/6033/AT-100-M-f----.RS6.pdf,data/raw/wa/pdf/6033/AT-100-M-f----.RS6.pdf
2026-09-29T06:21:00Z,200,481212,20e3070a19d43f1957ba1bb24cb5d088f4060f6f2affee4442ce59be0b032af7,https://media.aws.iaaf.org/competitiondocuments/waveform/7137279/M_100_f_1.jpg,https://media.aws.iaaf.org/competitiondocuments/waveform/7137279/M_100_f_1.jpg,data/raw/wa/waveform/7137279/M_100_f_1.jpg
2026-09-29T06:21:00Z,200,151752,c9055e2ce7b84cbf2cb9ac629c714c16c8f8c5222a4a5efe1cc7385d86910053,https://media.aws.iaaf.org/competitiondocuments/pdf/6033/AT-100-M-h----.RS6.pdf,https://media.aws.iaaf.org/competitiondocuments/pdf/6033/AT-100-M-h----.RS6.pdf,data/raw/wa/pdf/6033/AT-100-M-h----.RS6.pdf
2026-09-29T06:21:02Z,200,146983,d88cf91104b847c9f0d12bf30285c083205622245e3193e2db050a9ffb9de15c,https://media.aws.iaaf.org/competitiondocuments/pdf/6033/AT-100-M-pr----.RS6.pdf,https://media.aws.iaaf.org/competitiondocuments/pdf/6033/AT-100-M-pr----.RS6.pdf,data/raw/wa/pdf/6033/AT-100-M-pr----.RS6.pdf
2026-09-29T06:21:06Z,200,141403,cec89a68de3e54b308134b0dd32d4bac771dedba7e7ecbc06ec7da2d13f0a17d,https://media.aws.iaaf.org/competitiondocuments/pdf/6033/AT-100-M-sf----.RS6.pdf,https://media.aws.iaaf.org/competitiondocuments/pdf/6033/AT-100-M-sf----.RS6.pdf,data/raw/wa/pdf/6033/AT-100-M-sf----.RS6.pdf
2026-09-29T06:21:07Z,200,478066,52c6024946f81e8c59c208ad47d95101090508a9d02a2cc43e2a4f1fbfa751f1,https://media.aws.iaaf.org/competitiondocuments/waveform/7137279/M_100_h_1.jpg,https://media.aws.iaaf.org/competitiondocuments/waveform/7137279/M_100_h_1.jpg,data/raw/wa/waveform/7137279/M_100_h_1.jpg
2026-09-29T06:21:08Z,200,137011,c94185733234d93af3739cd465a9bbf0a27280a4126f470b225e2320cb70eb94,https://media.aws.iaaf.org/competitiondocuments/pdf/6033/AT-100-W-f----.RS6.pdf,https://media.aws.iaaf.org/competitiondocuments/pdf/6033/AT-100-W-f----.RS6.pdf,data/raw/wa/pdf/6033/AT-100-W-f----.RS6.pdf
2026-09-29T06:21:13Z,200,152461,1c13683ff77b61e3880d74e4f1938551315a4c1795f9ad6decbd3a0a760e8496,https://media.aws.iaaf.org/competitiondocuments/pdf/6033/AT-100-W-h----.RS6.pdf,https://media.aws.iaaf.org/competitiondocuments/pdf/6033/AT-100-W-h----.RS6.pdf,data/raw/wa/pdf/6033/AT-100-W-h----.RS6.pdf
2026-09-29T06:21:14Z,200,480603,ff679d19c08dbfac5d6a648d8ab8a68429ef5f582c4db14c942b92e9982a4a77,https://media.aws.iaaf.org/competitiondocuments/waveform/7137279/M_100_h_2.jpg,https://media.aws.iaaf.org/competitiondocuments/waveform/7137279/M_100_h_2.jpg,data/raw/wa/waveform/7137279/M_100_h_2.jpg
2026-09-29T06:21:15Z,200,142579,6630aec8cc24d3c5ca7259a179b22ab5dab98086a16662b54938e330053e44f2,https://media.aws.iaaf.org/competitiondocuments/pdf/6033/AT-100-W-sf----.RS6.pdf,https://media.aws.iaaf.org/competitiondocuments/pdf/6033/AT-100-W-sf----.RS6.pdf,data/raw/wa/pdf/6033/AT-100-W-sf----.RS6.pdf
2026-09-29T06:21:18Z,200,137278,0b7660eef0b61a83e89b548d9079e0bc446d8eba84f5b9a4d542b145fe66f9c5,https://media.aws.iaaf.org/competitiondocuments/pdf/6033/AT-100H-W-f----.RS6.pdf,https://media.aws.iaaf.org/competitiondocuments/pdf/6033/AT-100H-W-f----.RS6.pdf,data/raw/wa/pdf/6033/AT-100H-W-f----.RS6.pdf
2026-09-29T06:21:20Z,200,150497,1c3460a6938c10c093dc4020ced945c9f4f6e9f75c2ea633ec54a0dc4b6e9e62,https://media.aws.iaaf.org/competitiondocuments/pdf/6033/AT-100H-W-h----.RS6.pdf,https://media.aws.iaaf.org/competitiondocuments/pdf/6033/AT-100H-W-h----.RS6.pdf,data/raw/wa/pdf/6033/AT-100H-W-h----.RS6.pdf
2026-09-29T06:21:22Z,200,142368,a0e0773e3544a45a893577db8daf5142a3d64b50aca0eb3653baa3d756264870,https://media.aws.iaaf.org/competitiondocuments/pdf/6033/AT-100H-W-sf----.RS6.pdf,https://media.aws.iaaf.org/competitiondocuments/pdf/6033/AT-100H-W-sf----.RS6.pdf,data/raw/wa/pdf/6033/AT-100H-W-sf----.RS6.pdf
2026-09-29T06:21:23Z,200,480508,ce3ec26cf4bf49c84bdf733c61482f575bf38c51b1f8f2e0b58e57a30ebca89e,https://media.aws.iaaf.org/competitiondocuments/waveform/7137279/M_100_h_3.jpg,https://media.aws.iaaf.org/competitiondocuments/waveform/7137279/M_100_h_3.jpg,data/raw/wa/waveform/7137279/M_100_h_3.jpg
2026-09-29T06:21:25Z,200,139878,823966442c44880904b4b79f4e02bcc39b3b391626653f8ee860a5843d394a83,https://media.aws.iaaf.org/competitiondocuments/pdf/6033/AT-110H-M-f----.RS6.pdf,https://media.aws.iaaf.org/competitiondocuments/pdf/6033/AT-110H-M-f----.RS6.pdf,data/raw/wa/pdf/6033/AT-110H-M-f----.RS6.pdf
2026-09-29T06:21:28Z,200,480629,9829e97b3fb67a6acc783b7b04c0908bce78e4e9ab481c793c64f2b4c876b877,https://media.aws.iaaf.org/competitiondocuments/waveform/7137279/M_100_h_4.jpg,https://media.aws.iaaf.org/competitiondocuments/waveform/7137279/M_100_h_4.jpg,data/raw/wa/waveform/7137279/M_100_h_4.jpg
2026-09-29T06:21:28Z,200,159684,9d147feca0fb5d732e88ba9329e977f9b1d02a37fb6a6aa3cd76e88850cdb23c,https://media.aws.iaaf.org/competitiondocuments/pdf/6033/AT-110H-M-h----.RS6.pdf,https://media.aws.iaaf.org/competitiondocuments/pdf/6033/AT-110H-M-h----.RS6.pdf,data/raw/wa/pdf/6033/AT-110H-M-h----.RS6.pdf
2026-09-29T06:21:30Z,200,143320,21163ca315d614c1fc0d207e699dfe912e92bfad63bd0bef612e985263ebd55f,https://media.aws.iaaf.org/competitiondocuments/pdf/6033/AT-110H-M-sf----.RS6.pdf,https://media.aws.iaaf.org/competitiondocuments/pdf/6033/AT-110H-M-sf----.RS6.pdf,data/raw/wa/pdf/6033/AT-110H-M-sf----.RS6.pdf
2026-09-29T06:21:32Z,200,482216,7a3dc8304e42cf692a2eb7973ca9d542e2674110f686edb673f38d9df1a642e4,https://media.aws.iaaf.org/competitiondocuments/waveform/7137279/M_100_h_5.jpg,https://media.aws.iaaf.org/competitiondocuments/waveform/7137279/M_100_h_5.jpg,data/raw/wa/waveform/7137279/M_100_h_5.jpg
2026-09-29T06:21:33Z,200,106086,34c4b4c8494edb14e7833daa9d181cb0fb8b74968f904c1fe0188ab18cdeaec5,https://media.aws.iaaf.org/competitiondocuments/pdf/7137279/AT-100-M-f----.RS6.pdf,https://media.aws.iaaf.org/competitiondocuments/pdf/7137279/AT-100-M-f----.RS6.pdf,data/raw/wa/pdf/7137279/AT-100-M-f----.RS6.pdf
2026-09-29T06:21:36Z,200,127169,dad3e44630017c8757a13e1d1242a95e4972cf7280d276ecbc04c0e335893f85,https://media.aws.iaaf.org/competitiondocuments/pdf/7137279/AT-100-M-h----.RS6.pdf,https://media.aws.iaaf.org/competitiondocuments/pdf/7137279/AT-100-M-h----.RS6.pdf,data/raw/wa/pdf/7137279/AT-100-M-h----.RS6.pdf
2026-09-29T06:21:38Z,200,119786,f8eb9942dcecee88dfc45b3e83fa17be48c23a0bfd12f2fc83f032f9c27d3c41,https://media.aws.iaaf.org/competitiondocuments/pdf/7137279/AT-100-M-pr----.RS6.pdf,https://media.aws.iaaf.org/competitiondocuments/pdf/7137279/AT-100-M-pr----.RS6.pdf,data/raw/wa/pdf/7137279/AT-100-M-pr----.RS6.pdf
2026-09-29T06:21:40Z,200,483890,68105912a8d14141fd1a427a373d6022dc2fcf3ac48a3f864b7dee84019c1e8d,https://media.aws.iaaf.org/competitiondocuments/waveform/7137279/M_100_h_6.jpg,https://media.aws.iaaf.org/competitiondocuments/waveform/7137279/M_100_h_6.jpg,data/raw/wa/waveform/7137279/M_100_h_6.jpg
2026-09-29T06:21:41Z,200,115189,04c2a3008c6bf5753dcb13bda0272d8ba46b9a978e3b3ae4aeeba82a2b305118,https://media.aws.iaaf.org/competitiondocuments/pdf/7137279/AT-100-M-sf----.RS6.pdf,https://media.aws.iaaf.org/competitiondocuments/pdf/7137279/AT-100-M-sf----.RS6.pdf,data/raw/wa/pdf/7137279/AT-100-M-sf----.RS6.pdf
2026-09-29T06:21:45Z,200,107162,532bcf77d22aa655b11ba16a94c2d5d95954c4cfda7a1508a54eac4e0b1b5de8,https://media.aws.iaaf.org/competitiondocuments/pdf/7137279/AT-100-W-f----.RS6.pdf,https://media.aws.iaaf.org/competitiondocuments/pdf/7137279/AT-100-W-f----.RS6.pdf,data/raw/wa/pdf/7137279/AT-100-W-f----.RS6.pdf
2026-09-29T06:21:47Z,200,127302,c68c1b1cab04c0c1ddd75492a60f405464b3f6e4df6239a4456b1d0996902b4b,https://media.aws.iaaf.org/competitiondocuments/pdf/7137279/AT-100-W-h----.RS6.pdf,https://media.aws.iaaf.org/competitiondocuments/pdf/7137279/AT-100-W-h----.RS6.pdf,data/raw/wa/pdf/7137279/AT-100-W-h----.RS6.pdf
2026-09-29T06:21:51Z,200,116990,62bbd6bd47d43287ad6b341edd86b0137adcb4ad8ede216d7f5ffb45c5acc671,https://media.aws.iaaf.org/competitiondocuments/pdf/7137279/AT-100-W-sf----.RS6.pdf,https://media.aws.iaaf.org/competitiondocuments/pdf/7137279/AT-100-W-sf----.RS6.pdf,data/raw/wa/pdf/7137279/AT-100-W-sf----.RS6.pdf
2026-09-29T06:21:53Z,200,106752,8061a94497bd67add891ef83ecf5ea3d9fe76794065c87a26e5362a48e44dafa,https://media.aws.iaaf.org/competitiondocuments/pdf/7137279/AT-100H-W-f----.RS6.pdf,https://media.aws.iaaf.org/competitiondocuments/pdf/7137279/AT-100H-W-f----.RS6.pdf,data/raw/wa/pdf/7137279/AT-100H-W-f----.RS6.pdf
2026-09-29T06:21:56Z,200,500611,76b833a2c299665d51b0fe5baaa707ba2acb6753a68719583e633bbaced5fe57,https://media.aws.iaaf.org/competitiondocuments/waveform/7137279/M_100_h_7.jpg,https://media.aws.iaaf.org/competitiondocuments/waveform/7137279/M_100_h_7.jpg,data/raw/wa/waveform/7137279/M_100_h_7.jpg
2026-09-29T06:21:57Z,200,124272,71bfad908b6b89d774ee6f4b771c75c6deaa12f8fabbcd291748e64b7353ec25,https://media.aws.iaaf.org/competitiondocuments/pdf/7137279/AT-100H-W-h----.RS6.pdf,https://media.aws.iaaf.org/competitiondocuments/pdf/7137279/AT-100H-W-h----.RS6.pdf,data/raw/wa/pdf/7137279/AT-100H-W-h----.RS6.pdf
2026-09-29T06:22:00Z,200,116066,554bfbdb01d048b8c6331fc6e1f92ede3dc0c01e641868366730f9f40f457f61,https://media.aws.iaaf.org/competitiondocuments/pdf/7137279/AT-100H-W-sf----.RS6.pdf,https://media.aws.iaaf.org/competitiondocuments/pdf/7137279/AT-100H-W-sf----.RS6.pdf,data/raw/wa/pdf/7137279/AT-100H-W-sf----.RS6.pdf
2026-09-29T06:22:01Z,200,107704,6c6f85f364b0db713cc15c78c32de90e42da6baf23f24303e5db5023835cb736,https://media.aws.iaaf.org/competitiondocuments/pdf/7137279/AT-110H-M-f----.RS6.pdf,https://media.aws.iaaf.org/competitiondocuments/pdf/7137279/AT-110H-M-f----.RS6.pdf,data/raw/wa/pdf/7137279/AT-110H-M-f----.RS6.pdf
2026-09-29T06:22:10Z,200,122676,4a28e616339ddf8cf1fe66e944042590ad8665fba8a3632ee353024d8befdf61,https://media.aws.iaaf.org/competitiondocuments/pdf/7137279/AT-110H-M-h----.RS6.pdf,https://media.aws.iaaf.org/competitiondocuments/pdf/7137279/AT-110H-M-h----.RS6.pdf,data/raw/wa/pdf/7137279/AT-110H-M-h----.RS6.pdf
2026-09-29T06:22:11Z,200,115756,9c4df4ddc8680578a5e30c6bab79c5b9acd6210909423dfaaf99e3c62ccce583,https://media.aws.iaaf.org/competitiondocuments/pdf/7137279/AT-110H-M-sf----.RS6.pdf,https://media.aws.iaaf.org/competitiondocuments/pdf/7137279/AT-110H-M-sf----.RS6.pdf,data/raw/wa/pdf/7137279/AT-110H-M-sf----.RS6.pdf
2026-09-29T06:22:13Z,200,171981,bf9b18035be0c90eab3fbc66652a69c7c35a59cb32542bfba5bdb9c5c5a286e9,https://media.aws.iaaf.org/competitiondocuments/pdf/7138987/AT-100-M-f----.RS6.pdf,https://media.aws.iaaf.org/competitiondocuments/pdf/7138987/AT-100-M-f----.RS6.pdf,data/raw/wa/pdf/7138987/AT-100-M-f----.RS6.pdf
2026-09-29T06:22:18Z,200,200280,bc031bc8ea14c9640a2dd3cd0b6774786413ef6a1ed39ff3c6de5f9e2e2ca8c2,https://media.aws.iaaf.org/competitiondocuments/pdf/7138987/AT-100-M-h----.RS6.pdf,https://media.aws.iaaf.org/competitiondocuments/pdf/7138987/AT-100-M-h----.RS6.pdf,data/raw/wa/pdf/7138987/AT-100-M-h----.RS6.pdf
2026-09-29T06:22:18Z,200,470544,94ae8570fc0d118035f3f2f3a60a1d0f6b0b44234577c39677c9e2b64e8ee4ba,https://media.aws.iaaf.org/competitiondocuments/waveform/7137279/M_100_pr_1.jpg,https://media.aws.iaaf.org/competitiondocuments/waveform/7137279/M_100_pr_1.jpg,data/raw/wa/waveform/7137279/M_100_pr_1.jpg
2026-09-29T06:22:19Z,200,183225,18044721d68c72eba247051de20d95cd076db9644d44f136a1c91af4b717dab7,https://media.aws.iaaf.org/competitiondocuments/pdf/7138987/AT-100-M-pr----.RS6.pdf,https://media.aws.iaaf.org/competitiondocuments/pdf/7138987/AT-100-M-pr----.RS6.pdf,data/raw/wa/pdf/7138987/AT-100-M-pr----.RS6.pdf
2026-09-29T06:22:22Z,200,189417,e3827d695096a652a3e72b9bd2fee47392c9fe966c5b0bd742376c55e15936e8,https://media.aws.iaaf.org/competitiondocuments/pdf/7138987/AT-100-M-sf----.RS6.pdf,https://media.aws.iaaf.org/competitiondocuments/pdf/7138987/AT-100-M-sf----.RS6.pdf,data/raw/wa/pdf/7138987/AT-100-M-sf----.RS6.pdf
2026-09-29T06:22:26Z,200,172398,8f6dca136a67a16d7de37b2b9b4d18a348572af185a15215b0bce78fa0d9267f,https://media.aws.iaaf.org/competitiondocuments/pdf/7138987/AT-100-W-f----.RS6.pdf,https://media.aws.iaaf.org/competitiondocuments/pdf/7138987/AT-100-W-f----.RS6.pdf,data/raw/wa/pdf/7138987/AT-100-W-f----.RS6.pdf
2026-09-29T06:22:28Z,200,193823,1b5090cde0a1da7157ded9a41c2b2fdf58a7873de2dbc4ab71016791904807b1,https://media.aws.iaaf.org/competitiondocuments/pdf/7138987/AT-100-W-h----.RS6.pdf,https://media.aws.iaaf.org/competitiondocuments/pdf/7138987/AT-100-W-h----.RS6.pdf,data/raw/wa/pdf/7138987/AT-100-W-h----.RS6.pdf
2026-09-29T06:22:30Z,200,182028,5ff00bef473d5ea57b28d1e0672f35dc20ec55886c1a2a2f2d39433a30bc905f,https://media.aws.iaaf.org/competitiondocuments/pdf/7138987/AT-100-W-sf----.RS6.pdf,https://media.aws.iaaf.org/competitiondocuments/pdf/7138987/AT-100-W-sf----.RS6.pdf,data/raw/wa/pdf/7138987/AT-100-W-sf----.RS6.pdf
2026-09-29T06:22:33Z,200,171971,ae7a7096bb42aeabad738af0e84210cf7ff1e697fd6a7f96b287ff46001c2633,https://media.aws.iaaf.org/competitiondocuments/pdf/7138987/AT-100H-W-f----.RS6.pdf,https://media.aws.iaaf.org/competitiondocuments/pdf/7138987/AT-100H-W-f----.RS6.pdf,data/raw/wa/pdf/7138987/AT-100H-W-f----.RS6.pdf
2026-09-29T06:22:34Z,200,469482,60f1508c111d213951b3b061abbdd4fc8a0d1cee390fcd8e22309e88a95f65b2,https://media.aws.iaaf.org/competitiondocuments/waveform/7137279/M_100_pr_2.jpg,https://media.aws.iaaf.org/competitiondocuments/waveform/7137279/M_100_pr_2.jpg,data/raw/wa/waveform/7137279/M_100_pr_2.jpg
2026-09-29T06:22:36Z,200,193960,b1714db9962619c54d89b82ec8e684f3c99047483cb8d1e27d3b8157000e2296,https://media.aws.iaaf.org/competitiondocuments/pdf/7138987/AT-100H-W-h----.RS6.pdf,https://media.aws.iaaf.org/competitiondocuments/pdf/7138987/AT-100H-W-h----.RS6.pdf,data/raw/wa/pdf/7138987/AT-100H-W-h----.RS6.pdf
2026-09-29T06:22:38Z,200,177187,8c5491db55694f3ddfbf22cd5eb11600b5c21ee2b58be09261da3d8cb0d8e793,https://media.aws.iaaf.org/competitiondocuments/pdf/7138987/AT-100H-W-sf----.RS6.pdf,https://media.aws.iaaf.org/competitiondocuments/pdf/7138987/AT-100H-W-sf----.RS6.pdf,data/raw/wa/pdf/7138987/AT-100H-W-sf----.RS6.pdf
2026-09-29T06:22:41Z,200,172233,39659faf4c43aa18bff12951d255ce190e4180f3da2719ae61c8264ce077bde0,https://media.aws.iaaf.org/competitiondocuments/pdf/7138987/AT-110H-M-f----.RS6.pdf,https://media.aws.iaaf.org/competitiondocuments/pdf/7138987/AT-110H-M-f----.RS6.pdf,data/raw/wa/pdf/7138987/AT-110H-M-f----.RS6.pdf
2026-09-29T06:22:44Z,200,195466,a2ad2dd1301fe2db23c896e73afa761aac220acf89263eef87c99a944cb238c8,https://media.aws.iaaf.org/competitiondocuments/pdf/7138987/AT-110H-M-h----.RS6.pdf,https://media.aws.iaaf.org/competitiondocuments/pdf/7138987/AT-110H-M-h----.RS6.pdf,data/raw/wa/pdf/7138987/AT-110H-M-h----.RS6.pdf
2026-09-29T06:22:47Z,200,181504,6f9262b42bac91835d4acf38257fce894dbbe5e97f2343bff15c327ff0e69fca,https://media.aws.iaaf.org/competitiondocuments/pdf/7138987/AT-110H-M-sf----.RS6.pdf,https://media.aws.iaaf.org/competitiondocuments/pdf/7138987/AT-110H-M-sf----.RS6.pdf,data/raw/wa/pdf/7138987/AT-110H-M-sf----.RS6.pdf
2026-09-29T06:22:50Z,200,320411,812334bc845ad0299333a1dfc6139dfd41ca61f103641386c350811f8a9ef543,https://media.aws.iaaf.org/competitiondocuments/pdf/7190593/AT-100-M-f----.RS6.pdf,https://media.aws.iaaf.org/competitiondocuments/pdf/7190593/AT-100-M-f----.RS6.pdf,data/raw/wa/pdf/7190593/AT-100-M-f----.RS6.pdf
2026-09-29T06:22:52Z,200,497491,5e1cffa5dea266049583d97e831f1edad80f6d1a5d7d5eb6804ba741bcd920ab,https://media.aws.iaaf.org/competitiondocuments/pdf/7190593/AT-100-M-h----.RS6.pdf,https://media.aws.iaaf.org/competitiondocuments/pdf/7190593/AT-100-M-h----.RS6.pdf,data/raw/wa/pdf/7190593/AT-100-M-h----.RS6.pdf
2026-09-29T06:22:52Z,200,466039,0162813723f6ad46db9959ccf102b0ae3b039222272059fa1749c7db5d890513,https://media.aws.iaaf.org/competitiondocuments/waveform/7137279/M_100_pr_3.jpg,https://media.aws.iaaf.org/competitiondocuments/waveform/7137279/M_100_pr_3.jpg,data/raw/wa/waveform/7137279/M_100_pr_3.jpg
2026-09-29T06:22:54Z,200,337864,02901743fcf395b59bf77984ddeb2431d748268ef6fa2dc1f317bc97c3b4579b,https://media.aws.iaaf.org/competitiondocuments/pdf/7190593/AT-100-M-h--1--.RS1.pdf,https://media.aws.iaaf.org/competitiondocuments/pdf/7190593/AT-100-M-h--1--.RS1.pdf,data/raw/wa/pdf/7190593/AT-100-M-h--1--.RS1.pdf
2026-09-29T06:22:57Z,200,329012,3fe19a3ee7ace29da7df21205360fa1a3144bd00d7f7695cd648aebb596f81ef,https://media.aws.iaaf.org/competitiondocuments/pdf/7190593/AT-100-M-h--2--.RS1.pdf,https://media.aws.iaaf.org/competitiondocuments/pdf/7190593/AT-100-M-h--2--.RS1.pdf,data/raw/wa/pdf/7190593/AT-100-M-h--2--.RS1.pdf
2026-09-29T06:23:01Z,200,325316,dd4af515530e54f39e2a02a18faade03ed17af798e634cbab0b0a718641ca372,https://media.aws.iaaf.org/competitiondocuments/pdf/7190593/AT-100-M-h--3--.RS1.pdf,https://media.aws.iaaf.org/competitiondocuments/pdf/7190593/AT-100-M-h--3--.RS1.pdf,data/raw/wa/pdf/7190593/AT-100-M-h--3--.RS1.pdf
2026-09-29T06:23:03Z,200,333793,dcbdd935be03a7a03ab5c1a48dee34967287e2e17aedb8a6dd8c0b6c18f2a458,https://media.aws.iaaf.org/competitiondocuments/pdf/7190593/AT-100-M-h--4--.RS1.pdf,https://media.aws.iaaf.org/competitiondocuments/pdf/7190593/AT-100-M-h--4--.RS1.pdf,data/raw/wa/pdf/7190593/AT-100-M-h--4--.RS1.pdf
2026-09-29T06:23:05Z,200,334682,1f6b1cd366f680ccbda2994d92170aedc9b51a1d1d739b73f040388eff593ae2,https://media.aws.iaaf.org/competitiondocuments/pdf/7190593/AT-100-M-h--5--.RS1.pdf,https://media.aws.iaaf.org/competitiondocuments/pdf/7190593/AT-100-M-h--5--.RS1.pdf,data/raw/wa/pdf/7190593/AT-100-M-h--5--.RS1.pdf
2026-09-29T06:23:08Z,200,345419,d8cf6a5631e5c7e71e05adc49f388454cb0e07409622e6ab6a5aab9f0fffceeb,https://media.aws.iaaf.org/competitiondocuments/pdf/7190593/AT-100-M-h--6--.RS1.pdf,https://media.aws.iaaf.org/competitiondocuments/pdf/7190593/AT-100-M-h--6--.RS1.pdf,data/raw/wa/pdf/7190593/AT-100-M-h--6--.RS1.pdf
2026-09-29T06:23:12Z,200,337842,6cb28998bde54b391c940f944a723cb65b46fc726bf7742d761efcf36c0d8d02,https://media.aws.iaaf.org/competitiondocuments/pdf/7190593/AT-100-M-h--7--.RS1.pdf,https://media.aws.iaaf.org/competitiondocuments/pdf/7190593/AT-100-M-h--7--.RS1.pdf,data/raw/wa/pdf/7190593/AT-100-M-h--7--.RS1.pdf
2026-09-29T06:23:14Z,200,434281,2a45f413dde07ce618e3d09b8aba6c08172edeff335639594615430a5f7ba6c4,https://media.aws.iaaf.org/competitiondocuments/pdf/7190593/AT-100-M-pr----.RS6.pdf,https://media.aws.iaaf.org/competitiondocuments/pdf/7190593/AT-100-M-pr----.RS6.pdf,data/raw/wa/pdf/7190593/AT-100-M-pr----.RS6.pdf
2026-09-29T06:23:15Z,200,465464,44fcdec17479430b8e98a4f08ee34c0597c54bfff6f150e141e51bcde6981ed3,https://media.aws.iaaf.org/competitiondocuments/waveform/7137279/M_100_pr_4.jpg,https://media.aws.iaaf.org/competitiondocuments/waveform/7137279/M_100_pr_4.jpg,data/raw/wa/waveform/7137279/M_100_pr_4.jpg
2026-09-29T06:23:16Z,200,338640,c2b630e77a2995011ffabc0a124c36d433fc971456ec288524b88fea8709c7f8,https://media.aws.iaaf.org/competitiondocuments/pdf/7190593/AT-100-M-pr--1--.RS1.pdf,https://media.aws.iaaf.org/competitiondocuments/pdf/7190593/AT-100-M-pr--1--.RS1.pdf,data/raw/wa/pdf/7190593/AT-100-M-pr--1--.RS1.pdf
2026-09-29T06:23:23Z,200,98636,5b8d3144a5771e90019ff8283fc4f884ac70577d30193bdcb1047d69f0a607cf,https://raw.githubusercontent.com/ofiore/Thesis/3cf1db7adebb493f3a5c2e957a1b09cf0986a7cd/Data/rxntime.csv,https://raw.githubusercontent.com/ofiore/Thesis/3cf1db7adebb493f3a5c2e957a1b09cf0986a7cd/Data/rxntime.csv,data/raw/fiore/rxntime.csv
2026-09-29T06:23:24Z,200,2731,3939429eb9d95681ce830bb0dee0157f96487187d6f2d6cf1e83b06a6d9b9f74,https://raw.githubusercontent.com/ofiore/Thesis/3cf1db7adebb493f3a5c2e957a1b09cf0986a7cd/Data/README.md,https://raw.githubusercontent.com/ofiore/Thesis/3cf1db7adebb493f3a5c2e957a1b09cf0986a7cd/Data/README.md,data/raw/fiore/README_at_3cf1db7.md
2026-09-29T06:23:26Z,200,5757,a2b00135fba9292fcdf4547677f4c3823daefd603e288de818ad234fe526ad66,https://raw.githubusercontent.com/ofiore/Thesis/main/Data/README.md,https://raw.githubusercontent.com/ofiore/Thesis/main/Data/README.md,data/raw/fiore/README_main.md
2026-09-29T06:23:30Z,200,346044,57bad38d44d8cbdada58de09d4195e8b4a494b003a1299fd8d8c02df1872ad00,https://media.aws.iaaf.org/competitiondocuments/pdf/7190593/AT-100-M-pr--2--.RS1.pdf,https://media.aws.iaaf.org/competitiondocuments/pdf/7190593/AT-100-M-pr--2--.RS1.pdf,data/raw/wa/pdf/7190593/AT-100-M-pr--2--.RS1.pdf
2026-09-29T06:23:31Z,200,361815,4d50a00635ad0a28baa8c3aa1db00f384b779201a48f1adf8abad41ace7be86f,https://media.aws.iaaf.org/competitiondocuments/pdf/7190593/AT-100-M-pr--3--.RS1.pdf,https://media.aws.iaaf.org/competitiondocuments/pdf/7190593/AT-100-M-pr--3--.RS1.pdf,data/raw/wa/pdf/7190593/AT-100-M-pr--3--.RS1.pdf
2026-09-29T06:23:33Z,200,481638,f0fada449506d08d0cd861d790b26f18c4465f3d462315a59e7f78174b1650d7,https://media.aws.iaaf.org/competitiondocuments/waveform/7137279/M_100_sf_1.jpg,https://media.aws.iaaf.org/competitiondocuments/waveform/7137279/M_100_sf_1.jpg,data/raw/wa/waveform/7137279/M_100_sf_1.jpg
2026-09-29T06:23:34Z,200,442298,46b88a07e990e88374ecd872a0fe5455e00a9fe0d78930b102ee8a45df5ff81e,https://media.aws.iaaf.org/competitiondocuments/pdf/7190593/AT-100-M-sf----.RS6.pdf,https://media.aws.iaaf.org/competitiondocuments/pdf/7190593/AT-100-M-sf----.RS6.pdf,data/raw/wa/pdf/7190593/AT-100-M-sf----.RS6.pdf
2026-09-29T06:23:37Z,200,328515,2a7e1a3c11a03b5b08a883b27f00a3c953a64f29e8f2215aa95632df61ee67ff,https://media.aws.iaaf.org/competitiondocuments/pdf/7190593/AT-100-M-sf--1--.RS1.pdf,https://media.aws.iaaf.org/competitiondocuments/pdf/7190593/AT-100-M-sf--1--.RS1.pdf,data/raw/wa/pdf/7190593/AT-100-M-sf--1--.RS1.pdf
2026-09-29T06:23:43Z,200,339563,56fbd6dbd64d3a5cd257c7d260ea9a224be96a2addb9f30dfb213a4d73f84412,https://media.aws.iaaf.org/competitiondocuments/pdf/7190593/AT-100-M-sf--2--.RS1.pdf,https://media.aws.iaaf.org/competitiondocuments/pdf/7190593/AT-100-M-sf--2--.RS1.pdf,data/raw/wa/pdf/7190593/AT-100-M-sf--2--.RS1.pdf
2026-09-29T06:23:45Z,200,340735,4a0cc8d1834694f80ed5cb51b8b97b49ad9934d022188f21e567a3df19d7d7de,https://media.aws.iaaf.org/competitiondocuments/pdf/7190593/AT-100-M-sf--3--.RS1.pdf,https://media.aws.iaaf.org/competitiondocuments/pdf/7190593/AT-100-M-sf--3--.RS1.pdf,data/raw/wa/pdf/7190593/AT-100-M-sf--3--.RS1.pdf
2026-09-29T06:23:47Z,200,308851,3e2b81ba16ddc79e768ae9a87d8bb8bb50a3bb088115ad8d4537b792d3c4e464,https://media.aws.iaaf.org/competitiondocuments/pdf/7190593/AT-100-W-f----.RS6.pdf,https://media.aws.iaaf.org/competitiondocuments/pdf/7190593/AT-100-W-f----.RS6.pdf,data/raw/wa/pdf/7190593/AT-100-W-f----.RS6.pdf
2026-09-29T06:23:50Z,200,528836,0e5da9316fa51245e034cdfa80354918a60191b886019be5b3ed13382c1bbf20,https://media.aws.iaaf.org/competitiondocuments/pdf/7190593/AT-100-W-h----.RS6.pdf,https://media.aws.iaaf.org/competitiondocuments/pdf/7190593/AT-100-W-h----.RS6.pdf,data/raw/wa/pdf/7190593/AT-100-W-h----.RS6.pdf
2026-09-29T06:23:52Z,200,340597,8c50ac47f0f5387b6ee5201462586ff283c8e87fce907f4e6d4a4f87f3db507b,https://media.aws.iaaf.org/competitiondocuments/pdf/7190593/AT-100-W-h--1--.RS1.pdf,https://media.aws.iaaf.org/competitiondocuments/pdf/7190593/AT-100-W-h--1--.RS1.pdf,data/raw/wa/pdf/7190593/AT-100-W-h--1--.RS1.pdf
2026-09-29T06:23:55Z,200,481815,115e2e62016a1753c935b213c050b2872a009a34d2cdac1d31c63bba8dea88d5,https://media.aws.iaaf.org/competitiondocuments/waveform/7137279/M_100_sf_2.jpg,https://media.aws.iaaf.org/competitiondocuments/waveform/7137279/M_100_sf_2.jpg,data/raw/wa/waveform/7137279/M_100_sf_2.jpg
2026-09-29T06:23:55Z,200,389407,4c659087de65b353f4b2e38c5feb161c30ba955aeec4688a4f4c1f058cdc6fe1,https://media.aws.iaaf.org/competitiondocuments/pdf/7190593/AT-100-W-h--2--.RS1.pdf,https://media.aws.iaaf.org/competitiondocuments/pdf/7190593/AT-100-W-h--2--.RS1.pdf,data/raw/wa/pdf/7190593/AT-100-W-h--2--.RS1.pdf
2026-09-29T06:24:03Z,200,336176,2a2636f83739f7337c5c6c5a63144b1dfaaec4e6d6f21599eb1614b0eb3023f0,https://media.aws.iaaf.org/competitiondocuments/pdf/7190593/AT-100-W-h--3--.RS1.pdf,https://media.aws.iaaf.org/competitiondocuments/pdf/7190593/AT-100-W-h--3--.RS1.pdf,data/raw/wa/pdf/7190593/AT-100-W-h--3--.RS1.pdf
2026-09-29T06:24:04Z,200,355370,aba34c0106bf6e7c49ec578602ea24f4244ce92488640dd2636ec8097dc51ffa,https://media.aws.iaaf.org/competitiondocuments/pdf/7190593/AT-100-W-h--4--.RS1.pdf,https://media.aws.iaaf.org/competitiondocuments/pdf/7190593/AT-100-W-h--4--.RS1.pdf,data/raw/wa/pdf/7190593/AT-100-W-h--4--.RS1.pdf
2026-09-29T06:24:08Z,200,348566,cd053ed4a906429d0abc52003549276cd6eb902160035e9984de10c1523d63cc,https://media.aws.iaaf.org/competitiondocuments/pdf/7190593/AT-100-W-h--5--.RS1.pdf,https://media.aws.iaaf.org/competitiondocuments/pdf/7190593/AT-100-W-h--5--.RS1.pdf,data/raw/wa/pdf/7190593/AT-100-W-h--5--.RS1.pdf
2026-09-29T06:24:09Z,200,338565,43733748907de3392301545068faf26ec47f19fe09311ee587a805408e7bcef7,https://media.aws.iaaf.org/competitiondocuments/pdf/7190593/AT-100-W-h--6--.RS1.pdf,https://media.aws.iaaf.org/competitiondocuments/pdf/7190593/AT-100-W-h--6--.RS1.pdf,data/raw/wa/pdf/7190593/AT-100-W-h--6--.RS1.pdf
2026-09-29T06:24:10Z,200,471841,fe6cbcaa46b947c3d5eff58e2f8d18d08ad1e994d61eedf7231176dc35864db6,https://media.aws.iaaf.org/competitiondocuments/waveform/7137279/M_100_sf_3.jpg,https://media.aws.iaaf.org/competitiondocuments/waveform/7137279/M_100_sf_3.jpg,data/raw/wa/waveform/7137279/M_100_sf_3.jpg
2026-09-29T06:24:12Z,200,324949,9f5186935ce8a4b0edc16b050aa8d74fdbfe9152b371716f1dc2596c4caead73,https://media.aws.iaaf.org/competitiondocuments/pdf/7190593/AT-100-W-h--7--.RS1.pdf,https://media.aws.iaaf.org/competitiondocuments/pdf/7190593/AT-100-W-h--7--.RS1.pdf,data/raw/wa/pdf/7190593/AT-100-W-h--7--.RS1.pdf
2026-09-29T06:24:15Z,200,419905,bc9795ff0238e220cb5ded25d985151fd6595ee9ba3eeea9da3009559a3c4a41,https://media.aws.iaaf.org/competitiondocuments/pdf/7190593/AT-100-W-sf----.RS6.pdf,https://media.aws.iaaf.org/competitiondocuments/pdf/7190593/AT-100-W-sf----.RS6.pdf,data/raw/wa/pdf/7190593/AT-100-W-sf----.RS6.pdf
2026-09-29T06:24:17Z,200,332321,6044cb603aaf8c0b61e9da14601406664e31e06f22ac7281bc768a351ab97e6f,https://media.aws.iaaf.org/competitiondocuments/pdf/7190593/AT-100-W-sf--1--.RS1.pdf,https://media.aws.iaaf.org/competitiondocuments/pdf/7190593/AT-100-W-sf--1--.RS1.pdf,data/raw/wa/pdf/7190593/AT-100-W-sf--1--.RS1.pdf
2026-09-29T06:24:18Z,200,466069,7c5df3c1c183f3a4fc579c7df70de7c0ab181fe54b639f593fb4587a9a4d4ba6,https://media.aws.iaaf.org/competitiondocuments/waveform/7137279/M_110H_f_1.jpg,https://media.aws.iaaf.org/competitiondocuments/waveform/7137279/M_110H_f_1.jpg,data/raw/wa/waveform/7137279/M_110H_f_1.jpg
2026-09-29T06:24:20Z,200,337618,6943c0a0d77c6cd0f7170f87686a3c4fb083f07b0e2c77af12df8423a2706fc7,https://media.aws.iaaf.org/competitiondocuments/pdf/7190593/AT-100-W-sf--2--.RS1.pdf,https://media.aws.iaaf.org/competitiondocuments/pdf/7190593/AT-100-W-sf--2--.RS1.pdf,data/raw/wa/pdf/7190593/AT-100-W-sf--2--.RS1.pdf
2026-09-29T06:24:22Z,200,330567,682bf3269700cc44abd181d2f8c280b77e0fd2f29e001a57e8714f099251fd7f,https://media.aws.iaaf.org/competitiondocuments/pdf/7190593/AT-100-W-sf--3--.RS1.pdf,https://media.aws.iaaf.org/competitiondocuments/pdf/7190593/AT-100-W-sf--3--.RS1.pdf,data/raw/wa/pdf/7190593/AT-100-W-sf--3--.RS1.pdf
2026-09-29T06:24:25Z,200,323769,a75d4b67c1edea254dd0791c024f2502c482785bb0b51ea6026731cc723b4edc,https://media.aws.iaaf.org/competitiondocuments/pdf/7190593/AT-100H-W-f----.RS6.pdf,https://media.aws.iaaf.org/competitiondocuments/pdf/7190593/AT-100H-W-f----.RS6.pdf,data/raw/wa/pdf/7190593/AT-100H-W-f----.RS6.pdf
2026-09-29T06:24:28Z,200,534466,ea1f7fef98b7078b7537ff1abc15e97acb3b008fda141c627e6e278031541d6e,https://media.aws.iaaf.org/competitiondocuments/pdf/7190593/AT-100H-W-h----.RS6.pdf,https://media.aws.iaaf.org/competitiondocuments/pdf/7190593/AT-100H-W-h----.RS6.pdf,data/raw/wa/pdf/7190593/AT-100H-W-h----.RS6.pdf
2026-09-29T06:24:31Z,200,351364,ba60c5279a4c135e198bde27399f7c5a0a03ec3e20902337aeba828223c5be37,https://media.aws.iaaf.org/competitiondocuments/pdf/7190593/AT-100H-W-h--1--.RS1.pdf,https://media.aws.iaaf.org/competitiondocuments/pdf/7190593/AT-100H-W-h--1--.RS1.pdf,data/raw/wa/pdf/7190593/AT-100H-W-h--1--.RS1.pdf
2026-09-29T06:24:34Z,200,328939,bd5bed5fd1c45588bbe18c48fba87296dbff56e7037a3c2f5702e6941db10c0e,https://media.aws.iaaf.org/competitiondocuments/pdf/7190593/AT-100H-W-h--2--.RS1.pdf,https://media.aws.iaaf.org/competitiondocuments/pdf/7190593/AT-100H-W-h--2--.RS1.pdf,data/raw/wa/pdf/7190593/AT-100H-W-h--2--.RS1.pdf
2026-09-29T06:24:35Z,200,485386,fd9d46337e6854eed74d5afae0e093ff460433dee8c9b34ffbd0c3b6351a00dc,https://media.aws.iaaf.org/competitiondocuments/waveform/7137279/M_110H_h_1.jpg,https://media.aws.iaaf.org/competitiondocuments/waveform/7137279/M_110H_h_1.jpg,data/raw/wa/waveform/7137279/M_110H_h_1.jpg
2026-09-29T06:24:38Z,200,350509,a16416017dc845b6c47bd1f604ac9f476ae412492d89c64252fe5fc2dc10b752,https://media.aws.iaaf.org/competitiondocuments/pdf/7190593/AT-100H-W-h--3--.RS1.pdf,https://media.aws.iaaf.org/competitiondocuments/pdf/7190593/AT-100H-W-h--3--.RS1.pdf,data/raw/wa/pdf/7190593/AT-100H-W-h--3--.RS1.pdf
2026-09-29T06:24:40Z,200,350497,39f0958927f03b4c7987c5078d276c0c9687e8f4bfcddc90c9b06188fc2e6879,https://media.aws.iaaf.org/competitiondocuments/pdf/7190593/AT-100H-W-h--4--.RS1.pdf,https://media.aws.iaaf.org/competitiondocuments/pdf/7190593/AT-100H-W-h--4--.RS1.pdf,data/raw/wa/pdf/7190593/AT-100H-W-h--4--.RS1.pdf
2026-09-29T06:24:42Z,200,366349,6618cbf5cc6bc9b5bc229685aa522d4cfb691f3fca9b8e261e65a0006f80582c,https://media.aws.iaaf.org/competitiondocuments/pdf/7190593/AT-100H-W-h--5--.RS1.pdf,https://media.aws.iaaf.org/competitiondocuments/pdf/7190593/AT-100H-W-h--5--.RS1.pdf,data/raw/wa/pdf/7190593/AT-100H-W-h--5--.RS1.pdf
2026-09-29T06:24:45Z,200,327696,d9ad47f5897b8b3f8b186d90aa9795ccc45179102c4c633cbe55e49f9b6c7dd0,https://media.aws.iaaf.org/competitiondocuments/pdf/7190593/AT-100H-W-h--6--.RS1.pdf,https://media.aws.iaaf.org/competitiondocuments/pdf/7190593/AT-100H-W-h--6--.RS1.pdf,data/raw/wa/pdf/7190593/AT-100H-W-h--6--.RS1.pdf
2026-09-29T06:24:48Z,200,446826,12d4e03bd2ee731fcce91ddb39453ba7b2fbb61a58eaa647e59e3ea738a887a9,https://media.aws.iaaf.org/competitiondocuments/pdf/7190593/AT-100H-W-sf----.RS6.pdf,https://media.aws.iaaf.org/competitiondocuments/pdf/7190593/AT-100H-W-sf----.RS6.pdf,data/raw/wa/pdf/7190593/AT-100H-W-sf----.RS6.pdf
2026-09-29T06:24:51Z,200,332781,737500940a73b6b22cf2ce664075ef0f74b0df6b6faa87b73a5c69e087418191,https://media.aws.iaaf.org/competitiondocuments/pdf/7190593/AT-100H-W-sf--1--.RS1.pdf,https://media.aws.iaaf.org/competitiondocuments/pdf/7190593/AT-100H-W-sf--1--.RS1.pdf,data/raw/wa/pdf/7190593/AT-100H-W-sf--1--.RS1.pdf
2026-09-29T06:24:54Z,200,349218,7f3f673b8ac102eb10d2052bf15d5b8ba82736007fcec8e937faaad1773b7194,https://media.aws.iaaf.org/competitiondocuments/pdf/7190593/AT-100H-W-sf--2--.RS1.pdf,https://media.aws.iaaf.org/competitiondocuments/pdf/7190593/AT-100H-W-sf--2--.RS1.pdf,data/raw/wa/pdf/7190593/AT-100H-W-sf--2--.RS1.pdf
2026-09-29T06:24:54Z,200,483849,0e1509a6fa5ff2b8f0bc57cefe4e7ef4d23b2af725c464cc70f79840761815a3,https://media.aws.iaaf.org/competitiondocuments/waveform/7137279/M_110H_h_2.jpg,https://media.aws.iaaf.org/competitiondocuments/waveform/7137279/M_110H_h_2.jpg,data/raw/wa/waveform/7137279/M_110H_h_2.jpg
2026-09-29T06:24:56Z,200,363230,830d49110bd2aa21deb9450ffef861d6bb52f9f3c75a696be2ea33b85967ad6a,https://media.aws.iaaf.org/competitiondocuments/pdf/7190593/AT-100H-W-sf--3--.RS1.pdf,https://media.aws.iaaf.org/competitiondocuments/pdf/7190593/AT-100H-W-sf--3--.RS1.pdf,data/raw/wa/pdf/7190593/AT-100H-W-sf--3--.RS1.pdf
2026-09-29T06:24:59Z,200,319988,8e99a248d45ddf306b3f87ac4ed7d172dc9059501212d946bc57a6d2df1d21af,https://media.aws.iaaf.org/competitiondocuments/pdf/7190593/AT-110H-M-f----.RS6.pdf,https://media.aws.iaaf.org/competitiondocuments/pdf/7190593/AT-110H-M-f----.RS6.pdf,data/raw/wa/pdf/7190593/AT-110H-M-f----.RS6.pdf
2026-09-29T06:25:02Z,200,515969,b519d427c90d40590b6f212ca0f4607ce2e46399738713996663ad25b2615eb7,https://media.aws.iaaf.org/competitiondocuments/pdf/7190593/AT-110H-M-h----.RS6.pdf,https://media.aws.iaaf.org/competitiondocuments/pdf/7190593/AT-110H-M-h----.RS6.pdf,data/raw/wa/pdf/7190593/AT-110H-M-h----.RS6.pdf
2026-09-29T06:25:06Z,200,366106,55549f5ac56fa1c3746a09b26ce9c2a471ba973764f1c694c850838fe4151fd6,https://media.aws.iaaf.org/competitiondocuments/pdf/7190593/AT-110H-M-h--1--.RS1.pdf,https://media.aws.iaaf.org/competitiondocuments/pdf/7190593/AT-110H-M-h--1--.RS1.pdf,data/raw/wa/pdf/7190593/AT-110H-M-h--1--.RS1.pdf
2026-09-29T06:25:07Z,200,350011,cb82123dba563948442e6199ee3300325fdb2fc426be23a0a884da9ae0dd29b1,https://media.aws.iaaf.org/competitiondocuments/pdf/7190593/AT-110H-M-h--2--.RS1.pdf,https://media.aws.iaaf.org/competitiondocuments/pdf/7190593/AT-110H-M-h--2--.RS1.pdf,data/raw/wa/pdf/7190593/AT-110H-M-h--2--.RS1.pdf
2026-09-29T06:25:11Z,200,352118,d358507651356eceb3bb71c924ac4257d3f91f5000ad83ed8e8078a1f7a27fa1,https://media.aws.iaaf.org/competitiondocuments/pdf/7190593/AT-110H-M-h--3--.RS1.pdf,https://media.aws.iaaf.org/competitiondocuments/pdf/7190593/AT-110H-M-h--3--.RS1.pdf,data/raw/wa/pdf/7190593/AT-110H-M-h--3--.RS1.pdf
2026-09-29T06:25:13Z,200,333198,9765107cb7b6cba767978fdf0ef08d39cc808e3119ac54d84b1a4ec4ac20ef60,https://media.aws.iaaf.org/competitiondocuments/pdf/7190593/AT-110H-M-h--4--.RS1.pdf,https://media.aws.iaaf.org/competitiondocuments/pdf/7190593/AT-110H-M-h--4--.RS1.pdf,data/raw/wa/pdf/7190593/AT-110H-M-h--4--.RS1.pdf
2026-09-29T06:25:16Z,200,348595,619d4e14ea36a7d4c3a5df499b150d5ced6d9a129300f98ea97cf78a7eaa1173,https://media.aws.iaaf.org/competitiondocuments/pdf/7190593/AT-110H-M-h--5--.RS1.pdf,https://media.aws.iaaf.org/competitiondocuments/pdf/7190593/AT-110H-M-h--5--.RS1.pdf,data/raw/wa/pdf/7190593/AT-110H-M-h--5--.RS1.pdf
2026-09-29T06:25:19Z,200,439805,84a56677de9670e60d4e3256366c139b730c0f57383eeb5d3fea16c28613425e,https://media.aws.iaaf.org/competitiondocuments/pdf/7190593/AT-110H-M-sf----.RS6.pdf,https://media.aws.iaaf.org/competitiondocuments/pdf/7190593/AT-110H-M-sf----.RS6.pdf,data/raw/wa/pdf/7190593/AT-110H-M-sf----.RS6.pdf
2026-09-29T06:25:22Z,200,323217,e0eee0a0759e1a67a02a6a5d4667bbee715568255f7a759db4fe64de23bfd8a0,https://media.aws.iaaf.org/competitiondocuments/pdf/7190593/AT-110H-M-sf--1--.RS1.pdf,https://media.aws.iaaf.org/competitiondocuments/pdf/7190593/AT-110H-M-sf--1--.RS1.pdf,data/raw/wa/pdf/7190593/AT-110H-M-sf--1--.RS1.pdf
2026-09-29T06:25:25Z,200,330463,9ec38b60b1eeadd30c3e24bc3085ec3b8af86e75a100a0855a17760a687db4d4,https://media.aws.iaaf.org/competitiondocuments/pdf/7190593/AT-110H-M-sf--2--.RS1.pdf,https://media.aws.iaaf.org/competitiondocuments/pdf/7190593/AT-110H-M-sf--2--.RS1.pdf,data/raw/wa/pdf/7190593/AT-110H-M-sf--2--.RS1.pdf
2026-09-29T06:25:27Z,200,344314,9e3559b7cb61ee654bd1ded03c0f9b873b9f89dc6e1bcbafcd02ea90e45bb288,https://media.aws.iaaf.org/competitiondocuments/pdf/7190593/AT-110H-M-sf--3--.RS1.pdf,https://media.aws.iaaf.org/competitiondocuments/pdf/7190593/AT-110H-M-sf--3--.RS1.pdf,data/raw/wa/pdf/7190593/AT-110H-M-sf--3--.RS1.pdf
2026-09-29T06:25:33Z,200,480259,79ca4141b36f59b67d05aa51d969c72ccd2157082a3ee2b10ac87dba919aa94f,https://media.aws.iaaf.org/competitiondocuments/waveform/7137279/M_110H_h_3.jpg,https://media.aws.iaaf.org/competitiondocuments/waveform/7137279/M_110H_h_3.jpg,data/raw/wa/waveform/7137279/M_110H_h_3.jpg
2026-09-29T06:25:45Z,200,479712,7e38474d6fc17c0cce422ef4535f873fd69c660dad01661443e5bbfdcc777bc2,https://media.aws.iaaf.org/competitiondocuments/waveform/7137279/M_110H_h_4.jpg,https://media.aws.iaaf.org/competitiondocuments/waveform/7137279/M_110H_h_4.jpg,data/raw/wa/waveform/7137279/M_110H_h_4.jpg
2026-09-29T06:26:03Z,200,476815,5f2b81ec932e7c56eadfa901b7b228fccd608578c48d896e162fe8fc71f495ba,https://media.aws.iaaf.org/competitiondocuments/waveform/7137279/M_110H_h_5.jpg,https://media.aws.iaaf.org/competitiondocuments/waveform/7137279/M_110H_h_5.jpg,data/raw/wa/waveform/7137279/M_110H_h_5.jpg
2026-09-29T06:26:21Z,200,478675,11e436ee875efc05856e7ac3d19a9b65315a83b12a2037e71391117510cbc154,https://media.aws.iaaf.org/competitiondocuments/waveform/7137279/M_110H_sf_1.jpg,https://media.aws.iaaf.org/competitiondocuments/waveform/7137279/M_110H_sf_1.jpg,data/raw/wa/waveform/7137279/M_110H_sf_1.jpg
2026-09-29T06:26:39Z,200,485058,0facee20ba8118a9c8609b8c913fff2a7c1f2aa2cc18f72f0a913b821b5461d9,https://media.aws.iaaf.org/competitiondocuments/waveform/7137279/M_110H_sf_2.jpg,https://media.aws.iaaf.org/competitiondocuments/waveform/7137279/M_110H_sf_2.jpg,data/raw/wa/waveform/7137279/M_110H_sf_2.jpg
2026-09-29T06:26:51Z,200,481996,3467dab6eddb67c4dab574c01b62aebf5fb3479ef662a60b59d9fd46417fc3ab,https://media.aws.iaaf.org/competitiondocuments/waveform/7137279/M_110H_sf_3.jpg,https://media.aws.iaaf.org/competitiondocuments/waveform/7137279/M_110H_sf_3.jpg,data/raw/wa/waveform/7137279/M_110H_sf_3.jpg
2026-09-29T06:26:56Z,200,483703,835f5ca613272a91a71f9a95975d2a702fa78661ff1653e1c6ee679bfa71330d,https://media.aws.iaaf.org/competitiondocuments/waveform/7137279/W_100H_f_1.jpg,https://media.aws.iaaf.org/competitiondocuments/waveform/7137279/W_100H_f_1.jpg,data/raw/wa/waveform/7137279/W_100H_f_1.jpg
2026-09-29T06:27:05Z,200,466216,a0d9d11755670d854e26ba8dc04a0a6899681fb9bb50b55b21d6bc668b3444d2,https://media.aws.iaaf.org/competitiondocuments/waveform/7137279/W_100H_h_1.jpg,https://media.aws.iaaf.org/competitiondocuments/waveform/7137279/W_100H_h_1.jpg,data/raw/wa/waveform/7137279/W_100H_h_1.jpg
2026-09-29T06:27:15Z,200,463584,747ce20f64ff65d1d034706866ebf9d75aea773403d4765347e14cd27c1d4a86,https://media.aws.iaaf.org/competitiondocuments/waveform/7137279/W_100H_h_2.jpg,https://media.aws.iaaf.org/competitiondocuments/waveform/7137279/W_100H_h_2.jpg,data/raw/wa/waveform/7137279/W_100H_h_2.jpg
2026-09-29T06:27:34Z,200,463313,a1c39594a893bdc6b9b088989612965f89a30eae99e49229b633b555595cd498,https://media.aws.iaaf.org/competitiondocuments/waveform/7137279/W_100H_h_3.jpg,https://media.aws.iaaf.org/competitiondocuments/waveform/7137279/W_100H_h_3.jpg,data/raw/wa/waveform/7137279/W_100H_h_3.jpg
2026-09-29T06:28:10Z,200,465444,a075bc502d44fdfeec5eb347ca25c4359574053e766d34e7d3bf22f2383e677c,https://media.aws.iaaf.org/competitiondocuments/waveform/7137279/W_100H_h_4.jpg,https://media.aws.iaaf.org/competitiondocuments/waveform/7137279/W_100H_h_4.jpg,data/raw/wa/waveform/7137279/W_100H_h_4.jpg
2026-09-29T06:28:38Z,200,441461,a4bce0571f97b608be900a796dd33971bf8cbef0f487658deff29300917e8a8b,https://media.aws.iaaf.org/competitiondocuments/waveform/7137279/W_100H_h_5.jpg,https://media.aws.iaaf.org/competitiondocuments/waveform/7137279/W_100H_h_5.jpg,data/raw/wa/waveform/7137279/W_100H_h_5.jpg
2026-09-29T06:28:56Z,200,464201,28ffc00e7a3d7b7f076cf4a542a66953098c2479104a6fedf97912f459c6a485,https://media.aws.iaaf.org/competitiondocuments/waveform/7137279/W_100H_h_6.jpg,https://media.aws.iaaf.org/competitiondocuments/waveform/7137279/W_100H_h_6.jpg,data/raw/wa/waveform/7137279/W_100H_h_6.jpg
2026-09-29T06:29:15Z,200,366941,e5036da38bdb603a1e3ab45503cab0412bb6db4d851fd2ee6cc1714a59f38d62,https://media.aws.iaaf.org/competitiondocuments/waveform/7137279/W_100H_h_7.jpg,https://media.aws.iaaf.org/competitiondocuments/waveform/7137279/W_100H_h_7.jpg,data/raw/wa/waveform/7137279/W_100H_h_7.jpg
2026-09-29T06:29:35Z,200,481295,861d0c852df748972c57198d20bceef94d3b3c68fe4a3da5353aca861beb14ef,https://media.aws.iaaf.org/competitiondocuments/waveform/7137279/W_100H_sf_1.jpg,https://media.aws.iaaf.org/competitiondocuments/waveform/7137279/W_100H_sf_1.jpg,data/raw/wa/waveform/7137279/W_100H_sf_1.jpg
2026-09-29T06:30:06Z,200,476267,42e92c0c5536dfb1cf0d49412eaea341e35a362392a9909b157c8ab24c90c466,https://media.aws.iaaf.org/competitiondocuments/waveform/7137279/W_100H_sf_2.jpg,https://media.aws.iaaf.org/competitiondocuments/waveform/7137279/W_100H_sf_2.jpg,data/raw/wa/waveform/7137279/W_100H_sf_2.jpg
2026-09-29T06:30:24Z,200,475471,97d0ac806304dff8a29697a15dbb599e8bcad8d898aa09e835adb9eecef5297e,https://media.aws.iaaf.org/competitiondocuments/waveform/7137279/W_100H_sf_3.jpg,https://media.aws.iaaf.org/competitiondocuments/waveform/7137279/W_100H_sf_3.jpg,data/raw/wa/waveform/7137279/W_100H_sf_3.jpg
2026-09-29T06:30:40Z,200,483734,541dbd7e65fff5c20589766a06d411ce81891a5affe49341f3f621b35bd2dd2f,https://media.aws.iaaf.org/competitiondocuments/waveform/7137279/W_100_f_1.jpg,https://media.aws.iaaf.org/competitiondocuments/waveform/7137279/W_100_f_1.jpg,data/raw/wa/waveform/7137279/W_100_f_1.jpg
2026-09-29T06:31:04Z,200,466147,e3933fece7713856b6cd6883b0b0e270a94a21f85bedc27024f0702c8c0e8f5a,https://media.aws.iaaf.org/competitiondocuments/waveform/7137279/W_100_h_1.jpg,https://media.aws.iaaf.org/competitiondocuments/waveform/7137279/W_100_h_1.jpg,data/raw/wa/waveform/7137279/W_100_h_1.jpg
2026-09-29T06:31:33Z,200,469508,7c9a686eaf77d8a5866cc1b0e0ad3d1027a26833ff4bf2955a42995d94076a6c,https://media.aws.iaaf.org/competitiondocuments/waveform/7137279/W_100_h_2.jpg,https://media.aws.iaaf.org/competitiondocuments/waveform/7137279/W_100_h_2.jpg,data/raw/wa/waveform/7137279/W_100_h_2.jpg
2026-09-29T06:31:57Z,200,471277,e997612316484eb8cb564193fce71caa0727cae63d807dacba720c543f437bf0,https://media.aws.iaaf.org/competitiondocuments/waveform/7137279/W_100_h_3.jpg,https://media.aws.iaaf.org/competitiondocuments/waveform/7137279/W_100_h_3.jpg,data/raw/wa/waveform/7137279/W_100_h_3.jpg
2026-09-29T06:33:04Z,200,473945,755627a0ac552d19bd829120ad5f7df31f9a219830622d6d3a94766fe16f314c,https://media.aws.iaaf.org/competitiondocuments/waveform/7137279/W_100_h_4.jpg,https://media.aws.iaaf.org/competitiondocuments/waveform/7137279/W_100_h_4.jpg,data/raw/wa/waveform/7137279/W_100_h_4.jpg
2026-09-29T06:33:19Z,200,471260,20a07842729fda0236babd45b97d6b08ba9a34cb02875761b2ba7a39fecbf34f,https://media.aws.iaaf.org/competitiondocuments/waveform/7137279/W_100_h_5.jpg,https://media.aws.iaaf.org/competitiondocuments/waveform/7137279/W_100_h_5.jpg,data/raw/wa/waveform/7137279/W_100_h_5.jpg
2026-09-29T06:33:32Z,200,469420,09f94c84f29abcd34be92b73f133855b8143e67f443288fcd31a410c54de2aa1,https://media.aws.iaaf.org/competitiondocuments/waveform/7137279/W_100_h_6.jpg,https://media.aws.iaaf.org/competitiondocuments/waveform/7137279/W_100_h_6.jpg,data/raw/wa/waveform/7137279/W_100_h_6.jpg
2026-09-29T06:34:02Z,200,468801,8d6f794bc230e9b871648fd09d3a79433866ed54b1f236ca88cee70cd59111b2,https://media.aws.iaaf.org/competitiondocuments/waveform/7137279/W_100_h_7.jpg,https://media.aws.iaaf.org/competitiondocuments/waveform/7137279/W_100_h_7.jpg,data/raw/wa/waveform/7137279/W_100_h_7.jpg
2026-09-29T06:34:51Z,200,478068,10b5540dfdfb62127f19851ef431c3cdc18fa81fadf7051f961922d0ee939170,https://media.aws.iaaf.org/competitiondocuments/waveform/7137279/W_100_sf_1.jpg,https://media.aws.iaaf.org/competitiondocuments/waveform/7137279/W_100_sf_1.jpg,data/raw/wa/waveform/7137279/W_100_sf_1.jpg
2026-09-29T06:34:59Z,200,486449,a99582904883d782d14b0545029f60a2d929e3b72300dcf3dd559b0f04d7fc85,https://media.aws.iaaf.org/competitiondocuments/waveform/7137279/W_100_sf_2.jpg,https://media.aws.iaaf.org/competitiondocuments/waveform/7137279/W_100_sf_2.jpg,data/raw/wa/waveform/7137279/W_100_sf_2.jpg
2026-09-29T06:35:09Z,200,472645,955db0517073d9cab7e3bc1b95624cc17bc7c9290b958b4b52716bedffd37b8b,https://media.aws.iaaf.org/competitiondocuments/waveform/7137279/W_100_sf_3.jpg,https://media.aws.iaaf.org/competitiondocuments/waveform/7137279/W_100_sf_3.jpg,data/raw/wa/waveform/7137279/W_100_sf_3.jpg
2026-09-29T06:35:17Z,200,420626,6c0dba20f511cc8722c9c2c8abd506cc43c03911cc0ef50e88db5d4323dfcf83,https://media.aws.iaaf.org/competitiondocuments/waveform/7138987/M_100_f_1.jpg,https://media.aws.iaaf.org/competitiondocuments/waveform/7138987/M_100_f_1.jpg,data/raw/wa/waveform/7138987/M_100_f_1.jpg
2026-09-29T06:35:36Z,200,465973,9196269b69e93a5b9b80aac42637fae612630114807923019a9325d78edfe56a,https://media.aws.iaaf.org/competitiondocuments/waveform/7138987/M_100_h_1.jpg,https://media.aws.iaaf.org/competitiondocuments/waveform/7138987/M_100_h_1.jpg,data/raw/wa/waveform/7138987/M_100_h_1.jpg
2026-09-29T06:35:52Z,200,473796,24395cb47d6312b409611a3f962aeb3c883f646097526f05aebd66138fe2853b,https://media.aws.iaaf.org/competitiondocuments/waveform/7138987/M_100_h_2.jpg,https://media.aws.iaaf.org/competitiondocuments/waveform/7138987/M_100_h_2.jpg,data/raw/wa/waveform/7138987/M_100_h_2.jpg
2026-09-29T06:36:05Z,200,471279,7298ef72de83b88a6e9b14f389a25663acb665264c99662bfc4fdfd9a9d024aa,https://media.aws.iaaf.org/competitiondocuments/waveform/7138987/M_100_h_3.jpg,https://media.aws.iaaf.org/competitiondocuments/waveform/7138987/M_100_h_3.jpg,data/raw/wa/waveform/7138987/M_100_h_3.jpg
2026-09-29T06:36:15Z,200,475399,1bc498d131129b46dfb55879fcc403456ca966d185058f777a6b01fd489291f0,https://media.aws.iaaf.org/competitiondocuments/waveform/7138987/M_100_h_4.jpg,https://media.aws.iaaf.org/competitiondocuments/waveform/7138987/M_100_h_4.jpg,data/raw/wa/waveform/7138987/M_100_h_4.jpg
2026-09-29T06:36:45Z,200,469438,47ac3f4efaf63efdd4481fa43eed9dbc687ffd2f3dfa9dbd2dd8cdd992cbec5b,https://media.aws.iaaf.org/competitiondocuments/waveform/7138987/M_100_h_5.jpg,https://media.aws.iaaf.org/competitiondocuments/waveform/7138987/M_100_h_5.jpg,data/raw/wa/waveform/7138987/M_100_h_5.jpg
2026-09-29T06:36:54Z,200,475371,6f749707abe080c3f235b41b0f73fe8a6ea5ac37324777447589feb919709749,https://media.aws.iaaf.org/competitiondocuments/waveform/7138987/M_100_h_6.jpg,https://media.aws.iaaf.org/competitiondocuments/waveform/7138987/M_100_h_6.jpg,data/raw/wa/waveform/7138987/M_100_h_6.jpg
2026-09-29T06:37:08Z,200,479095,0cb8a6f583d257f07768a459b78f693d1e311b447b2018f85b77f9a17e4a6470,https://media.aws.iaaf.org/competitiondocuments/waveform/7138987/M_100_h_7.jpg,https://media.aws.iaaf.org/competitiondocuments/waveform/7138987/M_100_h_7.jpg,data/raw/wa/waveform/7138987/M_100_h_7.jpg
2026-09-29T06:37:21Z,200,463506,de899098b0aca11d38e86b7c60cf052d939bcdf19e246fac93ff198899862e0f,https://media.aws.iaaf.org/competitiondocuments/waveform/7138987/M_100_pr_1.jpg,https://media.aws.iaaf.org/competitiondocuments/waveform/7138987/M_100_pr_1.jpg,data/raw/wa/waveform/7138987/M_100_pr_1.jpg
2026-09-29T06:37:34Z,200,460016,dadb2a96625c541d4db2169f8921ab5c07a2985507cd44657ff5f1c6f23fd322,https://media.aws.iaaf.org/competitiondocuments/waveform/7138987/M_100_pr_2.jpg,https://media.aws.iaaf.org/competitiondocuments/waveform/7138987/M_100_pr_2.jpg,data/raw/wa/waveform/7138987/M_100_pr_2.jpg
2026-09-29T06:37:44Z,200,472753,da59b15dd76170acb02c53c78f532489f7cc36d918866c307a7cf6c6f7e2ba81,https://media.aws.iaaf.org/competitiondocuments/waveform/7138987/M_100_pr_3.jpg,https://media.aws.iaaf.org/competitiondocuments/waveform/7138987/M_100_pr_3.jpg,data/raw/wa/waveform/7138987/M_100_pr_3.jpg
2026-09-29T06:37:45Z,200,453109,fd560679170302dce889664d5093a17aa8926a135b6c9626b24175cdfe1248e9,https://media.aws.iaaf.org/competitiondocuments/waveform/7138987/M_100_pr_4.jpg,https://media.aws.iaaf.org/competitiondocuments/waveform/7138987/M_100_pr_4.jpg,data/raw/wa/waveform/7138987/M_100_pr_4.jpg
2026-09-29T06:37:50Z,200,475080,6370fdc0492df505f5f64885242ab9df0b5702a526c3f2f23c311046d69eae91,https://media.aws.iaaf.org/competitiondocuments/waveform/7138987/M_100_sf_1.jpg,https://media.aws.iaaf.org/competitiondocuments/waveform/7138987/M_100_sf_1.jpg,data/raw/wa/waveform/7138987/M_100_sf_1.jpg
2026-09-29T06:37:52Z,200,470982,7557a4087a843508d6f084f4b9d8c58a80f60a306c75ba2867ac7f9407e1867f,https://media.aws.iaaf.org/competitiondocuments/waveform/7138987/M_100_sf_2.jpg,https://media.aws.iaaf.org/competitiondocuments/waveform/7138987/M_100_sf_2.jpg,data/raw/wa/waveform/7138987/M_100_sf_2.jpg
2026-09-29T06:37:59Z,200,473877,041b0230e4539ab5e184184b71e1785dd07a2472110056ebfa5ace2383bc7965,https://media.aws.iaaf.org/competitiondocuments/waveform/7138987/M_100_sf_3.jpg,https://media.aws.iaaf.org/competitiondocuments/waveform/7138987/M_100_sf_3.jpg,data/raw/wa/waveform/7138987/M_100_sf_3.jpg
2026-09-29T06:38:01Z,200,471681,7e13b541b36059b2b11908605d979d19a9f1cc92aaa6e178bbf17794fcba5de7,https://media.aws.iaaf.org/competitiondocuments/waveform/7138987/M_110H_f_1.jpg,https://media.aws.iaaf.org/competitiondocuments/waveform/7138987/M_110H_f_1.jpg,data/raw/wa/waveform/7138987/M_110H_f_1.jpg
2026-09-29T06:38:14Z,200,487833,a9c0178267e414026b33c4562615ae94adb428cf09fcd6c0c35df7ec62a3325d,https://media.aws.iaaf.org/competitiondocuments/waveform/7138987/M_110H_h_1.jpg,https://media.aws.iaaf.org/competitiondocuments/waveform/7138987/M_110H_h_1.jpg,data/raw/wa/waveform/7138987/M_110H_h_1.jpg
2026-09-29T06:38:19Z,200,484183,ac50ed9cc018540f10b796dc1688ff296e7fbee2ba6be66f9b89102d1d7c2a3f,https://media.aws.iaaf.org/competitiondocuments/waveform/7138987/M_110H_h_2.jpg,https://media.aws.iaaf.org/competitiondocuments/waveform/7138987/M_110H_h_2.jpg,data/raw/wa/waveform/7138987/M_110H_h_2.jpg
2026-09-29T06:38:28Z,200,491868,432bc7e1826df364e2b1054a2a26fab6253af9458d3dcd077da97d2681798f01,https://media.aws.iaaf.org/competitiondocuments/waveform/7138987/M_110H_h_3.jpg,https://media.aws.iaaf.org/competitiondocuments/waveform/7138987/M_110H_h_3.jpg,data/raw/wa/waveform/7138987/M_110H_h_3.jpg
2026-09-29T06:38:41Z,200,483028,36521da289f3bbb179f233800459f037b77d830030e8cf016fb1cab7e19a1a77,https://media.aws.iaaf.org/competitiondocuments/waveform/7138987/M_110H_h_4.jpg,https://media.aws.iaaf.org/competitiondocuments/waveform/7138987/M_110H_h_4.jpg,data/raw/wa/waveform/7138987/M_110H_h_4.jpg
2026-09-29T06:38:46Z,200,486155,457569a42468a7d0c2e36a65d93135fe3da92c37d633ef261eb16f0f5f09156f,https://media.aws.iaaf.org/competitiondocuments/waveform/7138987/M_110H_h_5.jpg,https://media.aws.iaaf.org/competitiondocuments/waveform/7138987/M_110H_h_5.jpg,data/raw/wa/waveform/7138987/M_110H_h_5.jpg
2026-09-29T06:38:52Z,200,487476,3ee31845c3b6d5b87e0253252d78db260d300a6826f2fa8448e62a63b73e3b96,https://media.aws.iaaf.org/competitiondocuments/waveform/7138987/M_110H_sf_1.jpg,https://media.aws.iaaf.org/competitiondocuments/waveform/7138987/M_110H_sf_1.jpg,data/raw/wa/waveform/7138987/M_110H_sf_1.jpg
2026-09-29T06:38:57Z,200,475325,223c042c856224995d3e72fe896ee12c2ab2537523439d88145eb76269c55f44,https://media.aws.iaaf.org/competitiondocuments/waveform/7138987/M_110H_sf_3.jpg,https://media.aws.iaaf.org/competitiondocuments/waveform/7138987/M_110H_sf_3.jpg,data/raw/wa/waveform/7138987/M_110H_sf_3.jpg
2026-09-29T06:39:06Z,200,473159,b217360add5482fe21c3117689524dca57d2b5bf16a395573b8f8d2a7fa6ebe0,https://media.aws.iaaf.org/competitiondocuments/waveform/7138987/W_100H_f_1.jpg,https://media.aws.iaaf.org/competitiondocuments/waveform/7138987/W_100H_f_1.jpg,data/raw/wa/waveform/7138987/W_100H_f_1.jpg
2026-09-29T06:39:10Z,200,474579,bcaf8687debc270a4fed3553b49d5384c23d0e86d76d3bf9c4e6b70919e2aa27,https://media.aws.iaaf.org/competitiondocuments/waveform/7138987/W_100H_h_1.jpg,https://media.aws.iaaf.org/competitiondocuments/waveform/7138987/W_100H_h_1.jpg,data/raw/wa/waveform/7138987/W_100H_h_1.jpg
2026-09-29T06:39:15Z,200,484461,a2b96f9e2b990927adcc24b321781c5a803be08efbea0130e97fd146f8ab1ef0,https://media.aws.iaaf.org/competitiondocuments/waveform/7138987/W_100H_h_2.jpg,https://media.aws.iaaf.org/competitiondocuments/waveform/7138987/W_100H_h_2.jpg,data/raw/wa/waveform/7138987/W_100H_h_2.jpg
2026-09-29T06:39:22Z,200,482518,6c7350d1b6d35f9780b60b06c236ad4db4dc274c6de2733c34ee59e4334ed2b1,https://media.aws.iaaf.org/competitiondocuments/waveform/7138987/W_100H_h_3.jpg,https://media.aws.iaaf.org/competitiondocuments/waveform/7138987/W_100H_h_3.jpg,data/raw/wa/waveform/7138987/W_100H_h_3.jpg
2026-09-29T06:39:38Z,200,487066,eb5fdaef622935002c339d4b4d3ce1ba9e18c6c9179035057fd4f6cb2780b425,https://media.aws.iaaf.org/competitiondocuments/waveform/7138987/W_100H_h_4.jpg,https://media.aws.iaaf.org/competitiondocuments/waveform/7138987/W_100H_h_4.jpg,data/raw/wa/waveform/7138987/W_100H_h_4.jpg
2026-09-29T06:39:47Z,200,477152,f8214a0709936ad3ba8bb8117814b21dd55eff0eab472fbd945a9f363dc0534e,https://media.aws.iaaf.org/competitiondocuments/waveform/7138987/W_100H_h_5.jpg,https://media.aws.iaaf.org/competitiondocuments/waveform/7138987/W_100H_h_5.jpg,data/raw/wa/waveform/7138987/W_100H_h_5.jpg
2026-09-29T06:40:01Z,200,475013,d1b5ff1b1a950154333711aa647ef658d6a93be63bbcb27d294e8d76caf07b7f,https://media.aws.iaaf.org/competitiondocuments/waveform/7138987/W_100H_sf_1.jpg,https://media.aws.iaaf.org/competitiondocuments/waveform/7138987/W_100H_sf_1.jpg,data/raw/wa/waveform/7138987/W_100H_sf_1.jpg
2026-09-29T06:40:15Z,200,470087,99e40a53e38d7d590b55a7d5057871a3abb57518ede3c700df6e03329549d3b0,https://media.aws.iaaf.org/competitiondocuments/waveform/7138987/W_100H_sf_2.jpg,https://media.aws.iaaf.org/competitiondocuments/waveform/7138987/W_100H_sf_2.jpg,data/raw/wa/waveform/7138987/W_100H_sf_2.jpg
2026-09-29T06:40:41Z,200,475981,d07036496e528ca7465f9f6128b7f463017224f482f66f22f511d83d7e7727c4,https://media.aws.iaaf.org/competitiondocuments/waveform/7138987/W_100H_sf_3.jpg,https://media.aws.iaaf.org/competitiondocuments/waveform/7138987/W_100H_sf_3.jpg,data/raw/wa/waveform/7138987/W_100H_sf_3.jpg
2026-09-29T06:41:10Z,200,483375,c0523771ed7176d9c9936e2f6807e2d9a6c6dfa0c536559570f6cd053a41e0dc,https://media.aws.iaaf.org/competitiondocuments/waveform/7138987/W_100_f_1.jpg,https://media.aws.iaaf.org/competitiondocuments/waveform/7138987/W_100_f_1.jpg,data/raw/wa/waveform/7138987/W_100_f_1.jpg
2026-09-29T06:41:29Z,200,468796,00eb5cfcc8ebe62b288da1564f2b03c0d1406d98ac887112d8ea4637abf74e1e,https://media.aws.iaaf.org/competitiondocuments/waveform/7138987/W_100_h_1.jpg,https://media.aws.iaaf.org/competitiondocuments/waveform/7138987/W_100_h_1.jpg,data/raw/wa/waveform/7138987/W_100_h_1.jpg
2026-09-29T06:41:43Z,200,469961,1b48d92d020a5275cd1606129c79bc63a32bd7edd1b1369b247a62032f04ee99,https://media.aws.iaaf.org/competitiondocuments/waveform/7138987/W_100_h_2.jpg,https://media.aws.iaaf.org/competitiondocuments/waveform/7138987/W_100_h_2.jpg,data/raw/wa/waveform/7138987/W_100_h_2.jpg
2026-09-29T06:41:59Z,200,472226,7e4ed6407eb36022cdb89057984f7d26fbe6eadc4b3c91e8381204cda3881c4b,https://media.aws.iaaf.org/competitiondocuments/waveform/7138987/W_100_h_3.jpg,https://media.aws.iaaf.org/competitiondocuments/waveform/7138987/W_100_h_3.jpg,data/raw/wa/waveform/7138987/W_100_h_3.jpg
2026-09-29T06:42:33Z,200,477644,f5368a3c34648a2257af003564c9c0d498a1e28a48f0df4a7defd8748acb5cff,https://media.aws.iaaf.org/competitiondocuments/waveform/7138987/W_100_h_4.jpg,https://media.aws.iaaf.org/competitiondocuments/waveform/7138987/W_100_h_4.jpg,data/raw/wa/waveform/7138987/W_100_h_4.jpg
2026-09-29T06:42:53Z,200,482085,2055e25c52f0c86ef610cd1709a76203beae117294a8c954bc44ae1367e22f8a,https://media.aws.iaaf.org/competitiondocuments/waveform/7138987/W_100_h_5.jpg,https://media.aws.iaaf.org/competitiondocuments/waveform/7138987/W_100_h_5.jpg,data/raw/wa/waveform/7138987/W_100_h_5.jpg
2026-09-29T06:43:28Z,200,477037,f710759050ca74f67b84019b2c48925bb7e98b550328a3bc16ee2bbc157f5a56,https://media.aws.iaaf.org/competitiondocuments/waveform/7138987/W_100_h_6.jpg,https://media.aws.iaaf.org/competitiondocuments/waveform/7138987/W_100_h_6.jpg,data/raw/wa/waveform/7138987/W_100_h_6.jpg
2026-09-29T06:43:56Z,200,472277,4c40bdebd493623c8002fdb53a8011fdceb826f386db83486c08ac0d3885dfbe,https://media.aws.iaaf.org/competitiondocuments/waveform/7138987/W_100_h_7.jpg,https://media.aws.iaaf.org/competitiondocuments/waveform/7138987/W_100_h_7.jpg,data/raw/wa/waveform/7138987/W_100_h_7.jpg
2026-09-29T06:44:28Z,200,473091,f382dbf3d3f4e0ff48e562725b6c0d40efbff1e09649011579fdaf9c1e2748b3,https://media.aws.iaaf.org/competitiondocuments/waveform/7138987/W_100_sf_1.jpg,https://media.aws.iaaf.org/competitiondocuments/waveform/7138987/W_100_sf_1.jpg,data/raw/wa/waveform/7138987/W_100_sf_1.jpg
2026-09-29T06:44:52Z,200,475011,89404837469ac4e5504bd592bf2c6524b8451d9295e74438cf24810c33189a25,https://media.aws.iaaf.org/competitiondocuments/waveform/7138987/W_100_sf_2.jpg,https://media.aws.iaaf.org/competitiondocuments/waveform/7138987/W_100_sf_2.jpg,data/raw/wa/waveform/7138987/W_100_sf_2.jpg
2026-09-29T06:45:16Z,200,464576,e4183e660ca89032ddb50009aead127f2c1e22afbf1a1596d7753d6dc480e49b,https://media.aws.iaaf.org/competitiondocuments/waveform/7138987/W_100_sf_3.jpg,https://media.aws.iaaf.org/competitiondocuments/waveform/7138987/W_100_sf_3.jpg,data/raw/wa/waveform/7138987/W_100_sf_3.jpg
2026-09-29T06:45:31Z,200,465060,07086823679c0b0abb02d3e555d7ec3913cc652cbdf9f097f9a75256f6ff97f5,https://media.aws.iaaf.org/competitiondocuments/waveform/7190593/M_100_f_1.jpg,https://media.aws.iaaf.org/competitiondocuments/waveform/7190593/M_100_f_1.jpg,data/raw/wa/waveform/7190593/M_100_f_1.jpg
2026-09-29T06:46:05Z,200,472278,d011dd1ddba1c01ff33c3f2866675301ca5c95cb093f0431eb250590221a7f8a,https://media.aws.iaaf.org/competitiondocuments/waveform/7190593/M_100_h_1.jpg,https://media.aws.iaaf.org/competitiondocuments/waveform/7190593/M_100_h_1.jpg,data/raw/wa/waveform/7190593/M_100_h_1.jpg
2026-09-29T06:46:20Z,200,463035,b6d4f28fd455fe1aef034351b28f020a89ef46c9d69b6b46a12471577855f9ca,https://media.aws.iaaf.org/competitiondocuments/waveform/7190593/M_100_h_2.jpg,https://media.aws.iaaf.org/competitiondocuments/waveform/7190593/M_100_h_2.jpg,data/raw/wa/waveform/7190593/M_100_h_2.jpg
2026-09-29T06:46:34Z,200,473061,f9ed96e92f32531dfe9a668243b14bc1aa40e977be79035b17553d2b5fe3eb99,https://media.aws.iaaf.org/competitiondocuments/waveform/7190593/M_100_h_3.jpg,https://media.aws.iaaf.org/competitiondocuments/waveform/7190593/M_100_h_3.jpg,data/raw/wa/waveform/7190593/M_100_h_3.jpg
2026-09-29T06:46:55Z,200,473673,1c32f484b8de8a31c317fecda0baf03f5f505c35b58f58238a9f47d9180656a1,https://media.aws.iaaf.org/competitiondocuments/waveform/7190593/M_100_h_4.jpg,https://media.aws.iaaf.org/competitiondocuments/waveform/7190593/M_100_h_4.jpg,data/raw/wa/waveform/7190593/M_100_h_4.jpg
2026-09-29T06:47:25Z,200,471212,89efe6076cee5d8bd4bba066264041a86a4bf8589d1972d83a184074928c1ff6,https://media.aws.iaaf.org/competitiondocuments/waveform/7190593/M_100_h_5.jpg,https://media.aws.iaaf.org/competitiondocuments/waveform/7190593/M_100_h_5.jpg,data/raw/wa/waveform/7190593/M_100_h_5.jpg
2026-09-29T06:47:42Z,200,468336,584f67148f6ab9a04fd2915f5602fa8170004dbdb1a54a91708bdee304659f25,https://media.aws.iaaf.org/competitiondocuments/waveform/7190593/M_100_h_6.jpg,https://media.aws.iaaf.org/competitiondocuments/waveform/7190593/M_100_h_6.jpg,data/raw/wa/waveform/7190593/M_100_h_6.jpg
2026-09-29T06:48:04Z,200,472877,899f0ae77a156eedfba57f0506f8e200539456d8c502de9a3326d0eecb9cdba3,https://media.aws.iaaf.org/competitiondocuments/waveform/7190593/M_100_h_7.jpg,https://media.aws.iaaf.org/competitiondocuments/waveform/7190593/M_100_h_7.jpg,data/raw/wa/waveform/7190593/M_100_h_7.jpg
2026-09-29T06:48:20Z,200,479051,f307a337419df59a2cc13c23d1eeee62d61cf947fb26653fa595265694dbec4f,https://media.aws.iaaf.org/competitiondocuments/waveform/7190593/M_100_pr_1.jpg,https://media.aws.iaaf.org/competitiondocuments/waveform/7190593/M_100_pr_1.jpg,data/raw/wa/waveform/7190593/M_100_pr_1.jpg
2026-09-29T06:48:39Z,200,462725,2197be32770b6ae5442bfbc745ebdf7da13e12dad07cc271e24a809872005069,https://media.aws.iaaf.org/competitiondocuments/waveform/7190593/M_100_pr_2.jpg,https://media.aws.iaaf.org/competitiondocuments/waveform/7190593/M_100_pr_2.jpg,data/raw/wa/waveform/7190593/M_100_pr_2.jpg
2026-09-29T06:49:02Z,200,471248,2431c99da91a18b703f54f50881cc156180b3f059fb4a4ebbe1f291aa1a02c76,https://media.aws.iaaf.org/competitiondocuments/waveform/7190593/M_100_pr_3.jpg,https://media.aws.iaaf.org/competitiondocuments/waveform/7190593/M_100_pr_3.jpg,data/raw/wa/waveform/7190593/M_100_pr_3.jpg
2026-09-29T06:49:29Z,200,467962,6c2bc4a787f9f5af5f1e7f7b1b69b5b96e9345115ae606667656c5df76570999,https://media.aws.iaaf.org/competitiondocuments/waveform/7190593/M_100_sf_1.jpg,https://media.aws.iaaf.org/competitiondocuments/waveform/7190593/M_100_sf_1.jpg,data/raw/wa/waveform/7190593/M_100_sf_1.jpg
2026-09-29T06:50:03Z,200,474385,bfbbb9114d5cd226c1b56cdf870d3ba9b87cc8760d9a702c3a163678dc4e712a,https://media.aws.iaaf.org/competitiondocuments/waveform/7190593/M_100_sf_2.jpg,https://media.aws.iaaf.org/competitiondocuments/waveform/7190593/M_100_sf_2.jpg,data/raw/wa/waveform/7190593/M_100_sf_2.jpg
2026-09-29T06:50:16Z,200,468533,f68a918df5faad945e04baa244ef958fa7e932efe7d87d301ced52f75435836d,https://media.aws.iaaf.org/competitiondocuments/waveform/7190593/M_100_sf_3.jpg,https://media.aws.iaaf.org/competitiondocuments/waveform/7190593/M_100_sf_3.jpg,data/raw/wa/waveform/7190593/M_100_sf_3.jpg
2026-09-29T06:50:48Z,200,472624,db251525dbc9bb4763e99ae69fb14f78b840592c0ce83fe1bd7e615259cbf3af,https://media.aws.iaaf.org/competitiondocuments/waveform/7190593/M_110H_f_1.jpg,https://media.aws.iaaf.org/competitiondocuments/waveform/7190593/M_110H_f_1.jpg,data/raw/wa/waveform/7190593/M_110H_f_1.jpg
2026-09-29T06:51:11Z,200,466450,72441cc40e7f09b0cd4b452a0492918888d67cc42bd166bb4a59d462c4c387ab,https://media.aws.iaaf.org/competitiondocuments/waveform/7190593/M_110H_h_1.jpg,https://media.aws.iaaf.org/competitiondocuments/waveform/7190593/M_110H_h_1.jpg,data/raw/wa/waveform/7190593/M_110H_h_1.jpg
2026-09-29T06:51:46Z,200,479613,ac7eeedc34516a233142e5622fb650ff044ec670aee74f88a8f550cc5fef9f47,https://media.aws.iaaf.org/competitiondocuments/waveform/7190593/M_110H_h_2.jpg,https://media.aws.iaaf.org/competitiondocuments/waveform/7190593/M_110H_h_2.jpg,data/raw/wa/waveform/7190593/M_110H_h_2.jpg
2026-09-29T06:52:17Z,200,480625,941fcb7ed47047c5d2deaa3ee23aa3fea2c0d320874756cf57c1d9ab7e91d71b,https://media.aws.iaaf.org/competitiondocuments/waveform/7190593/M_110H_h_3.jpg,https://media.aws.iaaf.org/competitiondocuments/waveform/7190593/M_110H_h_3.jpg,data/raw/wa/waveform/7190593/M_110H_h_3.jpg
2026-09-29T06:52:30Z,200,481450,8327a749bde69a27e2b948e54bb353309d4836ef5a5e3c02e1690c5236a7043e,https://media.aws.iaaf.org/competitiondocuments/waveform/7190593/M_110H_h_4.jpg,https://media.aws.iaaf.org/competitiondocuments/waveform/7190593/M_110H_h_4.jpg,data/raw/wa/waveform/7190593/M_110H_h_4.jpg
2026-09-29T06:52:49Z,200,479880,a88424479399ed156ca52211b07ac1dd25aca86b512d4b806a658176671d4133,https://media.aws.iaaf.org/competitiondocuments/waveform/7190593/M_110H_h_5.jpg,https://media.aws.iaaf.org/competitiondocuments/waveform/7190593/M_110H_h_5.jpg,data/raw/wa/waveform/7190593/M_110H_h_5.jpg
2026-09-29T06:53:15Z,200,476633,9f1226ee2a5f9402cbc1186594a48cbd433f83f9f54fe2015da233c74f1d6ab3,https://media.aws.iaaf.org/competitiondocuments/waveform/7190593/M_110H_sf_1.jpg,https://media.aws.iaaf.org/competitiondocuments/waveform/7190593/M_110H_sf_1.jpg,data/raw/wa/waveform/7190593/M_110H_sf_1.jpg
2026-09-29T06:53:44Z,200,474982,6d166aa9142e6227b72c9af13da89fdd455054cef4657f89168440a08a9c7458,https://media.aws.iaaf.org/competitiondocuments/waveform/7190593/M_110H_sf_2.jpg,https://media.aws.iaaf.org/competitiondocuments/waveform/7190593/M_110H_sf_2.jpg,data/raw/wa/waveform/7190593/M_110H_sf_2.jpg
2026-09-29T06:54:17Z,200,476593,a455531db58681892bf161b09c6360b8f2f8449db5c51ae7b53fb71370b62888,https://media.aws.iaaf.org/competitiondocuments/waveform/7190593/M_110H_sf_3.jpg,https://media.aws.iaaf.org/competitiondocuments/waveform/7190593/M_110H_sf_3.jpg,data/raw/wa/waveform/7190593/M_110H_sf_3.jpg
2026-09-29T06:54:58Z,200,474549,39aa9a0371a33f092b3ed0182276c4c343eec3466445f6e6a317dcec966910c1,https://media.aws.iaaf.org/competitiondocuments/waveform/7190593/W_100H_f_1.jpg,https://media.aws.iaaf.org/competitiondocuments/waveform/7190593/W_100H_f_1.jpg,data/raw/wa/waveform/7190593/W_100H_f_1.jpg
2026-09-29T06:55:32Z,200,458225,4cccd493c3f1634f1ee5c2aaa82e47ffeeeb200c38c4f17144d5be82cc4b47f8,https://media.aws.iaaf.org/competitiondocuments/waveform/7190593/W_100H_h_1.jpg,https://media.aws.iaaf.org/competitiondocuments/waveform/7190593/W_100H_h_1.jpg,data/raw/wa/waveform/7190593/W_100H_h_1.jpg
2026-09-29T06:55:54Z,200,469282,b921b53c3cc89905c0e86b17f13c82da57ba4169f0b4ed317b4b48f63a8b12f5,https://media.aws.iaaf.org/competitiondocuments/waveform/7190593/W_100H_h_2.jpg,https://media.aws.iaaf.org/competitiondocuments/waveform/7190593/W_100H_h_2.jpg,data/raw/wa/waveform/7190593/W_100H_h_2.jpg
2026-09-29T06:56:15Z,200,459772,7b9ddb2eb75269515b9a0e12234940f6861d9fafee05fd8b9df6da73ea1d02f6,https://media.aws.iaaf.org/competitiondocuments/waveform/7190593/W_100H_h_3.jpg,https://media.aws.iaaf.org/competitiondocuments/waveform/7190593/W_100H_h_3.jpg,data/raw/wa/waveform/7190593/W_100H_h_3.jpg
2026-09-29T06:56:40Z,200,468101,1ffc15ae769167a7884d9547393805dff3d31ddee3a3db5e54f4dd119e717c06,https://media.aws.iaaf.org/competitiondocuments/waveform/7190593/W_100H_h_4.jpg,https://media.aws.iaaf.org/competitiondocuments/waveform/7190593/W_100H_h_4.jpg,data/raw/wa/waveform/7190593/W_100H_h_4.jpg
2026-09-29T06:57:12Z,200,460050,7743b7259c632770e215f8685f17766f27fa61992d4cd6cb98b02a7f2c162f4f,https://media.aws.iaaf.org/competitiondocuments/waveform/7190593/W_100H_h_5.jpg,https://media.aws.iaaf.org/competitiondocuments/waveform/7190593/W_100H_h_5.jpg,data/raw/wa/waveform/7190593/W_100H_h_5.jpg
2026-09-29T06:57:52Z,200,461014,35fa2087625322cc76c1f0e9c688ac8fc1307c356a44e20710ee9fa2d10a7f1d,https://media.aws.iaaf.org/competitiondocuments/waveform/7190593/W_100H_h_6.jpg,https://media.aws.iaaf.org/competitiondocuments/waveform/7190593/W_100H_h_6.jpg,data/raw/wa/waveform/7190593/W_100H_h_6.jpg
2026-09-29T06:58:16Z,200,466766,b7f8e35203632bc0721b4b7448fc18d752a14eed4300f86c5c941234d38b9ad6,https://media.aws.iaaf.org/competitiondocuments/waveform/7190593/W_100H_sf_1.jpg,https://media.aws.iaaf.org/competitiondocuments/waveform/7190593/W_100H_sf_1.jpg,data/raw/wa/waveform/7190593/W_100H_sf_1.jpg
2026-09-29T06:58:32Z,200,471606,042ba25dd062c329ec548031e55f1b71164f6b15933c48f4a22706edcb5a6a0b,https://media.aws.iaaf.org/competitiondocuments/waveform/7190593/W_100H_sf_2.jpg,https://media.aws.iaaf.org/competitiondocuments/waveform/7190593/W_100H_sf_2.jpg,data/raw/wa/waveform/7190593/W_100H_sf_2.jpg
2026-09-29T06:58:54Z,200,467365,5678a3874596690bdb4dc0b0c82dd1aa3b553d2fbf104c0312e4e00ab9e6afae,https://media.aws.iaaf.org/competitiondocuments/waveform/7190593/W_100H_sf_3.jpg,https://media.aws.iaaf.org/competitiondocuments/waveform/7190593/W_100H_sf_3.jpg,data/raw/wa/waveform/7190593/W_100H_sf_3.jpg
2026-09-29T06:59:11Z,200,473188,6a0606fe2038419c589fa2b5b2f92e598f161a0e14703779cd2dac2478650dbd,https://media.aws.iaaf.org/competitiondocuments/waveform/7190593/W_100_f_1.jpg,https://media.aws.iaaf.org/competitiondocuments/waveform/7190593/W_100_f_1.jpg,data/raw/wa/waveform/7190593/W_100_f_1.jpg
2026-09-29T06:59:25Z,200,476618,577f166958754677481a0c78626d882aa76bcb5a898395eaaaa063620061706f,https://media.aws.iaaf.org/competitiondocuments/waveform/7190593/W_100_h_1.jpg,https://media.aws.iaaf.org/competitiondocuments/waveform/7190593/W_100_h_1.jpg,data/raw/wa/waveform/7190593/W_100_h_1.jpg
2026-09-29T07:00:05Z,200,479645,ad431af8fe51d64f529df189d6f11eec653820b872b60bc3c6d731538f480e48,https://media.aws.iaaf.org/competitiondocuments/waveform/7190593/W_100_h_2.jpg,https://media.aws.iaaf.org/competitiondocuments/waveform/7190593/W_100_h_2.jpg,data/raw/wa/waveform/7190593/W_100_h_2.jpg
2026-09-29T07:00:50Z,200,476751,d7374de54284717bd89a05ca6ceef0988bd8ab9ef521d1f2729ddca47a973316,https://media.aws.iaaf.org/competitiondocuments/waveform/7190593/W_100_h_3.jpg,https://media.aws.iaaf.org/competitiondocuments/waveform/7190593/W_100_h_3.jpg,data/raw/wa/waveform/7190593/W_100_h_3.jpg
2026-09-29T07:02:33Z,200,478474,7221cd4d0e6660e1e9dc2806a245c026c3d420f197ea5db0da3fcf900f3299ef,https://media.aws.iaaf.org/competitiondocuments/waveform/7190593/W_100_h_4.jpg,https://media.aws.iaaf.org/competitiondocuments/waveform/7190593/W_100_h_4.jpg,data/raw/wa/waveform/7190593/W_100_h_4.jpg
2026-09-29T07:02:38Z,200,478059,93a5abdbb9c4e1d060c1d93c99e753dad1b8f70a9025cc1eda1ef5e30546ac2c,https://media.aws.iaaf.org/competitiondocuments/waveform/7190593/W_100_h_5.jpg,https://media.aws.iaaf.org/competitiondocuments/waveform/7190593/W_100_h_5.jpg,data/raw/wa/waveform/7190593/W_100_h_5.jpg
2026-09-29T07:02:46Z,200,474438,a41c12b64142725135f01e2b7bb9c912337ffb170e22578da071a16b0d09bbfe,https://media.aws.iaaf.org/competitiondocuments/waveform/7190593/W_100_h_6.jpg,https://media.aws.iaaf.org/competitiondocuments/waveform/7190593/W_100_h_6.jpg,data/raw/wa/waveform/7190593/W_100_h_6.jpg
2026-09-29T07:03:04Z,200,466942,702295d45998b49efdd6aa0b388d968c6da8773b52e7cfaa201be8c49434843b,https://media.aws.iaaf.org/competitiondocuments/waveform/7190593/W_100_h_7.jpg,https://media.aws.iaaf.org/competitiondocuments/waveform/7190593/W_100_h_7.jpg,data/raw/wa/waveform/7190593/W_100_h_7.jpg
2026-09-29T07:03:09Z,200,467503,75c93d59fd754cc49bf2e3565624bb3e30ae319e65e06ef7702509a0695fc729,https://media.aws.iaaf.org/competitiondocuments/waveform/7190593/W_100_sf_1.jpg,https://media.aws.iaaf.org/competitiondocuments/waveform/7190593/W_100_sf_1.jpg,data/raw/wa/waveform/7190593/W_100_sf_1.jpg
2026-09-29T07:03:19Z,200,465895,a6ac739afbef92741dc59f7d6fb36c1dae7148b48f3f3061c0099e2761e99e22,https://media.aws.iaaf.org/competitiondocuments/waveform/7190593/W_100_sf_2.jpg,https://media.aws.iaaf.org/competitiondocuments/waveform/7190593/W_100_sf_2.jpg,data/raw/wa/waveform/7190593/W_100_sf_2.jpg
2026-09-29T07:03:24Z,200,474148,2256509ed94ce008052d82a80291eb976ee50ec13c33da02f310cdfcd4adcbb0,https://media.aws.iaaf.org/competitiondocuments/waveform/7190593/W_100_sf_3.jpg,https://media.aws.iaaf.org/competitiondocuments/waveform/7190593/W_100_sf_3.jpg,data/raw/wa/waveform/7190593/W_100_sf_3.jpg
2026-09-29T08:50:59Z,200,96005,177721771fcf3b0ee3f49ed2dae46b5275fe83577167685fe06560fc3e1e1924,https://worldathletics.org/competitions/world-athletics-championships/world-athletics-championships-tokyo-2025-7190593/results/men/200-metres/final/result,https://worldathletics.org/competitions/world-athletics-championships/world-athletics-championships-tokyo-2025-7190593/results/men/200-metres/final/result,data/raw/wa/pages/WCH2025/men-200-metres-final.html.gz
2026-09-29T08:51:00Z,200,264221,d10ad46a1afd440af0147148f9888cc1fa61e379d81f5999fa45eb50bd75ac42,https://worldathletics.org/competitions/world-athletics-championships/world-athletics-championships-tokyo-2025-7190593/results/men/200-metres/round-1/result,https://worldathletics.org/competitions/world-athletics-championships/world-athletics-championships-tokyo-2025-7190593/results/men/200-metres/round-1/result,data/raw/wa/pages/WCH2025/men-200-metres-round-1.html.gz
2026-09-29T08:51:04Z,200,163134,f49703ff3ba30ebb35ac44501880e5a1f0bfe49479f4129bf69015ad1d51064e,https://worldathletics.org/competitions/world-athletics-championships/world-athletics-championships-tokyo-2025-7190593/results/men/200-metres/semi-finals/result,https://worldathletics.org/competitions/world-athletics-championships/world-athletics-championships-tokyo-2025-7190593/results/men/200-metres/semi-finals/result,data/raw/wa/pages/WCH2025/men-200-metres-semi-finals.html.gz
2026-09-29T08:51:06Z,200,100462,b811eca60175bb735ac1d99f96482a2d9920ed6145c80bb495967e907ba2ac02,https://worldathletics.org/competitions/world-athletics-championships/world-athletics-championships-tokyo-2025-7190593/results/women/200-metres/final/result,https://worldathletics.org/competitions/world-athletics-championships/world-athletics-championships-tokyo-2025-7190593/results/women/200-metres/final/result,data/raw/wa/pages/WCH2025/women-200-metres-final.html.gz
2026-09-29T08:51:09Z,200,251663,17db8d75c8fe9b18af145be27566223bdfc6f09d2adc9f719ac84b61cc9eae4e,https://worldathletics.org/competitions/world-athletics-championships/world-athletics-championships-tokyo-2025-7190593/results/women/200-metres/round-1/result,https://worldathletics.org/competitions/world-athletics-championships/world-athletics-championships-tokyo-2025-7190593/results/women/200-metres/round-1/result,data/raw/wa/pages/WCH2025/women-200-metres-round-1.html.gz
2026-09-29T08:51:12Z,200,165557,0511e229d379ffc447555af92d7c1504b4901dedb06d2f07056e4f5e8251dab8,https://worldathletics.org/competitions/world-athletics-championships/world-athletics-championships-tokyo-2025-7190593/results/women/200-metres/semi-finals/result,https://worldathletics.org/competitions/world-athletics-championships/world-athletics-championships-tokyo-2025-7190593/results/women/200-metres/semi-finals/result,data/raw/wa/pages/WCH2025/women-200-metres-semi-finals.html.gz
2026-09-29T08:51:15Z,200,97539,8ed2e7cfbb3c9ab36b668211f996d6bce1571d25db7cbe21483ee47d8fd66e8c,https://worldathletics.org/competitions/world-athletics-championships/world-athletics-championships-budapest-2023-7138987/results/men/200-metres/final/result,https://worldathletics.org/competitions/world-athletics-championships/world-athletics-championships-budapest-2023-7138987/results/men/200-metres/final/result,data/raw/wa/pages/WCH2023/men-200-metres-final.html.gz
2026-09-29T08:51:17Z,200,277417,1c178d51b24e97ddac663b0631b914a8befac00113e6aa262bfcffaa3d08a04a,https://worldathletics.org/competitions/world-athletics-championships/world-athletics-championships-budapest-2023-7138987/results/men/200-metres/round-1/result,https://worldathletics.org/competitions/world-athletics-championships/world-athletics-championships-budapest-2023-7138987/results/men/200-metres/round-1/result,data/raw/wa/pages/WCH2023/men-200-metres-round-1.html.gz
2026-09-29T08:51:20Z,200,161945,f25f04e44f182334f1c4a1ae249be7772178c921a8494425efb199cad08b1881,https://worldathletics.org/competitions/world-athletics-championships/world-athletics-championships-budapest-2023-7138987/results/men/200-metres/semi-finals/result,https://worldathletics.org/competitions/world-athletics-championships/world-athletics-championships-budapest-2023-7138987/results/men/200-metres/semi-finals/result,data/raw/wa/pages/WCH2023/men-200-metres-semi-finals.html.gz
2026-09-29T08:51:23Z,200,93743,90570b2539ac93cc27a9f48668523fe47dd56d30bacc12db53847280f1c1d6a8,https://worldathletics.org/competitions/world-athletics-championships/world-athletics-championships-budapest-2023-7138987/results/women/200-metres/final/result,https://worldathletics.org/competitions/world-athletics-championships/world-athletics-championships-budapest-2023-7138987/results/women/200-metres/final/result,data/raw/wa/pages/WCH2023/women-200-metres-final.html.gz
2026-09-29T08:51:26Z,200,237697,66b911e4e898c3a778410281c5576f339cb7125ba57cea3277e05c7d6d4f4a55,https://worldathletics.org/competitions/world-athletics-championships/world-athletics-championships-budapest-2023-7138987/results/women/200-metres/round-1/result,https://worldathletics.org/competitions/world-athletics-championships/world-athletics-championships-budapest-2023-7138987/results/women/200-metres/round-1/result,data/raw/wa/pages/WCH2023/women-200-metres-round-1.html.gz
2026-09-29T08:51:29Z,200,162632,a150cff4f020b75d536958a1cded586caecd6899a82bae5ce27b60e730e37b2d,https://worldathletics.org/competitions/world-athletics-championships/world-athletics-championships-budapest-2023-7138987/results/women/200-metres/semi-finals/result,https://worldathletics.org/competitions/world-athletics-championships/world-athletics-championships-budapest-2023-7138987/results/women/200-metres/semi-finals/result,data/raw/wa/pages/WCH2023/women-200-metres-semi-finals.html.gz
2026-09-29T08:51:31Z,200,89691,c30456e4c6cdd7b392ff1dd1ae77f46b09baefcd0e88fcfab822f8477d210303,https://worldathletics.org/competitions/world-athletics-championships/world-athletics-championships-oregon-2022-7137279/results/men/200-metres/final/result,https://worldathletics.org/competitions/world-athletics-championships/world-athletics-championships-oregon-2022-7137279/results/men/200-metres/final/result,data/raw/wa/pages/WCH2022/men-200-metres-final.html.gz
2026-09-29T08:51:34Z,200,246207,311d7f99cf0d2c8ce1d5bf97347f7788032dac95b227435b354735334353aaed,https://worldathletics.org/competitions/world-athletics-championships/world-athletics-championships-oregon-2022-7137279/results/men/200-metres/round-1/result,https://worldathletics.org/competitions/world-athletics-championships/world-athletics-championships-oregon-2022-7137279/results/men/200-metres/round-1/result,data/raw/wa/pages/WCH2022/men-200-metres-round-1.html.gz
2026-09-29T08:51:37Z,200,158213,252392804df095ae56bf447e9846126c1c506b9edbc4466261b3937de512f189,https://worldathletics.org/competitions/world-athletics-championships/world-athletics-championships-oregon-2022-7137279/results/men/200-metres/semi-finals/result,https://worldathletics.org/competitions/world-athletics-championships/world-athletics-championships-oregon-2022-7137279/results/men/200-metres/semi-finals/result,data/raw/wa/pages/WCH2022/men-200-metres-semi-finals.html.gz
2026-09-29T08:51:39Z,200,89786,c138324a894a170c10aa4c87b45e718d5d02416f0d8c26976a1b0d5105825a4b,https://worldathletics.org/competitions/world-athletics-championships/world-athletics-championships-oregon-2022-7137279/results/women/200-metres/final/result,https://worldathletics.org/competitions/world-athletics-championships/world-athletics-championships-oregon-2022-7137279/results/women/200-metres/final/result,data/raw/wa/pages/WCH2022/women-200-metres-final.html.gz
2026-09-29T08:51:42Z,200,231725,dbf0a74339012a85d13a6cfcf896478696e2cce7ba99adde624a990a9583ee57,https://worldathletics.org/competitions/world-athletics-championships/world-athletics-championships-oregon-2022-7137279/results/women/200-metres/round-1/result,https://worldathletics.org/competitions/world-athletics-championships/world-athletics-championships-oregon-2022-7137279/results/women/200-metres/round-1/result,data/raw/wa/pages/WCH2022/women-200-metres-round-1.html.gz
2026-09-29T08:51:45Z,200,158311,2d3639328070362fe2c394bc7c2e484db24cda62cffcc4826a7da7e10060c2d0,https://worldathletics.org/competitions/world-athletics-championships/world-athletics-championships-oregon-2022-7137279/results/women/200-metres/semi-finals/result,https://worldathletics.org/competitions/world-athletics-championships/world-athletics-championships-oregon-2022-7137279/results/women/200-metres/semi-finals/result,data/raw/wa/pages/WCH2022/women-200-metres-semi-finals.html.gz
2026-09-29T08:51:48Z,200,79802,b3079281acf60a68595338721a83a55d208019796dd8c2752e70067f83aa8578,https://worldathletics.org/competitions/world-athletics-championships/iaaf-world-athletics-championships-doha-2019-7125365/results/men/200-metres/final/result,https://worldathletics.org/competitions/world-athletics-championships/iaaf-world-athletics-championships-doha-2019-7125365/results/men/200-metres/final/result,data/raw/wa/pages/WCH2019/men-200-metres-final.html.gz
2026-09-29T08:51:51Z,200,243747,69d8becfabfe066b17c6bb133084a7afe688a9c9603f0a067d2031ad83b2cde4,https://worldathletics.org/competitions/world-athletics-championships/iaaf-world-athletics-championships-doha-2019-7125365/results/men/200-metres/round-1/result,https://worldathletics.org/competitions/world-athletics-championships/iaaf-world-athletics-championships-doha-2019-7125365/results/men/200-metres/round-1/result,data/raw/wa/pages/WCH2019/men-200-metres-round-1.html.gz
2026-09-29T08:51:53Z,200,145662,acb9df4b6f95495bbd505529bae6efeb9e22a0a099370d4b1668c548e6ee32fa,https://worldathletics.org/competitions/world-athletics-championships/iaaf-world-athletics-championships-doha-2019-7125365/results/men/200-metres/semi-finals/result,https://worldathletics.org/competitions/world-athletics-championships/iaaf-world-athletics-championships-doha-2019-7125365/results/men/200-metres/semi-finals/result,data/raw/wa/pages/WCH2019/men-200-metres-semi-finals.html.gz
2026-09-29T08:51:59Z,200,80158,122c51d8ec16e45c389687c445d485cca47efca926f6b3fe376f3e9d96f6636b,https://worldathletics.org/competitions/world-athletics-championships/iaaf-world-athletics-championships-doha-2019-7125365/results/women/200-metres/final/result,https://worldathletics.org/competitions/world-athletics-championships/iaaf-world-athletics-championships-doha-2019-7125365/results/women/200-metres/final/result,data/raw/wa/pages/WCH2019/women-200-metres-final.html.gz
2026-09-29T08:52:01Z,200,227455,ea984821e6b92d1b04adc8ecfaa38ecb2b49e1000ec9f73b41001f027b7d702c,https://worldathletics.org/competitions/world-athletics-championships/iaaf-world-athletics-championships-doha-2019-7125365/results/women/200-metres/round-1/result,https://worldathletics.org/competitions/world-athletics-championships/iaaf-world-athletics-championships-doha-2019-7125365/results/women/200-metres/round-1/result,data/raw/wa/pages/WCH2019/women-200-metres-round-1.html.gz
2026-09-29T08:52:03Z,200,146106,43ecb5672395912d8fcee52a9eef0bdee8712c4df7e441d804f89fed5dd6e462,https://worldathletics.org/competitions/world-athletics-championships/iaaf-world-athletics-championships-doha-2019-7125365/results/women/200-metres/semi-finals/result,https://worldathletics.org/competitions/world-athletics-championships/iaaf-world-athletics-championships-doha-2019-7125365/results/women/200-metres/semi-finals/result,data/raw/wa/pages/WCH2019/women-200-metres-semi-finals.html.gz
2026-09-29T08:52:07Z,200,77872,6c0337bb6f92fdbe3054eae1ea6b6863c85896a4d262f2e0af5141943d4a25a2,https://worldathletics.org/competitions/olympic-games/the-xxxiii-olympic-games-7153115/results/men/200-metres/final/result,https://worldathletics.org/competitions/olympic-games/the-xxxiii-olympic-games-7153115/results/men/200-metres/final/result,data/raw/wa/pages/OG2024/men-200-metres-final.html.gz
2026-09-29T08:52:09Z,200,213763,36ca0ea22fbe2069f94dae2f146a3c2b92129b3113c69d68cd645789fbb573f2,https://worldathletics.org/competitions/olympic-games/the-xxxiii-olympic-games-7153115/results/men/200-metres/round-1/result,https://worldathletics.org/competitions/olympic-games/the-xxxiii-olympic-games-7153115/results/men/200-metres/round-1/result,data/raw/wa/pages/OG2024/men-200-metres-round-1.html.gz
2026-09-29T08:52:13Z,200,141415,5def7f24b8f31f1bb9f45ea94f003e5a22b1a890fdae3bb2b5028a2791c0a775,https://worldathletics.org/competitions/olympic-games/the-xxxiii-olympic-games-7153115/results/men/200-metres/repechage-round/result,https://worldathletics.org/competitions/olympic-games/the-xxxiii-olympic-games-7153115/results/men/200-metres/repechage-round/result,data/raw/wa/pages/OG2024/men-200-metres-repechage-round.html.gz
2026-09-29T08:52:15Z,200,142222,4c6d9f9a161acb2599eb5c4e00b64929b6d9b185ffaf009051f83556a17f03f6,https://worldathletics.org/competitions/olympic-games/the-xxxiii-olympic-games-7153115/results/men/200-metres/semi-finals/result,https://worldathletics.org/competitions/olympic-games/the-xxxiii-olympic-games-7153115/results/men/200-metres/semi-finals/result,data/raw/wa/pages/OG2024/men-200-metres-semi-finals.html.gz
2026-09-29T08:52:17Z,200,78007,e88d1130e23d3c545edf1af3f97fb7564380fb9a7c846d1aa2c547c2fafa54bb,https://worldathletics.org/competitions/olympic-games/the-xxxiii-olympic-games-7153115/results/women/200-metres/final/result,https://worldathletics.org/competitions/olympic-games/the-xxxiii-olympic-games-7153115/results/women/200-metres/final/result,data/raw/wa/pages/OG2024/women-200-metres-final.html.gz
2026-09-29T08:52:20Z,200,221064,6ed2ed9e42a7e32ac8c2579ca83c31e7a56ef5fa764ede83601dcd16aaa43da3,https://worldathletics.org/competitions/olympic-games/the-xxxiii-olympic-games-7153115/results/women/200-metres/round-1/result,https://worldathletics.org/competitions/olympic-games/the-xxxiii-olympic-games-7153115/results/women/200-metres/round-1/result,data/raw/wa/pages/OG2024/women-200-metres-round-1.html.gz
2026-09-29T08:52:23Z,200,151060,60d8b8de5d41a7c0749f7d03e9613f93f00dc06b367b078cf4d375eec2194987,https://worldathletics.org/competitions/olympic-games/the-xxxiii-olympic-games-7153115/results/women/200-metres/repechage-round/result,https://worldathletics.org/competitions/olympic-games/the-xxxiii-olympic-games-7153115/results/women/200-metres/repechage-round/result,data/raw/wa/pages/OG2024/women-200-metres-repechage-round.html.gz
2026-09-29T08:52:26Z,200,143325,aebb321d4ce7720529a79fb0173e84c32b31b6a203cb86d28d822ca84970e3a9,https://worldathletics.org/competitions/olympic-games/the-xxxiii-olympic-games-7153115/results/women/200-metres/semi-finals/result,https://worldathletics.org/competitions/olympic-games/the-xxxiii-olympic-games-7153115/results/women/200-metres/semi-finals/result,data/raw/wa/pages/OG2024/women-200-metres-semi-finals.html.gz
2026-09-29T08:52:30Z,200,75383,685119ad3c739632cf425c97ed8f0af1ad329993e4ca271f92bf831686087f65,https://worldathletics.org/competitions/olympic-games/the-xxxii-olympic-games-athletics-7132391/results/men/200-metres/final/result,https://worldathletics.org/competitions/olympic-games/the-xxxii-olympic-games-athletics-7132391/results/men/200-metres/final/result,data/raw/wa/pages/OG2020/men-200-metres-final.html.gz
2026-09-29T08:52:31Z,200,225342,b24b8ffe13aca0c75a5afdd71b19b482c362d0eb3c2ae10094e9eecda75b4f86,https://worldathletics.org/competitions/olympic-games/the-xxxii-olympic-games-athletics-7132391/results/men/200-metres/round-1/result,https://worldathletics.org/competitions/olympic-games/the-xxxii-olympic-games-athletics-7132391/results/men/200-metres/round-1/result,data/raw/wa/pages/OG2020/men-200-metres-round-1.html.gz
2026-09-29T08:52:34Z,200,140162,2c06feec445624c0e1a338e9de67f4b5930231ebf2529aad5e018519d194cd45,https://worldathletics.org/competitions/olympic-games/the-xxxii-olympic-games-athletics-7132391/results/men/200-metres/semi-finals/result,https://worldathletics.org/competitions/olympic-games/the-xxxii-olympic-games-athletics-7132391/results/men/200-metres/semi-finals/result,data/raw/wa/pages/OG2020/men-200-metres-semi-finals.html.gz
2026-09-29T08:52:37Z,200,75678,3cc1e131e026d0a53e26794a32d7fa0b5984d5c2255683cc9e652f24b44a8511,https://worldathletics.org/competitions/olympic-games/the-xxxii-olympic-games-athletics-7132391/results/women/200-metres/final/result,https://worldathletics.org/competitions/olympic-games/the-xxxii-olympic-games-athletics-7132391/results/women/200-metres/final/result,data/raw/wa/pages/OG2020/women-200-metres-final.html.gz
2026-09-29T08:52:40Z,200,197917,943596c6dadb8644ce98c3a234a5d876545173a5901e13af0f06fd1ffee18015,https://worldathletics.org/competitions/olympic-games/the-xxxii-olympic-games-athletics-7132391/results/women/200-metres/round-1/result,https://worldathletics.org/competitions/olympic-games/the-xxxii-olympic-games-athletics-7132391/results/women/200-metres/round-1/result,data/raw/wa/pages/OG2020/women-200-metres-round-1.html.gz
2026-09-29T08:52:43Z,200,143938,00513dc14b29f629ed3cce54970c8ffe62f8aa111f8de0b2a41f9b7be30d3c7c,https://worldathletics.org/competitions/olympic-games/the-xxxii-olympic-games-athletics-7132391/results/women/200-metres/semi-finals/result,https://worldathletics.org/competitions/olympic-games/the-xxxii-olympic-games-athletics-7132391/results/women/200-metres/semi-finals/result,data/raw/wa/pages/OG2020/women-200-metres-semi-finals.html.gz
2026-09-29T08:52:48Z,200,137159,9df8cc9dca1a9a2d493c6072da83f356ea8c8be16249a3b46fa87acddb3a9c52,https://media.aws.iaaf.org/competitiondocuments/pdf/6033/AT-200-M-f----.RS6.pdf,https://media.aws.iaaf.org/competitiondocuments/pdf/6033/AT-200-M-f----.RS6.pdf,data/raw/wa/pdf/6033/AT-200-M-f----.RS6.pdf
2026-09-29T08:52:50Z,200,154286,b8969c0fc09d8e2a9f293f17dadc71405cee43633182921ed85c256c1a0428f6,https://media.aws.iaaf.org/competitiondocuments/pdf/6033/AT-200-M-h----.RS6.pdf,https://media.aws.iaaf.org/competitiondocuments/pdf/6033/AT-200-M-h----.RS6.pdf,data/raw/wa/pdf/6033/AT-200-M-h----.RS6.pdf
2026-09-29T08:53:29Z,200,141982,eb919a65006bb6d1c22b73a527aead1ededf5d65c30067d4e917ebbd638a63ba,https://media.aws.iaaf.org/competitiondocuments/pdf/6033/AT-200-M-sf----.RS6.pdf,https://media.aws.iaaf.org/competitiondocuments/pdf/6033/AT-200-M-sf----.RS6.pdf,data/raw/wa/pdf/6033/AT-200-M-sf----.RS6.pdf
2026-09-29T08:53:30Z,200,138167,4c8f2c538e3e1d48cc0d56f710da24bcf1b81c4bba548eba6f09614905992b76,https://media.aws.iaaf.org/competitiondocuments/pdf/6033/AT-200-W-f----.RS6.pdf,https://media.aws.iaaf.org/competitiondocuments/pdf/6033/AT-200-W-f----.RS6.pdf,data/raw/wa/pdf/6033/AT-200-W-f----.RS6.pdf
2026-09-29T08:53:34Z,200,161077,07627466f08fd6f116ea586c69dea871921334972e0814f9ce57d3d8b99d2657,https://media.aws.iaaf.org/competitiondocuments/pdf/6033/AT-200-W-h----.RS6.pdf,https://media.aws.iaaf.org/competitiondocuments/pdf/6033/AT-200-W-h----.RS6.pdf,data/raw/wa/pdf/6033/AT-200-W-h----.RS6.pdf
2026-09-29T08:53:36Z,200,142437,f7e18bb657a28d4985bb5f6df8c455a600c62847216604f36d229eeb06df66c1,https://media.aws.iaaf.org/competitiondocuments/pdf/6033/AT-200-W-sf----.RS6.pdf,https://media.aws.iaaf.org/competitiondocuments/pdf/6033/AT-200-W-sf----.RS6.pdf,data/raw/wa/pdf/6033/AT-200-W-sf----.RS6.pdf
2026-09-29T08:53:39Z,200,106845,9ab707c67161d2b72d16213d57de98e417068b4d08cdf55369e2b84b706e7d9d,https://media.aws.iaaf.org/competitiondocuments/pdf/7137279/AT-200-M-f----.RS6.pdf,https://media.aws.iaaf.org/competitiondocuments/pdf/7137279/AT-200-M-f----.RS6.pdf,data/raw/wa/pdf/7137279/AT-200-M-f----.RS6.pdf
2026-09-29T08:53:42Z,200,132181,e2e370d483bafff7df633623920aa69296c4bf0805702b894e9ccfff617382d5,https://media.aws.iaaf.org/competitiondocuments/pdf/7137279/AT-200-M-h----.RS6.pdf,https://media.aws.iaaf.org/competitiondocuments/pdf/7137279/AT-200-M-h----.RS6.pdf,data/raw/wa/pdf/7137279/AT-200-M-h----.RS6.pdf
2026-09-29T08:53:45Z,200,116969,16367f48a1724c37d2c48b621ebea6329225a93f701d27ae9f322f571f28202a,https://media.aws.iaaf.org/competitiondocuments/pdf/7137279/AT-200-M-sf----.RS6.pdf,https://media.aws.iaaf.org/competitiondocuments/pdf/7137279/AT-200-M-sf----.RS6.pdf,data/raw/wa/pdf/7137279/AT-200-M-sf----.RS6.pdf
2026-09-29T08:53:47Z,200,107069,2ee8d224efc958ad71b1d2d5103c98cd3f3df3272a5b8d9648866ed1d4ec6c6f,https://media.aws.iaaf.org/competitiondocuments/pdf/7137279/AT-200-W-f----.RS6.pdf,https://media.aws.iaaf.org/competitiondocuments/pdf/7137279/AT-200-W-f----.RS6.pdf,data/raw/wa/pdf/7137279/AT-200-W-f----.RS6.pdf
2026-09-29T08:53:49Z,200,124758,6ff69d8e7707aa07f95bfbc07cbb04a9a962292fc5bfd5a9d22c5f46c827f28d,https://media.aws.iaaf.org/competitiondocuments/pdf/7137279/AT-200-W-h----.RS6.pdf,https://media.aws.iaaf.org/competitiondocuments/pdf/7137279/AT-200-W-h----.RS6.pdf,data/raw/wa/pdf/7137279/AT-200-W-h----.RS6.pdf
2026-09-29T08:53:52Z,200,116729,7bb957252906c95100fa30004aaa196f58980b3927939435276495b50bed7f0b,https://media.aws.iaaf.org/competitiondocuments/pdf/7137279/AT-200-W-sf----.RS6.pdf,https://media.aws.iaaf.org/competitiondocuments/pdf/7137279/AT-200-W-sf----.RS6.pdf,data/raw/wa/pdf/7137279/AT-200-W-sf----.RS6.pdf
2026-09-29T08:53:55Z,200,170866,161f7976cd8bcb0216e28fecb73be0d20e47a9cfb8fc0f014ed37e551d3f0b0c,https://media.aws.iaaf.org/competitiondocuments/pdf/7138987/AT-200-M-f----.RS6.pdf,https://media.aws.iaaf.org/competitiondocuments/pdf/7138987/AT-200-M-f----.RS6.pdf,data/raw/wa/pdf/7138987/AT-200-M-f----.RS6.pdf
2026-09-29T08:53:57Z,200,203813,9191024502d33492a51a84612739f89cdba73181b0aa9104e30f9e8d4d10914a,https://media.aws.iaaf.org/competitiondocuments/pdf/7138987/AT-200-M-h----.RS6.pdf,https://media.aws.iaaf.org/competitiondocuments/pdf/7138987/AT-200-M-h----.RS6.pdf,data/raw/wa/pdf/7138987/AT-200-M-h----.RS6.pdf
2026-09-29T08:54:02Z,200,189730,fdee6af0bc6588fc099491910fb5ba0e5a868e582c307c57519c5a77a4b0e289,https://media.aws.iaaf.org/competitiondocuments/pdf/7138987/AT-200-M-sf----.RS6.pdf,https://media.aws.iaaf.org/competitiondocuments/pdf/7138987/AT-200-M-sf----.RS6.pdf,data/raw/wa/pdf/7138987/AT-200-M-sf----.RS6.pdf
2026-09-29T08:54:05Z,200,172135,5534782b454d3459f8e33689fa283b50f54799527aa4880a46afb624ec892f89,https://media.aws.iaaf.org/competitiondocuments/pdf/7138987/AT-200-W-f----.RS6.pdf,https://media.aws.iaaf.org/competitiondocuments/pdf/7138987/AT-200-W-f----.RS6.pdf,data/raw/wa/pdf/7138987/AT-200-W-f----.RS6.pdf
2026-09-29T08:54:07Z,200,188755,193fa8b2b202487f8c82fcd225bf7080dd1cb4648466364f669e320c646e80db,https://media.aws.iaaf.org/competitiondocuments/pdf/7138987/AT-200-W-h----.RS6.pdf,https://media.aws.iaaf.org/competitiondocuments/pdf/7138987/AT-200-W-h----.RS6.pdf,data/raw/wa/pdf/7138987/AT-200-W-h----.RS6.pdf
2026-09-29T08:54:10Z,200,181333,6be2fcb338b17f783ac4969d855d72e60f10248e4c3b193a4b4555d8030ac997,https://media.aws.iaaf.org/competitiondocuments/pdf/7138987/AT-200-W-sf----.RS6.pdf,https://media.aws.iaaf.org/competitiondocuments/pdf/7138987/AT-200-W-sf----.RS6.pdf,data/raw/wa/pdf/7138987/AT-200-W-sf----.RS6.pdf
2026-09-29T08:54:13Z,200,326889,aebd78a45ba4faac80786a467864485825981b1f5a98966b7046c34510a0b5b9,https://media.aws.iaaf.org/competitiondocuments/pdf/7190593/AT-200-M-f----.RS6.pdf,https://media.aws.iaaf.org/competitiondocuments/pdf/7190593/AT-200-M-f----.RS6.pdf,data/raw/wa/pdf/7190593/AT-200-M-f----.RS6.pdf
2026-09-29T08:54:15Z,200,521399,2f0c1227911089d9db6faafafcf03fd4ca70c1a1ae4519910834320a96508d82,https://media.aws.iaaf.org/competitiondocuments/pdf/7190593/AT-200-M-h----.RS6.pdf,https://media.aws.iaaf.org/competitiondocuments/pdf/7190593/AT-200-M-h----.RS6.pdf,data/raw/wa/pdf/7190593/AT-200-M-h----.RS6.pdf
2026-09-29T08:54:17Z,200,344202,d6631852f634ac70744269b5b4e574601dab08cc2b41a1ab8794a7d32f6ff03c,https://media.aws.iaaf.org/competitiondocuments/pdf/7190593/AT-200-M-h--1--.RS1.pdf,https://media.aws.iaaf.org/competitiondocuments/pdf/7190593/AT-200-M-h--1--.RS1.pdf,data/raw/wa/pdf/7190593/AT-200-M-h--1--.RS1.pdf
2026-09-29T08:54:21Z,200,334584,13b682640a03abd9b5dee87432198a234356158c9d4ebe0264f1b501fc8167d2,https://media.aws.iaaf.org/competitiondocuments/pdf/7190593/AT-200-M-h--2--.RS1.pdf,https://media.aws.iaaf.org/competitiondocuments/pdf/7190593/AT-200-M-h--2--.RS1.pdf,data/raw/wa/pdf/7190593/AT-200-M-h--2--.RS1.pdf
2026-09-29T08:54:23Z,200,345737,ca5d20e387b6bbf70c5af2f65e80097b7a3470c477f0095803d2d70d07cb56e2,https://media.aws.iaaf.org/competitiondocuments/pdf/7190593/AT-200-M-h--3--.RS1.pdf,https://media.aws.iaaf.org/competitiondocuments/pdf/7190593/AT-200-M-h--3--.RS1.pdf,data/raw/wa/pdf/7190593/AT-200-M-h--3--.RS1.pdf
2026-09-29T08:54:26Z,200,348307,edfcdb6b0aaaf8f7f87dd7e0e3b1c0439278933a82177765e8f4226d371ce950,https://media.aws.iaaf.org/competitiondocuments/pdf/7190593/AT-200-M-h--4--.RS1.pdf,https://media.aws.iaaf.org/competitiondocuments/pdf/7190593/AT-200-M-h--4--.RS1.pdf,data/raw/wa/pdf/7190593/AT-200-M-h--4--.RS1.pdf
2026-09-29T08:54:29Z,200,387789,cb12537f3f0b9c656dabf1283e253251b68d59982ad38610e4338964365750ba,https://media.aws.iaaf.org/competitiondocuments/pdf/7190593/AT-200-M-h--5--.RS1.pdf,https://media.aws.iaaf.org/competitiondocuments/pdf/7190593/AT-200-M-h--5--.RS1.pdf,data/raw/wa/pdf/7190593/AT-200-M-h--5--.RS1.pdf
2026-09-29T08:54:32Z,200,343168,417683aa58d1373dc7bb629b2befb44d0224d688f4268da1d6c9dd17d4afb714,https://media.aws.iaaf.org/competitiondocuments/pdf/7190593/AT-200-M-h--6--.RS1.pdf,https://media.aws.iaaf.org/competitiondocuments/pdf/7190593/AT-200-M-h--6--.RS1.pdf,data/raw/wa/pdf/7190593/AT-200-M-h--6--.RS1.pdf
2026-09-29T08:54:35Z,200,441855,88fde7a3f9c67e37bd7280373731849f9029a45358bfdb7463a01aef73238bc6,https://media.aws.iaaf.org/competitiondocuments/pdf/7190593/AT-200-M-sf----.RS6.pdf,https://media.aws.iaaf.org/competitiondocuments/pdf/7190593/AT-200-M-sf----.RS6.pdf,data/raw/wa/pdf/7190593/AT-200-M-sf----.RS6.pdf
2026-09-29T08:54:37Z,200,351471,2ac42ca3181edbb5a3680a810607b83d5320774d3cabff0694035e86fdcb008b,https://media.aws.iaaf.org/competitiondocuments/pdf/7190593/AT-200-M-sf--1--.RS1.pdf,https://media.aws.iaaf.org/competitiondocuments/pdf/7190593/AT-200-M-sf--1--.RS1.pdf,data/raw/wa/pdf/7190593/AT-200-M-sf--1--.RS1.pdf
2026-09-29T08:54:40Z,200,323004,0048e03fcf5462e4ee34f586adb17b84f67b9121ad723c56fd54122149a5b104,https://media.aws.iaaf.org/competitiondocuments/pdf/7190593/AT-200-M-sf--2--.RS1.pdf,https://media.aws.iaaf.org/competitiondocuments/pdf/7190593/AT-200-M-sf--2--.RS1.pdf,data/raw/wa/pdf/7190593/AT-200-M-sf--2--.RS1.pdf
2026-09-29T08:54:42Z,200,348734,955f3ac5033255ba6b27583a0397710c0e809ed76a3fe19fe1868d4c63eb5b09,https://media.aws.iaaf.org/competitiondocuments/pdf/7190593/AT-200-M-sf--3--.RS1.pdf,https://media.aws.iaaf.org/competitiondocuments/pdf/7190593/AT-200-M-sf--3--.RS1.pdf,data/raw/wa/pdf/7190593/AT-200-M-sf--3--.RS1.pdf
2026-09-29T08:54:45Z,200,332648,a34e03e0e4f6abe8fc83a8a186c485a7cd4a37201e726b4644bc5b4383002a7d,https://media.aws.iaaf.org/competitiondocuments/pdf/7190593/AT-200-W-f----.RS6.pdf,https://media.aws.iaaf.org/competitiondocuments/pdf/7190593/AT-200-W-f----.RS6.pdf,data/raw/wa/pdf/7190593/AT-200-W-f----.RS6.pdf
2026-09-29T08:54:48Z,200,521766,07e2e7a1313ad6fa91dfec227904b23b6bae64e7f1bbcf313541e5bd6adb99a6,https://media.aws.iaaf.org/competitiondocuments/pdf/7190593/AT-200-W-h----.RS6.pdf,https://media.aws.iaaf.org/competitiondocuments/pdf/7190593/AT-200-W-h----.RS6.pdf,data/raw/wa/pdf/7190593/AT-200-W-h----.RS6.pdf
2026-09-29T08:54:51Z,200,365859,335e583a48f896306a0495faac3553b2013eb1eea5687228fadf46caf5644467,https://media.aws.iaaf.org/competitiondocuments/pdf/7190593/AT-200-W-h--1--.RS1.pdf,https://media.aws.iaaf.org/competitiondocuments/pdf/7190593/AT-200-W-h--1--.RS1.pdf,data/raw/wa/pdf/7190593/AT-200-W-h--1--.RS1.pdf
2026-09-29T08:54:54Z,200,339231,aa5d8433de0bec65a338beff2579d006e2136e6fbce99c7ffb41b5dc4ab82fc7,https://media.aws.iaaf.org/competitiondocuments/pdf/7190593/AT-200-W-h--2--.RS1.pdf,https://media.aws.iaaf.org/competitiondocuments/pdf/7190593/AT-200-W-h--2--.RS1.pdf,data/raw/wa/pdf/7190593/AT-200-W-h--2--.RS1.pdf
2026-09-29T08:54:57Z,200,343594,55b49e27c2bb4367527c9fe93a2409bdebd104ca7767e5c2412afaedb511417c,https://media.aws.iaaf.org/competitiondocuments/pdf/7190593/AT-200-W-h--3--.RS1.pdf,https://media.aws.iaaf.org/competitiondocuments/pdf/7190593/AT-200-W-h--3--.RS1.pdf,data/raw/wa/pdf/7190593/AT-200-W-h--3--.RS1.pdf
2026-09-29T08:54:59Z,200,358328,7d43c9f7cd6de220c4211f95cad54b4f2a47c4fd483703a287e0f0568cddaa38,https://media.aws.iaaf.org/competitiondocuments/pdf/7190593/AT-200-W-h--4--.RS1.pdf,https://media.aws.iaaf.org/competitiondocuments/pdf/7190593/AT-200-W-h--4--.RS1.pdf,data/raw/wa/pdf/7190593/AT-200-W-h--4--.RS1.pdf
2026-09-29T08:55:02Z,200,349499,67124e0b10c5c6ea1218c01959db4231bf49ba47892fababe8c0bc7f7109b348,https://media.aws.iaaf.org/competitiondocuments/pdf/7190593/AT-200-W-h--5--.RS1.pdf,https://media.aws.iaaf.org/competitiondocuments/pdf/7190593/AT-200-W-h--5--.RS1.pdf,data/raw/wa/pdf/7190593/AT-200-W-h--5--.RS1.pdf
2026-09-29T08:55:08Z,200,332578,bd56eeabecebcef5e071f902f269d6778219430018ad50a345e69ede53061e59,https://media.aws.iaaf.org/competitiondocuments/pdf/7190593/AT-200-W-h--6--.RS1.pdf,https://media.aws.iaaf.org/competitiondocuments/pdf/7190593/AT-200-W-h--6--.RS1.pdf,data/raw/wa/pdf/7190593/AT-200-W-h--6--.RS1.pdf
2026-09-29T08:55:09Z,200,447553,f81aef83a267a31d0967a4bc8ebb3bb805d06acb97d434c9a44b525325634e54,https://media.aws.iaaf.org/competitiondocuments/pdf/7190593/AT-200-W-sf----.RS6.pdf,https://media.aws.iaaf.org/competitiondocuments/pdf/7190593/AT-200-W-sf----.RS6.pdf,data/raw/wa/pdf/7190593/AT-200-W-sf----.RS6.pdf
2026-09-29T08:55:11Z,200,331285,5268896af4c7ace82b727bff40d06d502a6f3fd27cea2cfd00ec39ff16841076,https://media.aws.iaaf.org/competitiondocuments/pdf/7190593/AT-200-W-sf--1--.RS1.pdf,https://media.aws.iaaf.org/competitiondocuments/pdf/7190593/AT-200-W-sf--1--.RS1.pdf,data/raw/wa/pdf/7190593/AT-200-W-sf--1--.RS1.pdf
2026-09-29T08:55:15Z,200,323890,9c33f1dd9b48358f8b761b4a28b0c67bc7221b1880981b4fc918191f8369c84a,https://media.aws.iaaf.org/competitiondocuments/pdf/7190593/AT-200-W-sf--2--.RS1.pdf,https://media.aws.iaaf.org/competitiondocuments/pdf/7190593/AT-200-W-sf--2--.RS1.pdf,data/raw/wa/pdf/7190593/AT-200-W-sf--2--.RS1.pdf
2026-09-29T08:55:18Z,200,345114,5be19b6e7fff5ebf1f9828f291c9c399e8131e7b40ab646513d2d95db3498ad3,https://media.aws.iaaf.org/competitiondocuments/pdf/7190593/AT-200-W-sf--3--.RS1.pdf,https://media.aws.iaaf.org/competitiondocuments/pdf/7190593/AT-200-W-sf--3--.RS1.pdf,data/raw/wa/pdf/7190593/AT-200-W-sf--3--.RS1.pdf
2026-09-29T08:55:26Z,200,483638,b717db97885f233c665c3f2645d5f14031c28766c6827e770343609d2478e7a9,https://media.aws.iaaf.org/competitiondocuments/waveform/7137279/M_200_f_1.jpg,https://media.aws.iaaf.org/competitiondocuments/waveform/7137279/M_200_f_1.jpg,data/raw/wa/waveform/7137279/M_200_f_1.jpg
2026-09-29T08:55:28Z,200,466391,1e53568e53a67655caa543fdfad70a2129b4796fcc8b3d748dea0db4e24283d8,https://media.aws.iaaf.org/competitiondocuments/waveform/7137279/M_200_h_1.jpg,https://media.aws.iaaf.org/competitiondocuments/waveform/7137279/M_200_h_1.jpg,data/raw/wa/waveform/7137279/M_200_h_1.jpg
2026-09-29T08:55:33Z,200,469656,c52ffe873bb49cefb3170a4c88789dfe63b07ba2f8a75d7ff1a73650c2051963,https://media.aws.iaaf.org/competitiondocuments/waveform/7137279/M_200_h_2.jpg,https://media.aws.iaaf.org/competitiondocuments/waveform/7137279/M_200_h_2.jpg,data/raw/wa/waveform/7137279/M_200_h_2.jpg
2026-09-29T08:55:35Z,200,472829,6b7da906b224668ee3facccbba469ab33cf60c572f8b01f2b648baf087788783,https://media.aws.iaaf.org/competitiondocuments/waveform/7137279/M_200_h_3.jpg,https://media.aws.iaaf.org/competitiondocuments/waveform/7137279/M_200_h_3.jpg,data/raw/wa/waveform/7137279/M_200_h_3.jpg
2026-09-29T08:55:38Z,200,471858,25e0fb4a4ec118b8b7721fce1ffee085c5de7d50007849be2880bcda652496c1,https://media.aws.iaaf.org/competitiondocuments/waveform/7137279/M_200_h_4.jpg,https://media.aws.iaaf.org/competitiondocuments/waveform/7137279/M_200_h_4.jpg,data/raw/wa/waveform/7137279/M_200_h_4.jpg
2026-09-29T08:55:41Z,200,454558,7be96e4c3b5b9135390cb29814954ca17ae428e5c5b8d2638c8173902713e350,https://media.aws.iaaf.org/competitiondocuments/waveform/7137279/M_200_h_5.jpg,https://media.aws.iaaf.org/competitiondocuments/waveform/7137279/M_200_h_5.jpg,data/raw/wa/waveform/7137279/M_200_h_5.jpg
2026-09-29T08:55:44Z,200,441606,e9a9d62b7f5049d4e1c9a3a22efdb63ab2b485116005a52b347ec2f5c339768d,https://media.aws.iaaf.org/competitiondocuments/waveform/7137279/M_200_h_6.jpg,https://media.aws.iaaf.org/competitiondocuments/waveform/7137279/M_200_h_6.jpg,data/raw/wa/waveform/7137279/M_200_h_6.jpg
2026-09-29T08:55:46Z,200,458594,c8554582102c726ba2c9a7b1929183eead4c1249b1465988a6785eed5084c2a2,https://media.aws.iaaf.org/competitiondocuments/waveform/7137279/M_200_h_7.jpg,https://media.aws.iaaf.org/competitiondocuments/waveform/7137279/M_200_h_7.jpg,data/raw/wa/waveform/7137279/M_200_h_7.jpg
2026-09-29T08:55:49Z,200,469390,91377fba6fba952c4053c509fc55731a53c8ec2b6a3f6336d1c825dd89332eeb,https://media.aws.iaaf.org/competitiondocuments/waveform/7137279/M_200_sf_1.jpg,https://media.aws.iaaf.org/competitiondocuments/waveform/7137279/M_200_sf_1.jpg,data/raw/wa/waveform/7137279/M_200_sf_1.jpg
2026-09-29T08:55:51Z,200,487083,b42aee988a10e66058dee5d330e56befe8cc154fa582cdfc2fa1bb552b91ba75,https://media.aws.iaaf.org/competitiondocuments/waveform/7137279/M_200_sf_2.jpg,https://media.aws.iaaf.org/competitiondocuments/waveform/7137279/M_200_sf_2.jpg,data/raw/wa/waveform/7137279/M_200_sf_2.jpg
2026-09-29T08:55:55Z,200,475390,319e57e35b8203e6638403b317adf5ae8c7463ee0c31d60492d036f63a8c2fd3,https://media.aws.iaaf.org/competitiondocuments/waveform/7137279/M_200_sf_3.jpg,https://media.aws.iaaf.org/competitiondocuments/waveform/7137279/M_200_sf_3.jpg,data/raw/wa/waveform/7137279/M_200_sf_3.jpg
2026-09-29T08:55:59Z,200,476792,67883dc88a21290a89fc9b26bcb3aca6a0b49821158b09af0a45c4ed899aa525,https://media.aws.iaaf.org/competitiondocuments/waveform/7137279/W_200_f_1.jpg,https://media.aws.iaaf.org/competitiondocuments/waveform/7137279/W_200_f_1.jpg,data/raw/wa/waveform/7137279/W_200_f_1.jpg
2026-09-29T08:56:01Z,200,461932,5807e435a45a06ba5ce5f870dfd5e4228e64c5d4d5d46276a20b952e84626616,https://media.aws.iaaf.org/competitiondocuments/waveform/7137279/W_200_h_1.jpg,https://media.aws.iaaf.org/competitiondocuments/waveform/7137279/W_200_h_1.jpg,data/raw/wa/waveform/7137279/W_200_h_1.jpg
2026-09-29T08:56:03Z,200,482348,8ee909677d24fb79dfba8e1ea7419f7e7dc6bfa59c0447d1548d110455d2004a,https://media.aws.iaaf.org/competitiondocuments/waveform/7137279/W_200_h_2.jpg,https://media.aws.iaaf.org/competitiondocuments/waveform/7137279/W_200_h_2.jpg,data/raw/wa/waveform/7137279/W_200_h_2.jpg
2026-09-29T08:56:06Z,200,467813,04c5994c0acd9c6b02fc5295dd9445033626194f2110f604a353194fc0025e0b,https://media.aws.iaaf.org/competitiondocuments/waveform/7137279/W_200_h_3.jpg,https://media.aws.iaaf.org/competitiondocuments/waveform/7137279/W_200_h_3.jpg,data/raw/wa/waveform/7137279/W_200_h_3.jpg
2026-09-29T08:56:09Z,200,452413,03ae57ba66d5f75fc2aa2ce88b215132c1f6fb8eab192d24368672932c8fd41e,https://media.aws.iaaf.org/competitiondocuments/waveform/7137279/W_200_h_4.jpg,https://media.aws.iaaf.org/competitiondocuments/waveform/7137279/W_200_h_4.jpg,data/raw/wa/waveform/7137279/W_200_h_4.jpg
2026-09-29T08:56:11Z,200,464047,da9fb9802ce78316658cc600a047a3b3ff346c6f9612cd787f07c7486f8a310b,https://media.aws.iaaf.org/competitiondocuments/waveform/7137279/W_200_h_5.jpg,https://media.aws.iaaf.org/competitiondocuments/waveform/7137279/W_200_h_5.jpg,data/raw/wa/waveform/7137279/W_200_h_5.jpg
2026-09-29T08:56:14Z,200,471824,a5082d0317276ff83c25e1a6eb4e8caeb57bff8fde4d376009936edcf3afe614,https://media.aws.iaaf.org/competitiondocuments/waveform/7137279/W_200_h_6.jpg,https://media.aws.iaaf.org/competitiondocuments/waveform/7137279/W_200_h_6.jpg,data/raw/wa/waveform/7137279/W_200_h_6.jpg
2026-09-29T08:56:17Z,200,428301,c7b1078bb67b7d0b022c8f88d4e15cb809c73aa09d91689d513d537ae0b04d50,https://media.aws.iaaf.org/competitiondocuments/waveform/7137279/W_200_sf_1.jpg,https://media.aws.iaaf.org/competitiondocuments/waveform/7137279/W_200_sf_1.jpg,data/raw/wa/waveform/7137279/W_200_sf_1.jpg
2026-09-29T08:56:19Z,200,432115,c03d230a26179a8907ce5fa9270f1738854a1ad55f1b7130df892bc564a117c5,https://media.aws.iaaf.org/competitiondocuments/waveform/7137279/W_200_sf_2.jpg,https://media.aws.iaaf.org/competitiondocuments/waveform/7137279/W_200_sf_2.jpg,data/raw/wa/waveform/7137279/W_200_sf_2.jpg
2026-09-29T08:56:26Z,200,428409,14963c325f447fa036d297c4e089428e1d52c882c0ca950c9d881e358b82e4fd,https://media.aws.iaaf.org/competitiondocuments/waveform/7137279/W_200_sf_3.jpg,https://media.aws.iaaf.org/competitiondocuments/waveform/7137279/W_200_sf_3.jpg,data/raw/wa/waveform/7137279/W_200_sf_3.jpg
2026-09-29T08:56:27Z,200,481029,ae5168d00791c8f2b61b3726cf7f74a0ae108901619242da21b0e7c87666f64f,https://media.aws.iaaf.org/competitiondocuments/waveform/7138987/M_200_f_1.jpg,https://media.aws.iaaf.org/competitiondocuments/waveform/7138987/M_200_f_1.jpg,data/raw/wa/waveform/7138987/M_200_f_1.jpg
2026-09-29T08:56:30Z,200,476924,a0c06161c428234cee85a03b82af711324753f709e092afe8dd83b13930cc7f7,https://media.aws.iaaf.org/competitiondocuments/waveform/7138987/M_200_h_1.jpg,https://media.aws.iaaf.org/competitiondocuments/waveform/7138987/M_200_h_1.jpg,data/raw/wa/waveform/7138987/M_200_h_1.jpg
2026-09-29T08:56:33Z,200,478174,a0219c0abe0adfcd3876b3df39841d644c69245a89653cc24157199e15dc22db,https://media.aws.iaaf.org/competitiondocuments/waveform/7138987/M_200_h_2.jpg,https://media.aws.iaaf.org/competitiondocuments/waveform/7138987/M_200_h_2.jpg,data/raw/wa/waveform/7138987/M_200_h_2.jpg
2026-09-29T08:56:36Z,200,473668,2c20384631bf5d0833940ff0b6a906a8fd4d757dd3bbdf9eb16fe44e91a9f56d,https://media.aws.iaaf.org/competitiondocuments/waveform/7138987/M_200_h_3.jpg,https://media.aws.iaaf.org/competitiondocuments/waveform/7138987/M_200_h_3.jpg,data/raw/wa/waveform/7138987/M_200_h_3.jpg
2026-09-29T08:56:38Z,200,470632,a177807026243047dfaca1e59732fc5064c2f7a72fd6455428be8254551ad149,https://media.aws.iaaf.org/competitiondocuments/waveform/7138987/M_200_h_4.jpg,https://media.aws.iaaf.org/competitiondocuments/waveform/7138987/M_200_h_4.jpg,data/raw/wa/waveform/7138987/M_200_h_4.jpg
2026-09-29T08:56:40Z,200,682692,4c9037116ec32a9fa0cf5a95c2bc7a968da99afd93616f6d0bbba8e7d374fb3f,https://media.aws.iaaf.org/competitiondocuments/waveform/7138987/M_200_h_5.jpg,https://media.aws.iaaf.org/competitiondocuments/waveform/7138987/M_200_h_5.jpg,data/raw/wa/waveform/7138987/M_200_h_5.jpg
2026-09-29T08:56:43Z,200,476981,d54526a235ab90cc4db33d0b9121a225989b8d4d62b2075894562fb3c061256e,https://media.aws.iaaf.org/competitiondocuments/waveform/7138987/M_200_h_6.jpg,https://media.aws.iaaf.org/competitiondocuments/waveform/7138987/M_200_h_6.jpg,data/raw/wa/waveform/7138987/M_200_h_6.jpg
2026-09-29T08:56:46Z,200,470725,a2c1682abe02cda5f2a7306e77ec6ae3f1407a4825f4d455ce04986109a1f8dc,https://media.aws.iaaf.org/competitiondocuments/waveform/7138987/M_200_h_7.jpg,https://media.aws.iaaf.org/competitiondocuments/waveform/7138987/M_200_h_7.jpg,data/raw/wa/waveform/7138987/M_200_h_7.jpg
2026-09-29T08:56:48Z,200,475272,e2a2ee0e21711b68e5b7598e4ba22871c89bc84be6225d3d804c2643907d5e21,https://media.aws.iaaf.org/competitiondocuments/waveform/7138987/M_200_sf_1.jpg,https://media.aws.iaaf.org/competitiondocuments/waveform/7138987/M_200_sf_1.jpg,data/raw/wa/waveform/7138987/M_200_sf_1.jpg
2026-09-29T08:56:51Z,200,473081,6cc130a09d300d27293952b6ddfa7c381d780d0e3c324cdf786076c9a75c15fc,https://media.aws.iaaf.org/competitiondocuments/waveform/7138987/M_200_sf_2.jpg,https://media.aws.iaaf.org/competitiondocuments/waveform/7138987/M_200_sf_2.jpg,data/raw/wa/waveform/7138987/M_200_sf_2.jpg
2026-09-29T08:56:54Z,200,475259,eb5b49945c76987be7167bca7ae0cad4d943a7ed62e2fb0af43c2e3d5184d21c,https://media.aws.iaaf.org/competitiondocuments/waveform/7138987/M_200_sf_3.jpg,https://media.aws.iaaf.org/competitiondocuments/waveform/7138987/M_200_sf_3.jpg,data/raw/wa/waveform/7138987/M_200_sf_3.jpg
2026-09-29T08:56:58Z,200,471747,ff18f32fb7331757e95f37beaa94145170aad613e30e94e05ab68d0ad771899f,https://media.aws.iaaf.org/competitiondocuments/waveform/7138987/W_200_f_1.jpg,https://media.aws.iaaf.org/competitiondocuments/waveform/7138987/W_200_f_1.jpg,data/raw/wa/waveform/7138987/W_200_f_1.jpg
2026-09-29T08:57:00Z,200,468141,ae26ccb7951cf4ec5df9f3c7cbb8d412d7bce2b38c4807c77b3012bcb948b3b5,https://media.aws.iaaf.org/competitiondocuments/waveform/7138987/W_200_h_1.jpg,https://media.aws.iaaf.org/competitiondocuments/waveform/7138987/W_200_h_1.jpg,data/raw/wa/waveform/7138987/W_200_h_1.jpg
2026-09-29T08:57:02Z,200,473570,680d2b2dcd94716c6dc795fb4d5c150f4e4b4528129af43628ac201658d13299,https://media.aws.iaaf.org/competitiondocuments/waveform/7138987/W_200_h_2.jpg,https://media.aws.iaaf.org/competitiondocuments/waveform/7138987/W_200_h_2.jpg,data/raw/wa/waveform/7138987/W_200_h_2.jpg
2026-09-29T08:57:06Z,200,461341,3eecb32627919384f5c317c0b51da15799a8700a9f0cec370bc42458da9d6721,https://media.aws.iaaf.org/competitiondocuments/waveform/7138987/W_200_h_3.jpg,https://media.aws.iaaf.org/competitiondocuments/waveform/7138987/W_200_h_3.jpg,data/raw/wa/waveform/7138987/W_200_h_3.jpg
2026-09-29T08:57:10Z,200,457388,bfa376748311858d1729e4d92c03fa4c195b5144dbcbf79a30981f5eb4efb013,https://media.aws.iaaf.org/competitiondocuments/waveform/7138987/W_200_h_4.jpg,https://media.aws.iaaf.org/competitiondocuments/waveform/7138987/W_200_h_4.jpg,data/raw/wa/waveform/7138987/W_200_h_4.jpg
2026-09-29T08:57:12Z,200,458450,9f31808c0f171089367899f21a26e6738b6d009a18a2a829d6951bc7c618df3c,https://media.aws.iaaf.org/competitiondocuments/waveform/7138987/W_200_h_5.jpg,https://media.aws.iaaf.org/competitiondocuments/waveform/7138987/W_200_h_5.jpg,data/raw/wa/waveform/7138987/W_200_h_5.jpg
2026-09-29T08:57:14Z,200,474382,e65dea0fc0c3715b5d3a56d22f1e7290671748f8c0a05b328b6541c95cd05933,https://media.aws.iaaf.org/competitiondocuments/waveform/7138987/W_200_h_6.jpg,https://media.aws.iaaf.org/competitiondocuments/waveform/7138987/W_200_h_6.jpg,data/raw/wa/waveform/7138987/W_200_h_6.jpg
2026-09-29T08:57:19Z,200,470197,3d1a14c269347b71bc52922650d50c19ea4820e1b28ed1f9ff8f6d19c511dc7b,https://media.aws.iaaf.org/competitiondocuments/waveform/7138987/W_200_sf_1.jpg,https://media.aws.iaaf.org/competitiondocuments/waveform/7138987/W_200_sf_1.jpg,data/raw/wa/waveform/7138987/W_200_sf_1.jpg
2026-09-29T08:57:20Z,200,467985,03894c4c214f279ab4d98185874ebe74d376712b4375446af258d9c1e7a1e4c1,https://media.aws.iaaf.org/competitiondocuments/waveform/7138987/W_200_sf_2.jpg,https://media.aws.iaaf.org/competitiondocuments/waveform/7138987/W_200_sf_2.jpg,data/raw/wa/waveform/7138987/W_200_sf_2.jpg
2026-09-29T08:57:23Z,200,469847,88556d686f409478a694659007253f55d957daafc0f5c01bc63f9ce6a2a08ecf,https://media.aws.iaaf.org/competitiondocuments/waveform/7138987/W_200_sf_3.jpg,https://media.aws.iaaf.org/competitiondocuments/waveform/7138987/W_200_sf_3.jpg,data/raw/wa/waveform/7138987/W_200_sf_3.jpg
2026-09-29T08:57:25Z,200,424358,dd45dbc31cead5aa2d5a97e4f6ca2f5387771bd36c339123513063f16b54db9a,https://media.aws.iaaf.org/competitiondocuments/waveform/7190593/M_200_f_1.jpg,https://media.aws.iaaf.org/competitiondocuments/waveform/7190593/M_200_f_1.jpg,data/raw/wa/waveform/7190593/M_200_f_1.jpg
2026-09-29T08:57:28Z,200,482047,1047614b7ff860a9d71d971df10b4cfe94a917811c323688080efa9745ae201d,https://media.aws.iaaf.org/competitiondocuments/waveform/7190593/M_200_h_1.jpg,https://media.aws.iaaf.org/competitiondocuments/waveform/7190593/M_200_h_1.jpg,data/raw/wa/waveform/7190593/M_200_h_1.jpg
2026-09-29T08:57:31Z,200,479872,ac7958df54486325354de82fbbce8848d8a88b2e442feab0d7e05c253f3582f0,https://media.aws.iaaf.org/competitiondocuments/waveform/7190593/M_200_h_2.jpg,https://media.aws.iaaf.org/competitiondocuments/waveform/7190593/M_200_h_2.jpg,data/raw/wa/waveform/7190593/M_200_h_2.jpg
2026-09-29T08:57:34Z,200,490656,43c2ab6e71b71337ffc593be54261cfa367c84c487ec8820fc3acd0d8ac96c7d,https://media.aws.iaaf.org/competitiondocuments/waveform/7190593/M_200_h_3.jpg,https://media.aws.iaaf.org/competitiondocuments/waveform/7190593/M_200_h_3.jpg,data/raw/wa/waveform/7190593/M_200_h_3.jpg
2026-09-29T08:57:36Z,200,483650,b37d0f5b91a7e85cce465cec7c708ba897f375987c3dcfd0d119197a4c67d2f3,https://media.aws.iaaf.org/competitiondocuments/waveform/7190593/M_200_h_4.jpg,https://media.aws.iaaf.org/competitiondocuments/waveform/7190593/M_200_h_4.jpg,data/raw/wa/waveform/7190593/M_200_h_4.jpg
2026-09-29T08:57:39Z,200,477576,90bdff84d0da1238c02828feaef416b59a0e5f667132e2b9bfa778337fe29525,https://media.aws.iaaf.org/competitiondocuments/waveform/7190593/M_200_h_5.jpg,https://media.aws.iaaf.org/competitiondocuments/waveform/7190593/M_200_h_5.jpg,data/raw/wa/waveform/7190593/M_200_h_5.jpg
2026-09-29T08:57:42Z,200,478885,0a92e4ef287b93c1c3c783049d22c1a522eb1b50806f05f1b9824d978a838c4a,https://media.aws.iaaf.org/competitiondocuments/waveform/7190593/M_200_h_6.jpg,https://media.aws.iaaf.org/competitiondocuments/waveform/7190593/M_200_h_6.jpg,data/raw/wa/waveform/7190593/M_200_h_6.jpg
2026-09-29T08:57:45Z,200,477622,4c2fb9681ef65ed689ef7b37dff2cba936efeed318fcb8d807a60db05b422c7d,https://media.aws.iaaf.org/competitiondocuments/waveform/7190593/M_200_sf_1.jpg,https://media.aws.iaaf.org/competitiondocuments/waveform/7190593/M_200_sf_1.jpg,data/raw/wa/waveform/7190593/M_200_sf_1.jpg
2026-09-29T08:57:49Z,200,464413,bb0cf87fdae6f22db4481e72bf6d9864a2c823671081ba76b7f6e2d50b01f3e4,https://media.aws.iaaf.org/competitiondocuments/waveform/7190593/M_200_sf_2.jpg,https://media.aws.iaaf.org/competitiondocuments/waveform/7190593/M_200_sf_2.jpg,data/raw/wa/waveform/7190593/M_200_sf_2.jpg
2026-09-29T08:57:51Z,200,479333,e9b8f7647c33a851e31f46cca3bb54b2865f1dd4c8d03d2e3e8ecccd1853741f,https://media.aws.iaaf.org/competitiondocuments/waveform/7190593/M_200_sf_3.jpg,https://media.aws.iaaf.org/competitiondocuments/waveform/7190593/M_200_sf_3.jpg,data/raw/wa/waveform/7190593/M_200_sf_3.jpg
2026-09-29T08:57:55Z,200,422008,e986978047d399e6e3c07f776812dc556ec111fbf9e78c04bbe7b1cc0ff2e449,https://media.aws.iaaf.org/competitiondocuments/waveform/7190593/W_200_f_1.jpg,https://media.aws.iaaf.org/competitiondocuments/waveform/7190593/W_200_f_1.jpg,data/raw/wa/waveform/7190593/W_200_f_1.jpg
2026-09-29T08:57:57Z,200,479895,a7efff1a6a1751a059a24bf5439c55e84d454cf33aa5911600b3111185aba432,https://media.aws.iaaf.org/competitiondocuments/waveform/7190593/W_200_h_1.jpg,https://media.aws.iaaf.org/competitiondocuments/waveform/7190593/W_200_h_1.jpg,data/raw/wa/waveform/7190593/W_200_h_1.jpg
2026-09-29T08:58:00Z,200,479421,7ca4f3f23af51d8e61d315d37058b82154f12001280e4ba7968523088092c789,https://media.aws.iaaf.org/competitiondocuments/waveform/7190593/W_200_h_2.jpg,https://media.aws.iaaf.org/competitiondocuments/waveform/7190593/W_200_h_2.jpg,data/raw/wa/waveform/7190593/W_200_h_2.jpg
2026-09-29T08:58:02Z,200,472317,b0f02b29b930177a75853ceb3decde5e70888f789684708f80d18984597b6525,https://media.aws.iaaf.org/competitiondocuments/waveform/7190593/W_200_h_3.jpg,https://media.aws.iaaf.org/competitiondocuments/waveform/7190593/W_200_h_3.jpg,data/raw/wa/waveform/7190593/W_200_h_3.jpg
2026-09-29T08:58:04Z,200,466592,4584ec7e309af865943768304e5b5502c65df4d1cf77a84264c3bf0045d58c1e,https://media.aws.iaaf.org/competitiondocuments/waveform/7190593/W_200_h_4.jpg,https://media.aws.iaaf.org/competitiondocuments/waveform/7190593/W_200_h_4.jpg,data/raw/wa/waveform/7190593/W_200_h_4.jpg
2026-09-29T08:58:08Z,200,471084,9e6434326f62509211fd6d6578155c577a56a492d5fdfdb8180d5be1a6a49d37,https://media.aws.iaaf.org/competitiondocuments/waveform/7190593/W_200_h_5.jpg,https://media.aws.iaaf.org/competitiondocuments/waveform/7190593/W_200_h_5.jpg,data/raw/wa/waveform/7190593/W_200_h_5.jpg
2026-09-29T08:58:11Z,200,471175,4988a6b5acb90766dfe5817f88eb5725b338cfce8fa311c8a333fb8fe0efc817,https://media.aws.iaaf.org/competitiondocuments/waveform/7190593/W_200_h_6.jpg,https://media.aws.iaaf.org/competitiondocuments/waveform/7190593/W_200_h_6.jpg,data/raw/wa/waveform/7190593/W_200_h_6.jpg
2026-09-29T08:58:12Z,200,468751,0323bad2ac0162f34e077e542abcd1adf7145b511cfffd12712af19cd965ff9c,https://media.aws.iaaf.org/competitiondocuments/waveform/7190593/W_200_sf_1.jpg,https://media.aws.iaaf.org/competitiondocuments/waveform/7190593/W_200_sf_1.jpg,data/raw/wa/waveform/7190593/W_200_sf_1.jpg
2026-09-29T08:58:17Z,200,471752,c0a5b72c09353906cc7c12037d5aa393c8acac2bc7f984bb24b6d6f87b7cbc3b,https://media.aws.iaaf.org/competitiondocuments/waveform/7190593/W_200_sf_2.jpg,https://media.aws.iaaf.org/competitiondocuments/waveform/7190593/W_200_sf_2.jpg,data/raw/wa/waveform/7190593/W_200_sf_2.jpg
2026-09-29T08:58:19Z,200,466547,bed44cf2fb35d8227fb9e05733f65bc2c4a78da99fb5cd80fc4a2cfda702ce8f,https://media.aws.iaaf.org/competitiondocuments/waveform/7190593/W_200_sf_3.jpg,https://media.aws.iaaf.org/competitiondocuments/waveform/7190593/W_200_sf_3.jpg,data/raw/wa/waveform/7190593/W_200_sf_3.jpg
2026-09-29T09:35:36Z,200,91653,755d7239bbaf90e40724b915994ed93d55a6ea1c98d0d8d93545a920579557f6,https://worldathletics.org/competitions/world-athletics-indoor-championships/world-athletics-indoor-championships-7180312/results/men/60-metres/final/result,https://worldathletics.org/competitions/world-athletics-indoor-championships/world-athletics-indoor-championships-7180312/results/men/60-metres/final/result,data/raw/wa/probe/world-athletics-indoor-championships-7180312.html.gz
2026-09-29T09:35:39Z,200,89796,042facb06f86848578e966b6ac86f66763bc1e4cc13526322e619806129dd8fd,https://worldathletics.org/competitions/world-athletics-indoor-championships/world-athletics-indoor-championships-7136586/results/men/60-metres/final/result,https://worldathletics.org/competitions/world-athletics-indoor-championships/world-athletics-indoor-championships-7136586/results/men/60-metres/final/result,data/raw/wa/probe/world-athletics-indoor-championships-7136586.html.gz
2026-09-29T09:35:42Z,200,86655,da3466792e0cb2501e07b0501df58e809c0dd0f8661539731b6ff4933edeaa89,https://worldathletics.org/competitions/world-athletics-indoor-championships/world-athletics-indoor-championships-7138985/results/men/60-metres/final/result,https://worldathletics.org/competitions/world-athletics-indoor-championships/world-athletics-indoor-championships-7138985/results/men/60-metres/final/result,data/raw/wa/probe/world-athletics-indoor-championships-7138985.html.gz
2026-09-29T09:36:19Z,200,89796,042facb06f86848578e966b6ac86f66763bc1e4cc13526322e619806129dd8fd,https://worldathletics.org/competitions/world-athletics-indoor-championships/world-athletics-indoor-championships-7136586/results/men/60-metres/final/result,https://worldathletics.org/competitions/world-athletics-indoor-championships/world-athletics-indoor-championships-7136586/results/men/60-metres/final/result,data/raw/wa/pages/WIC2025/men-60-metres-final.html.gz
2026-09-29T09:36:22Z,200,272245,0c83c098d1fe740fe939f8164e4922faeca3bcce73aca986081c070698a15ff5,https://worldathletics.org/competitions/world-athletics-indoor-championships/world-athletics-indoor-championships-7136586/results/men/60-metres/round-1/result,https://worldathletics.org/competitions/world-athletics-indoor-championships/world-athletics-indoor-championships-7136586/results/men/60-metres/round-1/result,data/raw/wa/pages/WIC2025/men-60-metres-round-1.html.gz
2026-09-29T09:36:25Z,200,156804,c0a1581fcead87d22e4552a7e312f484a1ae0e7504f2c15e18c6bf30cfbcd59b,https://worldathletics.org/competitions/world-athletics-indoor-championships/world-athletics-indoor-championships-7136586/results/men/60-metres/semi-finals/result,https://worldathletics.org/competitions/world-athletics-indoor-championships/world-athletics-indoor-championships-7136586/results/men/60-metres/semi-finals/result,data/raw/wa/pages/WIC2025/men-60-metres-semi-finals.html.gz
2026-09-29T09:36:28Z,200,89805,f300e0d2d2fd6b28336b9547823236cf1668d9639b991d13100c6db3407b829c,https://worldathletics.org/competitions/world-athletics-indoor-championships/world-athletics-indoor-championships-7136586/results/women/60-metres/final/result,https://worldathletics.org/competitions/world-athletics-indoor-championships/world-athletics-indoor-championships-7136586/results/women/60-metres/final/result,data/raw/wa/pages/WIC2025/women-60-metres-final.html.gz
2026-09-29T09:36:31Z,200,218121,95c9272c4750f533739902122266da771c74df5a15a40e78ba30338190a5e7e0,https://worldathletics.org/competitions/world-athletics-indoor-championships/world-athletics-indoor-championships-7136586/results/women/60-metres/round-1/result,https://worldathletics.org/competitions/world-athletics-indoor-championships/world-athletics-indoor-championships-7136586/results/women/60-metres/round-1/result,data/raw/wa/pages/WIC2025/women-60-metres-round-1.html.gz
2026-09-29T09:36:33Z,200,157205,1ef8d6119dd22435ab2f85507dc9f9a3ed81bdddd67dd2ddb78e81d9e073ba7b,https://worldathletics.org/competitions/world-athletics-indoor-championships/world-athletics-indoor-championships-7136586/results/women/60-metres/semi-finals/result,https://worldathletics.org/competitions/world-athletics-indoor-championships/world-athletics-indoor-championships-7136586/results/women/60-metres/semi-finals/result,data/raw/wa/pages/WIC2025/women-60-metres-semi-finals.html.gz
2026-09-29T09:36:36Z,200,89975,bcbc3c0636ff15d7d0ffe6519f06176a4716e1597630e58b0700a61165604e98,https://worldathletics.org/competitions/world-athletics-indoor-championships/world-athletics-indoor-championships-7136586/results/men/60-metres-hurdles/final/result,https://worldathletics.org/competitions/world-athletics-indoor-championships/world-athletics-indoor-championships-7136586/results/men/60-metres-hurdles/final/result,data/raw/wa/pages/WIC2025/men-60-metres-hurdles-final.html.gz
2026-09-29T09:36:39Z,200,190974,3decf1b3c32256430185e0c4852a4fd1629b846b2d204dd44fafe9ee4ccb345f,https://worldathletics.org/competitions/world-athletics-indoor-championships/world-athletics-indoor-championships-7136586/results/men/60-metres-hurdles/round-1/result,https://worldathletics.org/competitions/world-athletics-indoor-championships/world-athletics-indoor-championships-7136586/results/men/60-metres-hurdles/round-1/result,data/raw/wa/pages/WIC2025/men-60-metres-hurdles-round-1.html.gz
2026-09-29T09:36:42Z,200,157510,4c8f79d15363b82d885dbc1eeffc98eba509140c6a0ad7b11de1711fe56c307a,https://worldathletics.org/competitions/world-athletics-indoor-championships/world-athletics-indoor-championships-7136586/results/men/60-metres-hurdles/semi-finals/result,https://worldathletics.org/competitions/world-athletics-indoor-championships/world-athletics-indoor-championships-7136586/results/men/60-metres-hurdles/semi-finals/result,data/raw/wa/pages/WIC2025/men-60-metres-hurdles-semi-finals.html.gz
2026-09-29T09:36:45Z,200,90109,6d282c047b541c3f95894648f9bb8bdb63a63eec2e028c83a52558ce04aa1c08,https://worldathletics.org/competitions/world-athletics-indoor-championships/world-athletics-indoor-championships-7136586/results/women/60-metres-hurdles/final/result,https://worldathletics.org/competitions/world-athletics-indoor-championships/world-athletics-indoor-championships-7136586/results/women/60-metres-hurdles/final/result,data/raw/wa/pages/WIC2025/women-60-metres-hurdles-final.html.gz
2026-09-29T09:36:47Z,200,193199,03afcfde57d2251744dc3c0ccde42c6572407f410b1a3af7171420d7897228a1,https://worldathletics.org/competitions/world-athletics-indoor-championships/world-athletics-indoor-championships-7136586/results/women/60-metres-hurdles/round-1/result,https://worldathletics.org/competitions/world-athletics-indoor-championships/world-athletics-indoor-championships-7136586/results/women/60-metres-hurdles/round-1/result,data/raw/wa/pages/WIC2025/women-60-metres-hurdles-round-1.html.gz
2026-09-29T09:36:50Z,200,157335,72119ce74686a29a2886602ac4547977d1f3e1922ceb1c706d7bc7d3e9be62d2,https://worldathletics.org/competitions/world-athletics-indoor-championships/world-athletics-indoor-championships-7136586/results/women/60-metres-hurdles/semi-finals/result,https://worldathletics.org/competitions/world-athletics-indoor-championships/world-athletics-indoor-championships-7136586/results/women/60-metres-hurdles/semi-finals/result,data/raw/wa/pages/WIC2025/women-60-metres-hurdles-semi-finals.html.gz
2026-09-29T09:36:52Z,200,91653,755d7239bbaf90e40724b915994ed93d55a6ea1c98d0d8d93545a920579557f6,https://worldathletics.org/competitions/world-athletics-indoor-championships/world-athletics-indoor-championships-7180312/results/men/60-metres/final/result,https://worldathletics.org/competitions/world-athletics-indoor-championships/world-athletics-indoor-championships-7180312/results/men/60-metres/final/result,data/raw/wa/pages/WIC2024/men-60-metres-final.html.gz
2026-09-29T09:36:56Z,200,250933,243052daab41d68284f0e4020b8d237f4a0708b18d5025a80d4bb7775c790b15,https://worldathletics.org/competitions/world-athletics-indoor-championships/world-athletics-indoor-championships-7180312/results/men/60-metres/round-1/result,https://worldathletics.org/competitions/world-athletics-indoor-championships/world-athletics-indoor-championships-7180312/results/men/60-metres/round-1/result,data/raw/wa/pages/WIC2024/men-60-metres-round-1.html.gz
2026-09-29T09:36:59Z,200,159699,cedd333b2c1a45ef41b528f7949a107090d4567e343119c3ec53d8e5ed8ef710,https://worldathletics.org/competitions/world-athletics-indoor-championships/world-athletics-indoor-championships-7180312/results/men/60-metres/semi-finals/result,https://worldathletics.org/competitions/world-athletics-indoor-championships/world-athletics-indoor-championships-7180312/results/men/60-metres/semi-finals/result,data/raw/wa/pages/WIC2024/men-60-metres-semi-finals.html.gz
2026-09-29T09:37:01Z,200,91791,e8077a8684049727558f55e0c4b3be12ee23b4d8453d1858ea3c5966076cd19b,https://worldathletics.org/competitions/world-athletics-indoor-championships/world-athletics-indoor-championships-7180312/results/women/60-metres/final/result,https://worldathletics.org/competitions/world-athletics-indoor-championships/world-athletics-indoor-championships-7180312/results/women/60-metres/final/result,data/raw/wa/pages/WIC2024/women-60-metres-final.html.gz
2026-09-29T09:37:04Z,200,264082,1c5d7f2a4ee938468b7a045cd76fdd74537c129313bf6a3715bd1b964868b8fc,https://worldathletics.org/competitions/world-athletics-indoor-championships/world-athletics-indoor-championships-7180312/results/women/60-metres/round-1/result,https://worldathletics.org/competitions/world-athletics-indoor-championships/world-athletics-indoor-championships-7180312/results/women/60-metres/round-1/result,data/raw/wa/pages/WIC2024/women-60-metres-round-1.html.gz
2026-09-29T09:37:07Z,200,159897,20f9d468cc6791c279384c605a8002ea573cedafe3c4de565202ca3ba082c877,https://worldathletics.org/competitions/world-athletics-indoor-championships/world-athletics-indoor-championships-7180312/results/women/60-metres/semi-finals/result,https://worldathletics.org/competitions/world-athletics-indoor-championships/world-athletics-indoor-championships-7180312/results/women/60-metres/semi-finals/result,data/raw/wa/pages/WIC2024/women-60-metres-semi-finals.html.gz
2026-09-29T09:37:09Z,200,91565,18fb5b0d54a87ef334ddc1b023988c4f6e256a9d094855b7dd26579965feb679,https://worldathletics.org/competitions/world-athletics-indoor-championships/world-athletics-indoor-championships-7180312/results/men/60-metres-hurdles/final/result,https://worldathletics.org/competitions/world-athletics-indoor-championships/world-athletics-indoor-championships-7180312/results/men/60-metres-hurdles/final/result,data/raw/wa/pages/WIC2024/men-60-metres-hurdles-final.html.gz
2026-09-29T09:37:12Z,200,223062,3559cddcdc866689052f77ff0c139f86efc11ff6a53d81e5f8a0d46fb2dca0ae,https://worldathletics.org/competitions/world-athletics-indoor-championships/world-athletics-indoor-championships-7180312/results/men/60-metres-hurdles/round-1/result,https://worldathletics.org/competitions/world-athletics-indoor-championships/world-athletics-indoor-championships-7180312/results/men/60-metres-hurdles/round-1/result,data/raw/wa/pages/WIC2024/men-60-metres-hurdles-round-1.html.gz
2026-09-29T09:37:15Z,200,160212,6c0293d778345eacdc105623ef953f9648ef61dbe52b7657889e245595f6ae7e,https://worldathletics.org/competitions/world-athletics-indoor-championships/world-athletics-indoor-championships-7180312/results/men/60-metres-hurdles/semi-finals/result,https://worldathletics.org/competitions/world-athletics-indoor-championships/world-athletics-indoor-championships-7180312/results/men/60-metres-hurdles/semi-finals/result,data/raw/wa/pages/WIC2024/men-60-metres-hurdles-semi-finals.html.gz
2026-09-29T09:37:17Z,200,92244,1f7eb958dc5482eca59aec6ffe230c89cedec4955314a35e13539e596dbd1b18,https://worldathletics.org/competitions/world-athletics-indoor-championships/world-athletics-indoor-championships-7180312/results/women/60-metres-hurdles/final/result,https://worldathletics.org/competitions/world-athletics-indoor-championships/world-athletics-indoor-championships-7180312/results/women/60-metres-hurdles/final/result,data/raw/wa/pages/WIC2024/women-60-metres-hurdles-final.html.gz
2026-09-29T09:37:21Z,200,220587,7b6c9c2c72ec4a192a0138cb0f57a8164110e5234f20e9b59f35c78b75f814bc,https://worldathletics.org/competitions/world-athletics-indoor-championships/world-athletics-indoor-championships-7180312/results/women/60-metres-hurdles/round-1/result,https://worldathletics.org/competitions/world-athletics-indoor-championships/world-athletics-indoor-championships-7180312/results/women/60-metres-hurdles/round-1/result,data/raw/wa/pages/WIC2024/women-60-metres-hurdles-round-1.html.gz
2026-09-29T09:37:23Z,200,160890,41c196cfc730041f7014fc2150075efd632a2b1e011591b018a64b1f56fbb74c,https://worldathletics.org/competitions/world-athletics-indoor-championships/world-athletics-indoor-championships-7180312/results/women/60-metres-hurdles/semi-finals/result,https://worldathletics.org/competitions/world-athletics-indoor-championships/world-athletics-indoor-championships-7180312/results/women/60-metres-hurdles/semi-finals/result,data/raw/wa/pages/WIC2024/women-60-metres-hurdles-semi-finals.html.gz
2026-09-29T09:37:32Z,200,457803,28330764ece77b814da1c10d06a04330708a1649465084fadee64c37f0f7e651,https://media.aws.iaaf.org/competitiondocuments/waveform/7136586/M_60H_f_1.jpg,https://media.aws.iaaf.org/competitiondocuments/waveform/7136586/M_60H_f_1.jpg,data/raw/wa/waveform/7136586/M_60H_f_1.jpg
2026-09-29T09:37:34Z,200,459723,e2833f55c85d9371ad292fe5bf2c896da8e53dbdb20a3799208884349dea11e2,https://media.aws.iaaf.org/competitiondocuments/waveform/7136586/M_60H_h_1.jpg,https://media.aws.iaaf.org/competitiondocuments/waveform/7136586/M_60H_h_1.jpg,data/raw/wa/waveform/7136586/M_60H_h_1.jpg
2026-09-29T09:37:37Z,200,449184,5d24ff4fec46819ab66a9086d210d59e3a0e5e181332152615227c6ae60a7d30,https://media.aws.iaaf.org/competitiondocuments/waveform/7136586/M_60H_h_2.jpg,https://media.aws.iaaf.org/competitiondocuments/waveform/7136586/M_60H_h_2.jpg,data/raw/wa/waveform/7136586/M_60H_h_2.jpg
2026-09-29T09:37:40Z,200,415781,711c20469a08ab3eb0ade9cc9be513accdba85223a1116bcc22e7ba109962f06,https://media.aws.iaaf.org/competitiondocuments/waveform/7136586/M_60H_h_3.jpg,https://media.aws.iaaf.org/competitiondocuments/waveform/7136586/M_60H_h_3.jpg,data/raw/wa/waveform/7136586/M_60H_h_3.jpg
2026-09-29T09:37:42Z,200,460181,2ee29d74d3f568cc5f603c039105a45c6ee9bdccbaeb23ab875e37fe4d939921,https://media.aws.iaaf.org/competitiondocuments/waveform/7136586/M_60H_h_4.jpg,https://media.aws.iaaf.org/competitiondocuments/waveform/7136586/M_60H_h_4.jpg,data/raw/wa/waveform/7136586/M_60H_h_4.jpg
2026-09-29T09:37:45Z,200,461083,c85d600dd7850447165953a4221794075ea7f4394f275e34ab9ce0033727d19b,https://media.aws.iaaf.org/competitiondocuments/waveform/7136586/M_60H_h_5.jpg,https://media.aws.iaaf.org/competitiondocuments/waveform/7136586/M_60H_h_5.jpg,data/raw/wa/waveform/7136586/M_60H_h_5.jpg
2026-09-29T09:37:46Z,200,464849,51702538781c26a762e8f287e1aa9487cc40a69a20425d441652c2d855aede49,https://media.aws.iaaf.org/competitiondocuments/waveform/7136586/M_60H_sf_1.jpg,https://media.aws.iaaf.org/competitiondocuments/waveform/7136586/M_60H_sf_1.jpg,data/raw/wa/waveform/7136586/M_60H_sf_1.jpg
2026-09-29T09:37:50Z,200,463510,8b6dc567e38069985c60302520541198e0c2ff15400086e930a1c7ef679b4341,https://media.aws.iaaf.org/competitiondocuments/waveform/7136586/M_60H_sf_2.jpg,https://media.aws.iaaf.org/competitiondocuments/waveform/7136586/M_60H_sf_2.jpg,data/raw/wa/waveform/7136586/M_60H_sf_2.jpg
2026-09-29T09:37:53Z,200,463679,2b7ad33c781ad2ef9eba2f21e5cdb9af82f68a4af5394064317f9a191a61caf4,https://media.aws.iaaf.org/competitiondocuments/waveform/7136586/M_60H_sf_3.jpg,https://media.aws.iaaf.org/competitiondocuments/waveform/7136586/M_60H_sf_3.jpg,data/raw/wa/waveform/7136586/M_60H_sf_3.jpg
2026-09-29T09:37:55Z,200,453204,b6e8fbd7a6129de4371f7e72a224d0aef4c1440e842471b910d6f653a991e74a,https://media.aws.iaaf.org/competitiondocuments/waveform/7136586/M_60_f_1.jpg,https://media.aws.iaaf.org/competitiondocuments/waveform/7136586/M_60_f_1.jpg,data/raw/wa/waveform/7136586/M_60_f_1.jpg
2026-09-29T09:37:58Z,200,409058,8f264a17aa03a744e95c53706091e9544f3a51043bde1d61f0de411191137b50,https://media.aws.iaaf.org/competitiondocuments/waveform/7136586/M_60_h_1.jpg,https://media.aws.iaaf.org/competitiondocuments/waveform/7136586/M_60_h_1.jpg,data/raw/wa/waveform/7136586/M_60_h_1.jpg
2026-09-29T09:38:01Z,200,419055,8a0bec0d42a5073fd0a09d8524e632576e8906ad882606d4154ad0068e972431,https://media.aws.iaaf.org/competitiondocuments/waveform/7136586/M_60_h_2.jpg,https://media.aws.iaaf.org/competitiondocuments/waveform/7136586/M_60_h_2.jpg,data/raw/wa/waveform/7136586/M_60_h_2.jpg
2026-09-29T09:38:04Z,200,413216,6ff46803bf0022b84218176ca1e86d00a65fae367507d1150fa95b367a32011e,https://media.aws.iaaf.org/competitiondocuments/waveform/7136586/M_60_h_3.jpg,https://media.aws.iaaf.org/competitiondocuments/waveform/7136586/M_60_h_3.jpg,data/raw/wa/waveform/7136586/M_60_h_3.jpg
2026-09-29T09:38:06Z,200,410914,4c0386ffe86e94a57ac83657b21845f6c9e6f4fcf0a5c721f910b2f90acae27c,https://media.aws.iaaf.org/competitiondocuments/waveform/7136586/M_60_h_4.jpg,https://media.aws.iaaf.org/competitiondocuments/waveform/7136586/M_60_h_4.jpg,data/raw/wa/waveform/7136586/M_60_h_4.jpg
2026-09-29T09:38:09Z,200,408709,d23d533caa4e38a5be73abe699173221cc186b7fc7066044a4816665ef05891f,https://media.aws.iaaf.org/competitiondocuments/waveform/7136586/M_60_h_5.jpg,https://media.aws.iaaf.org/competitiondocuments/waveform/7136586/M_60_h_5.jpg,data/raw/wa/waveform/7136586/M_60_h_5.jpg
2026-09-29T09:38:12Z,200,414603,e67ef52cefc3bd9b6bdd16e06f6b0149c6c538e44115a79ac8790bbbafac9730,https://media.aws.iaaf.org/competitiondocuments/waveform/7136586/M_60_h_6.jpg,https://media.aws.iaaf.org/competitiondocuments/waveform/7136586/M_60_h_6.jpg,data/raw/wa/waveform/7136586/M_60_h_6.jpg
2026-09-29T09:38:15Z,200,414050,e4f555d7c045a7189c06c02995588682cb30e4e34dc5823d165ea63c45d81f15,https://media.aws.iaaf.org/competitiondocuments/waveform/7136586/M_60_h_7.jpg,https://media.aws.iaaf.org/competitiondocuments/waveform/7136586/M_60_h_7.jpg,data/raw/wa/waveform/7136586/M_60_h_7.jpg
2026-09-29T09:38:18Z,200,412086,2d7337566dedb1fdc96b6f995e79124adf9b0b826f42dcd162b5a99b2afbc98d,https://media.aws.iaaf.org/competitiondocuments/waveform/7136586/M_60_h_8.jpg,https://media.aws.iaaf.org/competitiondocuments/waveform/7136586/M_60_h_8.jpg,data/raw/wa/waveform/7136586/M_60_h_8.jpg
2026-09-29T09:38:20Z,200,435430,91336d8d67418a4d7b042bd8a22636020dbadd4194159b1443e8aa5f104c832b,https://media.aws.iaaf.org/competitiondocuments/waveform/7136586/M_60_sf_1.jpg,https://media.aws.iaaf.org/competitiondocuments/waveform/7136586/M_60_sf_1.jpg,data/raw/wa/waveform/7136586/M_60_sf_1.jpg
2026-09-29T09:38:23Z,200,459209,3bb8a80f13e8cb7607072246f4bb2fc672a5a52012eaa3dbce7dbf190b30317e,https://media.aws.iaaf.org/competitiondocuments/waveform/7136586/M_60_sf_2.jpg,https://media.aws.iaaf.org/competitiondocuments/waveform/7136586/M_60_sf_2.jpg,data/raw/wa/waveform/7136586/M_60_sf_2.jpg
2026-09-29T09:38:26Z,200,453173,e2c7b5ffa6e4657a9c6d31c3bf25ab27fbbb792ea524afa565128f039c01e88c,https://media.aws.iaaf.org/competitiondocuments/waveform/7136586/M_60_sf_3.jpg,https://media.aws.iaaf.org/competitiondocuments/waveform/7136586/M_60_sf_3.jpg,data/raw/wa/waveform/7136586/M_60_sf_3.jpg
2026-09-29T09:38:28Z,200,457258,0b2c289bc92c76e50fdb529f674b83b3d02403b53d96d31f2c47c9adfc480c59,https://media.aws.iaaf.org/competitiondocuments/waveform/7136586/W_60H_f_1.jpg,https://media.aws.iaaf.org/competitiondocuments/waveform/7136586/W_60H_f_1.jpg,data/raw/wa/waveform/7136586/W_60H_f_1.jpg
2026-09-29T09:38:31Z,200,447401,8d9633ae8d40804ae8c63a36cd909165130134ffb56540ffe4f580c02c0d2285,https://media.aws.iaaf.org/competitiondocuments/waveform/7136586/W_60H_h_1.jpg,https://media.aws.iaaf.org/competitiondocuments/waveform/7136586/W_60H_h_1.jpg,data/raw/wa/waveform/7136586/W_60H_h_1.jpg
2026-09-29T09:38:34Z,200,450396,c34c4cbb66b8859c7732ec917a9f0f5607b665f2ecae3cb0661457ad1016f244,https://media.aws.iaaf.org/competitiondocuments/waveform/7136586/W_60H_h_2.jpg,https://media.aws.iaaf.org/competitiondocuments/waveform/7136586/W_60H_h_2.jpg,data/raw/wa/waveform/7136586/W_60H_h_2.jpg
2026-09-29T09:38:36Z,200,450430,3e487d773d62443bf9e364be6513e3e7cdedc3ee1f1184f9fd6dbf4c00ba0597,https://media.aws.iaaf.org/competitiondocuments/waveform/7136586/W_60H_h_3.jpg,https://media.aws.iaaf.org/competitiondocuments/waveform/7136586/W_60H_h_3.jpg,data/raw/wa/waveform/7136586/W_60H_h_3.jpg
2026-09-29T09:38:40Z,200,444130,9a542d21dc2bd3ec0783b6b2138144ddef439c5c2294bcc1222473da176c2dea,https://media.aws.iaaf.org/competitiondocuments/waveform/7136586/W_60H_h_4.jpg,https://media.aws.iaaf.org/competitiondocuments/waveform/7136586/W_60H_h_4.jpg,data/raw/wa/waveform/7136586/W_60H_h_4.jpg
2026-09-29T09:38:43Z,200,448624,6347dcd2738557b2dc0daa500afdcdad6c59ed3f409e1eb293b819eccd46adf6,https://media.aws.iaaf.org/competitiondocuments/waveform/7136586/W_60H_h_5.jpg,https://media.aws.iaaf.org/competitiondocuments/waveform/7136586/W_60H_h_5.jpg,data/raw/wa/waveform/7136586/W_60H_h_5.jpg
2026-09-29T09:38:46Z,200,456067,5cd4aafd1c8736fa59995e7d7ba0a18a45b7f20ee396b195a92d0124ba5b53b7,https://media.aws.iaaf.org/competitiondocuments/waveform/7136586/W_60H_sf_1.jpg,https://media.aws.iaaf.org/competitiondocuments/waveform/7136586/W_60H_sf_1.jpg,data/raw/wa/waveform/7136586/W_60H_sf_1.jpg
2026-09-29T09:38:49Z,200,455634,0db6557f3c85c5253cbbaa39e0177b78a79280cae679d57cf5dac3db1a628668,https://media.aws.iaaf.org/competitiondocuments/waveform/7136586/W_60H_sf_2.jpg,https://media.aws.iaaf.org/competitiondocuments/waveform/7136586/W_60H_sf_2.jpg,data/raw/wa/waveform/7136586/W_60H_sf_2.jpg
2026-09-29T09:38:51Z,200,458289,c299bad659f5b464339654d537f8644c417d2c3ed5de1ca38406c22c0197fdbf,https://media.aws.iaaf.org/competitiondocuments/waveform/7136586/W_60H_sf_3.jpg,https://media.aws.iaaf.org/competitiondocuments/waveform/7136586/W_60H_sf_3.jpg,data/raw/wa/waveform/7136586/W_60H_sf_3.jpg
2026-09-29T09:38:54Z,200,456409,8d5e29986f4ce5007dfb04fcb1d8be90a2a5ccadeea9cfe0cb97f40fc810b41f,https://media.aws.iaaf.org/competitiondocuments/waveform/7136586/W_60_f_1.jpg,https://media.aws.iaaf.org/competitiondocuments/waveform/7136586/W_60_f_1.jpg,data/raw/wa/waveform/7136586/W_60_f_1.jpg
2026-09-29T09:38:57Z,200,450964,b12d014b91b98455f49e1c66d362d70dc6f9f559178fcd1236ea00e809e4fd75,https://media.aws.iaaf.org/competitiondocuments/waveform/7136586/W_60_h_1.jpg,https://media.aws.iaaf.org/competitiondocuments/waveform/7136586/W_60_h_1.jpg,data/raw/wa/waveform/7136586/W_60_h_1.jpg
2026-09-29T09:39:00Z,200,455748,480b35fb51367f4af7b677374a1c035e8c81503ff284803afd4a591c834374d3,https://media.aws.iaaf.org/competitiondocuments/waveform/7136586/W_60_h_2.jpg,https://media.aws.iaaf.org/competitiondocuments/waveform/7136586/W_60_h_2.jpg,data/raw/wa/waveform/7136586/W_60_h_2.jpg
2026-09-29T09:39:03Z,200,446935,78a055ee31c9813e365266cf4e7ac94833d636e7f45d7b57ad79ff07d576be61,https://media.aws.iaaf.org/competitiondocuments/waveform/7136586/W_60_h_3.jpg,https://media.aws.iaaf.org/competitiondocuments/waveform/7136586/W_60_h_3.jpg,data/raw/wa/waveform/7136586/W_60_h_3.jpg
2026-09-29T09:39:06Z,200,453599,e46a77c52628860476d5982931b9f2259f741a7670b44a7912155919e3e449d2,https://media.aws.iaaf.org/competitiondocuments/waveform/7136586/W_60_h_4.jpg,https://media.aws.iaaf.org/competitiondocuments/waveform/7136586/W_60_h_4.jpg,data/raw/wa/waveform/7136586/W_60_h_4.jpg
2026-09-29T09:39:08Z,200,448924,0b34020ef41c5e5d7ae40354882be4b3ce72fff307bb6fa517edd4033372f2cd,https://media.aws.iaaf.org/competitiondocuments/waveform/7136586/W_60_h_5.jpg,https://media.aws.iaaf.org/competitiondocuments/waveform/7136586/W_60_h_5.jpg,data/raw/wa/waveform/7136586/W_60_h_5.jpg
2026-09-29T09:39:11Z,200,447155,01c7f198d28768b57a2b5973ec570570565e2fb66a0d992b2af4b13dc54cb70a,https://media.aws.iaaf.org/competitiondocuments/waveform/7136586/W_60_h_6.jpg,https://media.aws.iaaf.org/competitiondocuments/waveform/7136586/W_60_h_6.jpg,data/raw/wa/waveform/7136586/W_60_h_6.jpg
2026-09-29T09:39:14Z,200,457456,4a921812337c1abd472cd57511ebd4fa3c4f3a69deeff82c513eb16f20320273,https://media.aws.iaaf.org/competitiondocuments/waveform/7136586/W_60_sf_1.jpg,https://media.aws.iaaf.org/competitiondocuments/waveform/7136586/W_60_sf_1.jpg,data/raw/wa/waveform/7136586/W_60_sf_1.jpg
2026-09-29T09:39:17Z,200,453056,360ddfa95b3ad6928a2fcea6dd85fba5a39b0d2e8a77ecef22c1e146e2aabfb8,https://media.aws.iaaf.org/competitiondocuments/waveform/7136586/W_60_sf_2.jpg,https://media.aws.iaaf.org/competitiondocuments/waveform/7136586/W_60_sf_2.jpg,data/raw/wa/waveform/7136586/W_60_sf_2.jpg
2026-09-29T09:39:19Z,200,458457,161c4ac9c3523e10f385fba12711e876a565c834242bddce0b8a4223972157a3,https://media.aws.iaaf.org/competitiondocuments/waveform/7136586/W_60_sf_3.jpg,https://media.aws.iaaf.org/competitiondocuments/waveform/7136586/W_60_sf_3.jpg,data/raw/wa/waveform/7136586/W_60_sf_3.jpg
2026-09-29T09:39:22Z,200,469751,f4024b0dc21c92faaa797cca75bf9ce962230c1c3239ed1b1c929b46bf5e3376,https://media.aws.iaaf.org/competitiondocuments/waveform/7180312/M_60H_f_1.jpg,https://media.aws.iaaf.org/competitiondocuments/waveform/7180312/M_60H_f_1.jpg,data/raw/wa/waveform/7180312/M_60H_f_1.jpg
2026-09-29T09:39:24Z,200,455066,02ae9e0667e0ac6796ea941be33b87cf71034ee40e47e432b97f6aed19ab5261,https://media.aws.iaaf.org/competitiondocuments/waveform/7180312/M_60H_h_1.jpg,https://media.aws.iaaf.org/competitiondocuments/waveform/7180312/M_60H_h_1.jpg,data/raw/wa/waveform/7180312/M_60H_h_1.jpg
2026-09-29T09:39:27Z,200,457121,40fc51c3bc612aeb5bd1a3683609b9a00e74fb830991f11d133e6cf36d62c6b0,https://media.aws.iaaf.org/competitiondocuments/waveform/7180312/M_60H_h_2.jpg,https://media.aws.iaaf.org/competitiondocuments/waveform/7180312/M_60H_h_2.jpg,data/raw/wa/waveform/7180312/M_60H_h_2.jpg
2026-09-29T09:39:30Z,200,461209,a269a87eff9f4906a878be89653f4b1ba4c5ee89045231d2a764fc9885d83b4e,https://media.aws.iaaf.org/competitiondocuments/waveform/7180312/M_60H_h_3.jpg,https://media.aws.iaaf.org/competitiondocuments/waveform/7180312/M_60H_h_3.jpg,data/raw/wa/waveform/7180312/M_60H_h_3.jpg
2026-09-29T09:39:32Z,200,457249,02dcfe99a63f6d31540788913ce4a63a54d9d1729b6868a590417faa641d2d8b,https://media.aws.iaaf.org/competitiondocuments/waveform/7180312/M_60H_h_4.jpg,https://media.aws.iaaf.org/competitiondocuments/waveform/7180312/M_60H_h_4.jpg,data/raw/wa/waveform/7180312/M_60H_h_4.jpg
2026-09-29T09:39:35Z,200,459901,22f42f37d32a5e2d3e33e9031d486d37b954cb1eb3633e67bb8b1f8fa40d4fb1,https://media.aws.iaaf.org/competitiondocuments/waveform/7180312/M_60H_h_5.jpg,https://media.aws.iaaf.org/competitiondocuments/waveform/7180312/M_60H_h_5.jpg,data/raw/wa/waveform/7180312/M_60H_h_5.jpg
2026-09-29T09:39:38Z,200,456077,841e21c011ed43b1fa7a7296afb9b2126ad44db67abc4f1ac23f26fae329fd9d,https://media.aws.iaaf.org/competitiondocuments/waveform/7180312/M_60H_h_6.jpg,https://media.aws.iaaf.org/competitiondocuments/waveform/7180312/M_60H_h_6.jpg,data/raw/wa/waveform/7180312/M_60H_h_6.jpg
2026-09-29T09:39:40Z,200,428870,496a92123999394fe2f4107b9cc754efa8a58989d6af4c88a3c67f77ffb90ebb,https://media.aws.iaaf.org/competitiondocuments/waveform/7180312/M_60H_sf_1.jpg,https://media.aws.iaaf.org/competitiondocuments/waveform/7180312/M_60H_sf_1.jpg,data/raw/wa/waveform/7180312/M_60H_sf_1.jpg
2026-09-29T09:39:43Z,200,426963,e1fdec60e81337dcc049f46822a130bee5f360d3244ff4f1444a59f744effe99,https://media.aws.iaaf.org/competitiondocuments/waveform/7180312/M_60H_sf_2.jpg,https://media.aws.iaaf.org/competitiondocuments/waveform/7180312/M_60H_sf_2.jpg,data/raw/wa/waveform/7180312/M_60H_sf_2.jpg
2026-09-29T09:39:46Z,200,422581,c46d29f26e1d0f4f59a3af67c1b2e8cd724592d0ee65fbb741b4aeb65851a870,https://media.aws.iaaf.org/competitiondocuments/waveform/7180312/M_60H_sf_3.jpg,https://media.aws.iaaf.org/competitiondocuments/waveform/7180312/M_60H_sf_3.jpg,data/raw/wa/waveform/7180312/M_60H_sf_3.jpg
2026-09-29T09:39:49Z,200,464385,c729806ab33092275692b4dd6c3ffd8127104328d31bc638ea71212604365893,https://media.aws.iaaf.org/competitiondocuments/waveform/7180312/M_60_f_1.jpg,https://media.aws.iaaf.org/competitiondocuments/waveform/7180312/M_60_f_1.jpg,data/raw/wa/waveform/7180312/M_60_f_1.jpg
2026-09-29T09:39:51Z,200,450899,6508e7e036a232b5231261e2e5aeab04b063e5813737deb88895a4c53bbbeb54,https://media.aws.iaaf.org/competitiondocuments/waveform/7180312/M_60_h_1.jpg,https://media.aws.iaaf.org/competitiondocuments/waveform/7180312/M_60_h_1.jpg,data/raw/wa/waveform/7180312/M_60_h_1.jpg
2026-09-29T09:39:54Z,200,467201,e17c58e6b05b6e69bb3638ea943295a2b9dbadc0c2d8d21dd0bb52f031d21880,https://media.aws.iaaf.org/competitiondocuments/waveform/7180312/M_60_h_2.jpg,https://media.aws.iaaf.org/competitiondocuments/waveform/7180312/M_60_h_2.jpg,data/raw/wa/waveform/7180312/M_60_h_2.jpg
2026-09-29T09:39:57Z,200,448765,3a7eac6b9acf0c464ecdba69667f2013171dda60b6d1aba3f3ef0b5681ba932b,https://media.aws.iaaf.org/competitiondocuments/waveform/7180312/M_60_h_3.jpg,https://media.aws.iaaf.org/competitiondocuments/waveform/7180312/M_60_h_3.jpg,data/raw/wa/waveform/7180312/M_60_h_3.jpg
2026-09-29T09:39:59Z,200,464064,3c29149f5b95baa39d1d20e1f7c5eefd264ae64fee2d2257da2dc0ffdb327a49,https://media.aws.iaaf.org/competitiondocuments/waveform/7180312/M_60_h_4.jpg,https://media.aws.iaaf.org/competitiondocuments/waveform/7180312/M_60_h_4.jpg,data/raw/wa/waveform/7180312/M_60_h_4.jpg
2026-09-29T09:40:02Z,200,459243,5ba5b96aaeb5e687b9a8bcc6ad6ea519184935f8ff8727a6637907709ebe2cd0,https://media.aws.iaaf.org/competitiondocuments/waveform/7180312/M_60_h_5.jpg,https://media.aws.iaaf.org/competitiondocuments/waveform/7180312/M_60_h_5.jpg,data/raw/wa/waveform/7180312/M_60_h_5.jpg
2026-09-29T09:40:05Z,200,455899,3bb1d749944e2687fb5bfc197435c70ae46160ec6a1bb418cd77d310c3a657ca,https://media.aws.iaaf.org/competitiondocuments/waveform/7180312/M_60_h_6.jpg,https://media.aws.iaaf.org/competitiondocuments/waveform/7180312/M_60_h_6.jpg,data/raw/wa/waveform/7180312/M_60_h_6.jpg
2026-09-29T09:40:08Z,200,454963,e2dde2b03a72f6382c2f4f30c1e46541a9896f0567ce8e3df31d434d86c8284a,https://media.aws.iaaf.org/competitiondocuments/waveform/7180312/M_60_h_7.jpg,https://media.aws.iaaf.org/competitiondocuments/waveform/7180312/M_60_h_7.jpg,data/raw/wa/waveform/7180312/M_60_h_7.jpg
2026-09-29T09:40:10Z,200,468867,1058233d39c10dd45c5cca3885be59077163f03d38dca21422fdc40af063dbec,https://media.aws.iaaf.org/competitiondocuments/waveform/7180312/M_60_sf_1.jpg,https://media.aws.iaaf.org/competitiondocuments/waveform/7180312/M_60_sf_1.jpg,data/raw/wa/waveform/7180312/M_60_sf_1.jpg
2026-09-29T09:40:13Z,200,462461,3001574323bf80ce647ac6f0cff603641e837409c1ca90d8ea2e0ef92865b5a2,https://media.aws.iaaf.org/competitiondocuments/waveform/7180312/M_60_sf_2.jpg,https://media.aws.iaaf.org/competitiondocuments/waveform/7180312/M_60_sf_2.jpg,data/raw/wa/waveform/7180312/M_60_sf_2.jpg
2026-09-29T09:40:16Z,200,463801,5178c4dea745bc868a3d01c4d0a57771605a106bdbd23959bfb1e666b617b25d,https://media.aws.iaaf.org/competitiondocuments/waveform/7180312/M_60_sf_3.jpg,https://media.aws.iaaf.org/competitiondocuments/waveform/7180312/M_60_sf_3.jpg,data/raw/wa/waveform/7180312/M_60_sf_3.jpg
2026-09-29T09:40:19Z,200,467577,aa3f16bd71f22bea277462e274ed7b3b3b592465a04d768213cf4d02b8a9c6cf,https://media.aws.iaaf.org/competitiondocuments/waveform/7180312/W_60H_f_1.jpg,https://media.aws.iaaf.org/competitiondocuments/waveform/7180312/W_60H_f_1.jpg,data/raw/wa/waveform/7180312/W_60H_f_1.jpg
2026-09-29T09:40:21Z,200,459069,803701a38cb4cd00071fb0cb8f905cda14dda84023fadd906978f56be921dcd5,https://media.aws.iaaf.org/competitiondocuments/waveform/7180312/W_60H_h_1.jpg,https://media.aws.iaaf.org/competitiondocuments/waveform/7180312/W_60H_h_1.jpg,data/raw/wa/waveform/7180312/W_60H_h_1.jpg
2026-09-29T09:40:24Z,200,457709,d9e6afed29ecbcdf366d321e68afbf1f318ee5f70a78427ced53e189b3fd8df1,https://media.aws.iaaf.org/competitiondocuments/waveform/7180312/W_60H_h_2.jpg,https://media.aws.iaaf.org/competitiondocuments/waveform/7180312/W_60H_h_2.jpg,data/raw/wa/waveform/7180312/W_60H_h_2.jpg
2026-09-29T09:40:27Z,200,458827,4c31ded86acf4aa197f78e398469ed8263f44fec65e81721cc8b2e62fe36fdf1,https://media.aws.iaaf.org/competitiondocuments/waveform/7180312/W_60H_h_3.jpg,https://media.aws.iaaf.org/competitiondocuments/waveform/7180312/W_60H_h_3.jpg,data/raw/wa/waveform/7180312/W_60H_h_3.jpg
2026-09-29T09:40:29Z,200,457361,041cc63a81c367c4082465f5e8f1cf9dee6b0508fc862bc4074354675aa11861,https://media.aws.iaaf.org/competitiondocuments/waveform/7180312/W_60H_h_4.jpg,https://media.aws.iaaf.org/competitiondocuments/waveform/7180312/W_60H_h_4.jpg,data/raw/wa/waveform/7180312/W_60H_h_4.jpg
2026-09-29T09:40:32Z,200,451046,edc41ebb24d64d2898c2acfb951e620610feac1db8305ca5b7391fe67dc0b0ac,https://media.aws.iaaf.org/competitiondocuments/waveform/7180312/W_60H_h_5.jpg,https://media.aws.iaaf.org/competitiondocuments/waveform/7180312/W_60H_h_5.jpg,data/raw/wa/waveform/7180312/W_60H_h_5.jpg
2026-09-29T09:40:35Z,200,458656,378c1586a3daa8646e5eb773e188567ac1b26e994ac79f8a592fd561fff3f7d7,https://media.aws.iaaf.org/competitiondocuments/waveform/7180312/W_60H_h_6.jpg,https://media.aws.iaaf.org/competitiondocuments/waveform/7180312/W_60H_h_6.jpg,data/raw/wa/waveform/7180312/W_60H_h_6.jpg
2026-09-29T09:40:38Z,200,474346,33a2e5ad1842bd8a49c61fb949f1922a3087688c193bc6dfdaadcb42d4a08222,https://media.aws.iaaf.org/competitiondocuments/waveform/7180312/W_60H_sf_1.jpg,https://media.aws.iaaf.org/competitiondocuments/waveform/7180312/W_60H_sf_1.jpg,data/raw/wa/waveform/7180312/W_60H_sf_1.jpg
2026-09-29T09:40:41Z,200,467462,7f01c4f3121e25ccd7ba6f8cd655db67022f9dec6cf6d30f5385cbe75b468601,https://media.aws.iaaf.org/competitiondocuments/waveform/7180312/W_60H_sf_2.jpg,https://media.aws.iaaf.org/competitiondocuments/waveform/7180312/W_60H_sf_2.jpg,data/raw/wa/waveform/7180312/W_60H_sf_2.jpg
2026-09-29T09:40:44Z,200,469935,b14a059c267f73f3d18bdba74fec169a0caeab96c33ce1708e387690f9ba2392,https://media.aws.iaaf.org/competitiondocuments/waveform/7180312/W_60H_sf_3.jpg,https://media.aws.iaaf.org/competitiondocuments/waveform/7180312/W_60H_sf_3.jpg,data/raw/wa/waveform/7180312/W_60H_sf_3.jpg
2026-09-29T09:40:46Z,200,459019,64d8548f05bce9c208adf7067e607cef7e4556a65d3b8fd82b9f8df283d0a09f,https://media.aws.iaaf.org/competitiondocuments/waveform/7180312/W_60_f_1.jpg,https://media.aws.iaaf.org/competitiondocuments/waveform/7180312/W_60_f_1.jpg,data/raw/wa/waveform/7180312/W_60_f_1.jpg
2026-09-29T09:40:49Z,200,469604,be2133225cfa3a4c18192a7f88ff881e5955929dc25b97d81bed93922027d716,https://media.aws.iaaf.org/competitiondocuments/waveform/7180312/W_60_h_1.jpg,https://media.aws.iaaf.org/competitiondocuments/waveform/7180312/W_60_h_1.jpg,data/raw/wa/waveform/7180312/W_60_h_1.jpg
2026-09-29T09:40:51Z,200,461633,ad59646a229811600c7b9b51ee5f8b6333476eb70952f0e03ac722ef0e83c2e9,https://media.aws.iaaf.org/competitiondocuments/waveform/7180312/W_60_h_2.jpg,https://media.aws.iaaf.org/competitiondocuments/waveform/7180312/W_60_h_2.jpg,data/raw/wa/waveform/7180312/W_60_h_2.jpg
2026-09-29T09:40:54Z,200,453172,f24744f6c93f38cd2bace3dbac4908d2b91b03f8f1d823e1b7d643093f7fdce9,https://media.aws.iaaf.org/competitiondocuments/waveform/7180312/W_60_h_3.jpg,https://media.aws.iaaf.org/competitiondocuments/waveform/7180312/W_60_h_3.jpg,data/raw/wa/waveform/7180312/W_60_h_3.jpg
2026-09-29T09:40:57Z,200,451263,d0b674b65eeae1ee36ee0297ab30e86af29cfb1b57bb13851a1597be5e78fe5a,https://media.aws.iaaf.org/competitiondocuments/waveform/7180312/W_60_h_4.jpg,https://media.aws.iaaf.org/competitiondocuments/waveform/7180312/W_60_h_4.jpg,data/raw/wa/waveform/7180312/W_60_h_4.jpg
2026-09-29T09:41:00Z,200,472270,afe6c8cec179424c35b34d913e2e837045067b08b77ca8381619a2d67ac46bf5,https://media.aws.iaaf.org/competitiondocuments/waveform/7180312/W_60_h_5.jpg,https://media.aws.iaaf.org/competitiondocuments/waveform/7180312/W_60_h_5.jpg,data/raw/wa/waveform/7180312/W_60_h_5.jpg
2026-09-29T09:41:02Z,200,467215,5101df8bc22434622b62fe374fc7892f149bbc7a066b3a402c7104e37505beaf,https://media.aws.iaaf.org/competitiondocuments/waveform/7180312/W_60_h_6.jpg,https://media.aws.iaaf.org/competitiondocuments/waveform/7180312/W_60_h_6.jpg,data/raw/wa/waveform/7180312/W_60_h_6.jpg
2026-09-29T09:41:05Z,200,460708,9de81a7066331af0821bacc37ca9b1fb893254d30dda8d8af5569e1f0a441cc9,https://media.aws.iaaf.org/competitiondocuments/waveform/7180312/W_60_h_7.jpg,https://media.aws.iaaf.org/competitiondocuments/waveform/7180312/W_60_h_7.jpg,data/raw/wa/waveform/7180312/W_60_h_7.jpg
2026-09-29T09:41:08Z,200,469147,a7bfc16f812ed18ee1c18133253a61eba5f0b84db3da17cfd6206c425c451b72,https://media.aws.iaaf.org/competitiondocuments/waveform/7180312/W_60_sf_1.jpg,https://media.aws.iaaf.org/competitiondocuments/waveform/7180312/W_60_sf_1.jpg,data/raw/wa/waveform/7180312/W_60_sf_1.jpg
2026-09-29T09:41:11Z,200,461832,b0a07bba8dfe995004d1f65e81ebdb82d41c00b5e2796dd8fe141080b30a1b01,https://media.aws.iaaf.org/competitiondocuments/waveform/7180312/W_60_sf_2.jpg,https://media.aws.iaaf.org/competitiondocuments/waveform/7180312/W_60_sf_2.jpg,data/raw/wa/waveform/7180312/W_60_sf_2.jpg
2026-09-29T09:41:14Z,200,465957,18dd347d2bd4aa6a1b73304a997171ad0b093d7faf75b4c9900dec5f0e0b8e9e,https://media.aws.iaaf.org/competitiondocuments/waveform/7180312/W_60_sf_3.jpg,https://media.aws.iaaf.org/competitiondocuments/waveform/7180312/W_60_sf_3.jpg,data/raw/wa/waveform/7180312/W_60_sf_3.jpg
2026-09-29T09:41:28Z,200,209212,376ed3bbecc45e2fb687221df177f4f6aaafa6dbeb1eab4b9e935396cbfa2b29,https://media.aws.iaaf.org/competitiondocuments/pdf/7136586/AT-60-M-f----.RS6.pdf,https://media.aws.iaaf.org/competitiondocuments/pdf/7136586/AT-60-M-f----.RS6.pdf,data/raw/wa/pdf/7136586/AT-60-M-f----.RS6.pdf
2026-09-29T09:41:30Z,200,356908,5e55c180f842597602069e6a702cd40e32aebedc07b69e4a8f38c56304dbc819,https://media.aws.iaaf.org/competitiondocuments/pdf/7136586/AT-60-M-h----.RS6.pdf,https://media.aws.iaaf.org/competitiondocuments/pdf/7136586/AT-60-M-h----.RS6.pdf,data/raw/wa/pdf/7136586/AT-60-M-h----.RS6.pdf
2026-09-29T09:41:33Z,200,236635,e7ef0d1e59fdb1028e29287d7928e374e0f931bf46689da1eb24f197805cb1d1,https://media.aws.iaaf.org/competitiondocuments/pdf/7136586/AT-60-M-h--1--.RS1.pdf,https://media.aws.iaaf.org/competitiondocuments/pdf/7136586/AT-60-M-h--1--.RS1.pdf,data/raw/wa/pdf/7136586/AT-60-M-h--1--.RS1.pdf
2026-09-29T09:41:36Z,200,239295,ec45c0c91446c2722402237a484af2e81142b64b8dbfd7b3c50da2543fa451eb,https://media.aws.iaaf.org/competitiondocuments/pdf/7136586/AT-60-M-h--2--.RS1.pdf,https://media.aws.iaaf.org/competitiondocuments/pdf/7136586/AT-60-M-h--2--.RS1.pdf,data/raw/wa/pdf/7136586/AT-60-M-h--2--.RS1.pdf
2026-09-29T09:41:39Z,200,60215,594d58f9bf38323703df5b61586acf1ca8eacef5ce7e6de7e7da135497213834,https://worldathletics.org/competitions/world-athletics-championships,https://worldathletics.org/competitions/world-athletics-championships/beijing27,data/raw/wa/probe/wch_group.html.gz
2026-09-29T09:41:39Z,200,237245,c5306ff9b8a6f483b564cc64bebcbf7531096a491db953d5a693205d371893ed,https://media.aws.iaaf.org/competitiondocuments/pdf/7136586/AT-60-M-h--3--.RS1.pdf,https://media.aws.iaaf.org/competitiondocuments/pdf/7136586/AT-60-M-h--3--.RS1.pdf,data/raw/wa/pdf/7136586/AT-60-M-h--3--.RS1.pdf
2026-09-29T09:41:41Z,200,269255,ccbc78a223d7c6e05c1c32a552010ce9bc4f31002b57687f78d0f39e077ef30a,https://media.aws.iaaf.org/competitiondocuments/pdf/7136586/AT-60-M-h--4--.RS1.pdf,https://media.aws.iaaf.org/competitiondocuments/pdf/7136586/AT-60-M-h--4--.RS1.pdf,data/raw/wa/pdf/7136586/AT-60-M-h--4--.RS1.pdf
2026-09-29T09:41:44Z,200,233135,06dc3cb479267787b7d304bbff51d4e5106921009beb01f9979996fb2d1c11c4,https://media.aws.iaaf.org/competitiondocuments/pdf/7136586/AT-60-M-h--5--.RS1.pdf,https://media.aws.iaaf.org/competitiondocuments/pdf/7136586/AT-60-M-h--5--.RS1.pdf,data/raw/wa/pdf/7136586/AT-60-M-h--5--.RS1.pdf
2026-09-29T09:41:47Z,200,237762,dbf6bd0adb3ed3d2eced754551a689fa514b6b933754f6b516191592c6511f47,https://media.aws.iaaf.org/competitiondocuments/pdf/7136586/AT-60-M-h--6--.RS1.pdf,https://media.aws.iaaf.org/competitiondocuments/pdf/7136586/AT-60-M-h--6--.RS1.pdf,data/raw/wa/pdf/7136586/AT-60-M-h--6--.RS1.pdf
2026-09-29T09:41:50Z,200,240578,67e35f2e3a0035683c054ec88326acb414e4817a652ab112b1a39961c5297d92,https://media.aws.iaaf.org/competitiondocuments/pdf/7136586/AT-60-M-h--7--.RS1.pdf,https://media.aws.iaaf.org/competitiondocuments/pdf/7136586/AT-60-M-h--7--.RS1.pdf,data/raw/wa/pdf/7136586/AT-60-M-h--7--.RS1.pdf
2026-09-29T09:41:51Z,404,0,,https://worldathletics.org/competitions/world-athletics-championships/x-7093747/results/men/100-metres/final/result,https://worldathletics.org/competitions/world-athletics-championships/x-7093747/results/men/100-metres/final/result,data/raw/wa/probe/wch_7093747.html.gz
2026-09-29T09:41:53Z,200,238051,6e06bac00cff0f1f6a949a42a0c08f7578d59df1d917ade7ebe5c84bccc0fc96,https://media.aws.iaaf.org/competitiondocuments/pdf/7136586/AT-60-M-h--8--.RS1.pdf,https://media.aws.iaaf.org/competitiondocuments/pdf/7136586/AT-60-M-h--8--.RS1.pdf,data/raw/wa/pdf/7136586/AT-60-M-h--8--.RS1.pdf
2026-09-29T09:41:55Z,200,271733,6edcf001cf4c59e1b9f4f59f61ffbb60fdf58de61781c1c1a01de017725f27f3,https://media.aws.iaaf.org/competitiondocuments/pdf/7136586/AT-60-M-sf----.RS6.pdf,https://media.aws.iaaf.org/competitiondocuments/pdf/7136586/AT-60-M-sf----.RS6.pdf,data/raw/wa/pdf/7136586/AT-60-M-sf----.RS6.pdf
2026-09-29T09:41:58Z,200,236748,96b644794b5caf343b1b59a86694444f47cf9e9ccc03f4baae561f9c29f087a9,https://media.aws.iaaf.org/competitiondocuments/pdf/7136586/AT-60-M-sf--1--.RS1.pdf,https://media.aws.iaaf.org/competitiondocuments/pdf/7136586/AT-60-M-sf--1--.RS1.pdf,data/raw/wa/pdf/7136586/AT-60-M-sf--1--.RS1.pdf
2026-09-29T09:42:01Z,200,237726,6087bb665e21adec181fb39126a67bcd8cc9892c594d881493d33496724429a3,https://media.aws.iaaf.org/competitiondocuments/pdf/7136586/AT-60-M-sf--2--.RS1.pdf,https://media.aws.iaaf.org/competitiondocuments/pdf/7136586/AT-60-M-sf--2--.RS1.pdf,data/raw/wa/pdf/7136586/AT-60-M-sf--2--.RS1.pdf
2026-09-29T09:42:04Z,200,238763,8b20e5a75b43087cb600af756319e9fe77eb068887a2228cc14053d153329bf8,https://media.aws.iaaf.org/competitiondocuments/pdf/7136586/AT-60-M-sf--3--.RS1.pdf,https://media.aws.iaaf.org/competitiondocuments/pdf/7136586/AT-60-M-sf--3--.RS1.pdf,data/raw/wa/pdf/7136586/AT-60-M-sf--3--.RS1.pdf
2026-09-29T09:42:06Z,200,217620,74d34ca9ad28b6733b6b2e0ee11e4983d13e682e84cf49c2869dba41f2915e23,https://media.aws.iaaf.org/competitiondocuments/pdf/7136586/AT-60-W-f----.RS6.pdf,https://media.aws.iaaf.org/competitiondocuments/pdf/7136586/AT-60-W-f----.RS6.pdf,data/raw/wa/pdf/7136586/AT-60-W-f----.RS6.pdf
2026-09-29T09:42:09Z,200,316000,a6bbed772f88ffca65917aff2af70076df3dc8cd86c11240ae0ef7098abbe210,https://media.aws.iaaf.org/competitiondocuments/pdf/7136586/AT-60-W-h----.RS6.pdf,https://media.aws.iaaf.org/competitiondocuments/pdf/7136586/AT-60-W-h----.RS6.pdf,data/raw/wa/pdf/7136586/AT-60-W-h----.RS6.pdf
2026-09-29T09:42:12Z,200,242779,820c9f0ba07da01e80bcdbb3a7a9d5a02a72c0a3f0bc76aa2b1e66c6dd7c6000,https://media.aws.iaaf.org/competitiondocuments/pdf/7136586/AT-60-W-h--1--.RS1.pdf,https://media.aws.iaaf.org/competitiondocuments/pdf/7136586/AT-60-W-h--1--.RS1.pdf,data/raw/wa/pdf/7136586/AT-60-W-h--1--.RS1.pdf
2026-09-29T09:42:15Z,200,245775,eb17e1b500bfc25bc187651082d1e49b1ae220a22e1583237382941c10afd9ea,https://media.aws.iaaf.org/competitiondocuments/pdf/7136586/AT-60-W-h--2--.RS1.pdf,https://media.aws.iaaf.org/competitiondocuments/pdf/7136586/AT-60-W-h--2--.RS1.pdf,data/raw/wa/pdf/7136586/AT-60-W-h--2--.RS1.pdf
2026-09-29T09:42:17Z,200,239650,c003af506260df8385e60ab3c16a0f72ada8e3bd23cec518876c8aaf42c824f0,https://media.aws.iaaf.org/competitiondocuments/pdf/7136586/AT-60-W-h--3--.RS1.pdf,https://media.aws.iaaf.org/competitiondocuments/pdf/7136586/AT-60-W-h--3--.RS1.pdf,data/raw/wa/pdf/7136586/AT-60-W-h--3--.RS1.pdf
2026-09-29T09:42:20Z,200,242920,939642e8042928c291be68284cc935156241826c5162a4ba5900207c77b1ca9f,https://media.aws.iaaf.org/competitiondocuments/pdf/7136586/AT-60-W-h--4--.RS1.pdf,https://media.aws.iaaf.org/competitiondocuments/pdf/7136586/AT-60-W-h--4--.RS1.pdf,data/raw/wa/pdf/7136586/AT-60-W-h--4--.RS1.pdf
2026-09-29T09:42:23Z,200,239905,7d6f89790ec5bd151f98dae5ce29e1fb9e3ca68decd3143a9b7033d6d309c64d,https://media.aws.iaaf.org/competitiondocuments/pdf/7136586/AT-60-W-h--5--.RS1.pdf,https://media.aws.iaaf.org/competitiondocuments/pdf/7136586/AT-60-W-h--5--.RS1.pdf,data/raw/wa/pdf/7136586/AT-60-W-h--5--.RS1.pdf
2026-09-29T09:42:25Z,200,236251,0a4a45ee064ffff0d43ff958169333b938baa28b410d29ec7cf64870167065a6,https://media.aws.iaaf.org/competitiondocuments/pdf/7136586/AT-60-W-h--6--.RS1.pdf,https://media.aws.iaaf.org/competitiondocuments/pdf/7136586/AT-60-W-h--6--.RS1.pdf,data/raw/wa/pdf/7136586/AT-60-W-h--6--.RS1.pdf
2026-09-29T09:42:28Z,200,287561,5ea4026886d974ba6dcb21facb852e1486cf66020e206f6bb36a16900597122d,https://media.aws.iaaf.org/competitiondocuments/pdf/7136586/AT-60-W-sf----.RS6.pdf,https://media.aws.iaaf.org/competitiondocuments/pdf/7136586/AT-60-W-sf----.RS6.pdf,data/raw/wa/pdf/7136586/AT-60-W-sf----.RS6.pdf
2026-09-29T09:42:31Z,200,242621,ab18d7a4ad1c85e3755304faae5000e7f08b4a5e8492636949a62da72893fe55,https://media.aws.iaaf.org/competitiondocuments/pdf/7136586/AT-60-W-sf--1--.RS1.pdf,https://media.aws.iaaf.org/competitiondocuments/pdf/7136586/AT-60-W-sf--1--.RS1.pdf,data/raw/wa/pdf/7136586/AT-60-W-sf--1--.RS1.pdf
2026-09-29T09:42:34Z,200,250342,87678b7a56575c75c6e0e94770aab2221af2152868ae825bd92a6a1c3a0d7c41,https://media.aws.iaaf.org/competitiondocuments/pdf/7136586/AT-60-W-sf--2--.RS1.pdf,https://media.aws.iaaf.org/competitiondocuments/pdf/7136586/AT-60-W-sf--2--.RS1.pdf,data/raw/wa/pdf/7136586/AT-60-W-sf--2--.RS1.pdf
2026-09-29T09:42:37Z,200,245745,539822c556430c14b883c6fa6feafcbf96161f8be6f4a384edc00cc54cd3a098,https://media.aws.iaaf.org/competitiondocuments/pdf/7136586/AT-60-W-sf--3--.RS1.pdf,https://media.aws.iaaf.org/competitiondocuments/pdf/7136586/AT-60-W-sf--3--.RS1.pdf,data/raw/wa/pdf/7136586/AT-60-W-sf--3--.RS1.pdf
2026-09-29T09:42:39Z,200,244674,256cef4821f170fbd427dc9e574eb91b21aa20196a7cfb4a5defd3c2aa191688,https://media.aws.iaaf.org/competitiondocuments/pdf/7136586/AT-60H-M-f----.RS6.pdf,https://media.aws.iaaf.org/competitiondocuments/pdf/7136586/AT-60H-M-f----.RS6.pdf,data/raw/wa/pdf/7136586/AT-60H-M-f----.RS6.pdf
2026-09-29T09:42:40Z,200,80778,4a8f1fea9fda89cae4d2daa216f5c19194ba5040d83e08bbcbdc9a7b69df3da3,https://worldathletics.org/competitions/world-athletics-championships/iaaf-world-championships-london-2017-7093740/results/men/100-metres/final/result,https://worldathletics.org/competitions/world-athletics-championships/iaaf-world-championships-london-2017-7093740/results/men/100-metres/final/result,data/raw/wa/pages/WCH2017/men-100-metres-final.html.gz
2026-09-29T09:42:42Z,200,158623,dedf4f38ed3b3d6469b30da085a7b67c4264bcb290478e2c5b0f41d6c078728b,https://worldathletics.org/competitions/world-athletics-championships/iaaf-world-championships-london-2017-7093740/results/men/100-metres/preliminary-round/result,https://worldathletics.org/competitions/world-athletics-championships/iaaf-world-championships-london-2017-7093740/results/men/100-metres/preliminary-round/result,data/raw/wa/pages/WCH2017/men-100-metres-preliminary-round.html.gz
2026-09-29T09:42:42Z,200,329100,8a643936e8ea2e2552b8a96fbaf1977e95f56f74103d6607c761d7ecd258c79b,https://media.aws.iaaf.org/competitiondocuments/pdf/7136586/AT-60H-M-h----.RS6.pdf,https://media.aws.iaaf.org/competitiondocuments/pdf/7136586/AT-60H-M-h----.RS6.pdf,data/raw/wa/pdf/7136586/AT-60H-M-h----.RS6.pdf
2026-09-29T09:42:45Z,200,267442,346b173e394321f139fc43660da8dedddd0cf23fdd1123f756f061c9151b940d,https://media.aws.iaaf.org/competitiondocuments/pdf/7136586/AT-60H-M-h--1--.RS1.pdf,https://media.aws.iaaf.org/competitiondocuments/pdf/7136586/AT-60H-M-h--1--.RS1.pdf,data/raw/wa/pdf/7136586/AT-60H-M-h--1--.RS1.pdf
2026-09-29T09:42:46Z,200,227576,fbc8104c0f039c1500035f87983312a42513bfcdbace1f7b65573cfc53b8cd79,https://worldathletics.org/competitions/world-athletics-championships/iaaf-world-championships-london-2017-7093740/results/men/100-metres/round-1/result,https://worldathletics.org/competitions/world-athletics-championships/iaaf-world-championships-london-2017-7093740/results/men/100-metres/round-1/result,data/raw/wa/pages/WCH2017/men-100-metres-round-1.html.gz
2026-09-29T09:42:48Z,200,266290,2f8025ea2b54b9aa9110c73b07b197931c10cd92811c9fa910900919c655352c,https://media.aws.iaaf.org/competitiondocuments/pdf/7136586/AT-60H-M-h--2--.RS1.pdf,https://media.aws.iaaf.org/competitiondocuments/pdf/7136586/AT-60H-M-h--2--.RS1.pdf,data/raw/wa/pdf/7136586/AT-60H-M-h--2--.RS1.pdf
2026-09-29T09:42:48Z,200,146568,f7cb4f60662e2eef655b2de61d797574b81cad769ceceafc243d65d6f6467e8c,https://worldathletics.org/competitions/world-athletics-championships/iaaf-world-championships-london-2017-7093740/results/men/100-metres/semi-finals/result,https://worldathletics.org/competitions/world-athletics-championships/iaaf-world-championships-london-2017-7093740/results/men/100-metres/semi-finals/result,data/raw/wa/pages/WCH2017/men-100-metres-semi-finals.html.gz
2026-09-29T09:42:50Z,200,272536,1a0fd6c1d8ad8dc9765a49467ca229164af8a7db78f92b7755f12feb41399286,https://media.aws.iaaf.org/competitiondocuments/pdf/7136586/AT-60H-M-h--3--.RS1.pdf,https://media.aws.iaaf.org/competitiondocuments/pdf/7136586/AT-60H-M-h--3--.RS1.pdf,data/raw/wa/pdf/7136586/AT-60H-M-h--3--.RS1.pdf
2026-09-29T09:42:51Z,200,80340,64b9c2a1cac95018fd0536dcf26b1a98d1108aa6845cb2bc0edea976330719f1,https://worldathletics.org/competitions/world-athletics-championships/iaaf-world-championships-london-2017-7093740/results/women/100-metres/final/result,https://worldathletics.org/competitions/world-athletics-championships/iaaf-world-championships-london-2017-7093740/results/women/100-metres/final/result,data/raw/wa/pages/WCH2017/women-100-metres-final.html.gz
2026-09-29T09:42:53Z,200,276135,b4779e88ab8375ad71716a2927d3751a602bf7790a76663f5d6e33def57b72bf,https://media.aws.iaaf.org/competitiondocuments/pdf/7136586/AT-60H-M-h--4--.RS1.pdf,https://media.aws.iaaf.org/competitiondocuments/pdf/7136586/AT-60H-M-h--4--.RS1.pdf,data/raw/wa/pdf/7136586/AT-60H-M-h--4--.RS1.pdf
2026-09-29T09:42:53Z,200,224577,5b8d3e3efa848e99f2c4d358ca197c96a06a1d4591b492529675d505b13fb086,https://worldathletics.org/competitions/world-athletics-championships/iaaf-world-championships-london-2017-7093740/results/women/100-metres/round-1/result,https://worldathletics.org/competitions/world-athletics-championships/iaaf-world-championships-london-2017-7093740/results/women/100-metres/round-1/result,data/raw/wa/pages/WCH2017/women-100-metres-round-1.html.gz
2026-09-29T09:42:56Z,200,267772,cbe1c506c07e08053d9a70d5504d9603ca86b9fc70ffb45eef5f9fb11ad0009d,https://media.aws.iaaf.org/competitiondocuments/pdf/7136586/AT-60H-M-h--5--.RS1.pdf,https://media.aws.iaaf.org/competitiondocuments/pdf/7136586/AT-60H-M-h--5--.RS1.pdf,data/raw/wa/pdf/7136586/AT-60H-M-h--5--.RS1.pdf
2026-09-29T09:42:56Z,200,146436,8ee55888ba73c536b8670e9d7f9e09f6925b3149fbcbc8edfa6773301a4c977f,https://worldathletics.org/competitions/world-athletics-championships/iaaf-world-championships-london-2017-7093740/results/women/100-metres/semi-finals/result,https://worldathletics.org/competitions/world-athletics-championships/iaaf-world-championships-london-2017-7093740/results/women/100-metres/semi-finals/result,data/raw/wa/pages/WCH2017/women-100-metres-semi-finals.html.gz
2026-09-29T09:42:58Z,200,313155,ee730a795315d902ae75e2ed85f305efe15f07ebf1ca700babfc307a33c75014,https://media.aws.iaaf.org/competitiondocuments/pdf/7136586/AT-60H-M-sf----.RS6.pdf,https://media.aws.iaaf.org/competitiondocuments/pdf/7136586/AT-60H-M-sf----.RS6.pdf,data/raw/wa/pdf/7136586/AT-60H-M-sf----.RS6.pdf
2026-09-29T09:42:59Z,200,80156,dcf45a3334494e01d1c096bd396c157c45d21a0dbc7d06a5e3d92049b41adefa,https://worldathletics.org/competitions/world-athletics-championships/iaaf-world-championships-london-2017-7093740/results/men/110-metres-hurdles/final/result,https://worldathletics.org/competitions/world-athletics-championships/iaaf-world-championships-london-2017-7093740/results/men/110-metres-hurdles/final/result,data/raw/wa/pages/WCH2017/men-110-metres-hurdles-final.html.gz
2026-09-29T09:43:01Z,200,273937,0f6e08e465334159692de3e48259dc0b919821a0470a09a886cedc09b5ec66b2,https://media.aws.iaaf.org/competitiondocuments/pdf/7136586/AT-60H-M-sf--1--.RS1.pdf,https://media.aws.iaaf.org/competitiondocuments/pdf/7136586/AT-60H-M-sf--1--.RS1.pdf,data/raw/wa/pdf/7136586/AT-60H-M-sf--1--.RS1.pdf
2026-09-29T09:43:02Z,200,205168,b3a58ba095f3e374ddabd00196dddf32608772df37eaf6f95cceea45939a5749,https://worldathletics.org/competitions/world-athletics-championships/iaaf-world-championships-london-2017-7093740/results/men/110-metres-hurdles/round-1/result,https://worldathletics.org/competitions/world-athletics-championships/iaaf-world-championships-london-2017-7093740/results/men/110-metres-hurdles/round-1/result,data/raw/wa/pages/WCH2017/men-110-metres-hurdles-round-1.html.gz
2026-09-29T09:43:04Z,200,273993,60e4085b4597828fd898264d2beb75c340189742855a2c1ded87e3ed379320ab,https://media.aws.iaaf.org/competitiondocuments/pdf/7136586/AT-60H-M-sf--2--.RS1.pdf,https://media.aws.iaaf.org/competitiondocuments/pdf/7136586/AT-60H-M-sf--2--.RS1.pdf,data/raw/wa/pdf/7136586/AT-60H-M-sf--2--.RS1.pdf
2026-09-29T09:43:05Z,200,145791,bfb5bc6f1b3f2bd53ff05ee0c7c9efaaa632276ff9cfa844f28780e520845775,https://worldathletics.org/competitions/world-athletics-championships/iaaf-world-championships-london-2017-7093740/results/men/110-metres-hurdles/semi-finals/result,https://worldathletics.org/competitions/world-athletics-championships/iaaf-world-championships-london-2017-7093740/results/men/110-metres-hurdles/semi-finals/result,data/raw/wa/pages/WCH2017/men-110-metres-hurdles-semi-finals.html.gz
2026-09-29T09:43:06Z,200,270721,6f5cea8ccd2f4a35e0fcdd6f097c9803ae90bd0e919edc397bf03d6efaa7883a,https://media.aws.iaaf.org/competitiondocuments/pdf/7136586/AT-60H-M-sf--3--.RS1.pdf,https://media.aws.iaaf.org/competitiondocuments/pdf/7136586/AT-60H-M-sf--3--.RS1.pdf,data/raw/wa/pdf/7136586/AT-60H-M-sf--3--.RS1.pdf
2026-09-29T09:43:07Z,200,80314,2faa83b1d0752192e9dec6a70753d3ca97cbe61740529b2d9d5191333f3ff75e,https://worldathletics.org/competitions/world-athletics-championships/iaaf-world-championships-london-2017-7093740/results/women/100-metres-hurdles/final/result,https://worldathletics.org/competitions/world-athletics-championships/iaaf-world-championships-london-2017-7093740/results/women/100-metres-hurdles/final/result,data/raw/wa/pages/WCH2017/women-100-metres-hurdles-final.html.gz
2026-09-29T09:43:09Z,200,181799,27bbc5e6661acf4f74d796c237fd35ead6306cad6e50986103ad96f2f0a448c5,https://media.aws.iaaf.org/competitiondocuments/pdf/7136586/AT-60H-W-f----.RS6.pdf,https://media.aws.iaaf.org/competitiondocuments/pdf/7136586/AT-60H-W-f----.RS6.pdf,data/raw/wa/pdf/7136586/AT-60H-W-f----.RS6.pdf
2026-09-29T09:43:10Z,200,199454,75407db5f5c7aff91b903ed74eb6727edeffa5ea19bd37362265a4f7c9b6b856,https://worldathletics.org/competitions/world-athletics-championships/iaaf-world-championships-london-2017-7093740/results/women/100-metres-hurdles/round-1/result,https://worldathletics.org/competitions/world-athletics-championships/iaaf-world-championships-london-2017-7093740/results/women/100-metres-hurdles/round-1/result,data/raw/wa/pages/WCH2017/women-100-metres-hurdles-round-1.html.gz
2026-09-29T09:43:12Z,200,325445,93f75e70030a87c45c73014fecb7e8f7f65483203ab25d83fedeb6107115bc39,https://media.aws.iaaf.org/competitiondocuments/pdf/7136586/AT-60H-W-h----.RS6.pdf,https://media.aws.iaaf.org/competitiondocuments/pdf/7136586/AT-60H-W-h----.RS6.pdf,data/raw/wa/pdf/7136586/AT-60H-W-h----.RS6.pdf
2026-09-29T09:43:13Z,200,145544,e369d4fba075234bc2a8c49290e082716e01a1b0c9271121474853a976a1abbd,https://worldathletics.org/competitions/world-athletics-championships/iaaf-world-championships-london-2017-7093740/results/women/100-metres-hurdles/semi-finals/result,https://worldathletics.org/competitions/world-athletics-championships/iaaf-world-championships-london-2017-7093740/results/women/100-metres-hurdles/semi-finals/result,data/raw/wa/pages/WCH2017/women-100-metres-hurdles-semi-finals.html.gz
2026-09-29T09:43:15Z,200,240478,5f66fbd0b9e34bc706b1b4eaf41f6124c00a7a6178e73f357c64087cc24d61bc,https://media.aws.iaaf.org/competitiondocuments/pdf/7136586/AT-60H-W-h--1--.RS1.pdf,https://media.aws.iaaf.org/competitiondocuments/pdf/7136586/AT-60H-W-h--1--.RS1.pdf,data/raw/wa/pdf/7136586/AT-60H-W-h--1--.RS1.pdf
2026-09-29T09:43:15Z,200,80210,98701c89f1ce1bf8cb9b4cf47793bd33a9fc095d70e63efdf6260cb78f3d7dfb,https://worldathletics.org/competitions/world-athletics-championships/iaaf-world-championships-london-2017-7093740/results/men/200-metres/final/result,https://worldathletics.org/competitions/world-athletics-championships/iaaf-world-championships-london-2017-7093740/results/men/200-metres/final/result,data/raw/wa/pages/WCH2017/men-200-metres-final.html.gz
2026-09-29T09:43:17Z,200,235072,405b04c301fd44af9664c561da40176d26305c9f789e4fc4e5dc1995baf01841,https://media.aws.iaaf.org/competitiondocuments/pdf/7136586/AT-60H-W-h--2--.RS1.pdf,https://media.aws.iaaf.org/competitiondocuments/pdf/7136586/AT-60H-W-h--2--.RS1.pdf,data/raw/wa/pdf/7136586/AT-60H-W-h--2--.RS1.pdf
2026-09-29T09:43:18Z,200,236156,aee8e302c4d54de4df17bb3bdcd285c0575910b81fd83ac79dcedb0c1ec2a774,https://worldathletics.org/competitions/world-athletics-championships/iaaf-world-championships-london-2017-7093740/results/men/200-metres/round-1/result,https://worldathletics.org/competitions/world-athletics-championships/iaaf-world-championships-london-2017-7093740/results/men/200-metres/round-1/result,data/raw/wa/pages/WCH2017/men-200-metres-round-1.html.gz
2026-09-29T09:43:20Z,200,236353,9446bd47965f8ba48656dc6a5b1149319ef156d4fa264284b9b56e87537ef2c6,https://media.aws.iaaf.org/competitiondocuments/pdf/7136586/AT-60H-W-h--3--.RS1.pdf,https://media.aws.iaaf.org/competitiondocuments/pdf/7136586/AT-60H-W-h--3--.RS1.pdf,data/raw/wa/pdf/7136586/AT-60H-W-h--3--.RS1.pdf
2026-09-29T09:43:21Z,200,151642,c4cfdf06da0f6ea3e8beda63f551870f471c51b24eff36b0fa29aa9612ac4134,https://worldathletics.org/competitions/world-athletics-championships/iaaf-world-championships-london-2017-7093740/results/men/200-metres/semi-finals/result,https://worldathletics.org/competitions/world-athletics-championships/iaaf-world-championships-london-2017-7093740/results/men/200-metres/semi-finals/result,data/raw/wa/pages/WCH2017/men-200-metres-semi-finals.html.gz
2026-09-29T09:43:23Z,200,267802,59fe9d80caf3dfed4046b409d3a2ebaa63ef602e62ea4d18894ce5b266de1b15,https://media.aws.iaaf.org/competitiondocuments/pdf/7136586/AT-60H-W-h--4--.RS1.pdf,https://media.aws.iaaf.org/competitiondocuments/pdf/7136586/AT-60H-W-h--4--.RS1.pdf,data/raw/wa/pdf/7136586/AT-60H-W-h--4--.RS1.pdf
2026-09-29T09:43:23Z,200,80291,a11da2e256cb657502612257beb4b1e8d08dd8d648bdb8df2dd3c9fb60eaa94e,https://worldathletics.org/competitions/world-athletics-championships/iaaf-world-championships-london-2017-7093740/results/women/200-metres/final/result,https://worldathletics.org/competitions/world-athletics-championships/iaaf-world-championships-london-2017-7093740/results/women/200-metres/final/result,data/raw/wa/pages/WCH2017/women-200-metres-final.html.gz
2026-09-29T09:43:25Z,200,212084,3fd32c4b6fd6de9971e0a529e61e7eb153ebc761bde4498453b3d29bb6186d51,https://media.aws.iaaf.org/competitiondocuments/pdf/7136586/AT-60H-W-h--5--.RS1.pdf,https://media.aws.iaaf.org/competitiondocuments/pdf/7136586/AT-60H-W-h--5--.RS1.pdf,data/raw/wa/pdf/7136586/AT-60H-W-h--5--.RS1.pdf
2026-09-29T09:43:26Z,200,229399,fa9b931b36d5b9fc7fa642633a1f100239b4ccb21e7250a8f26a0a09b5065632,https://worldathletics.org/competitions/world-athletics-championships/iaaf-world-championships-london-2017-7093740/results/women/200-metres/round-1/result,https://worldathletics.org/competitions/world-athletics-championships/iaaf-world-championships-london-2017-7093740/results/women/200-metres/round-1/result,data/raw/wa/pages/WCH2017/women-200-metres-round-1.html.gz
2026-09-29T09:43:28Z,200,305685,bf01f442f960f5662a408cd902a78a932331ad6483a49eb9ffdf0fefd7d25450,https://media.aws.iaaf.org/competitiondocuments/pdf/7136586/AT-60H-W-sf----.RS6.pdf,https://media.aws.iaaf.org/competitiondocuments/pdf/7136586/AT-60H-W-sf----.RS6.pdf,data/raw/wa/pdf/7136586/AT-60H-W-sf----.RS6.pdf
2026-09-29T09:43:29Z,200,146251,a16456908e667a113597cc52885a7c9d323e76ab359ee9cf1a4afd2643297b9f,https://worldathletics.org/competitions/world-athletics-championships/iaaf-world-championships-london-2017-7093740/results/women/200-metres/semi-finals/result,https://worldathletics.org/competitions/world-athletics-championships/iaaf-world-championships-london-2017-7093740/results/women/200-metres/semi-finals/result,data/raw/wa/pages/WCH2017/women-200-metres-semi-finals.html.gz
2026-09-29T09:43:30Z,200,238039,1d3753bca4376cfea7055523a4a02bc4d881904c7bcacadf59fa60d6d31203d7,https://media.aws.iaaf.org/competitiondocuments/pdf/7136586/AT-60H-W-sf--1--.RS1.pdf,https://media.aws.iaaf.org/competitiondocuments/pdf/7136586/AT-60H-W-sf--1--.RS1.pdf,data/raw/wa/pdf/7136586/AT-60H-W-sf--1--.RS1.pdf
2026-09-29T09:43:32Z,200,84509,729b01eda838c8693b5185112795d1524249d35dd630926e462835e5119c44da,https://worldathletics.org/competitions/world-athletics-championships/15th-iaaf-world-championships-7078726/results/men/100-metres/final/result,https://worldathletics.org/competitions/world-athletics-championships/15th-iaaf-world-championships-7078726/results/men/100-metres/final/result,data/raw/wa/pages/WCH2015/men-100-metres-final.html.gz
2026-09-29T09:43:33Z,200,206272,900360e333f450a09653a57654080c7c31fbe587e56146aee33a2b447b02df04,https://media.aws.iaaf.org/competitiondocuments/pdf/7136586/AT-60H-W-sf--2--.RS1.pdf,https://media.aws.iaaf.org/competitiondocuments/pdf/7136586/AT-60H-W-sf--2--.RS1.pdf,data/raw/wa/pdf/7136586/AT-60H-W-sf--2--.RS1.pdf
2026-09-29T09:43:35Z,200,159531,9e5db2cd361e559401d2e88403b6a90f6bae7d554ed730831f9f67e199a6fb9a,https://worldathletics.org/competitions/world-athletics-championships/15th-iaaf-world-championships-7078726/results/men/100-metres/preliminary-round/result,https://worldathletics.org/competitions/world-athletics-championships/15th-iaaf-world-championships-7078726/results/men/100-metres/preliminary-round/result,data/raw/wa/pages/WCH2015/men-100-metres-preliminary-round.html.gz
2026-09-29T09:43:36Z,200,275564,ff5969e11d794f842651f006a6744be8b2ff665a6187705d6ef3114be205a141,https://media.aws.iaaf.org/competitiondocuments/pdf/7136586/AT-60H-W-sf--3--.RS1.pdf,https://media.aws.iaaf.org/competitiondocuments/pdf/7136586/AT-60H-W-sf--3--.RS1.pdf,data/raw/wa/pdf/7136586/AT-60H-W-sf--3--.RS1.pdf
2026-09-29T09:43:38Z,200,254290,c8b3ce078257799e08b6a0a1ccb7b4a82aeff762beb22f5e6e9fcb99cca3cae0,https://worldathletics.org/competitions/world-athletics-championships/15th-iaaf-world-championships-7078726/results/men/100-metres/round-1/result,https://worldathletics.org/competitions/world-athletics-championships/15th-iaaf-world-championships-7078726/results/men/100-metres/round-1/result,data/raw/wa/pages/WCH2015/men-100-metres-round-1.html.gz
2026-09-29T09:43:38Z,200,116632,82594144dc727ae28c7f50094266fa3c71885297c20938d7fb6e21afdc2a53c6,https://media.aws.iaaf.org/competitiondocuments/pdf/7180312/AT-60-M-f----.RS6.pdf,https://media.aws.iaaf.org/competitiondocuments/pdf/7180312/AT-60-M-f----.RS6.pdf,data/raw/wa/pdf/7180312/AT-60-M-f----.RS6.pdf
2026-09-29T09:43:41Z,200,146048,aca0a72f9a04b5310555b2a14894c8a0bfb82d3afd49f1eaa32f9014a8af1312,https://worldathletics.org/competitions/world-athletics-championships/15th-iaaf-world-championships-7078726/results/men/100-metres/semi-finals/result,https://worldathletics.org/competitions/world-athletics-championships/15th-iaaf-world-championships-7078726/results/men/100-metres/semi-finals/result,data/raw/wa/pages/WCH2015/men-100-metres-semi-finals.html.gz
2026-09-29T09:43:41Z,200,163174,5e7afcb06ec73f08dc374eb55def620ac77d1ff6b99190dcf8cfa66433e2a8ee,https://media.aws.iaaf.org/competitiondocuments/pdf/7180312/AT-60-M-h----.RS6.pdf,https://media.aws.iaaf.org/competitiondocuments/pdf/7180312/AT-60-M-h----.RS6.pdf,data/raw/wa/pdf/7180312/AT-60-M-h----.RS6.pdf
2026-09-29T09:43:43Z,200,80011,88b1bf389097689308ebe41dc7f78f9e7397f936f53e34e0869a9606edc486dc,https://worldathletics.org/competitions/world-athletics-championships/15th-iaaf-world-championships-7078726/results/women/100-metres/final/result,https://worldathletics.org/competitions/world-athletics-championships/15th-iaaf-world-championships-7078726/results/women/100-metres/final/result,data/raw/wa/pages/WCH2015/women-100-metres-final.html.gz
2026-09-29T09:43:45Z,200,117515,2206110093c2bb70a3c3c9d7a4caf5cde4e76704ecf6f37c96f843ec14610dd1,https://media.aws.iaaf.org/competitiondocuments/pdf/7180312/AT-60-M-h--1--.RS1.pdf,https://media.aws.iaaf.org/competitiondocuments/pdf/7180312/AT-60-M-h--1--.RS1.pdf,data/raw/wa/pdf/7180312/AT-60-M-h--1--.RS1.pdf
2026-09-29T09:43:46Z,200,246719,46e8813ae06f8bb5d00192fe5048503a66363f94be2b1c8c1a7715539ce9aed3,https://worldathletics.org/competitions/world-athletics-championships/15th-iaaf-world-championships-7078726/results/women/100-metres/round-1/result,https://worldathletics.org/competitions/world-athletics-championships/15th-iaaf-world-championships-7078726/results/women/100-metres/round-1/result,data/raw/wa/pages/WCH2015/women-100-metres-round-1.html.gz
2026-09-29T09:43:46Z,200,118450,a9d6cbb00ac7d275a8baba79037e85e64db499e8ebde88941ad709ba93b463ac,https://media.aws.iaaf.org/competitiondocuments/pdf/7180312/AT-60-M-h--2--.RS1.pdf,https://media.aws.iaaf.org/competitiondocuments/pdf/7180312/AT-60-M-h--2--.RS1.pdf,data/raw/wa/pdf/7180312/AT-60-M-h--2--.RS1.pdf
2026-09-29T09:43:48Z,200,145934,6f62889a71af0f815ef6f40820084822015546108b51cf5334f9b64f1b62dc50,https://worldathletics.org/competitions/world-athletics-championships/15th-iaaf-world-championships-7078726/results/women/100-metres/semi-finals/result,https://worldathletics.org/competitions/world-athletics-championships/15th-iaaf-world-championships-7078726/results/women/100-metres/semi-finals/result,data/raw/wa/pages/WCH2015/women-100-metres-semi-finals.html.gz
2026-09-29T09:43:49Z,200,118462,efc5f1060719e007b7150a124e9522fb0c489c7324217f3253e6ccf635c8d6e2,https://media.aws.iaaf.org/competitiondocuments/pdf/7180312/AT-60-M-h--3--.RS1.pdf,https://media.aws.iaaf.org/competitiondocuments/pdf/7180312/AT-60-M-h--3--.RS1.pdf,data/raw/wa/pdf/7180312/AT-60-M-h--3--.RS1.pdf
2026-09-29T09:43:52Z,200,79985,6822f3cad6c3624026af7983b792d37a0c32feaa24d70c62bda76b87869ead92,https://worldathletics.org/competitions/world-athletics-championships/15th-iaaf-world-championships-7078726/results/men/110-metres-hurdles/final/result,https://worldathletics.org/competitions/world-athletics-championships/15th-iaaf-world-championships-7078726/results/men/110-metres-hurdles/final/result,data/raw/wa/pages/WCH2015/men-110-metres-hurdles-final.html.gz
2026-09-29T09:43:52Z,200,118308,2798915ef1c57a4259eacc96b67b58a69466ce3259c85c702438d0b5379ef985,https://media.aws.iaaf.org/competitiondocuments/pdf/7180312/AT-60-M-h--4--.RS1.pdf,https://media.aws.iaaf.org/competitiondocuments/pdf/7180312/AT-60-M-h--4--.RS1.pdf,data/raw/wa/pdf/7180312/AT-60-M-h--4--.RS1.pdf
2026-09-29T09:43:54Z,200,207360,0025d1f6afc4699bbbec6e4fc690e9b0c07ced034a6cea0cd29aed8515fc4eea,https://worldathletics.org/competitions/world-athletics-championships/15th-iaaf-world-championships-7078726/results/men/110-metres-hurdles/round-1/result,https://worldathletics.org/competitions/world-athletics-championships/15th-iaaf-world-championships-7078726/results/men/110-metres-hurdles/round-1/result,data/raw/wa/pages/WCH2015/men-110-metres-hurdles-round-1.html.gz
2026-09-29T09:43:54Z,200,146568,41251db26fa012578e33a503d73a1d66381e93ba77f191084d9338e49c214ffa,https://media.aws.iaaf.org/competitiondocuments/pdf/7180312/AT-60-M-h--5--.RS1.pdf,https://media.aws.iaaf.org/competitiondocuments/pdf/7180312/AT-60-M-h--5--.RS1.pdf,data/raw/wa/pdf/7180312/AT-60-M-h--5--.RS1.pdf
2026-09-29T09:43:57Z,200,150513,657d39e26d1d70209dbf6e55f1a26a1df29e747b04788cf2fe8b0577090b8f11,https://worldathletics.org/competitions/world-athletics-championships/15th-iaaf-world-championships-7078726/results/men/110-metres-hurdles/semi-finals/result,https://worldathletics.org/competitions/world-athletics-championships/15th-iaaf-world-championships-7078726/results/men/110-metres-hurdles/semi-finals/result,data/raw/wa/pages/WCH2015/men-110-metres-hurdles-semi-finals.html.gz
2026-09-29T09:43:57Z,200,117956,3842d9b257d665acf998a43a7b88e1169b71c3cdd3e0e0fae0d092248ef1f424,https://media.aws.iaaf.org/competitiondocuments/pdf/7180312/AT-60-M-h--6--.RS1.pdf,https://media.aws.iaaf.org/competitiondocuments/pdf/7180312/AT-60-M-h--6--.RS1.pdf,data/raw/wa/pdf/7180312/AT-60-M-h--6--.RS1.pdf
2026-09-29T09:44:00Z,200,80101,17a054c99f858535b36590eb3e2b97aeb9c83d842fa4f4cd153de7cc504fa188,https://worldathletics.org/competitions/world-athletics-championships/15th-iaaf-world-championships-7078726/results/women/100-metres-hurdles/final/result,https://worldathletics.org/competitions/world-athletics-championships/15th-iaaf-world-championships-7078726/results/women/100-metres-hurdles/final/result,data/raw/wa/pages/WCH2015/women-100-metres-hurdles-final.html.gz
2026-09-29T09:44:00Z,200,117899,ca75d21ded0ef4a8978477695382455c51179c67849254e1bed408e83dd1e818,https://media.aws.iaaf.org/competitiondocuments/pdf/7180312/AT-60-M-h--7--.RS1.pdf,https://media.aws.iaaf.org/competitiondocuments/pdf/7180312/AT-60-M-h--7--.RS1.pdf,data/raw/wa/pdf/7180312/AT-60-M-h--7--.RS1.pdf
2026-09-29T09:44:02Z,200,187360,445e46eddcf336112ce4c02d839bea595fd068aafec22abe183552e18b248097,https://worldathletics.org/competitions/world-athletics-championships/15th-iaaf-world-championships-7078726/results/women/100-metres-hurdles/round-1/result,https://worldathletics.org/competitions/world-athletics-championships/15th-iaaf-world-championships-7078726/results/women/100-metres-hurdles/round-1/result,data/raw/wa/pages/WCH2015/women-100-metres-hurdles-round-1.html.gz
2026-09-29T09:44:03Z,200,152231,cbb71f80765b76330e48c0a84e0ac56172969a3039a9c9efa3bb475ed56a8859,https://media.aws.iaaf.org/competitiondocuments/pdf/7180312/AT-60-M-sf----.RS6.pdf,https://media.aws.iaaf.org/competitiondocuments/pdf/7180312/AT-60-M-sf----.RS6.pdf,data/raw/wa/pdf/7180312/AT-60-M-sf----.RS6.pdf
2026-09-29T09:44:04Z,200,145770,0fdac38e1def8d73f71d2228ef4eefb8c0fca98df759ee55197980becc6dbab7,https://worldathletics.org/competitions/world-athletics-championships/15th-iaaf-world-championships-7078726/results/women/100-metres-hurdles/semi-finals/result,https://worldathletics.org/competitions/world-athletics-championships/15th-iaaf-world-championships-7078726/results/women/100-metres-hurdles/semi-finals/result,data/raw/wa/pages/WCH2015/women-100-metres-hurdles-semi-finals.html.gz
2026-09-29T09:44:05Z,200,146672,44526f98ff908e9482f62e50ae01f6eca5919bdb06800cbe011565699e22dd0f,https://media.aws.iaaf.org/competitiondocuments/pdf/7180312/AT-60-M-sf--1--.RS1.pdf,https://media.aws.iaaf.org/competitiondocuments/pdf/7180312/AT-60-M-sf--1--.RS1.pdf,data/raw/wa/pdf/7180312/AT-60-M-sf--1--.RS1.pdf
2026-09-29T09:44:07Z,200,79598,315ad01528a93f387a6f8fb9a227b46897556af77a97d36fd01632a1b162561d,https://worldathletics.org/competitions/world-athletics-championships/15th-iaaf-world-championships-7078726/results/men/200-metres/final/result,https://worldathletics.org/competitions/world-athletics-championships/15th-iaaf-world-championships-7078726/results/men/200-metres/final/result,data/raw/wa/pages/WCH2015/men-200-metres-final.html.gz
2026-09-29T09:44:08Z,200,118227,ca02fa8b9f54abb6535f72e165aa4c62708a7ee33d737d9503003d6b92a8ff6f,https://media.aws.iaaf.org/competitiondocuments/pdf/7180312/AT-60-M-sf--2--.RS1.pdf,https://media.aws.iaaf.org/competitiondocuments/pdf/7180312/AT-60-M-sf--2--.RS1.pdf,data/raw/wa/pdf/7180312/AT-60-M-sf--2--.RS1.pdf
2026-09-29T09:44:11Z,200,117753,264f627dfddaa615135c85d9922606c02ae2e2cdc671f9fa2c961c59889f9ceb,https://media.aws.iaaf.org/competitiondocuments/pdf/7180312/AT-60-M-sf--3--.RS1.pdf,https://media.aws.iaaf.org/competitiondocuments/pdf/7180312/AT-60-M-sf--3--.RS1.pdf,data/raw/wa/pdf/7180312/AT-60-M-sf--3--.RS1.pdf
2026-09-29T09:44:11Z,200,267321,7a966f67aa8e7a0f79e4e9aca959328b6255cccc237413b037d0b22d02e019ff,https://worldathletics.org/competitions/world-athletics-championships/15th-iaaf-world-championships-7078726/results/men/200-metres/round-1/result,https://worldathletics.org/competitions/world-athletics-championships/15th-iaaf-world-championships-7078726/results/men/200-metres/round-1/result,data/raw/wa/pages/WCH2015/men-200-metres-round-1.html.gz
2026-09-29T09:44:13Z,200,145002,614bbad009e6a5c825dee6f5857a6398d6b40e86d2fe0bfd47fadaee2ce5ca11,https://worldathletics.org/competitions/world-athletics-championships/15th-iaaf-world-championships-7078726/results/men/200-metres/semi-finals/result,https://worldathletics.org/competitions/world-athletics-championships/15th-iaaf-world-championships-7078726/results/men/200-metres/semi-finals/result,data/raw/wa/pages/WCH2015/men-200-metres-semi-finals.html.gz
2026-09-29T09:44:14Z,200,118206,0eb1c3baa9ba7973a005dd73cffd6d58672928ac22899f5a7dbae1be33d6b58c,https://media.aws.iaaf.org/competitiondocuments/pdf/7180312/AT-60-W-f----.RS6.pdf,https://media.aws.iaaf.org/competitiondocuments/pdf/7180312/AT-60-W-f----.RS6.pdf,data/raw/wa/pdf/7180312/AT-60-W-f----.RS6.pdf
2026-09-29T09:44:16Z,200,80011,79d4d2e73067015ff825e3883e42bab10f9f0536e02b7f67ccfc9591b9616767,https://worldathletics.org/competitions/world-athletics-championships/15th-iaaf-world-championships-7078726/results/women/200-metres/final/result,https://worldathletics.org/competitions/world-athletics-championships/15th-iaaf-world-championships-7078726/results/women/200-metres/final/result,data/raw/wa/pages/WCH2015/women-200-metres-final.html.gz
2026-09-29T09:44:17Z,200,165116,0dda26d4b01bfc4418ff79777e2da5b7122a4fbade74f81bc36c820a92084421,https://media.aws.iaaf.org/competitiondocuments/pdf/7180312/AT-60-W-h----.RS6.pdf,https://media.aws.iaaf.org/competitiondocuments/pdf/7180312/AT-60-W-h----.RS6.pdf,data/raw/wa/pdf/7180312/AT-60-W-h----.RS6.pdf
2026-09-29T09:44:19Z,200,235647,ed2c3fd31802192b2f3b3502f6ed4fbc373ff1249536d18fe7fabaac7350b0b4,https://worldathletics.org/competitions/world-athletics-championships/15th-iaaf-world-championships-7078726/results/women/200-metres/round-1/result,https://worldathletics.org/competitions/world-athletics-championships/15th-iaaf-world-championships-7078726/results/women/200-metres/round-1/result,data/raw/wa/pages/WCH2015/women-200-metres-round-1.html.gz
2026-09-29T09:44:19Z,200,119697,5ea106462e535676fec59f8f5f14415147862962eb0303fd210477dd955cd726,https://media.aws.iaaf.org/competitiondocuments/pdf/7180312/AT-60-W-h--1--.RS1.pdf,https://media.aws.iaaf.org/competitiondocuments/pdf/7180312/AT-60-W-h--1--.RS1.pdf,data/raw/wa/pdf/7180312/AT-60-W-h--1--.RS1.pdf
2026-09-29T09:44:22Z,200,146218,b98fdd31046c7e1f493ce132641c8faf417bb02ed58118aea5213b58a5157792,https://worldathletics.org/competitions/world-athletics-championships/15th-iaaf-world-championships-7078726/results/women/200-metres/semi-finals/result,https://worldathletics.org/competitions/world-athletics-championships/15th-iaaf-world-championships-7078726/results/women/200-metres/semi-finals/result,data/raw/wa/pages/WCH2015/women-200-metres-semi-finals.html.gz
2026-09-29T09:44:22Z,200,119166,65b0a61d3d011047c47972c2b4f56345784aaff8dfe9abdc32d900dac283d4ac,https://media.aws.iaaf.org/competitiondocuments/pdf/7180312/AT-60-W-h--2--.RS1.pdf,https://media.aws.iaaf.org/competitiondocuments/pdf/7180312/AT-60-W-h--2--.RS1.pdf,data/raw/wa/pdf/7180312/AT-60-W-h--2--.RS1.pdf
2026-09-29T09:44:25Z,200,147240,3ec48b6715963beaf49df4b6c9a14a896484b42482f7e7cfdf52b50a5e0fdf88,https://media.aws.iaaf.org/competitiondocuments/pdf/7180312/AT-60-W-h--3--.RS1.pdf,https://media.aws.iaaf.org/competitiondocuments/pdf/7180312/AT-60-W-h--3--.RS1.pdf,data/raw/wa/pdf/7180312/AT-60-W-h--3--.RS1.pdf
2026-09-29T09:44:27Z,200,118736,d72e4d9ada9b3b97d0c21ce0b07ce7f6fc7a6d1615a76c00c9fb19739caae8b4,https://media.aws.iaaf.org/competitiondocuments/pdf/7180312/AT-60-W-h--4--.RS1.pdf,https://media.aws.iaaf.org/competitiondocuments/pdf/7180312/AT-60-W-h--4--.RS1.pdf,data/raw/wa/pdf/7180312/AT-60-W-h--4--.RS1.pdf
2026-09-29T09:44:30Z,200,119938,ec97e342c09f169e421cc09d79b61054e457483783cebd1038d9c0c65964a9d4,https://media.aws.iaaf.org/competitiondocuments/pdf/7180312/AT-60-W-h--5--.RS1.pdf,https://media.aws.iaaf.org/competitiondocuments/pdf/7180312/AT-60-W-h--5--.RS1.pdf,data/raw/wa/pdf/7180312/AT-60-W-h--5--.RS1.pdf
2026-09-29T09:44:33Z,200,119511,77c404040ab5c527ffefea8223a5b388680b6e79a6d04ab77cab3ee1c1c2d788,https://media.aws.iaaf.org/competitiondocuments/pdf/7180312/AT-60-W-h--6--.RS1.pdf,https://media.aws.iaaf.org/competitiondocuments/pdf/7180312/AT-60-W-h--6--.RS1.pdf,data/raw/wa/pdf/7180312/AT-60-W-h--6--.RS1.pdf
2026-09-29T09:44:36Z,200,119576,f3e4246c076744419a0c6a6985bc689021b2a26dfe36be0bb693a4a0a7fb400d,https://media.aws.iaaf.org/competitiondocuments/pdf/7180312/AT-60-W-h--7--.RS1.pdf,https://media.aws.iaaf.org/competitiondocuments/pdf/7180312/AT-60-W-h--7--.RS1.pdf,data/raw/wa/pdf/7180312/AT-60-W-h--7--.RS1.pdf
2026-09-29T09:44:38Z,200,128720,3bedebb27917ea849b7c3e552b741c8b5cf44eb059be37dfeaa2e23f0c7235d0,https://media.aws.iaaf.org/competitiondocuments/pdf/7180312/AT-60-W-sf----.RS6.pdf,https://media.aws.iaaf.org/competitiondocuments/pdf/7180312/AT-60-W-sf----.RS6.pdf,data/raw/wa/pdf/7180312/AT-60-W-sf----.RS6.pdf
2026-09-29T09:44:41Z,200,120398,4a350d8891424c9134d0c856a050b0921ec9dd46b830e510b6f1608d512f7d1d,https://media.aws.iaaf.org/competitiondocuments/pdf/7180312/AT-60-W-sf--1--.RS1.pdf,https://media.aws.iaaf.org/competitiondocuments/pdf/7180312/AT-60-W-sf--1--.RS1.pdf,data/raw/wa/pdf/7180312/AT-60-W-sf--1--.RS1.pdf
2026-09-29T09:44:44Z,200,120032,fd72a95abb599f0703f059c2a231124f027d640cb3b411813a1292d90576fdd4,https://media.aws.iaaf.org/competitiondocuments/pdf/7180312/AT-60-W-sf--2--.RS1.pdf,https://media.aws.iaaf.org/competitiondocuments/pdf/7180312/AT-60-W-sf--2--.RS1.pdf,data/raw/wa/pdf/7180312/AT-60-W-sf--2--.RS1.pdf
2026-09-29T09:44:47Z,200,119603,0e80407991f02b4245a3528aedc5e101dbdd9dcfbd05f02e52ddbc4e16c9046f,https://media.aws.iaaf.org/competitiondocuments/pdf/7180312/AT-60-W-sf--3--.RS1.pdf,https://media.aws.iaaf.org/competitiondocuments/pdf/7180312/AT-60-W-sf--3--.RS1.pdf,data/raw/wa/pdf/7180312/AT-60-W-sf--3--.RS1.pdf
2026-09-29T09:44:50Z,200,146120,fa282a0ea2736111130c9b18951823180022ce967db883187d79f1b1c6391e34,https://media.aws.iaaf.org/competitiondocuments/pdf/7180312/AT-60H-M-f----.RS6.pdf,https://media.aws.iaaf.org/competitiondocuments/pdf/7180312/AT-60H-M-f----.RS6.pdf,data/raw/wa/pdf/7180312/AT-60H-M-f----.RS6.pdf
2026-09-29T09:44:52Z,200,166276,bcb36d199f0ed3d6b301d89f7d25c5922b8c7a57186995fa16c90f9c20f7c687,https://media.aws.iaaf.org/competitiondocuments/pdf/7180312/AT-60H-M-h----.RS6.pdf,https://media.aws.iaaf.org/competitiondocuments/pdf/7180312/AT-60H-M-h----.RS6.pdf,data/raw/wa/pdf/7180312/AT-60H-M-h----.RS6.pdf
2026-09-29T09:44:55Z,200,147380,95c2f8f1f34b8ad802dba4752a34fddbd0e0677035e9d20196beb0f912229721,https://media.aws.iaaf.org/competitiondocuments/pdf/7180312/AT-60H-M-h--1--.RS1.pdf,https://media.aws.iaaf.org/competitiondocuments/pdf/7180312/AT-60H-M-h--1--.RS1.pdf,data/raw/wa/pdf/7180312/AT-60H-M-h--1--.RS1.pdf
2026-09-29T09:44:58Z,200,147060,c4b0c66facd4b8eea9cb476492722b60000746c1687468fbfe297af7a44cdd59,https://media.aws.iaaf.org/competitiondocuments/pdf/7180312/AT-60H-M-h--2--.RS1.pdf,https://media.aws.iaaf.org/competitiondocuments/pdf/7180312/AT-60H-M-h--2--.RS1.pdf,data/raw/wa/pdf/7180312/AT-60H-M-h--2--.RS1.pdf
2026-09-29T09:45:00Z,200,147691,3f11ce268f4ef3ba52ed157fcd295fd8a44c18d81c507a3f828ab6e49301ff23,https://media.aws.iaaf.org/competitiondocuments/pdf/7180312/AT-60H-M-h--3--.RS1.pdf,https://media.aws.iaaf.org/competitiondocuments/pdf/7180312/AT-60H-M-h--3--.RS1.pdf,data/raw/wa/pdf/7180312/AT-60H-M-h--3--.RS1.pdf
2026-09-29T09:45:03Z,200,148260,6f4afad5a81d4bb19eed500bccce63d14261acaeaedd2897603e3ab386e23976,https://media.aws.iaaf.org/competitiondocuments/pdf/7180312/AT-60H-M-h--4--.RS1.pdf,https://media.aws.iaaf.org/competitiondocuments/pdf/7180312/AT-60H-M-h--4--.RS1.pdf,data/raw/wa/pdf/7180312/AT-60H-M-h--4--.RS1.pdf
2026-09-29T09:45:06Z,200,146962,9d00a8abdd36715a77b4e4b26f3b310511cdf1d9f94c27a46d6e3459a2d81f09,https://media.aws.iaaf.org/competitiondocuments/pdf/7180312/AT-60H-M-h--5--.RS1.pdf,https://media.aws.iaaf.org/competitiondocuments/pdf/7180312/AT-60H-M-h--5--.RS1.pdf,data/raw/wa/pdf/7180312/AT-60H-M-h--5--.RS1.pdf
2026-09-29T09:45:09Z,200,150537,144fd4d5d26e8812e94ae9a72c67e3704916da82e32a4a2ea268960b7fa1fa75,https://media.aws.iaaf.org/competitiondocuments/pdf/7180312/AT-60H-M-h--6--.RS1.pdf,https://media.aws.iaaf.org/competitiondocuments/pdf/7180312/AT-60H-M-h--6--.RS1.pdf,data/raw/wa/pdf/7180312/AT-60H-M-h--6--.RS1.pdf
2026-09-29T09:45:12Z,200,156391,eb9b95e8fe19687cb1061c3f73e5ad36fd2fb1ec75e19456ece814852c61ad16,https://media.aws.iaaf.org/competitiondocuments/pdf/7180312/AT-60H-M-sf----.RS6.pdf,https://media.aws.iaaf.org/competitiondocuments/pdf/7180312/AT-60H-M-sf----.RS6.pdf,data/raw/wa/pdf/7180312/AT-60H-M-sf----.RS6.pdf
2026-09-29T09:45:14Z,200,147907,994903d3418227b9a8c9b2f9d8edddcadd0dd5e348a61ed8abc12a1d1db5d1f5,https://media.aws.iaaf.org/competitiondocuments/pdf/7180312/AT-60H-M-sf--1--.RS1.pdf,https://media.aws.iaaf.org/competitiondocuments/pdf/7180312/AT-60H-M-sf--1--.RS1.pdf,data/raw/wa/pdf/7180312/AT-60H-M-sf--1--.RS1.pdf
2026-09-29T09:45:17Z,200,147545,5312f88a21da29192f54b257dd4988cdc0e38452409deba22b25a03764745ebf,https://media.aws.iaaf.org/competitiondocuments/pdf/7180312/AT-60H-M-sf--2--.RS1.pdf,https://media.aws.iaaf.org/competitiondocuments/pdf/7180312/AT-60H-M-sf--2--.RS1.pdf,data/raw/wa/pdf/7180312/AT-60H-M-sf--2--.RS1.pdf
2026-09-29T09:45:19Z,200,147402,8b49f68c025c222504110fbea75746897dddcbc489fe42c8578b6e6d5caca4b9,https://media.aws.iaaf.org/competitiondocuments/pdf/7180312/AT-60H-M-sf--3--.RS1.pdf,https://media.aws.iaaf.org/competitiondocuments/pdf/7180312/AT-60H-M-sf--3--.RS1.pdf,data/raw/wa/pdf/7180312/AT-60H-M-sf--3--.RS1.pdf
2026-09-29T09:45:22Z,200,118046,10b523f991f69265efa4e43e78832c618d7341055c401d923b4a714c7bc91572,https://media.aws.iaaf.org/competitiondocuments/pdf/7180312/AT-60H-W-f----.RS6.pdf,https://media.aws.iaaf.org/competitiondocuments/pdf/7180312/AT-60H-W-f----.RS6.pdf,data/raw/wa/pdf/7180312/AT-60H-W-f----.RS6.pdf
2026-09-29T09:45:25Z,200,164451,f907e9371c7db3c81fca9cd7a3ddcbdbbf524935f7ed542cb13183b84778f5e5,https://media.aws.iaaf.org/competitiondocuments/pdf/7180312/AT-60H-W-h----.RS6.pdf,https://media.aws.iaaf.org/competitiondocuments/pdf/7180312/AT-60H-W-h----.RS6.pdf,data/raw/wa/pdf/7180312/AT-60H-W-h----.RS6.pdf
2026-09-29T09:45:27Z,200,147361,248d495c2f3aa2b52820bfc264ad4e7fcfa80620f3e42253b1f54b83b032cf38,https://media.aws.iaaf.org/competitiondocuments/pdf/7180312/AT-60H-W-h--1--.RS1.pdf,https://media.aws.iaaf.org/competitiondocuments/pdf/7180312/AT-60H-W-h--1--.RS1.pdf,data/raw/wa/pdf/7180312/AT-60H-W-h--1--.RS1.pdf
2026-09-29T09:45:30Z,200,118516,95be277457081dd8a23624d0e7fbf428bf6ad0d93aac18766d67add6fba3d235,https://media.aws.iaaf.org/competitiondocuments/pdf/7180312/AT-60H-W-h--2--.RS1.pdf,https://media.aws.iaaf.org/competitiondocuments/pdf/7180312/AT-60H-W-h--2--.RS1.pdf,data/raw/wa/pdf/7180312/AT-60H-W-h--2--.RS1.pdf
2026-09-29T09:45:33Z,200,118950,a0c00abeaa6f53267067aafc07616476dc606ea6d41afe32848ab0fa324865b4,https://media.aws.iaaf.org/competitiondocuments/pdf/7180312/AT-60H-W-h--3--.RS1.pdf,https://media.aws.iaaf.org/competitiondocuments/pdf/7180312/AT-60H-W-h--3--.RS1.pdf,data/raw/wa/pdf/7180312/AT-60H-W-h--3--.RS1.pdf
2026-09-29T09:45:35Z,200,118134,e92f80473595ac7abfeff6e292270fbd664e1ecedfd78dd72ffb3c1ba4d221a2,https://media.aws.iaaf.org/competitiondocuments/pdf/7180312/AT-60H-W-h--4--.RS1.pdf,https://media.aws.iaaf.org/competitiondocuments/pdf/7180312/AT-60H-W-h--4--.RS1.pdf,data/raw/wa/pdf/7180312/AT-60H-W-h--4--.RS1.pdf
2026-09-29T09:45:38Z,200,118191,1303065cdf7664fda5830755a7154a80b229046b18b593904ca8a2aa6b9ea48f,https://media.aws.iaaf.org/competitiondocuments/pdf/7180312/AT-60H-W-h--5--.RS1.pdf,https://media.aws.iaaf.org/competitiondocuments/pdf/7180312/AT-60H-W-h--5--.RS1.pdf,data/raw/wa/pdf/7180312/AT-60H-W-h--5--.RS1.pdf
2026-09-29T09:45:41Z,200,120778,ad7787ad82ba64d08a4caf6fa047702a0ac408355c424ded4129a38f884caa01,https://media.aws.iaaf.org/competitiondocuments/pdf/7180312/AT-60H-W-h--6--.RS1.pdf,https://media.aws.iaaf.org/competitiondocuments/pdf/7180312/AT-60H-W-h--6--.RS1.pdf,data/raw/wa/pdf/7180312/AT-60H-W-h--6--.RS1.pdf
2026-09-29T09:45:43Z,200,158381,f7bd6fb2c5b352be83abc7de628cfd2aaf29871997b58473a58e3a316c5baf6c,https://media.aws.iaaf.org/competitiondocuments/pdf/7180312/AT-60H-W-sf----.RS6.pdf,https://media.aws.iaaf.org/competitiondocuments/pdf/7180312/AT-60H-W-sf----.RS6.pdf,data/raw/wa/pdf/7180312/AT-60H-W-sf----.RS6.pdf
2026-09-29T09:45:46Z,200,121036,edf0999305eaf272425d842fe8045eb3b9c4f24c42bd5f5392c049ef1cae0846,https://media.aws.iaaf.org/competitiondocuments/pdf/7180312/AT-60H-W-sf--1--.RS1.pdf,https://media.aws.iaaf.org/competitiondocuments/pdf/7180312/AT-60H-W-sf--1--.RS1.pdf,data/raw/wa/pdf/7180312/AT-60H-W-sf--1--.RS1.pdf
2026-09-29T09:45:49Z,200,147999,bfb9c8cdeaa7a0254ae9b6660d460748985d02a8f16da78e1eb5b1baec61751b,https://media.aws.iaaf.org/competitiondocuments/pdf/7180312/AT-60H-W-sf--2--.RS1.pdf,https://media.aws.iaaf.org/competitiondocuments/pdf/7180312/AT-60H-W-sf--2--.RS1.pdf,data/raw/wa/pdf/7180312/AT-60H-W-sf--2--.RS1.pdf
2026-09-29T09:45:52Z,200,119249,58de95a07a3eaf8d2cf11994c6416c16300492a2fb7bb4848b62fea73eebd2d1,https://media.aws.iaaf.org/competitiondocuments/pdf/7180312/AT-60H-W-sf--3--.RS1.pdf,https://media.aws.iaaf.org/competitiondocuments/pdf/7180312/AT-60H-W-sf--3--.RS1.pdf,data/raw/wa/pdf/7180312/AT-60H-W-sf--3--.RS1.pdf
2026-09-29T09:46:27Z,200,205011,f118cd2fee1e3b0fecf1d97ab1ddfb5d9edb95f1bc3d23220489c8a76e3eb8fa,https://media.aws.iaaf.org/competitiondocuments/pdf/4875/AT-100-M-f----.RS6.pdf,https://media.aws.iaaf.org/competitiondocuments/pdf/4875/AT-100-M-f----.RS6.pdf,data/raw/wa/pdf/4875/AT-100-M-f----.RS6.pdf
2026-09-29T09:46:29Z,200,270546,e578c6dcffe791c40ba1cddd7c28d0a5f720a383e424cde1ad60a14f933c1a47,https://media.aws.iaaf.org/competitiondocuments/pdf/4875/AT-100-M-h----.RS6.pdf,https://media.aws.iaaf.org/competitiondocuments/pdf/4875/AT-100-M-h----.RS6.pdf,data/raw/wa/pdf/4875/AT-100-M-h----.RS6.pdf
2026-09-29T09:46:32Z,200,235581,cb1ea2546e1996c5e8138221e64936d4132b86b570f238b243693db88d09454e,https://media.aws.iaaf.org/competitiondocuments/pdf/4875/AT-100-M-pr----.RS6.pdf,https://media.aws.iaaf.org/competitiondocuments/pdf/4875/AT-100-M-pr----.RS6.pdf,data/raw/wa/pdf/4875/AT-100-M-pr----.RS6.pdf
2026-09-29T09:46:38Z,200,232146,78d58fdf6baa8363bc6d66adec90dc64cd8c5d1dc5f6c293600111e589ada377,https://media.aws.iaaf.org/competitiondocuments/pdf/4875/AT-100-M-sf----.RS6.pdf,https://media.aws.iaaf.org/competitiondocuments/pdf/4875/AT-100-M-sf----.RS6.pdf,data/raw/wa/pdf/4875/AT-100-M-sf----.RS6.pdf
2026-09-29T09:46:39Z,200,205954,17dfb2ee2a608f9631d4df6be3c7cf650154143428a9f026f7a3dc4b8b9a6cb7,https://media.aws.iaaf.org/competitiondocuments/pdf/4875/AT-100-W-f----.RS6.pdf,https://media.aws.iaaf.org/competitiondocuments/pdf/4875/AT-100-W-f----.RS6.pdf,data/raw/wa/pdf/4875/AT-100-W-f----.RS6.pdf
2026-09-29T09:46:42Z,200,273481,1832e3078fa6a2d33116532e23926d10e55699804cd7f157a48a536810fc26fb,https://media.aws.iaaf.org/competitiondocuments/pdf/4875/AT-100-W-h----.RS6.pdf,https://media.aws.iaaf.org/competitiondocuments/pdf/4875/AT-100-W-h----.RS6.pdf,data/raw/wa/pdf/4875/AT-100-W-h----.RS6.pdf
2026-09-29T09:46:45Z,200,235243,4fc383822926c3e5e823698924b73a3522eb95668cc582bb5a8468517de32f2e,https://media.aws.iaaf.org/competitiondocuments/pdf/4875/AT-100-W-sf----.RS6.pdf,https://media.aws.iaaf.org/competitiondocuments/pdf/4875/AT-100-W-sf----.RS6.pdf,data/raw/wa/pdf/4875/AT-100-W-sf----.RS6.pdf
2026-09-29T09:46:48Z,200,205171,34e25a1717cc06fd1c52ec020a1271b1c49cface564e707aa6ef1a4e9034f86c,https://media.aws.iaaf.org/competitiondocuments/pdf/4875/AT-100H-W-f----.RS6.pdf,https://media.aws.iaaf.org/competitiondocuments/pdf/4875/AT-100H-W-f----.RS6.pdf,data/raw/wa/pdf/4875/AT-100H-W-f----.RS6.pdf
2026-09-29T09:46:51Z,200,249796,79fa86c95bd432ac6a6232263096ef523f51e25d9b5142b3d47e65c8c4a95b45,https://media.aws.iaaf.org/competitiondocuments/pdf/4875/AT-100H-W-h----.RS6.pdf,https://media.aws.iaaf.org/competitiondocuments/pdf/4875/AT-100H-W-h----.RS6.pdf,data/raw/wa/pdf/4875/AT-100H-W-h----.RS6.pdf
2026-09-29T09:46:53Z,200,233095,1fd5ca45156ffdbf4a4a6a525b36ea445a2441b029a6c33ea112ceb70cd03cae,https://media.aws.iaaf.org/competitiondocuments/pdf/4875/AT-100H-W-sf----.RS6.pdf,https://media.aws.iaaf.org/competitiondocuments/pdf/4875/AT-100H-W-sf----.RS6.pdf,data/raw/wa/pdf/4875/AT-100H-W-sf----.RS6.pdf
2026-09-29T09:46:57Z,200,204433,17046a0de1667fde00370fdf1350da21dea9a43fccafa049381cf8b9f21fcc75,https://media.aws.iaaf.org/competitiondocuments/pdf/4875/AT-110H-M-f----.RS6.pdf,https://media.aws.iaaf.org/competitiondocuments/pdf/4875/AT-110H-M-f----.RS6.pdf,data/raw/wa/pdf/4875/AT-110H-M-f----.RS6.pdf
2026-09-29T09:46:59Z,200,253849,e99ad25a6224ef511db4dbcdcd7027aaa4d86ccbab7b67e9fa6a0e72d9afba9f,https://media.aws.iaaf.org/competitiondocuments/pdf/4875/AT-110H-M-h----.RS6.pdf,https://media.aws.iaaf.org/competitiondocuments/pdf/4875/AT-110H-M-h----.RS6.pdf,data/raw/wa/pdf/4875/AT-110H-M-h----.RS6.pdf
2026-09-29T09:47:02Z,200,232211,bcba5f1f76b73a822ffd5566e7f4f1881a4c1688545e83eee3653cf73c5df1cf,https://media.aws.iaaf.org/competitiondocuments/pdf/4875/AT-110H-M-sf----.RS6.pdf,https://media.aws.iaaf.org/competitiondocuments/pdf/4875/AT-110H-M-sf----.RS6.pdf,data/raw/wa/pdf/4875/AT-110H-M-sf----.RS6.pdf
2026-09-29T09:47:05Z,200,203613,e642a2aa7eaab35d0cc23cc609b26002f4c9ae65f7e349aea9fbd23536c3663a,https://media.aws.iaaf.org/competitiondocuments/pdf/4875/AT-200-M-f----.RS6.pdf,https://media.aws.iaaf.org/competitiondocuments/pdf/4875/AT-200-M-f----.RS6.pdf,data/raw/wa/pdf/4875/AT-200-M-f----.RS6.pdf
2026-09-29T09:47:08Z,200,274696,1618a7ec714cc43bc9125b886b23c69b946189fba2ecb7dda167677bdcc4d933,https://media.aws.iaaf.org/competitiondocuments/pdf/4875/AT-200-M-h----.RS6.pdf,https://media.aws.iaaf.org/competitiondocuments/pdf/4875/AT-200-M-h----.RS6.pdf,data/raw/wa/pdf/4875/AT-200-M-h----.RS6.pdf
2026-09-29T09:47:11Z,200,232788,384897e2f3d0530dc39143e987ac13f5a0fa1808d692c698e035abd56a6cbf24,https://media.aws.iaaf.org/competitiondocuments/pdf/4875/AT-200-M-sf----.RS6.pdf,https://media.aws.iaaf.org/competitiondocuments/pdf/4875/AT-200-M-sf----.RS6.pdf,data/raw/wa/pdf/4875/AT-200-M-sf----.RS6.pdf
2026-09-29T09:47:14Z,200,205302,b2c3665313be774e7f2532b5885b3d4c1694d530cc8fea1ad1cd9b49b94c2d2e,https://media.aws.iaaf.org/competitiondocuments/pdf/4875/AT-200-W-f----.RS6.pdf,https://media.aws.iaaf.org/competitiondocuments/pdf/4875/AT-200-W-f----.RS6.pdf,data/raw/wa/pdf/4875/AT-200-W-f----.RS6.pdf
2026-09-29T09:47:16Z,200,268716,c128c79470589c5e358b6f37e9d6bdffe7ffb713296760cc2eb08a0d16d2364e,https://media.aws.iaaf.org/competitiondocuments/pdf/4875/AT-200-W-h----.RS6.pdf,https://media.aws.iaaf.org/competitiondocuments/pdf/4875/AT-200-W-h----.RS6.pdf,data/raw/wa/pdf/4875/AT-200-W-h----.RS6.pdf
2026-09-29T09:47:19Z,200,235663,4136cae05eba9e0ce57f477fee24a80f7d58b0f0a1535de6eb1c818ad20b30e8,https://media.aws.iaaf.org/competitiondocuments/pdf/4875/AT-200-W-sf----.RS6.pdf,https://media.aws.iaaf.org/competitiondocuments/pdf/4875/AT-200-W-sf----.RS6.pdf,data/raw/wa/pdf/4875/AT-200-W-sf----.RS6.pdf
2026-09-29T09:47:22Z,200,125973,dd175a6b7978468bfd1d9fb0a1ae5a09dcb9b81d7130405870741d95545f91a2,https://media.aws.iaaf.org/competitiondocuments/pdf/5151/AT-100-M-f----.RS6.pdf,https://media.aws.iaaf.org/competitiondocuments/pdf/5151/AT-100-M-f----.RS6.pdf,data/raw/wa/pdf/5151/AT-100-M-f----.RS6.pdf
2026-09-29T09:47:25Z,200,142324,6215137a987240acee1dbad8d5257408591a8e835e53f6b98db3bba38b8bd8f6,https://media.aws.iaaf.org/competitiondocuments/pdf/5151/AT-100-M-h----.RS6.pdf,https://media.aws.iaaf.org/competitiondocuments/pdf/5151/AT-100-M-h----.RS6.pdf,data/raw/wa/pdf/5151/AT-100-M-h----.RS6.pdf
2026-09-29T09:47:28Z,200,137748,3c1f9acab9e932d8d929a70184c2897cca599fb4aac955f52670c3d551c0098e,https://media.aws.iaaf.org/competitiondocuments/pdf/5151/AT-100-M-pr----.RS6.pdf,https://media.aws.iaaf.org/competitiondocuments/pdf/5151/AT-100-M-pr----.RS6.pdf,data/raw/wa/pdf/5151/AT-100-M-pr----.RS6.pdf
2026-09-29T09:47:30Z,200,135079,bc28d9600303fdc8cc497adca50ebd636de3482e123bb0b9fb97c230f9d3538f,https://media.aws.iaaf.org/competitiondocuments/pdf/5151/AT-100-M-sf----.RS6.pdf,https://media.aws.iaaf.org/competitiondocuments/pdf/5151/AT-100-M-sf----.RS6.pdf,data/raw/wa/pdf/5151/AT-100-M-sf----.RS6.pdf
2026-09-29T09:47:33Z,200,127314,86806b94a378809c51025485f1da08b8aff799de7610afc0d2d733d30d01c650,https://media.aws.iaaf.org/competitiondocuments/pdf/5151/AT-100-W-f----.RS6.pdf,https://media.aws.iaaf.org/competitiondocuments/pdf/5151/AT-100-W-f----.RS6.pdf,data/raw/wa/pdf/5151/AT-100-W-f----.RS6.pdf
2026-09-29T09:47:36Z,200,143539,ca18f05f04c21c35b9e8959dff672894dcda984a498e5827a0de96fe337740ce,https://media.aws.iaaf.org/competitiondocuments/pdf/5151/AT-100-W-h----.RS6.pdf,https://media.aws.iaaf.org/competitiondocuments/pdf/5151/AT-100-W-h----.RS6.pdf,data/raw/wa/pdf/5151/AT-100-W-h----.RS6.pdf
2026-09-29T09:47:42Z,200,132286,7e8df9043a5120c2162c718079ca9fc7e0b7333c8e0ddeb29ede1f91f9c286df,https://media.aws.iaaf.org/competitiondocuments/pdf/5151/AT-100-W-sf----.RS6.pdf,https://media.aws.iaaf.org/competitiondocuments/pdf/5151/AT-100-W-sf----.RS6.pdf,data/raw/wa/pdf/5151/AT-100-W-sf----.RS6.pdf
2026-09-29T09:47:43Z,200,127202,c79792dc8dc2079525313f470bd867242b20c87687f274aa219e7eb833cc1a30,https://media.aws.iaaf.org/competitiondocuments/pdf/5151/AT-100H-W-f----.RS6.pdf,https://media.aws.iaaf.org/competitiondocuments/pdf/5151/AT-100H-W-f----.RS6.pdf,data/raw/wa/pdf/5151/AT-100H-W-f----.RS6.pdf
2026-09-29T09:47:46Z,200,140790,eeb9835ab9bb26192e746b8381541efee5f3869c81f2d14b19dbe31005284852,https://media.aws.iaaf.org/competitiondocuments/pdf/5151/AT-100H-W-h----.RS6.pdf,https://media.aws.iaaf.org/competitiondocuments/pdf/5151/AT-100H-W-h----.RS6.pdf,data/raw/wa/pdf/5151/AT-100H-W-h----.RS6.pdf
2026-09-29T09:47:48Z,200,131742,0fae375444abe5d1f44d74f1cb3b0275314a331e8fcaace0f78f681229aaac20,https://media.aws.iaaf.org/competitiondocuments/pdf/5151/AT-100H-W-sf----.RS6.pdf,https://media.aws.iaaf.org/competitiondocuments/pdf/5151/AT-100H-W-sf----.RS6.pdf,data/raw/wa/pdf/5151/AT-100H-W-sf----.RS6.pdf
2026-09-29T09:47:51Z,200,127545,2e5b6491ab46c1e6b3307cd88d4ea31906ca350e8a69eaa0303a42e09d75b47f,https://media.aws.iaaf.org/competitiondocuments/pdf/5151/AT-110H-M-f----.RS6.pdf,https://media.aws.iaaf.org/competitiondocuments/pdf/5151/AT-110H-M-f----.RS6.pdf,data/raw/wa/pdf/5151/AT-110H-M-f----.RS6.pdf
2026-09-29T09:47:54Z,200,141899,e819d69125550ae6920244d92d60e49b923c3085552f092ff91529ab6af1dfc6,https://media.aws.iaaf.org/competitiondocuments/pdf/5151/AT-110H-M-h----.RS6.pdf,https://media.aws.iaaf.org/competitiondocuments/pdf/5151/AT-110H-M-h----.RS6.pdf,data/raw/wa/pdf/5151/AT-110H-M-h----.RS6.pdf
2026-09-29T09:47:57Z,200,132777,caadbf71e83a826835acfaa31c6f06dfdb5656cbe9cde4f7f1e939117fa248fc,https://media.aws.iaaf.org/competitiondocuments/pdf/5151/AT-110H-M-sf----.RS6.pdf,https://media.aws.iaaf.org/competitiondocuments/pdf/5151/AT-110H-M-sf----.RS6.pdf,data/raw/wa/pdf/5151/AT-110H-M-sf----.RS6.pdf
2026-09-29T09:48:00Z,200,126478,dec8c26a284508f7d09c02b52a151fa956df5d9d378b4da062caf03617c1452d,https://media.aws.iaaf.org/competitiondocuments/pdf/5151/AT-200-M-f----.RS6.pdf,https://media.aws.iaaf.org/competitiondocuments/pdf/5151/AT-200-M-f----.RS6.pdf,data/raw/wa/pdf/5151/AT-200-M-f----.RS6.pdf
2026-09-29T09:48:02Z,200,144680,59c0b0f4cb3d4cca84de056760b0ffb5fb95824d450201c73fb259e528d9d848,https://media.aws.iaaf.org/competitiondocuments/pdf/5151/AT-200-M-h----.RS6.pdf,https://media.aws.iaaf.org/competitiondocuments/pdf/5151/AT-200-M-h----.RS6.pdf,data/raw/wa/pdf/5151/AT-200-M-h----.RS6.pdf
2026-09-29T09:48:05Z,200,135280,a8a88da5c6addd750093d99db4cb8b1fb49619f9f61c10e8fa4020b09038a989,https://media.aws.iaaf.org/competitiondocuments/pdf/5151/AT-200-M-sf----.RS6.pdf,https://media.aws.iaaf.org/competitiondocuments/pdf/5151/AT-200-M-sf----.RS6.pdf,data/raw/wa/pdf/5151/AT-200-M-sf----.RS6.pdf
2026-09-29T09:48:08Z,200,127382,71517478c4558d402b0f195605740448f2db6e8bc464613c441b6edd83eaebd8,https://media.aws.iaaf.org/competitiondocuments/pdf/5151/AT-200-W-f----.RS6.pdf,https://media.aws.iaaf.org/competitiondocuments/pdf/5151/AT-200-W-f----.RS6.pdf,data/raw/wa/pdf/5151/AT-200-W-f----.RS6.pdf
2026-09-29T09:48:11Z,200,142662,f5255da07d76bc774f8ef9b01bf9565e42bc39111cc78800d4efed0ba11d6648,https://media.aws.iaaf.org/competitiondocuments/pdf/5151/AT-200-W-h----.RS6.pdf,https://media.aws.iaaf.org/competitiondocuments/pdf/5151/AT-200-W-h----.RS6.pdf,data/raw/wa/pdf/5151/AT-200-W-h----.RS6.pdf
2026-09-29T09:48:14Z,200,131907,e1cc5372b9a2e4e1e9648dc38a390558a2fe8d1ab32a15f6c5660c9be4d9891d,https://media.aws.iaaf.org/competitiondocuments/pdf/5151/AT-200-W-sf----.RS6.pdf,https://media.aws.iaaf.org/competitiondocuments/pdf/5151/AT-200-W-sf----.RS6.pdf,data/raw/wa/pdf/5151/AT-200-W-sf----.RS6.pdf
